animal,pair,epoch,area,unit,contrib
28,CA1-CA3,naive,CA1,0,0.682082
28,CA1-CA3,naive,CA1,1,0.466489
28,CA1-CA3,naive,CA1,2,0.571313
28,CA1-CA3,naive,CA1,3,1.003987
28,CA1-CA3,naive,CA1,4,0.501634
28,CA1-CA3,naive,CA1,5,0.771909
28,CA1-CA3,naive,CA1,6,0.942536
28,CA1-CA3,naive,CA1,7,0.858381
28,CA1-CA3,naive,CA1,8,0.696805
28,CA1-CA3,naive,CA1,9,0.014258
28,CA1-CA3,naive,CA1,10,0.871256
28,CA1-CA3,naive,CA1,11,0.57727
28,CA1-CA3,naive,CA1,12,0.406919
28,CA1-CA3,naive,CA1,13,0.001168
28,CA1-CA3,naive,CA1,14,0.484754
28,CA1-CA3,naive,CA1,15,0.545166
28,CA1-CA3,naive,CA1,16,0.763676
28,CA1-CA3,naive,CA1,17,0.693477
28,CA1-CA3,naive,CA1,18,0.520029
28,CA1-CA3,naive,CA1,19,0.016352
28,CA1-CA3,naive,CA1,20,0.55441
28,CA1-CA3,naive,CA1,21,0.004452
28,CA1-CA3,naive,CA1,22,0.759728
28,CA1-CA3,naive,CA1,23,0.364919
28,CA1-CA3,naive,CA3,0,1.030019
28,CA1-CA3,naive,CA3,1,2.44507
28,CA1-CA3,naive,CA3,2,1.844668
28,CA1-CA3,naive,CA3,3,0.0
28,CA1-CA3,naive,CA3,4,0.812161
28,CA1-CA3,naive,CA3,5,1.834215
28,CA1-CA3,naive,CA3,6,0.0
28,CA1-CA3,naive,CA3,7,7.331578
28,CA1-CA3,naive,CA3,8,9.197588
28,CA1-CA3,naive,CA3,9,1.532983
28,CA1-CA3,naive,CA3,10,13.895227
28,CA1-CA3,naive,CA3,11,14.918788
28,CA1-CA3,intermediate,CA1,0,0.814325
28,CA1-CA3,intermediate,CA1,1,0.899532
28,CA1-CA3,intermediate,CA1,2,0.020569
28,CA1-CA3,intermediate,CA1,3,0.773927
28,CA1-CA3,intermediate,CA1,4,0.948426
28,CA1-CA3,intermediate,CA1,5,0.500446
28,CA1-CA3,intermediate,CA1,6,0.793124
28,CA1-CA3,intermediate,CA1,7,0.977324
28,CA1-CA3,intermediate,CA1,8,0.884176
28,CA1-CA3,intermediate,CA1,9,0.501586
28,CA1-CA3,intermediate,CA1,10,0.760397
28,CA1-CA3,intermediate,CA1,11,0.852024
28,CA1-CA3,intermediate,CA1,12,0.561563
28,CA1-CA3,intermediate,CA1,13,0.041601
28,CA1-CA3,intermediate,CA1,14,0.547572
28,CA1-CA3,intermediate,CA1,15,0.720854
28,CA1-CA3,intermediate,CA1,16,0.567375
28,CA1-CA3,intermediate,CA1,17,0.734473
28,CA1-CA3,intermediate,CA1,18,1.18235
28,CA1-CA3,intermediate,CA1,19,0.535071
28,CA1-CA3,intermediate,CA1,20,0.76581
28,CA1-CA3,intermediate,CA1,21,0.021592
28,CA1-CA3,intermediate,CA1,22,0.816692
28,CA1-CA3,intermediate,CA1,23,0.678022
28,CA1-CA3,intermediate,CA3,0,1.045308
28,CA1-CA3,intermediate,CA3,1,1.108003
28,CA1-CA3,intermediate,CA3,2,0.98383
28,CA1-CA3,intermediate,CA3,3,365236360.704492
28,CA1-CA3,intermediate,CA3,4,1.190561
28,CA1-CA3,intermediate,CA3,5,1.1001
28,CA1-CA3,intermediate,CA3,6,504102408.539535
28,CA1-CA3,intermediate,CA3,7,2.787324
28,CA1-CA3,intermediate,CA3,8,2.132952
28,CA1-CA3,intermediate,CA3,9,0.991822
28,CA1-CA3,intermediate,CA3,10,4.090264
28,CA1-CA3,intermediate,CA3,11,20.088195
28,CA1-CA3,expert,CA1,0,1.011135
28,CA1-CA3,expert,CA1,1,0.885259
28,CA1-CA3,expert,CA1,2,0.708415
28,CA1-CA3,expert,CA1,3,0.689416
28,CA1-CA3,expert,CA1,4,0.05771
28,CA1-CA3,expert,CA1,5,1.050076
28,CA1-CA3,expert,CA1,6,0.707971
28,CA1-CA3,expert,CA1,7,0.949703
28,CA1-CA3,expert,CA1,8,0.598255
28,CA1-CA3,expert,CA1,9,0.783861
28,CA1-CA3,expert,CA1,10,0.690392
28,CA1-CA3,expert,CA1,11,0.941748
28,CA1-CA3,expert,CA1,12,0.613093
28,CA1-CA3,expert,CA1,13,0.018515
28,CA1-CA3,expert,CA1,14,0.559355
28,CA1-CA3,expert,CA1,15,0.717664
28,CA1-CA3,expert,CA1,16,0.757745
28,CA1-CA3,expert,CA1,17,0.880327
28,CA1-CA3,expert,CA1,18,0.016323
28,CA1-CA3,expert,CA1,19,0.595635
28,CA1-CA3,expert,CA1,20,0.021027
28,CA1-CA3,expert,CA1,21,1.240246
28,CA1-CA3,expert,CA1,22,0.805908
28,CA1-CA3,expert,CA1,23,0.692969
28,CA1-CA3,expert,CA3,0,0.932404
28,CA1-CA3,expert,CA3,1,0.919951
28,CA1-CA3,expert,CA3,2,0.977045
28,CA1-CA3,expert,CA3,3,0.987071
28,CA1-CA3,expert,CA3,4,0.777795
28,CA1-CA3,expert,CA3,5,1.345577
28,CA1-CA3,expert,CA3,6,1.646167
28,CA1-CA3,expert,CA3,7,0.928024
28,CA1-CA3,expert,CA3,8,1.369494
28,CA1-CA3,expert,CA3,9,0.964494
28,CA1-CA3,expert,CA3,10,0.813291
28,CA1-CA3,expert,CA3,11,1.434673
28,CA1-DG,naive,CA1,0,0.67567
28,CA1-DG,naive,CA1,1,0.483107
28,CA1-DG,naive,CA1,2,0.936433
28,CA1-DG,naive,CA1,3,0.852399
28,CA1-DG,naive,CA1,4,0.569046
28,CA1-DG,naive,CA1,5,0.60199
28,CA1-DG,naive,CA1,6,0.823624
28,CA1-DG,naive,CA1,7,0.714109
28,CA1-DG,naive,CA1,8,1.011324
28,CA1-DG,naive,CA1,9,0.025794
28,CA1-DG,naive,CA1,10,0.935542
28,CA1-DG,naive,CA1,11,0.942426
28,CA1-DG,naive,CA1,12,0.523092
28,CA1-DG,naive,CA1,13,0.001145
28,CA1-DG,naive,CA1,14,0.551251
28,CA1-DG,naive,CA1,15,0.733664
28,CA1-DG,naive,CA1,16,1.13168
28,CA1-DG,naive,CA1,17,0.634835
28,CA1-DG,naive,CA1,18,0.58365
28,CA1-DG,naive,CA1,19,0.016462
28,CA1-DG,naive,CA1,20,0.604099
28,CA1-DG,naive,CA1,21,0.006905
28,CA1-DG,naive,CA1,22,0.682692
28,CA1-DG,naive,CA1,23,0.590348
28,CA1-DG,naive,DG,0,1.615073
28,CA1-DG,naive,DG,1,1.089947
28,CA1-DG,naive,DG,2,1.299504
28,CA1-DG,naive,DG,3,1.054369
28,CA1-DG,naive,DG,4,0.955449
28,CA1-DG,naive,DG,5,0.942157
28,CA1-DG,naive,DG,6,1.104127
28,CA1-DG,naive,DG,7,1.140096
28,CA1-DG,naive,DG,8,0.937196
28,CA1-DG,naive,DG,9,1.280927
28,CA1-DG,naive,DG,10,0.981058
28,CA1-DG,naive,DG,11,0.62938
28,CA1-DG,naive,DG,12,0.0
28,CA1-DG,intermediate,CA1,0,0.989813
28,CA1-DG,intermediate,CA1,1,0.926669
28,CA1-DG,intermediate,CA1,2,0.022914
28,CA1-DG,intermediate,CA1,3,0.811006
28,CA1-DG,intermediate,CA1,4,0.784665
28,CA1-DG,intermediate,CA1,5,0.702143
28,CA1-DG,intermediate,CA1,6,0.815836
28,CA1-DG,intermediate,CA1,7,0.975537
28,CA1-DG,intermediate,CA1,8,0.734907
28,CA1-DG,intermediate,CA1,9,0.890662
28,CA1-DG,intermediate,CA1,10,0.957705
28,CA1-DG,intermediate,CA1,11,0.777312
28,CA1-DG,intermediate,CA1,12,0.878555
28,CA1-DG,intermediate,CA1,13,0.067728
28,CA1-DG,intermediate,CA1,14,0.53509
28,CA1-DG,intermediate,CA1,15,0.636312
28,CA1-DG,intermediate,CA1,16,0.912045
28,CA1-DG,intermediate,CA1,17,0.742949
28,CA1-DG,intermediate,CA1,18,1.117343
28,CA1-DG,intermediate,CA1,19,0.552982
28,CA1-DG,intermediate,CA1,20,0.585558
28,CA1-DG,intermediate,CA1,21,0.018441
28,CA1-DG,intermediate,CA1,22,0.844806
28,CA1-DG,intermediate,CA1,23,0.525013
28,CA1-DG,intermediate,DG,0,0.847223
28,CA1-DG,intermediate,DG,1,1.117202
28,CA1-DG,intermediate,DG,2,1.059317
28,CA1-DG,intermediate,DG,3,1.048926
28,CA1-DG,intermediate,DG,4,1.052476
28,CA1-DG,intermediate,DG,5,1.011506
28,CA1-DG,intermediate,DG,6,1.224961
28,CA1-DG,intermediate,DG,7,1.208839
28,CA1-DG,intermediate,DG,8,0.859516
28,CA1-DG,intermediate,DG,9,1.238512
28,CA1-DG,intermediate,DG,10,0.991062
28,CA1-DG,intermediate,DG,11,1.078615
28,CA1-DG,intermediate,DG,12,0.890753
28,CA1-DG,expert,CA1,0,1.159179
28,CA1-DG,expert,CA1,1,0.825445
28,CA1-DG,expert,CA1,2,1.102619
28,CA1-DG,expert,CA1,3,0.805421
28,CA1-DG,expert,CA1,4,0.048614
28,CA1-DG,expert,CA1,5,1.076642
28,CA1-DG,expert,CA1,6,0.695937
28,CA1-DG,expert,CA1,7,0.722034
28,CA1-DG,expert,CA1,8,0.790758
28,CA1-DG,expert,CA1,9,0.822686
28,CA1-DG,expert,CA1,10,0.952972
28,CA1-DG,expert,CA1,11,0.915266
28,CA1-DG,expert,CA1,12,0.771863
28,CA1-DG,expert,CA1,13,0.01883
28,CA1-DG,expert,CA1,14,0.697848
28,CA1-DG,expert,CA1,15,0.723926
28,CA1-DG,expert,CA1,16,0.704624
28,CA1-DG,expert,CA1,17,0.825859
28,CA1-DG,expert,CA1,18,0.03071
28,CA1-DG,expert,CA1,19,0.501107
28,CA1-DG,expert,CA1,20,0.017904
28,CA1-DG,expert,CA1,21,0.975573
28,CA1-DG,expert,CA1,22,0.851765
28,CA1-DG,expert,CA1,23,0.691423
28,CA1-DG,expert,DG,0,0.941803
28,CA1-DG,expert,DG,1,1.152274
28,CA1-DG,expert,DG,2,1.07055
28,CA1-DG,expert,DG,3,1.022309
28,CA1-DG,expert,DG,4,1.029599
28,CA1-DG,expert,DG,5,1.045918
28,CA1-DG,expert,DG,6,1.213366
28,CA1-DG,expert,DG,7,1.212907
28,CA1-DG,expert,DG,8,2.765835
28,CA1-DG,expert,DG,9,1.232842
28,CA1-DG,expert,DG,10,1.467679
28,CA1-DG,expert,DG,11,0.98224
28,CA1-DG,expert,DG,12,1.740861
28,CA1-V1,naive,CA1,0,0.729526
28,CA1-V1,naive,CA1,1,0.698699
28,CA1-V1,naive,CA1,2,0.988312
28,CA1-V1,naive,CA1,3,1.149078
28,CA1-V1,naive,CA1,4,0.848174
28,CA1-V1,naive,CA1,5,0.848601
28,CA1-V1,naive,CA1,6,1.274695
28,CA1-V1,naive,CA1,7,1.005838
28,CA1-V1,naive,CA1,8,1.289235
28,CA1-V1,naive,CA1,9,0.032034
28,CA1-V1,naive,CA1,10,1.068192
28,CA1-V1,naive,CA1,11,1.137088
28,CA1-V1,naive,CA1,12,1.165633
28,CA1-V1,naive,CA1,13,0.001405
28,CA1-V1,naive,CA1,14,0.933117
28,CA1-V1,naive,CA1,15,0.856224
28,CA1-V1,naive,CA1,16,1.456692
28,CA1-V1,naive,CA1,17,0.807913
28,CA1-V1,naive,CA1,18,0.769643
28,CA1-V1,naive,CA1,19,0.027674
28,CA1-V1,naive,CA1,20,0.756371
28,CA1-V1,naive,CA1,21,0.007932
28,CA1-V1,naive,CA1,22,0.822907
28,CA1-V1,naive,CA1,23,0.693387
28,CA1-V1,naive,V1,0,0.120792
28,CA1-V1,naive,V1,1,0.853091
28,CA1-V1,naive,V1,2,0.109092
28,CA1-V1,naive,V1,3,0.015692
28,CA1-V1,naive,V1,4,0.021884
28,CA1-V1,naive,V1,5,0.065454
28,CA1-V1,naive,V1,6,0.818734
28,CA1-V1,naive,V1,7,0.009531
28,CA1-V1,naive,V1,8,0.822333
28,CA1-V1,naive,V1,9,0.176743
28,CA1-V1,naive,V1,10,0.729935
28,CA1-V1,naive,V1,11,0.379825
28,CA1-V1,naive,V1,12,0.108938
28,CA1-V1,naive,V1,13,0.855666
28,CA1-V1,naive,V1,14,0.550428
28,CA1-V1,naive,V1,15,0.35956
28,CA1-V1,naive,V1,16,0.130951
28,CA1-V1,naive,V1,17,0.588496
28,CA1-V1,naive,V1,18,0.394536
28,CA1-V1,naive,V1,19,0.341836
28,CA1-V1,naive,V1,20,0.14388
28,CA1-V1,naive,V1,21,0.480654
28,CA1-V1,naive,V1,22,0.069637
28,CA1-V1,naive,V1,23,0.0
28,CA1-V1,naive,V1,24,0.006713
28,CA1-V1,naive,V1,25,0.030878
28,CA1-V1,naive,V1,26,0.750536
28,CA1-V1,naive,V1,27,0.012693
28,CA1-V1,naive,V1,28,0.487201
28,CA1-V1,naive,V1,29,0.715769
28,CA1-V1,naive,V1,30,0.01047
28,CA1-V1,naive,V1,31,0.055114
28,CA1-V1,naive,V1,32,0.237249
28,CA1-V1,naive,V1,33,0.720356
28,CA1-V1,naive,V1,34,0.390333
28,CA1-V1,naive,V1,35,0.654533
28,CA1-V1,naive,V1,36,0.152847
28,CA1-V1,naive,V1,37,0.30838
28,CA1-V1,naive,V1,38,0.003484
28,CA1-V1,naive,V1,39,0.011908
28,CA1-V1,naive,V1,40,0.798637
28,CA1-V1,naive,V1,41,0.056731
28,CA1-V1,naive,V1,42,0.02122
28,CA1-V1,naive,V1,43,0.115908
28,CA1-V1,naive,V1,44,0.061478
28,CA1-V1,naive,V1,45,0.756502
28,CA1-V1,naive,V1,46,0.066036
28,CA1-V1,naive,V1,47,0.042033
28,CA1-V1,naive,V1,48,0.111117
28,CA1-V1,naive,V1,49,0.013702
28,CA1-V1,naive,V1,50,0.81027
28,CA1-V1,naive,V1,51,0.448074
28,CA1-V1,naive,V1,52,0.318124
28,CA1-V1,naive,V1,53,0.187231
28,CA1-V1,naive,V1,54,0.246955
28,CA1-V1,naive,V1,55,0.030871
28,CA1-V1,naive,V1,56,0.531208
28,CA1-V1,naive,V1,57,0.12683
28,CA1-V1,naive,V1,58,0.796736
28,CA1-V1,naive,V1,59,0.224741
28,CA1-V1,naive,V1,60,0.724327
28,CA1-V1,naive,V1,61,0.741005
28,CA1-V1,naive,V1,62,0.692395
28,CA1-V1,naive,V1,63,0.130226
28,CA1-V1,naive,V1,64,0.056567
28,CA1-V1,naive,V1,65,0.002699
28,CA1-V1,naive,V1,66,0.832712
28,CA1-V1,intermediate,CA1,0,1.002059
28,CA1-V1,intermediate,CA1,1,1.158304
28,CA1-V1,intermediate,CA1,2,0.028666
28,CA1-V1,intermediate,CA1,3,0.912075
28,CA1-V1,intermediate,CA1,4,0.905177
28,CA1-V1,intermediate,CA1,5,0.980826
28,CA1-V1,intermediate,CA1,6,0.957447
28,CA1-V1,intermediate,CA1,7,1.03903
28,CA1-V1,intermediate,CA1,8,1.016494
28,CA1-V1,intermediate,CA1,9,1.04708
28,CA1-V1,intermediate,CA1,10,1.198717
28,CA1-V1,intermediate,CA1,11,1.027897
28,CA1-V1,intermediate,CA1,12,1.068145
28,CA1-V1,intermediate,CA1,13,0.078287
28,CA1-V1,intermediate,CA1,14,0.872213
28,CA1-V1,intermediate,CA1,15,0.980506
28,CA1-V1,intermediate,CA1,16,1.057147
28,CA1-V1,intermediate,CA1,17,0.855832
28,CA1-V1,intermediate,CA1,18,1.245103
28,CA1-V1,intermediate,CA1,19,0.681967
28,CA1-V1,intermediate,CA1,20,0.867975
28,CA1-V1,intermediate,CA1,21,0.023998
28,CA1-V1,intermediate,CA1,22,1.001515
28,CA1-V1,intermediate,CA1,23,0.761539
28,CA1-V1,intermediate,V1,0,0.518676
28,CA1-V1,intermediate,V1,1,0.107382
28,CA1-V1,intermediate,V1,2,0.59006
28,CA1-V1,intermediate,V1,3,0.854679
28,CA1-V1,intermediate,V1,4,0.722603
28,CA1-V1,intermediate,V1,5,0.846877
28,CA1-V1,intermediate,V1,6,0.246364
28,CA1-V1,intermediate,V1,7,0.753627
28,CA1-V1,intermediate,V1,8,0.150927
28,CA1-V1,intermediate,V1,9,0.171945
28,CA1-V1,intermediate,V1,10,0.775684
28,CA1-V1,intermediate,V1,11,0.385822
28,CA1-V1,intermediate,V1,12,0.309619
28,CA1-V1,intermediate,V1,13,0.493446
28,CA1-V1,intermediate,V1,14,0.458325
28,CA1-V1,intermediate,V1,15,0.404086
28,CA1-V1,intermediate,V1,16,0.840309
28,CA1-V1,intermediate,V1,17,0.332455
28,CA1-V1,intermediate,V1,18,0.474218
28,CA1-V1,intermediate,V1,19,0.494291
28,CA1-V1,intermediate,V1,20,0.39834
28,CA1-V1,intermediate,V1,21,0.624313
28,CA1-V1,intermediate,V1,22,0.535798
28,CA1-V1,intermediate,V1,23,0.017908
28,CA1-V1,intermediate,V1,24,0.059509
28,CA1-V1,intermediate,V1,25,0.16489
28,CA1-V1,intermediate,V1,26,0.15084
28,CA1-V1,intermediate,V1,27,0.29954
28,CA1-V1,intermediate,V1,28,0.029508
28,CA1-V1,intermediate,V1,29,0.695918
28,CA1-V1,intermediate,V1,30,0.222289
28,CA1-V1,intermediate,V1,31,0.03083
28,CA1-V1,intermediate,V1,32,0.183888
28,CA1-V1,intermediate,V1,33,0.819377
28,CA1-V1,intermediate,V1,34,0.210739
28,CA1-V1,intermediate,V1,35,0.518792
28,CA1-V1,intermediate,V1,36,0.273169
28,CA1-V1,intermediate,V1,37,0.374809
28,CA1-V1,intermediate,V1,38,0.804633
28,CA1-V1,intermediate,V1,39,0.598944
28,CA1-V1,intermediate,V1,40,0.251544
28,CA1-V1,intermediate,V1,41,0.835338
28,CA1-V1,intermediate,V1,42,0.426146
28,CA1-V1,intermediate,V1,43,0.554641
28,CA1-V1,intermediate,V1,44,0.021716
28,CA1-V1,intermediate,V1,45,0.151741
28,CA1-V1,intermediate,V1,46,0.055485
28,CA1-V1,intermediate,V1,47,0.842031
28,CA1-V1,intermediate,V1,48,0.25832
28,CA1-V1,intermediate,V1,49,0.776904
28,CA1-V1,intermediate,V1,50,0.014483
28,CA1-V1,intermediate,V1,51,0.496763
28,CA1-V1,intermediate,V1,52,0.313708
28,CA1-V1,intermediate,V1,53,0.522689
28,CA1-V1,intermediate,V1,54,0.68597
28,CA1-V1,intermediate,V1,55,0.36378
28,CA1-V1,intermediate,V1,56,0.436314
28,CA1-V1,intermediate,V1,57,0.674587
28,CA1-V1,intermediate,V1,58,0.236006
28,CA1-V1,intermediate,V1,59,0.194804
28,CA1-V1,intermediate,V1,60,0.122697
28,CA1-V1,intermediate,V1,61,0.207606
28,CA1-V1,intermediate,V1,62,0.434947
28,CA1-V1,intermediate,V1,63,0.750124
28,CA1-V1,intermediate,V1,64,0.198586
28,CA1-V1,intermediate,V1,65,0.039798
28,CA1-V1,intermediate,V1,66,0.022322
28,CA1-V1,expert,CA1,0,1.180082
28,CA1-V1,expert,CA1,1,1.18965
28,CA1-V1,expert,CA1,2,1.299754
28,CA1-V1,expert,CA1,3,0.926605
28,CA1-V1,expert,CA1,4,0.061935
28,CA1-V1,expert,CA1,5,1.28833
28,CA1-V1,expert,CA1,6,0.819927
28,CA1-V1,expert,CA1,7,0.980949
28,CA1-V1,expert,CA1,8,1.056199
28,CA1-V1,expert,CA1,9,1.141622
28,CA1-V1,expert,CA1,10,1.05314
28,CA1-V1,expert,CA1,11,1.080556
28,CA1-V1,expert,CA1,12,1.083607
28,CA1-V1,expert,CA1,13,0.026922
28,CA1-V1,expert,CA1,14,0.832039
28,CA1-V1,expert,CA1,15,0.966197
28,CA1-V1,expert,CA1,16,1.078552
28,CA1-V1,expert,CA1,17,0.933165
28,CA1-V1,expert,CA1,18,0.032654
28,CA1-V1,expert,CA1,19,0.688438
28,CA1-V1,expert,CA1,20,0.022144
28,CA1-V1,expert,CA1,21,1.532625
28,CA1-V1,expert,CA1,22,1.070903
28,CA1-V1,expert,CA1,23,0.747071
28,CA1-V1,expert,V1,0,0.517458
28,CA1-V1,expert,V1,1,0.139024
28,CA1-V1,expert,V1,2,0.705131
28,CA1-V1,expert,V1,3,0.380716
28,CA1-V1,expert,V1,4,0.662976
28,CA1-V1,expert,V1,5,0.204386
28,CA1-V1,expert,V1,6,0.286366
28,CA1-V1,expert,V1,7,0.147103
28,CA1-V1,expert,V1,8,0.084977
28,CA1-V1,expert,V1,9,0.139538
28,CA1-V1,expert,V1,10,0.457565
28,CA1-V1,expert,V1,11,0.426747
28,CA1-V1,expert,V1,12,0.526013
28,CA1-V1,expert,V1,13,0.332803
28,CA1-V1,expert,V1,14,0.276056
28,CA1-V1,expert,V1,15,0.455049
28,CA1-V1,expert,V1,16,0.75965
28,CA1-V1,expert,V1,17,0.325855
28,CA1-V1,expert,V1,18,0.567818
28,CA1-V1,expert,V1,19,0.579976
28,CA1-V1,expert,V1,20,0.498649
28,CA1-V1,expert,V1,21,0.618441
28,CA1-V1,expert,V1,22,0.711994
28,CA1-V1,expert,V1,23,0.020061
28,CA1-V1,expert,V1,24,0.052914
28,CA1-V1,expert,V1,25,0.192261
28,CA1-V1,expert,V1,26,0.186249
28,CA1-V1,expert,V1,27,0.865557
28,CA1-V1,expert,V1,28,0.031963
28,CA1-V1,expert,V1,29,0.121216
28,CA1-V1,expert,V1,30,0.87094
28,CA1-V1,expert,V1,31,0.028562
28,CA1-V1,expert,V1,32,0.577597
28,CA1-V1,expert,V1,33,0.214956
28,CA1-V1,expert,V1,34,0.160042
28,CA1-V1,expert,V1,35,0.403429
28,CA1-V1,expert,V1,36,0.675418
28,CA1-V1,expert,V1,37,0.520395
28,CA1-V1,expert,V1,38,0.384748
28,CA1-V1,expert,V1,39,0.467726
28,CA1-V1,expert,V1,40,0.214322
28,CA1-V1,expert,V1,41,0.88134
28,CA1-V1,expert,V1,42,0.628617
28,CA1-V1,expert,V1,43,0.725485
28,CA1-V1,expert,V1,44,0.848546
28,CA1-V1,expert,V1,45,0.08669
28,CA1-V1,expert,V1,46,0.083335
28,CA1-V1,expert,V1,47,0.8196
28,CA1-V1,expert,V1,48,0.24467
28,CA1-V1,expert,V1,49,0.86337
28,CA1-V1,expert,V1,50,0.067616
28,CA1-V1,expert,V1,51,0.67054
28,CA1-V1,expert,V1,52,0.503325
28,CA1-V1,expert,V1,53,0.643327
28,CA1-V1,expert,V1,54,0.503048
28,CA1-V1,expert,V1,55,0.366354
28,CA1-V1,expert,V1,56,0.44737
28,CA1-V1,expert,V1,57,0.858593
28,CA1-V1,expert,V1,58,0.492411
28,CA1-V1,expert,V1,59,0.361155
28,CA1-V1,expert,V1,60,0.122085
28,CA1-V1,expert,V1,61,0.440561
28,CA1-V1,expert,V1,62,0.448202
28,CA1-V1,expert,V1,63,0.488561
28,CA1-V1,expert,V1,64,0.20188
28,CA1-V1,expert,V1,65,0.06852
28,CA1-V1,expert,V1,66,0.034547
28,CA3-DG,naive,CA3,0,1.023674
28,CA3-DG,naive,CA3,1,2.448596
28,CA3-DG,naive,CA3,2,1.842156
28,CA3-DG,naive,CA3,3,0.0
28,CA3-DG,naive,CA3,4,0.812332
28,CA3-DG,naive,CA3,5,1.834476
28,CA3-DG,naive,CA3,6,0.0
28,CA3-DG,naive,CA3,7,7.330498
28,CA3-DG,naive,CA3,8,9.18818
28,CA3-DG,naive,CA3,9,1.531954
28,CA3-DG,naive,CA3,10,13.896618
28,CA3-DG,naive,CA3,11,14.918518
28,CA3-DG,naive,DG,0,1.419381
28,CA3-DG,naive,DG,1,1.084533
28,CA3-DG,naive,DG,2,1.298906
28,CA3-DG,naive,DG,3,0.931994
28,CA3-DG,naive,DG,4,0.759315
28,CA3-DG,naive,DG,5,0.644236
28,CA3-DG,naive,DG,6,1.104107
28,CA3-DG,naive,DG,7,1.103606
28,CA3-DG,naive,DG,8,0.758187
28,CA3-DG,naive,DG,9,1.280164
28,CA3-DG,naive,DG,10,0.882903
28,CA3-DG,naive,DG,11,0.625513
28,CA3-DG,naive,DG,12,0.0
28,CA3-DG,intermediate,CA3,0,1.044331
28,CA3-DG,intermediate,CA3,1,1.108494
28,CA3-DG,intermediate,CA3,2,0.980532
28,CA3-DG,intermediate,CA3,3,294205798.28728
28,CA3-DG,intermediate,CA3,4,1.19049
28,CA3-DG,intermediate,CA3,5,1.09584
28,CA3-DG,intermediate,CA3,6,406065419.322916
28,CA3-DG,intermediate,CA3,7,2.787389
28,CA3-DG,intermediate,CA3,8,2.132313
28,CA3-DG,intermediate,CA3,9,1.000689
28,CA3-DG,intermediate,CA3,10,4.088466
28,CA3-DG,intermediate,CA3,11,20.086023
28,CA3-DG,intermediate,DG,0,0.84698
28,CA3-DG,intermediate,DG,1,0.964104
28,CA3-DG,intermediate,DG,2,1.021054
28,CA3-DG,intermediate,DG,3,0.982053
28,CA3-DG,intermediate,DG,4,1.051564
28,CA3-DG,intermediate,DG,5,1.002715
28,CA3-DG,intermediate,DG,6,1.223283
28,CA3-DG,intermediate,DG,7,1.180873
28,CA3-DG,intermediate,DG,8,0.68801
28,CA3-DG,intermediate,DG,9,1.242445
28,CA3-DG,intermediate,DG,10,0.972888
28,CA3-DG,intermediate,DG,11,1.012533
28,CA3-DG,intermediate,DG,12,0.888504
28,CA3-DG,expert,CA3,0,0.926889
28,CA3-DG,expert,CA3,1,0.920641
28,CA3-DG,expert,CA3,2,0.975928
28,CA3-DG,expert,CA3,3,0.989365
28,CA3-DG,expert,CA3,4,0.776957
28,CA3-DG,expert,CA3,5,1.344757
28,CA3-DG,expert,CA3,6,1.645026
28,CA3-DG,expert,CA3,7,0.927861
28,CA3-DG,expert,CA3,8,1.36823
28,CA3-DG,expert,CA3,9,0.971499
28,CA3-DG,expert,CA3,10,0.81282
28,CA3-DG,expert,CA3,11,1.43496
28,CA3-DG,expert,DG,0,0.934229
28,CA3-DG,expert,DG,1,1.012427
28,CA3-DG,expert,DG,2,1.028823
28,CA3-DG,expert,DG,3,1.018333
28,CA3-DG,expert,DG,4,1.021043
28,CA3-DG,expert,DG,5,1.029212
28,CA3-DG,expert,DG,6,1.200836
28,CA3-DG,expert,DG,7,1.205905
28,CA3-DG,expert,DG,8,2.401942
28,CA3-DG,expert,DG,9,1.238032
28,CA3-DG,expert,DG,10,1.167315
28,CA3-DG,expert,DG,11,0.982803
28,CA3-DG,expert,DG,12,1.722521
34,CA1-CA3,naive,CA1,0,0.588302
34,CA1-CA3,naive,CA1,1,0.492616
34,CA1-CA3,naive,CA1,2,1.643757
34,CA1-CA3,naive,CA1,3,1.10385
34,CA1-CA3,naive,CA1,4,0.469457
34,CA1-CA3,naive,CA1,5,0.887021
34,CA1-CA3,naive,CA1,6,0.64091
34,CA1-CA3,naive,CA1,7,0.823162
34,CA1-CA3,naive,CA1,8,0.151671
34,CA1-CA3,naive,CA1,9,0.294047
34,CA1-CA3,naive,CA1,10,0.168539
34,CA1-CA3,naive,CA1,11,0.59778
34,CA1-CA3,naive,CA1,12,0.937685
34,CA1-CA3,naive,CA1,13,1.645501
34,CA1-CA3,naive,CA1,14,0.818529
34,CA1-CA3,naive,CA1,15,0.556979
34,CA1-CA3,naive,CA1,16,0.001145
34,CA1-CA3,naive,CA1,17,0.912508
34,CA1-CA3,naive,CA1,18,0.716978
34,CA1-CA3,naive,CA1,19,0.735138
34,CA1-CA3,naive,CA1,20,0.142761
34,CA1-CA3,naive,CA1,21,0.150028
34,CA1-CA3,naive,CA3,0,0.908016
34,CA1-CA3,naive,CA3,1,0.683793
34,CA1-CA3,naive,CA3,2,0.999869
34,CA1-CA3,naive,CA3,3,8.393624
34,CA1-CA3,naive,CA3,4,1.005297
34,CA1-CA3,naive,CA3,5,0.922723
34,CA1-CA3,naive,CA3,6,0.827859
34,CA1-CA3,naive,CA3,7,1.851566
34,CA1-CA3,intermediate,CA1,0,0.366734
34,CA1-CA3,intermediate,CA1,1,0.519598
34,CA1-CA3,intermediate,CA1,2,1.187809
34,CA1-CA3,intermediate,CA1,3,0.280195
34,CA1-CA3,intermediate,CA1,4,0.619591
34,CA1-CA3,intermediate,CA1,5,0.838907
34,CA1-CA3,intermediate,CA1,6,0.824218
34,CA1-CA3,intermediate,CA1,7,0.780594
34,CA1-CA3,intermediate,CA1,8,0.000235
34,CA1-CA3,intermediate,CA1,9,0.341482
34,CA1-CA3,intermediate,CA1,10,0.198602
34,CA1-CA3,intermediate,CA1,11,0.466275
34,CA1-CA3,intermediate,CA1,12,0.639625
34,CA1-CA3,intermediate,CA1,13,0.634624
34,CA1-CA3,intermediate,CA1,14,0.617657
34,CA1-CA3,intermediate,CA1,15,0.604409
34,CA1-CA3,intermediate,CA1,16,0.228896
34,CA1-CA3,intermediate,CA1,17,0.909732
34,CA1-CA3,intermediate,CA1,18,0.733155
34,CA1-CA3,intermediate,CA1,19,0.898384
34,CA1-CA3,intermediate,CA1,20,0.382236
34,CA1-CA3,intermediate,CA1,21,0.376024
34,CA1-CA3,intermediate,CA3,0,1.123619
34,CA1-CA3,intermediate,CA3,1,1.212772
34,CA1-CA3,intermediate,CA3,2,1.082059
34,CA1-CA3,intermediate,CA3,3,1.101563
34,CA1-CA3,intermediate,CA3,4,1.018063
34,CA1-CA3,intermediate,CA3,5,0.894065
34,CA1-CA3,intermediate,CA3,6,1.194666
34,CA1-CA3,intermediate,CA3,7,1.733794
34,CA1-CA3,expert,CA1,0,0.637717
34,CA1-CA3,expert,CA1,1,1.463114
34,CA1-CA3,expert,CA1,2,0.365655
34,CA1-CA3,expert,CA1,3,0.289093
34,CA1-CA3,expert,CA1,4,0.248133
34,CA1-CA3,expert,CA1,5,0.84251
34,CA1-CA3,expert,CA1,6,0.541498
34,CA1-CA3,expert,CA1,7,0.789689
34,CA1-CA3,expert,CA1,8,0.001391
34,CA1-CA3,expert,CA1,9,0.863102
34,CA1-CA3,expert,CA1,10,0.168925
34,CA1-CA3,expert,CA1,11,0.900114
34,CA1-CA3,expert,CA1,12,0.521853
34,CA1-CA3,expert,CA1,13,0.589151
34,CA1-CA3,expert,CA1,14,0.577107
34,CA1-CA3,expert,CA1,15,0.356633
34,CA1-CA3,expert,CA1,16,0.001411
34,CA1-CA3,expert,CA1,17,0.918094
34,CA1-CA3,expert,CA1,18,0.63436
34,CA1-CA3,expert,CA1,19,0.545633
34,CA1-CA3,expert,CA1,20,0.494818
34,CA1-CA3,expert,CA1,21,0.90776
34,CA1-CA3,expert,CA3,0,1.127726
34,CA1-CA3,expert,CA3,1,1.405359
34,CA1-CA3,expert,CA3,2,1.036252
34,CA1-CA3,expert,CA3,3,1.040709
34,CA1-CA3,expert,CA3,4,0.936112
34,CA1-CA3,expert,CA3,5,0.956734
34,CA1-CA3,expert,CA3,6,1.556321
34,CA1-CA3,expert,CA3,7,1.411958
34,CA1-V1,naive,CA1,0,1.290901
34,CA1-V1,naive,CA1,1,0.684949
34,CA1-V1,naive,CA1,2,2.301973
34,CA1-V1,naive,CA1,3,1.165695
34,CA1-V1,naive,CA1,4,0.932397
34,CA1-V1,naive,CA1,5,1.023002
34,CA1-V1,naive,CA1,6,1.023899
34,CA1-V1,naive,CA1,7,1.201432
34,CA1-V1,naive,CA1,8,0.690311
34,CA1-V1,naive,CA1,9,1.107626
34,CA1-V1,naive,CA1,10,0.663536
34,CA1-V1,naive,CA1,11,1.498318
34,CA1-V1,naive,CA1,12,1.687279
34,CA1-V1,naive,CA1,13,2.136457
34,CA1-V1,naive,CA1,14,1.157181
34,CA1-V1,naive,CA1,15,1.300152
34,CA1-V1,naive,CA1,16,0.000789
34,CA1-V1,naive,CA1,17,0.995713
34,CA1-V1,naive,CA1,18,1.029702
34,CA1-V1,naive,CA1,19,1.105995
34,CA1-V1,naive,CA1,20,0.413058
34,CA1-V1,naive,CA1,21,0.420224
34,CA1-V1,naive,V1,0,0.122158
34,CA1-V1,naive,V1,1,0.189675
34,CA1-V1,naive,V1,2,0.215352
34,CA1-V1,naive,V1,3,0.207111
34,CA1-V1,naive,V1,4,0.243333
34,CA1-V1,naive,V1,5,0.240581
34,CA1-V1,naive,V1,6,0.18703
34,CA1-V1,naive,V1,7,0.118192
34,CA1-V1,naive,V1,8,0.198542
34,CA1-V1,naive,V1,9,0.38692
34,CA1-V1,naive,V1,10,0.209745
34,CA1-V1,naive,V1,11,0.155239
34,CA1-V1,naive,V1,12,0.109641
34,CA1-V1,naive,V1,13,0.074536
34,CA1-V1,naive,V1,14,0.202081
34,CA1-V1,naive,V1,15,0.101419
34,CA1-V1,naive,V1,16,0.674608
34,CA1-V1,naive,V1,17,0.125956
34,CA1-V1,naive,V1,18,0.059061
34,CA1-V1,naive,V1,19,0.306699
34,CA1-V1,naive,V1,20,0.629673
34,CA1-V1,naive,V1,21,0.070398
34,CA1-V1,naive,V1,22,0.128877
34,CA1-V1,naive,V1,23,0.068676
34,CA1-V1,naive,V1,24,0.089812
34,CA1-V1,naive,V1,25,0.080901
34,CA1-V1,naive,V1,26,0.085608
34,CA1-V1,naive,V1,27,0.652499
34,CA1-V1,naive,V1,28,0.546767
34,CA1-V1,naive,V1,29,0.05619
34,CA1-V1,naive,V1,30,0.060669
34,CA1-V1,naive,V1,31,0.17153
34,CA1-V1,naive,V1,32,0.232554
34,CA1-V1,naive,V1,33,0.41419
34,CA1-V1,naive,V1,34,0.271893
34,CA1-V1,naive,V1,35,0.120362
34,CA1-V1,naive,V1,36,0.060173
34,CA1-V1,naive,V1,37,0.05485
34,CA1-V1,naive,V1,38,0.158167
34,CA1-V1,naive,V1,39,0.16541
34,CA1-V1,naive,V1,40,0.104936
34,CA1-V1,naive,V1,41,0.132366
34,CA1-V1,naive,V1,42,0.197155
34,CA1-V1,naive,V1,43,0.328304
34,CA1-V1,naive,V1,44,0.052203
34,CA1-V1,naive,V1,45,0.711867
34,CA1-V1,naive,V1,46,0.566912
34,CA1-V1,naive,V1,47,0.278103
34,CA1-V1,naive,V1,48,0.006898
34,CA1-V1,naive,V1,49,0.028058
34,CA1-V1,naive,V1,50,0.090611
34,CA1-V1,naive,V1,51,0.171386
34,CA1-V1,naive,V1,52,0.117406
34,CA1-V1,naive,V1,53,0.132181
34,CA1-V1,naive,V1,54,0.171584
34,CA1-V1,naive,V1,55,0.101942
34,CA1-V1,naive,V1,56,0.055739
34,CA1-V1,naive,V1,57,0.143124
34,CA1-V1,naive,V1,58,0.589419
34,CA1-V1,naive,V1,59,0.432505
34,CA1-V1,naive,V1,60,0.623887
34,CA1-V1,naive,V1,61,0.08271
34,CA1-V1,naive,V1,62,0.690345
34,CA1-V1,naive,V1,63,0.100805
34,CA1-V1,naive,V1,64,0.33133
34,CA1-V1,naive,V1,65,0.019473
34,CA1-V1,naive,V1,66,0.042782
34,CA1-V1,naive,V1,67,0.025037
34,CA1-V1,naive,V1,68,0.062003
34,CA1-V1,naive,V1,69,0.019009
34,CA1-V1,naive,V1,70,0.6618
34,CA1-V1,naive,V1,71,0.671113
34,CA1-V1,naive,V1,72,0.637849
34,CA1-V1,naive,V1,73,0.573205
34,CA1-V1,naive,V1,74,0.494897
34,CA1-V1,naive,V1,75,0.606421
34,CA1-V1,naive,V1,76,0.04638
34,CA1-V1,naive,V1,77,0.471764
34,CA1-V1,naive,V1,78,0.659082
34,CA1-V1,naive,V1,79,0.088762
34,CA1-V1,naive,V1,80,0.321095
34,CA1-V1,naive,V1,81,0.105521
34,CA1-V1,naive,V1,82,0.226604
34,CA1-V1,naive,V1,83,0.014409
34,CA1-V1,naive,V1,84,0.101022
34,CA1-V1,naive,V1,85,0.041279
34,CA1-V1,naive,V1,86,0.012502
34,CA1-V1,naive,V1,87,0.281291
34,CA1-V1,naive,V1,88,0.322849
34,CA1-V1,naive,V1,89,0.179954
34,CA1-V1,naive,V1,90,0.160172
34,CA1-V1,naive,V1,91,0.226519
34,CA1-V1,naive,V1,92,0.250234
34,CA1-V1,naive,V1,93,0.098443
34,CA1-V1,naive,V1,94,0.015743
34,CA1-V1,naive,V1,95,0.201626
34,CA1-V1,naive,V1,96,0.070734
34,CA1-V1,naive,V1,97,0.101933
34,CA1-V1,naive,V1,98,0.566971
34,CA1-V1,naive,V1,99,0.03381
34,CA1-V1,naive,V1,100,0.030871
34,CA1-V1,intermediate,CA1,0,1.095888
34,CA1-V1,intermediate,CA1,1,1.250536
34,CA1-V1,intermediate,CA1,2,1.473586
34,CA1-V1,intermediate,CA1,3,0.964832
34,CA1-V1,intermediate,CA1,4,1.023844
34,CA1-V1,intermediate,CA1,5,1.016979
34,CA1-V1,intermediate,CA1,6,1.050069
34,CA1-V1,intermediate,CA1,7,0.969238
34,CA1-V1,intermediate,CA1,8,2.6e-05
34,CA1-V1,intermediate,CA1,9,1.283631
34,CA1-V1,intermediate,CA1,10,1.248521
34,CA1-V1,intermediate,CA1,11,0.874782
34,CA1-V1,intermediate,CA1,12,0.90603
34,CA1-V1,intermediate,CA1,13,1.336873
34,CA1-V1,intermediate,CA1,14,0.976594
34,CA1-V1,intermediate,CA1,15,1.077061
34,CA1-V1,intermediate,CA1,16,0.538569
34,CA1-V1,intermediate,CA1,17,1.054232
34,CA1-V1,intermediate,CA1,18,1.04874
34,CA1-V1,intermediate,CA1,19,0.977469
34,CA1-V1,intermediate,CA1,20,0.551879
34,CA1-V1,intermediate,CA1,21,0.542532
34,CA1-V1,intermediate,V1,0,0.702631
34,CA1-V1,intermediate,V1,1,0.296553
34,CA1-V1,intermediate,V1,2,0.344912
34,CA1-V1,intermediate,V1,3,0.565747
34,CA1-V1,intermediate,V1,4,0.431499
34,CA1-V1,intermediate,V1,5,0.21496
34,CA1-V1,intermediate,V1,6,0.418645
34,CA1-V1,intermediate,V1,7,0.338819
34,CA1-V1,intermediate,V1,8,0.080103
34,CA1-V1,intermediate,V1,9,0.423259
34,CA1-V1,intermediate,V1,10,0.394079
34,CA1-V1,intermediate,V1,11,0.3708
34,CA1-V1,intermediate,V1,12,0.330225
34,CA1-V1,intermediate,V1,13,0.230305
34,CA1-V1,intermediate,V1,14,0.503941
34,CA1-V1,intermediate,V1,15,0.17406
34,CA1-V1,intermediate,V1,16,0.236623
34,CA1-V1,intermediate,V1,17,0.467855
34,CA1-V1,intermediate,V1,18,0.27864
34,CA1-V1,intermediate,V1,19,0.234228
34,CA1-V1,intermediate,V1,20,0.124009
34,CA1-V1,intermediate,V1,21,0.520089
34,CA1-V1,intermediate,V1,22,0.242481
34,CA1-V1,intermediate,V1,23,0.4661
34,CA1-V1,intermediate,V1,24,0.20909
34,CA1-V1,intermediate,V1,25,0.238567
34,CA1-V1,intermediate,V1,26,0.134381
34,CA1-V1,intermediate,V1,27,0.317633
34,CA1-V1,intermediate,V1,28,0.04588
34,CA1-V1,intermediate,V1,29,0.469831
34,CA1-V1,intermediate,V1,30,0.205783
34,CA1-V1,intermediate,V1,31,0.528154
34,CA1-V1,intermediate,V1,32,0.803593
34,CA1-V1,intermediate,V1,33,0.246365
34,CA1-V1,intermediate,V1,34,0.157421
34,CA1-V1,intermediate,V1,35,0.402429
34,CA1-V1,intermediate,V1,36,0.283754
34,CA1-V1,intermediate,V1,37,0.88021
34,CA1-V1,intermediate,V1,38,0.172853
34,CA1-V1,intermediate,V1,39,0.121864
34,CA1-V1,intermediate,V1,40,0.128804
34,CA1-V1,intermediate,V1,41,0.225773
34,CA1-V1,intermediate,V1,42,0.274424
34,CA1-V1,intermediate,V1,43,0.308212
34,CA1-V1,intermediate,V1,44,0.319367
34,CA1-V1,intermediate,V1,45,0.24524
34,CA1-V1,intermediate,V1,46,0.041055
34,CA1-V1,intermediate,V1,47,0.114675
34,CA1-V1,intermediate,V1,48,0.829637
34,CA1-V1,intermediate,V1,49,0.23969
34,CA1-V1,intermediate,V1,50,0.307876
34,CA1-V1,intermediate,V1,51,0.375337
34,CA1-V1,intermediate,V1,52,0.478624
34,CA1-V1,intermediate,V1,53,0.277076
34,CA1-V1,intermediate,V1,54,0.459089
34,CA1-V1,intermediate,V1,55,0.260311
34,CA1-V1,intermediate,V1,56,0.453059
34,CA1-V1,intermediate,V1,57,0.376105
34,CA1-V1,intermediate,V1,58,0.345025
34,CA1-V1,intermediate,V1,59,0.190687
34,CA1-V1,intermediate,V1,60,0.318539
34,CA1-V1,intermediate,V1,61,0.204632
34,CA1-V1,intermediate,V1,62,0.088437
34,CA1-V1,intermediate,V1,63,0.49961
34,CA1-V1,intermediate,V1,64,0.352244
34,CA1-V1,intermediate,V1,65,0.045673
34,CA1-V1,intermediate,V1,66,0.346897
34,CA1-V1,intermediate,V1,67,0.75795
34,CA1-V1,intermediate,V1,68,0.394564
34,CA1-V1,intermediate,V1,69,0.576157
34,CA1-V1,intermediate,V1,70,0.062844
34,CA1-V1,intermediate,V1,71,0.082597
34,CA1-V1,intermediate,V1,72,0.059436
34,CA1-V1,intermediate,V1,73,0.108109
34,CA1-V1,intermediate,V1,74,0.515187
34,CA1-V1,intermediate,V1,75,0.061538
34,CA1-V1,intermediate,V1,76,0.610696
34,CA1-V1,intermediate,V1,77,0.001374
34,CA1-V1,intermediate,V1,78,0.019495
34,CA1-V1,intermediate,V1,79,0.336839
34,CA1-V1,intermediate,V1,80,0.841716
34,CA1-V1,intermediate,V1,81,0.440745
34,CA1-V1,intermediate,V1,82,0.234382
34,CA1-V1,intermediate,V1,83,0.638564
34,CA1-V1,intermediate,V1,84,0.479137
34,CA1-V1,intermediate,V1,85,0.889889
34,CA1-V1,intermediate,V1,86,0.146478
34,CA1-V1,intermediate,V1,87,0.356028
34,CA1-V1,intermediate,V1,88,0.192697
34,CA1-V1,intermediate,V1,89,0.201035
34,CA1-V1,intermediate,V1,90,0.440959
34,CA1-V1,intermediate,V1,91,0.422004
34,CA1-V1,intermediate,V1,92,0.24061
34,CA1-V1,intermediate,V1,93,0.441077
34,CA1-V1,intermediate,V1,94,0.338186
34,CA1-V1,intermediate,V1,95,0.175175
34,CA1-V1,intermediate,V1,96,0.248667
34,CA1-V1,intermediate,V1,97,0.302391
34,CA1-V1,intermediate,V1,98,0.764108
34,CA1-V1,intermediate,V1,99,0.12844
34,CA1-V1,intermediate,V1,100,0.811064
34,CA1-V1,expert,CA1,0,0.732841
34,CA1-V1,expert,CA1,1,1.904327
34,CA1-V1,expert,CA1,2,0.702763
34,CA1-V1,expert,CA1,3,0.90073
34,CA1-V1,expert,CA1,4,0.974815
34,CA1-V1,expert,CA1,5,1.02875
34,CA1-V1,expert,CA1,6,1.065787
34,CA1-V1,expert,CA1,7,0.954703
34,CA1-V1,expert,CA1,8,0.0005
34,CA1-V1,expert,CA1,9,0.981361
34,CA1-V1,expert,CA1,10,0.674498
34,CA1-V1,expert,CA1,11,1.250499
34,CA1-V1,expert,CA1,12,0.776567
34,CA1-V1,expert,CA1,13,0.833555
34,CA1-V1,expert,CA1,14,0.945304
34,CA1-V1,expert,CA1,15,0.786858
34,CA1-V1,expert,CA1,16,0.000508
34,CA1-V1,expert,CA1,17,1.058698
34,CA1-V1,expert,CA1,18,1.054618
34,CA1-V1,expert,CA1,19,0.993105
34,CA1-V1,expert,CA1,20,3.51963
34,CA1-V1,expert,CA1,21,4.006076
34,CA1-V1,expert,V1,0,0.339991
34,CA1-V1,expert,V1,1,0.222949
34,CA1-V1,expert,V1,2,0.276184
34,CA1-V1,expert,V1,3,0.301745
34,CA1-V1,expert,V1,4,0.310162
34,CA1-V1,expert,V1,5,0.407168
34,CA1-V1,expert,V1,6,0.354687
34,CA1-V1,expert,V1,7,0.49603
34,CA1-V1,expert,V1,8,0.079029
34,CA1-V1,expert,V1,9,0.273122
34,CA1-V1,expert,V1,10,0.537196
34,CA1-V1,expert,V1,11,0.221299
34,CA1-V1,expert,V1,12,0.201579
34,CA1-V1,expert,V1,13,0.791828
34,CA1-V1,expert,V1,14,0.230283
34,CA1-V1,expert,V1,15,0.133651
34,CA1-V1,expert,V1,16,0.087747
34,CA1-V1,expert,V1,17,0.269025
34,CA1-V1,expert,V1,18,0.182699
34,CA1-V1,expert,V1,19,0.374824
34,CA1-V1,expert,V1,20,0.143395
34,CA1-V1,expert,V1,21,0.723398
34,CA1-V1,expert,V1,22,0.420096
34,CA1-V1,expert,V1,23,0.464039
34,CA1-V1,expert,V1,24,0.203725
34,CA1-V1,expert,V1,25,0.486968
34,CA1-V1,expert,V1,26,0.248339
34,CA1-V1,expert,V1,27,0.105034
34,CA1-V1,expert,V1,28,0.056861
34,CA1-V1,expert,V1,29,0.214878
34,CA1-V1,expert,V1,30,0.057357
34,CA1-V1,expert,V1,31,0.106973
34,CA1-V1,expert,V1,32,0.514211
34,CA1-V1,expert,V1,33,0.212974
34,CA1-V1,expert,V1,34,0.128729
34,CA1-V1,expert,V1,35,0.301304
34,CA1-V1,expert,V1,36,0.718669
34,CA1-V1,expert,V1,37,0.084601
34,CA1-V1,expert,V1,38,0.253244
34,CA1-V1,expert,V1,39,0.120404
34,CA1-V1,expert,V1,40,0.294291
34,CA1-V1,expert,V1,41,0.125195
34,CA1-V1,expert,V1,42,0.254416
34,CA1-V1,expert,V1,43,0.236761
34,CA1-V1,expert,V1,44,0.775898
34,CA1-V1,expert,V1,45,0.12598
34,CA1-V1,expert,V1,46,0.03615
34,CA1-V1,expert,V1,47,0.229367
34,CA1-V1,expert,V1,48,0.381672
34,CA1-V1,expert,V1,49,0.804925
34,CA1-V1,expert,V1,50,0.39299
34,CA1-V1,expert,V1,51,0.456424
34,CA1-V1,expert,V1,52,0.31552
34,CA1-V1,expert,V1,53,0.181718
34,CA1-V1,expert,V1,54,0.383639
34,CA1-V1,expert,V1,55,0.738211
34,CA1-V1,expert,V1,56,0.223395
34,CA1-V1,expert,V1,57,0.522531
34,CA1-V1,expert,V1,58,0.28785
34,CA1-V1,expert,V1,59,0.21299
34,CA1-V1,expert,V1,60,0.124444
34,CA1-V1,expert,V1,61,0.099417
34,CA1-V1,expert,V1,62,0.064811
34,CA1-V1,expert,V1,63,0.284018
34,CA1-V1,expert,V1,64,0.104142
34,CA1-V1,expert,V1,65,0.164483
34,CA1-V1,expert,V1,66,0.378311
34,CA1-V1,expert,V1,67,0.153127
34,CA1-V1,expert,V1,68,0.526263
34,CA1-V1,expert,V1,69,0.780639
34,CA1-V1,expert,V1,70,0.110325
34,CA1-V1,expert,V1,71,0.043789
34,CA1-V1,expert,V1,72,0.045272
34,CA1-V1,expert,V1,73,0.168168
34,CA1-V1,expert,V1,74,0.311265
34,CA1-V1,expert,V1,75,0.558831
34,CA1-V1,expert,V1,76,0.776034
34,CA1-V1,expert,V1,77,0.007607
34,CA1-V1,expert,V1,78,0.043231
34,CA1-V1,expert,V1,79,0.506754
34,CA1-V1,expert,V1,80,0.656999
34,CA1-V1,expert,V1,81,0.505506
34,CA1-V1,expert,V1,82,0.320396
34,CA1-V1,expert,V1,83,0.729379
34,CA1-V1,expert,V1,84,0.437839
34,CA1-V1,expert,V1,85,0.11614
34,CA1-V1,expert,V1,86,0.045249
34,CA1-V1,expert,V1,87,0.203683
34,CA1-V1,expert,V1,88,0.19736
34,CA1-V1,expert,V1,89,0.665492
34,CA1-V1,expert,V1,90,0.139968
34,CA1-V1,expert,V1,91,0.268503
34,CA1-V1,expert,V1,92,0.164446
34,CA1-V1,expert,V1,93,0.150097
34,CA1-V1,expert,V1,94,0.141391
34,CA1-V1,expert,V1,95,0.080055
34,CA1-V1,expert,V1,96,0.11613
34,CA1-V1,expert,V1,97,0.403405
34,CA1-V1,expert,V1,98,0.759588
34,CA1-V1,expert,V1,99,0.783242
34,CA1-V1,expert,V1,100,0.114444
36,CA1-V1,naive,CA1,0,1.17388
36,CA1-V1,naive,CA1,1,0.680452
36,CA1-V1,naive,CA1,2,1.092014
36,CA1-V1,naive,CA1,3,0.080462
36,CA1-V1,naive,CA1,4,1.132826
36,CA1-V1,naive,CA1,5,0.727317
36,CA1-V1,naive,CA1,6,1.011555
36,CA1-V1,naive,CA1,7,1.093567
36,CA1-V1,naive,CA1,8,1.185262
36,CA1-V1,naive,CA1,9,0.001317
36,CA1-V1,naive,CA1,10,0.579533
36,CA1-V1,naive,CA1,11,0.05655
36,CA1-V1,naive,CA1,12,0.032194
36,CA1-V1,naive,CA1,13,1.04905
36,CA1-V1,naive,CA1,14,0.039321
36,CA1-V1,naive,CA1,15,0.072895
36,CA1-V1,naive,CA1,16,0.172847
36,CA1-V1,naive,CA1,17,0.294595
36,CA1-V1,naive,CA1,18,0.003492
36,CA1-V1,naive,CA1,19,0.018719
36,CA1-V1,naive,CA1,20,0.0
36,CA1-V1,naive,CA1,21,0.116483
36,CA1-V1,naive,CA1,22,1.012027
36,CA1-V1,naive,CA1,23,1.015299
36,CA1-V1,naive,CA1,24,0.734022
36,CA1-V1,naive,CA1,25,1.107656
36,CA1-V1,naive,CA1,26,1.154511
36,CA1-V1,naive,CA1,27,1.108139
36,CA1-V1,naive,CA1,28,0.892179
36,CA1-V1,naive,CA1,29,0.78974
36,CA1-V1,naive,CA1,30,1.034852
36,CA1-V1,naive,CA1,31,1.015225
36,CA1-V1,naive,V1,0,0.98209
36,CA1-V1,naive,V1,1,0.93207
36,CA1-V1,naive,V1,2,0.871479
36,CA1-V1,naive,V1,3,0.085102
36,CA1-V1,naive,V1,4,0.986014
36,CA1-V1,naive,V1,5,0.963218
36,CA1-V1,naive,V1,6,0.829046
36,CA1-V1,naive,V1,7,0.314481
36,CA1-V1,naive,V1,8,0.800366
36,CA1-V1,naive,V1,9,0.557118
36,CA1-V1,naive,V1,10,0.936845
36,CA1-V1,naive,V1,11,0.997903
36,CA1-V1,naive,V1,12,0.820837
36,CA1-V1,naive,V1,13,0.927572
36,CA1-V1,naive,V1,14,0.951882
36,CA1-V1,naive,V1,15,0.918741
36,CA1-V1,naive,V1,16,0.872142
36,CA1-V1,naive,V1,17,0.65586
36,CA1-V1,naive,V1,18,0.967904
36,CA1-V1,naive,V1,19,0.050316
36,CA1-V1,naive,V1,20,0.919232
36,CA1-V1,naive,V1,21,0.799912
36,CA1-V1,naive,V1,22,0.917494
36,CA1-V1,naive,V1,23,0.853434
36,CA1-V1,naive,V1,24,0.768758
36,CA1-V1,naive,V1,25,0.872982
36,CA1-V1,intermediate,CA1,0,0.947278
36,CA1-V1,intermediate,CA1,1,0.064104
36,CA1-V1,intermediate,CA1,2,1.021992
36,CA1-V1,intermediate,CA1,3,0.550108
36,CA1-V1,intermediate,CA1,4,0.933928
36,CA1-V1,intermediate,CA1,5,0.032909
36,CA1-V1,intermediate,CA1,6,0.911421
36,CA1-V1,intermediate,CA1,7,0.422048
36,CA1-V1,intermediate,CA1,8,0.927209
36,CA1-V1,intermediate,CA1,9,0.007468
36,CA1-V1,intermediate,CA1,10,0.935027
36,CA1-V1,intermediate,CA1,11,0.850316
36,CA1-V1,intermediate,CA1,12,0.098358
36,CA1-V1,intermediate,CA1,13,1.00377
36,CA1-V1,intermediate,CA1,14,0.168451
36,CA1-V1,intermediate,CA1,15,0.733679
36,CA1-V1,intermediate,CA1,16,0.779363
36,CA1-V1,intermediate,CA1,17,1.029059
36,CA1-V1,intermediate,CA1,18,0.006105
36,CA1-V1,intermediate,CA1,19,0.05273
36,CA1-V1,intermediate,CA1,20,0.005403
36,CA1-V1,intermediate,CA1,21,0.063699
36,CA1-V1,intermediate,CA1,22,1.009776
36,CA1-V1,intermediate,CA1,23,0.971661
36,CA1-V1,intermediate,CA1,24,1.037803
36,CA1-V1,intermediate,CA1,25,1.003479
36,CA1-V1,intermediate,CA1,26,0.943219
36,CA1-V1,intermediate,CA1,27,0.869483
36,CA1-V1,intermediate,CA1,28,1.023627
36,CA1-V1,intermediate,CA1,29,0.917127
36,CA1-V1,intermediate,CA1,30,0.075494
36,CA1-V1,intermediate,CA1,31,0.649751
36,CA1-V1,intermediate,V1,0,0.993611
36,CA1-V1,intermediate,V1,1,0.851302
36,CA1-V1,intermediate,V1,2,0.740021
36,CA1-V1,intermediate,V1,3,0.302245
36,CA1-V1,intermediate,V1,4,0.882757
36,CA1-V1,intermediate,V1,5,0.971282
36,CA1-V1,intermediate,V1,6,0.064634
36,CA1-V1,intermediate,V1,7,0.936466
36,CA1-V1,intermediate,V1,8,0.999881
36,CA1-V1,intermediate,V1,9,0.450132
36,CA1-V1,intermediate,V1,10,0.977209
36,CA1-V1,intermediate,V1,11,1.023139
36,CA1-V1,intermediate,V1,12,0.881107
36,CA1-V1,intermediate,V1,13,0.958971
36,CA1-V1,intermediate,V1,14,0.900382
36,CA1-V1,intermediate,V1,15,0.982533
36,CA1-V1,intermediate,V1,16,0.891069
36,CA1-V1,intermediate,V1,17,0.402736
36,CA1-V1,intermediate,V1,18,0.12244
36,CA1-V1,intermediate,V1,19,1.060264
36,CA1-V1,intermediate,V1,20,0.927775
36,CA1-V1,intermediate,V1,21,0.934935
36,CA1-V1,intermediate,V1,22,0.940388
36,CA1-V1,intermediate,V1,23,0.272561
36,CA1-V1,intermediate,V1,24,0.971531
36,CA1-V1,intermediate,V1,25,0.950893
36,CA1-V1,expert,CA1,0,0.924362
36,CA1-V1,expert,CA1,1,1.006881
36,CA1-V1,expert,CA1,2,0.979398
36,CA1-V1,expert,CA1,3,0.020039
36,CA1-V1,expert,CA1,4,0.992499
36,CA1-V1,expert,CA1,5,1.022074
36,CA1-V1,expert,CA1,6,0.907371
36,CA1-V1,expert,CA1,7,0.955257
36,CA1-V1,expert,CA1,8,0.987954
36,CA1-V1,expert,CA1,9,0.037843
36,CA1-V1,expert,CA1,10,0.900442
36,CA1-V1,expert,CA1,11,0.093874
36,CA1-V1,expert,CA1,12,0.030673
36,CA1-V1,expert,CA1,13,0.995874
36,CA1-V1,expert,CA1,14,0.835023
36,CA1-V1,expert,CA1,15,0.805123
36,CA1-V1,expert,CA1,16,0.960694
36,CA1-V1,expert,CA1,17,0.328103
36,CA1-V1,expert,CA1,18,0.742625
36,CA1-V1,expert,CA1,19,0.999921
36,CA1-V1,expert,CA1,20,0.497892
36,CA1-V1,expert,CA1,21,0.113718
36,CA1-V1,expert,CA1,22,0.781968
36,CA1-V1,expert,CA1,23,0.525306
36,CA1-V1,expert,CA1,24,0.070394
36,CA1-V1,expert,CA1,25,0.409196
36,CA1-V1,expert,CA1,26,0.976311
36,CA1-V1,expert,CA1,27,0.014893
36,CA1-V1,expert,CA1,28,0.198038
36,CA1-V1,expert,CA1,29,1.00174
36,CA1-V1,expert,CA1,30,0.26071
36,CA1-V1,expert,CA1,31,0.752259
36,CA1-V1,expert,V1,0,0.983942
36,CA1-V1,expert,V1,1,0.861144
36,CA1-V1,expert,V1,2,0.036893
36,CA1-V1,expert,V1,3,0.869962
36,CA1-V1,expert,V1,4,0.931976
36,CA1-V1,expert,V1,5,1.022097
36,CA1-V1,expert,V1,6,0.103216
36,CA1-V1,expert,V1,7,0.955299
36,CA1-V1,expert,V1,8,1.032437
36,CA1-V1,expert,V1,9,0.898393
36,CA1-V1,expert,V1,10,1.000625
36,CA1-V1,expert,V1,11,1.053564
36,CA1-V1,expert,V1,12,0.596702
36,CA1-V1,expert,V1,13,0.979509
36,CA1-V1,expert,V1,14,0.934739
36,CA1-V1,expert,V1,15,1.005325
36,CA1-V1,expert,V1,16,0.91067
36,CA1-V1,expert,V1,17,0.56556
36,CA1-V1,expert,V1,18,0.242918
36,CA1-V1,expert,V1,19,0.966473
36,CA1-V1,expert,V1,20,0.971408
36,CA1-V1,expert,V1,21,0.930811
36,CA1-V1,expert,V1,22,0.920285
36,CA1-V1,expert,V1,23,0.378491
36,CA1-V1,expert,V1,24,0.991892
36,CA1-V1,expert,V1,25,1.025853
41,CA1-CA3,expert,CA1,0,0.97032
41,CA1-CA3,expert,CA1,1,0.918129
41,CA1-CA3,expert,CA1,2,0.952845
41,CA1-CA3,expert,CA1,3,1.14611
41,CA1-CA3,expert,CA1,4,1.043263
41,CA1-CA3,expert,CA1,5,1.045202
41,CA1-CA3,expert,CA1,6,0.915271
41,CA1-CA3,expert,CA1,7,0.92207
41,CA1-CA3,expert,CA1,8,0.968811
41,CA1-CA3,expert,CA1,9,0.969031
41,CA1-CA3,expert,CA1,10,2.874972
41,CA1-CA3,expert,CA1,11,4.725783
41,CA1-CA3,expert,CA1,12,1.339084
41,CA1-CA3,expert,CA1,13,1.082525
41,CA1-CA3,expert,CA3,0,0.766435
41,CA1-CA3,expert,CA3,1,0.932548
41,CA1-CA3,expert,CA3,2,1.714392
41,CA1-CA3,expert,CA3,3,0.689101
41,CA1-CA3,expert,CA3,4,1.427198
41,CA1-CA3,expert,CA3,5,247.049374
41,CA1-CA3,expert,CA3,6,0.979813
41,CA1-CA3,expert,CA3,7,0.994758
41,CA1-CA3,expert,CA3,8,0.892615
41,CA1-CA3,expert,CA3,9,1.132759
41,CA1-CA3,expert,CA3,10,0.628487
41,CA1-CA3,expert,CA3,11,1.210591
41,CA1-CA3,expert,CA3,12,0.99573
41,CA1-CA3,expert,CA3,13,1.012366
41,CA1-V1,naive,CA1,0,1.04276
41,CA1-V1,naive,CA1,1,0.822138
41,CA1-V1,naive,CA1,2,0.978256
41,CA1-V1,naive,CA1,3,1.203355
41,CA1-V1,naive,CA1,4,1.063683
41,CA1-V1,naive,CA1,5,0.967696
41,CA1-V1,naive,CA1,6,0.868809
41,CA1-V1,naive,CA1,7,1.119139
41,CA1-V1,naive,CA1,8,1.68311
41,CA1-V1,naive,CA1,9,3.576979
41,CA1-V1,naive,CA1,10,1.199814
41,CA1-V1,naive,CA1,11,0.0
41,CA1-V1,naive,CA1,12,1.558152
41,CA1-V1,naive,CA1,13,1.320295
41,CA1-V1,naive,V1,0,0.043478
41,CA1-V1,naive,V1,1,0.062687
41,CA1-V1,naive,V1,2,0.073367
41,CA1-V1,naive,V1,3,0.150451
41,CA1-V1,naive,V1,4,0.068252
41,CA1-V1,naive,V1,5,0.117009
41,CA1-V1,naive,V1,6,0.081893
41,CA1-V1,naive,V1,7,0.362086
41,CA1-V1,naive,V1,8,0.217729
41,CA1-V1,naive,V1,9,0.198598
41,CA1-V1,naive,V1,10,0.372982
41,CA1-V1,naive,V1,11,0.199132
41,CA1-V1,naive,V1,12,0.046804
41,CA1-V1,naive,V1,13,0.098678
41,CA1-V1,naive,V1,14,0.04389
41,CA1-V1,naive,V1,15,0.195282
41,CA1-V1,naive,V1,16,0.158809
41,CA1-V1,naive,V1,17,0.057869
41,CA1-V1,naive,V1,18,0.465211
41,CA1-V1,naive,V1,19,0.135947
41,CA1-V1,naive,V1,20,0.071118
41,CA1-V1,naive,V1,21,0.097135
41,CA1-V1,naive,V1,22,0.070992
41,CA1-V1,naive,V1,23,0.039793
41,CA1-V1,naive,V1,24,0.140407
41,CA1-V1,naive,V1,25,0.071715
41,CA1-V1,naive,V1,26,0.041884
41,CA1-V1,naive,V1,27,0.141525
41,CA1-V1,naive,V1,28,0.077664
41,CA1-V1,naive,V1,29,0.14283
41,CA1-V1,naive,V1,30,0.164331
41,CA1-V1,naive,V1,31,0.070948
41,CA1-V1,naive,V1,32,0.08435
41,CA1-V1,naive,V1,33,0.111015
41,CA1-V1,naive,V1,34,0.144106
41,CA1-V1,naive,V1,35,0.097187
41,CA1-V1,naive,V1,36,0.050339
41,CA1-V1,naive,V1,37,0.112352
41,CA1-V1,naive,V1,38,0.039143
41,CA1-V1,naive,V1,39,0.153398
41,CA1-V1,naive,V1,40,0.021423
41,CA1-V1,naive,V1,41,0.152229
41,CA1-V1,naive,V1,42,0.043336
41,CA1-V1,naive,V1,43,0.071992
41,CA1-V1,naive,V1,44,0.069325
41,CA1-V1,naive,V1,45,0.077643
41,CA1-V1,naive,V1,46,0.041951
41,CA1-V1,naive,V1,47,0.195789
41,CA1-V1,naive,V1,48,0.072399
41,CA1-V1,naive,V1,49,0.059478
41,CA1-V1,naive,V1,50,0.303468
41,CA1-V1,naive,V1,51,0.087879
41,CA1-V1,naive,V1,52,0.075772
41,CA1-V1,naive,V1,53,0.199864
41,CA1-V1,naive,V1,54,0.016413
41,CA1-V1,naive,V1,55,0.034966
41,CA1-V1,naive,V1,56,0.229675
41,CA1-V1,naive,V1,57,0.125662
41,CA1-V1,naive,V1,58,0.021363
41,CA1-V1,naive,V1,59,0.167824
41,CA1-V1,naive,V1,60,0.03174
41,CA1-V1,naive,V1,61,0.210107
41,CA1-V1,naive,V1,62,0.124745
41,CA1-V1,naive,V1,63,0.203932
41,CA1-V1,naive,V1,64,0.124388
41,CA1-V1,naive,V1,65,0.438593
41,CA1-V1,naive,V1,66,0.044436
41,CA1-V1,naive,V1,67,0.475901
41,CA1-V1,naive,V1,68,0.084003
41,CA1-V1,naive,V1,69,0.178015
41,CA1-V1,naive,V1,70,0.173924
41,CA1-V1,naive,V1,71,0.265994
41,CA1-V1,naive,V1,72,0.091903
41,CA1-V1,naive,V1,73,0.218117
41,CA1-V1,naive,V1,74,0.140322
41,CA1-V1,naive,V1,75,0.153808
41,CA1-V1,naive,V1,76,0.019637
41,CA1-V1,naive,V1,77,0.361868
41,CA1-V1,naive,V1,78,0.438968
41,CA1-V1,naive,V1,79,0.09743
41,CA1-V1,naive,V1,80,0.039644
41,CA1-V1,naive,V1,81,0.133219
41,CA1-V1,naive,V1,82,0.050666
41,CA1-V1,naive,V1,83,0.198119
41,CA1-V1,naive,V1,84,0.079862
41,CA1-V1,naive,V1,85,0.005917
41,CA1-V1,naive,V1,86,0.424365
41,CA1-V1,naive,V1,87,0.357989
41,CA1-V1,naive,V1,88,0.257262
41,CA1-V1,naive,V1,89,0.058424
41,CA1-V1,naive,V1,90,0.124583
41,CA1-V1,naive,V1,91,0.151876
41,CA1-V1,naive,V1,92,0.106304
41,CA1-V1,naive,V1,93,0.06607
41,CA1-V1,naive,V1,94,0.018293
41,CA1-V1,naive,V1,95,0.190409
41,CA1-V1,naive,V1,96,0.02725
41,CA1-V1,naive,V1,97,0.063375
41,CA1-V1,naive,V1,98,0.153833
41,CA1-V1,naive,V1,99,0.182222
41,CA1-V1,naive,V1,100,0.332792
41,CA1-V1,naive,V1,101,0.074543
41,CA1-V1,naive,V1,102,0.07387
41,CA1-V1,naive,V1,103,0.018009
41,CA1-V1,naive,V1,104,0.068347
41,CA1-V1,naive,V1,105,0.102596
41,CA1-V1,naive,V1,106,0.052502
41,CA1-V1,naive,V1,107,0.055478
41,CA1-V1,naive,V1,108,0.030273
41,CA1-V1,naive,V1,109,0.081095
41,CA1-V1,naive,V1,110,0.123989
41,CA1-V1,naive,V1,111,0.022354
41,CA1-V1,naive,V1,112,0.244056
41,CA1-V1,naive,V1,113,0.154388
41,CA1-V1,naive,V1,114,0.055213
41,CA1-V1,naive,V1,115,0.084264
41,CA1-V1,naive,V1,116,0.209607
41,CA1-V1,naive,V1,117,0.025458
41,CA1-V1,naive,V1,118,0.02225
41,CA1-V1,naive,V1,119,0.132942
41,CA1-V1,naive,V1,120,0.288227
41,CA1-V1,naive,V1,121,0.087609
41,CA1-V1,naive,V1,122,0.189053
41,CA1-V1,naive,V1,123,0.052946
41,CA1-V1,naive,V1,124,0.052616
41,CA1-V1,naive,V1,125,0.105005
41,CA1-V1,naive,V1,126,0.161181
41,CA1-V1,naive,V1,127,0.266943
41,CA1-V1,naive,V1,128,0.348215
41,CA1-V1,naive,V1,129,0.095195
41,CA1-V1,naive,V1,130,0.044605
41,CA1-V1,naive,V1,131,0.20632
41,CA1-V1,naive,V1,132,0.024481
41,CA1-V1,naive,V1,133,0.406425
41,CA1-V1,naive,V1,134,0.308965
41,CA1-V1,naive,V1,135,0.50593
41,CA1-V1,naive,V1,136,0.085613
41,CA1-V1,naive,V1,137,0.072059
41,CA1-V1,naive,V1,138,0.065574
41,CA1-V1,naive,V1,139,0.344909
41,CA1-V1,naive,V1,140,0.030634
41,CA1-V1,naive,V1,141,0.209231
41,CA1-V1,naive,V1,142,0.024926
41,CA1-V1,naive,V1,143,0.005424
41,CA1-V1,naive,V1,144,0.083429
41,CA1-V1,naive,V1,145,0.063083
41,CA1-V1,naive,V1,146,0.10912
41,CA1-V1,naive,V1,147,0.579841
41,CA1-V1,naive,V1,148,0.322406
41,CA1-V1,naive,V1,149,0.072833
41,CA1-V1,naive,V1,150,0.056364
41,CA1-V1,naive,V1,151,0.246152
41,CA1-V1,naive,V1,152,0.06586
41,CA1-V1,naive,V1,153,0.04504
41,CA1-V1,naive,V1,154,0.058855
41,CA1-V1,intermediate,CA1,0,1.037999
41,CA1-V1,intermediate,CA1,1,0.867372
41,CA1-V1,intermediate,CA1,2,0.819751
41,CA1-V1,intermediate,CA1,3,1.77658
41,CA1-V1,intermediate,CA1,4,1.073881
41,CA1-V1,intermediate,CA1,5,1.426904
41,CA1-V1,intermediate,CA1,6,0.893912
41,CA1-V1,intermediate,CA1,7,0.943009
41,CA1-V1,intermediate,CA1,8,1.007194
41,CA1-V1,intermediate,CA1,9,7.9488
41,CA1-V1,intermediate,CA1,10,2.83758
41,CA1-V1,intermediate,CA1,11,0.0
41,CA1-V1,intermediate,CA1,12,1.427359
41,CA1-V1,intermediate,CA1,13,1.093188
41,CA1-V1,intermediate,V1,0,0.157643
41,CA1-V1,intermediate,V1,1,0.114795
41,CA1-V1,intermediate,V1,2,0.061249
41,CA1-V1,intermediate,V1,3,0.155187
41,CA1-V1,intermediate,V1,4,0.069863
41,CA1-V1,intermediate,V1,5,0.210084
41,CA1-V1,intermediate,V1,6,0.079754
41,CA1-V1,intermediate,V1,7,0.350205
41,CA1-V1,intermediate,V1,8,0.494176
41,CA1-V1,intermediate,V1,9,0.24906
41,CA1-V1,intermediate,V1,10,0.188895
41,CA1-V1,intermediate,V1,11,0.125189
41,CA1-V1,intermediate,V1,12,0.123281
41,CA1-V1,intermediate,V1,13,0.126343
41,CA1-V1,intermediate,V1,14,0.068439
41,CA1-V1,intermediate,V1,15,0.444414
41,CA1-V1,intermediate,V1,16,0.12507
41,CA1-V1,intermediate,V1,17,0.146312
41,CA1-V1,intermediate,V1,18,0.096542
41,CA1-V1,intermediate,V1,19,0.150852
41,CA1-V1,intermediate,V1,20,0.088544
41,CA1-V1,intermediate,V1,21,0.290808
41,CA1-V1,intermediate,V1,22,0.116426
41,CA1-V1,intermediate,V1,23,0.350709
41,CA1-V1,intermediate,V1,24,0.228082
41,CA1-V1,intermediate,V1,25,0.113896
41,CA1-V1,intermediate,V1,26,0.052802
41,CA1-V1,intermediate,V1,27,0.192095
41,CA1-V1,intermediate,V1,28,0.099293
41,CA1-V1,intermediate,V1,29,0.200105
41,CA1-V1,intermediate,V1,30,0.188543
41,CA1-V1,intermediate,V1,31,0.151913
41,CA1-V1,intermediate,V1,32,0.115754
41,CA1-V1,intermediate,V1,33,0.226917
41,CA1-V1,intermediate,V1,34,0.136037
41,CA1-V1,intermediate,V1,35,0.124767
41,CA1-V1,intermediate,V1,36,0.062258
41,CA1-V1,intermediate,V1,37,0.0971
41,CA1-V1,intermediate,V1,38,0.16549
41,CA1-V1,intermediate,V1,39,0.112194
41,CA1-V1,intermediate,V1,40,0.047921
41,CA1-V1,intermediate,V1,41,0.220134
41,CA1-V1,intermediate,V1,42,0.14145
41,CA1-V1,intermediate,V1,43,0.262176
41,CA1-V1,intermediate,V1,44,0.076903
41,CA1-V1,intermediate,V1,45,0.185163
41,CA1-V1,intermediate,V1,46,0.157975
41,CA1-V1,intermediate,V1,47,0.122883
41,CA1-V1,intermediate,V1,48,0.124784
41,CA1-V1,intermediate,V1,49,0.247597
41,CA1-V1,intermediate,V1,50,0.311758
41,CA1-V1,intermediate,V1,51,0.197587
41,CA1-V1,intermediate,V1,52,0.145819
41,CA1-V1,intermediate,V1,53,0.19829
41,CA1-V1,intermediate,V1,54,0.031252
41,CA1-V1,intermediate,V1,55,0.173841
41,CA1-V1,intermediate,V1,56,0.230761
41,CA1-V1,intermediate,V1,57,0.214364
41,CA1-V1,intermediate,V1,58,0.046224
41,CA1-V1,intermediate,V1,59,0.197675
41,CA1-V1,intermediate,V1,60,0.047626
41,CA1-V1,intermediate,V1,61,0.299155
41,CA1-V1,intermediate,V1,62,0.156707
41,CA1-V1,intermediate,V1,63,0.054434
41,CA1-V1,intermediate,V1,64,0.182116
41,CA1-V1,intermediate,V1,65,0.28471
41,CA1-V1,intermediate,V1,66,0.097539
41,CA1-V1,intermediate,V1,67,0.086476
41,CA1-V1,intermediate,V1,68,0.630098
41,CA1-V1,intermediate,V1,69,0.195246
41,CA1-V1,intermediate,V1,70,0.208059
41,CA1-V1,intermediate,V1,71,0.221068
41,CA1-V1,intermediate,V1,72,0.157447
41,CA1-V1,intermediate,V1,73,0.241614
41,CA1-V1,intermediate,V1,74,0.164871
41,CA1-V1,intermediate,V1,75,0.206759
41,CA1-V1,intermediate,V1,76,0.044403
41,CA1-V1,intermediate,V1,77,0.105399
41,CA1-V1,intermediate,V1,78,0.17471
41,CA1-V1,intermediate,V1,79,0.043871
41,CA1-V1,intermediate,V1,80,0.123712
41,CA1-V1,intermediate,V1,81,0.159305
41,CA1-V1,intermediate,V1,82,0.260499
41,CA1-V1,intermediate,V1,83,0.271732
41,CA1-V1,intermediate,V1,84,0.152315
41,CA1-V1,intermediate,V1,85,0.028342
41,CA1-V1,intermediate,V1,86,0.053274
41,CA1-V1,intermediate,V1,87,0.017814
41,CA1-V1,intermediate,V1,88,0.137144
41,CA1-V1,intermediate,V1,89,0.147111
41,CA1-V1,intermediate,V1,90,0.127314
41,CA1-V1,intermediate,V1,91,0.267178
41,CA1-V1,intermediate,V1,92,0.170077
41,CA1-V1,intermediate,V1,93,0.096322
41,CA1-V1,intermediate,V1,94,0.107355
41,CA1-V1,intermediate,V1,95,0.329539
41,CA1-V1,intermediate,V1,96,0.082291
41,CA1-V1,intermediate,V1,97,0.122342
41,CA1-V1,intermediate,V1,98,0.116747
41,CA1-V1,intermediate,V1,99,0.306559
41,CA1-V1,intermediate,V1,100,0.276694
41,CA1-V1,intermediate,V1,101,0.190362
41,CA1-V1,intermediate,V1,102,0.205181
41,CA1-V1,intermediate,V1,103,0.080783
41,CA1-V1,intermediate,V1,104,0.181948
41,CA1-V1,intermediate,V1,105,0.181041
41,CA1-V1,intermediate,V1,106,0.127468
41,CA1-V1,intermediate,V1,107,0.296061
41,CA1-V1,intermediate,V1,108,0.04351
41,CA1-V1,intermediate,V1,109,0.246287
41,CA1-V1,intermediate,V1,110,0.131713
41,CA1-V1,intermediate,V1,111,0.046671
41,CA1-V1,intermediate,V1,112,0.091668
41,CA1-V1,intermediate,V1,113,0.471893
41,CA1-V1,intermediate,V1,114,0.132497
41,CA1-V1,intermediate,V1,115,0.110494
41,CA1-V1,intermediate,V1,116,0.299369
41,CA1-V1,intermediate,V1,117,0.245787
41,CA1-V1,intermediate,V1,118,0.047677
41,CA1-V1,intermediate,V1,119,0.152971
41,CA1-V1,intermediate,V1,120,0.20637
41,CA1-V1,intermediate,V1,121,0.062574
41,CA1-V1,intermediate,V1,122,0.141947
41,CA1-V1,intermediate,V1,123,0.06301
41,CA1-V1,intermediate,V1,124,0.09591
41,CA1-V1,intermediate,V1,125,0.145428
41,CA1-V1,intermediate,V1,126,0.192098
41,CA1-V1,intermediate,V1,127,0.510155
41,CA1-V1,intermediate,V1,128,0.023407
41,CA1-V1,intermediate,V1,129,0.111162
41,CA1-V1,intermediate,V1,130,0.185442
41,CA1-V1,intermediate,V1,131,0.190452
41,CA1-V1,intermediate,V1,132,0.171052
41,CA1-V1,intermediate,V1,133,0.158721
41,CA1-V1,intermediate,V1,134,0.300268
41,CA1-V1,intermediate,V1,135,0.256571
41,CA1-V1,intermediate,V1,136,0.138349
41,CA1-V1,intermediate,V1,137,0.134778
41,CA1-V1,intermediate,V1,138,0.134596
41,CA1-V1,intermediate,V1,139,0.293139
41,CA1-V1,intermediate,V1,140,0.237798
41,CA1-V1,intermediate,V1,141,0.393836
41,CA1-V1,intermediate,V1,142,0.062052
41,CA1-V1,intermediate,V1,143,0.027038
41,CA1-V1,intermediate,V1,144,0.125028
41,CA1-V1,intermediate,V1,145,0.089703
41,CA1-V1,intermediate,V1,146,0.181616
41,CA1-V1,intermediate,V1,147,0.638882
41,CA1-V1,intermediate,V1,148,0.390542
41,CA1-V1,intermediate,V1,149,0.152593
41,CA1-V1,intermediate,V1,150,0.134792
41,CA1-V1,intermediate,V1,151,0.205786
41,CA1-V1,intermediate,V1,152,0.085345
41,CA1-V1,intermediate,V1,153,0.124215
41,CA1-V1,intermediate,V1,154,0.089638
41,CA1-V1,expert,CA1,0,0.976625
41,CA1-V1,expert,CA1,1,0.926584
41,CA1-V1,expert,CA1,2,0.945898
41,CA1-V1,expert,CA1,3,1.141472
41,CA1-V1,expert,CA1,4,1.038767
41,CA1-V1,expert,CA1,5,1.039531
41,CA1-V1,expert,CA1,6,0.910799
41,CA1-V1,expert,CA1,7,0.947082
41,CA1-V1,expert,CA1,8,0.965654
41,CA1-V1,expert,CA1,9,0.957771
41,CA1-V1,expert,CA1,10,2.865387
41,CA1-V1,expert,CA1,11,4.715204
41,CA1-V1,expert,CA1,12,1.335708
41,CA1-V1,expert,CA1,13,1.076118
41,CA1-V1,expert,V1,0,0.049106
41,CA1-V1,expert,V1,1,0.129461
41,CA1-V1,expert,V1,2,0.092209
41,CA1-V1,expert,V1,3,0.13631
41,CA1-V1,expert,V1,4,0.10374
41,CA1-V1,expert,V1,5,0.217371
41,CA1-V1,expert,V1,6,0.103446
41,CA1-V1,expert,V1,7,0.252074
41,CA1-V1,expert,V1,8,0.5801
41,CA1-V1,expert,V1,9,0.292867
41,CA1-V1,expert,V1,10,0.151396
41,CA1-V1,expert,V1,11,0.054254
41,CA1-V1,expert,V1,12,0.13756
41,CA1-V1,expert,V1,13,0.171467
41,CA1-V1,expert,V1,14,0.162653
41,CA1-V1,expert,V1,15,0.41124
41,CA1-V1,expert,V1,16,0.223284
41,CA1-V1,expert,V1,17,0.159107
41,CA1-V1,expert,V1,18,0.159359
41,CA1-V1,expert,V1,19,0.158226
41,CA1-V1,expert,V1,20,0.126768
41,CA1-V1,expert,V1,21,0.42026
41,CA1-V1,expert,V1,22,0.189954
41,CA1-V1,expert,V1,23,0.31579
41,CA1-V1,expert,V1,24,0.248289
41,CA1-V1,expert,V1,25,0.147728
41,CA1-V1,expert,V1,26,0.063635
41,CA1-V1,expert,V1,27,0.227707
41,CA1-V1,expert,V1,28,0.185495
41,CA1-V1,expert,V1,29,0.209961
41,CA1-V1,expert,V1,30,0.181685
41,CA1-V1,expert,V1,31,0.215366
41,CA1-V1,expert,V1,32,0.166288
41,CA1-V1,expert,V1,33,0.240411
41,CA1-V1,expert,V1,34,0.198956
41,CA1-V1,expert,V1,35,0.180037
41,CA1-V1,expert,V1,36,0.098938
41,CA1-V1,expert,V1,37,0.145501
41,CA1-V1,expert,V1,38,0.160179
41,CA1-V1,expert,V1,39,0.208857
41,CA1-V1,expert,V1,40,0.046269
41,CA1-V1,expert,V1,41,0.263306
41,CA1-V1,expert,V1,42,0.104634
41,CA1-V1,expert,V1,43,0.125449
41,CA1-V1,expert,V1,44,0.164357
41,CA1-V1,expert,V1,45,0.427209
41,CA1-V1,expert,V1,46,0.23387
41,CA1-V1,expert,V1,47,0.055075
41,CA1-V1,expert,V1,48,0.149368
41,CA1-V1,expert,V1,49,0.150851
41,CA1-V1,expert,V1,50,0.321737
41,CA1-V1,expert,V1,51,0.200462
41,CA1-V1,expert,V1,52,0.236879
41,CA1-V1,expert,V1,53,0.208157
41,CA1-V1,expert,V1,54,0.040336
41,CA1-V1,expert,V1,55,0.201189
41,CA1-V1,expert,V1,56,0.185629
41,CA1-V1,expert,V1,57,0.236025
41,CA1-V1,expert,V1,58,0.161021
41,CA1-V1,expert,V1,59,0.172349
41,CA1-V1,expert,V1,60,0.140319
41,CA1-V1,expert,V1,61,0.2987
41,CA1-V1,expert,V1,62,0.189282
41,CA1-V1,expert,V1,63,0.037806
41,CA1-V1,expert,V1,64,0.24593
41,CA1-V1,expert,V1,65,0.265533
41,CA1-V1,expert,V1,66,0.077548
41,CA1-V1,expert,V1,67,0.084384
41,CA1-V1,expert,V1,68,0.514934
41,CA1-V1,expert,V1,69,0.230388
41,CA1-V1,expert,V1,70,0.247048
41,CA1-V1,expert,V1,71,0.229436
41,CA1-V1,expert,V1,72,0.126063
41,CA1-V1,expert,V1,73,0.359438
41,CA1-V1,expert,V1,74,0.213087
41,CA1-V1,expert,V1,75,0.238103
41,CA1-V1,expert,V1,76,0.215416
41,CA1-V1,expert,V1,77,0.137146
41,CA1-V1,expert,V1,78,0.158789
41,CA1-V1,expert,V1,79,0.09102
41,CA1-V1,expert,V1,80,0.397941
41,CA1-V1,expert,V1,81,0.226611
41,CA1-V1,expert,V1,82,0.193061
41,CA1-V1,expert,V1,83,0.247765
41,CA1-V1,expert,V1,84,0.128163
41,CA1-V1,expert,V1,85,0.03354
41,CA1-V1,expert,V1,86,0.021949
41,CA1-V1,expert,V1,87,0.032936
41,CA1-V1,expert,V1,88,0.204385
41,CA1-V1,expert,V1,89,0.211851
41,CA1-V1,expert,V1,90,0.201075
41,CA1-V1,expert,V1,91,0.199971
41,CA1-V1,expert,V1,92,0.175346
41,CA1-V1,expert,V1,93,0.079873
41,CA1-V1,expert,V1,94,0.060885
41,CA1-V1,expert,V1,95,0.343
41,CA1-V1,expert,V1,96,0.077792
41,CA1-V1,expert,V1,97,0.154232
41,CA1-V1,expert,V1,98,0.097705
41,CA1-V1,expert,V1,99,0.342835
41,CA1-V1,expert,V1,100,0.386128
41,CA1-V1,expert,V1,101,0.192625
41,CA1-V1,expert,V1,102,0.475551
41,CA1-V1,expert,V1,103,0.625683
41,CA1-V1,expert,V1,104,0.340497
41,CA1-V1,expert,V1,105,0.196868
41,CA1-V1,expert,V1,106,0.164106
41,CA1-V1,expert,V1,107,0.141965
41,CA1-V1,expert,V1,108,0.080379
41,CA1-V1,expert,V1,109,0.321981
41,CA1-V1,expert,V1,110,0.152937
41,CA1-V1,expert,V1,111,0.043039
41,CA1-V1,expert,V1,112,0.104068
41,CA1-V1,expert,V1,113,0.175738
41,CA1-V1,expert,V1,114,0.17029
41,CA1-V1,expert,V1,115,0.222422
41,CA1-V1,expert,V1,116,0.301592
41,CA1-V1,expert,V1,117,0.289319
41,CA1-V1,expert,V1,118,0.049906
41,CA1-V1,expert,V1,119,0.254587
41,CA1-V1,expert,V1,120,0.161096
41,CA1-V1,expert,V1,121,0.079921
41,CA1-V1,expert,V1,122,0.243088
41,CA1-V1,expert,V1,123,0.041428
41,CA1-V1,expert,V1,124,0.116864
41,CA1-V1,expert,V1,125,0.224104
41,CA1-V1,expert,V1,126,0.143354
41,CA1-V1,expert,V1,127,0.198889
41,CA1-V1,expert,V1,128,0.071488
41,CA1-V1,expert,V1,129,0.14801
41,CA1-V1,expert,V1,130,0.419981
41,CA1-V1,expert,V1,131,0.309467
41,CA1-V1,expert,V1,132,0.148398
41,CA1-V1,expert,V1,133,0.162672
41,CA1-V1,expert,V1,134,0.318715
41,CA1-V1,expert,V1,135,0.235773
41,CA1-V1,expert,V1,136,0.17162
41,CA1-V1,expert,V1,137,0.253651
41,CA1-V1,expert,V1,138,0.143376
41,CA1-V1,expert,V1,139,0.201882
41,CA1-V1,expert,V1,140,0.473916
41,CA1-V1,expert,V1,141,0.253087
41,CA1-V1,expert,V1,142,0.059269
41,CA1-V1,expert,V1,143,0.040469
41,CA1-V1,expert,V1,144,0.155476
41,CA1-V1,expert,V1,145,0.118363
41,CA1-V1,expert,V1,146,0.212224
41,CA1-V1,expert,V1,147,0.610238
41,CA1-V1,expert,V1,148,0.109707
41,CA1-V1,expert,V1,149,0.140856
41,CA1-V1,expert,V1,150,0.083377
41,CA1-V1,expert,V1,151,0.117459
41,CA1-V1,expert,V1,152,0.064902
41,CA1-V1,expert,V1,153,0.105793
41,CA1-V1,expert,V1,154,0.079786
52,CA1-RSC,naive,CA1,0,0.148348
52,CA1-RSC,naive,CA1,1,0.412248
52,CA1-RSC,naive,CA1,2,0.383166
52,CA1-RSC,naive,CA1,3,0.017028
52,CA1-RSC,naive,CA1,4,0.0023
52,CA1-RSC,naive,CA1,5,0.021389
52,CA1-RSC,naive,CA1,6,0.47307
52,CA1-RSC,naive,CA1,7,0.050101
52,CA1-RSC,naive,CA1,8,0.137078
52,CA1-RSC,naive,CA1,9,0.011374
52,CA1-RSC,naive,CA1,10,0.443067
52,CA1-RSC,naive,CA1,11,0.322228
52,CA1-RSC,naive,CA1,12,0.04262
52,CA1-RSC,naive,CA1,13,0.101915
52,CA1-RSC,naive,CA1,14,0.460015
52,CA1-RSC,naive,CA1,15,0.263876
52,CA1-RSC,naive,CA1,16,0.026276
52,CA1-RSC,naive,CA1,17,0.390688
52,CA1-RSC,naive,CA1,18,0.025413
52,CA1-RSC,naive,CA1,19,0.034211
52,CA1-RSC,naive,CA1,20,0.087954
52,CA1-RSC,naive,CA1,21,0.234799
52,CA1-RSC,naive,CA1,22,0.432719
52,CA1-RSC,naive,CA1,23,0.260034
52,CA1-RSC,naive,CA1,24,0.234568
52,CA1-RSC,naive,CA1,25,0.407835
52,CA1-RSC,naive,CA1,26,0.126248
52,CA1-RSC,naive,CA1,27,0.530691
52,CA1-RSC,naive,CA1,28,0.017227
52,CA1-RSC,naive,CA1,29,0.454114
52,CA1-RSC,naive,CA1,30,0.55422
52,CA1-RSC,naive,CA1,31,0.021999
52,CA1-RSC,naive,CA1,32,0.585269
52,CA1-RSC,naive,CA1,33,0.099775
52,CA1-RSC,naive,CA1,34,0.545905
52,CA1-RSC,naive,CA1,35,0.314907
52,CA1-RSC,naive,CA1,36,0.043987
52,CA1-RSC,naive,CA1,37,0.414381
52,CA1-RSC,naive,CA1,38,0.183646
52,CA1-RSC,naive,CA1,39,0.64725
52,CA1-RSC,naive,CA1,40,0.515501
52,CA1-RSC,naive,CA1,41,0.020995
52,CA1-RSC,naive,CA1,42,0.28502
52,CA1-RSC,naive,CA1,43,0.424915
52,CA1-RSC,naive,CA1,44,0.044664
52,CA1-RSC,naive,CA1,45,0.127235
52,CA1-RSC,naive,CA1,46,0.332797
52,CA1-RSC,naive,CA1,47,0.583302
52,CA1-RSC,naive,CA1,48,0.325891
52,CA1-RSC,naive,CA1,49,0.064046
52,CA1-RSC,naive,CA1,50,0.201273
52,CA1-RSC,naive,CA1,51,0.294186
52,CA1-RSC,naive,CA1,52,0.187446
52,CA1-RSC,naive,CA1,53,0.020993
52,CA1-RSC,naive,RSC,0,1.095122
52,CA1-RSC,naive,RSC,1,1.180867
52,CA1-RSC,naive,RSC,2,1.064766
52,CA1-RSC,naive,RSC,3,0.936412
52,CA1-RSC,naive,RSC,4,0.958004
52,CA1-RSC,naive,RSC,5,1.522092
52,CA1-RSC,naive,RSC,6,1.048759
52,CA1-RSC,intermediate,CA1,0,0.116182
52,CA1-RSC,intermediate,CA1,1,0.11205
52,CA1-RSC,intermediate,CA1,2,0.114598
52,CA1-RSC,intermediate,CA1,3,0.572344
52,CA1-RSC,intermediate,CA1,4,0.269814
52,CA1-RSC,intermediate,CA1,5,0.662525
52,CA1-RSC,intermediate,CA1,6,0.217211
52,CA1-RSC,intermediate,CA1,7,0.60651
52,CA1-RSC,intermediate,CA1,8,0.311712
52,CA1-RSC,intermediate,CA1,9,0.143637
52,CA1-RSC,intermediate,CA1,10,0.229734
52,CA1-RSC,intermediate,CA1,11,0.016703
52,CA1-RSC,intermediate,CA1,12,0.024898
52,CA1-RSC,intermediate,CA1,13,0.059912
52,CA1-RSC,intermediate,CA1,14,0.059139
52,CA1-RSC,intermediate,CA1,15,0.04893
52,CA1-RSC,intermediate,CA1,16,0.770363
52,CA1-RSC,intermediate,CA1,17,0.030961
52,CA1-RSC,intermediate,CA1,18,0.14351
52,CA1-RSC,intermediate,CA1,19,0.155322
52,CA1-RSC,intermediate,CA1,20,0.466896
52,CA1-RSC,intermediate,CA1,21,0.379517
52,CA1-RSC,intermediate,CA1,22,0.048225
52,CA1-RSC,intermediate,CA1,23,0.235644
52,CA1-RSC,intermediate,CA1,24,0.142785
52,CA1-RSC,intermediate,CA1,25,0.373551
52,CA1-RSC,intermediate,CA1,26,0.010888
52,CA1-RSC,intermediate,CA1,27,0.338583
52,CA1-RSC,intermediate,CA1,28,0.230718
52,CA1-RSC,intermediate,CA1,29,0.227397
52,CA1-RSC,intermediate,CA1,30,0.456937
52,CA1-RSC,intermediate,CA1,31,0.405902
52,CA1-RSC,intermediate,CA1,32,0.057488
52,CA1-RSC,intermediate,CA1,33,0.164536
52,CA1-RSC,intermediate,CA1,34,0.149477
52,CA1-RSC,intermediate,CA1,35,0.184533
52,CA1-RSC,intermediate,CA1,36,0.071746
52,CA1-RSC,intermediate,CA1,37,0.403007
52,CA1-RSC,intermediate,CA1,38,0.108521
52,CA1-RSC,intermediate,CA1,39,0.143225
52,CA1-RSC,intermediate,CA1,40,0.194322
52,CA1-RSC,intermediate,CA1,41,0.143791
52,CA1-RSC,intermediate,CA1,42,0.049713
52,CA1-RSC,intermediate,CA1,43,0.527026
52,CA1-RSC,intermediate,CA1,44,0.297291
52,CA1-RSC,intermediate,CA1,45,0.642079
52,CA1-RSC,intermediate,CA1,46,0.527476
52,CA1-RSC,intermediate,CA1,47,0.277473
52,CA1-RSC,intermediate,CA1,48,0.325986
52,CA1-RSC,intermediate,CA1,49,0.101414
52,CA1-RSC,intermediate,CA1,50,0.059724
52,CA1-RSC,intermediate,CA1,51,0.110191
52,CA1-RSC,intermediate,CA1,52,0.085688
52,CA1-RSC,intermediate,CA1,53,0.336571
52,CA1-RSC,intermediate,RSC,0,1.039189
52,CA1-RSC,intermediate,RSC,1,0.953935
52,CA1-RSC,intermediate,RSC,2,1.156766
52,CA1-RSC,intermediate,RSC,3,1.071384
52,CA1-RSC,intermediate,RSC,4,0.96365
52,CA1-RSC,intermediate,RSC,5,1.136015
52,CA1-RSC,intermediate,RSC,6,0.976716
52,CA1-RSC,expert,CA1,0,0.18219
52,CA1-RSC,expert,CA1,1,0.029324
52,CA1-RSC,expert,CA1,2,0.604547
52,CA1-RSC,expert,CA1,3,0.061361
52,CA1-RSC,expert,CA1,4,0.336022
52,CA1-RSC,expert,CA1,5,0.630607
52,CA1-RSC,expert,CA1,6,0.058095
52,CA1-RSC,expert,CA1,7,0.324199
52,CA1-RSC,expert,CA1,8,0.119133
52,CA1-RSC,expert,CA1,9,0.208378
52,CA1-RSC,expert,CA1,10,0.619443
52,CA1-RSC,expert,CA1,11,0.09685
52,CA1-RSC,expert,CA1,12,0.01063
52,CA1-RSC,expert,CA1,13,0.091142
52,CA1-RSC,expert,CA1,14,0.175992
52,CA1-RSC,expert,CA1,15,0.105125
52,CA1-RSC,expert,CA1,16,0.401029
52,CA1-RSC,expert,CA1,17,0.103925
52,CA1-RSC,expert,CA1,18,0.606137
52,CA1-RSC,expert,CA1,19,0.315018
52,CA1-RSC,expert,CA1,20,0.379412
52,CA1-RSC,expert,CA1,21,0.229693
52,CA1-RSC,expert,CA1,22,0.032245
52,CA1-RSC,expert,CA1,23,0.29479
52,CA1-RSC,expert,CA1,24,0.018623
52,CA1-RSC,expert,CA1,25,0.051826
52,CA1-RSC,expert,CA1,26,0.009281
52,CA1-RSC,expert,CA1,27,0.031689
52,CA1-RSC,expert,CA1,28,0.233073
52,CA1-RSC,expert,CA1,29,0.243054
52,CA1-RSC,expert,CA1,30,0.389415
52,CA1-RSC,expert,CA1,31,0.560859
52,CA1-RSC,expert,CA1,32,0.092723
52,CA1-RSC,expert,CA1,33,0.162873
52,CA1-RSC,expert,CA1,34,0.084417
52,CA1-RSC,expert,CA1,35,0.226961
52,CA1-RSC,expert,CA1,36,0.192225
52,CA1-RSC,expert,CA1,37,0.27114
52,CA1-RSC,expert,CA1,38,0.070465
52,CA1-RSC,expert,CA1,39,0.057554
52,CA1-RSC,expert,CA1,40,0.140286
52,CA1-RSC,expert,CA1,41,0.227667
52,CA1-RSC,expert,CA1,42,0.428218
52,CA1-RSC,expert,CA1,43,0.341942
52,CA1-RSC,expert,CA1,44,0.437328
52,CA1-RSC,expert,CA1,45,0.438001
52,CA1-RSC,expert,CA1,46,0.594227
52,CA1-RSC,expert,CA1,47,0.295434
52,CA1-RSC,expert,CA1,48,0.371227
52,CA1-RSC,expert,CA1,49,0.52882
52,CA1-RSC,expert,CA1,50,0.150105
52,CA1-RSC,expert,CA1,51,0.025314
52,CA1-RSC,expert,CA1,52,0.037016
52,CA1-RSC,expert,CA1,53,0.071816
52,CA1-RSC,expert,RSC,0,1.03386
52,CA1-RSC,expert,RSC,1,0.947415
52,CA1-RSC,expert,RSC,2,0.989465
52,CA1-RSC,expert,RSC,3,1.049407
52,CA1-RSC,expert,RSC,4,1.16125
52,CA1-RSC,expert,RSC,5,1.10412
52,CA1-RSC,expert,RSC,6,0.931967
52,CA1-CA3,naive,CA1,0,0.287356
52,CA1-CA3,naive,CA1,1,0.758582
52,CA1-CA3,naive,CA1,2,0.894965
52,CA1-CA3,naive,CA1,3,0.023294
52,CA1-CA3,naive,CA1,4,0.003468
52,CA1-CA3,naive,CA1,5,0.034689
52,CA1-CA3,naive,CA1,6,0.802028
52,CA1-CA3,naive,CA1,7,0.073654
52,CA1-CA3,naive,CA1,8,0.193232
52,CA1-CA3,naive,CA1,9,0.019514
52,CA1-CA3,naive,CA1,10,0.754318
52,CA1-CA3,naive,CA1,11,0.804677
52,CA1-CA3,naive,CA1,12,0.067788
52,CA1-CA3,naive,CA1,13,0.192486
52,CA1-CA3,naive,CA1,14,0.553995
52,CA1-CA3,naive,CA1,15,0.371805
52,CA1-CA3,naive,CA1,16,0.049319
52,CA1-CA3,naive,CA1,17,0.858326
52,CA1-CA3,naive,CA1,18,0.033936
52,CA1-CA3,naive,CA1,19,0.083577
52,CA1-CA3,naive,CA1,20,0.122226
52,CA1-CA3,naive,CA1,21,0.288134
52,CA1-CA3,naive,CA1,22,0.851087
52,CA1-CA3,naive,CA1,23,0.495613
52,CA1-CA3,naive,CA1,24,0.908833
52,CA1-CA3,naive,CA1,25,0.744185
52,CA1-CA3,naive,CA1,26,0.224752
52,CA1-CA3,naive,CA1,27,0.847996
52,CA1-CA3,naive,CA1,28,0.025092
52,CA1-CA3,naive,CA1,29,0.884863
52,CA1-CA3,naive,CA1,30,0.680315
52,CA1-CA3,naive,CA1,31,0.043542
52,CA1-CA3,naive,CA1,32,0.812543
52,CA1-CA3,naive,CA1,33,0.330801
52,CA1-CA3,naive,CA1,34,0.862681
52,CA1-CA3,naive,CA1,35,0.558051
52,CA1-CA3,naive,CA1,36,0.097337
52,CA1-CA3,naive,CA1,37,0.525932
52,CA1-CA3,naive,CA1,38,0.24337
52,CA1-CA3,naive,CA1,39,0.852603
52,CA1-CA3,naive,CA1,40,0.874549
52,CA1-CA3,naive,CA1,41,0.029653
52,CA1-CA3,naive,CA1,42,0.415707
52,CA1-CA3,naive,CA1,43,0.472138
52,CA1-CA3,naive,CA1,44,0.068366
52,CA1-CA3,naive,CA1,45,0.229117
52,CA1-CA3,naive,CA1,46,0.501313
52,CA1-CA3,naive,CA1,47,0.86727
52,CA1-CA3,naive,CA1,48,0.575475
52,CA1-CA3,naive,CA1,49,0.108025
52,CA1-CA3,naive,CA1,50,0.23645
52,CA1-CA3,naive,CA1,51,0.666108
52,CA1-CA3,naive,CA1,52,0.34572
52,CA1-CA3,naive,CA1,53,0.026226
52,CA1-CA3,naive,CA3,0,0.074541
52,CA1-CA3,naive,CA3,1,0.034697
52,CA1-CA3,naive,CA3,2,0.405467
52,CA1-CA3,naive,CA3,3,0.266032
52,CA1-CA3,naive,CA3,4,0.590422
52,CA1-CA3,naive,CA3,5,0.25815
52,CA1-CA3,naive,CA3,6,0.386235
52,CA1-CA3,naive,CA3,7,0.274709
52,CA1-CA3,naive,CA3,8,0.04108
52,CA1-CA3,naive,CA3,9,0.79588
52,CA1-CA3,naive,CA3,10,0.856481
52,CA1-CA3,naive,CA3,11,0.203141
52,CA1-CA3,naive,CA3,12,0.888582
52,CA1-CA3,naive,CA3,13,0.612216
52,CA1-CA3,naive,CA3,14,0.073496
52,CA1-CA3,naive,CA3,15,0.028099
52,CA1-CA3,naive,CA3,16,0.089433
52,CA1-CA3,naive,CA3,17,0.306146
52,CA1-CA3,naive,CA3,18,0.37632
52,CA1-CA3,naive,CA3,19,0.666746
52,CA1-CA3,naive,CA3,20,0.809034
52,CA1-CA3,naive,CA3,21,0.699089
52,CA1-CA3,naive,CA3,22,0.486242
52,CA1-CA3,naive,CA3,23,0.243138
52,CA1-CA3,naive,CA3,24,0.363716
52,CA1-CA3,naive,CA3,25,0.02903
52,CA1-CA3,naive,CA3,26,0.01037
52,CA1-CA3,naive,CA3,27,0.015084
52,CA1-CA3,naive,CA3,28,0.201579
52,CA1-CA3,naive,CA3,29,0.053592
52,CA1-CA3,naive,CA3,30,0.065807
52,CA1-CA3,naive,CA3,31,0.028875
52,CA1-CA3,naive,CA3,32,0.49773
52,CA1-CA3,naive,CA3,33,0.705463
52,CA1-CA3,naive,CA3,34,0.297233
52,CA1-CA3,naive,CA3,35,0.350402
52,CA1-CA3,naive,CA3,36,0.566935
52,CA1-CA3,naive,CA3,37,0.24367
52,CA1-CA3,naive,CA3,38,0.823838
52,CA1-CA3,naive,CA3,39,0.862002
52,CA1-CA3,naive,CA3,40,0.911775
52,CA1-CA3,naive,CA3,41,0.414853
52,CA1-CA3,naive,CA3,42,0.340613
52,CA1-CA3,naive,CA3,43,0.816432
52,CA1-CA3,naive,CA3,44,0.348537
52,CA1-CA3,naive,CA3,45,0.885176
52,CA1-CA3,naive,CA3,46,0.835068
52,CA1-CA3,naive,CA3,47,0.432584
52,CA1-CA3,naive,CA3,48,0.911043
52,CA1-CA3,naive,CA3,49,0.058139
52,CA1-CA3,naive,CA3,50,0.78433
52,CA1-CA3,naive,CA3,51,0.103209
52,CA1-CA3,naive,CA3,52,0.702127
52,CA1-CA3,naive,CA3,53,0.29986
52,CA1-CA3,intermediate,CA1,0,0.192507
52,CA1-CA3,intermediate,CA1,1,0.219913
52,CA1-CA3,intermediate,CA1,2,0.120586
52,CA1-CA3,intermediate,CA1,3,0.863826
52,CA1-CA3,intermediate,CA1,4,0.881814
52,CA1-CA3,intermediate,CA1,5,0.749991
52,CA1-CA3,intermediate,CA1,6,0.323947
52,CA1-CA3,intermediate,CA1,7,0.747001
52,CA1-CA3,intermediate,CA1,8,0.337088
52,CA1-CA3,intermediate,CA1,9,0.255483
52,CA1-CA3,intermediate,CA1,10,0.815916
52,CA1-CA3,intermediate,CA1,11,0.037963
52,CA1-CA3,intermediate,CA1,12,0.047674
52,CA1-CA3,intermediate,CA1,13,0.092542
52,CA1-CA3,intermediate,CA1,14,0.140154
52,CA1-CA3,intermediate,CA1,15,0.081465
52,CA1-CA3,intermediate,CA1,16,0.845568
52,CA1-CA3,intermediate,CA1,17,0.082112
52,CA1-CA3,intermediate,CA1,18,0.162257
52,CA1-CA3,intermediate,CA1,19,0.239258
52,CA1-CA3,intermediate,CA1,20,0.771759
52,CA1-CA3,intermediate,CA1,21,0.631371
52,CA1-CA3,intermediate,CA1,22,0.096639
52,CA1-CA3,intermediate,CA1,23,0.311754
52,CA1-CA3,intermediate,CA1,24,0.85896
52,CA1-CA3,intermediate,CA1,25,0.823714
52,CA1-CA3,intermediate,CA1,26,0.015814
52,CA1-CA3,intermediate,CA1,27,0.870681
52,CA1-CA3,intermediate,CA1,28,0.263968
52,CA1-CA3,intermediate,CA1,29,0.712156
52,CA1-CA3,intermediate,CA1,30,0.512146
52,CA1-CA3,intermediate,CA1,31,0.836785
52,CA1-CA3,intermediate,CA1,32,0.081943
52,CA1-CA3,intermediate,CA1,33,0.291191
52,CA1-CA3,intermediate,CA1,34,0.20904
52,CA1-CA3,intermediate,CA1,35,0.322518
52,CA1-CA3,intermediate,CA1,36,0.113516
52,CA1-CA3,intermediate,CA1,37,0.464359
52,CA1-CA3,intermediate,CA1,38,0.147269
52,CA1-CA3,intermediate,CA1,39,0.19177
52,CA1-CA3,intermediate,CA1,40,0.315672
52,CA1-CA3,intermediate,CA1,41,0.27499
52,CA1-CA3,intermediate,CA1,42,0.076731
52,CA1-CA3,intermediate,CA1,43,0.834477
52,CA1-CA3,intermediate,CA1,44,0.506787
52,CA1-CA3,intermediate,CA1,45,0.700146
52,CA1-CA3,intermediate,CA1,46,0.872397
52,CA1-CA3,intermediate,CA1,47,0.803683
52,CA1-CA3,intermediate,CA1,48,0.774903
52,CA1-CA3,intermediate,CA1,49,0.114755
52,CA1-CA3,intermediate,CA1,50,0.129705
52,CA1-CA3,intermediate,CA1,51,0.211488
52,CA1-CA3,intermediate,CA1,52,0.162975
52,CA1-CA3,intermediate,CA1,53,0.67039
52,CA1-CA3,intermediate,CA3,0,0.81449
52,CA1-CA3,intermediate,CA3,1,0.221292
52,CA1-CA3,intermediate,CA3,2,0.468981
52,CA1-CA3,intermediate,CA3,3,0.819185
52,CA1-CA3,intermediate,CA3,4,0.13683
52,CA1-CA3,intermediate,CA3,5,0.317309
52,CA1-CA3,intermediate,CA3,6,0.340725
52,CA1-CA3,intermediate,CA3,7,0.33727
52,CA1-CA3,intermediate,CA3,8,0.052804
52,CA1-CA3,intermediate,CA3,9,0.707741
52,CA1-CA3,intermediate,CA3,10,0.055785
52,CA1-CA3,intermediate,CA3,11,0.816154
52,CA1-CA3,intermediate,CA3,12,0.017399
52,CA1-CA3,intermediate,CA3,13,0.094741
52,CA1-CA3,intermediate,CA3,14,0.040152
52,CA1-CA3,intermediate,CA3,15,0.045988
52,CA1-CA3,intermediate,CA3,16,0.070545
52,CA1-CA3,intermediate,CA3,17,0.301072
52,CA1-CA3,intermediate,CA3,18,0.889401
52,CA1-CA3,intermediate,CA3,19,0.105415
52,CA1-CA3,intermediate,CA3,20,0.832236
52,CA1-CA3,intermediate,CA3,21,0.776803
52,CA1-CA3,intermediate,CA3,22,0.818615
52,CA1-CA3,intermediate,CA3,23,0.257425
52,CA1-CA3,intermediate,CA3,24,0.683291
52,CA1-CA3,intermediate,CA3,25,0.702892
52,CA1-CA3,intermediate,CA3,26,0.049673
52,CA1-CA3,intermediate,CA3,27,0.031154
52,CA1-CA3,intermediate,CA3,28,0.856079
52,CA1-CA3,intermediate,CA3,29,0.084834
52,CA1-CA3,intermediate,CA3,30,0.131485
52,CA1-CA3,intermediate,CA3,31,0.397642
52,CA1-CA3,intermediate,CA3,32,0.347117
52,CA1-CA3,intermediate,CA3,33,0.316438
52,CA1-CA3,intermediate,CA3,34,0.375419
52,CA1-CA3,intermediate,CA3,35,0.495522
52,CA1-CA3,intermediate,CA3,36,0.538589
52,CA1-CA3,intermediate,CA3,37,0.268967
52,CA1-CA3,intermediate,CA3,38,0.411884
52,CA1-CA3,intermediate,CA3,39,0.502324
52,CA1-CA3,intermediate,CA3,40,0.332631
52,CA1-CA3,intermediate,CA3,41,0.394971
52,CA1-CA3,intermediate,CA3,42,0.391
52,CA1-CA3,intermediate,CA3,43,0.441807
52,CA1-CA3,intermediate,CA3,44,0.582996
52,CA1-CA3,intermediate,CA3,45,0.869667
52,CA1-CA3,intermediate,CA3,46,0.164266
52,CA1-CA3,intermediate,CA3,47,0.169677
52,CA1-CA3,intermediate,CA3,48,0.825915
52,CA1-CA3,intermediate,CA3,49,0.847885
52,CA1-CA3,intermediate,CA3,50,0.793135
52,CA1-CA3,intermediate,CA3,51,0.751249
52,CA1-CA3,intermediate,CA3,52,0.02399
52,CA1-CA3,intermediate,CA3,53,0.400565
52,CA1-CA3,expert,CA1,0,0.251126
52,CA1-CA3,expert,CA1,1,0.037378
52,CA1-CA3,expert,CA1,2,0.835576
52,CA1-CA3,expert,CA1,3,0.08687
52,CA1-CA3,expert,CA1,4,0.839154
52,CA1-CA3,expert,CA1,5,0.720793
52,CA1-CA3,expert,CA1,6,0.07041
52,CA1-CA3,expert,CA1,7,0.64441
52,CA1-CA3,expert,CA1,8,0.150336
52,CA1-CA3,expert,CA1,9,0.445344
52,CA1-CA3,expert,CA1,10,0.846981
52,CA1-CA3,expert,CA1,11,0.263197
52,CA1-CA3,expert,CA1,12,0.023171
52,CA1-CA3,expert,CA1,13,0.121555
52,CA1-CA3,expert,CA1,14,0.294935
52,CA1-CA3,expert,CA1,15,0.137117
52,CA1-CA3,expert,CA1,16,0.790793
52,CA1-CA3,expert,CA1,17,0.174271
52,CA1-CA3,expert,CA1,18,0.824542
52,CA1-CA3,expert,CA1,19,0.763419
52,CA1-CA3,expert,CA1,20,0.699613
52,CA1-CA3,expert,CA1,21,0.275365
52,CA1-CA3,expert,CA1,22,0.05227
52,CA1-CA3,expert,CA1,23,0.421677
52,CA1-CA3,expert,CA1,24,0.036952
52,CA1-CA3,expert,CA1,25,0.067444
52,CA1-CA3,expert,CA1,26,0.012974
52,CA1-CA3,expert,CA1,27,0.062343
52,CA1-CA3,expert,CA1,28,0.779105
52,CA1-CA3,expert,CA1,29,0.819805
52,CA1-CA3,expert,CA1,30,0.489377
52,CA1-CA3,expert,CA1,31,0.821624
52,CA1-CA3,expert,CA1,32,0.145045
52,CA1-CA3,expert,CA1,33,0.245729
52,CA1-CA3,expert,CA1,34,0.132802
52,CA1-CA3,expert,CA1,35,0.323511
52,CA1-CA3,expert,CA1,36,0.287917
52,CA1-CA3,expert,CA1,37,0.35293
52,CA1-CA3,expert,CA1,38,0.167814
52,CA1-CA3,expert,CA1,39,0.089542
52,CA1-CA3,expert,CA1,40,0.230218
52,CA1-CA3,expert,CA1,41,0.498077
52,CA1-CA3,expert,CA1,42,0.864796
52,CA1-CA3,expert,CA1,43,0.812005
52,CA1-CA3,expert,CA1,44,0.773086
52,CA1-CA3,expert,CA1,45,0.495255
52,CA1-CA3,expert,CA1,46,0.790108
52,CA1-CA3,expert,CA1,47,0.788141
52,CA1-CA3,expert,CA1,48,0.649483
52,CA1-CA3,expert,CA1,49,0.817552
52,CA1-CA3,expert,CA1,50,0.208199
52,CA1-CA3,expert,CA1,51,0.048924
52,CA1-CA3,expert,CA1,52,0.051682
52,CA1-CA3,expert,CA1,53,0.146974
52,CA1-CA3,expert,CA3,0,0.057393
52,CA1-CA3,expert,CA3,1,0.044323
52,CA1-CA3,expert,CA3,2,0.432753
52,CA1-CA3,expert,CA3,3,0.888859
52,CA1-CA3,expert,CA3,4,0.877462
52,CA1-CA3,expert,CA3,5,0.341866
52,CA1-CA3,expert,CA3,6,0.373701
52,CA1-CA3,expert,CA3,7,0.362752
52,CA1-CA3,expert,CA3,8,0.746648
52,CA1-CA3,expert,CA3,9,0.023243
52,CA1-CA3,expert,CA3,10,0.032436
52,CA1-CA3,expert,CA3,11,0.068041
52,CA1-CA3,expert,CA3,12,0.749073
52,CA1-CA3,expert,CA3,13,0.043344
52,CA1-CA3,expert,CA3,14,0.669032
52,CA1-CA3,expert,CA3,15,0.821096
52,CA1-CA3,expert,CA3,16,0.867995
52,CA1-CA3,expert,CA3,17,0.298695
52,CA1-CA3,expert,CA3,18,0.040304
52,CA1-CA3,expert,CA3,19,0.731054
52,CA1-CA3,expert,CA3,20,0.009974
52,CA1-CA3,expert,CA3,21,0.131999
52,CA1-CA3,expert,CA3,22,0.048141
52,CA1-CA3,expert,CA3,23,0.107248
52,CA1-CA3,expert,CA3,24,0.333608
52,CA1-CA3,expert,CA3,25,0.753109
52,CA1-CA3,expert,CA3,26,0.500908
52,CA1-CA3,expert,CA3,27,0.861635
52,CA1-CA3,expert,CA3,28,0.88453
52,CA1-CA3,expert,CA3,29,0.083641
52,CA1-CA3,expert,CA3,30,0.643855
52,CA1-CA3,expert,CA3,31,0.014319
52,CA1-CA3,expert,CA3,32,0.380088
52,CA1-CA3,expert,CA3,33,0.29033
52,CA1-CA3,expert,CA3,34,0.349127
52,CA1-CA3,expert,CA3,35,0.333991
52,CA1-CA3,expert,CA3,36,0.440545
52,CA1-CA3,expert,CA3,37,0.31669
52,CA1-CA3,expert,CA3,38,0.09979
52,CA1-CA3,expert,CA3,39,0.310164
52,CA1-CA3,expert,CA3,40,0.205119
52,CA1-CA3,expert,CA3,41,0.368516
52,CA1-CA3,expert,CA3,42,0.386825
52,CA1-CA3,expert,CA3,43,0.345606
52,CA1-CA3,expert,CA3,44,0.337956
52,CA1-CA3,expert,CA3,45,0.137205
52,CA1-CA3,expert,CA3,46,0.518055
52,CA1-CA3,expert,CA3,47,0.783093
52,CA1-CA3,expert,CA3,48,0.127114
52,CA1-CA3,expert,CA3,49,0.04739
52,CA1-CA3,expert,CA3,50,0.803235
52,CA1-CA3,expert,CA3,51,0.814264
52,CA1-CA3,expert,CA3,52,0.018238
52,CA1-CA3,expert,CA3,53,0.58936
52,CA1-DG,naive,CA1,0,0.27321
52,CA1-DG,naive,CA1,1,0.76805
52,CA1-DG,naive,CA1,2,0.89487
52,CA1-DG,naive,CA1,3,0.024842
52,CA1-DG,naive,CA1,4,0.003321
52,CA1-DG,naive,CA1,5,0.034831
52,CA1-DG,naive,CA1,6,0.803346
52,CA1-DG,naive,CA1,7,0.073658
52,CA1-DG,naive,CA1,8,0.193042
52,CA1-DG,naive,CA1,9,0.019404
52,CA1-DG,naive,CA1,10,0.760787
52,CA1-DG,naive,CA1,11,0.806211
52,CA1-DG,naive,CA1,12,0.06597
52,CA1-DG,naive,CA1,13,0.202184
52,CA1-DG,naive,CA1,14,0.555929
52,CA1-DG,naive,CA1,15,0.384488
52,CA1-DG,naive,CA1,16,0.04766
52,CA1-DG,naive,CA1,17,0.854347
52,CA1-DG,naive,CA1,18,0.033611
52,CA1-DG,naive,CA1,19,0.078812
52,CA1-DG,naive,CA1,20,0.12103
52,CA1-DG,naive,CA1,21,0.288719
52,CA1-DG,naive,CA1,22,0.851077
52,CA1-DG,naive,CA1,23,0.489918
52,CA1-DG,naive,CA1,24,0.909515
52,CA1-DG,naive,CA1,25,0.74467
52,CA1-DG,naive,CA1,26,0.221555
52,CA1-DG,naive,CA1,27,0.847779
52,CA1-DG,naive,CA1,28,0.024965
52,CA1-DG,naive,CA1,29,0.885697
52,CA1-DG,naive,CA1,30,0.679311
52,CA1-DG,naive,CA1,31,0.046834
52,CA1-DG,naive,CA1,32,0.813253
52,CA1-DG,naive,CA1,33,0.359623
52,CA1-DG,naive,CA1,34,0.863959
52,CA1-DG,naive,CA1,35,0.549076
52,CA1-DG,naive,CA1,36,0.094428
52,CA1-DG,naive,CA1,37,0.52651
52,CA1-DG,naive,CA1,38,0.24312
52,CA1-DG,naive,CA1,39,0.854215
52,CA1-DG,naive,CA1,40,0.873291
52,CA1-DG,naive,CA1,41,0.028974
52,CA1-DG,naive,CA1,42,0.438328
52,CA1-DG,naive,CA1,43,0.465386
52,CA1-DG,naive,CA1,44,0.06552
52,CA1-DG,naive,CA1,45,0.227618
52,CA1-DG,naive,CA1,46,0.506443
52,CA1-DG,naive,CA1,47,0.866649
52,CA1-DG,naive,CA1,48,0.552822
52,CA1-DG,naive,CA1,49,0.107984
52,CA1-DG,naive,CA1,50,0.242613
52,CA1-DG,naive,CA1,51,0.666482
52,CA1-DG,naive,CA1,52,0.343906
52,CA1-DG,naive,CA1,53,0.026328
52,CA1-DG,naive,DG,0,0.137918
52,CA1-DG,naive,DG,1,0.903393
52,CA1-DG,naive,DG,2,0.026482
52,CA1-DG,naive,DG,3,0.902067
52,CA1-DG,naive,DG,4,0.877932
52,CA1-DG,naive,DG,5,0.504348
52,CA1-DG,naive,DG,6,0.957386
52,CA1-DG,naive,DG,7,0.823886
52,CA1-DG,naive,DG,8,0.714565
52,CA1-DG,naive,DG,9,0.484118
52,CA1-DG,naive,DG,10,0.450019
52,CA1-DG,naive,DG,11,0.484785
52,CA1-DG,naive,DG,12,0.603806
52,CA1-DG,naive,DG,13,0.649799
52,CA1-DG,naive,DG,14,0.90923
52,CA1-DG,naive,DG,15,0.596848
52,CA1-DG,naive,DG,16,0.912882
52,CA1-DG,naive,DG,17,0.128592
52,CA1-DG,naive,DG,18,0.588896
52,CA1-DG,naive,DG,19,0.693491
52,CA1-DG,naive,DG,20,0.302834
52,CA1-DG,naive,DG,21,0.874811
52,CA1-DG,naive,DG,22,0.98353
52,CA1-DG,naive,DG,23,0.993042
52,CA1-DG,naive,DG,24,0.933428
52,CA1-DG,naive,DG,25,0.809552
52,CA1-DG,naive,DG,26,0.829655
52,CA1-DG,naive,DG,27,0.92338
52,CA1-DG,naive,DG,28,0.257464
52,CA1-DG,naive,DG,29,0.042231
52,CA1-DG,naive,DG,30,0.910399
52,CA1-DG,naive,DG,31,0.781546
52,CA1-DG,naive,DG,32,0.564926
52,CA1-DG,intermediate,CA1,0,0.186862
52,CA1-DG,intermediate,CA1,1,0.219662
52,CA1-DG,intermediate,CA1,2,0.123724
52,CA1-DG,intermediate,CA1,3,0.851978
52,CA1-DG,intermediate,CA1,4,0.87935
52,CA1-DG,intermediate,CA1,5,0.749145
52,CA1-DG,intermediate,CA1,6,0.327039
52,CA1-DG,intermediate,CA1,7,0.747355
52,CA1-DG,intermediate,CA1,8,0.33555
52,CA1-DG,intermediate,CA1,9,0.256288
52,CA1-DG,intermediate,CA1,10,0.81682
52,CA1-DG,intermediate,CA1,11,0.038796
52,CA1-DG,intermediate,CA1,12,0.046755
52,CA1-DG,intermediate,CA1,13,0.094612
52,CA1-DG,intermediate,CA1,14,0.141862
52,CA1-DG,intermediate,CA1,15,0.089953
52,CA1-DG,intermediate,CA1,16,0.844741
52,CA1-DG,intermediate,CA1,17,0.082731
52,CA1-DG,intermediate,CA1,18,0.161999
52,CA1-DG,intermediate,CA1,19,0.231608
52,CA1-DG,intermediate,CA1,20,0.772973
52,CA1-DG,intermediate,CA1,21,0.633825
52,CA1-DG,intermediate,CA1,22,0.09431
52,CA1-DG,intermediate,CA1,23,0.312484
52,CA1-DG,intermediate,CA1,24,0.858135
52,CA1-DG,intermediate,CA1,25,0.817135
52,CA1-DG,intermediate,CA1,26,0.016478
52,CA1-DG,intermediate,CA1,27,0.870618
52,CA1-DG,intermediate,CA1,28,0.259834
52,CA1-DG,intermediate,CA1,29,0.712522
52,CA1-DG,intermediate,CA1,30,0.514046
52,CA1-DG,intermediate,CA1,31,0.838412
52,CA1-DG,intermediate,CA1,32,0.081355
52,CA1-DG,intermediate,CA1,33,0.334542
52,CA1-DG,intermediate,CA1,34,0.225083
52,CA1-DG,intermediate,CA1,35,0.318936
52,CA1-DG,intermediate,CA1,36,0.106667
52,CA1-DG,intermediate,CA1,37,0.464393
52,CA1-DG,intermediate,CA1,38,0.146815
52,CA1-DG,intermediate,CA1,39,0.195085
52,CA1-DG,intermediate,CA1,40,0.324168
52,CA1-DG,intermediate,CA1,41,0.276982
52,CA1-DG,intermediate,CA1,42,0.075631
52,CA1-DG,intermediate,CA1,43,0.832686
52,CA1-DG,intermediate,CA1,44,0.493498
52,CA1-DG,intermediate,CA1,45,0.704405
52,CA1-DG,intermediate,CA1,46,0.872272
52,CA1-DG,intermediate,CA1,47,0.800489
52,CA1-DG,intermediate,CA1,48,0.775445
52,CA1-DG,intermediate,CA1,49,0.111121
52,CA1-DG,intermediate,CA1,50,0.136047
52,CA1-DG,intermediate,CA1,51,0.215938
52,CA1-DG,intermediate,CA1,52,0.170732
52,CA1-DG,intermediate,CA1,53,0.67122
52,CA1-DG,intermediate,DG,0,0.363534
52,CA1-DG,intermediate,DG,1,0.800987
52,CA1-DG,intermediate,DG,2,0.139594
52,CA1-DG,intermediate,DG,3,0.77699
52,CA1-DG,intermediate,DG,4,0.962694
52,CA1-DG,intermediate,DG,5,0.497613
52,CA1-DG,intermediate,DG,6,0.023098
52,CA1-DG,intermediate,DG,7,0.908511
52,CA1-DG,intermediate,DG,8,0.654255
52,CA1-DG,intermediate,DG,9,0.447182
52,CA1-DG,intermediate,DG,10,0.500256
52,CA1-DG,intermediate,DG,11,0.882632
52,CA1-DG,intermediate,DG,12,0.596514
52,CA1-DG,intermediate,DG,13,0.825801
52,CA1-DG,intermediate,DG,14,0.899816
52,CA1-DG,intermediate,DG,15,0.548811
52,CA1-DG,intermediate,DG,16,0.891967
52,CA1-DG,intermediate,DG,17,0.965186
52,CA1-DG,intermediate,DG,18,0.536863
52,CA1-DG,intermediate,DG,19,0.805675
52,CA1-DG,intermediate,DG,20,0.95401
52,CA1-DG,intermediate,DG,21,0.733332
52,CA1-DG,intermediate,DG,22,0.511736
52,CA1-DG,intermediate,DG,23,0.972932
52,CA1-DG,intermediate,DG,24,0.469951
52,CA1-DG,intermediate,DG,25,0.786325
52,CA1-DG,intermediate,DG,26,0.907842
52,CA1-DG,intermediate,DG,27,0.230946
52,CA1-DG,intermediate,DG,28,0.296205
52,CA1-DG,intermediate,DG,29,0.730017
52,CA1-DG,intermediate,DG,30,0.915681
52,CA1-DG,intermediate,DG,31,0.80129
52,CA1-DG,intermediate,DG,32,0.98085
52,CA1-DG,expert,CA1,0,0.238795
52,CA1-DG,expert,CA1,1,0.038163
52,CA1-DG,expert,CA1,2,0.835924
52,CA1-DG,expert,CA1,3,0.091274
52,CA1-DG,expert,CA1,4,0.838146
52,CA1-DG,expert,CA1,5,0.720163
52,CA1-DG,expert,CA1,6,0.073007
52,CA1-DG,expert,CA1,7,0.644236
52,CA1-DG,expert,CA1,8,0.156819
52,CA1-DG,expert,CA1,9,0.455971
52,CA1-DG,expert,CA1,10,0.847157
52,CA1-DG,expert,CA1,11,0.257517
52,CA1-DG,expert,CA1,12,0.023122
52,CA1-DG,expert,CA1,13,0.129944
52,CA1-DG,expert,CA1,14,0.291175
52,CA1-DG,expert,CA1,15,0.142807
52,CA1-DG,expert,CA1,16,0.790028
52,CA1-DG,expert,CA1,17,0.172093
52,CA1-DG,expert,CA1,18,0.825819
52,CA1-DG,expert,CA1,19,0.767172
52,CA1-DG,expert,CA1,20,0.701186
52,CA1-DG,expert,CA1,21,0.276054
52,CA1-DG,expert,CA1,22,0.05284
52,CA1-DG,expert,CA1,23,0.416498
52,CA1-DG,expert,CA1,24,0.036791
52,CA1-DG,expert,CA1,25,0.069667
52,CA1-DG,expert,CA1,26,0.013291
52,CA1-DG,expert,CA1,27,0.062443
52,CA1-DG,expert,CA1,28,0.782453
52,CA1-DG,expert,CA1,29,0.820413
52,CA1-DG,expert,CA1,30,0.499142
52,CA1-DG,expert,CA1,31,0.820928
52,CA1-DG,expert,CA1,32,0.154497
52,CA1-DG,expert,CA1,33,0.28639
52,CA1-DG,expert,CA1,34,0.14618
52,CA1-DG,expert,CA1,35,0.317263
52,CA1-DG,expert,CA1,36,0.249712
52,CA1-DG,expert,CA1,37,0.344456
52,CA1-DG,expert,CA1,38,0.164544
52,CA1-DG,expert,CA1,39,0.089
52,CA1-DG,expert,CA1,40,0.228231
52,CA1-DG,expert,CA1,41,0.50692
52,CA1-DG,expert,CA1,42,0.866257
52,CA1-DG,expert,CA1,43,0.806011
52,CA1-DG,expert,CA1,44,0.774991
52,CA1-DG,expert,CA1,45,0.514583
52,CA1-DG,expert,CA1,46,0.792735
52,CA1-DG,expert,CA1,47,0.788431
52,CA1-DG,expert,CA1,48,0.627748
52,CA1-DG,expert,CA1,49,0.819159
52,CA1-DG,expert,CA1,50,0.202827
52,CA1-DG,expert,CA1,51,0.04773
52,CA1-DG,expert,CA1,52,0.051981
52,CA1-DG,expert,CA1,53,0.150471
52,CA1-DG,expert,DG,0,0.613341
52,CA1-DG,expert,DG,1,0.935308
52,CA1-DG,expert,DG,2,0.124792
52,CA1-DG,expert,DG,3,0.489002
52,CA1-DG,expert,DG,4,0.761977
52,CA1-DG,expert,DG,5,0.460386
52,CA1-DG,expert,DG,6,0.238054
52,CA1-DG,expert,DG,7,0.941345
52,CA1-DG,expert,DG,8,0.586716
52,CA1-DG,expert,DG,9,0.471139
52,CA1-DG,expert,DG,10,0.478299
52,CA1-DG,expert,DG,11,0.930003
52,CA1-DG,expert,DG,12,0.761955
52,CA1-DG,expert,DG,13,0.043923
52,CA1-DG,expert,DG,14,0.917087
52,CA1-DG,expert,DG,15,0.526785
52,CA1-DG,expert,DG,16,0.914842
52,CA1-DG,expert,DG,17,0.883813
52,CA1-DG,expert,DG,18,0.507382
52,CA1-DG,expert,DG,19,0.829702
52,CA1-DG,expert,DG,20,0.960451
52,CA1-DG,expert,DG,21,0.788992
52,CA1-DG,expert,DG,22,0.349777
52,CA1-DG,expert,DG,23,1.007178
52,CA1-DG,expert,DG,24,0.955988
52,CA1-DG,expert,DG,25,0.517013
52,CA1-DG,expert,DG,26,0.993265
52,CA1-DG,expert,DG,27,0.79119
52,CA1-DG,expert,DG,28,0.74598
52,CA1-DG,expert,DG,29,0.714344
52,CA1-DG,expert,DG,30,0.851719
52,CA1-DG,expert,DG,31,0.287981
52,CA1-DG,expert,DG,32,0.219977
52,CA1-V1,naive,CA1,0,0.268294
52,CA1-V1,naive,CA1,1,0.763233
52,CA1-V1,naive,CA1,2,0.893876
52,CA1-V1,naive,CA1,3,0.025164
52,CA1-V1,naive,CA1,4,0.003333
52,CA1-V1,naive,CA1,5,0.035674
52,CA1-V1,naive,CA1,6,0.802956
52,CA1-V1,naive,CA1,7,0.08206
52,CA1-V1,naive,CA1,8,0.194004
52,CA1-V1,naive,CA1,9,0.019339
52,CA1-V1,naive,CA1,10,0.764996
52,CA1-V1,naive,CA1,11,0.804783
52,CA1-V1,naive,CA1,12,0.072112
52,CA1-V1,naive,CA1,13,0.211639
52,CA1-V1,naive,CA1,14,0.551041
52,CA1-V1,naive,CA1,15,0.381012
52,CA1-V1,naive,CA1,16,0.047371
52,CA1-V1,naive,CA1,17,0.863656
52,CA1-V1,naive,CA1,18,0.034053
52,CA1-V1,naive,CA1,19,0.077857
52,CA1-V1,naive,CA1,20,0.121684
52,CA1-V1,naive,CA1,21,0.310077
52,CA1-V1,naive,CA1,22,0.853085
52,CA1-V1,naive,CA1,23,0.47265
52,CA1-V1,naive,CA1,24,0.908853
52,CA1-V1,naive,CA1,25,0.743874
52,CA1-V1,naive,CA1,26,0.223797
52,CA1-V1,naive,CA1,27,0.846531
52,CA1-V1,naive,CA1,28,0.02507
52,CA1-V1,naive,CA1,29,0.883936
52,CA1-V1,naive,CA1,30,0.672717
52,CA1-V1,naive,CA1,31,0.046392
52,CA1-V1,naive,CA1,32,0.811172
52,CA1-V1,naive,CA1,33,0.297455
52,CA1-V1,naive,CA1,34,0.869727
52,CA1-V1,naive,CA1,35,0.52898
52,CA1-V1,naive,CA1,36,0.084789
52,CA1-V1,naive,CA1,37,0.529714
52,CA1-V1,naive,CA1,38,0.243354
52,CA1-V1,naive,CA1,39,0.853653
52,CA1-V1,naive,CA1,40,0.875605
52,CA1-V1,naive,CA1,41,0.029681
52,CA1-V1,naive,CA1,42,0.43322
52,CA1-V1,naive,CA1,43,0.474205
52,CA1-V1,naive,CA1,44,0.069312
52,CA1-V1,naive,CA1,45,0.22619
52,CA1-V1,naive,CA1,46,0.49285
52,CA1-V1,naive,CA1,47,0.846897
52,CA1-V1,naive,CA1,48,0.617676
52,CA1-V1,naive,CA1,49,0.106536
52,CA1-V1,naive,CA1,50,0.243389
52,CA1-V1,naive,CA1,51,0.66234
52,CA1-V1,naive,CA1,52,0.343027
52,CA1-V1,naive,CA1,53,0.026394
52,CA1-V1,naive,V1,0,0.095989
52,CA1-V1,naive,V1,1,0.327079
52,CA1-V1,naive,V1,2,0.350572
52,CA1-V1,naive,V1,3,0.625358
52,CA1-V1,naive,V1,4,0.183066
52,CA1-V1,naive,V1,5,0.250572
52,CA1-V1,naive,V1,6,0.356022
52,CA1-V1,naive,V1,7,0.204381
52,CA1-V1,naive,V1,8,0.079069
52,CA1-V1,naive,V1,9,0.066445
52,CA1-V1,naive,V1,10,0.229238
52,CA1-V1,naive,V1,11,0.37091
52,CA1-V1,naive,V1,12,0.199577
52,CA1-V1,naive,V1,13,0.153368
52,CA1-V1,naive,V1,14,0.210909
52,CA1-V1,naive,V1,15,0.107769
52,CA1-V1,naive,V1,16,0.3351
52,CA1-V1,naive,V1,17,0.168306
52,CA1-V1,naive,V1,18,0.199751
52,CA1-V1,naive,V1,19,0.28489
52,CA1-V1,naive,V1,20,0.17415
52,CA1-V1,naive,V1,21,0.442549
52,CA1-V1,naive,V1,22,0.298037
52,CA1-V1,naive,V1,23,0.03764
52,CA1-V1,naive,V1,24,0.195956
52,CA1-V1,naive,V1,25,0.211931
52,CA1-V1,naive,V1,26,0.300502
52,CA1-V1,naive,V1,27,0.290355
52,CA1-V1,naive,V1,28,0.504265
52,CA1-V1,naive,V1,29,0.205681
52,CA1-V1,naive,V1,30,0.320724
52,CA1-V1,naive,V1,31,0.180664
52,CA1-V1,naive,V1,32,0.563653
52,CA1-V1,naive,V1,33,0.211329
52,CA1-V1,naive,V1,34,0.32151
52,CA1-V1,naive,V1,35,0.126784
52,CA1-V1,naive,V1,36,0.219676
52,CA1-V1,naive,V1,37,0.285848
52,CA1-V1,naive,V1,38,0.137592
52,CA1-V1,naive,V1,39,0.663936
52,CA1-V1,naive,V1,40,0.090059
52,CA1-V1,naive,V1,41,0.754011
52,CA1-V1,naive,V1,42,0.213526
52,CA1-V1,naive,V1,43,0.387204
52,CA1-V1,naive,V1,44,0.228125
52,CA1-V1,naive,V1,45,0.2146
52,CA1-V1,naive,V1,46,0.715957
52,CA1-V1,naive,V1,47,0.215935
52,CA1-V1,naive,V1,48,0.066813
52,CA1-V1,naive,V1,49,0.227139
52,CA1-V1,naive,V1,50,0.804411
52,CA1-V1,naive,V1,51,0.228562
52,CA1-V1,naive,V1,52,0.750263
52,CA1-V1,naive,V1,53,0.235081
52,CA1-V1,naive,V1,54,0.101709
52,CA1-V1,naive,V1,55,0.692093
52,CA1-V1,naive,V1,56,0.18562
52,CA1-V1,naive,V1,57,0.042277
52,CA1-V1,naive,V1,58,0.16791
52,CA1-V1,naive,V1,59,0.182295
52,CA1-V1,naive,V1,60,0.177169
52,CA1-V1,naive,V1,61,0.265538
52,CA1-V1,naive,V1,62,0.27971
52,CA1-V1,naive,V1,63,0.110659
52,CA1-V1,naive,V1,64,0.228366
52,CA1-V1,naive,V1,65,0.210197
52,CA1-V1,naive,V1,66,0.224686
52,CA1-V1,naive,V1,67,0.083486
52,CA1-V1,naive,V1,68,0.056021
52,CA1-V1,naive,V1,69,0.116292
52,CA1-V1,naive,V1,70,0.060567
52,CA1-V1,naive,V1,71,0.174343
52,CA1-V1,naive,V1,72,0.74384
52,CA1-V1,naive,V1,73,0.198725
52,CA1-V1,naive,V1,74,0.70558
52,CA1-V1,naive,V1,75,0.228835
52,CA1-V1,naive,V1,76,0.292042
52,CA1-V1,naive,V1,77,0.198269
52,CA1-V1,naive,V1,78,0.221598
52,CA1-V1,naive,V1,79,0.320697
52,CA1-V1,naive,V1,80,0.229924
52,CA1-V1,naive,V1,81,0.224076
52,CA1-V1,naive,V1,82,0.222051
52,CA1-V1,naive,V1,83,0.178821
52,CA1-V1,naive,V1,84,0.160077
52,CA1-V1,naive,V1,85,0.227256
52,CA1-V1,naive,V1,86,0.289691
52,CA1-V1,naive,V1,87,0.502316
52,CA1-V1,naive,V1,88,0.217367
52,CA1-V1,naive,V1,89,0.44412
52,CA1-V1,naive,V1,90,0.160679
52,CA1-V1,naive,V1,91,0.284732
52,CA1-V1,naive,V1,92,0.2415
52,CA1-V1,naive,V1,93,0.16775
52,CA1-V1,naive,V1,94,0.289438
52,CA1-V1,naive,V1,95,0.090287
52,CA1-V1,naive,V1,96,0.190393
52,CA1-V1,naive,V1,97,0.314517
52,CA1-V1,naive,V1,98,0.088421
52,CA1-V1,naive,V1,99,0.202171
52,CA1-V1,naive,V1,100,0.230582
52,CA1-V1,naive,V1,101,0.688128
52,CA1-V1,naive,V1,102,0.661085
52,CA1-V1,intermediate,CA1,0,0.187028
52,CA1-V1,intermediate,CA1,1,0.210815
52,CA1-V1,intermediate,CA1,2,0.107927
52,CA1-V1,intermediate,CA1,3,0.872911
52,CA1-V1,intermediate,CA1,4,0.879553
52,CA1-V1,intermediate,CA1,5,0.734466
52,CA1-V1,intermediate,CA1,6,0.311704
52,CA1-V1,intermediate,CA1,7,0.746301
52,CA1-V1,intermediate,CA1,8,0.350759
52,CA1-V1,intermediate,CA1,9,0.258762
52,CA1-V1,intermediate,CA1,10,0.817151
52,CA1-V1,intermediate,CA1,11,0.037229
52,CA1-V1,intermediate,CA1,12,0.048941
52,CA1-V1,intermediate,CA1,13,0.09277
52,CA1-V1,intermediate,CA1,14,0.138179
52,CA1-V1,intermediate,CA1,15,0.079917
52,CA1-V1,intermediate,CA1,16,0.83813
52,CA1-V1,intermediate,CA1,17,0.085802
52,CA1-V1,intermediate,CA1,18,0.161759
52,CA1-V1,intermediate,CA1,19,0.223139
52,CA1-V1,intermediate,CA1,20,0.770214
52,CA1-V1,intermediate,CA1,21,0.629147
52,CA1-V1,intermediate,CA1,22,0.095246
52,CA1-V1,intermediate,CA1,23,0.312886
52,CA1-V1,intermediate,CA1,24,0.857675
52,CA1-V1,intermediate,CA1,25,0.814756
52,CA1-V1,intermediate,CA1,26,0.015857
52,CA1-V1,intermediate,CA1,27,0.869338
52,CA1-V1,intermediate,CA1,28,0.24647
52,CA1-V1,intermediate,CA1,29,0.708142
52,CA1-V1,intermediate,CA1,30,0.529866
52,CA1-V1,intermediate,CA1,31,0.837311
52,CA1-V1,intermediate,CA1,32,0.081123
52,CA1-V1,intermediate,CA1,33,0.275295
52,CA1-V1,intermediate,CA1,34,0.198457
52,CA1-V1,intermediate,CA1,35,0.298798
52,CA1-V1,intermediate,CA1,36,0.099302
52,CA1-V1,intermediate,CA1,37,0.477795
52,CA1-V1,intermediate,CA1,38,0.152401
52,CA1-V1,intermediate,CA1,39,0.208233
52,CA1-V1,intermediate,CA1,40,0.299546
52,CA1-V1,intermediate,CA1,41,0.273162
52,CA1-V1,intermediate,CA1,42,0.074588
52,CA1-V1,intermediate,CA1,43,0.835418
52,CA1-V1,intermediate,CA1,44,0.489805
52,CA1-V1,intermediate,CA1,45,0.701526
52,CA1-V1,intermediate,CA1,46,0.876385
52,CA1-V1,intermediate,CA1,47,0.809961
52,CA1-V1,intermediate,CA1,48,0.773903
52,CA1-V1,intermediate,CA1,49,0.118228
52,CA1-V1,intermediate,CA1,50,0.126847
52,CA1-V1,intermediate,CA1,51,0.208766
52,CA1-V1,intermediate,CA1,52,0.16015
52,CA1-V1,intermediate,CA1,53,0.670138
52,CA1-V1,intermediate,V1,0,0.283254
52,CA1-V1,intermediate,V1,1,0.187174
52,CA1-V1,intermediate,V1,2,0.404069
52,CA1-V1,intermediate,V1,3,0.85928
52,CA1-V1,intermediate,V1,4,0.308782
52,CA1-V1,intermediate,V1,5,0.317928
52,CA1-V1,intermediate,V1,6,0.428014
52,CA1-V1,intermediate,V1,7,0.338103
52,CA1-V1,intermediate,V1,8,0.673244
52,CA1-V1,intermediate,V1,9,0.781237
52,CA1-V1,intermediate,V1,10,0.335334
52,CA1-V1,intermediate,V1,11,0.388964
52,CA1-V1,intermediate,V1,12,0.206646
52,CA1-V1,intermediate,V1,13,0.254931
52,CA1-V1,intermediate,V1,14,0.44793
52,CA1-V1,intermediate,V1,15,0.737579
52,CA1-V1,intermediate,V1,16,0.272283
52,CA1-V1,intermediate,V1,17,0.25492
52,CA1-V1,intermediate,V1,18,0.311789
52,CA1-V1,intermediate,V1,19,0.391279
52,CA1-V1,intermediate,V1,20,0.241685
52,CA1-V1,intermediate,V1,21,0.351057
52,CA1-V1,intermediate,V1,22,0.320763
52,CA1-V1,intermediate,V1,23,0.022506
52,CA1-V1,intermediate,V1,24,0.258614
52,CA1-V1,intermediate,V1,25,0.218849
52,CA1-V1,intermediate,V1,26,0.305979
52,CA1-V1,intermediate,V1,27,0.300547
52,CA1-V1,intermediate,V1,28,0.368766
52,CA1-V1,intermediate,V1,29,0.252382
52,CA1-V1,intermediate,V1,30,0.236141
52,CA1-V1,intermediate,V1,31,0.44235
52,CA1-V1,intermediate,V1,32,0.279909
52,CA1-V1,intermediate,V1,33,0.304983
52,CA1-V1,intermediate,V1,34,0.354986
52,CA1-V1,intermediate,V1,35,0.346007
52,CA1-V1,intermediate,V1,36,0.499073
52,CA1-V1,intermediate,V1,37,0.418281
52,CA1-V1,intermediate,V1,38,0.167166
52,CA1-V1,intermediate,V1,39,0.077522
52,CA1-V1,intermediate,V1,40,0.051347
52,CA1-V1,intermediate,V1,41,0.316477
52,CA1-V1,intermediate,V1,42,0.206745
52,CA1-V1,intermediate,V1,43,0.291743
52,CA1-V1,intermediate,V1,44,0.451917
52,CA1-V1,intermediate,V1,45,0.06402
52,CA1-V1,intermediate,V1,46,0.172828
52,CA1-V1,intermediate,V1,47,0.394568
52,CA1-V1,intermediate,V1,48,0.031009
52,CA1-V1,intermediate,V1,49,0.215016
52,CA1-V1,intermediate,V1,50,0.079773
52,CA1-V1,intermediate,V1,51,0.238644
52,CA1-V1,intermediate,V1,52,0.832768
52,CA1-V1,intermediate,V1,53,0.105471
52,CA1-V1,intermediate,V1,54,0.382981
52,CA1-V1,intermediate,V1,55,0.2538
52,CA1-V1,intermediate,V1,56,0.053119
52,CA1-V1,intermediate,V1,57,0.075808
52,CA1-V1,intermediate,V1,58,0.06432
52,CA1-V1,intermediate,V1,59,0.232076
52,CA1-V1,intermediate,V1,60,0.525136
52,CA1-V1,intermediate,V1,61,0.401423
52,CA1-V1,intermediate,V1,62,0.18142
52,CA1-V1,intermediate,V1,63,0.208366
52,CA1-V1,intermediate,V1,64,0.24268
52,CA1-V1,intermediate,V1,65,0.096218
52,CA1-V1,intermediate,V1,66,0.13861
52,CA1-V1,intermediate,V1,67,0.767171
52,CA1-V1,intermediate,V1,68,0.584797
52,CA1-V1,intermediate,V1,69,0.336177
52,CA1-V1,intermediate,V1,70,0.68807
52,CA1-V1,intermediate,V1,71,0.427111
52,CA1-V1,intermediate,V1,72,0.77411
52,CA1-V1,intermediate,V1,73,0.398526
52,CA1-V1,intermediate,V1,74,0.109676
52,CA1-V1,intermediate,V1,75,0.460774
52,CA1-V1,intermediate,V1,76,0.316702
52,CA1-V1,intermediate,V1,77,0.258095
52,CA1-V1,intermediate,V1,78,0.241822
52,CA1-V1,intermediate,V1,79,0.27746
52,CA1-V1,intermediate,V1,80,0.328349
52,CA1-V1,intermediate,V1,81,0.2323
52,CA1-V1,intermediate,V1,82,0.225544
52,CA1-V1,intermediate,V1,83,0.222922
52,CA1-V1,intermediate,V1,84,0.222319
52,CA1-V1,intermediate,V1,85,0.398814
52,CA1-V1,intermediate,V1,86,0.451721
52,CA1-V1,intermediate,V1,87,0.211388
52,CA1-V1,intermediate,V1,88,0.191778
52,CA1-V1,intermediate,V1,89,0.226635
52,CA1-V1,intermediate,V1,90,0.249514
52,CA1-V1,intermediate,V1,91,0.319712
52,CA1-V1,intermediate,V1,92,0.324565
52,CA1-V1,intermediate,V1,93,0.120745
52,CA1-V1,intermediate,V1,94,0.470347
52,CA1-V1,intermediate,V1,95,0.541059
52,CA1-V1,intermediate,V1,96,0.376748
52,CA1-V1,intermediate,V1,97,0.28126
52,CA1-V1,intermediate,V1,98,0.083644
52,CA1-V1,intermediate,V1,99,0.252903
52,CA1-V1,intermediate,V1,100,0.225881
52,CA1-V1,intermediate,V1,101,0.318667
52,CA1-V1,intermediate,V1,102,0.244773
52,CA1-V1,expert,CA1,0,0.254423
52,CA1-V1,expert,CA1,1,0.037893
52,CA1-V1,expert,CA1,2,0.834363
52,CA1-V1,expert,CA1,3,0.095285
52,CA1-V1,expert,CA1,4,0.837185
52,CA1-V1,expert,CA1,5,0.691525
52,CA1-V1,expert,CA1,6,0.068516
52,CA1-V1,expert,CA1,7,0.643967
52,CA1-V1,expert,CA1,8,0.162558
52,CA1-V1,expert,CA1,9,0.489091
52,CA1-V1,expert,CA1,10,0.841785
52,CA1-V1,expert,CA1,11,0.266344
52,CA1-V1,expert,CA1,12,0.023371
52,CA1-V1,expert,CA1,13,0.132051
52,CA1-V1,expert,CA1,14,0.286591
52,CA1-V1,expert,CA1,15,0.140498
52,CA1-V1,expert,CA1,16,0.785764
52,CA1-V1,expert,CA1,17,0.233505
52,CA1-V1,expert,CA1,18,0.81705
52,CA1-V1,expert,CA1,19,0.763861
52,CA1-V1,expert,CA1,20,0.700722
52,CA1-V1,expert,CA1,21,0.277253
52,CA1-V1,expert,CA1,22,0.058052
52,CA1-V1,expert,CA1,23,0.424177
52,CA1-V1,expert,CA1,24,0.036614
52,CA1-V1,expert,CA1,25,0.07314
52,CA1-V1,expert,CA1,26,0.01336
52,CA1-V1,expert,CA1,27,0.059829
52,CA1-V1,expert,CA1,28,0.771277
52,CA1-V1,expert,CA1,29,0.816616
52,CA1-V1,expert,CA1,30,0.518085
52,CA1-V1,expert,CA1,31,0.819824
52,CA1-V1,expert,CA1,32,0.16554
52,CA1-V1,expert,CA1,33,0.241426
52,CA1-V1,expert,CA1,34,0.137931
52,CA1-V1,expert,CA1,35,0.31857
52,CA1-V1,expert,CA1,36,0.220944
52,CA1-V1,expert,CA1,37,0.349199
52,CA1-V1,expert,CA1,38,0.199873
52,CA1-V1,expert,CA1,39,0.093469
52,CA1-V1,expert,CA1,40,0.26551
52,CA1-V1,expert,CA1,41,0.514047
52,CA1-V1,expert,CA1,42,0.862019
52,CA1-V1,expert,CA1,43,0.809051
52,CA1-V1,expert,CA1,44,0.768537
52,CA1-V1,expert,CA1,45,0.499741
52,CA1-V1,expert,CA1,46,0.767588
52,CA1-V1,expert,CA1,47,0.783909
52,CA1-V1,expert,CA1,48,0.591481
52,CA1-V1,expert,CA1,49,0.809382
52,CA1-V1,expert,CA1,50,0.205401
52,CA1-V1,expert,CA1,51,0.048323
52,CA1-V1,expert,CA1,52,0.049749
52,CA1-V1,expert,CA1,53,0.144662
52,CA1-V1,expert,V1,0,0.187146
52,CA1-V1,expert,V1,1,0.657405
52,CA1-V1,expert,V1,2,0.351486
52,CA1-V1,expert,V1,3,0.04272
52,CA1-V1,expert,V1,4,0.238168
52,CA1-V1,expert,V1,5,0.461625
52,CA1-V1,expert,V1,6,0.380243
52,CA1-V1,expert,V1,7,0.622769
52,CA1-V1,expert,V1,8,0.27461
52,CA1-V1,expert,V1,9,0.074499
52,CA1-V1,expert,V1,10,0.328673
52,CA1-V1,expert,V1,11,0.415402
52,CA1-V1,expert,V1,12,0.263677
52,CA1-V1,expert,V1,13,0.257696
52,CA1-V1,expert,V1,14,0.268837
52,CA1-V1,expert,V1,15,0.164794
52,CA1-V1,expert,V1,16,0.299242
52,CA1-V1,expert,V1,17,0.271438
52,CA1-V1,expert,V1,18,0.316231
52,CA1-V1,expert,V1,19,0.337443
52,CA1-V1,expert,V1,20,0.308292
52,CA1-V1,expert,V1,21,0.249611
52,CA1-V1,expert,V1,22,0.483757
52,CA1-V1,expert,V1,23,0.015944
52,CA1-V1,expert,V1,24,0.606315
52,CA1-V1,expert,V1,25,0.244247
52,CA1-V1,expert,V1,26,0.325201
52,CA1-V1,expert,V1,27,0.313388
52,CA1-V1,expert,V1,28,0.116083
52,CA1-V1,expert,V1,29,0.297543
52,CA1-V1,expert,V1,30,0.412111
52,CA1-V1,expert,V1,31,0.191724
52,CA1-V1,expert,V1,32,0.390081
52,CA1-V1,expert,V1,33,0.280086
52,CA1-V1,expert,V1,34,0.350508
52,CA1-V1,expert,V1,35,0.055865
52,CA1-V1,expert,V1,36,0.41893
52,CA1-V1,expert,V1,37,0.482739
52,CA1-V1,expert,V1,38,0.18013
52,CA1-V1,expert,V1,39,0.499942
52,CA1-V1,expert,V1,40,0.036574
52,CA1-V1,expert,V1,41,0.090277
52,CA1-V1,expert,V1,42,0.215955
52,CA1-V1,expert,V1,43,0.314537
52,CA1-V1,expert,V1,44,0.218309
52,CA1-V1,expert,V1,45,0.05026
52,CA1-V1,expert,V1,46,0.08499
52,CA1-V1,expert,V1,47,0.428459
52,CA1-V1,expert,V1,48,0.508121
52,CA1-V1,expert,V1,49,0.348076
52,CA1-V1,expert,V1,50,0.071841
52,CA1-V1,expert,V1,51,0.03938
52,CA1-V1,expert,V1,52,0.011091
52,CA1-V1,expert,V1,53,0.137362
52,CA1-V1,expert,V1,54,0.14936
52,CA1-V1,expert,V1,55,0.158998
52,CA1-V1,expert,V1,56,0.01657
52,CA1-V1,expert,V1,57,0.798941
52,CA1-V1,expert,V1,58,0.069789
52,CA1-V1,expert,V1,59,0.23512
52,CA1-V1,expert,V1,60,0.788024
52,CA1-V1,expert,V1,61,0.34807
52,CA1-V1,expert,V1,62,0.615499
52,CA1-V1,expert,V1,63,0.132634
52,CA1-V1,expert,V1,64,0.543847
52,CA1-V1,expert,V1,65,0.076628
52,CA1-V1,expert,V1,66,0.652442
52,CA1-V1,expert,V1,67,0.089852
52,CA1-V1,expert,V1,68,0.120422
52,CA1-V1,expert,V1,69,0.724181
52,CA1-V1,expert,V1,70,0.071214
52,CA1-V1,expert,V1,71,0.507002
52,CA1-V1,expert,V1,72,0.097152
52,CA1-V1,expert,V1,73,0.40852
52,CA1-V1,expert,V1,74,0.1717
52,CA1-V1,expert,V1,75,0.09906
52,CA1-V1,expert,V1,76,0.31645
52,CA1-V1,expert,V1,77,0.24056
52,CA1-V1,expert,V1,78,0.237864
52,CA1-V1,expert,V1,79,0.29632
52,CA1-V1,expert,V1,80,0.252804
52,CA1-V1,expert,V1,81,0.378669
52,CA1-V1,expert,V1,82,0.29502
52,CA1-V1,expert,V1,83,0.241956
52,CA1-V1,expert,V1,84,0.511027
52,CA1-V1,expert,V1,85,0.207414
52,CA1-V1,expert,V1,86,0.365876
52,CA1-V1,expert,V1,87,0.184051
52,CA1-V1,expert,V1,88,0.225963
52,CA1-V1,expert,V1,89,0.246942
52,CA1-V1,expert,V1,90,0.549811
52,CA1-V1,expert,V1,91,0.355036
52,CA1-V1,expert,V1,92,0.195215
52,CA1-V1,expert,V1,93,0.141953
52,CA1-V1,expert,V1,94,0.188678
52,CA1-V1,expert,V1,95,0.115427
52,CA1-V1,expert,V1,96,0.659583
52,CA1-V1,expert,V1,97,0.109941
52,CA1-V1,expert,V1,98,0.795522
52,CA1-V1,expert,V1,99,0.747046
52,CA1-V1,expert,V1,100,0.225347
52,CA1-V1,expert,V1,101,0.563082
52,CA1-V1,expert,V1,102,0.089186
52,CA3-DG,naive,CA3,0,0.153778
52,CA3-DG,naive,CA3,1,0.055104
52,CA3-DG,naive,CA3,2,0.415896
52,CA3-DG,naive,CA3,3,0.272953
52,CA3-DG,naive,CA3,4,0.179105
52,CA3-DG,naive,CA3,5,0.247395
52,CA3-DG,naive,CA3,6,0.337686
52,CA3-DG,naive,CA3,7,0.231577
52,CA3-DG,naive,CA3,8,0.033777
52,CA3-DG,naive,CA3,9,0.796006
52,CA3-DG,naive,CA3,10,0.856017
52,CA3-DG,naive,CA3,11,0.140061
52,CA3-DG,naive,CA3,12,0.889059
52,CA3-DG,naive,CA3,13,0.617555
52,CA3-DG,naive,CA3,14,0.087728
52,CA3-DG,naive,CA3,15,0.02199
52,CA3-DG,naive,CA3,16,0.100919
52,CA3-DG,naive,CA3,17,0.342273
52,CA3-DG,naive,CA3,18,0.833329
52,CA3-DG,naive,CA3,19,0.669936
52,CA3-DG,naive,CA3,20,0.809871
52,CA3-DG,naive,CA3,21,0.699976
52,CA3-DG,naive,CA3,22,0.275678
52,CA3-DG,naive,CA3,23,0.148577
52,CA3-DG,naive,CA3,24,0.359222
52,CA3-DG,naive,CA3,25,0.026766
52,CA3-DG,naive,CA3,26,0.009063
52,CA3-DG,naive,CA3,27,0.015598
52,CA3-DG,naive,CA3,28,0.177262
52,CA3-DG,naive,CA3,29,0.065381
52,CA3-DG,naive,CA3,30,0.052064
52,CA3-DG,naive,CA3,31,0.028467
52,CA3-DG,naive,CA3,32,0.415746
52,CA3-DG,naive,CA3,33,0.627564
52,CA3-DG,naive,CA3,34,0.266267
52,CA3-DG,naive,CA3,35,0.418651
52,CA3-DG,naive,CA3,36,0.509274
52,CA3-DG,naive,CA3,37,0.298935
52,CA3-DG,naive,CA3,38,0.791668
52,CA3-DG,naive,CA3,39,0.84215
52,CA3-DG,naive,CA3,40,0.869006
52,CA3-DG,naive,CA3,41,0.409836
52,CA3-DG,naive,CA3,42,0.342679
52,CA3-DG,naive,CA3,43,0.811058
52,CA3-DG,naive,CA3,44,0.503261
52,CA3-DG,naive,CA3,45,0.880621
52,CA3-DG,naive,CA3,46,0.834299
52,CA3-DG,naive,CA3,47,0.3422
52,CA3-DG,naive,CA3,48,0.909114
52,CA3-DG,naive,CA3,49,0.05698
52,CA3-DG,naive,CA3,50,0.784291
52,CA3-DG,naive,CA3,51,0.175532
52,CA3-DG,naive,CA3,52,0.702602
52,CA3-DG,naive,CA3,53,0.277811
52,CA3-DG,naive,DG,0,0.058061
52,CA3-DG,naive,DG,1,0.897989
52,CA3-DG,naive,DG,2,0.021661
52,CA3-DG,naive,DG,3,0.360057
52,CA3-DG,naive,DG,4,0.871685
52,CA3-DG,naive,DG,5,0.485521
52,CA3-DG,naive,DG,6,0.956447
52,CA3-DG,naive,DG,7,0.822294
52,CA3-DG,naive,DG,8,0.734633
52,CA3-DG,naive,DG,9,0.493834
52,CA3-DG,naive,DG,10,0.466804
52,CA3-DG,naive,DG,11,0.477918
52,CA3-DG,naive,DG,12,0.601332
52,CA3-DG,naive,DG,13,0.649382
52,CA3-DG,naive,DG,14,0.908267
52,CA3-DG,naive,DG,15,0.510531
52,CA3-DG,naive,DG,16,0.909004
52,CA3-DG,naive,DG,17,0.089386
52,CA3-DG,naive,DG,18,0.532043
52,CA3-DG,naive,DG,19,0.806686
52,CA3-DG,naive,DG,20,0.294054
52,CA3-DG,naive,DG,21,0.839661
52,CA3-DG,naive,DG,22,0.93854
52,CA3-DG,naive,DG,23,0.990398
52,CA3-DG,naive,DG,24,0.919559
52,CA3-DG,naive,DG,25,0.806476
52,CA3-DG,naive,DG,26,0.820876
52,CA3-DG,naive,DG,27,0.912651
52,CA3-DG,naive,DG,28,0.245072
52,CA3-DG,naive,DG,29,0.051793
52,CA3-DG,naive,DG,30,0.90032
52,CA3-DG,naive,DG,31,0.775981
52,CA3-DG,naive,DG,32,0.915212
52,CA3-DG,intermediate,CA3,0,0.825441
52,CA3-DG,intermediate,CA3,1,0.217771
52,CA3-DG,intermediate,CA3,2,0.461606
52,CA3-DG,intermediate,CA3,3,0.814848
52,CA3-DG,intermediate,CA3,4,0.100715
52,CA3-DG,intermediate,CA3,5,0.306415
52,CA3-DG,intermediate,CA3,6,0.283385
52,CA3-DG,intermediate,CA3,7,0.286603
52,CA3-DG,intermediate,CA3,8,0.045281
52,CA3-DG,intermediate,CA3,9,0.707705
52,CA3-DG,intermediate,CA3,10,0.053648
52,CA3-DG,intermediate,CA3,11,0.819761
52,CA3-DG,intermediate,CA3,12,0.018088
52,CA3-DG,intermediate,CA3,13,0.085516
52,CA3-DG,intermediate,CA3,14,0.04269
52,CA3-DG,intermediate,CA3,15,0.04201
52,CA3-DG,intermediate,CA3,16,0.08093
52,CA3-DG,intermediate,CA3,17,0.337059
52,CA3-DG,intermediate,CA3,18,0.869695
52,CA3-DG,intermediate,CA3,19,0.104148
52,CA3-DG,intermediate,CA3,20,0.821454
52,CA3-DG,intermediate,CA3,21,0.77648
52,CA3-DG,intermediate,CA3,22,0.811054
52,CA3-DG,intermediate,CA3,23,0.268757
52,CA3-DG,intermediate,CA3,24,0.683525
52,CA3-DG,intermediate,CA3,25,0.702623
52,CA3-DG,intermediate,CA3,26,0.049013
52,CA3-DG,intermediate,CA3,27,0.037596
52,CA3-DG,intermediate,CA3,28,0.848624
52,CA3-DG,intermediate,CA3,29,0.085537
52,CA3-DG,intermediate,CA3,30,0.130703
52,CA3-DG,intermediate,CA3,31,0.382642
52,CA3-DG,intermediate,CA3,32,0.367919
52,CA3-DG,intermediate,CA3,33,0.321804
52,CA3-DG,intermediate,CA3,34,0.338153
52,CA3-DG,intermediate,CA3,35,0.510997
52,CA3-DG,intermediate,CA3,36,0.489767
52,CA3-DG,intermediate,CA3,37,0.322049
52,CA3-DG,intermediate,CA3,38,0.65543
52,CA3-DG,intermediate,CA3,39,0.408193
52,CA3-DG,intermediate,CA3,40,0.259939
52,CA3-DG,intermediate,CA3,41,0.395611
52,CA3-DG,intermediate,CA3,42,0.371014
52,CA3-DG,intermediate,CA3,43,0.413501
52,CA3-DG,intermediate,CA3,44,0.602527
52,CA3-DG,intermediate,CA3,45,0.876826
52,CA3-DG,intermediate,CA3,46,0.160042
52,CA3-DG,intermediate,CA3,47,0.16624
52,CA3-DG,intermediate,CA3,48,0.602661
52,CA3-DG,intermediate,CA3,49,0.845733
52,CA3-DG,intermediate,CA3,50,0.792002
52,CA3-DG,intermediate,CA3,51,0.751187
52,CA3-DG,intermediate,CA3,52,0.021619
52,CA3-DG,intermediate,CA3,53,0.37413
52,CA3-DG,intermediate,DG,0,0.366786
52,CA3-DG,intermediate,DG,1,0.75142
52,CA3-DG,intermediate,DG,2,0.145743
52,CA3-DG,intermediate,DG,3,0.771411
52,CA3-DG,intermediate,DG,4,0.939533
52,CA3-DG,intermediate,DG,5,0.478087
52,CA3-DG,intermediate,DG,6,0.025237
52,CA3-DG,intermediate,DG,7,0.908957
52,CA3-DG,intermediate,DG,8,0.642051
52,CA3-DG,intermediate,DG,9,0.475222
52,CA3-DG,intermediate,DG,10,0.47722
52,CA3-DG,intermediate,DG,11,0.916325
52,CA3-DG,intermediate,DG,12,0.605642
52,CA3-DG,intermediate,DG,13,0.82619
52,CA3-DG,intermediate,DG,14,0.895251
52,CA3-DG,intermediate,DG,15,0.471196
52,CA3-DG,intermediate,DG,16,0.886315
52,CA3-DG,intermediate,DG,17,0.960031
52,CA3-DG,intermediate,DG,18,0.486053
52,CA3-DG,intermediate,DG,19,0.794159
52,CA3-DG,intermediate,DG,20,0.954816
52,CA3-DG,intermediate,DG,21,0.689321
52,CA3-DG,intermediate,DG,22,0.509539
52,CA3-DG,intermediate,DG,23,0.96944
52,CA3-DG,intermediate,DG,24,0.477514
52,CA3-DG,intermediate,DG,25,0.715064
52,CA3-DG,intermediate,DG,26,0.904607
52,CA3-DG,intermediate,DG,27,0.203941
52,CA3-DG,intermediate,DG,28,0.263954
52,CA3-DG,intermediate,DG,29,0.729306
52,CA3-DG,intermediate,DG,30,0.940405
52,CA3-DG,intermediate,DG,31,0.786941
52,CA3-DG,intermediate,DG,32,0.959244
52,CA3-DG,expert,CA3,0,0.07748
52,CA3-DG,expert,CA3,1,0.054022
52,CA3-DG,expert,CA3,2,0.428985
52,CA3-DG,expert,CA3,3,0.88952
52,CA3-DG,expert,CA3,4,0.878739
52,CA3-DG,expert,CA3,5,0.325954
52,CA3-DG,expert,CA3,6,0.316843
52,CA3-DG,expert,CA3,7,0.316707
52,CA3-DG,expert,CA3,8,0.747365
52,CA3-DG,expert,CA3,9,0.023127
52,CA3-DG,expert,CA3,10,0.03147
52,CA3-DG,expert,CA3,11,0.06428
52,CA3-DG,expert,CA3,12,0.749649
52,CA3-DG,expert,CA3,13,0.036595
52,CA3-DG,expert,CA3,14,0.671889
52,CA3-DG,expert,CA3,15,0.821029
52,CA3-DG,expert,CA3,16,0.854461
52,CA3-DG,expert,CA3,17,0.329016
52,CA3-DG,expert,CA3,18,0.046926
52,CA3-DG,expert,CA3,19,0.73097
52,CA3-DG,expert,CA3,20,0.010789
52,CA3-DG,expert,CA3,21,0.097794
52,CA3-DG,expert,CA3,22,0.043493
52,CA3-DG,expert,CA3,23,0.088253
52,CA3-DG,expert,CA3,24,0.247353
52,CA3-DG,expert,CA3,25,0.753558
52,CA3-DG,expert,CA3,26,0.501692
52,CA3-DG,expert,CA3,27,0.860673
52,CA3-DG,expert,CA3,28,0.865312
52,CA3-DG,expert,CA3,29,0.082228
52,CA3-DG,expert,CA3,30,0.627028
52,CA3-DG,expert,CA3,31,0.012028
52,CA3-DG,expert,CA3,32,0.378265
52,CA3-DG,expert,CA3,33,0.29011
52,CA3-DG,expert,CA3,34,0.311112
52,CA3-DG,expert,CA3,35,0.394783
52,CA3-DG,expert,CA3,36,0.401582
52,CA3-DG,expert,CA3,37,0.377779
52,CA3-DG,expert,CA3,38,0.117208
52,CA3-DG,expert,CA3,39,0.303918
52,CA3-DG,expert,CA3,40,0.194965
52,CA3-DG,expert,CA3,41,0.368223
52,CA3-DG,expert,CA3,42,0.372097
52,CA3-DG,expert,CA3,43,0.332062
52,CA3-DG,expert,CA3,44,0.407037
52,CA3-DG,expert,CA3,45,0.129876
52,CA3-DG,expert,CA3,46,0.356336
52,CA3-DG,expert,CA3,47,0.780039
52,CA3-DG,expert,CA3,48,0.109465
52,CA3-DG,expert,CA3,49,0.049662
52,CA3-DG,expert,CA3,50,0.803515
52,CA3-DG,expert,CA3,51,0.81381
52,CA3-DG,expert,CA3,52,0.019171
52,CA3-DG,expert,CA3,53,0.584365
52,CA3-DG,expert,DG,0,0.60951
52,CA3-DG,expert,DG,1,0.922884
52,CA3-DG,expert,DG,2,0.127535
52,CA3-DG,expert,DG,3,0.466174
52,CA3-DG,expert,DG,4,0.772939
52,CA3-DG,expert,DG,5,0.444199
52,CA3-DG,expert,DG,6,0.169382
52,CA3-DG,expert,DG,7,0.942926
52,CA3-DG,expert,DG,8,0.550753
52,CA3-DG,expert,DG,9,0.484397
52,CA3-DG,expert,DG,10,0.462003
52,CA3-DG,expert,DG,11,0.926759
52,CA3-DG,expert,DG,12,0.755596
52,CA3-DG,expert,DG,13,0.041878
52,CA3-DG,expert,DG,14,0.908449
52,CA3-DG,expert,DG,15,0.460282
52,CA3-DG,expert,DG,16,0.902536
52,CA3-DG,expert,DG,17,0.884093
52,CA3-DG,expert,DG,18,0.459671
52,CA3-DG,expert,DG,19,0.825149
52,CA3-DG,expert,DG,20,0.957378
52,CA3-DG,expert,DG,21,0.743187
52,CA3-DG,expert,DG,22,0.393401
52,CA3-DG,expert,DG,23,1.00219
52,CA3-DG,expert,DG,24,0.864248
52,CA3-DG,expert,DG,25,0.5011
52,CA3-DG,expert,DG,26,0.977442
52,CA3-DG,expert,DG,27,0.788326
52,CA3-DG,expert,DG,28,0.74369
52,CA3-DG,expert,DG,29,0.713571
52,CA3-DG,expert,DG,30,0.850351
52,CA3-DG,expert,DG,31,0.333833
52,CA3-DG,expert,DG,32,0.388344
52,V1-RSC,naive,V1,0,0.085428
52,V1-RSC,naive,V1,1,0.139011
52,V1-RSC,naive,V1,2,0.312441
52,V1-RSC,naive,V1,3,0.258632
52,V1-RSC,naive,V1,4,0.124335
52,V1-RSC,naive,V1,5,0.14427
52,V1-RSC,naive,V1,6,0.302828
52,V1-RSC,naive,V1,7,0.142167
52,V1-RSC,naive,V1,8,0.036583
52,V1-RSC,naive,V1,9,0.037717
52,V1-RSC,naive,V1,10,0.163264
52,V1-RSC,naive,V1,11,0.308562
52,V1-RSC,naive,V1,12,0.117763
52,V1-RSC,naive,V1,13,0.103298
52,V1-RSC,naive,V1,14,0.199783
52,V1-RSC,naive,V1,15,0.096514
52,V1-RSC,naive,V1,16,0.299808
52,V1-RSC,naive,V1,17,0.10911
52,V1-RSC,naive,V1,18,0.110083
52,V1-RSC,naive,V1,19,0.226249
52,V1-RSC,naive,V1,20,0.102939
52,V1-RSC,naive,V1,21,0.270542
52,V1-RSC,naive,V1,22,0.170487
52,V1-RSC,naive,V1,23,0.020272
52,V1-RSC,naive,V1,24,0.138002
52,V1-RSC,naive,V1,25,0.103699
52,V1-RSC,naive,V1,26,0.111748
52,V1-RSC,naive,V1,27,0.141018
52,V1-RSC,naive,V1,28,0.187357
52,V1-RSC,naive,V1,29,0.15679
52,V1-RSC,naive,V1,30,0.271603
52,V1-RSC,naive,V1,31,0.144717
52,V1-RSC,naive,V1,32,0.30955
52,V1-RSC,naive,V1,33,0.179842
52,V1-RSC,naive,V1,34,0.285456
52,V1-RSC,naive,V1,35,0.057023
52,V1-RSC,naive,V1,36,0.183845
52,V1-RSC,naive,V1,37,0.171766
52,V1-RSC,naive,V1,38,0.105387
52,V1-RSC,naive,V1,39,0.178197
52,V1-RSC,naive,V1,40,0.054222
52,V1-RSC,naive,V1,41,0.314544
52,V1-RSC,naive,V1,42,0.158956
52,V1-RSC,naive,V1,43,0.283779
52,V1-RSC,naive,V1,44,0.182851
52,V1-RSC,naive,V1,45,0.127365
52,V1-RSC,naive,V1,46,0.317879
52,V1-RSC,naive,V1,47,0.143238
52,V1-RSC,naive,V1,48,0.051008
52,V1-RSC,naive,V1,49,0.085539
52,V1-RSC,naive,V1,50,0.480762
52,V1-RSC,naive,V1,51,0.144244
52,V1-RSC,naive,V1,52,0.334191
52,V1-RSC,naive,V1,53,0.121346
52,V1-RSC,naive,V1,54,0.075901
52,V1-RSC,naive,V1,55,0.442734
52,V1-RSC,naive,V1,56,0.127082
52,V1-RSC,naive,V1,57,0.037636
52,V1-RSC,naive,V1,58,0.129178
52,V1-RSC,naive,V1,59,0.157055
52,V1-RSC,naive,V1,60,0.090289
52,V1-RSC,naive,V1,61,0.228659
52,V1-RSC,naive,V1,62,0.129128
52,V1-RSC,naive,V1,63,0.042463
52,V1-RSC,naive,V1,64,0.12093
52,V1-RSC,naive,V1,65,0.100982
52,V1-RSC,naive,V1,66,0.046173
52,V1-RSC,naive,V1,67,0.037909
52,V1-RSC,naive,V1,68,0.03123
52,V1-RSC,naive,V1,69,0.09315
52,V1-RSC,naive,V1,70,0.057474
52,V1-RSC,naive,V1,71,0.10479
52,V1-RSC,naive,V1,72,0.175315
52,V1-RSC,naive,V1,73,0.13061
52,V1-RSC,naive,V1,74,0.344895
52,V1-RSC,naive,V1,75,0.138074
52,V1-RSC,naive,V1,76,0.179323
52,V1-RSC,naive,V1,77,0.16401
52,V1-RSC,naive,V1,78,0.135004
52,V1-RSC,naive,V1,79,0.217942
52,V1-RSC,naive,V1,80,0.119939
52,V1-RSC,naive,V1,81,0.095581
52,V1-RSC,naive,V1,82,0.124565
52,V1-RSC,naive,V1,83,0.106339
52,V1-RSC,naive,V1,84,0.109249
52,V1-RSC,naive,V1,85,0.143188
52,V1-RSC,naive,V1,86,0.174092
52,V1-RSC,naive,V1,87,0.378668
52,V1-RSC,naive,V1,88,0.079317
52,V1-RSC,naive,V1,89,0.321417
52,V1-RSC,naive,V1,90,0.148216
52,V1-RSC,naive,V1,91,0.236472
52,V1-RSC,naive,V1,92,0.20097
52,V1-RSC,naive,V1,93,0.114027
52,V1-RSC,naive,V1,94,0.158206
52,V1-RSC,naive,V1,95,0.034342
52,V1-RSC,naive,V1,96,0.150292
52,V1-RSC,naive,V1,97,0.139923
52,V1-RSC,naive,V1,98,0.051356
52,V1-RSC,naive,V1,99,0.124336
52,V1-RSC,naive,V1,100,0.127106
52,V1-RSC,naive,V1,101,0.396381
52,V1-RSC,naive,V1,102,0.284511
52,V1-RSC,naive,RSC,0,1.085548
52,V1-RSC,naive,RSC,1,1.178852
52,V1-RSC,naive,RSC,2,1.057537
52,V1-RSC,naive,RSC,3,0.929779
52,V1-RSC,naive,RSC,4,0.955492
52,V1-RSC,naive,RSC,5,1.519792
52,V1-RSC,naive,RSC,6,1.045656
52,V1-RSC,intermediate,V1,0,0.16935
52,V1-RSC,intermediate,V1,1,0.120875
52,V1-RSC,intermediate,V1,2,0.329417
52,V1-RSC,intermediate,V1,3,0.406968
52,V1-RSC,intermediate,V1,4,0.206187
52,V1-RSC,intermediate,V1,5,0.156515
52,V1-RSC,intermediate,V1,6,0.32551
52,V1-RSC,intermediate,V1,7,0.273409
52,V1-RSC,intermediate,V1,8,0.232069
52,V1-RSC,intermediate,V1,9,0.495071
52,V1-RSC,intermediate,V1,10,0.135519
52,V1-RSC,intermediate,V1,11,0.306969
52,V1-RSC,intermediate,V1,12,0.162983
52,V1-RSC,intermediate,V1,13,0.07881
52,V1-RSC,intermediate,V1,14,0.274175
52,V1-RSC,intermediate,V1,15,0.337578
52,V1-RSC,intermediate,V1,16,0.216856
52,V1-RSC,intermediate,V1,17,0.167189
52,V1-RSC,intermediate,V1,18,0.209911
52,V1-RSC,intermediate,V1,19,0.310032
52,V1-RSC,intermediate,V1,20,0.199202
52,V1-RSC,intermediate,V1,21,0.245294
52,V1-RSC,intermediate,V1,22,0.230112
52,V1-RSC,intermediate,V1,23,0.013669
52,V1-RSC,intermediate,V1,24,0.171388
52,V1-RSC,intermediate,V1,25,0.09058
52,V1-RSC,intermediate,V1,26,0.215439
52,V1-RSC,intermediate,V1,27,0.236748
52,V1-RSC,intermediate,V1,28,0.241913
52,V1-RSC,intermediate,V1,29,0.154969
52,V1-RSC,intermediate,V1,30,0.163964
52,V1-RSC,intermediate,V1,31,0.234577
52,V1-RSC,intermediate,V1,32,0.179857
52,V1-RSC,intermediate,V1,33,0.182767
52,V1-RSC,intermediate,V1,34,0.281475
52,V1-RSC,intermediate,V1,35,0.205451
52,V1-RSC,intermediate,V1,36,0.20272
52,V1-RSC,intermediate,V1,37,0.099038
52,V1-RSC,intermediate,V1,38,0.07746
52,V1-RSC,intermediate,V1,39,0.052116
52,V1-RSC,intermediate,V1,40,0.020152
52,V1-RSC,intermediate,V1,41,0.138812
52,V1-RSC,intermediate,V1,42,0.129504
52,V1-RSC,intermediate,V1,43,0.189023
52,V1-RSC,intermediate,V1,44,0.277407
52,V1-RSC,intermediate,V1,45,0.052469
52,V1-RSC,intermediate,V1,46,0.106983
52,V1-RSC,intermediate,V1,47,0.256164
52,V1-RSC,intermediate,V1,48,0.021461
52,V1-RSC,intermediate,V1,49,0.107969
52,V1-RSC,intermediate,V1,50,0.050431
52,V1-RSC,intermediate,V1,51,0.12517
52,V1-RSC,intermediate,V1,52,0.436089
52,V1-RSC,intermediate,V1,53,0.068868
52,V1-RSC,intermediate,V1,54,0.164464
52,V1-RSC,intermediate,V1,55,0.198442
52,V1-RSC,intermediate,V1,56,0.031319
52,V1-RSC,intermediate,V1,57,0.055138
52,V1-RSC,intermediate,V1,58,0.046235
52,V1-RSC,intermediate,V1,59,0.192998
52,V1-RSC,intermediate,V1,60,0.256177
52,V1-RSC,intermediate,V1,61,0.273399
52,V1-RSC,intermediate,V1,62,0.10859
52,V1-RSC,intermediate,V1,63,0.125551
52,V1-RSC,intermediate,V1,64,0.174395
52,V1-RSC,intermediate,V1,65,0.058922
52,V1-RSC,intermediate,V1,66,0.089648
52,V1-RSC,intermediate,V1,67,0.29132
52,V1-RSC,intermediate,V1,68,0.258292
52,V1-RSC,intermediate,V1,69,0.189798
52,V1-RSC,intermediate,V1,70,0.145759
52,V1-RSC,intermediate,V1,71,0.2323
52,V1-RSC,intermediate,V1,72,0.311816
52,V1-RSC,intermediate,V1,73,0.28181
52,V1-RSC,intermediate,V1,74,0.075847
52,V1-RSC,intermediate,V1,75,0.218537
52,V1-RSC,intermediate,V1,76,0.19404
52,V1-RSC,intermediate,V1,77,0.165089
52,V1-RSC,intermediate,V1,78,0.200204
52,V1-RSC,intermediate,V1,79,0.180174
52,V1-RSC,intermediate,V1,80,0.204568
52,V1-RSC,intermediate,V1,81,0.069093
52,V1-RSC,intermediate,V1,82,0.152857
52,V1-RSC,intermediate,V1,83,0.091363
52,V1-RSC,intermediate,V1,84,0.126383
52,V1-RSC,intermediate,V1,85,0.183859
52,V1-RSC,intermediate,V1,86,0.222992
52,V1-RSC,intermediate,V1,87,0.150384
52,V1-RSC,intermediate,V1,88,0.119479
52,V1-RSC,intermediate,V1,89,0.127702
52,V1-RSC,intermediate,V1,90,0.172673
52,V1-RSC,intermediate,V1,91,0.178146
52,V1-RSC,intermediate,V1,92,0.188482
52,V1-RSC,intermediate,V1,93,0.06029
52,V1-RSC,intermediate,V1,94,0.255443
52,V1-RSC,intermediate,V1,95,0.314401
52,V1-RSC,intermediate,V1,96,0.165431
52,V1-RSC,intermediate,V1,97,0.07898
52,V1-RSC,intermediate,V1,98,0.043765
52,V1-RSC,intermediate,V1,99,0.15479
52,V1-RSC,intermediate,V1,100,0.144911
52,V1-RSC,intermediate,V1,101,0.254264
52,V1-RSC,intermediate,V1,102,0.115676
52,V1-RSC,intermediate,RSC,0,1.036546
52,V1-RSC,intermediate,RSC,1,0.952717
52,V1-RSC,intermediate,RSC,2,1.151062
52,V1-RSC,intermediate,RSC,3,1.067267
52,V1-RSC,intermediate,RSC,4,0.962253
52,V1-RSC,intermediate,RSC,5,1.134753
52,V1-RSC,intermediate,RSC,6,0.973123
52,V1-RSC,expert,V1,0,0.108389
52,V1-RSC,expert,V1,1,0.309337
52,V1-RSC,expert,V1,2,0.261732
52,V1-RSC,expert,V1,3,0.029742
52,V1-RSC,expert,V1,4,0.106351
52,V1-RSC,expert,V1,5,0.306851
52,V1-RSC,expert,V1,6,0.28618
52,V1-RSC,expert,V1,7,0.437453
52,V1-RSC,expert,V1,8,0.192727
52,V1-RSC,expert,V1,9,0.048641
52,V1-RSC,expert,V1,10,0.225539
52,V1-RSC,expert,V1,11,0.281448
52,V1-RSC,expert,V1,12,0.195195
52,V1-RSC,expert,V1,13,0.175441
52,V1-RSC,expert,V1,14,0.140012
52,V1-RSC,expert,V1,15,0.075729
52,V1-RSC,expert,V1,16,0.20459
52,V1-RSC,expert,V1,17,0.098315
52,V1-RSC,expert,V1,18,0.185506
52,V1-RSC,expert,V1,19,0.269
52,V1-RSC,expert,V1,20,0.222127
52,V1-RSC,expert,V1,21,0.139665
52,V1-RSC,expert,V1,22,0.211632
52,V1-RSC,expert,V1,23,0.009702
52,V1-RSC,expert,V1,24,0.14906
52,V1-RSC,expert,V1,25,0.09645
52,V1-RSC,expert,V1,26,0.220447
52,V1-RSC,expert,V1,27,0.209752
52,V1-RSC,expert,V1,28,0.060725
52,V1-RSC,expert,V1,29,0.230816
52,V1-RSC,expert,V1,30,0.222228
52,V1-RSC,expert,V1,31,0.087755
52,V1-RSC,expert,V1,32,0.234459
52,V1-RSC,expert,V1,33,0.144732
52,V1-RSC,expert,V1,34,0.26108
52,V1-RSC,expert,V1,35,0.033418
52,V1-RSC,expert,V1,36,0.159477
52,V1-RSC,expert,V1,37,0.229239
52,V1-RSC,expert,V1,38,0.128644
52,V1-RSC,expert,V1,39,0.302539
52,V1-RSC,expert,V1,40,0.012893
52,V1-RSC,expert,V1,41,0.041509
52,V1-RSC,expert,V1,42,0.139406
52,V1-RSC,expert,V1,43,0.257398
52,V1-RSC,expert,V1,44,0.179111
52,V1-RSC,expert,V1,45,0.026736
52,V1-RSC,expert,V1,46,0.038551
52,V1-RSC,expert,V1,47,0.247187
52,V1-RSC,expert,V1,48,0.286045
52,V1-RSC,expert,V1,49,0.192731
52,V1-RSC,expert,V1,50,0.055354
52,V1-RSC,expert,V1,51,0.019389
52,V1-RSC,expert,V1,52,0.005997
52,V1-RSC,expert,V1,53,0.076613
52,V1-RSC,expert,V1,54,0.097185
52,V1-RSC,expert,V1,55,0.112182
52,V1-RSC,expert,V1,56,0.012503
52,V1-RSC,expert,V1,57,0.257221
52,V1-RSC,expert,V1,58,0.052894
52,V1-RSC,expert,V1,59,0.170068
52,V1-RSC,expert,V1,60,0.371369
52,V1-RSC,expert,V1,61,0.271082
52,V1-RSC,expert,V1,62,0.362117
52,V1-RSC,expert,V1,63,0.094874
52,V1-RSC,expert,V1,64,0.367059
52,V1-RSC,expert,V1,65,0.038254
52,V1-RSC,expert,V1,66,0.413159
52,V1-RSC,expert,V1,67,0.049943
52,V1-RSC,expert,V1,68,0.073077
52,V1-RSC,expert,V1,69,0.415051
52,V1-RSC,expert,V1,70,0.045075
52,V1-RSC,expert,V1,71,0.335752
52,V1-RSC,expert,V1,72,0.052281
52,V1-RSC,expert,V1,73,0.345692
52,V1-RSC,expert,V1,74,0.080137
52,V1-RSC,expert,V1,75,0.088484
52,V1-RSC,expert,V1,76,0.185825
52,V1-RSC,expert,V1,77,0.190296
52,V1-RSC,expert,V1,78,0.186129
52,V1-RSC,expert,V1,79,0.175305
52,V1-RSC,expert,V1,80,0.14968
52,V1-RSC,expert,V1,81,0.233963
52,V1-RSC,expert,V1,82,0.186224
52,V1-RSC,expert,V1,83,0.15955
52,V1-RSC,expert,V1,84,0.276577
52,V1-RSC,expert,V1,85,0.080687
52,V1-RSC,expert,V1,86,0.147639
52,V1-RSC,expert,V1,87,0.107997
52,V1-RSC,expert,V1,88,0.141551
52,V1-RSC,expert,V1,89,0.197207
52,V1-RSC,expert,V1,90,0.214199
52,V1-RSC,expert,V1,91,0.24749
52,V1-RSC,expert,V1,92,0.15441
52,V1-RSC,expert,V1,93,0.077656
52,V1-RSC,expert,V1,94,0.097015
52,V1-RSC,expert,V1,95,0.088475
52,V1-RSC,expert,V1,96,0.408357
52,V1-RSC,expert,V1,97,0.075049
52,V1-RSC,expert,V1,98,0.28016
52,V1-RSC,expert,V1,99,0.172393
52,V1-RSC,expert,V1,100,0.138057
52,V1-RSC,expert,V1,101,0.249669
52,V1-RSC,expert,V1,102,0.057123
52,V1-RSC,expert,RSC,0,1.030553
52,V1-RSC,expert,RSC,1,0.944943
52,V1-RSC,expert,RSC,2,0.983832
52,V1-RSC,expert,RSC,3,1.046681
52,V1-RSC,expert,RSC,4,1.159813
52,V1-RSC,expert,RSC,5,1.102674
52,V1-RSC,expert,RSC,6,0.928965
61,CA1-RSC,naive,CA1,0,0.133669
61,CA1-RSC,naive,CA1,1,0.170465
61,CA1-RSC,naive,CA1,2,0.029248
61,CA1-RSC,naive,CA1,3,0.107147
61,CA1-RSC,naive,CA1,4,0.750599
61,CA1-RSC,naive,CA1,5,0.591937
61,CA1-RSC,naive,CA1,6,0.030757
61,CA1-RSC,naive,CA1,7,0.051459
61,CA1-RSC,naive,CA1,8,0.107069
61,CA1-RSC,naive,CA1,9,0.016471
61,CA1-RSC,naive,CA1,10,0.667282
61,CA1-RSC,naive,CA1,11,0.5738
61,CA1-RSC,naive,CA1,12,0.02556
61,CA1-RSC,naive,CA1,13,0.101246
61,CA1-RSC,naive,CA1,14,0.143176
61,CA1-RSC,naive,CA1,15,0.051901
61,CA1-RSC,naive,CA1,16,0.026833
61,CA1-RSC,naive,CA1,17,0.025907
61,CA1-RSC,naive,CA1,18,0.703872
61,CA1-RSC,naive,CA1,19,0.457876
61,CA1-RSC,naive,CA1,20,0.021516
61,CA1-RSC,naive,CA1,21,0.026008
61,CA1-RSC,naive,CA1,22,0.674808
61,CA1-RSC,naive,CA1,23,0.027036
61,CA1-RSC,naive,CA1,24,0.750113
61,CA1-RSC,naive,CA1,25,0.264596
61,CA1-RSC,naive,CA1,26,0.642185
61,CA1-RSC,naive,CA1,27,0.714701
61,CA1-RSC,naive,CA1,28,0.011438
61,CA1-RSC,naive,CA1,29,0.489031
61,CA1-RSC,naive,CA1,30,0.069036
61,CA1-RSC,naive,CA1,31,0.572456
61,CA1-RSC,naive,CA1,32,0.605301
61,CA1-RSC,naive,CA1,33,0.601665
61,CA1-RSC,naive,CA1,34,0.674634
61,CA1-RSC,naive,CA1,35,0.729101
61,CA1-RSC,naive,CA1,36,0.513681
61,CA1-RSC,naive,CA1,37,0.079557
61,CA1-RSC,naive,CA1,38,0.589943
61,CA1-RSC,naive,CA1,39,0.02969
61,CA1-RSC,naive,CA1,40,0.017329
61,CA1-RSC,naive,CA1,41,0.00221
61,CA1-RSC,naive,CA1,42,0.0345
61,CA1-RSC,naive,CA1,43,0.022006
61,CA1-RSC,naive,CA1,44,0.112547
61,CA1-RSC,naive,CA1,45,0.302039
61,CA1-RSC,naive,CA1,46,0.439926
61,CA1-RSC,naive,CA1,47,0.03943
61,CA1-RSC,naive,CA1,48,0.004545
61,CA1-RSC,naive,CA1,49,0.436954
61,CA1-RSC,naive,CA1,50,0.018983
61,CA1-RSC,naive,CA1,51,0.026061
61,CA1-RSC,naive,CA1,52,0.048023
61,CA1-RSC,naive,CA1,53,0.022701
61,CA1-RSC,naive,CA1,54,0.143891
61,CA1-RSC,naive,CA1,55,0.727938
61,CA1-RSC,naive,CA1,56,0.033149
61,CA1-RSC,naive,CA1,57,0.012578
61,CA1-RSC,naive,RSC,0,0.018947
61,CA1-RSC,naive,RSC,1,0.223226
61,CA1-RSC,naive,RSC,2,0.821744
61,CA1-RSC,naive,RSC,3,0.0529
61,CA1-RSC,naive,RSC,4,0.789234
61,CA1-RSC,naive,RSC,5,0.745953
61,CA1-RSC,naive,RSC,6,0.071372
61,CA1-RSC,naive,RSC,7,0.247901
61,CA1-RSC,naive,RSC,8,0.241234
61,CA1-RSC,naive,RSC,9,0.190111
61,CA1-RSC,naive,RSC,10,0.501912
61,CA1-RSC,naive,RSC,11,0.307764
61,CA1-RSC,naive,RSC,12,0.206795
61,CA1-RSC,naive,RSC,13,0.073532
61,CA1-RSC,naive,RSC,14,0.785256
61,CA1-RSC,naive,RSC,15,0.251892
61,CA1-RSC,naive,RSC,16,0.156228
61,CA1-RSC,naive,RSC,17,0.087143
61,CA1-RSC,naive,RSC,18,0.0284
61,CA1-RSC,naive,RSC,19,0.142338
61,CA1-RSC,naive,RSC,20,0.138888
61,CA1-RSC,naive,RSC,21,0.266708
61,CA1-RSC,naive,RSC,22,0.095332
61,CA1-RSC,naive,RSC,23,0.634343
61,CA1-RSC,naive,RSC,24,0.115956
61,CA1-RSC,naive,RSC,25,0.086472
61,CA1-RSC,naive,RSC,26,0.082028
61,CA1-RSC,naive,RSC,27,0.065774
61,CA1-RSC,naive,RSC,28,0.024147
61,CA1-RSC,naive,RSC,29,0.598346
61,CA1-RSC,naive,RSC,30,0.315087
61,CA1-RSC,naive,RSC,31,0.079043
61,CA1-RSC,naive,RSC,32,0.37241
61,CA1-RSC,naive,RSC,33,0.013814
61,CA1-RSC,naive,RSC,34,0.314581
61,CA1-RSC,naive,RSC,35,0.374522
61,CA1-RSC,naive,RSC,36,0.398957
61,CA1-RSC,naive,RSC,37,0.304545
61,CA1-RSC,naive,RSC,38,0.307938
61,CA1-RSC,naive,RSC,39,0.739418
61,CA1-RSC,naive,RSC,40,0.408589
61,CA1-RSC,naive,RSC,41,0.364982
61,CA1-RSC,naive,RSC,42,0.184979
61,CA1-RSC,naive,RSC,43,0.243329
61,CA1-RSC,naive,RSC,44,0.124489
61,CA1-RSC,naive,RSC,45,0.094698
61,CA1-RSC,naive,RSC,46,0.151158
61,CA1-RSC,naive,RSC,47,0.176416
61,CA1-RSC,naive,RSC,48,0.402717
61,CA1-RSC,naive,RSC,49,0.145512
61,CA1-RSC,naive,RSC,50,0.389065
61,CA1-RSC,naive,RSC,51,0.123373
61,CA1-RSC,naive,RSC,52,0.417277
61,CA1-RSC,naive,RSC,53,0.227223
61,CA1-RSC,naive,RSC,54,0.099591
61,CA1-RSC,naive,RSC,55,0.102611
61,CA1-RSC,naive,RSC,56,0.339213
61,CA1-RSC,naive,RSC,57,0.111214
61,CA1-RSC,naive,RSC,58,0.44442
61,CA1-RSC,naive,RSC,59,0.252533
61,CA1-RSC,naive,RSC,60,0.615216
61,CA1-RSC,naive,RSC,61,0.667061
61,CA1-RSC,naive,RSC,62,0.073148
61,CA1-RSC,naive,RSC,63,0.556494
61,CA1-RSC,naive,RSC,64,0.048308
61,CA1-RSC,naive,RSC,65,0.114587
61,CA1-RSC,naive,RSC,66,0.017785
61,CA1-RSC,naive,RSC,67,0.131876
61,CA1-RSC,naive,RSC,68,0.062852
61,CA1-RSC,naive,RSC,69,0.509504
61,CA1-RSC,naive,RSC,70,0.226295
61,CA1-RSC,naive,RSC,71,0.255738
61,CA1-RSC,naive,RSC,72,0.214413
61,CA1-RSC,naive,RSC,73,0.186587
61,CA1-RSC,naive,RSC,74,0.160442
61,CA1-RSC,naive,RSC,75,0.111713
61,CA1-RSC,naive,RSC,76,0.05441
61,CA1-RSC,naive,RSC,77,0.065335
61,CA1-RSC,naive,RSC,78,0.378423
61,CA1-RSC,naive,RSC,79,0.373419
61,CA1-RSC,naive,RSC,80,0.693652
61,CA1-RSC,naive,RSC,81,0.305489
61,CA1-RSC,naive,RSC,82,0.048286
61,CA1-RSC,naive,RSC,83,0.743221
61,CA1-RSC,naive,RSC,84,0.272231
61,CA1-RSC,naive,RSC,85,0.113985
61,CA1-RSC,naive,RSC,86,0.395465
61,CA1-RSC,naive,RSC,87,0.427838
61,CA1-RSC,naive,RSC,88,0.357626
61,CA1-RSC,naive,RSC,89,0.200856
61,CA1-RSC,naive,RSC,90,0.143237
61,CA1-RSC,naive,RSC,91,0.34161
61,CA1-RSC,naive,RSC,92,0.833016
61,CA1-RSC,naive,RSC,93,0.091487
61,CA1-RSC,naive,RSC,94,0.081194
61,CA1-RSC,naive,RSC,95,0.076386
61,CA1-RSC,naive,RSC,96,0.515245
61,CA1-RSC,naive,RSC,97,0.589166
61,CA1-RSC,naive,RSC,98,0.618392
61,CA1-RSC,naive,RSC,99,0.115647
61,CA1-RSC,naive,RSC,100,0.777405
61,CA1-RSC,intermediate,CA1,0,0.480175
61,CA1-RSC,intermediate,CA1,1,0.851324
61,CA1-RSC,intermediate,CA1,2,0.841985
61,CA1-RSC,intermediate,CA1,3,0.146204
61,CA1-RSC,intermediate,CA1,4,0.044395
61,CA1-RSC,intermediate,CA1,5,0.01483
61,CA1-RSC,intermediate,CA1,6,0.830692
61,CA1-RSC,intermediate,CA1,7,0.231043
61,CA1-RSC,intermediate,CA1,8,0.213374
61,CA1-RSC,intermediate,CA1,9,0.891098
61,CA1-RSC,intermediate,CA1,10,0.036011
61,CA1-RSC,intermediate,CA1,11,0.031871
61,CA1-RSC,intermediate,CA1,12,0.279084
61,CA1-RSC,intermediate,CA1,13,0.385813
61,CA1-RSC,intermediate,CA1,14,0.163983
61,CA1-RSC,intermediate,CA1,15,0.457995
61,CA1-RSC,intermediate,CA1,16,0.931506
61,CA1-RSC,intermediate,CA1,17,0.838939
61,CA1-RSC,intermediate,CA1,18,0.170658
61,CA1-RSC,intermediate,CA1,19,0.010585
61,CA1-RSC,intermediate,CA1,20,0.110332
61,CA1-RSC,intermediate,CA1,21,0.900337
61,CA1-RSC,intermediate,CA1,22,0.088523
61,CA1-RSC,intermediate,CA1,23,0.895212
61,CA1-RSC,intermediate,CA1,24,0.263439
61,CA1-RSC,intermediate,CA1,25,0.882489
61,CA1-RSC,intermediate,CA1,26,0.112631
61,CA1-RSC,intermediate,CA1,27,0.017054
61,CA1-RSC,intermediate,CA1,28,0.034048
61,CA1-RSC,intermediate,CA1,29,0.035871
61,CA1-RSC,intermediate,CA1,30,0.880273
61,CA1-RSC,intermediate,CA1,31,0.046009
61,CA1-RSC,intermediate,CA1,32,0.012392
61,CA1-RSC,intermediate,CA1,33,0.023059
61,CA1-RSC,intermediate,CA1,34,0.15151
61,CA1-RSC,intermediate,CA1,35,0.151543
61,CA1-RSC,intermediate,CA1,36,0.769042
61,CA1-RSC,intermediate,CA1,37,0.222813
61,CA1-RSC,intermediate,CA1,38,0.791888
61,CA1-RSC,intermediate,CA1,39,0.905255
61,CA1-RSC,intermediate,CA1,40,0.875268
61,CA1-RSC,intermediate,CA1,41,0.021294
61,CA1-RSC,intermediate,CA1,42,0.150098
61,CA1-RSC,intermediate,CA1,43,0.930242
61,CA1-RSC,intermediate,CA1,44,0.096188
61,CA1-RSC,intermediate,CA1,45,0.207761
61,CA1-RSC,intermediate,CA1,46,0.010966
61,CA1-RSC,intermediate,CA1,47,0.150475
61,CA1-RSC,intermediate,CA1,48,0.091791
61,CA1-RSC,intermediate,CA1,49,0.089816
61,CA1-RSC,intermediate,CA1,50,0.061295
61,CA1-RSC,intermediate,CA1,51,0.898902
61,CA1-RSC,intermediate,CA1,52,0.893364
61,CA1-RSC,intermediate,CA1,53,0.904364
61,CA1-RSC,intermediate,CA1,54,0.040988
61,CA1-RSC,intermediate,CA1,55,0.892129
61,CA1-RSC,intermediate,CA1,56,0.247283
61,CA1-RSC,intermediate,CA1,57,0.813985
61,CA1-RSC,intermediate,RSC,0,0.659842
61,CA1-RSC,intermediate,RSC,1,0.254221
61,CA1-RSC,intermediate,RSC,2,0.318647
61,CA1-RSC,intermediate,RSC,3,0.613082
61,CA1-RSC,intermediate,RSC,4,0.140435
61,CA1-RSC,intermediate,RSC,5,0.560433
61,CA1-RSC,intermediate,RSC,6,0.502991
61,CA1-RSC,intermediate,RSC,7,0.063689
61,CA1-RSC,intermediate,RSC,8,0.118188
61,CA1-RSC,intermediate,RSC,9,0.401367
61,CA1-RSC,intermediate,RSC,10,0.474403
61,CA1-RSC,intermediate,RSC,11,0.283981
61,CA1-RSC,intermediate,RSC,12,0.413444
61,CA1-RSC,intermediate,RSC,13,0.52673
61,CA1-RSC,intermediate,RSC,14,0.322662
61,CA1-RSC,intermediate,RSC,15,0.33211
61,CA1-RSC,intermediate,RSC,16,0.72536
61,CA1-RSC,intermediate,RSC,17,0.481209
61,CA1-RSC,intermediate,RSC,18,0.454293
61,CA1-RSC,intermediate,RSC,19,0.236582
61,CA1-RSC,intermediate,RSC,20,0.390805
61,CA1-RSC,intermediate,RSC,21,0.223894
61,CA1-RSC,intermediate,RSC,22,0.562928
61,CA1-RSC,intermediate,RSC,23,0.124287
61,CA1-RSC,intermediate,RSC,24,0.364361
61,CA1-RSC,intermediate,RSC,25,0.643541
61,CA1-RSC,intermediate,RSC,26,0.494246
61,CA1-RSC,intermediate,RSC,27,0.240879
61,CA1-RSC,intermediate,RSC,28,0.704213
61,CA1-RSC,intermediate,RSC,29,0.614034
61,CA1-RSC,intermediate,RSC,30,0.314833
61,CA1-RSC,intermediate,RSC,31,0.238723
61,CA1-RSC,intermediate,RSC,32,0.367371
61,CA1-RSC,intermediate,RSC,33,0.782754
61,CA1-RSC,intermediate,RSC,34,0.31646
61,CA1-RSC,intermediate,RSC,35,0.346321
61,CA1-RSC,intermediate,RSC,36,0.368783
61,CA1-RSC,intermediate,RSC,37,0.401157
61,CA1-RSC,intermediate,RSC,38,0.462715
61,CA1-RSC,intermediate,RSC,39,0.103141
61,CA1-RSC,intermediate,RSC,40,0.389789
61,CA1-RSC,intermediate,RSC,41,0.336669
61,CA1-RSC,intermediate,RSC,42,0.284113
61,CA1-RSC,intermediate,RSC,43,0.27223
61,CA1-RSC,intermediate,RSC,44,0.340553
61,CA1-RSC,intermediate,RSC,45,0.184199
61,CA1-RSC,intermediate,RSC,46,0.317097
61,CA1-RSC,intermediate,RSC,47,0.301905
61,CA1-RSC,intermediate,RSC,48,0.397748
61,CA1-RSC,intermediate,RSC,49,0.396594
61,CA1-RSC,intermediate,RSC,50,0.259954
61,CA1-RSC,intermediate,RSC,51,0.329696
61,CA1-RSC,intermediate,RSC,52,0.134879
61,CA1-RSC,intermediate,RSC,53,0.275108
61,CA1-RSC,intermediate,RSC,54,0.396563
61,CA1-RSC,intermediate,RSC,55,0.364047
61,CA1-RSC,intermediate,RSC,56,0.251619
61,CA1-RSC,intermediate,RSC,57,0.34111
61,CA1-RSC,intermediate,RSC,58,0.331937
61,CA1-RSC,intermediate,RSC,59,0.444399
61,CA1-RSC,intermediate,RSC,60,0.223334
61,CA1-RSC,intermediate,RSC,61,0.282113
61,CA1-RSC,intermediate,RSC,62,0.056198
61,CA1-RSC,intermediate,RSC,63,0.279242
61,CA1-RSC,intermediate,RSC,64,0.074094
61,CA1-RSC,intermediate,RSC,65,0.188062
61,CA1-RSC,intermediate,RSC,66,0.831261
61,CA1-RSC,intermediate,RSC,67,0.504654
61,CA1-RSC,intermediate,RSC,68,0.374049
61,CA1-RSC,intermediate,RSC,69,0.554898
61,CA1-RSC,intermediate,RSC,70,0.478688
61,CA1-RSC,intermediate,RSC,71,0.252974
61,CA1-RSC,intermediate,RSC,72,0.387222
61,CA1-RSC,intermediate,RSC,73,0.163861
61,CA1-RSC,intermediate,RSC,74,0.181561
61,CA1-RSC,intermediate,RSC,75,0.387882
61,CA1-RSC,intermediate,RSC,76,0.351996
61,CA1-RSC,intermediate,RSC,77,0.302748
61,CA1-RSC,intermediate,RSC,78,0.162289
61,CA1-RSC,intermediate,RSC,79,0.35845
61,CA1-RSC,intermediate,RSC,80,0.093578
61,CA1-RSC,intermediate,RSC,81,0.144929
61,CA1-RSC,intermediate,RSC,82,0.229139
61,CA1-RSC,intermediate,RSC,83,0.232218
61,CA1-RSC,intermediate,RSC,84,0.291776
61,CA1-RSC,intermediate,RSC,85,0.267738
61,CA1-RSC,intermediate,RSC,86,0.306199
61,CA1-RSC,intermediate,RSC,87,0.136925
61,CA1-RSC,intermediate,RSC,88,0.338726
61,CA1-RSC,intermediate,RSC,89,0.498107
61,CA1-RSC,intermediate,RSC,90,0.144876
61,CA1-RSC,intermediate,RSC,91,0.246328
61,CA1-RSC,intermediate,RSC,92,0.028787
61,CA1-RSC,intermediate,RSC,93,0.330702
61,CA1-RSC,intermediate,RSC,94,0.314567
61,CA1-RSC,intermediate,RSC,95,0.822217
61,CA1-RSC,intermediate,RSC,96,0.008517
61,CA1-RSC,intermediate,RSC,97,0.115873
61,CA1-RSC,intermediate,RSC,98,0.025502
61,CA1-RSC,intermediate,RSC,99,0.439482
61,CA1-RSC,intermediate,RSC,100,0.032227
61,CA1-RSC,expert,CA1,0,0.701213
61,CA1-RSC,expert,CA1,1,0.911207
61,CA1-RSC,expert,CA1,2,0.954337
61,CA1-RSC,expert,CA1,3,0.142916
61,CA1-RSC,expert,CA1,4,0.01996
61,CA1-RSC,expert,CA1,5,0.023962
61,CA1-RSC,expert,CA1,6,0.049729
61,CA1-RSC,expert,CA1,7,0.881207
61,CA1-RSC,expert,CA1,8,0.174303
61,CA1-RSC,expert,CA1,9,0.891533
61,CA1-RSC,expert,CA1,10,0.071933
61,CA1-RSC,expert,CA1,11,0.056475
61,CA1-RSC,expert,CA1,12,0.214057
61,CA1-RSC,expert,CA1,13,0.414222
61,CA1-RSC,expert,CA1,14,0.179931
61,CA1-RSC,expert,CA1,15,0.273972
61,CA1-RSC,expert,CA1,16,0.84757
61,CA1-RSC,expert,CA1,17,0.818499
61,CA1-RSC,expert,CA1,18,0.115186
61,CA1-RSC,expert,CA1,19,0.010975
61,CA1-RSC,expert,CA1,20,0.214718
61,CA1-RSC,expert,CA1,21,0.880184
61,CA1-RSC,expert,CA1,22,0.085023
61,CA1-RSC,expert,CA1,23,0.926417
61,CA1-RSC,expert,CA1,24,0.8293
61,CA1-RSC,expert,CA1,25,0.813623
61,CA1-RSC,expert,CA1,26,0.037565
61,CA1-RSC,expert,CA1,27,0.011715
61,CA1-RSC,expert,CA1,28,0.956703
61,CA1-RSC,expert,CA1,29,0.028706
61,CA1-RSC,expert,CA1,30,0.201803
61,CA1-RSC,expert,CA1,31,0.024632
61,CA1-RSC,expert,CA1,32,0.017597
61,CA1-RSC,expert,CA1,33,0.012235
61,CA1-RSC,expert,CA1,34,0.134884
61,CA1-RSC,expert,CA1,35,0.07126
61,CA1-RSC,expert,CA1,36,0.806868
61,CA1-RSC,expert,CA1,37,0.141208
61,CA1-RSC,expert,CA1,38,0.03548
61,CA1-RSC,expert,CA1,39,0.900079
61,CA1-RSC,expert,CA1,40,0.89075
61,CA1-RSC,expert,CA1,41,0.363929
61,CA1-RSC,expert,CA1,42,0.119224
61,CA1-RSC,expert,CA1,43,0.900255
61,CA1-RSC,expert,CA1,44,0.009504
61,CA1-RSC,expert,CA1,45,0.129782
61,CA1-RSC,expert,CA1,46,0.009206
61,CA1-RSC,expert,CA1,47,0.198496
61,CA1-RSC,expert,CA1,48,0.843774
61,CA1-RSC,expert,CA1,49,0.906387
61,CA1-RSC,expert,CA1,50,0.557156
61,CA1-RSC,expert,CA1,51,0.222982
61,CA1-RSC,expert,CA1,52,0.040639
61,CA1-RSC,expert,CA1,53,0.904908
61,CA1-RSC,expert,CA1,54,0.029597
61,CA1-RSC,expert,CA1,55,0.886998
61,CA1-RSC,expert,CA1,56,0.112255
61,CA1-RSC,expert,CA1,57,0.105881
61,CA1-RSC,expert,RSC,0,0.723312
61,CA1-RSC,expert,RSC,1,0.253874
61,CA1-RSC,expert,RSC,2,0.685263
61,CA1-RSC,expert,RSC,3,0.797501
61,CA1-RSC,expert,RSC,4,0.114018
61,CA1-RSC,expert,RSC,5,0.360056
61,CA1-RSC,expert,RSC,6,0.304684
61,CA1-RSC,expert,RSC,7,0.130437
61,CA1-RSC,expert,RSC,8,0.130461
61,CA1-RSC,expert,RSC,9,0.203596
61,CA1-RSC,expert,RSC,10,0.286258
61,CA1-RSC,expert,RSC,11,0.281026
61,CA1-RSC,expert,RSC,12,0.408794
61,CA1-RSC,expert,RSC,13,0.701507
61,CA1-RSC,expert,RSC,14,0.202682
61,CA1-RSC,expert,RSC,15,0.359612
61,CA1-RSC,expert,RSC,16,0.617511
61,CA1-RSC,expert,RSC,17,0.32245
61,CA1-RSC,expert,RSC,18,0.407275
61,CA1-RSC,expert,RSC,19,0.195241
61,CA1-RSC,expert,RSC,20,0.260031
61,CA1-RSC,expert,RSC,21,0.429512
61,CA1-RSC,expert,RSC,22,0.375034
61,CA1-RSC,expert,RSC,23,0.152671
61,CA1-RSC,expert,RSC,24,0.222485
61,CA1-RSC,expert,RSC,25,0.46298
61,CA1-RSC,expert,RSC,26,0.443259
61,CA1-RSC,expert,RSC,27,0.299538
61,CA1-RSC,expert,RSC,28,0.725227
61,CA1-RSC,expert,RSC,29,0.704924
61,CA1-RSC,expert,RSC,30,0.272869
61,CA1-RSC,expert,RSC,31,0.219402
61,CA1-RSC,expert,RSC,32,0.418968
61,CA1-RSC,expert,RSC,33,0.76134
61,CA1-RSC,expert,RSC,34,0.262969
61,CA1-RSC,expert,RSC,35,0.342073
61,CA1-RSC,expert,RSC,36,0.34589
61,CA1-RSC,expert,RSC,37,0.298955
61,CA1-RSC,expert,RSC,38,0.332046
61,CA1-RSC,expert,RSC,39,0.069627
61,CA1-RSC,expert,RSC,40,0.324531
61,CA1-RSC,expert,RSC,41,0.256931
61,CA1-RSC,expert,RSC,42,0.237608
61,CA1-RSC,expert,RSC,43,0.237911
61,CA1-RSC,expert,RSC,44,0.240399
61,CA1-RSC,expert,RSC,45,0.203908
61,CA1-RSC,expert,RSC,46,0.288393
61,CA1-RSC,expert,RSC,47,0.300777
61,CA1-RSC,expert,RSC,48,0.176772
61,CA1-RSC,expert,RSC,49,0.501168
61,CA1-RSC,expert,RSC,50,0.201318
61,CA1-RSC,expert,RSC,51,0.217301
61,CA1-RSC,expert,RSC,52,0.074974
61,CA1-RSC,expert,RSC,53,0.213512
61,CA1-RSC,expert,RSC,54,0.408155
61,CA1-RSC,expert,RSC,55,0.318889
61,CA1-RSC,expert,RSC,56,0.320279
61,CA1-RSC,expert,RSC,57,0.263151
61,CA1-RSC,expert,RSC,58,0.424151
61,CA1-RSC,expert,RSC,59,0.11672
61,CA1-RSC,expert,RSC,60,0.137051
61,CA1-RSC,expert,RSC,61,0.135879
61,CA1-RSC,expert,RSC,62,0.541735
61,CA1-RSC,expert,RSC,63,0.114534
61,CA1-RSC,expert,RSC,64,0.101331
61,CA1-RSC,expert,RSC,65,0.175715
61,CA1-RSC,expert,RSC,66,0.799341
61,CA1-RSC,expert,RSC,67,0.325671
61,CA1-RSC,expert,RSC,68,0.263622
61,CA1-RSC,expert,RSC,69,0.310402
61,CA1-RSC,expert,RSC,70,0.444209
61,CA1-RSC,expert,RSC,71,0.287623
61,CA1-RSC,expert,RSC,72,0.25508
61,CA1-RSC,expert,RSC,73,0.240089
61,CA1-RSC,expert,RSC,74,0.21314
61,CA1-RSC,expert,RSC,75,0.165439
61,CA1-RSC,expert,RSC,76,0.106191
61,CA1-RSC,expert,RSC,77,0.461875
61,CA1-RSC,expert,RSC,78,0.145315
61,CA1-RSC,expert,RSC,79,0.379235
61,CA1-RSC,expert,RSC,80,0.507701
61,CA1-RSC,expert,RSC,81,0.161474
61,CA1-RSC,expert,RSC,82,0.391804
61,CA1-RSC,expert,RSC,83,0.293577
61,CA1-RSC,expert,RSC,84,0.2791
61,CA1-RSC,expert,RSC,85,0.316672
61,CA1-RSC,expert,RSC,86,0.274222
61,CA1-RSC,expert,RSC,87,0.234513
61,CA1-RSC,expert,RSC,88,0.303525
61,CA1-RSC,expert,RSC,89,0.497367
61,CA1-RSC,expert,RSC,90,0.077525
61,CA1-RSC,expert,RSC,91,0.180837
61,CA1-RSC,expert,RSC,92,0.113305
61,CA1-RSC,expert,RSC,93,0.344626
61,CA1-RSC,expert,RSC,94,0.327983
61,CA1-RSC,expert,RSC,95,0.761213
61,CA1-RSC,expert,RSC,96,0.008227
61,CA1-RSC,expert,RSC,97,0.0848
61,CA1-RSC,expert,RSC,98,0.025509
61,CA1-RSC,expert,RSC,99,0.480318
61,CA1-RSC,expert,RSC,100,0.793173
61,CA1-CA3,naive,CA1,0,0.153695
61,CA1-CA3,naive,CA1,1,0.183997
61,CA1-CA3,naive,CA1,2,0.030398
61,CA1-CA3,naive,CA1,3,0.102103
61,CA1-CA3,naive,CA1,4,0.752196
61,CA1-CA3,naive,CA1,5,0.593445
61,CA1-CA3,naive,CA1,6,0.032343
61,CA1-CA3,naive,CA1,7,0.054221
61,CA1-CA3,naive,CA1,8,0.109978
61,CA1-CA3,naive,CA1,9,0.015853
61,CA1-CA3,naive,CA1,10,0.668968
61,CA1-CA3,naive,CA1,11,0.572209
61,CA1-CA3,naive,CA1,12,0.024318
61,CA1-CA3,naive,CA1,13,0.100732
61,CA1-CA3,naive,CA1,14,0.140818
61,CA1-CA3,naive,CA1,15,0.051766
61,CA1-CA3,naive,CA1,16,0.023795
61,CA1-CA3,naive,CA1,17,0.025994
61,CA1-CA3,naive,CA1,18,0.706254
61,CA1-CA3,naive,CA1,19,0.459675
61,CA1-CA3,naive,CA1,20,0.021237
61,CA1-CA3,naive,CA1,21,0.026194
61,CA1-CA3,naive,CA1,22,0.682427
61,CA1-CA3,naive,CA1,23,0.026769
61,CA1-CA3,naive,CA1,24,0.74353
61,CA1-CA3,naive,CA1,25,0.295357
61,CA1-CA3,naive,CA1,26,0.64453
61,CA1-CA3,naive,CA1,27,0.714133
61,CA1-CA3,naive,CA1,28,0.011262
61,CA1-CA3,naive,CA1,29,0.489649
61,CA1-CA3,naive,CA1,30,0.068573
61,CA1-CA3,naive,CA1,31,0.574422
61,CA1-CA3,naive,CA1,32,0.606745
61,CA1-CA3,naive,CA1,33,0.602704
61,CA1-CA3,naive,CA1,34,0.676689
61,CA1-CA3,naive,CA1,35,0.729825
61,CA1-CA3,naive,CA1,36,0.509471
61,CA1-CA3,naive,CA1,37,0.075777
61,CA1-CA3,naive,CA1,38,0.592867
61,CA1-CA3,naive,CA1,39,0.029977
61,CA1-CA3,naive,CA1,40,0.017144
61,CA1-CA3,naive,CA1,41,0.002153
61,CA1-CA3,naive,CA1,42,0.038495
61,CA1-CA3,naive,CA1,43,0.020005
61,CA1-CA3,naive,CA1,44,0.112826
61,CA1-CA3,naive,CA1,45,0.282479
61,CA1-CA3,naive,CA1,46,0.440944
61,CA1-CA3,naive,CA1,47,0.036869
61,CA1-CA3,naive,CA1,48,0.004498
61,CA1-CA3,naive,CA1,49,0.437881
61,CA1-CA3,naive,CA1,50,0.018171
61,CA1-CA3,naive,CA1,51,0.026078
61,CA1-CA3,naive,CA1,52,0.051405
61,CA1-CA3,naive,CA1,53,0.022598
61,CA1-CA3,naive,CA1,54,0.143885
61,CA1-CA3,naive,CA1,55,0.729971
61,CA1-CA3,naive,CA1,56,0.035167
61,CA1-CA3,naive,CA1,57,0.012212
61,CA1-CA3,naive,CA3,0,1.011421
61,CA1-CA3,naive,CA3,1,0.182084
61,CA1-CA3,naive,CA3,2,0.712849
61,CA1-CA3,naive,CA3,3,0.772625
61,CA1-CA3,naive,CA3,4,1.010728
61,CA1-CA3,naive,CA3,5,0.007203
61,CA1-CA3,naive,CA3,6,0.862608
61,CA1-CA3,naive,CA3,7,0.739871
61,CA1-CA3,naive,CA3,8,0.049451
61,CA1-CA3,naive,CA3,9,0.834329
61,CA1-CA3,naive,CA3,10,0.868684
61,CA1-CA3,naive,CA3,11,0.609313
61,CA1-CA3,naive,CA3,12,0.045192
61,CA1-CA3,naive,CA3,13,0.993572
61,CA1-CA3,naive,CA3,14,0.856452
61,CA1-CA3,naive,CA3,15,0.943768
61,CA1-CA3,naive,CA3,16,0.791273
61,CA1-CA3,naive,CA3,17,0.015533
61,CA1-CA3,naive,CA3,18,0.984323
61,CA1-CA3,naive,CA3,19,0.483348
61,CA1-CA3,naive,CA3,20,1.034181
61,CA1-CA3,naive,CA3,21,0.899554
61,CA1-CA3,naive,CA3,22,0.488337
61,CA1-CA3,naive,CA3,23,0.014842
61,CA1-CA3,naive,CA3,24,0.913497
61,CA1-CA3,naive,CA3,25,0.405667
61,CA1-CA3,naive,CA3,26,0.872819
61,CA1-CA3,naive,CA3,27,0.315928
61,CA1-CA3,naive,CA3,28,0.0
61,CA1-CA3,naive,CA3,29,0.81346
61,CA1-CA3,intermediate,CA1,0,0.549105
61,CA1-CA3,intermediate,CA1,1,0.81092
61,CA1-CA3,intermediate,CA1,2,0.843568
61,CA1-CA3,intermediate,CA1,3,0.134046
61,CA1-CA3,intermediate,CA1,4,0.042179
61,CA1-CA3,intermediate,CA1,5,0.014852
61,CA1-CA3,intermediate,CA1,6,0.832515
61,CA1-CA3,intermediate,CA1,7,0.202265
61,CA1-CA3,intermediate,CA1,8,0.224721
61,CA1-CA3,intermediate,CA1,9,0.89057
61,CA1-CA3,intermediate,CA1,10,0.036874
61,CA1-CA3,intermediate,CA1,11,0.032442
61,CA1-CA3,intermediate,CA1,12,0.274739
61,CA1-CA3,intermediate,CA1,13,0.390551
61,CA1-CA3,intermediate,CA1,14,0.172417
61,CA1-CA3,intermediate,CA1,15,0.444084
61,CA1-CA3,intermediate,CA1,16,0.943189
61,CA1-CA3,intermediate,CA1,17,0.845071
61,CA1-CA3,intermediate,CA1,18,0.162815
61,CA1-CA3,intermediate,CA1,19,0.010887
61,CA1-CA3,intermediate,CA1,20,0.11068
61,CA1-CA3,intermediate,CA1,21,0.901261
61,CA1-CA3,intermediate,CA1,22,0.086646
61,CA1-CA3,intermediate,CA1,23,0.896858
61,CA1-CA3,intermediate,CA1,24,0.27212
61,CA1-CA3,intermediate,CA1,25,0.883911
61,CA1-CA3,intermediate,CA1,26,0.110866
61,CA1-CA3,intermediate,CA1,27,0.020669
61,CA1-CA3,intermediate,CA1,28,0.03222
61,CA1-CA3,intermediate,CA1,29,0.0352
61,CA1-CA3,intermediate,CA1,30,0.88852
61,CA1-CA3,intermediate,CA1,31,0.043513
61,CA1-CA3,intermediate,CA1,32,0.013644
61,CA1-CA3,intermediate,CA1,33,0.02444
61,CA1-CA3,intermediate,CA1,34,0.152055
61,CA1-CA3,intermediate,CA1,35,0.145404
61,CA1-CA3,intermediate,CA1,36,0.766572
61,CA1-CA3,intermediate,CA1,37,0.228703
61,CA1-CA3,intermediate,CA1,38,0.792707
61,CA1-CA3,intermediate,CA1,39,0.901897
61,CA1-CA3,intermediate,CA1,40,0.877725
61,CA1-CA3,intermediate,CA1,41,0.021249
61,CA1-CA3,intermediate,CA1,42,0.14702
61,CA1-CA3,intermediate,CA1,43,0.928122
61,CA1-CA3,intermediate,CA1,44,0.096595
61,CA1-CA3,intermediate,CA1,45,0.206844
61,CA1-CA3,intermediate,CA1,46,0.010815
61,CA1-CA3,intermediate,CA1,47,0.138758
61,CA1-CA3,intermediate,CA1,48,0.090116
61,CA1-CA3,intermediate,CA1,49,0.088302
61,CA1-CA3,intermediate,CA1,50,0.063464
61,CA1-CA3,intermediate,CA1,51,0.898188
61,CA1-CA3,intermediate,CA1,52,0.895812
61,CA1-CA3,intermediate,CA1,53,0.9115
61,CA1-CA3,intermediate,CA1,54,0.041222
61,CA1-CA3,intermediate,CA1,55,0.896283
61,CA1-CA3,intermediate,CA1,56,0.249005
61,CA1-CA3,intermediate,CA1,57,0.821797
61,CA1-CA3,intermediate,CA3,0,0.992914
61,CA1-CA3,intermediate,CA3,1,1.026479
61,CA1-CA3,intermediate,CA3,2,0.815922
61,CA1-CA3,intermediate,CA3,3,0.386946
61,CA1-CA3,intermediate,CA3,4,1.077233
61,CA1-CA3,intermediate,CA3,5,0.795127
61,CA1-CA3,intermediate,CA3,6,1.098613
61,CA1-CA3,intermediate,CA3,7,1.145419
61,CA1-CA3,intermediate,CA3,8,1.053822
61,CA1-CA3,intermediate,CA3,9,0.912449
61,CA1-CA3,intermediate,CA3,10,0.031258
61,CA1-CA3,intermediate,CA3,11,0.576678
61,CA1-CA3,intermediate,CA3,12,0.981147
61,CA1-CA3,intermediate,CA3,13,1.000314
61,CA1-CA3,intermediate,CA3,14,0.898615
61,CA1-CA3,intermediate,CA3,15,0.966731
61,CA1-CA3,intermediate,CA3,16,0.047815
61,CA1-CA3,intermediate,CA3,17,0.437846
61,CA1-CA3,intermediate,CA3,18,1.076718
61,CA1-CA3,intermediate,CA3,19,0.000591
61,CA1-CA3,intermediate,CA3,20,0.968365
61,CA1-CA3,intermediate,CA3,21,0.083211
61,CA1-CA3,intermediate,CA3,22,0.040234
61,CA1-CA3,intermediate,CA3,23,0.784762
61,CA1-CA3,intermediate,CA3,24,1.061278
61,CA1-CA3,intermediate,CA3,25,0.96435
61,CA1-CA3,intermediate,CA3,26,0.081444
61,CA1-CA3,intermediate,CA3,27,0.034441
61,CA1-CA3,intermediate,CA3,28,0.757858
61,CA1-CA3,intermediate,CA3,29,0.001617
61,CA1-CA3,expert,CA1,0,0.75117
61,CA1-CA3,expert,CA1,1,0.912167
61,CA1-CA3,expert,CA1,2,0.943586
61,CA1-CA3,expert,CA1,3,0.138151
61,CA1-CA3,expert,CA1,4,0.019753
61,CA1-CA3,expert,CA1,5,0.025418
61,CA1-CA3,expert,CA1,6,0.048215
61,CA1-CA3,expert,CA1,7,0.887585
61,CA1-CA3,expert,CA1,8,0.171373
61,CA1-CA3,expert,CA1,9,0.892135
61,CA1-CA3,expert,CA1,10,0.078132
61,CA1-CA3,expert,CA1,11,0.054436
61,CA1-CA3,expert,CA1,12,0.209897
61,CA1-CA3,expert,CA1,13,0.41937
61,CA1-CA3,expert,CA1,14,0.178386
61,CA1-CA3,expert,CA1,15,0.245806
61,CA1-CA3,expert,CA1,16,0.850153
61,CA1-CA3,expert,CA1,17,0.80815
61,CA1-CA3,expert,CA1,18,0.104326
61,CA1-CA3,expert,CA1,19,0.011697
61,CA1-CA3,expert,CA1,20,0.204503
61,CA1-CA3,expert,CA1,21,0.87913
61,CA1-CA3,expert,CA1,22,0.081341
61,CA1-CA3,expert,CA1,23,0.927787
61,CA1-CA3,expert,CA1,24,0.823123
61,CA1-CA3,expert,CA1,25,0.799236
61,CA1-CA3,expert,CA1,26,0.039079
61,CA1-CA3,expert,CA1,27,0.013293
61,CA1-CA3,expert,CA1,28,0.961143
61,CA1-CA3,expert,CA1,29,0.028699
61,CA1-CA3,expert,CA1,30,0.185132
61,CA1-CA3,expert,CA1,31,0.024309
61,CA1-CA3,expert,CA1,32,0.018771
61,CA1-CA3,expert,CA1,33,0.014215
61,CA1-CA3,expert,CA1,34,0.132033
61,CA1-CA3,expert,CA1,35,0.070919
61,CA1-CA3,expert,CA1,36,0.805651
61,CA1-CA3,expert,CA1,37,0.153661
61,CA1-CA3,expert,CA1,38,0.035229
61,CA1-CA3,expert,CA1,39,0.902841
61,CA1-CA3,expert,CA1,40,0.900901
61,CA1-CA3,expert,CA1,41,0.364516
61,CA1-CA3,expert,CA1,42,0.117689
61,CA1-CA3,expert,CA1,43,0.867329
61,CA1-CA3,expert,CA1,44,0.009138
61,CA1-CA3,expert,CA1,45,0.123928
61,CA1-CA3,expert,CA1,46,0.009788
61,CA1-CA3,expert,CA1,47,0.188913
61,CA1-CA3,expert,CA1,48,0.845838
61,CA1-CA3,expert,CA1,49,0.908594
61,CA1-CA3,expert,CA1,50,0.614514
61,CA1-CA3,expert,CA1,51,0.219508
61,CA1-CA3,expert,CA1,52,0.038731
61,CA1-CA3,expert,CA1,53,0.907805
61,CA1-CA3,expert,CA1,54,0.031396
61,CA1-CA3,expert,CA1,55,0.895142
61,CA1-CA3,expert,CA1,56,0.111816
61,CA1-CA3,expert,CA1,57,0.09505
61,CA1-CA3,expert,CA3,0,1.041511
61,CA1-CA3,expert,CA3,1,1.01812
61,CA1-CA3,expert,CA3,2,1.056212
61,CA1-CA3,expert,CA3,3,1.041943
61,CA1-CA3,expert,CA3,4,1.182818
61,CA1-CA3,expert,CA3,5,0.805322
61,CA1-CA3,expert,CA3,6,1.181533
61,CA1-CA3,expert,CA3,7,1.14151
61,CA1-CA3,expert,CA3,8,0.119407
61,CA1-CA3,expert,CA3,9,1.004878
61,CA1-CA3,expert,CA3,10,0.017334
61,CA1-CA3,expert,CA3,11,1.149235
61,CA1-CA3,expert,CA3,12,0.867339
61,CA1-CA3,expert,CA3,13,1.014798
61,CA1-CA3,expert,CA3,14,1.010302
61,CA1-CA3,expert,CA3,15,1.090223
61,CA1-CA3,expert,CA3,16,0.050113
61,CA1-CA3,expert,CA3,17,0.837538
61,CA1-CA3,expert,CA3,18,0.426256
61,CA1-CA3,expert,CA3,19,0.096234
61,CA1-CA3,expert,CA3,20,0.346962
61,CA1-CA3,expert,CA3,21,0.143145
61,CA1-CA3,expert,CA3,22,0.01473
61,CA1-CA3,expert,CA3,23,1.030645
61,CA1-CA3,expert,CA3,24,1.0438
61,CA1-CA3,expert,CA3,25,0.018927
61,CA1-CA3,expert,CA3,26,0.980775
61,CA1-CA3,expert,CA3,27,0.141855
61,CA1-CA3,expert,CA3,28,0.764691
61,CA1-CA3,expert,CA3,29,0.00238
61,CA1-DG,naive,CA1,0,0.153625
61,CA1-DG,naive,CA1,1,0.192586
61,CA1-DG,naive,CA1,2,0.030269
61,CA1-DG,naive,CA1,3,0.111318
61,CA1-DG,naive,CA1,4,0.753009
61,CA1-DG,naive,CA1,5,0.593503
61,CA1-DG,naive,CA1,6,0.032396
61,CA1-DG,naive,CA1,7,0.055503
61,CA1-DG,naive,CA1,8,0.117668
61,CA1-DG,naive,CA1,9,0.016179
61,CA1-DG,naive,CA1,10,0.668924
61,CA1-DG,naive,CA1,11,0.574504
61,CA1-DG,naive,CA1,12,0.025184
61,CA1-DG,naive,CA1,13,0.115457
61,CA1-DG,naive,CA1,14,0.150101
61,CA1-DG,naive,CA1,15,0.055518
61,CA1-DG,naive,CA1,16,0.023819
61,CA1-DG,naive,CA1,17,0.025796
61,CA1-DG,naive,CA1,18,0.706623
61,CA1-DG,naive,CA1,19,0.459916
61,CA1-DG,naive,CA1,20,0.020713
61,CA1-DG,naive,CA1,21,0.027135
61,CA1-DG,naive,CA1,22,0.68681
61,CA1-DG,naive,CA1,23,0.026936
61,CA1-DG,naive,CA1,24,0.750246
61,CA1-DG,naive,CA1,25,0.309339
61,CA1-DG,naive,CA1,26,0.643021
61,CA1-DG,naive,CA1,27,0.715829
61,CA1-DG,naive,CA1,28,0.011315
61,CA1-DG,naive,CA1,29,0.490121
61,CA1-DG,naive,CA1,30,0.06919
61,CA1-DG,naive,CA1,31,0.574421
61,CA1-DG,naive,CA1,32,0.606643
61,CA1-DG,naive,CA1,33,0.603282
61,CA1-DG,naive,CA1,34,0.676994
61,CA1-DG,naive,CA1,35,0.722636
61,CA1-DG,naive,CA1,36,0.482726
61,CA1-DG,naive,CA1,37,0.074591
61,CA1-DG,naive,CA1,38,0.592874
61,CA1-DG,naive,CA1,39,0.032233
61,CA1-DG,naive,CA1,40,0.016921
61,CA1-DG,naive,CA1,41,0.002154
61,CA1-DG,naive,CA1,42,0.039999
61,CA1-DG,naive,CA1,43,0.018887
61,CA1-DG,naive,CA1,44,0.110926
61,CA1-DG,naive,CA1,45,0.278067
61,CA1-DG,naive,CA1,46,0.440939
61,CA1-DG,naive,CA1,47,0.037277
61,CA1-DG,naive,CA1,48,0.004538
61,CA1-DG,naive,CA1,49,0.437827
61,CA1-DG,naive,CA1,50,0.017296
61,CA1-DG,naive,CA1,51,0.025857
61,CA1-DG,naive,CA1,52,0.048873
61,CA1-DG,naive,CA1,53,0.023597
61,CA1-DG,naive,CA1,54,0.141899
61,CA1-DG,naive,CA1,55,0.730487
61,CA1-DG,naive,CA1,56,0.035099
61,CA1-DG,naive,CA1,57,0.011976
61,CA1-DG,naive,DG,0,1.004514
61,CA1-DG,naive,DG,1,0.907023
61,CA1-DG,naive,DG,2,0.863649
61,CA1-DG,naive,DG,3,0.023591
61,CA1-DG,naive,DG,4,0.847514
61,CA1-DG,naive,DG,5,0.785422
61,CA1-DG,naive,DG,6,0.868107
61,CA1-DG,naive,DG,7,1.014639
61,CA1-DG,naive,DG,8,0.841309
61,CA1-DG,naive,DG,9,0.121786
61,CA1-DG,naive,DG,10,0.900177
61,CA1-DG,naive,DG,11,1.031107
61,CA1-DG,naive,DG,12,0.874025
61,CA1-DG,naive,DG,13,0.694826
61,CA1-DG,naive,DG,14,0.852621
61,CA1-DG,naive,DG,15,0.951206
61,CA1-DG,naive,DG,16,0.614333
61,CA1-DG,naive,DG,17,0.792695
61,CA1-DG,naive,DG,18,0.0
61,CA1-DG,naive,DG,19,0.028482
61,CA1-DG,naive,DG,20,1.057586
61,CA1-DG,naive,DG,21,0.818318
61,CA1-DG,naive,DG,22,0.835688
61,CA1-DG,naive,DG,23,0.015396
61,CA1-DG,naive,DG,24,0.944148
61,CA1-DG,intermediate,CA1,0,0.491828
61,CA1-DG,intermediate,CA1,1,0.845308
61,CA1-DG,intermediate,CA1,2,0.842406
61,CA1-DG,intermediate,CA1,3,0.133111
61,CA1-DG,intermediate,CA1,4,0.042629
61,CA1-DG,intermediate,CA1,5,0.014503
61,CA1-DG,intermediate,CA1,6,0.831765
61,CA1-DG,intermediate,CA1,7,0.212068
61,CA1-DG,intermediate,CA1,8,0.220217
61,CA1-DG,intermediate,CA1,9,0.896883
61,CA1-DG,intermediate,CA1,10,0.035537
61,CA1-DG,intermediate,CA1,11,0.030361
61,CA1-DG,intermediate,CA1,12,0.26499
61,CA1-DG,intermediate,CA1,13,0.411906
61,CA1-DG,intermediate,CA1,14,0.16553
61,CA1-DG,intermediate,CA1,15,0.434509
61,CA1-DG,intermediate,CA1,16,0.937674
61,CA1-DG,intermediate,CA1,17,0.845691
61,CA1-DG,intermediate,CA1,18,0.163968
61,CA1-DG,intermediate,CA1,19,0.010326
61,CA1-DG,intermediate,CA1,20,0.11037
61,CA1-DG,intermediate,CA1,21,0.89462
61,CA1-DG,intermediate,CA1,22,0.08811
61,CA1-DG,intermediate,CA1,23,0.897235
61,CA1-DG,intermediate,CA1,24,0.275609
61,CA1-DG,intermediate,CA1,25,0.883449
61,CA1-DG,intermediate,CA1,26,0.112358
61,CA1-DG,intermediate,CA1,27,0.017155
61,CA1-DG,intermediate,CA1,28,0.032502
61,CA1-DG,intermediate,CA1,29,0.035076
61,CA1-DG,intermediate,CA1,30,0.887574
61,CA1-DG,intermediate,CA1,31,0.046511
61,CA1-DG,intermediate,CA1,32,0.012946
61,CA1-DG,intermediate,CA1,33,0.023002
61,CA1-DG,intermediate,CA1,34,0.152157
61,CA1-DG,intermediate,CA1,35,0.144653
61,CA1-DG,intermediate,CA1,36,0.770993
61,CA1-DG,intermediate,CA1,37,0.222269
61,CA1-DG,intermediate,CA1,38,0.793313
61,CA1-DG,intermediate,CA1,39,0.904215
61,CA1-DG,intermediate,CA1,40,0.877414
61,CA1-DG,intermediate,CA1,41,0.02195
61,CA1-DG,intermediate,CA1,42,0.148602
61,CA1-DG,intermediate,CA1,43,0.937469
61,CA1-DG,intermediate,CA1,44,0.095969
61,CA1-DG,intermediate,CA1,45,0.201399
61,CA1-DG,intermediate,CA1,46,0.010377
61,CA1-DG,intermediate,CA1,47,0.142673
61,CA1-DG,intermediate,CA1,48,0.090322
61,CA1-DG,intermediate,CA1,49,0.090034
61,CA1-DG,intermediate,CA1,50,0.060905
61,CA1-DG,intermediate,CA1,51,0.897198
61,CA1-DG,intermediate,CA1,52,0.893377
61,CA1-DG,intermediate,CA1,53,0.914615
61,CA1-DG,intermediate,CA1,54,0.041235
61,CA1-DG,intermediate,CA1,55,0.901288
61,CA1-DG,intermediate,CA1,56,0.251803
61,CA1-DG,intermediate,CA1,57,0.824191
61,CA1-DG,intermediate,DG,0,1.133105
61,CA1-DG,intermediate,DG,1,1.068634
61,CA1-DG,intermediate,DG,2,0.189767
61,CA1-DG,intermediate,DG,3,0.945471
61,CA1-DG,intermediate,DG,4,1.096415
61,CA1-DG,intermediate,DG,5,0.026454
61,CA1-DG,intermediate,DG,6,1.099665
61,CA1-DG,intermediate,DG,7,1.081293
61,CA1-DG,intermediate,DG,8,1.056741
61,CA1-DG,intermediate,DG,9,0.981399
61,CA1-DG,intermediate,DG,10,1.195024
61,CA1-DG,intermediate,DG,11,1.067509
61,CA1-DG,intermediate,DG,12,1.024647
61,CA1-DG,intermediate,DG,13,1.10781
61,CA1-DG,intermediate,DG,14,1.047568
61,CA1-DG,intermediate,DG,15,0.026926
61,CA1-DG,intermediate,DG,16,1.097402
61,CA1-DG,intermediate,DG,17,1.138109
61,CA1-DG,intermediate,DG,18,0.854799
61,CA1-DG,intermediate,DG,19,1.314676
61,CA1-DG,intermediate,DG,20,0.303756
61,CA1-DG,intermediate,DG,21,0.031608
61,CA1-DG,intermediate,DG,22,1.090929
61,CA1-DG,intermediate,DG,23,0.778416
61,CA1-DG,intermediate,DG,24,1.170087
61,CA1-DG,expert,CA1,0,0.692817
61,CA1-DG,expert,CA1,1,0.912688
61,CA1-DG,expert,CA1,2,0.952289
61,CA1-DG,expert,CA1,3,0.13209
61,CA1-DG,expert,CA1,4,0.019639
61,CA1-DG,expert,CA1,5,0.023637
61,CA1-DG,expert,CA1,6,0.047349
61,CA1-DG,expert,CA1,7,0.887728
61,CA1-DG,expert,CA1,8,0.170827
61,CA1-DG,expert,CA1,9,0.874062
61,CA1-DG,expert,CA1,10,0.072083
61,CA1-DG,expert,CA1,11,0.054277
61,CA1-DG,expert,CA1,12,0.206123
61,CA1-DG,expert,CA1,13,0.454119
61,CA1-DG,expert,CA1,14,0.175051
61,CA1-DG,expert,CA1,15,0.244398
61,CA1-DG,expert,CA1,16,0.849107
61,CA1-DG,expert,CA1,17,0.815776
61,CA1-DG,expert,CA1,18,0.104756
61,CA1-DG,expert,CA1,19,0.010653
61,CA1-DG,expert,CA1,20,0.212148
61,CA1-DG,expert,CA1,21,0.881423
61,CA1-DG,expert,CA1,22,0.082486
61,CA1-DG,expert,CA1,23,0.928978
61,CA1-DG,expert,CA1,24,0.830398
61,CA1-DG,expert,CA1,25,0.803023
61,CA1-DG,expert,CA1,26,0.037364
61,CA1-DG,expert,CA1,27,0.011799
61,CA1-DG,expert,CA1,28,0.959666
61,CA1-DG,expert,CA1,29,0.027897
61,CA1-DG,expert,CA1,30,0.188496
61,CA1-DG,expert,CA1,31,0.025179
61,CA1-DG,expert,CA1,32,0.017226
61,CA1-DG,expert,CA1,33,0.012684
61,CA1-DG,expert,CA1,34,0.135411
61,CA1-DG,expert,CA1,35,0.069077
61,CA1-DG,expert,CA1,36,0.808524
61,CA1-DG,expert,CA1,37,0.137693
61,CA1-DG,expert,CA1,38,0.035211
61,CA1-DG,expert,CA1,39,0.895768
61,CA1-DG,expert,CA1,40,0.900246
61,CA1-DG,expert,CA1,41,0.36498
61,CA1-DG,expert,CA1,42,0.117525
61,CA1-DG,expert,CA1,43,0.902142
61,CA1-DG,expert,CA1,44,0.009187
61,CA1-DG,expert,CA1,45,0.122758
61,CA1-DG,expert,CA1,46,0.009904
61,CA1-DG,expert,CA1,47,0.192671
61,CA1-DG,expert,CA1,48,0.84707
61,CA1-DG,expert,CA1,49,0.90853
61,CA1-DG,expert,CA1,50,0.622599
61,CA1-DG,expert,CA1,51,0.219876
61,CA1-DG,expert,CA1,52,0.038924
61,CA1-DG,expert,CA1,53,0.909468
61,CA1-DG,expert,CA1,54,0.030768
61,CA1-DG,expert,CA1,55,0.896315
61,CA1-DG,expert,CA1,56,0.109243
61,CA1-DG,expert,CA1,57,0.095822
61,CA1-DG,expert,DG,0,1.159597
61,CA1-DG,expert,DG,1,1.134169
61,CA1-DG,expert,DG,2,1.398836
61,CA1-DG,expert,DG,3,0.885956
61,CA1-DG,expert,DG,4,0.975122
61,CA1-DG,expert,DG,5,0.019545
61,CA1-DG,expert,DG,6,1.199823
61,CA1-DG,expert,DG,7,1.07649
61,CA1-DG,expert,DG,8,1.116539
61,CA1-DG,expert,DG,9,1.008057
61,CA1-DG,expert,DG,10,1.138653
61,CA1-DG,expert,DG,11,1.071687
61,CA1-DG,expert,DG,12,1.054721
61,CA1-DG,expert,DG,13,0.697997
61,CA1-DG,expert,DG,14,1.021038
61,CA1-DG,expert,DG,15,0.033923
61,CA1-DG,expert,DG,16,1.286437
61,CA1-DG,expert,DG,17,1.351661
61,CA1-DG,expert,DG,18,0.516406
61,CA1-DG,expert,DG,19,0.043248
61,CA1-DG,expert,DG,20,0.03344
61,CA1-DG,expert,DG,21,1.24185
61,CA1-DG,expert,DG,22,1.115608
61,CA1-DG,expert,DG,23,0.69898
61,CA1-DG,expert,DG,24,1.253432
61,CA1-V1,naive,CA1,0,0.120318
61,CA1-V1,naive,CA1,1,0.155592
61,CA1-V1,naive,CA1,2,0.030131
61,CA1-V1,naive,CA1,3,0.099012
61,CA1-V1,naive,CA1,4,0.750885
61,CA1-V1,naive,CA1,5,0.592409
61,CA1-V1,naive,CA1,6,0.03232
61,CA1-V1,naive,CA1,7,0.049891
61,CA1-V1,naive,CA1,8,0.104489
61,CA1-V1,naive,CA1,9,0.015498
61,CA1-V1,naive,CA1,10,0.668249
61,CA1-V1,naive,CA1,11,0.573625
61,CA1-V1,naive,CA1,12,0.023501
61,CA1-V1,naive,CA1,13,0.102317
61,CA1-V1,naive,CA1,14,0.131829
61,CA1-V1,naive,CA1,15,0.04881
61,CA1-V1,naive,CA1,16,0.026581
61,CA1-V1,naive,CA1,17,0.025656
61,CA1-V1,naive,CA1,18,0.703336
61,CA1-V1,naive,CA1,19,0.456727
61,CA1-V1,naive,CA1,20,0.020387
61,CA1-V1,naive,CA1,21,0.025683
61,CA1-V1,naive,CA1,22,0.680712
61,CA1-V1,naive,CA1,23,0.025397
61,CA1-V1,naive,CA1,24,0.759905
61,CA1-V1,naive,CA1,25,0.245389
61,CA1-V1,naive,CA1,26,0.639082
61,CA1-V1,naive,CA1,27,0.714709
61,CA1-V1,naive,CA1,28,0.011762
61,CA1-V1,naive,CA1,29,0.489051
61,CA1-V1,naive,CA1,30,0.068026
61,CA1-V1,naive,CA1,31,0.572842
61,CA1-V1,naive,CA1,32,0.605479
61,CA1-V1,naive,CA1,33,0.602718
61,CA1-V1,naive,CA1,34,0.675087
61,CA1-V1,naive,CA1,35,0.734994
61,CA1-V1,naive,CA1,36,0.507073
61,CA1-V1,naive,CA1,37,0.075581
61,CA1-V1,naive,CA1,38,0.592412
61,CA1-V1,naive,CA1,39,0.02992
61,CA1-V1,naive,CA1,40,0.017527
61,CA1-V1,naive,CA1,41,0.002367
61,CA1-V1,naive,CA1,42,0.034103
61,CA1-V1,naive,CA1,43,0.019434
61,CA1-V1,naive,CA1,44,0.116768
61,CA1-V1,naive,CA1,45,0.324099
61,CA1-V1,naive,CA1,46,0.439677
61,CA1-V1,naive,CA1,47,0.037738
61,CA1-V1,naive,CA1,48,0.004472
61,CA1-V1,naive,CA1,49,0.437482
61,CA1-V1,naive,CA1,50,0.017373
61,CA1-V1,naive,CA1,51,0.0259
61,CA1-V1,naive,CA1,52,0.048794
61,CA1-V1,naive,CA1,53,0.021083
61,CA1-V1,naive,CA1,54,0.136837
61,CA1-V1,naive,CA1,55,0.728104
61,CA1-V1,naive,CA1,56,0.03379
61,CA1-V1,naive,CA1,57,0.012431
61,CA1-V1,naive,V1,0,0.008398
61,CA1-V1,naive,V1,1,0.422811
61,CA1-V1,naive,V1,2,0.654319
61,CA1-V1,naive,V1,3,0.213193
61,CA1-V1,naive,V1,4,0.086109
61,CA1-V1,naive,V1,5,0.554311
61,CA1-V1,naive,V1,6,0.247391
61,CA1-V1,naive,V1,7,0.789605
61,CA1-V1,naive,V1,8,0.722
61,CA1-V1,naive,V1,9,0.060988
61,CA1-V1,naive,V1,10,0.074191
61,CA1-V1,naive,V1,11,0.042084
61,CA1-V1,naive,V1,12,0.147441
61,CA1-V1,naive,V1,13,0.695765
61,CA1-V1,naive,V1,14,0.010739
61,CA1-V1,naive,V1,15,0.110602
61,CA1-V1,naive,V1,16,0.225583
61,CA1-V1,naive,V1,17,0.138381
61,CA1-V1,naive,V1,18,0.795103
61,CA1-V1,naive,V1,19,0.749905
61,CA1-V1,naive,V1,20,0.113661
61,CA1-V1,naive,V1,21,0.065265
61,CA1-V1,naive,V1,22,0.301657
61,CA1-V1,naive,V1,23,0.112538
61,CA1-V1,naive,V1,24,0.393051
61,CA1-V1,naive,V1,25,0.230166
61,CA1-V1,naive,V1,26,0.045305
61,CA1-V1,naive,V1,27,0.051387
61,CA1-V1,naive,V1,28,0.127678
61,CA1-V1,naive,V1,29,0.309355
61,CA1-V1,naive,V1,30,0.249324
61,CA1-V1,naive,V1,31,0.176578
61,CA1-V1,naive,V1,32,0.756604
61,CA1-V1,naive,V1,33,0.153212
61,CA1-V1,naive,V1,34,0.107579
61,CA1-V1,naive,V1,35,0.120452
61,CA1-V1,naive,V1,36,0.756059
61,CA1-V1,naive,V1,37,0.24756
61,CA1-V1,naive,V1,38,0.203553
61,CA1-V1,naive,V1,39,0.094336
61,CA1-V1,naive,V1,40,0.008216
61,CA1-V1,naive,V1,41,0.042709
61,CA1-V1,naive,V1,42,0.15023
61,CA1-V1,naive,V1,43,0.184034
61,CA1-V1,naive,V1,44,0.04371
61,CA1-V1,naive,V1,45,0.371039
61,CA1-V1,naive,V1,46,0.050896
61,CA1-V1,naive,V1,47,0.230629
61,CA1-V1,naive,V1,48,0.061928
61,CA1-V1,naive,V1,49,0.100929
61,CA1-V1,naive,V1,50,0.021131
61,CA1-V1,naive,V1,51,0.030794
61,CA1-V1,naive,V1,52,0.430717
61,CA1-V1,naive,V1,53,0.614554
61,CA1-V1,naive,V1,54,0.74198
61,CA1-V1,naive,V1,55,0.496931
61,CA1-V1,naive,V1,56,0.168601
61,CA1-V1,naive,V1,57,0.048209
61,CA1-V1,naive,V1,58,0.073828
61,CA1-V1,naive,V1,59,0.51473
61,CA1-V1,naive,V1,60,0.000701
61,CA1-V1,naive,V1,61,0.053653
61,CA1-V1,naive,V1,62,0.768875
61,CA1-V1,naive,V1,63,0.185631
61,CA1-V1,naive,V1,64,0.04268
61,CA1-V1,naive,V1,65,0.003669
61,CA1-V1,naive,V1,66,0.067338
61,CA1-V1,naive,V1,67,0.626621
61,CA1-V1,naive,V1,68,0.007532
61,CA1-V1,naive,V1,69,0.722201
61,CA1-V1,naive,V1,70,0.073505
61,CA1-V1,naive,V1,71,0.120961
61,CA1-V1,naive,V1,72,0.089391
61,CA1-V1,naive,V1,73,0.561916
61,CA1-V1,naive,V1,74,0.144359
61,CA1-V1,naive,V1,75,0.206111
61,CA1-V1,naive,V1,76,0.538757
61,CA1-V1,naive,V1,77,0.763776
61,CA1-V1,naive,V1,78,0.048323
61,CA1-V1,naive,V1,79,0.12366
61,CA1-V1,naive,V1,80,0.053659
61,CA1-V1,naive,V1,81,0.708602
61,CA1-V1,naive,V1,82,0.11332
61,CA1-V1,naive,V1,83,0.697565
61,CA1-V1,intermediate,CA1,0,0.472023
61,CA1-V1,intermediate,CA1,1,0.858688
61,CA1-V1,intermediate,CA1,2,0.843695
61,CA1-V1,intermediate,CA1,3,0.137158
61,CA1-V1,intermediate,CA1,4,0.043327
61,CA1-V1,intermediate,CA1,5,0.014158
61,CA1-V1,intermediate,CA1,6,0.830821
61,CA1-V1,intermediate,CA1,7,0.202442
61,CA1-V1,intermediate,CA1,8,0.224559
61,CA1-V1,intermediate,CA1,9,0.89549
61,CA1-V1,intermediate,CA1,10,0.034773
61,CA1-V1,intermediate,CA1,11,0.031092
61,CA1-V1,intermediate,CA1,12,0.280756
61,CA1-V1,intermediate,CA1,13,0.391504
61,CA1-V1,intermediate,CA1,14,0.169825
61,CA1-V1,intermediate,CA1,15,0.435429
61,CA1-V1,intermediate,CA1,16,0.930607
61,CA1-V1,intermediate,CA1,17,0.840839
61,CA1-V1,intermediate,CA1,18,0.167227
61,CA1-V1,intermediate,CA1,19,0.010678
61,CA1-V1,intermediate,CA1,20,0.108525
61,CA1-V1,intermediate,CA1,21,0.901431
61,CA1-V1,intermediate,CA1,22,0.087868
61,CA1-V1,intermediate,CA1,23,0.896314
61,CA1-V1,intermediate,CA1,24,0.264802
61,CA1-V1,intermediate,CA1,25,0.88325
61,CA1-V1,intermediate,CA1,26,0.110861
61,CA1-V1,intermediate,CA1,27,0.016984
61,CA1-V1,intermediate,CA1,28,0.032928
61,CA1-V1,intermediate,CA1,29,0.035379
61,CA1-V1,intermediate,CA1,30,0.885785
61,CA1-V1,intermediate,CA1,31,0.045142
61,CA1-V1,intermediate,CA1,32,0.013149
61,CA1-V1,intermediate,CA1,33,0.022647
61,CA1-V1,intermediate,CA1,34,0.153839
61,CA1-V1,intermediate,CA1,35,0.153
61,CA1-V1,intermediate,CA1,36,0.769217
61,CA1-V1,intermediate,CA1,37,0.238783
61,CA1-V1,intermediate,CA1,38,0.792139
61,CA1-V1,intermediate,CA1,39,0.905174
61,CA1-V1,intermediate,CA1,40,0.875164
61,CA1-V1,intermediate,CA1,41,0.022545
61,CA1-V1,intermediate,CA1,42,0.158047
61,CA1-V1,intermediate,CA1,43,0.938013
61,CA1-V1,intermediate,CA1,44,0.094561
61,CA1-V1,intermediate,CA1,45,0.212195
61,CA1-V1,intermediate,CA1,46,0.009887
61,CA1-V1,intermediate,CA1,47,0.143433
61,CA1-V1,intermediate,CA1,48,0.089963
61,CA1-V1,intermediate,CA1,49,0.08815
61,CA1-V1,intermediate,CA1,50,0.061571
61,CA1-V1,intermediate,CA1,51,0.898219
61,CA1-V1,intermediate,CA1,52,0.892666
61,CA1-V1,intermediate,CA1,53,0.908362
61,CA1-V1,intermediate,CA1,54,0.041325
61,CA1-V1,intermediate,CA1,55,0.895195
61,CA1-V1,intermediate,CA1,56,0.248615
61,CA1-V1,intermediate,CA1,57,0.813586
61,CA1-V1,intermediate,V1,0,0.688292
61,CA1-V1,intermediate,V1,1,0.189025
61,CA1-V1,intermediate,V1,2,0.097205
61,CA1-V1,intermediate,V1,3,0.245858
61,CA1-V1,intermediate,V1,4,0.131628
61,CA1-V1,intermediate,V1,5,0.111385
61,CA1-V1,intermediate,V1,6,0.255889
61,CA1-V1,intermediate,V1,7,0.178333
61,CA1-V1,intermediate,V1,8,0.062716
61,CA1-V1,intermediate,V1,9,0.729041
61,CA1-V1,intermediate,V1,10,0.067664
61,CA1-V1,intermediate,V1,11,0.47137
61,CA1-V1,intermediate,V1,12,0.326131
61,CA1-V1,intermediate,V1,13,0.178635
61,CA1-V1,intermediate,V1,14,0.770336
61,CA1-V1,intermediate,V1,15,0.120652
61,CA1-V1,intermediate,V1,16,0.178449
61,CA1-V1,intermediate,V1,17,0.376646
61,CA1-V1,intermediate,V1,18,0.093589
61,CA1-V1,intermediate,V1,19,0.093978
61,CA1-V1,intermediate,V1,20,0.384412
61,CA1-V1,intermediate,V1,21,0.486388
61,CA1-V1,intermediate,V1,22,0.222725
61,CA1-V1,intermediate,V1,23,0.257395
61,CA1-V1,intermediate,V1,24,0.119424
61,CA1-V1,intermediate,V1,25,0.764559
61,CA1-V1,intermediate,V1,26,0.495463
61,CA1-V1,intermediate,V1,27,0.491975
61,CA1-V1,intermediate,V1,28,0.116999
61,CA1-V1,intermediate,V1,29,0.234784
61,CA1-V1,intermediate,V1,30,0.123143
61,CA1-V1,intermediate,V1,31,0.338673
61,CA1-V1,intermediate,V1,32,0.121685
61,CA1-V1,intermediate,V1,33,0.152084
61,CA1-V1,intermediate,V1,34,0.146761
61,CA1-V1,intermediate,V1,35,0.253377
61,CA1-V1,intermediate,V1,36,0.066555
61,CA1-V1,intermediate,V1,37,0.178589
61,CA1-V1,intermediate,V1,38,0.158913
61,CA1-V1,intermediate,V1,39,0.109331
61,CA1-V1,intermediate,V1,40,0.120608
61,CA1-V1,intermediate,V1,41,0.394962
61,CA1-V1,intermediate,V1,42,0.114954
61,CA1-V1,intermediate,V1,43,0.08922
61,CA1-V1,intermediate,V1,44,0.519286
61,CA1-V1,intermediate,V1,45,0.135381
61,CA1-V1,intermediate,V1,46,0.598226
61,CA1-V1,intermediate,V1,47,0.28158
61,CA1-V1,intermediate,V1,48,0.604109
61,CA1-V1,intermediate,V1,49,0.192447
61,CA1-V1,intermediate,V1,50,0.781862
61,CA1-V1,intermediate,V1,51,0.077387
61,CA1-V1,intermediate,V1,52,0.204481
61,CA1-V1,intermediate,V1,53,0.111239
61,CA1-V1,intermediate,V1,54,0.19596
61,CA1-V1,intermediate,V1,55,0.010066
61,CA1-V1,intermediate,V1,56,0.542898
61,CA1-V1,intermediate,V1,57,0.709888
61,CA1-V1,intermediate,V1,58,0.737437
61,CA1-V1,intermediate,V1,59,0.00999
61,CA1-V1,intermediate,V1,60,0.63458
61,CA1-V1,intermediate,V1,61,0.08956
61,CA1-V1,intermediate,V1,62,0.098998
61,CA1-V1,intermediate,V1,63,0.189594
61,CA1-V1,intermediate,V1,64,0.690104
61,CA1-V1,intermediate,V1,65,0.592769
61,CA1-V1,intermediate,V1,66,0.146394
61,CA1-V1,intermediate,V1,67,0.188415
61,CA1-V1,intermediate,V1,68,0.6916
61,CA1-V1,intermediate,V1,69,0.013148
61,CA1-V1,intermediate,V1,70,0.30326
61,CA1-V1,intermediate,V1,71,0.169732
61,CA1-V1,intermediate,V1,72,0.096867
61,CA1-V1,intermediate,V1,73,0.152857
61,CA1-V1,intermediate,V1,74,0.192313
61,CA1-V1,intermediate,V1,75,0.156238
61,CA1-V1,intermediate,V1,76,0.17861
61,CA1-V1,intermediate,V1,77,0.175339
61,CA1-V1,intermediate,V1,78,0.741698
61,CA1-V1,intermediate,V1,79,0.242328
61,CA1-V1,intermediate,V1,80,0.203192
61,CA1-V1,intermediate,V1,81,0.797921
61,CA1-V1,intermediate,V1,82,0.102538
61,CA1-V1,intermediate,V1,83,0.510635
61,CA1-V1,expert,CA1,0,0.693457
61,CA1-V1,expert,CA1,1,0.912878
61,CA1-V1,expert,CA1,2,0.948122
61,CA1-V1,expert,CA1,3,0.136837
61,CA1-V1,expert,CA1,4,0.020094
61,CA1-V1,expert,CA1,5,0.023566
61,CA1-V1,expert,CA1,6,0.046479
61,CA1-V1,expert,CA1,7,0.884197
61,CA1-V1,expert,CA1,8,0.173854
61,CA1-V1,expert,CA1,9,0.88388
61,CA1-V1,expert,CA1,10,0.071617
61,CA1-V1,expert,CA1,11,0.05663
61,CA1-V1,expert,CA1,12,0.211738
61,CA1-V1,expert,CA1,13,0.422985
61,CA1-V1,expert,CA1,14,0.180596
61,CA1-V1,expert,CA1,15,0.245486
61,CA1-V1,expert,CA1,16,0.847698
61,CA1-V1,expert,CA1,17,0.814851
61,CA1-V1,expert,CA1,18,0.108311
61,CA1-V1,expert,CA1,19,0.010748
61,CA1-V1,expert,CA1,20,0.216767
61,CA1-V1,expert,CA1,21,0.881566
61,CA1-V1,expert,CA1,22,0.084335
61,CA1-V1,expert,CA1,23,0.928003
61,CA1-V1,expert,CA1,24,0.831086
61,CA1-V1,expert,CA1,25,0.811828
61,CA1-V1,expert,CA1,26,0.037719
61,CA1-V1,expert,CA1,27,0.011415
61,CA1-V1,expert,CA1,28,0.958354
61,CA1-V1,expert,CA1,29,0.028276
61,CA1-V1,expert,CA1,30,0.195365
61,CA1-V1,expert,CA1,31,0.024225
61,CA1-V1,expert,CA1,32,0.016688
61,CA1-V1,expert,CA1,33,0.012514
61,CA1-V1,expert,CA1,34,0.134694
61,CA1-V1,expert,CA1,35,0.071638
61,CA1-V1,expert,CA1,36,0.80656
61,CA1-V1,expert,CA1,37,0.144079
61,CA1-V1,expert,CA1,38,0.035713
61,CA1-V1,expert,CA1,39,0.899665
61,CA1-V1,expert,CA1,40,0.899214
61,CA1-V1,expert,CA1,41,0.363905
61,CA1-V1,expert,CA1,42,0.119857
61,CA1-V1,expert,CA1,43,0.907514
61,CA1-V1,expert,CA1,44,0.009095
61,CA1-V1,expert,CA1,45,0.128788
61,CA1-V1,expert,CA1,46,0.009618
61,CA1-V1,expert,CA1,47,0.190924
61,CA1-V1,expert,CA1,48,0.846695
61,CA1-V1,expert,CA1,49,0.907287
61,CA1-V1,expert,CA1,50,0.60554
61,CA1-V1,expert,CA1,51,0.219646
61,CA1-V1,expert,CA1,52,0.039451
61,CA1-V1,expert,CA1,53,0.904218
61,CA1-V1,expert,CA1,54,0.030508
61,CA1-V1,expert,CA1,55,0.890175
61,CA1-V1,expert,CA1,56,0.111475
61,CA1-V1,expert,CA1,57,0.096424
61,CA1-V1,expert,V1,0,0.789558
61,CA1-V1,expert,V1,1,0.10832
61,CA1-V1,expert,V1,2,0.065541
61,CA1-V1,expert,V1,3,0.270371
61,CA1-V1,expert,V1,4,0.166114
61,CA1-V1,expert,V1,5,0.090908
61,CA1-V1,expert,V1,6,0.195204
61,CA1-V1,expert,V1,7,0.051434
61,CA1-V1,expert,V1,8,0.067204
61,CA1-V1,expert,V1,9,0.73855
61,CA1-V1,expert,V1,10,0.071378
61,CA1-V1,expert,V1,11,0.507514
61,CA1-V1,expert,V1,12,0.365826
61,CA1-V1,expert,V1,13,0.050759
61,CA1-V1,expert,V1,14,0.55838
61,CA1-V1,expert,V1,15,0.739372
61,CA1-V1,expert,V1,16,0.153765
61,CA1-V1,expert,V1,17,0.314917
61,CA1-V1,expert,V1,18,0.128358
61,CA1-V1,expert,V1,19,0.144869
61,CA1-V1,expert,V1,20,0.381727
61,CA1-V1,expert,V1,21,0.648341
61,CA1-V1,expert,V1,22,0.144366
61,CA1-V1,expert,V1,23,0.442388
61,CA1-V1,expert,V1,24,0.216044
61,CA1-V1,expert,V1,25,0.787268
61,CA1-V1,expert,V1,26,0.516787
61,CA1-V1,expert,V1,27,0.434131
61,CA1-V1,expert,V1,28,0.119246
61,CA1-V1,expert,V1,29,0.306914
61,CA1-V1,expert,V1,30,0.224809
61,CA1-V1,expert,V1,31,0.787695
61,CA1-V1,expert,V1,32,0.128092
61,CA1-V1,expert,V1,33,0.104945
61,CA1-V1,expert,V1,34,0.13136
61,CA1-V1,expert,V1,35,0.168153
61,CA1-V1,expert,V1,36,0.05945
61,CA1-V1,expert,V1,37,0.162031
61,CA1-V1,expert,V1,38,0.215105
61,CA1-V1,expert,V1,39,0.238454
61,CA1-V1,expert,V1,40,0.134856
61,CA1-V1,expert,V1,41,0.180238
61,CA1-V1,expert,V1,42,0.224005
61,CA1-V1,expert,V1,43,0.307671
61,CA1-V1,expert,V1,44,0.364473
61,CA1-V1,expert,V1,45,0.109326
61,CA1-V1,expert,V1,46,0.477169
61,CA1-V1,expert,V1,47,0.125756
61,CA1-V1,expert,V1,48,0.735246
61,CA1-V1,expert,V1,49,0.109027
61,CA1-V1,expert,V1,50,0.186981
61,CA1-V1,expert,V1,51,0.124009
61,CA1-V1,expert,V1,52,0.340877
61,CA1-V1,expert,V1,53,0.644023
61,CA1-V1,expert,V1,54,0.144107
61,CA1-V1,expert,V1,55,0.005965
61,CA1-V1,expert,V1,56,0.752264
61,CA1-V1,expert,V1,57,0.263964
61,CA1-V1,expert,V1,58,0.725209
61,CA1-V1,expert,V1,59,0.461235
61,CA1-V1,expert,V1,60,0.464214
61,CA1-V1,expert,V1,61,0.135184
61,CA1-V1,expert,V1,62,0.078667
61,CA1-V1,expert,V1,63,0.184572
61,CA1-V1,expert,V1,64,0.066714
61,CA1-V1,expert,V1,65,0.708493
61,CA1-V1,expert,V1,66,0.107352
61,CA1-V1,expert,V1,67,0.182512
61,CA1-V1,expert,V1,68,0.684303
61,CA1-V1,expert,V1,69,0.009269
61,CA1-V1,expert,V1,70,0.707111
61,CA1-V1,expert,V1,71,0.295821
61,CA1-V1,expert,V1,72,0.221771
61,CA1-V1,expert,V1,73,0.17858
61,CA1-V1,expert,V1,74,0.245166
61,CA1-V1,expert,V1,75,0.147809
61,CA1-V1,expert,V1,76,0.349999
61,CA1-V1,expert,V1,77,0.052128
61,CA1-V1,expert,V1,78,0.26222
61,CA1-V1,expert,V1,79,0.210401
61,CA1-V1,expert,V1,80,0.772512
61,CA1-V1,expert,V1,81,0.078271
61,CA1-V1,expert,V1,82,0.093875
61,CA1-V1,expert,V1,83,0.031047
61,CA3-DG,naive,CA3,0,1.006517
61,CA3-DG,naive,CA3,1,0.207806
61,CA3-DG,naive,CA3,2,0.669719
61,CA3-DG,naive,CA3,3,0.769272
61,CA3-DG,naive,CA3,4,1.007919
61,CA3-DG,naive,CA3,5,0.007603
61,CA3-DG,naive,CA3,6,0.860971
61,CA3-DG,naive,CA3,7,0.725701
61,CA3-DG,naive,CA3,8,0.051555
61,CA3-DG,naive,CA3,9,0.834197
61,CA3-DG,naive,CA3,10,0.867947
61,CA3-DG,naive,CA3,11,0.638428
61,CA3-DG,naive,CA3,12,0.050161
61,CA3-DG,naive,CA3,13,1.001824
61,CA3-DG,naive,CA3,14,0.856266
61,CA3-DG,naive,CA3,15,0.942256
61,CA3-DG,naive,CA3,16,0.792214
61,CA3-DG,naive,CA3,17,0.014301
61,CA3-DG,naive,CA3,18,0.984559
61,CA3-DG,naive,CA3,19,0.485342
61,CA3-DG,naive,CA3,20,1.065411
61,CA3-DG,naive,CA3,21,0.896428
61,CA3-DG,naive,CA3,22,0.488624
61,CA3-DG,naive,CA3,23,0.014136
61,CA3-DG,naive,CA3,24,0.913867
61,CA3-DG,naive,CA3,25,0.294426
61,CA3-DG,naive,CA3,26,0.783616
61,CA3-DG,naive,CA3,27,0.358929
61,CA3-DG,naive,CA3,28,0.001939
61,CA3-DG,naive,CA3,29,0.814246
61,CA3-DG,naive,DG,0,0.996411
61,CA3-DG,naive,DG,1,0.906758
61,CA3-DG,naive,DG,2,0.788405
61,CA3-DG,naive,DG,3,0.028608
61,CA3-DG,naive,DG,4,0.847935
61,CA3-DG,naive,DG,5,0.784125
61,CA3-DG,naive,DG,6,0.857824
61,CA3-DG,naive,DG,7,1.009043
61,CA3-DG,naive,DG,8,0.836166
61,CA3-DG,naive,DG,9,0.182109
61,CA3-DG,naive,DG,10,0.900881
61,CA3-DG,naive,DG,11,1.013341
61,CA3-DG,naive,DG,12,0.874437
61,CA3-DG,naive,DG,13,0.694435
61,CA3-DG,naive,DG,14,0.852229
61,CA3-DG,naive,DG,15,0.951159
61,CA3-DG,naive,DG,16,0.614174
61,CA3-DG,naive,DG,17,0.793253
61,CA3-DG,naive,DG,18,0.000299
61,CA3-DG,naive,DG,19,0.026696
61,CA3-DG,naive,DG,20,1.057958
61,CA3-DG,naive,DG,21,0.818536
61,CA3-DG,naive,DG,22,0.835202
61,CA3-DG,naive,DG,23,0.013978
61,CA3-DG,naive,DG,24,0.944839
61,CA3-DG,intermediate,CA3,0,0.985854
61,CA3-DG,intermediate,CA3,1,1.012837
61,CA3-DG,intermediate,CA3,2,0.83265
61,CA3-DG,intermediate,CA3,3,0.390819
61,CA3-DG,intermediate,CA3,4,1.074743
61,CA3-DG,intermediate,CA3,5,0.798671
61,CA3-DG,intermediate,CA3,6,1.052045
61,CA3-DG,intermediate,CA3,7,0.967305
61,CA3-DG,intermediate,CA3,8,1.059638
61,CA3-DG,intermediate,CA3,9,0.910412
61,CA3-DG,intermediate,CA3,10,0.030691
61,CA3-DG,intermediate,CA3,11,0.804356
61,CA3-DG,intermediate,CA3,12,0.970818
61,CA3-DG,intermediate,CA3,13,1.005897
61,CA3-DG,intermediate,CA3,14,0.898895
61,CA3-DG,intermediate,CA3,15,0.970058
61,CA3-DG,intermediate,CA3,16,0.057051
61,CA3-DG,intermediate,CA3,17,0.43847
61,CA3-DG,intermediate,CA3,18,1.077962
61,CA3-DG,intermediate,CA3,19,0.000557
61,CA3-DG,intermediate,CA3,20,0.967551
61,CA3-DG,intermediate,CA3,21,0.08834
61,CA3-DG,intermediate,CA3,22,0.040307
61,CA3-DG,intermediate,CA3,23,0.785178
61,CA3-DG,intermediate,CA3,24,1.059298
61,CA3-DG,intermediate,CA3,25,0.964554
61,CA3-DG,intermediate,CA3,26,0.108467
61,CA3-DG,intermediate,CA3,27,0.047714
61,CA3-DG,intermediate,CA3,28,0.758809
61,CA3-DG,intermediate,CA3,29,0.001525
61,CA3-DG,intermediate,DG,0,1.118265
61,CA3-DG,intermediate,DG,1,1.072386
61,CA3-DG,intermediate,DG,2,0.212846
61,CA3-DG,intermediate,DG,3,0.922579
61,CA3-DG,intermediate,DG,4,1.102194
61,CA3-DG,intermediate,DG,5,0.033837
61,CA3-DG,intermediate,DG,6,1.091053
61,CA3-DG,intermediate,DG,7,1.075254
61,CA3-DG,intermediate,DG,8,1.051368
61,CA3-DG,intermediate,DG,9,0.915984
61,CA3-DG,intermediate,DG,10,1.195237
61,CA3-DG,intermediate,DG,11,1.051297
61,CA3-DG,intermediate,DG,12,1.023993
61,CA3-DG,intermediate,DG,13,1.057648
61,CA3-DG,intermediate,DG,14,1.048272
61,CA3-DG,intermediate,DG,15,0.026616
61,CA3-DG,intermediate,DG,16,1.097252
61,CA3-DG,intermediate,DG,17,1.138801
61,CA3-DG,intermediate,DG,18,0.854814
61,CA3-DG,intermediate,DG,19,1.318966
61,CA3-DG,intermediate,DG,20,0.270972
61,CA3-DG,intermediate,DG,21,0.02961
61,CA3-DG,intermediate,DG,22,1.089373
61,CA3-DG,intermediate,DG,23,0.779536
61,CA3-DG,intermediate,DG,24,1.170442
61,CA3-DG,expert,CA3,0,1.035495
61,CA3-DG,expert,CA3,1,1.001264
61,CA3-DG,expert,CA3,2,1.053749
61,CA3-DG,expert,CA3,3,1.042654
61,CA3-DG,expert,CA3,4,1.178708
61,CA3-DG,expert,CA3,5,0.808456
61,CA3-DG,expert,CA3,6,1.174641
61,CA3-DG,expert,CA3,7,1.120245
61,CA3-DG,expert,CA3,8,0.109558
61,CA3-DG,expert,CA3,9,1.004945
61,CA3-DG,expert,CA3,10,0.018678
61,CA3-DG,expert,CA3,11,1.087245
61,CA3-DG,expert,CA3,12,0.861523
61,CA3-DG,expert,CA3,13,1.020051
61,CA3-DG,expert,CA3,14,1.010656
61,CA3-DG,expert,CA3,15,1.088708
61,CA3-DG,expert,CA3,16,0.050925
61,CA3-DG,expert,CA3,17,0.838332
61,CA3-DG,expert,CA3,18,0.426525
61,CA3-DG,expert,CA3,19,0.113105
61,CA3-DG,expert,CA3,20,0.344745
61,CA3-DG,expert,CA3,21,0.159262
61,CA3-DG,expert,CA3,22,0.0163
61,CA3-DG,expert,CA3,23,1.030841
61,CA3-DG,expert,CA3,24,1.042405
61,CA3-DG,expert,CA3,25,0.01684
61,CA3-DG,expert,CA3,26,0.927695
61,CA3-DG,expert,CA3,27,0.208914
61,CA3-DG,expert,CA3,28,0.76703
61,CA3-DG,expert,CA3,29,0.002521
61,CA3-DG,expert,DG,0,1.150451
61,CA3-DG,expert,DG,1,1.137324
61,CA3-DG,expert,DG,2,1.272487
61,CA3-DG,expert,DG,3,0.865217
61,CA3-DG,expert,DG,4,0.974265
61,CA3-DG,expert,DG,5,0.030668
61,CA3-DG,expert,DG,6,1.185585
61,CA3-DG,expert,DG,7,1.075971
61,CA3-DG,expert,DG,8,1.112615
61,CA3-DG,expert,DG,9,0.940952
61,CA3-DG,expert,DG,10,1.138399
61,CA3-DG,expert,DG,11,1.056441
61,CA3-DG,expert,DG,12,1.054035
61,CA3-DG,expert,DG,13,0.696502
61,CA3-DG,expert,DG,14,1.020831
61,CA3-DG,expert,DG,15,0.031089
61,CA3-DG,expert,DG,16,1.286761
61,CA3-DG,expert,DG,17,1.351719
61,CA3-DG,expert,DG,18,0.516559
61,CA3-DG,expert,DG,19,0.041526
61,CA3-DG,expert,DG,20,0.032799
61,CA3-DG,expert,DG,21,1.242316
61,CA3-DG,expert,DG,22,1.114836
61,CA3-DG,expert,DG,23,0.69899
61,CA3-DG,expert,DG,24,1.255405
61,V1-RSC,naive,V1,0,0.008217
61,V1-RSC,naive,V1,1,0.416318
61,V1-RSC,naive,V1,2,0.653547
61,V1-RSC,naive,V1,3,0.230017
61,V1-RSC,naive,V1,4,0.089415
61,V1-RSC,naive,V1,5,0.548006
61,V1-RSC,naive,V1,6,0.256265
61,V1-RSC,naive,V1,7,0.786919
61,V1-RSC,naive,V1,8,0.720459
61,V1-RSC,naive,V1,9,0.061292
61,V1-RSC,naive,V1,10,0.070096
61,V1-RSC,naive,V1,11,0.045321
61,V1-RSC,naive,V1,12,0.15397
61,V1-RSC,naive,V1,13,0.692786
61,V1-RSC,naive,V1,14,0.010562
61,V1-RSC,naive,V1,15,0.108516
61,V1-RSC,naive,V1,16,0.241312
61,V1-RSC,naive,V1,17,0.149308
61,V1-RSC,naive,V1,18,0.790234
61,V1-RSC,naive,V1,19,0.747148
61,V1-RSC,naive,V1,20,0.117281
61,V1-RSC,naive,V1,21,0.070248
61,V1-RSC,naive,V1,22,0.290793
61,V1-RSC,naive,V1,23,0.120183
61,V1-RSC,naive,V1,24,0.394307
61,V1-RSC,naive,V1,25,0.240139
61,V1-RSC,naive,V1,26,0.045452
61,V1-RSC,naive,V1,27,0.052389
61,V1-RSC,naive,V1,28,0.13334
61,V1-RSC,naive,V1,29,0.311274
61,V1-RSC,naive,V1,30,0.250748
61,V1-RSC,naive,V1,31,0.176301
61,V1-RSC,naive,V1,32,0.753092
61,V1-RSC,naive,V1,33,0.160967
61,V1-RSC,naive,V1,34,0.111967
61,V1-RSC,naive,V1,35,0.125125
61,V1-RSC,naive,V1,36,0.752356
61,V1-RSC,naive,V1,37,0.248518
61,V1-RSC,naive,V1,38,0.205416
61,V1-RSC,naive,V1,39,0.10603
61,V1-RSC,naive,V1,40,0.008663
61,V1-RSC,naive,V1,41,0.044122
61,V1-RSC,naive,V1,42,0.161585
61,V1-RSC,naive,V1,43,0.191376
61,V1-RSC,naive,V1,44,0.047972
61,V1-RSC,naive,V1,45,0.369405
61,V1-RSC,naive,V1,46,0.052808
61,V1-RSC,naive,V1,47,0.240068
61,V1-RSC,naive,V1,48,0.063393
61,V1-RSC,naive,V1,49,0.102064
61,V1-RSC,naive,V1,50,0.020948
61,V1-RSC,naive,V1,51,0.030816
61,V1-RSC,naive,V1,52,0.423945
61,V1-RSC,naive,V1,53,0.613182
61,V1-RSC,naive,V1,54,0.740812
61,V1-RSC,naive,V1,55,0.496469
61,V1-RSC,naive,V1,56,0.170818
61,V1-RSC,naive,V1,57,0.04829
61,V1-RSC,naive,V1,58,0.073906
61,V1-RSC,naive,V1,59,0.513486
61,V1-RSC,naive,V1,60,0.000622
61,V1-RSC,naive,V1,61,0.05444
61,V1-RSC,naive,V1,62,0.763733
61,V1-RSC,naive,V1,63,0.184571
61,V1-RSC,naive,V1,64,0.044391
61,V1-RSC,naive,V1,65,0.003861
61,V1-RSC,naive,V1,66,0.064785
61,V1-RSC,naive,V1,67,0.596137
61,V1-RSC,naive,V1,68,0.007635
61,V1-RSC,naive,V1,69,0.719566
61,V1-RSC,naive,V1,70,0.076311
61,V1-RSC,naive,V1,71,0.122806
61,V1-RSC,naive,V1,72,0.091377
61,V1-RSC,naive,V1,73,0.553377
61,V1-RSC,naive,V1,74,0.149363
61,V1-RSC,naive,V1,75,0.219945
61,V1-RSC,naive,V1,76,0.523797
61,V1-RSC,naive,V1,77,0.762709
61,V1-RSC,naive,V1,78,0.048825
61,V1-RSC,naive,V1,79,0.13016
61,V1-RSC,naive,V1,80,0.054408
61,V1-RSC,naive,V1,81,0.707239
61,V1-RSC,naive,V1,82,0.124219
61,V1-RSC,naive,V1,83,0.682092
61,V1-RSC,naive,RSC,0,0.020468
61,V1-RSC,naive,RSC,1,0.216408
61,V1-RSC,naive,RSC,2,0.818545
61,V1-RSC,naive,RSC,3,0.053525
61,V1-RSC,naive,RSC,4,0.790583
61,V1-RSC,naive,RSC,5,0.732614
61,V1-RSC,naive,RSC,6,0.068266
61,V1-RSC,naive,RSC,7,0.241743
61,V1-RSC,naive,RSC,8,0.228666
61,V1-RSC,naive,RSC,9,0.186118
61,V1-RSC,naive,RSC,10,0.494907
61,V1-RSC,naive,RSC,11,0.298949
61,V1-RSC,naive,RSC,12,0.218772
61,V1-RSC,naive,RSC,13,0.073638
61,V1-RSC,naive,RSC,14,0.780422
61,V1-RSC,naive,RSC,15,0.242864
61,V1-RSC,naive,RSC,16,0.156803
61,V1-RSC,naive,RSC,17,0.088004
61,V1-RSC,naive,RSC,18,0.028339
61,V1-RSC,naive,RSC,19,0.153828
61,V1-RSC,naive,RSC,20,0.130881
61,V1-RSC,naive,RSC,21,0.305346
61,V1-RSC,naive,RSC,22,0.09181
61,V1-RSC,naive,RSC,23,0.595222
61,V1-RSC,naive,RSC,24,0.124707
61,V1-RSC,naive,RSC,25,0.089602
61,V1-RSC,naive,RSC,26,0.085139
61,V1-RSC,naive,RSC,27,0.065076
61,V1-RSC,naive,RSC,28,0.02506
61,V1-RSC,naive,RSC,29,0.591115
61,V1-RSC,naive,RSC,30,0.328988
61,V1-RSC,naive,RSC,31,0.078244
61,V1-RSC,naive,RSC,32,0.374377
61,V1-RSC,naive,RSC,33,0.01715
61,V1-RSC,naive,RSC,34,0.319246
61,V1-RSC,naive,RSC,35,0.373358
61,V1-RSC,naive,RSC,36,0.397272
61,V1-RSC,naive,RSC,37,0.306004
61,V1-RSC,naive,RSC,38,0.309244
61,V1-RSC,naive,RSC,39,0.714136
61,V1-RSC,naive,RSC,40,0.406736
61,V1-RSC,naive,RSC,41,0.366373
61,V1-RSC,naive,RSC,42,0.189686
61,V1-RSC,naive,RSC,43,0.257326
61,V1-RSC,naive,RSC,44,0.126594
61,V1-RSC,naive,RSC,45,0.093752
61,V1-RSC,naive,RSC,46,0.157177
61,V1-RSC,naive,RSC,47,0.179904
61,V1-RSC,naive,RSC,48,0.410926
61,V1-RSC,naive,RSC,49,0.145599
61,V1-RSC,naive,RSC,50,0.395138
61,V1-RSC,naive,RSC,51,0.125039
61,V1-RSC,naive,RSC,52,0.490678
61,V1-RSC,naive,RSC,53,0.22971
61,V1-RSC,naive,RSC,54,0.096077
61,V1-RSC,naive,RSC,55,0.105399
61,V1-RSC,naive,RSC,56,0.331189
61,V1-RSC,naive,RSC,57,0.126873
61,V1-RSC,naive,RSC,58,0.438612
61,V1-RSC,naive,RSC,59,0.25514
61,V1-RSC,naive,RSC,60,0.614049
61,V1-RSC,naive,RSC,61,0.666291
61,V1-RSC,naive,RSC,62,0.075784
61,V1-RSC,naive,RSC,63,0.455875
61,V1-RSC,naive,RSC,64,0.05128
61,V1-RSC,naive,RSC,65,0.115075
61,V1-RSC,naive,RSC,66,0.01814
61,V1-RSC,naive,RSC,67,0.126521
61,V1-RSC,naive,RSC,68,0.062614
61,V1-RSC,naive,RSC,69,0.489602
61,V1-RSC,naive,RSC,70,0.235452
61,V1-RSC,naive,RSC,71,0.260571
61,V1-RSC,naive,RSC,72,0.20952
61,V1-RSC,naive,RSC,73,0.183555
61,V1-RSC,naive,RSC,74,0.172617
61,V1-RSC,naive,RSC,75,0.113195
61,V1-RSC,naive,RSC,76,0.054335
61,V1-RSC,naive,RSC,77,0.063522
61,V1-RSC,naive,RSC,78,0.39879
61,V1-RSC,naive,RSC,79,0.370398
61,V1-RSC,naive,RSC,80,0.69209
61,V1-RSC,naive,RSC,81,0.31068
61,V1-RSC,naive,RSC,82,0.045493
61,V1-RSC,naive,RSC,83,0.740188
61,V1-RSC,naive,RSC,84,0.274373
61,V1-RSC,naive,RSC,85,0.115743
61,V1-RSC,naive,RSC,86,0.398585
61,V1-RSC,naive,RSC,87,0.473221
61,V1-RSC,naive,RSC,88,0.363548
61,V1-RSC,naive,RSC,89,0.197131
61,V1-RSC,naive,RSC,90,0.133731
61,V1-RSC,naive,RSC,91,0.339166
61,V1-RSC,naive,RSC,92,0.831562
61,V1-RSC,naive,RSC,93,0.091029
61,V1-RSC,naive,RSC,94,0.082203
61,V1-RSC,naive,RSC,95,0.073713
61,V1-RSC,naive,RSC,96,0.517558
61,V1-RSC,naive,RSC,97,0.586334
61,V1-RSC,naive,RSC,98,0.617104
61,V1-RSC,naive,RSC,99,0.112448
61,V1-RSC,naive,RSC,100,0.77717
61,V1-RSC,intermediate,V1,0,0.68664
61,V1-RSC,intermediate,V1,1,0.193305
61,V1-RSC,intermediate,V1,2,0.098818
61,V1-RSC,intermediate,V1,3,0.239809
61,V1-RSC,intermediate,V1,4,0.142605
61,V1-RSC,intermediate,V1,5,0.112072
61,V1-RSC,intermediate,V1,6,0.249859
61,V1-RSC,intermediate,V1,7,0.246713
61,V1-RSC,intermediate,V1,8,0.060211
61,V1-RSC,intermediate,V1,9,0.7309
61,V1-RSC,intermediate,V1,10,0.066027
61,V1-RSC,intermediate,V1,11,0.457566
61,V1-RSC,intermediate,V1,12,0.320267
61,V1-RSC,intermediate,V1,13,0.18158
61,V1-RSC,intermediate,V1,14,0.757278
61,V1-RSC,intermediate,V1,15,0.122703
61,V1-RSC,intermediate,V1,16,0.175183
61,V1-RSC,intermediate,V1,17,0.384606
61,V1-RSC,intermediate,V1,18,0.090344
61,V1-RSC,intermediate,V1,19,0.093381
61,V1-RSC,intermediate,V1,20,0.377393
61,V1-RSC,intermediate,V1,21,0.4618
61,V1-RSC,intermediate,V1,22,0.223076
61,V1-RSC,intermediate,V1,23,0.249587
61,V1-RSC,intermediate,V1,24,0.122072
61,V1-RSC,intermediate,V1,25,0.758745
61,V1-RSC,intermediate,V1,26,0.477708
61,V1-RSC,intermediate,V1,27,0.477591
61,V1-RSC,intermediate,V1,28,0.118072
61,V1-RSC,intermediate,V1,29,0.243571
61,V1-RSC,intermediate,V1,30,0.118938
61,V1-RSC,intermediate,V1,31,0.349211
61,V1-RSC,intermediate,V1,32,0.127187
61,V1-RSC,intermediate,V1,33,0.153509
61,V1-RSC,intermediate,V1,34,0.153925
61,V1-RSC,intermediate,V1,35,0.234418
61,V1-RSC,intermediate,V1,36,0.06799
61,V1-RSC,intermediate,V1,37,0.176432
61,V1-RSC,intermediate,V1,38,0.158847
61,V1-RSC,intermediate,V1,39,0.108441
61,V1-RSC,intermediate,V1,40,0.124036
61,V1-RSC,intermediate,V1,41,0.396941
61,V1-RSC,intermediate,V1,42,0.122112
61,V1-RSC,intermediate,V1,43,0.097464
61,V1-RSC,intermediate,V1,44,0.515286
61,V1-RSC,intermediate,V1,45,0.131786
61,V1-RSC,intermediate,V1,46,0.580135
61,V1-RSC,intermediate,V1,47,0.280882
61,V1-RSC,intermediate,V1,48,0.591817
61,V1-RSC,intermediate,V1,49,0.1948
61,V1-RSC,intermediate,V1,50,0.780863
61,V1-RSC,intermediate,V1,51,0.074197
61,V1-RSC,intermediate,V1,52,0.219101
61,V1-RSC,intermediate,V1,53,0.107028
61,V1-RSC,intermediate,V1,54,0.186688
61,V1-RSC,intermediate,V1,55,0.010001
61,V1-RSC,intermediate,V1,56,0.548389
61,V1-RSC,intermediate,V1,57,0.673367
61,V1-RSC,intermediate,V1,58,0.734245
61,V1-RSC,intermediate,V1,59,0.010271
61,V1-RSC,intermediate,V1,60,0.633804
61,V1-RSC,intermediate,V1,61,0.094857
61,V1-RSC,intermediate,V1,62,0.100393
61,V1-RSC,intermediate,V1,63,0.198919
61,V1-RSC,intermediate,V1,64,0.687087
61,V1-RSC,intermediate,V1,65,0.592332
61,V1-RSC,intermediate,V1,66,0.143944
61,V1-RSC,intermediate,V1,67,0.198945
61,V1-RSC,intermediate,V1,68,0.690887
61,V1-RSC,intermediate,V1,69,0.013225
61,V1-RSC,intermediate,V1,70,0.316841
61,V1-RSC,intermediate,V1,71,0.171751
61,V1-RSC,intermediate,V1,72,0.094234
61,V1-RSC,intermediate,V1,73,0.159139
61,V1-RSC,intermediate,V1,74,0.181023
61,V1-RSC,intermediate,V1,75,0.155408
61,V1-RSC,intermediate,V1,76,0.19123
61,V1-RSC,intermediate,V1,77,0.170567
61,V1-RSC,intermediate,V1,78,0.735691
61,V1-RSC,intermediate,V1,79,0.234305
61,V1-RSC,intermediate,V1,80,0.22167
61,V1-RSC,intermediate,V1,81,0.797667
61,V1-RSC,intermediate,V1,82,0.104901
61,V1-RSC,intermediate,V1,83,0.509816
61,V1-RSC,intermediate,RSC,0,0.658144
61,V1-RSC,intermediate,RSC,1,0.231408
61,V1-RSC,intermediate,RSC,2,0.333459
61,V1-RSC,intermediate,RSC,3,0.538105
61,V1-RSC,intermediate,RSC,4,0.137419
61,V1-RSC,intermediate,RSC,5,0.552104
61,V1-RSC,intermediate,RSC,6,0.496865
61,V1-RSC,intermediate,RSC,7,0.061934
61,V1-RSC,intermediate,RSC,8,0.149064
61,V1-RSC,intermediate,RSC,9,0.338949
61,V1-RSC,intermediate,RSC,10,0.463112
61,V1-RSC,intermediate,RSC,11,0.285072
61,V1-RSC,intermediate,RSC,12,0.39739
61,V1-RSC,intermediate,RSC,13,0.553464
61,V1-RSC,intermediate,RSC,14,0.296813
61,V1-RSC,intermediate,RSC,15,0.341344
61,V1-RSC,intermediate,RSC,16,0.725709
61,V1-RSC,intermediate,RSC,17,0.482468
61,V1-RSC,intermediate,RSC,18,0.435463
61,V1-RSC,intermediate,RSC,19,0.239414
61,V1-RSC,intermediate,RSC,20,0.368168
61,V1-RSC,intermediate,RSC,21,0.236531
61,V1-RSC,intermediate,RSC,22,0.558837
61,V1-RSC,intermediate,RSC,23,0.158721
61,V1-RSC,intermediate,RSC,24,0.369007
61,V1-RSC,intermediate,RSC,25,0.647315
61,V1-RSC,intermediate,RSC,26,0.488761
61,V1-RSC,intermediate,RSC,27,0.264728
61,V1-RSC,intermediate,RSC,28,0.704667
61,V1-RSC,intermediate,RSC,29,0.625767
61,V1-RSC,intermediate,RSC,30,0.336774
61,V1-RSC,intermediate,RSC,31,0.245189
61,V1-RSC,intermediate,RSC,32,0.369221
61,V1-RSC,intermediate,RSC,33,0.77557
61,V1-RSC,intermediate,RSC,34,0.302575
61,V1-RSC,intermediate,RSC,35,0.346319
61,V1-RSC,intermediate,RSC,36,0.367516
61,V1-RSC,intermediate,RSC,37,0.405485
61,V1-RSC,intermediate,RSC,38,0.462576
61,V1-RSC,intermediate,RSC,39,0.10337
61,V1-RSC,intermediate,RSC,40,0.389837
61,V1-RSC,intermediate,RSC,41,0.339557
61,V1-RSC,intermediate,RSC,42,0.289913
61,V1-RSC,intermediate,RSC,43,0.268339
61,V1-RSC,intermediate,RSC,44,0.325335
61,V1-RSC,intermediate,RSC,45,0.190365
61,V1-RSC,intermediate,RSC,46,0.327512
61,V1-RSC,intermediate,RSC,47,0.327605
61,V1-RSC,intermediate,RSC,48,0.394764
61,V1-RSC,intermediate,RSC,49,0.424402
61,V1-RSC,intermediate,RSC,50,0.264104
61,V1-RSC,intermediate,RSC,51,0.357859
61,V1-RSC,intermediate,RSC,52,0.139024
61,V1-RSC,intermediate,RSC,53,0.286061
61,V1-RSC,intermediate,RSC,54,0.382589
61,V1-RSC,intermediate,RSC,55,0.369678
61,V1-RSC,intermediate,RSC,56,0.248152
61,V1-RSC,intermediate,RSC,57,0.38606
61,V1-RSC,intermediate,RSC,58,0.351655
61,V1-RSC,intermediate,RSC,59,0.424882
61,V1-RSC,intermediate,RSC,60,0.238449
61,V1-RSC,intermediate,RSC,61,0.293303
61,V1-RSC,intermediate,RSC,62,0.075646
61,V1-RSC,intermediate,RSC,63,0.340236
61,V1-RSC,intermediate,RSC,64,0.084342
61,V1-RSC,intermediate,RSC,65,0.193029
61,V1-RSC,intermediate,RSC,66,0.831636
61,V1-RSC,intermediate,RSC,67,0.50131
61,V1-RSC,intermediate,RSC,68,0.36202
61,V1-RSC,intermediate,RSC,69,0.52707
61,V1-RSC,intermediate,RSC,70,0.462246
61,V1-RSC,intermediate,RSC,71,0.249882
61,V1-RSC,intermediate,RSC,72,0.374954
61,V1-RSC,intermediate,RSC,73,0.16519
61,V1-RSC,intermediate,RSC,74,0.172687
61,V1-RSC,intermediate,RSC,75,0.323042
61,V1-RSC,intermediate,RSC,76,0.303761
61,V1-RSC,intermediate,RSC,77,0.280865
61,V1-RSC,intermediate,RSC,78,0.18252
61,V1-RSC,intermediate,RSC,79,0.356051
61,V1-RSC,intermediate,RSC,80,0.094721
61,V1-RSC,intermediate,RSC,81,0.154195
61,V1-RSC,intermediate,RSC,82,0.224185
61,V1-RSC,intermediate,RSC,83,0.226234
61,V1-RSC,intermediate,RSC,84,0.288217
61,V1-RSC,intermediate,RSC,85,0.268653
61,V1-RSC,intermediate,RSC,86,0.305735
61,V1-RSC,intermediate,RSC,87,0.148002
61,V1-RSC,intermediate,RSC,88,0.339776
61,V1-RSC,intermediate,RSC,89,0.492338
61,V1-RSC,intermediate,RSC,90,0.138143
61,V1-RSC,intermediate,RSC,91,0.257152
61,V1-RSC,intermediate,RSC,92,0.030469
61,V1-RSC,intermediate,RSC,93,0.357269
61,V1-RSC,intermediate,RSC,94,0.311848
61,V1-RSC,intermediate,RSC,95,0.82041
61,V1-RSC,intermediate,RSC,96,0.008598
61,V1-RSC,intermediate,RSC,97,0.123896
61,V1-RSC,intermediate,RSC,98,0.027931
61,V1-RSC,intermediate,RSC,99,0.44779
61,V1-RSC,intermediate,RSC,100,0.036998
61,V1-RSC,expert,V1,0,0.786491
61,V1-RSC,expert,V1,1,0.113251
61,V1-RSC,expert,V1,2,0.067839
61,V1-RSC,expert,V1,3,0.26343
61,V1-RSC,expert,V1,4,0.17423
61,V1-RSC,expert,V1,5,0.093931
61,V1-RSC,expert,V1,6,0.199444
61,V1-RSC,expert,V1,7,0.050735
61,V1-RSC,expert,V1,8,0.064345
61,V1-RSC,expert,V1,9,0.737707
61,V1-RSC,expert,V1,10,0.073491
61,V1-RSC,expert,V1,11,0.479174
61,V1-RSC,expert,V1,12,0.360192
61,V1-RSC,expert,V1,13,0.051184
61,V1-RSC,expert,V1,14,0.528025
61,V1-RSC,expert,V1,15,0.737476
61,V1-RSC,expert,V1,16,0.15755
61,V1-RSC,expert,V1,17,0.323251
61,V1-RSC,expert,V1,18,0.130138
61,V1-RSC,expert,V1,19,0.144673
61,V1-RSC,expert,V1,20,0.379426
61,V1-RSC,expert,V1,21,0.636262
61,V1-RSC,expert,V1,22,0.14908
61,V1-RSC,expert,V1,23,0.44432
61,V1-RSC,expert,V1,24,0.218978
61,V1-RSC,expert,V1,25,0.784493
61,V1-RSC,expert,V1,26,0.516311
61,V1-RSC,expert,V1,27,0.4335
61,V1-RSC,expert,V1,28,0.121119
61,V1-RSC,expert,V1,29,0.306833
61,V1-RSC,expert,V1,30,0.218551
61,V1-RSC,expert,V1,31,0.782257
61,V1-RSC,expert,V1,32,0.127423
61,V1-RSC,expert,V1,33,0.105983
61,V1-RSC,expert,V1,34,0.131655
61,V1-RSC,expert,V1,35,0.160261
61,V1-RSC,expert,V1,36,0.058136
61,V1-RSC,expert,V1,37,0.164675
61,V1-RSC,expert,V1,38,0.214941
61,V1-RSC,expert,V1,39,0.240453
61,V1-RSC,expert,V1,40,0.137158
61,V1-RSC,expert,V1,41,0.17159
61,V1-RSC,expert,V1,42,0.231962
61,V1-RSC,expert,V1,43,0.312545
61,V1-RSC,expert,V1,44,0.373763
61,V1-RSC,expert,V1,45,0.105941
61,V1-RSC,expert,V1,46,0.461373
61,V1-RSC,expert,V1,47,0.127077
61,V1-RSC,expert,V1,48,0.734041
61,V1-RSC,expert,V1,49,0.108762
61,V1-RSC,expert,V1,50,0.181591
61,V1-RSC,expert,V1,51,0.120532
61,V1-RSC,expert,V1,52,0.344718
61,V1-RSC,expert,V1,53,0.644292
61,V1-RSC,expert,V1,54,0.137509
61,V1-RSC,expert,V1,55,0.005786
61,V1-RSC,expert,V1,56,0.738786
61,V1-RSC,expert,V1,57,0.263009
61,V1-RSC,expert,V1,58,0.723563
61,V1-RSC,expert,V1,59,0.460223
61,V1-RSC,expert,V1,60,0.463332
61,V1-RSC,expert,V1,61,0.137182
61,V1-RSC,expert,V1,62,0.076093
61,V1-RSC,expert,V1,63,0.200968
61,V1-RSC,expert,V1,64,0.066108
61,V1-RSC,expert,V1,65,0.707823
61,V1-RSC,expert,V1,66,0.10773
61,V1-RSC,expert,V1,67,0.184325
61,V1-RSC,expert,V1,68,0.682611
61,V1-RSC,expert,V1,69,0.009584
61,V1-RSC,expert,V1,70,0.694674
61,V1-RSC,expert,V1,71,0.297453
61,V1-RSC,expert,V1,72,0.227949
61,V1-RSC,expert,V1,73,0.183487
61,V1-RSC,expert,V1,74,0.232897
61,V1-RSC,expert,V1,75,0.150003
61,V1-RSC,expert,V1,76,0.352485
61,V1-RSC,expert,V1,77,0.051923
61,V1-RSC,expert,V1,78,0.26134
61,V1-RSC,expert,V1,79,0.206023
61,V1-RSC,expert,V1,80,0.768083
61,V1-RSC,expert,V1,81,0.078564
61,V1-RSC,expert,V1,82,0.093193
61,V1-RSC,expert,V1,83,0.031248
61,V1-RSC,expert,RSC,0,0.722078
61,V1-RSC,expert,RSC,1,0.225455
61,V1-RSC,expert,RSC,2,0.688254
61,V1-RSC,expert,RSC,3,0.794792
61,V1-RSC,expert,RSC,4,0.110398
61,V1-RSC,expert,RSC,5,0.35984
61,V1-RSC,expert,RSC,6,0.279662
61,V1-RSC,expert,RSC,7,0.130813
61,V1-RSC,expert,RSC,8,0.13668
61,V1-RSC,expert,RSC,9,0.199213
61,V1-RSC,expert,RSC,10,0.289056
61,V1-RSC,expert,RSC,11,0.273121
61,V1-RSC,expert,RSC,12,0.419231
61,V1-RSC,expert,RSC,13,0.706804
61,V1-RSC,expert,RSC,14,0.205865
61,V1-RSC,expert,RSC,15,0.354981
61,V1-RSC,expert,RSC,16,0.6173
61,V1-RSC,expert,RSC,17,0.319772
61,V1-RSC,expert,RSC,18,0.395002
61,V1-RSC,expert,RSC,19,0.170762
61,V1-RSC,expert,RSC,20,0.255638
61,V1-RSC,expert,RSC,21,0.378339
61,V1-RSC,expert,RSC,22,0.364047
61,V1-RSC,expert,RSC,23,0.17606
61,V1-RSC,expert,RSC,24,0.207601
61,V1-RSC,expert,RSC,25,0.427332
61,V1-RSC,expert,RSC,26,0.440851
61,V1-RSC,expert,RSC,27,0.272053
61,V1-RSC,expert,RSC,28,0.72423
61,V1-RSC,expert,RSC,29,0.703773
61,V1-RSC,expert,RSC,30,0.287796
61,V1-RSC,expert,RSC,31,0.224769
61,V1-RSC,expert,RSC,32,0.418562
61,V1-RSC,expert,RSC,33,0.760557
61,V1-RSC,expert,RSC,34,0.267936
61,V1-RSC,expert,RSC,35,0.339586
61,V1-RSC,expert,RSC,36,0.346727
61,V1-RSC,expert,RSC,37,0.299461
61,V1-RSC,expert,RSC,38,0.331837
61,V1-RSC,expert,RSC,39,0.073382
61,V1-RSC,expert,RSC,40,0.325078
61,V1-RSC,expert,RSC,41,0.257082
61,V1-RSC,expert,RSC,42,0.236847
61,V1-RSC,expert,RSC,43,0.231161
61,V1-RSC,expert,RSC,44,0.24675
61,V1-RSC,expert,RSC,45,0.205866
61,V1-RSC,expert,RSC,46,0.279644
61,V1-RSC,expert,RSC,47,0.305502
61,V1-RSC,expert,RSC,48,0.172715
61,V1-RSC,expert,RSC,49,0.510345
61,V1-RSC,expert,RSC,50,0.210632
61,V1-RSC,expert,RSC,51,0.221589
61,V1-RSC,expert,RSC,52,0.066132
61,V1-RSC,expert,RSC,53,0.217559
61,V1-RSC,expert,RSC,54,0.397981
61,V1-RSC,expert,RSC,55,0.332848
61,V1-RSC,expert,RSC,56,0.312981
61,V1-RSC,expert,RSC,57,0.274199
61,V1-RSC,expert,RSC,58,0.418733
61,V1-RSC,expert,RSC,59,0.124777
61,V1-RSC,expert,RSC,60,0.136749
61,V1-RSC,expert,RSC,61,0.138019
61,V1-RSC,expert,RSC,62,0.588333
61,V1-RSC,expert,RSC,63,0.129305
61,V1-RSC,expert,RSC,64,0.106751
61,V1-RSC,expert,RSC,65,0.168244
61,V1-RSC,expert,RSC,66,0.797061
61,V1-RSC,expert,RSC,67,0.299667
61,V1-RSC,expert,RSC,68,0.261284
61,V1-RSC,expert,RSC,69,0.303759
61,V1-RSC,expert,RSC,70,0.440158
61,V1-RSC,expert,RSC,71,0.276258
61,V1-RSC,expert,RSC,72,0.240134
61,V1-RSC,expert,RSC,73,0.244811
61,V1-RSC,expert,RSC,74,0.207227
61,V1-RSC,expert,RSC,75,0.16073
61,V1-RSC,expert,RSC,76,0.110948
61,V1-RSC,expert,RSC,77,0.453727
61,V1-RSC,expert,RSC,78,0.147769
61,V1-RSC,expert,RSC,79,0.376934
61,V1-RSC,expert,RSC,80,0.481588
61,V1-RSC,expert,RSC,81,0.160395
61,V1-RSC,expert,RSC,82,0.404136
61,V1-RSC,expert,RSC,83,0.283343
61,V1-RSC,expert,RSC,84,0.275931
61,V1-RSC,expert,RSC,85,0.314403
61,V1-RSC,expert,RSC,86,0.275763
61,V1-RSC,expert,RSC,87,0.27128
61,V1-RSC,expert,RSC,88,0.303773
61,V1-RSC,expert,RSC,89,0.487048
61,V1-RSC,expert,RSC,90,0.079112
61,V1-RSC,expert,RSC,91,0.190251
61,V1-RSC,expert,RSC,92,0.115639
61,V1-RSC,expert,RSC,93,0.372663
61,V1-RSC,expert,RSC,94,0.326433
61,V1-RSC,expert,RSC,95,0.751966
61,V1-RSC,expert,RSC,96,0.007802
61,V1-RSC,expert,RSC,97,0.084933
61,V1-RSC,expert,RSC,98,0.025704
61,V1-RSC,expert,RSC,99,0.47163
61,V1-RSC,expert,RSC,100,0.795524
63,CA1-RSC,naive,CA1,0,1.095679
63,CA1-RSC,naive,CA1,1,1.523758
63,CA1-RSC,naive,CA1,2,0.968553
63,CA1-RSC,naive,CA1,3,1.193395
63,CA1-RSC,naive,CA1,4,1.393972
63,CA1-RSC,naive,CA1,5,0.99694
63,CA1-RSC,naive,CA1,6,1.094104
63,CA1-RSC,naive,CA1,7,1.031124
63,CA1-RSC,naive,CA1,8,1.077376
63,CA1-RSC,naive,CA1,9,0.780309
63,CA1-RSC,naive,RSC,0,0.647165
63,CA1-RSC,naive,RSC,1,0.277165
63,CA1-RSC,naive,RSC,2,0.076885
63,CA1-RSC,naive,RSC,3,0.010937
63,CA1-RSC,naive,RSC,4,0.02172
63,CA1-RSC,naive,RSC,5,0.056616
63,CA1-RSC,naive,RSC,6,0.031708
63,CA1-RSC,naive,RSC,7,0.108223
63,CA1-RSC,naive,RSC,8,0.216899
63,CA1-RSC,naive,RSC,9,0.077698
63,CA1-RSC,naive,RSC,10,0.045397
63,CA1-RSC,naive,RSC,11,0.308131
63,CA1-RSC,naive,RSC,12,0.55706
63,CA1-RSC,naive,RSC,13,0.238388
63,CA1-RSC,naive,RSC,14,0.164999
63,CA1-RSC,naive,RSC,15,0.3675
63,CA1-RSC,naive,RSC,16,0.582482
63,CA1-RSC,naive,RSC,17,0.221422
63,CA1-RSC,naive,RSC,18,0.135597
63,CA1-RSC,naive,RSC,19,0.255742
63,CA1-RSC,naive,RSC,20,0.18236
63,CA1-RSC,naive,RSC,21,0.693368
63,CA1-RSC,naive,RSC,22,0.174653
63,CA1-RSC,naive,RSC,23,0.031527
63,CA1-RSC,naive,RSC,24,0.038844
63,CA1-RSC,naive,RSC,25,0.224921
63,CA1-RSC,naive,RSC,26,0.25415
63,CA1-RSC,naive,RSC,27,0.101031
63,CA1-RSC,naive,RSC,28,0.761192
63,CA1-RSC,naive,RSC,29,0.226058
63,CA1-RSC,naive,RSC,30,0.798753
63,CA1-RSC,naive,RSC,31,0.664671
63,CA1-RSC,naive,RSC,32,0.155739
63,CA1-RSC,naive,RSC,33,0.751222
63,CA1-RSC,naive,RSC,34,0.152661
63,CA1-RSC,naive,RSC,35,0.535984
63,CA1-RSC,naive,RSC,36,0.190723
63,CA1-RSC,naive,RSC,37,0.605112
63,CA1-RSC,naive,RSC,38,0.261523
63,CA1-RSC,naive,RSC,39,0.248088
63,CA1-RSC,naive,RSC,40,0.104599
63,CA1-RSC,naive,RSC,41,0.423151
63,CA1-RSC,naive,RSC,42,0.426334
63,CA1-RSC,naive,RSC,43,0.502856
63,CA1-RSC,naive,RSC,44,0.05178
63,CA1-RSC,naive,RSC,45,0.589463
63,CA1-RSC,naive,RSC,46,0.430369
63,CA1-RSC,naive,RSC,47,0.008836
63,CA1-RSC,naive,RSC,48,0.439897
63,CA1-RSC,naive,RSC,49,0.00647
63,CA1-RSC,naive,RSC,50,0.308237
63,CA1-RSC,intermediate,CA1,0,0.949661
63,CA1-RSC,intermediate,CA1,1,1.645505
63,CA1-RSC,intermediate,CA1,2,0.986932
63,CA1-RSC,intermediate,CA1,3,0.85108
63,CA1-RSC,intermediate,CA1,4,1.139969
63,CA1-RSC,intermediate,CA1,5,0.978692
63,CA1-RSC,intermediate,CA1,6,1.102373
63,CA1-RSC,intermediate,CA1,7,1.31565
63,CA1-RSC,intermediate,CA1,8,0.74967
63,CA1-RSC,intermediate,CA1,9,1.112288
63,CA1-RSC,intermediate,RSC,0,0.051533
63,CA1-RSC,intermediate,RSC,1,0.063874
63,CA1-RSC,intermediate,RSC,2,0.058513
63,CA1-RSC,intermediate,RSC,3,0.034764
63,CA1-RSC,intermediate,RSC,4,0.664405
63,CA1-RSC,intermediate,RSC,5,0.085694
63,CA1-RSC,intermediate,RSC,6,0.180489
63,CA1-RSC,intermediate,RSC,7,0.605786
63,CA1-RSC,intermediate,RSC,8,0.425372
63,CA1-RSC,intermediate,RSC,9,0.268327
63,CA1-RSC,intermediate,RSC,10,0.264634
63,CA1-RSC,intermediate,RSC,11,0.027398
63,CA1-RSC,intermediate,RSC,12,0.441062
63,CA1-RSC,intermediate,RSC,13,0.416167
63,CA1-RSC,intermediate,RSC,14,0.288979
63,CA1-RSC,intermediate,RSC,15,0.678264
63,CA1-RSC,intermediate,RSC,16,0.334837
63,CA1-RSC,intermediate,RSC,17,0.708699
63,CA1-RSC,intermediate,RSC,18,0.691648
63,CA1-RSC,intermediate,RSC,19,0.197928
63,CA1-RSC,intermediate,RSC,20,0.461692
63,CA1-RSC,intermediate,RSC,21,0.11426
63,CA1-RSC,intermediate,RSC,22,0.483081
63,CA1-RSC,intermediate,RSC,23,0.384408
63,CA1-RSC,intermediate,RSC,24,0.111674
63,CA1-RSC,intermediate,RSC,25,0.131519
63,CA1-RSC,intermediate,RSC,26,0.333433
63,CA1-RSC,intermediate,RSC,27,0.5027
63,CA1-RSC,intermediate,RSC,28,0.60939
63,CA1-RSC,intermediate,RSC,29,0.10302
63,CA1-RSC,intermediate,RSC,30,0.483945
63,CA1-RSC,intermediate,RSC,31,0.19994
63,CA1-RSC,intermediate,RSC,32,0.627997
63,CA1-RSC,intermediate,RSC,33,0.339651
63,CA1-RSC,intermediate,RSC,34,0.460652
63,CA1-RSC,intermediate,RSC,35,0.090527
63,CA1-RSC,intermediate,RSC,36,0.425348
63,CA1-RSC,intermediate,RSC,37,0.462777
63,CA1-RSC,intermediate,RSC,38,0.211904
63,CA1-RSC,intermediate,RSC,39,0.289646
63,CA1-RSC,intermediate,RSC,40,0.313769
63,CA1-RSC,intermediate,RSC,41,0.376371
63,CA1-RSC,intermediate,RSC,42,0.373885
63,CA1-RSC,intermediate,RSC,43,0.761328
63,CA1-RSC,intermediate,RSC,44,0.118675
63,CA1-RSC,intermediate,RSC,45,0.609772
63,CA1-RSC,intermediate,RSC,46,0.051405
63,CA1-RSC,intermediate,RSC,47,0.226306
63,CA1-RSC,intermediate,RSC,48,0.089321
63,CA1-RSC,intermediate,RSC,49,0.608465
63,CA1-RSC,intermediate,RSC,50,0.692024
63,CA1-RSC,expert,CA1,0,0.947442
63,CA1-RSC,expert,CA1,1,1.463944
63,CA1-RSC,expert,CA1,2,0.989203
63,CA1-RSC,expert,CA1,3,0.915402
63,CA1-RSC,expert,CA1,4,1.055287
63,CA1-RSC,expert,CA1,5,0.980474
63,CA1-RSC,expert,CA1,6,1.120589
63,CA1-RSC,expert,CA1,7,1.460681
63,CA1-RSC,expert,CA1,8,1.141472
63,CA1-RSC,expert,CA1,9,1.183766
63,CA1-RSC,expert,RSC,0,0.531457
63,CA1-RSC,expert,RSC,1,0.038645
63,CA1-RSC,expert,RSC,2,0.059829
63,CA1-RSC,expert,RSC,3,0.048252
63,CA1-RSC,expert,RSC,4,0.733758
63,CA1-RSC,expert,RSC,5,0.082153
63,CA1-RSC,expert,RSC,6,0.467474
63,CA1-RSC,expert,RSC,7,0.657382
63,CA1-RSC,expert,RSC,8,0.25308
63,CA1-RSC,expert,RSC,9,0.22378
63,CA1-RSC,expert,RSC,10,0.301123
63,CA1-RSC,expert,RSC,11,0.042717
63,CA1-RSC,expert,RSC,12,0.205874
63,CA1-RSC,expert,RSC,13,0.500244
63,CA1-RSC,expert,RSC,14,0.389126
63,CA1-RSC,expert,RSC,15,0.631556
63,CA1-RSC,expert,RSC,16,0.274333
63,CA1-RSC,expert,RSC,17,0.642558
63,CA1-RSC,expert,RSC,18,0.539537
63,CA1-RSC,expert,RSC,19,0.271748
63,CA1-RSC,expert,RSC,20,0.554269
63,CA1-RSC,expert,RSC,21,0.114595
63,CA1-RSC,expert,RSC,22,0.61545
63,CA1-RSC,expert,RSC,23,0.458935
63,CA1-RSC,expert,RSC,24,0.047533
63,CA1-RSC,expert,RSC,25,0.014458
63,CA1-RSC,expert,RSC,26,0.384242
63,CA1-RSC,expert,RSC,27,0.360455
63,CA1-RSC,expert,RSC,28,0.642587
63,CA1-RSC,expert,RSC,29,0.162797
63,CA1-RSC,expert,RSC,30,0.269953
63,CA1-RSC,expert,RSC,31,0.187787
63,CA1-RSC,expert,RSC,32,0.515696
63,CA1-RSC,expert,RSC,33,0.587588
63,CA1-RSC,expert,RSC,34,0.203717
63,CA1-RSC,expert,RSC,35,0.08034
63,CA1-RSC,expert,RSC,36,0.755524
63,CA1-RSC,expert,RSC,37,0.48809
63,CA1-RSC,expert,RSC,38,0.275249
63,CA1-RSC,expert,RSC,39,0.353997
63,CA1-RSC,expert,RSC,40,0.320646
63,CA1-RSC,expert,RSC,41,0.432574
63,CA1-RSC,expert,RSC,42,0.428738
63,CA1-RSC,expert,RSC,43,0.049891
63,CA1-RSC,expert,RSC,44,0.02013
63,CA1-RSC,expert,RSC,45,0.07452
63,CA1-RSC,expert,RSC,46,0.064427
63,CA1-RSC,expert,RSC,47,0.293486
63,CA1-RSC,expert,RSC,48,0.501531
63,CA1-RSC,expert,RSC,49,0.625113
63,CA1-RSC,expert,RSC,50,0.456889
66,CA1-RSC,naive,CA1,0,0.673096
66,CA1-RSC,naive,CA1,1,0.605707
66,CA1-RSC,naive,CA1,2,0.486143
66,CA1-RSC,naive,CA1,3,0.916943
66,CA1-RSC,naive,CA1,4,0.88962
66,CA1-RSC,naive,CA1,5,0.020296
66,CA1-RSC,naive,CA1,6,0.006004
66,CA1-RSC,naive,CA1,7,0.024267
66,CA1-RSC,naive,CA1,8,1.16082
66,CA1-RSC,naive,CA1,9,0.469064
66,CA1-RSC,naive,CA1,10,0.749034
66,CA1-RSC,naive,CA1,11,0.016604
66,CA1-RSC,naive,CA1,12,0.952388
66,CA1-RSC,naive,CA1,13,0.89991
66,CA1-RSC,naive,CA1,14,0.639628
66,CA1-RSC,naive,CA1,15,1.054799
66,CA1-RSC,naive,CA1,16,0.739995
66,CA1-RSC,naive,CA1,17,0.948398
66,CA1-RSC,naive,CA1,18,1.186783
66,CA1-RSC,naive,CA1,19,0.929886
66,CA1-RSC,naive,CA1,20,0.999255
66,CA1-RSC,naive,CA1,21,0.092682
66,CA1-RSC,naive,CA1,22,0.857123
66,CA1-RSC,naive,CA1,23,0.200684
66,CA1-RSC,naive,CA1,24,1.014722
66,CA1-RSC,naive,CA1,25,0.267746
66,CA1-RSC,naive,CA1,26,0.829336
66,CA1-RSC,naive,CA1,27,0.758464
66,CA1-RSC,naive,RSC,0,0.486581
66,CA1-RSC,naive,RSC,1,0.536547
66,CA1-RSC,naive,RSC,2,1.192728
66,CA1-RSC,naive,RSC,3,0.964173
66,CA1-RSC,naive,RSC,4,0.942262
66,CA1-RSC,naive,RSC,5,1.428137
66,CA1-RSC,naive,RSC,6,1.21313
66,CA1-RSC,naive,RSC,7,0.833416
66,CA1-RSC,naive,RSC,8,0.824256
66,CA1-RSC,naive,RSC,9,0.742068
66,CA1-RSC,naive,RSC,10,0.77491
66,CA1-RSC,naive,RSC,11,0.801618
66,CA1-RSC,naive,RSC,12,2.635147
66,CA1-RSC,naive,RSC,13,1.143491
66,CA1-RSC,naive,RSC,14,1.129725
66,CA1-RSC,naive,RSC,15,0.56164
66,CA1-RSC,intermediate,CA1,0,0.976922
66,CA1-RSC,intermediate,CA1,1,0.618992
66,CA1-RSC,intermediate,CA1,2,0.131933
66,CA1-RSC,intermediate,CA1,3,0.245074
66,CA1-RSC,intermediate,CA1,4,0.919419
66,CA1-RSC,intermediate,CA1,5,0.770809
66,CA1-RSC,intermediate,CA1,6,0.002236
66,CA1-RSC,intermediate,CA1,7,0.970667
66,CA1-RSC,intermediate,CA1,8,0.907126
66,CA1-RSC,intermediate,CA1,9,0.811228
66,CA1-RSC,intermediate,CA1,10,0.108809
66,CA1-RSC,intermediate,CA1,11,0.094423
66,CA1-RSC,intermediate,CA1,12,0.024598
66,CA1-RSC,intermediate,CA1,13,0.869168
66,CA1-RSC,intermediate,CA1,14,0.535194
66,CA1-RSC,intermediate,CA1,15,0.524814
66,CA1-RSC,intermediate,CA1,16,0.574223
66,CA1-RSC,intermediate,CA1,17,0.85075
66,CA1-RSC,intermediate,CA1,18,1.040933
66,CA1-RSC,intermediate,CA1,19,0.732613
66,CA1-RSC,intermediate,CA1,20,0.7522
66,CA1-RSC,intermediate,CA1,21,0.235316
66,CA1-RSC,intermediate,CA1,22,0.990026
66,CA1-RSC,intermediate,CA1,23,0.697088
66,CA1-RSC,intermediate,CA1,24,0.719167
66,CA1-RSC,intermediate,CA1,25,0.850624
66,CA1-RSC,intermediate,CA1,26,0.789634
66,CA1-RSC,intermediate,CA1,27,0.472285
66,CA1-RSC,intermediate,RSC,0,0.684923
66,CA1-RSC,intermediate,RSC,1,0.748413
66,CA1-RSC,intermediate,RSC,2,1.225935
66,CA1-RSC,intermediate,RSC,3,0.968548
66,CA1-RSC,intermediate,RSC,4,0.977906
66,CA1-RSC,intermediate,RSC,5,1.113796
66,CA1-RSC,intermediate,RSC,6,0.957193
66,CA1-RSC,intermediate,RSC,7,1.408366
66,CA1-RSC,intermediate,RSC,8,1.332568
66,CA1-RSC,intermediate,RSC,9,1.049037
66,CA1-RSC,intermediate,RSC,10,0.840494
66,CA1-RSC,intermediate,RSC,11,0.942816
66,CA1-RSC,intermediate,RSC,12,0.846038
66,CA1-RSC,intermediate,RSC,13,1.173948
66,CA1-RSC,intermediate,RSC,14,0.850405
66,CA1-RSC,intermediate,RSC,15,1.097019
66,CA1-RSC,expert,CA1,0,0.046821
66,CA1-RSC,expert,CA1,1,0.76536
66,CA1-RSC,expert,CA1,2,1.104388
66,CA1-RSC,expert,CA1,3,0.716798
66,CA1-RSC,expert,CA1,4,0.85365
66,CA1-RSC,expert,CA1,5,0.600202
66,CA1-RSC,expert,CA1,6,0.00839
66,CA1-RSC,expert,CA1,7,0.732085
66,CA1-RSC,expert,CA1,8,0.758495
66,CA1-RSC,expert,CA1,9,0.191717
66,CA1-RSC,expert,CA1,10,0.825514
66,CA1-RSC,expert,CA1,11,0.037388
66,CA1-RSC,expert,CA1,12,0.030705
66,CA1-RSC,expert,CA1,13,0.855581
66,CA1-RSC,expert,CA1,14,0.467563
66,CA1-RSC,expert,CA1,15,0.577597
66,CA1-RSC,expert,CA1,16,0.412944
66,CA1-RSC,expert,CA1,17,0.913989
66,CA1-RSC,expert,CA1,18,0.889489
66,CA1-RSC,expert,CA1,19,0.694296
66,CA1-RSC,expert,CA1,20,0.874792
66,CA1-RSC,expert,CA1,21,0.291629
66,CA1-RSC,expert,CA1,22,1.003925
66,CA1-RSC,expert,CA1,23,0.918507
66,CA1-RSC,expert,CA1,24,0.796529
66,CA1-RSC,expert,CA1,25,0.174538
66,CA1-RSC,expert,CA1,26,0.902188
66,CA1-RSC,expert,CA1,27,0.833365
66,CA1-RSC,expert,RSC,0,0.877605
66,CA1-RSC,expert,RSC,1,0.889135
66,CA1-RSC,expert,RSC,2,1.221252
66,CA1-RSC,expert,RSC,3,0.990762
66,CA1-RSC,expert,RSC,4,0.976893
66,CA1-RSC,expert,RSC,5,1.129213
66,CA1-RSC,expert,RSC,6,1.04161
66,CA1-RSC,expert,RSC,7,1.146027
66,CA1-RSC,expert,RSC,8,1.620625
66,CA1-RSC,expert,RSC,9,1.159098
66,CA1-RSC,expert,RSC,10,0.74515
66,CA1-RSC,expert,RSC,11,0.971895
66,CA1-RSC,expert,RSC,12,0.849073
66,CA1-RSC,expert,RSC,13,1.237553
66,CA1-RSC,expert,RSC,14,0.927785
66,CA1-RSC,expert,RSC,15,0.951325
66,CA1-DG,naive,CA1,0,0.717125
66,CA1-DG,naive,CA1,1,0.652851
66,CA1-DG,naive,CA1,2,0.519152
66,CA1-DG,naive,CA1,3,1.022069
66,CA1-DG,naive,CA1,4,0.975615
66,CA1-DG,naive,CA1,5,0.018793
66,CA1-DG,naive,CA1,6,0.005689
66,CA1-DG,naive,CA1,7,0.023891
66,CA1-DG,naive,CA1,8,1.266596
66,CA1-DG,naive,CA1,9,0.708102
66,CA1-DG,naive,CA1,10,0.797466
66,CA1-DG,naive,CA1,11,0.01701
66,CA1-DG,naive,CA1,12,0.969413
66,CA1-DG,naive,CA1,13,1.043491
66,CA1-DG,naive,CA1,14,0.85151
66,CA1-DG,naive,CA1,15,1.065266
66,CA1-DG,naive,CA1,16,0.894239
66,CA1-DG,naive,CA1,17,1.082499
66,CA1-DG,naive,CA1,18,1.206226
66,CA1-DG,naive,CA1,19,1.027071
66,CA1-DG,naive,CA1,20,1.015348
66,CA1-DG,naive,CA1,21,0.106082
66,CA1-DG,naive,CA1,22,0.878828
66,CA1-DG,naive,CA1,23,0.219474
66,CA1-DG,naive,CA1,24,1.207878
66,CA1-DG,naive,CA1,25,0.271466
66,CA1-DG,naive,CA1,26,1.164416
66,CA1-DG,naive,CA1,27,0.799421
66,CA1-DG,naive,DG,0,0.91278
66,CA1-DG,naive,DG,1,0.817195
66,CA1-DG,naive,DG,2,0.947344
66,CA1-DG,naive,DG,3,0.090129
66,CA1-DG,naive,DG,4,0.756071
66,CA1-DG,naive,DG,5,0.731212
66,CA1-DG,naive,DG,6,0.897965
66,CA1-DG,naive,DG,7,0.443663
66,CA1-DG,naive,DG,8,0.831725
66,CA1-DG,naive,DG,9,0.984577
66,CA1-DG,naive,DG,10,0.008854
66,CA1-DG,naive,DG,11,0.804658
66,CA1-DG,naive,DG,12,0.719519
66,CA1-DG,naive,DG,13,0.982987
66,CA1-DG,naive,DG,14,0.610463
66,CA1-DG,naive,DG,15,0.826986
66,CA1-DG,naive,DG,16,1.037848
66,CA1-DG,naive,DG,17,1.081115
66,CA1-DG,naive,DG,18,0.304333
66,CA1-DG,naive,DG,19,0.221239
66,CA1-DG,naive,DG,20,0.601154
66,CA1-DG,naive,DG,21,0.045939
66,CA1-DG,naive,DG,22,0.73153
66,CA1-DG,naive,DG,23,0.682023
66,CA1-DG,naive,DG,24,0.2531
66,CA1-DG,naive,DG,25,0.93994
66,CA1-DG,naive,DG,26,0.963551
66,CA1-DG,naive,DG,27,0.4943
66,CA1-DG,naive,DG,28,0.436262
66,CA1-DG,naive,DG,29,0.474644
66,CA1-DG,naive,DG,30,0.353916
66,CA1-DG,naive,DG,31,1.029125
66,CA1-DG,naive,DG,32,0.060878
66,CA1-DG,intermediate,CA1,0,1.08936
66,CA1-DG,intermediate,CA1,1,0.678269
66,CA1-DG,intermediate,CA1,2,0.13895
66,CA1-DG,intermediate,CA1,3,0.248872
66,CA1-DG,intermediate,CA1,4,0.97707
66,CA1-DG,intermediate,CA1,5,0.791605
66,CA1-DG,intermediate,CA1,6,0.002123
66,CA1-DG,intermediate,CA1,7,1.032665
66,CA1-DG,intermediate,CA1,8,1.068795
66,CA1-DG,intermediate,CA1,9,1.030059
66,CA1-DG,intermediate,CA1,10,0.11344
66,CA1-DG,intermediate,CA1,11,0.11226
66,CA1-DG,intermediate,CA1,12,0.02422
66,CA1-DG,intermediate,CA1,13,0.95412
66,CA1-DG,intermediate,CA1,14,0.63179
66,CA1-DG,intermediate,CA1,15,0.535958
66,CA1-DG,intermediate,CA1,16,0.578597
66,CA1-DG,intermediate,CA1,17,0.912565
66,CA1-DG,intermediate,CA1,18,1.061034
66,CA1-DG,intermediate,CA1,19,0.766636
66,CA1-DG,intermediate,CA1,20,0.995774
66,CA1-DG,intermediate,CA1,21,0.258711
66,CA1-DG,intermediate,CA1,22,1.018517
66,CA1-DG,intermediate,CA1,23,0.79494
66,CA1-DG,intermediate,CA1,24,0.854515
66,CA1-DG,intermediate,CA1,25,0.928713
66,CA1-DG,intermediate,CA1,26,0.854156
66,CA1-DG,intermediate,CA1,27,0.796235
66,CA1-DG,intermediate,DG,0,0.905808
66,CA1-DG,intermediate,DG,1,0.821256
66,CA1-DG,intermediate,DG,2,0.948658
66,CA1-DG,intermediate,DG,3,0.349899
66,CA1-DG,intermediate,DG,4,0.563961
66,CA1-DG,intermediate,DG,5,1.016526
66,CA1-DG,intermediate,DG,6,0.62482
66,CA1-DG,intermediate,DG,7,0.412628
66,CA1-DG,intermediate,DG,8,0.782164
66,CA1-DG,intermediate,DG,9,0.829294
66,CA1-DG,intermediate,DG,10,0.06682
66,CA1-DG,intermediate,DG,11,0.052959
66,CA1-DG,intermediate,DG,12,0.969076
66,CA1-DG,intermediate,DG,13,0.656163
66,CA1-DG,intermediate,DG,14,0.555731
66,CA1-DG,intermediate,DG,15,0.892919
66,CA1-DG,intermediate,DG,16,0.989723
66,CA1-DG,intermediate,DG,17,0.819356
66,CA1-DG,intermediate,DG,18,0.965068
66,CA1-DG,intermediate,DG,19,0.797605
66,CA1-DG,intermediate,DG,20,0.902692
66,CA1-DG,intermediate,DG,21,0.276791
66,CA1-DG,intermediate,DG,22,0.843073
66,CA1-DG,intermediate,DG,23,0.499549
66,CA1-DG,intermediate,DG,24,0.29139
66,CA1-DG,intermediate,DG,25,0.90514
66,CA1-DG,intermediate,DG,26,0.924495
66,CA1-DG,intermediate,DG,27,0.395593
66,CA1-DG,intermediate,DG,28,0.393446
66,CA1-DG,intermediate,DG,29,0.45597
66,CA1-DG,intermediate,DG,30,0.356302
66,CA1-DG,intermediate,DG,31,0.305611
66,CA1-DG,intermediate,DG,32,0.958381
66,CA1-DG,expert,CA1,0,0.06435
66,CA1-DG,expert,CA1,1,0.894113
66,CA1-DG,expert,CA1,2,1.127947
66,CA1-DG,expert,CA1,3,0.820622
66,CA1-DG,expert,CA1,4,0.959882
66,CA1-DG,expert,CA1,5,0.772266
66,CA1-DG,expert,CA1,6,0.010832
66,CA1-DG,expert,CA1,7,0.792781
66,CA1-DG,expert,CA1,8,0.763571
66,CA1-DG,expert,CA1,9,0.196729
66,CA1-DG,expert,CA1,10,0.871809
66,CA1-DG,expert,CA1,11,0.043906
66,CA1-DG,expert,CA1,12,0.030395
66,CA1-DG,expert,CA1,13,0.937125
66,CA1-DG,expert,CA1,14,0.767436
66,CA1-DG,expert,CA1,15,0.595846
66,CA1-DG,expert,CA1,16,0.497847
66,CA1-DG,expert,CA1,17,0.961391
66,CA1-DG,expert,CA1,18,1.10452
66,CA1-DG,expert,CA1,19,0.717866
66,CA1-DG,expert,CA1,20,1.007815
66,CA1-DG,expert,CA1,21,0.295832
66,CA1-DG,expert,CA1,22,1.043688
66,CA1-DG,expert,CA1,23,0.971116
66,CA1-DG,expert,CA1,24,0.813646
66,CA1-DG,expert,CA1,25,0.191076
66,CA1-DG,expert,CA1,26,1.037452
66,CA1-DG,expert,CA1,27,0.932145
66,CA1-DG,expert,DG,0,0.98699
66,CA1-DG,expert,DG,1,0.844099
66,CA1-DG,expert,DG,2,0.222577
66,CA1-DG,expert,DG,3,1.04408
66,CA1-DG,expert,DG,4,0.625471
66,CA1-DG,expert,DG,5,0.076547
66,CA1-DG,expert,DG,6,0.828187
66,CA1-DG,expert,DG,7,0.483001
66,CA1-DG,expert,DG,8,0.822341
66,CA1-DG,expert,DG,9,1.064197
66,CA1-DG,expert,DG,10,0.087037
66,CA1-DG,expert,DG,11,1.11812
66,CA1-DG,expert,DG,12,1.070035
66,CA1-DG,expert,DG,13,1.030461
66,CA1-DG,expert,DG,14,0.661
66,CA1-DG,expert,DG,15,0.991723
66,CA1-DG,expert,DG,16,0.990734
66,CA1-DG,expert,DG,17,0.116658
66,CA1-DG,expert,DG,18,0.846001
66,CA1-DG,expert,DG,19,1.079678
66,CA1-DG,expert,DG,20,1.024806
66,CA1-DG,expert,DG,21,0.167848
66,CA1-DG,expert,DG,22,0.93683
66,CA1-DG,expert,DG,23,0.370911
66,CA1-DG,expert,DG,24,0.247124
66,CA1-DG,expert,DG,25,0.928821
66,CA1-DG,expert,DG,26,0.868499
66,CA1-DG,expert,DG,27,0.455771
66,CA1-DG,expert,DG,28,0.406514
66,CA1-DG,expert,DG,29,0.448728
66,CA1-DG,expert,DG,30,0.322301
66,CA1-DG,expert,DG,31,0.337962
66,CA1-DG,expert,DG,32,1.02856
66,CA1-V1,naive,CA1,0,0.720698
66,CA1-V1,naive,CA1,1,0.643097
66,CA1-V1,naive,CA1,2,0.496115
66,CA1-V1,naive,CA1,3,1.014835
66,CA1-V1,naive,CA1,4,0.935847
66,CA1-V1,naive,CA1,5,0.01995
66,CA1-V1,naive,CA1,6,0.006001
66,CA1-V1,naive,CA1,7,0.024214
66,CA1-V1,naive,CA1,8,1.256431
66,CA1-V1,naive,CA1,9,0.662236
66,CA1-V1,naive,CA1,10,0.784379
66,CA1-V1,naive,CA1,11,0.016901
66,CA1-V1,naive,CA1,12,0.886176
66,CA1-V1,naive,CA1,13,1.04922
66,CA1-V1,naive,CA1,14,0.823533
66,CA1-V1,naive,CA1,15,1.0738
66,CA1-V1,naive,CA1,16,0.847714
66,CA1-V1,naive,CA1,17,1.012637
66,CA1-V1,naive,CA1,18,1.159328
66,CA1-V1,naive,CA1,19,1.023598
66,CA1-V1,naive,CA1,20,0.967723
66,CA1-V1,naive,CA1,21,0.104758
66,CA1-V1,naive,CA1,22,0.881718
66,CA1-V1,naive,CA1,23,0.223921
66,CA1-V1,naive,CA1,24,1.188809
66,CA1-V1,naive,CA1,25,0.256145
66,CA1-V1,naive,CA1,26,1.163608
66,CA1-V1,naive,CA1,27,0.812752
66,CA1-V1,naive,V1,0,1.295375
66,CA1-V1,naive,V1,1,0.985741
66,CA1-V1,naive,V1,2,0.898003
66,CA1-V1,naive,V1,3,0.731937
66,CA1-V1,naive,V1,4,1.008393
66,CA1-V1,naive,V1,5,1.039685
66,CA1-V1,naive,V1,6,0.977672
66,CA1-V1,naive,V1,7,1.067371
66,CA1-V1,naive,V1,8,0.897064
66,CA1-V1,naive,V1,9,0.944037
66,CA1-V1,naive,V1,10,1.011229
66,CA1-V1,naive,V1,11,1.042059
66,CA1-V1,naive,V1,12,0.903596
66,CA1-V1,naive,V1,13,0.96878
66,CA1-V1,naive,V1,14,1.04901
66,CA1-V1,naive,V1,15,0.876591
66,CA1-V1,naive,V1,16,1.342628
66,CA1-V1,naive,V1,17,1.056966
66,CA1-V1,naive,V1,18,1.152222
66,CA1-V1,intermediate,CA1,0,1.062654
66,CA1-V1,intermediate,CA1,1,0.678257
66,CA1-V1,intermediate,CA1,2,0.134029
66,CA1-V1,intermediate,CA1,3,0.241041
66,CA1-V1,intermediate,CA1,4,0.974324
66,CA1-V1,intermediate,CA1,5,0.793279
66,CA1-V1,intermediate,CA1,6,0.002562
66,CA1-V1,intermediate,CA1,7,1.031168
66,CA1-V1,intermediate,CA1,8,1.064336
66,CA1-V1,intermediate,CA1,9,1.002965
66,CA1-V1,intermediate,CA1,10,0.112059
66,CA1-V1,intermediate,CA1,11,0.112383
66,CA1-V1,intermediate,CA1,12,0.025109
66,CA1-V1,intermediate,CA1,13,0.897254
66,CA1-V1,intermediate,CA1,14,0.632054
66,CA1-V1,intermediate,CA1,15,0.528652
66,CA1-V1,intermediate,CA1,16,0.561494
66,CA1-V1,intermediate,CA1,17,0.881889
66,CA1-V1,intermediate,CA1,18,1.056725
66,CA1-V1,intermediate,CA1,19,0.772091
66,CA1-V1,intermediate,CA1,20,0.95251
66,CA1-V1,intermediate,CA1,21,0.258469
66,CA1-V1,intermediate,CA1,22,1.01184
66,CA1-V1,intermediate,CA1,23,0.796449
66,CA1-V1,intermediate,CA1,24,0.697199
66,CA1-V1,intermediate,CA1,25,0.911047
66,CA1-V1,intermediate,CA1,26,0.835514
66,CA1-V1,intermediate,CA1,27,0.800808
66,CA1-V1,intermediate,V1,0,1.237512
66,CA1-V1,intermediate,V1,1,1.020713
66,CA1-V1,intermediate,V1,2,0.967456
66,CA1-V1,intermediate,V1,3,1.188865
66,CA1-V1,intermediate,V1,4,0.985544
66,CA1-V1,intermediate,V1,5,1.018936
66,CA1-V1,intermediate,V1,6,1.017417
66,CA1-V1,intermediate,V1,7,1.037699
66,CA1-V1,intermediate,V1,8,0.916048
66,CA1-V1,intermediate,V1,9,1.092547
66,CA1-V1,intermediate,V1,10,1.017092
66,CA1-V1,intermediate,V1,11,1.024309
66,CA1-V1,intermediate,V1,12,0.90711
66,CA1-V1,intermediate,V1,13,0.996845
66,CA1-V1,intermediate,V1,14,1.046923
66,CA1-V1,intermediate,V1,15,1.004051
66,CA1-V1,intermediate,V1,16,1.249417
66,CA1-V1,intermediate,V1,17,1.022873
66,CA1-V1,intermediate,V1,18,1.005596
66,CA1-V1,expert,CA1,0,0.051515
66,CA1-V1,expert,CA1,1,0.889926
66,CA1-V1,expert,CA1,2,1.117836
66,CA1-V1,expert,CA1,3,0.800463
66,CA1-V1,expert,CA1,4,0.902564
66,CA1-V1,expert,CA1,5,0.75939
66,CA1-V1,expert,CA1,6,0.009983
66,CA1-V1,expert,CA1,7,0.767797
66,CA1-V1,expert,CA1,8,0.764024
66,CA1-V1,expert,CA1,9,0.188668
66,CA1-V1,expert,CA1,10,0.825407
66,CA1-V1,expert,CA1,11,0.043155
66,CA1-V1,expert,CA1,12,0.030237
66,CA1-V1,expert,CA1,13,0.802591
66,CA1-V1,expert,CA1,14,0.767292
66,CA1-V1,expert,CA1,15,0.599978
66,CA1-V1,expert,CA1,16,0.429476
66,CA1-V1,expert,CA1,17,0.959744
66,CA1-V1,expert,CA1,18,1.102561
66,CA1-V1,expert,CA1,19,0.726066
66,CA1-V1,expert,CA1,20,1.011126
66,CA1-V1,expert,CA1,21,0.293483
66,CA1-V1,expert,CA1,22,1.042518
66,CA1-V1,expert,CA1,23,0.967385
66,CA1-V1,expert,CA1,24,0.811155
66,CA1-V1,expert,CA1,25,0.185085
66,CA1-V1,expert,CA1,26,1.037396
66,CA1-V1,expert,CA1,27,0.940387
66,CA1-V1,expert,V1,0,1.526921
66,CA1-V1,expert,V1,1,1.014125
66,CA1-V1,expert,V1,2,0.916321
66,CA1-V1,expert,V1,3,1.077801
66,CA1-V1,expert,V1,4,0.952169
66,CA1-V1,expert,V1,5,1.002914
66,CA1-V1,expert,V1,6,1.055642
66,CA1-V1,expert,V1,7,1.037004
66,CA1-V1,expert,V1,8,0.983294
66,CA1-V1,expert,V1,9,1.028289
66,CA1-V1,expert,V1,10,1.023777
66,CA1-V1,expert,V1,11,1.015559
66,CA1-V1,expert,V1,12,0.916161
66,CA1-V1,expert,V1,13,0.967541
66,CA1-V1,expert,V1,14,1.082618
66,CA1-V1,expert,V1,15,1.054725
66,CA1-V1,expert,V1,16,1.088859
66,CA1-V1,expert,V1,17,1.08014
66,CA1-V1,expert,V1,18,0.979162
66,CA1-SUB,naive,CA1,0,0.579695
66,CA1-SUB,naive,CA1,1,0.562399
66,CA1-SUB,naive,CA1,2,0.422371
66,CA1-SUB,naive,CA1,3,0.852139
66,CA1-SUB,naive,CA1,4,0.54223
66,CA1-SUB,naive,CA1,5,0.017872
66,CA1-SUB,naive,CA1,6,0.005603
66,CA1-SUB,naive,CA1,7,0.022156
66,CA1-SUB,naive,CA1,8,1.069749
66,CA1-SUB,naive,CA1,9,0.43911
66,CA1-SUB,naive,CA1,10,0.550835
66,CA1-SUB,naive,CA1,11,0.014169
66,CA1-SUB,naive,CA1,12,0.876768
66,CA1-SUB,naive,CA1,13,0.853367
66,CA1-SUB,naive,CA1,14,0.510373
66,CA1-SUB,naive,CA1,15,0.95305
66,CA1-SUB,naive,CA1,16,0.613485
66,CA1-SUB,naive,CA1,17,0.897509
66,CA1-SUB,naive,CA1,18,1.020371
66,CA1-SUB,naive,CA1,19,0.814144
66,CA1-SUB,naive,CA1,20,0.910698
66,CA1-SUB,naive,CA1,21,0.094867
66,CA1-SUB,naive,CA1,22,0.784401
66,CA1-SUB,naive,CA1,23,0.166954
66,CA1-SUB,naive,CA1,24,0.981462
66,CA1-SUB,naive,CA1,25,0.226148
66,CA1-SUB,naive,CA1,26,1.077267
66,CA1-SUB,naive,CA1,27,0.651167
66,CA1-SUB,naive,SUB,0,1.008872
66,CA1-SUB,naive,SUB,1,0.94972
66,CA1-SUB,naive,SUB,2,1.029143
66,CA1-SUB,naive,SUB,3,0.999062
66,CA1-SUB,naive,SUB,4,0.961253
66,CA1-SUB,naive,SUB,5,0.872624
66,CA1-SUB,naive,SUB,6,0.901089
66,CA1-SUB,naive,SUB,7,1.023059
66,CA1-SUB,naive,SUB,8,1.158855
66,CA1-SUB,naive,SUB,9,0.912255
66,CA1-SUB,naive,SUB,10,1.052708
66,CA1-SUB,naive,SUB,11,0.985964
66,CA1-SUB,naive,SUB,12,0.637757
66,CA1-SUB,intermediate,CA1,0,0.73628
66,CA1-SUB,intermediate,CA1,1,0.561609
66,CA1-SUB,intermediate,CA1,2,0.112413
66,CA1-SUB,intermediate,CA1,3,0.199976
66,CA1-SUB,intermediate,CA1,4,0.690226
66,CA1-SUB,intermediate,CA1,5,0.729732
66,CA1-SUB,intermediate,CA1,6,0.002222
66,CA1-SUB,intermediate,CA1,7,0.923784
66,CA1-SUB,intermediate,CA1,8,0.645548
66,CA1-SUB,intermediate,CA1,9,0.842212
66,CA1-SUB,intermediate,CA1,10,0.101456
66,CA1-SUB,intermediate,CA1,11,0.07794
66,CA1-SUB,intermediate,CA1,12,0.02084
66,CA1-SUB,intermediate,CA1,13,0.835321
66,CA1-SUB,intermediate,CA1,14,0.526158
66,CA1-SUB,intermediate,CA1,15,0.476758
66,CA1-SUB,intermediate,CA1,16,0.438869
66,CA1-SUB,intermediate,CA1,17,0.5874
66,CA1-SUB,intermediate,CA1,18,0.920561
66,CA1-SUB,intermediate,CA1,19,0.657828
66,CA1-SUB,intermediate,CA1,20,0.759392
66,CA1-SUB,intermediate,CA1,21,0.253111
66,CA1-SUB,intermediate,CA1,22,0.885901
66,CA1-SUB,intermediate,CA1,23,0.68637
66,CA1-SUB,intermediate,CA1,24,0.65839
66,CA1-SUB,intermediate,CA1,25,0.811732
66,CA1-SUB,intermediate,CA1,26,0.647947
66,CA1-SUB,intermediate,CA1,27,0.635209
66,CA1-SUB,intermediate,SUB,0,1.030235
66,CA1-SUB,intermediate,SUB,1,0.965765
66,CA1-SUB,intermediate,SUB,2,1.015481
66,CA1-SUB,intermediate,SUB,3,0.972644
66,CA1-SUB,intermediate,SUB,4,0.961971
66,CA1-SUB,intermediate,SUB,5,0.843232
66,CA1-SUB,intermediate,SUB,6,0.924596
66,CA1-SUB,intermediate,SUB,7,1.000222
66,CA1-SUB,intermediate,SUB,8,1.014472
66,CA1-SUB,intermediate,SUB,9,0.944678
66,CA1-SUB,intermediate,SUB,10,1.049696
66,CA1-SUB,intermediate,SUB,11,0.909233
66,CA1-SUB,intermediate,SUB,12,0.971435
66,CA1-SUB,expert,CA1,0,0.040687
66,CA1-SUB,expert,CA1,1,0.766464
66,CA1-SUB,expert,CA1,2,0.908469
66,CA1-SUB,expert,CA1,3,0.663422
66,CA1-SUB,expert,CA1,4,0.801908
66,CA1-SUB,expert,CA1,5,0.557157
66,CA1-SUB,expert,CA1,6,0.008275
66,CA1-SUB,expert,CA1,7,0.585766
66,CA1-SUB,expert,CA1,8,0.691913
66,CA1-SUB,expert,CA1,9,0.187765
66,CA1-SUB,expert,CA1,10,0.537747
66,CA1-SUB,expert,CA1,11,0.040197
66,CA1-SUB,expert,CA1,12,0.024833
66,CA1-SUB,expert,CA1,13,0.899266
66,CA1-SUB,expert,CA1,14,0.430549
66,CA1-SUB,expert,CA1,15,0.570962
66,CA1-SUB,expert,CA1,16,0.373365
66,CA1-SUB,expert,CA1,17,0.783871
66,CA1-SUB,expert,CA1,18,0.784936
66,CA1-SUB,expert,CA1,19,0.647163
66,CA1-SUB,expert,CA1,20,0.772772
66,CA1-SUB,expert,CA1,21,0.251791
66,CA1-SUB,expert,CA1,22,0.855856
66,CA1-SUB,expert,CA1,23,0.880369
66,CA1-SUB,expert,CA1,24,0.653328
66,CA1-SUB,expert,CA1,25,0.119946
66,CA1-SUB,expert,CA1,26,0.718379
66,CA1-SUB,expert,CA1,27,0.889028
66,CA1-SUB,expert,SUB,0,1.030514
66,CA1-SUB,expert,SUB,1,0.980469
66,CA1-SUB,expert,SUB,2,1.067653
66,CA1-SUB,expert,SUB,3,0.973585
66,CA1-SUB,expert,SUB,4,0.953407
66,CA1-SUB,expert,SUB,5,0.778303
66,CA1-SUB,expert,SUB,6,0.925859
66,CA1-SUB,expert,SUB,7,1.023856
66,CA1-SUB,expert,SUB,8,1.012638
66,CA1-SUB,expert,SUB,9,0.931623
66,CA1-SUB,expert,SUB,10,1.050915
66,CA1-SUB,expert,SUB,11,0.943327
66,CA1-SUB,expert,SUB,12,0.845002
66,RSC-SUB,naive,RSC,0,0.391435
66,RSC-SUB,naive,RSC,1,0.486419
66,RSC-SUB,naive,RSC,2,1.121381
66,RSC-SUB,naive,RSC,3,0.922983
66,RSC-SUB,naive,RSC,4,0.832361
66,RSC-SUB,naive,RSC,5,1.360514
66,RSC-SUB,naive,RSC,6,1.170928
66,RSC-SUB,naive,RSC,7,0.787556
66,RSC-SUB,naive,RSC,8,0.635903
66,RSC-SUB,naive,RSC,9,0.710098
66,RSC-SUB,naive,RSC,10,0.588481
66,RSC-SUB,naive,RSC,11,0.714339
66,RSC-SUB,naive,RSC,12,2.594083
66,RSC-SUB,naive,RSC,13,1.035528
66,RSC-SUB,naive,RSC,14,1.019295
66,RSC-SUB,naive,RSC,15,0.496703
66,RSC-SUB,naive,SUB,0,1.009661
66,RSC-SUB,naive,SUB,1,0.951342
66,RSC-SUB,naive,SUB,2,1.033522
66,RSC-SUB,naive,SUB,3,1.000814
66,RSC-SUB,naive,SUB,4,0.962136
66,RSC-SUB,naive,SUB,5,0.87282
66,RSC-SUB,naive,SUB,6,0.902925
66,RSC-SUB,naive,SUB,7,1.023905
66,RSC-SUB,naive,SUB,8,1.165798
66,RSC-SUB,naive,SUB,9,0.914792
66,RSC-SUB,naive,SUB,10,1.054626
66,RSC-SUB,naive,SUB,11,0.986242
66,RSC-SUB,naive,SUB,12,0.637934
66,RSC-SUB,intermediate,RSC,0,0.658131
66,RSC-SUB,intermediate,RSC,1,0.620613
66,RSC-SUB,intermediate,RSC,2,1.130349
66,RSC-SUB,intermediate,RSC,3,0.94263
66,RSC-SUB,intermediate,RSC,4,0.88254
66,RSC-SUB,intermediate,RSC,5,1.035266
66,RSC-SUB,intermediate,RSC,6,0.924628
66,RSC-SUB,intermediate,RSC,7,1.261493
66,RSC-SUB,intermediate,RSC,8,1.207817
66,RSC-SUB,intermediate,RSC,9,0.955907
66,RSC-SUB,intermediate,RSC,10,0.758591
66,RSC-SUB,intermediate,RSC,11,0.869248
66,RSC-SUB,intermediate,RSC,12,0.635958
66,RSC-SUB,intermediate,RSC,13,0.9055
66,RSC-SUB,intermediate,RSC,14,0.737133
66,RSC-SUB,intermediate,RSC,15,1.048352
66,RSC-SUB,intermediate,SUB,0,1.033553
66,RSC-SUB,intermediate,SUB,1,0.966526
66,RSC-SUB,intermediate,SUB,2,1.017994
66,RSC-SUB,intermediate,SUB,3,0.97545
66,RSC-SUB,intermediate,SUB,4,0.962331
66,RSC-SUB,intermediate,SUB,5,0.843568
66,RSC-SUB,intermediate,SUB,6,0.936241
66,RSC-SUB,intermediate,SUB,7,1.00031
66,RSC-SUB,intermediate,SUB,8,1.01605
66,RSC-SUB,intermediate,SUB,9,0.944808
66,RSC-SUB,intermediate,SUB,10,1.053273
66,RSC-SUB,intermediate,SUB,11,0.908942
66,RSC-SUB,intermediate,SUB,12,0.970656
66,RSC-SUB,expert,RSC,0,0.862038
66,RSC-SUB,expert,RSC,1,0.655897
66,RSC-SUB,expert,RSC,2,1.193288
66,RSC-SUB,expert,RSC,3,0.710858
66,RSC-SUB,expert,RSC,4,0.903326
66,RSC-SUB,expert,RSC,5,1.01955
66,RSC-SUB,expert,RSC,6,1.033755
66,RSC-SUB,expert,RSC,7,1.070231
66,RSC-SUB,expert,RSC,8,1.527504
66,RSC-SUB,expert,RSC,9,1.144729
66,RSC-SUB,expert,RSC,10,0.675457
66,RSC-SUB,expert,RSC,11,0.910055
66,RSC-SUB,expert,RSC,12,0.812985
66,RSC-SUB,expert,RSC,13,1.015471
66,RSC-SUB,expert,RSC,14,0.60347
66,RSC-SUB,expert,RSC,15,0.917931
66,RSC-SUB,expert,SUB,0,1.033242
66,RSC-SUB,expert,SUB,1,0.982391
66,RSC-SUB,expert,SUB,2,1.069705
66,RSC-SUB,expert,SUB,3,0.978008
66,RSC-SUB,expert,SUB,4,0.953234
66,RSC-SUB,expert,SUB,5,0.779177
66,RSC-SUB,expert,SUB,6,0.933906
66,RSC-SUB,expert,SUB,7,1.024485
66,RSC-SUB,expert,SUB,8,1.013868
66,RSC-SUB,expert,SUB,9,0.932541
66,RSC-SUB,expert,SUB,10,1.05482
66,RSC-SUB,expert,SUB,11,0.943115
66,RSC-SUB,expert,SUB,12,0.843966
66,V1-RSC,naive,V1,0,1.129827
66,V1-RSC,naive,V1,1,0.620401
66,V1-RSC,naive,V1,2,0.762638
66,V1-RSC,naive,V1,3,0.607142
66,V1-RSC,naive,V1,4,0.994094
66,V1-RSC,naive,V1,5,1.01125
66,V1-RSC,naive,V1,6,0.965549
66,V1-RSC,naive,V1,7,1.033466
66,V1-RSC,naive,V1,8,0.878797
66,V1-RSC,naive,V1,9,0.933949
66,V1-RSC,naive,V1,10,0.912632
66,V1-RSC,naive,V1,11,0.587661
66,V1-RSC,naive,V1,12,0.858004
66,V1-RSC,naive,V1,13,0.91817
66,V1-RSC,naive,V1,14,1.017746
66,V1-RSC,naive,V1,15,0.848158
66,V1-RSC,naive,V1,16,1.322669
66,V1-RSC,naive,V1,17,0.972638
66,V1-RSC,naive,V1,18,1.140897
66,V1-RSC,naive,RSC,0,0.486824
66,V1-RSC,naive,RSC,1,0.536703
66,V1-RSC,naive,RSC,2,1.194372
66,V1-RSC,naive,RSC,3,0.964547
66,V1-RSC,naive,RSC,4,0.942773
66,V1-RSC,naive,RSC,5,1.430051
66,V1-RSC,naive,RSC,6,1.213962
66,V1-RSC,naive,RSC,7,0.834491
66,V1-RSC,naive,RSC,8,0.824509
66,V1-RSC,naive,RSC,9,0.746491
66,V1-RSC,naive,RSC,10,0.775177
66,V1-RSC,naive,RSC,11,0.797548
66,V1-RSC,naive,RSC,12,2.645633
66,V1-RSC,naive,RSC,13,1.14292
66,V1-RSC,naive,RSC,14,1.129759
66,V1-RSC,naive,RSC,15,0.562239
66,V1-RSC,intermediate,V1,0,0.929759
66,V1-RSC,intermediate,V1,1,0.95415
66,V1-RSC,intermediate,V1,2,0.954528
66,V1-RSC,intermediate,V1,3,0.913423
66,V1-RSC,intermediate,V1,4,0.841392
66,V1-RSC,intermediate,V1,5,0.99609
66,V1-RSC,intermediate,V1,6,0.978528
66,V1-RSC,intermediate,V1,7,0.849049
66,V1-RSC,intermediate,V1,8,0.850267
66,V1-RSC,intermediate,V1,9,1.072371
66,V1-RSC,intermediate,V1,10,0.977337
66,V1-RSC,intermediate,V1,11,0.934836
66,V1-RSC,intermediate,V1,12,0.877349
66,V1-RSC,intermediate,V1,13,0.989417
66,V1-RSC,intermediate,V1,14,0.959903
66,V1-RSC,intermediate,V1,15,0.779908
66,V1-RSC,intermediate,V1,16,1.167191
66,V1-RSC,intermediate,V1,17,0.992468
66,V1-RSC,intermediate,V1,18,0.966627
66,V1-RSC,intermediate,RSC,0,0.684448
66,V1-RSC,intermediate,RSC,1,0.748432
66,V1-RSC,intermediate,RSC,2,1.225963
66,V1-RSC,intermediate,RSC,3,0.968151
66,V1-RSC,intermediate,RSC,4,0.977196
66,V1-RSC,intermediate,RSC,5,1.113568
66,V1-RSC,intermediate,RSC,6,0.957531
66,V1-RSC,intermediate,RSC,7,1.408406
66,V1-RSC,intermediate,RSC,8,1.332618
66,V1-RSC,intermediate,RSC,9,1.05092
66,V1-RSC,intermediate,RSC,10,0.841377
66,V1-RSC,intermediate,RSC,11,0.939334
66,V1-RSC,intermediate,RSC,12,0.84603
66,V1-RSC,intermediate,RSC,13,1.172211
66,V1-RSC,intermediate,RSC,14,0.851487
66,V1-RSC,intermediate,RSC,15,1.100861
66,V1-RSC,expert,V1,0,1.478464
66,V1-RSC,expert,V1,1,0.853388
66,V1-RSC,expert,V1,2,0.868471
66,V1-RSC,expert,V1,3,0.882761
66,V1-RSC,expert,V1,4,0.905023
66,V1-RSC,expert,V1,5,0.910316
66,V1-RSC,expert,V1,6,1.018539
66,V1-RSC,expert,V1,7,0.832689
66,V1-RSC,expert,V1,8,0.734981
66,V1-RSC,expert,V1,9,0.975393
66,V1-RSC,expert,V1,10,0.996713
66,V1-RSC,expert,V1,11,0.932568
66,V1-RSC,expert,V1,12,0.896661
66,V1-RSC,expert,V1,13,0.955581
66,V1-RSC,expert,V1,14,1.039045
66,V1-RSC,expert,V1,15,0.928948
66,V1-RSC,expert,V1,16,0.904468
66,V1-RSC,expert,V1,17,1.057882
66,V1-RSC,expert,V1,18,0.945253
66,V1-RSC,expert,RSC,0,0.877401
66,V1-RSC,expert,RSC,1,0.889167
66,V1-RSC,expert,RSC,2,1.222328
66,V1-RSC,expert,RSC,3,0.990921
66,V1-RSC,expert,RSC,4,0.977237
66,V1-RSC,expert,RSC,5,1.12906
66,V1-RSC,expert,RSC,6,1.041027
66,V1-RSC,expert,RSC,7,1.148103
66,V1-RSC,expert,RSC,8,1.621676
66,V1-RSC,expert,RSC,9,1.161229
66,V1-RSC,expert,RSC,10,0.746427
66,V1-RSC,expert,RSC,11,0.970495
66,V1-RSC,expert,RSC,12,0.849024
66,V1-RSC,expert,RSC,13,1.235053
66,V1-RSC,expert,RSC,14,0.928097
66,V1-RSC,expert,RSC,15,0.951934
68,CA1-RSC,naive,CA1,0,0.94183
68,CA1-RSC,naive,CA1,1,0.875083
68,CA1-RSC,naive,CA1,2,1.092761
68,CA1-RSC,naive,CA1,3,0.869763
68,CA1-RSC,naive,CA1,4,0.825865
68,CA1-RSC,naive,CA1,5,1.551706
68,CA1-RSC,naive,CA1,6,0.760127
68,CA1-RSC,naive,CA1,7,0.579196
68,CA1-RSC,naive,CA1,8,0.884645
68,CA1-RSC,naive,CA1,9,0.973097
68,CA1-RSC,naive,CA1,10,0.746383
68,CA1-RSC,naive,CA1,11,0.661558
68,CA1-RSC,naive,CA1,12,0.5163
68,CA1-RSC,naive,CA1,13,1.018895
68,CA1-RSC,naive,CA1,14,0.332198
68,CA1-RSC,naive,CA1,15,1.459208
68,CA1-RSC,naive,RSC,0,0.977444
68,CA1-RSC,naive,RSC,1,1.216693
68,CA1-RSC,naive,RSC,2,0.869628
68,CA1-RSC,naive,RSC,3,1.094352
68,CA1-RSC,naive,RSC,4,0.86071
68,CA1-RSC,naive,RSC,5,0.922574
68,CA1-RSC,naive,RSC,6,1.09484
68,CA1-RSC,naive,RSC,7,0.742051
68,CA1-RSC,naive,RSC,8,0.875774
68,CA1-RSC,naive,RSC,9,1.027101
68,CA1-RSC,naive,RSC,10,0.835793
68,CA1-RSC,intermediate,CA1,0,0.713253
68,CA1-RSC,intermediate,CA1,1,0.715327
68,CA1-RSC,intermediate,CA1,2,1.017758
68,CA1-RSC,intermediate,CA1,3,0.724743
68,CA1-RSC,intermediate,CA1,4,0.907189
68,CA1-RSC,intermediate,CA1,5,1.134147
68,CA1-RSC,intermediate,CA1,6,0.726648
68,CA1-RSC,intermediate,CA1,7,0.609966
68,CA1-RSC,intermediate,CA1,8,1.089718
68,CA1-RSC,intermediate,CA1,9,0.819721
68,CA1-RSC,intermediate,CA1,10,0.858056
68,CA1-RSC,intermediate,CA1,11,0.920849
68,CA1-RSC,intermediate,CA1,12,0.625593
68,CA1-RSC,intermediate,CA1,13,0.890771
68,CA1-RSC,intermediate,CA1,14,0.881452
68,CA1-RSC,intermediate,CA1,15,0.620612
68,CA1-RSC,intermediate,RSC,0,0.957761
68,CA1-RSC,intermediate,RSC,1,1.059117
68,CA1-RSC,intermediate,RSC,2,0.650155
68,CA1-RSC,intermediate,RSC,3,1.042595
68,CA1-RSC,intermediate,RSC,4,0.934099
68,CA1-RSC,intermediate,RSC,5,0.878981
68,CA1-RSC,intermediate,RSC,6,1.034078
68,CA1-RSC,intermediate,RSC,7,0.85151
68,CA1-RSC,intermediate,RSC,8,1.088648
68,CA1-RSC,intermediate,RSC,9,0.860414
68,CA1-RSC,intermediate,RSC,10,0.924604
68,CA1-RSC,expert,CA1,0,0.807467
68,CA1-RSC,expert,CA1,1,0.941878
68,CA1-RSC,expert,CA1,2,0.992657
68,CA1-RSC,expert,CA1,3,0.720443
68,CA1-RSC,expert,CA1,4,0.945869
68,CA1-RSC,expert,CA1,5,1.403092
68,CA1-RSC,expert,CA1,6,0.509878
68,CA1-RSC,expert,CA1,7,0.803672
68,CA1-RSC,expert,CA1,8,1.14148
68,CA1-RSC,expert,CA1,9,0.703869
68,CA1-RSC,expert,CA1,10,0.735333
68,CA1-RSC,expert,CA1,11,0.636591
68,CA1-RSC,expert,CA1,12,1.126925
68,CA1-RSC,expert,CA1,13,0.771044
68,CA1-RSC,expert,CA1,14,0.844189
68,CA1-RSC,expert,CA1,15,0.764492
68,CA1-RSC,expert,RSC,0,0.923715
68,CA1-RSC,expert,RSC,1,1.215415
68,CA1-RSC,expert,RSC,2,0.646948
68,CA1-RSC,expert,RSC,3,1.072393
68,CA1-RSC,expert,RSC,4,0.907488
68,CA1-RSC,expert,RSC,5,0.894772
68,CA1-RSC,expert,RSC,6,1.077132
68,CA1-RSC,expert,RSC,7,0.958927
68,CA1-RSC,expert,RSC,8,1.019723
68,CA1-RSC,expert,RSC,9,1.019644
68,CA1-RSC,expert,RSC,10,0.73392
68,CA1-CA3,naive,CA1,0,0.499502
68,CA1-CA3,naive,CA1,1,0.853808
68,CA1-CA3,naive,CA1,2,1.087031
68,CA1-CA3,naive,CA1,3,0.852349
68,CA1-CA3,naive,CA1,4,1.005411
68,CA1-CA3,naive,CA1,5,1.334596
68,CA1-CA3,naive,CA1,6,0.766198
68,CA1-CA3,naive,CA1,7,0.472172
68,CA1-CA3,naive,CA1,8,1.062978
68,CA1-CA3,naive,CA1,9,0.875416
68,CA1-CA3,naive,CA1,10,0.472002
68,CA1-CA3,naive,CA1,11,0.644087
68,CA1-CA3,naive,CA1,12,0.580789
68,CA1-CA3,naive,CA1,13,0.878931
68,CA1-CA3,naive,CA1,14,0.289341
68,CA1-CA3,naive,CA1,15,1.976648
68,CA1-CA3,naive,CA3,0,1.090176
68,CA1-CA3,naive,CA3,1,1.037807
68,CA1-CA3,naive,CA3,2,1.302822
68,CA1-CA3,naive,CA3,3,1.027046
68,CA1-CA3,naive,CA3,4,1.091796
68,CA1-CA3,naive,CA3,5,20.544346
68,CA1-CA3,naive,CA3,6,1.073615
68,CA1-CA3,naive,CA3,7,1.063889
68,CA1-CA3,naive,CA3,8,1.021246
68,CA1-CA3,naive,CA3,9,0.991253
68,CA1-CA3,intermediate,CA1,0,0.624139
68,CA1-CA3,intermediate,CA1,1,0.973233
68,CA1-CA3,intermediate,CA1,2,1.11524
68,CA1-CA3,intermediate,CA1,3,0.720268
68,CA1-CA3,intermediate,CA1,4,0.700908
68,CA1-CA3,intermediate,CA1,5,0.809103
68,CA1-CA3,intermediate,CA1,6,0.797939
68,CA1-CA3,intermediate,CA1,7,0.51575
68,CA1-CA3,intermediate,CA1,8,1.07214
68,CA1-CA3,intermediate,CA1,9,0.700408
68,CA1-CA3,intermediate,CA1,10,0.957423
68,CA1-CA3,intermediate,CA1,11,0.794211
68,CA1-CA3,intermediate,CA1,12,0.683119
68,CA1-CA3,intermediate,CA1,13,0.605017
68,CA1-CA3,intermediate,CA1,14,0.755001
68,CA1-CA3,intermediate,CA1,15,0.631102
68,CA1-CA3,intermediate,CA3,0,0.948366
68,CA1-CA3,intermediate,CA3,1,1.058563
68,CA1-CA3,intermediate,CA3,2,1.143654
68,CA1-CA3,intermediate,CA3,3,1.074811
68,CA1-CA3,intermediate,CA3,4,1.048383
68,CA1-CA3,intermediate,CA3,5,0.800982
68,CA1-CA3,intermediate,CA3,6,0.870245
68,CA1-CA3,intermediate,CA3,7,1.075127
68,CA1-CA3,intermediate,CA3,8,1.075814
68,CA1-CA3,intermediate,CA3,9,0.890952
68,CA1-CA3,expert,CA1,0,0.830258
68,CA1-CA3,expert,CA1,1,0.97465
68,CA1-CA3,expert,CA1,2,1.108513
68,CA1-CA3,expert,CA1,3,0.605772
68,CA1-CA3,expert,CA1,4,0.780249
68,CA1-CA3,expert,CA1,5,1.005183
68,CA1-CA3,expert,CA1,6,0.801677
68,CA1-CA3,expert,CA1,7,0.736361
68,CA1-CA3,expert,CA1,8,1.120403
68,CA1-CA3,expert,CA1,9,0.737286
68,CA1-CA3,expert,CA1,10,0.849548
68,CA1-CA3,expert,CA1,11,0.836772
68,CA1-CA3,expert,CA1,12,0.687232
68,CA1-CA3,expert,CA1,13,0.701449
68,CA1-CA3,expert,CA1,14,0.585795
68,CA1-CA3,expert,CA1,15,0.532272
68,CA1-CA3,expert,CA3,0,0.991274
68,CA1-CA3,expert,CA3,1,0.993664
68,CA1-CA3,expert,CA3,2,1.10231
68,CA1-CA3,expert,CA3,3,1.047177
68,CA1-CA3,expert,CA3,4,1.073457
68,CA1-CA3,expert,CA3,5,0.930187
68,CA1-CA3,expert,CA3,6,0.876584
68,CA1-CA3,expert,CA3,7,1.061009
68,CA1-CA3,expert,CA3,8,1.605974
68,CA1-CA3,expert,CA3,9,1.086331
68,CA1-DG,naive,CA1,0,1.060335
68,CA1-DG,naive,CA1,1,0.993589
68,CA1-DG,naive,CA1,2,1.139307
68,CA1-DG,naive,CA1,3,1.013686
68,CA1-DG,naive,CA1,4,1.203492
68,CA1-DG,naive,CA1,5,1.784169
68,CA1-DG,naive,CA1,6,0.886808
68,CA1-DG,naive,CA1,7,0.841574
68,CA1-DG,naive,CA1,8,1.137229
68,CA1-DG,naive,CA1,9,1.068814
68,CA1-DG,naive,CA1,10,0.812444
68,CA1-DG,naive,CA1,11,0.704704
68,CA1-DG,naive,CA1,12,0.739214
68,CA1-DG,naive,CA1,13,1.051493
68,CA1-DG,naive,CA1,14,0.458456
68,CA1-DG,naive,CA1,15,2.859108
68,CA1-DG,naive,DG,0,0.703945
68,CA1-DG,naive,DG,1,0.698428
68,CA1-DG,naive,DG,2,0.918109
68,CA1-DG,naive,DG,3,0.729444
68,CA1-DG,naive,DG,4,0.826434
68,CA1-DG,naive,DG,5,0.03007
68,CA1-DG,naive,DG,6,0.540632
68,CA1-DG,naive,DG,7,0.737242
68,CA1-DG,naive,DG,8,0.702996
68,CA1-DG,naive,DG,9,0.535026
68,CA1-DG,naive,DG,10,0.63368
68,CA1-DG,naive,DG,11,0.818928
68,CA1-DG,naive,DG,12,0.125748
68,CA1-DG,naive,DG,13,0.977297
68,CA1-DG,naive,DG,14,0.696903
68,CA1-DG,naive,DG,15,0.83071
68,CA1-DG,naive,DG,16,0.960505
68,CA1-DG,naive,DG,17,1.003653
68,CA1-DG,naive,DG,18,0.494728
68,CA1-DG,naive,DG,19,0.638738
68,CA1-DG,naive,DG,20,0.667441
68,CA1-DG,naive,DG,21,0.576285
68,CA1-DG,naive,DG,22,0.556841
68,CA1-DG,naive,DG,23,0.450434
68,CA1-DG,intermediate,CA1,0,1.023905
68,CA1-DG,intermediate,CA1,1,1.054349
68,CA1-DG,intermediate,CA1,2,1.128071
68,CA1-DG,intermediate,CA1,3,0.842256
68,CA1-DG,intermediate,CA1,4,1.103981
68,CA1-DG,intermediate,CA1,5,1.305407
68,CA1-DG,intermediate,CA1,6,0.867185
68,CA1-DG,intermediate,CA1,7,0.768809
68,CA1-DG,intermediate,CA1,8,1.167305
68,CA1-DG,intermediate,CA1,9,0.922369
68,CA1-DG,intermediate,CA1,10,1.025154
68,CA1-DG,intermediate,CA1,11,0.967468
68,CA1-DG,intermediate,CA1,12,0.96382
68,CA1-DG,intermediate,CA1,13,0.924812
68,CA1-DG,intermediate,CA1,14,1.070833
68,CA1-DG,intermediate,CA1,15,0.912539
68,CA1-DG,intermediate,DG,0,0.917984
68,CA1-DG,intermediate,DG,1,0.787827
68,CA1-DG,intermediate,DG,2,0.871573
68,CA1-DG,intermediate,DG,3,1.042178
68,CA1-DG,intermediate,DG,4,0.960326
68,CA1-DG,intermediate,DG,5,0.84314
68,CA1-DG,intermediate,DG,6,1.025359
68,CA1-DG,intermediate,DG,7,0.84025
68,CA1-DG,intermediate,DG,8,0.019346
68,CA1-DG,intermediate,DG,9,1.051099
68,CA1-DG,intermediate,DG,10,0.978412
68,CA1-DG,intermediate,DG,11,0.079355
68,CA1-DG,intermediate,DG,12,0.03157
68,CA1-DG,intermediate,DG,13,0.747831
68,CA1-DG,intermediate,DG,14,0.734813
68,CA1-DG,intermediate,DG,15,0.952011
68,CA1-DG,intermediate,DG,16,0.947281
68,CA1-DG,intermediate,DG,17,0.486646
68,CA1-DG,intermediate,DG,18,0.926874
68,CA1-DG,intermediate,DG,19,0.811433
68,CA1-DG,intermediate,DG,20,0.648828
68,CA1-DG,intermediate,DG,21,0.73532
68,CA1-DG,intermediate,DG,22,0.783611
68,CA1-DG,intermediate,DG,23,0.952841
68,CA1-DG,expert,CA1,0,1.005548
68,CA1-DG,expert,CA1,1,1.062402
68,CA1-DG,expert,CA1,2,1.126242
68,CA1-DG,expert,CA1,3,0.746812
68,CA1-DG,expert,CA1,4,1.132189
68,CA1-DG,expert,CA1,5,1.70935
68,CA1-DG,expert,CA1,6,0.894429
68,CA1-DG,expert,CA1,7,0.834731
68,CA1-DG,expert,CA1,8,1.18139
68,CA1-DG,expert,CA1,9,0.870679
68,CA1-DG,expert,CA1,10,1.075468
68,CA1-DG,expert,CA1,11,1.093563
68,CA1-DG,expert,CA1,12,1.207452
68,CA1-DG,expert,CA1,13,0.940296
68,CA1-DG,expert,CA1,14,1.06931
68,CA1-DG,expert,CA1,15,0.922894
68,CA1-DG,expert,DG,0,0.249632
68,CA1-DG,expert,DG,1,0.930424
68,CA1-DG,expert,DG,2,0.893996
68,CA1-DG,expert,DG,3,1.068768
68,CA1-DG,expert,DG,4,0.935933
68,CA1-DG,expert,DG,5,0.869915
68,CA1-DG,expert,DG,6,0.145037
68,CA1-DG,expert,DG,7,0.504684
68,CA1-DG,expert,DG,8,0.098772
68,CA1-DG,expert,DG,9,0.897449
68,CA1-DG,expert,DG,10,0.984329
68,CA1-DG,expert,DG,11,0.812157
68,CA1-DG,expert,DG,12,1.052288
68,CA1-DG,expert,DG,13,0.748561
68,CA1-DG,expert,DG,14,0.717323
68,CA1-DG,expert,DG,15,0.895262
68,CA1-DG,expert,DG,16,0.822415
68,CA1-DG,expert,DG,17,0.955181
68,CA1-DG,expert,DG,18,1.007246
68,CA1-DG,expert,DG,19,0.854631
68,CA1-DG,expert,DG,20,0.735307
68,CA1-DG,expert,DG,21,0.842347
68,CA1-DG,expert,DG,22,0.835642
68,CA1-DG,expert,DG,23,0.820951
68,CA3-DG,naive,CA3,0,1.089689
68,CA3-DG,naive,CA3,1,1.038466
68,CA3-DG,naive,CA3,2,1.300293
68,CA3-DG,naive,CA3,3,1.017115
68,CA3-DG,naive,CA3,4,1.152291
68,CA3-DG,naive,CA3,5,22.48033
68,CA3-DG,naive,CA3,6,1.073026
68,CA3-DG,naive,CA3,7,1.059584
68,CA3-DG,naive,CA3,8,1.020587
68,CA3-DG,naive,CA3,9,0.991042
68,CA3-DG,naive,DG,0,0.594685
68,CA3-DG,naive,DG,1,0.610266
68,CA3-DG,naive,DG,2,0.884686
68,CA3-DG,naive,DG,3,0.67982
68,CA3-DG,naive,DG,4,0.674769
68,CA3-DG,naive,DG,5,0.025786
68,CA3-DG,naive,DG,6,0.475626
68,CA3-DG,naive,DG,7,0.412877
68,CA3-DG,naive,DG,8,0.364252
68,CA3-DG,naive,DG,9,0.219492
68,CA3-DG,naive,DG,10,0.5981
68,CA3-DG,naive,DG,11,0.523429
68,CA3-DG,naive,DG,12,0.09494
68,CA3-DG,naive,DG,13,0.734964
68,CA3-DG,naive,DG,14,0.407454
68,CA3-DG,naive,DG,15,0.787837
68,CA3-DG,naive,DG,16,0.772091
68,CA3-DG,naive,DG,17,0.821939
68,CA3-DG,naive,DG,18,0.498603
68,CA3-DG,naive,DG,19,0.58119
68,CA3-DG,naive,DG,20,0.577325
68,CA3-DG,naive,DG,21,0.418456
68,CA3-DG,naive,DG,22,0.319408
68,CA3-DG,naive,DG,23,0.385246
68,CA3-DG,intermediate,CA3,0,0.948419
68,CA3-DG,intermediate,CA3,1,1.058821
68,CA3-DG,intermediate,CA3,2,1.13998
68,CA3-DG,intermediate,CA3,3,1.057079
68,CA3-DG,intermediate,CA3,4,1.081384
68,CA3-DG,intermediate,CA3,5,0.797752
68,CA3-DG,intermediate,CA3,6,0.869573
68,CA3-DG,intermediate,CA3,7,1.07119
68,CA3-DG,intermediate,CA3,8,1.075469
68,CA3-DG,intermediate,CA3,9,0.890145
68,CA3-DG,intermediate,DG,0,0.566971
68,CA3-DG,intermediate,DG,1,0.857713
68,CA3-DG,intermediate,DG,2,0.710016
68,CA3-DG,intermediate,DG,3,0.878131
68,CA3-DG,intermediate,DG,4,0.95195
68,CA3-DG,intermediate,DG,5,0.648121
68,CA3-DG,intermediate,DG,6,0.459188
68,CA3-DG,intermediate,DG,7,0.693372
68,CA3-DG,intermediate,DG,8,0.015797
68,CA3-DG,intermediate,DG,9,0.566352
68,CA3-DG,intermediate,DG,10,0.696292
68,CA3-DG,intermediate,DG,11,0.077293
68,CA3-DG,intermediate,DG,12,0.025811
68,CA3-DG,intermediate,DG,13,0.684836
68,CA3-DG,intermediate,DG,14,0.404954
68,CA3-DG,intermediate,DG,15,0.731013
68,CA3-DG,intermediate,DG,16,0.77831
68,CA3-DG,intermediate,DG,17,0.49376
68,CA3-DG,intermediate,DG,18,0.901778
68,CA3-DG,intermediate,DG,19,0.513
68,CA3-DG,intermediate,DG,20,0.427973
68,CA3-DG,intermediate,DG,21,0.571904
68,CA3-DG,intermediate,DG,22,0.827439
68,CA3-DG,intermediate,DG,23,0.415777
68,CA3-DG,expert,CA3,0,0.993547
68,CA3-DG,expert,CA3,1,0.994318
68,CA3-DG,expert,CA3,2,1.095183
68,CA3-DG,expert,CA3,3,1.024349
68,CA3-DG,expert,CA3,4,1.109085
68,CA3-DG,expert,CA3,5,0.926876
68,CA3-DG,expert,CA3,6,0.876109
68,CA3-DG,expert,CA3,7,1.058772
68,CA3-DG,expert,CA3,8,1.605553
68,CA3-DG,expert,CA3,9,1.084733
68,CA3-DG,expert,DG,0,0.186957
68,CA3-DG,expert,DG,1,0.807279
68,CA3-DG,expert,DG,2,0.808542
68,CA3-DG,expert,DG,3,0.968824
68,CA3-DG,expert,DG,4,0.861672
68,CA3-DG,expert,DG,5,0.706427
68,CA3-DG,expert,DG,6,0.100449
68,CA3-DG,expert,DG,7,0.24972
68,CA3-DG,expert,DG,8,0.078189
68,CA3-DG,expert,DG,9,0.562969
68,CA3-DG,expert,DG,10,0.639493
68,CA3-DG,expert,DG,11,0.572254
68,CA3-DG,expert,DG,12,0.681413
68,CA3-DG,expert,DG,13,0.285127
68,CA3-DG,expert,DG,14,0.606694
68,CA3-DG,expert,DG,15,0.538202
68,CA3-DG,expert,DG,16,0.361922
68,CA3-DG,expert,DG,17,0.702539
68,CA3-DG,expert,DG,18,0.952808
68,CA3-DG,expert,DG,19,0.601226
68,CA3-DG,expert,DG,20,0.780262
68,CA3-DG,expert,DG,21,0.655605
68,CA3-DG,expert,DG,22,0.872071
68,CA3-DG,expert,DG,23,0.481333
73,CA1-RSC,naive,CA1,0,0.041136
73,CA1-RSC,naive,CA1,1,2.309953
73,CA1-RSC,naive,CA1,2,0.127937
73,CA1-RSC,naive,CA1,3,1.079271
73,CA1-RSC,naive,CA1,4,1.244748
73,CA1-RSC,naive,CA1,5,2.312652
73,CA1-RSC,naive,CA1,6,0.967962
73,CA1-RSC,naive,CA1,7,0.808132
73,CA1-RSC,naive,CA1,8,1.073727
73,CA1-RSC,naive,CA1,9,2.061145
73,CA1-RSC,naive,CA1,10,2.837772
73,CA1-RSC,naive,CA1,11,1.348064
73,CA1-RSC,naive,CA1,12,2.379027
73,CA1-RSC,naive,CA1,13,1.673261
73,CA1-RSC,naive,CA1,14,1.990245
73,CA1-RSC,naive,CA1,15,1.146333
73,CA1-RSC,naive,CA1,16,1.072471
73,CA1-RSC,naive,CA1,17,1.140322
73,CA1-RSC,naive,CA1,18,0.925855
73,CA1-RSC,naive,CA1,19,1.701106
73,CA1-RSC,naive,CA1,20,1.160586
73,CA1-RSC,naive,CA1,21,0.941274
73,CA1-RSC,naive,RSC,0,0.144349
73,CA1-RSC,naive,RSC,1,0.050487
73,CA1-RSC,naive,RSC,2,0.032079
73,CA1-RSC,naive,RSC,3,0.869573
73,CA1-RSC,naive,RSC,4,0.884864
73,CA1-RSC,naive,RSC,5,0.875335
73,CA1-RSC,naive,RSC,6,0.030235
73,CA1-RSC,naive,RSC,7,0.076086
73,CA1-RSC,naive,RSC,8,0.075363
73,CA1-RSC,naive,RSC,9,0.022848
73,CA1-RSC,naive,RSC,10,0.068827
73,CA1-RSC,naive,RSC,11,0.009813
73,CA1-RSC,naive,RSC,12,0.075889
73,CA1-RSC,naive,RSC,13,0.615226
73,CA1-RSC,naive,RSC,14,0.877951
73,CA1-RSC,naive,RSC,15,0.037103
73,CA1-RSC,naive,RSC,16,0.832418
73,CA1-RSC,naive,RSC,17,0.029293
73,CA1-RSC,naive,RSC,18,0.013774
73,CA1-RSC,naive,RSC,19,0.009093
73,CA1-RSC,naive,RSC,20,0.00675
73,CA1-RSC,naive,RSC,21,0.009148
73,CA1-RSC,naive,RSC,22,0.150146
73,CA1-RSC,naive,RSC,23,0.021689
73,CA1-RSC,naive,RSC,24,0.069799
73,CA1-RSC,naive,RSC,25,0.003142
73,CA1-RSC,naive,RSC,26,0.05742
73,CA1-RSC,naive,RSC,27,0.337251
73,CA1-RSC,naive,RSC,28,0.781201
73,CA1-RSC,naive,RSC,29,0.0928
73,CA1-RSC,naive,RSC,30,0.0297
73,CA1-RSC,naive,RSC,31,0.065373
73,CA1-RSC,naive,RSC,32,0.0715
73,CA1-RSC,naive,RSC,33,0.048044
73,CA1-RSC,naive,RSC,34,0.05779
73,CA1-RSC,naive,RSC,35,0.092146
73,CA1-RSC,naive,RSC,36,0.915591
73,CA1-RSC,naive,RSC,37,0.066368
73,CA1-RSC,naive,RSC,38,0.877795
73,CA1-RSC,naive,RSC,39,0.102982
73,CA1-RSC,naive,RSC,40,0.867895
73,CA1-RSC,naive,RSC,41,0.018178
73,CA1-RSC,naive,RSC,42,0.846764
73,CA1-RSC,naive,RSC,43,0.013043
73,CA1-RSC,naive,RSC,44,0.516041
73,CA1-RSC,naive,RSC,45,0.763827
73,CA1-RSC,naive,RSC,46,0.746717
73,CA1-RSC,naive,RSC,47,0.096842
73,CA1-RSC,naive,RSC,48,0.84313
73,CA1-RSC,naive,RSC,49,0.836692
73,CA1-RSC,naive,RSC,50,0.039034
73,CA1-RSC,naive,RSC,51,0.919578
73,CA1-RSC,naive,RSC,52,0.536877
73,CA1-RSC,naive,RSC,53,0.622369
73,CA1-RSC,naive,RSC,54,0.824572
73,CA1-RSC,naive,RSC,55,0.53722
73,CA1-RSC,intermediate,CA1,0,1.127524
73,CA1-RSC,intermediate,CA1,1,0.079191
73,CA1-RSC,intermediate,CA1,2,1.198411
73,CA1-RSC,intermediate,CA1,3,0.629098
73,CA1-RSC,intermediate,CA1,4,1.104004
73,CA1-RSC,intermediate,CA1,5,0.052978
73,CA1-RSC,intermediate,CA1,6,0.941252
73,CA1-RSC,intermediate,CA1,7,1.497271
73,CA1-RSC,intermediate,CA1,8,1.062488
73,CA1-RSC,intermediate,CA1,9,1.003582
73,CA1-RSC,intermediate,CA1,10,1.924912
73,CA1-RSC,intermediate,CA1,11,0.881746
73,CA1-RSC,intermediate,CA1,12,0.70063
73,CA1-RSC,intermediate,CA1,13,0.985674
73,CA1-RSC,intermediate,CA1,14,0.80686
73,CA1-RSC,intermediate,CA1,15,1.102948
73,CA1-RSC,intermediate,CA1,16,1.033024
73,CA1-RSC,intermediate,CA1,17,0.965737
73,CA1-RSC,intermediate,CA1,18,1.035285
73,CA1-RSC,intermediate,CA1,19,0.811216
73,CA1-RSC,intermediate,CA1,20,1.090688
73,CA1-RSC,intermediate,CA1,21,1.222272
73,CA1-RSC,intermediate,RSC,0,0.46308
73,CA1-RSC,intermediate,RSC,1,0.827152
73,CA1-RSC,intermediate,RSC,2,0.059671
73,CA1-RSC,intermediate,RSC,3,0.302992
73,CA1-RSC,intermediate,RSC,4,0.409043
73,CA1-RSC,intermediate,RSC,5,0.871882
73,CA1-RSC,intermediate,RSC,6,0.145838
73,CA1-RSC,intermediate,RSC,7,0.019708
73,CA1-RSC,intermediate,RSC,8,0.198316
73,CA1-RSC,intermediate,RSC,9,0.227337
73,CA1-RSC,intermediate,RSC,10,0.072512
73,CA1-RSC,intermediate,RSC,11,0.762433
73,CA1-RSC,intermediate,RSC,12,0.79057
73,CA1-RSC,intermediate,RSC,13,0.788932
73,CA1-RSC,intermediate,RSC,14,0.602221
73,CA1-RSC,intermediate,RSC,15,0.115409
73,CA1-RSC,intermediate,RSC,16,0.140453
73,CA1-RSC,intermediate,RSC,17,0.13161
73,CA1-RSC,intermediate,RSC,18,0.792754
73,CA1-RSC,intermediate,RSC,19,0.697303
73,CA1-RSC,intermediate,RSC,20,0.735181
73,CA1-RSC,intermediate,RSC,21,0.328261
73,CA1-RSC,intermediate,RSC,22,0.160824
73,CA1-RSC,intermediate,RSC,23,0.014677
73,CA1-RSC,intermediate,RSC,24,0.029148
73,CA1-RSC,intermediate,RSC,25,0.01364
73,CA1-RSC,intermediate,RSC,26,0.05129
73,CA1-RSC,intermediate,RSC,27,0.076347
73,CA1-RSC,intermediate,RSC,28,0.805395
73,CA1-RSC,intermediate,RSC,29,0.191259
73,CA1-RSC,intermediate,RSC,30,0.0868
73,CA1-RSC,intermediate,RSC,31,0.285112
73,CA1-RSC,intermediate,RSC,32,0.484346
73,CA1-RSC,intermediate,RSC,33,0.176289
73,CA1-RSC,intermediate,RSC,34,0.284901
73,CA1-RSC,intermediate,RSC,35,0.812853
73,CA1-RSC,intermediate,RSC,36,0.849839
73,CA1-RSC,intermediate,RSC,37,0.083607
73,CA1-RSC,intermediate,RSC,38,0.839352
73,CA1-RSC,intermediate,RSC,39,0.039683
73,CA1-RSC,intermediate,RSC,40,0.831652
73,CA1-RSC,intermediate,RSC,41,0.78499
73,CA1-RSC,intermediate,RSC,42,0.03036
73,CA1-RSC,intermediate,RSC,43,0.046798
73,CA1-RSC,intermediate,RSC,44,0.000172
73,CA1-RSC,intermediate,RSC,45,0.8398
73,CA1-RSC,intermediate,RSC,46,0.096199
73,CA1-RSC,intermediate,RSC,47,0.532359
73,CA1-RSC,intermediate,RSC,48,0.124157
73,CA1-RSC,intermediate,RSC,49,0.812678
73,CA1-RSC,intermediate,RSC,50,0.770022
73,CA1-RSC,intermediate,RSC,51,0.834363
73,CA1-RSC,intermediate,RSC,52,0.818373
73,CA1-RSC,intermediate,RSC,53,0.093481
73,CA1-RSC,intermediate,RSC,54,0.207371
73,CA1-RSC,intermediate,RSC,55,0.054485
73,CA1-RSC,expert,CA1,0,1.060177
73,CA1-RSC,expert,CA1,1,1.138556
73,CA1-RSC,expert,CA1,2,0.855303
73,CA1-RSC,expert,CA1,3,0.649029
73,CA1-RSC,expert,CA1,4,0.877998
73,CA1-RSC,expert,CA1,5,1.580553
73,CA1-RSC,expert,CA1,6,0.958963
73,CA1-RSC,expert,CA1,7,0.092233
73,CA1-RSC,expert,CA1,8,1.085551
73,CA1-RSC,expert,CA1,9,0.897667
73,CA1-RSC,expert,CA1,10,1.505612
73,CA1-RSC,expert,CA1,11,0.954863
73,CA1-RSC,expert,CA1,12,1.239336
73,CA1-RSC,expert,CA1,13,0.098626
73,CA1-RSC,expert,CA1,14,0.762826
73,CA1-RSC,expert,CA1,15,1.067819
73,CA1-RSC,expert,CA1,16,0.977112
73,CA1-RSC,expert,CA1,17,0.94904
73,CA1-RSC,expert,CA1,18,1.24314
73,CA1-RSC,expert,CA1,19,0.947649
73,CA1-RSC,expert,CA1,20,1.07128
73,CA1-RSC,expert,CA1,21,0.704049
73,CA1-RSC,expert,RSC,0,0.891258
73,CA1-RSC,expert,RSC,1,0.830443
73,CA1-RSC,expert,RSC,2,0.167623
73,CA1-RSC,expert,RSC,3,0.83901
73,CA1-RSC,expert,RSC,4,0.888378
73,CA1-RSC,expert,RSC,5,0.12984
73,CA1-RSC,expert,RSC,6,0.882589
73,CA1-RSC,expert,RSC,7,0.031798
73,CA1-RSC,expert,RSC,8,0.292405
73,CA1-RSC,expert,RSC,9,0.871709
73,CA1-RSC,expert,RSC,10,0.420553
73,CA1-RSC,expert,RSC,11,0.573404
73,CA1-RSC,expert,RSC,12,0.890636
73,CA1-RSC,expert,RSC,13,0.098179
73,CA1-RSC,expert,RSC,14,0.559626
73,CA1-RSC,expert,RSC,15,0.169374
73,CA1-RSC,expert,RSC,16,0.028269
73,CA1-RSC,expert,RSC,17,0.260301
73,CA1-RSC,expert,RSC,18,0.801869
73,CA1-RSC,expert,RSC,19,0.165621
73,CA1-RSC,expert,RSC,20,0.759552
73,CA1-RSC,expert,RSC,21,0.235073
73,CA1-RSC,expert,RSC,22,0.254224
73,CA1-RSC,expert,RSC,23,0.025659
73,CA1-RSC,expert,RSC,24,0.571468
73,CA1-RSC,expert,RSC,25,0.02068
73,CA1-RSC,expert,RSC,26,0.066315
73,CA1-RSC,expert,RSC,27,0.096597
73,CA1-RSC,expert,RSC,28,0.120836
73,CA1-RSC,expert,RSC,29,0.895033
73,CA1-RSC,expert,RSC,30,0.104834
73,CA1-RSC,expert,RSC,31,0.632907
73,CA1-RSC,expert,RSC,32,0.85523
73,CA1-RSC,expert,RSC,33,0.067122
73,CA1-RSC,expert,RSC,34,0.32021
73,CA1-RSC,expert,RSC,35,0.859107
73,CA1-RSC,expert,RSC,36,0.806456
73,CA1-RSC,expert,RSC,37,0.164699
73,CA1-RSC,expert,RSC,38,0.899562
73,CA1-RSC,expert,RSC,39,0.062988
73,CA1-RSC,expert,RSC,40,0.010355
73,CA1-RSC,expert,RSC,41,0.301048
73,CA1-RSC,expert,RSC,42,0.019595
73,CA1-RSC,expert,RSC,43,0.25156
73,CA1-RSC,expert,RSC,44,0.00019
73,CA1-RSC,expert,RSC,45,0.126961
73,CA1-RSC,expert,RSC,46,0.890061
73,CA1-RSC,expert,RSC,47,0.60276
73,CA1-RSC,expert,RSC,48,0.180858
73,CA1-RSC,expert,RSC,49,0.165
73,CA1-RSC,expert,RSC,50,0.498516
73,CA1-RSC,expert,RSC,51,0.819304
73,CA1-RSC,expert,RSC,52,0.859547
73,CA1-RSC,expert,RSC,53,0.063276
73,CA1-RSC,expert,RSC,54,0.084798
73,CA1-RSC,expert,RSC,55,0.021811
73,CA1-DG,naive,CA1,0,0.047619
73,CA1-DG,naive,CA1,1,2.309617
73,CA1-DG,naive,CA1,2,0.147145
73,CA1-DG,naive,CA1,3,1.079367
73,CA1-DG,naive,CA1,4,1.244332
73,CA1-DG,naive,CA1,5,2.311954
73,CA1-DG,naive,CA1,6,0.96814
73,CA1-DG,naive,CA1,7,0.808108
73,CA1-DG,naive,CA1,8,1.074118
73,CA1-DG,naive,CA1,9,2.060635
73,CA1-DG,naive,CA1,10,2.834629
73,CA1-DG,naive,CA1,11,1.347186
73,CA1-DG,naive,CA1,12,2.379233
73,CA1-DG,naive,CA1,13,1.674022
73,CA1-DG,naive,CA1,14,1.991209
73,CA1-DG,naive,CA1,15,1.146275
73,CA1-DG,naive,CA1,16,1.073269
73,CA1-DG,naive,CA1,17,1.140626
73,CA1-DG,naive,CA1,18,0.925708
73,CA1-DG,naive,CA1,19,1.702321
73,CA1-DG,naive,CA1,20,1.161378
73,CA1-DG,naive,CA1,21,0.942134
73,CA1-DG,naive,DG,0,0.989442
73,CA1-DG,naive,DG,1,1.426341
73,CA1-DG,naive,DG,2,0.029847
73,CA1-DG,naive,DG,3,0.075798
73,CA1-DG,naive,DG,4,0.062791
73,CA1-DG,naive,DG,5,0.049453
73,CA1-DG,naive,DG,6,0.790739
73,CA1-DG,naive,DG,7,0.163637
73,CA1-DG,naive,DG,8,1.478537
73,CA1-DG,naive,DG,9,0.896981
73,CA1-DG,naive,DG,10,1.061995
73,CA1-DG,naive,DG,11,1.079106
73,CA1-DG,naive,DG,12,0.197118
73,CA1-DG,naive,DG,13,1.086638
73,CA1-DG,naive,DG,14,1.282635
73,CA1-DG,naive,DG,15,0.962192
73,CA1-DG,naive,DG,16,0.924616
73,CA1-DG,naive,DG,17,0.79988
73,CA1-DG,naive,DG,18,1.137191
73,CA1-DG,naive,DG,19,0.557867
73,CA1-DG,naive,DG,20,2.031113
73,CA1-DG,naive,DG,21,0.822672
73,CA1-DG,naive,DG,22,0.070531
73,CA1-DG,naive,DG,23,0.071315
73,CA1-DG,naive,DG,24,1.066175
73,CA1-DG,naive,DG,25,1.125731
73,CA1-DG,naive,DG,26,0.075513
73,CA1-DG,naive,DG,27,1.280873
73,CA1-DG,naive,DG,28,0.922898
73,CA1-DG,intermediate,CA1,0,1.129402
73,CA1-DG,intermediate,CA1,1,0.055926
73,CA1-DG,intermediate,CA1,2,1.199693
73,CA1-DG,intermediate,CA1,3,0.630009
73,CA1-DG,intermediate,CA1,4,1.106942
73,CA1-DG,intermediate,CA1,5,0.028271
73,CA1-DG,intermediate,CA1,6,0.942071
73,CA1-DG,intermediate,CA1,7,1.50346
73,CA1-DG,intermediate,CA1,8,1.061969
73,CA1-DG,intermediate,CA1,9,1.003366
73,CA1-DG,intermediate,CA1,10,1.928969
73,CA1-DG,intermediate,CA1,11,0.882241
73,CA1-DG,intermediate,CA1,12,0.70226
73,CA1-DG,intermediate,CA1,13,0.986523
73,CA1-DG,intermediate,CA1,14,0.807036
73,CA1-DG,intermediate,CA1,15,1.103415
73,CA1-DG,intermediate,CA1,16,1.033156
73,CA1-DG,intermediate,CA1,17,0.966098
73,CA1-DG,intermediate,CA1,18,1.035457
73,CA1-DG,intermediate,CA1,19,0.812969
73,CA1-DG,intermediate,CA1,20,1.090877
73,CA1-DG,intermediate,CA1,21,1.221816
73,CA1-DG,intermediate,DG,0,0.944427
73,CA1-DG,intermediate,DG,1,0.796984
73,CA1-DG,intermediate,DG,2,0.162596
73,CA1-DG,intermediate,DG,3,1.061032
73,CA1-DG,intermediate,DG,4,0.309589
73,CA1-DG,intermediate,DG,5,0.042643
73,CA1-DG,intermediate,DG,6,0.086684
73,CA1-DG,intermediate,DG,7,1.054447
73,CA1-DG,intermediate,DG,8,0.039239
73,CA1-DG,intermediate,DG,9,0.785812
73,CA1-DG,intermediate,DG,10,1.043083
73,CA1-DG,intermediate,DG,11,1.073977
73,CA1-DG,intermediate,DG,12,1.067092
73,CA1-DG,intermediate,DG,13,0.993593
73,CA1-DG,intermediate,DG,14,0.592813
73,CA1-DG,intermediate,DG,15,1.060428
73,CA1-DG,intermediate,DG,16,1.127193
73,CA1-DG,intermediate,DG,17,0.979252
73,CA1-DG,intermediate,DG,18,0.977311
73,CA1-DG,intermediate,DG,19,1.10509
73,CA1-DG,intermediate,DG,20,0.786816
73,CA1-DG,intermediate,DG,21,0.645417
73,CA1-DG,intermediate,DG,22,0.599768
73,CA1-DG,intermediate,DG,23,0.892975
73,CA1-DG,intermediate,DG,24,0.867343
73,CA1-DG,intermediate,DG,25,0.166715
73,CA1-DG,intermediate,DG,26,0.201164
73,CA1-DG,intermediate,DG,27,0.945972
73,CA1-DG,intermediate,DG,28,0.903882
73,CA1-DG,expert,CA1,0,1.060407
73,CA1-DG,expert,CA1,1,1.138809
73,CA1-DG,expert,CA1,2,0.856268
73,CA1-DG,expert,CA1,3,0.649991
73,CA1-DG,expert,CA1,4,0.878825
73,CA1-DG,expert,CA1,5,1.589732
73,CA1-DG,expert,CA1,6,0.959069
73,CA1-DG,expert,CA1,7,0.070154
73,CA1-DG,expert,CA1,8,1.086113
73,CA1-DG,expert,CA1,9,0.897673
73,CA1-DG,expert,CA1,10,1.50726
73,CA1-DG,expert,CA1,11,0.955435
73,CA1-DG,expert,CA1,12,1.239953
73,CA1-DG,expert,CA1,13,0.09581
73,CA1-DG,expert,CA1,14,0.762381
73,CA1-DG,expert,CA1,15,1.067306
73,CA1-DG,expert,CA1,16,0.977705
73,CA1-DG,expert,CA1,17,0.949322
73,CA1-DG,expert,CA1,18,1.244689
73,CA1-DG,expert,CA1,19,0.947992
73,CA1-DG,expert,CA1,20,1.072241
73,CA1-DG,expert,CA1,21,0.705472
73,CA1-DG,expert,DG,0,0.952468
73,CA1-DG,expert,DG,1,0.624749
73,CA1-DG,expert,DG,2,1.072904
73,CA1-DG,expert,DG,3,1.059789
73,CA1-DG,expert,DG,4,0.299296
73,CA1-DG,expert,DG,5,0.893316
73,CA1-DG,expert,DG,6,0.619985
73,CA1-DG,expert,DG,7,0.748242
73,CA1-DG,expert,DG,8,0.993902
73,CA1-DG,expert,DG,9,0.064158
73,CA1-DG,expert,DG,10,0.902635
73,CA1-DG,expert,DG,11,0.586389
73,CA1-DG,expert,DG,12,0.171782
73,CA1-DG,expert,DG,13,0.965495
73,CA1-DG,expert,DG,14,0.616964
73,CA1-DG,expert,DG,15,0.981624
73,CA1-DG,expert,DG,16,0.043384
73,CA1-DG,expert,DG,17,0.904414
73,CA1-DG,expert,DG,18,0.939277
73,CA1-DG,expert,DG,19,0.140476
73,CA1-DG,expert,DG,20,0.855074
73,CA1-DG,expert,DG,21,0.896896
73,CA1-DG,expert,DG,22,0.858884
73,CA1-DG,expert,DG,23,0.586104
73,CA1-DG,expert,DG,24,0.845413
73,CA1-DG,expert,DG,25,1.038341
73,CA1-DG,expert,DG,26,0.885801
73,CA1-DG,expert,DG,27,0.4105
73,CA1-DG,expert,DG,28,0.05615
73,CA1-V1,naive,CA1,0,0.046538
73,CA1-V1,naive,CA1,1,2.093638
73,CA1-V1,naive,CA1,2,0.141116
73,CA1-V1,naive,CA1,3,0.970533
73,CA1-V1,naive,CA1,4,1.043972
73,CA1-V1,naive,CA1,5,2.281808
73,CA1-V1,naive,CA1,6,0.961195
73,CA1-V1,naive,CA1,7,0.797313
73,CA1-V1,naive,CA1,8,1.058902
73,CA1-V1,naive,CA1,9,1.91409
73,CA1-V1,naive,CA1,10,2.352054
73,CA1-V1,naive,CA1,11,1.307351
73,CA1-V1,naive,CA1,12,2.298112
73,CA1-V1,naive,CA1,13,1.583363
73,CA1-V1,naive,CA1,14,1.854748
73,CA1-V1,naive,CA1,15,1.134888
73,CA1-V1,naive,CA1,16,1.029009
73,CA1-V1,naive,CA1,17,1.130281
73,CA1-V1,naive,CA1,18,0.907889
73,CA1-V1,naive,CA1,19,1.666398
73,CA1-V1,naive,CA1,20,1.034003
73,CA1-V1,naive,CA1,21,0.920247
73,CA1-V1,naive,V1,0,1.149167
73,CA1-V1,naive,V1,1,0.711843
73,CA1-V1,naive,V1,2,2.358089
73,CA1-V1,naive,V1,3,8.237647
73,CA1-V1,naive,V1,4,1.596292
73,CA1-V1,naive,V1,5,1.195854
73,CA1-V1,naive,V1,6,1.040397
73,CA1-V1,naive,V1,7,1.732546
73,CA1-V1,naive,V1,8,1.006543
73,CA1-V1,naive,V1,9,1.250202
73,CA1-V1,naive,V1,10,1.648925
73,CA1-V1,naive,V1,11,0.954953
73,CA1-V1,naive,V1,12,1.273848
73,CA1-V1,naive,V1,13,1.088853
73,CA1-V1,naive,V1,14,0.778541
73,CA1-V1,naive,V1,15,0.966551
73,CA1-V1,naive,V1,16,0.85411
73,CA1-V1,naive,V1,17,0.682032
73,CA1-V1,intermediate,CA1,0,1.104771
73,CA1-V1,intermediate,CA1,1,0.052532
73,CA1-V1,intermediate,CA1,2,1.166405
73,CA1-V1,intermediate,CA1,3,0.588207
73,CA1-V1,intermediate,CA1,4,1.052091
73,CA1-V1,intermediate,CA1,5,0.024772
73,CA1-V1,intermediate,CA1,6,0.872405
73,CA1-V1,intermediate,CA1,7,1.30504
73,CA1-V1,intermediate,CA1,8,1.048363
73,CA1-V1,intermediate,CA1,9,0.937278
73,CA1-V1,intermediate,CA1,10,1.873214
73,CA1-V1,intermediate,CA1,11,0.848491
73,CA1-V1,intermediate,CA1,12,0.619895
73,CA1-V1,intermediate,CA1,13,0.97616
73,CA1-V1,intermediate,CA1,14,0.642881
73,CA1-V1,intermediate,CA1,15,1.095949
73,CA1-V1,intermediate,CA1,16,0.937331
73,CA1-V1,intermediate,CA1,17,0.956555
73,CA1-V1,intermediate,CA1,18,1.006761
73,CA1-V1,intermediate,CA1,19,0.80568
73,CA1-V1,intermediate,CA1,20,1.083684
73,CA1-V1,intermediate,CA1,21,1.145705
73,CA1-V1,intermediate,V1,0,1.154779
73,CA1-V1,intermediate,V1,1,0.723941
73,CA1-V1,intermediate,V1,2,1.057081
73,CA1-V1,intermediate,V1,3,0.993218
73,CA1-V1,intermediate,V1,4,1.106073
73,CA1-V1,intermediate,V1,5,1.030511
73,CA1-V1,intermediate,V1,6,0.65429
73,CA1-V1,intermediate,V1,7,1.010326
73,CA1-V1,intermediate,V1,8,0.971782
73,CA1-V1,intermediate,V1,9,0.96705
73,CA1-V1,intermediate,V1,10,0.957869
73,CA1-V1,intermediate,V1,11,0.922501
73,CA1-V1,intermediate,V1,12,1.244121
73,CA1-V1,intermediate,V1,13,1.074775
73,CA1-V1,intermediate,V1,14,0.911725
73,CA1-V1,intermediate,V1,15,1.06993
73,CA1-V1,intermediate,V1,16,1.980485
73,CA1-V1,intermediate,V1,17,1.330206
73,CA1-V1,expert,CA1,0,1.050777
73,CA1-V1,expert,CA1,1,1.121912
73,CA1-V1,expert,CA1,2,0.81807
73,CA1-V1,expert,CA1,3,0.634254
73,CA1-V1,expert,CA1,4,0.762505
73,CA1-V1,expert,CA1,5,1.339218
73,CA1-V1,expert,CA1,6,0.954164
73,CA1-V1,expert,CA1,7,0.065456
73,CA1-V1,expert,CA1,8,1.040489
73,CA1-V1,expert,CA1,9,0.82413
73,CA1-V1,expert,CA1,10,1.417416
73,CA1-V1,expert,CA1,11,0.871973
73,CA1-V1,expert,CA1,12,1.211992
73,CA1-V1,expert,CA1,13,0.092631
73,CA1-V1,expert,CA1,14,0.682718
73,CA1-V1,expert,CA1,15,1.051889
73,CA1-V1,expert,CA1,16,0.959691
73,CA1-V1,expert,CA1,17,0.939994
73,CA1-V1,expert,CA1,18,1.242151
73,CA1-V1,expert,CA1,19,0.892129
73,CA1-V1,expert,CA1,20,1.044081
73,CA1-V1,expert,CA1,21,0.617267
73,CA1-V1,expert,V1,0,1.122667
73,CA1-V1,expert,V1,1,0.800474
73,CA1-V1,expert,V1,2,0.994257
73,CA1-V1,expert,V1,3,1.261505
73,CA1-V1,expert,V1,4,1.175304
73,CA1-V1,expert,V1,5,0.84192
73,CA1-V1,expert,V1,6,0.821526
73,CA1-V1,expert,V1,7,0.882172
73,CA1-V1,expert,V1,8,0.964524
73,CA1-V1,expert,V1,9,0.949379
73,CA1-V1,expert,V1,10,0.888348
73,CA1-V1,expert,V1,11,1.002832
73,CA1-V1,expert,V1,12,1.349145
73,CA1-V1,expert,V1,13,1.163156
73,CA1-V1,expert,V1,14,0.928135
73,CA1-V1,expert,V1,15,1.150708
73,CA1-V1,expert,V1,16,1.555581
73,CA1-V1,expert,V1,17,2.193362
73,CA1-SUB,naive,CA1,0,0.039807
73,CA1-SUB,naive,CA1,1,2.31091
73,CA1-SUB,naive,CA1,2,0.121276
73,CA1-SUB,naive,CA1,3,1.079584
73,CA1-SUB,naive,CA1,4,1.244994
73,CA1-SUB,naive,CA1,5,2.314242
73,CA1-SUB,naive,CA1,6,0.967558
73,CA1-SUB,naive,CA1,7,0.808426
73,CA1-SUB,naive,CA1,8,1.074168
73,CA1-SUB,naive,CA1,9,2.061487
73,CA1-SUB,naive,CA1,10,2.837884
73,CA1-SUB,naive,CA1,11,1.349315
73,CA1-SUB,naive,CA1,12,2.37958
73,CA1-SUB,naive,CA1,13,1.67224
73,CA1-SUB,naive,CA1,14,1.990383
73,CA1-SUB,naive,CA1,15,1.145946
73,CA1-SUB,naive,CA1,16,1.072633
73,CA1-SUB,naive,CA1,17,1.140483
73,CA1-SUB,naive,CA1,18,0.925832
73,CA1-SUB,naive,CA1,19,1.701789
73,CA1-SUB,naive,CA1,20,1.161237
73,CA1-SUB,naive,CA1,21,0.941866
73,CA1-SUB,naive,SUB,0,0.128733
73,CA1-SUB,naive,SUB,1,0.040379
73,CA1-SUB,naive,SUB,2,0.99119
73,CA1-SUB,naive,SUB,3,0.940016
73,CA1-SUB,naive,SUB,4,0.275233
73,CA1-SUB,naive,SUB,5,0.920836
73,CA1-SUB,naive,SUB,6,0.868058
73,CA1-SUB,naive,SUB,7,0.892146
73,CA1-SUB,naive,SUB,8,0.473297
73,CA1-SUB,naive,SUB,9,0.804155
73,CA1-SUB,naive,SUB,10,0.945065
73,CA1-SUB,naive,SUB,11,0.955869
73,CA1-SUB,naive,SUB,12,0.924012
73,CA1-SUB,naive,SUB,13,0.737824
73,CA1-SUB,naive,SUB,14,0.896183
73,CA1-SUB,naive,SUB,15,0.914393
73,CA1-SUB,naive,SUB,16,0.94086
73,CA1-SUB,naive,SUB,17,0.924845
73,CA1-SUB,naive,SUB,18,1.010952
73,CA1-SUB,naive,SUB,19,0.771817
73,CA1-SUB,naive,SUB,20,0.026892
73,CA1-SUB,naive,SUB,21,0.963619
73,CA1-SUB,naive,SUB,22,0.920323
73,CA1-SUB,naive,SUB,23,0.98133
73,CA1-SUB,naive,SUB,24,0.890341
73,CA1-SUB,naive,SUB,25,0.015643
73,CA1-SUB,naive,SUB,26,0.678011
73,CA1-SUB,intermediate,CA1,0,1.127652
73,CA1-SUB,intermediate,CA1,1,0.054806
73,CA1-SUB,intermediate,CA1,2,1.199995
73,CA1-SUB,intermediate,CA1,3,0.62978
73,CA1-SUB,intermediate,CA1,4,1.106317
73,CA1-SUB,intermediate,CA1,5,0.029476
73,CA1-SUB,intermediate,CA1,6,0.941528
73,CA1-SUB,intermediate,CA1,7,1.503111
73,CA1-SUB,intermediate,CA1,8,1.062597
73,CA1-SUB,intermediate,CA1,9,1.00282
73,CA1-SUB,intermediate,CA1,10,1.928618
73,CA1-SUB,intermediate,CA1,11,0.881887
73,CA1-SUB,intermediate,CA1,12,0.699168
73,CA1-SUB,intermediate,CA1,13,0.985826
73,CA1-SUB,intermediate,CA1,14,0.806719
73,CA1-SUB,intermediate,CA1,15,1.103427
73,CA1-SUB,intermediate,CA1,16,1.033542
73,CA1-SUB,intermediate,CA1,17,0.966183
73,CA1-SUB,intermediate,CA1,18,1.035298
73,CA1-SUB,intermediate,CA1,19,0.811022
73,CA1-SUB,intermediate,CA1,20,1.09048
73,CA1-SUB,intermediate,CA1,21,1.222329
73,CA1-SUB,intermediate,SUB,0,0.199191
73,CA1-SUB,intermediate,SUB,1,0.039888
73,CA1-SUB,intermediate,SUB,2,0.828578
73,CA1-SUB,intermediate,SUB,3,0.876496
73,CA1-SUB,intermediate,SUB,4,0.603859
73,CA1-SUB,intermediate,SUB,5,0.741092
73,CA1-SUB,intermediate,SUB,6,0.950658
73,CA1-SUB,intermediate,SUB,7,0.739225
73,CA1-SUB,intermediate,SUB,8,0.940444
73,CA1-SUB,intermediate,SUB,9,0.800946
73,CA1-SUB,intermediate,SUB,10,0.807425
73,CA1-SUB,intermediate,SUB,11,0.924753
73,CA1-SUB,intermediate,SUB,12,0.894427
73,CA1-SUB,intermediate,SUB,13,0.397321
73,CA1-SUB,intermediate,SUB,14,0.903937
73,CA1-SUB,intermediate,SUB,15,0.920047
73,CA1-SUB,intermediate,SUB,16,0.941044
73,CA1-SUB,intermediate,SUB,17,0.73348
73,CA1-SUB,intermediate,SUB,18,0.968191
73,CA1-SUB,intermediate,SUB,19,0.966155
73,CA1-SUB,intermediate,SUB,20,0.635632
73,CA1-SUB,intermediate,SUB,21,0.938752
73,CA1-SUB,intermediate,SUB,22,0.914474
73,CA1-SUB,intermediate,SUB,23,0.603738
73,CA1-SUB,intermediate,SUB,24,0.944238
73,CA1-SUB,intermediate,SUB,25,0.873145
73,CA1-SUB,intermediate,SUB,26,0.91813
73,CA1-SUB,expert,CA1,0,1.059548
73,CA1-SUB,expert,CA1,1,1.139288
73,CA1-SUB,expert,CA1,2,0.856182
73,CA1-SUB,expert,CA1,3,0.649775
73,CA1-SUB,expert,CA1,4,0.878637
73,CA1-SUB,expert,CA1,5,1.589127
73,CA1-SUB,expert,CA1,6,0.959098
73,CA1-SUB,expert,CA1,7,0.070807
73,CA1-SUB,expert,CA1,8,1.086153
73,CA1-SUB,expert,CA1,9,0.897995
73,CA1-SUB,expert,CA1,10,1.507566
73,CA1-SUB,expert,CA1,11,0.954507
73,CA1-SUB,expert,CA1,12,1.240059
73,CA1-SUB,expert,CA1,13,0.094069
73,CA1-SUB,expert,CA1,14,0.763327
73,CA1-SUB,expert,CA1,15,1.06808
73,CA1-SUB,expert,CA1,16,0.978067
73,CA1-SUB,expert,CA1,17,0.94918
73,CA1-SUB,expert,CA1,18,1.244914
73,CA1-SUB,expert,CA1,19,0.947638
73,CA1-SUB,expert,CA1,20,1.072157
73,CA1-SUB,expert,CA1,21,0.705473
73,CA1-SUB,expert,SUB,0,0.254234
73,CA1-SUB,expert,SUB,1,0.031821
73,CA1-SUB,expert,SUB,2,0.981167
73,CA1-SUB,expert,SUB,3,0.894306
73,CA1-SUB,expert,SUB,4,0.638191
73,CA1-SUB,expert,SUB,5,0.919956
73,CA1-SUB,expert,SUB,6,0.949644
73,CA1-SUB,expert,SUB,7,0.750167
73,CA1-SUB,expert,SUB,8,0.8977
73,CA1-SUB,expert,SUB,9,0.554716
73,CA1-SUB,expert,SUB,10,0.841019
73,CA1-SUB,expert,SUB,11,0.912165
73,CA1-SUB,expert,SUB,12,0.859055
73,CA1-SUB,expert,SUB,13,0.703007
73,CA1-SUB,expert,SUB,14,0.523058
73,CA1-SUB,expert,SUB,15,0.895572
73,CA1-SUB,expert,SUB,16,0.836867
73,CA1-SUB,expert,SUB,17,0.881342
73,CA1-SUB,expert,SUB,18,0.993641
73,CA1-SUB,expert,SUB,19,0.983291
73,CA1-SUB,expert,SUB,20,0.792666
73,CA1-SUB,expert,SUB,21,0.912255
73,CA1-SUB,expert,SUB,22,0.744906
73,CA1-SUB,expert,SUB,23,0.825333
73,CA1-SUB,expert,SUB,24,0.931014
73,CA1-SUB,expert,SUB,25,0.907315
73,CA1-SUB,expert,SUB,26,0.968153
73,RSC-SUB,naive,RSC,0,0.144282
73,RSC-SUB,naive,RSC,1,0.052032
73,RSC-SUB,naive,RSC,2,0.032314
73,RSC-SUB,naive,RSC,3,0.868716
73,RSC-SUB,naive,RSC,4,0.884692
73,RSC-SUB,naive,RSC,5,0.875091
73,RSC-SUB,naive,RSC,6,0.03148
73,RSC-SUB,naive,RSC,7,0.076736
73,RSC-SUB,naive,RSC,8,0.078424
73,RSC-SUB,naive,RSC,9,0.023789
73,RSC-SUB,naive,RSC,10,0.069669
73,RSC-SUB,naive,RSC,11,0.009664
73,RSC-SUB,naive,RSC,12,0.075286
73,RSC-SUB,naive,RSC,13,0.614841
73,RSC-SUB,naive,RSC,14,0.877435
73,RSC-SUB,naive,RSC,15,0.037597
73,RSC-SUB,naive,RSC,16,0.832276
73,RSC-SUB,naive,RSC,17,0.029843
73,RSC-SUB,naive,RSC,18,0.014034
73,RSC-SUB,naive,RSC,19,0.009283
73,RSC-SUB,naive,RSC,20,0.007106
73,RSC-SUB,naive,RSC,21,0.008823
73,RSC-SUB,naive,RSC,22,0.142453
73,RSC-SUB,naive,RSC,23,0.022016
73,RSC-SUB,naive,RSC,24,0.070358
73,RSC-SUB,naive,RSC,25,0.003027
73,RSC-SUB,naive,RSC,26,0.058618
73,RSC-SUB,naive,RSC,27,0.289919
73,RSC-SUB,naive,RSC,28,0.780073
73,RSC-SUB,naive,RSC,29,0.109957
73,RSC-SUB,naive,RSC,30,0.030369
73,RSC-SUB,naive,RSC,31,0.060504
73,RSC-SUB,naive,RSC,32,0.070048
73,RSC-SUB,naive,RSC,33,0.047898
73,RSC-SUB,naive,RSC,34,0.06166
73,RSC-SUB,naive,RSC,35,0.094505
73,RSC-SUB,naive,RSC,36,0.91536
73,RSC-SUB,naive,RSC,37,0.065394
73,RSC-SUB,naive,RSC,38,0.878061
73,RSC-SUB,naive,RSC,39,0.103222
73,RSC-SUB,naive,RSC,40,0.866486
73,RSC-SUB,naive,RSC,41,0.018477
73,RSC-SUB,naive,RSC,42,0.846322
73,RSC-SUB,naive,RSC,43,0.013063
73,RSC-SUB,naive,RSC,44,0.515864
73,RSC-SUB,naive,RSC,45,0.762766
73,RSC-SUB,naive,RSC,46,0.746655
73,RSC-SUB,naive,RSC,47,0.095365
73,RSC-SUB,naive,RSC,48,0.863278
73,RSC-SUB,naive,RSC,49,0.828337
73,RSC-SUB,naive,RSC,50,0.039695
73,RSC-SUB,naive,RSC,51,0.919478
73,RSC-SUB,naive,RSC,52,0.541295
73,RSC-SUB,naive,RSC,53,0.622167
73,RSC-SUB,naive,RSC,54,0.824498
73,RSC-SUB,naive,RSC,55,0.537493
73,RSC-SUB,naive,SUB,0,0.125852
73,RSC-SUB,naive,SUB,1,0.04128
73,RSC-SUB,naive,SUB,2,0.98964
73,RSC-SUB,naive,SUB,3,0.939416
73,RSC-SUB,naive,SUB,4,0.273707
73,RSC-SUB,naive,SUB,5,0.919353
73,RSC-SUB,naive,SUB,6,0.862898
73,RSC-SUB,naive,SUB,7,0.892334
73,RSC-SUB,naive,SUB,8,0.474484
73,RSC-SUB,naive,SUB,9,0.803307
73,RSC-SUB,naive,SUB,10,0.944626
73,RSC-SUB,naive,SUB,11,0.955692
73,RSC-SUB,naive,SUB,12,0.923358
73,RSC-SUB,naive,SUB,13,0.741472
73,RSC-SUB,naive,SUB,14,0.895614
73,RSC-SUB,naive,SUB,15,0.90963
73,RSC-SUB,naive,SUB,16,0.938414
73,RSC-SUB,naive,SUB,17,0.924271
73,RSC-SUB,naive,SUB,18,1.009932
73,RSC-SUB,naive,SUB,19,0.771274
73,RSC-SUB,naive,SUB,20,0.026517
73,RSC-SUB,naive,SUB,21,0.966818
73,RSC-SUB,naive,SUB,22,0.919969
73,RSC-SUB,naive,SUB,23,0.978939
73,RSC-SUB,naive,SUB,24,0.889449
73,RSC-SUB,naive,SUB,25,0.01563
73,RSC-SUB,naive,SUB,26,0.677445
73,RSC-SUB,intermediate,RSC,0,0.467491
73,RSC-SUB,intermediate,RSC,1,0.824882
73,RSC-SUB,intermediate,RSC,2,0.059349
73,RSC-SUB,intermediate,RSC,3,0.305516
73,RSC-SUB,intermediate,RSC,4,0.409702
73,RSC-SUB,intermediate,RSC,5,0.87129
73,RSC-SUB,intermediate,RSC,6,0.144829
73,RSC-SUB,intermediate,RSC,7,0.019807
73,RSC-SUB,intermediate,RSC,8,0.200849
73,RSC-SUB,intermediate,RSC,9,0.224998
73,RSC-SUB,intermediate,RSC,10,0.074817
73,RSC-SUB,intermediate,RSC,11,0.762662
73,RSC-SUB,intermediate,RSC,12,0.78726
73,RSC-SUB,intermediate,RSC,13,0.788818
73,RSC-SUB,intermediate,RSC,14,0.614912
73,RSC-SUB,intermediate,RSC,15,0.115286
73,RSC-SUB,intermediate,RSC,16,0.143686
73,RSC-SUB,intermediate,RSC,17,0.135569
73,RSC-SUB,intermediate,RSC,18,0.792042
73,RSC-SUB,intermediate,RSC,19,0.696636
73,RSC-SUB,intermediate,RSC,20,0.734909
73,RSC-SUB,intermediate,RSC,21,0.329882
73,RSC-SUB,intermediate,RSC,22,0.158129
73,RSC-SUB,intermediate,RSC,23,0.014867
73,RSC-SUB,intermediate,RSC,24,0.02906
73,RSC-SUB,intermediate,RSC,25,0.013419
73,RSC-SUB,intermediate,RSC,26,0.051334
73,RSC-SUB,intermediate,RSC,27,0.077295
73,RSC-SUB,intermediate,RSC,28,0.809705
73,RSC-SUB,intermediate,RSC,29,0.191956
73,RSC-SUB,intermediate,RSC,30,0.088241
73,RSC-SUB,intermediate,RSC,31,0.277248
73,RSC-SUB,intermediate,RSC,32,0.477502
73,RSC-SUB,intermediate,RSC,33,0.177815
73,RSC-SUB,intermediate,RSC,34,0.290771
73,RSC-SUB,intermediate,RSC,35,0.804471
73,RSC-SUB,intermediate,RSC,36,0.849349
73,RSC-SUB,intermediate,RSC,37,0.084733
73,RSC-SUB,intermediate,RSC,38,0.83838
73,RSC-SUB,intermediate,RSC,39,0.040804
73,RSC-SUB,intermediate,RSC,40,0.831754
73,RSC-SUB,intermediate,RSC,41,0.784999
73,RSC-SUB,intermediate,RSC,42,0.030442
73,RSC-SUB,intermediate,RSC,43,0.046361
73,RSC-SUB,intermediate,RSC,44,0.000194
73,RSC-SUB,intermediate,RSC,45,0.839675
73,RSC-SUB,intermediate,RSC,46,0.096797
73,RSC-SUB,intermediate,RSC,47,0.525354
73,RSC-SUB,intermediate,RSC,48,0.122676
73,RSC-SUB,intermediate,RSC,49,0.811492
73,RSC-SUB,intermediate,RSC,50,0.768389
73,RSC-SUB,intermediate,RSC,51,0.834795
73,RSC-SUB,intermediate,RSC,52,0.818009
73,RSC-SUB,intermediate,RSC,53,0.094364
73,RSC-SUB,intermediate,RSC,54,0.208729
73,RSC-SUB,intermediate,RSC,55,0.055115
73,RSC-SUB,intermediate,SUB,0,0.196555
73,RSC-SUB,intermediate,SUB,1,0.039769
73,RSC-SUB,intermediate,SUB,2,0.843128
73,RSC-SUB,intermediate,SUB,3,0.875965
73,RSC-SUB,intermediate,SUB,4,0.598994
73,RSC-SUB,intermediate,SUB,5,0.747543
73,RSC-SUB,intermediate,SUB,6,0.949668
73,RSC-SUB,intermediate,SUB,7,0.741416
73,RSC-SUB,intermediate,SUB,8,0.939713
73,RSC-SUB,intermediate,SUB,9,0.800701
73,RSC-SUB,intermediate,SUB,10,0.807858
73,RSC-SUB,intermediate,SUB,11,0.923535
73,RSC-SUB,intermediate,SUB,12,0.893501
73,RSC-SUB,intermediate,SUB,13,0.391581
73,RSC-SUB,intermediate,SUB,14,0.896834
73,RSC-SUB,intermediate,SUB,15,0.919676
73,RSC-SUB,intermediate,SUB,16,0.934237
73,RSC-SUB,intermediate,SUB,17,0.731838
73,RSC-SUB,intermediate,SUB,18,0.968191
73,RSC-SUB,intermediate,SUB,19,0.965415
73,RSC-SUB,intermediate,SUB,20,0.635178
73,RSC-SUB,intermediate,SUB,21,0.933702
73,RSC-SUB,intermediate,SUB,22,0.913725
73,RSC-SUB,intermediate,SUB,23,0.599818
73,RSC-SUB,intermediate,SUB,24,0.946213
73,RSC-SUB,intermediate,SUB,25,0.872149
73,RSC-SUB,intermediate,SUB,26,0.916962
73,RSC-SUB,expert,RSC,0,0.892296
73,RSC-SUB,expert,RSC,1,0.829298
73,RSC-SUB,expert,RSC,2,0.167638
73,RSC-SUB,expert,RSC,3,0.820124
73,RSC-SUB,expert,RSC,4,0.885372
73,RSC-SUB,expert,RSC,5,0.131212
73,RSC-SUB,expert,RSC,6,0.883567
73,RSC-SUB,expert,RSC,7,0.032531
73,RSC-SUB,expert,RSC,8,0.29669
73,RSC-SUB,expert,RSC,9,0.870399
73,RSC-SUB,expert,RSC,10,0.428478
73,RSC-SUB,expert,RSC,11,0.57347
73,RSC-SUB,expert,RSC,12,0.890188
73,RSC-SUB,expert,RSC,13,0.100369
73,RSC-SUB,expert,RSC,14,0.551149
73,RSC-SUB,expert,RSC,15,0.171002
73,RSC-SUB,expert,RSC,16,0.028447
73,RSC-SUB,expert,RSC,17,0.265246
73,RSC-SUB,expert,RSC,18,0.801503
73,RSC-SUB,expert,RSC,19,0.165589
73,RSC-SUB,expert,RSC,20,0.756513
73,RSC-SUB,expert,RSC,21,0.24487
73,RSC-SUB,expert,RSC,22,0.252582
73,RSC-SUB,expert,RSC,23,0.026638
73,RSC-SUB,expert,RSC,24,0.571389
73,RSC-SUB,expert,RSC,25,0.020505
73,RSC-SUB,expert,RSC,26,0.067937
73,RSC-SUB,expert,RSC,27,0.094316
73,RSC-SUB,expert,RSC,28,0.119959
73,RSC-SUB,expert,RSC,29,0.89358
73,RSC-SUB,expert,RSC,30,0.10696
73,RSC-SUB,expert,RSC,31,0.622611
73,RSC-SUB,expert,RSC,32,0.855224
73,RSC-SUB,expert,RSC,33,0.067829
73,RSC-SUB,expert,RSC,34,0.323467
73,RSC-SUB,expert,RSC,35,0.857436
73,RSC-SUB,expert,RSC,36,0.812758
73,RSC-SUB,expert,RSC,37,0.166583
73,RSC-SUB,expert,RSC,38,0.897349
73,RSC-SUB,expert,RSC,39,0.064487
73,RSC-SUB,expert,RSC,40,0.010625
73,RSC-SUB,expert,RSC,41,0.298507
73,RSC-SUB,expert,RSC,42,0.02034
73,RSC-SUB,expert,RSC,43,0.250195
73,RSC-SUB,expert,RSC,44,0.00019
73,RSC-SUB,expert,RSC,45,0.12855
73,RSC-SUB,expert,RSC,46,0.889568
73,RSC-SUB,expert,RSC,47,0.604767
73,RSC-SUB,expert,RSC,48,0.180467
73,RSC-SUB,expert,RSC,49,0.166359
73,RSC-SUB,expert,RSC,50,0.523723
73,RSC-SUB,expert,RSC,51,0.818715
73,RSC-SUB,expert,RSC,52,0.859248
73,RSC-SUB,expert,RSC,53,0.063155
73,RSC-SUB,expert,RSC,54,0.083431
73,RSC-SUB,expert,RSC,55,0.021769
73,RSC-SUB,expert,SUB,0,0.241548
73,RSC-SUB,expert,SUB,1,0.031556
73,RSC-SUB,expert,SUB,2,0.979094
73,RSC-SUB,expert,SUB,3,0.892654
73,RSC-SUB,expert,SUB,4,0.640264
73,RSC-SUB,expert,SUB,5,0.91731
73,RSC-SUB,expert,SUB,6,0.948825
73,RSC-SUB,expert,SUB,7,0.748576
73,RSC-SUB,expert,SUB,8,0.899712
73,RSC-SUB,expert,SUB,9,0.550077
73,RSC-SUB,expert,SUB,10,0.827313
73,RSC-SUB,expert,SUB,11,0.90894
73,RSC-SUB,expert,SUB,12,0.857345
73,RSC-SUB,expert,SUB,13,0.701961
73,RSC-SUB,expert,SUB,14,0.525397
73,RSC-SUB,expert,SUB,15,0.89111
73,RSC-SUB,expert,SUB,16,0.834944
73,RSC-SUB,expert,SUB,17,0.883433
73,RSC-SUB,expert,SUB,18,0.992799
73,RSC-SUB,expert,SUB,19,0.981351
73,RSC-SUB,expert,SUB,20,0.792151
73,RSC-SUB,expert,SUB,21,0.908547
73,RSC-SUB,expert,SUB,22,0.750854
73,RSC-SUB,expert,SUB,23,0.828718
73,RSC-SUB,expert,SUB,24,0.928963
73,RSC-SUB,expert,SUB,25,0.906349
73,RSC-SUB,expert,SUB,26,0.966764
73,V1-RSC,naive,V1,0,1.147388
73,V1-RSC,naive,V1,1,0.710791
73,V1-RSC,naive,V1,2,2.357058
73,V1-RSC,naive,V1,3,8.2648
73,V1-RSC,naive,V1,4,1.594045
73,V1-RSC,naive,V1,5,1.194636
73,V1-RSC,naive,V1,6,1.040189
73,V1-RSC,naive,V1,7,1.731389
73,V1-RSC,naive,V1,8,1.004775
73,V1-RSC,naive,V1,9,1.248299
73,V1-RSC,naive,V1,10,1.644224
73,V1-RSC,naive,V1,11,0.953222
73,V1-RSC,naive,V1,12,1.270337
73,V1-RSC,naive,V1,13,1.086419
73,V1-RSC,naive,V1,14,0.776558
73,V1-RSC,naive,V1,15,0.965254
73,V1-RSC,naive,V1,16,0.853424
73,V1-RSC,naive,V1,17,0.68136
73,V1-RSC,naive,RSC,0,0.148715
73,V1-RSC,naive,RSC,1,0.050403
73,V1-RSC,naive,RSC,2,0.029486
73,V1-RSC,naive,RSC,3,0.833833
73,V1-RSC,naive,RSC,4,0.866497
73,V1-RSC,naive,RSC,5,0.871002
73,V1-RSC,naive,RSC,6,0.028902
73,V1-RSC,naive,RSC,7,0.065943
73,V1-RSC,naive,RSC,8,0.074209
73,V1-RSC,naive,RSC,9,0.023171
73,V1-RSC,naive,RSC,10,0.069657
73,V1-RSC,naive,RSC,11,0.009484
73,V1-RSC,naive,RSC,12,0.07547
73,V1-RSC,naive,RSC,13,0.611565
73,V1-RSC,naive,RSC,14,0.872223
73,V1-RSC,naive,RSC,15,0.03667
73,V1-RSC,naive,RSC,16,0.820304
73,V1-RSC,naive,RSC,17,0.027604
73,V1-RSC,naive,RSC,18,0.014187
73,V1-RSC,naive,RSC,19,0.00915
73,V1-RSC,naive,RSC,20,0.006797
73,V1-RSC,naive,RSC,21,0.009121
73,V1-RSC,naive,RSC,22,0.140324
73,V1-RSC,naive,RSC,23,0.021689
73,V1-RSC,naive,RSC,24,0.067321
73,V1-RSC,naive,RSC,25,0.003059
73,V1-RSC,naive,RSC,26,0.057172
73,V1-RSC,naive,RSC,27,0.312628
73,V1-RSC,naive,RSC,28,0.759435
73,V1-RSC,naive,RSC,29,0.099077
73,V1-RSC,naive,RSC,30,0.032276
73,V1-RSC,naive,RSC,31,0.06406
73,V1-RSC,naive,RSC,32,0.070977
73,V1-RSC,naive,RSC,33,0.049104
73,V1-RSC,naive,RSC,34,0.058044
73,V1-RSC,naive,RSC,35,0.092375
73,V1-RSC,naive,RSC,36,0.911017
73,V1-RSC,naive,RSC,37,0.066381
73,V1-RSC,naive,RSC,38,0.655672
73,V1-RSC,naive,RSC,39,0.102339
73,V1-RSC,naive,RSC,40,0.840825
73,V1-RSC,naive,RSC,41,0.018338
73,V1-RSC,naive,RSC,42,0.762132
73,V1-RSC,naive,RSC,43,0.013012
73,V1-RSC,naive,RSC,44,0.263722
73,V1-RSC,naive,RSC,45,0.760402
73,V1-RSC,naive,RSC,46,0.717157
73,V1-RSC,naive,RSC,47,0.098611
73,V1-RSC,naive,RSC,48,0.830243
73,V1-RSC,naive,RSC,49,0.820042
73,V1-RSC,naive,RSC,50,0.040169
73,V1-RSC,naive,RSC,51,0.913833
73,V1-RSC,naive,RSC,52,0.546631
73,V1-RSC,naive,RSC,53,0.602412
73,V1-RSC,naive,RSC,54,0.792452
73,V1-RSC,naive,RSC,55,0.523297
73,V1-RSC,intermediate,V1,0,1.149312
73,V1-RSC,intermediate,V1,1,0.721375
73,V1-RSC,intermediate,V1,2,1.05658
73,V1-RSC,intermediate,V1,3,0.995117
73,V1-RSC,intermediate,V1,4,1.103833
73,V1-RSC,intermediate,V1,5,1.029181
73,V1-RSC,intermediate,V1,6,0.653719
73,V1-RSC,intermediate,V1,7,1.007756
73,V1-RSC,intermediate,V1,8,0.968952
73,V1-RSC,intermediate,V1,9,0.961769
73,V1-RSC,intermediate,V1,10,0.950264
73,V1-RSC,intermediate,V1,11,0.920072
73,V1-RSC,intermediate,V1,12,1.240769
73,V1-RSC,intermediate,V1,13,1.071339
73,V1-RSC,intermediate,V1,14,0.909517
73,V1-RSC,intermediate,V1,15,1.06836
73,V1-RSC,intermediate,V1,16,1.9747
73,V1-RSC,intermediate,V1,17,1.329043
73,V1-RSC,intermediate,RSC,0,0.44227
73,V1-RSC,intermediate,RSC,1,0.787953
73,V1-RSC,intermediate,RSC,2,0.058792
73,V1-RSC,intermediate,RSC,3,0.311052
73,V1-RSC,intermediate,RSC,4,0.376037
73,V1-RSC,intermediate,RSC,5,0.857517
73,V1-RSC,intermediate,RSC,6,0.14611
73,V1-RSC,intermediate,RSC,7,0.019179
73,V1-RSC,intermediate,RSC,8,0.196893
73,V1-RSC,intermediate,RSC,9,0.234562
73,V1-RSC,intermediate,RSC,10,0.073249
73,V1-RSC,intermediate,RSC,11,0.602552
73,V1-RSC,intermediate,RSC,12,0.718466
73,V1-RSC,intermediate,RSC,13,0.778162
73,V1-RSC,intermediate,RSC,14,0.596469
73,V1-RSC,intermediate,RSC,15,0.085007
73,V1-RSC,intermediate,RSC,16,0.139492
73,V1-RSC,intermediate,RSC,17,0.152447
73,V1-RSC,intermediate,RSC,18,0.770051
73,V1-RSC,intermediate,RSC,19,0.659186
73,V1-RSC,intermediate,RSC,20,0.644044
73,V1-RSC,intermediate,RSC,21,0.346444
73,V1-RSC,intermediate,RSC,22,0.159994
73,V1-RSC,intermediate,RSC,23,0.010381
73,V1-RSC,intermediate,RSC,24,0.024496
73,V1-RSC,intermediate,RSC,25,0.013281
73,V1-RSC,intermediate,RSC,26,0.052668
73,V1-RSC,intermediate,RSC,27,0.071674
73,V1-RSC,intermediate,RSC,28,0.784215
73,V1-RSC,intermediate,RSC,29,0.162377
73,V1-RSC,intermediate,RSC,30,0.080359
73,V1-RSC,intermediate,RSC,31,0.265567
73,V1-RSC,intermediate,RSC,32,0.456386
73,V1-RSC,intermediate,RSC,33,0.17132
73,V1-RSC,intermediate,RSC,34,0.268553
73,V1-RSC,intermediate,RSC,35,0.717882
73,V1-RSC,intermediate,RSC,36,0.845306
73,V1-RSC,intermediate,RSC,37,0.087026
73,V1-RSC,intermediate,RSC,38,0.820868
73,V1-RSC,intermediate,RSC,39,0.039761
73,V1-RSC,intermediate,RSC,40,0.799914
73,V1-RSC,intermediate,RSC,41,0.761264
73,V1-RSC,intermediate,RSC,42,0.029567
73,V1-RSC,intermediate,RSC,43,0.040027
73,V1-RSC,intermediate,RSC,44,0.000181
73,V1-RSC,intermediate,RSC,45,0.69499
73,V1-RSC,intermediate,RSC,46,0.090243
73,V1-RSC,intermediate,RSC,47,0.491875
73,V1-RSC,intermediate,RSC,48,0.120041
73,V1-RSC,intermediate,RSC,49,0.811314
73,V1-RSC,intermediate,RSC,50,0.757235
73,V1-RSC,intermediate,RSC,51,0.794418
73,V1-RSC,intermediate,RSC,52,0.804183
73,V1-RSC,intermediate,RSC,53,0.092236
73,V1-RSC,intermediate,RSC,54,0.207163
73,V1-RSC,intermediate,RSC,55,0.051211
73,V1-RSC,expert,V1,0,1.119374
73,V1-RSC,expert,V1,1,0.798114
73,V1-RSC,expert,V1,2,0.993725
73,V1-RSC,expert,V1,3,1.26048
73,V1-RSC,expert,V1,4,1.174087
73,V1-RSC,expert,V1,5,0.840255
73,V1-RSC,expert,V1,6,0.821121
73,V1-RSC,expert,V1,7,0.88064
73,V1-RSC,expert,V1,8,0.959789
73,V1-RSC,expert,V1,9,0.945445
73,V1-RSC,expert,V1,10,0.880757
73,V1-RSC,expert,V1,11,1.001784
73,V1-RSC,expert,V1,12,1.345344
73,V1-RSC,expert,V1,13,1.157915
73,V1-RSC,expert,V1,14,0.926854
73,V1-RSC,expert,V1,15,1.148132
73,V1-RSC,expert,V1,16,1.553746
73,V1-RSC,expert,V1,17,2.192966
73,V1-RSC,expert,RSC,0,0.878238
73,V1-RSC,expert,RSC,1,0.735066
73,V1-RSC,expert,RSC,2,0.159319
73,V1-RSC,expert,RSC,3,0.803651
73,V1-RSC,expert,RSC,4,0.881044
73,V1-RSC,expert,RSC,5,0.131712
73,V1-RSC,expert,RSC,6,0.844449
73,V1-RSC,expert,RSC,7,0.031525
73,V1-RSC,expert,RSC,8,0.290229
73,V1-RSC,expert,RSC,9,0.84877
73,V1-RSC,expert,RSC,10,0.419473
73,V1-RSC,expert,RSC,11,0.522435
73,V1-RSC,expert,RSC,12,0.859813
73,V1-RSC,expert,RSC,13,0.097127
73,V1-RSC,expert,RSC,14,0.547667
73,V1-RSC,expert,RSC,15,0.151952
73,V1-RSC,expert,RSC,16,0.028512
73,V1-RSC,expert,RSC,17,0.292871
73,V1-RSC,expert,RSC,18,0.769776
73,V1-RSC,expert,RSC,19,0.166413
73,V1-RSC,expert,RSC,20,0.744894
73,V1-RSC,expert,RSC,21,0.251192
73,V1-RSC,expert,RSC,22,0.246663
73,V1-RSC,expert,RSC,23,0.025891
73,V1-RSC,expert,RSC,24,0.479882
73,V1-RSC,expert,RSC,25,0.020047
73,V1-RSC,expert,RSC,26,0.070251
73,V1-RSC,expert,RSC,27,0.09772
73,V1-RSC,expert,RSC,28,0.121286
73,V1-RSC,expert,RSC,29,0.660786
73,V1-RSC,expert,RSC,30,0.105064
73,V1-RSC,expert,RSC,31,0.603433
73,V1-RSC,expert,RSC,32,0.828836
73,V1-RSC,expert,RSC,33,0.061565
73,V1-RSC,expert,RSC,34,0.342443
73,V1-RSC,expert,RSC,35,0.847919
73,V1-RSC,expert,RSC,36,0.789627
73,V1-RSC,expert,RSC,37,0.170202
73,V1-RSC,expert,RSC,38,0.865624
73,V1-RSC,expert,RSC,39,0.06022
73,V1-RSC,expert,RSC,40,0.01081
73,V1-RSC,expert,RSC,41,0.283782
73,V1-RSC,expert,RSC,42,0.019641
73,V1-RSC,expert,RSC,43,0.249601
73,V1-RSC,expert,RSC,44,0.000202
73,V1-RSC,expert,RSC,45,0.128123
73,V1-RSC,expert,RSC,46,0.801702
73,V1-RSC,expert,RSC,47,0.557063
73,V1-RSC,expert,RSC,48,0.184271
73,V1-RSC,expert,RSC,49,0.164688
73,V1-RSC,expert,RSC,50,0.503565
73,V1-RSC,expert,RSC,51,0.81049
73,V1-RSC,expert,RSC,52,0.817508
73,V1-RSC,expert,RSC,53,0.062864
73,V1-RSC,expert,RSC,54,0.084166
73,V1-RSC,expert,RSC,55,0.022445
75,CA1-RSC,naive,CA1,0,1.044872
75,CA1-RSC,naive,CA1,1,1.421228
75,CA1-RSC,naive,CA1,2,1.075877
75,CA1-RSC,naive,CA1,3,2.734754
75,CA1-RSC,naive,CA1,4,1.40381
75,CA1-RSC,naive,CA1,5,0.914842
75,CA1-RSC,naive,CA1,6,1.149411
75,CA1-RSC,naive,CA1,7,0.985539
75,CA1-RSC,naive,CA1,8,0.971263
75,CA1-RSC,naive,CA1,9,1.218452
75,CA1-RSC,naive,CA1,10,1.324522
75,CA1-RSC,naive,CA1,11,0.007972
75,CA1-RSC,naive,CA1,12,1.035176
75,CA1-RSC,naive,CA1,13,2.179377
75,CA1-RSC,naive,CA1,14,0.990558
75,CA1-RSC,naive,CA1,15,0.8562
75,CA1-RSC,naive,CA1,16,0.983254
75,CA1-RSC,naive,CA1,17,0.959419
75,CA1-RSC,naive,CA1,18,1.087458
75,CA1-RSC,naive,CA1,19,0.89195
75,CA1-RSC,naive,CA1,20,1.419443
75,CA1-RSC,naive,RSC,0,0.043121
75,CA1-RSC,naive,RSC,1,0.03526
75,CA1-RSC,naive,RSC,2,0.039445
75,CA1-RSC,naive,RSC,3,0.025868
75,CA1-RSC,naive,RSC,4,0.076632
75,CA1-RSC,naive,RSC,5,0.129609
75,CA1-RSC,naive,RSC,6,0.019395
75,CA1-RSC,naive,RSC,7,0.035035
75,CA1-RSC,naive,RSC,8,0.430474
75,CA1-RSC,naive,RSC,9,0.679864
75,CA1-RSC,naive,RSC,10,0.0141
75,CA1-RSC,naive,RSC,11,0.01579
75,CA1-RSC,naive,RSC,12,0.032206
75,CA1-RSC,naive,RSC,13,0.0
75,CA1-RSC,naive,RSC,14,0.091258
75,CA1-RSC,naive,RSC,15,0.015598
75,CA1-RSC,naive,RSC,16,0.038559
75,CA1-RSC,naive,RSC,17,0.528989
75,CA1-RSC,naive,RSC,18,0.171897
75,CA1-RSC,naive,RSC,19,0.010523
75,CA1-RSC,naive,RSC,20,0.011634
75,CA1-RSC,naive,RSC,21,0.041277
75,CA1-RSC,naive,RSC,22,0.004663
75,CA1-RSC,naive,RSC,23,0.029376
75,CA1-RSC,naive,RSC,24,0.187646
75,CA1-RSC,naive,RSC,25,0.016226
75,CA1-RSC,naive,RSC,26,0.064379
75,CA1-RSC,naive,RSC,27,0.009471
75,CA1-RSC,naive,RSC,28,0.169542
75,CA1-RSC,naive,RSC,29,0.023153
75,CA1-RSC,naive,RSC,30,0.013145
75,CA1-RSC,naive,RSC,31,0.00281
75,CA1-RSC,naive,RSC,32,0.238623
75,CA1-RSC,naive,RSC,33,0.014952
75,CA1-RSC,naive,RSC,34,0.505734
75,CA1-RSC,naive,RSC,35,0.025391
75,CA1-RSC,naive,RSC,36,0.135082
75,CA1-RSC,naive,RSC,37,0.66067
75,CA1-RSC,naive,RSC,38,0.650895
75,CA1-RSC,naive,RSC,39,0.062258
75,CA1-RSC,naive,RSC,40,0.011566
75,CA1-RSC,naive,RSC,41,0.006161
75,CA1-RSC,naive,RSC,42,0.007223
75,CA1-RSC,naive,RSC,43,0.030717
75,CA1-RSC,naive,RSC,44,0.013826
75,CA1-RSC,naive,RSC,45,0.129641
75,CA1-RSC,naive,RSC,46,0.013541
75,CA1-RSC,naive,RSC,47,0.114498
75,CA1-RSC,naive,RSC,48,0.019622
75,CA1-RSC,naive,RSC,49,0.060566
75,CA1-RSC,naive,RSC,50,0.036805
75,CA1-RSC,naive,RSC,51,0.014308
75,CA1-RSC,naive,RSC,52,0.017328
75,CA1-RSC,naive,RSC,53,0.004117
75,CA1-RSC,naive,RSC,54,0.001586
75,CA1-RSC,naive,RSC,55,0.027102
75,CA1-RSC,naive,RSC,56,0.113651
75,CA1-RSC,naive,RSC,57,0.099014
75,CA1-RSC,naive,RSC,58,0.172488
75,CA1-RSC,naive,RSC,59,0.012691
75,CA1-RSC,naive,RSC,60,0.030348
75,CA1-RSC,naive,RSC,61,0.00745
75,CA1-RSC,naive,RSC,62,0.108442
75,CA1-RSC,naive,RSC,63,0.039462
75,CA1-RSC,naive,RSC,64,0.384168
75,CA1-RSC,naive,RSC,65,0.737919
75,CA1-RSC,naive,RSC,66,0.026355
75,CA1-RSC,naive,RSC,67,0.024034
75,CA1-RSC,naive,RSC,68,0.022473
75,CA1-RSC,naive,RSC,69,0.595387
75,CA1-RSC,naive,RSC,70,0.084099
75,CA1-RSC,naive,RSC,71,0.080478
75,CA1-RSC,naive,RSC,72,0.022902
75,CA1-RSC,naive,RSC,73,0.0
75,CA1-RSC,naive,RSC,74,0.071837
75,CA1-RSC,naive,RSC,75,0.088923
75,CA1-RSC,naive,RSC,76,0.06261
75,CA1-RSC,naive,RSC,77,0.068071
75,CA1-RSC,naive,RSC,78,0.074009
75,CA1-RSC,naive,RSC,79,0.071135
75,CA1-RSC,naive,RSC,80,0.027166
75,CA1-RSC,naive,RSC,81,0.052767
75,CA1-RSC,naive,RSC,82,0.085642
75,CA1-RSC,naive,RSC,83,0.048615
75,CA1-RSC,naive,RSC,84,0.005074
75,CA1-RSC,naive,RSC,85,0.059575
75,CA1-RSC,naive,RSC,86,0.018108
75,CA1-RSC,naive,RSC,87,0.044924
75,CA1-RSC,naive,RSC,88,0.014206
75,CA1-RSC,naive,RSC,89,0.028997
75,CA1-RSC,naive,RSC,90,0.041717
75,CA1-RSC,naive,RSC,91,0.729616
75,CA1-RSC,naive,RSC,92,0.202375
75,CA1-RSC,naive,RSC,93,0.013929
75,CA1-RSC,naive,RSC,94,0.010568
75,CA1-RSC,naive,RSC,95,0.096898
75,CA1-RSC,naive,RSC,96,0.008328
75,CA1-RSC,naive,RSC,97,0.028095
75,CA1-RSC,naive,RSC,98,0.083755
75,CA1-RSC,naive,RSC,99,0.07033
75,CA1-RSC,naive,RSC,100,0.016227
75,CA1-RSC,naive,RSC,101,0.150054
75,CA1-RSC,naive,RSC,102,0.630889
75,CA1-RSC,naive,RSC,103,0.007608
75,CA1-RSC,naive,RSC,104,0.042464
75,CA1-RSC,naive,RSC,105,0.020163
75,CA1-RSC,naive,RSC,106,0.029836
75,CA1-RSC,naive,RSC,107,0.115693
75,CA1-RSC,naive,RSC,108,0.0
75,CA1-RSC,naive,RSC,109,0.0298
75,CA1-RSC,naive,RSC,110,0.056637
75,CA1-RSC,naive,RSC,111,0.085836
75,CA1-RSC,naive,RSC,112,0.681918
75,CA1-RSC,naive,RSC,113,0.005504
75,CA1-RSC,naive,RSC,114,0.003519
75,CA1-RSC,naive,RSC,115,0.200355
75,CA1-RSC,naive,RSC,116,0.0259
75,CA1-RSC,naive,RSC,117,0.089422
75,CA1-RSC,naive,RSC,118,0.062579
75,CA1-RSC,naive,RSC,119,0.11777
75,CA1-RSC,naive,RSC,120,0.651471
75,CA1-RSC,naive,RSC,121,0.053666
75,CA1-RSC,naive,RSC,122,0.077578
75,CA1-RSC,naive,RSC,123,0.074342
75,CA1-RSC,naive,RSC,124,0.044198
75,CA1-RSC,naive,RSC,125,0.032637
75,CA1-RSC,naive,RSC,126,0.041631
75,CA1-RSC,naive,RSC,127,0.074808
75,CA1-RSC,naive,RSC,128,0.096871
75,CA1-RSC,naive,RSC,129,0.063249
75,CA1-RSC,naive,RSC,130,0.02677
75,CA1-RSC,naive,RSC,131,0.103297
75,CA1-RSC,naive,RSC,132,0.760476
75,CA1-RSC,naive,RSC,133,0.713125
75,CA1-RSC,naive,RSC,134,0.027087
75,CA1-RSC,naive,RSC,135,0.155683
75,CA1-RSC,naive,RSC,136,0.099116
75,CA1-RSC,naive,RSC,137,0.643726
75,CA1-RSC,naive,RSC,138,0.110424
75,CA1-RSC,naive,RSC,139,0.010909
75,CA1-RSC,naive,RSC,140,0.025108
75,CA1-RSC,naive,RSC,141,0.173949
75,CA1-RSC,naive,RSC,142,0.02184
75,CA1-RSC,naive,RSC,143,0.029307
75,CA1-RSC,naive,RSC,144,0.001463
75,CA1-RSC,naive,RSC,145,0.732829
75,CA1-RSC,naive,RSC,146,0.092264
75,CA1-RSC,naive,RSC,147,0.008759
75,CA1-RSC,naive,RSC,148,0.031694
75,CA1-RSC,naive,RSC,149,0.039354
75,CA1-RSC,naive,RSC,150,0.081421
75,CA1-RSC,naive,RSC,151,0.049751
75,CA1-RSC,naive,RSC,152,0.168854
75,CA1-RSC,naive,RSC,153,0.056919
75,CA1-RSC,naive,RSC,154,0.061744
75,CA1-RSC,naive,RSC,155,0.004912
75,CA1-RSC,naive,RSC,156,0.035424
75,CA1-RSC,naive,RSC,157,0.062988
75,CA1-RSC,naive,RSC,158,0.047765
75,CA1-RSC,naive,RSC,159,0.074505
75,CA1-RSC,naive,RSC,160,0.161355
75,CA1-RSC,naive,RSC,161,0.575674
75,CA1-RSC,naive,RSC,162,0.08633
75,CA1-RSC,naive,RSC,163,0.729725
75,CA1-RSC,naive,RSC,164,0.026854
75,CA1-RSC,naive,RSC,165,0.017593
75,CA1-RSC,naive,RSC,166,0.064784
75,CA1-RSC,naive,RSC,167,0.163403
75,CA1-RSC,naive,RSC,168,0.113927
75,CA1-RSC,naive,RSC,169,0.017003
75,CA1-RSC,naive,RSC,170,0.039272
75,CA1-RSC,naive,RSC,171,0.049553
75,CA1-RSC,naive,RSC,172,0.015787
75,CA1-RSC,naive,RSC,173,0.026439
75,CA1-RSC,naive,RSC,174,0.002427
75,CA1-RSC,naive,RSC,175,0.706693
75,CA1-RSC,naive,RSC,176,0.028428
75,CA1-RSC,naive,RSC,177,0.701562
75,CA1-RSC,intermediate,CA1,0,1.045497
75,CA1-RSC,intermediate,CA1,1,1.117812
75,CA1-RSC,intermediate,CA1,2,1.009894
75,CA1-RSC,intermediate,CA1,3,2.404185
75,CA1-RSC,intermediate,CA1,4,1.33999
75,CA1-RSC,intermediate,CA1,5,1.199921
75,CA1-RSC,intermediate,CA1,6,1.123931
75,CA1-RSC,intermediate,CA1,7,1.012982
75,CA1-RSC,intermediate,CA1,8,1.006103
75,CA1-RSC,intermediate,CA1,9,0.979498
75,CA1-RSC,intermediate,CA1,10,1.687768
75,CA1-RSC,intermediate,CA1,11,0.017121
75,CA1-RSC,intermediate,CA1,12,0.932253
75,CA1-RSC,intermediate,CA1,13,0.73134
75,CA1-RSC,intermediate,CA1,14,1.003371
75,CA1-RSC,intermediate,CA1,15,0.998652
75,CA1-RSC,intermediate,CA1,16,1.140901
75,CA1-RSC,intermediate,CA1,17,0.929737
75,CA1-RSC,intermediate,CA1,18,0.971435
75,CA1-RSC,intermediate,CA1,19,0.953084
75,CA1-RSC,intermediate,CA1,20,2.911824
75,CA1-RSC,intermediate,RSC,0,0.046285
75,CA1-RSC,intermediate,RSC,1,0.063573
75,CA1-RSC,intermediate,RSC,2,0.075966
75,CA1-RSC,intermediate,RSC,3,0.026174
75,CA1-RSC,intermediate,RSC,4,0.023081
75,CA1-RSC,intermediate,RSC,5,0.217705
75,CA1-RSC,intermediate,RSC,6,0.061925
75,CA1-RSC,intermediate,RSC,7,0.057518
75,CA1-RSC,intermediate,RSC,8,0.031301
75,CA1-RSC,intermediate,RSC,9,0.089227
75,CA1-RSC,intermediate,RSC,10,0.014534
75,CA1-RSC,intermediate,RSC,11,0.682891
75,CA1-RSC,intermediate,RSC,12,0.017237
75,CA1-RSC,intermediate,RSC,13,0.0
75,CA1-RSC,intermediate,RSC,14,0.147496
75,CA1-RSC,intermediate,RSC,15,0.056791
75,CA1-RSC,intermediate,RSC,16,0.075289
75,CA1-RSC,intermediate,RSC,17,0.038192
75,CA1-RSC,intermediate,RSC,18,0.177418
75,CA1-RSC,intermediate,RSC,19,0.032387
75,CA1-RSC,intermediate,RSC,20,0.090874
75,CA1-RSC,intermediate,RSC,21,0.095935
75,CA1-RSC,intermediate,RSC,22,0.013522
75,CA1-RSC,intermediate,RSC,23,0.454276
75,CA1-RSC,intermediate,RSC,24,0.0
75,CA1-RSC,intermediate,RSC,25,0.036016
75,CA1-RSC,intermediate,RSC,26,0.082623
75,CA1-RSC,intermediate,RSC,27,0.061495
75,CA1-RSC,intermediate,RSC,28,0.072558
75,CA1-RSC,intermediate,RSC,29,0.062878
75,CA1-RSC,intermediate,RSC,30,0.005253
75,CA1-RSC,intermediate,RSC,31,0.00144
75,CA1-RSC,intermediate,RSC,32,0.098236
75,CA1-RSC,intermediate,RSC,33,0.371058
75,CA1-RSC,intermediate,RSC,34,0.0073
75,CA1-RSC,intermediate,RSC,35,0.339488
75,CA1-RSC,intermediate,RSC,36,0.781585
75,CA1-RSC,intermediate,RSC,37,0.474238
75,CA1-RSC,intermediate,RSC,38,0.515906
75,CA1-RSC,intermediate,RSC,39,0.425669
75,CA1-RSC,intermediate,RSC,40,0.621389
75,CA1-RSC,intermediate,RSC,41,0.077838
75,CA1-RSC,intermediate,RSC,42,0.669609
75,CA1-RSC,intermediate,RSC,43,0.044506
75,CA1-RSC,intermediate,RSC,44,0.191944
75,CA1-RSC,intermediate,RSC,45,0.162587
75,CA1-RSC,intermediate,RSC,46,0.123058
75,CA1-RSC,intermediate,RSC,47,0.219716
75,CA1-RSC,intermediate,RSC,48,0.017086
75,CA1-RSC,intermediate,RSC,49,0.087672
75,CA1-RSC,intermediate,RSC,50,0.115995
75,CA1-RSC,intermediate,RSC,51,0.376542
75,CA1-RSC,intermediate,RSC,52,0.038129
75,CA1-RSC,intermediate,RSC,53,0.052384
75,CA1-RSC,intermediate,RSC,54,0.05598
75,CA1-RSC,intermediate,RSC,55,0.146483
75,CA1-RSC,intermediate,RSC,56,0.016654
75,CA1-RSC,intermediate,RSC,57,0.128715
75,CA1-RSC,intermediate,RSC,58,0.494486
75,CA1-RSC,intermediate,RSC,59,0.084214
75,CA1-RSC,intermediate,RSC,60,0.683028
75,CA1-RSC,intermediate,RSC,61,0.009079
75,CA1-RSC,intermediate,RSC,62,0.014266
75,CA1-RSC,intermediate,RSC,63,0.016939
75,CA1-RSC,intermediate,RSC,64,0.090418
75,CA1-RSC,intermediate,RSC,65,0.026819
75,CA1-RSC,intermediate,RSC,66,0.05817
75,CA1-RSC,intermediate,RSC,67,0.718822
75,CA1-RSC,intermediate,RSC,68,0.052426
75,CA1-RSC,intermediate,RSC,69,0.716418
75,CA1-RSC,intermediate,RSC,70,0.188919
75,CA1-RSC,intermediate,RSC,71,0.007757
75,CA1-RSC,intermediate,RSC,72,0.049152
75,CA1-RSC,intermediate,RSC,73,0.0
75,CA1-RSC,intermediate,RSC,74,0.092228
75,CA1-RSC,intermediate,RSC,75,0.113998
75,CA1-RSC,intermediate,RSC,76,0.060869
75,CA1-RSC,intermediate,RSC,77,0.166188
75,CA1-RSC,intermediate,RSC,78,0.092796
75,CA1-RSC,intermediate,RSC,79,0.159514
75,CA1-RSC,intermediate,RSC,80,0.032147
75,CA1-RSC,intermediate,RSC,81,0.089277
75,CA1-RSC,intermediate,RSC,82,0.183675
75,CA1-RSC,intermediate,RSC,83,0.157445
75,CA1-RSC,intermediate,RSC,84,0.001678
75,CA1-RSC,intermediate,RSC,85,0.004369
75,CA1-RSC,intermediate,RSC,86,0.012928
75,CA1-RSC,intermediate,RSC,87,0.083242
75,CA1-RSC,intermediate,RSC,88,0.042245
75,CA1-RSC,intermediate,RSC,89,0.045452
75,CA1-RSC,intermediate,RSC,90,0.127548
75,CA1-RSC,intermediate,RSC,91,0.015494
75,CA1-RSC,intermediate,RSC,92,0.21433
75,CA1-RSC,intermediate,RSC,93,0.008196
75,CA1-RSC,intermediate,RSC,94,0.0
75,CA1-RSC,intermediate,RSC,95,0.020073
75,CA1-RSC,intermediate,RSC,96,0.08692
75,CA1-RSC,intermediate,RSC,97,0.040843
75,CA1-RSC,intermediate,RSC,98,0.057065
75,CA1-RSC,intermediate,RSC,99,0.061071
75,CA1-RSC,intermediate,RSC,100,0.587506
75,CA1-RSC,intermediate,RSC,101,0.127526
75,CA1-RSC,intermediate,RSC,102,0.269467
75,CA1-RSC,intermediate,RSC,103,0.721554
75,CA1-RSC,intermediate,RSC,104,0.280683
75,CA1-RSC,intermediate,RSC,105,0.007286
75,CA1-RSC,intermediate,RSC,106,0.103737
75,CA1-RSC,intermediate,RSC,107,0.182392
75,CA1-RSC,intermediate,RSC,108,0.012634
75,CA1-RSC,intermediate,RSC,109,0.043594
75,CA1-RSC,intermediate,RSC,110,0.31584
75,CA1-RSC,intermediate,RSC,111,0.10129
75,CA1-RSC,intermediate,RSC,112,0.142084
75,CA1-RSC,intermediate,RSC,113,0.023455
75,CA1-RSC,intermediate,RSC,114,0.028336
75,CA1-RSC,intermediate,RSC,115,0.325246
75,CA1-RSC,intermediate,RSC,116,0.051204
75,CA1-RSC,intermediate,RSC,117,0.695425
75,CA1-RSC,intermediate,RSC,118,0.20865
75,CA1-RSC,intermediate,RSC,119,0.100349
75,CA1-RSC,intermediate,RSC,120,0.188175
75,CA1-RSC,intermediate,RSC,121,0.083401
75,CA1-RSC,intermediate,RSC,122,0.024488
75,CA1-RSC,intermediate,RSC,123,0.028155
75,CA1-RSC,intermediate,RSC,124,0.033466
75,CA1-RSC,intermediate,RSC,125,0.034525
75,CA1-RSC,intermediate,RSC,126,0.109432
75,CA1-RSC,intermediate,RSC,127,0.076606
75,CA1-RSC,intermediate,RSC,128,0.092444
75,CA1-RSC,intermediate,RSC,129,0.101726
75,CA1-RSC,intermediate,RSC,130,0.079392
75,CA1-RSC,intermediate,RSC,131,0.02538
75,CA1-RSC,intermediate,RSC,132,0.0
75,CA1-RSC,intermediate,RSC,133,0.560596
75,CA1-RSC,intermediate,RSC,134,0.132229
75,CA1-RSC,intermediate,RSC,135,0.097516
75,CA1-RSC,intermediate,RSC,136,0.010449
75,CA1-RSC,intermediate,RSC,137,0.1867
75,CA1-RSC,intermediate,RSC,138,0.069018
75,CA1-RSC,intermediate,RSC,139,0.00506
75,CA1-RSC,intermediate,RSC,140,0.005844
75,CA1-RSC,intermediate,RSC,141,0.019297
75,CA1-RSC,intermediate,RSC,142,0.014354
75,CA1-RSC,intermediate,RSC,143,0.114742
75,CA1-RSC,intermediate,RSC,144,0.564002
75,CA1-RSC,intermediate,RSC,145,0.032161
75,CA1-RSC,intermediate,RSC,146,0.230747
75,CA1-RSC,intermediate,RSC,147,0.118212
75,CA1-RSC,intermediate,RSC,148,0.680732
75,CA1-RSC,intermediate,RSC,149,0.040151
75,CA1-RSC,intermediate,RSC,150,0.069305
75,CA1-RSC,intermediate,RSC,151,0.038258
75,CA1-RSC,intermediate,RSC,152,0.093268
75,CA1-RSC,intermediate,RSC,153,0.217499
75,CA1-RSC,intermediate,RSC,154,0.108269
75,CA1-RSC,intermediate,RSC,155,0.007693
75,CA1-RSC,intermediate,RSC,156,0.065633
75,CA1-RSC,intermediate,RSC,157,0.201401
75,CA1-RSC,intermediate,RSC,158,0.119652
75,CA1-RSC,intermediate,RSC,159,0.102692
75,CA1-RSC,intermediate,RSC,160,0.180886
75,CA1-RSC,intermediate,RSC,161,0.184476
75,CA1-RSC,intermediate,RSC,162,0.22048
75,CA1-RSC,intermediate,RSC,163,0.044098
75,CA1-RSC,intermediate,RSC,164,0.549724
75,CA1-RSC,intermediate,RSC,165,0.007635
75,CA1-RSC,intermediate,RSC,166,0.240442
75,CA1-RSC,intermediate,RSC,167,0.432626
75,CA1-RSC,intermediate,RSC,168,0.194423
75,CA1-RSC,intermediate,RSC,169,0.479016
75,CA1-RSC,intermediate,RSC,170,0.098867
75,CA1-RSC,intermediate,RSC,171,0.190953
75,CA1-RSC,intermediate,RSC,172,0.066827
75,CA1-RSC,intermediate,RSC,173,0.015999
75,CA1-RSC,intermediate,RSC,174,0.003743
75,CA1-RSC,intermediate,RSC,175,0.059711
75,CA1-RSC,intermediate,RSC,176,0.011568
75,CA1-RSC,intermediate,RSC,177,0.019584
75,CA1-RSC,expert,CA1,0,1.085746
75,CA1-RSC,expert,CA1,1,1.231036
75,CA1-RSC,expert,CA1,2,0.999899
75,CA1-RSC,expert,CA1,3,1.9621
75,CA1-RSC,expert,CA1,4,1.35781
75,CA1-RSC,expert,CA1,5,1.987088
75,CA1-RSC,expert,CA1,6,1.144328
75,CA1-RSC,expert,CA1,7,1.02271
75,CA1-RSC,expert,CA1,8,1.011611
75,CA1-RSC,expert,CA1,9,0.922942
75,CA1-RSC,expert,CA1,10,0.123264
75,CA1-RSC,expert,CA1,11,1.266047
75,CA1-RSC,expert,CA1,12,0.961987
75,CA1-RSC,expert,CA1,13,0.775422
75,CA1-RSC,expert,CA1,14,1.032163
75,CA1-RSC,expert,CA1,15,1.240639
75,CA1-RSC,expert,CA1,16,1.194675
75,CA1-RSC,expert,CA1,17,0.994678
75,CA1-RSC,expert,CA1,18,1.078572
75,CA1-RSC,expert,CA1,19,0.839796
75,CA1-RSC,expert,CA1,20,1.545285
75,CA1-RSC,expert,RSC,0,0.097591
75,CA1-RSC,expert,RSC,1,0.079408
75,CA1-RSC,expert,RSC,2,0.102471
75,CA1-RSC,expert,RSC,3,0.080096
75,CA1-RSC,expert,RSC,4,0.030237
75,CA1-RSC,expert,RSC,5,0.02907
75,CA1-RSC,expert,RSC,6,0.309453
75,CA1-RSC,expert,RSC,7,0.069123
75,CA1-RSC,expert,RSC,8,0.047857
75,CA1-RSC,expert,RSC,9,0.016152
75,CA1-RSC,expert,RSC,10,0.020679
75,CA1-RSC,expert,RSC,11,0.11716
75,CA1-RSC,expert,RSC,12,0.061832
75,CA1-RSC,expert,RSC,13,0.0
75,CA1-RSC,expert,RSC,14,0.076127
75,CA1-RSC,expert,RSC,15,0.036804
75,CA1-RSC,expert,RSC,16,0.068743
75,CA1-RSC,expert,RSC,17,0.015319
75,CA1-RSC,expert,RSC,18,0.146966
75,CA1-RSC,expert,RSC,19,0.034728
75,CA1-RSC,expert,RSC,20,0.102984
75,CA1-RSC,expert,RSC,21,0.146211
75,CA1-RSC,expert,RSC,22,0.047139
75,CA1-RSC,expert,RSC,23,0.11388
75,CA1-RSC,expert,RSC,24,0.012362
75,CA1-RSC,expert,RSC,25,0.054036
75,CA1-RSC,expert,RSC,26,0.127368
75,CA1-RSC,expert,RSC,27,0.726334
75,CA1-RSC,expert,RSC,28,0.015004
75,CA1-RSC,expert,RSC,29,0.09242
75,CA1-RSC,expert,RSC,30,0.025155
75,CA1-RSC,expert,RSC,31,0.004446
75,CA1-RSC,expert,RSC,32,0.087104
75,CA1-RSC,expert,RSC,33,0.349849
75,CA1-RSC,expert,RSC,34,0.0
75,CA1-RSC,expert,RSC,35,0.342137
75,CA1-RSC,expert,RSC,36,0.0
75,CA1-RSC,expert,RSC,37,0.076472
75,CA1-RSC,expert,RSC,38,0.15801
75,CA1-RSC,expert,RSC,39,0.725926
75,CA1-RSC,expert,RSC,40,0.013534
75,CA1-RSC,expert,RSC,41,0.282628
75,CA1-RSC,expert,RSC,42,0.076773
75,CA1-RSC,expert,RSC,43,0.134574
75,CA1-RSC,expert,RSC,44,0.218863
75,CA1-RSC,expert,RSC,45,0.140827
75,CA1-RSC,expert,RSC,46,0.094918
75,CA1-RSC,expert,RSC,47,0.157845
75,CA1-RSC,expert,RSC,48,0.027004
75,CA1-RSC,expert,RSC,49,0.071974
75,CA1-RSC,expert,RSC,50,0.196267
75,CA1-RSC,expert,RSC,51,0.0
75,CA1-RSC,expert,RSC,52,0.093745
75,CA1-RSC,expert,RSC,53,0.062846
75,CA1-RSC,expert,RSC,54,0.043786
75,CA1-RSC,expert,RSC,55,0.140624
75,CA1-RSC,expert,RSC,56,0.044609
75,CA1-RSC,expert,RSC,57,0.083749
75,CA1-RSC,expert,RSC,58,0.508171
75,CA1-RSC,expert,RSC,59,0.099627
75,CA1-RSC,expert,RSC,60,0.020321
75,CA1-RSC,expert,RSC,61,0.016948
75,CA1-RSC,expert,RSC,62,0.028684
75,CA1-RSC,expert,RSC,63,0.735364
75,CA1-RSC,expert,RSC,64,0.330761
75,CA1-RSC,expert,RSC,65,0.026076
75,CA1-RSC,expert,RSC,66,0.736355
75,CA1-RSC,expert,RSC,67,0.431018
75,CA1-RSC,expert,RSC,68,0.695443
75,CA1-RSC,expert,RSC,69,0.065434
75,CA1-RSC,expert,RSC,70,0.078886
75,CA1-RSC,expert,RSC,71,0.024701
75,CA1-RSC,expert,RSC,72,0.034252
75,CA1-RSC,expert,RSC,73,0.766682
75,CA1-RSC,expert,RSC,74,0.127755
75,CA1-RSC,expert,RSC,75,0.190851
75,CA1-RSC,expert,RSC,76,0.038998
75,CA1-RSC,expert,RSC,77,0.252552
75,CA1-RSC,expert,RSC,78,0.134789
75,CA1-RSC,expert,RSC,79,0.246702
75,CA1-RSC,expert,RSC,80,0.083033
75,CA1-RSC,expert,RSC,81,0.148084
75,CA1-RSC,expert,RSC,82,0.257427
75,CA1-RSC,expert,RSC,83,0.185729
75,CA1-RSC,expert,RSC,84,0.010487
75,CA1-RSC,expert,RSC,85,0.00944
75,CA1-RSC,expert,RSC,86,0.025901
75,CA1-RSC,expert,RSC,87,0.08671
75,CA1-RSC,expert,RSC,88,0.084051
75,CA1-RSC,expert,RSC,89,0.132693
75,CA1-RSC,expert,RSC,90,0.077814
75,CA1-RSC,expert,RSC,91,0.054217
75,CA1-RSC,expert,RSC,92,0.144389
75,CA1-RSC,expert,RSC,93,0.002563
75,CA1-RSC,expert,RSC,94,0.599817
75,CA1-RSC,expert,RSC,95,0.017448
75,CA1-RSC,expert,RSC,96,0.212216
75,CA1-RSC,expert,RSC,97,0.048848
75,CA1-RSC,expert,RSC,98,0.073971
75,CA1-RSC,expert,RSC,99,0.065769
75,CA1-RSC,expert,RSC,100,0.065158
75,CA1-RSC,expert,RSC,101,0.114752
75,CA1-RSC,expert,RSC,102,0.060575
75,CA1-RSC,expert,RSC,103,0.0
75,CA1-RSC,expert,RSC,104,0.121072
75,CA1-RSC,expert,RSC,105,0.072104
75,CA1-RSC,expert,RSC,106,0.107635
75,CA1-RSC,expert,RSC,107,0.093136
75,CA1-RSC,expert,RSC,108,0.005602
75,CA1-RSC,expert,RSC,109,0.090934
75,CA1-RSC,expert,RSC,110,0.029603
75,CA1-RSC,expert,RSC,111,0.145365
75,CA1-RSC,expert,RSC,112,0.099075
75,CA1-RSC,expert,RSC,113,0.074646
75,CA1-RSC,expert,RSC,114,0.758722
75,CA1-RSC,expert,RSC,115,0.69501
75,CA1-RSC,expert,RSC,116,0.134549
75,CA1-RSC,expert,RSC,117,0.0
75,CA1-RSC,expert,RSC,118,0.704917
75,CA1-RSC,expert,RSC,119,0.163511
75,CA1-RSC,expert,RSC,120,0.081761
75,CA1-RSC,expert,RSC,121,0.163317
75,CA1-RSC,expert,RSC,122,0.21019
75,CA1-RSC,expert,RSC,123,0.144206
75,CA1-RSC,expert,RSC,124,0.053677
75,CA1-RSC,expert,RSC,125,0.045276
75,CA1-RSC,expert,RSC,126,0.119444
75,CA1-RSC,expert,RSC,127,0.179101
75,CA1-RSC,expert,RSC,128,0.133621
75,CA1-RSC,expert,RSC,129,0.092566
75,CA1-RSC,expert,RSC,130,0.083612
75,CA1-RSC,expert,RSC,131,0.007788
75,CA1-RSC,expert,RSC,132,0.0
75,CA1-RSC,expert,RSC,133,0.076198
75,CA1-RSC,expert,RSC,134,0.04853
75,CA1-RSC,expert,RSC,135,0.08524
75,CA1-RSC,expert,RSC,136,0.012683
75,CA1-RSC,expert,RSC,137,0.021644
75,CA1-RSC,expert,RSC,138,0.052116
75,CA1-RSC,expert,RSC,139,0.086748
75,CA1-RSC,expert,RSC,140,0.011777
75,CA1-RSC,expert,RSC,141,0.054164
75,CA1-RSC,expert,RSC,142,0.737482
75,CA1-RSC,expert,RSC,143,0.259547
75,CA1-RSC,expert,RSC,144,0.705575
75,CA1-RSC,expert,RSC,145,0.678795
75,CA1-RSC,expert,RSC,146,0.152411
75,CA1-RSC,expert,RSC,147,0.29358
75,CA1-RSC,expert,RSC,148,0.088619
75,CA1-RSC,expert,RSC,149,0.034353
75,CA1-RSC,expert,RSC,150,0.089409
75,CA1-RSC,expert,RSC,151,0.084082
75,CA1-RSC,expert,RSC,152,0.084325
75,CA1-RSC,expert,RSC,153,0.273318
75,CA1-RSC,expert,RSC,154,0.146269
75,CA1-RSC,expert,RSC,155,0.036334
75,CA1-RSC,expert,RSC,156,0.076085
75,CA1-RSC,expert,RSC,157,0.112393
75,CA1-RSC,expert,RSC,158,0.163767
75,CA1-RSC,expert,RSC,159,0.129246
75,CA1-RSC,expert,RSC,160,0.264563
75,CA1-RSC,expert,RSC,161,0.173766
75,CA1-RSC,expert,RSC,162,0.342538
75,CA1-RSC,expert,RSC,163,0.032632
75,CA1-RSC,expert,RSC,164,0.549353
75,CA1-RSC,expert,RSC,165,0.028815
75,CA1-RSC,expert,RSC,166,0.165492
75,CA1-RSC,expert,RSC,167,0.544012
75,CA1-RSC,expert,RSC,168,0.379695
75,CA1-RSC,expert,RSC,169,0.226191
75,CA1-RSC,expert,RSC,170,0.138588
75,CA1-RSC,expert,RSC,171,0.621445
75,CA1-RSC,expert,RSC,172,0.108124
75,CA1-RSC,expert,RSC,173,0.075175
75,CA1-RSC,expert,RSC,174,0.74721
75,CA1-RSC,expert,RSC,175,0.086696
75,CA1-RSC,expert,RSC,176,0.104372
75,CA1-RSC,expert,RSC,177,0.049117
75,CA1-DG,naive,CA1,0,1.043874
75,CA1-DG,naive,CA1,1,1.420119
75,CA1-DG,naive,CA1,2,1.075259
75,CA1-DG,naive,CA1,3,2.752242
75,CA1-DG,naive,CA1,4,1.408128
75,CA1-DG,naive,CA1,5,0.918623
75,CA1-DG,naive,CA1,6,1.153552
75,CA1-DG,naive,CA1,7,0.984636
75,CA1-DG,naive,CA1,8,0.969967
75,CA1-DG,naive,CA1,9,1.22245
75,CA1-DG,naive,CA1,10,1.332306
75,CA1-DG,naive,CA1,11,0.008493
75,CA1-DG,naive,CA1,12,1.037159
75,CA1-DG,naive,CA1,13,2.188375
75,CA1-DG,naive,CA1,14,0.993654
75,CA1-DG,naive,CA1,15,0.862605
75,CA1-DG,naive,CA1,16,0.985275
75,CA1-DG,naive,CA1,17,0.962675
75,CA1-DG,naive,CA1,18,1.091456
75,CA1-DG,naive,CA1,19,0.893497
75,CA1-DG,naive,CA1,20,1.422588
75,CA1-DG,naive,DG,0,0.775455
75,CA1-DG,naive,DG,1,0.211939
75,CA1-DG,naive,DG,2,0.047045
75,CA1-DG,naive,DG,3,0.301842
75,CA1-DG,naive,DG,4,0.217725
75,CA1-DG,naive,DG,5,0.389871
75,CA1-DG,naive,DG,6,0.832611
75,CA1-DG,naive,DG,7,0.017157
75,CA1-DG,naive,DG,8,0.438648
75,CA1-DG,naive,DG,9,0.737703
75,CA1-DG,naive,DG,10,0.020059
75,CA1-DG,naive,DG,11,0.030341
75,CA1-DG,naive,DG,12,0.162154
75,CA1-DG,naive,DG,13,0.744743
75,CA1-DG,naive,DG,14,0.085257
75,CA1-DG,naive,DG,15,0.109655
75,CA1-DG,naive,DG,16,0.361624
75,CA1-DG,naive,DG,17,0.673125
75,CA1-DG,naive,DG,18,0.781665
75,CA1-DG,naive,DG,19,0.703642
75,CA1-DG,naive,DG,20,0.213851
75,CA1-DG,naive,DG,21,0.330149
75,CA1-DG,naive,DG,22,0.013459
75,CA1-DG,naive,DG,23,0.242057
75,CA1-DG,naive,DG,24,0.499791
75,CA1-DG,naive,DG,25,0.308855
75,CA1-DG,naive,DG,26,0.042434
75,CA1-DG,naive,DG,27,0.870305
75,CA1-DG,naive,DG,28,0.524144
75,CA1-DG,naive,DG,29,0.569153
75,CA1-DG,naive,DG,30,0.446827
75,CA1-DG,naive,DG,31,0.010881
75,CA1-DG,naive,DG,32,0.749398
75,CA1-DG,naive,DG,33,0.797497
75,CA1-DG,naive,DG,34,0.154865
75,CA1-DG,naive,DG,35,0.005383
75,CA1-DG,naive,DG,36,0.516125
75,CA1-DG,naive,DG,37,0.125303
75,CA1-DG,naive,DG,38,0.023222
75,CA1-DG,naive,DG,39,0.011066
75,CA1-DG,naive,DG,40,0.034462
75,CA1-DG,naive,DG,41,0.010126
75,CA1-DG,naive,DG,42,0.006305
75,CA1-DG,naive,DG,43,0.0
75,CA1-DG,naive,DG,44,0.076388
75,CA1-DG,naive,DG,45,0.066095
75,CA1-DG,naive,DG,46,0.01639
75,CA1-DG,naive,DG,47,0.0
75,CA1-DG,naive,DG,48,0.250219
75,CA1-DG,naive,DG,49,0.855706
75,CA1-DG,naive,DG,50,0.006745
75,CA1-DG,naive,DG,51,0.277146
75,CA1-DG,naive,DG,52,0.204145
75,CA1-DG,naive,DG,53,0.736935
75,CA1-DG,naive,DG,54,0.0
75,CA1-DG,naive,DG,55,0.461647
75,CA1-DG,naive,DG,56,0.711524
75,CA1-DG,naive,DG,57,0.240528
75,CA1-DG,naive,DG,58,0.225738
75,CA1-DG,naive,DG,59,0.019698
75,CA1-DG,naive,DG,60,0.088589
75,CA1-DG,naive,DG,61,0.856051
75,CA1-DG,intermediate,CA1,0,1.046429
75,CA1-DG,intermediate,CA1,1,1.118555
75,CA1-DG,intermediate,CA1,2,1.011035
75,CA1-DG,intermediate,CA1,3,2.407272
75,CA1-DG,intermediate,CA1,4,1.343197
75,CA1-DG,intermediate,CA1,5,1.205103
75,CA1-DG,intermediate,CA1,6,1.128096
75,CA1-DG,intermediate,CA1,7,1.015271
75,CA1-DG,intermediate,CA1,8,1.002939
75,CA1-DG,intermediate,CA1,9,0.9825
75,CA1-DG,intermediate,CA1,10,1.698289
75,CA1-DG,intermediate,CA1,11,0.017117
75,CA1-DG,intermediate,CA1,12,0.935218
75,CA1-DG,intermediate,CA1,13,0.740701
75,CA1-DG,intermediate,CA1,14,1.010215
75,CA1-DG,intermediate,CA1,15,1.002661
75,CA1-DG,intermediate,CA1,16,1.14309
75,CA1-DG,intermediate,CA1,17,0.935314
75,CA1-DG,intermediate,CA1,18,0.979066
75,CA1-DG,intermediate,CA1,19,0.955342
75,CA1-DG,intermediate,CA1,20,2.911388
75,CA1-DG,intermediate,DG,0,0.321471
75,CA1-DG,intermediate,DG,1,0.162474
75,CA1-DG,intermediate,DG,2,0.888649
75,CA1-DG,intermediate,DG,3,0.906871
75,CA1-DG,intermediate,DG,4,0.303658
75,CA1-DG,intermediate,DG,5,0.365439
75,CA1-DG,intermediate,DG,6,0.006459
75,CA1-DG,intermediate,DG,7,0.039007
75,CA1-DG,intermediate,DG,8,0.876873
75,CA1-DG,intermediate,DG,9,0.250537
75,CA1-DG,intermediate,DG,10,0.003415
75,CA1-DG,intermediate,DG,11,0.05503
75,CA1-DG,intermediate,DG,12,0.889028
75,CA1-DG,intermediate,DG,13,0.298814
75,CA1-DG,intermediate,DG,14,0.020563
75,CA1-DG,intermediate,DG,15,0.055351
75,CA1-DG,intermediate,DG,16,0.549375
75,CA1-DG,intermediate,DG,17,0.966409
75,CA1-DG,intermediate,DG,18,0.175687
75,CA1-DG,intermediate,DG,19,0.914214
75,CA1-DG,intermediate,DG,20,0.256155
75,CA1-DG,intermediate,DG,21,0.420051
75,CA1-DG,intermediate,DG,22,0.018824
75,CA1-DG,intermediate,DG,23,0.007914
75,CA1-DG,intermediate,DG,24,0.698611
75,CA1-DG,intermediate,DG,25,0.549816
75,CA1-DG,intermediate,DG,26,0.083995
75,CA1-DG,intermediate,DG,27,0.014097
75,CA1-DG,intermediate,DG,28,0.0
75,CA1-DG,intermediate,DG,29,0.796473
75,CA1-DG,intermediate,DG,30,0.904253
75,CA1-DG,intermediate,DG,31,0.004223
75,CA1-DG,intermediate,DG,32,0.031735
75,CA1-DG,intermediate,DG,33,0.788672
75,CA1-DG,intermediate,DG,34,0.038785
75,CA1-DG,intermediate,DG,35,0.132149
75,CA1-DG,intermediate,DG,36,0.039257
75,CA1-DG,intermediate,DG,37,0.899932
75,CA1-DG,intermediate,DG,38,0.008896
75,CA1-DG,intermediate,DG,39,0.746108
75,CA1-DG,intermediate,DG,40,0.902703
75,CA1-DG,intermediate,DG,41,0.876454
75,CA1-DG,intermediate,DG,42,0.046358
75,CA1-DG,intermediate,DG,43,0.805071
75,CA1-DG,intermediate,DG,44,0.064956
75,CA1-DG,intermediate,DG,45,0.05922
75,CA1-DG,intermediate,DG,46,0.148514
75,CA1-DG,intermediate,DG,47,0.057244
75,CA1-DG,intermediate,DG,48,0.303489
75,CA1-DG,intermediate,DG,49,0.850002
75,CA1-DG,intermediate,DG,50,0.031182
75,CA1-DG,intermediate,DG,51,0.302858
75,CA1-DG,intermediate,DG,52,0.54545
75,CA1-DG,intermediate,DG,53,0.0
75,CA1-DG,intermediate,DG,54,0.365856
75,CA1-DG,intermediate,DG,55,0.630819
75,CA1-DG,intermediate,DG,56,0.0
75,CA1-DG,intermediate,DG,57,0.288001
75,CA1-DG,intermediate,DG,58,0.26365
75,CA1-DG,intermediate,DG,59,0.017997
75,CA1-DG,intermediate,DG,60,0.120273
75,CA1-DG,intermediate,DG,61,0.097486
75,CA1-DG,expert,CA1,0,1.088786
75,CA1-DG,expert,CA1,1,1.231791
75,CA1-DG,expert,CA1,2,0.999742
75,CA1-DG,expert,CA1,3,1.971862
75,CA1-DG,expert,CA1,4,1.361565
75,CA1-DG,expert,CA1,5,1.989887
75,CA1-DG,expert,CA1,6,1.148997
75,CA1-DG,expert,CA1,7,1.025266
75,CA1-DG,expert,CA1,8,1.013305
75,CA1-DG,expert,CA1,9,0.926047
75,CA1-DG,expert,CA1,10,0.127644
75,CA1-DG,expert,CA1,11,1.271827
75,CA1-DG,expert,CA1,12,0.966739
75,CA1-DG,expert,CA1,13,0.788871
75,CA1-DG,expert,CA1,14,1.040795
75,CA1-DG,expert,CA1,15,1.245151
75,CA1-DG,expert,CA1,16,1.197355
75,CA1-DG,expert,CA1,17,1.000798
75,CA1-DG,expert,CA1,18,1.090328
75,CA1-DG,expert,CA1,19,0.843575
75,CA1-DG,expert,CA1,20,1.550327
75,CA1-DG,expert,DG,0,0.112567
75,CA1-DG,expert,DG,1,0.166405
75,CA1-DG,expert,DG,2,0.865553
75,CA1-DG,expert,DG,3,0.89967
75,CA1-DG,expert,DG,4,0.314844
75,CA1-DG,expert,DG,5,0.244308
75,CA1-DG,expert,DG,6,0.013755
75,CA1-DG,expert,DG,7,0.04248
75,CA1-DG,expert,DG,8,0.926114
75,CA1-DG,expert,DG,9,0.027699
75,CA1-DG,expert,DG,10,0.022003
75,CA1-DG,expert,DG,11,0.009537
75,CA1-DG,expert,DG,12,0.297639
75,CA1-DG,expert,DG,13,0.152719
75,CA1-DG,expert,DG,14,0.014188
75,CA1-DG,expert,DG,15,0.01894
75,CA1-DG,expert,DG,16,0.55349
75,CA1-DG,expert,DG,17,0.02378
75,CA1-DG,expert,DG,18,0.033096
75,CA1-DG,expert,DG,19,0.05207
75,CA1-DG,expert,DG,20,0.210337
75,CA1-DG,expert,DG,21,0.454408
75,CA1-DG,expert,DG,22,0.005326
75,CA1-DG,expert,DG,23,0.029836
75,CA1-DG,expert,DG,24,0.71471
75,CA1-DG,expert,DG,25,0.542147
75,CA1-DG,expert,DG,26,0.995811
75,CA1-DG,expert,DG,27,0.58743
75,CA1-DG,expert,DG,28,0.0
75,CA1-DG,expert,DG,29,1.014945
75,CA1-DG,expert,DG,30,0.95359
75,CA1-DG,expert,DG,31,0.024211
75,CA1-DG,expert,DG,32,0.211165
75,CA1-DG,expert,DG,33,0.921403
75,CA1-DG,expert,DG,34,0.038226
75,CA1-DG,expert,DG,35,0.647127
75,CA1-DG,expert,DG,36,0.025706
75,CA1-DG,expert,DG,37,0.930475
75,CA1-DG,expert,DG,38,0.003588
75,CA1-DG,expert,DG,39,0.875719
75,CA1-DG,expert,DG,40,0.138234
75,CA1-DG,expert,DG,41,1.007839
75,CA1-DG,expert,DG,42,1.01416
75,CA1-DG,expert,DG,43,0.024315
75,CA1-DG,expert,DG,44,0.0
75,CA1-DG,expert,DG,45,0.096352
75,CA1-DG,expert,DG,46,0.557544
75,CA1-DG,expert,DG,47,0.0
75,CA1-DG,expert,DG,48,0.287827
75,CA1-DG,expert,DG,49,0.841825
75,CA1-DG,expert,DG,50,0.663347
75,CA1-DG,expert,DG,51,0.302987
75,CA1-DG,expert,DG,52,0.673745
75,CA1-DG,expert,DG,53,0.0
75,CA1-DG,expert,DG,54,0.0
75,CA1-DG,expert,DG,55,0.0
75,CA1-DG,expert,DG,56,0.0
75,CA1-DG,expert,DG,57,0.303423
75,CA1-DG,expert,DG,58,0.290864
75,CA1-DG,expert,DG,59,0.039217
75,CA1-DG,expert,DG,60,0.069806
75,CA1-DG,expert,DG,61,0.869474
75,CA1-V1,naive,CA1,0,1.048216
75,CA1-V1,naive,CA1,1,1.423396
75,CA1-V1,naive,CA1,2,1.079438
75,CA1-V1,naive,CA1,3,2.751917
75,CA1-V1,naive,CA1,4,1.408098
75,CA1-V1,naive,CA1,5,0.917772
75,CA1-V1,naive,CA1,6,1.152783
75,CA1-V1,naive,CA1,7,0.988004
75,CA1-V1,naive,CA1,8,0.977237
75,CA1-V1,naive,CA1,9,1.222513
75,CA1-V1,naive,CA1,10,1.332448
75,CA1-V1,naive,CA1,11,0.008092
75,CA1-V1,naive,CA1,12,1.03859
75,CA1-V1,naive,CA1,13,2.186797
75,CA1-V1,naive,CA1,14,0.995467
75,CA1-V1,naive,CA1,15,0.862518
75,CA1-V1,naive,CA1,16,0.984853
75,CA1-V1,naive,CA1,17,0.962554
75,CA1-V1,naive,CA1,18,1.091388
75,CA1-V1,naive,CA1,19,0.89454
75,CA1-V1,naive,CA1,20,1.422448
75,CA1-V1,naive,V1,0,0.16872
75,CA1-V1,naive,V1,1,0.127024
75,CA1-V1,naive,V1,2,0.197371
75,CA1-V1,naive,V1,3,0.725717
75,CA1-V1,naive,V1,4,0.131165
75,CA1-V1,naive,V1,5,0.657367
75,CA1-V1,naive,V1,6,0.460172
75,CA1-V1,naive,V1,7,0.189135
75,CA1-V1,naive,V1,8,0.318347
75,CA1-V1,naive,V1,9,0.505183
75,CA1-V1,naive,V1,10,0.421824
75,CA1-V1,naive,V1,11,0.348915
75,CA1-V1,naive,V1,12,0.710604
75,CA1-V1,naive,V1,13,0.194025
75,CA1-V1,naive,V1,14,0.215244
75,CA1-V1,naive,V1,15,0.651288
75,CA1-V1,naive,V1,16,0.348074
75,CA1-V1,naive,V1,17,0.276777
75,CA1-V1,naive,V1,18,0.118209
75,CA1-V1,naive,V1,19,0.067676
75,CA1-V1,naive,V1,20,0.401206
75,CA1-V1,naive,V1,21,0.75883
75,CA1-V1,naive,V1,22,0.350888
75,CA1-V1,naive,V1,23,0.80301
75,CA1-V1,naive,V1,24,0.752356
75,CA1-V1,naive,V1,25,0.12747
75,CA1-V1,naive,V1,26,0.289404
75,CA1-V1,naive,V1,27,0.291759
75,CA1-V1,naive,V1,28,0.353099
75,CA1-V1,naive,V1,29,0.428865
75,CA1-V1,naive,V1,30,0.756945
75,CA1-V1,naive,V1,31,0.618449
75,CA1-V1,naive,V1,32,0.265577
75,CA1-V1,naive,V1,33,0.339194
75,CA1-V1,naive,V1,34,0.815998
75,CA1-V1,naive,V1,35,0.551686
75,CA1-V1,naive,V1,36,0.18456
75,CA1-V1,naive,V1,37,0.281572
75,CA1-V1,naive,V1,38,0.094181
75,CA1-V1,naive,V1,39,0.066578
75,CA1-V1,naive,V1,40,0.219851
75,CA1-V1,naive,V1,41,0.059215
75,CA1-V1,naive,V1,42,0.382537
75,CA1-V1,naive,V1,43,0.772229
75,CA1-V1,naive,V1,44,0.772838
75,CA1-V1,naive,V1,45,0.179208
75,CA1-V1,naive,V1,46,0.228286
75,CA1-V1,naive,V1,47,0.836061
75,CA1-V1,naive,V1,48,0.184996
75,CA1-V1,naive,V1,49,0.584859
75,CA1-V1,naive,V1,50,0.80917
75,CA1-V1,naive,V1,51,0.707292
75,CA1-V1,naive,V1,52,0.658842
75,CA1-V1,naive,V1,53,0.28655
75,CA1-V1,naive,V1,54,0.211128
75,CA1-V1,naive,V1,55,0.426262
75,CA1-V1,naive,V1,56,0.215881
75,CA1-V1,intermediate,CA1,0,1.049713
75,CA1-V1,intermediate,CA1,1,1.120304
75,CA1-V1,intermediate,CA1,2,1.013129
75,CA1-V1,intermediate,CA1,3,2.40635
75,CA1-V1,intermediate,CA1,4,1.345438
75,CA1-V1,intermediate,CA1,5,1.199659
75,CA1-V1,intermediate,CA1,6,1.128198
75,CA1-V1,intermediate,CA1,7,1.017333
75,CA1-V1,intermediate,CA1,8,1.008941
75,CA1-V1,intermediate,CA1,9,0.981403
75,CA1-V1,intermediate,CA1,10,1.697572
75,CA1-V1,intermediate,CA1,11,0.01668
75,CA1-V1,intermediate,CA1,12,0.933776
75,CA1-V1,intermediate,CA1,13,0.735159
75,CA1-V1,intermediate,CA1,14,1.012118
75,CA1-V1,intermediate,CA1,15,1.003722
75,CA1-V1,intermediate,CA1,16,1.142496
75,CA1-V1,intermediate,CA1,17,0.9355
75,CA1-V1,intermediate,CA1,18,0.977244
75,CA1-V1,intermediate,CA1,19,0.954304
75,CA1-V1,intermediate,CA1,20,2.914061
75,CA1-V1,intermediate,V1,0,0.386257
75,CA1-V1,intermediate,V1,1,0.285037
75,CA1-V1,intermediate,V1,2,0.260837
75,CA1-V1,intermediate,V1,3,0.830196
75,CA1-V1,intermediate,V1,4,0.235781
75,CA1-V1,intermediate,V1,5,0.497077
75,CA1-V1,intermediate,V1,6,0.786175
75,CA1-V1,intermediate,V1,7,0.292647
75,CA1-V1,intermediate,V1,8,0.42608
75,CA1-V1,intermediate,V1,9,0.473392
75,CA1-V1,intermediate,V1,10,0.665546
75,CA1-V1,intermediate,V1,11,0.778104
75,CA1-V1,intermediate,V1,12,0.91831
75,CA1-V1,intermediate,V1,13,0.845194
75,CA1-V1,intermediate,V1,14,0.418145
75,CA1-V1,intermediate,V1,15,0.761878
75,CA1-V1,intermediate,V1,16,0.286832
75,CA1-V1,intermediate,V1,17,0.375169
75,CA1-V1,intermediate,V1,18,0.815006
75,CA1-V1,intermediate,V1,19,0.395759
75,CA1-V1,intermediate,V1,20,0.314129
75,CA1-V1,intermediate,V1,21,0.835114
75,CA1-V1,intermediate,V1,22,0.377694
75,CA1-V1,intermediate,V1,23,0.416573
75,CA1-V1,intermediate,V1,24,0.870723
75,CA1-V1,intermediate,V1,25,0.215201
75,CA1-V1,intermediate,V1,26,0.495305
75,CA1-V1,intermediate,V1,27,0.255856
75,CA1-V1,intermediate,V1,28,0.154625
75,CA1-V1,intermediate,V1,29,0.057959
75,CA1-V1,intermediate,V1,30,0.91446
75,CA1-V1,intermediate,V1,31,0.584007
75,CA1-V1,intermediate,V1,32,0.358105
75,CA1-V1,intermediate,V1,33,0.575417
75,CA1-V1,intermediate,V1,34,0.505869
75,CA1-V1,intermediate,V1,35,0.596147
75,CA1-V1,intermediate,V1,36,0.830702
75,CA1-V1,intermediate,V1,37,0.691845
75,CA1-V1,intermediate,V1,38,0.349061
75,CA1-V1,intermediate,V1,39,0.525397
75,CA1-V1,intermediate,V1,40,0.754196
75,CA1-V1,intermediate,V1,41,0.891979
75,CA1-V1,intermediate,V1,42,0.708678
75,CA1-V1,intermediate,V1,43,0.469226
75,CA1-V1,intermediate,V1,44,0.495199
75,CA1-V1,intermediate,V1,45,0.321394
75,CA1-V1,intermediate,V1,46,0.308913
75,CA1-V1,intermediate,V1,47,0.101661
75,CA1-V1,intermediate,V1,48,0.13685
75,CA1-V1,intermediate,V1,49,0.136526
75,CA1-V1,intermediate,V1,50,0.229699
75,CA1-V1,intermediate,V1,51,0.065335
75,CA1-V1,intermediate,V1,52,0.308356
75,CA1-V1,intermediate,V1,53,0.358404
75,CA1-V1,intermediate,V1,54,0.513338
75,CA1-V1,intermediate,V1,55,0.784969
75,CA1-V1,intermediate,V1,56,0.760971
75,CA1-V1,expert,CA1,0,1.090616
75,CA1-V1,expert,CA1,1,1.232594
75,CA1-V1,expert,CA1,2,1.002724
75,CA1-V1,expert,CA1,3,1.970451
75,CA1-V1,expert,CA1,4,1.362108
75,CA1-V1,expert,CA1,5,1.992154
75,CA1-V1,expert,CA1,6,1.149485
75,CA1-V1,expert,CA1,7,1.025964
75,CA1-V1,expert,CA1,8,1.016223
75,CA1-V1,expert,CA1,9,0.925475
75,CA1-V1,expert,CA1,10,0.120247
75,CA1-V1,expert,CA1,11,1.271978
75,CA1-V1,expert,CA1,12,0.965754
75,CA1-V1,expert,CA1,13,0.786374
75,CA1-V1,expert,CA1,14,1.040029
75,CA1-V1,expert,CA1,15,1.244384
75,CA1-V1,expert,CA1,16,1.197386
75,CA1-V1,expert,CA1,17,0.999908
75,CA1-V1,expert,CA1,18,1.08695
75,CA1-V1,expert,CA1,19,0.843253
75,CA1-V1,expert,CA1,20,1.549114
75,CA1-V1,expert,V1,0,0.344225
75,CA1-V1,expert,V1,1,0.421141
75,CA1-V1,expert,V1,2,0.378441
75,CA1-V1,expert,V1,3,0.148357
75,CA1-V1,expert,V1,4,0.522053
75,CA1-V1,expert,V1,5,0.422011
75,CA1-V1,expert,V1,6,0.742636
75,CA1-V1,expert,V1,7,0.412953
75,CA1-V1,expert,V1,8,0.423665
75,CA1-V1,expert,V1,9,0.485099
75,CA1-V1,expert,V1,10,0.655924
75,CA1-V1,expert,V1,11,0.621005
75,CA1-V1,expert,V1,12,0.817694
75,CA1-V1,expert,V1,13,0.843719
75,CA1-V1,expert,V1,14,0.388759
75,CA1-V1,expert,V1,15,0.583835
75,CA1-V1,expert,V1,16,0.196669
75,CA1-V1,expert,V1,17,0.620166
75,CA1-V1,expert,V1,18,0.817165
75,CA1-V1,expert,V1,19,0.867472
75,CA1-V1,expert,V1,20,0.392349
75,CA1-V1,expert,V1,21,0.881001
75,CA1-V1,expert,V1,22,0.372486
75,CA1-V1,expert,V1,23,0.293156
75,CA1-V1,expert,V1,24,0.862824
75,CA1-V1,expert,V1,25,0.159597
75,CA1-V1,expert,V1,26,0.548494
75,CA1-V1,expert,V1,27,0.26684
75,CA1-V1,expert,V1,28,0.201793
75,CA1-V1,expert,V1,29,0.032138
75,CA1-V1,expert,V1,30,0.679754
75,CA1-V1,expert,V1,31,0.601867
75,CA1-V1,expert,V1,32,0.669203
75,CA1-V1,expert,V1,33,0.625507
75,CA1-V1,expert,V1,34,0.392407
75,CA1-V1,expert,V1,35,0.631678
75,CA1-V1,expert,V1,36,0.761768
75,CA1-V1,expert,V1,37,0.701395
75,CA1-V1,expert,V1,38,0.818999
75,CA1-V1,expert,V1,39,0.293258
75,CA1-V1,expert,V1,40,0.71953
75,CA1-V1,expert,V1,41,0.885486
75,CA1-V1,expert,V1,42,0.738436
75,CA1-V1,expert,V1,43,0.169988
75,CA1-V1,expert,V1,44,0.324657
75,CA1-V1,expert,V1,45,0.253216
75,CA1-V1,expert,V1,46,0.381336
75,CA1-V1,expert,V1,47,0.112772
75,CA1-V1,expert,V1,48,0.087875
75,CA1-V1,expert,V1,49,0.02355
75,CA1-V1,expert,V1,50,0.528424
75,CA1-V1,expert,V1,51,0.070712
75,CA1-V1,expert,V1,52,0.563952
75,CA1-V1,expert,V1,53,0.371248
75,CA1-V1,expert,V1,54,0.784573
75,CA1-V1,expert,V1,55,0.479515
75,CA1-V1,expert,V1,56,0.761562
75,CA1-SUB,naive,CA1,0,1.046308
75,CA1-SUB,naive,CA1,1,1.424438
75,CA1-SUB,naive,CA1,2,1.078012
75,CA1-SUB,naive,CA1,3,2.75385
75,CA1-SUB,naive,CA1,4,1.408644
75,CA1-SUB,naive,CA1,5,0.918783
75,CA1-SUB,naive,CA1,6,1.151995
75,CA1-SUB,naive,CA1,7,0.987626
75,CA1-SUB,naive,CA1,8,0.971179
75,CA1-SUB,naive,CA1,9,1.223645
75,CA1-SUB,naive,CA1,10,1.332667
75,CA1-SUB,naive,CA1,11,0.008576
75,CA1-SUB,naive,CA1,12,1.037204
75,CA1-SUB,naive,CA1,13,2.187452
75,CA1-SUB,naive,CA1,14,0.995429
75,CA1-SUB,naive,CA1,15,0.861617
75,CA1-SUB,naive,CA1,16,0.984952
75,CA1-SUB,naive,CA1,17,0.963855
75,CA1-SUB,naive,CA1,18,1.091433
75,CA1-SUB,naive,CA1,19,0.895024
75,CA1-SUB,naive,CA1,20,1.42286
75,CA1-SUB,naive,SUB,0,0.915506
75,CA1-SUB,naive,SUB,1,0.953977
75,CA1-SUB,naive,SUB,2,0.246063
75,CA1-SUB,naive,SUB,3,0.371702
75,CA1-SUB,naive,SUB,4,0.950683
75,CA1-SUB,naive,SUB,5,0.398193
75,CA1-SUB,naive,SUB,6,0.389842
75,CA1-SUB,naive,SUB,7,0.871848
75,CA1-SUB,naive,SUB,8,0.530913
75,CA1-SUB,naive,SUB,9,0.387044
75,CA1-SUB,naive,SUB,10,0.582253
75,CA1-SUB,naive,SUB,11,0.373227
75,CA1-SUB,naive,SUB,12,0.573219
75,CA1-SUB,naive,SUB,13,0.71617
75,CA1-SUB,naive,SUB,14,0.321869
75,CA1-SUB,naive,SUB,15,0.52264
75,CA1-SUB,naive,SUB,16,0.375364
75,CA1-SUB,naive,SUB,17,0.885016
75,CA1-SUB,naive,SUB,18,0.700057
75,CA1-SUB,naive,SUB,19,0.488715
75,CA1-SUB,naive,SUB,20,0.553598
75,CA1-SUB,naive,SUB,21,0.780354
75,CA1-SUB,naive,SUB,22,0.712449
75,CA1-SUB,naive,SUB,23,0.547857
75,CA1-SUB,naive,SUB,24,0.81896
75,CA1-SUB,naive,SUB,25,0.474768
75,CA1-SUB,naive,SUB,26,0.614703
75,CA1-SUB,naive,SUB,27,0.080792
75,CA1-SUB,naive,SUB,28,0.718448
75,CA1-SUB,naive,SUB,29,0.842094
75,CA1-SUB,naive,SUB,30,0.693743
75,CA1-SUB,naive,SUB,31,0.534301
75,CA1-SUB,naive,SUB,32,0.808829
75,CA1-SUB,naive,SUB,33,0.447941
75,CA1-SUB,naive,SUB,34,0.847235
75,CA1-SUB,naive,SUB,35,0.838449
75,CA1-SUB,naive,SUB,36,0.890291
75,CA1-SUB,naive,SUB,37,0.835699
75,CA1-SUB,intermediate,CA1,0,1.0474
75,CA1-SUB,intermediate,CA1,1,1.120632
75,CA1-SUB,intermediate,CA1,2,1.012347
75,CA1-SUB,intermediate,CA1,3,2.406397
75,CA1-SUB,intermediate,CA1,4,1.345006
75,CA1-SUB,intermediate,CA1,5,1.202509
75,CA1-SUB,intermediate,CA1,6,1.127697
75,CA1-SUB,intermediate,CA1,7,1.01659
75,CA1-SUB,intermediate,CA1,8,1.008218
75,CA1-SUB,intermediate,CA1,9,0.982398
75,CA1-SUB,intermediate,CA1,10,1.698041
75,CA1-SUB,intermediate,CA1,11,0.017473
75,CA1-SUB,intermediate,CA1,12,0.935395
75,CA1-SUB,intermediate,CA1,13,0.736053
75,CA1-SUB,intermediate,CA1,14,1.012674
75,CA1-SUB,intermediate,CA1,15,1.002412
75,CA1-SUB,intermediate,CA1,16,1.14293
75,CA1-SUB,intermediate,CA1,17,0.935192
75,CA1-SUB,intermediate,CA1,18,0.978136
75,CA1-SUB,intermediate,CA1,19,0.955456
75,CA1-SUB,intermediate,CA1,20,2.910225
75,CA1-SUB,intermediate,SUB,0,0.956754
75,CA1-SUB,intermediate,SUB,1,0.273155
75,CA1-SUB,intermediate,SUB,2,0.323979
75,CA1-SUB,intermediate,SUB,3,0.420857
75,CA1-SUB,intermediate,SUB,4,0.946111
75,CA1-SUB,intermediate,SUB,5,0.73019
75,CA1-SUB,intermediate,SUB,6,0.355671
75,CA1-SUB,intermediate,SUB,7,0.874782
75,CA1-SUB,intermediate,SUB,8,0.761628
75,CA1-SUB,intermediate,SUB,9,0.649778
75,CA1-SUB,intermediate,SUB,10,0.822102
75,CA1-SUB,intermediate,SUB,11,0.579089
75,CA1-SUB,intermediate,SUB,12,0.708486
75,CA1-SUB,intermediate,SUB,13,0.901805
75,CA1-SUB,intermediate,SUB,14,0.349969
75,CA1-SUB,intermediate,SUB,15,0.708694
75,CA1-SUB,intermediate,SUB,16,0.762387
75,CA1-SUB,intermediate,SUB,17,0.852126
75,CA1-SUB,intermediate,SUB,18,0.764951
75,CA1-SUB,intermediate,SUB,19,0.844329
75,CA1-SUB,intermediate,SUB,20,0.659026
75,CA1-SUB,intermediate,SUB,21,0.740472
75,CA1-SUB,intermediate,SUB,22,0.13678
75,CA1-SUB,intermediate,SUB,23,0.591571
75,CA1-SUB,intermediate,SUB,24,0.576816
75,CA1-SUB,intermediate,SUB,25,0.42671
75,CA1-SUB,intermediate,SUB,26,0.934658
75,CA1-SUB,intermediate,SUB,27,0.017405
75,CA1-SUB,intermediate,SUB,28,0.573771
75,CA1-SUB,intermediate,SUB,29,0.876942
75,CA1-SUB,intermediate,SUB,30,0.776881
75,CA1-SUB,intermediate,SUB,31,0.579119
75,CA1-SUB,intermediate,SUB,32,0.969665
75,CA1-SUB,intermediate,SUB,33,0.503382
75,CA1-SUB,intermediate,SUB,34,0.711947
75,CA1-SUB,intermediate,SUB,35,0.820817
75,CA1-SUB,intermediate,SUB,36,0.898434
75,CA1-SUB,intermediate,SUB,37,0.11702
75,CA1-SUB,expert,CA1,0,1.088884
75,CA1-SUB,expert,CA1,1,1.233313
75,CA1-SUB,expert,CA1,2,1.00192
75,CA1-SUB,expert,CA1,3,1.970781
75,CA1-SUB,expert,CA1,4,1.363088
75,CA1-SUB,expert,CA1,5,1.993139
75,CA1-SUB,expert,CA1,6,1.148817
75,CA1-SUB,expert,CA1,7,1.025612
75,CA1-SUB,expert,CA1,8,1.01569
75,CA1-SUB,expert,CA1,9,0.926998
75,CA1-SUB,expert,CA1,10,0.110312
75,CA1-SUB,expert,CA1,11,1.270345
75,CA1-SUB,expert,CA1,12,0.966874
75,CA1-SUB,expert,CA1,13,0.783583
75,CA1-SUB,expert,CA1,14,1.04141
75,CA1-SUB,expert,CA1,15,1.244288
75,CA1-SUB,expert,CA1,16,1.197865
75,CA1-SUB,expert,CA1,17,0.999817
75,CA1-SUB,expert,CA1,18,1.089084
75,CA1-SUB,expert,CA1,19,0.843867
75,CA1-SUB,expert,CA1,20,1.550263
75,CA1-SUB,expert,SUB,0,0.869152
75,CA1-SUB,expert,SUB,1,0.97435
75,CA1-SUB,expert,SUB,2,0.422085
75,CA1-SUB,expert,SUB,3,0.655297
75,CA1-SUB,expert,SUB,4,0.429772
75,CA1-SUB,expert,SUB,5,0.661972
75,CA1-SUB,expert,SUB,6,0.624585
75,CA1-SUB,expert,SUB,7,0.936424
75,CA1-SUB,expert,SUB,8,0.782334
75,CA1-SUB,expert,SUB,9,0.820721
75,CA1-SUB,expert,SUB,10,0.525491
75,CA1-SUB,expert,SUB,11,0.696984
75,CA1-SUB,expert,SUB,12,0.810587
75,CA1-SUB,expert,SUB,13,0.889455
75,CA1-SUB,expert,SUB,14,0.883925
75,CA1-SUB,expert,SUB,15,0.709814
75,CA1-SUB,expert,SUB,16,0.883198
75,CA1-SUB,expert,SUB,17,0.877661
75,CA1-SUB,expert,SUB,18,0.749621
75,CA1-SUB,expert,SUB,19,0.788712
75,CA1-SUB,expert,SUB,20,0.757405
75,CA1-SUB,expert,SUB,21,0.670558
75,CA1-SUB,expert,SUB,22,0.03404
75,CA1-SUB,expert,SUB,23,0.592336
75,CA1-SUB,expert,SUB,24,0.623147
75,CA1-SUB,expert,SUB,25,0.453375
75,CA1-SUB,expert,SUB,26,0.945699
75,CA1-SUB,expert,SUB,27,0.023305
75,CA1-SUB,expert,SUB,28,0.800884
75,CA1-SUB,expert,SUB,29,0.539232
75,CA1-SUB,expert,SUB,30,0.851599
75,CA1-SUB,expert,SUB,31,0.599965
75,CA1-SUB,expert,SUB,32,0.963076
75,CA1-SUB,expert,SUB,33,0.545783
75,CA1-SUB,expert,SUB,34,0.584663
75,CA1-SUB,expert,SUB,35,0.113458
75,CA1-SUB,expert,SUB,36,0.898724
75,CA1-SUB,expert,SUB,37,0.134697
75,RSC-SUB,naive,RSC,0,0.043068
75,RSC-SUB,naive,RSC,1,0.036878
75,RSC-SUB,naive,RSC,2,0.040089
75,RSC-SUB,naive,RSC,3,0.024592
75,RSC-SUB,naive,RSC,4,0.075741
75,RSC-SUB,naive,RSC,5,0.118116
75,RSC-SUB,naive,RSC,6,0.021596
75,RSC-SUB,naive,RSC,7,0.036804
75,RSC-SUB,naive,RSC,8,0.430089
75,RSC-SUB,naive,RSC,9,0.678552
75,RSC-SUB,naive,RSC,10,0.014284
75,RSC-SUB,naive,RSC,11,0.015798
75,RSC-SUB,naive,RSC,12,0.03266
75,RSC-SUB,naive,RSC,13,0.0
75,RSC-SUB,naive,RSC,14,0.092588
75,RSC-SUB,naive,RSC,15,0.015513
75,RSC-SUB,naive,RSC,16,0.039599
75,RSC-SUB,naive,RSC,17,0.525352
75,RSC-SUB,naive,RSC,18,0.174974
75,RSC-SUB,naive,RSC,19,0.009929
75,RSC-SUB,naive,RSC,20,0.01216
75,RSC-SUB,naive,RSC,21,0.040423
75,RSC-SUB,naive,RSC,22,0.004902
75,RSC-SUB,naive,RSC,23,0.028273
75,RSC-SUB,naive,RSC,24,0.184634
75,RSC-SUB,naive,RSC,25,0.016523
75,RSC-SUB,naive,RSC,26,0.067661
75,RSC-SUB,naive,RSC,27,0.009256
75,RSC-SUB,naive,RSC,28,0.170528
75,RSC-SUB,naive,RSC,29,0.022664
75,RSC-SUB,naive,RSC,30,0.013116
75,RSC-SUB,naive,RSC,31,0.002942
75,RSC-SUB,naive,RSC,32,0.241906
75,RSC-SUB,naive,RSC,33,0.015598
75,RSC-SUB,naive,RSC,34,0.505634
75,RSC-SUB,naive,RSC,35,0.025474
75,RSC-SUB,naive,RSC,36,0.135756
75,RSC-SUB,naive,RSC,37,0.660596
75,RSC-SUB,naive,RSC,38,0.648507
75,RSC-SUB,naive,RSC,39,0.061409
75,RSC-SUB,naive,RSC,40,0.011713
75,RSC-SUB,naive,RSC,41,0.006252
75,RSC-SUB,naive,RSC,42,0.006967
75,RSC-SUB,naive,RSC,43,0.031233
75,RSC-SUB,naive,RSC,44,0.014666
75,RSC-SUB,naive,RSC,45,0.131824
75,RSC-SUB,naive,RSC,46,0.013469
75,RSC-SUB,naive,RSC,47,0.114865
75,RSC-SUB,naive,RSC,48,0.021863
75,RSC-SUB,naive,RSC,49,0.063574
75,RSC-SUB,naive,RSC,50,0.037366
75,RSC-SUB,naive,RSC,51,0.014117
75,RSC-SUB,naive,RSC,52,0.01837
75,RSC-SUB,naive,RSC,53,0.004187
75,RSC-SUB,naive,RSC,54,0.001563
75,RSC-SUB,naive,RSC,55,0.027275
75,RSC-SUB,naive,RSC,56,0.115496
75,RSC-SUB,naive,RSC,57,0.105636
75,RSC-SUB,naive,RSC,58,0.174129
75,RSC-SUB,naive,RSC,59,0.013034
75,RSC-SUB,naive,RSC,60,0.030925
75,RSC-SUB,naive,RSC,61,0.007426
75,RSC-SUB,naive,RSC,62,0.107648
75,RSC-SUB,naive,RSC,63,0.039982
75,RSC-SUB,naive,RSC,64,0.378023
75,RSC-SUB,naive,RSC,65,0.737158
75,RSC-SUB,naive,RSC,66,0.027514
75,RSC-SUB,naive,RSC,67,0.023997
75,RSC-SUB,naive,RSC,68,0.02375
75,RSC-SUB,naive,RSC,69,0.594866
75,RSC-SUB,naive,RSC,70,0.08305
75,RSC-SUB,naive,RSC,71,0.081452
75,RSC-SUB,naive,RSC,72,0.023025
75,RSC-SUB,naive,RSC,73,0.0
75,RSC-SUB,naive,RSC,74,0.069437
75,RSC-SUB,naive,RSC,75,0.095864
75,RSC-SUB,naive,RSC,76,0.062745
75,RSC-SUB,naive,RSC,77,0.071537
75,RSC-SUB,naive,RSC,78,0.071682
75,RSC-SUB,naive,RSC,79,0.074272
75,RSC-SUB,naive,RSC,80,0.027413
75,RSC-SUB,naive,RSC,81,0.054555
75,RSC-SUB,naive,RSC,82,0.088223
75,RSC-SUB,naive,RSC,83,0.051076
75,RSC-SUB,naive,RSC,84,0.004636
75,RSC-SUB,naive,RSC,85,0.071477
75,RSC-SUB,naive,RSC,86,0.019058
75,RSC-SUB,naive,RSC,87,0.047611
75,RSC-SUB,naive,RSC,88,0.013971
75,RSC-SUB,naive,RSC,89,0.029455
75,RSC-SUB,naive,RSC,90,0.040821
75,RSC-SUB,naive,RSC,91,0.729582
75,RSC-SUB,naive,RSC,92,0.201025
75,RSC-SUB,naive,RSC,93,0.013647
75,RSC-SUB,naive,RSC,94,0.011217
75,RSC-SUB,naive,RSC,95,0.096263
75,RSC-SUB,naive,RSC,96,0.008622
75,RSC-SUB,naive,RSC,97,0.029858
75,RSC-SUB,naive,RSC,98,0.088698
75,RSC-SUB,naive,RSC,99,0.069226
75,RSC-SUB,naive,RSC,100,0.015532
75,RSC-SUB,naive,RSC,101,0.1502
75,RSC-SUB,naive,RSC,102,0.630253
75,RSC-SUB,naive,RSC,103,0.006495
75,RSC-SUB,naive,RSC,104,0.042688
75,RSC-SUB,naive,RSC,105,0.020175
75,RSC-SUB,naive,RSC,106,0.03056
75,RSC-SUB,naive,RSC,107,0.123084
75,RSC-SUB,naive,RSC,108,0.0
75,RSC-SUB,naive,RSC,109,0.030255
75,RSC-SUB,naive,RSC,110,0.057658
75,RSC-SUB,naive,RSC,111,0.093761
75,RSC-SUB,naive,RSC,112,0.679121
75,RSC-SUB,naive,RSC,113,0.005148
75,RSC-SUB,naive,RSC,114,0.003354
75,RSC-SUB,naive,RSC,115,0.20013
75,RSC-SUB,naive,RSC,116,0.029381
75,RSC-SUB,naive,RSC,117,0.082538
75,RSC-SUB,naive,RSC,118,0.064661
75,RSC-SUB,naive,RSC,119,0.126619
75,RSC-SUB,naive,RSC,120,0.642294
75,RSC-SUB,naive,RSC,121,0.056109
75,RSC-SUB,naive,RSC,122,0.077792
75,RSC-SUB,naive,RSC,123,0.080475
75,RSC-SUB,naive,RSC,124,0.049007
75,RSC-SUB,naive,RSC,125,0.033392
75,RSC-SUB,naive,RSC,126,0.044772
75,RSC-SUB,naive,RSC,127,0.085135
75,RSC-SUB,naive,RSC,128,0.09829
75,RSC-SUB,naive,RSC,129,0.063165
75,RSC-SUB,naive,RSC,130,0.027722
75,RSC-SUB,naive,RSC,131,0.107735
75,RSC-SUB,naive,RSC,132,0.760265
75,RSC-SUB,naive,RSC,133,0.709365
75,RSC-SUB,naive,RSC,134,0.027197
75,RSC-SUB,naive,RSC,135,0.154332
75,RSC-SUB,naive,RSC,136,0.1017
75,RSC-SUB,naive,RSC,137,0.643602
75,RSC-SUB,naive,RSC,138,0.108713
75,RSC-SUB,naive,RSC,139,0.011222
75,RSC-SUB,naive,RSC,140,0.025857
75,RSC-SUB,naive,RSC,141,0.171181
75,RSC-SUB,naive,RSC,142,0.021628
75,RSC-SUB,naive,RSC,143,0.029178
75,RSC-SUB,naive,RSC,144,0.001536
75,RSC-SUB,naive,RSC,145,0.732202
75,RSC-SUB,naive,RSC,146,0.091138
75,RSC-SUB,naive,RSC,147,0.008709
75,RSC-SUB,naive,RSC,148,0.031504
75,RSC-SUB,naive,RSC,149,0.039918
75,RSC-SUB,naive,RSC,150,0.081783
75,RSC-SUB,naive,RSC,151,0.050339
75,RSC-SUB,naive,RSC,152,0.169593
75,RSC-SUB,naive,RSC,153,0.060576
75,RSC-SUB,naive,RSC,154,0.06441
75,RSC-SUB,naive,RSC,155,0.004807
75,RSC-SUB,naive,RSC,156,0.033537
75,RSC-SUB,naive,RSC,157,0.065352
75,RSC-SUB,naive,RSC,158,0.049547
75,RSC-SUB,naive,RSC,159,0.079069
75,RSC-SUB,naive,RSC,160,0.159691
75,RSC-SUB,naive,RSC,161,0.567888
75,RSC-SUB,naive,RSC,162,0.088191
75,RSC-SUB,naive,RSC,163,0.730083
75,RSC-SUB,naive,RSC,164,0.030012
75,RSC-SUB,naive,RSC,165,0.018752
75,RSC-SUB,naive,RSC,166,0.065283
75,RSC-SUB,naive,RSC,167,0.165148
75,RSC-SUB,naive,RSC,168,0.112995
75,RSC-SUB,naive,RSC,169,0.017461
75,RSC-SUB,naive,RSC,170,0.040586
75,RSC-SUB,naive,RSC,171,0.049572
75,RSC-SUB,naive,RSC,172,0.016465
75,RSC-SUB,naive,RSC,173,0.026692
75,RSC-SUB,naive,RSC,174,0.002582
75,RSC-SUB,naive,RSC,175,0.705053
75,RSC-SUB,naive,RSC,176,0.028162
75,RSC-SUB,naive,RSC,177,0.699082
75,RSC-SUB,naive,SUB,0,0.908333
75,RSC-SUB,naive,SUB,1,0.951183
75,RSC-SUB,naive,SUB,2,0.260965
75,RSC-SUB,naive,SUB,3,0.376439
75,RSC-SUB,naive,SUB,4,0.944688
75,RSC-SUB,naive,SUB,5,0.408893
75,RSC-SUB,naive,SUB,6,0.39167
75,RSC-SUB,naive,SUB,7,0.86326
75,RSC-SUB,naive,SUB,8,0.526848
75,RSC-SUB,naive,SUB,9,0.379162
75,RSC-SUB,naive,SUB,10,0.592237
75,RSC-SUB,naive,SUB,11,0.374635
75,RSC-SUB,naive,SUB,12,0.583155
75,RSC-SUB,naive,SUB,13,0.706016
75,RSC-SUB,naive,SUB,14,0.307176
75,RSC-SUB,naive,SUB,15,0.531012
75,RSC-SUB,naive,SUB,16,0.354255
75,RSC-SUB,naive,SUB,17,0.869793
75,RSC-SUB,naive,SUB,18,0.689593
75,RSC-SUB,naive,SUB,19,0.492123
75,RSC-SUB,naive,SUB,20,0.554571
75,RSC-SUB,naive,SUB,21,0.773304
75,RSC-SUB,naive,SUB,22,0.707996
75,RSC-SUB,naive,SUB,23,0.551069
75,RSC-SUB,naive,SUB,24,0.819396
75,RSC-SUB,naive,SUB,25,0.471704
75,RSC-SUB,naive,SUB,26,0.606389
75,RSC-SUB,naive,SUB,27,0.081158
75,RSC-SUB,naive,SUB,28,0.720066
75,RSC-SUB,naive,SUB,29,0.836406
75,RSC-SUB,naive,SUB,30,0.678369
75,RSC-SUB,naive,SUB,31,0.527467
75,RSC-SUB,naive,SUB,32,0.784532
75,RSC-SUB,naive,SUB,33,0.444978
75,RSC-SUB,naive,SUB,34,0.842677
75,RSC-SUB,naive,SUB,35,0.829906
75,RSC-SUB,naive,SUB,36,0.877758
75,RSC-SUB,naive,SUB,37,0.831926
75,RSC-SUB,intermediate,RSC,0,0.04417
75,RSC-SUB,intermediate,RSC,1,0.0638
75,RSC-SUB,intermediate,RSC,2,0.079292
75,RSC-SUB,intermediate,RSC,3,0.027535
75,RSC-SUB,intermediate,RSC,4,0.024175
75,RSC-SUB,intermediate,RSC,5,0.210905
75,RSC-SUB,intermediate,RSC,6,0.066999
75,RSC-SUB,intermediate,RSC,7,0.058004
75,RSC-SUB,intermediate,RSC,8,0.031941
75,RSC-SUB,intermediate,RSC,9,0.08427
75,RSC-SUB,intermediate,RSC,10,0.015134
75,RSC-SUB,intermediate,RSC,11,0.677316
75,RSC-SUB,intermediate,RSC,12,0.017869
75,RSC-SUB,intermediate,RSC,13,0.0
75,RSC-SUB,intermediate,RSC,14,0.147694
75,RSC-SUB,intermediate,RSC,15,0.056252
75,RSC-SUB,intermediate,RSC,16,0.076393
75,RSC-SUB,intermediate,RSC,17,0.045838
75,RSC-SUB,intermediate,RSC,18,0.181267
75,RSC-SUB,intermediate,RSC,19,0.032935
75,RSC-SUB,intermediate,RSC,20,0.089348
75,RSC-SUB,intermediate,RSC,21,0.095153
75,RSC-SUB,intermediate,RSC,22,0.014489
75,RSC-SUB,intermediate,RSC,23,0.446059
75,RSC-SUB,intermediate,RSC,24,0.0
75,RSC-SUB,intermediate,RSC,25,0.036773
75,RSC-SUB,intermediate,RSC,26,0.081222
75,RSC-SUB,intermediate,RSC,27,0.05906
75,RSC-SUB,intermediate,RSC,28,0.07009
75,RSC-SUB,intermediate,RSC,29,0.066954
75,RSC-SUB,intermediate,RSC,30,0.005435
75,RSC-SUB,intermediate,RSC,31,0.001389
75,RSC-SUB,intermediate,RSC,32,0.108881
75,RSC-SUB,intermediate,RSC,33,0.360552
75,RSC-SUB,intermediate,RSC,34,0.007314
75,RSC-SUB,intermediate,RSC,35,0.340907
75,RSC-SUB,intermediate,RSC,36,0.781579
75,RSC-SUB,intermediate,RSC,37,0.474349
75,RSC-SUB,intermediate,RSC,38,0.477686
75,RSC-SUB,intermediate,RSC,39,0.42129
75,RSC-SUB,intermediate,RSC,40,0.620549
75,RSC-SUB,intermediate,RSC,41,0.078157
75,RSC-SUB,intermediate,RSC,42,0.670595
75,RSC-SUB,intermediate,RSC,43,0.044082
75,RSC-SUB,intermediate,RSC,44,0.1931
75,RSC-SUB,intermediate,RSC,45,0.169704
75,RSC-SUB,intermediate,RSC,46,0.123231
75,RSC-SUB,intermediate,RSC,47,0.213964
75,RSC-SUB,intermediate,RSC,48,0.017567
75,RSC-SUB,intermediate,RSC,49,0.091712
75,RSC-SUB,intermediate,RSC,50,0.114017
75,RSC-SUB,intermediate,RSC,51,0.376645
75,RSC-SUB,intermediate,RSC,52,0.038025
75,RSC-SUB,intermediate,RSC,53,0.058562
75,RSC-SUB,intermediate,RSC,54,0.066677
75,RSC-SUB,intermediate,RSC,55,0.15004
75,RSC-SUB,intermediate,RSC,56,0.016241
75,RSC-SUB,intermediate,RSC,57,0.126969
75,RSC-SUB,intermediate,RSC,58,0.483215
75,RSC-SUB,intermediate,RSC,59,0.081095
75,RSC-SUB,intermediate,RSC,60,0.678924
75,RSC-SUB,intermediate,RSC,61,0.009406
75,RSC-SUB,intermediate,RSC,62,0.013488
75,RSC-SUB,intermediate,RSC,63,0.015862
75,RSC-SUB,intermediate,RSC,64,0.091645
75,RSC-SUB,intermediate,RSC,65,0.02595
75,RSC-SUB,intermediate,RSC,66,0.057481
75,RSC-SUB,intermediate,RSC,67,0.717508
75,RSC-SUB,intermediate,RSC,68,0.05274
75,RSC-SUB,intermediate,RSC,69,0.71625
75,RSC-SUB,intermediate,RSC,70,0.184917
75,RSC-SUB,intermediate,RSC,71,0.007369
75,RSC-SUB,intermediate,RSC,72,0.048188
75,RSC-SUB,intermediate,RSC,73,0.0
75,RSC-SUB,intermediate,RSC,74,0.097151
75,RSC-SUB,intermediate,RSC,75,0.130497
75,RSC-SUB,intermediate,RSC,76,0.061313
75,RSC-SUB,intermediate,RSC,77,0.192099
75,RSC-SUB,intermediate,RSC,78,0.103704
75,RSC-SUB,intermediate,RSC,79,0.173148
75,RSC-SUB,intermediate,RSC,80,0.033795
75,RSC-SUB,intermediate,RSC,81,0.103272
75,RSC-SUB,intermediate,RSC,82,0.180419
75,RSC-SUB,intermediate,RSC,83,0.156409
75,RSC-SUB,intermediate,RSC,84,0.001537
75,RSC-SUB,intermediate,RSC,85,0.004779
75,RSC-SUB,intermediate,RSC,86,0.01267
75,RSC-SUB,intermediate,RSC,87,0.087463
75,RSC-SUB,intermediate,RSC,88,0.036719
75,RSC-SUB,intermediate,RSC,89,0.043271
75,RSC-SUB,intermediate,RSC,90,0.125449
75,RSC-SUB,intermediate,RSC,91,0.01494
75,RSC-SUB,intermediate,RSC,92,0.218328
75,RSC-SUB,intermediate,RSC,93,0.007833
75,RSC-SUB,intermediate,RSC,94,0.0
75,RSC-SUB,intermediate,RSC,95,0.020217
75,RSC-SUB,intermediate,RSC,96,0.087954
75,RSC-SUB,intermediate,RSC,97,0.040978
75,RSC-SUB,intermediate,RSC,98,0.062267
75,RSC-SUB,intermediate,RSC,99,0.062763
75,RSC-SUB,intermediate,RSC,100,0.587249
75,RSC-SUB,intermediate,RSC,101,0.121099
75,RSC-SUB,intermediate,RSC,102,0.269946
75,RSC-SUB,intermediate,RSC,103,0.720481
75,RSC-SUB,intermediate,RSC,104,0.298271
75,RSC-SUB,intermediate,RSC,105,0.007329
75,RSC-SUB,intermediate,RSC,106,0.103728
75,RSC-SUB,intermediate,RSC,107,0.185197
75,RSC-SUB,intermediate,RSC,108,0.012835
75,RSC-SUB,intermediate,RSC,109,0.04443
75,RSC-SUB,intermediate,RSC,110,0.316807
75,RSC-SUB,intermediate,RSC,111,0.107086
75,RSC-SUB,intermediate,RSC,112,0.139486
75,RSC-SUB,intermediate,RSC,113,0.024673
75,RSC-SUB,intermediate,RSC,114,0.030262
75,RSC-SUB,intermediate,RSC,115,0.315344
75,RSC-SUB,intermediate,RSC,116,0.051934
75,RSC-SUB,intermediate,RSC,117,0.694627
75,RSC-SUB,intermediate,RSC,118,0.207654
75,RSC-SUB,intermediate,RSC,119,0.10351
75,RSC-SUB,intermediate,RSC,120,0.196803
75,RSC-SUB,intermediate,RSC,121,0.080877
75,RSC-SUB,intermediate,RSC,122,0.024541
75,RSC-SUB,intermediate,RSC,123,0.028896
75,RSC-SUB,intermediate,RSC,124,0.032969
75,RSC-SUB,intermediate,RSC,125,0.034618
75,RSC-SUB,intermediate,RSC,126,0.110302
75,RSC-SUB,intermediate,RSC,127,0.077355
75,RSC-SUB,intermediate,RSC,128,0.096526
75,RSC-SUB,intermediate,RSC,129,0.105102
75,RSC-SUB,intermediate,RSC,130,0.084303
75,RSC-SUB,intermediate,RSC,131,0.025588
75,RSC-SUB,intermediate,RSC,132,0.0
75,RSC-SUB,intermediate,RSC,133,0.558584
75,RSC-SUB,intermediate,RSC,134,0.13211
75,RSC-SUB,intermediate,RSC,135,0.097103
75,RSC-SUB,intermediate,RSC,136,0.009824
75,RSC-SUB,intermediate,RSC,137,0.190542
75,RSC-SUB,intermediate,RSC,138,0.073051
75,RSC-SUB,intermediate,RSC,139,0.005138
75,RSC-SUB,intermediate,RSC,140,0.006736
75,RSC-SUB,intermediate,RSC,141,0.019675
75,RSC-SUB,intermediate,RSC,142,0.014255
75,RSC-SUB,intermediate,RSC,143,0.113674
75,RSC-SUB,intermediate,RSC,144,0.563339
75,RSC-SUB,intermediate,RSC,145,0.032306
75,RSC-SUB,intermediate,RSC,146,0.240576
75,RSC-SUB,intermediate,RSC,147,0.134899
75,RSC-SUB,intermediate,RSC,148,0.676299
75,RSC-SUB,intermediate,RSC,149,0.040406
75,RSC-SUB,intermediate,RSC,150,0.068955
75,RSC-SUB,intermediate,RSC,151,0.036887
75,RSC-SUB,intermediate,RSC,152,0.096749
75,RSC-SUB,intermediate,RSC,153,0.221975
75,RSC-SUB,intermediate,RSC,154,0.107119
75,RSC-SUB,intermediate,RSC,155,0.008458
75,RSC-SUB,intermediate,RSC,156,0.068446
75,RSC-SUB,intermediate,RSC,157,0.208909
75,RSC-SUB,intermediate,RSC,158,0.120655
75,RSC-SUB,intermediate,RSC,159,0.102258
75,RSC-SUB,intermediate,RSC,160,0.181002
75,RSC-SUB,intermediate,RSC,161,0.179669
75,RSC-SUB,intermediate,RSC,162,0.223452
75,RSC-SUB,intermediate,RSC,163,0.046761
75,RSC-SUB,intermediate,RSC,164,0.545987
75,RSC-SUB,intermediate,RSC,165,0.00788
75,RSC-SUB,intermediate,RSC,166,0.244889
75,RSC-SUB,intermediate,RSC,167,0.414805
75,RSC-SUB,intermediate,RSC,168,0.192084
75,RSC-SUB,intermediate,RSC,169,0.467142
75,RSC-SUB,intermediate,RSC,170,0.102901
75,RSC-SUB,intermediate,RSC,171,0.195485
75,RSC-SUB,intermediate,RSC,172,0.068488
75,RSC-SUB,intermediate,RSC,173,0.016351
75,RSC-SUB,intermediate,RSC,174,0.00397
75,RSC-SUB,intermediate,RSC,175,0.066311
75,RSC-SUB,intermediate,RSC,176,0.012894
75,RSC-SUB,intermediate,RSC,177,0.018948
75,RSC-SUB,intermediate,SUB,0,0.950141
75,RSC-SUB,intermediate,SUB,1,0.231149
75,RSC-SUB,intermediate,SUB,2,0.316696
75,RSC-SUB,intermediate,SUB,3,0.409314
75,RSC-SUB,intermediate,SUB,4,0.942693
75,RSC-SUB,intermediate,SUB,5,0.730141
75,RSC-SUB,intermediate,SUB,6,0.36664
75,RSC-SUB,intermediate,SUB,7,0.866439
75,RSC-SUB,intermediate,SUB,8,0.745379
75,RSC-SUB,intermediate,SUB,9,0.614765
75,RSC-SUB,intermediate,SUB,10,0.820771
75,RSC-SUB,intermediate,SUB,11,0.574168
75,RSC-SUB,intermediate,SUB,12,0.706742
75,RSC-SUB,intermediate,SUB,13,0.895302
75,RSC-SUB,intermediate,SUB,14,0.337218
75,RSC-SUB,intermediate,SUB,15,0.69233
75,RSC-SUB,intermediate,SUB,16,0.756325
75,RSC-SUB,intermediate,SUB,17,0.852045
75,RSC-SUB,intermediate,SUB,18,0.774394
75,RSC-SUB,intermediate,SUB,19,0.830709
75,RSC-SUB,intermediate,SUB,20,0.64997
75,RSC-SUB,intermediate,SUB,21,0.736127
75,RSC-SUB,intermediate,SUB,22,0.132308
75,RSC-SUB,intermediate,SUB,23,0.60058
75,RSC-SUB,intermediate,SUB,24,0.57152
75,RSC-SUB,intermediate,SUB,25,0.434208
75,RSC-SUB,intermediate,SUB,26,0.927462
75,RSC-SUB,intermediate,SUB,27,0.017591
75,RSC-SUB,intermediate,SUB,28,0.577832
75,RSC-SUB,intermediate,SUB,29,0.872988
75,RSC-SUB,intermediate,SUB,30,0.761344
75,RSC-SUB,intermediate,SUB,31,0.571496
75,RSC-SUB,intermediate,SUB,32,0.959304
75,RSC-SUB,intermediate,SUB,33,0.493879
75,RSC-SUB,intermediate,SUB,34,0.698333
75,RSC-SUB,intermediate,SUB,35,0.838451
75,RSC-SUB,intermediate,SUB,36,0.883522
75,RSC-SUB,intermediate,SUB,37,0.117336
75,RSC-SUB,expert,RSC,0,0.091882
75,RSC-SUB,expert,RSC,1,0.078483
75,RSC-SUB,expert,RSC,2,0.101848
75,RSC-SUB,expert,RSC,3,0.083814
75,RSC-SUB,expert,RSC,4,0.02919
75,RSC-SUB,expert,RSC,5,0.029977
75,RSC-SUB,expert,RSC,6,0.308804
75,RSC-SUB,expert,RSC,7,0.066345
75,RSC-SUB,expert,RSC,8,0.046659
75,RSC-SUB,expert,RSC,9,0.017183
75,RSC-SUB,expert,RSC,10,0.020893
75,RSC-SUB,expert,RSC,11,0.11784
75,RSC-SUB,expert,RSC,12,0.058757
75,RSC-SUB,expert,RSC,13,0.0
75,RSC-SUB,expert,RSC,14,0.076526
75,RSC-SUB,expert,RSC,15,0.035686
75,RSC-SUB,expert,RSC,16,0.066786
75,RSC-SUB,expert,RSC,17,0.015353
75,RSC-SUB,expert,RSC,18,0.144148
75,RSC-SUB,expert,RSC,19,0.034866
75,RSC-SUB,expert,RSC,20,0.100772
75,RSC-SUB,expert,RSC,21,0.140883
75,RSC-SUB,expert,RSC,22,0.046314
75,RSC-SUB,expert,RSC,23,0.113951
75,RSC-SUB,expert,RSC,24,0.011905
75,RSC-SUB,expert,RSC,25,0.054199
75,RSC-SUB,expert,RSC,26,0.130821
75,RSC-SUB,expert,RSC,27,0.72577
75,RSC-SUB,expert,RSC,28,0.014422
75,RSC-SUB,expert,RSC,29,0.090062
75,RSC-SUB,expert,RSC,30,0.025515
75,RSC-SUB,expert,RSC,31,0.00455
75,RSC-SUB,expert,RSC,32,0.087
75,RSC-SUB,expert,RSC,33,0.345817
75,RSC-SUB,expert,RSC,34,0.0
75,RSC-SUB,expert,RSC,35,0.339112
75,RSC-SUB,expert,RSC,36,0.0
75,RSC-SUB,expert,RSC,37,0.078002
75,RSC-SUB,expert,RSC,38,0.160657
75,RSC-SUB,expert,RSC,39,0.725512
75,RSC-SUB,expert,RSC,40,0.013577
75,RSC-SUB,expert,RSC,41,0.273046
75,RSC-SUB,expert,RSC,42,0.077117
75,RSC-SUB,expert,RSC,43,0.139006
75,RSC-SUB,expert,RSC,44,0.214464
75,RSC-SUB,expert,RSC,45,0.140425
75,RSC-SUB,expert,RSC,46,0.093326
75,RSC-SUB,expert,RSC,47,0.159123
75,RSC-SUB,expert,RSC,48,0.026276
75,RSC-SUB,expert,RSC,49,0.069076
75,RSC-SUB,expert,RSC,50,0.193822
75,RSC-SUB,expert,RSC,51,0.0
75,RSC-SUB,expert,RSC,52,0.101487
75,RSC-SUB,expert,RSC,53,0.064793
75,RSC-SUB,expert,RSC,54,0.043739
75,RSC-SUB,expert,RSC,55,0.153623
75,RSC-SUB,expert,RSC,56,0.043251
75,RSC-SUB,expert,RSC,57,0.082543
75,RSC-SUB,expert,RSC,58,0.504319
75,RSC-SUB,expert,RSC,59,0.096741
75,RSC-SUB,expert,RSC,60,0.019936
75,RSC-SUB,expert,RSC,61,0.018016
75,RSC-SUB,expert,RSC,62,0.027643
75,RSC-SUB,expert,RSC,63,0.734685
75,RSC-SUB,expert,RSC,64,0.334397
75,RSC-SUB,expert,RSC,65,0.028635
75,RSC-SUB,expert,RSC,66,0.734157
75,RSC-SUB,expert,RSC,67,0.432302
75,RSC-SUB,expert,RSC,68,0.685996
75,RSC-SUB,expert,RSC,69,0.067083
75,RSC-SUB,expert,RSC,70,0.080089
75,RSC-SUB,expert,RSC,71,0.024784
75,RSC-SUB,expert,RSC,72,0.034655
75,RSC-SUB,expert,RSC,73,0.748097
75,RSC-SUB,expert,RSC,74,0.127038
75,RSC-SUB,expert,RSC,75,0.19888
75,RSC-SUB,expert,RSC,76,0.038919
75,RSC-SUB,expert,RSC,77,0.249431
75,RSC-SUB,expert,RSC,78,0.140224
75,RSC-SUB,expert,RSC,79,0.242022
75,RSC-SUB,expert,RSC,80,0.082451
75,RSC-SUB,expert,RSC,81,0.154509
75,RSC-SUB,expert,RSC,82,0.251563
75,RSC-SUB,expert,RSC,83,0.183104
75,RSC-SUB,expert,RSC,84,0.010966
75,RSC-SUB,expert,RSC,85,0.009473
75,RSC-SUB,expert,RSC,86,0.026825
75,RSC-SUB,expert,RSC,87,0.089768
75,RSC-SUB,expert,RSC,88,0.085088
75,RSC-SUB,expert,RSC,89,0.123603
75,RSC-SUB,expert,RSC,90,0.079732
75,RSC-SUB,expert,RSC,91,0.053052
75,RSC-SUB,expert,RSC,92,0.148466
75,RSC-SUB,expert,RSC,93,0.002492
75,RSC-SUB,expert,RSC,94,0.599519
75,RSC-SUB,expert,RSC,95,0.01876
75,RSC-SUB,expert,RSC,96,0.205878
75,RSC-SUB,expert,RSC,97,0.049287
75,RSC-SUB,expert,RSC,98,0.072694
75,RSC-SUB,expert,RSC,99,0.069435
75,RSC-SUB,expert,RSC,100,0.062327
75,RSC-SUB,expert,RSC,101,0.113214
75,RSC-SUB,expert,RSC,102,0.06272
75,RSC-SUB,expert,RSC,103,0.0
75,RSC-SUB,expert,RSC,104,0.12194
75,RSC-SUB,expert,RSC,105,0.074754
75,RSC-SUB,expert,RSC,106,0.107471
75,RSC-SUB,expert,RSC,107,0.097238
75,RSC-SUB,expert,RSC,108,0.005394
75,RSC-SUB,expert,RSC,109,0.090521
75,RSC-SUB,expert,RSC,110,0.028961
75,RSC-SUB,expert,RSC,111,0.148492
75,RSC-SUB,expert,RSC,112,0.096136
75,RSC-SUB,expert,RSC,113,0.075603
75,RSC-SUB,expert,RSC,114,0.752788
75,RSC-SUB,expert,RSC,115,0.696678
75,RSC-SUB,expert,RSC,116,0.135653
75,RSC-SUB,expert,RSC,117,0.0
75,RSC-SUB,expert,RSC,118,0.698836
75,RSC-SUB,expert,RSC,119,0.162743
75,RSC-SUB,expert,RSC,120,0.08573
75,RSC-SUB,expert,RSC,121,0.161135
75,RSC-SUB,expert,RSC,122,0.207468
75,RSC-SUB,expert,RSC,123,0.14452
75,RSC-SUB,expert,RSC,124,0.054131
75,RSC-SUB,expert,RSC,125,0.044975
75,RSC-SUB,expert,RSC,126,0.124754
75,RSC-SUB,expert,RSC,127,0.173032
75,RSC-SUB,expert,RSC,128,0.136023
75,RSC-SUB,expert,RSC,129,0.094042
75,RSC-SUB,expert,RSC,130,0.090686
75,RSC-SUB,expert,RSC,131,0.007902
75,RSC-SUB,expert,RSC,132,0.0
75,RSC-SUB,expert,RSC,133,0.075369
75,RSC-SUB,expert,RSC,134,0.050406
75,RSC-SUB,expert,RSC,135,0.083717
75,RSC-SUB,expert,RSC,136,0.013162
75,RSC-SUB,expert,RSC,137,0.022414
75,RSC-SUB,expert,RSC,138,0.054257
75,RSC-SUB,expert,RSC,139,0.087716
75,RSC-SUB,expert,RSC,140,0.011751
75,RSC-SUB,expert,RSC,141,0.054105
75,RSC-SUB,expert,RSC,142,0.737529
75,RSC-SUB,expert,RSC,143,0.25319
75,RSC-SUB,expert,RSC,144,0.704599
75,RSC-SUB,expert,RSC,145,0.678337
75,RSC-SUB,expert,RSC,146,0.150325
75,RSC-SUB,expert,RSC,147,0.293363
75,RSC-SUB,expert,RSC,148,0.088103
75,RSC-SUB,expert,RSC,149,0.034793
75,RSC-SUB,expert,RSC,150,0.089513
75,RSC-SUB,expert,RSC,151,0.084288
75,RSC-SUB,expert,RSC,152,0.08741
75,RSC-SUB,expert,RSC,153,0.267965
75,RSC-SUB,expert,RSC,154,0.141649
75,RSC-SUB,expert,RSC,155,0.0353
75,RSC-SUB,expert,RSC,156,0.07716
75,RSC-SUB,expert,RSC,157,0.110789
75,RSC-SUB,expert,RSC,158,0.159997
75,RSC-SUB,expert,RSC,159,0.127052
75,RSC-SUB,expert,RSC,160,0.266659
75,RSC-SUB,expert,RSC,161,0.178459
75,RSC-SUB,expert,RSC,162,0.336498
75,RSC-SUB,expert,RSC,163,0.03247
75,RSC-SUB,expert,RSC,164,0.545627
75,RSC-SUB,expert,RSC,165,0.026897
75,RSC-SUB,expert,RSC,166,0.161152
75,RSC-SUB,expert,RSC,167,0.5583
75,RSC-SUB,expert,RSC,168,0.398046
75,RSC-SUB,expert,RSC,169,0.213197
75,RSC-SUB,expert,RSC,170,0.143711
75,RSC-SUB,expert,RSC,171,0.620459
75,RSC-SUB,expert,RSC,172,0.108358
75,RSC-SUB,expert,RSC,173,0.074193
75,RSC-SUB,expert,RSC,174,0.746142
75,RSC-SUB,expert,RSC,175,0.086485
75,RSC-SUB,expert,RSC,176,0.103316
75,RSC-SUB,expert,RSC,177,0.049852
75,RSC-SUB,expert,SUB,0,0.874765
75,RSC-SUB,expert,SUB,1,0.971124
75,RSC-SUB,expert,SUB,2,0.441026
75,RSC-SUB,expert,SUB,3,0.645788
75,RSC-SUB,expert,SUB,4,0.4999
75,RSC-SUB,expert,SUB,5,0.659541
75,RSC-SUB,expert,SUB,6,0.622112
75,RSC-SUB,expert,SUB,7,0.933983
75,RSC-SUB,expert,SUB,8,0.767578
75,RSC-SUB,expert,SUB,9,0.701569
75,RSC-SUB,expert,SUB,10,0.527329
75,RSC-SUB,expert,SUB,11,0.68855
75,RSC-SUB,expert,SUB,12,0.801417
75,RSC-SUB,expert,SUB,13,0.873403
75,RSC-SUB,expert,SUB,14,0.883669
75,RSC-SUB,expert,SUB,15,0.684083
75,RSC-SUB,expert,SUB,16,0.830803
75,RSC-SUB,expert,SUB,17,0.85887
75,RSC-SUB,expert,SUB,18,0.731959
75,RSC-SUB,expert,SUB,19,0.787899
75,RSC-SUB,expert,SUB,20,0.753255
75,RSC-SUB,expert,SUB,21,0.663406
75,RSC-SUB,expert,SUB,22,0.035117
75,RSC-SUB,expert,SUB,23,0.606396
75,RSC-SUB,expert,SUB,24,0.535855
75,RSC-SUB,expert,SUB,25,0.448887
75,RSC-SUB,expert,SUB,26,0.940806
75,RSC-SUB,expert,SUB,27,0.02163
75,RSC-SUB,expert,SUB,28,0.776907
75,RSC-SUB,expert,SUB,29,0.874335
75,RSC-SUB,expert,SUB,30,0.812555
75,RSC-SUB,expert,SUB,31,0.598155
75,RSC-SUB,expert,SUB,32,0.896163
75,RSC-SUB,expert,SUB,33,0.554538
75,RSC-SUB,expert,SUB,34,0.499404
75,RSC-SUB,expert,SUB,35,0.131627
75,RSC-SUB,expert,SUB,36,0.908436
75,RSC-SUB,expert,SUB,37,0.142851
75,V1-RSC,naive,V1,0,0.176907
75,V1-RSC,naive,V1,1,0.131916
75,V1-RSC,naive,V1,2,0.225286
75,V1-RSC,naive,V1,3,0.722346
75,V1-RSC,naive,V1,4,0.154571
75,V1-RSC,naive,V1,5,0.633274
75,V1-RSC,naive,V1,6,0.422981
75,V1-RSC,naive,V1,7,0.194844
75,V1-RSC,naive,V1,8,0.306183
75,V1-RSC,naive,V1,9,0.495207
75,V1-RSC,naive,V1,10,0.421086
75,V1-RSC,naive,V1,11,0.347236
75,V1-RSC,naive,V1,12,0.696353
75,V1-RSC,naive,V1,13,0.179703
75,V1-RSC,naive,V1,14,0.212037
75,V1-RSC,naive,V1,15,0.642156
75,V1-RSC,naive,V1,16,0.359069
75,V1-RSC,naive,V1,17,0.268527
75,V1-RSC,naive,V1,18,0.122214
75,V1-RSC,naive,V1,19,0.070829
75,V1-RSC,naive,V1,20,0.352647
75,V1-RSC,naive,V1,21,0.74001
75,V1-RSC,naive,V1,22,0.341404
75,V1-RSC,naive,V1,23,0.799073
75,V1-RSC,naive,V1,24,0.73687
75,V1-RSC,naive,V1,25,0.13695
75,V1-RSC,naive,V1,26,0.300388
75,V1-RSC,naive,V1,27,0.297295
75,V1-RSC,naive,V1,28,0.348657
75,V1-RSC,naive,V1,29,0.425237
75,V1-RSC,naive,V1,30,0.75204
75,V1-RSC,naive,V1,31,0.596567
75,V1-RSC,naive,V1,32,0.310431
75,V1-RSC,naive,V1,33,0.325067
75,V1-RSC,naive,V1,34,0.806847
75,V1-RSC,naive,V1,35,0.522588
75,V1-RSC,naive,V1,36,0.198721
75,V1-RSC,naive,V1,37,0.274099
75,V1-RSC,naive,V1,38,0.096532
75,V1-RSC,naive,V1,39,0.067276
75,V1-RSC,naive,V1,40,0.224911
75,V1-RSC,naive,V1,41,0.060044
75,V1-RSC,naive,V1,42,0.366932
75,V1-RSC,naive,V1,43,0.765762
75,V1-RSC,naive,V1,44,0.766311
75,V1-RSC,naive,V1,45,0.195079
75,V1-RSC,naive,V1,46,0.255879
75,V1-RSC,naive,V1,47,0.835195
75,V1-RSC,naive,V1,48,0.172516
75,V1-RSC,naive,V1,49,0.581945
75,V1-RSC,naive,V1,50,0.804194
75,V1-RSC,naive,V1,51,0.70126
75,V1-RSC,naive,V1,52,0.654905
75,V1-RSC,naive,V1,53,0.279901
75,V1-RSC,naive,V1,54,0.21544
75,V1-RSC,naive,V1,55,0.441875
75,V1-RSC,naive,V1,56,0.214457
75,V1-RSC,naive,RSC,0,0.040017
75,V1-RSC,naive,RSC,1,0.03637
75,V1-RSC,naive,RSC,2,0.043555
75,V1-RSC,naive,RSC,3,0.026288
75,V1-RSC,naive,RSC,4,0.074403
75,V1-RSC,naive,RSC,5,0.113019
75,V1-RSC,naive,RSC,6,0.020145
75,V1-RSC,naive,RSC,7,0.031434
75,V1-RSC,naive,RSC,8,0.429145
75,V1-RSC,naive,RSC,9,0.678583
75,V1-RSC,naive,RSC,10,0.014078
75,V1-RSC,naive,RSC,11,0.015599
75,V1-RSC,naive,RSC,12,0.033143
75,V1-RSC,naive,RSC,13,0.0
75,V1-RSC,naive,RSC,14,0.08829
75,V1-RSC,naive,RSC,15,0.014988
75,V1-RSC,naive,RSC,16,0.040678
75,V1-RSC,naive,RSC,17,0.533413
75,V1-RSC,naive,RSC,18,0.167044
75,V1-RSC,naive,RSC,19,0.011364
75,V1-RSC,naive,RSC,20,0.011001
75,V1-RSC,naive,RSC,21,0.040537
75,V1-RSC,naive,RSC,22,0.004721
75,V1-RSC,naive,RSC,23,0.029041
75,V1-RSC,naive,RSC,24,0.177532
75,V1-RSC,naive,RSC,25,0.016499
75,V1-RSC,naive,RSC,26,0.070632
75,V1-RSC,naive,RSC,27,0.008709
75,V1-RSC,naive,RSC,28,0.16242
75,V1-RSC,naive,RSC,29,0.025753
75,V1-RSC,naive,RSC,30,0.012984
75,V1-RSC,naive,RSC,31,0.002769
75,V1-RSC,naive,RSC,32,0.243804
75,V1-RSC,naive,RSC,33,0.016095
75,V1-RSC,naive,RSC,34,0.5052
75,V1-RSC,naive,RSC,35,0.025289
75,V1-RSC,naive,RSC,36,0.134682
75,V1-RSC,naive,RSC,37,0.657862
75,V1-RSC,naive,RSC,38,0.644505
75,V1-RSC,naive,RSC,39,0.06128
75,V1-RSC,naive,RSC,40,0.011915
75,V1-RSC,naive,RSC,41,0.00622
75,V1-RSC,naive,RSC,42,0.006542
75,V1-RSC,naive,RSC,43,0.033882
75,V1-RSC,naive,RSC,44,0.015233
75,V1-RSC,naive,RSC,45,0.134843
75,V1-RSC,naive,RSC,46,0.013747
75,V1-RSC,naive,RSC,47,0.110274
75,V1-RSC,naive,RSC,48,0.020557
75,V1-RSC,naive,RSC,49,0.065319
75,V1-RSC,naive,RSC,50,0.036894
75,V1-RSC,naive,RSC,51,0.014536
75,V1-RSC,naive,RSC,52,0.018126
75,V1-RSC,naive,RSC,53,0.004046
75,V1-RSC,naive,RSC,54,0.001634
75,V1-RSC,naive,RSC,55,0.027869
75,V1-RSC,naive,RSC,56,0.117236
75,V1-RSC,naive,RSC,57,0.097788
75,V1-RSC,naive,RSC,58,0.171072
75,V1-RSC,naive,RSC,59,0.013225
75,V1-RSC,naive,RSC,60,0.029779
75,V1-RSC,naive,RSC,61,0.007376
75,V1-RSC,naive,RSC,62,0.112845
75,V1-RSC,naive,RSC,63,0.041427
75,V1-RSC,naive,RSC,64,0.381878
75,V1-RSC,naive,RSC,65,0.732715
75,V1-RSC,naive,RSC,66,0.026767
75,V1-RSC,naive,RSC,67,0.02408
75,V1-RSC,naive,RSC,68,0.024462
75,V1-RSC,naive,RSC,69,0.593887
75,V1-RSC,naive,RSC,70,0.072827
75,V1-RSC,naive,RSC,71,0.076831
75,V1-RSC,naive,RSC,72,0.024259
75,V1-RSC,naive,RSC,73,0.0
75,V1-RSC,naive,RSC,74,0.071126
75,V1-RSC,naive,RSC,75,0.100886
75,V1-RSC,naive,RSC,76,0.073081
75,V1-RSC,naive,RSC,77,0.076037
75,V1-RSC,naive,RSC,78,0.06772
75,V1-RSC,naive,RSC,79,0.073763
75,V1-RSC,naive,RSC,80,0.029146
75,V1-RSC,naive,RSC,81,0.060591
75,V1-RSC,naive,RSC,82,0.084456
75,V1-RSC,naive,RSC,83,0.049291
75,V1-RSC,naive,RSC,84,0.005023
75,V1-RSC,naive,RSC,85,0.063099
75,V1-RSC,naive,RSC,86,0.017365
75,V1-RSC,naive,RSC,87,0.048152
75,V1-RSC,naive,RSC,88,0.014689
75,V1-RSC,naive,RSC,89,0.028215
75,V1-RSC,naive,RSC,90,0.039886
75,V1-RSC,naive,RSC,91,0.728497
75,V1-RSC,naive,RSC,92,0.197263
75,V1-RSC,naive,RSC,93,0.014638
75,V1-RSC,naive,RSC,94,0.011337
75,V1-RSC,naive,RSC,95,0.101284
75,V1-RSC,naive,RSC,96,0.008782
75,V1-RSC,naive,RSC,97,0.033494
75,V1-RSC,naive,RSC,98,0.090607
75,V1-RSC,naive,RSC,99,0.069516
75,V1-RSC,naive,RSC,100,0.014476
75,V1-RSC,naive,RSC,101,0.146336
75,V1-RSC,naive,RSC,102,0.629171
75,V1-RSC,naive,RSC,103,0.007997
75,V1-RSC,naive,RSC,104,0.046314
75,V1-RSC,naive,RSC,105,0.020002
75,V1-RSC,naive,RSC,106,0.030702
75,V1-RSC,naive,RSC,107,0.120006
75,V1-RSC,naive,RSC,108,0.0
75,V1-RSC,naive,RSC,109,0.031049
75,V1-RSC,naive,RSC,110,0.056884
75,V1-RSC,naive,RSC,111,0.088407
75,V1-RSC,naive,RSC,112,0.67589
75,V1-RSC,naive,RSC,113,0.005312
75,V1-RSC,naive,RSC,114,0.003202
75,V1-RSC,naive,RSC,115,0.204335
75,V1-RSC,naive,RSC,116,0.026099
75,V1-RSC,naive,RSC,117,0.072494
75,V1-RSC,naive,RSC,118,0.061444
75,V1-RSC,naive,RSC,119,0.124909
75,V1-RSC,naive,RSC,120,0.620099
75,V1-RSC,naive,RSC,121,0.058217
75,V1-RSC,naive,RSC,122,0.078298
75,V1-RSC,naive,RSC,123,0.075381
75,V1-RSC,naive,RSC,124,0.050669
75,V1-RSC,naive,RSC,125,0.034321
75,V1-RSC,naive,RSC,126,0.0446
75,V1-RSC,naive,RSC,127,0.080064
75,V1-RSC,naive,RSC,128,0.098989
75,V1-RSC,naive,RSC,129,0.070657
75,V1-RSC,naive,RSC,130,0.027976
75,V1-RSC,naive,RSC,131,0.099327
75,V1-RSC,naive,RSC,132,0.759811
75,V1-RSC,naive,RSC,133,0.709744
75,V1-RSC,naive,RSC,134,0.026994
75,V1-RSC,naive,RSC,135,0.153236
75,V1-RSC,naive,RSC,136,0.100023
75,V1-RSC,naive,RSC,137,0.643642
75,V1-RSC,naive,RSC,138,0.119199
75,V1-RSC,naive,RSC,139,0.010239
75,V1-RSC,naive,RSC,140,0.024881
75,V1-RSC,naive,RSC,141,0.17243
75,V1-RSC,naive,RSC,142,0.022128
75,V1-RSC,naive,RSC,143,0.030161
75,V1-RSC,naive,RSC,144,0.001478
75,V1-RSC,naive,RSC,145,0.731932
75,V1-RSC,naive,RSC,146,0.088031
75,V1-RSC,naive,RSC,147,0.009295
75,V1-RSC,naive,RSC,148,0.030521
75,V1-RSC,naive,RSC,149,0.038869
75,V1-RSC,naive,RSC,150,0.082553
75,V1-RSC,naive,RSC,151,0.050712
75,V1-RSC,naive,RSC,152,0.155738
75,V1-RSC,naive,RSC,153,0.063577
75,V1-RSC,naive,RSC,154,0.075622
75,V1-RSC,naive,RSC,155,0.005178
75,V1-RSC,naive,RSC,156,0.036751
75,V1-RSC,naive,RSC,157,0.067567
75,V1-RSC,naive,RSC,158,0.050521
75,V1-RSC,naive,RSC,159,0.077784
75,V1-RSC,naive,RSC,160,0.165327
75,V1-RSC,naive,RSC,161,0.554726
75,V1-RSC,naive,RSC,162,0.084255
75,V1-RSC,naive,RSC,163,0.729166
75,V1-RSC,naive,RSC,164,0.032222
75,V1-RSC,naive,RSC,165,0.018146
75,V1-RSC,naive,RSC,166,0.074837
75,V1-RSC,naive,RSC,167,0.168903
75,V1-RSC,naive,RSC,168,0.108441
75,V1-RSC,naive,RSC,169,0.018808
75,V1-RSC,naive,RSC,170,0.038336
75,V1-RSC,naive,RSC,171,0.056612
75,V1-RSC,naive,RSC,172,0.017559
75,V1-RSC,naive,RSC,173,0.028399
75,V1-RSC,naive,RSC,174,0.002724
75,V1-RSC,naive,RSC,175,0.704068
75,V1-RSC,naive,RSC,176,0.029349
75,V1-RSC,naive,RSC,177,0.698935
75,V1-RSC,intermediate,V1,0,0.399956
75,V1-RSC,intermediate,V1,1,0.293146
75,V1-RSC,intermediate,V1,2,0.312164
75,V1-RSC,intermediate,V1,3,0.825401
75,V1-RSC,intermediate,V1,4,0.285747
75,V1-RSC,intermediate,V1,5,0.508045
75,V1-RSC,intermediate,V1,6,0.781239
75,V1-RSC,intermediate,V1,7,0.290124
75,V1-RSC,intermediate,V1,8,0.432372
75,V1-RSC,intermediate,V1,9,0.467314
75,V1-RSC,intermediate,V1,10,0.636523
75,V1-RSC,intermediate,V1,11,0.672419
75,V1-RSC,intermediate,V1,12,0.89973
75,V1-RSC,intermediate,V1,13,0.830585
75,V1-RSC,intermediate,V1,14,0.39672
75,V1-RSC,intermediate,V1,15,0.734203
75,V1-RSC,intermediate,V1,16,0.279055
75,V1-RSC,intermediate,V1,17,0.381649
75,V1-RSC,intermediate,V1,18,0.770554
75,V1-RSC,intermediate,V1,19,0.379687
75,V1-RSC,intermediate,V1,20,0.329984
75,V1-RSC,intermediate,V1,21,0.830557
75,V1-RSC,intermediate,V1,22,0.369403
75,V1-RSC,intermediate,V1,23,0.42488
75,V1-RSC,intermediate,V1,24,0.80847
75,V1-RSC,intermediate,V1,25,0.230318
75,V1-RSC,intermediate,V1,26,0.495191
75,V1-RSC,intermediate,V1,27,0.336596
75,V1-RSC,intermediate,V1,28,0.155928
75,V1-RSC,intermediate,V1,29,0.057054
75,V1-RSC,intermediate,V1,30,0.908596
75,V1-RSC,intermediate,V1,31,0.625372
75,V1-RSC,intermediate,V1,32,0.428445
75,V1-RSC,intermediate,V1,33,0.554103
75,V1-RSC,intermediate,V1,34,0.50762
75,V1-RSC,intermediate,V1,35,0.515828
75,V1-RSC,intermediate,V1,36,0.749559
75,V1-RSC,intermediate,V1,37,0.683122
75,V1-RSC,intermediate,V1,38,0.35276
75,V1-RSC,intermediate,V1,39,0.571654
75,V1-RSC,intermediate,V1,40,0.748305
75,V1-RSC,intermediate,V1,41,0.884799
75,V1-RSC,intermediate,V1,42,0.725127
75,V1-RSC,intermediate,V1,43,0.502198
75,V1-RSC,intermediate,V1,44,0.452836
75,V1-RSC,intermediate,V1,45,0.353693
75,V1-RSC,intermediate,V1,46,0.321235
75,V1-RSC,intermediate,V1,47,0.106485
75,V1-RSC,intermediate,V1,48,0.138692
75,V1-RSC,intermediate,V1,49,0.140107
75,V1-RSC,intermediate,V1,50,0.238345
75,V1-RSC,intermediate,V1,51,0.069444
75,V1-RSC,intermediate,V1,52,0.309526
75,V1-RSC,intermediate,V1,53,0.348467
75,V1-RSC,intermediate,V1,54,0.565552
75,V1-RSC,intermediate,V1,55,0.749381
75,V1-RSC,intermediate,V1,56,0.737872
75,V1-RSC,intermediate,RSC,0,0.044111
75,V1-RSC,intermediate,RSC,1,0.062138
75,V1-RSC,intermediate,RSC,2,0.0969
75,V1-RSC,intermediate,RSC,3,0.029576
75,V1-RSC,intermediate,RSC,4,0.022304
75,V1-RSC,intermediate,RSC,5,0.178843
75,V1-RSC,intermediate,RSC,6,0.061045
75,V1-RSC,intermediate,RSC,7,0.05752
75,V1-RSC,intermediate,RSC,8,0.034226
75,V1-RSC,intermediate,RSC,9,0.072629
75,V1-RSC,intermediate,RSC,10,0.015468
75,V1-RSC,intermediate,RSC,11,0.679945
75,V1-RSC,intermediate,RSC,12,0.016495
75,V1-RSC,intermediate,RSC,13,0.0
75,V1-RSC,intermediate,RSC,14,0.137792
75,V1-RSC,intermediate,RSC,15,0.055572
75,V1-RSC,intermediate,RSC,16,0.078795
75,V1-RSC,intermediate,RSC,17,0.050194
75,V1-RSC,intermediate,RSC,18,0.184536
75,V1-RSC,intermediate,RSC,19,0.04312
75,V1-RSC,intermediate,RSC,20,0.090007
75,V1-RSC,intermediate,RSC,21,0.089899
75,V1-RSC,intermediate,RSC,22,0.012806
75,V1-RSC,intermediate,RSC,23,0.442225
75,V1-RSC,intermediate,RSC,24,0.0
75,V1-RSC,intermediate,RSC,25,0.036566
75,V1-RSC,intermediate,RSC,26,0.095251
75,V1-RSC,intermediate,RSC,27,0.053363
75,V1-RSC,intermediate,RSC,28,0.066394
75,V1-RSC,intermediate,RSC,29,0.067579
75,V1-RSC,intermediate,RSC,30,0.004878
75,V1-RSC,intermediate,RSC,31,0.001444
75,V1-RSC,intermediate,RSC,32,0.096405
75,V1-RSC,intermediate,RSC,33,0.376618
75,V1-RSC,intermediate,RSC,34,0.006844
75,V1-RSC,intermediate,RSC,35,0.321543
75,V1-RSC,intermediate,RSC,36,0.78103
75,V1-RSC,intermediate,RSC,37,0.455028
75,V1-RSC,intermediate,RSC,38,0.45189
75,V1-RSC,intermediate,RSC,39,0.400902
75,V1-RSC,intermediate,RSC,40,0.621074
75,V1-RSC,intermediate,RSC,41,0.083414
75,V1-RSC,intermediate,RSC,42,0.640614
75,V1-RSC,intermediate,RSC,43,0.042377
75,V1-RSC,intermediate,RSC,44,0.190139
75,V1-RSC,intermediate,RSC,45,0.172874
75,V1-RSC,intermediate,RSC,46,0.126128
75,V1-RSC,intermediate,RSC,47,0.206496
75,V1-RSC,intermediate,RSC,48,0.017496
75,V1-RSC,intermediate,RSC,49,0.085522
75,V1-RSC,intermediate,RSC,50,0.114003
75,V1-RSC,intermediate,RSC,51,0.375593
75,V1-RSC,intermediate,RSC,52,0.038037
75,V1-RSC,intermediate,RSC,53,0.062653
75,V1-RSC,intermediate,RSC,54,0.048239
75,V1-RSC,intermediate,RSC,55,0.164927
75,V1-RSC,intermediate,RSC,56,0.017902
75,V1-RSC,intermediate,RSC,57,0.154188
75,V1-RSC,intermediate,RSC,58,0.485687
75,V1-RSC,intermediate,RSC,59,0.080729
75,V1-RSC,intermediate,RSC,60,0.674307
75,V1-RSC,intermediate,RSC,61,0.009418
75,V1-RSC,intermediate,RSC,62,0.014087
75,V1-RSC,intermediate,RSC,63,0.017269
75,V1-RSC,intermediate,RSC,64,0.113718
75,V1-RSC,intermediate,RSC,65,0.032302
75,V1-RSC,intermediate,RSC,66,0.055726
75,V1-RSC,intermediate,RSC,67,0.712215
75,V1-RSC,intermediate,RSC,68,0.054308
75,V1-RSC,intermediate,RSC,69,0.714483
75,V1-RSC,intermediate,RSC,70,0.16737
75,V1-RSC,intermediate,RSC,71,0.007747
75,V1-RSC,intermediate,RSC,72,0.055325
75,V1-RSC,intermediate,RSC,73,0.0
75,V1-RSC,intermediate,RSC,74,0.092439
75,V1-RSC,intermediate,RSC,75,0.139892
75,V1-RSC,intermediate,RSC,76,0.062159
75,V1-RSC,intermediate,RSC,77,0.214383
75,V1-RSC,intermediate,RSC,78,0.098083
75,V1-RSC,intermediate,RSC,79,0.18785
75,V1-RSC,intermediate,RSC,80,0.037646
75,V1-RSC,intermediate,RSC,81,0.117312
75,V1-RSC,intermediate,RSC,82,0.168706
75,V1-RSC,intermediate,RSC,83,0.150631
75,V1-RSC,intermediate,RSC,84,0.001348
75,V1-RSC,intermediate,RSC,85,0.004377
75,V1-RSC,intermediate,RSC,86,0.012584
75,V1-RSC,intermediate,RSC,87,0.105549
75,V1-RSC,intermediate,RSC,88,0.035746
75,V1-RSC,intermediate,RSC,89,0.048986
75,V1-RSC,intermediate,RSC,90,0.109555
75,V1-RSC,intermediate,RSC,91,0.013629
75,V1-RSC,intermediate,RSC,92,0.217941
75,V1-RSC,intermediate,RSC,93,0.007663
75,V1-RSC,intermediate,RSC,94,0.0
75,V1-RSC,intermediate,RSC,95,0.019045
75,V1-RSC,intermediate,RSC,96,0.095972
75,V1-RSC,intermediate,RSC,97,0.044506
75,V1-RSC,intermediate,RSC,98,0.076301
75,V1-RSC,intermediate,RSC,99,0.060706
75,V1-RSC,intermediate,RSC,100,0.586935
75,V1-RSC,intermediate,RSC,101,0.116871
75,V1-RSC,intermediate,RSC,102,0.269733
75,V1-RSC,intermediate,RSC,103,0.720307
75,V1-RSC,intermediate,RSC,104,0.284111
75,V1-RSC,intermediate,RSC,105,0.007487
75,V1-RSC,intermediate,RSC,106,0.10619
75,V1-RSC,intermediate,RSC,107,0.163094
75,V1-RSC,intermediate,RSC,108,0.013975
75,V1-RSC,intermediate,RSC,109,0.044616
75,V1-RSC,intermediate,RSC,110,0.367288
75,V1-RSC,intermediate,RSC,111,0.112781
75,V1-RSC,intermediate,RSC,112,0.130149
75,V1-RSC,intermediate,RSC,113,0.027325
75,V1-RSC,intermediate,RSC,114,0.029506
75,V1-RSC,intermediate,RSC,115,0.300919
75,V1-RSC,intermediate,RSC,116,0.048728
75,V1-RSC,intermediate,RSC,117,0.694944
75,V1-RSC,intermediate,RSC,118,0.194119
75,V1-RSC,intermediate,RSC,119,0.109887
75,V1-RSC,intermediate,RSC,120,0.225592
75,V1-RSC,intermediate,RSC,121,0.083107
75,V1-RSC,intermediate,RSC,122,0.022031
75,V1-RSC,intermediate,RSC,123,0.027398
75,V1-RSC,intermediate,RSC,124,0.038992
75,V1-RSC,intermediate,RSC,125,0.031204
75,V1-RSC,intermediate,RSC,126,0.119092
75,V1-RSC,intermediate,RSC,127,0.122151
75,V1-RSC,intermediate,RSC,128,0.117335
75,V1-RSC,intermediate,RSC,129,0.12546
75,V1-RSC,intermediate,RSC,130,0.077743
75,V1-RSC,intermediate,RSC,131,0.025443
75,V1-RSC,intermediate,RSC,132,0.0
75,V1-RSC,intermediate,RSC,133,0.550158
75,V1-RSC,intermediate,RSC,134,0.122051
75,V1-RSC,intermediate,RSC,135,0.107956
75,V1-RSC,intermediate,RSC,136,0.011063
75,V1-RSC,intermediate,RSC,137,0.180597
75,V1-RSC,intermediate,RSC,138,0.071801
75,V1-RSC,intermediate,RSC,139,0.004825
75,V1-RSC,intermediate,RSC,140,0.00654
75,V1-RSC,intermediate,RSC,141,0.018016
75,V1-RSC,intermediate,RSC,142,0.01345
75,V1-RSC,intermediate,RSC,143,0.12408
75,V1-RSC,intermediate,RSC,144,0.563523
75,V1-RSC,intermediate,RSC,145,0.030001
75,V1-RSC,intermediate,RSC,146,0.239531
75,V1-RSC,intermediate,RSC,147,0.147559
75,V1-RSC,intermediate,RSC,148,0.671104
75,V1-RSC,intermediate,RSC,149,0.03912
75,V1-RSC,intermediate,RSC,150,0.076254
75,V1-RSC,intermediate,RSC,151,0.040516
75,V1-RSC,intermediate,RSC,152,0.087229
75,V1-RSC,intermediate,RSC,153,0.224147
75,V1-RSC,intermediate,RSC,154,0.123872
75,V1-RSC,intermediate,RSC,155,0.008077
75,V1-RSC,intermediate,RSC,156,0.073026
75,V1-RSC,intermediate,RSC,157,0.185893
75,V1-RSC,intermediate,RSC,158,0.132042
75,V1-RSC,intermediate,RSC,159,0.108032
75,V1-RSC,intermediate,RSC,160,0.194552
75,V1-RSC,intermediate,RSC,161,0.173683
75,V1-RSC,intermediate,RSC,162,0.211298
75,V1-RSC,intermediate,RSC,163,0.038849
75,V1-RSC,intermediate,RSC,164,0.550403
75,V1-RSC,intermediate,RSC,165,0.008359
75,V1-RSC,intermediate,RSC,166,0.255202
75,V1-RSC,intermediate,RSC,167,0.402465
75,V1-RSC,intermediate,RSC,168,0.164828
75,V1-RSC,intermediate,RSC,169,0.447902
75,V1-RSC,intermediate,RSC,170,0.093314
75,V1-RSC,intermediate,RSC,171,0.196292
75,V1-RSC,intermediate,RSC,172,0.072432
75,V1-RSC,intermediate,RSC,173,0.016492
75,V1-RSC,intermediate,RSC,174,0.004095
75,V1-RSC,intermediate,RSC,175,0.061032
75,V1-RSC,intermediate,RSC,176,0.011645
75,V1-RSC,intermediate,RSC,177,0.018455
75,V1-RSC,expert,V1,0,0.357127
75,V1-RSC,expert,V1,1,0.416647
75,V1-RSC,expert,V1,2,0.446602
75,V1-RSC,expert,V1,3,0.1544
75,V1-RSC,expert,V1,4,0.519207
75,V1-RSC,expert,V1,5,0.455938
75,V1-RSC,expert,V1,6,0.738005
75,V1-RSC,expert,V1,7,0.421688
75,V1-RSC,expert,V1,8,0.423818
75,V1-RSC,expert,V1,9,0.477505
75,V1-RSC,expert,V1,10,0.640776
75,V1-RSC,expert,V1,11,0.61351
75,V1-RSC,expert,V1,12,0.820485
75,V1-RSC,expert,V1,13,0.779188
75,V1-RSC,expert,V1,14,0.386585
75,V1-RSC,expert,V1,15,0.580691
75,V1-RSC,expert,V1,16,0.20129
75,V1-RSC,expert,V1,17,0.618296
75,V1-RSC,expert,V1,18,0.802089
75,V1-RSC,expert,V1,19,0.858527
75,V1-RSC,expert,V1,20,0.400959
75,V1-RSC,expert,V1,21,0.868687
75,V1-RSC,expert,V1,22,0.358723
75,V1-RSC,expert,V1,23,0.274617
75,V1-RSC,expert,V1,24,0.842005
75,V1-RSC,expert,V1,25,0.170147
75,V1-RSC,expert,V1,26,0.543746
75,V1-RSC,expert,V1,27,0.307086
75,V1-RSC,expert,V1,28,0.186857
75,V1-RSC,expert,V1,29,0.030524
75,V1-RSC,expert,V1,30,0.435278
75,V1-RSC,expert,V1,31,0.615243
75,V1-RSC,expert,V1,32,0.754479
75,V1-RSC,expert,V1,33,0.605091
75,V1-RSC,expert,V1,34,0.42608
75,V1-RSC,expert,V1,35,0.668329
75,V1-RSC,expert,V1,36,0.703746
75,V1-RSC,expert,V1,37,0.67625
75,V1-RSC,expert,V1,38,0.74026
75,V1-RSC,expert,V1,39,0.325612
75,V1-RSC,expert,V1,40,0.702153
75,V1-RSC,expert,V1,41,0.883998
75,V1-RSC,expert,V1,42,0.724358
75,V1-RSC,expert,V1,43,0.180116
75,V1-RSC,expert,V1,44,0.303632
75,V1-RSC,expert,V1,45,0.27331
75,V1-RSC,expert,V1,46,0.374019
75,V1-RSC,expert,V1,47,0.10661
75,V1-RSC,expert,V1,48,0.090348
75,V1-RSC,expert,V1,49,0.026204
75,V1-RSC,expert,V1,50,0.476387
75,V1-RSC,expert,V1,51,0.075973
75,V1-RSC,expert,V1,52,0.613531
75,V1-RSC,expert,V1,53,0.363377
75,V1-RSC,expert,V1,54,0.763228
75,V1-RSC,expert,V1,55,0.476468
75,V1-RSC,expert,V1,56,0.755193
75,V1-RSC,expert,RSC,0,0.113422
75,V1-RSC,expert,RSC,1,0.078343
75,V1-RSC,expert,RSC,2,0.121481
75,V1-RSC,expert,RSC,3,0.084617
75,V1-RSC,expert,RSC,4,0.031815
75,V1-RSC,expert,RSC,5,0.028415
75,V1-RSC,expert,RSC,6,0.318488
75,V1-RSC,expert,RSC,7,0.069289
75,V1-RSC,expert,RSC,8,0.047651
75,V1-RSC,expert,RSC,9,0.01756
75,V1-RSC,expert,RSC,10,0.020678
75,V1-RSC,expert,RSC,11,0.1151
75,V1-RSC,expert,RSC,12,0.050407
75,V1-RSC,expert,RSC,13,0.0
75,V1-RSC,expert,RSC,14,0.072537
75,V1-RSC,expert,RSC,15,0.039736
75,V1-RSC,expert,RSC,16,0.084521
75,V1-RSC,expert,RSC,17,0.016004
75,V1-RSC,expert,RSC,18,0.138026
75,V1-RSC,expert,RSC,19,0.036382
75,V1-RSC,expert,RSC,20,0.09811
75,V1-RSC,expert,RSC,21,0.140108
75,V1-RSC,expert,RSC,22,0.046599
75,V1-RSC,expert,RSC,23,0.125294
75,V1-RSC,expert,RSC,24,0.011805
75,V1-RSC,expert,RSC,25,0.055167
75,V1-RSC,expert,RSC,26,0.135123
75,V1-RSC,expert,RSC,27,0.725294
75,V1-RSC,expert,RSC,28,0.013954
75,V1-RSC,expert,RSC,29,0.098889
75,V1-RSC,expert,RSC,30,0.024242
75,V1-RSC,expert,RSC,31,0.004477
75,V1-RSC,expert,RSC,32,0.077703
75,V1-RSC,expert,RSC,33,0.398911
75,V1-RSC,expert,RSC,34,0.0
75,V1-RSC,expert,RSC,35,0.341643
75,V1-RSC,expert,RSC,36,0.0
75,V1-RSC,expert,RSC,37,0.075299
75,V1-RSC,expert,RSC,38,0.150695
75,V1-RSC,expert,RSC,39,0.723185
75,V1-RSC,expert,RSC,40,0.01391
75,V1-RSC,expert,RSC,41,0.254241
75,V1-RSC,expert,RSC,42,0.081239
75,V1-RSC,expert,RSC,43,0.15001
75,V1-RSC,expert,RSC,44,0.204547
75,V1-RSC,expert,RSC,45,0.133409
75,V1-RSC,expert,RSC,46,0.124986
75,V1-RSC,expert,RSC,47,0.170369
75,V1-RSC,expert,RSC,48,0.026139
75,V1-RSC,expert,RSC,49,0.082196
75,V1-RSC,expert,RSC,50,0.179691
75,V1-RSC,expert,RSC,51,0.0
75,V1-RSC,expert,RSC,52,0.087732
75,V1-RSC,expert,RSC,53,0.063645
75,V1-RSC,expert,RSC,54,0.031315
75,V1-RSC,expert,RSC,55,0.163727
75,V1-RSC,expert,RSC,56,0.042188
75,V1-RSC,expert,RSC,57,0.101953
75,V1-RSC,expert,RSC,58,0.498431
75,V1-RSC,expert,RSC,59,0.100858
75,V1-RSC,expert,RSC,60,0.020147
75,V1-RSC,expert,RSC,61,0.017198
75,V1-RSC,expert,RSC,62,0.027533
75,V1-RSC,expert,RSC,63,0.734126
75,V1-RSC,expert,RSC,64,0.321037
75,V1-RSC,expert,RSC,65,0.035825
75,V1-RSC,expert,RSC,66,0.733636
75,V1-RSC,expert,RSC,67,0.373066
75,V1-RSC,expert,RSC,68,0.690352
75,V1-RSC,expert,RSC,69,0.072302
75,V1-RSC,expert,RSC,70,0.082627
75,V1-RSC,expert,RSC,71,0.027083
75,V1-RSC,expert,RSC,72,0.041255
75,V1-RSC,expert,RSC,73,0.72211
75,V1-RSC,expert,RSC,74,0.125147
75,V1-RSC,expert,RSC,75,0.207142
75,V1-RSC,expert,RSC,76,0.037623
75,V1-RSC,expert,RSC,77,0.250793
75,V1-RSC,expert,RSC,78,0.137466
75,V1-RSC,expert,RSC,79,0.250687
75,V1-RSC,expert,RSC,80,0.077253
75,V1-RSC,expert,RSC,81,0.147137
75,V1-RSC,expert,RSC,82,0.232178
75,V1-RSC,expert,RSC,83,0.17421
75,V1-RSC,expert,RSC,84,0.010075
75,V1-RSC,expert,RSC,85,0.009487
75,V1-RSC,expert,RSC,86,0.026178
75,V1-RSC,expert,RSC,87,0.098604
75,V1-RSC,expert,RSC,88,0.088424
75,V1-RSC,expert,RSC,89,0.122931
75,V1-RSC,expert,RSC,90,0.075166
75,V1-RSC,expert,RSC,91,0.053478
75,V1-RSC,expert,RSC,92,0.145933
75,V1-RSC,expert,RSC,93,0.002529
75,V1-RSC,expert,RSC,94,0.599727
75,V1-RSC,expert,RSC,95,0.016618
75,V1-RSC,expert,RSC,96,0.228318
75,V1-RSC,expert,RSC,97,0.050775
75,V1-RSC,expert,RSC,98,0.08098
75,V1-RSC,expert,RSC,99,0.063931
75,V1-RSC,expert,RSC,100,0.058211
75,V1-RSC,expert,RSC,101,0.131607
75,V1-RSC,expert,RSC,102,0.061202
75,V1-RSC,expert,RSC,103,0.0
75,V1-RSC,expert,RSC,104,0.118829
75,V1-RSC,expert,RSC,105,0.072334
75,V1-RSC,expert,RSC,106,0.110279
75,V1-RSC,expert,RSC,107,0.107709
75,V1-RSC,expert,RSC,108,0.006041
75,V1-RSC,expert,RSC,109,0.099711
75,V1-RSC,expert,RSC,110,0.027605
75,V1-RSC,expert,RSC,111,0.148903
75,V1-RSC,expert,RSC,112,0.082215
75,V1-RSC,expert,RSC,113,0.07729
75,V1-RSC,expert,RSC,114,0.726206
75,V1-RSC,expert,RSC,115,0.687918
75,V1-RSC,expert,RSC,116,0.126932
75,V1-RSC,expert,RSC,117,0.0
75,V1-RSC,expert,RSC,118,0.665943
75,V1-RSC,expert,RSC,119,0.167462
75,V1-RSC,expert,RSC,120,0.096426
75,V1-RSC,expert,RSC,121,0.162231
75,V1-RSC,expert,RSC,122,0.192612
75,V1-RSC,expert,RSC,123,0.144024
75,V1-RSC,expert,RSC,124,0.059283
75,V1-RSC,expert,RSC,125,0.04185
75,V1-RSC,expert,RSC,126,0.130199
75,V1-RSC,expert,RSC,127,0.204907
75,V1-RSC,expert,RSC,128,0.15097
75,V1-RSC,expert,RSC,129,0.119276
75,V1-RSC,expert,RSC,130,0.095893
75,V1-RSC,expert,RSC,131,0.007456
75,V1-RSC,expert,RSC,132,0.0
75,V1-RSC,expert,RSC,133,0.076428
75,V1-RSC,expert,RSC,134,0.048683
75,V1-RSC,expert,RSC,135,0.09005
75,V1-RSC,expert,RSC,136,0.012197
75,V1-RSC,expert,RSC,137,0.024071
75,V1-RSC,expert,RSC,138,0.053658
75,V1-RSC,expert,RSC,139,0.083315
75,V1-RSC,expert,RSC,140,0.012563
75,V1-RSC,expert,RSC,141,0.047339
75,V1-RSC,expert,RSC,142,0.73885
75,V1-RSC,expert,RSC,143,0.251687
75,V1-RSC,expert,RSC,144,0.704902
75,V1-RSC,expert,RSC,145,0.678848
75,V1-RSC,expert,RSC,146,0.151504
75,V1-RSC,expert,RSC,147,0.307961
75,V1-RSC,expert,RSC,148,0.096647
75,V1-RSC,expert,RSC,149,0.038542
75,V1-RSC,expert,RSC,150,0.091685
75,V1-RSC,expert,RSC,151,0.083105
75,V1-RSC,expert,RSC,152,0.08811
75,V1-RSC,expert,RSC,153,0.272477
75,V1-RSC,expert,RSC,154,0.158285
75,V1-RSC,expert,RSC,155,0.030828
75,V1-RSC,expert,RSC,156,0.085336
75,V1-RSC,expert,RSC,157,0.102617
75,V1-RSC,expert,RSC,158,0.18918
75,V1-RSC,expert,RSC,159,0.131109
75,V1-RSC,expert,RSC,160,0.268944
75,V1-RSC,expert,RSC,161,0.176214
75,V1-RSC,expert,RSC,162,0.28907
75,V1-RSC,expert,RSC,163,0.031166
75,V1-RSC,expert,RSC,164,0.547129
75,V1-RSC,expert,RSC,165,0.02714
75,V1-RSC,expert,RSC,166,0.165287
75,V1-RSC,expert,RSC,167,0.561785
75,V1-RSC,expert,RSC,168,0.400014
75,V1-RSC,expert,RSC,169,0.215881
75,V1-RSC,expert,RSC,170,0.146157
75,V1-RSC,expert,RSC,171,0.568023
75,V1-RSC,expert,RSC,172,0.105516
75,V1-RSC,expert,RSC,173,0.103126
75,V1-RSC,expert,RSC,174,0.731125
75,V1-RSC,expert,RSC,175,0.087206
75,V1-RSC,expert,RSC,176,0.098644
75,V1-RSC,expert,RSC,177,0.048977
77,CA1-RSC,naive,CA1,0,1.42202
77,CA1-RSC,naive,CA1,1,0.936488
77,CA1-RSC,naive,CA1,2,0.987954
77,CA1-RSC,naive,CA1,3,1.259753
77,CA1-RSC,naive,CA1,4,2.123639
77,CA1-RSC,naive,CA1,5,0.889013
77,CA1-RSC,naive,CA1,6,1.095919
77,CA1-RSC,naive,CA1,7,1.497314
77,CA1-RSC,naive,RSC,0,0.025204
77,CA1-RSC,naive,RSC,1,0.099493
77,CA1-RSC,naive,RSC,2,0.047855
77,CA1-RSC,naive,RSC,3,0.009777
77,CA1-RSC,naive,RSC,4,0.014371
77,CA1-RSC,naive,RSC,5,0.010821
77,CA1-RSC,naive,RSC,6,0.015317
77,CA1-RSC,naive,RSC,7,0.013681
77,CA1-RSC,naive,RSC,8,0.019225
77,CA1-RSC,naive,RSC,9,0.027784
77,CA1-RSC,naive,RSC,10,0.008555
77,CA1-RSC,naive,RSC,11,0.021516
77,CA1-RSC,naive,RSC,12,0.114693
77,CA1-RSC,naive,RSC,13,0.02236
77,CA1-RSC,naive,RSC,14,0.130566
77,CA1-RSC,naive,RSC,15,0.015995
77,CA1-RSC,naive,RSC,16,0.109862
77,CA1-RSC,naive,RSC,17,0.15691
77,CA1-RSC,naive,RSC,18,0.023406
77,CA1-RSC,naive,RSC,19,0.016258
77,CA1-RSC,naive,RSC,20,0.015365
77,CA1-RSC,naive,RSC,21,0.005217
77,CA1-RSC,naive,RSC,22,0.093751
77,CA1-RSC,naive,RSC,23,0.01547
77,CA1-RSC,naive,RSC,24,0.125501
77,CA1-RSC,naive,RSC,25,0.018027
77,CA1-RSC,naive,RSC,26,0.039812
77,CA1-RSC,naive,RSC,27,0.053373
77,CA1-RSC,naive,RSC,28,0.017593
77,CA1-RSC,naive,RSC,29,0.17257
77,CA1-RSC,naive,RSC,30,0.021641
77,CA1-RSC,naive,RSC,31,0.022126
77,CA1-RSC,naive,RSC,32,0.04091
77,CA1-RSC,naive,RSC,33,0.036723
77,CA1-RSC,naive,RSC,34,0.029102
77,CA1-RSC,naive,RSC,35,0.535459
77,CA1-RSC,naive,RSC,36,0.016475
77,CA1-RSC,naive,RSC,37,0.051852
77,CA1-RSC,naive,RSC,38,0.067017
77,CA1-RSC,naive,RSC,39,0.105185
77,CA1-RSC,naive,RSC,40,0.335856
77,CA1-RSC,naive,RSC,41,0.097659
77,CA1-RSC,naive,RSC,42,0.135046
77,CA1-RSC,naive,RSC,43,0.078517
77,CA1-RSC,naive,RSC,44,0.356311
77,CA1-RSC,naive,RSC,45,0.121143
77,CA1-RSC,naive,RSC,46,0.127959
77,CA1-RSC,naive,RSC,47,0.040577
77,CA1-RSC,naive,RSC,48,0.063243
77,CA1-RSC,naive,RSC,49,0.123369
77,CA1-RSC,naive,RSC,50,0.017972
77,CA1-RSC,naive,RSC,51,0.06436
77,CA1-RSC,naive,RSC,52,0.447461
77,CA1-RSC,naive,RSC,53,0.169817
77,CA1-RSC,naive,RSC,54,0.097914
77,CA1-RSC,naive,RSC,55,0.034262
77,CA1-RSC,naive,RSC,56,0.074097
77,CA1-RSC,naive,RSC,57,0.047889
77,CA1-RSC,naive,RSC,58,0.02704
77,CA1-RSC,naive,RSC,59,0.143495
77,CA1-RSC,naive,RSC,60,0.031331
77,CA1-RSC,naive,RSC,61,0.026532
77,CA1-RSC,naive,RSC,62,0.094167
77,CA1-RSC,naive,RSC,63,0.081937
77,CA1-RSC,naive,RSC,64,0.021424
77,CA1-RSC,naive,RSC,65,0.026761
77,CA1-RSC,naive,RSC,66,0.0632
77,CA1-RSC,naive,RSC,67,0.132411
77,CA1-RSC,naive,RSC,68,0.071771
77,CA1-RSC,naive,RSC,69,0.154445
77,CA1-RSC,naive,RSC,70,0.014353
77,CA1-RSC,naive,RSC,71,0.233405
77,CA1-RSC,naive,RSC,72,0.004874
77,CA1-RSC,naive,RSC,73,0.118844
77,CA1-RSC,naive,RSC,74,0.058724
77,CA1-RSC,naive,RSC,75,0.029761
77,CA1-RSC,naive,RSC,76,0.334974
77,CA1-RSC,naive,RSC,77,0.004812
77,CA1-RSC,naive,RSC,78,0.160269
77,CA1-RSC,naive,RSC,79,0.053481
77,CA1-RSC,naive,RSC,80,0.161906
77,CA1-RSC,naive,RSC,81,0.066855
77,CA1-RSC,naive,RSC,82,0.032218
77,CA1-RSC,naive,RSC,83,0.025567
77,CA1-RSC,naive,RSC,84,0.045891
77,CA1-RSC,naive,RSC,85,0.034201
77,CA1-RSC,naive,RSC,86,0.029242
77,CA1-RSC,naive,RSC,87,0.027146
77,CA1-RSC,naive,RSC,88,0.015889
77,CA1-RSC,naive,RSC,89,0.019056
77,CA1-RSC,naive,RSC,90,0.032049
77,CA1-RSC,naive,RSC,91,0.272877
77,CA1-RSC,naive,RSC,92,0.066821
77,CA1-RSC,naive,RSC,93,0.047977
77,CA1-RSC,naive,RSC,94,0.041039
77,CA1-RSC,naive,RSC,95,0.081336
77,CA1-RSC,naive,RSC,96,0.374787
77,CA1-RSC,naive,RSC,97,0.004091
77,CA1-RSC,naive,RSC,98,0.192375
77,CA1-RSC,naive,RSC,99,0.038999
77,CA1-RSC,naive,RSC,100,0.089286
77,CA1-RSC,naive,RSC,101,0.065173
77,CA1-RSC,naive,RSC,102,0.058141
77,CA1-RSC,naive,RSC,103,0.069969
77,CA1-RSC,naive,RSC,104,0.019706
77,CA1-RSC,naive,RSC,105,0.013659
77,CA1-RSC,naive,RSC,106,0.047765
77,CA1-RSC,naive,RSC,107,0.075816
77,CA1-RSC,naive,RSC,108,0.01636
77,CA1-RSC,naive,RSC,109,0.020306
77,CA1-RSC,naive,RSC,110,0.014301
77,CA1-RSC,naive,RSC,111,0.011019
77,CA1-RSC,naive,RSC,112,0.013876
77,CA1-RSC,naive,RSC,113,0.015843
77,CA1-RSC,naive,RSC,114,0.033497
77,CA1-RSC,naive,RSC,115,0.014488
77,CA1-RSC,naive,RSC,116,0.454559
77,CA1-RSC,naive,RSC,117,0.114195
77,CA1-RSC,naive,RSC,118,0.044645
77,CA1-RSC,naive,RSC,119,0.02909
77,CA1-RSC,naive,RSC,120,0.109994
77,CA1-RSC,naive,RSC,121,0.02394
77,CA1-RSC,naive,RSC,122,0.0563
77,CA1-RSC,naive,RSC,123,0.025777
77,CA1-RSC,naive,RSC,124,0.010173
77,CA1-RSC,naive,RSC,125,0.073297
77,CA1-RSC,naive,RSC,126,0.115461
77,CA1-RSC,naive,RSC,127,0.00716
77,CA1-RSC,naive,RSC,128,0.019906
77,CA1-RSC,naive,RSC,129,0.025604
77,CA1-RSC,naive,RSC,130,0.044175
77,CA1-RSC,naive,RSC,131,0.057889
77,CA1-RSC,naive,RSC,132,0.537315
77,CA1-RSC,naive,RSC,133,0.17897
77,CA1-RSC,naive,RSC,134,0.045787
77,CA1-RSC,naive,RSC,135,0.048515
77,CA1-RSC,naive,RSC,136,0.020571
77,CA1-RSC,naive,RSC,137,0.048015
77,CA1-RSC,naive,RSC,138,0.01538
77,CA1-RSC,naive,RSC,139,0.402136
77,CA1-RSC,naive,RSC,140,0.062301
77,CA1-RSC,naive,RSC,141,0.060729
77,CA1-RSC,naive,RSC,142,0.029032
77,CA1-RSC,naive,RSC,143,0.011757
77,CA1-RSC,naive,RSC,144,0.038048
77,CA1-RSC,naive,RSC,145,0.178298
77,CA1-RSC,naive,RSC,146,0.476856
77,CA1-RSC,naive,RSC,147,0.041927
77,CA1-RSC,naive,RSC,148,0.028755
77,CA1-RSC,naive,RSC,149,0.080989
77,CA1-RSC,naive,RSC,150,0.047602
77,CA1-RSC,naive,RSC,151,0.015209
77,CA1-RSC,naive,RSC,152,0.022388
77,CA1-RSC,naive,RSC,153,0.024107
77,CA1-RSC,naive,RSC,154,0.008258
77,CA1-RSC,naive,RSC,155,0.417074
77,CA1-RSC,naive,RSC,156,0.008328
77,CA1-RSC,naive,RSC,157,0.012404
77,CA1-RSC,naive,RSC,158,0.050052
77,CA1-RSC,naive,RSC,159,0.019493
77,CA1-RSC,naive,RSC,160,0.076145
77,CA1-RSC,naive,RSC,161,0.076081
77,CA1-RSC,naive,RSC,162,0.020823
77,CA1-RSC,naive,RSC,163,0.026443
77,CA1-RSC,naive,RSC,164,0.098123
77,CA1-RSC,naive,RSC,165,0.288303
77,CA1-RSC,naive,RSC,166,0.177398
77,CA1-RSC,naive,RSC,167,0.080603
77,CA1-RSC,naive,RSC,168,0.407998
77,CA1-RSC,naive,RSC,169,0.044188
77,CA1-RSC,naive,RSC,170,0.016728
77,CA1-RSC,naive,RSC,171,0.122908
77,CA1-RSC,naive,RSC,172,0.054093
77,CA1-RSC,naive,RSC,173,0.074122
77,CA1-RSC,naive,RSC,174,0.119132
77,CA1-RSC,naive,RSC,175,0.019657
77,CA1-RSC,naive,RSC,176,0.231899
77,CA1-RSC,naive,RSC,177,0.036983
77,CA1-RSC,naive,RSC,178,0.033419
77,CA1-RSC,naive,RSC,179,0.024759
77,CA1-RSC,naive,RSC,180,0.054513
77,CA1-RSC,naive,RSC,181,0.120846
77,CA1-RSC,naive,RSC,182,0.271737
77,CA1-RSC,naive,RSC,183,0.117769
77,CA1-RSC,naive,RSC,184,0.11369
77,CA1-RSC,naive,RSC,185,0.024747
77,CA1-RSC,naive,RSC,186,0.022401
77,CA1-RSC,naive,RSC,187,0.072993
77,CA1-RSC,naive,RSC,188,0.01315
77,CA1-RSC,naive,RSC,189,0.086068
77,CA1-RSC,naive,RSC,190,0.030428
77,CA1-RSC,naive,RSC,191,0.024879
77,CA1-RSC,naive,RSC,192,0.012367
77,CA1-RSC,naive,RSC,193,0.041738
77,CA1-RSC,naive,RSC,194,0.436371
77,CA1-RSC,naive,RSC,195,0.027092
77,CA1-RSC,naive,RSC,196,0.011033
77,CA1-RSC,naive,RSC,197,0.442756
77,CA1-RSC,naive,RSC,198,0.012466
77,CA1-RSC,naive,RSC,199,0.007628
77,CA1-RSC,naive,RSC,200,0.007653
77,CA1-RSC,naive,RSC,201,0.387009
77,CA1-RSC,naive,RSC,202,0.252469
77,CA1-RSC,intermediate,CA1,0,1.231243
77,CA1-RSC,intermediate,CA1,1,1.116621
77,CA1-RSC,intermediate,CA1,2,1.071981
77,CA1-RSC,intermediate,CA1,3,0.909869
77,CA1-RSC,intermediate,CA1,4,1.116775
77,CA1-RSC,intermediate,CA1,5,1.038203
77,CA1-RSC,intermediate,CA1,6,1.070307
77,CA1-RSC,intermediate,CA1,7,1.361239
77,CA1-RSC,intermediate,RSC,0,0.038573
77,CA1-RSC,intermediate,RSC,1,0.067051
77,CA1-RSC,intermediate,RSC,2,0.132847
77,CA1-RSC,intermediate,RSC,3,0.022247
77,CA1-RSC,intermediate,RSC,4,0.037522
77,CA1-RSC,intermediate,RSC,5,0.04689
77,CA1-RSC,intermediate,RSC,6,0.114656
77,CA1-RSC,intermediate,RSC,7,0.420165
77,CA1-RSC,intermediate,RSC,8,0.126013
77,CA1-RSC,intermediate,RSC,9,0.30629
77,CA1-RSC,intermediate,RSC,10,0.042478
77,CA1-RSC,intermediate,RSC,11,0.061077
77,CA1-RSC,intermediate,RSC,12,0.069186
77,CA1-RSC,intermediate,RSC,13,0.04362
77,CA1-RSC,intermediate,RSC,14,0.072245
77,CA1-RSC,intermediate,RSC,15,0.047669
77,CA1-RSC,intermediate,RSC,16,0.127134
77,CA1-RSC,intermediate,RSC,17,0.138082
77,CA1-RSC,intermediate,RSC,18,0.088299
77,CA1-RSC,intermediate,RSC,19,0.041385
77,CA1-RSC,intermediate,RSC,20,0.10219
77,CA1-RSC,intermediate,RSC,21,0.024295
77,CA1-RSC,intermediate,RSC,22,0.126445
77,CA1-RSC,intermediate,RSC,23,0.063408
77,CA1-RSC,intermediate,RSC,24,0.159189
77,CA1-RSC,intermediate,RSC,25,0.14883
77,CA1-RSC,intermediate,RSC,26,0.073775
77,CA1-RSC,intermediate,RSC,27,0.088324
77,CA1-RSC,intermediate,RSC,28,0.093537
77,CA1-RSC,intermediate,RSC,29,0.111122
77,CA1-RSC,intermediate,RSC,30,0.13579
77,CA1-RSC,intermediate,RSC,31,0.106351
77,CA1-RSC,intermediate,RSC,32,0.214711
77,CA1-RSC,intermediate,RSC,33,0.123389
77,CA1-RSC,intermediate,RSC,34,0.049141
77,CA1-RSC,intermediate,RSC,35,0.039644
77,CA1-RSC,intermediate,RSC,36,0.023391
77,CA1-RSC,intermediate,RSC,37,0.051766
77,CA1-RSC,intermediate,RSC,38,0.123638
77,CA1-RSC,intermediate,RSC,39,0.103388
77,CA1-RSC,intermediate,RSC,40,0.103621
77,CA1-RSC,intermediate,RSC,41,0.16869
77,CA1-RSC,intermediate,RSC,42,0.109294
77,CA1-RSC,intermediate,RSC,43,0.116972
77,CA1-RSC,intermediate,RSC,44,0.490605
77,CA1-RSC,intermediate,RSC,45,0.084661
77,CA1-RSC,intermediate,RSC,46,0.12929
77,CA1-RSC,intermediate,RSC,47,0.429158
77,CA1-RSC,intermediate,RSC,48,0.085403
77,CA1-RSC,intermediate,RSC,49,0.19184
77,CA1-RSC,intermediate,RSC,50,0.048889
77,CA1-RSC,intermediate,RSC,51,0.064279
77,CA1-RSC,intermediate,RSC,52,0.018739
77,CA1-RSC,intermediate,RSC,53,0.115467
77,CA1-RSC,intermediate,RSC,54,0.133075
77,CA1-RSC,intermediate,RSC,55,0.169794
77,CA1-RSC,intermediate,RSC,56,0.074302
77,CA1-RSC,intermediate,RSC,57,0.073691
77,CA1-RSC,intermediate,RSC,58,0.198549
77,CA1-RSC,intermediate,RSC,59,0.167577
77,CA1-RSC,intermediate,RSC,60,0.176065
77,CA1-RSC,intermediate,RSC,61,0.117545
77,CA1-RSC,intermediate,RSC,62,0.196301
77,CA1-RSC,intermediate,RSC,63,0.139833
77,CA1-RSC,intermediate,RSC,64,0.021577
77,CA1-RSC,intermediate,RSC,65,0.129483
77,CA1-RSC,intermediate,RSC,66,0.095486
77,CA1-RSC,intermediate,RSC,67,0.219221
77,CA1-RSC,intermediate,RSC,68,0.135812
77,CA1-RSC,intermediate,RSC,69,0.162527
77,CA1-RSC,intermediate,RSC,70,0.232912
77,CA1-RSC,intermediate,RSC,71,0.087127
77,CA1-RSC,intermediate,RSC,72,0.013013
77,CA1-RSC,intermediate,RSC,73,0.139928
77,CA1-RSC,intermediate,RSC,74,0.253621
77,CA1-RSC,intermediate,RSC,75,0.150115
77,CA1-RSC,intermediate,RSC,76,0.140956
77,CA1-RSC,intermediate,RSC,77,0.022922
77,CA1-RSC,intermediate,RSC,78,0.13083
77,CA1-RSC,intermediate,RSC,79,0.092556
77,CA1-RSC,intermediate,RSC,80,0.17782
77,CA1-RSC,intermediate,RSC,81,0.0682
77,CA1-RSC,intermediate,RSC,82,0.144283
77,CA1-RSC,intermediate,RSC,83,0.058768
77,CA1-RSC,intermediate,RSC,84,0.059198
77,CA1-RSC,intermediate,RSC,85,0.030635
77,CA1-RSC,intermediate,RSC,86,0.11458
77,CA1-RSC,intermediate,RSC,87,0.010201
77,CA1-RSC,intermediate,RSC,88,0.062446
77,CA1-RSC,intermediate,RSC,89,0.047339
77,CA1-RSC,intermediate,RSC,90,0.069056
77,CA1-RSC,intermediate,RSC,91,0.062238
77,CA1-RSC,intermediate,RSC,92,0.02568
77,CA1-RSC,intermediate,RSC,93,0.074526
77,CA1-RSC,intermediate,RSC,94,0.108159
77,CA1-RSC,intermediate,RSC,95,0.031345
77,CA1-RSC,intermediate,RSC,96,0.012291
77,CA1-RSC,intermediate,RSC,97,0.013902
77,CA1-RSC,intermediate,RSC,98,0.008511
77,CA1-RSC,intermediate,RSC,99,0.172504
77,CA1-RSC,intermediate,RSC,100,0.088004
77,CA1-RSC,intermediate,RSC,101,0.073672
77,CA1-RSC,intermediate,RSC,102,0.199165
77,CA1-RSC,intermediate,RSC,103,0.196938
77,CA1-RSC,intermediate,RSC,104,0.020239
77,CA1-RSC,intermediate,RSC,105,0.371898
77,CA1-RSC,intermediate,RSC,106,0.101356
77,CA1-RSC,intermediate,RSC,107,0.11059
77,CA1-RSC,intermediate,RSC,108,0.043772
77,CA1-RSC,intermediate,RSC,109,0.218441
77,CA1-RSC,intermediate,RSC,110,0.368845
77,CA1-RSC,intermediate,RSC,111,0.066176
77,CA1-RSC,intermediate,RSC,112,0.055067
77,CA1-RSC,intermediate,RSC,113,0.017194
77,CA1-RSC,intermediate,RSC,114,0.407834
77,CA1-RSC,intermediate,RSC,115,0.040676
77,CA1-RSC,intermediate,RSC,116,0.026167
77,CA1-RSC,intermediate,RSC,117,0.077347
77,CA1-RSC,intermediate,RSC,118,0.089158
77,CA1-RSC,intermediate,RSC,119,0.032297
77,CA1-RSC,intermediate,RSC,120,0.170068
77,CA1-RSC,intermediate,RSC,121,0.039226
77,CA1-RSC,intermediate,RSC,122,0.137884
77,CA1-RSC,intermediate,RSC,123,0.145232
77,CA1-RSC,intermediate,RSC,124,0.017481
77,CA1-RSC,intermediate,RSC,125,0.065614
77,CA1-RSC,intermediate,RSC,126,0.135856
77,CA1-RSC,intermediate,RSC,127,0.019639
77,CA1-RSC,intermediate,RSC,128,0.114128
77,CA1-RSC,intermediate,RSC,129,0.054969
77,CA1-RSC,intermediate,RSC,130,0.029871
77,CA1-RSC,intermediate,RSC,131,0.102785
77,CA1-RSC,intermediate,RSC,132,0.19152
77,CA1-RSC,intermediate,RSC,133,0.123019
77,CA1-RSC,intermediate,RSC,134,0.078636
77,CA1-RSC,intermediate,RSC,135,0.125926
77,CA1-RSC,intermediate,RSC,136,0.061652
77,CA1-RSC,intermediate,RSC,137,0.190902
77,CA1-RSC,intermediate,RSC,138,0.079349
77,CA1-RSC,intermediate,RSC,139,0.049166
77,CA1-RSC,intermediate,RSC,140,0.067713
77,CA1-RSC,intermediate,RSC,141,0.018649
77,CA1-RSC,intermediate,RSC,142,0.096227
77,CA1-RSC,intermediate,RSC,143,0.019869
77,CA1-RSC,intermediate,RSC,144,0.539327
77,CA1-RSC,intermediate,RSC,145,0.206089
77,CA1-RSC,intermediate,RSC,146,0.153835
77,CA1-RSC,intermediate,RSC,147,0.17144
77,CA1-RSC,intermediate,RSC,148,0.305479
77,CA1-RSC,intermediate,RSC,149,0.085604
77,CA1-RSC,intermediate,RSC,150,0.131057
77,CA1-RSC,intermediate,RSC,151,0.451408
77,CA1-RSC,intermediate,RSC,152,0.285261
77,CA1-RSC,intermediate,RSC,153,0.008235
77,CA1-RSC,intermediate,RSC,154,0.002827
77,CA1-RSC,intermediate,RSC,155,0.147682
77,CA1-RSC,intermediate,RSC,156,0.015875
77,CA1-RSC,intermediate,RSC,157,0.019064
77,CA1-RSC,intermediate,RSC,158,0.076064
77,CA1-RSC,intermediate,RSC,159,0.023104
77,CA1-RSC,intermediate,RSC,160,0.112342
77,CA1-RSC,intermediate,RSC,161,0.377646
77,CA1-RSC,intermediate,RSC,162,0.16481
77,CA1-RSC,intermediate,RSC,163,0.120375
77,CA1-RSC,intermediate,RSC,164,0.059348
77,CA1-RSC,intermediate,RSC,165,0.038234
77,CA1-RSC,intermediate,RSC,166,0.037348
77,CA1-RSC,intermediate,RSC,167,0.096622
77,CA1-RSC,intermediate,RSC,168,0.036456
77,CA1-RSC,intermediate,RSC,169,0.033213
77,CA1-RSC,intermediate,RSC,170,0.253117
77,CA1-RSC,intermediate,RSC,171,0.034992
77,CA1-RSC,intermediate,RSC,172,0.14392
77,CA1-RSC,intermediate,RSC,173,0.385475
77,CA1-RSC,intermediate,RSC,174,0.093013
77,CA1-RSC,intermediate,RSC,175,0.088313
77,CA1-RSC,intermediate,RSC,176,0.098144
77,CA1-RSC,intermediate,RSC,177,0.039086
77,CA1-RSC,intermediate,RSC,178,0.061951
77,CA1-RSC,intermediate,RSC,179,0.085272
77,CA1-RSC,intermediate,RSC,180,0.078841
77,CA1-RSC,intermediate,RSC,181,0.104443
77,CA1-RSC,intermediate,RSC,182,0.062657
77,CA1-RSC,intermediate,RSC,183,0.141338
77,CA1-RSC,intermediate,RSC,184,0.101729
77,CA1-RSC,intermediate,RSC,185,0.052738
77,CA1-RSC,intermediate,RSC,186,0.120326
77,CA1-RSC,intermediate,RSC,187,0.196024
77,CA1-RSC,intermediate,RSC,188,0.028286
77,CA1-RSC,intermediate,RSC,189,0.151278
77,CA1-RSC,intermediate,RSC,190,0.068691
77,CA1-RSC,intermediate,RSC,191,0.04573
77,CA1-RSC,intermediate,RSC,192,0.342763
77,CA1-RSC,intermediate,RSC,193,0.079679
77,CA1-RSC,intermediate,RSC,194,0.008577
77,CA1-RSC,intermediate,RSC,195,0.360019
77,CA1-RSC,intermediate,RSC,196,0.040116
77,CA1-RSC,intermediate,RSC,197,0.04282
77,CA1-RSC,intermediate,RSC,198,0.183472
77,CA1-RSC,intermediate,RSC,199,0.02333
77,CA1-RSC,intermediate,RSC,200,0.206263
77,CA1-RSC,intermediate,RSC,201,0.008489
77,CA1-RSC,intermediate,RSC,202,0.006273
77,CA1-RSC,expert,CA1,0,1.021991
77,CA1-RSC,expert,CA1,1,0.944032
77,CA1-RSC,expert,CA1,2,1.037797
77,CA1-RSC,expert,CA1,3,0.863302
77,CA1-RSC,expert,CA1,4,0.933838
77,CA1-RSC,expert,CA1,5,1.114134
77,CA1-RSC,expert,CA1,6,1.03699
77,CA1-RSC,expert,CA1,7,1.159028
77,CA1-RSC,expert,RSC,0,0.039531
77,CA1-RSC,expert,RSC,1,0.124601
77,CA1-RSC,expert,RSC,2,0.110137
77,CA1-RSC,expert,RSC,3,0.048788
77,CA1-RSC,expert,RSC,4,0.030706
77,CA1-RSC,expert,RSC,5,0.074533
77,CA1-RSC,expert,RSC,6,0.116715
77,CA1-RSC,expert,RSC,7,0.443497
77,CA1-RSC,expert,RSC,8,0.132629
77,CA1-RSC,expert,RSC,9,0.119688
77,CA1-RSC,expert,RSC,10,0.022886
77,CA1-RSC,expert,RSC,11,0.045164
77,CA1-RSC,expert,RSC,12,0.073751
77,CA1-RSC,expert,RSC,13,0.040204
77,CA1-RSC,expert,RSC,14,0.098534
77,CA1-RSC,expert,RSC,15,0.049905
77,CA1-RSC,expert,RSC,16,0.167993
77,CA1-RSC,expert,RSC,17,0.085242
77,CA1-RSC,expert,RSC,18,0.157643
77,CA1-RSC,expert,RSC,19,0.050338
77,CA1-RSC,expert,RSC,20,0.056446
77,CA1-RSC,expert,RSC,21,0.046122
77,CA1-RSC,expert,RSC,22,0.171999
77,CA1-RSC,expert,RSC,23,0.057891
77,CA1-RSC,expert,RSC,24,0.324407
77,CA1-RSC,expert,RSC,25,0.380443
77,CA1-RSC,expert,RSC,26,0.065383
77,CA1-RSC,expert,RSC,27,0.08977
77,CA1-RSC,expert,RSC,28,0.213999
77,CA1-RSC,expert,RSC,29,0.117535
77,CA1-RSC,expert,RSC,30,0.116163
77,CA1-RSC,expert,RSC,31,0.173125
77,CA1-RSC,expert,RSC,32,0.336564
77,CA1-RSC,expert,RSC,33,0.113569
77,CA1-RSC,expert,RSC,34,0.050976
77,CA1-RSC,expert,RSC,35,0.006983
77,CA1-RSC,expert,RSC,36,0.027642
77,CA1-RSC,expert,RSC,37,0.048266
77,CA1-RSC,expert,RSC,38,0.090567
77,CA1-RSC,expert,RSC,39,0.080502
77,CA1-RSC,expert,RSC,40,0.076375
77,CA1-RSC,expert,RSC,41,0.130368
77,CA1-RSC,expert,RSC,42,0.064188
77,CA1-RSC,expert,RSC,43,0.085435
77,CA1-RSC,expert,RSC,44,0.119546
77,CA1-RSC,expert,RSC,45,0.058624
77,CA1-RSC,expert,RSC,46,0.101938
77,CA1-RSC,expert,RSC,47,0.319944
77,CA1-RSC,expert,RSC,48,0.161591
77,CA1-RSC,expert,RSC,49,0.120724
77,CA1-RSC,expert,RSC,50,0.059932
77,CA1-RSC,expert,RSC,51,0.038027
77,CA1-RSC,expert,RSC,52,0.010551
77,CA1-RSC,expert,RSC,53,0.129741
77,CA1-RSC,expert,RSC,54,0.100518
77,CA1-RSC,expert,RSC,55,0.108362
77,CA1-RSC,expert,RSC,56,0.051833
77,CA1-RSC,expert,RSC,57,0.057804
77,CA1-RSC,expert,RSC,58,0.351759
77,CA1-RSC,expert,RSC,59,0.084965
77,CA1-RSC,expert,RSC,60,0.127891
77,CA1-RSC,expert,RSC,61,0.147351
77,CA1-RSC,expert,RSC,62,0.14362
77,CA1-RSC,expert,RSC,63,0.096202
77,CA1-RSC,expert,RSC,64,0.053621
77,CA1-RSC,expert,RSC,65,0.078848
77,CA1-RSC,expert,RSC,66,0.455915
77,CA1-RSC,expert,RSC,67,0.155364
77,CA1-RSC,expert,RSC,68,0.132358
77,CA1-RSC,expert,RSC,69,0.172384
77,CA1-RSC,expert,RSC,70,0.202451
77,CA1-RSC,expert,RSC,71,0.050537
77,CA1-RSC,expert,RSC,72,0.02684
77,CA1-RSC,expert,RSC,73,0.129826
77,CA1-RSC,expert,RSC,74,0.123881
77,CA1-RSC,expert,RSC,75,0.130731
77,CA1-RSC,expert,RSC,76,0.177484
77,CA1-RSC,expert,RSC,77,0.012737
77,CA1-RSC,expert,RSC,78,0.170637
77,CA1-RSC,expert,RSC,79,0.270009
77,CA1-RSC,expert,RSC,80,0.159488
77,CA1-RSC,expert,RSC,81,0.127009
77,CA1-RSC,expert,RSC,82,0.352919
77,CA1-RSC,expert,RSC,83,0.034825
77,CA1-RSC,expert,RSC,84,0.106962
77,CA1-RSC,expert,RSC,85,0.044567
77,CA1-RSC,expert,RSC,86,0.172561
77,CA1-RSC,expert,RSC,87,0.015577
77,CA1-RSC,expert,RSC,88,0.060462
77,CA1-RSC,expert,RSC,89,0.44444
77,CA1-RSC,expert,RSC,90,0.118682
77,CA1-RSC,expert,RSC,91,0.016998
77,CA1-RSC,expert,RSC,92,0.01024
77,CA1-RSC,expert,RSC,93,0.096187
77,CA1-RSC,expert,RSC,94,0.08169
77,CA1-RSC,expert,RSC,95,0.030182
77,CA1-RSC,expert,RSC,96,0.037083
77,CA1-RSC,expert,RSC,97,0.013891
77,CA1-RSC,expert,RSC,98,0.003783
77,CA1-RSC,expert,RSC,99,0.090468
77,CA1-RSC,expert,RSC,100,0.106423
77,CA1-RSC,expert,RSC,101,0.057776
77,CA1-RSC,expert,RSC,102,0.20816
77,CA1-RSC,expert,RSC,103,0.211967
77,CA1-RSC,expert,RSC,104,0.036947
77,CA1-RSC,expert,RSC,105,0.18754
77,CA1-RSC,expert,RSC,106,0.087861
77,CA1-RSC,expert,RSC,107,0.083653
77,CA1-RSC,expert,RSC,108,0.080655
77,CA1-RSC,expert,RSC,109,0.084751
77,CA1-RSC,expert,RSC,110,0.331437
77,CA1-RSC,expert,RSC,111,0.119767
77,CA1-RSC,expert,RSC,112,0.09564
77,CA1-RSC,expert,RSC,113,0.060059
77,CA1-RSC,expert,RSC,114,0.046637
77,CA1-RSC,expert,RSC,115,0.052678
77,CA1-RSC,expert,RSC,116,0.031202
77,CA1-RSC,expert,RSC,117,0.049547
77,CA1-RSC,expert,RSC,118,0.100001
77,CA1-RSC,expert,RSC,119,0.109135
77,CA1-RSC,expert,RSC,120,0.099097
77,CA1-RSC,expert,RSC,121,0.12482
77,CA1-RSC,expert,RSC,122,0.079905
77,CA1-RSC,expert,RSC,123,0.350558
77,CA1-RSC,expert,RSC,124,0.033277
77,CA1-RSC,expert,RSC,125,0.083552
77,CA1-RSC,expert,RSC,126,0.144783
77,CA1-RSC,expert,RSC,127,0.040664
77,CA1-RSC,expert,RSC,128,0.145383
77,CA1-RSC,expert,RSC,129,0.029386
77,CA1-RSC,expert,RSC,130,0.052681
77,CA1-RSC,expert,RSC,131,0.0706
77,CA1-RSC,expert,RSC,132,0.046191
77,CA1-RSC,expert,RSC,133,0.125668
77,CA1-RSC,expert,RSC,134,0.160099
77,CA1-RSC,expert,RSC,135,0.082807
77,CA1-RSC,expert,RSC,136,0.069625
77,CA1-RSC,expert,RSC,137,0.149186
77,CA1-RSC,expert,RSC,138,0.073556
77,CA1-RSC,expert,RSC,139,0.044143
77,CA1-RSC,expert,RSC,140,0.067517
77,CA1-RSC,expert,RSC,141,0.015498
77,CA1-RSC,expert,RSC,142,0.131272
77,CA1-RSC,expert,RSC,143,0.013307
77,CA1-RSC,expert,RSC,144,0.39572
77,CA1-RSC,expert,RSC,145,0.135897
77,CA1-RSC,expert,RSC,146,0.028176
77,CA1-RSC,expert,RSC,147,0.110725
77,CA1-RSC,expert,RSC,148,0.213245
77,CA1-RSC,expert,RSC,149,0.10729
77,CA1-RSC,expert,RSC,150,0.168866
77,CA1-RSC,expert,RSC,151,0.201032
77,CA1-RSC,expert,RSC,152,0.289374
77,CA1-RSC,expert,RSC,153,0.092446
77,CA1-RSC,expert,RSC,154,0.006306
77,CA1-RSC,expert,RSC,155,0.172886
77,CA1-RSC,expert,RSC,156,0.029248
77,CA1-RSC,expert,RSC,157,0.039558
77,CA1-RSC,expert,RSC,158,0.063083
77,CA1-RSC,expert,RSC,159,0.016394
77,CA1-RSC,expert,RSC,160,0.111497
77,CA1-RSC,expert,RSC,161,0.166802
77,CA1-RSC,expert,RSC,162,0.541441
77,CA1-RSC,expert,RSC,163,0.094364
77,CA1-RSC,expert,RSC,164,0.058523
77,CA1-RSC,expert,RSC,165,0.046833
77,CA1-RSC,expert,RSC,166,0.078837
77,CA1-RSC,expert,RSC,167,0.111718
77,CA1-RSC,expert,RSC,168,0.028219
77,CA1-RSC,expert,RSC,169,0.067792
77,CA1-RSC,expert,RSC,170,0.059761
77,CA1-RSC,expert,RSC,171,0.04213
77,CA1-RSC,expert,RSC,172,0.145602
77,CA1-RSC,expert,RSC,173,0.239189
77,CA1-RSC,expert,RSC,174,0.086778
77,CA1-RSC,expert,RSC,175,0.087126
77,CA1-RSC,expert,RSC,176,0.112852
77,CA1-RSC,expert,RSC,177,0.05842
77,CA1-RSC,expert,RSC,178,0.0935
77,CA1-RSC,expert,RSC,179,0.094203
77,CA1-RSC,expert,RSC,180,0.085011
77,CA1-RSC,expert,RSC,181,0.101351
77,CA1-RSC,expert,RSC,182,0.110949
77,CA1-RSC,expert,RSC,183,0.158284
77,CA1-RSC,expert,RSC,184,0.125819
77,CA1-RSC,expert,RSC,185,0.054998
77,CA1-RSC,expert,RSC,186,0.164205
77,CA1-RSC,expert,RSC,187,0.242241
77,CA1-RSC,expert,RSC,188,0.095607
77,CA1-RSC,expert,RSC,189,0.153433
77,CA1-RSC,expert,RSC,190,0.150969
77,CA1-RSC,expert,RSC,191,0.080059
77,CA1-RSC,expert,RSC,192,0.214178
77,CA1-RSC,expert,RSC,193,0.196522
77,CA1-RSC,expert,RSC,194,0.016915
77,CA1-RSC,expert,RSC,195,0.441551
77,CA1-RSC,expert,RSC,196,0.02248
77,CA1-RSC,expert,RSC,197,0.066004
77,CA1-RSC,expert,RSC,198,0.413771
77,CA1-RSC,expert,RSC,199,0.043571
77,CA1-RSC,expert,RSC,200,0.017116
77,CA1-RSC,expert,RSC,201,0.008653
77,CA1-RSC,expert,RSC,202,7.2e-05
77,CA1-DG,naive,CA1,0,0.631975
77,CA1-DG,naive,CA1,1,0.840447
77,CA1-DG,naive,CA1,2,0.910877
77,CA1-DG,naive,CA1,3,0.720362
77,CA1-DG,naive,CA1,4,1.995441
77,CA1-DG,naive,CA1,5,0.76629
77,CA1-DG,naive,CA1,6,1.008635
77,CA1-DG,naive,CA1,7,0.849907
77,CA1-DG,naive,DG,0,1.114823
77,CA1-DG,naive,DG,1,0.976698
77,CA1-DG,naive,DG,2,0.80619
77,CA1-DG,naive,DG,3,1.417183
77,CA1-DG,naive,DG,4,9.653839
77,CA1-DG,intermediate,CA1,0,0.619086
77,CA1-DG,intermediate,CA1,1,0.76689
77,CA1-DG,intermediate,CA1,2,0.983118
77,CA1-DG,intermediate,CA1,3,0.825618
77,CA1-DG,intermediate,CA1,4,1.038053
77,CA1-DG,intermediate,CA1,5,0.940121
77,CA1-DG,intermediate,CA1,6,0.991996
77,CA1-DG,intermediate,CA1,7,0.477726
77,CA1-DG,intermediate,DG,0,1.026273
77,CA1-DG,intermediate,DG,1,1.011776
77,CA1-DG,intermediate,DG,2,1.494921
77,CA1-DG,intermediate,DG,3,1.121679
77,CA1-DG,intermediate,DG,4,1.124155
77,CA1-DG,expert,CA1,0,0.669948
77,CA1-DG,expert,CA1,1,0.757794
77,CA1-DG,expert,CA1,2,0.832021
77,CA1-DG,expert,CA1,3,0.763256
77,CA1-DG,expert,CA1,4,0.914156
77,CA1-DG,expert,CA1,5,0.745887
77,CA1-DG,expert,CA1,6,0.911671
77,CA1-DG,expert,CA1,7,0.714306
77,CA1-DG,expert,DG,0,1.041735
77,CA1-DG,expert,DG,1,1.063919
77,CA1-DG,expert,DG,2,1.287653
77,CA1-DG,expert,DG,3,0.732315
77,CA1-DG,expert,DG,4,1.172256
77,CA1-V1,naive,CA1,0,1.426504
77,CA1-V1,naive,CA1,1,0.940535
77,CA1-V1,naive,CA1,2,0.992635
77,CA1-V1,naive,CA1,3,1.274983
77,CA1-V1,naive,CA1,4,2.151454
77,CA1-V1,naive,CA1,5,0.892611
77,CA1-V1,naive,CA1,6,1.101312
77,CA1-V1,naive,CA1,7,1.504379
77,CA1-V1,naive,V1,0,0.838187
77,CA1-V1,naive,V1,1,0.517563
77,CA1-V1,naive,V1,2,0.830089
77,CA1-V1,naive,V1,3,0.877059
77,CA1-V1,naive,V1,4,0.91394
77,CA1-V1,naive,V1,5,1.012697
77,CA1-V1,naive,V1,6,0.738506
77,CA1-V1,naive,V1,7,0.537176
77,CA1-V1,naive,V1,8,0.727965
77,CA1-V1,naive,V1,9,1.266064
77,CA1-V1,naive,V1,10,0.539134
77,CA1-V1,naive,V1,11,1.142433
77,CA1-V1,intermediate,CA1,0,1.23494
77,CA1-V1,intermediate,CA1,1,1.121731
77,CA1-V1,intermediate,CA1,2,1.076105
77,CA1-V1,intermediate,CA1,3,0.91772
77,CA1-V1,intermediate,CA1,4,1.123313
77,CA1-V1,intermediate,CA1,5,1.042958
77,CA1-V1,intermediate,CA1,6,1.076981
77,CA1-V1,intermediate,CA1,7,1.365695
77,CA1-V1,intermediate,V1,0,0.919897
77,CA1-V1,intermediate,V1,1,0.802732
77,CA1-V1,intermediate,V1,2,0.949862
77,CA1-V1,intermediate,V1,3,1.003039
77,CA1-V1,intermediate,V1,4,0.970046
77,CA1-V1,intermediate,V1,5,0.862729
77,CA1-V1,intermediate,V1,6,0.959929
77,CA1-V1,intermediate,V1,7,0.628261
77,CA1-V1,intermediate,V1,8,0.626626
77,CA1-V1,intermediate,V1,9,0.656167
77,CA1-V1,intermediate,V1,10,0.793614
77,CA1-V1,intermediate,V1,11,0.991816
77,CA1-V1,expert,CA1,0,1.026976
77,CA1-V1,expert,CA1,1,0.948388
77,CA1-V1,expert,CA1,2,1.043183
77,CA1-V1,expert,CA1,3,0.872664
77,CA1-V1,expert,CA1,4,0.938695
77,CA1-V1,expert,CA1,5,1.11885
77,CA1-V1,expert,CA1,6,1.043396
77,CA1-V1,expert,CA1,7,1.165872
77,CA1-V1,expert,V1,0,0.950849
77,CA1-V1,expert,V1,1,0.984179
77,CA1-V1,expert,V1,2,0.72109
77,CA1-V1,expert,V1,3,1.123299
77,CA1-V1,expert,V1,4,0.93382
77,CA1-V1,expert,V1,5,0.867358
77,CA1-V1,expert,V1,6,0.854787
77,CA1-V1,expert,V1,7,0.722965
77,CA1-V1,expert,V1,8,0.726792
77,CA1-V1,expert,V1,9,0.682623
77,CA1-V1,expert,V1,10,0.887553
77,CA1-V1,expert,V1,11,0.852374
77,CA1-SUB,naive,CA1,0,1.371374
77,CA1-SUB,naive,CA1,1,0.781396
77,CA1-SUB,naive,CA1,2,0.964535
77,CA1-SUB,naive,CA1,3,1.031759
77,CA1-SUB,naive,CA1,4,1.708007
77,CA1-SUB,naive,CA1,5,0.853306
77,CA1-SUB,naive,CA1,6,0.892138
77,CA1-SUB,naive,CA1,7,1.119064
77,CA1-SUB,naive,SUB,0,1.096756
77,CA1-SUB,naive,SUB,1,0.95029
77,CA1-SUB,naive,SUB,2,2.05705
77,CA1-SUB,naive,SUB,3,0.954079
77,CA1-SUB,naive,SUB,4,0.729107
77,CA1-SUB,naive,SUB,5,0.852754
77,CA1-SUB,intermediate,CA1,0,0.824128
77,CA1-SUB,intermediate,CA1,1,1.121624
77,CA1-SUB,intermediate,CA1,2,0.971856
77,CA1-SUB,intermediate,CA1,3,0.76549
77,CA1-SUB,intermediate,CA1,4,0.900342
77,CA1-SUB,intermediate,CA1,5,1.021583
77,CA1-SUB,intermediate,CA1,6,0.935279
77,CA1-SUB,intermediate,CA1,7,1.141146
77,CA1-SUB,intermediate,SUB,0,0.962906
77,CA1-SUB,intermediate,SUB,1,0.982501
77,CA1-SUB,intermediate,SUB,2,1.210469
77,CA1-SUB,intermediate,SUB,3,0.865634
77,CA1-SUB,intermediate,SUB,4,1.117642
77,CA1-SUB,intermediate,SUB,5,0.787395
77,CA1-SUB,expert,CA1,0,0.997743
77,CA1-SUB,expert,CA1,1,0.924543
77,CA1-SUB,expert,CA1,2,0.894953
77,CA1-SUB,expert,CA1,3,0.738125
77,CA1-SUB,expert,CA1,4,0.754681
77,CA1-SUB,expert,CA1,5,0.931715
77,CA1-SUB,expert,CA1,6,0.757868
77,CA1-SUB,expert,CA1,7,1.038495
77,CA1-SUB,expert,SUB,0,0.983041
77,CA1-SUB,expert,SUB,1,1.034636
77,CA1-SUB,expert,SUB,2,1.599298
77,CA1-SUB,expert,SUB,3,0.760465
77,CA1-SUB,expert,SUB,4,1.860251
77,CA1-SUB,expert,SUB,5,0.997066
77,RSC-SUB,naive,RSC,0,0.023098
77,RSC-SUB,naive,RSC,1,0.085462
77,RSC-SUB,naive,RSC,2,0.039671
77,RSC-SUB,naive,RSC,3,0.003357
77,RSC-SUB,naive,RSC,4,0.01582
77,RSC-SUB,naive,RSC,5,0.011293
77,RSC-SUB,naive,RSC,6,0.01421
77,RSC-SUB,naive,RSC,7,0.017224
77,RSC-SUB,naive,RSC,8,0.013163
77,RSC-SUB,naive,RSC,9,0.022698
77,RSC-SUB,naive,RSC,10,0.013163
77,RSC-SUB,naive,RSC,11,0.01834
77,RSC-SUB,naive,RSC,12,0.083811
77,RSC-SUB,naive,RSC,13,0.018826
77,RSC-SUB,naive,RSC,14,0.109455
77,RSC-SUB,naive,RSC,15,0.009554
77,RSC-SUB,naive,RSC,16,0.084785
77,RSC-SUB,naive,RSC,17,0.130709
77,RSC-SUB,naive,RSC,18,0.015846
77,RSC-SUB,naive,RSC,19,0.016713
77,RSC-SUB,naive,RSC,20,0.014764
77,RSC-SUB,naive,RSC,21,0.004292
77,RSC-SUB,naive,RSC,22,0.074557
77,RSC-SUB,naive,RSC,23,0.012323
77,RSC-SUB,naive,RSC,24,0.106085
77,RSC-SUB,naive,RSC,25,0.014022
77,RSC-SUB,naive,RSC,26,0.045026
77,RSC-SUB,naive,RSC,27,0.045839
77,RSC-SUB,naive,RSC,28,0.015405
77,RSC-SUB,naive,RSC,29,0.180732
77,RSC-SUB,naive,RSC,30,0.019346
77,RSC-SUB,naive,RSC,31,0.029679
77,RSC-SUB,naive,RSC,32,0.03641
77,RSC-SUB,naive,RSC,33,0.028545
77,RSC-SUB,naive,RSC,34,0.021575
77,RSC-SUB,naive,RSC,35,0.227462
77,RSC-SUB,naive,RSC,36,0.014611
77,RSC-SUB,naive,RSC,37,0.042087
77,RSC-SUB,naive,RSC,38,0.060874
77,RSC-SUB,naive,RSC,39,0.090005
77,RSC-SUB,naive,RSC,40,0.354546
77,RSC-SUB,naive,RSC,41,0.101628
77,RSC-SUB,naive,RSC,42,0.137576
77,RSC-SUB,naive,RSC,43,0.068538
77,RSC-SUB,naive,RSC,44,0.560629
77,RSC-SUB,naive,RSC,45,0.12712
77,RSC-SUB,naive,RSC,46,0.16132
77,RSC-SUB,naive,RSC,47,0.048217
77,RSC-SUB,naive,RSC,48,0.073215
77,RSC-SUB,naive,RSC,49,0.131227
77,RSC-SUB,naive,RSC,50,0.014201
77,RSC-SUB,naive,RSC,51,0.049387
77,RSC-SUB,naive,RSC,52,0.193031
77,RSC-SUB,naive,RSC,53,0.151711
77,RSC-SUB,naive,RSC,54,0.12413
77,RSC-SUB,naive,RSC,55,0.029354
77,RSC-SUB,naive,RSC,56,0.069494
77,RSC-SUB,naive,RSC,57,0.054163
77,RSC-SUB,naive,RSC,58,0.023952
77,RSC-SUB,naive,RSC,59,0.130846
77,RSC-SUB,naive,RSC,60,0.025578
77,RSC-SUB,naive,RSC,61,0.021029
77,RSC-SUB,naive,RSC,62,0.093607
77,RSC-SUB,naive,RSC,63,0.073596
77,RSC-SUB,naive,RSC,64,0.020539
77,RSC-SUB,naive,RSC,65,0.018531
77,RSC-SUB,naive,RSC,66,0.054247
77,RSC-SUB,naive,RSC,67,0.1084
77,RSC-SUB,naive,RSC,68,0.084888
77,RSC-SUB,naive,RSC,69,0.150325
77,RSC-SUB,naive,RSC,70,0.012556
77,RSC-SUB,naive,RSC,71,0.216631
77,RSC-SUB,naive,RSC,72,0.005034
77,RSC-SUB,naive,RSC,73,0.103956
77,RSC-SUB,naive,RSC,74,0.05441
77,RSC-SUB,naive,RSC,75,0.027116
77,RSC-SUB,naive,RSC,76,0.315705
77,RSC-SUB,naive,RSC,77,0.004032
77,RSC-SUB,naive,RSC,78,0.149758
77,RSC-SUB,naive,RSC,79,0.044663
77,RSC-SUB,naive,RSC,80,0.163184
77,RSC-SUB,naive,RSC,81,0.058159
77,RSC-SUB,naive,RSC,82,0.023812
77,RSC-SUB,naive,RSC,83,0.022464
77,RSC-SUB,naive,RSC,84,0.048316
77,RSC-SUB,naive,RSC,85,0.034421
77,RSC-SUB,naive,RSC,86,0.025298
77,RSC-SUB,naive,RSC,87,0.028445
77,RSC-SUB,naive,RSC,88,0.011274
77,RSC-SUB,naive,RSC,89,0.016156
77,RSC-SUB,naive,RSC,90,0.026654
77,RSC-SUB,naive,RSC,91,0.240207
77,RSC-SUB,naive,RSC,92,0.036177
77,RSC-SUB,naive,RSC,93,0.042577
77,RSC-SUB,naive,RSC,94,0.042595
77,RSC-SUB,naive,RSC,95,0.081789
77,RSC-SUB,naive,RSC,96,0.405067
77,RSC-SUB,naive,RSC,97,0.004736
77,RSC-SUB,naive,RSC,98,0.290685
77,RSC-SUB,naive,RSC,99,0.02951
77,RSC-SUB,naive,RSC,100,0.076792
77,RSC-SUB,naive,RSC,101,0.068802
77,RSC-SUB,naive,RSC,102,0.046337
77,RSC-SUB,naive,RSC,103,0.076676
77,RSC-SUB,naive,RSC,104,0.016707
77,RSC-SUB,naive,RSC,105,0.011373
77,RSC-SUB,naive,RSC,106,0.048771
77,RSC-SUB,naive,RSC,107,0.065546
77,RSC-SUB,naive,RSC,108,0.015706
77,RSC-SUB,naive,RSC,109,0.01627
77,RSC-SUB,naive,RSC,110,0.015691
77,RSC-SUB,naive,RSC,111,0.013484
77,RSC-SUB,naive,RSC,112,0.013794
77,RSC-SUB,naive,RSC,113,0.015239
77,RSC-SUB,naive,RSC,114,0.03117
77,RSC-SUB,naive,RSC,115,0.011732
77,RSC-SUB,naive,RSC,116,0.283781
77,RSC-SUB,naive,RSC,117,0.09676
77,RSC-SUB,naive,RSC,118,0.03696
77,RSC-SUB,naive,RSC,119,0.024189
77,RSC-SUB,naive,RSC,120,0.088359
77,RSC-SUB,naive,RSC,121,0.015664
77,RSC-SUB,naive,RSC,122,0.047139
77,RSC-SUB,naive,RSC,123,0.025343
77,RSC-SUB,naive,RSC,124,0.007698
77,RSC-SUB,naive,RSC,125,0.092462
77,RSC-SUB,naive,RSC,126,0.114723
77,RSC-SUB,naive,RSC,127,0.00465
77,RSC-SUB,naive,RSC,128,0.017565
77,RSC-SUB,naive,RSC,129,0.025074
77,RSC-SUB,naive,RSC,130,0.056268
77,RSC-SUB,naive,RSC,131,0.057998
77,RSC-SUB,naive,RSC,132,0.284823
77,RSC-SUB,naive,RSC,133,0.166521
77,RSC-SUB,naive,RSC,134,0.037415
77,RSC-SUB,naive,RSC,135,0.050281
77,RSC-SUB,naive,RSC,136,0.022766
77,RSC-SUB,naive,RSC,137,0.042656
77,RSC-SUB,naive,RSC,138,0.006351
77,RSC-SUB,naive,RSC,139,0.21383
77,RSC-SUB,naive,RSC,140,0.065384
77,RSC-SUB,naive,RSC,141,0.033051
77,RSC-SUB,naive,RSC,142,0.025192
77,RSC-SUB,naive,RSC,143,0.012509
77,RSC-SUB,naive,RSC,144,0.036902
77,RSC-SUB,naive,RSC,145,0.163528
77,RSC-SUB,naive,RSC,146,0.265654
77,RSC-SUB,naive,RSC,147,0.031326
77,RSC-SUB,naive,RSC,148,0.029693
77,RSC-SUB,naive,RSC,149,0.066589
77,RSC-SUB,naive,RSC,150,0.037852
77,RSC-SUB,naive,RSC,151,0.014058
77,RSC-SUB,naive,RSC,152,0.021739
77,RSC-SUB,naive,RSC,153,0.013563
77,RSC-SUB,naive,RSC,154,0.005408
77,RSC-SUB,naive,RSC,155,0.304418
77,RSC-SUB,naive,RSC,156,0.006852
77,RSC-SUB,naive,RSC,157,0.012693
77,RSC-SUB,naive,RSC,158,0.04746
77,RSC-SUB,naive,RSC,159,0.019604
77,RSC-SUB,naive,RSC,160,0.069788
77,RSC-SUB,naive,RSC,161,0.079955
77,RSC-SUB,naive,RSC,162,0.018029
77,RSC-SUB,naive,RSC,163,0.026211
77,RSC-SUB,naive,RSC,164,0.122922
77,RSC-SUB,naive,RSC,165,0.10088
77,RSC-SUB,naive,RSC,166,0.234513
77,RSC-SUB,naive,RSC,167,0.068908
77,RSC-SUB,naive,RSC,168,0.285316
77,RSC-SUB,naive,RSC,169,0.034948
77,RSC-SUB,naive,RSC,170,0.020406
77,RSC-SUB,naive,RSC,171,0.126707
77,RSC-SUB,naive,RSC,172,0.043688
77,RSC-SUB,naive,RSC,173,0.061347
77,RSC-SUB,naive,RSC,174,0.098865
77,RSC-SUB,naive,RSC,175,0.015696
77,RSC-SUB,naive,RSC,176,0.201373
77,RSC-SUB,naive,RSC,177,0.016266
77,RSC-SUB,naive,RSC,178,0.0341
77,RSC-SUB,naive,RSC,179,0.024845
77,RSC-SUB,naive,RSC,180,0.043161
77,RSC-SUB,naive,RSC,181,0.120106
77,RSC-SUB,naive,RSC,182,0.274957
77,RSC-SUB,naive,RSC,183,0.113549
77,RSC-SUB,naive,RSC,184,0.113454
77,RSC-SUB,naive,RSC,185,0.025941
77,RSC-SUB,naive,RSC,186,0.018289
77,RSC-SUB,naive,RSC,187,0.050961
77,RSC-SUB,naive,RSC,188,0.008966
77,RSC-SUB,naive,RSC,189,0.06615
77,RSC-SUB,naive,RSC,190,0.02843
77,RSC-SUB,naive,RSC,191,0.020858
77,RSC-SUB,naive,RSC,192,0.01061
77,RSC-SUB,naive,RSC,193,0.037434
77,RSC-SUB,naive,RSC,194,0.24966
77,RSC-SUB,naive,RSC,195,0.031621
77,RSC-SUB,naive,RSC,196,0.004729
77,RSC-SUB,naive,RSC,197,0.454174
77,RSC-SUB,naive,RSC,198,0.009046
77,RSC-SUB,naive,RSC,199,0.007941
77,RSC-SUB,naive,RSC,200,0.006332
77,RSC-SUB,naive,RSC,201,0.468627
77,RSC-SUB,naive,RSC,202,0.153225
77,RSC-SUB,naive,SUB,0,1.089013
77,RSC-SUB,naive,SUB,1,0.944701
77,RSC-SUB,naive,SUB,2,2.035167
77,RSC-SUB,naive,SUB,3,0.948332
77,RSC-SUB,naive,SUB,4,0.723823
77,RSC-SUB,naive,SUB,5,0.846134
77,RSC-SUB,intermediate,RSC,0,0.035821
77,RSC-SUB,intermediate,RSC,1,0.04535
77,RSC-SUB,intermediate,RSC,2,0.106848
77,RSC-SUB,intermediate,RSC,3,0.012062
77,RSC-SUB,intermediate,RSC,4,0.043719
77,RSC-SUB,intermediate,RSC,5,0.037151
77,RSC-SUB,intermediate,RSC,6,0.139854
77,RSC-SUB,intermediate,RSC,7,0.509645
77,RSC-SUB,intermediate,RSC,8,0.07675
77,RSC-SUB,intermediate,RSC,9,0.269584
77,RSC-SUB,intermediate,RSC,10,0.018312
77,RSC-SUB,intermediate,RSC,11,0.058604
77,RSC-SUB,intermediate,RSC,12,0.048504
77,RSC-SUB,intermediate,RSC,13,0.028947
77,RSC-SUB,intermediate,RSC,14,0.072963
77,RSC-SUB,intermediate,RSC,15,0.034586
77,RSC-SUB,intermediate,RSC,16,0.168227
77,RSC-SUB,intermediate,RSC,17,0.093053
77,RSC-SUB,intermediate,RSC,18,0.067195
77,RSC-SUB,intermediate,RSC,19,0.038407
77,RSC-SUB,intermediate,RSC,20,0.075283
77,RSC-SUB,intermediate,RSC,21,0.020437
77,RSC-SUB,intermediate,RSC,22,0.090907
77,RSC-SUB,intermediate,RSC,23,0.092023
77,RSC-SUB,intermediate,RSC,24,0.180907
77,RSC-SUB,intermediate,RSC,25,0.211606
77,RSC-SUB,intermediate,RSC,26,0.081404
77,RSC-SUB,intermediate,RSC,27,0.091538
77,RSC-SUB,intermediate,RSC,28,0.09036
77,RSC-SUB,intermediate,RSC,29,0.080018
77,RSC-SUB,intermediate,RSC,30,0.13898
77,RSC-SUB,intermediate,RSC,31,0.077308
77,RSC-SUB,intermediate,RSC,32,0.236302
77,RSC-SUB,intermediate,RSC,33,0.076453
77,RSC-SUB,intermediate,RSC,34,0.040026
77,RSC-SUB,intermediate,RSC,35,0.027965
77,RSC-SUB,intermediate,RSC,36,0.017298
77,RSC-SUB,intermediate,RSC,37,0.061105
77,RSC-SUB,intermediate,RSC,38,0.059107
77,RSC-SUB,intermediate,RSC,39,0.038783
77,RSC-SUB,intermediate,RSC,40,0.076526
77,RSC-SUB,intermediate,RSC,41,0.181352
77,RSC-SUB,intermediate,RSC,42,0.078939
77,RSC-SUB,intermediate,RSC,43,0.139127
77,RSC-SUB,intermediate,RSC,44,0.282911
77,RSC-SUB,intermediate,RSC,45,0.106808
77,RSC-SUB,intermediate,RSC,46,0.117276
77,RSC-SUB,intermediate,RSC,47,0.230235
77,RSC-SUB,intermediate,RSC,48,0.131965
77,RSC-SUB,intermediate,RSC,49,0.09089
77,RSC-SUB,intermediate,RSC,50,0.028927
77,RSC-SUB,intermediate,RSC,51,0.0415
77,RSC-SUB,intermediate,RSC,52,0.012377
77,RSC-SUB,intermediate,RSC,53,0.116351
77,RSC-SUB,intermediate,RSC,54,0.106917
77,RSC-SUB,intermediate,RSC,55,0.140994
77,RSC-SUB,intermediate,RSC,56,0.049716
77,RSC-SUB,intermediate,RSC,57,0.041091
77,RSC-SUB,intermediate,RSC,58,0.20687
77,RSC-SUB,intermediate,RSC,59,0.095738
77,RSC-SUB,intermediate,RSC,60,0.151596
77,RSC-SUB,intermediate,RSC,61,0.105995
77,RSC-SUB,intermediate,RSC,62,0.130502
77,RSC-SUB,intermediate,RSC,63,0.082552
77,RSC-SUB,intermediate,RSC,64,0.021702
77,RSC-SUB,intermediate,RSC,65,0.110473
77,RSC-SUB,intermediate,RSC,66,0.079471
77,RSC-SUB,intermediate,RSC,67,0.131836
77,RSC-SUB,intermediate,RSC,68,0.108674
77,RSC-SUB,intermediate,RSC,69,0.157356
77,RSC-SUB,intermediate,RSC,70,0.176235
77,RSC-SUB,intermediate,RSC,71,0.068601
77,RSC-SUB,intermediate,RSC,72,0.008125
77,RSC-SUB,intermediate,RSC,73,0.088815
77,RSC-SUB,intermediate,RSC,74,0.258198
77,RSC-SUB,intermediate,RSC,75,0.160438
77,RSC-SUB,intermediate,RSC,76,0.121611
77,RSC-SUB,intermediate,RSC,77,0.020976
77,RSC-SUB,intermediate,RSC,78,0.110895
77,RSC-SUB,intermediate,RSC,79,0.087351
77,RSC-SUB,intermediate,RSC,80,0.155148
77,RSC-SUB,intermediate,RSC,81,0.049185
77,RSC-SUB,intermediate,RSC,82,0.13808
77,RSC-SUB,intermediate,RSC,83,0.035156
77,RSC-SUB,intermediate,RSC,84,0.085934
77,RSC-SUB,intermediate,RSC,85,0.026632
77,RSC-SUB,intermediate,RSC,86,0.064523
77,RSC-SUB,intermediate,RSC,87,0.008308
77,RSC-SUB,intermediate,RSC,88,0.034479
77,RSC-SUB,intermediate,RSC,89,0.039354
77,RSC-SUB,intermediate,RSC,90,0.047645
77,RSC-SUB,intermediate,RSC,91,0.071154
77,RSC-SUB,intermediate,RSC,92,0.020523
77,RSC-SUB,intermediate,RSC,93,0.042942
77,RSC-SUB,intermediate,RSC,94,0.0571
77,RSC-SUB,intermediate,RSC,95,0.030527
77,RSC-SUB,intermediate,RSC,96,0.007156
77,RSC-SUB,intermediate,RSC,97,0.007648
77,RSC-SUB,intermediate,RSC,98,0.009803
77,RSC-SUB,intermediate,RSC,99,0.155952
77,RSC-SUB,intermediate,RSC,100,0.075445
77,RSC-SUB,intermediate,RSC,101,0.073248
77,RSC-SUB,intermediate,RSC,102,0.234636
77,RSC-SUB,intermediate,RSC,103,0.143359
77,RSC-SUB,intermediate,RSC,104,0.026041
77,RSC-SUB,intermediate,RSC,105,0.409455
77,RSC-SUB,intermediate,RSC,106,0.037583
77,RSC-SUB,intermediate,RSC,107,0.106822
77,RSC-SUB,intermediate,RSC,108,0.038495
77,RSC-SUB,intermediate,RSC,109,0.296077
77,RSC-SUB,intermediate,RSC,110,0.093801
77,RSC-SUB,intermediate,RSC,111,0.061359
77,RSC-SUB,intermediate,RSC,112,0.064582
77,RSC-SUB,intermediate,RSC,113,0.018667
77,RSC-SUB,intermediate,RSC,114,0.339569
77,RSC-SUB,intermediate,RSC,115,0.058337
77,RSC-SUB,intermediate,RSC,116,0.031478
77,RSC-SUB,intermediate,RSC,117,0.068367
77,RSC-SUB,intermediate,RSC,118,0.069202
77,RSC-SUB,intermediate,RSC,119,0.043307
77,RSC-SUB,intermediate,RSC,120,0.152675
77,RSC-SUB,intermediate,RSC,121,0.054757
77,RSC-SUB,intermediate,RSC,122,0.118506
77,RSC-SUB,intermediate,RSC,123,0.183271
77,RSC-SUB,intermediate,RSC,124,0.012779
77,RSC-SUB,intermediate,RSC,125,0.048475
77,RSC-SUB,intermediate,RSC,126,0.168171
77,RSC-SUB,intermediate,RSC,127,0.018978
77,RSC-SUB,intermediate,RSC,128,0.149875
77,RSC-SUB,intermediate,RSC,129,0.038978
77,RSC-SUB,intermediate,RSC,130,0.01631
77,RSC-SUB,intermediate,RSC,131,0.09141
77,RSC-SUB,intermediate,RSC,132,0.193252
77,RSC-SUB,intermediate,RSC,133,0.058256
77,RSC-SUB,intermediate,RSC,134,0.063296
77,RSC-SUB,intermediate,RSC,135,0.090907
77,RSC-SUB,intermediate,RSC,136,0.051873
77,RSC-SUB,intermediate,RSC,137,0.136465
77,RSC-SUB,intermediate,RSC,138,0.090573
77,RSC-SUB,intermediate,RSC,139,0.068646
77,RSC-SUB,intermediate,RSC,140,0.050025
77,RSC-SUB,intermediate,RSC,141,0.024456
77,RSC-SUB,intermediate,RSC,142,0.089796
77,RSC-SUB,intermediate,RSC,143,0.022611
77,RSC-SUB,intermediate,RSC,144,0.565459
77,RSC-SUB,intermediate,RSC,145,0.210842
77,RSC-SUB,intermediate,RSC,146,0.146708
77,RSC-SUB,intermediate,RSC,147,0.107096
77,RSC-SUB,intermediate,RSC,148,0.24109
77,RSC-SUB,intermediate,RSC,149,0.071842
77,RSC-SUB,intermediate,RSC,150,0.085709
77,RSC-SUB,intermediate,RSC,151,0.369822
77,RSC-SUB,intermediate,RSC,152,0.239787
77,RSC-SUB,intermediate,RSC,153,0.01099
77,RSC-SUB,intermediate,RSC,154,0.003644
77,RSC-SUB,intermediate,RSC,155,0.151706
77,RSC-SUB,intermediate,RSC,156,0.016594
77,RSC-SUB,intermediate,RSC,157,0.025853
77,RSC-SUB,intermediate,RSC,158,0.071156
77,RSC-SUB,intermediate,RSC,159,0.018143
77,RSC-SUB,intermediate,RSC,160,0.073893
77,RSC-SUB,intermediate,RSC,161,0.295732
77,RSC-SUB,intermediate,RSC,162,0.125852
77,RSC-SUB,intermediate,RSC,163,0.138655
77,RSC-SUB,intermediate,RSC,164,0.056287
77,RSC-SUB,intermediate,RSC,165,0.039218
77,RSC-SUB,intermediate,RSC,166,0.047966
77,RSC-SUB,intermediate,RSC,167,0.069977
77,RSC-SUB,intermediate,RSC,168,0.037173
77,RSC-SUB,intermediate,RSC,169,0.024743
77,RSC-SUB,intermediate,RSC,170,0.233734
77,RSC-SUB,intermediate,RSC,171,0.014996
77,RSC-SUB,intermediate,RSC,172,0.14806
77,RSC-SUB,intermediate,RSC,173,0.235454
77,RSC-SUB,intermediate,RSC,174,0.088002
77,RSC-SUB,intermediate,RSC,175,0.062259
77,RSC-SUB,intermediate,RSC,176,0.101661
77,RSC-SUB,intermediate,RSC,177,0.035567
77,RSC-SUB,intermediate,RSC,178,0.084859
77,RSC-SUB,intermediate,RSC,179,0.072778
77,RSC-SUB,intermediate,RSC,180,0.077425
77,RSC-SUB,intermediate,RSC,181,0.094932
77,RSC-SUB,intermediate,RSC,182,0.087302
77,RSC-SUB,intermediate,RSC,183,0.14304
77,RSC-SUB,intermediate,RSC,184,0.099186
77,RSC-SUB,intermediate,RSC,185,0.03152
77,RSC-SUB,intermediate,RSC,186,0.094434
77,RSC-SUB,intermediate,RSC,187,0.198429
77,RSC-SUB,intermediate,RSC,188,0.0285
77,RSC-SUB,intermediate,RSC,189,0.133919
77,RSC-SUB,intermediate,RSC,190,0.099747
77,RSC-SUB,intermediate,RSC,191,0.028956
77,RSC-SUB,intermediate,RSC,192,0.21508
77,RSC-SUB,intermediate,RSC,193,0.073574
77,RSC-SUB,intermediate,RSC,194,0.008321
77,RSC-SUB,intermediate,RSC,195,0.122831
77,RSC-SUB,intermediate,RSC,196,0.039478
77,RSC-SUB,intermediate,RSC,197,0.039577
77,RSC-SUB,intermediate,RSC,198,0.246017
77,RSC-SUB,intermediate,RSC,199,0.017643
77,RSC-SUB,intermediate,RSC,200,0.122382
77,RSC-SUB,intermediate,RSC,201,0.008434
77,RSC-SUB,intermediate,RSC,202,0.009719
77,RSC-SUB,intermediate,SUB,0,0.954386
77,RSC-SUB,intermediate,SUB,1,0.974754
77,RSC-SUB,intermediate,SUB,2,1.193154
77,RSC-SUB,intermediate,SUB,3,0.860795
77,RSC-SUB,intermediate,SUB,4,1.114772
77,RSC-SUB,intermediate,SUB,5,0.781685
77,RSC-SUB,expert,RSC,0,0.028507
77,RSC-SUB,expert,RSC,1,0.114948
77,RSC-SUB,expert,RSC,2,0.074824
77,RSC-SUB,expert,RSC,3,0.037378
77,RSC-SUB,expert,RSC,4,0.031853
77,RSC-SUB,expert,RSC,5,0.066226
77,RSC-SUB,expert,RSC,6,0.10733
77,RSC-SUB,expert,RSC,7,0.602856
77,RSC-SUB,expert,RSC,8,0.121815
77,RSC-SUB,expert,RSC,9,0.098578
77,RSC-SUB,expert,RSC,10,0.019146
77,RSC-SUB,expert,RSC,11,0.044388
77,RSC-SUB,expert,RSC,12,0.05972
77,RSC-SUB,expert,RSC,13,0.030572
77,RSC-SUB,expert,RSC,14,0.089025
77,RSC-SUB,expert,RSC,15,0.029174
77,RSC-SUB,expert,RSC,16,0.185434
77,RSC-SUB,expert,RSC,17,0.082322
77,RSC-SUB,expert,RSC,18,0.152576
77,RSC-SUB,expert,RSC,19,0.05086
77,RSC-SUB,expert,RSC,20,0.051043
77,RSC-SUB,expert,RSC,21,0.036735
77,RSC-SUB,expert,RSC,22,0.115023
77,RSC-SUB,expert,RSC,23,0.040804
77,RSC-SUB,expert,RSC,24,0.211738
77,RSC-SUB,expert,RSC,25,0.33763
77,RSC-SUB,expert,RSC,26,0.044031
77,RSC-SUB,expert,RSC,27,0.108937
77,RSC-SUB,expert,RSC,28,0.14087
77,RSC-SUB,expert,RSC,29,0.121366
77,RSC-SUB,expert,RSC,30,0.086064
77,RSC-SUB,expert,RSC,31,0.105135
77,RSC-SUB,expert,RSC,32,0.264007
77,RSC-SUB,expert,RSC,33,0.094515
77,RSC-SUB,expert,RSC,34,0.061106
77,RSC-SUB,expert,RSC,35,0.005432
77,RSC-SUB,expert,RSC,36,0.016958
77,RSC-SUB,expert,RSC,37,0.036361
77,RSC-SUB,expert,RSC,38,0.084469
77,RSC-SUB,expert,RSC,39,0.066169
77,RSC-SUB,expert,RSC,40,0.128569
77,RSC-SUB,expert,RSC,41,0.171797
77,RSC-SUB,expert,RSC,42,0.068417
77,RSC-SUB,expert,RSC,43,0.092419
77,RSC-SUB,expert,RSC,44,0.070653
77,RSC-SUB,expert,RSC,45,0.059081
77,RSC-SUB,expert,RSC,46,0.114661
77,RSC-SUB,expert,RSC,47,0.343366
77,RSC-SUB,expert,RSC,48,0.09663
77,RSC-SUB,expert,RSC,49,0.1352
77,RSC-SUB,expert,RSC,50,0.057794
77,RSC-SUB,expert,RSC,51,0.037493
77,RSC-SUB,expert,RSC,52,0.006576
77,RSC-SUB,expert,RSC,53,0.148043
77,RSC-SUB,expert,RSC,54,0.103391
77,RSC-SUB,expert,RSC,55,0.13002
77,RSC-SUB,expert,RSC,56,0.036773
77,RSC-SUB,expert,RSC,57,0.065987
77,RSC-SUB,expert,RSC,58,0.198668
77,RSC-SUB,expert,RSC,59,0.103386
77,RSC-SUB,expert,RSC,60,0.148837
77,RSC-SUB,expert,RSC,61,0.125386
77,RSC-SUB,expert,RSC,62,0.146509
77,RSC-SUB,expert,RSC,63,0.104748
77,RSC-SUB,expert,RSC,64,0.03354
77,RSC-SUB,expert,RSC,65,0.085342
77,RSC-SUB,expert,RSC,66,0.40028
77,RSC-SUB,expert,RSC,67,0.16786
77,RSC-SUB,expert,RSC,68,0.10484
77,RSC-SUB,expert,RSC,69,0.184072
77,RSC-SUB,expert,RSC,70,0.115033
77,RSC-SUB,expert,RSC,71,0.025677
77,RSC-SUB,expert,RSC,72,0.025068
77,RSC-SUB,expert,RSC,73,0.123353
77,RSC-SUB,expert,RSC,74,0.124297
77,RSC-SUB,expert,RSC,75,0.111742
77,RSC-SUB,expert,RSC,76,0.122278
77,RSC-SUB,expert,RSC,77,0.016437
77,RSC-SUB,expert,RSC,78,0.168922
77,RSC-SUB,expert,RSC,79,0.190729
77,RSC-SUB,expert,RSC,80,0.13729
77,RSC-SUB,expert,RSC,81,0.129536
77,RSC-SUB,expert,RSC,82,0.227128
77,RSC-SUB,expert,RSC,83,0.017369
77,RSC-SUB,expert,RSC,84,0.083017
77,RSC-SUB,expert,RSC,85,0.032763
77,RSC-SUB,expert,RSC,86,0.231336
77,RSC-SUB,expert,RSC,87,0.010729
77,RSC-SUB,expert,RSC,88,0.08308
77,RSC-SUB,expert,RSC,89,0.227789
77,RSC-SUB,expert,RSC,90,0.043281
77,RSC-SUB,expert,RSC,91,0.012603
77,RSC-SUB,expert,RSC,92,0.008879
77,RSC-SUB,expert,RSC,93,0.067216
77,RSC-SUB,expert,RSC,94,0.095063
77,RSC-SUB,expert,RSC,95,0.028074
77,RSC-SUB,expert,RSC,96,0.021463
77,RSC-SUB,expert,RSC,97,0.010793
77,RSC-SUB,expert,RSC,98,0.003636
77,RSC-SUB,expert,RSC,99,0.064391
77,RSC-SUB,expert,RSC,100,0.150817
77,RSC-SUB,expert,RSC,101,0.067522
77,RSC-SUB,expert,RSC,102,0.145445
77,RSC-SUB,expert,RSC,103,0.23503
77,RSC-SUB,expert,RSC,104,0.023691
77,RSC-SUB,expert,RSC,105,0.159943
77,RSC-SUB,expert,RSC,106,0.09869
77,RSC-SUB,expert,RSC,107,0.087276
77,RSC-SUB,expert,RSC,108,0.099763
77,RSC-SUB,expert,RSC,109,0.034351
77,RSC-SUB,expert,RSC,110,0.140651
77,RSC-SUB,expert,RSC,111,0.102666
77,RSC-SUB,expert,RSC,112,0.047501
77,RSC-SUB,expert,RSC,113,0.050981
77,RSC-SUB,expert,RSC,114,0.050986
77,RSC-SUB,expert,RSC,115,0.059362
77,RSC-SUB,expert,RSC,116,0.032337
77,RSC-SUB,expert,RSC,117,0.057246
77,RSC-SUB,expert,RSC,118,0.098102
77,RSC-SUB,expert,RSC,119,0.08675
77,RSC-SUB,expert,RSC,120,0.069273
77,RSC-SUB,expert,RSC,121,0.063343
77,RSC-SUB,expert,RSC,122,0.122341
77,RSC-SUB,expert,RSC,123,0.296252
77,RSC-SUB,expert,RSC,124,0.040234
77,RSC-SUB,expert,RSC,125,0.096144
77,RSC-SUB,expert,RSC,126,0.190172
77,RSC-SUB,expert,RSC,127,0.025039
77,RSC-SUB,expert,RSC,128,0.128793
77,RSC-SUB,expert,RSC,129,0.024965
77,RSC-SUB,expert,RSC,130,0.041456
77,RSC-SUB,expert,RSC,131,0.081299
77,RSC-SUB,expert,RSC,132,0.025075
77,RSC-SUB,expert,RSC,133,0.091764
77,RSC-SUB,expert,RSC,134,0.155915
77,RSC-SUB,expert,RSC,135,0.063861
77,RSC-SUB,expert,RSC,136,0.057459
77,RSC-SUB,expert,RSC,137,0.091134
77,RSC-SUB,expert,RSC,138,0.054039
77,RSC-SUB,expert,RSC,139,0.050119
77,RSC-SUB,expert,RSC,140,0.082699
77,RSC-SUB,expert,RSC,141,0.024296
77,RSC-SUB,expert,RSC,142,0.078009
77,RSC-SUB,expert,RSC,143,0.010125
77,RSC-SUB,expert,RSC,144,0.300713
77,RSC-SUB,expert,RSC,145,0.15011
77,RSC-SUB,expert,RSC,146,0.054541
77,RSC-SUB,expert,RSC,147,0.103862
77,RSC-SUB,expert,RSC,148,0.339155
77,RSC-SUB,expert,RSC,149,0.085294
77,RSC-SUB,expert,RSC,150,0.152239
77,RSC-SUB,expert,RSC,151,0.123773
77,RSC-SUB,expert,RSC,152,0.211506
77,RSC-SUB,expert,RSC,153,0.036998
77,RSC-SUB,expert,RSC,154,0.006721
77,RSC-SUB,expert,RSC,155,0.116947
77,RSC-SUB,expert,RSC,156,0.034421
77,RSC-SUB,expert,RSC,157,0.027738
77,RSC-SUB,expert,RSC,158,0.064125
77,RSC-SUB,expert,RSC,159,0.014041
77,RSC-SUB,expert,RSC,160,0.059668
77,RSC-SUB,expert,RSC,161,0.18459
77,RSC-SUB,expert,RSC,162,0.377438
77,RSC-SUB,expert,RSC,163,0.095222
77,RSC-SUB,expert,RSC,164,0.036047
77,RSC-SUB,expert,RSC,165,0.048753
77,RSC-SUB,expert,RSC,166,0.093564
77,RSC-SUB,expert,RSC,167,0.115012
77,RSC-SUB,expert,RSC,168,0.024471
77,RSC-SUB,expert,RSC,169,0.061456
77,RSC-SUB,expert,RSC,170,0.058581
77,RSC-SUB,expert,RSC,171,0.035741
77,RSC-SUB,expert,RSC,172,0.150305
77,RSC-SUB,expert,RSC,173,0.153104
77,RSC-SUB,expert,RSC,174,0.092509
77,RSC-SUB,expert,RSC,175,0.043329
77,RSC-SUB,expert,RSC,176,0.075461
77,RSC-SUB,expert,RSC,177,0.060173
77,RSC-SUB,expert,RSC,178,0.086944
77,RSC-SUB,expert,RSC,179,0.067153
77,RSC-SUB,expert,RSC,180,0.102435
77,RSC-SUB,expert,RSC,181,0.101357
77,RSC-SUB,expert,RSC,182,0.111979
77,RSC-SUB,expert,RSC,183,0.148253
77,RSC-SUB,expert,RSC,184,0.090538
77,RSC-SUB,expert,RSC,185,0.043296
77,RSC-SUB,expert,RSC,186,0.056762
77,RSC-SUB,expert,RSC,187,0.350874
77,RSC-SUB,expert,RSC,188,0.085327
77,RSC-SUB,expert,RSC,189,0.160652
77,RSC-SUB,expert,RSC,190,0.062087
77,RSC-SUB,expert,RSC,191,0.072599
77,RSC-SUB,expert,RSC,192,0.146824
77,RSC-SUB,expert,RSC,193,0.256843
77,RSC-SUB,expert,RSC,194,0.017369
77,RSC-SUB,expert,RSC,195,0.192302
77,RSC-SUB,expert,RSC,196,0.014668
77,RSC-SUB,expert,RSC,197,0.066539
77,RSC-SUB,expert,RSC,198,0.145682
77,RSC-SUB,expert,RSC,199,0.043524
77,RSC-SUB,expert,RSC,200,0.016324
77,RSC-SUB,expert,RSC,201,0.010765
77,RSC-SUB,expert,RSC,202,6.3e-05
77,RSC-SUB,expert,SUB,0,0.971608
77,RSC-SUB,expert,SUB,1,1.026757
77,RSC-SUB,expert,SUB,2,1.588196
77,RSC-SUB,expert,SUB,3,0.753457
77,RSC-SUB,expert,SUB,4,1.854675
77,RSC-SUB,expert,SUB,5,0.990632
77,V1-RSC,naive,V1,0,0.841253
77,V1-RSC,naive,V1,1,0.932457
77,V1-RSC,naive,V1,2,0.986314
77,V1-RSC,naive,V1,3,1.579943
77,V1-RSC,naive,V1,4,0.955067
77,V1-RSC,naive,V1,5,1.054832
77,V1-RSC,naive,V1,6,0.992922
77,V1-RSC,naive,V1,7,0.932999
77,V1-RSC,naive,V1,8,0.92887
77,V1-RSC,naive,V1,9,1.317209
77,V1-RSC,naive,V1,10,0.656727
77,V1-RSC,naive,V1,11,1.2014
77,V1-RSC,naive,RSC,0,0.032922
77,V1-RSC,naive,RSC,1,0.143394
77,V1-RSC,naive,RSC,2,0.045975
77,V1-RSC,naive,RSC,3,0.009886
77,V1-RSC,naive,RSC,4,0.014698
77,V1-RSC,naive,RSC,5,0.013272
77,V1-RSC,naive,RSC,6,0.016481
77,V1-RSC,naive,RSC,7,0.01745
77,V1-RSC,naive,RSC,8,0.021373
77,V1-RSC,naive,RSC,9,0.025971
77,V1-RSC,naive,RSC,10,0.011948
77,V1-RSC,naive,RSC,11,0.028538
77,V1-RSC,naive,RSC,12,0.103671
77,V1-RSC,naive,RSC,13,0.025172
77,V1-RSC,naive,RSC,14,0.128018
77,V1-RSC,naive,RSC,15,0.013246
77,V1-RSC,naive,RSC,16,0.110752
77,V1-RSC,naive,RSC,17,0.147841
77,V1-RSC,naive,RSC,18,0.03003
77,V1-RSC,naive,RSC,19,0.020882
77,V1-RSC,naive,RSC,20,0.023367
77,V1-RSC,naive,RSC,21,0.009041
77,V1-RSC,naive,RSC,22,0.090555
77,V1-RSC,naive,RSC,23,0.021314
77,V1-RSC,naive,RSC,24,0.144362
77,V1-RSC,naive,RSC,25,0.017819
77,V1-RSC,naive,RSC,26,0.046369
77,V1-RSC,naive,RSC,27,0.060958
77,V1-RSC,naive,RSC,28,0.018554
77,V1-RSC,naive,RSC,29,0.176844
77,V1-RSC,naive,RSC,30,0.022054
77,V1-RSC,naive,RSC,31,0.027679
77,V1-RSC,naive,RSC,32,0.045047
77,V1-RSC,naive,RSC,33,0.037398
77,V1-RSC,naive,RSC,34,0.028178
77,V1-RSC,naive,RSC,35,0.537031
77,V1-RSC,naive,RSC,36,0.015088
77,V1-RSC,naive,RSC,37,0.06105
77,V1-RSC,naive,RSC,38,0.068109
77,V1-RSC,naive,RSC,39,0.109966
77,V1-RSC,naive,RSC,40,0.289153
77,V1-RSC,naive,RSC,41,0.095399
77,V1-RSC,naive,RSC,42,0.144478
77,V1-RSC,naive,RSC,43,0.082471
77,V1-RSC,naive,RSC,44,0.551438
77,V1-RSC,naive,RSC,45,0.159022
77,V1-RSC,naive,RSC,46,0.140981
77,V1-RSC,naive,RSC,47,0.039101
77,V1-RSC,naive,RSC,48,0.07888
77,V1-RSC,naive,RSC,49,0.13591
77,V1-RSC,naive,RSC,50,0.017092
77,V1-RSC,naive,RSC,51,0.066175
77,V1-RSC,naive,RSC,52,0.474965
77,V1-RSC,naive,RSC,53,0.169358
77,V1-RSC,naive,RSC,54,0.133975
77,V1-RSC,naive,RSC,55,0.030653
77,V1-RSC,naive,RSC,56,0.08293
77,V1-RSC,naive,RSC,57,0.056477
77,V1-RSC,naive,RSC,58,0.028789
77,V1-RSC,naive,RSC,59,0.153225
77,V1-RSC,naive,RSC,60,0.031119
77,V1-RSC,naive,RSC,61,0.022812
77,V1-RSC,naive,RSC,62,0.104128
77,V1-RSC,naive,RSC,63,0.082973
77,V1-RSC,naive,RSC,64,0.024312
77,V1-RSC,naive,RSC,65,0.038139
77,V1-RSC,naive,RSC,66,0.075402
77,V1-RSC,naive,RSC,67,0.120777
77,V1-RSC,naive,RSC,68,0.091693
77,V1-RSC,naive,RSC,69,0.158735
77,V1-RSC,naive,RSC,70,0.012056
77,V1-RSC,naive,RSC,71,0.238343
77,V1-RSC,naive,RSC,72,0.005114
77,V1-RSC,naive,RSC,73,0.122578
77,V1-RSC,naive,RSC,74,0.062529
77,V1-RSC,naive,RSC,75,0.030457
77,V1-RSC,naive,RSC,76,0.347516
77,V1-RSC,naive,RSC,77,0.005825
77,V1-RSC,naive,RSC,78,0.166621
77,V1-RSC,naive,RSC,79,0.058091
77,V1-RSC,naive,RSC,80,0.188082
77,V1-RSC,naive,RSC,81,0.079223
77,V1-RSC,naive,RSC,82,0.037073
77,V1-RSC,naive,RSC,83,0.022454
77,V1-RSC,naive,RSC,84,0.08613
77,V1-RSC,naive,RSC,85,0.040327
77,V1-RSC,naive,RSC,86,0.030265
77,V1-RSC,naive,RSC,87,0.032533
77,V1-RSC,naive,RSC,88,0.020159
77,V1-RSC,naive,RSC,89,0.02387
77,V1-RSC,naive,RSC,90,0.035348
77,V1-RSC,naive,RSC,91,0.432349
77,V1-RSC,naive,RSC,92,0.052366
77,V1-RSC,naive,RSC,93,0.064935
77,V1-RSC,naive,RSC,94,0.048094
77,V1-RSC,naive,RSC,95,0.117762
77,V1-RSC,naive,RSC,96,0.556864
77,V1-RSC,naive,RSC,97,0.010449
77,V1-RSC,naive,RSC,98,0.354641
77,V1-RSC,naive,RSC,99,0.033766
77,V1-RSC,naive,RSC,100,0.093951
77,V1-RSC,naive,RSC,101,0.1141
77,V1-RSC,naive,RSC,102,0.064887
77,V1-RSC,naive,RSC,103,0.086237
77,V1-RSC,naive,RSC,104,0.022894
77,V1-RSC,naive,RSC,105,0.017774
77,V1-RSC,naive,RSC,106,0.069266
77,V1-RSC,naive,RSC,107,0.080805
77,V1-RSC,naive,RSC,108,0.016685
77,V1-RSC,naive,RSC,109,0.025367
77,V1-RSC,naive,RSC,110,0.020306
77,V1-RSC,naive,RSC,111,0.013234
77,V1-RSC,naive,RSC,112,0.016111
77,V1-RSC,naive,RSC,113,0.02036
77,V1-RSC,naive,RSC,114,0.033585
77,V1-RSC,naive,RSC,115,0.017452
77,V1-RSC,naive,RSC,116,0.453411
77,V1-RSC,naive,RSC,117,0.103543
77,V1-RSC,naive,RSC,118,0.041485
77,V1-RSC,naive,RSC,119,0.029214
77,V1-RSC,naive,RSC,120,0.109803
77,V1-RSC,naive,RSC,121,0.031249
77,V1-RSC,naive,RSC,122,0.052535
77,V1-RSC,naive,RSC,123,0.030811
77,V1-RSC,naive,RSC,124,0.014891
77,V1-RSC,naive,RSC,125,0.092721
77,V1-RSC,naive,RSC,126,0.114183
77,V1-RSC,naive,RSC,127,0.007195
77,V1-RSC,naive,RSC,128,0.019764
77,V1-RSC,naive,RSC,129,0.029603
77,V1-RSC,naive,RSC,130,0.040506
77,V1-RSC,naive,RSC,131,0.060441
77,V1-RSC,naive,RSC,132,0.480432
77,V1-RSC,naive,RSC,133,0.160179
77,V1-RSC,naive,RSC,134,0.094832
77,V1-RSC,naive,RSC,135,0.053545
77,V1-RSC,naive,RSC,136,0.024812
77,V1-RSC,naive,RSC,137,0.053419
77,V1-RSC,naive,RSC,138,0.01744
77,V1-RSC,naive,RSC,139,0.544081
77,V1-RSC,naive,RSC,140,0.068687
77,V1-RSC,naive,RSC,141,0.080553
77,V1-RSC,naive,RSC,142,0.032486
77,V1-RSC,naive,RSC,143,0.012069
77,V1-RSC,naive,RSC,144,0.041236
77,V1-RSC,naive,RSC,145,0.182383
77,V1-RSC,naive,RSC,146,0.416583
77,V1-RSC,naive,RSC,147,0.046104
77,V1-RSC,naive,RSC,148,0.039129
77,V1-RSC,naive,RSC,149,0.111744
77,V1-RSC,naive,RSC,150,0.043159
77,V1-RSC,naive,RSC,151,0.014895
77,V1-RSC,naive,RSC,152,0.022622
77,V1-RSC,naive,RSC,153,0.030777
77,V1-RSC,naive,RSC,154,0.010123
77,V1-RSC,naive,RSC,155,0.543293
77,V1-RSC,naive,RSC,156,0.014705
77,V1-RSC,naive,RSC,157,0.023448
77,V1-RSC,naive,RSC,158,0.098113
77,V1-RSC,naive,RSC,159,0.019246
77,V1-RSC,naive,RSC,160,0.084974
77,V1-RSC,naive,RSC,161,0.088074
77,V1-RSC,naive,RSC,162,0.019436
77,V1-RSC,naive,RSC,163,0.024527
77,V1-RSC,naive,RSC,164,0.142055
77,V1-RSC,naive,RSC,165,0.592026
77,V1-RSC,naive,RSC,166,0.263253
77,V1-RSC,naive,RSC,167,0.103416
77,V1-RSC,naive,RSC,168,0.586887
77,V1-RSC,naive,RSC,169,0.054975
77,V1-RSC,naive,RSC,170,0.02366
77,V1-RSC,naive,RSC,171,0.172798
77,V1-RSC,naive,RSC,172,0.056069
77,V1-RSC,naive,RSC,173,0.078485
77,V1-RSC,naive,RSC,174,0.137329
77,V1-RSC,naive,RSC,175,0.02477
77,V1-RSC,naive,RSC,176,0.185455
77,V1-RSC,naive,RSC,177,0.039812
77,V1-RSC,naive,RSC,178,0.039274
77,V1-RSC,naive,RSC,179,0.034275
77,V1-RSC,naive,RSC,180,0.048444
77,V1-RSC,naive,RSC,181,0.11852
77,V1-RSC,naive,RSC,182,0.312801
77,V1-RSC,naive,RSC,183,0.134336
77,V1-RSC,naive,RSC,184,0.189921
77,V1-RSC,naive,RSC,185,0.028068
77,V1-RSC,naive,RSC,186,0.026395
77,V1-RSC,naive,RSC,187,0.0814
77,V1-RSC,naive,RSC,188,0.009652
77,V1-RSC,naive,RSC,189,0.100608
77,V1-RSC,naive,RSC,190,0.038289
77,V1-RSC,naive,RSC,191,0.031274
77,V1-RSC,naive,RSC,192,0.011868
77,V1-RSC,naive,RSC,193,0.041106
77,V1-RSC,naive,RSC,194,0.556688
77,V1-RSC,naive,RSC,195,0.034645
77,V1-RSC,naive,RSC,196,0.011053
77,V1-RSC,naive,RSC,197,0.488932
77,V1-RSC,naive,RSC,198,0.014506
77,V1-RSC,naive,RSC,199,0.009296
77,V1-RSC,naive,RSC,200,0.00729
77,V1-RSC,naive,RSC,201,0.479581
77,V1-RSC,naive,RSC,202,0.474043
77,V1-RSC,intermediate,V1,0,0.978986
77,V1-RSC,intermediate,V1,1,1.012663
77,V1-RSC,intermediate,V1,2,0.985581
77,V1-RSC,intermediate,V1,3,1.43526
77,V1-RSC,intermediate,V1,4,0.954729
77,V1-RSC,intermediate,V1,5,1.087223
77,V1-RSC,intermediate,V1,6,0.991762
77,V1-RSC,intermediate,V1,7,0.998393
77,V1-RSC,intermediate,V1,8,0.988866
77,V1-RSC,intermediate,V1,9,0.973352
77,V1-RSC,intermediate,V1,10,0.917774
77,V1-RSC,intermediate,V1,11,1.245938
77,V1-RSC,intermediate,RSC,0,0.072532
77,V1-RSC,intermediate,RSC,1,0.06733
77,V1-RSC,intermediate,RSC,2,0.142087
77,V1-RSC,intermediate,RSC,3,0.026003
77,V1-RSC,intermediate,RSC,4,0.037194
77,V1-RSC,intermediate,RSC,5,0.03922
77,V1-RSC,intermediate,RSC,6,0.151807
77,V1-RSC,intermediate,RSC,7,0.39661
77,V1-RSC,intermediate,RSC,8,0.114082
77,V1-RSC,intermediate,RSC,9,0.254519
77,V1-RSC,intermediate,RSC,10,0.05958
77,V1-RSC,intermediate,RSC,11,0.050048
77,V1-RSC,intermediate,RSC,12,0.068079
77,V1-RSC,intermediate,RSC,13,0.048571
77,V1-RSC,intermediate,RSC,14,0.0657
77,V1-RSC,intermediate,RSC,15,0.04109
77,V1-RSC,intermediate,RSC,16,0.158864
77,V1-RSC,intermediate,RSC,17,0.149394
77,V1-RSC,intermediate,RSC,18,0.08728
77,V1-RSC,intermediate,RSC,19,0.031308
77,V1-RSC,intermediate,RSC,20,0.113314
77,V1-RSC,intermediate,RSC,21,0.02445
77,V1-RSC,intermediate,RSC,22,0.152032
77,V1-RSC,intermediate,RSC,23,0.065804
77,V1-RSC,intermediate,RSC,24,0.226184
77,V1-RSC,intermediate,RSC,25,0.154229
77,V1-RSC,intermediate,RSC,26,0.102125
77,V1-RSC,intermediate,RSC,27,0.081801
77,V1-RSC,intermediate,RSC,28,0.13238
77,V1-RSC,intermediate,RSC,29,0.08799
77,V1-RSC,intermediate,RSC,30,0.144484
77,V1-RSC,intermediate,RSC,31,0.112543
77,V1-RSC,intermediate,RSC,32,0.222359
77,V1-RSC,intermediate,RSC,33,0.141262
77,V1-RSC,intermediate,RSC,34,0.045566
77,V1-RSC,intermediate,RSC,35,0.041718
77,V1-RSC,intermediate,RSC,36,0.029761
77,V1-RSC,intermediate,RSC,37,0.084604
77,V1-RSC,intermediate,RSC,38,0.121237
77,V1-RSC,intermediate,RSC,39,0.097777
77,V1-RSC,intermediate,RSC,40,0.1006
77,V1-RSC,intermediate,RSC,41,0.153752
77,V1-RSC,intermediate,RSC,42,0.101069
77,V1-RSC,intermediate,RSC,43,0.137269
77,V1-RSC,intermediate,RSC,44,0.49629
77,V1-RSC,intermediate,RSC,45,0.073438
77,V1-RSC,intermediate,RSC,46,0.104443
77,V1-RSC,intermediate,RSC,47,0.423588
77,V1-RSC,intermediate,RSC,48,0.117537
77,V1-RSC,intermediate,RSC,49,0.192067
77,V1-RSC,intermediate,RSC,50,0.061327
77,V1-RSC,intermediate,RSC,51,0.084743
77,V1-RSC,intermediate,RSC,52,0.027546
77,V1-RSC,intermediate,RSC,53,0.144345
77,V1-RSC,intermediate,RSC,54,0.142461
77,V1-RSC,intermediate,RSC,55,0.192374
77,V1-RSC,intermediate,RSC,56,0.075388
77,V1-RSC,intermediate,RSC,57,0.072887
77,V1-RSC,intermediate,RSC,58,0.22525
77,V1-RSC,intermediate,RSC,59,0.164735
77,V1-RSC,intermediate,RSC,60,0.202206
77,V1-RSC,intermediate,RSC,61,0.142449
77,V1-RSC,intermediate,RSC,62,0.193321
77,V1-RSC,intermediate,RSC,63,0.153106
77,V1-RSC,intermediate,RSC,64,0.033699
77,V1-RSC,intermediate,RSC,65,0.126073
77,V1-RSC,intermediate,RSC,66,0.138416
77,V1-RSC,intermediate,RSC,67,0.232343
77,V1-RSC,intermediate,RSC,68,0.160607
77,V1-RSC,intermediate,RSC,69,0.165329
77,V1-RSC,intermediate,RSC,70,0.226788
77,V1-RSC,intermediate,RSC,71,0.109929
77,V1-RSC,intermediate,RSC,72,0.01296
77,V1-RSC,intermediate,RSC,73,0.136018
77,V1-RSC,intermediate,RSC,74,0.298125
77,V1-RSC,intermediate,RSC,75,0.174461
77,V1-RSC,intermediate,RSC,76,0.131902
77,V1-RSC,intermediate,RSC,77,0.031615
77,V1-RSC,intermediate,RSC,78,0.153948
77,V1-RSC,intermediate,RSC,79,0.103843
77,V1-RSC,intermediate,RSC,80,0.130251
77,V1-RSC,intermediate,RSC,81,0.096321
77,V1-RSC,intermediate,RSC,82,0.166412
77,V1-RSC,intermediate,RSC,83,0.066907
77,V1-RSC,intermediate,RSC,84,0.09805
77,V1-RSC,intermediate,RSC,85,0.02932
77,V1-RSC,intermediate,RSC,86,0.130096
77,V1-RSC,intermediate,RSC,87,0.009156
77,V1-RSC,intermediate,RSC,88,0.066229
77,V1-RSC,intermediate,RSC,89,0.055222
77,V1-RSC,intermediate,RSC,90,0.088353
77,V1-RSC,intermediate,RSC,91,0.111989
77,V1-RSC,intermediate,RSC,92,0.028363
77,V1-RSC,intermediate,RSC,93,0.111039
77,V1-RSC,intermediate,RSC,94,0.095217
77,V1-RSC,intermediate,RSC,95,0.033358
77,V1-RSC,intermediate,RSC,96,0.013917
77,V1-RSC,intermediate,RSC,97,0.01201
77,V1-RSC,intermediate,RSC,98,0.012539
77,V1-RSC,intermediate,RSC,99,0.133026
77,V1-RSC,intermediate,RSC,100,0.097658
77,V1-RSC,intermediate,RSC,101,0.110377
77,V1-RSC,intermediate,RSC,102,0.2518
77,V1-RSC,intermediate,RSC,103,0.263118
77,V1-RSC,intermediate,RSC,104,0.027014
77,V1-RSC,intermediate,RSC,105,0.643394
77,V1-RSC,intermediate,RSC,106,0.119004
77,V1-RSC,intermediate,RSC,107,0.138958
77,V1-RSC,intermediate,RSC,108,0.044031
77,V1-RSC,intermediate,RSC,109,0.284498
77,V1-RSC,intermediate,RSC,110,0.646235
77,V1-RSC,intermediate,RSC,111,0.07219
77,V1-RSC,intermediate,RSC,112,0.064663
77,V1-RSC,intermediate,RSC,113,0.022415
77,V1-RSC,intermediate,RSC,114,0.441422
77,V1-RSC,intermediate,RSC,115,0.041199
77,V1-RSC,intermediate,RSC,116,0.039213
77,V1-RSC,intermediate,RSC,117,0.081355
77,V1-RSC,intermediate,RSC,118,0.133747
77,V1-RSC,intermediate,RSC,119,0.040593
77,V1-RSC,intermediate,RSC,120,0.195103
77,V1-RSC,intermediate,RSC,121,0.052256
77,V1-RSC,intermediate,RSC,122,0.13128
77,V1-RSC,intermediate,RSC,123,0.137751
77,V1-RSC,intermediate,RSC,124,0.018767
77,V1-RSC,intermediate,RSC,125,0.072473
77,V1-RSC,intermediate,RSC,126,0.139803
77,V1-RSC,intermediate,RSC,127,0.018513
77,V1-RSC,intermediate,RSC,128,0.105833
77,V1-RSC,intermediate,RSC,129,0.079229
77,V1-RSC,intermediate,RSC,130,0.030754
77,V1-RSC,intermediate,RSC,131,0.125029
77,V1-RSC,intermediate,RSC,132,0.58119
77,V1-RSC,intermediate,RSC,133,0.110586
77,V1-RSC,intermediate,RSC,134,0.069338
77,V1-RSC,intermediate,RSC,135,0.123754
77,V1-RSC,intermediate,RSC,136,0.071261
77,V1-RSC,intermediate,RSC,137,0.195383
77,V1-RSC,intermediate,RSC,138,0.088005
77,V1-RSC,intermediate,RSC,139,0.069387
77,V1-RSC,intermediate,RSC,140,0.062831
77,V1-RSC,intermediate,RSC,141,0.016999
77,V1-RSC,intermediate,RSC,142,0.112186
77,V1-RSC,intermediate,RSC,143,0.030158
77,V1-RSC,intermediate,RSC,144,0.671926
77,V1-RSC,intermediate,RSC,145,0.269784
77,V1-RSC,intermediate,RSC,146,0.177766
77,V1-RSC,intermediate,RSC,147,0.216749
77,V1-RSC,intermediate,RSC,148,0.475712
77,V1-RSC,intermediate,RSC,149,0.109792
77,V1-RSC,intermediate,RSC,150,0.126211
77,V1-RSC,intermediate,RSC,151,0.496561
77,V1-RSC,intermediate,RSC,152,0.357622
77,V1-RSC,intermediate,RSC,153,0.012924
77,V1-RSC,intermediate,RSC,154,0.004891
77,V1-RSC,intermediate,RSC,155,0.192609
77,V1-RSC,intermediate,RSC,156,0.028109
77,V1-RSC,intermediate,RSC,157,0.034945
77,V1-RSC,intermediate,RSC,158,0.078366
77,V1-RSC,intermediate,RSC,159,0.027462
77,V1-RSC,intermediate,RSC,160,0.146243
77,V1-RSC,intermediate,RSC,161,0.517421
77,V1-RSC,intermediate,RSC,162,0.180801
77,V1-RSC,intermediate,RSC,163,0.152165
77,V1-RSC,intermediate,RSC,164,0.082474
77,V1-RSC,intermediate,RSC,165,0.05981
77,V1-RSC,intermediate,RSC,166,0.056279
77,V1-RSC,intermediate,RSC,167,0.119826
77,V1-RSC,intermediate,RSC,168,0.056757
77,V1-RSC,intermediate,RSC,169,0.047382
77,V1-RSC,intermediate,RSC,170,0.283503
77,V1-RSC,intermediate,RSC,171,0.029264
77,V1-RSC,intermediate,RSC,172,0.15413
77,V1-RSC,intermediate,RSC,173,0.451522
77,V1-RSC,intermediate,RSC,174,0.139001
77,V1-RSC,intermediate,RSC,175,0.096428
77,V1-RSC,intermediate,RSC,176,0.11026
77,V1-RSC,intermediate,RSC,177,0.081718
77,V1-RSC,intermediate,RSC,178,0.076037
77,V1-RSC,intermediate,RSC,179,0.083788
77,V1-RSC,intermediate,RSC,180,0.066314
77,V1-RSC,intermediate,RSC,181,0.090686
77,V1-RSC,intermediate,RSC,182,0.070671
77,V1-RSC,intermediate,RSC,183,0.183365
77,V1-RSC,intermediate,RSC,184,0.129127
77,V1-RSC,intermediate,RSC,185,0.057826
77,V1-RSC,intermediate,RSC,186,0.098473
77,V1-RSC,intermediate,RSC,187,0.268467
77,V1-RSC,intermediate,RSC,188,0.033126
77,V1-RSC,intermediate,RSC,189,0.215713
77,V1-RSC,intermediate,RSC,190,0.115705
77,V1-RSC,intermediate,RSC,191,0.040602
77,V1-RSC,intermediate,RSC,192,0.3413
77,V1-RSC,intermediate,RSC,193,0.109549
77,V1-RSC,intermediate,RSC,194,0.010281
77,V1-RSC,intermediate,RSC,195,0.532266
77,V1-RSC,intermediate,RSC,196,0.039429
77,V1-RSC,intermediate,RSC,197,0.047921
77,V1-RSC,intermediate,RSC,198,0.399802
77,V1-RSC,intermediate,RSC,199,0.052031
77,V1-RSC,intermediate,RSC,200,0.192322
77,V1-RSC,intermediate,RSC,201,0.010909
77,V1-RSC,intermediate,RSC,202,0.008253
77,V1-RSC,expert,V1,0,0.996251
77,V1-RSC,expert,V1,1,1.029745
77,V1-RSC,expert,V1,2,0.99487
77,V1-RSC,expert,V1,3,1.386979
77,V1-RSC,expert,V1,4,0.976783
77,V1-RSC,expert,V1,5,1.024027
77,V1-RSC,expert,V1,6,1.000543
77,V1-RSC,expert,V1,7,0.99326
77,V1-RSC,expert,V1,8,1.003333
77,V1-RSC,expert,V1,9,0.920921
77,V1-RSC,expert,V1,10,0.988349
77,V1-RSC,expert,V1,11,1.209168
77,V1-RSC,expert,RSC,0,0.05735
77,V1-RSC,expert,RSC,1,0.143322
77,V1-RSC,expert,RSC,2,0.13964
77,V1-RSC,expert,RSC,3,0.06396
77,V1-RSC,expert,RSC,4,0.034024
77,V1-RSC,expert,RSC,5,0.086045
77,V1-RSC,expert,RSC,6,0.11781
77,V1-RSC,expert,RSC,7,0.389412
77,V1-RSC,expert,RSC,8,0.142263
77,V1-RSC,expert,RSC,9,0.122054
77,V1-RSC,expert,RSC,10,0.028583
77,V1-RSC,expert,RSC,11,0.071698
77,V1-RSC,expert,RSC,12,0.106603
77,V1-RSC,expert,RSC,13,0.039259
77,V1-RSC,expert,RSC,14,0.108193
77,V1-RSC,expert,RSC,15,0.049844
77,V1-RSC,expert,RSC,16,0.181474
77,V1-RSC,expert,RSC,17,0.108552
77,V1-RSC,expert,RSC,18,0.200026
77,V1-RSC,expert,RSC,19,0.064498
77,V1-RSC,expert,RSC,20,0.060307
77,V1-RSC,expert,RSC,21,0.034471
77,V1-RSC,expert,RSC,22,0.225934
77,V1-RSC,expert,RSC,23,0.088626
77,V1-RSC,expert,RSC,24,0.441717
77,V1-RSC,expert,RSC,25,0.399855
77,V1-RSC,expert,RSC,26,0.105727
77,V1-RSC,expert,RSC,27,0.116979
77,V1-RSC,expert,RSC,28,0.206221
77,V1-RSC,expert,RSC,29,0.113113
77,V1-RSC,expert,RSC,30,0.209608
77,V1-RSC,expert,RSC,31,0.198237
77,V1-RSC,expert,RSC,32,0.430449
77,V1-RSC,expert,RSC,33,0.125716
77,V1-RSC,expert,RSC,34,0.061211
77,V1-RSC,expert,RSC,35,0.007951
77,V1-RSC,expert,RSC,36,0.034478
77,V1-RSC,expert,RSC,37,0.053751
77,V1-RSC,expert,RSC,38,0.098454
77,V1-RSC,expert,RSC,39,0.097593
77,V1-RSC,expert,RSC,40,0.121956
77,V1-RSC,expert,RSC,41,0.16323
77,V1-RSC,expert,RSC,42,0.085727
77,V1-RSC,expert,RSC,43,0.095233
77,V1-RSC,expert,RSC,44,0.142074
77,V1-RSC,expert,RSC,45,0.084879
77,V1-RSC,expert,RSC,46,0.138921
77,V1-RSC,expert,RSC,47,0.470326
77,V1-RSC,expert,RSC,48,0.219667
77,V1-RSC,expert,RSC,49,0.174524
77,V1-RSC,expert,RSC,50,0.082446
77,V1-RSC,expert,RSC,51,0.066467
77,V1-RSC,expert,RSC,52,0.01287
77,V1-RSC,expert,RSC,53,0.164713
77,V1-RSC,expert,RSC,54,0.129821
77,V1-RSC,expert,RSC,55,0.156186
77,V1-RSC,expert,RSC,56,0.069132
77,V1-RSC,expert,RSC,57,0.080213
77,V1-RSC,expert,RSC,58,0.414636
77,V1-RSC,expert,RSC,59,0.132596
77,V1-RSC,expert,RSC,60,0.164114
77,V1-RSC,expert,RSC,61,0.155241
77,V1-RSC,expert,RSC,62,0.173126
77,V1-RSC,expert,RSC,63,0.145857
77,V1-RSC,expert,RSC,64,0.05778
77,V1-RSC,expert,RSC,65,0.085545
77,V1-RSC,expert,RSC,66,0.661472
77,V1-RSC,expert,RSC,67,0.188319
77,V1-RSC,expert,RSC,68,0.164194
77,V1-RSC,expert,RSC,69,0.19868
77,V1-RSC,expert,RSC,70,0.219044
77,V1-RSC,expert,RSC,71,0.06895
77,V1-RSC,expert,RSC,72,0.030935
77,V1-RSC,expert,RSC,73,0.162126
77,V1-RSC,expert,RSC,74,0.143925
77,V1-RSC,expert,RSC,75,0.149783
77,V1-RSC,expert,RSC,76,0.172307
77,V1-RSC,expert,RSC,77,0.01993
77,V1-RSC,expert,RSC,78,0.206906
77,V1-RSC,expert,RSC,79,0.313458
77,V1-RSC,expert,RSC,80,0.169136
77,V1-RSC,expert,RSC,81,0.159684
77,V1-RSC,expert,RSC,82,0.269482
77,V1-RSC,expert,RSC,83,0.048538
77,V1-RSC,expert,RSC,84,0.120943
77,V1-RSC,expert,RSC,85,0.052526
77,V1-RSC,expert,RSC,86,0.3063
77,V1-RSC,expert,RSC,87,0.017762
77,V1-RSC,expert,RSC,88,0.094443
77,V1-RSC,expert,RSC,89,0.558588
77,V1-RSC,expert,RSC,90,0.157594
77,V1-RSC,expert,RSC,91,0.019073
77,V1-RSC,expert,RSC,92,0.011042
77,V1-RSC,expert,RSC,93,0.131934
77,V1-RSC,expert,RSC,94,0.103678
77,V1-RSC,expert,RSC,95,0.030423
77,V1-RSC,expert,RSC,96,0.040878
77,V1-RSC,expert,RSC,97,0.013838
77,V1-RSC,expert,RSC,98,0.00538
77,V1-RSC,expert,RSC,99,0.122851
77,V1-RSC,expert,RSC,100,0.150519
77,V1-RSC,expert,RSC,101,0.147365
77,V1-RSC,expert,RSC,102,0.24122
77,V1-RSC,expert,RSC,103,0.311184
77,V1-RSC,expert,RSC,104,0.044333
77,V1-RSC,expert,RSC,105,0.242321
77,V1-RSC,expert,RSC,106,0.150396
77,V1-RSC,expert,RSC,107,0.131803
77,V1-RSC,expert,RSC,108,0.103341
77,V1-RSC,expert,RSC,109,0.118405
77,V1-RSC,expert,RSC,110,0.405948
77,V1-RSC,expert,RSC,111,0.140367
77,V1-RSC,expert,RSC,112,0.111444
77,V1-RSC,expert,RSC,113,0.068188
77,V1-RSC,expert,RSC,114,0.048602
77,V1-RSC,expert,RSC,115,0.097715
77,V1-RSC,expert,RSC,116,0.035215
77,V1-RSC,expert,RSC,117,0.06523
77,V1-RSC,expert,RSC,118,0.145507
77,V1-RSC,expert,RSC,119,0.131997
77,V1-RSC,expert,RSC,120,0.129412
77,V1-RSC,expert,RSC,121,0.165289
77,V1-RSC,expert,RSC,122,0.132139
77,V1-RSC,expert,RSC,123,0.36427
77,V1-RSC,expert,RSC,124,0.038111
77,V1-RSC,expert,RSC,125,0.106482
77,V1-RSC,expert,RSC,126,0.315669
77,V1-RSC,expert,RSC,127,0.045753
77,V1-RSC,expert,RSC,128,0.215136
77,V1-RSC,expert,RSC,129,0.03512
77,V1-RSC,expert,RSC,130,0.050012
77,V1-RSC,expert,RSC,131,0.100514
77,V1-RSC,expert,RSC,132,0.05802
77,V1-RSC,expert,RSC,133,0.153064
77,V1-RSC,expert,RSC,134,0.173026
77,V1-RSC,expert,RSC,135,0.109157
77,V1-RSC,expert,RSC,136,0.082971
77,V1-RSC,expert,RSC,137,0.151498
77,V1-RSC,expert,RSC,138,0.068117
77,V1-RSC,expert,RSC,139,0.057464
77,V1-RSC,expert,RSC,140,0.088046
77,V1-RSC,expert,RSC,141,0.025289
77,V1-RSC,expert,RSC,142,0.136379
77,V1-RSC,expert,RSC,143,0.015584
77,V1-RSC,expert,RSC,144,0.446075
77,V1-RSC,expert,RSC,145,0.183748
77,V1-RSC,expert,RSC,146,0.082596
77,V1-RSC,expert,RSC,147,0.159167
77,V1-RSC,expert,RSC,148,0.493067
77,V1-RSC,expert,RSC,149,0.126156
77,V1-RSC,expert,RSC,150,0.189574
77,V1-RSC,expert,RSC,151,0.214194
77,V1-RSC,expert,RSC,152,0.369524
77,V1-RSC,expert,RSC,153,0.088841
77,V1-RSC,expert,RSC,154,0.009484
77,V1-RSC,expert,RSC,155,0.216701
77,V1-RSC,expert,RSC,156,0.049785
77,V1-RSC,expert,RSC,157,0.055233
77,V1-RSC,expert,RSC,158,0.093158
77,V1-RSC,expert,RSC,159,0.02136
77,V1-RSC,expert,RSC,160,0.13829
77,V1-RSC,expert,RSC,161,0.286632
77,V1-RSC,expert,RSC,162,0.610334
77,V1-RSC,expert,RSC,163,0.120295
77,V1-RSC,expert,RSC,164,0.073889
77,V1-RSC,expert,RSC,165,0.06572
77,V1-RSC,expert,RSC,166,0.091227
77,V1-RSC,expert,RSC,167,0.156065
77,V1-RSC,expert,RSC,168,0.036887
77,V1-RSC,expert,RSC,169,0.094573
77,V1-RSC,expert,RSC,170,0.074467
77,V1-RSC,expert,RSC,171,0.037709
77,V1-RSC,expert,RSC,172,0.180483
77,V1-RSC,expert,RSC,173,0.299485
77,V1-RSC,expert,RSC,174,0.146889
77,V1-RSC,expert,RSC,175,0.10285
77,V1-RSC,expert,RSC,176,0.116012
77,V1-RSC,expert,RSC,177,0.064071
77,V1-RSC,expert,RSC,178,0.10424
77,V1-RSC,expert,RSC,179,0.099313
77,V1-RSC,expert,RSC,180,0.113416
77,V1-RSC,expert,RSC,181,0.10937
77,V1-RSC,expert,RSC,182,0.11079
77,V1-RSC,expert,RSC,183,0.166861
77,V1-RSC,expert,RSC,184,0.179115
77,V1-RSC,expert,RSC,185,0.073674
77,V1-RSC,expert,RSC,186,0.146106
77,V1-RSC,expert,RSC,187,0.441315
77,V1-RSC,expert,RSC,188,0.109795
77,V1-RSC,expert,RSC,189,0.236424
77,V1-RSC,expert,RSC,190,0.187633
77,V1-RSC,expert,RSC,191,0.10633
77,V1-RSC,expert,RSC,192,0.266042
77,V1-RSC,expert,RSC,193,0.281621
77,V1-RSC,expert,RSC,194,0.023195
77,V1-RSC,expert,RSC,195,0.298629
77,V1-RSC,expert,RSC,196,0.02452
77,V1-RSC,expert,RSC,197,0.108758
77,V1-RSC,expert,RSC,198,0.471659
77,V1-RSC,expert,RSC,199,0.051016
77,V1-RSC,expert,RSC,200,0.025161
77,V1-RSC,expert,RSC,201,0.013618
77,V1-RSC,expert,RSC,202,0.00012
