animal,pair,dim,epoch,label,label_loo,ifi_fit,cc_heldout,peak_r,ifi,peak_lag_ms
28,CA1-CA3,1,expert,FF,FF,0.28005,0.21764,0.18549,0.47130549775383596,0.0
28,CA1-CA3,1,intermediate,FF,FF,0.28005,0.21764,0.24066,0.32224564691184504,0.0
28,CA1-CA3,1,naive,FF,FF,0.28005,0.21764,0.21393,0.13351731643798345,0.0
28,CA1-CA3,2,expert,FB,FB,-0.47325,0.1839,0.17832,-0.7105972226334646,0.0
28,CA1-CA3,2,intermediate,FB,FB,-0.47325,0.1839,0.18338,-0.5593764098451051,0.0
28,CA1-CA3,2,naive,FB,FB,-0.47325,0.1839,0.19329,-0.11797237748794845,0.0
28,CA1-CA3,3,expert,FB,FB,-0.02883,0.0901,0.09887,-0.10039582583663184,0.0
28,CA1-CA3,3,intermediate,FB,FB,-0.02883,0.0901,0.10685,-0.10237293267229294,-10.0
28,CA1-CA3,3,naive,FB,FB,-0.02883,0.0901,0.01717,1.0,40.0
28,CA1-CA3,4,expert,FB,FB,-0.08342,0.08035,0.05749,-0.26767324383913377,-10.0
28,CA1-CA3,4,intermediate,FB,FB,-0.08342,0.08035,0.0645,-0.2733649949893251,-30.0
28,CA1-CA3,4,naive,FB,FB,-0.08342,0.08035,0.02455,0.47384382107657314,140.0
28,CA1-CA3,5,expert,FF,FF,0.11112,0.05,0.03957,-0.19465757317419738,0.0
28,CA1-CA3,5,intermediate,FF,FF,0.11112,0.05,0.01706,-0.6851490665923655,0.0
28,CA1-CA3,5,naive,FF,FF,0.11112,0.05,0.01989,0.36207253886010365,110.0
28,CA1-CA3,6,expert,FF,FF,0.1896,0.04238,0.04625,-0.05086722947045288,0.0
28,CA1-CA3,6,intermediate,FF,FF,0.1896,0.04238,0.03082,0.5694485753375766,20.0
28,CA1-CA3,6,naive,FF,FF,0.1896,0.04238,0.01682,-0.7670537010159652,0.0
28,CA1-CA3,7,expert,FF,FF,0.1124,0.03896,0.03733,-0.28022651396695253,120.0
28,CA1-CA3,7,intermediate,FF,FF,0.1124,0.03896,0.05154,-0.2337206581923107,-10.0
28,CA1-CA3,7,naive,FF,FF,0.1124,0.03896,0.00981,0.23410404624277456,190.0
28,CA1-CA3,8,expert,FB,FB,-0.24226,0.03016,0.02674,0.30007905138339913,-250.0
28,CA1-CA3,8,intermediate,FB,FB,-0.24226,0.03016,0.01369,0.20526315789473684,10.0
28,CA1-CA3,8,naive,FB,FB,-0.24226,0.03016,0.0384,-0.6573522017096473,-10.0
28,CA1-CA3,9,expert,FB,FB,-0.14841,0.02379,0.00314,-1.0,0.0
28,CA1-CA3,9,intermediate,FB,FB,-0.14841,0.02379,0.01152,-0.0026385224274406973,-30.0
28,CA1-CA3,9,naive,FB,FB,-0.14841,0.02379,0.01294,0.14218267659342654,-30.0
28,CA1-CA3,10,expert,FF,FF,0.29497,0.02085,0.01752,0.347767253044655,-120.0
28,CA1-CA3,10,intermediate,FF,FF,0.29497,0.02085,0.01752,0.06106106106106109,150.0
28,CA1-CA3,10,naive,FF,FF,0.29497,0.02085,0.01487,-0.27191457660789675,-10.0
28,CA1-DG,1,expert,FB,FB,-0.46629,0.23469,0.20433,-0.308165370576099,0.0
28,CA1-DG,1,intermediate,FB,FB,-0.46629,0.23469,0.21886,-0.47658659017569016,0.0
28,CA1-DG,1,naive,FB,FB,-0.46629,0.23469,0.29702,-0.23401287130015927,0.0
28,CA1-DG,2,expert,FB,FB,-0.02556,0.1591,0.16753,0.13840495547812626,0.0
28,CA1-DG,2,intermediate,FB,FB,-0.02556,0.1591,0.15798,0.051401031605361164,0.0
28,CA1-DG,2,naive,FB,FB,-0.02556,0.1591,0.17827,-0.2337722384159212,0.0
28,CA1-DG,3,expert,FB,FB,-0.07291,0.10158,0.10921,0.01920427842152179,0.0
28,CA1-DG,3,intermediate,FB,FB,-0.07291,0.10158,0.11373,-0.05663500287852628,0.0
28,CA1-DG,3,naive,FB,FB,-0.07291,0.10158,0.10658,-0.07238581456832889,0.0
28,CA1-DG,4,expert,FB,FB,-0.04356,0.06198,0.04061,0.03722174917893209,0.0
28,CA1-DG,4,intermediate,FB,FB,-0.04356,0.06198,0.02283,0.517948717948718,0.0
28,CA1-DG,4,naive,FB,FB,-0.04356,0.06198,0.0178,-0.8799832144355855,-50.0
28,CA1-DG,5,expert,FB,FB,-0.02131,0.04842,0.05196,-0.002309983023016426,10.0
28,CA1-DG,5,intermediate,FB,FB,-0.02131,0.04842,0.05451,-0.06120130355487797,0.0
28,CA1-DG,5,naive,FB,FF,-0.02131,0.04842,0.03567,-0.7386677177769019,-10.0
28,CA1-DG,6,expert,FF,FF,0.08845,0.04324,0.03774,0.18524056645263434,0.0
28,CA1-DG,6,intermediate,FF,FF,0.08845,0.04324,0.03938,0.16293929712460067,20.0
28,CA1-DG,6,naive,FF,FF,0.08845,0.04324,0.03721,-0.5155329405463309,0.0
28,CA1-DG,7,expert,FB,FB,-0.29454,0.03316,0.03279,-0.38369756342627487,0.0
28,CA1-DG,7,intermediate,FB,FB,-0.29454,0.03316,0.03317,0.12336664104534961,10.0
28,CA1-DG,7,naive,FB,FB,-0.29454,0.03316,0.03339,-0.09560879752097344,0.0
28,CA1-DG,8,expert,FB,FB,-0.11119,0.03027,0.01395,-0.3319534282018111,-250.0
28,CA1-DG,8,intermediate,FB,FB,-0.11119,0.03027,0.03093,0.06939094512365318,10.0
28,CA1-DG,8,naive,FB,FB,-0.11119,0.03027,0.03674,-0.20037718057520038,0.0
28,CA1-DG,9,expert,FF,FF,0.04866,0.0202,0.02087,0.10573906624838533,150.0
28,CA1-DG,9,intermediate,FF,FF,0.04866,0.0202,0.03631,-0.47137799746175935,0.0
28,CA1-DG,9,naive,FF,FB,0.04866,0.0202,0.03363,0.44178281068524977,0.0
28,CA1-DG,10,expert,FF,FF,0.07484,0.0186,0.00916,0.45601436265709155,20.0
28,CA1-DG,10,intermediate,FF,FF,0.07484,0.0186,0.02288,0.27158206743238233,0.0
28,CA1-DG,10,naive,FF,FF,0.07484,0.0186,0.01711,-0.6622748050551223,-10.0
28,CA1-V1,1,expert,FB,FB,-0.00965,0.16191,0.15607,-0.029103608847497155,170.0
28,CA1-V1,1,intermediate,FB,FB,-0.00965,0.16191,0.12934,0.022308025956574617,0.0
28,CA1-V1,1,naive,FB,FB,-0.00965,0.16191,0.19706,-0.0394346884902533,-40.0
28,CA1-V1,2,expert,FB,FB,-0.00751,0.1198,0.05216,-0.011410899008211616,0.0
28,CA1-V1,2,intermediate,FB,FB,-0.00751,0.1198,0.05334,-0.1560075959960088,0.0
28,CA1-V1,2,naive,FB,FB,-0.00751,0.1198,0.04052,-0.05609257526937604,-170.0
28,CA1-V1,3,expert,FF,FF,0.00534,0.08759,0.08978,0.017844770109683303,0.0
28,CA1-V1,3,intermediate,FF,FF,0.00534,0.08759,0.09728,0.009514076453269155,-130.0
28,CA1-V1,3,naive,FF,FF,0.00534,0.08759,0.09481,-0.007697440541442266,-150.0
28,CA1-V1,4,expert,FB,FB,-0.03827,0.05974,0.07306,-0.1189093663216361,-20.0
28,CA1-V1,4,intermediate,FB,FB,-0.03827,0.05974,0.06691,-0.11301214029595376,-10.0
28,CA1-V1,4,naive,FB,FB,-0.03827,0.05974,0.05747,-0.020858085808580878,-100.0
28,CA1-V1,5,expert,FB,FF,-0.00374,0.05425,0.07552,-0.047156484611843956,0.0
28,CA1-V1,5,intermediate,FB,FB,-0.00374,0.05425,0.07021,-0.0035620649127564557,0.0
28,CA1-V1,5,naive,FB,FB,-0.00374,0.05425,0.04193,-0.022378420594154548,50.0
28,CA1-V1,6,expert,FF,FF,0.00728,0.0515,0.09269,0.0011503856819365813,-60.0
28,CA1-V1,6,intermediate,FF,FF,0.00728,0.0515,0.07888,-0.016046362630322174,-170.0
28,CA1-V1,6,naive,FF,FF,0.00728,0.0515,0.0113,-0.23634914308489435,0.0
28,CA1-V1,7,expert,FB,FB,-0.00184,0.03747,0.05857,0.055536335700767325,30.0
28,CA1-V1,7,intermediate,FB,FB,-0.00184,0.03747,0.04305,0.10807575864254029,-220.0
28,CA1-V1,7,naive,FB,FB,-0.00184,0.03747,0.0344,-0.016565278427702394,-250.0
28,CA1-V1,8,expert,FB,FB,-0.05158,0.03371,0.02942,0.09580059322474896,-120.0
28,CA1-V1,8,intermediate,FB,FB,-0.05158,0.03371,0.03043,0.06618047240666158,160.0
28,CA1-V1,8,naive,FB,FB,-0.05158,0.03371,0.02378,-0.3303800832816514,-60.0
28,CA1-V1,9,expert,FB,FB,-0.02249,0.03085,0.03893,-0.017713122785859715,10.0
28,CA1-V1,9,intermediate,FB,FB,-0.02249,0.03085,0.03004,0.0071541748691603,-10.0
28,CA1-V1,9,naive,FB,FB,-0.02249,0.03085,0.03055,0.08264016420006472,160.0
28,CA1-V1,10,expert,FB,FB,-0.00324,0.02642,0.01701,0.1297044096268777,-140.0
28,CA1-V1,10,intermediate,FB,FF,-0.00324,0.02642,0.03009,-0.0687468432571973,80.0
28,CA1-V1,10,naive,FB,FB,-0.00324,0.02642,0.01994,0.1610882405584392,10.0
28,CA3-DG,1,expert,FF,FF,0.055,0.52526,0.51909,0.0468096606264045,0.0
28,CA3-DG,1,intermediate,FF,FF,0.055,0.52526,0.53907,0.020854545066180615,0.0
28,CA3-DG,1,naive,FF,FF,0.055,0.52526,0.51903,0.0485979392013124,0.0
28,CA3-DG,2,expert,FB,FB,-0.42103,0.18512,0.19395,-0.25004504053648285,0.0
28,CA3-DG,2,intermediate,FB,FB,-0.42103,0.18512,0.19216,-0.26431297709923673,0.0
28,CA3-DG,2,naive,FB,FB,-0.42103,0.18512,0.13618,-0.5872256852531809,0.0
28,CA3-DG,3,expert,FF,FF,0.16824,0.09513,0.07812,0.48429192846785873,0.0
28,CA3-DG,3,intermediate,FF,FF,0.16824,0.09513,0.07042,0.12523883967344102,0.0
28,CA3-DG,3,naive,FF,FF,0.16824,0.09513,0.07611,-0.2787157486853031,0.0
28,CA3-DG,4,expert,FB,FB,-0.01478,0.05609,0.08146,0.15319358546330264,0.0
28,CA3-DG,4,intermediate,FB,FB,-0.01478,0.05609,0.04032,-0.37993645029505213,0.0
28,CA3-DG,4,naive,FB,FB,-0.01478,0.05609,0.03422,-0.30234973386992076,0.0
28,CA3-DG,5,expert,FB,FB,-0.36402,0.03242,0.03801,-0.32884580865194757,0.0
28,CA3-DG,5,intermediate,FB,FB,-0.36402,0.03242,0.01577,0.0,-70.0
28,CA3-DG,5,naive,FB,FB,-0.36402,0.03242,0.02184,0.09155015197568392,0.0
28,CA3-DG,6,expert,FB,FB,-0.05848,0.02478,0.03632,0.05907942744877911,0.0
28,CA3-DG,6,intermediate,FB,FB,-0.05848,0.02478,0.02397,0.4318381706244503,30.0
28,CA3-DG,6,naive,FB,FB,-0.05848,0.02478,0.02442,-0.3889500330178297,-160.0
28,CA3-DG,7,expert,FB,FB,-0.62368,0.01679,0.00655,1.0,-160.0
28,CA3-DG,7,intermediate,FB,FB,-0.62368,0.01679,0.01505,-0.6497948016415869,-190.0
28,CA3-DG,7,naive,FB,FB,-0.62368,0.01679,0.02202,-0.5596219585763121,-10.0
28,CA3-DG,8,expert,FB,FB,-0.11742,0.01432,0.01635,-0.7654320987654322,-10.0
28,CA3-DG,8,intermediate,FB,FB,-0.11742,0.01432,0.01535,-0.6474841819825249,140.0
28,CA3-DG,8,naive,FB,FB,-0.11742,0.01432,0.0218,-0.051386071670047405,80.0
28,CA3-DG,9,expert,FF,FF,0.33057,0.01344,0.04333,0.11855324849296717,-140.0
28,CA3-DG,9,intermediate,FF,FF,0.33057,0.01344,0.02481,0.2343348830754285,30.0
28,CA3-DG,9,naive,FF,FF,0.33057,0.01344,0.01658,0.6018808777429467,150.0
28,CA3-DG,10,expert,FB,FF,-0.01777,0.00755,0.02658,-0.40224246671338476,-120.0
28,CA3-DG,10,intermediate,FB,FB,-0.01777,0.00755,0.02248,0.249736564805058,-200.0
28,CA3-DG,10,naive,FB,FF,-0.01777,0.00755,0.00317,0.0,-210.0
34,CA1-CA3,1,expert,FB,FB,-0.20897,0.46138,0.46984,-0.1908756236022708,0.0
34,CA1-CA3,1,intermediate,FB,FB,-0.20897,0.46138,0.46386,-0.2564813792297049,0.0
34,CA1-CA3,1,naive,FB,FB,-0.20897,0.46138,0.47234,-0.10446398999006364,0.0
34,CA1-CA3,2,expert,FB,FB,-0.00352,0.33032,0.35154,0.03349826297505,0.0
34,CA1-CA3,2,intermediate,FB,FB,-0.00352,0.33032,0.33265,0.03908052525137432,0.0
34,CA1-CA3,2,naive,FB,FF,-0.00352,0.33032,0.26952,-0.05500894991650758,0.0
34,CA1-CA3,3,expert,FF,FF,0.19906,0.09394,0.08327,0.40687985186240294,0.0
34,CA1-CA3,3,intermediate,FF,FF,0.19906,0.09394,0.08596,0.345840854614861,0.0
34,CA1-CA3,3,naive,FF,FF,0.19906,0.09394,0.10205,0.042765199777843155,0.0
34,CA1-CA3,4,expert,FF,FF,0.17185,0.06658,0.0672,0.27620721031658885,0.0
34,CA1-CA3,4,intermediate,FF,FF,0.17185,0.06658,0.051,0.12652800000000003,0.0
34,CA1-CA3,4,naive,FF,FF,0.17185,0.06658,0.03665,0.10450992182802175,0.0
34,CA1-CA3,5,expert,FB,FB,-0.07081,0.05863,0.06698,0.008562621303801785,0.0
34,CA1-CA3,5,intermediate,FB,FB,-0.07081,0.05863,0.05722,-0.2503685503685504,0.0
34,CA1-CA3,5,naive,FB,FB,-0.07081,0.05863,0.04167,0.2946358653093187,0.0
34,CA1-CA3,6,expert,FB,FB,-0.19921,0.04568,0.03982,-0.5713952221616996,0.0
34,CA1-CA3,6,intermediate,FB,FB,-0.19921,0.04568,0.05116,-0.0785539548790433,0.0
34,CA1-CA3,6,naive,FB,FB,-0.19921,0.04568,0.02697,-0.15093603744149764,-70.0
34,CA1-CA3,7,expert,FB,FB,-0.21751,0.03304,0.04638,0.03320312499999996,0.0
34,CA1-CA3,7,intermediate,FB,FB,-0.21751,0.03304,0.03398,-0.1151045986545019,0.0
34,CA1-CA3,7,naive,FB,FB,-0.21751,0.03304,0.02379,0.25925925925925913,140.0
34,CA1-CA3,8,expert,FB,FB,-0.29042,0.03,0.03606,-0.26460383771153434,0.0
34,CA1-CA3,8,intermediate,FB,FB,-0.29042,0.03,0.03993,-0.07311418398608928,20.0
34,CA1-CA3,8,naive,FB,FB,-0.29042,0.03,0.02425,0.3253606681852695,0.0
34,CA1-CA3,9,expert,FF,FF,0.22032,0.0262,0.03662,0.21151020408163276,20.0
34,CA1-CA3,9,intermediate,FF,FF,0.22032,0.0262,0.03606,0.3191930835734871,10.0
34,CA1-CA3,9,naive,FF,FF,0.22032,0.0262,0.01387,-1.0,-140.0
34,CA1-CA3,10,expert,FF,FF,0.19746,0.01937,0.03149,0.3911582907820478,20.0
34,CA1-CA3,10,intermediate,FF,FF,0.19746,0.01937,0.02999,0.2232371209353307,170.0
34,CA1-CA3,10,naive,FF,FF,0.19746,0.01937,0.01447,-1.0,-180.0
34,CA1-V1,1,expert,FB,FB,-0.0054,0.19195,0.3067,-0.0016326337458297234,-170.0
34,CA1-V1,1,intermediate,FB,FB,-0.0054,0.19195,0.24173,0.003382391692189362,-60.0
34,CA1-V1,1,naive,FB,FB,-0.0054,0.19195,0.05462,0.022997369137258406,0.0
34,CA1-V1,2,expert,FF,FF,0.0247,0.11794,0.12791,-0.009658316693376323,-10.0
34,CA1-V1,2,intermediate,FF,FF,0.0247,0.11794,0.12078,0.04352314413700288,170.0
34,CA1-V1,2,naive,FF,FF,0.0247,0.11794,0.06416,-0.003345076687662373,-140.0
34,CA1-V1,3,expert,FF,FF,0.01156,0.09616,0.09357,0.00045941616896584564,0.0
34,CA1-V1,3,intermediate,FF,FF,0.01156,0.09616,0.06828,0.009764575762363621,30.0
34,CA1-V1,3,naive,FF,FF,0.01156,0.09616,0.0401,0.04068851858633941,200.0
34,CA1-V1,4,expert,FB,FB,-0.01297,0.08536,0.12659,-0.014135751962815316,-90.0
34,CA1-V1,4,intermediate,FB,FB,-0.01297,0.08536,0.10461,0.0027241817213550794,-30.0
34,CA1-V1,4,naive,FB,FB,-0.01297,0.08536,0.07564,-0.014489537095751398,250.0
34,CA1-V1,5,expert,FF,FF,0.01786,0.0721,0.08521,0.027675118177911417,120.0
34,CA1-V1,5,intermediate,FF,FF,0.01786,0.0721,0.08201,0.014047468906390541,50.0
34,CA1-V1,5,naive,FF,FF,0.01786,0.0721,0.09045,-0.01307594834326394,-210.0
34,CA1-V1,6,expert,FB,FB,-0.0118,0.05934,0.04043,-0.1809023789991797,-90.0
34,CA1-V1,6,intermediate,FB,FB,-0.0118,0.05934,0.03891,0.12451706660050328,30.0
34,CA1-V1,6,naive,FB,FB,-0.0118,0.05934,0.08085,0.01335617881269058,-190.0
34,CA1-V1,7,expert,FB,FB,-0.01722,0.05394,0.06853,0.01945963624470815,-210.0
34,CA1-V1,7,intermediate,FB,FF,-0.01722,0.05394,0.07232,-0.1444090332750763,-10.0
34,CA1-V1,7,naive,FB,FB,-0.01722,0.05394,0.06666,-0.06239673779308886,-120.0
34,CA1-V1,8,expert,FF,FF,0.01462,0.04924,0.03616,-0.0405702208777092,-20.0
34,CA1-V1,8,intermediate,FF,FF,0.01462,0.04924,0.04884,-0.15390106548925267,-40.0
34,CA1-V1,8,naive,FF,FF,0.01462,0.04924,0.06643,0.008351573623477857,-160.0
34,CA1-V1,9,expert,FB,FB,-0.0151,0.0371,0.05764,-0.05885725205427095,-70.0
34,CA1-V1,9,intermediate,FB,FF,-0.0151,0.0371,0.04816,-0.13401457953657903,0.0
34,CA1-V1,9,naive,FB,FB,-0.0151,0.0371,0.05137,0.03392099342086509,-90.0
34,CA1-V1,10,expert,FB,FF,-0.01021,0.03013,0.05216,-0.0719265431049141,120.0
34,CA1-V1,10,intermediate,FB,FB,-0.01021,0.03013,0.03963,-0.0030989067745545705,0.0
34,CA1-V1,10,naive,FB,FB,-0.01021,0.03013,0.01637,0.36614234542906093,-200.0
36,CA1-CA3,1,expert,FF,FF,0.42023,0.31011,0.31156,0.34126544744818016,0.0
36,CA1-CA3,1,intermediate,FF,FF,0.42023,0.31011,0.28965,0.4496042774577591,0.0
36,CA1-CA3,1,naive,FF,FF,0.42023,0.31011,0.30304,0.5544753632698168,0.0
36,CA1-CA3,2,expert,FF,FF,0.15355,0.22486,0.22333,0.271687810485692,0.0
36,CA1-CA3,2,intermediate,FF,FF,0.15355,0.22486,0.21582,0.18818373348054832,0.0
36,CA1-CA3,2,naive,FF,FF,0.15355,0.22486,0.17235,0.21505817422434367,0.0
36,CA1-CA3,3,expert,FB,FB,-0.42423,0.09688,0.08544,-0.8246647826348386,-20.0
36,CA1-CA3,3,intermediate,FB,FB,-0.42423,0.09688,0.06764,-0.6836969232630347,-10.0
36,CA1-CA3,3,naive,FB,FB,-0.42423,0.09688,0.10286,-0.11894761404736895,0.0
36,CA1-CA3,4,expert,FB,FB,-0.1617,0.0684,0.05988,-0.1054583000891726,0.0
36,CA1-CA3,4,intermediate,FB,FB,-0.1617,0.0684,0.04861,-0.19786258002722185,0.0
36,CA1-CA3,4,naive,FB,FB,-0.1617,0.0684,0.02295,0.07398408043569327,10.0
36,CA1-CA3,5,expert,FB,FB,-0.03215,0.04889,0.06958,-0.14671797976303735,-10.0
36,CA1-CA3,5,intermediate,FB,FB,-0.03215,0.04889,0.03778,0.07341590378747088,20.0
36,CA1-CA3,5,naive,FB,FB,-0.03215,0.04889,0.02483,-0.12656762492764806,10.0
36,CA1-CA3,6,expert,FF,FB,0.0144,0.0344,0.02723,0.16885595598967107,0.0
36,CA1-CA3,6,intermediate,FF,FB,0.0144,0.0344,0.0186,0.6483757148071541,30.0
36,CA1-CA3,6,naive,FF,FF,0.0144,0.0344,0.02237,0.11942193145200648,-10.0
36,CA1-CA3,7,expert,FB,FB,-0.16935,0.03244,0.03659,-0.16961309223153853,0.0
36,CA1-CA3,7,intermediate,FB,FB,-0.16935,0.03244,0.0298,-0.4785948477751756,0.0
36,CA1-CA3,7,naive,FB,FB,-0.16935,0.03244,0.01598,-0.514524472741743,-140.0
36,CA1-CA3,8,expert,FF,FF,0.0306,0.02252,0.02383,0.04666355576294906,0.0
36,CA1-CA3,8,intermediate,FF,FF,0.0306,0.02252,0.03159,0.054728311282527,-20.0
36,CA1-CA3,8,naive,FF,FF,0.0306,0.02252,0.0187,-0.12911153119092628,190.0
36,CA1-CA3,9,expert,FB,FB,-0.12759,0.01873,0.03274,0.0596936634494335,210.0
36,CA1-CA3,9,intermediate,FB,FB,-0.12759,0.01873,0.01687,-0.6845794392523364,-40.0
36,CA1-CA3,9,naive,FB,FB,-0.12759,0.01873,0.02092,0.6398568468638162,-150.0
36,CA1-CA3,10,expert,FF,FF,0.01836,0.01785,0.01937,-0.29087261785356067,0.0
36,CA1-CA3,10,intermediate,FF,FF,0.01836,0.01785,0.01322,-0.006934812760055463,70.0
36,CA1-CA3,10,naive,FF,FB,0.01836,0.01785,0.02014,0.48823062681830204,10.0
36,CA1-V1,1,expert,FF,FF,0.01305,0.0935,0.10152,0.05686578833743708,200.0
36,CA1-V1,1,intermediate,FF,FF,0.01305,0.0935,0.08112,-0.0005159617394525166,120.0
36,CA1-V1,1,naive,FF,FF,0.01305,0.0935,0.07751,0.015722278008893985,40.0
36,CA1-V1,2,expert,FF,FF,0.00091,0.07628,0.03503,-0.2228832044418004,-140.0
36,CA1-V1,2,intermediate,FF,FB,0.00091,0.07628,0.03232,0.03074400491904087,0.0
36,CA1-V1,2,naive,FF,FF,0.00091,0.07628,0.03451,-0.11320992318347826,-70.0
36,CA1-V1,3,expert,FF,FF,0.00751,0.06179,0.05641,0.056534155525790386,-120.0
36,CA1-V1,3,intermediate,FF,FF,0.00751,0.06179,0.04649,-0.017386762181926828,-110.0
36,CA1-V1,3,naive,FF,FF,0.00751,0.06179,0.06682,0.029750829608884973,-150.0
36,CA1-V1,4,expert,FF,FF,0.04379,0.04523,0.05708,0.06331124720439779,10.0
36,CA1-V1,4,intermediate,FF,FF,0.04379,0.04523,0.04851,0.02793666583768543,-100.0
36,CA1-V1,4,naive,FF,FF,0.04379,0.04523,0.06648,0.016284036305392362,40.0
36,CA1-V1,5,expert,FF,FF,0.01903,0.04199,0.04161,-0.05582409809007309,-40.0
36,CA1-V1,5,intermediate,FF,FF,0.01903,0.04199,0.05716,0.028471147851386647,190.0
36,CA1-V1,5,naive,FF,FF,0.01903,0.04199,0.02009,-0.10751964085297414,-200.0
36,CA1-V1,6,expert,FF,FF,0.02083,0.0364,0.03072,0.016623800263471634,200.0
36,CA1-V1,6,intermediate,FF,FF,0.02083,0.0364,0.02584,0.14927093930145813,90.0
36,CA1-V1,6,naive,FF,FF,0.02083,0.0364,0.03863,-0.03666127001259216,-180.0
36,CA1-V1,7,expert,FB,FB,-0.02054,0.03186,0.04791,0.0283533553710124,-130.0
36,CA1-V1,7,intermediate,FB,FB,-0.02054,0.03186,0.0414,-0.09182907322168896,0.0
36,CA1-V1,7,naive,FB,FB,-0.02054,0.03186,0.03161,0.09024331486388827,-140.0
36,CA1-V1,8,expert,FF,FF,0.10366,0.02982,0.03814,0.121219472747857,230.0
36,CA1-V1,8,intermediate,FF,FF,0.10366,0.02982,0.03621,0.3987110259536667,60.0
36,CA1-V1,8,naive,FF,FF,0.10366,0.02982,0.02587,-0.1111111111111111,0.0
36,CA1-V1,9,expert,FB,FB,-0.03379,0.02776,0.02907,0.18726316384819858,-120.0
36,CA1-V1,9,intermediate,FB,FB,-0.03379,0.02776,0.01919,-0.3320846187747907,-190.0
36,CA1-V1,9,naive,FB,FB,-0.03379,0.02776,0.01154,0.6155088852988692,-210.0
36,CA1-V1,10,expert,FB,FB,-0.08303,0.02412,0.02615,-0.3614086573734409,0.0
36,CA1-V1,10,intermediate,FB,FB,-0.08303,0.02412,0.01612,0.22223610243597744,-140.0
36,CA1-V1,10,naive,FB,FB,-0.08303,0.02412,0.02014,0.10025037556334494,90.0
41,CA1-CA3,1,expert,FF,FF,0.12132,0.47405,0.48029,0.14170484157677773,0.0
41,CA1-CA3,1,intermediate,FF,FF,0.12132,0.47405,0.49302,0.1508908720644193,0.0
41,CA1-CA3,1,naive,FF,FF,0.12132,0.47405,0.51421,0.1543548434001221,0.0
41,CA1-CA3,2,expert,FF,FF,0.14914,0.37508,0.40367,0.13879135537358162,0.0
41,CA1-CA3,2,intermediate,FF,FF,0.14914,0.37508,0.39704,0.16006871191289526,0.0
41,CA1-CA3,2,naive,FF,FF,0.14914,0.37508,0.30598,0.02155873902473323,0.0
41,CA1-CA3,3,expert,FF,FF,0.01619,0.2044,0.19005,-0.07247662998461703,0.0
41,CA1-CA3,3,intermediate,FF,FF,0.01619,0.2044,0.19655,0.07390391386033877,0.0
41,CA1-CA3,3,naive,FF,FF,0.01619,0.2044,0.12629,0.11792561792561797,0.0
41,CA1-CA3,4,expert,FB,FB,-0.1251,0.08426,0.07641,-0.3423341790503805,0.0
41,CA1-CA3,4,intermediate,FB,FB,-0.1251,0.08426,0.06797,-0.09145088368269635,0.0
41,CA1-CA3,4,naive,FB,FB,-0.1251,0.08426,0.07857,-0.061524541958832876,0.0
41,CA1-CA3,5,expert,FF,FF,0.22704,0.05134,0.03821,0.9244180567335784,0.0
41,CA1-CA3,5,intermediate,FF,FF,0.22704,0.05134,0.04344,0.3952749378281293,0.0
41,CA1-CA3,5,naive,FF,FF,0.22704,0.05134,0.02897,0.6847908745247148,0.0
41,CA1-CA3,6,expert,FF,FF,0.10593,0.04028,0.05018,0.26290252899538075,10.0
41,CA1-CA3,6,intermediate,FF,FF,0.10593,0.04028,0.04127,-0.27391796740361407,0.0
41,CA1-CA3,6,naive,FF,FF,0.10593,0.04028,0.03669,-0.29303004500669017,0.0
41,CA1-CA3,7,expert,FB,FB,-0.01272,0.03751,0.0347,0.1623442236443246,40.0
41,CA1-CA3,7,intermediate,FB,FB,-0.01272,0.03751,0.02654,0.18567375886524817,0.0
41,CA1-CA3,7,naive,FB,FB,-0.01272,0.03751,0.02882,0.3159437280187572,-130.0
41,CA1-CA3,8,expert,FF,FF,0.04088,0.035,0.04625,0.033089636533730676,-10.0
41,CA1-CA3,8,intermediate,FF,FF,0.04088,0.035,0.03794,-0.017448680351906182,-10.0
41,CA1-CA3,8,naive,FF,FF,0.04088,0.035,0.02179,0.08074897600936226,0.0
41,CA1-CA3,9,expert,FF,FF,0.00159,0.02209,0.02212,0.026239067055393604,-220.0
41,CA1-CA3,9,intermediate,FF,FB,0.00159,0.02209,0.03231,0.42785487376692866,0.0
41,CA1-CA3,9,naive,FF,FB,0.00159,0.02209,0.01521,1.0,-120.0
41,CA1-CA3,10,expert,FB,FB,-0.01615,0.02144,0.01708,0.2574939095434805,-130.0
41,CA1-CA3,10,intermediate,FB,FB,-0.01615,0.02144,0.02778,-0.05204564430837737,-10.0
41,CA1-CA3,10,naive,FB,FB,-0.01615,0.02144,0.02085,-0.4880268199233716,-140.0
41,CA1-V1,1,expert,FB,FB,-0.00237,0.14591,0.137,-0.006085033640198853,-230.0
41,CA1-V1,1,intermediate,FB,FB,-0.00237,0.14591,0.17038,0.006257269283500467,-240.0
41,CA1-V1,1,naive,FB,FB,-0.00237,0.14591,0.08375,-0.04720598583964047,0.0
41,CA1-V1,2,expert,FB,FB,-0.01067,0.11192,0.03482,-0.35452865064695,-40.0
41,CA1-V1,2,intermediate,FB,FB,-0.01067,0.11192,0.05238,0.040906326034063197,150.0
41,CA1-V1,2,naive,FB,FB,-0.01067,0.11192,0.04148,-0.0266133988936694,-30.0
41,CA1-V1,3,expert,FF,FF,0.03034,0.09899,0.08338,0.06953765078842276,170.0
41,CA1-V1,3,intermediate,FF,FF,0.03034,0.09899,0.08555,0.030735103310685297,70.0
41,CA1-V1,3,naive,FF,FF,0.03034,0.09899,0.06921,0.07340260454518664,-110.0
41,CA1-V1,4,expert,FF,FF,0.00436,0.09181,0.07876,-0.034918628535313675,-30.0
41,CA1-V1,4,intermediate,FF,FF,0.00436,0.09181,0.09985,0.03691681715317627,130.0
41,CA1-V1,4,naive,FF,FF,0.00436,0.09181,0.07148,-0.007637641546270932,160.0
41,CA1-V1,5,expert,FF,FF,0.00051,0.07959,0.0774,-0.005146688251195099,-110.0
41,CA1-V1,5,intermediate,FF,FB,0.00051,0.07959,0.05815,0.016282918258524508,10.0
41,CA1-V1,5,naive,FF,FF,0.00051,0.07959,0.06763,-0.018660245936881977,-70.0
41,CA1-V1,6,expert,FF,FF,0.00844,0.0752,0.06,0.014758002512798386,50.0
41,CA1-V1,6,intermediate,FF,FF,0.00844,0.0752,0.10037,0.027102220943061407,-130.0
41,CA1-V1,6,naive,FF,FF,0.00844,0.0752,0.0642,0.012246671670683098,-170.0
41,CA1-V1,7,expert,FF,FF,0.03178,0.05964,0.05627,0.057336979037202744,-130.0
41,CA1-V1,7,intermediate,FF,FF,0.03178,0.05964,0.0605,-0.010015723609106773,0.0
41,CA1-V1,7,naive,FF,FF,0.03178,0.05964,0.03641,0.16801355118749337,-120.0
41,CA1-V1,8,expert,FB,FB,-0.00356,0.04923,0.06227,0.06198381580045046,-110.0
41,CA1-V1,8,intermediate,FB,FB,-0.00356,0.04923,0.06448,-0.03073483705628961,-220.0
41,CA1-V1,8,naive,FB,FF,-0.00356,0.04923,0.03859,-0.1682892906815021,-30.0
41,CA1-V1,9,expert,FB,FB,-0.00789,0.03725,0.04311,0.019544169823801832,-10.0
41,CA1-V1,9,intermediate,FB,FB,-0.00789,0.03725,0.04864,-0.005081613797351319,-80.0
41,CA1-V1,9,naive,FB,FB,-0.00789,0.03725,0.03169,0.14711600777705763,-210.0
41,CA1-V1,10,expert,FF,FF,0.02606,0.03159,0.05071,-0.12165907741041379,-20.0
41,CA1-V1,10,intermediate,FF,FF,0.02606,0.03159,0.01535,0.0187412587412588,-90.0
41,CA1-V1,10,naive,FF,FF,0.02606,0.03159,0.03947,-0.1544505687815175,190.0
52,CA1-CA3,1,expert,FF,FF,0.3352,0.19519,0.16493,0.4857815257893704,0.0
52,CA1-CA3,1,intermediate,FF,FF,0.3352,0.19519,0.17394,0.44952051145444855,0.0
52,CA1-CA3,1,naive,FF,FF,0.3352,0.19519,0.18361,0.34325674004849294,0.0
52,CA1-CA3,2,expert,FF,FF,0.04551,0.15605,0.12071,-0.20799474187380504,0.0
52,CA1-CA3,2,intermediate,FF,FF,0.04551,0.15605,0.13137,0.0033929748334025006,0.0
52,CA1-CA3,2,naive,FF,FF,0.04551,0.15605,0.14805,-0.02296147595832133,0.0
52,CA1-CA3,3,expert,FB,FB,-0.13765,0.10462,0.11895,-0.06069254185692546,0.0
52,CA1-CA3,3,intermediate,FB,FB,-0.13765,0.10462,0.10748,-0.011270890011659486,0.0
52,CA1-CA3,3,naive,FB,FB,-0.13765,0.10462,0.0728,-0.2734929529631516,0.0
52,CA1-CA3,4,expert,FF,FF,0.05818,0.08073,0.04845,0.06446083910872645,0.0
52,CA1-CA3,4,intermediate,FF,FF,0.05818,0.08073,0.06401,-0.09292090000411332,0.0
52,CA1-CA3,4,naive,FF,FF,0.05818,0.08073,0.08182,0.07801781072904689,0.0
52,CA1-CA3,5,expert,FB,FB,-0.03639,0.06585,0.06449,0.0705877204498709,0.0
52,CA1-CA3,5,intermediate,FB,FB,-0.03639,0.06585,0.07269,-0.039356531463718834,0.0
52,CA1-CA3,5,naive,FB,FB,-0.03639,0.06585,0.0769,0.0059556263892966395,0.0
52,CA1-CA3,6,expert,FF,FF,0.01915,0.05429,0.05182,0.066529175408029,-10.0
52,CA1-CA3,6,intermediate,FF,FF,0.01915,0.05429,0.05366,0.061266960792474866,-10.0
52,CA1-CA3,6,naive,FF,FF,0.01915,0.05429,0.07389,-0.1710440007346575,0.0
52,CA1-CA3,7,expert,FF,FF,0.01207,0.05024,0.04281,-0.265641400082143,0.0
52,CA1-CA3,7,intermediate,FF,FF,0.01207,0.05024,0.04065,-0.0359533625925433,0.0
52,CA1-CA3,7,naive,FF,FF,0.01207,0.05024,0.02155,0.09582059123343527,0.0
52,CA1-CA3,8,expert,FF,FF,0.01521,0.0498,0.04723,-0.14756871035940808,0.0
52,CA1-CA3,8,intermediate,FF,FF,0.01521,0.0498,0.04023,0.0815052612805421,0.0
52,CA1-CA3,8,naive,FF,FF,0.01521,0.0498,0.04626,-0.06887925871120032,0.0
52,CA1-CA3,9,expert,FF,FF,0.07466,0.03683,0.04431,0.25038935296616166,30.0
52,CA1-CA3,9,intermediate,FF,FF,0.07466,0.03683,0.0287,-0.07478181507044661,-10.0
52,CA1-CA3,9,naive,FF,FF,0.07466,0.03683,0.03176,0.11313300610559072,0.0
52,CA1-CA3,10,expert,FF,FB,0.01921,0.02838,0.01731,0.7442086821101811,0.0
52,CA1-CA3,10,intermediate,FF,FF,0.01921,0.02838,0.04173,0.012391104377468752,0.0
52,CA1-CA3,10,naive,FF,FF,0.01921,0.02838,0.02747,-0.13839687781447002,0.0
52,CA1-DG,1,expert,FB,FB,-0.00258,0.20778,0.17425,0.06179595931956037,0.0
52,CA1-DG,1,intermediate,FB,FB,-0.00258,0.20778,0.19576,0.05313016110435942,0.0
52,CA1-DG,1,naive,FB,FB,-0.00258,0.20778,0.22601,0.13130923384860246,0.0
52,CA1-DG,2,expert,FF,FF,0.0797,0.10476,0.09955,0.11411846839589715,0.0
52,CA1-DG,2,intermediate,FF,FF,0.0797,0.10476,0.10089,0.09384888477270974,0.0
52,CA1-DG,2,naive,FF,FF,0.0797,0.10476,0.09815,0.048577162558534476,0.0
52,CA1-DG,3,expert,FB,FB,-0.08644,0.08723,0.10169,-0.10794825329709044,0.0
52,CA1-DG,3,intermediate,FB,FB,-0.08644,0.08723,0.09223,-0.12516024747784407,-10.0
52,CA1-DG,3,naive,FB,FB,-0.08644,0.08723,0.06533,-0.04829693971930667,0.0
52,CA1-DG,4,expert,FB,FB,-0.08401,0.0718,0.07103,-0.2857446657687673,0.0
52,CA1-DG,4,intermediate,FB,FB,-0.08401,0.0718,0.08214,-0.3489711934156378,0.0
52,CA1-DG,4,naive,FB,FB,-0.08401,0.0718,0.05422,0.004886082898709788,0.0
52,CA1-DG,5,expert,FB,FB,-0.18297,0.05835,0.05574,0.051014351059743605,0.0
52,CA1-DG,5,intermediate,FB,FB,-0.18297,0.05835,0.05445,-0.1964985727878211,0.0
52,CA1-DG,5,naive,FB,FB,-0.18297,0.05835,0.0646,-0.149258043335522,0.0
52,CA1-DG,6,expert,FB,FB,-0.00372,0.05149,0.04491,0.04652246256239595,0.0
52,CA1-DG,6,intermediate,FB,FF,-0.00372,0.05149,0.06397,-0.12122482049562752,0.0
52,CA1-DG,6,naive,FB,FF,-0.00372,0.05149,0.03753,-0.2417717805808155,0.0
52,CA1-DG,7,expert,FB,FB,-0.05662,0.04268,0.05054,-0.09574685267097649,-120.0
52,CA1-DG,7,intermediate,FB,FB,-0.05662,0.04268,0.03983,-0.43057460752934007,0.0
52,CA1-DG,7,naive,FB,FB,-0.05662,0.04268,0.02461,-0.4003147953830011,-20.0
52,CA1-DG,8,expert,FB,FB,-0.01277,0.03674,0.02285,0.26479113384484226,240.0
52,CA1-DG,8,intermediate,FB,FF,-0.01277,0.03674,0.02271,-0.4212,0.0
52,CA1-DG,8,naive,FB,FB,-0.01277,0.03674,0.03352,0.14516740366392925,0.0
52,CA1-DG,9,expert,FB,FB,-0.05123,0.03312,0.03555,-0.2512484931978647,0.0
52,CA1-DG,9,intermediate,FB,FB,-0.05123,0.03312,0.03514,-0.13997031624614675,0.0
52,CA1-DG,9,naive,FB,FB,-0.05123,0.03312,0.02378,-0.011808722085817784,-230.0
52,CA1-DG,10,expert,FB,FB,-0.04456,0.02711,0.03212,0.17094874044366465,20.0
52,CA1-DG,10,intermediate,FB,FB,-0.04456,0.02711,0.03536,-0.3993365278289717,0.0
52,CA1-DG,10,naive,FB,FF,-0.04456,0.02711,0.03098,-0.5546607265250172,-10.0
52,CA1-RSC,1,expert,FF,FF,0.22895,0.05784,0.04824,0.3118563506733561,20.0
52,CA1-RSC,1,intermediate,FF,FF,0.22895,0.05784,0.07229,0.2539608376162767,30.0
52,CA1-RSC,1,naive,FF,FF,0.22895,0.05784,0.04691,0.34286569347920054,30.0
52,CA1-RSC,2,expert,FF,FF,0.04805,0.04473,0.04346,0.11255526870233537,10.0
52,CA1-RSC,2,intermediate,FF,FF,0.04805,0.04473,0.03118,-0.12707257406904052,0.0
52,CA1-RSC,2,naive,FF,FF,0.04805,0.04473,0.01405,0.6372549019607843,0.0
52,CA1-RSC,3,expert,FF,FF,0.0571,0.0416,0.02522,-0.01025074909320296,0.0
52,CA1-RSC,3,intermediate,FF,FF,0.0571,0.0416,0.04036,0.2391610856538597,150.0
52,CA1-RSC,3,naive,FF,FF,0.0571,0.0416,0.02246,-0.019836022216344822,-170.0
52,CA1-RSC,4,expert,FF,FF,0.13422,0.02718,0.02894,0.1282614379084968,30.0
52,CA1-RSC,4,intermediate,FF,FF,0.13422,0.02718,0.0266,0.4089912280701754,-180.0
52,CA1-RSC,4,naive,FF,FF,0.13422,0.02718,0.01657,0.24310890194306378,20.0
52,CA1-RSC,5,expert,FF,FF,0.23194,0.02376,0.02888,0.25799603736201526,0.0
52,CA1-RSC,5,intermediate,FF,FF,0.23194,0.02376,0.02173,0.14403356121814798,30.0
52,CA1-RSC,5,naive,FF,FF,0.23194,0.02376,0.0238,0.5429930479326747,40.0
52,CA1-RSC,6,expert,FF,FF,0.03804,0.02292,0.03358,0.12949515905947445,-240.0
52,CA1-RSC,6,intermediate,FF,FF,0.03804,0.02292,0.0176,-0.13694866232827188,-220.0
52,CA1-RSC,6,naive,FF,FF,0.03804,0.02292,0.02792,0.04021576266107281,-220.0
52,CA1-RSC,7,expert,FF,FF,0.03336,0.01745,0.02542,0.062014164795301426,0.0
52,CA1-RSC,7,intermediate,FF,FF,0.03336,0.01745,0.01707,-0.17100078802206464,0.0
52,CA1-RSC,7,naive,FF,FF,0.03336,0.01745,0.01416,0.27290543851053406,-40.0
52,CA1-RSC,8,expert,FF,FF,0.08554,0.01606,0.023,0.01353346456692901,-250.0
52,CA1-RSC,8,intermediate,FF,FF,0.08554,0.01606,0.03046,-0.4713942056270265,-10.0
52,CA1-RSC,8,naive,FF,FF,0.08554,0.01606,0.0097,0.5001538935056941,210.0
52,CA1-RSC,9,expert,FF,FB,0.01316,0.01272,0.02603,0.555748876323039,0.0
52,CA1-RSC,9,intermediate,FF,FF,0.01316,0.01272,0.02239,-0.06789827255278306,0.0
52,CA1-RSC,9,naive,FF,FF,0.01316,0.01272,0.0103,0.1967545638945234,-100.0
52,CA1-RSC,10,expert,FB,FB,-0.44449,0.00857,0.00965,0.050279329608938564,-250.0
52,CA1-RSC,10,intermediate,FB,FB,-0.44449,0.00857,0.0272,-0.7579667644183774,-160.0
52,CA1-RSC,10,naive,FB,FB,-0.44449,0.00857,0.01217,-1.0,-210.0
52,CA1-V1,1,expert,FB,FB,-0.0185,0.15919,0.19911,-0.029849549718072778,0.0
52,CA1-V1,1,intermediate,FB,FB,-0.0185,0.15919,0.17178,-0.005694097078891741,10.0
52,CA1-V1,1,naive,FB,FB,-0.0185,0.15919,0.10576,-0.030015628679697714,0.0
52,CA1-V1,2,expert,FB,FB,-0.00469,0.1553,0.2371,-0.01054752627965659,0.0
52,CA1-V1,2,intermediate,FB,FB,-0.00469,0.1553,0.18667,0.004204398447606685,0.0
52,CA1-V1,2,naive,FB,FB,-0.00469,0.1553,0.08198,0.030624584315859488,0.0
52,CA1-V1,3,expert,FF,FF,0.01144,0.10533,0.0794,-0.024986344127974944,0.0
52,CA1-V1,3,intermediate,FF,FF,0.01144,0.10533,0.0802,0.019913536881923752,-90.0
52,CA1-V1,3,naive,FF,FF,0.01144,0.10533,0.09151,0.0009134382891837975,0.0
52,CA1-V1,4,expert,FB,FF,-0.00022,0.10078,0.14618,-0.0019275337318402576,170.0
52,CA1-V1,4,intermediate,FB,FF,-0.00022,0.10078,0.08861,-0.003869186977844528,-140.0
52,CA1-V1,4,naive,FB,FF,-0.00022,0.10078,0.05376,-0.014228326044366996,10.0
52,CA1-V1,5,expert,FB,FB,-0.00825,0.07855,0.12258,-0.018136423177346636,-140.0
52,CA1-V1,5,intermediate,FB,FB,-0.00825,0.07855,0.09237,0.017231589601797322,-90.0
52,CA1-V1,5,naive,FB,FB,-0.00825,0.07855,0.0348,-0.0017047068851216772,-210.0
52,CA1-V1,6,expert,FF,FF,0.01635,0.0723,0.10056,0.0276266174158724,40.0
52,CA1-V1,6,intermediate,FF,FF,0.01635,0.0723,0.09516,0.009891575346436976,20.0
52,CA1-V1,6,naive,FF,FF,0.01635,0.0723,0.05318,-0.023099072197931125,-160.0
52,CA1-V1,7,expert,FB,FB,-0.01507,0.06589,0.07087,-0.0007975541672204566,0.0
52,CA1-V1,7,intermediate,FB,FB,-0.01507,0.06589,0.06341,-0.00800691677317487,0.0
52,CA1-V1,7,naive,FB,FB,-0.01507,0.06589,0.06886,-0.05065881318008832,-130.0
52,CA1-V1,8,expert,FB,FB,-0.03065,0.05125,0.05368,-0.030305739317003394,-140.0
52,CA1-V1,8,intermediate,FB,FB,-0.03065,0.05125,0.06756,-0.060930341437314,-30.0
52,CA1-V1,8,naive,FB,FB,-0.03065,0.05125,0.02416,-0.3583123905262357,-100.0
52,CA1-V1,9,expert,FF,FF,0.04203,0.03979,0.04342,0.03891342888908924,0.0
52,CA1-V1,9,intermediate,FF,FF,0.04203,0.03979,0.04714,-0.01134531382838386,200.0
52,CA1-V1,9,naive,FF,FF,0.04203,0.03979,0.0311,0.18082947390331483,0.0
52,CA1-V1,10,expert,FB,FB,-0.01215,0.03494,0.0429,-0.008163137647389901,-210.0
52,CA1-V1,10,intermediate,FB,FB,-0.01215,0.03494,0.02934,-0.08524409211780638,-80.0
52,CA1-V1,10,naive,FB,FB,-0.01215,0.03494,0.02389,-0.06448968438311259,-10.0
52,CA3-DG,1,expert,FB,FB,-0.15768,0.51975,0.5249,-0.23645083932853728,0.0
52,CA3-DG,1,intermediate,FB,FB,-0.15768,0.51975,0.51408,-0.21359138887439783,0.0
52,CA3-DG,1,naive,FB,FB,-0.15768,0.51975,0.50166,-0.10465233441115326,0.0
52,CA3-DG,2,expert,FF,FF,0.05544,0.43164,0.4394,0.05090794583814421,0.0
52,CA3-DG,2,intermediate,FF,FF,0.05544,0.43164,0.45299,0.035749442598123786,0.0
52,CA3-DG,2,naive,FF,FF,0.05544,0.43164,0.42,0.14831003303193088,0.0
52,CA3-DG,3,expert,FB,FB,-0.10611,0.32026,0.32065,-0.1536948416077038,0.0
52,CA3-DG,3,intermediate,FB,FB,-0.10611,0.32026,0.33626,-0.12360037173044132,0.0
52,CA3-DG,3,naive,FB,FB,-0.10611,0.32026,0.29848,-0.17203276447883872,0.0
52,CA3-DG,4,expert,FF,FF,0.03669,0.25291,0.24486,0.020980706650225764,0.0
52,CA3-DG,4,intermediate,FF,FF,0.03669,0.25291,0.25596,0.05967137004218311,0.0
52,CA3-DG,4,naive,FF,FF,0.03669,0.25291,0.23366,0.03941565600882023,0.0
52,CA3-DG,5,expert,FB,FB,-0.11712,0.15786,0.14615,-0.2754220975636583,0.0
52,CA3-DG,5,intermediate,FB,FB,-0.11712,0.15786,0.16115,-0.0005714683950100966,0.0
52,CA3-DG,5,naive,FB,FB,-0.11712,0.15786,0.13452,-0.12601997688339917,0.0
52,CA3-DG,6,expert,FB,FB,-0.13374,0.11809,0.10132,-0.23046234950488007,0.0
52,CA3-DG,6,intermediate,FB,FB,-0.13374,0.11809,0.14961,-0.06152678427674411,0.0
52,CA3-DG,6,naive,FB,FB,-0.13374,0.11809,0.10315,-0.22482731783247392,0.0
52,CA3-DG,7,expert,FF,FF,0.04876,0.10868,0.10674,0.0062471529901736746,0.0
52,CA3-DG,7,intermediate,FF,FF,0.04876,0.10868,0.1217,0.014111808947817446,0.0
52,CA3-DG,7,naive,FF,FF,0.04876,0.10868,0.09482,0.010068444280013635,0.0
52,CA3-DG,8,expert,FB,FB,-0.021,0.08114,0.09364,0.10627980922098568,0.0
52,CA3-DG,8,intermediate,FB,FB,-0.021,0.08114,0.10055,-0.08321980690635546,0.0
52,CA3-DG,8,naive,FB,FF,-0.021,0.08114,0.07041,-0.37196512407780014,0.0
52,CA3-DG,9,expert,FB,FB,-0.11964,0.0554,0.10111,-0.15132476484526458,0.0
52,CA3-DG,9,intermediate,FB,FB,-0.11964,0.0554,0.05661,-0.1278521732625122,0.0
52,CA3-DG,9,naive,FB,FB,-0.11964,0.0554,0.04655,-0.3464313123561013,0.0
52,CA3-DG,10,expert,FB,FB,-0.01702,0.05186,0.04959,-0.14486109478468706,0.0
52,CA3-DG,10,intermediate,FB,FF,-0.01702,0.05186,0.05993,-0.2027995427041798,0.0
52,CA3-DG,10,naive,FB,FB,-0.01702,0.05186,0.04504,0.10342713088505821,-10.0
52,V1-RSC,1,expert,FF,FF,0.00724,0.17462,0.18041,0.030847414389194448,0.0
52,V1-RSC,1,intermediate,FF,FF,0.00724,0.17462,0.19336,0.01269564694925941,0.0
52,V1-RSC,1,naive,FF,FF,0.00724,0.17462,0.18461,-0.013996987989926253,0.0
52,V1-RSC,2,expert,FF,FF,0.01641,0.10893,0.12559,0.026120334271427674,0.0
52,V1-RSC,2,intermediate,FF,FF,0.01641,0.10893,0.08298,-0.002920488667681268,0.0
52,V1-RSC,2,naive,FF,FF,0.01641,0.10893,0.10317,0.030801002771979728,60.0
52,V1-RSC,3,expert,FF,FF,0.0202,0.09416,0.11553,0.0294478759373642,0.0
52,V1-RSC,3,intermediate,FF,FF,0.0202,0.09416,0.10241,0.008772127635584631,110.0
52,V1-RSC,3,naive,FF,FF,0.0202,0.09416,0.10419,0.04377028234150091,10.0
52,V1-RSC,4,expert,FF,FF,0.03058,0.06739,0.06528,0.027205907966698036,0.0
52,V1-RSC,4,intermediate,FF,FF,0.03058,0.06739,0.04659,0.02584657912923285,0.0
52,V1-RSC,4,naive,FF,FF,0.03058,0.06739,0.05823,0.02462467571130855,0.0
52,V1-RSC,5,expert,FF,FF,0.0265,0.06178,0.06237,0.058653017043682434,10.0
52,V1-RSC,5,intermediate,FF,FF,0.0265,0.06178,0.05686,-0.01903834600484755,-130.0
52,V1-RSC,5,naive,FF,FF,0.0265,0.06178,0.1041,0.031602876658487156,10.0
52,V1-RSC,6,expert,FF,FF,0.03961,0.03909,0.04706,0.07311716085775381,10.0
52,V1-RSC,6,intermediate,FF,FF,0.03961,0.03909,0.0686,0.09150757077024353,30.0
52,V1-RSC,6,naive,FF,FF,0.03961,0.03909,0.03718,0.12527918781725897,200.0
52,V1-RSC,7,expert,FB,FB,-0.05451,0.03122,0.0297,-0.04156479217603913,-150.0
52,V1-RSC,7,intermediate,FB,FB,-0.05451,0.03122,0.03616,0.0384953805543335,10.0
52,V1-RSC,7,naive,FB,FB,-0.05451,0.03122,0.03783,-0.04736695458344944,0.0
52,V1-RSC,8,expert,FF,FF,0.06717,0.02787,0.02097,0.17527077239307448,10.0
52,V1-RSC,8,intermediate,FF,FF,0.06717,0.02787,0.033,0.10786250493875929,0.0
52,V1-RSC,8,naive,FF,FF,0.06717,0.02787,0.02988,0.09726347051336438,-140.0
52,V1-RSC,9,expert,FB,FB,-0.20454,0.0178,0.02052,-0.21555713777144897,120.0
52,V1-RSC,9,intermediate,FB,FB,-0.20454,0.0178,0.01069,-0.7044892188052315,-10.0
52,V1-RSC,9,naive,FB,FB,-0.20454,0.0178,0.03379,-0.04694485842026817,60.0
52,V1-RSC,10,expert,FB,FF,-0.00233,0.01638,0.03515,-0.032798325191905134,-70.0
52,V1-RSC,10,intermediate,FB,FB,-0.00233,0.01638,0.03847,0.06770225674189134,-170.0
52,V1-RSC,10,naive,FB,FB,-0.00233,0.01638,0.02359,0.006715014773032537,50.0
61,CA1-CA3,1,expert,FF,FF,0.44583,0.22248,0.26794,0.26684130452190036,0.0
61,CA1-CA3,1,intermediate,FF,FF,0.44583,0.22248,0.26685,0.27621526212041186,0.0
61,CA1-CA3,1,naive,FF,FF,0.44583,0.22248,0.12346,0.9626800140498769,0.0
61,CA1-CA3,2,expert,FB,FB,-0.51706,0.16302,0.14743,-0.6349357360046264,0.0
61,CA1-CA3,2,intermediate,FB,FB,-0.51706,0.16302,0.16196,-0.562934113466267,0.0
61,CA1-CA3,2,naive,FB,FB,-0.51706,0.16302,0.18601,-0.5120924727097368,0.0
61,CA1-CA3,3,expert,FF,FF,0.05797,0.08599,0.1118,0.05560325091575082,0.0
61,CA1-CA3,3,intermediate,FF,FF,0.05797,0.08599,0.11062,0.10265251269242255,0.0
61,CA1-CA3,3,naive,FF,FF,0.05797,0.08599,0.01688,-0.6341798215511325,0.0
61,CA1-CA3,4,expert,FF,FF,0.09129,0.07316,0.08076,-0.06088027668545978,0.0
61,CA1-CA3,4,intermediate,FF,FF,0.09129,0.07316,0.08131,-0.07100964079844935,0.0
61,CA1-CA3,4,naive,FF,FF,0.09129,0.07316,0.05816,0.2890507282772476,0.0
61,CA1-CA3,5,expert,FF,FF,0.11591,0.05587,0.04958,0.530182164543398,0.0
61,CA1-CA3,5,intermediate,FF,FF,0.11591,0.05587,0.05287,0.20373781692735388,0.0
61,CA1-CA3,5,naive,FF,FF,0.11591,0.05587,0.02075,0.6480097605612322,190.0
61,CA1-CA3,6,expert,FF,FB,0.01235,0.04683,0.07836,0.07164304394149751,0.0
61,CA1-CA3,6,intermediate,FF,FF,0.01235,0.04683,0.08203,0.03375903751636708,0.0
61,CA1-CA3,6,naive,FF,FB,0.01235,0.04683,0.03335,0.2638897002979494,10.0
61,CA1-CA3,7,expert,FB,FB,-0.0187,0.0382,0.04425,0.14177726485862663,230.0
61,CA1-CA3,7,intermediate,FB,FB,-0.0187,0.0382,0.04859,-0.0009726647660573956,0.0
61,CA1-CA3,7,naive,FB,FF,-0.0187,0.0382,0.05359,-0.23591382575757588,0.0
61,CA1-CA3,8,expert,FF,FF,0.11119,0.03407,0.05741,0.1270302897278313,0.0
61,CA1-CA3,8,intermediate,FF,FF,0.11119,0.03407,0.03364,0.31863451299718126,0.0
61,CA1-CA3,8,naive,FF,FF,0.11119,0.03407,0.03231,0.4603247725440517,0.0
61,CA1-CA3,9,expert,FB,FB,-0.02096,0.02997,0.03491,0.033416593532707796,0.0
61,CA1-CA3,9,intermediate,FB,FB,-0.02096,0.02997,0.03345,-0.08391564368901484,0.0
61,CA1-CA3,9,naive,FB,FB,-0.02096,0.02997,0.02784,-0.11875693673695888,0.0
61,CA1-CA3,10,expert,FB,FB,-0.29388,0.02862,0.02399,0.05824315722469764,10.0
61,CA1-CA3,10,intermediate,FB,FB,-0.29388,0.02862,0.02628,-0.04655682298267853,0.0
61,CA1-CA3,10,naive,FB,FF,-0.29388,0.02862,0.09849,-0.5324562312234539,-60.0
61,CA1-DG,1,expert,FF,FF,0.01368,0.23059,0.23452,-0.17219527966375672,0.0
61,CA1-DG,1,intermediate,FF,FF,0.01368,0.23059,0.22464,-0.2586647500399298,0.0
61,CA1-DG,1,naive,FF,FB,0.01368,0.23059,0.2422,0.2354301948051948,0.0
61,CA1-DG,2,expert,FB,FB,-0.2066,0.07499,0.07381,-0.31120794487231457,0.0
61,CA1-DG,2,intermediate,FB,FB,-0.2066,0.07499,0.06159,-0.2160317367714836,0.0
61,CA1-DG,2,naive,FB,FB,-0.2066,0.07499,0.04962,-0.13040105499961213,0.0
61,CA1-DG,3,expert,FF,FF,0.05216,0.0542,0.0685,0.048858019587306734,0.0
61,CA1-DG,3,intermediate,FF,FF,0.05216,0.0542,0.06313,0.08838643371017474,10.0
61,CA1-DG,3,naive,FF,FF,0.05216,0.0542,0.02318,0.24740874267688148,130.0
61,CA1-DG,4,expert,FF,FF,0.06653,0.04357,0.05053,-0.2020528416650827,0.0
61,CA1-DG,4,intermediate,FF,FF,0.06653,0.04357,0.04946,-0.004781114597340492,0.0
61,CA1-DG,4,naive,FF,FF,0.06653,0.04357,0.03824,0.2959572845156369,0.0
61,CA1-DG,5,expert,FB,FF,-0.01589,0.03423,0.02027,-0.22693003618817859,0.0
61,CA1-DG,5,intermediate,FB,FB,-0.01589,0.03423,0.02811,0.12649510692279817,0.0
61,CA1-DG,5,naive,FB,FB,-0.01589,0.03423,0.03479,0.30237610319076713,0.0
61,CA1-DG,6,expert,FB,FB,-0.0322,0.03125,0.0295,-0.0231290708493952,0.0
61,CA1-DG,6,intermediate,FB,FB,-0.0322,0.03125,0.02783,-0.11353363467162998,0.0
61,CA1-DG,6,naive,FB,FB,-0.0322,0.03125,0.00691,0.8924731182795699,30.0
61,CA1-DG,7,expert,FB,FB,-0.01942,0.02949,0.03245,0.07006087437742102,30.0
61,CA1-DG,7,intermediate,FB,FB,-0.01942,0.02949,0.02282,-0.04424935709851921,0.0
61,CA1-DG,7,naive,FB,FB,-0.01942,0.02949,0.03362,-0.10595554403473534,0.0
61,CA1-DG,8,expert,FF,FF,0.10416,0.02062,0.0191,0.4964918142332107,30.0
61,CA1-DG,8,intermediate,FF,FF,0.10416,0.02062,0.01767,0.022403258655804364,0.0
61,CA1-DG,8,naive,FF,FF,0.10416,0.02062,0.02237,0.10240305843801206,0.0
61,CA1-DG,9,expert,FB,FB,-0.04794,0.01897,0.02645,-0.28508194760138766,0.0
61,CA1-DG,9,intermediate,FB,FF,-0.04794,0.01897,0.02621,-0.5742043551088778,0.0
61,CA1-DG,9,naive,FB,FB,-0.04794,0.01897,0.01955,0.17905299466917532,230.0
61,CA1-DG,10,expert,FF,FB,0.02016,0.01765,0.02675,0.3404014947423307,30.0
61,CA1-DG,10,intermediate,FF,FB,0.02016,0.01765,0.03153,0.27962166809974204,0.0
61,CA1-DG,10,naive,FF,FF,0.02016,0.01765,0.01792,0.1493399339933994,150.0
61,CA1-RSC,1,expert,FF,FF,0.16464,0.17364,0.18073,0.10966648718842045,0.0
61,CA1-RSC,1,intermediate,FF,FF,0.16464,0.17364,0.17765,0.11745769706974818,0.0
61,CA1-RSC,1,naive,FF,FF,0.16464,0.17364,0.1459,0.1500851318393079,0.0
61,CA1-RSC,2,expert,FF,FF,0.06981,0.14361,0.14079,0.08706864266224378,0.0
61,CA1-RSC,2,intermediate,FF,FF,0.06981,0.14361,0.14782,0.09735415144406412,0.0
61,CA1-RSC,2,naive,FF,FF,0.06981,0.14361,0.05075,0.00035460992907793826,0.0
61,CA1-RSC,3,expert,FF,FF,0.07901,0.11484,0.11104,0.09529263543694881,10.0
61,CA1-RSC,3,intermediate,FF,FF,0.07901,0.11484,0.12524,0.10755129760386534,0.0
61,CA1-RSC,3,naive,FF,FF,0.07901,0.11484,0.04372,0.3289222173209822,0.0
61,CA1-RSC,4,expert,FF,FF,0.05437,0.11165,0.12499,-0.015081805880182124,0.0
61,CA1-RSC,4,intermediate,FF,FF,0.05437,0.11165,0.14107,0.055629208205021076,0.0
61,CA1-RSC,4,naive,FF,FF,0.05437,0.11165,0.05342,0.45460001200264066,0.0
61,CA1-RSC,5,expert,FF,FF,0.08661,0.10368,0.085,0.05788126496573358,0.0
61,CA1-RSC,5,intermediate,FF,FF,0.08661,0.10368,0.11004,0.08023378672979439,0.0
61,CA1-RSC,5,naive,FF,FF,0.08661,0.10368,0.01107,1.0,30.0
61,CA1-RSC,6,expert,FF,FF,0.06835,0.07447,0.07349,-0.05661308382835784,0.0
61,CA1-RSC,6,intermediate,FF,FF,0.06835,0.07447,0.08428,0.027532205102298517,0.0
61,CA1-RSC,6,naive,FF,FF,0.06835,0.07447,0.05665,0.3524186615957696,0.0
61,CA1-RSC,7,expert,FF,FF,0.00127,0.06759,0.06145,-0.053601721736928655,0.0
61,CA1-RSC,7,intermediate,FF,FB,0.00127,0.06759,0.07239,0.02106149957877004,0.0
61,CA1-RSC,7,naive,FF,FB,0.00127,0.06759,0.04146,0.1671332485002726,0.0
61,CA1-RSC,8,expert,FF,FF,0.04769,0.05965,0.05068,0.17631182851507754,30.0
61,CA1-RSC,8,intermediate,FF,FF,0.04769,0.05965,0.06835,0.08293567851086488,0.0
61,CA1-RSC,8,naive,FF,FF,0.04769,0.05965,0.05298,0.024677128587049655,0.0
61,CA1-RSC,9,expert,FF,FF,0.03078,0.05482,0.08081,0.038764557264804,-90.0
61,CA1-RSC,9,intermediate,FF,FF,0.03078,0.05482,0.07568,0.035989071381465246,0.0
61,CA1-RSC,9,naive,FF,FF,0.03078,0.05482,0.02545,0.10849220103986137,140.0
61,CA1-RSC,10,expert,FF,FF,0.01861,0.04151,0.03561,0.2300797631773703,20.0
61,CA1-RSC,10,intermediate,FF,FF,0.01861,0.04151,0.04102,0.043472002303152464,-10.0
61,CA1-RSC,10,naive,FF,FF,0.01861,0.04151,0.03484,0.1045796308954204,90.0
61,CA1-V1,1,expert,FB,FB,-0.00145,0.11733,0.08864,0.03563364380468525,0.0
61,CA1-V1,1,intermediate,FB,FF,-0.00145,0.11733,0.08508,-0.03601750777830516,0.0
61,CA1-V1,1,naive,FB,FB,-0.00145,0.11733,0.06131,-0.020565552699228846,0.0
61,CA1-V1,2,expert,FB,FB,-0.00732,0.11004,0.11239,-0.017098081844328004,0.0
61,CA1-V1,2,intermediate,FB,FB,-0.00732,0.11004,0.12037,-0.011008878127522152,0.0
61,CA1-V1,2,naive,FB,FB,-0.00732,0.11004,0.05771,-0.11316808940999,0.0
61,CA1-V1,3,expert,FB,FB,-0.03202,0.08013,0.082,-0.05496264674493047,0.0
61,CA1-V1,3,intermediate,FB,FB,-0.03202,0.08013,0.09169,-0.0048272992093216964,0.0
61,CA1-V1,3,naive,FB,FB,-0.03202,0.08013,0.06034,-0.10399854101126156,0.0
61,CA1-V1,4,expert,FB,FB,-0.03226,0.07361,0.1075,-0.014915594767530729,0.0
61,CA1-V1,4,intermediate,FB,FB,-0.03226,0.07361,0.07496,0.00656889462988927,0.0
61,CA1-V1,4,naive,FB,FB,-0.03226,0.07361,0.04543,0.005771108940779565,0.0
61,CA1-V1,5,expert,FB,FB,-0.0204,0.06247,0.06757,-0.0514438155665308,-10.0
61,CA1-V1,5,intermediate,FB,FB,-0.0204,0.06247,0.05862,-0.006915914861991412,-140.0
61,CA1-V1,5,naive,FB,FB,-0.0204,0.06247,0.04113,-0.020870146616361808,0.0
61,CA1-V1,6,expert,FB,FB,-0.03859,0.05831,0.05475,-0.08125779885200896,-30.0
61,CA1-V1,6,intermediate,FB,FB,-0.03859,0.05831,0.07088,0.013311029647293405,0.0
61,CA1-V1,6,naive,FB,FB,-0.03859,0.05831,0.03622,-0.008711544319220168,190.0
61,CA1-V1,7,expert,FB,FB,-0.00395,0.05159,0.05204,0.07086184802464753,190.0
61,CA1-V1,7,intermediate,FB,FB,-0.00395,0.05159,0.05109,0.08539584695370622,150.0
61,CA1-V1,7,naive,FB,FF,-0.00395,0.05159,0.04908,-0.05273790211502563,250.0
61,CA1-V1,8,expert,FB,FB,-0.02063,0.03813,0.04947,-0.12262454703880932,-20.0
61,CA1-V1,8,intermediate,FB,FB,-0.02063,0.03813,0.04061,0.04730126363271237,90.0
61,CA1-V1,8,naive,FB,FB,-0.02063,0.03813,0.01917,0.0007484229658933028,-100.0
61,CA1-V1,9,expert,FF,FF,0.00349,0.03401,0.05,-0.03179433116898679,-10.0
61,CA1-V1,9,intermediate,FF,FF,0.00349,0.03401,0.03115,0.02409801360299089,30.0
61,CA1-V1,9,naive,FF,FB,0.00349,0.03401,0.03564,0.10705203968339234,20.0
61,CA1-V1,10,expert,FB,FB,-0.0642,0.0289,0.02619,0.30355731225296434,170.0
61,CA1-V1,10,intermediate,FB,FB,-0.0642,0.0289,0.02831,-0.3052258635961027,0.0
61,CA1-V1,10,naive,FB,FB,-0.0642,0.0289,0.04786,-0.0054154516614862295,0.0
61,CA3-DG,1,expert,FF,FB,0.01059,0.34239,0.35885,0.1779704661306427,0.0
61,CA3-DG,1,intermediate,FF,FB,0.01059,0.34239,0.36083,0.1625088582373905,0.0
61,CA3-DG,1,naive,FF,FF,0.01059,0.34239,0.33826,-0.24025469182092837,0.0
61,CA3-DG,2,expert,FB,FB,-0.01416,0.32208,0.39305,0.05905895363227043,0.0
61,CA3-DG,2,intermediate,FB,FB,-0.01416,0.32208,0.36076,0.11503072037042546,0.0
61,CA3-DG,2,naive,FB,FB,-0.01416,0.32208,0.34955,-0.06079087656872969,0.0
61,CA3-DG,3,expert,FB,FB,-0.16107,0.27445,0.29079,-0.15109260339378486,0.0
61,CA3-DG,3,intermediate,FB,FB,-0.16107,0.27445,0.28463,-0.1806236545204514,0.0
61,CA3-DG,3,naive,FB,FB,-0.16107,0.27445,0.27765,-0.1324687638593647,0.0
61,CA3-DG,4,expert,FB,FB,-0.11624,0.20377,0.2182,-0.12316763130848705,0.0
61,CA3-DG,4,intermediate,FB,FB,-0.11624,0.20377,0.21837,-0.044015809208526116,0.0
61,CA3-DG,4,naive,FB,FB,-0.11624,0.20377,0.18595,-0.10206708751083059,0.0
61,CA3-DG,5,expert,FB,FB,-0.12366,0.14912,0.15691,-0.09685994924821768,0.0
61,CA3-DG,5,intermediate,FB,FB,-0.12366,0.14912,0.16264,-0.09591131165901076,0.0
61,CA3-DG,5,naive,FB,FB,-0.12366,0.14912,0.12221,-0.3480176211453744,0.0
61,CA3-DG,6,expert,FB,FB,-0.31964,0.10002,0.09501,-0.40257510729613744,0.0
61,CA3-DG,6,intermediate,FB,FB,-0.31964,0.10002,0.09293,-0.51994342291372,0.0
61,CA3-DG,6,naive,FB,FB,-0.31964,0.10002,0.08454,-0.45102362204724405,0.0
61,CA3-DG,7,expert,FB,FB,-0.25471,0.06483,0.05229,-0.4563254283061862,0.0
61,CA3-DG,7,intermediate,FB,FB,-0.25471,0.06483,0.05659,-0.2601734489659773,0.0
61,CA3-DG,7,naive,FB,FB,-0.25471,0.06483,0.05327,-0.33179257547306085,0.0
61,CA3-DG,8,expert,FF,FF,0.02991,0.06181,0.04061,-0.004684572142410893,0.0
61,CA3-DG,8,intermediate,FF,FF,0.02991,0.06181,0.09514,0.10768664047151277,0.0
61,CA3-DG,8,naive,FF,FF,0.02991,0.06181,0.02381,0.5180271127776176,0.0
61,CA3-DG,9,expert,FB,FF,-0.01371,0.05171,0.06404,-0.23540328336902208,0.0
61,CA3-DG,9,intermediate,FB,FF,-0.01371,0.05171,0.04968,-0.48041646008924144,0.0
61,CA3-DG,9,naive,FB,FB,-0.01371,0.05171,0.04498,0.10691029254543691,0.0
61,CA3-DG,10,expert,FB,FB,-0.04997,0.03308,0.03544,-0.36366580310880825,0.0
61,CA3-DG,10,intermediate,FB,FB,-0.04997,0.03308,0.05605,-0.10737660407556648,0.0
61,CA3-DG,10,naive,FB,FB,-0.04997,0.03308,0.03265,-0.6518887129608687,-10.0
61,V1-RSC,1,expert,FF,FF,0.00836,0.34183,0.32134,-0.0021694308691513884,0.0
61,V1-RSC,1,intermediate,FF,FF,0.00836,0.34183,0.35004,0.0031175934366453936,0.0
61,V1-RSC,1,naive,FF,FF,0.00836,0.34183,0.23499,0.018176307148269785,0.0
61,V1-RSC,2,expert,FF,FF,0.00745,0.3053,0.30181,-0.013458605684124707,0.0
61,V1-RSC,2,intermediate,FF,FF,0.00745,0.3053,0.29596,0.012313726055642476,0.0
61,V1-RSC,2,naive,FF,FF,0.00745,0.3053,0.26758,0.046299933098819454,170.0
61,V1-RSC,3,expert,FF,FF,0.02048,0.23185,0.25298,0.008973355243347494,0.0
61,V1-RSC,3,intermediate,FF,FF,0.02048,0.23185,0.2683,0.01857493127275425,10.0
61,V1-RSC,3,naive,FF,FF,0.02048,0.23185,0.14056,0.06549476850429357,10.0
61,V1-RSC,4,expert,FF,FF,0.00176,0.19347,0.17863,0.0013087260521310528,0.0
61,V1-RSC,4,intermediate,FF,FF,0.00176,0.19347,0.19719,0.0030689008989435167,0.0
61,V1-RSC,4,naive,FF,FF,0.00176,0.19347,0.09868,-0.0010625110678236106,-20.0
61,V1-RSC,5,expert,FF,FF,0.00042,0.16497,0.10741,0.004140174478781495,0.0
61,V1-RSC,5,intermediate,FF,FB,0.00042,0.16497,0.12235,0.020251243234606878,0.0
61,V1-RSC,5,naive,FF,FB,0.00042,0.16497,0.14406,0.0066287008970943315,0.0
61,V1-RSC,6,expert,FB,FB,-0.00227,0.14509,0.10941,0.0036919775746547747,0.0
61,V1-RSC,6,intermediate,FB,FB,-0.00227,0.14509,0.09913,0.01796308729430141,0.0
61,V1-RSC,6,naive,FB,FB,-0.00227,0.14509,0.07006,-0.09082955104719206,0.0
61,V1-RSC,7,expert,FF,FF,0.02603,0.11931,0.10424,0.03290784853373832,0.0
61,V1-RSC,7,intermediate,FF,FF,0.02603,0.11931,0.12695,0.01513609533149534,0.0
61,V1-RSC,7,naive,FF,FF,0.02603,0.11931,0.07768,0.04561279661152907,0.0
61,V1-RSC,8,expert,FB,FB,-0.00081,0.09119,0.10803,0.007801822936283281,0.0
61,V1-RSC,8,intermediate,FB,FB,-0.00081,0.09119,0.1085,-0.00013415015874433352,0.0
61,V1-RSC,8,naive,FB,FB,-0.00081,0.09119,0.04994,0.04031326590979514,0.0
61,V1-RSC,9,expert,FF,FF,0.0035,0.09016,0.09728,0.003348540351034898,20.0
61,V1-RSC,9,intermediate,FF,FF,0.0035,0.09016,0.09111,0.0038637161924832803,50.0
61,V1-RSC,9,naive,FF,FF,0.0035,0.09016,0.06167,0.028955674488815614,-30.0
61,V1-RSC,10,expert,FF,FF,0.01338,0.07419,0.06416,-0.015473787714123041,120.0
61,V1-RSC,10,intermediate,FF,FF,0.01338,0.07419,0.06654,0.046362580113189104,10.0
61,V1-RSC,10,naive,FF,FF,0.01338,0.07419,0.0512,0.049837259995819526,170.0
63,CA1-RSC,1,expert,FB,FB,-0.28468,0.13281,0.13649,-0.2144116704071818,0.0
63,CA1-RSC,1,intermediate,FB,FB,-0.28468,0.13281,0.14382,-0.2897033529399274,0.0
63,CA1-RSC,1,naive,FB,FB,-0.28468,0.13281,0.09972,-0.5902937572841646,-10.0
63,CA1-RSC,2,expert,FF,FF,0.35789,0.06355,0.07203,0.5891314895681709,10.0
63,CA1-RSC,2,intermediate,FF,FF,0.35789,0.06355,0.07026,0.40510279001468436,0.0
63,CA1-RSC,2,naive,FF,FF,0.35789,0.06355,0.08341,-0.2730560578661845,-150.0
63,CA1-RSC,3,expert,FF,FF,0.06103,0.04588,0.04213,0.20052206068955516,30.0
63,CA1-RSC,3,intermediate,FF,FF,0.06103,0.04588,0.03398,0.12298624754420423,-110.0
63,CA1-RSC,3,naive,FF,FF,0.06103,0.04588,0.03997,-0.037622813323747874,-60.0
63,CA1-RSC,4,expert,FF,FF,0.10584,0.0323,0.02722,-0.000748316288351165,-120.0
63,CA1-RSC,4,intermediate,FF,FF,0.10584,0.0323,0.02358,0.20427972645047432,-190.0
63,CA1-RSC,4,naive,FF,FF,0.10584,0.0323,0.05105,0.3366201215051369,40.0
63,CA1-RSC,5,expert,FB,FB,-0.04445,0.02563,0.04608,-0.09186521343165187,-190.0
63,CA1-RSC,5,intermediate,FB,FB,-0.04445,0.02563,0.05405,-0.1055973181633482,70.0
63,CA1-RSC,5,naive,FB,FB,-0.04445,0.02563,0.03365,-0.135552399184833,-160.0
63,CA1-RSC,6,expert,FF,FF,0.08709,0.01965,0.02827,-0.1688025788190895,60.0
63,CA1-RSC,6,intermediate,FF,FF,0.08709,0.01965,0.03241,0.05395996518711912,-160.0
63,CA1-RSC,6,naive,FF,FF,0.08709,0.01965,0.03907,0.07769210316405203,60.0
63,CA1-RSC,7,expert,FB,FB,-0.06167,0.0122,0.01817,-0.7561547479484173,-110.0
63,CA1-RSC,7,intermediate,FB,FB,-0.06167,0.0122,0.01792,-0.27291014751899867,130.0
63,CA1-RSC,7,naive,FB,FB,-0.06167,0.0122,0.02258,0.0750276650682406,20.0
63,CA1-RSC,8,expert,FB,FB,-0.10435,0.01063,0.01569,0.30837789661319076,-240.0
63,CA1-RSC,8,intermediate,FB,FB,-0.10435,0.01063,0.02043,-1.0,-100.0
63,CA1-RSC,8,naive,FB,FB,-0.10435,0.01063,0.02456,-0.20352448360537345,-170.0
63,CA1-RSC,9,expert,FF,FF,0.15238,0.00969,0.0206,0.18267591224281005,0.0
63,CA1-RSC,9,intermediate,FF,FF,0.15238,0.00969,0.01455,0.8134751773049647,10.0
63,CA1-RSC,9,naive,FF,FF,0.15238,0.00969,0.01749,0.06188201310965461,-10.0
63,CA1-RSC,10,expert,FB,FB,-0.04982,0.00794,0.02571,0.41447721179624675,150.0
63,CA1-RSC,10,intermediate,FB,FB,-0.04982,0.00794,0.01588,-0.9440694310511091,160.0
63,CA1-RSC,10,naive,FB,FB,-0.04982,0.00794,0.02899,0.1359166471552329,0.0
66,CA1-DG,1,expert,FB,FB,-0.22826,0.27359,0.29669,-0.2552044781643228,0.0
66,CA1-DG,1,intermediate,FB,FB,-0.22826,0.27359,0.31349,-0.1800463225975615,0.0
66,CA1-DG,1,naive,FB,FB,-0.22826,0.27359,0.29248,0.05225333524976818,0.0
66,CA1-DG,2,expert,FF,FF,0.32804,0.1865,0.16984,0.43512099991135533,0.0
66,CA1-DG,2,intermediate,FF,FF,0.32804,0.1865,0.19525,0.39802204928664076,0.0
66,CA1-DG,2,naive,FF,FF,0.32804,0.1865,0.16915,0.15858910756146757,0.0
66,CA1-DG,3,expert,FF,FF,0.09713,0.10282,0.07524,0.2705615428247305,0.0
66,CA1-DG,3,intermediate,FF,FF,0.09713,0.10282,0.07747,0.13243149865787862,10.0
66,CA1-DG,3,naive,FF,FF,0.09713,0.10282,0.08788,-0.06724674291862558,0.0
66,CA1-DG,4,expert,FB,FB,-0.05092,0.07751,0.07865,0.03422700202875151,0.0
66,CA1-DG,4,intermediate,FB,FB,-0.05092,0.07751,0.05479,-0.13196724404694515,0.0
66,CA1-DG,4,naive,FB,FB,-0.05092,0.07751,0.02277,0.006174286830793352,220.0
66,CA1-DG,5,expert,FF,FF,0.00688,0.06853,0.06431,-0.038874780230513814,0.0
66,CA1-DG,5,intermediate,FF,FF,0.00688,0.06853,0.07023,-0.07725427481855086,0.0
66,CA1-DG,5,naive,FF,FF,0.00688,0.06853,0.04009,-0.15914857626162954,10.0
66,CA1-DG,6,expert,FF,FF,0.06191,0.05957,0.05294,-0.2544140030441399,0.0
66,CA1-DG,6,intermediate,FF,FF,0.06191,0.05957,0.06701,0.12485121015738647,0.0
66,CA1-DG,6,naive,FF,FF,0.06191,0.05957,0.02373,-0.1522157996146436,0.0
66,CA1-DG,7,expert,FF,FF,0.05641,0.03494,0.02492,-0.8033799745593313,-220.0
66,CA1-DG,7,intermediate,FF,FF,0.05641,0.03494,0.02545,-0.44451244390044875,-80.0
66,CA1-DG,7,naive,FF,FF,0.05641,0.03494,0.02753,0.18012029123140233,0.0
66,CA1-DG,8,expert,FF,FF,0.02706,0.03235,0.04371,0.06909982688978641,-10.0
66,CA1-DG,8,intermediate,FF,FF,0.02706,0.03235,0.0345,0.16449442030837383,50.0
66,CA1-DG,8,naive,FF,FF,0.02706,0.03235,0.02012,-0.24367879966657402,-160.0
66,CA1-DG,9,expert,FB,FB,-0.01801,0.03073,0.02771,0.2770972960480702,0.0
66,CA1-DG,9,intermediate,FB,FB,-0.01801,0.03073,0.0235,-0.12658564712144066,-10.0
66,CA1-DG,9,naive,FB,FB,-0.01801,0.03073,0.03812,0.18685399517237114,0.0
66,CA1-DG,10,expert,FB,FB,-0.13541,0.02634,0.04587,-0.11033493878451407,-10.0
66,CA1-DG,10,intermediate,FB,FB,-0.13541,0.02634,0.03938,-0.18894529046813305,-160.0
66,CA1-DG,10,naive,FB,FB,-0.13541,0.02634,0.02379,-0.24909302484769666,140.0
66,CA1-RSC,1,expert,FF,FF,0.18957,0.10218,0.09682,0.20209449196578466,40.0
66,CA1-RSC,1,intermediate,FF,FF,0.18957,0.10218,0.09228,0.28188687197086015,40.0
66,CA1-RSC,1,naive,FF,FF,0.18957,0.10218,0.05987,0.19284688165651165,50.0
66,CA1-RSC,2,expert,FB,FB,-0.02488,0.06475,0.04678,0.04389574759945131,190.0
66,CA1-RSC,2,intermediate,FB,FB,-0.02488,0.06475,0.04921,0.08056844714767515,190.0
66,CA1-RSC,2,naive,FB,FB,-0.02488,0.06475,0.07999,-0.03254737451178931,0.0
66,CA1-RSC,3,expert,FB,FB,-0.00667,0.05423,0.06165,-0.1040462427745664,-10.0
66,CA1-RSC,3,intermediate,FB,FB,-0.00667,0.05423,0.04757,0.03482269503546095,-160.0
66,CA1-RSC,3,naive,FB,FB,-0.00667,0.05423,0.03845,0.023625715426593922,-230.0
66,CA1-RSC,4,expert,FB,FB,-0.00789,0.04171,0.05756,-0.10849165626589008,-30.0
66,CA1-RSC,4,intermediate,FB,FB,-0.00789,0.04171,0.07449,-0.006380250575458491,20.0
66,CA1-RSC,4,naive,FB,FB,-0.00789,0.04171,0.06693,-0.02637022615467521,0.0
66,CA1-RSC,5,expert,FB,FB,-0.02738,0.03446,0.05461,0.0064348302300109754,130.0
66,CA1-RSC,5,intermediate,FB,FB,-0.02738,0.03446,0.04828,-0.09214172021458478,-10.0
66,CA1-RSC,5,naive,FB,FB,-0.02738,0.03446,0.01579,-0.32116881459742236,-70.0
66,CA1-RSC,6,expert,FF,FF,0.05394,0.03201,0.03597,0.270131033710382,180.0
66,CA1-RSC,6,intermediate,FF,FF,0.05394,0.03201,0.03183,0.029763866007688135,30.0
66,CA1-RSC,6,naive,FF,FF,0.05394,0.03201,0.01683,-0.4598647818070068,220.0
66,CA1-RSC,7,expert,FB,FF,-0.00143,0.02298,0.02908,-0.08428062151072861,-180.0
66,CA1-RSC,7,intermediate,FB,FF,-0.00143,0.02298,0.03329,-0.3364913942839098,240.0
66,CA1-RSC,7,naive,FB,FF,-0.00143,0.02298,0.02286,-0.22871135150939254,-220.0
66,CA1-RSC,8,expert,FB,FB,-0.0203,0.0225,0.0286,0.12774451097804382,230.0
66,CA1-RSC,8,intermediate,FB,FB,-0.0203,0.0225,0.01369,-1.0,-170.0
66,CA1-RSC,8,naive,FB,FB,-0.0203,0.0225,0.03055,-0.0372692441657959,0.0
66,CA1-RSC,9,expert,FF,FF,0.06738,0.01826,0.03821,0.2793598233995585,-190.0
66,CA1-RSC,9,intermediate,FF,FF,0.06738,0.01826,0.02354,-0.023929316480549745,140.0
66,CA1-RSC,9,naive,FF,FF,0.06738,0.01826,0.02612,-0.4472104162450246,-40.0
66,CA1-RSC,10,expert,FB,FB,-0.15695,0.01594,0.03276,-0.07791257059192637,160.0
66,CA1-RSC,10,intermediate,FB,FB,-0.15695,0.01594,0.03712,-0.3787278657968313,130.0
66,CA1-RSC,10,naive,FB,FB,-0.15695,0.01594,0.02692,-0.3222823823406913,0.0
66,CA1-SUB,1,expert,FB,FB,-0.13566,0.116,0.13443,-0.059456235399373725,0.0
66,CA1-SUB,1,intermediate,FB,FB,-0.13566,0.116,0.15727,-0.07612397820163486,0.0
66,CA1-SUB,1,naive,FB,FB,-0.13566,0.116,0.07874,-0.11277636712702048,0.0
66,CA1-SUB,2,expert,FB,FB,-0.46827,0.08926,0.09844,-0.514280406817443,0.0
66,CA1-SUB,2,intermediate,FB,FB,-0.46827,0.08926,0.08803,-0.5625173082248686,0.0
66,CA1-SUB,2,naive,FB,FB,-0.46827,0.08926,0.07271,-0.514169338764191,0.0
66,CA1-SUB,3,expert,FB,FB,-0.05176,0.06339,0.03379,-0.428197189807097,-10.0
66,CA1-SUB,3,intermediate,FB,FB,-0.05176,0.06339,0.0426,-0.28015116661189626,-60.0
66,CA1-SUB,3,naive,FB,FB,-0.05176,0.06339,0.02212,-0.36259994077583657,-50.0
66,CA1-SUB,4,expert,FF,FB,0.00349,0.05734,0.04855,0.12615634848022775,0.0
66,CA1-SUB,4,intermediate,FF,FB,0.00349,0.05734,0.06309,0.14065122524337037,0.0
66,CA1-SUB,4,naive,FF,FF,0.00349,0.05734,0.0125,-0.5554789800137836,-190.0
66,CA1-SUB,5,expert,FB,FB,-0.13284,0.0476,0.10439,-0.2231188542112013,-20.0
66,CA1-SUB,5,intermediate,FB,FB,-0.13284,0.0476,0.08015,-0.19375919271657568,0.0
66,CA1-SUB,5,naive,FB,FB,-0.13284,0.0476,0.02972,-0.07997311827957002,0.0
66,CA1-SUB,6,expert,FB,FB,-0.05851,0.03921,0.06138,-0.07386106889044082,0.0
66,CA1-SUB,6,intermediate,FB,FB,-0.05851,0.03921,0.0506,-0.004696196660482445,190.0
66,CA1-SUB,6,naive,FB,FB,-0.05851,0.03921,0.01355,-1.0,-60.0
66,CA1-SUB,7,expert,FB,FB,-0.36444,0.03039,0.03192,-0.7734241908006814,0.0
66,CA1-SUB,7,intermediate,FB,FB,-0.36444,0.03039,0.02393,-0.8269038076152304,-20.0
66,CA1-SUB,7,naive,FB,FB,-0.36444,0.03039,0.01612,-0.9282489902589688,100.0
66,CA1-SUB,8,expert,FB,FB,-0.04579,0.02411,0.03755,-0.09292429490351316,0.0
66,CA1-SUB,8,intermediate,FB,FB,-0.04579,0.02411,0.03198,-0.2121212121212121,-10.0
66,CA1-SUB,8,naive,FB,FB,-0.04579,0.02411,0.00889,0.6341068537506744,120.0
66,CA1-SUB,9,expert,FB,FB,-0.0413,0.02086,0.02824,-0.045936853002070434,120.0
66,CA1-SUB,9,intermediate,FB,FB,-0.0413,0.02086,0.03642,0.07301075268817205,100.0
66,CA1-SUB,9,naive,FB,FB,-0.0413,0.02086,0.03894,0.038356256970024635,-50.0
66,CA1-SUB,10,expert,FB,FB,-0.28047,0.01606,0.02185,-0.07812085287091923,-150.0
66,CA1-SUB,10,intermediate,FB,FB,-0.28047,0.01606,0.03013,0.21334503950834066,-240.0
66,CA1-SUB,10,naive,FB,FB,-0.28047,0.01606,0.02684,-0.18698813624186766,120.0
66,CA1-V1,1,expert,FB,FB,-0.00453,0.09535,0.1019,-0.06509417617503652,0.0
66,CA1-V1,1,intermediate,FB,FB,-0.00453,0.09535,0.06296,-0.0689668246445498,-160.0
66,CA1-V1,1,naive,FB,FB,-0.00453,0.09535,0.07255,0.06880653836750374,0.0
66,CA1-V1,2,expert,FF,FF,0.02156,0.07769,0.08327,0.05356868335359817,-240.0
66,CA1-V1,2,intermediate,FF,FF,0.02156,0.07769,0.09568,0.002391527160915543,-110.0
66,CA1-V1,2,naive,FF,FF,0.02156,0.07769,0.06347,0.01345741160425987,0.0
66,CA1-V1,3,expert,FF,FF,0.01083,0.06829,0.07936,0.023102215868477376,-30.0
66,CA1-V1,3,intermediate,FF,FF,0.01083,0.06829,0.09229,0.08543856103476152,20.0
66,CA1-V1,3,naive,FF,FF,0.01083,0.06829,0.02769,0.17700921858565868,-180.0
66,CA1-V1,4,expert,FF,FF,0.0192,0.05358,0.06589,-0.0510773181398708,-140.0
66,CA1-V1,4,intermediate,FF,FF,0.0192,0.05358,0.05233,0.050389936499504996,0.0
66,CA1-V1,4,naive,FF,FF,0.0192,0.05358,0.02842,-0.21229342705451276,70.0
66,CA1-V1,5,expert,FB,FB,-0.01796,0.03976,0.03289,-0.2604822425466207,-70.0
66,CA1-V1,5,intermediate,FB,FB,-0.01796,0.03976,0.01722,-0.09813637832597223,10.0
66,CA1-V1,5,naive,FB,FB,-0.01796,0.03976,0.02753,-0.09952606635071092,0.0
66,CA1-V1,6,expert,FB,FB,-0.03451,0.03645,0.04843,-0.08278618327148148,250.0
66,CA1-V1,6,intermediate,FB,FB,-0.03451,0.03645,0.05144,0.0703840371737051,230.0
66,CA1-V1,6,naive,FB,FB,-0.03451,0.03645,0.04004,0.0011486826046377715,50.0
66,CA1-V1,7,expert,FF,FB,0.00393,0.02817,0.01927,0.4185136897001303,-230.0
66,CA1-V1,7,intermediate,FF,FF,0.00393,0.02817,0.03739,0.010428931875525724,-80.0
66,CA1-V1,7,naive,FF,FB,0.00393,0.02817,0.02834,0.13676068547042747,0.0
66,CA1-V1,8,expert,FB,FB,-0.00205,0.02407,0.03646,-0.01392781316348196,-230.0
66,CA1-V1,8,intermediate,FB,FB,-0.00205,0.02407,0.025,0.2222017560017192,30.0
66,CA1-V1,8,naive,FB,FB,-0.00205,0.02407,0.01473,-0.049407474931631716,-140.0
66,CA1-V1,9,expert,FF,FF,0.06521,0.02119,0.0352,0.2438720398836725,190.0
66,CA1-V1,9,intermediate,FF,FF,0.06521,0.02119,0.03864,0.07473414008067479,0.0
66,CA1-V1,9,naive,FF,FF,0.06521,0.02119,-0.00109,0.0,-140.0
66,CA1-V1,10,expert,FF,FF,0.0255,0.0199,0.01692,-0.22316572846102478,-30.0
66,CA1-V1,10,intermediate,FF,FF,0.0255,0.0199,0.01899,0.29928188530393457,20.0
66,CA1-V1,10,naive,FF,FF,0.0255,0.0199,0.01602,0.6139946174548251,150.0
66,RSC-SUB,1,expert,FF,FF,0.09968,0.05571,0.06476,0.11631248911339495,0.0
66,RSC-SUB,1,intermediate,FF,FF,0.09968,0.05571,0.05095,-0.06476731969593975,-230.0
66,RSC-SUB,1,naive,FF,FF,0.09968,0.05571,0.0574,0.012053725175066036,0.0
66,RSC-SUB,2,expert,FF,FF,0.046,0.04555,0.0455,0.019780789934496383,60.0
66,RSC-SUB,2,intermediate,FF,FF,0.046,0.04555,0.05095,-0.08666512595331635,250.0
66,RSC-SUB,2,naive,FF,FF,0.046,0.04555,0.02792,0.006242649054555368,-10.0
66,RSC-SUB,3,expert,FB,FB,-0.01311,0.03944,0.05524,0.00887368962203003,-90.0
66,RSC-SUB,3,intermediate,FB,FB,-0.01311,0.03944,0.03655,-0.014371115246050933,-90.0
66,RSC-SUB,3,naive,FB,FB,-0.01311,0.03944,0.02962,0.1285758039816233,10.0
66,RSC-SUB,4,expert,FF,FF,0.04559,0.0318,0.04873,0.09474482061647298,0.0
66,RSC-SUB,4,intermediate,FF,FF,0.04559,0.0318,0.03059,0.38553427052225214,-180.0
66,RSC-SUB,4,naive,FF,FF,0.04559,0.0318,0.03958,0.24275555555555556,0.0
66,RSC-SUB,5,expert,FF,FF,0.0469,0.02904,0.04421,0.09601731016295909,140.0
66,RSC-SUB,5,intermediate,FF,FF,0.0469,0.02904,0.04792,0.10570079627933186,160.0
66,RSC-SUB,5,naive,FF,FF,0.0469,0.02904,0.0383,0.05617011296564121,-90.0
66,RSC-SUB,6,expert,FF,FF,0.34894,0.02486,0.06781,0.16525624178712225,-10.0
66,RSC-SUB,6,intermediate,FF,FF,0.34894,0.02486,0.05944,0.22346781995106124,40.0
66,RSC-SUB,6,naive,FF,FF,0.34894,0.02486,0.04355,0.6251453890888949,10.0
66,RSC-SUB,7,expert,FF,FF,0.05428,0.01877,0.03926,0.11874677668901507,240.0
66,RSC-SUB,7,intermediate,FF,FF,0.05428,0.01877,0.03545,-0.1469137448340221,90.0
66,RSC-SUB,7,naive,FF,FF,0.05428,0.01877,0.02124,-0.42354740061162066,100.0
66,RSC-SUB,8,expert,FB,FB,-0.0051,0.01646,0.03467,-0.0395460187976591,130.0
66,RSC-SUB,8,intermediate,FB,FB,-0.0051,0.01646,0.03263,0.18989937832468107,140.0
66,RSC-SUB,8,naive,FB,FF,-0.0051,0.01646,0.01938,0.011365358387634552,120.0
66,RSC-SUB,9,expert,FB,FB,-0.10691,0.01083,0.01841,-0.11317718576792417,-40.0
66,RSC-SUB,9,intermediate,FB,FB,-0.10691,0.01083,0.0214,-0.09449143800288841,210.0
66,RSC-SUB,9,naive,FB,FB,-0.10691,0.01083,0.01399,0.03123890663826765,50.0
66,RSC-SUB,10,expert,FB,FB,-0.11964,0.00905,0.02437,0.16364503816793904,20.0
66,RSC-SUB,10,intermediate,FB,FB,-0.11964,0.00905,0.02163,0.2592277115275411,-220.0
66,RSC-SUB,10,naive,FB,FB,-0.11964,0.00905,0.0145,-0.36011616650532435,190.0
66,V1-RSC,1,expert,FF,FF,0.03239,0.12471,0.13016,0.04380305602716472,0.0
66,V1-RSC,1,intermediate,FF,FF,0.03239,0.12471,0.13131,0.029659715348646712,0.0
66,V1-RSC,1,naive,FF,FF,0.03239,0.12471,0.11534,0.08852471986787055,30.0
66,V1-RSC,2,expert,FF,FF,0.00533,0.09369,0.13035,-0.01980416336597286,-210.0
66,V1-RSC,2,intermediate,FF,FF,0.00533,0.09369,0.1007,0.0004088623680865834,-160.0
66,V1-RSC,2,naive,FF,FF,0.00533,0.09369,0.0792,-0.01241998942979612,0.0
66,V1-RSC,3,expert,FB,FB,-0.03789,0.07308,0.06807,-0.12922451145105665,0.0
66,V1-RSC,3,intermediate,FB,FB,-0.03789,0.07308,0.10055,0.004712134632418111,0.0
66,V1-RSC,3,naive,FB,FB,-0.03789,0.07308,0.06225,0.03626380257044589,0.0
66,V1-RSC,4,expert,FF,FF,0.03694,0.0601,0.06807,0.2105505364884831,20.0
66,V1-RSC,4,intermediate,FF,FF,0.03694,0.0601,0.08085,0.16298737166911112,0.0
66,V1-RSC,4,naive,FF,FF,0.03694,0.0601,0.07643,0.035074827493503075,0.0
66,V1-RSC,5,expert,FF,FF,0.00837,0.04552,0.02228,-0.3307401899096214,-90.0
66,V1-RSC,5,intermediate,FF,FF,0.00837,0.04552,0.0307,0.11578273396649236,-160.0
66,V1-RSC,5,naive,FF,FF,0.00837,0.04552,0.0386,0.07930694464009017,30.0
66,V1-RSC,6,expert,FB,FB,-0.0257,0.03688,0.03623,-0.09893061427505594,-60.0
66,V1-RSC,6,intermediate,FB,FB,-0.0257,0.03688,0.03882,0.040176472715437776,-80.0
66,V1-RSC,6,naive,FB,FB,-0.0257,0.03688,0.04122,0.13284522390601058,90.0
66,V1-RSC,7,expert,FB,FB,-0.01457,0.03475,0.04238,0.0335913740669063,0.0
66,V1-RSC,7,intermediate,FB,FB,-0.01457,0.03475,0.04623,-0.020140690614384595,40.0
66,V1-RSC,7,naive,FB,FB,-0.01457,0.03475,0.05272,0.0058789434462202216,250.0
66,V1-RSC,8,expert,FB,FB,-0.04703,0.02646,0.02759,-0.07491170456657785,-220.0
66,V1-RSC,8,intermediate,FB,FB,-0.04703,0.02646,0.02256,0.051245157719977764,0.0
66,V1-RSC,8,naive,FB,FB,-0.04703,0.02646,0.02049,0.10634257500949483,50.0
66,V1-RSC,9,expert,FB,FB,-0.02849,0.02237,0.04171,-0.09425403225806456,0.0
66,V1-RSC,9,intermediate,FB,FB,-0.02849,0.02237,0.0377,-0.028592375366568896,-80.0
66,V1-RSC,9,naive,FB,FB,-0.02849,0.02237,0.02637,-0.0824402801891875,-80.0
66,V1-RSC,10,expert,FF,FF,0.03722,0.01832,0.02377,0.3098290598290598,40.0
66,V1-RSC,10,intermediate,FF,FF,0.03722,0.01832,0.02537,0.5964646464646464,-240.0
66,V1-RSC,10,naive,FF,FF,0.03722,0.01832,0.01688,0.48192411114430833,120.0
68,CA1-CA3,1,expert,FB,FB,-0.07691,0.39311,0.4012,-0.022295566275071007,0.0
68,CA1-CA3,1,intermediate,FB,FB,-0.07691,0.39311,0.39902,-0.06756691584277798,0.0
68,CA1-CA3,1,naive,FB,FB,-0.07691,0.39311,0.42894,0.09081160939808412,0.0
68,CA1-CA3,2,expert,FB,FB,-0.0335,0.18728,0.17877,0.04590031068485755,0.0
68,CA1-CA3,2,intermediate,FB,FB,-0.0335,0.18728,0.1841,0.020522212829905212,0.0
68,CA1-CA3,2,naive,FB,FB,-0.0335,0.18728,0.20574,0.23667941693373307,0.0
68,CA1-CA3,3,expert,FB,FB,-0.52345,0.08164,0.11419,-0.5130000875426771,-10.0
68,CA1-CA3,3,intermediate,FB,FB,-0.52345,0.08164,0.11608,-0.5684609552691433,-10.0
68,CA1-CA3,3,naive,FB,FB,-0.52345,0.08164,0.09184,-0.6127600202942669,0.0
68,CA1-CA3,4,expert,FF,FF,0.42719,0.03861,0.02157,0.8795867474171715,-210.0
68,CA1-CA3,4,intermediate,FF,FF,0.42719,0.03861,0.02311,0.6468543621828293,0.0
68,CA1-CA3,4,naive,FF,FF,0.42719,0.03861,0.0243,0.7600986740672218,50.0
68,CA1-CA3,5,expert,FF,FF,0.15555,0.01931,0.02691,0.14094521120869932,200.0
68,CA1-CA3,5,intermediate,FF,FF,0.15555,0.01931,0.02132,0.025765765765765673,-50.0
68,CA1-CA3,5,naive,FF,FF,0.15555,0.01931,0.02256,-0.514450867052023,-120.0
68,CA1-CA3,6,expert,FF,FF,0.28795,0.0161,0.02741,0.7343802769334684,20.0
68,CA1-CA3,6,intermediate,FF,FF,0.28795,0.0161,0.02492,0.2935406698564594,60.0
68,CA1-CA3,6,naive,FF,FF,0.28795,0.0161,0.02431,-0.3624153862684002,-20.0
68,CA1-CA3,7,expert,FF,FF,0.0473,0.01584,0.02472,-0.02330508474576282,140.0
68,CA1-CA3,7,intermediate,FF,FF,0.0473,0.01584,0.0254,0.577891424075531,0.0
68,CA1-CA3,7,naive,FF,FF,0.0473,0.01584,0.04109,0.011636746389100026,-120.0
68,CA1-CA3,8,expert,FB,FB,-0.22008,0.01074,0.02421,-0.20087033923449707,-10.0
68,CA1-CA3,8,intermediate,FB,FB,-0.22008,0.01074,0.02216,-0.13199105145413875,-240.0
68,CA1-CA3,8,naive,FB,FB,-0.22008,0.01074,0.01277,-0.3077501881113619,0.0
68,CA1-CA3,9,expert,FF,FF,0.15913,0.00847,0.01853,0.26218197498921947,-120.0
68,CA1-CA3,9,intermediate,FF,FF,0.15913,0.00847,0.01894,0.06452874462260454,130.0
68,CA1-CA3,9,naive,FF,FF,0.15913,0.00847,0.02295,0.8252676659528907,130.0
68,CA1-CA3,10,expert,FB,FB,-0.08687,0.00543,0.01609,-0.5941230486685032,-30.0
68,CA1-CA3,10,intermediate,FB,FB,-0.08687,0.00543,0.0157,0.3800995024875622,-200.0
68,CA1-CA3,10,naive,FB,FF,-0.08687,0.00543,0.01261,-1.0,140.0
68,CA1-DG,1,expert,FB,FB,-0.02298,0.30358,0.26744,0.0796826711695925,0.0
68,CA1-DG,1,intermediate,FB,FB,-0.02298,0.30358,0.26645,-0.0887174717800027,0.0
68,CA1-DG,1,naive,FB,FB,-0.02298,0.30358,0.24752,0.15881311641237472,0.0
68,CA1-DG,2,expert,FF,FF,0.32327,0.19308,0.2002,0.08831430490261921,0.0
68,CA1-DG,2,intermediate,FF,FF,0.32327,0.19308,0.19579,0.17732544150907073,0.0
68,CA1-DG,2,naive,FF,FF,0.32327,0.19308,0.1882,0.08055634402497863,0.0
68,CA1-DG,3,expert,FF,FF,0.55751,0.08384,0.08912,0.4334658658319939,0.0
68,CA1-DG,3,intermediate,FF,FF,0.55751,0.08384,0.09181,0.44848533938117613,0.0
68,CA1-DG,3,naive,FF,FF,0.55751,0.08384,0.06321,0.5126763000778749,0.0
68,CA1-DG,4,expert,FB,FB,-0.0489,0.06488,0.066,-0.03126347563605006,0.0
68,CA1-DG,4,intermediate,FB,FB,-0.0489,0.06488,0.07323,-0.06970539188438031,0.0
68,CA1-DG,4,naive,FB,FB,-0.0489,0.06488,0.05512,0.10196601132955675,-70.0
68,CA1-DG,5,expert,FF,FF,0.01918,0.03354,0.03067,-0.019370298875058218,-130.0
68,CA1-DG,5,intermediate,FF,FF,0.01918,0.03354,0.03471,-0.2965205091937765,-10.0
68,CA1-DG,5,naive,FF,FB,0.01918,0.03354,0.0395,0.37222781050917275,10.0
68,CA1-DG,6,expert,FB,FB,-0.03735,0.02446,0.01996,0.41727199354318,-190.0
68,CA1-DG,6,intermediate,FB,FB,-0.03735,0.02446,0.02641,0.16578549848942595,0.0
68,CA1-DG,6,naive,FB,FB,-0.03735,0.02446,0.0169,0.07627829002514663,130.0
68,CA1-DG,7,expert,FB,FB,-0.04111,0.01824,0.03134,-0.20289993322522185,0.0
68,CA1-DG,7,intermediate,FB,FB,-0.04111,0.01824,0.02041,0.14722807017543865,-120.0
68,CA1-DG,7,naive,FB,FB,-0.04111,0.01824,0.02226,0.17864205669083721,-110.0
68,CA1-DG,8,expert,FF,FF,0.1065,0.01619,0.01405,1.0,-130.0
68,CA1-DG,8,intermediate,FF,FF,0.1065,0.01619,0.01618,0.02183734939759032,20.0
68,CA1-DG,8,naive,FF,FF,0.1065,0.01619,0.01303,0.9218750000000001,-130.0
68,CA1-DG,9,expert,FB,FB,-0.08467,0.01547,0.01826,-0.04551513997333842,170.0
68,CA1-DG,9,intermediate,FB,FB,-0.08467,0.01547,0.02692,0.4325333333333333,60.0
68,CA1-DG,9,naive,FB,FB,-0.08467,0.01547,0.02871,0.6598079561042525,0.0
68,CA1-DG,10,expert,FF,FF,0.07311,0.01313,0.02857,-0.37247073768260597,-10.0
68,CA1-DG,10,intermediate,FF,FF,0.07311,0.01313,0.03106,0.21581866409452619,10.0
68,CA1-DG,10,naive,FF,FF,0.07311,0.01313,0.02229,-0.0631954650430402,-70.0
68,CA1-RSC,1,expert,FF,FF,0.5049,0.07945,0.07487,0.5371187604197313,0.0
68,CA1-RSC,1,intermediate,FF,FF,0.5049,0.07945,0.07147,0.2957550452331246,0.0
68,CA1-RSC,1,naive,FF,FF,0.5049,0.07945,0.08957,0.6103593220338982,10.0
68,CA1-RSC,2,expert,FF,FF,0.06371,0.07442,0.07817,0.1272158749248347,60.0
68,CA1-RSC,2,intermediate,FF,FF,0.06371,0.07442,0.0829,0.009828769240279443,50.0
68,CA1-RSC,2,naive,FF,FF,0.06371,0.07442,0.05194,0.05239294710327452,0.0
68,CA1-RSC,3,expert,FB,FB,-0.00064,0.05824,0.02614,-0.034773445732349986,10.0
68,CA1-RSC,3,intermediate,FB,FB,-0.00064,0.05824,0.03936,0.16401528308440433,30.0
68,CA1-RSC,3,naive,FB,FB,-0.00064,0.05824,0.03165,0.3428102788408967,-240.0
68,CA1-RSC,4,expert,FB,FB,-0.0377,0.042,0.02708,-0.0331388564760794,90.0
68,CA1-RSC,4,intermediate,FB,FB,-0.0377,0.042,0.02749,-0.38242353852109945,-10.0
68,CA1-RSC,4,naive,FB,FB,-0.0377,0.042,0.02536,-0.7045735475896168,100.0
68,CA1-RSC,5,expert,FF,FF,0.02849,0.03421,0.05888,-0.09400702283600036,-200.0
68,CA1-RSC,5,intermediate,FF,FF,0.02849,0.03421,0.03612,0.0719706046808851,-80.0
68,CA1-RSC,5,naive,FF,FF,0.02849,0.03421,0.02161,0.03586228881096595,10.0
68,CA1-RSC,6,expert,FB,FB,-0.07015,0.02372,0.02876,-0.2138874276696475,-220.0
68,CA1-RSC,6,intermediate,FB,FB,-0.07015,0.02372,0.02525,-0.06951938762705481,-170.0
68,CA1-RSC,6,naive,FB,FB,-0.07015,0.02372,0.04578,0.005482790130977897,10.0
68,CA1-RSC,7,expert,FF,FF,0.07944,0.02207,0.03068,0.2098151371963855,0.0
68,CA1-RSC,7,intermediate,FF,FF,0.07944,0.02207,0.03184,0.33246259795772976,30.0
68,CA1-RSC,7,naive,FF,FF,0.07944,0.02207,0.0141,0.4393162393162393,0.0
68,CA1-RSC,8,expert,FB,FB,-0.03816,0.01726,0.0339,0.2648221343873518,230.0
68,CA1-RSC,8,intermediate,FB,FB,-0.03816,0.01726,0.03284,0.0018810828494316228,0.0
68,CA1-RSC,8,naive,FB,FB,-0.03816,0.01726,0.03156,0.16822840409956075,0.0
68,CA1-RSC,9,expert,FB,FB,-0.05908,0.01451,0.04854,0.2769775172463094,50.0
68,CA1-RSC,9,intermediate,FB,FB,-0.05908,0.01451,0.03372,0.17823309098920473,130.0
68,CA1-RSC,9,naive,FB,FB,-0.05908,0.01451,0.0287,-0.11164328885847873,-130.0
68,CA1-RSC,10,expert,FF,FF,0.12809,0.01223,0.01542,1.0,10.0
68,CA1-RSC,10,intermediate,FF,FF,0.12809,0.01223,0.01127,-0.17839054586381542,130.0
68,CA1-RSC,10,naive,FF,FF,0.12809,0.01223,0.02387,0.35706664079930156,0.0
68,CA3-DG,1,expert,FB,FB,-0.19113,0.34099,0.33906,-0.5139259299991751,0.0
68,CA3-DG,1,intermediate,FB,FB,-0.19113,0.34099,0.35636,-0.39014298433981043,0.0
68,CA3-DG,1,naive,FB,FB,-0.19113,0.34099,0.30174,-0.4108411806599669,0.0
68,CA3-DG,2,expert,FB,FB,-0.01594,0.27795,0.30253,-0.009417159921079315,0.0
68,CA3-DG,2,intermediate,FB,FB,-0.01594,0.27795,0.27858,-0.008656986034878142,0.0
68,CA3-DG,2,naive,FB,FB,-0.01594,0.27795,0.26067,-0.10393117935380616,0.0
68,CA3-DG,3,expert,FB,FB,-0.35879,0.14179,0.1147,-0.7088300339824154,0.0
68,CA3-DG,3,intermediate,FB,FB,-0.35879,0.14179,0.11291,-0.8465657939476368,0.0
68,CA3-DG,3,naive,FB,FB,-0.35879,0.14179,0.10596,-0.75441868350782,0.0
68,CA3-DG,4,expert,FB,FB,-0.27097,0.05169,0.05356,-0.2552044969955418,0.0
68,CA3-DG,4,intermediate,FB,FB,-0.27097,0.05169,0.05501,-0.14688004924213274,0.0
68,CA3-DG,4,naive,FB,FB,-0.27097,0.05169,0.0496,-0.6583466592505042,-10.0
68,CA3-DG,5,expert,FB,FB,-0.36036,0.04674,0.03403,-0.26284614245520505,0.0
68,CA3-DG,5,intermediate,FB,FB,-0.36036,0.04674,0.0282,-0.11814621409921662,-10.0
68,CA3-DG,5,naive,FB,FB,-0.36036,0.04674,0.04764,0.058381877022653676,0.0
68,CA3-DG,6,expert,FB,FB,-0.10873,0.03937,0.03487,-0.6201241134751774,-20.0
68,CA3-DG,6,intermediate,FB,FB,-0.10873,0.03937,0.07133,-0.21667642342640434,0.0
68,CA3-DG,6,naive,FB,FB,-0.10873,0.03937,0.01809,-0.3401545207767801,-20.0
68,CA3-DG,7,expert,FF,FF,0.01514,0.03358,0.03065,-0.24079207920792078,0.0
68,CA3-DG,7,intermediate,FF,FF,0.01514,0.03358,0.02565,0.1124575860397479,0.0
68,CA3-DG,7,naive,FF,FF,0.01514,0.03358,0.01802,-0.0854602338218344,0.0
68,CA3-DG,8,expert,FB,FB,-0.11421,0.02378,0.02121,-0.6387416048073525,-60.0
68,CA3-DG,8,intermediate,FB,FB,-0.11421,0.02378,0.03026,-0.4641827456198712,-30.0
68,CA3-DG,8,naive,FB,FB,-0.11421,0.02378,0.03417,-0.13158605782221025,-30.0
68,CA3-DG,9,expert,FF,FF,0.05149,0.01551,0.01737,0.2168314555070132,-240.0
68,CA3-DG,9,intermediate,FF,FF,0.05149,0.01551,0.01939,-0.0006528835690968366,0.0
68,CA3-DG,9,naive,FF,FF,0.05149,0.01551,0.01945,-0.3614520311149524,0.0
68,CA3-DG,10,expert,FB,FB,-0.42749,0.01299,0.01881,0.3794044665012407,20.0
68,CA3-DG,10,intermediate,FB,FB,-0.42749,0.01299,0.02127,-0.4812588401697313,0.0
68,CA3-DG,10,naive,FB,FB,-0.42749,0.01299,0.01509,0.787142857142857,90.0
73,CA1-DG,1,expert,FB,FB,-0.03598,0.17781,0.17951,-0.1092951991828396,0.0
73,CA1-DG,1,intermediate,FB,FB,-0.03598,0.17781,0.18813,-0.05721605465414181,0.0
73,CA1-DG,1,naive,FB,FB,-0.03598,0.17781,0.18151,0.30507129631856117,0.0
73,CA1-DG,2,expert,FB,FB,-0.01613,0.10412,0.08945,-0.10477371357718537,0.0
73,CA1-DG,2,intermediate,FB,FB,-0.01613,0.10412,0.08816,-0.35346493388398426,0.0
73,CA1-DG,2,naive,FB,FF,-0.01613,0.10412,0.07543,-0.39223710317460314,0.0
73,CA1-DG,3,expert,FB,FB,-0.03048,0.05208,0.01748,1.0,190.0
73,CA1-DG,3,intermediate,FB,FB,-0.03048,0.05208,0.03345,0.48782705323770076,0.0
73,CA1-DG,3,naive,FB,FB,-0.03048,0.05208,0.04484,0.0392506690454952,0.0
73,CA1-DG,4,expert,FB,FB,-0.01557,0.04559,0.01915,0.20847121111846453,110.0
73,CA1-DG,4,intermediate,FB,FB,-0.01557,0.04559,0.03572,0.07158374397287129,0.0
73,CA1-DG,4,naive,FB,FB,-0.01557,0.04559,0.02813,-0.10731339532545867,0.0
73,CA1-DG,5,expert,FF,FF,0.01903,0.02946,0.03827,-0.15349000761882423,0.0
73,CA1-DG,5,intermediate,FF,FF,0.01903,0.02946,0.02171,-0.479464529642109,-30.0
73,CA1-DG,5,naive,FF,FF,0.01903,0.02946,0.03862,0.01711276875822724,0.0
73,CA1-DG,6,expert,FF,FF,0.03931,0.02682,0.01485,-0.3439560439560439,70.0
73,CA1-DG,6,intermediate,FF,FF,0.03931,0.02682,0.02271,0.15556186958374776,-210.0
73,CA1-DG,6,naive,FF,FF,0.03931,0.02682,0.02479,-0.45109114249037224,-50.0
73,CA1-DG,7,expert,FF,FF,0.02436,0.02422,0.02463,0.01878914405010445,0.0
73,CA1-DG,7,intermediate,FF,FF,0.02436,0.02422,0.03195,-0.3165259348612788,0.0
73,CA1-DG,7,naive,FF,FF,0.02436,0.02422,0.01881,-0.7746650426309378,0.0
73,CA1-DG,8,expert,FB,FB,-0.13728,0.02149,0.0142,0.4336318407960198,30.0
73,CA1-DG,8,intermediate,FB,FB,-0.13728,0.02149,0.01895,0.12434972310790397,90.0
73,CA1-DG,8,naive,FB,FB,-0.13728,0.02149,0.03352,0.023268253543728246,0.0
73,CA1-DG,9,expert,FB,FB,-0.05541,0.02104,0.02404,0.21281253600645245,0.0
73,CA1-DG,9,intermediate,FB,FB,-0.05541,0.02104,0.02103,-0.13763281443044223,110.0
73,CA1-DG,9,naive,FB,FB,-0.05541,0.02104,0.02217,-0.026842048978718797,0.0
73,CA1-DG,10,expert,FB,FB,-0.03027,0.01697,0.02985,-0.0048160889124108245,0.0
73,CA1-DG,10,intermediate,FB,FB,-0.03027,0.01697,0.02123,-0.03681398737251093,160.0
73,CA1-DG,10,naive,FB,FB,-0.03027,0.01697,0.01328,0.3485688928333702,-100.0
73,CA1-RSC,1,expert,FF,FF,0.12938,0.07482,0.07398,0.0873280006227984,70.0
73,CA1-RSC,1,intermediate,FF,FF,0.12938,0.07482,0.10579,0.11251723858197454,40.0
73,CA1-RSC,1,naive,FF,FF,0.12938,0.07482,0.09491,0.2517293689320389,40.0
73,CA1-RSC,2,expert,FB,FB,-0.02194,0.07286,0.07679,0.08278919513368616,-80.0
73,CA1-RSC,2,intermediate,FB,FB,-0.02194,0.07286,0.06465,0.030232651263364524,0.0
73,CA1-RSC,2,naive,FB,FB,-0.02194,0.07286,0.01514,-1.0,0.0
73,CA1-RSC,3,expert,FF,FF,0.03041,0.05988,0.05042,-0.06253691187085766,-10.0
73,CA1-RSC,3,intermediate,FF,FF,0.03041,0.05988,0.04374,-0.08990140598564848,-150.0
73,CA1-RSC,3,naive,FF,FF,0.03041,0.05988,0.06961,0.10401657789506075,20.0
73,CA1-RSC,4,expert,FF,FF,0.01252,0.04538,0.0507,-0.06222516715860506,0.0
73,CA1-RSC,4,intermediate,FF,FF,0.01252,0.04538,0.05852,0.061935842244132705,160.0
73,CA1-RSC,4,naive,FF,FF,0.01252,0.04538,0.04003,0.08881438150948771,0.0
73,CA1-RSC,5,expert,FF,FF,0.05369,0.03528,0.03667,-0.0903881219067465,100.0
73,CA1-RSC,5,intermediate,FF,FF,0.05369,0.03528,0.05728,-0.023315385017512687,-130.0
73,CA1-RSC,5,naive,FF,FF,0.05369,0.03528,0.02634,0.05093329474750402,70.0
73,CA1-RSC,6,expert,FB,FB,-0.04407,0.02834,0.02026,-0.002744148506860385,0.0
73,CA1-RSC,6,intermediate,FB,FB,-0.04407,0.02834,0.02442,0.24106602059357965,30.0
73,CA1-RSC,6,naive,FB,FB,-0.04407,0.02834,0.00712,-1.0,-170.0
73,CA1-RSC,7,expert,FF,FF,0.05956,0.02728,0.02096,-0.17665650750649062,150.0
73,CA1-RSC,7,intermediate,FF,FF,0.05956,0.02728,0.03212,0.0408335680090116,20.0
73,CA1-RSC,7,naive,FF,FF,0.05956,0.02728,0.01228,-1.0,190.0
73,CA1-RSC,8,expert,FF,FF,0.10904,0.02032,0.02533,0.5646120744209593,0.0
73,CA1-RSC,8,intermediate,FF,FF,0.10904,0.02032,0.03684,0.08964478696075819,0.0
73,CA1-RSC,8,naive,FF,FF,0.10904,0.02032,0.01796,0.3958468526930563,140.0
73,CA1-RSC,9,expert,FF,FF,0.06403,0.01603,0.0301,0.2098226105374636,30.0
73,CA1-RSC,9,intermediate,FF,FF,0.06403,0.01603,0.02898,0.02653399668325034,200.0
73,CA1-RSC,9,naive,FF,FF,0.06403,0.01603,0.01911,-0.056119980648282504,70.0
73,CA1-RSC,10,expert,FB,FB,-0.12321,0.01493,0.01872,-0.03531396890442327,-20.0
73,CA1-RSC,10,intermediate,FB,FB,-0.12321,0.01493,0.03262,-0.12689663714621913,0.0
73,CA1-RSC,10,naive,FB,FB,-0.12321,0.01493,0.02084,-0.11926425985715679,-110.0
73,CA1-SUB,1,expert,FB,FB,-0.1863,0.13644,0.14043,-0.012788093345856457,0.0
73,CA1-SUB,1,intermediate,FB,FB,-0.1863,0.13644,0.15391,-0.08415648362206142,0.0
73,CA1-SUB,1,naive,FB,FB,-0.1863,0.13644,0.13559,0.05683663527119188,0.0
73,CA1-SUB,2,expert,FB,FB,-0.38852,0.08951,0.0765,-0.6778292438657988,-10.0
73,CA1-SUB,2,intermediate,FB,FB,-0.38852,0.08951,0.0876,-0.6462055323558039,0.0
73,CA1-SUB,2,naive,FB,FB,-0.38852,0.08951,0.0616,-0.7097465013197869,0.0
73,CA1-SUB,3,expert,FB,FB,-0.01663,0.0628,0.06932,-0.022044393636277065,0.0
73,CA1-SUB,3,intermediate,FB,FB,-0.01663,0.0628,0.08841,-0.06578273316257338,0.0
73,CA1-SUB,3,naive,FB,FB,-0.01663,0.0628,0.05724,-0.17218383028077128,0.0
73,CA1-SUB,4,expert,FF,FF,0.64591,0.04504,0.03289,0.9647260808490713,0.0
73,CA1-SUB,4,intermediate,FF,FF,0.64591,0.04504,0.05157,0.33308669379701566,0.0
73,CA1-SUB,4,naive,FF,FF,0.64591,0.04504,0.03092,0.0,0.0
73,CA1-SUB,5,expert,FB,FB,-0.23447,0.03801,0.0291,0.026970954356846554,0.0
73,CA1-SUB,5,intermediate,FB,FB,-0.23447,0.03801,0.03676,-0.18599783471670875,0.0
73,CA1-SUB,5,naive,FB,FB,-0.23447,0.03801,0.01195,-1.0,100.0
73,CA1-SUB,6,expert,FB,FB,-0.02504,0.0331,0.02961,0.07397328055418093,20.0
73,CA1-SUB,6,intermediate,FB,FB,-0.02504,0.0331,0.04909,-0.05436387048145471,0.0
73,CA1-SUB,6,naive,FB,FB,-0.02504,0.0331,0.02561,-0.5558678847505271,-160.0
73,CA1-SUB,7,expert,FB,FB,-0.09149,0.02794,0.01754,0.23583829679381577,40.0
73,CA1-SUB,7,intermediate,FB,FB,-0.09149,0.02794,0.04736,-0.03145880738252598,0.0
73,CA1-SUB,7,naive,FB,FB,-0.09149,0.02794,0.0241,0.005849174848548294,0.0
73,CA1-SUB,8,expert,FB,FB,-0.07962,0.02609,0.03637,-0.21159729979117098,-20.0
73,CA1-SUB,8,intermediate,FB,FB,-0.07962,0.02609,0.05715,-0.026390450190032673,-10.0
73,CA1-SUB,8,naive,FB,FB,-0.07962,0.02609,0.02345,-0.7629973860005809,-10.0
73,CA1-SUB,9,expert,FB,FB,-0.03456,0.02226,0.03457,-0.18004213752154757,0.0
73,CA1-SUB,9,intermediate,FB,FB,-0.03456,0.02226,0.02129,-0.30299926847110464,70.0
73,CA1-SUB,9,naive,FB,FB,-0.03456,0.02226,0.01231,-0.13282863041982113,0.0
73,CA1-SUB,10,expert,FB,FB,-0.02948,0.01904,0.02481,0.1606528672378213,10.0
73,CA1-SUB,10,intermediate,FB,FB,-0.02948,0.01904,0.02596,-0.14589558797679728,-130.0
73,CA1-SUB,10,naive,FB,FB,-0.02948,0.01904,0.01069,-0.05467168064796064,0.0
73,CA1-V1,1,expert,FF,FF,0.01323,0.06469,0.08569,-0.05025001093342262,0.0
73,CA1-V1,1,intermediate,FF,FF,0.01323,0.06469,0.08577,0.012068414322250693,10.0
73,CA1-V1,1,naive,FF,FF,0.01323,0.06469,0.02551,0.13837653368001956,0.0
73,CA1-V1,2,expert,FB,FB,-0.0192,0.05435,0.05913,0.025428711415972496,0.0
73,CA1-V1,2,intermediate,FB,FB,-0.0192,0.05435,0.05488,0.0063261306407998655,-100.0
73,CA1-V1,2,naive,FB,FB,-0.0192,0.05435,0.02484,-0.6623754152823921,0.0
73,CA1-V1,3,expert,FF,FF,0.01301,0.04332,0.04975,0.010237190934929726,-10.0
73,CA1-V1,3,intermediate,FF,FF,0.01301,0.04332,0.03958,0.115396797466127,-100.0
73,CA1-V1,3,naive,FF,FF,0.01301,0.04332,0.03757,0.007744500034267717,-130.0
73,CA1-V1,4,expert,FB,FB,-0.02983,0.03095,0.03653,-0.03376320974386536,60.0
73,CA1-V1,4,intermediate,FB,FB,-0.02983,0.03095,0.05903,-0.0006401566500979586,20.0
73,CA1-V1,4,naive,FB,FB,-0.02983,0.03095,0.01178,0.1479289940828403,90.0
73,CA1-V1,5,expert,FF,FF,0.01,0.02357,0.02958,0.12350315312123578,-170.0
73,CA1-V1,5,intermediate,FF,FF,0.01,0.02357,0.02812,0.044130417620588835,170.0
73,CA1-V1,5,naive,FF,FF,0.01,0.02357,0.005,1.0,10.0
73,CA1-V1,6,expert,FB,FB,-0.02473,0.01862,0.03695,0.10925085130533482,-90.0
73,CA1-V1,6,intermediate,FB,FB,-0.02473,0.01862,0.02563,-0.4989473684210527,-170.0
73,CA1-V1,6,naive,FB,FB,-0.02473,0.01862,0.00982,0.6961929890689785,190.0
73,CA1-V1,7,expert,FF,FF,0.00087,0.01681,0.03557,-0.06445757900125654,-100.0
73,CA1-V1,7,intermediate,FF,FF,0.00087,0.01681,0.03623,-0.03084907020325786,-150.0
73,CA1-V1,7,naive,FF,FB,0.00087,0.01681,0.00226,1.0,70.0
73,CA1-V1,8,expert,FB,FB,-0.05333,0.01606,0.03805,0.004599334405264859,-10.0
73,CA1-V1,8,intermediate,FB,FB,-0.05333,0.01606,0.03808,-0.18545068365856904,-90.0
73,CA1-V1,8,naive,FB,FB,-0.05333,0.01606,0.02917,-0.05736883145817086,-190.0
73,CA1-V1,9,expert,FF,FB,0.00076,0.01465,0.0175,0.6693113297365917,0.0
73,CA1-V1,9,intermediate,FF,FB,0.00076,0.01465,0.01905,0.9580498866213153,10.0
73,CA1-V1,9,naive,FF,FF,0.00076,0.01465,0.01593,-0.42788139004427744,0.0
73,CA1-V1,10,expert,FF,FB,0.00886,0.01113,0.01757,0.18941875985924042,-250.0
73,CA1-V1,10,intermediate,FF,FF,0.00886,0.01113,0.01921,-0.2698695797569949,-40.0
73,CA1-V1,10,naive,FF,FF,0.00886,0.01113,0.01389,-0.33825338253382525,250.0
73,RSC-SUB,1,expert,FB,FB,-0.00309,0.11383,0.11337,0.0019367841517967136,-160.0
73,RSC-SUB,1,intermediate,FB,FB,-0.00309,0.11383,0.11195,-0.04442070249253767,0.0
73,RSC-SUB,1,naive,FB,FB,-0.00309,0.11383,0.11063,-0.011777102832703178,0.0
73,RSC-SUB,2,expert,FF,FF,0.01922,0.10233,0.07799,0.05209632543413609,0.0
73,RSC-SUB,2,intermediate,FF,FF,0.01922,0.10233,0.07897,0.06900302114803625,0.0
73,RSC-SUB,2,naive,FF,FF,0.01922,0.10233,0.10326,0.02199561273492622,0.0
73,RSC-SUB,3,expert,FB,FB,-0.07366,0.05969,0.05879,-0.05928393674239373,-10.0
73,RSC-SUB,3,intermediate,FB,FB,-0.07366,0.05969,0.07258,-0.07666225884108091,-20.0
73,RSC-SUB,3,naive,FB,FB,-0.07366,0.05969,0.05209,-0.08040416826781786,-40.0
73,RSC-SUB,4,expert,FB,FB,-0.07771,0.05374,0.0956,-0.10807290051238791,-20.0
73,RSC-SUB,4,intermediate,FB,FB,-0.07771,0.05374,0.09226,0.003192603376497423,90.0
73,RSC-SUB,4,naive,FB,FB,-0.07771,0.05374,0.02039,0.00034437633445834174,140.0
73,RSC-SUB,5,expert,FB,FB,-0.00103,0.04071,0.03145,0.046438505260611905,10.0
73,RSC-SUB,5,intermediate,FB,FB,-0.00103,0.04071,0.04519,0.06162242851145219,150.0
73,RSC-SUB,5,naive,FB,FF,-0.00103,0.04071,0.03058,-0.11512108373868936,-10.0
73,RSC-SUB,6,expert,FB,FB,-0.02458,0.03879,0.03414,-0.043302613306400756,130.0
73,RSC-SUB,6,intermediate,FB,FB,-0.02458,0.03879,0.03791,-0.19895312426975748,-20.0
73,RSC-SUB,6,naive,FB,FB,-0.02458,0.03879,0.04705,-0.011758803424163567,10.0
73,RSC-SUB,7,expert,FF,FF,0.01589,0.03337,0.04941,-0.07189445229769607,-40.0
73,RSC-SUB,7,intermediate,FF,FF,0.01589,0.03337,0.03738,0.0729812971477034,80.0
73,RSC-SUB,7,naive,FF,FF,0.01589,0.03337,0.03185,0.10453408189418432,180.0
73,RSC-SUB,8,expert,FB,FB,-0.06913,0.027,0.0383,-0.06476348547717858,120.0
73,RSC-SUB,8,intermediate,FB,FB,-0.06913,0.027,0.0319,0.1398613418896464,0.0
73,RSC-SUB,8,naive,FB,FB,-0.06913,0.027,0.02775,-0.06837515950659288,-30.0
73,RSC-SUB,9,expert,FB,FB,-0.10057,0.02644,0.02632,-0.19879419912009128,-120.0
73,RSC-SUB,9,intermediate,FB,FB,-0.10057,0.02644,0.02734,-0.38290456431535275,-10.0
73,RSC-SUB,9,naive,FB,FB,-0.10057,0.02644,0.06926,-0.04689249720044802,0.0
73,RSC-SUB,10,expert,FB,FB,-0.13763,0.01945,0.03064,-0.3054265260396743,-30.0
73,RSC-SUB,10,intermediate,FB,FB,-0.13763,0.01945,0.02871,-0.16826222684703437,-20.0
73,RSC-SUB,10,naive,FB,FB,-0.13763,0.01945,0.02846,0.010901690973399849,-160.0
73,V1-RSC,1,expert,FB,FB,-0.00243,0.18494,0.21065,0.006639773496028698,0.0
73,V1-RSC,1,intermediate,FB,FB,-0.00243,0.18494,0.20061,0.004854933265427023,0.0
73,V1-RSC,1,naive,FB,FB,-0.00243,0.18494,0.11639,-0.006813531281292117,0.0
73,V1-RSC,2,expert,FF,FF,0.02284,0.15281,0.16932,0.03211361827819206,0.0
73,V1-RSC,2,intermediate,FF,FF,0.02284,0.15281,0.16585,0.0038485741728215943,60.0
73,V1-RSC,2,naive,FF,FF,0.02284,0.15281,0.09599,-0.019619402457141576,0.0
73,V1-RSC,3,expert,FF,FF,0.35459,0.09695,0.13723,0.31777236292269856,50.0
73,V1-RSC,3,intermediate,FF,FF,0.35459,0.09695,0.1506,0.3316533013565165,40.0
73,V1-RSC,3,naive,FF,FF,0.35459,0.09695,0.10412,0.39613798831311364,40.0
73,V1-RSC,4,expert,FF,FF,0.08493,0.0683,0.07658,0.08690624855464588,40.0
73,V1-RSC,4,intermediate,FF,FF,0.08493,0.0683,0.08731,0.04145598941098614,70.0
73,V1-RSC,4,naive,FF,FF,0.08493,0.0683,0.07188,0.03281844218038403,0.0
73,V1-RSC,5,expert,FB,FB,-0.02323,0.06705,0.07322,0.020813352851109745,20.0
73,V1-RSC,5,intermediate,FB,FB,-0.02323,0.06705,0.07718,-0.03424418069739616,0.0
73,V1-RSC,5,naive,FB,FB,-0.02323,0.06705,0.0508,-0.1188249740247473,0.0
73,V1-RSC,6,expert,FB,FB,-0.0232,0.04991,0.04661,-0.04549575261054959,-30.0
73,V1-RSC,6,intermediate,FB,FB,-0.0232,0.04991,0.0589,-0.07038185447903837,0.0
73,V1-RSC,6,naive,FB,FB,-0.0232,0.04991,0.0263,0.06529050214542494,-10.0
73,V1-RSC,7,expert,FF,FF,0.0344,0.04418,0.04207,0.009152872444011662,30.0
73,V1-RSC,7,intermediate,FF,FF,0.0344,0.04418,0.03803,0.054471733856226584,0.0
73,V1-RSC,7,naive,FF,FF,0.0344,0.04418,0.03585,0.017016224772457504,20.0
73,V1-RSC,8,expert,FF,FF,0.23334,0.03755,0.04833,0.35941136208076657,40.0
73,V1-RSC,8,intermediate,FF,FF,0.23334,0.03755,0.04827,0.09880408561309867,40.0
73,V1-RSC,8,naive,FF,FF,0.23334,0.03755,0.04088,0.15227024597007258,30.0
73,V1-RSC,9,expert,FF,FF,0.28398,0.02979,0.0472,0.21790782735918077,40.0
73,V1-RSC,9,intermediate,FF,FF,0.28398,0.02979,0.03738,0.20730155267081196,60.0
73,V1-RSC,9,naive,FF,FF,0.28398,0.02979,0.03545,0.19696594937752498,0.0
73,V1-RSC,10,expert,FF,FF,0.09159,0.02284,0.03348,0.37119355967798373,-190.0
73,V1-RSC,10,intermediate,FF,FF,0.09159,0.02284,0.02796,0.10964378801042565,-50.0
73,V1-RSC,10,naive,FF,FF,0.09159,0.02284,0.02012,0.08667065152420803,220.0
75,CA1-DG,1,expert,FF,FB,0.00826,0.22837,0.20657,0.1573926868044516,0.0
75,CA1-DG,1,intermediate,FF,FF,0.00826,0.22837,0.23685,-0.04394966118102603,0.0
75,CA1-DG,1,naive,FF,FB,0.00826,0.22837,0.27874,0.06303276311974483,0.0
75,CA1-DG,2,expert,FF,FF,0.05039,0.06916,0.05412,0.5542588399233582,0.0
75,CA1-DG,2,intermediate,FF,FF,0.05039,0.06916,0.06297,0.43903110377098803,0.0
75,CA1-DG,2,naive,FF,FF,0.05039,0.06916,0.04251,0.2773272786247162,0.0
75,CA1-DG,3,expert,FB,FB,-0.07785,0.05046,0.01999,-0.0827617741197988,0.0
75,CA1-DG,3,intermediate,FB,FB,-0.07785,0.05046,0.02889,0.6509051607673602,0.0
75,CA1-DG,3,naive,FB,FB,-0.07785,0.05046,0.02311,-0.21734001769389555,0.0
75,CA1-DG,4,expert,FB,FB,-0.07514,0.04063,0.02923,0.1804086538461538,0.0
75,CA1-DG,4,intermediate,FB,FB,-0.07514,0.04063,0.03213,-0.28840075853350183,250.0
75,CA1-DG,4,naive,FB,FB,-0.07514,0.04063,0.01708,0.4626605704332681,10.0
75,CA1-DG,5,expert,FF,FF,0.07604,0.03673,0.03581,0.0009593859929644913,0.0
75,CA1-DG,5,intermediate,FF,FF,0.07604,0.03673,0.01127,-1.0,230.0
75,CA1-DG,5,naive,FF,FF,0.07604,0.03673,0.04182,0.2662286722886841,0.0
75,CA1-DG,6,expert,FF,FF,0.27421,0.02977,0.02668,0.5418594867480016,0.0
75,CA1-DG,6,intermediate,FF,FF,0.27421,0.02977,0.03014,0.2806722689075631,0.0
75,CA1-DG,6,naive,FF,FF,0.27421,0.02977,0.02818,0.39267145333003217,140.0
75,CA1-DG,7,expert,FF,FF,0.06938,0.02891,0.0242,0.3084046828586405,0.0
75,CA1-DG,7,intermediate,FF,FF,0.06938,0.02891,0.01572,0.9608163265306123,-120.0
75,CA1-DG,7,naive,FF,FF,0.06938,0.02891,0.03853,0.1475856061843324,0.0
75,CA1-DG,8,expert,FB,FB,-0.08635,0.02567,0.02078,0.2864,0.0
75,CA1-DG,8,intermediate,FB,FB,-0.08635,0.02567,0.01445,-0.9289719626168224,0.0
75,CA1-DG,8,naive,FB,FB,-0.08635,0.02567,0.02171,-0.6471017134524243,0.0
75,CA1-DG,9,expert,FB,FB,-0.1521,0.02129,0.02138,0.053458046016249226,-250.0
75,CA1-DG,9,intermediate,FB,FB,-0.1521,0.02129,0.01875,-0.01782134105591441,50.0
75,CA1-DG,9,naive,FB,FB,-0.1521,0.02129,0.01226,-0.3094462540716613,110.0
75,CA1-DG,10,expert,FF,FF,0.2017,0.01963,0.02133,-0.760548885077187,0.0
75,CA1-DG,10,intermediate,FF,FF,0.2017,0.01963,0.01606,0.03691617377116046,130.0
75,CA1-DG,10,naive,FF,FF,0.2017,0.01963,0.0176,0.0025123103205707815,10.0
75,CA1-RSC,1,expert,FF,FF,0.18451,0.15391,0.13814,0.1462056516003611,0.0
75,CA1-RSC,1,intermediate,FF,FF,0.18451,0.15391,0.13896,0.26222222222222213,0.0
75,CA1-RSC,1,naive,FF,FF,0.18451,0.15391,0.15478,0.25211815431621054,0.0
75,CA1-RSC,2,expert,FF,FF,0.04443,0.13213,0.17563,0.03962873933274424,0.0
75,CA1-RSC,2,intermediate,FF,FF,0.04443,0.13213,0.14742,0.04559019810740692,60.0
75,CA1-RSC,2,naive,FF,FF,0.04443,0.13213,0.05881,-0.04861345958741967,0.0
75,CA1-RSC,3,expert,FF,FF,0.06691,0.10678,0.12578,0.11482875768983566,30.0
75,CA1-RSC,3,intermediate,FF,FF,0.06691,0.10678,0.1029,0.18834365768842468,50.0
75,CA1-RSC,3,naive,FF,FF,0.06691,0.10678,0.06421,0.14014613888450825,0.0
75,CA1-RSC,4,expert,FF,FF,0.11168,0.08283,0.09186,0.1316633294593725,40.0
75,CA1-RSC,4,intermediate,FF,FF,0.11168,0.08283,0.0798,0.23301833454486717,30.0
75,CA1-RSC,4,naive,FF,FF,0.11168,0.08283,0.0531,0.13266334552365594,0.0
75,CA1-RSC,5,expert,FB,FB,-0.03019,0.08178,0.10448,-0.02441735615486647,-230.0
75,CA1-RSC,5,intermediate,FB,FB,-0.03019,0.08178,0.10927,-0.04938908965754597,-50.0
75,CA1-RSC,5,naive,FB,FB,-0.03019,0.08178,0.06579,-0.004568914459768263,0.0
75,CA1-RSC,6,expert,FF,FF,0.09823,0.06984,0.06341,0.07712545397351935,0.0
75,CA1-RSC,6,intermediate,FF,FF,0.09823,0.06984,0.06782,0.06208652980091304,0.0
75,CA1-RSC,6,naive,FF,FF,0.09823,0.06984,0.03526,0.24955116696588872,0.0
75,CA1-RSC,7,expert,FF,FF,0.02063,0.05133,0.07005,0.004829788891485515,0.0
75,CA1-RSC,7,intermediate,FF,FF,0.02063,0.05133,0.05702,-0.07842710223835461,-10.0
75,CA1-RSC,7,naive,FF,FF,0.02063,0.05133,0.04499,-0.038366023009477425,-150.0
75,CA1-RSC,8,expert,FF,FF,0.05423,0.04945,0.0486,0.11644862360316158,0.0
75,CA1-RSC,8,intermediate,FF,FF,0.05423,0.04945,0.0558,0.05326892109500803,0.0
75,CA1-RSC,8,naive,FF,FF,0.05423,0.04945,0.01743,-1.0,-60.0
75,CA1-RSC,9,expert,FF,FF,0.06588,0.04448,0.0379,0.025446884155775788,0.0
75,CA1-RSC,9,intermediate,FF,FF,0.06588,0.04448,0.0558,0.08316048429887599,-60.0
75,CA1-RSC,9,naive,FF,FF,0.06588,0.04448,0.02738,-0.04523046586147396,0.0
75,CA1-RSC,10,expert,FF,FF,0.0353,0.03943,0.05812,-0.0006403842305384079,-170.0
75,CA1-RSC,10,intermediate,FF,FF,0.0353,0.03943,0.04257,0.043250408458953726,200.0
75,CA1-RSC,10,naive,FF,FF,0.0353,0.03943,0.03202,-0.1859520909460008,-150.0
75,CA1-SUB,1,expert,FB,FB,-0.67379,0.11746,0.11161,-0.4425431091220219,0.0
75,CA1-SUB,1,intermediate,FB,FB,-0.67379,0.11746,0.09027,-0.9373512574773268,0.0
75,CA1-SUB,1,naive,FB,FB,-0.67379,0.11746,0.13608,-0.7992636465503442,0.0
75,CA1-SUB,2,expert,FB,FB,-0.14752,0.07673,0.10092,-0.08995147995166035,0.0
75,CA1-SUB,2,intermediate,FB,FB,-0.14752,0.07673,0.10085,-0.10367195644619466,0.0
75,CA1-SUB,2,naive,FB,FB,-0.14752,0.07673,0.04063,0.15655965120887821,0.0
75,CA1-SUB,3,expert,FB,FB,-0.16128,0.06214,0.06594,-0.24770547057298423,0.0
75,CA1-SUB,3,intermediate,FB,FB,-0.16128,0.06214,0.06621,-0.378769746290091,0.0
75,CA1-SUB,3,naive,FB,FB,-0.16128,0.06214,0.05197,-0.010511684475718841,0.0
75,CA1-SUB,4,expert,FB,FB,-0.04817,0.05252,0.07949,-0.20585114933290463,0.0
75,CA1-SUB,4,intermediate,FB,FB,-0.04817,0.05252,0.06831,-0.1794583239552856,0.0
75,CA1-SUB,4,naive,FB,FB,-0.04817,0.05252,0.02273,-0.276485788113695,0.0
75,CA1-SUB,5,expert,FB,FB,-0.19605,0.04454,0.03993,-0.3789091746817947,0.0
75,CA1-SUB,5,intermediate,FB,FB,-0.19605,0.04454,0.04562,-0.15591950948520636,-10.0
75,CA1-SUB,5,naive,FB,FB,-0.19605,0.04454,0.02598,0.18272782217446776,130.0
75,CA1-SUB,6,expert,FB,FB,-0.25435,0.03981,0.03323,-0.3959434930155474,0.0
75,CA1-SUB,6,intermediate,FB,FB,-0.25435,0.03981,0.02577,-0.45242944428280474,-20.0
75,CA1-SUB,6,naive,FB,FB,-0.25435,0.03981,0.03892,-0.36505032021957917,0.0
75,CA1-SUB,7,expert,FB,FB,-0.04577,0.0388,0.04498,-0.12649909033527645,-10.0
75,CA1-SUB,7,intermediate,FB,FB,-0.04577,0.0388,0.02612,-0.35608754049142766,250.0
75,CA1-SUB,7,naive,FB,FB,-0.04577,0.0388,0.033,-0.004490392648287348,-160.0
75,CA1-SUB,8,expert,FB,FB,-0.10223,0.03406,0.02589,-0.17588599287455464,0.0
75,CA1-SUB,8,intermediate,FB,FB,-0.10223,0.03406,0.02835,-0.022978853347583855,0.0
75,CA1-SUB,8,naive,FB,FB,-0.10223,0.03406,0.052,-0.14871300259207906,0.0
75,CA1-SUB,9,expert,FB,FB,-0.09002,0.0319,0.03592,-0.0009438626455121661,10.0
75,CA1-SUB,9,intermediate,FB,FB,-0.09002,0.0319,0.03548,0.13270002938008035,20.0
75,CA1-SUB,9,naive,FB,FB,-0.09002,0.0319,0.04125,-0.022237528288891036,0.0
75,CA1-SUB,10,expert,FB,FB,-0.09796,0.0271,0.01433,-0.3202411044137663,-20.0
75,CA1-SUB,10,intermediate,FB,FB,-0.09796,0.0271,0.02039,-0.11499599037690461,0.0
75,CA1-SUB,10,naive,FB,FB,-0.09796,0.0271,0.0198,0.4693073209183172,10.0
75,CA1-V1,1,expert,FB,FB,-0.02023,0.07185,0.08704,-0.01315884921728783,-200.0
75,CA1-V1,1,intermediate,FB,FB,-0.02023,0.07185,0.06332,-0.055653691446570314,0.0
75,CA1-V1,1,naive,FB,FB,-0.02023,0.07185,0.04984,-0.018348264934861594,0.0
75,CA1-V1,2,expert,FB,FB,-0.01391,0.06155,0.06713,0.03148564347077227,0.0
75,CA1-V1,2,intermediate,FB,FB,-0.01391,0.06155,0.06321,-0.10633886835259829,0.0
75,CA1-V1,2,naive,FB,FB,-0.01391,0.06155,0.0413,-0.10006204756980357,0.0
75,CA1-V1,3,expert,FB,FB,-0.09075,0.05156,0.08596,-0.032827958370808236,0.0
75,CA1-V1,3,intermediate,FB,FB,-0.09075,0.05156,0.08231,-0.11750336507303456,0.0
75,CA1-V1,3,naive,FB,FB,-0.09075,0.05156,0.03775,0.057251147017753995,0.0
75,CA1-V1,4,expert,FF,FF,0.04132,0.04612,0.05718,-0.072958780612482,0.0
75,CA1-V1,4,intermediate,FF,FF,0.04132,0.04612,0.0506,0.10676066338692504,30.0
75,CA1-V1,4,naive,FF,FF,0.04132,0.04612,0.02635,0.37373737373737376,-160.0
75,CA1-V1,5,expert,FB,FB,-0.01569,0.03661,0.03629,0.09085505646599316,0.0
75,CA1-V1,5,intermediate,FB,FB,-0.01569,0.03661,0.02702,-0.0988819515028315,0.0
75,CA1-V1,5,naive,FB,FB,-0.01569,0.03661,0.02753,-0.2694538907781556,-110.0
75,CA1-V1,6,expert,FB,FB,-0.02174,0.03419,0.046,-0.034474664788897554,100.0
75,CA1-V1,6,intermediate,FB,FB,-0.02174,0.03419,0.03703,0.05736407580100092,190.0
75,CA1-V1,6,naive,FB,FB,-0.02174,0.03419,0.02889,-0.10275665399239547,-190.0
75,CA1-V1,7,expert,FB,FB,-0.06045,0.02729,0.03541,-0.11236052998605295,130.0
75,CA1-V1,7,intermediate,FB,FB,-0.06045,0.02729,0.04111,0.11299921129992113,0.0
75,CA1-V1,7,naive,FB,FB,-0.06045,0.02729,0.02671,-0.18028765748689937,0.0
75,CA1-V1,8,expert,FB,FB,-0.08325,0.02441,0.0261,-0.4329280857201732,-200.0
75,CA1-V1,8,intermediate,FB,FB,-0.08325,0.02441,0.03156,0.05834649815692468,-40.0
75,CA1-V1,8,naive,FB,FB,-0.08325,0.02441,0.01559,-0.5562264150943397,60.0
75,CA1-V1,9,expert,FB,FB,-0.09856,0.02409,0.02368,-0.2954933424376921,-10.0
75,CA1-V1,9,intermediate,FB,FB,-0.09856,0.02409,0.03529,-0.10994990499222657,0.0
75,CA1-V1,9,naive,FB,FB,-0.09856,0.02409,0.03181,-0.28891700049195307,-220.0
75,CA1-V1,10,expert,FB,FB,-0.02039,0.02052,0.02971,-0.01778593581872276,0.0
75,CA1-V1,10,intermediate,FB,FB,-0.02039,0.02052,0.02735,0.07347224877333841,-190.0
75,CA1-V1,10,naive,FB,FB,-0.02039,0.02052,0.02665,-0.08550185873605944,-170.0
75,RSC-SUB,1,expert,FB,FB,-0.18034,0.26438,0.26784,-0.12324334179061397,0.0
75,RSC-SUB,1,intermediate,FB,FB,-0.18034,0.26438,0.2732,-0.1701860914748354,0.0
75,RSC-SUB,1,naive,FB,FB,-0.18034,0.26438,0.23744,-0.3345713861239042,0.0
75,RSC-SUB,2,expert,FB,FB,-0.08334,0.23103,0.25207,-0.07758940177558976,0.0
75,RSC-SUB,2,intermediate,FB,FB,-0.08334,0.23103,0.26426,-0.07511651772352168,0.0
75,RSC-SUB,2,naive,FB,FB,-0.08334,0.23103,0.18282,-0.1342183038621449,0.0
75,RSC-SUB,3,expert,FB,FB,-0.04651,0.19166,0.2062,-0.05585431031638679,0.0
75,RSC-SUB,3,intermediate,FB,FB,-0.04651,0.19166,0.20313,-0.04868275607958735,0.0
75,RSC-SUB,3,naive,FB,FB,-0.04651,0.19166,0.13687,-0.09417996942439644,0.0
75,RSC-SUB,4,expert,FB,FB,-0.01685,0.13686,0.10438,-0.04665645737621226,0.0
75,RSC-SUB,4,intermediate,FB,FB,-0.01685,0.13686,0.15126,0.035810782550504,0.0
75,RSC-SUB,4,naive,FB,FB,-0.01685,0.13686,0.12261,-0.008558486786697957,0.0
75,RSC-SUB,5,expert,FB,FB,-0.0174,0.1262,0.13656,-0.030112064005260654,0.0
75,RSC-SUB,5,intermediate,FB,FB,-0.0174,0.1262,0.11349,-0.05827281476944614,0.0
75,RSC-SUB,5,naive,FB,FB,-0.0174,0.1262,0.08736,-0.011036314512066594,0.0
75,RSC-SUB,6,expert,FB,FB,-0.03793,0.10328,0.1129,-0.05488850771869639,0.0
75,RSC-SUB,6,intermediate,FB,FB,-0.03793,0.10328,0.10637,-0.0002172607256508636,0.0
75,RSC-SUB,6,naive,FB,FB,-0.03793,0.10328,0.08671,-0.03231003311554643,0.0
75,RSC-SUB,7,expert,FB,FB,-0.05483,0.10177,0.10981,-0.02052546063466446,0.0
75,RSC-SUB,7,intermediate,FB,FB,-0.05483,0.10177,0.10374,-0.029107682519484594,0.0
75,RSC-SUB,7,naive,FB,FB,-0.05483,0.10177,0.09523,-0.06290151130008786,0.0
75,RSC-SUB,8,expert,FB,FB,-0.04932,0.08923,0.10064,-0.06971544451232996,-10.0
75,RSC-SUB,8,intermediate,FB,FB,-0.04932,0.08923,0.11923,-0.0848896813015377,0.0
75,RSC-SUB,8,naive,FB,FB,-0.04932,0.08923,0.07455,-0.06359822767323142,0.0
75,RSC-SUB,9,expert,FB,FB,-0.06101,0.07876,0.10687,-0.06344012775128706,210.0
75,RSC-SUB,9,intermediate,FB,FB,-0.06101,0.07876,0.0684,-0.0936140916494551,250.0
75,RSC-SUB,9,naive,FB,FB,-0.06101,0.07876,0.05051,-0.05084656779104863,100.0
75,RSC-SUB,10,expert,FB,FB,-0.11639,0.06781,0.06025,-0.28516111187940807,-10.0
75,RSC-SUB,10,intermediate,FB,FB,-0.11639,0.06781,0.08159,-0.06546936192096213,0.0
75,RSC-SUB,10,naive,FB,FB,-0.11639,0.06781,0.05488,0.11049514930074332,0.0
75,V1-RSC,1,expert,FF,FF,0.00667,0.48227,0.53846,-0.002271736487330217,0.0
75,V1-RSC,1,intermediate,FF,FF,0.00667,0.48227,0.50916,0.011426770817785347,0.0
75,V1-RSC,1,naive,FF,FF,0.00667,0.48227,0.4206,0.012358179270442592,0.0
75,V1-RSC,2,expert,FF,FF,0.00999,0.30894,0.36238,0.0012002850677035653,0.0
75,V1-RSC,2,intermediate,FF,FF,0.00999,0.30894,0.3548,0.014300551250299703,0.0
75,V1-RSC,2,naive,FF,FF,0.00999,0.30894,0.29696,0.01583865896720895,0.0
75,V1-RSC,3,expert,FB,FB,-0.0089,0.2837,0.30866,-0.02527906308001986,0.0
75,V1-RSC,3,intermediate,FB,FB,-0.0089,0.2837,0.31549,0.014050798200275726,0.0
75,V1-RSC,3,naive,FB,FB,-0.0089,0.2837,0.25648,0.016263823260186463,0.0
75,V1-RSC,4,expert,FF,FF,0.01368,0.22864,0.28591,0.016530892729632006,0.0
75,V1-RSC,4,intermediate,FF,FF,0.01368,0.22864,0.24756,0.014712639535826542,0.0
75,V1-RSC,4,naive,FF,FF,0.01368,0.22864,0.14341,0.022104421725777194,0.0
75,V1-RSC,5,expert,FF,FF,0.02715,0.18934,0.2301,0.018529692375132148,0.0
75,V1-RSC,5,intermediate,FF,FF,0.02715,0.18934,0.19235,0.0669051791277259,0.0
75,V1-RSC,5,naive,FF,FF,0.02715,0.18934,0.18537,0.016493066731900815,0.0
75,V1-RSC,6,expert,FF,FF,0.00901,0.15441,0.16031,0.013934914351770796,0.0
75,V1-RSC,6,intermediate,FF,FF,0.00901,0.15441,0.11981,0.0366002851492434,0.0
75,V1-RSC,6,naive,FF,FF,0.00901,0.15441,0.08972,-0.006503584361835794,0.0
75,V1-RSC,7,expert,FB,FB,-0.00758,0.14777,0.17672,-0.0015740053914208337,0.0
75,V1-RSC,7,intermediate,FB,FB,-0.00758,0.14777,0.15041,-0.0025551202387741204,0.0
75,V1-RSC,7,naive,FB,FB,-0.00758,0.14777,0.10594,-0.05579853040000889,0.0
75,V1-RSC,8,expert,FF,FF,0.01383,0.10115,0.13808,0.017724290655143644,0.0
75,V1-RSC,8,intermediate,FF,FF,0.01383,0.10115,0.10931,0.04084691968116441,100.0
75,V1-RSC,8,naive,FF,FF,0.01383,0.10115,0.11291,0.05660256887763251,170.0
75,V1-RSC,9,expert,FF,FF,0.0503,0.09958,0.08629,0.07381301864581677,20.0
75,V1-RSC,9,intermediate,FF,FF,0.0503,0.09958,0.07321,0.10863685205083543,0.0
75,V1-RSC,9,naive,FF,FF,0.0503,0.09958,0.07402,0.07559969502062512,0.0
75,V1-RSC,10,expert,FF,FF,0.01452,0.09374,0.09637,-0.040876944837340945,0.0
75,V1-RSC,10,intermediate,FF,FF,0.01452,0.09374,0.09963,0.06421345323315397,0.0
75,V1-RSC,10,naive,FF,FF,0.01452,0.09374,0.03846,-0.02030237580993507,100.0
77,CA1-DG,1,expert,FF,FF,0.77411,0.06638,0.08982,0.6402868402351574,0.0
77,CA1-DG,1,intermediate,FF,FF,0.77411,0.06638,0.09345,0.7372139022322689,0.0
77,CA1-DG,1,naive,FF,FF,0.77411,0.06638,0.07046,0.7001484413656606,0.0
77,CA1-DG,2,expert,FF,FF,0.0036,0.02887,0.02412,-0.03000785545954441,230.0
77,CA1-DG,2,intermediate,FF,FB,0.0036,0.02887,0.03207,0.5365003006614552,0.0
77,CA1-DG,2,naive,FF,FB,0.0036,0.02887,0.01532,1.0,170.0
77,CA1-DG,3,expert,FB,FB,-0.7582,0.02179,0.02637,-0.5833039802747446,-30.0
77,CA1-DG,3,intermediate,FB,FB,-0.7582,0.02179,0.03449,-0.7425016183557506,-10.0
77,CA1-DG,3,naive,FB,FB,-0.7582,0.02179,0.03072,-0.9001557747941548,-20.0
77,CA1-DG,4,expert,FF,FF,0.69257,0.00953,0.03297,0.2912829193010405,30.0
77,CA1-DG,4,intermediate,FF,FF,0.69257,0.00953,0.01864,-0.8845063160608405,0.0
77,CA1-DG,4,naive,FF,FF,0.69257,0.00953,0.01303,-0.07564422277639238,-80.0
77,CA1-DG,5,expert,FF,FF,0.30978,0.00726,0.01082,-0.6189903846153846,0.0
77,CA1-DG,5,intermediate,FF,FF,0.30978,0.00726,0.01657,-0.052106932487539684,-40.0
77,CA1-DG,5,naive,FF,FF,0.30978,0.00726,0.0114,-0.8669225847728728,130.0
77,CA1-RSC,1,expert,FF,FF,0.0358,0.12944,0.03992,0.187137049941928,200.0
77,CA1-RSC,1,intermediate,FF,FF,0.0358,0.12944,0.02813,0.24376703341071967,30.0
77,CA1-RSC,1,naive,FF,FF,0.0358,0.12944,0.04269,-0.02787598585803637,-130.0
77,CA1-RSC,2,expert,FB,FB,-0.08087,0.08676,0.1111,-0.1380025706361198,-20.0
77,CA1-RSC,2,intermediate,FB,FB,-0.08087,0.08676,0.07659,-0.055003975077190556,0.0
77,CA1-RSC,2,naive,FB,FB,-0.08087,0.08676,0.04393,-0.6526372832369942,-10.0
77,CA1-RSC,3,expert,FF,FF,0.14608,0.06987,0.04911,0.11338100102145042,0.0
77,CA1-RSC,3,intermediate,FF,FF,0.14608,0.06987,0.07628,0.28358132898491645,20.0
77,CA1-RSC,3,naive,FF,FF,0.14608,0.06987,0.05221,-0.32235459004905404,0.0
77,CA1-RSC,4,expert,FF,FF,0.06867,0.06165,0.07498,0.0779709805365421,0.0
77,CA1-RSC,4,intermediate,FF,FF,0.06867,0.06165,0.06242,0.005230375241443705,0.0
77,CA1-RSC,4,naive,FF,FF,0.06867,0.06165,0.03284,-0.16465662688245944,-10.0
77,CA1-RSC,5,expert,FF,FF,0.01034,0.05208,0.04128,0.03412107064052957,20.0
77,CA1-RSC,5,intermediate,FF,FF,0.01034,0.05208,0.05545,0.16863897276857376,20.0
77,CA1-RSC,5,naive,FF,FF,0.01034,0.05208,0.01656,-0.39611499611499607,-250.0
77,CA1-RSC,6,expert,FF,FF,0.05437,0.03901,0.04185,0.12715582450832066,120.0
77,CA1-RSC,6,intermediate,FF,FF,0.05437,0.03901,0.01841,0.13628715647784634,230.0
77,CA1-RSC,6,naive,FF,FF,0.05437,0.03901,0.0121,0.4635888980489145,10.0
77,CA1-RSC,7,expert,FF,FF,0.06185,0.03062,0.03814,-0.03867574257425746,-160.0
77,CA1-RSC,7,intermediate,FF,FF,0.06185,0.03062,0.02058,0.3777510523150932,-130.0
77,CA1-RSC,7,naive,FF,FF,0.06185,0.03062,0.01906,-0.0015785319652722497,-240.0
77,CA1-RSC,8,expert,FF,FF,0.02504,0.02153,0.02539,0.09859329491231335,200.0
77,CA1-RSC,8,intermediate,FF,FF,0.02504,0.02153,0.02583,0.24042963370972176,-220.0
77,CA1-RSC,8,naive,FF,FF,0.02504,0.02153,0.02143,-0.18976853102765015,-70.0
77,CA1-RSC,9,expert,FF,FF,0.01564,0.01647,0.04121,0.06073973532405831,20.0
77,CA1-RSC,9,intermediate,FF,FF,0.01564,0.01647,0.02178,-0.08848302893837048,-220.0
77,CA1-RSC,9,naive,FF,FF,0.01564,0.01647,0.02131,-0.14080317302925147,100.0
77,CA1-SUB,1,expert,FF,FF,0.7107,0.01874,0.01827,0.8027149321266968,20.0
77,CA1-SUB,1,intermediate,FF,FF,0.7107,0.01874,0.02052,0.9521739130434782,-120.0
77,CA1-SUB,1,naive,FF,FF,0.7107,0.01874,0.0101,-0.30600000000000005,-110.0
77,CA1-SUB,2,expert,FF,FF,0.02796,0.01607,0.01206,0.5951417004048583,0.0
77,CA1-SUB,2,intermediate,FF,FB,0.02796,0.01607,0.01206,1.0,70.0
77,CA1-SUB,2,naive,FF,FF,0.02796,0.01607,0.01143,-0.17162580338014755,0.0
77,CA1-SUB,3,expert,FF,FF,0.11618,0.01121,0.01997,0.6574585635359116,20.0
77,CA1-SUB,3,intermediate,FF,FF,0.11618,0.01121,0.01529,0.19354365370506227,0.0
77,CA1-SUB,3,naive,FF,FF,0.11618,0.01121,0.00857,0.11817791147400089,180.0
77,CA1-SUB,4,expert,FF,FF,0.03386,0.00644,0.01248,-0.26717796212239786,-30.0
77,CA1-SUB,4,intermediate,FF,FF,0.03386,0.00644,0.0124,-0.3309734513274336,200.0
77,CA1-SUB,4,naive,FF,FF,0.03386,0.00644,0.01177,-0.3169928662886411,-40.0
77,CA1-SUB,5,expert,FB,FB,-0.38592,0.0051,0.01298,0.051004087435578445,10.0
77,CA1-SUB,5,intermediate,FB,FB,-0.38592,0.0051,0.01415,0.012053672958835493,60.0
77,CA1-SUB,5,naive,FB,FB,-0.38592,0.0051,0.02098,-0.5395818651632605,230.0
77,CA1-SUB,6,expert,FF,FF,0.10667,0.00305,0.01789,1.0,-80.0
77,CA1-SUB,6,intermediate,FF,FF,0.10667,0.00305,0.02033,0.6356038445465942,20.0
77,CA1-SUB,6,naive,FF,FF,0.10667,0.00305,0.01965,-0.6025111514951264,-40.0
77,CA1-V1,1,expert,FB,FB,-0.01348,0.05686,0.0853,-0.004678378341939668,0.0
77,CA1-V1,1,intermediate,FB,FB,-0.01348,0.05686,0.04035,-0.026764472640761244,0.0
77,CA1-V1,1,naive,FB,FB,-0.01348,0.05686,0.03908,0.08422691110342435,0.0
77,CA1-V1,2,expert,FB,FB,-0.02024,0.04407,0.04276,-0.3150741692218447,-250.0
77,CA1-V1,2,intermediate,FB,FB,-0.02024,0.04407,0.01839,-0.1506643268989722,-200.0
77,CA1-V1,2,naive,FB,FB,-0.02024,0.04407,0.02946,-0.2525984040769797,0.0
77,CA1-V1,3,expert,FF,FF,0.02361,0.02465,0.03514,-0.05539128720678109,190.0
77,CA1-V1,3,intermediate,FF,FF,0.02361,0.02465,0.02865,-0.10785091197462336,0.0
77,CA1-V1,3,naive,FF,FF,0.02361,0.02465,0.01888,-0.021860578090842898,-50.0
77,CA1-V1,4,expert,FB,FB,-0.0668,0.01708,0.01356,-0.47376543209876537,130.0
77,CA1-V1,4,intermediate,FB,FB,-0.0668,0.01708,0.01795,-0.18263523825674083,90.0
77,CA1-V1,4,naive,FB,FB,-0.0668,0.01708,0.01485,0.11444054829454892,0.0
77,CA1-V1,5,expert,FB,FB,-0.04087,0.01364,0.01613,0.020408163265306086,-20.0
77,CA1-V1,5,intermediate,FB,FB,-0.04087,0.01364,0.01273,0.23673469387755108,-40.0
77,CA1-V1,5,naive,FB,FB,-0.04087,0.01364,0.01248,0.1936381709741551,70.0
77,CA1-V1,6,expert,FB,FB,-0.25769,0.00861,0.01734,-0.7396149949341441,0.0
77,CA1-V1,6,intermediate,FB,FB,-0.25769,0.00861,0.02077,-0.09574289079589435,180.0
77,CA1-V1,6,naive,FB,FB,-0.25769,0.00861,0.01277,-0.19066414964818929,-50.0
77,CA1-V1,7,expert,FB,FB,-0.20638,0.00623,0.01498,-0.07898448519040903,240.0
77,CA1-V1,7,intermediate,FB,FB,-0.20638,0.00623,0.01483,-0.07212276214833763,210.0
77,CA1-V1,7,naive,FB,FB,-0.20638,0.00623,0.00895,0.03591160220994472,250.0
77,CA1-V1,8,expert,FF,FF,0.05231,0.00469,0.01303,-0.03672486453943405,160.0
77,CA1-V1,8,intermediate,FF,FF,0.05231,0.00469,0.01435,0.5501152073732719,-220.0
77,CA1-V1,8,naive,FF,FF,0.05231,0.00469,0.01659,-0.6270376005216257,-40.0
77,RSC-SUB,1,expert,FB,FB,-0.08597,0.10295,0.13339,-0.11549595868361931,0.0
77,RSC-SUB,1,intermediate,FB,FB,-0.08597,0.10295,0.1212,-0.03287035930290935,0.0
77,RSC-SUB,1,naive,FB,FB,-0.08597,0.10295,0.10075,-0.10121157296872446,0.0
77,RSC-SUB,2,expert,FB,FB,-0.02089,0.08253,0.06995,-0.1301975504517927,-10.0
77,RSC-SUB,2,intermediate,FB,FB,-0.02089,0.08253,0.10547,-0.025471925732734317,-10.0
77,RSC-SUB,2,naive,FB,FB,-0.02089,0.08253,0.07368,-0.06760580338330009,0.0
77,RSC-SUB,3,expert,FB,FB,-0.08466,0.06171,0.08452,-0.23979831383836514,-10.0
77,RSC-SUB,3,intermediate,FB,FB,-0.08466,0.06171,0.07733,-0.06832893790457922,-10.0
77,RSC-SUB,3,naive,FB,FB,-0.08466,0.06171,0.06013,-0.22738479044187368,-10.0
77,RSC-SUB,4,expert,FB,FB,-0.1918,0.05262,0.07228,-0.3162174820113253,-20.0
77,RSC-SUB,4,intermediate,FB,FB,-0.1918,0.05262,0.04595,-0.18380782295059,-10.0
77,RSC-SUB,4,naive,FB,FB,-0.1918,0.05262,0.0903,-0.03271278018509608,10.0
77,RSC-SUB,5,expert,FB,FB,-0.14288,0.04323,0.05657,-0.11833775781090466,-10.0
77,RSC-SUB,5,intermediate,FB,FB,-0.14288,0.04323,0.06905,-0.05471856223367273,0.0
77,RSC-SUB,5,naive,FB,FB,-0.14288,0.04323,0.01642,-0.28148921363952684,-30.0
77,RSC-SUB,6,expert,FF,FF,0.1505,0.0133,0.00659,0.0,60.0
77,RSC-SUB,6,intermediate,FF,FF,0.1505,0.0133,0.0295,0.3643064552155461,20.0
77,RSC-SUB,6,naive,FF,FF,0.1505,0.0133,0.01669,0.12601191385367333,-240.0
77,V1-RSC,1,expert,FF,FF,0.00574,0.29261,0.32052,0.011266984752619134,100.0
77,V1-RSC,1,intermediate,FF,FF,0.00574,0.29261,0.32303,0.0036393666157731467,80.0
77,V1-RSC,1,naive,FF,FF,0.00574,0.29261,0.27266,0.017593425975629944,240.0
77,V1-RSC,2,expert,FF,FF,0.0169,0.23913,0.26427,-0.0002973744962240981,20.0
77,V1-RSC,2,intermediate,FF,FF,0.0169,0.23913,0.26575,0.017440107155026273,-10.0
77,V1-RSC,2,naive,FF,FF,0.0169,0.23913,0.22422,0.055574264189429755,130.0
77,V1-RSC,3,expert,FF,FF,0.09099,0.16043,0.14624,0.07417968527861048,20.0
77,V1-RSC,3,intermediate,FF,FF,0.09099,0.16043,0.13699,0.12359123029534337,10.0
77,V1-RSC,3,naive,FF,FF,0.09099,0.16043,0.14118,0.17010071812474603,10.0
77,V1-RSC,4,expert,FF,FF,0.0119,0.11191,0.11028,0.04397502010692159,10.0
77,V1-RSC,4,intermediate,FF,FF,0.0119,0.11191,0.08884,0.048347484387060505,10.0
77,V1-RSC,4,naive,FF,FF,0.0119,0.11191,0.07327,0.06997530692449484,0.0
77,V1-RSC,5,expert,FB,FB,-0.01391,0.09044,0.10726,0.0019458509436330784,150.0
77,V1-RSC,5,intermediate,FB,FB,-0.01391,0.09044,0.10585,0.0071511547356417175,210.0
77,V1-RSC,5,naive,FB,FB,-0.01391,0.09044,0.04033,0.1612644737369286,150.0
77,V1-RSC,6,expert,FB,FB,-0.0089,0.06334,0.06468,-0.1054464154816009,-10.0
77,V1-RSC,6,intermediate,FB,FB,-0.0089,0.06334,0.06841,0.025231998916209468,-100.0
77,V1-RSC,6,naive,FB,FB,-0.0089,0.06334,0.05555,-0.07098772566514877,100.0
77,V1-RSC,7,expert,FF,FF,0.03348,0.04937,0.05784,0.0979587474617933,40.0
77,V1-RSC,7,intermediate,FF,FF,0.03348,0.04937,0.04396,0.03900232972454444,20.0
77,V1-RSC,7,naive,FF,FF,0.03348,0.04937,0.03349,0.02568548824103187,-40.0
77,V1-RSC,8,expert,FB,FB,-0.03352,0.04115,0.04358,-0.0382277455085777,-10.0
77,V1-RSC,8,intermediate,FB,FB,-0.03352,0.04115,0.03733,-0.012956500708288717,80.0
77,V1-RSC,8,naive,FB,FB,-0.03352,0.04115,0.02106,-0.06577415599534345,-140.0
77,V1-RSC,9,expert,FB,FB,-0.07262,0.03087,0.03419,-0.08557727775728513,-110.0
77,V1-RSC,9,intermediate,FB,FB,-0.07262,0.03087,0.04343,-0.07786542923433883,220.0
77,V1-RSC,9,naive,FB,FB,-0.07262,0.03087,0.01177,-0.18112244897959182,250.0
77,V1-RSC,10,expert,FF,FF,0.0301,0.02598,0.04935,0.11048121721565182,-100.0
77,V1-RSC,10,intermediate,FF,FF,0.0301,0.02598,0.04119,0.05174942384244705,30.0
77,V1-RSC,10,naive,FF,FF,0.0301,0.02598,0.04576,0.032450150232177045,60.0
