animal,pair,epoch,area,unit,contrib,contrib_conn
28,CA1-CA3,naive,CA1,0,0.484641,0.033987
28,CA1-CA3,naive,CA1,1,0.70315,0.091175
28,CA1-CA3,naive,CA1,2,0.927509,0.097557
28,CA1-CA3,naive,CA1,3,0.518223,0.015055
28,CA1-CA3,naive,CA1,4,0.669875,0.008481
28,CA1-CA3,naive,CA1,5,0.44119,0.028987
28,CA1-CA3,naive,CA1,6,0.535522,0.020966
28,CA1-CA3,naive,CA1,7,0.527354,0.026445
28,CA1-CA3,naive,CA1,8,0.516865,0.007218
28,CA1-CA3,naive,CA1,9,0.396923,0.046054
28,CA1-CA3,naive,CA1,10,0.078504,0.004946
28,CA1-CA3,naive,CA1,11,0.848937,0.035901
28,CA1-CA3,naive,CA1,12,0.274272,0.006969
28,CA1-CA3,naive,CA1,13,0.021471,0.001573
28,CA1-CA3,naive,CA1,14,0.938063,0.023605
28,CA1-CA3,naive,CA1,15,0.790641,0.047253
28,CA1-CA3,naive,CA1,16,0.241062,0.011424
28,CA1-CA3,naive,CA1,17,0.002108,0.000165
28,CA1-CA3,naive,CA1,18,0.612032,0.017919
28,CA1-CA3,naive,CA1,19,0.650377,0.025922
28,CA1-CA3,naive,CA1,20,0.037998,0.004355
28,CA1-CA3,naive,CA1,21,0.741653,0.06943
28,CA1-CA3,naive,CA1,22,0.502775,0.019721
28,CA1-CA3,naive,CA1,23,0.015012,0.000618
28,CA1-CA3,naive,CA1,24,0.611405,0.012597
28,CA1-CA3,naive,CA1,25,0.00546,0.000446
28,CA1-CA3,naive,CA1,26,1.085975,0.024589
28,CA1-CA3,naive,CA1,27,0.805438,0.142279
28,CA1-CA3,naive,CA1,28,0.710338,0.046805
28,CA1-CA3,naive,CA1,29,0.561027,0.015118
28,CA1-CA3,naive,CA3,0,1.03198,0.041649
28,CA1-CA3,naive,CA3,1,1.083725,0.133695
28,CA1-CA3,naive,CA3,2,2.445432,0.067799
28,CA1-CA3,naive,CA3,3,1.847532,0.039463
28,CA1-CA3,naive,CA3,4,0.0,0.0
28,CA1-CA3,naive,CA3,5,0.813006,0.018665
28,CA1-CA3,naive,CA3,6,1.834599,0.031296
28,CA1-CA3,naive,CA3,7,0.0,0.0
28,CA1-CA3,naive,CA3,8,7.331686,0.161347
28,CA1-CA3,naive,CA3,9,9.198311,0.071013
28,CA1-CA3,naive,CA3,10,0.795023,0.084025
28,CA1-CA3,naive,CA3,11,1.538327,0.026967
28,CA1-CA3,naive,CA3,12,1.212363,0.241105
28,CA1-CA3,naive,CA3,13,13.896694,0.225727
28,CA1-CA3,naive,CA3,14,14.92068,0.262867
28,CA1-CA3,intermediate,CA1,0,0.80823,0.143165
28,CA1-CA3,intermediate,CA1,1,0.878245,0.149481
28,CA1-CA3,intermediate,CA1,2,0.952649,0.179144
28,CA1-CA3,intermediate,CA1,3,0.187475,0.034591
28,CA1-CA3,intermediate,CA1,4,0.013261,0.00238
28,CA1-CA3,intermediate,CA1,5,0.798526,0.167609
28,CA1-CA3,intermediate,CA1,6,0.04267,0.007035
28,CA1-CA3,intermediate,CA1,7,0.700977,0.125572
28,CA1-CA3,intermediate,CA1,8,0.875739,0.140783
28,CA1-CA3,intermediate,CA1,9,0.589845,0.123308
28,CA1-CA3,intermediate,CA1,10,0.824334,0.136037
28,CA1-CA3,intermediate,CA1,11,0.886658,0.176645
28,CA1-CA3,intermediate,CA1,12,0.954523,0.156071
28,CA1-CA3,intermediate,CA1,13,0.482941,0.062585
28,CA1-CA3,intermediate,CA1,14,0.094439,0.018395
28,CA1-CA3,intermediate,CA1,15,0.524923,0.087276
28,CA1-CA3,intermediate,CA1,16,0.398011,0.071544
28,CA1-CA3,intermediate,CA1,17,0.024563,0.004499
28,CA1-CA3,intermediate,CA1,18,0.570571,0.091512
28,CA1-CA3,intermediate,CA1,19,0.699798,0.127155
28,CA1-CA3,intermediate,CA1,20,0.803913,0.143753
28,CA1-CA3,intermediate,CA1,21,0.649379,0.100047
28,CA1-CA3,intermediate,CA1,22,0.057451,0.010662
28,CA1-CA3,intermediate,CA1,23,0.602168,0.12233
28,CA1-CA3,intermediate,CA1,24,0.778787,0.1142
28,CA1-CA3,intermediate,CA1,25,0.028962,0.005516
28,CA1-CA3,intermediate,CA1,26,0.82518,0.131765
28,CA1-CA3,intermediate,CA1,27,0.470923,0.102741
28,CA1-CA3,intermediate,CA1,28,0.747787,0.135549
28,CA1-CA3,intermediate,CA1,29,0.710007,0.148815
28,CA1-CA3,intermediate,CA3,0,1.046984,0.193167
28,CA1-CA3,intermediate,CA3,1,1.053053,0.204533
28,CA1-CA3,intermediate,CA3,2,1.108717,0.196397
28,CA1-CA3,intermediate,CA3,3,0.984394,0.180245
28,CA1-CA3,intermediate,CA3,4,72.677068,15.501379
28,CA1-CA3,intermediate,CA3,5,1.190709,0.22619
28,CA1-CA3,intermediate,CA3,6,1.101506,0.160059
28,CA1-CA3,intermediate,CA3,7,52.656576,11.231184
28,CA1-CA3,intermediate,CA3,8,2.789108,0.238011
28,CA1-CA3,intermediate,CA3,9,2.133258,0.309399
28,CA1-CA3,intermediate,CA3,10,1.060648,0.192746
28,CA1-CA3,intermediate,CA3,11,0.99488,0.219543
28,CA1-CA3,intermediate,CA3,12,1.22951,0.259402
28,CA1-CA3,intermediate,CA3,13,4.091344,0.762388
28,CA1-CA3,intermediate,CA3,14,20.093375,0.824002
28,CA1-CA3,expert,CA1,0,0.926942,0.034347
28,CA1-CA3,expert,CA1,1,0.993165,0.082636
28,CA1-CA3,expert,CA1,2,0.964255,0.074947
28,CA1-CA3,expert,CA1,3,0.3389,0.024535
28,CA1-CA3,expert,CA1,4,0.101195,0.007951
28,CA1-CA3,expert,CA1,5,0.767813,0.04055
28,CA1-CA3,expert,CA1,6,0.048867,0.004289
28,CA1-CA3,expert,CA1,7,0.779594,0.025274
28,CA1-CA3,expert,CA1,8,0.085983,0.007817
28,CA1-CA3,expert,CA1,9,0.962979,0.093947
28,CA1-CA3,expert,CA1,10,0.815489,0.031221
28,CA1-CA3,expert,CA1,11,0.917341,0.073735
28,CA1-CA3,expert,CA1,12,0.639287,0.033137
28,CA1-CA3,expert,CA1,13,0.626307,0.016896
28,CA1-CA3,expert,CA1,14,0.788798,0.033408
28,CA1-CA3,expert,CA1,15,0.747163,0.03572
28,CA1-CA3,expert,CA1,16,0.576078,0.015335
28,CA1-CA3,expert,CA1,17,0.015533,0.000713
28,CA1-CA3,expert,CA1,18,0.455782,0.015281
28,CA1-CA3,expert,CA1,19,0.804202,0.035091
28,CA1-CA3,expert,CA1,20,0.780522,0.045623
28,CA1-CA3,expert,CA1,21,0.8788,0.056795
28,CA1-CA3,expert,CA1,22,0.025144,0.002262
28,CA1-CA3,expert,CA1,23,0.652971,0.030464
28,CA1-CA3,expert,CA1,24,0.019912,0.002436
28,CA1-CA3,expert,CA1,25,0.045654,0.00368
28,CA1-CA3,expert,CA1,26,0.092935,0.008167
28,CA1-CA3,expert,CA1,27,1.028774,0.105504
28,CA1-CA3,expert,CA1,28,1.009889,0.04251
28,CA1-CA3,expert,CA1,29,0.713144,0.054281
28,CA1-CA3,expert,CA3,0,0.933587,0.055549
28,CA1-CA3,expert,CA3,1,1.012427,0.088504
28,CA1-CA3,expert,CA3,2,0.920305,0.036591
28,CA1-CA3,expert,CA3,3,0.97967,0.028991
28,CA1-CA3,expert,CA3,4,0.987714,0.02403
28,CA1-CA3,expert,CA3,5,0.778034,0.013816
28,CA1-CA3,expert,CA3,6,1.346662,0.029023
28,CA1-CA3,expert,CA3,7,1.646339,0.024126
28,CA1-CA3,expert,CA3,8,0.928115,0.020957
28,CA1-CA3,expert,CA3,9,1.370351,0.025389
28,CA1-CA3,expert,CA3,10,1.141112,0.133518
28,CA1-CA3,expert,CA3,11,0.966664,0.106533
28,CA1-CA3,expert,CA3,12,1.16623,0.146725
28,CA1-CA3,expert,CA3,13,0.813732,0.01718
28,CA1-CA3,expert,CA3,14,1.434986,0.026457
28,CA1-DG,naive,CA1,0,0.995944,0.128532
28,CA1-DG,naive,CA1,1,0.569143,0.076642
28,CA1-DG,naive,CA1,2,0.859817,0.112081
28,CA1-DG,naive,CA1,3,0.495932,0.019932
28,CA1-DG,naive,CA1,4,0.809887,0.028579
28,CA1-DG,naive,CA1,5,0.432691,0.027897
28,CA1-DG,naive,CA1,6,0.596926,0.018024
28,CA1-DG,naive,CA1,7,0.399779,0.025266
28,CA1-DG,naive,CA1,8,0.61992,0.030756
28,CA1-DG,naive,CA1,9,0.347045,0.061057
28,CA1-DG,naive,CA1,10,0.072278,0.003775
28,CA1-DG,naive,CA1,11,0.719885,0.023661
28,CA1-DG,naive,CA1,12,0.25203,0.007111
28,CA1-DG,naive,CA1,13,0.01986,0.000832
28,CA1-DG,naive,CA1,14,0.866681,0.03432
28,CA1-DG,naive,CA1,15,0.739503,0.045138
28,CA1-DG,naive,CA1,16,0.21411,0.008068
28,CA1-DG,naive,CA1,17,0.003622,0.000515
28,CA1-DG,naive,CA1,18,0.591154,0.018023
28,CA1-DG,naive,CA1,19,0.618333,0.030231
28,CA1-DG,naive,CA1,20,0.033277,0.007589
28,CA1-DG,naive,CA1,21,0.486816,0.037498
28,CA1-DG,naive,CA1,22,0.478399,0.019821
28,CA1-DG,naive,CA1,23,0.013449,0.000659
28,CA1-DG,naive,CA1,24,0.596105,0.018522
28,CA1-DG,naive,CA1,25,0.0071,0.000202
28,CA1-DG,naive,CA1,26,0.890441,0.04033
28,CA1-DG,naive,CA1,27,0.782153,0.181685
28,CA1-DG,naive,CA1,28,0.644381,0.0432
28,CA1-DG,naive,CA1,29,0.537061,0.029585
28,CA1-DG,naive,DG,0,1.61592,0.032315
28,CA1-DG,naive,DG,1,1.154571,0.153899
28,CA1-DG,naive,DG,2,1.305284,0.191479
28,CA1-DG,naive,DG,3,1.059805,0.144687
28,CA1-DG,naive,DG,4,0.958251,0.099
28,CA1-DG,naive,DG,5,0.943005,0.040011
28,CA1-DG,naive,DG,6,1.107029,0.091161
28,CA1-DG,naive,DG,7,1.141043,0.038928
28,CA1-DG,naive,DG,8,0.937612,0.029863
28,CA1-DG,naive,DG,9,1.340802,0.131243
28,CA1-DG,naive,DG,10,0.981312,0.021339
28,CA1-DG,naive,DG,11,0.629505,0.022129
28,CA1-DG,naive,DG,12,0.0,0.0
28,CA1-DG,intermediate,CA1,0,0.969543,0.098525
28,CA1-DG,intermediate,CA1,1,0.888737,0.06133
28,CA1-DG,intermediate,CA1,2,0.920318,0.087464
28,CA1-DG,intermediate,CA1,3,0.178135,0.025024
28,CA1-DG,intermediate,CA1,4,0.016802,0.001328
28,CA1-DG,intermediate,CA1,5,0.746232,0.074504
28,CA1-DG,intermediate,CA1,6,0.035872,0.003773
28,CA1-DG,intermediate,CA1,7,0.754502,0.035966
28,CA1-DG,intermediate,CA1,8,0.600657,0.037267
28,CA1-DG,intermediate,CA1,9,0.558254,0.100871
28,CA1-DG,intermediate,CA1,10,0.743138,0.049999
28,CA1-DG,intermediate,CA1,11,0.797268,0.034651
28,CA1-DG,intermediate,CA1,12,0.734601,0.038428
28,CA1-DG,intermediate,CA1,13,0.505531,0.025648
28,CA1-DG,intermediate,CA1,14,0.09515,0.004733
28,CA1-DG,intermediate,CA1,15,0.571256,0.030777
28,CA1-DG,intermediate,CA1,16,0.852668,0.044453
28,CA1-DG,intermediate,CA1,17,0.02781,0.001895
28,CA1-DG,intermediate,CA1,18,0.641647,0.041423
28,CA1-DG,intermediate,CA1,19,0.713718,0.065903
28,CA1-DG,intermediate,CA1,20,0.954165,0.06992
28,CA1-DG,intermediate,CA1,21,0.749283,0.055704
28,CA1-DG,intermediate,CA1,22,0.054238,0.007546
28,CA1-DG,intermediate,CA1,23,0.480297,0.032841
28,CA1-DG,intermediate,CA1,24,0.500585,0.032724
28,CA1-DG,intermediate,CA1,25,0.022799,0.002459
28,CA1-DG,intermediate,CA1,26,0.730559,0.09656
28,CA1-DG,intermediate,CA1,27,0.503979,0.086613
28,CA1-DG,intermediate,CA1,28,0.670633,0.073912
28,CA1-DG,intermediate,CA1,29,0.57867,0.035985
28,CA1-DG,intermediate,DG,0,0.850289,0.064326
28,CA1-DG,intermediate,DG,1,1.171616,0.124358
28,CA1-DG,intermediate,DG,2,1.079748,0.148907
28,CA1-DG,intermediate,DG,3,1.054316,0.112455
28,CA1-DG,intermediate,DG,4,1.057278,0.082121
28,CA1-DG,intermediate,DG,5,1.012244,0.058962
28,CA1-DG,intermediate,DG,6,1.226618,0.103803
28,CA1-DG,intermediate,DG,7,1.209657,0.081925
28,CA1-DG,intermediate,DG,8,0.859757,0.038703
28,CA1-DG,intermediate,DG,9,1.308678,0.096925
28,CA1-DG,intermediate,DG,10,0.99138,0.063501
28,CA1-DG,intermediate,DG,11,1.079432,0.063303
28,CA1-DG,intermediate,DG,12,0.89211,0.040642
28,CA1-DG,expert,CA1,0,0.987191,0.11045
28,CA1-DG,expert,CA1,1,0.917608,0.133357
28,CA1-DG,expert,CA1,2,0.907311,0.191057
28,CA1-DG,expert,CA1,3,0.494412,0.072665
28,CA1-DG,expert,CA1,4,0.090177,0.009318
28,CA1-DG,expert,CA1,5,0.676135,0.096905
28,CA1-DG,expert,CA1,6,0.045,0.005663
28,CA1-DG,expert,CA1,7,0.628309,0.066901
28,CA1-DG,expert,CA1,8,0.108005,0.009908
28,CA1-DG,expert,CA1,9,0.937185,0.115782
28,CA1-DG,expert,CA1,10,0.649025,0.089004
28,CA1-DG,expert,CA1,11,0.733565,0.097128
28,CA1-DG,expert,CA1,12,0.692965,0.097773
28,CA1-DG,expert,CA1,13,0.593396,0.075839
28,CA1-DG,expert,CA1,14,0.961564,0.11338
28,CA1-DG,expert,CA1,15,0.66738,0.08985
28,CA1-DG,expert,CA1,16,0.731764,0.074713
28,CA1-DG,expert,CA1,17,0.014002,0.001869
28,CA1-DG,expert,CA1,18,0.700862,0.069275
28,CA1-DG,expert,CA1,19,0.502063,0.057719
28,CA1-DG,expert,CA1,20,0.628353,0.068265
28,CA1-DG,expert,CA1,21,0.592673,0.099407
28,CA1-DG,expert,CA1,22,0.022721,0.003608
28,CA1-DG,expert,CA1,23,0.535039,0.08663
28,CA1-DG,expert,CA1,24,0.021439,0.002347
28,CA1-DG,expert,CA1,25,0.047003,0.006263
28,CA1-DG,expert,CA1,26,0.126232,0.013951
28,CA1-DG,expert,CA1,27,1.052816,0.135907
28,CA1-DG,expert,CA1,28,0.885879,0.078591
28,CA1-DG,expert,CA1,29,0.678929,0.08537
28,CA1-DG,expert,DG,0,0.944563,0.069905
28,CA1-DG,expert,DG,1,1.201347,0.140238
28,CA1-DG,expert,DG,2,1.089193,0.158729
28,CA1-DG,expert,DG,3,1.027489,0.198288
28,CA1-DG,expert,DG,4,1.033537,0.142553
28,CA1-DG,expert,DG,5,1.046094,0.112707
28,CA1-DG,expert,DG,6,1.216023,0.120437
28,CA1-DG,expert,DG,7,1.213497,0.171039
28,CA1-DG,expert,DG,8,2.763697,0.315532
28,CA1-DG,expert,DG,9,1.290866,0.202543
28,CA1-DG,expert,DG,10,1.467806,0.177199
28,CA1-DG,expert,DG,11,0.982309,0.13376
28,CA1-DG,expert,DG,12,1.741075,0.199478
28,CA1-V1,naive,CA1,0,1.019603,0.017348
28,CA1-V1,naive,CA1,1,0.736334,0.02719
28,CA1-V1,naive,CA1,2,1.045995,0.016199
28,CA1-V1,naive,CA1,3,0.69877,0.050557
28,CA1-V1,naive,CA1,4,0.969351,0.020426
28,CA1-V1,naive,CA1,5,0.466699,0.015704
28,CA1-V1,naive,CA1,6,0.848734,0.027508
28,CA1-V1,naive,CA1,7,0.6351,0.013413
28,CA1-V1,naive,CA1,8,0.847968,0.025782
28,CA1-V1,naive,CA1,9,0.392878,0.02995
28,CA1-V1,naive,CA1,10,0.08294,0.002861
28,CA1-V1,naive,CA1,11,0.974897,0.014635
28,CA1-V1,naive,CA1,12,0.300469,0.033073
28,CA1-V1,naive,CA1,13,0.027685,0.00059
28,CA1-V1,naive,CA1,14,1.014614,0.134383
28,CA1-V1,naive,CA1,15,0.988435,0.022112
28,CA1-V1,naive,CA1,16,0.274913,0.00685
28,CA1-V1,naive,CA1,17,0.003904,4.5e-05
28,CA1-V1,naive,CA1,18,0.933149,0.016752
28,CA1-V1,naive,CA1,19,0.857537,0.022648
28,CA1-V1,naive,CA1,20,0.038878,0.001444
28,CA1-V1,naive,CA1,21,0.806767,0.023351
28,CA1-V1,naive,CA1,22,0.769913,0.027826
28,CA1-V1,naive,CA1,23,0.019829,0.00101
28,CA1-V1,naive,CA1,24,0.75578,0.019936
28,CA1-V1,naive,CA1,25,0.007925,0.000376
28,CA1-V1,naive,CA1,26,1.103329,0.043594
28,CA1-V1,naive,CA1,27,0.842363,0.044644
28,CA1-V1,naive,CA1,28,0.815563,0.034997
28,CA1-V1,naive,CA1,29,0.689223,0.063069
28,CA1-V1,naive,V1,0,0.121322,0.010743
28,CA1-V1,naive,V1,1,0.851331,0.014213
28,CA1-V1,naive,V1,2,0.10044,0.006898
28,CA1-V1,naive,V1,3,0.014684,0.001376
28,CA1-V1,naive,V1,4,0.022032,0.001136
28,CA1-V1,naive,V1,5,0.063259,0.002829
28,CA1-V1,naive,V1,6,0.282893,0.012997
28,CA1-V1,naive,V1,7,0.817516,0.024482
28,CA1-V1,naive,V1,8,0.00956,0.000331
28,CA1-V1,naive,V1,9,0.815626,0.013354
28,CA1-V1,naive,V1,10,0.172139,0.007561
28,CA1-V1,naive,V1,11,0.688602,0.046074
28,CA1-V1,naive,V1,12,0.375643,0.044812
28,CA1-V1,naive,V1,13,0.108604,0.01298
28,CA1-V1,naive,V1,14,0.855095,0.010035
28,CA1-V1,naive,V1,15,0.545039,0.02935
28,CA1-V1,naive,V1,16,0.353487,0.021095
28,CA1-V1,naive,V1,17,0.152536,0.00578
28,CA1-V1,naive,V1,18,0.539999,0.0242
28,CA1-V1,naive,V1,19,0.388401,0.02419
28,CA1-V1,naive,V1,20,0.335305,0.006053
28,CA1-V1,naive,V1,21,0.141651,0.011541
28,CA1-V1,naive,V1,22,0.472523,0.05626
28,CA1-V1,naive,V1,23,0.068127,0.006075
28,CA1-V1,naive,V1,24,0.0,0.0
28,CA1-V1,naive,V1,25,0.006345,0.000506
28,CA1-V1,naive,V1,26,0.029726,0.002372
28,CA1-V1,naive,V1,27,0.750256,0.015463
28,CA1-V1,naive,V1,28,0.012508,0.000967
28,CA1-V1,naive,V1,29,0.487237,0.008224
28,CA1-V1,naive,V1,30,0.715736,0.032436
28,CA1-V1,naive,V1,31,0.010024,0.000579
28,CA1-V1,naive,V1,32,0.486148,0.007647
28,CA1-V1,naive,V1,33,0.049082,0.001686
28,CA1-V1,naive,V1,34,0.248788,0.022061
28,CA1-V1,naive,V1,35,0.718948,0.025115
28,CA1-V1,naive,V1,36,0.375572,0.004644
28,CA1-V1,naive,V1,37,0.607062,0.011558
28,CA1-V1,naive,V1,38,0.164019,0.014912
28,CA1-V1,naive,V1,39,0.311904,0.031416
28,CA1-V1,naive,V1,40,0.003606,0.000328
28,CA1-V1,naive,V1,41,0.011804,0.000839
28,CA1-V1,naive,V1,42,0.79858,0.024106
28,CA1-V1,naive,V1,43,0.056685,0.003734
28,CA1-V1,naive,V1,44,0.021058,0.002276
28,CA1-V1,naive,V1,45,0.11512,0.012827
28,CA1-V1,naive,V1,46,0.062979,0.002793
28,CA1-V1,naive,V1,47,0.755958,0.019936
28,CA1-V1,naive,V1,48,0.068518,0.00308
28,CA1-V1,naive,V1,49,0.041554,0.003443
28,CA1-V1,naive,V1,50,0.110686,0.006597
28,CA1-V1,naive,V1,51,0.013702,0.000539
28,CA1-V1,naive,V1,52,0.807966,0.027088
28,CA1-V1,naive,V1,53,0.465533,0.0222
28,CA1-V1,naive,V1,54,0.254296,0.018646
28,CA1-V1,naive,V1,55,0.193172,0.015479
28,CA1-V1,naive,V1,56,0.245201,0.032721
28,CA1-V1,naive,V1,57,0.031165,0.002619
28,CA1-V1,naive,V1,58,0.529165,0.052733
28,CA1-V1,naive,V1,59,0.128949,0.004965
28,CA1-V1,naive,V1,60,0.790923,0.038801
28,CA1-V1,naive,V1,61,0.222498,0.017017
28,CA1-V1,naive,V1,62,0.723648,0.025034
28,CA1-V1,naive,V1,63,0.691641,0.013462
28,CA1-V1,naive,V1,64,0.617164,0.027261
28,CA1-V1,naive,V1,65,0.128081,0.005214
28,CA1-V1,naive,V1,66,0.057438,0.001401
28,CA1-V1,naive,V1,67,0.002623,8.4e-05
28,CA1-V1,naive,V1,68,0.83102,0.014329
28,CA1-V1,intermediate,CA1,0,1.002997,0.023814
28,CA1-V1,intermediate,CA1,1,0.992945,0.047883
28,CA1-V1,intermediate,CA1,2,1.00507,0.024903
28,CA1-V1,intermediate,CA1,3,0.222971,0.01028
28,CA1-V1,intermediate,CA1,4,0.017808,0.000508
28,CA1-V1,intermediate,CA1,5,0.910186,0.01705
28,CA1-V1,intermediate,CA1,6,0.046235,0.001184
28,CA1-V1,intermediate,CA1,7,0.899242,0.028486
28,CA1-V1,intermediate,CA1,8,0.980236,0.024361
28,CA1-V1,intermediate,CA1,9,0.558712,0.012492
28,CA1-V1,intermediate,CA1,10,0.955305,0.040957
28,CA1-V1,intermediate,CA1,11,0.970824,0.027448
28,CA1-V1,intermediate,CA1,12,1.009462,0.06161
28,CA1-V1,intermediate,CA1,13,0.636569,0.035742
28,CA1-V1,intermediate,CA1,14,0.114919,0.003475
28,CA1-V1,intermediate,CA1,15,0.662338,0.040706
28,CA1-V1,intermediate,CA1,16,1.063168,0.033676
28,CA1-V1,intermediate,CA1,17,0.033371,0.001261
28,CA1-V1,intermediate,CA1,18,0.872239,0.025414
28,CA1-V1,intermediate,CA1,19,0.973095,0.015694
28,CA1-V1,intermediate,CA1,20,1.057707,0.031475
28,CA1-V1,intermediate,CA1,21,0.852075,0.035107
28,CA1-V1,intermediate,CA1,22,0.060269,0.002386
28,CA1-V1,intermediate,CA1,23,0.683944,0.014704
28,CA1-V1,intermediate,CA1,24,0.867093,0.017187
28,CA1-V1,intermediate,CA1,25,0.028816,0.000735
28,CA1-V1,intermediate,CA1,26,0.924569,0.0255
28,CA1-V1,intermediate,CA1,27,0.439596,0.014982
28,CA1-V1,intermediate,CA1,28,0.933565,0.041938
28,CA1-V1,intermediate,CA1,29,0.757278,0.031748
28,CA1-V1,intermediate,V1,0,0.530844,0.019985
28,CA1-V1,intermediate,V1,1,0.103756,0.003954
28,CA1-V1,intermediate,V1,2,0.582738,0.028306
28,CA1-V1,intermediate,V1,3,0.853012,0.016645
28,CA1-V1,intermediate,V1,4,0.722579,0.014932
28,CA1-V1,intermediate,V1,5,0.845915,0.034355
28,CA1-V1,intermediate,V1,6,0.361619,0.010992
28,CA1-V1,intermediate,V1,7,0.246813,0.014958
28,CA1-V1,intermediate,V1,8,0.753805,0.022116
28,CA1-V1,intermediate,V1,9,0.139786,0.004896
28,CA1-V1,intermediate,V1,10,0.165059,0.005227
28,CA1-V1,intermediate,V1,11,0.76267,0.025048
28,CA1-V1,intermediate,V1,12,0.379461,0.024147
28,CA1-V1,intermediate,V1,13,0.305134,0.010996
28,CA1-V1,intermediate,V1,14,0.462883,0.010446
28,CA1-V1,intermediate,V1,15,0.450701,0.014989
28,CA1-V1,intermediate,V1,16,0.414172,0.018345
28,CA1-V1,intermediate,V1,17,0.783092,0.017138
28,CA1-V1,intermediate,V1,18,0.315414,0.011279
28,CA1-V1,intermediate,V1,19,0.478531,0.015183
28,CA1-V1,intermediate,V1,20,0.444531,0.016814
28,CA1-V1,intermediate,V1,21,0.399407,0.010529
28,CA1-V1,intermediate,V1,22,0.60266,0.012546
28,CA1-V1,intermediate,V1,23,0.534364,0.020381
28,CA1-V1,intermediate,V1,24,0.017847,0.000493
28,CA1-V1,intermediate,V1,25,0.058967,0.002065
28,CA1-V1,intermediate,V1,26,0.158978,0.004453
28,CA1-V1,intermediate,V1,27,0.148992,0.003576
28,CA1-V1,intermediate,V1,28,0.295646,0.008719
28,CA1-V1,intermediate,V1,29,0.029797,0.001492
28,CA1-V1,intermediate,V1,30,0.685457,0.023985
28,CA1-V1,intermediate,V1,31,0.220955,0.009111
28,CA1-V1,intermediate,V1,32,0.553866,0.013654
28,CA1-V1,intermediate,V1,33,0.028278,0.000837
28,CA1-V1,intermediate,V1,34,0.178824,0.008269
28,CA1-V1,intermediate,V1,35,0.818403,0.026659
28,CA1-V1,intermediate,V1,36,0.339277,0.007293
28,CA1-V1,intermediate,V1,37,0.386036,0.008572
28,CA1-V1,intermediate,V1,38,0.276974,0.007766
28,CA1-V1,intermediate,V1,39,0.374073,0.015754
28,CA1-V1,intermediate,V1,40,0.81427,0.016056
28,CA1-V1,intermediate,V1,41,0.606899,0.021336
28,CA1-V1,intermediate,V1,42,0.233031,0.0089
28,CA1-V1,intermediate,V1,43,0.829621,0.017095
28,CA1-V1,intermediate,V1,44,0.411455,0.011719
28,CA1-V1,intermediate,V1,45,0.545993,0.038945
28,CA1-V1,intermediate,V1,46,0.022451,0.000812
28,CA1-V1,intermediate,V1,47,0.150302,0.009027
28,CA1-V1,intermediate,V1,48,0.054767,0.001241
28,CA1-V1,intermediate,V1,49,0.841265,0.021365
28,CA1-V1,intermediate,V1,50,0.250757,0.00637
28,CA1-V1,intermediate,V1,51,0.776588,0.010834
28,CA1-V1,intermediate,V1,52,0.015078,0.000382
28,CA1-V1,intermediate,V1,53,0.470113,0.018621
28,CA1-V1,intermediate,V1,54,0.304567,0.020406
28,CA1-V1,intermediate,V1,55,0.478592,0.016923
28,CA1-V1,intermediate,V1,56,0.686709,0.032864
28,CA1-V1,intermediate,V1,57,0.327708,0.007833
28,CA1-V1,intermediate,V1,58,0.43181,0.011621
28,CA1-V1,intermediate,V1,59,0.588974,0.015877
28,CA1-V1,intermediate,V1,60,0.234964,0.011906
28,CA1-V1,intermediate,V1,61,0.194279,0.007204
28,CA1-V1,intermediate,V1,62,0.122368,0.00873
28,CA1-V1,intermediate,V1,63,0.217793,0.010512
28,CA1-V1,intermediate,V1,64,0.41272,0.016044
28,CA1-V1,intermediate,V1,65,0.733928,0.019918
28,CA1-V1,intermediate,V1,66,0.19874,0.004593
28,CA1-V1,intermediate,V1,67,0.038699,0.001387
28,CA1-V1,intermediate,V1,68,0.026836,0.000916
28,CA1-V1,expert,CA1,0,1.015994,0.136271
28,CA1-V1,expert,CA1,1,0.84829,0.08444
28,CA1-V1,expert,CA1,2,1.002737,0.161976
28,CA1-V1,expert,CA1,3,0.839071,0.067833
28,CA1-V1,expert,CA1,4,0.093367,0.01171
28,CA1-V1,expert,CA1,5,0.929696,0.120174
28,CA1-V1,expert,CA1,6,0.05668,0.006953
28,CA1-V1,expert,CA1,7,0.84127,0.126821
28,CA1-V1,expert,CA1,8,0.140651,0.01907
28,CA1-V1,expert,CA1,9,1.040764,0.151135
28,CA1-V1,expert,CA1,10,0.819603,0.148981
28,CA1-V1,expert,CA1,11,0.976371,0.124829
28,CA1-V1,expert,CA1,12,1.053866,0.164605
28,CA1-V1,expert,CA1,13,0.657863,0.082178
28,CA1-V1,expert,CA1,14,1.041272,0.171215
28,CA1-V1,expert,CA1,15,0.751076,0.108748
28,CA1-V1,expert,CA1,16,1.081555,0.142725
28,CA1-V1,expert,CA1,17,0.016145,0.002175
28,CA1-V1,expert,CA1,18,0.832263,0.080664
28,CA1-V1,expert,CA1,19,0.967253,0.147152
28,CA1-V1,expert,CA1,20,1.074845,0.119409
28,CA1-V1,expert,CA1,21,0.937439,0.114314
28,CA1-V1,expert,CA1,22,0.027294,0.002182
28,CA1-V1,expert,CA1,23,0.691805,0.095513
28,CA1-V1,expert,CA1,24,0.023808,0.003499
28,CA1-V1,expert,CA1,25,0.051765,0.007403
28,CA1-V1,expert,CA1,26,0.144594,0.024106
28,CA1-V1,expert,CA1,27,1.093392,0.178591
28,CA1-V1,expert,CA1,28,1.072743,0.151606
28,CA1-V1,expert,CA1,29,0.738535,0.087065
28,CA1-V1,expert,V1,0,0.445919,0.058782
28,CA1-V1,expert,V1,1,0.13952,0.015712
28,CA1-V1,expert,V1,2,0.694444,0.10588
28,CA1-V1,expert,V1,3,0.377144,0.057897
28,CA1-V1,expert,V1,4,0.662917,0.106828
28,CA1-V1,expert,V1,5,0.208135,0.030518
28,CA1-V1,expert,V1,6,0.401488,0.047473
28,CA1-V1,expert,V1,7,0.290628,0.03684
28,CA1-V1,expert,V1,8,0.147087,0.019406
28,CA1-V1,expert,V1,9,0.086481,0.011034
28,CA1-V1,expert,V1,10,0.132433,0.016599
28,CA1-V1,expert,V1,11,0.396024,0.058505
28,CA1-V1,expert,V1,12,0.42306,0.053138
28,CA1-V1,expert,V1,13,0.518224,0.07723
28,CA1-V1,expert,V1,14,0.314204,0.037758
28,CA1-V1,expert,V1,15,0.265439,0.031682
28,CA1-V1,expert,V1,16,0.465207,0.073398
28,CA1-V1,expert,V1,17,0.737465,0.09353
28,CA1-V1,expert,V1,18,0.324746,0.039994
28,CA1-V1,expert,V1,19,0.549373,0.056832
28,CA1-V1,expert,V1,20,0.539295,0.073786
28,CA1-V1,expert,V1,21,0.490128,0.045125
28,CA1-V1,expert,V1,22,0.589397,0.080925
28,CA1-V1,expert,V1,23,0.710407,0.114095
28,CA1-V1,expert,V1,24,0.021369,0.002859
28,CA1-V1,expert,V1,25,0.051763,0.006281
28,CA1-V1,expert,V1,26,0.18942,0.0262
28,CA1-V1,expert,V1,27,0.195965,0.029936
28,CA1-V1,expert,V1,28,0.863584,0.116377
28,CA1-V1,expert,V1,29,0.031579,0.004462
28,CA1-V1,expert,V1,30,0.117318,0.017851
28,CA1-V1,expert,V1,31,0.865464,0.131354
28,CA1-V1,expert,V1,32,0.551207,0.069266
28,CA1-V1,expert,V1,33,0.02832,0.004516
28,CA1-V1,expert,V1,34,0.571472,0.063579
28,CA1-V1,expert,V1,35,0.222496,0.023728
28,CA1-V1,expert,V1,36,0.286443,0.036155
28,CA1-V1,expert,V1,37,0.327107,0.028874
28,CA1-V1,expert,V1,38,0.662616,0.100251
28,CA1-V1,expert,V1,39,0.514816,0.090495
28,CA1-V1,expert,V1,40,0.365606,0.047984
28,CA1-V1,expert,V1,41,0.467734,0.061008
28,CA1-V1,expert,V1,42,0.196004,0.033316
28,CA1-V1,expert,V1,43,0.878408,0.091356
28,CA1-V1,expert,V1,44,0.623034,0.06285
28,CA1-V1,expert,V1,45,0.707781,0.096749
28,CA1-V1,expert,V1,46,0.848374,0.108285
28,CA1-V1,expert,V1,47,0.08552,0.013441
28,CA1-V1,expert,V1,48,0.081103,0.00843
28,CA1-V1,expert,V1,49,0.819222,0.128886
28,CA1-V1,expert,V1,50,0.243793,0.018922
28,CA1-V1,expert,V1,51,0.859918,0.132718
28,CA1-V1,expert,V1,52,0.071233,0.008693
28,CA1-V1,expert,V1,53,0.657978,0.088295
28,CA1-V1,expert,V1,54,0.509281,0.070909
28,CA1-V1,expert,V1,55,0.624576,0.083635
28,CA1-V1,expert,V1,56,0.502237,0.088406
28,CA1-V1,expert,V1,57,0.357213,0.042058
28,CA1-V1,expert,V1,58,0.442389,0.066579
28,CA1-V1,expert,V1,59,0.797994,0.113957
28,CA1-V1,expert,V1,60,0.492411,0.072289
28,CA1-V1,expert,V1,61,0.344988,0.042051
28,CA1-V1,expert,V1,62,0.11358,0.011903
28,CA1-V1,expert,V1,63,0.382518,0.057098
28,CA1-V1,expert,V1,64,0.414995,0.03666
28,CA1-V1,expert,V1,65,0.480421,0.066871
28,CA1-V1,expert,V1,66,0.202311,0.02932
28,CA1-V1,expert,V1,67,0.06865,0.010529
28,CA1-V1,expert,V1,68,0.04217,0.004335
28,CA3-DG,naive,CA3,0,1.027239,0.10944
28,CA3-DG,naive,CA3,1,1.079949,0.143691
28,CA3-DG,naive,CA3,2,2.403166,0.05714
28,CA3-DG,naive,CA3,3,1.842789,0.047664
28,CA3-DG,naive,CA3,4,0.0,0.0
28,CA3-DG,naive,CA3,5,0.699762,0.007192
28,CA3-DG,naive,CA3,6,1.748268,0.02025
28,CA3-DG,naive,CA3,7,0.0,0.0
28,CA3-DG,naive,CA3,8,7.172899,0.110483
28,CA3-DG,naive,CA3,9,9.070155,0.211512
28,CA3-DG,naive,CA3,10,0.788098,0.124169
28,CA3-DG,naive,CA3,11,1.535545,0.06129
28,CA3-DG,naive,CA3,12,1.108667,0.475039
28,CA3-DG,naive,CA3,13,13.219764,0.173808
28,CA3-DG,naive,CA3,14,11.42509,0.28054
28,CA3-DG,naive,DG,0,1.615284,0.0688
28,CA3-DG,naive,DG,1,1.117031,0.286312
28,CA3-DG,naive,DG,2,1.31537,0.14782
28,CA3-DG,naive,DG,3,1.068139,0.078503
28,CA3-DG,naive,DG,4,0.963358,0.061986
28,CA3-DG,naive,DG,5,0.944037,0.03206
28,CA3-DG,naive,DG,6,1.109537,0.068134
28,CA3-DG,naive,DG,7,1.141449,0.033517
28,CA3-DG,naive,DG,8,0.938363,0.028846
28,CA3-DG,naive,DG,9,1.300595,0.305419
28,CA3-DG,naive,DG,10,0.980553,0.036124
28,CA3-DG,naive,DG,11,0.629953,0.020006
28,CA3-DG,naive,DG,12,0.0,0.0
28,CA3-DG,intermediate,CA3,0,0.980802,0.18179
28,CA3-DG,intermediate,CA3,1,1.045242,0.221864
28,CA3-DG,intermediate,CA3,2,1.059312,0.121359
28,CA3-DG,intermediate,CA3,3,0.982926,0.187385
28,CA3-DG,intermediate,CA3,4,48.068212,5.183538
28,CA3-DG,intermediate,CA3,5,1.147935,0.149969
28,CA3-DG,intermediate,CA3,6,1.095672,0.206702
28,CA3-DG,intermediate,CA3,7,34.826769,3.755619
28,CA3-DG,intermediate,CA3,8,2.634901,0.317868
28,CA3-DG,intermediate,CA3,9,2.132125,0.204756
28,CA3-DG,intermediate,CA3,10,1.047541,0.307508
28,CA3-DG,intermediate,CA3,11,0.96058,0.133754
28,CA3-DG,intermediate,CA3,12,1.116175,0.576406
28,CA3-DG,intermediate,CA3,13,4.026308,0.556477
28,CA3-DG,intermediate,CA3,14,15.523781,2.087246
28,CA3-DG,intermediate,DG,0,0.847571,0.124318
28,CA3-DG,intermediate,DG,1,1.134149,0.369998
28,CA3-DG,intermediate,DG,2,1.071689,0.28824
28,CA3-DG,intermediate,DG,3,1.060682,0.167627
28,CA3-DG,intermediate,DG,4,1.054827,0.169267
28,CA3-DG,intermediate,DG,5,1.013423,0.163683
28,CA3-DG,intermediate,DG,6,1.229286,0.137567
28,CA3-DG,intermediate,DG,7,1.210294,0.182976
28,CA3-DG,intermediate,DG,8,0.859229,0.116247
28,CA3-DG,intermediate,DG,9,1.256975,0.423458
28,CA3-DG,intermediate,DG,10,0.991207,0.103655
28,CA3-DG,intermediate,DG,11,1.077902,0.18589
28,CA3-DG,intermediate,DG,12,0.891899,0.135301
28,CA3-DG,expert,CA3,0,0.870895,0.077661
28,CA3-DG,expert,CA3,1,0.990608,0.147566
28,CA3-DG,expert,CA3,2,0.916042,0.028118
28,CA3-DG,expert,CA3,3,0.79324,0.026078
28,CA3-DG,expert,CA3,4,0.865003,0.035039
28,CA3-DG,expert,CA3,5,0.758133,0.02304
28,CA3-DG,expert,CA3,6,1.210178,0.032644
28,CA3-DG,expert,CA3,7,1.620018,0.041793
28,CA3-DG,expert,CA3,8,0.854388,0.020049
28,CA3-DG,expert,CA3,9,1.270949,0.047451
28,CA3-DG,expert,CA3,10,1.126858,0.18031
28,CA3-DG,expert,CA3,11,0.965018,0.05546
28,CA3-DG,expert,CA3,12,1.059189,0.42769
28,CA3-DG,expert,CA3,13,0.671663,0.0246
28,CA3-DG,expert,CA3,14,0.991101,0.027712
28,CA3-DG,expert,DG,0,0.940293,0.065376
28,CA3-DG,expert,DG,1,1.165986,0.264529
28,CA3-DG,expert,DG,2,1.077975,0.171443
28,CA3-DG,expert,DG,3,1.033325,0.076483
28,CA3-DG,expert,DG,4,1.027173,0.115782
28,CA3-DG,expert,DG,5,1.04704,0.01088
28,CA3-DG,expert,DG,6,1.215903,0.065861
28,CA3-DG,expert,DG,7,1.214348,0.034533
28,CA3-DG,expert,DG,8,2.753453,0.052876
28,CA3-DG,expert,DG,9,1.245924,0.29628
28,CA3-DG,expert,DG,10,1.46868,0.019252
28,CA3-DG,expert,DG,11,0.983756,0.021548
28,CA3-DG,expert,DG,12,1.738989,0.04612
34,CA1-CA3,naive,CA1,0,0.701796,0.020805
34,CA1-CA3,naive,CA1,1,0.598841,0.022842
34,CA1-CA3,naive,CA1,2,1.008311,0.098411
34,CA1-CA3,naive,CA1,3,0.012894,0.002135
34,CA1-CA3,naive,CA1,4,1.104828,0.028572
34,CA1-CA3,naive,CA1,5,0.75471,0.057996
34,CA1-CA3,naive,CA1,6,0.907726,0.029877
34,CA1-CA3,naive,CA1,7,0.957016,0.139556
34,CA1-CA3,naive,CA1,8,0.780986,0.093553
34,CA1-CA3,naive,CA1,9,0.994866,0.074129
34,CA1-CA3,naive,CA1,10,0.28769,0.009556
34,CA1-CA3,naive,CA1,11,0.77461,0.030326
34,CA1-CA3,naive,CA1,12,0.460549,0.01596
34,CA1-CA3,naive,CA1,13,0.078895,0.005993
34,CA1-CA3,naive,CA1,14,0.038855,0.00484
34,CA1-CA3,naive,CA1,15,0.017464,0.00109
34,CA1-CA3,naive,CA1,16,1.032636,0.034354
34,CA1-CA3,naive,CA1,17,0.158991,0.008926
34,CA1-CA3,naive,CA1,18,0.000722,7.3e-05
34,CA1-CA3,naive,CA1,19,0.96408,0.304632
34,CA1-CA3,naive,CA1,20,0.908697,0.218201
34,CA1-CA3,naive,CA1,21,0.862789,0.081273
34,CA1-CA3,naive,CA1,22,0.83532,0.049671
34,CA1-CA3,naive,CA1,23,0.603003,0.053144
34,CA1-CA3,naive,CA1,24,0.567974,0.019369
34,CA1-CA3,naive,CA1,25,0.267296,0.008676
34,CA1-CA3,naive,CA1,26,0.274385,0.010044
34,CA1-CA3,naive,CA3,0,1.290483,0.114723
34,CA1-CA3,naive,CA3,1,0.921992,0.073935
34,CA1-CA3,naive,CA3,2,0.68421,0.012619
34,CA1-CA3,naive,CA3,3,1.067342,0.352353
34,CA1-CA3,naive,CA3,4,1.132693,0.110846
34,CA1-CA3,naive,CA3,5,1.013669,0.089694
34,CA1-CA3,naive,CA3,6,1.047513,0.166815
34,CA1-CA3,naive,CA3,7,1.003147,0.113199
34,CA1-CA3,naive,CA3,8,8.401733,0.251721
34,CA1-CA3,naive,CA3,9,1.014835,0.075124
34,CA1-CA3,naive,CA3,10,0.924422,0.013171
34,CA1-CA3,naive,CA3,11,0.829013,0.06084
34,CA1-CA3,naive,CA3,12,1.852391,0.030472
34,CA1-CA3,intermediate,CA1,0,0.598886,0.015909
34,CA1-CA3,intermediate,CA1,1,0.276465,0.010243
34,CA1-CA3,intermediate,CA1,2,0.781505,0.131785
34,CA1-CA3,intermediate,CA1,3,0.044751,0.008124
34,CA1-CA3,intermediate,CA1,4,0.677111,0.036385
34,CA1-CA3,intermediate,CA1,5,0.897828,0.064248
34,CA1-CA3,intermediate,CA1,6,0.551644,0.021901
34,CA1-CA3,intermediate,CA1,7,0.946682,0.233903
34,CA1-CA3,intermediate,CA1,8,0.910699,0.112112
34,CA1-CA3,intermediate,CA1,9,0.898315,0.07464
34,CA1-CA3,intermediate,CA1,10,0.000152,2.1e-05
34,CA1-CA3,intermediate,CA1,11,0.059569,0.012704
34,CA1-CA3,intermediate,CA1,12,0.388225,0.019535
34,CA1-CA3,intermediate,CA1,13,0.577672,0.020247
34,CA1-CA3,intermediate,CA1,14,0.772196,0.035463
34,CA1-CA3,intermediate,CA1,15,0.077689,0.007485
34,CA1-CA3,intermediate,CA1,16,0.863818,0.055886
34,CA1-CA3,intermediate,CA1,17,0.946395,0.052517
34,CA1-CA3,intermediate,CA1,18,0.241938,0.009862
34,CA1-CA3,intermediate,CA1,19,1.043605,0.2718
34,CA1-CA3,intermediate,CA1,20,1.023225,0.26632
34,CA1-CA3,intermediate,CA1,21,0.884422,0.1007
34,CA1-CA3,intermediate,CA1,22,0.914416,0.091961
34,CA1-CA3,intermediate,CA1,23,0.851589,0.086784
34,CA1-CA3,intermediate,CA1,24,0.07922,0.014806
34,CA1-CA3,intermediate,CA1,25,0.510598,0.017238
34,CA1-CA3,intermediate,CA1,26,0.503268,0.016669
34,CA1-CA3,intermediate,CA3,0,1.064825,0.193235
34,CA1-CA3,intermediate,CA3,1,1.148285,0.125732
34,CA1-CA3,intermediate,CA3,2,1.220478,0.020211
34,CA1-CA3,intermediate,CA3,3,1.108588,0.346193
34,CA1-CA3,intermediate,CA3,4,1.0541,0.157878
34,CA1-CA3,intermediate,CA3,5,1.073936,0.127114
34,CA1-CA3,intermediate,CA3,6,1.125264,0.151589
34,CA1-CA3,intermediate,CA3,7,1.056475,0.154913
34,CA1-CA3,intermediate,CA3,8,1.10256,0.022298
34,CA1-CA3,intermediate,CA3,9,1.031485,0.059612
34,CA1-CA3,intermediate,CA3,10,0.897597,0.033343
34,CA1-CA3,intermediate,CA3,11,1.195401,0.05435
34,CA1-CA3,intermediate,CA3,12,1.734197,0.032771
34,CA1-CA3,expert,CA1,0,0.648841,0.072698
34,CA1-CA3,expert,CA1,1,0.034183,0.005401
34,CA1-CA3,expert,CA1,2,0.565774,0.136415
34,CA1-CA3,expert,CA1,3,0.432471,0.042849
34,CA1-CA3,expert,CA1,4,0.600049,0.046311
34,CA1-CA3,expert,CA1,5,0.742221,0.061927
34,CA1-CA3,expert,CA1,6,0.971675,0.073644
34,CA1-CA3,expert,CA1,7,0.836914,0.295244
34,CA1-CA3,expert,CA1,8,0.813585,0.140931
34,CA1-CA3,expert,CA1,9,0.892265,0.098768
34,CA1-CA3,expert,CA1,10,0.000265,4.4e-05
34,CA1-CA3,expert,CA1,11,0.930056,0.098733
34,CA1-CA3,expert,CA1,12,0.252671,0.024379
34,CA1-CA3,expert,CA1,13,0.129516,0.024464
34,CA1-CA3,expert,CA1,14,0.732668,0.068437
34,CA1-CA3,expert,CA1,15,0.690386,0.047953
34,CA1-CA3,expert,CA1,16,0.788735,0.111132
34,CA1-CA3,expert,CA1,17,0.516385,0.042266
34,CA1-CA3,expert,CA1,18,0.000269,4.5e-05
34,CA1-CA3,expert,CA1,19,0.91804,0.300264
34,CA1-CA3,expert,CA1,20,0.950631,0.321797
34,CA1-CA3,expert,CA1,21,0.890346,0.136839
34,CA1-CA3,expert,CA1,22,0.84034,0.119854
34,CA1-CA3,expert,CA1,23,0.904588,0.124609
34,CA1-CA3,expert,CA1,24,0.049116,0.014386
34,CA1-CA3,expert,CA1,25,0.013292,0.002248
34,CA1-CA3,expert,CA1,26,0.014577,0.002125
34,CA1-CA3,expert,CA3,0,1.050717,0.240332
34,CA1-CA3,expert,CA3,1,1.152059,0.173306
34,CA1-CA3,expert,CA3,2,1.406288,0.176015
34,CA1-CA3,expert,CA3,3,1.034888,0.374423
34,CA1-CA3,expert,CA3,4,1.079324,0.189673
34,CA1-CA3,expert,CA3,5,1.016719,0.104702
34,CA1-CA3,expert,CA3,6,1.088387,0.184317
34,CA1-CA3,expert,CA3,7,1.028216,0.167851
34,CA1-CA3,expert,CA3,8,1.042605,0.094731
34,CA1-CA3,expert,CA3,9,0.950235,0.109078
34,CA1-CA3,expert,CA3,10,0.958209,0.072584
34,CA1-CA3,expert,CA3,11,1.557394,0.126515
34,CA1-CA3,expert,CA3,12,1.413529,0.10814
34,CA1-V1,naive,CA1,0,1.267197,0.02817
34,CA1-V1,naive,CA1,1,0.684152,0.017953
34,CA1-V1,naive,CA1,2,1.152975,0.048863
34,CA1-V1,naive,CA1,3,0.013684,0.000907
34,CA1-V1,naive,CA1,4,1.165786,0.065445
34,CA1-V1,naive,CA1,5,0.936992,0.027704
34,CA1-V1,naive,CA1,6,1.053693,0.085724
34,CA1-V1,naive,CA1,7,1.039703,0.071998
34,CA1-V1,naive,CA1,8,1.029534,0.083754
34,CA1-V1,naive,CA1,9,1.201071,0.061553
34,CA1-V1,naive,CA1,10,0.69043,0.00725
34,CA1-V1,naive,CA1,11,1.108112,0.056991
34,CA1-V1,naive,CA1,12,0.664692,0.032113
34,CA1-V1,naive,CA1,13,0.098225,0.004099
34,CA1-V1,naive,CA1,14,0.044788,0.001808
34,CA1-V1,naive,CA1,15,0.022558,0.001856
34,CA1-V1,naive,CA1,16,1.158905,0.070083
34,CA1-V1,naive,CA1,17,0.267752,0.012222
34,CA1-V1,naive,CA1,18,0.000653,3.7e-05
34,CA1-V1,naive,CA1,19,1.075795,0.037196
34,CA1-V1,naive,CA1,20,1.025961,0.03404
34,CA1-V1,naive,CA1,21,1.033926,0.031187
34,CA1-V1,naive,CA1,22,1.104822,0.115995
34,CA1-V1,naive,CA1,23,0.7747,0.021105
34,CA1-V1,naive,CA1,24,0.729825,0.02797
34,CA1-V1,naive,CA1,25,0.413421,0.021472
34,CA1-V1,naive,CA1,26,0.420807,0.022491
34,CA1-V1,naive,V1,0,0.120548,0.009139
34,CA1-V1,naive,V1,1,0.309482,0.014973
34,CA1-V1,naive,V1,2,0.173129,0.011485
34,CA1-V1,naive,V1,3,0.151774,0.009376
34,CA1-V1,naive,V1,4,0.209207,0.011195
34,CA1-V1,naive,V1,5,0.2346,0.01708
34,CA1-V1,naive,V1,6,0.257116,0.020627
34,CA1-V1,naive,V1,7,0.166323,0.012547
34,CA1-V1,naive,V1,8,0.122207,0.006731
34,CA1-V1,naive,V1,9,0.137801,0.005851
34,CA1-V1,naive,V1,10,0.208379,0.010466
34,CA1-V1,naive,V1,11,0.272352,0.01702
34,CA1-V1,naive,V1,12,0.212595,0.010322
34,CA1-V1,naive,V1,13,0.13571,0.009412
34,CA1-V1,naive,V1,14,0.097084,0.008452
34,CA1-V1,naive,V1,15,0.073913,0.004007
34,CA1-V1,naive,V1,16,0.175854,0.010056
34,CA1-V1,naive,V1,17,0.122138,0.007209
34,CA1-V1,naive,V1,18,0.635234,0.029452
34,CA1-V1,naive,V1,19,0.144117,0.008772
34,CA1-V1,naive,V1,20,0.114717,0.007637
34,CA1-V1,naive,V1,21,0.059937,0.003228
34,CA1-V1,naive,V1,22,0.247852,0.012769
34,CA1-V1,naive,V1,23,0.620863,0.021889
34,CA1-V1,naive,V1,24,0.058735,0.002998
34,CA1-V1,naive,V1,25,0.111187,0.005102
34,CA1-V1,naive,V1,26,0.065625,0.004041
34,CA1-V1,naive,V1,27,0.072279,0.003946
34,CA1-V1,naive,V1,28,0.072449,0.004248
34,CA1-V1,naive,V1,29,0.184787,0.015005
34,CA1-V1,naive,V1,30,0.189012,0.016081
34,CA1-V1,naive,V1,31,0.071348,0.003244
34,CA1-V1,naive,V1,32,0.361148,0.015059
34,CA1-V1,naive,V1,33,0.547487,0.032832
34,CA1-V1,naive,V1,34,0.188426,0.019358
34,CA1-V1,naive,V1,35,0.049028,0.00254
34,CA1-V1,naive,V1,36,0.052684,0.004641
34,CA1-V1,naive,V1,37,0.128046,0.005523
34,CA1-V1,naive,V1,38,0.184871,0.010208
34,CA1-V1,naive,V1,39,0.311478,0.022854
34,CA1-V1,naive,V1,40,0.221331,0.013455
34,CA1-V1,naive,V1,41,0.104979,0.004851
34,CA1-V1,naive,V1,42,0.068817,0.004907
34,CA1-V1,naive,V1,43,0.049186,0.004047
34,CA1-V1,naive,V1,44,0.134082,0.004035
34,CA1-V1,naive,V1,45,0.131853,0.006111
34,CA1-V1,naive,V1,46,0.111715,0.006414
34,CA1-V1,naive,V1,47,0.177282,0.014995
34,CA1-V1,naive,V1,48,0.085787,0.004745
34,CA1-V1,naive,V1,49,0.123499,0.005299
34,CA1-V1,naive,V1,50,0.135635,0.008263
34,CA1-V1,naive,V1,51,0.283252,0.0203
34,CA1-V1,naive,V1,52,0.055419,0.003499
34,CA1-V1,naive,V1,53,0.653759,0.023743
34,CA1-V1,naive,V1,54,0.565653,0.020952
34,CA1-V1,naive,V1,55,0.194766,0.013293
34,CA1-V1,naive,V1,56,0.206096,0.007596
34,CA1-V1,naive,V1,57,0.525363,0.01484
34,CA1-V1,naive,V1,58,0.005254,0.000482
34,CA1-V1,naive,V1,59,0.02559,0.001484
34,CA1-V1,naive,V1,60,0.219649,0.010594
34,CA1-V1,naive,V1,61,0.078159,0.004501
34,CA1-V1,naive,V1,62,0.120351,0.0082
34,CA1-V1,naive,V1,63,0.164168,0.011121
34,CA1-V1,naive,V1,64,0.12979,0.007877
34,CA1-V1,naive,V1,65,0.099701,0.00453
34,CA1-V1,naive,V1,66,0.120389,0.008773
34,CA1-V1,naive,V1,67,0.14737,0.011599
34,CA1-V1,naive,V1,68,0.093611,0.005606
34,CA1-V1,naive,V1,69,0.042113,0.001072
34,CA1-V1,naive,V1,70,0.125976,0.005723
34,CA1-V1,naive,V1,71,0.399721,0.015469
34,CA1-V1,naive,V1,72,0.291784,0.012346
34,CA1-V1,naive,V1,73,0.578311,0.051868
34,CA1-V1,naive,V1,74,0.075908,0.002557
34,CA1-V1,naive,V1,75,0.54454,0.033818
34,CA1-V1,naive,V1,76,0.087007,0.005303
34,CA1-V1,naive,V1,77,0.285964,0.01761
34,CA1-V1,naive,V1,78,0.013088,0.000637
34,CA1-V1,naive,V1,79,0.039203,0.002225
34,CA1-V1,naive,V1,80,0.036281,0.002524
34,CA1-V1,naive,V1,81,0.061494,0.003527
34,CA1-V1,naive,V1,82,0.017171,0.000925
34,CA1-V1,naive,V1,83,0.647734,0.020749
34,CA1-V1,naive,V1,84,0.663831,0.027171
34,CA1-V1,naive,V1,85,0.637807,0.013344
34,CA1-V1,naive,V1,86,0.480743,0.022783
34,CA1-V1,naive,V1,87,0.280071,0.009529
34,CA1-V1,naive,V1,88,0.607565,0.018979
34,CA1-V1,naive,V1,89,0.039661,0.003061
34,CA1-V1,naive,V1,90,0.143199,0.011406
34,CA1-V1,naive,V1,91,0.471765,0.024205
34,CA1-V1,naive,V1,92,0.656302,0.022123
34,CA1-V1,naive,V1,93,0.069752,0.006968
34,CA1-V1,naive,V1,94,0.170538,0.008848
34,CA1-V1,naive,V1,95,0.12641,0.007475
34,CA1-V1,naive,V1,96,0.210636,0.014514
34,CA1-V1,naive,V1,97,0.009946,0.000513
34,CA1-V1,naive,V1,98,0.097783,0.006857
34,CA1-V1,naive,V1,99,0.038511,0.002416
34,CA1-V1,naive,V1,100,0.48503,0.013674
34,CA1-V1,naive,V1,101,0.014029,0.000891
34,CA1-V1,naive,V1,102,0.464397,0.024089
34,CA1-V1,naive,V1,103,0.25383,0.008181
34,CA1-V1,naive,V1,104,0.271693,0.018383
34,CA1-V1,naive,V1,105,0.102558,0.009486
34,CA1-V1,naive,V1,106,0.52681,0.033193
34,CA1-V1,naive,V1,107,0.169173,0.009234
34,CA1-V1,naive,V1,108,0.224729,0.013788
34,CA1-V1,naive,V1,109,0.231447,0.012203
34,CA1-V1,naive,V1,110,0.091474,0.005566
34,CA1-V1,naive,V1,111,0.013953,0.001018
34,CA1-V1,naive,V1,112,0.14989,0.005189
34,CA1-V1,naive,V1,113,0.064779,0.004413
34,CA1-V1,naive,V1,114,0.092213,0.005871
34,CA1-V1,naive,V1,115,0.495569,0.027695
34,CA1-V1,naive,V1,116,0.025535,0.00157
34,CA1-V1,naive,V1,117,0.035604,0.001994
34,CA1-V1,intermediate,CA1,0,1.095111,0.022941
34,CA1-V1,intermediate,CA1,1,0.742131,0.036405
34,CA1-V1,intermediate,CA1,2,1.017874,0.038584
34,CA1-V1,intermediate,CA1,3,0.050298,0.002368
34,CA1-V1,intermediate,CA1,4,0.967538,0.074552
34,CA1-V1,intermediate,CA1,5,1.027037,0.042363
34,CA1-V1,intermediate,CA1,6,1.012246,0.064052
34,CA1-V1,intermediate,CA1,7,1.046737,0.084412
34,CA1-V1,intermediate,CA1,8,1.052367,0.093284
34,CA1-V1,intermediate,CA1,9,0.971109,0.011406
34,CA1-V1,intermediate,CA1,10,3.6e-05,1e-06
34,CA1-V1,intermediate,CA1,11,0.100302,0.004217
34,CA1-V1,intermediate,CA1,12,1.000556,0.029722
34,CA1-V1,intermediate,CA1,13,0.874916,0.031046
34,CA1-V1,intermediate,CA1,14,0.906303,0.052481
34,CA1-V1,intermediate,CA1,15,0.101074,0.006289
34,CA1-V1,intermediate,CA1,16,0.973626,0.068409
34,CA1-V1,intermediate,CA1,17,1.07595,0.088646
34,CA1-V1,intermediate,CA1,18,0.538647,0.025036
34,CA1-V1,intermediate,CA1,19,1.115021,0.047753
34,CA1-V1,intermediate,CA1,20,1.08881,0.023978
34,CA1-V1,intermediate,CA1,21,1.056926,0.044897
34,CA1-V1,intermediate,CA1,22,0.986294,0.14684
34,CA1-V1,intermediate,CA1,23,1.079495,0.026153
34,CA1-V1,intermediate,CA1,24,0.090694,0.008487
34,CA1-V1,intermediate,CA1,25,0.551866,0.01602
34,CA1-V1,intermediate,CA1,26,0.542487,0.015672
34,CA1-V1,intermediate,V1,0,0.683895,0.020402
34,CA1-V1,intermediate,V1,1,0.480403,0.020255
34,CA1-V1,intermediate,V1,2,0.247158,0.015753
34,CA1-V1,intermediate,V1,3,0.253691,0.022259
34,CA1-V1,intermediate,V1,4,0.534336,0.039924
34,CA1-V1,intermediate,V1,5,0.391585,0.039222
34,CA1-V1,intermediate,V1,6,0.233021,0.018667
34,CA1-V1,intermediate,V1,7,0.404591,0.014067
34,CA1-V1,intermediate,V1,8,0.32532,0.013809
34,CA1-V1,intermediate,V1,9,0.070348,0.007545
34,CA1-V1,intermediate,V1,10,0.34863,0.00962
34,CA1-V1,intermediate,V1,11,0.383531,0.039344
34,CA1-V1,intermediate,V1,12,0.385869,0.028463
34,CA1-V1,intermediate,V1,13,0.327103,0.01232
34,CA1-V1,intermediate,V1,14,0.265768,0.01081
34,CA1-V1,intermediate,V1,15,0.235445,0.011576
34,CA1-V1,intermediate,V1,16,0.485586,0.050007
34,CA1-V1,intermediate,V1,17,0.169711,0.013789
34,CA1-V1,intermediate,V1,18,0.184004,0.010793
34,CA1-V1,intermediate,V1,19,0.242326,0.004056
34,CA1-V1,intermediate,V1,20,0.327409,0.023753
34,CA1-V1,intermediate,V1,21,0.272554,0.013277
34,CA1-V1,intermediate,V1,22,0.201985,0.018992
34,CA1-V1,intermediate,V1,23,0.124324,0.011845
34,CA1-V1,intermediate,V1,24,0.417571,0.023188
34,CA1-V1,intermediate,V1,25,0.21666,0.011754
34,CA1-V1,intermediate,V1,26,0.45362,0.013212
34,CA1-V1,intermediate,V1,27,0.189907,0.012201
34,CA1-V1,intermediate,V1,28,0.19915,0.007773
34,CA1-V1,intermediate,V1,29,0.266238,0.02099
34,CA1-V1,intermediate,V1,30,0.265389,0.024258
34,CA1-V1,intermediate,V1,31,0.11493,0.004791
34,CA1-V1,intermediate,V1,32,0.305495,0.010561
34,CA1-V1,intermediate,V1,33,0.056362,0.002333
34,CA1-V1,intermediate,V1,34,0.243057,0.02057
34,CA1-V1,intermediate,V1,35,0.470651,0.01317
34,CA1-V1,intermediate,V1,36,0.188608,0.014323
34,CA1-V1,intermediate,V1,37,0.3834,0.022023
34,CA1-V1,intermediate,V1,38,0.787423,0.027039
34,CA1-V1,intermediate,V1,39,0.174628,0.007613
34,CA1-V1,intermediate,V1,40,0.130336,0.010359
34,CA1-V1,intermediate,V1,41,0.326094,0.016966
34,CA1-V1,intermediate,V1,42,0.261346,0.029084
34,CA1-V1,intermediate,V1,43,0.856646,0.022081
34,CA1-V1,intermediate,V1,44,0.164025,0.006724
34,CA1-V1,intermediate,V1,45,0.109354,0.004406
34,CA1-V1,intermediate,V1,46,0.266939,0.020042
34,CA1-V1,intermediate,V1,47,0.256412,0.023688
34,CA1-V1,intermediate,V1,48,0.129788,0.00608
34,CA1-V1,intermediate,V1,49,0.216231,0.011181
34,CA1-V1,intermediate,V1,50,0.235016,0.020873
34,CA1-V1,intermediate,V1,51,0.298138,0.020464
34,CA1-V1,intermediate,V1,52,0.318256,0.029489
34,CA1-V1,intermediate,V1,53,0.257015,0.009393
34,CA1-V1,intermediate,V1,54,0.039687,0.002561
34,CA1-V1,intermediate,V1,55,0.37331,0.068463
34,CA1-V1,intermediate,V1,56,0.096173,0.00647
34,CA1-V1,intermediate,V1,57,0.014574,0.000923
34,CA1-V1,intermediate,V1,58,0.830126,0.012429
34,CA1-V1,intermediate,V1,59,0.194088,0.008705
34,CA1-V1,intermediate,V1,60,0.356231,0.025763
34,CA1-V1,intermediate,V1,61,0.283078,0.025184
34,CA1-V1,intermediate,V1,62,0.359963,0.039476
34,CA1-V1,intermediate,V1,63,0.324076,0.026233
34,CA1-V1,intermediate,V1,64,0.341111,0.016274
34,CA1-V1,intermediate,V1,65,0.383152,0.011978
34,CA1-V1,intermediate,V1,66,0.278344,0.027845
34,CA1-V1,intermediate,V1,67,0.448388,0.017459
34,CA1-V1,intermediate,V1,68,0.200735,0.010131
34,CA1-V1,intermediate,V1,69,0.428462,0.030752
34,CA1-V1,intermediate,V1,70,0.342977,0.028323
34,CA1-V1,intermediate,V1,71,0.335345,0.016537
34,CA1-V1,intermediate,V1,72,0.1923,0.004465
34,CA1-V1,intermediate,V1,73,0.293349,0.03618
34,CA1-V1,intermediate,V1,74,0.17676,0.008188
34,CA1-V1,intermediate,V1,75,0.079856,0.004456
34,CA1-V1,intermediate,V1,76,0.432728,0.016223
34,CA1-V1,intermediate,V1,77,0.316439,0.007553
34,CA1-V1,intermediate,V1,78,0.038645,0.002022
34,CA1-V1,intermediate,V1,79,0.267402,0.010524
34,CA1-V1,intermediate,V1,80,0.614943,0.028915
34,CA1-V1,intermediate,V1,81,0.380955,0.011365
34,CA1-V1,intermediate,V1,82,0.443439,0.022589
34,CA1-V1,intermediate,V1,83,0.059793,0.00462
34,CA1-V1,intermediate,V1,84,0.076666,0.004814
34,CA1-V1,intermediate,V1,85,0.052346,0.002462
34,CA1-V1,intermediate,V1,86,0.103993,0.006254
34,CA1-V1,intermediate,V1,87,0.459976,0.037964
34,CA1-V1,intermediate,V1,88,0.057676,0.003406
34,CA1-V1,intermediate,V1,89,0.498688,0.050451
34,CA1-V1,intermediate,V1,90,0.188855,0.015415
34,CA1-V1,intermediate,V1,91,0.001404,2.7e-05
34,CA1-V1,intermediate,V1,92,0.018704,0.001784
34,CA1-V1,intermediate,V1,93,0.329146,0.031732
34,CA1-V1,intermediate,V1,94,0.838933,0.063788
34,CA1-V1,intermediate,V1,95,0.369314,0.035111
34,CA1-V1,intermediate,V1,96,0.229952,0.012997
34,CA1-V1,intermediate,V1,97,0.635254,0.018238
34,CA1-V1,intermediate,V1,98,0.381121,0.026201
34,CA1-V1,intermediate,V1,99,0.883731,0.013782
34,CA1-V1,intermediate,V1,100,0.020229,0.001085
34,CA1-V1,intermediate,V1,101,0.131884,0.003999
34,CA1-V1,intermediate,V1,102,0.49577,0.014646
34,CA1-V1,intermediate,V1,103,0.323311,0.015773
34,CA1-V1,intermediate,V1,104,0.189954,0.006076
34,CA1-V1,intermediate,V1,105,0.182956,0.015432
34,CA1-V1,intermediate,V1,106,0.338893,0.017857
34,CA1-V1,intermediate,V1,107,0.305603,0.016469
34,CA1-V1,intermediate,V1,108,0.361847,0.021037
34,CA1-V1,intermediate,V1,109,0.222359,0.012411
34,CA1-V1,intermediate,V1,110,0.374525,0.010531
34,CA1-V1,intermediate,V1,111,0.266523,0.015044
34,CA1-V1,intermediate,V1,112,0.14744,0.007178
34,CA1-V1,intermediate,V1,113,0.203237,0.007451
34,CA1-V1,intermediate,V1,114,0.242891,0.008956
34,CA1-V1,intermediate,V1,115,0.684256,0.032046
34,CA1-V1,intermediate,V1,116,0.135596,0.005903
34,CA1-V1,intermediate,V1,117,0.809446,0.017004
34,CA1-V1,expert,CA1,0,0.733391,0.044674
34,CA1-V1,expert,CA1,1,0.051008,0.006437
34,CA1-V1,expert,CA1,2,0.955465,0.033214
34,CA1-V1,expert,CA1,3,0.703137,0.028794
34,CA1-V1,expert,CA1,4,0.902064,0.063332
34,CA1-V1,expert,CA1,5,0.975508,0.020169
34,CA1-V1,expert,CA1,6,1.119745,0.0622
34,CA1-V1,expert,CA1,7,1.075332,0.095266
34,CA1-V1,expert,CA1,8,1.069873,0.083208
34,CA1-V1,expert,CA1,9,0.957843,0.027967
34,CA1-V1,expert,CA1,10,6.1e-05,3e-06
34,CA1-V1,expert,CA1,11,0.982224,0.057046
34,CA1-V1,expert,CA1,12,0.673818,0.020075
34,CA1-V1,expert,CA1,13,0.171116,0.007676
34,CA1-V1,expert,CA1,14,0.777145,0.076315
34,CA1-V1,expert,CA1,15,0.832681,0.050446
34,CA1-V1,expert,CA1,16,0.947488,0.07693
34,CA1-V1,expert,CA1,17,0.788905,0.10794
34,CA1-V1,expert,CA1,18,6.2e-05,3e-06
34,CA1-V1,expert,CA1,19,1.076161,0.060337
34,CA1-V1,expert,CA1,20,1.091128,0.037963
34,CA1-V1,expert,CA1,21,1.068858,0.06242
34,CA1-V1,expert,CA1,22,0.999632,0.184986
34,CA1-V1,expert,CA1,23,1.105178,0.029732
34,CA1-V1,expert,CA1,24,0.075509,0.006784
34,CA1-V1,expert,CA1,25,0.021112,0.001713
34,CA1-V1,expert,CA1,26,0.022588,0.001302
34,CA1-V1,expert,V1,0,0.356326,0.025953
34,CA1-V1,expert,V1,1,0.388102,0.03137
34,CA1-V1,expert,V1,2,0.221702,0.0233
34,CA1-V1,expert,V1,3,0.206125,0.021186
34,CA1-V1,expert,V1,4,0.216502,0.033428
34,CA1-V1,expert,V1,5,0.283274,0.039931
34,CA1-V1,expert,V1,6,0.335767,0.029375
34,CA1-V1,expert,V1,7,0.303602,0.012888
34,CA1-V1,expert,V1,8,0.382625,0.018203
34,CA1-V1,expert,V1,9,0.07835,0.010978
34,CA1-V1,expert,V1,10,0.309155,0.023728
34,CA1-V1,expert,V1,11,0.273668,0.048707
34,CA1-V1,expert,V1,12,0.52212,0.02732
34,CA1-V1,expert,V1,13,0.221299,0.012077
34,CA1-V1,expert,V1,14,0.206645,0.010392
34,CA1-V1,expert,V1,15,0.791488,0.038726
34,CA1-V1,expert,V1,16,0.205996,0.028049
34,CA1-V1,expert,V1,17,0.120706,0.0167
34,CA1-V1,expert,V1,18,0.107936,0.011386
34,CA1-V1,expert,V1,19,0.287533,0.018238
34,CA1-V1,expert,V1,20,0.195034,0.037604
34,CA1-V1,expert,V1,21,0.150643,0.011872
34,CA1-V1,expert,V1,22,0.355849,0.023841
34,CA1-V1,expert,V1,23,0.130947,0.0099
34,CA1-V1,expert,V1,24,0.733502,0.017072
34,CA1-V1,expert,V1,25,0.410635,0.01597
34,CA1-V1,expert,V1,26,0.40982,0.01189
34,CA1-V1,expert,V1,27,0.197911,0.011266
34,CA1-V1,expert,V1,28,0.43311,0.025132
34,CA1-V1,expert,V1,29,0.231766,0.031582
34,CA1-V1,expert,V1,30,0.25224,0.033309
34,CA1-V1,expert,V1,31,0.289514,0.01933
34,CA1-V1,expert,V1,32,0.101006,0.004711
34,CA1-V1,expert,V1,33,0.061473,0.004312
34,CA1-V1,expert,V1,34,0.234041,0.027276
34,CA1-V1,expert,V1,35,0.176744,0.007241
34,CA1-V1,expert,V1,36,0.056627,0.002422
34,CA1-V1,expert,V1,37,0.119348,0.015543
34,CA1-V1,expert,V1,38,0.458416,0.017543
34,CA1-V1,expert,V1,39,0.14034,0.008644
34,CA1-V1,expert,V1,40,0.106435,0.008593
34,CA1-V1,expert,V1,41,0.295932,0.015513
34,CA1-V1,expert,V1,42,0.681918,0.047672
34,CA1-V1,expert,V1,43,0.090727,0.006197
34,CA1-V1,expert,V1,44,0.24257,0.006122
34,CA1-V1,expert,V1,45,0.102679,0.006399
34,CA1-V1,expert,V1,46,0.224333,0.023196
34,CA1-V1,expert,V1,47,0.228343,0.026802
34,CA1-V1,expert,V1,48,0.211598,0.014816
34,CA1-V1,expert,V1,49,0.117785,0.007702
34,CA1-V1,expert,V1,50,0.201089,0.0306
34,CA1-V1,expert,V1,51,0.203088,0.015321
34,CA1-V1,expert,V1,52,0.755089,0.054281
34,CA1-V1,expert,V1,53,0.122644,0.008709
34,CA1-V1,expert,V1,54,0.035093,0.002732
34,CA1-V1,expert,V1,55,0.403514,0.113038
34,CA1-V1,expert,V1,56,0.201344,0.011108
34,CA1-V1,expert,V1,57,0.002649,0.000146
34,CA1-V1,expert,V1,58,0.172512,0.009913
34,CA1-V1,expert,V1,59,0.800559,0.013585
34,CA1-V1,expert,V1,60,0.266395,0.031323
34,CA1-V1,expert,V1,61,0.308715,0.020177
34,CA1-V1,expert,V1,62,0.326933,0.044452
34,CA1-V1,expert,V1,63,0.374378,0.047349
34,CA1-V1,expert,V1,64,0.361417,0.027075
34,CA1-V1,expert,V1,65,0.305549,0.014336
34,CA1-V1,expert,V1,66,0.175246,0.035067
34,CA1-V1,expert,V1,67,0.322325,0.014768
34,CA1-V1,expert,V1,68,0.743125,0.015651
34,CA1-V1,expert,V1,69,0.169386,0.019703
34,CA1-V1,expert,V1,70,0.501872,0.032287
34,CA1-V1,expert,V1,71,0.320123,0.024751
34,CA1-V1,expert,V1,72,0.234894,0.008376
34,CA1-V1,expert,V1,73,0.108154,0.023352
34,CA1-V1,expert,V1,74,0.093335,0.00356
34,CA1-V1,expert,V1,75,0.066995,0.008318
34,CA1-V1,expert,V1,76,0.257412,0.01086
34,CA1-V1,expert,V1,77,0.111854,0.00693
34,CA1-V1,expert,V1,78,0.145817,0.008899
34,CA1-V1,expert,V1,79,0.298003,0.015077
34,CA1-V1,expert,V1,80,0.264768,0.00997
34,CA1-V1,expert,V1,81,0.493669,0.02033
34,CA1-V1,expert,V1,82,0.805927,0.032707
34,CA1-V1,expert,V1,83,0.090867,0.003664
34,CA1-V1,expert,V1,84,0.050663,0.003044
34,CA1-V1,expert,V1,85,0.037941,0.001796
34,CA1-V1,expert,V1,86,0.164063,0.01229
34,CA1-V1,expert,V1,87,0.313202,0.022411
34,CA1-V1,expert,V1,88,0.556767,0.014791
34,CA1-V1,expert,V1,89,0.774858,0.024105
34,CA1-V1,expert,V1,90,0.165178,0.015287
34,CA1-V1,expert,V1,91,0.006842,0.000303
34,CA1-V1,expert,V1,92,0.034924,0.002119
34,CA1-V1,expert,V1,93,0.388171,0.034171
34,CA1-V1,expert,V1,94,0.452552,0.095019
34,CA1-V1,expert,V1,95,0.387533,0.056154
34,CA1-V1,expert,V1,96,0.292965,0.01925
34,CA1-V1,expert,V1,97,0.727345,0.01614
34,CA1-V1,expert,V1,98,0.391464,0.023613
34,CA1-V1,expert,V1,99,0.102666,0.004351
34,CA1-V1,expert,V1,100,0.009119,0.000772
34,CA1-V1,expert,V1,101,0.088774,0.003909
34,CA1-V1,expert,V1,102,0.339452,0.015766
34,CA1-V1,expert,V1,103,0.313928,0.017712
34,CA1-V1,expert,V1,104,0.175085,0.011189
34,CA1-V1,expert,V1,105,0.478647,0.030033
34,CA1-V1,expert,V1,106,0.281114,0.017919
34,CA1-V1,expert,V1,107,0.140732,0.011977
34,CA1-V1,expert,V1,108,0.181669,0.010783
34,CA1-V1,expert,V1,109,0.135096,0.007711
34,CA1-V1,expert,V1,110,0.144807,0.006583
34,CA1-V1,expert,V1,111,0.118178,0.024805
34,CA1-V1,expert,V1,112,0.095604,0.003888
34,CA1-V1,expert,V1,113,0.20075,0.007348
34,CA1-V1,expert,V1,114,0.278616,0.016133
34,CA1-V1,expert,V1,115,0.652886,0.03793
34,CA1-V1,expert,V1,116,0.73548,0.020931
34,CA1-V1,expert,V1,117,0.110765,0.010315
36,CA1-CA3,naive,CA1,0,0.257323,0.039304
36,CA1-CA3,naive,CA1,1,0.374112,0.005247
36,CA1-CA3,naive,CA1,2,1.004216,0.171464
36,CA1-CA3,naive,CA1,3,0.059218,0.007797
36,CA1-CA3,naive,CA1,4,0.14767,0.00459
36,CA1-CA3,naive,CA1,5,0.560305,0.034667
36,CA1-CA3,naive,CA1,6,0.663007,0.065712
36,CA1-CA3,naive,CA1,7,0.620213,0.117989
36,CA1-CA3,naive,CA1,8,0.769449,0.013925
36,CA1-CA3,naive,CA1,9,0.732076,0.030793
36,CA1-CA3,naive,CA1,10,0.551505,0.014602
36,CA1-CA3,naive,CA1,11,0.173464,0.01457
36,CA1-CA3,naive,CA1,12,0.001279,0.000195
36,CA1-CA3,naive,CA1,13,0.632038,0.135171
36,CA1-CA3,naive,CA1,14,0.079345,0.012024
36,CA1-CA3,naive,CA1,15,0.390879,0.038408
36,CA1-CA3,naive,CA1,16,0.033283,0.002374
36,CA1-CA3,naive,CA1,17,0.013955,0.001505
36,CA1-CA3,naive,CA1,18,0.837709,0.037878
36,CA1-CA3,naive,CA1,19,0.032277,0.002456
36,CA1-CA3,naive,CA1,20,0.03061,0.002562
36,CA1-CA3,naive,CA1,21,0.095683,0.010664
36,CA1-CA3,naive,CA1,22,0.085551,0.012044
36,CA1-CA3,naive,CA1,23,0.300305,0.013049
36,CA1-CA3,naive,CA1,24,0.003693,0.000407
36,CA1-CA3,naive,CA1,25,0.000568,2.8e-05
36,CA1-CA3,naive,CA1,26,0.010859,0.001466
36,CA1-CA3,naive,CA1,27,0.001733,8.5e-05
36,CA1-CA3,naive,CA1,28,0.045466,0.003326
36,CA1-CA3,naive,CA1,29,0.894958,0.033302
36,CA1-CA3,naive,CA1,30,0.848264,0.04081
36,CA1-CA3,naive,CA1,31,0.470927,0.014479
36,CA1-CA3,naive,CA1,32,0.797618,0.033258
36,CA1-CA3,naive,CA1,33,0.206776,0.036107
36,CA1-CA3,naive,CA1,34,0.480214,0.00513
36,CA1-CA3,naive,CA1,35,0.892807,0.141849
36,CA1-CA3,naive,CA1,36,0.535001,0.024749
36,CA1-CA3,naive,CA1,37,0.919715,0.020583
36,CA1-CA3,naive,CA1,38,0.88005,0.026543
36,CA1-CA3,naive,CA3,0,0.963506,0.029553
36,CA1-CA3,naive,CA3,1,0.944083,0.038568
36,CA1-CA3,naive,CA3,2,0.915255,0.052064
36,CA1-CA3,naive,CA3,3,0.950557,0.114318
36,CA1-CA3,naive,CA3,4,0.909484,0.103733
36,CA1-CA3,naive,CA3,5,1.123475,0.070809
36,CA1-CA3,naive,CA3,6,0.808105,0.151052
36,CA1-CA3,naive,CA3,7,1.358507,0.059947
36,CA1-CA3,naive,CA3,8,0.657473,0.018464
36,CA1-CA3,naive,CA3,9,1.000091,0.076335
36,CA1-CA3,naive,CA3,10,1.142977,0.154474
36,CA1-CA3,naive,CA3,11,1.049342,0.091429
36,CA1-CA3,intermediate,CA1,0,0.847883,0.04716
36,CA1-CA3,intermediate,CA1,1,0.044081,0.0084
36,CA1-CA3,intermediate,CA1,2,0.882424,0.14027
36,CA1-CA3,intermediate,CA1,3,0.174472,0.009421
36,CA1-CA3,intermediate,CA1,4,0.687278,0.015719
36,CA1-CA3,intermediate,CA1,5,0.025416,0.004101
36,CA1-CA3,intermediate,CA1,6,0.671195,0.069427
36,CA1-CA3,intermediate,CA1,7,0.562972,0.119795
36,CA1-CA3,intermediate,CA1,8,0.68707,0.03202
36,CA1-CA3,intermediate,CA1,9,0.15673,0.00753
36,CA1-CA3,intermediate,CA1,10,0.01461,0.002476
36,CA1-CA3,intermediate,CA1,11,0.596443,0.039665
36,CA1-CA3,intermediate,CA1,12,0.007667,0.00059
36,CA1-CA3,intermediate,CA1,13,0.583215,0.122329
36,CA1-CA3,intermediate,CA1,14,0.904366,0.139226
36,CA1-CA3,intermediate,CA1,15,0.658858,0.029193
36,CA1-CA3,intermediate,CA1,16,0.539287,0.010182
36,CA1-CA3,intermediate,CA1,17,0.066066,0.009635
36,CA1-CA3,intermediate,CA1,18,0.72329,0.026206
36,CA1-CA3,intermediate,CA1,19,0.2274,0.019423
36,CA1-CA3,intermediate,CA1,20,0.567207,0.028032
36,CA1-CA3,intermediate,CA1,21,0.658835,0.023748
36,CA1-CA3,intermediate,CA1,22,0.777829,0.042795
36,CA1-CA3,intermediate,CA1,23,0.099286,0.010521
36,CA1-CA3,intermediate,CA1,24,0.004679,0.00037
36,CA1-CA3,intermediate,CA1,25,0.009129,0.001462
36,CA1-CA3,intermediate,CA1,26,0.036356,0.005576
36,CA1-CA3,intermediate,CA1,27,0.001161,4.7e-05
36,CA1-CA3,intermediate,CA1,28,0.034572,0.003844
36,CA1-CA3,intermediate,CA1,29,0.815323,0.027818
36,CA1-CA3,intermediate,CA1,30,0.793311,0.057632
36,CA1-CA3,intermediate,CA1,31,0.618359,0.01725
36,CA1-CA3,intermediate,CA1,32,0.172184,0.020512
36,CA1-CA3,intermediate,CA1,33,0.279769,0.032383
36,CA1-CA3,intermediate,CA1,34,0.34564,0.009691
36,CA1-CA3,intermediate,CA1,35,0.648531,0.141359
36,CA1-CA3,intermediate,CA1,36,0.579681,0.020243
36,CA1-CA3,intermediate,CA1,37,0.05397,0.002432
36,CA1-CA3,intermediate,CA1,38,0.463742,0.006914
36,CA1-CA3,intermediate,CA3,0,0.934635,0.046136
36,CA1-CA3,intermediate,CA3,1,0.986083,0.03863
36,CA1-CA3,intermediate,CA3,2,1.019283,0.045007
36,CA1-CA3,intermediate,CA3,3,0.988438,0.128726
36,CA1-CA3,intermediate,CA3,4,1.006015,0.126647
36,CA1-CA3,intermediate,CA3,5,0.998977,0.148199
36,CA1-CA3,intermediate,CA3,6,0.984698,0.147621
36,CA1-CA3,intermediate,CA3,7,0.9401,0.046591
36,CA1-CA3,intermediate,CA3,8,0.975751,0.026585
36,CA1-CA3,intermediate,CA3,9,0.995878,0.081309
36,CA1-CA3,intermediate,CA3,10,1.206444,0.128384
36,CA1-CA3,intermediate,CA3,11,0.996016,0.054952
36,CA1-CA3,expert,CA1,0,0.782986,0.058213
36,CA1-CA3,expert,CA1,1,0.273881,0.012736
36,CA1-CA3,expert,CA1,2,0.350606,0.071399
36,CA1-CA3,expert,CA1,3,0.034146,0.007206
36,CA1-CA3,expert,CA1,4,0.72981,0.027127
36,CA1-CA3,expert,CA1,5,0.725915,0.023822
36,CA1-CA3,expert,CA1,6,0.820133,0.104729
36,CA1-CA3,expert,CA1,7,0.546759,0.140486
36,CA1-CA3,expert,CA1,8,0.790395,0.037781
36,CA1-CA3,expert,CA1,9,0.576573,0.018678
36,CA1-CA3,expert,CA1,10,0.010151,0.00184
36,CA1-CA3,expert,CA1,11,0.617239,0.047723
36,CA1-CA3,expert,CA1,12,0.03333,0.00169
36,CA1-CA3,expert,CA1,13,0.588455,0.14984
36,CA1-CA3,expert,CA1,14,0.866714,0.147289
36,CA1-CA3,expert,CA1,15,0.576783,0.043299
36,CA1-CA3,expert,CA1,16,0.054422,0.006681
36,CA1-CA3,expert,CA1,17,0.028698,0.006727
36,CA1-CA3,expert,CA1,18,0.646342,0.058109
36,CA1-CA3,expert,CA1,19,0.629206,0.033154
36,CA1-CA3,expert,CA1,20,0.603149,0.034894
36,CA1-CA3,expert,CA1,21,0.367418,0.031214
36,CA1-CA3,expert,CA1,22,0.124221,0.025038
36,CA1-CA3,expert,CA1,23,0.418352,0.02208
36,CA1-CA3,expert,CA1,24,0.620618,0.028548
36,CA1-CA3,expert,CA1,25,0.008362,0.001281
36,CA1-CA3,expert,CA1,26,0.197809,0.024966
36,CA1-CA3,expert,CA1,27,0.45596,0.042656
36,CA1-CA3,expert,CA1,28,0.089281,0.004146
36,CA1-CA3,expert,CA1,29,0.590167,0.034091
36,CA1-CA3,expert,CA1,30,0.298208,0.04528
36,CA1-CA3,expert,CA1,31,0.05887,0.008216
36,CA1-CA3,expert,CA1,32,0.216279,0.028576
36,CA1-CA3,expert,CA1,33,0.743567,0.04334
36,CA1-CA3,expert,CA1,34,0.009332,0.000432
36,CA1-CA3,expert,CA1,35,0.205012,0.054857
36,CA1-CA3,expert,CA1,36,0.717028,0.027906
36,CA1-CA3,expert,CA1,37,0.156942,0.010799
36,CA1-CA3,expert,CA1,38,0.46098,0.011762
36,CA1-CA3,expert,CA3,0,0.972253,0.051754
36,CA1-CA3,expert,CA3,1,1.033767,0.026987
36,CA1-CA3,expert,CA3,2,1.03886,0.058181
36,CA1-CA3,expert,CA3,3,1.043628,0.122447
36,CA1-CA3,expert,CA3,4,0.948389,0.148529
36,CA1-CA3,expert,CA3,5,0.903699,0.147765
36,CA1-CA3,expert,CA3,6,0.995033,0.112839
36,CA1-CA3,expert,CA3,7,0.859844,0.044302
36,CA1-CA3,expert,CA3,8,0.983722,0.033152
36,CA1-CA3,expert,CA3,9,1.07681,0.096559
36,CA1-CA3,expert,CA3,10,1.062942,0.141036
36,CA1-CA3,expert,CA3,11,1.050426,0.039649
36,CA1-V1,naive,CA1,0,0.239556,0.004883
36,CA1-V1,naive,CA1,1,0.680285,0.019379
36,CA1-V1,naive,CA1,2,1.042268,0.020494
36,CA1-V1,naive,CA1,3,0.066047,0.001285
36,CA1-V1,naive,CA1,4,0.27489,0.007433
36,CA1-V1,naive,CA1,5,0.728047,0.0154
36,CA1-V1,naive,CA1,6,0.868891,0.016347
36,CA1-V1,naive,CA1,7,0.651833,0.014429
36,CA1-V1,naive,CA1,8,0.988956,0.044633
36,CA1-V1,naive,CA1,9,1.059703,0.032537
36,CA1-V1,naive,CA1,10,0.735907,0.015095
36,CA1-V1,naive,CA1,11,0.261078,0.008046
36,CA1-V1,naive,CA1,12,0.001949,3.7e-05
36,CA1-V1,naive,CA1,13,0.721609,0.017503
36,CA1-V1,naive,CA1,14,0.068574,0.001626
36,CA1-V1,naive,CA1,15,0.579839,0.012206
36,CA1-V1,naive,CA1,16,0.047099,0.000948
36,CA1-V1,naive,CA1,17,0.020023,0.000387
36,CA1-V1,naive,CA1,18,1.032876,0.031939
36,CA1-V1,naive,CA1,19,0.04222,0.001482
36,CA1-V1,naive,CA1,20,0.05795,0.000769
36,CA1-V1,naive,CA1,21,0.147895,0.004798
36,CA1-V1,naive,CA1,22,0.117711,0.002882
36,CA1-V1,naive,CA1,23,0.587248,0.011358
36,CA1-V1,naive,CA1,24,0.004544,0.000113
36,CA1-V1,naive,CA1,25,0.001518,2.9e-05
36,CA1-V1,naive,CA1,26,0.015368,0.000219
36,CA1-V1,naive,CA1,27,0.004634,8.8e-05
36,CA1-V1,naive,CA1,28,0.05635,0.001175
36,CA1-V1,naive,CA1,29,1.011268,0.021965
36,CA1-V1,naive,CA1,30,1.018408,0.020199
36,CA1-V1,naive,CA1,31,0.733864,0.014928
36,CA1-V1,naive,CA1,32,1.078163,0.025343
36,CA1-V1,naive,CA1,33,0.274006,0.008632
36,CA1-V1,naive,CA1,34,1.104342,0.008893
36,CA1-V1,naive,CA1,35,0.916199,0.016927
36,CA1-V1,naive,CA1,36,0.790216,0.015333
36,CA1-V1,naive,CA1,37,1.03407,0.020676
36,CA1-V1,naive,CA1,38,1.013023,0.012697
36,CA1-V1,naive,V1,0,0.961556,0.025154
36,CA1-V1,naive,V1,1,0.930432,0.020641
36,CA1-V1,naive,V1,2,0.861442,0.015064
36,CA1-V1,naive,V1,3,0.073137,0.001447
36,CA1-V1,naive,V1,4,0.748658,0.01798
36,CA1-V1,naive,V1,5,0.749856,0.014171
36,CA1-V1,naive,V1,6,0.940382,0.019518
36,CA1-V1,naive,V1,7,0.827264,0.016669
36,CA1-V1,naive,V1,8,0.265711,0.009072
36,CA1-V1,naive,V1,9,0.798641,0.017347
36,CA1-V1,naive,V1,10,0.473401,0.008394
36,CA1-V1,naive,V1,11,0.926328,0.019018
36,CA1-V1,naive,V1,12,0.976945,0.016103
36,CA1-V1,naive,V1,13,0.651641,0.014413
36,CA1-V1,naive,V1,14,0.884063,0.02356
36,CA1-V1,naive,V1,15,0.923318,0.016922
36,CA1-V1,naive,V1,16,0.908012,0.015459
36,CA1-V1,naive,V1,17,0.872253,0.016747
36,CA1-V1,naive,V1,18,0.591958,0.01404
36,CA1-V1,naive,V1,19,0.626505,0.020091
36,CA1-V1,naive,V1,20,0.964832,0.015
36,CA1-V1,naive,V1,21,0.064537,0.00253
36,CA1-V1,naive,V1,22,0.802432,0.015941
36,CA1-V1,naive,V1,23,0.776775,0.021001
36,CA1-V1,naive,V1,24,0.509656,0.01513
36,CA1-V1,naive,V1,25,0.91277,0.026889
36,CA1-V1,naive,V1,26,0.795978,0.015314
36,CA1-V1,naive,V1,27,0.709096,0.012456
36,CA1-V1,naive,V1,28,0.871207,0.025224
36,CA1-V1,intermediate,CA1,0,0.949653,0.005848
36,CA1-V1,intermediate,CA1,1,0.063223,0.000498
36,CA1-V1,intermediate,CA1,2,0.916834,0.007167
36,CA1-V1,intermediate,CA1,3,0.248214,0.00346
36,CA1-V1,intermediate,CA1,4,0.930021,0.039035
36,CA1-V1,intermediate,CA1,5,0.028225,0.000301
36,CA1-V1,intermediate,CA1,6,0.887666,0.01716
36,CA1-V1,intermediate,CA1,7,0.5877,0.006458
36,CA1-V1,intermediate,CA1,8,0.910161,0.031697
36,CA1-V1,intermediate,CA1,9,0.218561,0.003196
36,CA1-V1,intermediate,CA1,10,0.016298,0.000206
36,CA1-V1,intermediate,CA1,11,0.927685,0.054713
36,CA1-V1,intermediate,CA1,12,0.008544,4.5e-05
36,CA1-V1,intermediate,CA1,13,0.653424,0.011485
36,CA1-V1,intermediate,CA1,14,0.953224,0.01009
36,CA1-V1,intermediate,CA1,15,0.933237,0.007274
36,CA1-V1,intermediate,CA1,16,0.848178,0.003309
36,CA1-V1,intermediate,CA1,17,0.085246,0.000849
36,CA1-V1,intermediate,CA1,18,0.990119,0.004227
36,CA1-V1,intermediate,CA1,19,0.255164,0.006021
36,CA1-V1,intermediate,CA1,20,0.733564,0.013396
36,CA1-V1,intermediate,CA1,21,0.779322,0.018857
36,CA1-V1,intermediate,CA1,22,0.966393,0.008668
36,CA1-V1,intermediate,CA1,23,0.13844,0.002749
36,CA1-V1,intermediate,CA1,24,0.00638,0.000112
36,CA1-V1,intermediate,CA1,25,0.011353,7.9e-05
36,CA1-V1,intermediate,CA1,26,0.050008,0.000662
36,CA1-V1,intermediate,CA1,27,0.00182,8e-05
36,CA1-V1,intermediate,CA1,28,0.033876,0.000966
36,CA1-V1,intermediate,CA1,29,1.010672,0.011001
36,CA1-V1,intermediate,CA1,30,0.967467,0.018236
36,CA1-V1,intermediate,CA1,31,0.995965,0.013042
36,CA1-V1,intermediate,CA1,32,0.230207,0.003791
36,CA1-V1,intermediate,CA1,33,0.391346,0.004581
36,CA1-V1,intermediate,CA1,34,0.86421,0.005512
36,CA1-V1,intermediate,CA1,35,0.668584,0.006301
36,CA1-V1,intermediate,CA1,36,0.909643,0.008489
36,CA1-V1,intermediate,CA1,37,0.068015,0.000474
36,CA1-V1,intermediate,CA1,38,0.649292,0.00233
36,CA1-V1,intermediate,V1,0,0.961631,0.01228
36,CA1-V1,intermediate,V1,1,0.852334,0.007758
36,CA1-V1,intermediate,V1,2,0.742994,0.015506
36,CA1-V1,intermediate,V1,3,0.404429,0.004743
36,CA1-V1,intermediate,V1,4,0.675663,0.023206
36,CA1-V1,intermediate,V1,5,0.879498,0.014922
36,CA1-V1,intermediate,V1,6,0.960741,0.005349
36,CA1-V1,intermediate,V1,7,0.057355,0.001612
36,CA1-V1,intermediate,V1,8,0.92654,0.018045
36,CA1-V1,intermediate,V1,9,0.745275,0.018969
36,CA1-V1,intermediate,V1,10,0.446833,0.006444
36,CA1-V1,intermediate,V1,11,0.95944,0.003451
36,CA1-V1,intermediate,V1,12,0.718782,0.026205
36,CA1-V1,intermediate,V1,13,0.878239,0.004795
36,CA1-V1,intermediate,V1,14,0.834078,0.023451
36,CA1-V1,intermediate,V1,15,0.890172,0.011193
36,CA1-V1,intermediate,V1,16,0.940541,0.002391
36,CA1-V1,intermediate,V1,17,0.882363,0.017632
36,CA1-V1,intermediate,V1,18,0.380888,0.009751
36,CA1-V1,intermediate,V1,19,0.539721,0.014808
36,CA1-V1,intermediate,V1,20,0.116593,0.001539
36,CA1-V1,intermediate,V1,21,1.025378,0.006384
36,CA1-V1,intermediate,V1,22,0.910475,0.025773
36,CA1-V1,intermediate,V1,23,0.923352,0.034068
36,CA1-V1,intermediate,V1,24,0.707784,0.021173
36,CA1-V1,intermediate,V1,25,0.932734,0.003554
36,CA1-V1,intermediate,V1,26,0.25696,0.006232
36,CA1-V1,intermediate,V1,27,0.893327,0.016245
36,CA1-V1,intermediate,V1,28,0.939737,0.029671
36,CA1-V1,expert,CA1,0,0.926122,0.018309
36,CA1-V1,expert,CA1,1,0.942062,0.011465
36,CA1-V1,expert,CA1,2,0.333227,0.006575
36,CA1-V1,expert,CA1,3,0.033264,0.00103
36,CA1-V1,expert,CA1,4,0.968111,0.018586
36,CA1-V1,expert,CA1,5,0.997101,0.014728
36,CA1-V1,expert,CA1,6,0.920976,0.019225
36,CA1-V1,expert,CA1,7,0.6136,0.014039
36,CA1-V1,expert,CA1,8,0.888899,0.03968
36,CA1-V1,expert,CA1,9,0.924243,0.031504
36,CA1-V1,expert,CA1,10,0.010489,0.000401
36,CA1-V1,expert,CA1,11,0.923162,0.03072
36,CA1-V1,expert,CA1,12,0.041438,0.000958
36,CA1-V1,expert,CA1,13,0.624424,0.014641
36,CA1-V1,expert,CA1,14,0.949931,0.014691
36,CA1-V1,expert,CA1,15,0.897804,0.037838
36,CA1-V1,expert,CA1,16,0.075064,0.002242
36,CA1-V1,expert,CA1,17,0.028827,0.000685
36,CA1-V1,expert,CA1,18,0.920003,0.023663
36,CA1-V1,expert,CA1,19,0.827343,0.019804
36,CA1-V1,expert,CA1,20,0.804198,0.023917
36,CA1-V1,expert,CA1,21,0.50494,0.012788
36,CA1-V1,expert,CA1,22,0.2319,0.003389
36,CA1-V1,expert,CA1,23,0.621922,0.018104
36,CA1-V1,expert,CA1,24,0.743389,0.028055
36,CA1-V1,expert,CA1,25,0.009579,0.000185
36,CA1-V1,expert,CA1,26,0.290321,0.007888
36,CA1-V1,expert,CA1,27,0.499838,0.015563
36,CA1-V1,expert,CA1,28,0.115787,0.002372
36,CA1-V1,expert,CA1,29,0.781277,0.016903
36,CA1-V1,expert,CA1,30,0.307367,0.009106
36,CA1-V1,expert,CA1,31,0.066297,0.001238
36,CA1-V1,expert,CA1,32,0.282979,0.00563
36,CA1-V1,expert,CA1,33,0.932608,0.033322
36,CA1-V1,expert,CA1,34,0.013889,0.000368
36,CA1-V1,expert,CA1,35,0.194898,0.005407
36,CA1-V1,expert,CA1,36,0.976032,0.024629
36,CA1-V1,expert,CA1,37,0.181772,0.006705
36,CA1-V1,expert,CA1,38,0.752296,0.026938
36,CA1-V1,expert,V1,0,0.979985,0.017389
36,CA1-V1,expert,V1,1,0.861116,0.027572
36,CA1-V1,expert,V1,2,0.039291,0.001295
36,CA1-V1,expert,V1,3,0.869391,0.020571
36,CA1-V1,expert,V1,4,0.595888,0.018671
36,CA1-V1,expert,V1,5,0.923605,0.016657
36,CA1-V1,expert,V1,6,1.018698,0.02078
36,CA1-V1,expert,V1,7,0.115324,0.004757
36,CA1-V1,expert,V1,8,0.947568,0.044049
36,CA1-V1,expert,V1,9,1.01727,0.019624
36,CA1-V1,expert,V1,10,0.601758,0.014343
36,CA1-V1,expert,V1,11,0.938028,0.023977
36,CA1-V1,expert,V1,12,0.881671,0.017766
36,CA1-V1,expert,V1,13,0.42859,0.013549
36,CA1-V1,expert,V1,14,0.929296,0.029668
36,CA1-V1,expert,V1,15,0.924014,0.017559
36,CA1-V1,expert,V1,16,0.94331,0.018214
36,CA1-V1,expert,V1,17,0.90602,0.026669
36,CA1-V1,expert,V1,18,0.479104,0.012798
36,CA1-V1,expert,V1,19,0.460933,0.01794
36,CA1-V1,expert,V1,20,0.236637,0.006215
36,CA1-V1,expert,V1,21,0.967597,0.026681
36,CA1-V1,expert,V1,22,0.957347,0.028802
36,CA1-V1,expert,V1,23,0.903116,0.025748
36,CA1-V1,expert,V1,24,0.805544,0.014089
36,CA1-V1,expert,V1,25,0.918142,0.03413
36,CA1-V1,expert,V1,26,0.371043,0.01117
36,CA1-V1,expert,V1,27,0.955985,0.027448
36,CA1-V1,expert,V1,28,0.991609,0.026537
41,CA1-CA3,naive,CA1,0,1.083123,0.1984
41,CA1-CA3,naive,CA1,1,0.839031,0.226296
41,CA1-CA3,naive,CA1,2,0.909029,0.011079
41,CA1-CA3,naive,CA1,3,1.007166,0.386187
41,CA1-CA3,naive,CA1,4,0.990985,0.030777
41,CA1-CA3,naive,CA1,5,1.211831,0.022189
41,CA1-CA3,naive,CA1,6,1.106098,0.027912
41,CA1-CA3,naive,CA1,7,1.036038,0.151011
41,CA1-CA3,naive,CA1,8,1.005033,0.024447
41,CA1-CA3,naive,CA1,9,1.069613,0.025427
41,CA1-CA3,naive,CA1,10,1.331077,0.024256
41,CA1-CA3,naive,CA1,11,0.972863,0.012085
41,CA1-CA3,naive,CA1,12,0.877163,0.005663
41,CA1-CA3,naive,CA1,13,1.139846,0.122781
41,CA1-CA3,naive,CA1,14,1.034637,0.106592
41,CA1-CA3,naive,CA1,15,1.685771,0.066858
41,CA1-CA3,naive,CA1,16,0.007151,0.000552
41,CA1-CA3,naive,CA1,17,1.207821,0.017239
41,CA1-CA3,naive,CA1,18,0.001675,5.1e-05
41,CA1-CA3,naive,CA1,19,1.564192,0.018371
41,CA1-CA3,naive,CA1,20,0.747521,0.014648
41,CA1-CA3,naive,CA1,21,1.32809,0.050949
41,CA1-CA3,naive,CA3,0,0.68476,0.024613
41,CA1-CA3,naive,CA3,1,0.999577,0.075923
41,CA1-CA3,naive,CA3,2,1.265359,0.292675
41,CA1-CA3,naive,CA3,3,0.279539,0.001925
41,CA1-CA3,naive,CA3,4,1.132577,0.152991
41,CA1-CA3,naive,CA3,5,1.220318,0.019178
41,CA1-CA3,naive,CA3,6,0.753545,0.012767
41,CA1-CA3,naive,CA3,7,0.000331,1.1e-05
41,CA1-CA3,naive,CA3,8,1.71434,0.034186
41,CA1-CA3,naive,CA3,9,0.756227,0.030805
41,CA1-CA3,naive,CA3,10,0.938403,0.017372
41,CA1-CA3,naive,CA3,11,1.135021,0.138605
41,CA1-CA3,naive,CA3,12,1.070965,0.141113
41,CA1-CA3,naive,CA3,13,1.089432,0.16675
41,CA1-CA3,naive,CA3,14,1.627053,0.040602
41,CA1-CA3,naive,CA3,15,0.469477,0.0066
41,CA1-CA3,naive,CA3,16,0.023125,0.000796
41,CA1-CA3,naive,CA3,17,0.734958,0.023657
41,CA1-CA3,naive,CA3,18,1.231542,0.132594
41,CA1-CA3,naive,CA3,19,1.349435,0.014933
41,CA1-CA3,naive,CA3,20,0.945307,0.035534
41,CA1-CA3,naive,CA3,21,0.89401,0.078159
41,CA1-CA3,naive,CA3,22,0.810361,0.029035
41,CA1-CA3,naive,CA3,23,0.031248,0.002205
41,CA1-CA3,intermediate,CA1,0,1.075257,0.224227
41,CA1-CA3,intermediate,CA1,1,0.877778,0.248501
41,CA1-CA3,intermediate,CA1,2,0.947168,0.016314
41,CA1-CA3,intermediate,CA1,3,0.995445,0.348289
41,CA1-CA3,intermediate,CA1,4,0.832171,0.041803
41,CA1-CA3,intermediate,CA1,5,1.784757,0.045627
41,CA1-CA3,intermediate,CA1,6,0.863243,0.043204
41,CA1-CA3,intermediate,CA1,7,1.007075,0.13858
41,CA1-CA3,intermediate,CA1,8,0.850326,0.024571
41,CA1-CA3,intermediate,CA1,9,1.079796,0.017644
41,CA1-CA3,intermediate,CA1,10,1.876978,0.062101
41,CA1-CA3,intermediate,CA1,11,1.430504,0.026889
41,CA1-CA3,intermediate,CA1,12,0.905346,0.033706
41,CA1-CA3,intermediate,CA1,13,0.939369,0.209178
41,CA1-CA3,intermediate,CA1,14,0.964202,0.123726
41,CA1-CA3,intermediate,CA1,15,1.014847,0.068569
41,CA1-CA3,intermediate,CA1,16,0.047221,0.001575
41,CA1-CA3,intermediate,CA1,17,2.838313,0.064404
41,CA1-CA3,intermediate,CA1,18,0.010774,0.000368
41,CA1-CA3,intermediate,CA1,19,1.431323,0.027693
41,CA1-CA3,intermediate,CA1,20,1.103511,0.038327
41,CA1-CA3,intermediate,CA1,21,1.099983,0.065786
41,CA1-CA3,intermediate,CA3,0,0.747672,0.031218
41,CA1-CA3,intermediate,CA3,1,0.990306,0.149048
41,CA1-CA3,intermediate,CA3,2,1.266089,0.274106
41,CA1-CA3,intermediate,CA3,3,0.169091,0.013752
41,CA1-CA3,intermediate,CA3,4,1.0487,0.142838
41,CA1-CA3,intermediate,CA3,5,1.248172,0.126811
41,CA1-CA3,intermediate,CA3,6,1.102134,0.019646
41,CA1-CA3,intermediate,CA3,7,0.001634,8e-05
41,CA1-CA3,intermediate,CA3,8,1.21701,0.0244
41,CA1-CA3,intermediate,CA3,9,0.67575,0.035784
41,CA1-CA3,intermediate,CA3,10,0.992447,0.01801
41,CA1-CA3,intermediate,CA3,11,1.155081,0.147878
41,CA1-CA3,intermediate,CA3,12,1.058085,0.170061
41,CA1-CA3,intermediate,CA3,13,1.071858,0.155496
41,CA1-CA3,intermediate,CA3,14,1.1957,0.031732
41,CA1-CA3,intermediate,CA3,15,0.013552,0.000854
41,CA1-CA3,intermediate,CA3,16,0.069826,0.002105
41,CA1-CA3,intermediate,CA3,17,0.773826,0.032029
41,CA1-CA3,intermediate,CA3,18,1.175897,0.115078
41,CA1-CA3,intermediate,CA3,19,1.527331,0.027377
41,CA1-CA3,intermediate,CA3,20,0.97047,0.04623
41,CA1-CA3,intermediate,CA3,21,0.97636,0.146326
41,CA1-CA3,intermediate,CA3,22,1.078833,0.034666
41,CA1-CA3,intermediate,CA3,23,1.741277,0.046697
41,CA1-CA3,expert,CA1,0,1.010963,0.190231
41,CA1-CA3,expert,CA1,1,0.938608,0.260496
41,CA1-CA3,expert,CA1,2,0.737857,0.01174
41,CA1-CA3,expert,CA1,3,1.001392,0.322578
41,CA1-CA3,expert,CA1,4,0.954432,0.03727
41,CA1-CA3,expert,CA1,5,1.147345,0.033865
41,CA1-CA3,expert,CA1,6,0.852531,0.042625
41,CA1-CA3,expert,CA1,7,1.02784,0.134906
41,CA1-CA3,expert,CA1,8,0.868166,0.03241
41,CA1-CA3,expert,CA1,9,1.044064,0.022513
41,CA1-CA3,expert,CA1,10,1.662089,0.059439
41,CA1-CA3,expert,CA1,11,1.045807,0.023081
41,CA1-CA3,expert,CA1,12,0.916548,0.037586
41,CA1-CA3,expert,CA1,13,0.940324,0.225929
41,CA1-CA3,expert,CA1,14,0.975344,0.104574
41,CA1-CA3,expert,CA1,15,0.974005,0.087726
41,CA1-CA3,expert,CA1,16,0.972786,0.055089
41,CA1-CA3,expert,CA1,17,0.012522,0.001569
41,CA1-CA3,expert,CA1,18,0.00552,0.000363
41,CA1-CA3,expert,CA1,19,1.340561,0.024828
41,CA1-CA3,expert,CA1,20,1.959886,0.022904
41,CA1-CA3,expert,CA1,21,1.084829,0.062193
41,CA1-CA3,expert,CA3,0,0.76753,0.025411
41,CA1-CA3,expert,CA3,1,0.953444,0.147651
41,CA1-CA3,expert,CA3,2,0.440752,0.17074
41,CA1-CA3,expert,CA3,3,0.38726,0.009475
41,CA1-CA3,expert,CA3,4,1.052617,0.16752
41,CA1-CA3,expert,CA3,5,0.690757,0.043048
41,CA1-CA3,expert,CA3,6,1.345061,0.020327
41,CA1-CA3,expert,CA3,7,0.000965,6.7e-05
41,CA1-CA3,expert,CA3,8,0.934768,0.012102
41,CA1-CA3,expert,CA3,9,0.9849,0.065887
41,CA1-CA3,expert,CA3,10,0.999936,0.020793
41,CA1-CA3,expert,CA3,11,1.029591,0.188873
41,CA1-CA3,expert,CA3,12,1.048793,0.149257
41,CA1-CA3,expert,CA3,13,1.052781,0.164397
41,CA1-CA3,expert,CA3,14,0.893382,0.030214
41,CA1-CA3,expert,CA3,15,0.03331,0.001096
41,CA1-CA3,expert,CA3,16,1.13413,0.018243
41,CA1-CA3,expert,CA3,17,0.630531,0.0299
41,CA1-CA3,expert,CA3,18,0.945275,0.1553
41,CA1-CA3,expert,CA3,19,1.208132,0.016707
41,CA1-CA3,expert,CA3,20,0.984817,0.048445
41,CA1-CA3,expert,CA3,21,1.016224,0.145398
41,CA1-CA3,expert,CA3,22,0.982743,0.024323
41,CA1-CA3,expert,CA3,23,1.018012,0.052317
41,CA1-V1,naive,CA1,0,1.09913,0.043972
41,CA1-V1,naive,CA1,1,0.877003,0.027335
41,CA1-V1,naive,CA1,2,0.907749,0.014421
41,CA1-V1,naive,CA1,3,1.097925,0.051742
41,CA1-V1,naive,CA1,4,0.98098,0.05738
41,CA1-V1,naive,CA1,5,1.20392,0.059874
41,CA1-V1,naive,CA1,6,1.097153,0.071224
41,CA1-V1,naive,CA1,7,1.041419,0.063324
41,CA1-V1,naive,CA1,8,1.000076,0.033196
41,CA1-V1,naive,CA1,9,1.064838,0.025394
41,CA1-V1,naive,CA1,10,1.324387,0.04097
41,CA1-V1,naive,CA1,11,0.968186,0.039438
41,CA1-V1,naive,CA1,12,0.869645,0.040852
41,CA1-V1,naive,CA1,13,1.144782,0.035632
41,CA1-V1,naive,CA1,14,1.0337,0.055946
41,CA1-V1,naive,CA1,15,1.688215,0.033538
41,CA1-V1,naive,CA1,16,0.008877,0.000261
41,CA1-V1,naive,CA1,17,1.200775,0.042045
41,CA1-V1,naive,CA1,18,0.0,0.0
41,CA1-V1,naive,CA1,19,1.558566,0.055473
41,CA1-V1,naive,CA1,20,0.745915,0.010191
41,CA1-V1,naive,CA1,21,1.323263,0.039668
41,CA1-V1,naive,V1,0,0.047412,0.001286
41,CA1-V1,naive,V1,1,0.089304,0.003343
41,CA1-V1,naive,V1,2,0.081747,0.003533
41,CA1-V1,naive,V1,3,0.158877,0.008404
41,CA1-V1,naive,V1,4,0.072449,0.002718
41,CA1-V1,naive,V1,5,0.171038,0.015582
41,CA1-V1,naive,V1,6,0.120861,0.010144
41,CA1-V1,naive,V1,7,0.029905,0.001771
41,CA1-V1,naive,V1,8,0.094715,0.004286
41,CA1-V1,naive,V1,9,0.383342,0.010871
41,CA1-V1,naive,V1,10,0.225326,0.012933
41,CA1-V1,naive,V1,11,0.2166,0.006546
41,CA1-V1,naive,V1,12,0.443873,0.01951
41,CA1-V1,naive,V1,13,0.227187,0.008405
41,CA1-V1,naive,V1,14,0.058123,0.002791
41,CA1-V1,naive,V1,15,0.101281,0.00633
41,CA1-V1,naive,V1,16,0.052791,0.002008
41,CA1-V1,naive,V1,17,0.123871,0.006446
41,CA1-V1,naive,V1,18,0.22953,0.017943
41,CA1-V1,naive,V1,19,0.160416,0.008485
41,CA1-V1,naive,V1,20,0.076276,0.005956
41,CA1-V1,naive,V1,21,0.568888,0.018267
41,CA1-V1,naive,V1,22,0.134731,0.006254
41,CA1-V1,naive,V1,23,0.076111,0.002109
41,CA1-V1,naive,V1,24,0.120077,0.002402
41,CA1-V1,naive,V1,25,0.095721,0.007376
41,CA1-V1,naive,V1,26,0.002589,8.8e-05
41,CA1-V1,naive,V1,27,0.04928,0.001487
41,CA1-V1,naive,V1,28,0.168385,0.012748
41,CA1-V1,naive,V1,29,0.07993,0.002972
41,CA1-V1,naive,V1,30,0.04566,0.002465
41,CA1-V1,naive,V1,31,0.122645,0.005466
41,CA1-V1,naive,V1,32,0.145703,0.007517
41,CA1-V1,naive,V1,33,0.08104,0.003113
41,CA1-V1,naive,V1,34,0.156498,0.006998
41,CA1-V1,naive,V1,35,0.208478,0.013003
41,CA1-V1,naive,V1,36,0.082773,0.004203
41,CA1-V1,naive,V1,37,0.103408,0.004524
41,CA1-V1,naive,V1,38,0.124538,0.005394
41,CA1-V1,naive,V1,39,0.123126,0.006821
41,CA1-V1,naive,V1,40,0.162741,0.007213
41,CA1-V1,naive,V1,41,0.104967,0.005336
41,CA1-V1,naive,V1,42,0.058668,0.001811
41,CA1-V1,naive,V1,43,0.11842,0.00604
41,CA1-V1,naive,V1,44,0.048906,0.002553
41,CA1-V1,naive,V1,45,0.210416,0.011144
41,CA1-V1,naive,V1,46,0.139605,0.008409
41,CA1-V1,naive,V1,47,0.031952,0.001587
41,CA1-V1,naive,V1,48,0.159686,0.01172
41,CA1-V1,naive,V1,49,0.05618,0.004074
41,CA1-V1,naive,V1,50,0.087542,0.003346
41,CA1-V1,naive,V1,51,0.09932,0.002847
41,CA1-V1,naive,V1,52,0.129254,0.006307
41,CA1-V1,naive,V1,53,0.087859,0.007031
41,CA1-V1,naive,V1,54,0.047941,0.002585
41,CA1-V1,naive,V1,55,0.216165,0.003895
41,CA1-V1,naive,V1,56,0.087312,0.004474
41,CA1-V1,naive,V1,57,0.075413,0.002906
41,CA1-V1,naive,V1,58,0.087744,0.002715
41,CA1-V1,naive,V1,59,0.146102,0.009915
41,CA1-V1,naive,V1,60,0.025091,0.000702
41,CA1-V1,naive,V1,61,0.338559,0.005028
41,CA1-V1,naive,V1,62,0.094028,0.003091
41,CA1-V1,naive,V1,63,0.123086,0.008686
41,CA1-V1,naive,V1,64,0.083123,0.002369
41,CA1-V1,naive,V1,65,0.200477,0.011455
41,CA1-V1,naive,V1,66,0.018197,0.000544
41,CA1-V1,naive,V1,67,0.042753,0.000785
41,CA1-V1,naive,V1,68,0.23584,0.007194
41,CA1-V1,naive,V1,69,0.163142,0.007925
41,CA1-V1,naive,V1,70,0.025542,0.001194
41,CA1-V1,naive,V1,71,0.18271,0.008627
41,CA1-V1,naive,V1,72,0.037605,0.001241
41,CA1-V1,naive,V1,73,0.251073,0.008837
41,CA1-V1,naive,V1,74,0.127505,0.008969
41,CA1-V1,naive,V1,75,0.133788,0.008114
41,CA1-V1,naive,V1,76,0.201728,0.010258
41,CA1-V1,naive,V1,77,0.161545,0.006384
41,CA1-V1,naive,V1,78,0.479933,0.014978
41,CA1-V1,naive,V1,79,0.131932,0.008247
41,CA1-V1,naive,V1,80,0.053389,0.00217
41,CA1-V1,naive,V1,81,0.590438,0.009042
41,CA1-V1,naive,V1,82,0.08974,0.004419
41,CA1-V1,naive,V1,83,0.211886,0.014154
41,CA1-V1,naive,V1,84,0.189191,0.009209
41,CA1-V1,naive,V1,85,0.276498,0.013548
41,CA1-V1,naive,V1,86,0.103937,0.003343
41,CA1-V1,naive,V1,87,0.250806,0.011841
41,CA1-V1,naive,V1,88,0.160005,0.010418
41,CA1-V1,naive,V1,89,0.16804,0.005848
41,CA1-V1,naive,V1,90,0.161089,0.008617
41,CA1-V1,naive,V1,91,0.022448,0.000548
41,CA1-V1,naive,V1,92,0.586212,0.010955
41,CA1-V1,naive,V1,93,0.52283,0.013017
41,CA1-V1,naive,V1,94,0.119282,0.003348
41,CA1-V1,naive,V1,95,0.049753,0.002979
41,CA1-V1,naive,V1,96,0.050047,0.004114
41,CA1-V1,naive,V1,97,0.141639,0.008707
41,CA1-V1,naive,V1,98,0.051306,0.001963
41,CA1-V1,naive,V1,99,0.21636,0.008144
41,CA1-V1,naive,V1,100,0.110749,0.004069
41,CA1-V1,naive,V1,101,0.006499,0.000461
41,CA1-V1,naive,V1,102,0.652237,0.013625
41,CA1-V1,naive,V1,103,0.61261,0.026594
41,CA1-V1,naive,V1,104,0.304041,0.010574
41,CA1-V1,naive,V1,105,0.071881,0.005205
41,CA1-V1,naive,V1,106,0.116494,0.007542
41,CA1-V1,naive,V1,107,0.154869,0.009771
41,CA1-V1,naive,V1,108,0.119989,0.004644
41,CA1-V1,naive,V1,109,0.083231,0.004037
41,CA1-V1,naive,V1,110,0.019586,0.001225
41,CA1-V1,naive,V1,111,0.227452,0.012684
41,CA1-V1,naive,V1,112,0.114253,0.005309
41,CA1-V1,naive,V1,113,0.029108,0.001469
41,CA1-V1,naive,V1,114,0.069477,0.003361
41,CA1-V1,naive,V1,115,0.188757,0.007011
41,CA1-V1,naive,V1,116,0.194974,0.010211
41,CA1-V1,naive,V1,117,0.369083,0.005365
41,CA1-V1,naive,V1,118,0.079744,0.003075
41,CA1-V1,naive,V1,119,0.091087,0.007412
41,CA1-V1,naive,V1,120,0.076687,0.002587
41,CA1-V1,naive,V1,121,0.020924,0.001007
41,CA1-V1,naive,V1,122,0.077877,0.006475
41,CA1-V1,naive,V1,123,0.110112,0.006528
41,CA1-V1,naive,V1,124,0.053917,0.00344
41,CA1-V1,naive,V1,125,0.073419,0.003852
41,CA1-V1,naive,V1,126,0.040046,0.001511
41,CA1-V1,naive,V1,127,0.099849,0.008351
41,CA1-V1,naive,V1,128,0.082201,0.005811
41,CA1-V1,naive,V1,129,0.131648,0.004043
41,CA1-V1,naive,V1,130,0.028122,0.000826
41,CA1-V1,naive,V1,131,0.290038,0.011737
41,CA1-V1,naive,V1,132,0.169344,0.004115
41,CA1-V1,naive,V1,133,0.063551,0.001736
41,CA1-V1,naive,V1,134,0.099796,0.004619
41,CA1-V1,naive,V1,135,0.25057,0.008851
41,CA1-V1,naive,V1,136,0.141017,0.005575
41,CA1-V1,naive,V1,137,0.030335,0.000769
41,CA1-V1,naive,V1,138,0.024588,0.000566
41,CA1-V1,naive,V1,139,0.135937,0.007003
41,CA1-V1,naive,V1,140,0.549807,0.010219
41,CA1-V1,naive,V1,141,0.109804,0.003214
41,CA1-V1,naive,V1,142,0.192174,0.006085
41,CA1-V1,naive,V1,143,0.059341,0.002153
41,CA1-V1,naive,V1,144,0.059592,0.002049
41,CA1-V1,naive,V1,145,0.110757,0.005972
41,CA1-V1,naive,V1,146,0.1607,0.004754
41,CA1-V1,naive,V1,147,0.275933,0.015074
41,CA1-V1,naive,V1,148,0.504212,0.009456
41,CA1-V1,naive,V1,149,0.10252,0.004072
41,CA1-V1,naive,V1,150,0.058218,0.002032
41,CA1-V1,naive,V1,151,0.20693,0.009427
41,CA1-V1,naive,V1,152,0.029037,0.000632
41,CA1-V1,naive,V1,153,0.604202,0.019284
41,CA1-V1,naive,V1,154,0.331607,0.017784
41,CA1-V1,naive,V1,155,0.614421,0.014807
41,CA1-V1,naive,V1,156,0.100124,0.00507
41,CA1-V1,naive,V1,157,0.100653,0.002419
41,CA1-V1,naive,V1,158,0.068846,0.004424
41,CA1-V1,naive,V1,159,0.342135,0.012423
41,CA1-V1,naive,V1,160,0.041011,0.001204
41,CA1-V1,naive,V1,161,0.254403,0.010451
41,CA1-V1,naive,V1,162,0.025691,0.001641
41,CA1-V1,naive,V1,163,0.006641,0.000326
41,CA1-V1,naive,V1,164,0.085555,0.00314
41,CA1-V1,naive,V1,165,0.067509,0.004307
41,CA1-V1,naive,V1,166,0.002257,9.4e-05
41,CA1-V1,naive,V1,167,0.123068,0.008335
41,CA1-V1,naive,V1,168,0.605794,0.019062
41,CA1-V1,naive,V1,169,0.447497,0.010482
41,CA1-V1,naive,V1,170,0.079241,0.003234
41,CA1-V1,naive,V1,171,0.08388,0.004676
41,CA1-V1,naive,V1,172,0.274216,0.007386
41,CA1-V1,naive,V1,173,0.062763,0.001697
41,CA1-V1,naive,V1,174,0.045343,0.001758
41,CA1-V1,naive,V1,175,0.059972,0.00323
41,CA1-V1,intermediate,CA1,0,1.09989,0.030213
41,CA1-V1,intermediate,CA1,1,0.922527,0.023612
41,CA1-V1,intermediate,CA1,2,0.93902,0.026436
41,CA1-V1,intermediate,CA1,3,1.067992,0.05174
41,CA1-V1,intermediate,CA1,4,0.822011,0.082288
41,CA1-V1,intermediate,CA1,5,1.777906,0.093664
41,CA1-V1,intermediate,CA1,6,0.853934,0.083894
41,CA1-V1,intermediate,CA1,7,1.011029,0.06828
41,CA1-V1,intermediate,CA1,8,0.846341,0.03925
41,CA1-V1,intermediate,CA1,9,1.074367,0.030984
41,CA1-V1,intermediate,CA1,10,1.873794,0.098452
41,CA1-V1,intermediate,CA1,11,1.427112,0.031397
41,CA1-V1,intermediate,CA1,12,0.895573,0.086043
41,CA1-V1,intermediate,CA1,13,0.963015,0.032044
41,CA1-V1,intermediate,CA1,14,0.963923,0.099788
41,CA1-V1,intermediate,CA1,15,1.01369,0.035855
41,CA1-V1,intermediate,CA1,16,0.003072,0.000189
41,CA1-V1,intermediate,CA1,17,2.838219,0.094534
41,CA1-V1,intermediate,CA1,18,0.0,0.0
41,CA1-V1,intermediate,CA1,19,1.427703,0.029679
41,CA1-V1,intermediate,CA1,20,1.101942,0.018347
41,CA1-V1,intermediate,CA1,21,1.095958,0.04324
41,CA1-V1,intermediate,V1,0,0.174786,0.0061
41,CA1-V1,intermediate,V1,1,0.119276,0.007092
41,CA1-V1,intermediate,V1,2,0.057636,0.003382
41,CA1-V1,intermediate,V1,3,0.184296,0.015475
41,CA1-V1,intermediate,V1,4,0.093672,0.004523
41,CA1-V1,intermediate,V1,5,0.209943,0.017265
41,CA1-V1,intermediate,V1,6,0.237125,0.021634
41,CA1-V1,intermediate,V1,7,0.048702,0.004954
41,CA1-V1,intermediate,V1,8,0.082132,0.005435
41,CA1-V1,intermediate,V1,9,0.496216,0.014256
41,CA1-V1,intermediate,V1,10,0.488602,0.025181
41,CA1-V1,intermediate,V1,11,0.286108,0.012514
41,CA1-V1,intermediate,V1,12,0.205209,0.009624
41,CA1-V1,intermediate,V1,13,0.136907,0.00701
41,CA1-V1,intermediate,V1,14,0.24824,0.013606
41,CA1-V1,intermediate,V1,15,0.13681,0.011501
41,CA1-V1,intermediate,V1,16,0.102883,0.005052
41,CA1-V1,intermediate,V1,17,0.234956,0.009427
41,CA1-V1,intermediate,V1,18,0.507761,0.044856
41,CA1-V1,intermediate,V1,19,0.173021,0.006839
41,CA1-V1,intermediate,V1,20,0.178336,0.012904
41,CA1-V1,intermediate,V1,21,0.104566,0.005637
41,CA1-V1,intermediate,V1,22,0.173188,0.005931
41,CA1-V1,intermediate,V1,23,0.134568,0.005661
41,CA1-V1,intermediate,V1,24,0.414609,0.011044
41,CA1-V1,intermediate,V1,25,0.136988,0.009665
41,CA1-V1,intermediate,V1,26,0.013831,0.000783
41,CA1-V1,intermediate,V1,27,0.496134,0.010424
41,CA1-V1,intermediate,V1,28,0.225312,0.013327
41,CA1-V1,intermediate,V1,29,0.151819,0.01059
41,CA1-V1,intermediate,V1,30,0.07011,0.002915
41,CA1-V1,intermediate,V1,31,0.176579,0.006276
41,CA1-V1,intermediate,V1,32,0.206763,0.01552
41,CA1-V1,intermediate,V1,33,0.121522,0.003418
41,CA1-V1,intermediate,V1,34,0.243804,0.009369
41,CA1-V1,intermediate,V1,35,0.200108,0.021366
41,CA1-V1,intermediate,V1,36,0.181827,0.004788
41,CA1-V1,intermediate,V1,37,0.14706,0.006034
41,CA1-V1,intermediate,V1,38,0.234781,0.010655
41,CA1-V1,intermediate,V1,39,0.192628,0.01308
41,CA1-V1,intermediate,V1,40,0.194169,0.006634
41,CA1-V1,intermediate,V1,41,0.150186,0.005804
41,CA1-V1,intermediate,V1,42,0.078645,0.003896
41,CA1-V1,intermediate,V1,43,0.110355,0.005021
41,CA1-V1,intermediate,V1,44,0.161143,0.008135
41,CA1-V1,intermediate,V1,45,0.131963,0.006193
41,CA1-V1,intermediate,V1,46,0.153238,0.007517
41,CA1-V1,intermediate,V1,47,0.054856,0.00471
41,CA1-V1,intermediate,V1,48,0.239563,0.022554
41,CA1-V1,intermediate,V1,49,0.180921,0.011749
41,CA1-V1,intermediate,V1,50,0.300481,0.013465
41,CA1-V1,intermediate,V1,51,0.086374,0.003644
41,CA1-V1,intermediate,V1,52,0.235882,0.023255
41,CA1-V1,intermediate,V1,53,0.197784,0.02289
41,CA1-V1,intermediate,V1,54,0.2114,0.014223
41,CA1-V1,intermediate,V1,55,0.177089,0.006804
41,CA1-V1,intermediate,V1,56,0.171491,0.009149
41,CA1-V1,intermediate,V1,57,0.296274,0.013735
41,CA1-V1,intermediate,V1,58,0.157091,0.005882
41,CA1-V1,intermediate,V1,59,0.210716,0.019422
41,CA1-V1,intermediate,V1,60,0.657921,0.025504
41,CA1-V1,intermediate,V1,61,0.467379,0.010375
41,CA1-V1,intermediate,V1,62,0.208528,0.00985
41,CA1-V1,intermediate,V1,63,0.121524,0.007903
41,CA1-V1,intermediate,V1,64,0.149515,0.007192
41,CA1-V1,intermediate,V1,65,0.198661,0.012918
41,CA1-V1,intermediate,V1,66,0.040785,0.002495
41,CA1-V1,intermediate,V1,67,0.213876,0.008311
41,CA1-V1,intermediate,V1,68,0.283272,0.015136
41,CA1-V1,intermediate,V1,69,0.218704,0.010752
41,CA1-V1,intermediate,V1,70,0.083312,0.003194
41,CA1-V1,intermediate,V1,71,0.199886,0.012045
41,CA1-V1,intermediate,V1,72,0.073724,0.003145
41,CA1-V1,intermediate,V1,73,0.418687,0.013993
41,CA1-V1,intermediate,V1,74,0.146624,0.011373
41,CA1-V1,intermediate,V1,75,0.143247,0.009105
41,CA1-V1,intermediate,V1,76,0.065101,0.002304
41,CA1-V1,intermediate,V1,77,0.214955,0.012481
41,CA1-V1,intermediate,V1,78,0.355726,0.0156
41,CA1-V1,intermediate,V1,79,0.144784,0.008468
41,CA1-V1,intermediate,V1,80,0.124773,0.003155
41,CA1-V1,intermediate,V1,81,0.100882,0.004277
41,CA1-V1,intermediate,V1,82,0.586575,0.016457
41,CA1-V1,intermediate,V1,83,0.220168,0.012093
41,CA1-V1,intermediate,V1,84,0.226803,0.015784
41,CA1-V1,intermediate,V1,85,0.241247,0.010643
41,CA1-V1,intermediate,V1,86,0.175656,0.00944
41,CA1-V1,intermediate,V1,87,0.310878,0.013091
41,CA1-V1,intermediate,V1,88,0.196112,0.012757
41,CA1-V1,intermediate,V1,89,0.263801,0.009291
41,CA1-V1,intermediate,V1,90,0.237968,0.014062
41,CA1-V1,intermediate,V1,91,0.04734,0.002527
41,CA1-V1,intermediate,V1,92,0.118045,0.007182
41,CA1-V1,intermediate,V1,93,0.202253,0.013031
41,CA1-V1,intermediate,V1,94,0.049337,0.002442
41,CA1-V1,intermediate,V1,95,0.122435,0.009611
41,CA1-V1,intermediate,V1,96,0.142494,0.011464
41,CA1-V1,intermediate,V1,97,0.178044,0.012625
41,CA1-V1,intermediate,V1,98,0.248543,0.015867
41,CA1-V1,intermediate,V1,99,0.301976,0.011123
41,CA1-V1,intermediate,V1,100,0.178397,0.012646
41,CA1-V1,intermediate,V1,101,0.029978,0.001941
41,CA1-V1,intermediate,V1,102,0.042002,0.001906
41,CA1-V1,intermediate,V1,103,0.027446,0.001631
41,CA1-V1,intermediate,V1,104,0.150332,0.007217
41,CA1-V1,intermediate,V1,105,0.169131,0.009635
41,CA1-V1,intermediate,V1,106,0.141024,0.01037
41,CA1-V1,intermediate,V1,107,0.277786,0.016379
41,CA1-V1,intermediate,V1,108,0.188287,0.006587
41,CA1-V1,intermediate,V1,109,0.09606,0.004547
41,CA1-V1,intermediate,V1,110,0.111362,0.004628
41,CA1-V1,intermediate,V1,111,0.343682,0.014276
41,CA1-V1,intermediate,V1,112,0.155917,0.005126
41,CA1-V1,intermediate,V1,113,0.084681,0.003724
41,CA1-V1,intermediate,V1,114,0.122551,0.007551
41,CA1-V1,intermediate,V1,115,0.120922,0.00665
41,CA1-V1,intermediate,V1,116,0.443516,0.018388
41,CA1-V1,intermediate,V1,117,0.41067,0.009212
41,CA1-V1,intermediate,V1,118,0.174539,0.006773
41,CA1-V1,intermediate,V1,119,0.207462,0.019605
41,CA1-V1,intermediate,V1,120,0.248796,0.009687
41,CA1-V1,intermediate,V1,121,0.091156,0.003324
41,CA1-V1,intermediate,V1,122,0.189418,0.014934
41,CA1-V1,intermediate,V1,123,0.189237,0.01491
41,CA1-V1,intermediate,V1,124,0.127579,0.008063
41,CA1-V1,intermediate,V1,125,0.363937,0.011712
41,CA1-V1,intermediate,V1,126,0.055275,0.002005
41,CA1-V1,intermediate,V1,127,0.291376,0.023924
41,CA1-V1,intermediate,V1,128,0.200652,0.015933
41,CA1-V1,intermediate,V1,129,0.145555,0.008385
41,CA1-V1,intermediate,V1,130,0.055338,0.001738
41,CA1-V1,intermediate,V1,131,0.095093,0.004183
41,CA1-V1,intermediate,V1,132,0.498169,0.012979
41,CA1-V1,intermediate,V1,133,0.13557,0.008001
41,CA1-V1,intermediate,V1,134,0.117796,0.005119
41,CA1-V1,intermediate,V1,135,0.42031,0.014159
41,CA1-V1,intermediate,V1,136,0.191304,0.006049
41,CA1-V1,intermediate,V1,137,0.278833,0.012266
41,CA1-V1,intermediate,V1,138,0.056222,0.002865
41,CA1-V1,intermediate,V1,139,0.205967,0.014745
41,CA1-V1,intermediate,V1,140,0.263858,0.008218
41,CA1-V1,intermediate,V1,141,0.07184,0.004193
41,CA1-V1,intermediate,V1,142,0.198792,0.005152
41,CA1-V1,intermediate,V1,143,0.061074,0.001444
41,CA1-V1,intermediate,V1,144,0.102687,0.004539
41,CA1-V1,intermediate,V1,145,0.167914,0.005488
41,CA1-V1,intermediate,V1,146,0.215398,0.014114
41,CA1-V1,intermediate,V1,147,0.640102,0.026879
41,CA1-V1,intermediate,V1,148,0.036675,0.00082
41,CA1-V1,intermediate,V1,149,0.130858,0.004989
41,CA1-V1,intermediate,V1,150,0.185974,0.00969
41,CA1-V1,intermediate,V1,151,0.266336,0.015351
41,CA1-V1,intermediate,V1,152,0.166554,0.008068
41,CA1-V1,intermediate,V1,153,0.172871,0.007819
41,CA1-V1,intermediate,V1,154,0.33188,0.027782
41,CA1-V1,intermediate,V1,155,0.244859,0.007508
41,CA1-V1,intermediate,V1,156,0.147652,0.00806
41,CA1-V1,intermediate,V1,157,0.150979,0.008007
41,CA1-V1,intermediate,V1,158,0.141074,0.008419
41,CA1-V1,intermediate,V1,159,0.330513,0.024031
41,CA1-V1,intermediate,V1,160,0.220152,0.012193
41,CA1-V1,intermediate,V1,161,0.465192,0.026409
41,CA1-V1,intermediate,V1,162,0.069371,0.003225
41,CA1-V1,intermediate,V1,163,0.03088,0.001856
41,CA1-V1,intermediate,V1,164,0.136917,0.008414
41,CA1-V1,intermediate,V1,165,0.09392,0.007943
41,CA1-V1,intermediate,V1,166,0.009272,0.000512
41,CA1-V1,intermediate,V1,167,0.184197,0.012949
41,CA1-V1,intermediate,V1,168,0.564423,0.033825
41,CA1-V1,intermediate,V1,169,0.732423,0.016879
41,CA1-V1,intermediate,V1,170,0.170669,0.010294
41,CA1-V1,intermediate,V1,171,0.168316,0.004952
41,CA1-V1,intermediate,V1,172,0.248333,0.012938
41,CA1-V1,intermediate,V1,173,0.100802,0.004095
41,CA1-V1,intermediate,V1,174,0.133125,0.005014
41,CA1-V1,intermediate,V1,175,0.104245,0.00629
41,CA1-V1,expert,CA1,0,1.029131,0.041828
41,CA1-V1,expert,CA1,1,0.98391,0.017116
41,CA1-V1,expert,CA1,2,0.73576,0.010474
41,CA1-V1,expert,CA1,3,1.064212,0.033052
41,CA1-V1,expert,CA1,4,0.947873,0.059311
41,CA1-V1,expert,CA1,5,1.142573,0.038339
41,CA1-V1,expert,CA1,6,0.84786,0.040267
41,CA1-V1,expert,CA1,7,1.033026,0.025289
41,CA1-V1,expert,CA1,8,0.865482,0.017981
41,CA1-V1,expert,CA1,9,1.039283,0.027996
41,CA1-V1,expert,CA1,10,1.659873,0.035599
41,CA1-V1,expert,CA1,11,1.040134,0.056191
41,CA1-V1,expert,CA1,12,0.911578,0.027767
41,CA1-V1,expert,CA1,13,0.969825,0.015243
41,CA1-V1,expert,CA1,14,0.972006,0.088124
41,CA1-V1,expert,CA1,15,0.974203,0.036913
41,CA1-V1,expert,CA1,16,0.961673,0.064149
41,CA1-V1,expert,CA1,17,0.010163,0.000683
41,CA1-V1,expert,CA1,18,0.004073,0.000135
41,CA1-V1,expert,CA1,19,1.336697,0.025074
41,CA1-V1,expert,CA1,20,1.952917,0.031293
41,CA1-V1,expert,CA1,21,1.079948,0.060315
41,CA1-V1,expert,V1,0,0.064957,0.001875
41,CA1-V1,expert,V1,1,0.169554,0.006885
41,CA1-V1,expert,V1,2,0.108721,0.003324
41,CA1-V1,expert,V1,3,0.166531,0.006967
41,CA1-V1,expert,V1,4,0.136083,0.004613
41,CA1-V1,expert,V1,5,0.243021,0.011958
41,CA1-V1,expert,V1,6,0.219933,0.010557
41,CA1-V1,expert,V1,7,0.359154,0.007201
41,CA1-V1,expert,V1,8,0.091558,0.004282
41,CA1-V1,expert,V1,9,0.320657,0.00849
41,CA1-V1,expert,V1,10,0.662641,0.022515
41,CA1-V1,expert,V1,11,0.337817,0.011661
41,CA1-V1,expert,V1,12,0.187555,0.006282
41,CA1-V1,expert,V1,13,0.070344,0.002502
41,CA1-V1,expert,V1,14,0.242967,0.008009
41,CA1-V1,expert,V1,15,0.183818,0.010509
41,CA1-V1,expert,V1,16,0.200493,0.00311
41,CA1-V1,expert,V1,17,0.275197,0.008478
41,CA1-V1,expert,V1,18,0.416021,0.029485
41,CA1-V1,expert,V1,19,0.221315,0.004801
41,CA1-V1,expert,V1,20,0.186831,0.007708
41,CA1-V1,expert,V1,21,0.133397,0.004964
41,CA1-V1,expert,V1,22,0.170225,0.005129
41,CA1-V1,expert,V1,23,0.152655,0.005076
41,CA1-V1,expert,V1,24,0.429622,0.007898
41,CA1-V1,expert,V1,25,0.197286,0.007732
41,CA1-V1,expert,V1,26,0.022311,0.000891
41,CA1-V1,expert,V1,27,0.324985,0.005041
41,CA1-V1,expert,V1,28,0.249279,0.014848
41,CA1-V1,expert,V1,29,0.168863,0.007788
41,CA1-V1,expert,V1,30,0.080664,0.002474
41,CA1-V1,expert,V1,31,0.178393,0.007879
41,CA1-V1,expert,V1,32,0.222413,0.008742
41,CA1-V1,expert,V1,33,0.210598,0.007683
41,CA1-V1,expert,V1,34,0.224291,0.009659
41,CA1-V1,expert,V1,35,0.179634,0.013889
41,CA1-V1,expert,V1,36,0.190335,0.004339
41,CA1-V1,expert,V1,37,0.198268,0.007618
41,CA1-V1,expert,V1,38,0.248234,0.012124
41,CA1-V1,expert,V1,39,0.191005,0.010664
41,CA1-V1,expert,V1,40,0.200845,0.006151
41,CA1-V1,expert,V1,41,0.182365,0.003871
41,CA1-V1,expert,V1,42,0.089702,0.003931
41,CA1-V1,expert,V1,43,0.131951,0.002574
41,CA1-V1,expert,V1,44,0.152803,0.007465
41,CA1-V1,expert,V1,45,0.199813,0.010609
41,CA1-V1,expert,V1,46,0.135215,0.006745
41,CA1-V1,expert,V1,47,0.04793,0.001675
41,CA1-V1,expert,V1,48,0.260495,0.013995
41,CA1-V1,expert,V1,49,0.114775,0.004746
41,CA1-V1,expert,V1,50,0.14314,0.007642
41,CA1-V1,expert,V1,51,0.166419,0.003541
41,CA1-V1,expert,V1,52,0.296038,0.024703
41,CA1-V1,expert,V1,53,0.562936,0.025652
41,CA1-V1,expert,V1,54,0.270883,0.014217
41,CA1-V1,expert,V1,55,0.071483,0.001675
41,CA1-V1,expert,V1,56,0.145477,0.007763
41,CA1-V1,expert,V1,57,0.140414,0.003765
41,CA1-V1,expert,V1,58,0.241017,0.006188
41,CA1-V1,expert,V1,59,0.225939,0.019448
41,CA1-V1,expert,V1,60,0.676533,0.009592
41,CA1-V1,expert,V1,61,0.382237,0.004999
41,CA1-V1,expert,V1,62,0.24167,0.008941
41,CA1-V1,expert,V1,63,0.130282,0.00412
41,CA1-V1,expert,V1,64,0.223545,0.008595
41,CA1-V1,expert,V1,65,0.181625,0.007848
41,CA1-V1,expert,V1,66,0.048409,0.0012
41,CA1-V1,expert,V1,67,0.215335,0.007026
41,CA1-V1,expert,V1,68,0.221223,0.008672
41,CA1-V1,expert,V1,69,0.240674,0.010296
41,CA1-V1,expert,V1,70,0.186953,0.005033
41,CA1-V1,expert,V1,71,0.196363,0.007018
41,CA1-V1,expert,V1,72,0.165424,0.00473
41,CA1-V1,expert,V1,73,0.45173,0.006496
41,CA1-V1,expert,V1,74,0.160227,0.005715
41,CA1-V1,expert,V1,75,0.167294,0.003829
41,CA1-V1,expert,V1,76,0.038721,0.001363
41,CA1-V1,expert,V1,77,0.25357,0.010709
41,CA1-V1,expert,V1,78,0.266652,0.008682
41,CA1-V1,expert,V1,79,0.152206,0.004575
41,CA1-V1,expert,V1,80,0.083575,0.002326
41,CA1-V1,expert,V1,81,0.096826,0.002632
41,CA1-V1,expert,V1,82,0.416696,0.012423
41,CA1-V1,expert,V1,83,0.244481,0.01146
41,CA1-V1,expert,V1,84,0.243015,0.009384
41,CA1-V1,expert,V1,85,0.243153,0.009196
41,CA1-V1,expert,V1,86,0.131935,0.003947
41,CA1-V1,expert,V1,87,0.351385,0.010724
41,CA1-V1,expert,V1,88,0.193611,0.010164
41,CA1-V1,expert,V1,89,0.22807,0.014081
41,CA1-V1,expert,V1,90,0.240261,0.008729
41,CA1-V1,expert,V1,91,0.227033,0.006684
41,CA1-V1,expert,V1,92,0.125104,0.004311
41,CA1-V1,expert,V1,93,0.159458,0.006147
41,CA1-V1,expert,V1,94,0.092511,0.003558
41,CA1-V1,expert,V1,95,0.21454,0.006685
41,CA1-V1,expert,V1,96,0.315859,0.013937
41,CA1-V1,expert,V1,97,0.188107,0.012687
41,CA1-V1,expert,V1,98,0.208138,0.005212
41,CA1-V1,expert,V1,99,0.245077,0.012121
41,CA1-V1,expert,V1,100,0.111793,0.00333
41,CA1-V1,expert,V1,101,0.037019,0.001415
41,CA1-V1,expert,V1,102,0.03049,0.000671
41,CA1-V1,expert,V1,103,0.036788,0.002245
41,CA1-V1,expert,V1,104,0.212823,0.009571
41,CA1-V1,expert,V1,105,0.2014,0.009449
41,CA1-V1,expert,V1,106,0.182187,0.009024
41,CA1-V1,expert,V1,107,0.210865,0.00987
41,CA1-V1,expert,V1,108,0.207692,0.00443
41,CA1-V1,expert,V1,109,0.099452,0.002481
41,CA1-V1,expert,V1,110,0.059034,0.002592
41,CA1-V1,expert,V1,111,0.422746,0.010116
41,CA1-V1,expert,V1,112,0.218769,0.0045
41,CA1-V1,expert,V1,113,0.087677,0.00236
41,CA1-V1,expert,V1,114,0.151909,0.011519
41,CA1-V1,expert,V1,115,0.123113,0.006995
41,CA1-V1,expert,V1,116,0.378653,0.016272
41,CA1-V1,expert,V1,117,0.481475,0.006286
41,CA1-V1,expert,V1,118,0.498609,0.006736
41,CA1-V1,expert,V1,119,0.204342,0.013971
41,CA1-V1,expert,V1,120,0.691135,0.00867
41,CA1-V1,expert,V1,121,0.72267,0.01821
41,CA1-V1,expert,V1,122,0.340153,0.007871
41,CA1-V1,expert,V1,123,0.185999,0.006336
41,CA1-V1,expert,V1,124,0.166382,0.005209
41,CA1-V1,expert,V1,125,0.150368,0.006858
41,CA1-V1,expert,V1,126,0.084194,0.003815
41,CA1-V1,expert,V1,127,0.364741,0.014652
41,CA1-V1,expert,V1,128,0.253845,0.01015
41,CA1-V1,expert,V1,129,0.189555,0.007388
41,CA1-V1,expert,V1,130,0.05279,0.001419
41,CA1-V1,expert,V1,131,0.168351,0.003439
41,CA1-V1,expert,V1,132,0.203783,0.004792
41,CA1-V1,expert,V1,133,0.178435,0.004802
41,CA1-V1,expert,V1,134,0.22302,0.007607
41,CA1-V1,expert,V1,135,0.456705,0.006386
41,CA1-V1,expert,V1,136,0.126846,0.005641
41,CA1-V1,expert,V1,137,0.294691,0.008738
41,CA1-V1,expert,V1,138,0.049435,0.001861
41,CA1-V1,expert,V1,139,0.223579,0.015357
41,CA1-V1,expert,V1,140,0.1661,0.004893
41,CA1-V1,expert,V1,141,0.072995,0.003973
41,CA1-V1,expert,V1,142,0.240618,0.006759
41,CA1-V1,expert,V1,143,0.050421,0.001768
41,CA1-V1,expert,V1,144,0.114344,0.003605
41,CA1-V1,expert,V1,145,0.227181,0.011654
41,CA1-V1,expert,V1,146,0.177012,0.006099
41,CA1-V1,expert,V1,147,0.169221,0.005289
41,CA1-V1,expert,V1,148,0.070067,0.002622
41,CA1-V1,expert,V1,149,0.153407,0.004697
41,CA1-V1,expert,V1,150,0.44706,0.010708
41,CA1-V1,expert,V1,151,0.273218,0.01652
41,CA1-V1,expert,V1,152,0.138005,0.003214
41,CA1-V1,expert,V1,153,0.182726,0.005255
41,CA1-V1,expert,V1,154,0.29713,0.014765
41,CA1-V1,expert,V1,155,0.236461,0.007706
41,CA1-V1,expert,V1,156,0.173457,0.005563
41,CA1-V1,expert,V1,157,0.218205,0.005332
41,CA1-V1,expert,V1,158,0.179611,0.005862
41,CA1-V1,expert,V1,159,0.232203,0.007829
41,CA1-V1,expert,V1,160,0.382722,0.011256
41,CA1-V1,expert,V1,161,0.267595,0.010902
41,CA1-V1,expert,V1,162,0.057238,0.002226
41,CA1-V1,expert,V1,163,0.041791,0.002026
41,CA1-V1,expert,V1,164,0.155009,0.007329
41,CA1-V1,expert,V1,165,0.123967,0.005204
41,CA1-V1,expert,V1,166,0.012096,0.000456
41,CA1-V1,expert,V1,167,0.237078,0.009474
41,CA1-V1,expert,V1,168,0.74413,0.028941
41,CA1-V1,expert,V1,169,0.102433,0.002836
41,CA1-V1,expert,V1,170,0.140774,0.006023
41,CA1-V1,expert,V1,171,0.09489,0.004616
41,CA1-V1,expert,V1,172,0.115647,0.005447
41,CA1-V1,expert,V1,173,0.061268,0.002365
41,CA1-V1,expert,V1,174,0.115863,0.004274
41,CA1-V1,expert,V1,175,0.068799,0.003909
52,CA1-RSC,naive,CA1,0,0.147765,0.002686
52,CA1-RSC,naive,CA1,1,0.52905,0.005575
52,CA1-RSC,naive,CA1,2,0.491928,0.010025
52,CA1-RSC,naive,CA1,3,0.016696,0.000263
52,CA1-RSC,naive,CA1,4,0.002536,6.2e-05
52,CA1-RSC,naive,CA1,5,0.028643,0.000841
52,CA1-RSC,naive,CA1,6,0.504151,0.010268
52,CA1-RSC,naive,CA1,7,0.051512,0.002231
52,CA1-RSC,naive,CA1,8,0.137009,0.002706
52,CA1-RSC,naive,CA1,9,0.010918,0.000238
52,CA1-RSC,naive,CA1,10,0.54312,0.008893
52,CA1-RSC,naive,CA1,11,0.465058,0.008237
52,CA1-RSC,naive,CA1,12,0.061883,0.002095
52,CA1-RSC,naive,CA1,13,0.082352,0.00237
52,CA1-RSC,naive,CA1,14,0.42897,0.012427
52,CA1-RSC,naive,CA1,15,0.329194,0.010925
52,CA1-RSC,naive,CA1,16,0.024648,0.000424
52,CA1-RSC,naive,CA1,17,0.517404,0.015046
52,CA1-RSC,naive,CA1,18,0.026227,0.000991
52,CA1-RSC,naive,CA1,19,0.066558,0.002118
52,CA1-RSC,naive,CA1,20,0.087737,0.002168
52,CA1-RSC,naive,CA1,21,0.239367,0.007253
52,CA1-RSC,naive,CA1,22,0.475829,0.018863
52,CA1-RSC,naive,CA1,23,0.211362,0.003886
52,CA1-RSC,naive,CA1,24,0.560914,0.025558
52,CA1-RSC,naive,CA1,25,0.483703,0.011825
52,CA1-RSC,naive,CA1,26,0.174367,0.002898
52,CA1-RSC,naive,CA1,27,0.600793,0.013396
52,CA1-RSC,naive,CA1,28,0.021328,0.00079
52,CA1-RSC,naive,CA1,29,0.515562,0.01157
52,CA1-RSC,naive,CA1,30,0.544608,0.018042
52,CA1-RSC,naive,CA1,31,0.02646,0.000846
52,CA1-RSC,naive,CA1,32,0.626198,0.022149
52,CA1-RSC,naive,CA1,33,0.19561,0.008846
52,CA1-RSC,naive,CA1,34,0.328239,0.013997
52,CA1-RSC,naive,CA1,35,0.304719,0.010577
52,CA1-RSC,naive,CA1,36,0.712895,0.005079
52,CA1-RSC,naive,CA1,37,0.266878,0.004876
52,CA1-RSC,naive,CA1,38,0.045148,0.001185
52,CA1-RSC,naive,CA1,39,0.46811,0.015157
52,CA1-RSC,naive,CA1,40,0.228963,0.009796
52,CA1-RSC,naive,CA1,41,0.193465,0.004345
52,CA1-RSC,naive,CA1,42,0.755573,0.033887
52,CA1-RSC,naive,CA1,43,0.671616,0.01418
52,CA1-RSC,naive,CA1,44,0.023091,0.00038
52,CA1-RSC,naive,CA1,45,0.282106,0.012199
52,CA1-RSC,naive,CA1,46,0.395153,0.006964
52,CA1-RSC,naive,CA1,47,0.053833,0.001433
52,CA1-RSC,naive,CA1,48,0.131503,0.003609
52,CA1-RSC,naive,CA1,49,0.340964,0.007048
52,CA1-RSC,naive,CA1,50,0.597464,0.007299
52,CA1-RSC,naive,CA1,51,0.396956,0.013269
52,CA1-RSC,naive,CA1,52,0.076246,0.002496
52,CA1-RSC,naive,CA1,53,0.198679,0.00691
52,CA1-RSC,naive,CA1,54,0.497866,0.010901
52,CA1-RSC,naive,CA1,55,0.241109,0.003347
52,CA1-RSC,naive,CA1,56,0.020729,0.000444
52,CA1-RSC,naive,RSC,0,1.096843,0.052549
52,CA1-RSC,naive,RSC,1,1.028328,0.017611
52,CA1-RSC,naive,RSC,2,0.971312,0.018109
52,CA1-RSC,naive,RSC,3,1.027671,0.038779
52,CA1-RSC,naive,RSC,4,1.181447,0.030907
52,CA1-RSC,naive,RSC,5,1.066406,0.037261
52,CA1-RSC,naive,RSC,6,0.937553,0.02576
52,CA1-RSC,naive,RSC,7,0.9604,0.015907
52,CA1-RSC,naive,RSC,8,1.522517,0.024041
52,CA1-RSC,naive,RSC,9,1.049543,0.017549
52,CA1-RSC,intermediate,CA1,0,0.142498,0.004113
52,CA1-RSC,intermediate,CA1,1,0.149101,0.003836
52,CA1-RSC,intermediate,CA1,2,0.123751,0.003502
52,CA1-RSC,intermediate,CA1,3,0.318494,0.006197
52,CA1-RSC,intermediate,CA1,4,0.417195,0.007475
52,CA1-RSC,intermediate,CA1,5,0.693687,0.015663
52,CA1-RSC,intermediate,CA1,6,0.245044,0.005445
52,CA1-RSC,intermediate,CA1,7,0.672244,0.009599
52,CA1-RSC,intermediate,CA1,8,0.320236,0.008852
52,CA1-RSC,intermediate,CA1,9,0.193748,0.003971
52,CA1-RSC,intermediate,CA1,10,0.586642,0.009977
52,CA1-RSC,intermediate,CA1,11,0.037519,0.000674
52,CA1-RSC,intermediate,CA1,12,0.031721,0.0004
52,CA1-RSC,intermediate,CA1,13,0.086048,0.002431
52,CA1-RSC,intermediate,CA1,14,0.070758,0.001617
52,CA1-RSC,intermediate,CA1,15,0.079412,0.002005
52,CA1-RSC,intermediate,CA1,16,0.773961,0.018485
52,CA1-RSC,intermediate,CA1,17,0.034949,0.000877
52,CA1-RSC,intermediate,CA1,18,0.195122,0.005412
52,CA1-RSC,intermediate,CA1,19,0.261589,0.005071
52,CA1-RSC,intermediate,CA1,20,0.541636,0.01147
52,CA1-RSC,intermediate,CA1,21,0.470467,0.014668
52,CA1-RSC,intermediate,CA1,22,0.078777,0.001156
52,CA1-RSC,intermediate,CA1,23,0.263121,0.007827
52,CA1-RSC,intermediate,CA1,24,0.295338,0.005573
52,CA1-RSC,intermediate,CA1,25,0.586312,0.007562
52,CA1-RSC,intermediate,CA1,26,0.011517,0.0003
52,CA1-RSC,intermediate,CA1,27,0.341136,0.008484
52,CA1-RSC,intermediate,CA1,28,0.237176,0.005483
52,CA1-RSC,intermediate,CA1,29,0.353552,0.007748
52,CA1-RSC,intermediate,CA1,30,0.504338,0.012683
52,CA1-RSC,intermediate,CA1,31,0.586986,0.008005
52,CA1-RSC,intermediate,CA1,32,0.052174,0.000872
52,CA1-RSC,intermediate,CA1,33,0.261572,0.006359
52,CA1-RSC,intermediate,CA1,34,0.339531,0.007634
52,CA1-RSC,intermediate,CA1,35,0.229273,0.00652
52,CA1-RSC,intermediate,CA1,36,0.144813,0.003803
52,CA1-RSC,intermediate,CA1,37,0.260975,0.006099
52,CA1-RSC,intermediate,CA1,38,0.087738,0.002674
52,CA1-RSC,intermediate,CA1,39,0.423332,0.010922
52,CA1-RSC,intermediate,CA1,40,0.122535,0.002983
52,CA1-RSC,intermediate,CA1,41,0.067679,0.001443
52,CA1-RSC,intermediate,CA1,42,0.154667,0.003396
52,CA1-RSC,intermediate,CA1,43,0.207484,0.005709
52,CA1-RSC,intermediate,CA1,44,0.167311,0.004068
52,CA1-RSC,intermediate,CA1,45,0.058361,0.001167
52,CA1-RSC,intermediate,CA1,46,0.651773,0.008794
52,CA1-RSC,intermediate,CA1,47,0.330872,0.007621
52,CA1-RSC,intermediate,CA1,48,0.645184,0.016909
52,CA1-RSC,intermediate,CA1,49,0.641242,0.009936
52,CA1-RSC,intermediate,CA1,50,0.326796,0.006811
52,CA1-RSC,intermediate,CA1,51,0.461909,0.007279
52,CA1-RSC,intermediate,CA1,52,0.098101,0.001753
52,CA1-RSC,intermediate,CA1,53,0.09195,0.001705
52,CA1-RSC,intermediate,CA1,54,0.136762,0.002399
52,CA1-RSC,intermediate,CA1,55,0.102598,0.001989
52,CA1-RSC,intermediate,CA1,56,0.476075,0.00944
52,CA1-RSC,intermediate,RSC,0,1.040253,0.021922
52,CA1-RSC,intermediate,RSC,1,1.0296,0.024229
52,CA1-RSC,intermediate,RSC,2,0.977992,0.02096
52,CA1-RSC,intermediate,RSC,3,1.025379,0.02997
52,CA1-RSC,intermediate,RSC,4,0.954913,0.023736
52,CA1-RSC,intermediate,RSC,5,1.158394,0.018296
52,CA1-RSC,intermediate,RSC,6,1.072338,0.01577
52,CA1-RSC,intermediate,RSC,7,0.964909,0.013542
52,CA1-RSC,intermediate,RSC,8,1.136687,0.017926
52,CA1-RSC,intermediate,RSC,9,0.978652,0.021408
52,CA1-RSC,expert,CA1,0,0.186656,0.064139
52,CA1-RSC,expert,CA1,1,0.031884,0.006745
52,CA1-RSC,expert,CA1,2,0.712137,0.206741
52,CA1-RSC,expert,CA1,3,0.075332,0.01971
52,CA1-RSC,expert,CA1,4,0.393376,0.117676
52,CA1-RSC,expert,CA1,5,0.654643,0.141189
52,CA1-RSC,expert,CA1,6,0.061057,0.01598
52,CA1-RSC,expert,CA1,7,0.371775,0.110109
52,CA1-RSC,expert,CA1,8,0.127224,0.038621
52,CA1-RSC,expert,CA1,9,0.388133,0.1262
52,CA1-RSC,expert,CA1,10,0.554841,0.144933
52,CA1-RSC,expert,CA1,11,0.19121,0.059962
52,CA1-RSC,expert,CA1,12,0.01546,0.003814
52,CA1-RSC,expert,CA1,13,0.090937,0.027499
52,CA1-RSC,expert,CA1,14,0.224722,0.055354
52,CA1-RSC,expert,CA1,15,0.153816,0.041885
52,CA1-RSC,expert,CA1,16,0.512731,0.159841
52,CA1-RSC,expert,CA1,17,0.209213,0.07618
52,CA1-RSC,expert,CA1,18,0.607204,0.161444
52,CA1-RSC,expert,CA1,19,0.436977,0.13385
52,CA1-RSC,expert,CA1,20,0.592536,0.098253
52,CA1-RSC,expert,CA1,21,0.240989,0.06427
52,CA1-RSC,expert,CA1,22,0.062277,0.016054
52,CA1-RSC,expert,CA1,23,0.268106,0.09333
52,CA1-RSC,expert,CA1,24,0.022153,0.004696
52,CA1-RSC,expert,CA1,25,0.055448,0.014551
52,CA1-RSC,expert,CA1,26,0.010333,0.00155
52,CA1-RSC,expert,CA1,27,0.043946,0.010284
52,CA1-RSC,expert,CA1,28,0.3683,0.121303
52,CA1-RSC,expert,CA1,29,0.551403,0.153078
52,CA1-RSC,expert,CA1,30,0.439923,0.075616
52,CA1-RSC,expert,CA1,31,0.613044,0.173429
52,CA1-RSC,expert,CA1,32,0.143719,0.054444
52,CA1-RSC,expert,CA1,33,0.180015,0.039183
52,CA1-RSC,expert,CA1,34,0.153497,0.041011
52,CA1-RSC,expert,CA1,35,0.36867,0.095623
52,CA1-RSC,expert,CA1,36,0.13721,0.037768
52,CA1-RSC,expert,CA1,37,0.19823,0.058027
52,CA1-RSC,expert,CA1,38,0.183064,0.048883
52,CA1-RSC,expert,CA1,39,0.31821,0.071567
52,CA1-RSC,expert,CA1,40,0.161051,0.050351
52,CA1-RSC,expert,CA1,41,0.054319,0.01593
52,CA1-RSC,expert,CA1,42,0.064443,0.015617
52,CA1-RSC,expert,CA1,43,0.158589,0.040196
52,CA1-RSC,expert,CA1,44,0.395411,0.071053
52,CA1-RSC,expert,CA1,45,0.534208,0.141956
52,CA1-RSC,expert,CA1,46,0.524375,0.126419
52,CA1-RSC,expert,CA1,47,0.526553,0.143688
52,CA1-RSC,expert,CA1,48,0.442833,0.158372
52,CA1-RSC,expert,CA1,49,0.655095,0.116884
52,CA1-RSC,expert,CA1,50,0.365871,0.118326
52,CA1-RSC,expert,CA1,51,0.447727,0.095923
52,CA1-RSC,expert,CA1,52,0.548127,0.091604
52,CA1-RSC,expert,CA1,53,0.140239,0.032562
52,CA1-RSC,expert,CA1,54,0.03794,0.012624
52,CA1-RSC,expert,CA1,55,0.039687,0.011326
52,CA1-RSC,expert,CA1,56,0.13143,0.042492
52,CA1-RSC,expert,RSC,0,1.034563,0.239705
52,CA1-RSC,expert,RSC,1,1.014561,0.274617
52,CA1-RSC,expert,RSC,2,0.99894,0.323931
52,CA1-RSC,expert,RSC,3,1.046678,0.212488
52,CA1-RSC,expert,RSC,4,0.948316,0.290562
52,CA1-RSC,expert,RSC,5,0.99164,0.235825
52,CA1-RSC,expert,RSC,6,1.050159,0.327425
52,CA1-RSC,expert,RSC,7,1.163094,0.173028
52,CA1-RSC,expert,RSC,8,1.105196,0.331641
52,CA1-RSC,expert,RSC,9,0.932876,0.22065
52,CA1-CA3,naive,CA1,0,0.217063,0.025785
52,CA1-CA3,naive,CA1,1,0.759696,0.085403
52,CA1-CA3,naive,CA1,2,0.893395,0.01401
52,CA1-CA3,naive,CA1,3,0.021921,0.001496
52,CA1-CA3,naive,CA1,4,0.003307,0.000309
52,CA1-CA3,naive,CA1,5,0.034546,0.001407
52,CA1-CA3,naive,CA1,6,0.802589,0.032802
52,CA1-CA3,naive,CA1,7,0.063385,0.003236
52,CA1-CA3,naive,CA1,8,0.191103,0.011486
52,CA1-CA3,naive,CA1,9,0.016575,0.000759
52,CA1-CA3,naive,CA1,10,0.677614,0.032832
52,CA1-CA3,naive,CA1,11,0.802224,0.033285
52,CA1-CA3,naive,CA1,12,0.072675,0.004667
52,CA1-CA3,naive,CA1,13,0.1552,0.011236
52,CA1-CA3,naive,CA1,14,0.505532,0.024434
52,CA1-CA3,naive,CA1,15,0.386699,0.01828
52,CA1-CA3,naive,CA1,16,0.036079,0.0029
52,CA1-CA3,naive,CA1,17,0.740085,0.020616
52,CA1-CA3,naive,CA1,18,0.033559,0.001696
52,CA1-CA3,naive,CA1,19,0.108582,0.017017
52,CA1-CA3,naive,CA1,20,0.109712,0.005685
52,CA1-CA3,naive,CA1,21,0.274198,0.011874
52,CA1-CA3,naive,CA1,22,0.851262,0.026078
52,CA1-CA3,naive,CA1,23,0.331848,0.049404
52,CA1-CA3,naive,CA1,24,0.903041,0.009064
52,CA1-CA3,naive,CA1,25,0.743529,0.017263
52,CA1-CA3,naive,CA1,26,0.216647,0.004828
52,CA1-CA3,naive,CA1,27,0.846617,0.013571
52,CA1-CA3,naive,CA1,28,0.026915,0.001161
52,CA1-CA3,naive,CA1,29,0.89091,0.011764
52,CA1-CA3,naive,CA1,30,0.667562,0.027723
52,CA1-CA3,naive,CA1,31,0.03766,0.003211
52,CA1-CA3,naive,CA1,32,0.812389,0.019832
52,CA1-CA3,naive,CA1,33,0.319778,0.048312
52,CA1-CA3,naive,CA1,34,0.561753,0.088716
52,CA1-CA3,naive,CA1,35,0.485228,0.050282
52,CA1-CA3,naive,CA1,36,0.857801,0.089598
52,CA1-CA3,naive,CA1,37,0.420741,0.060209
52,CA1-CA3,naive,CA1,38,0.074064,0.01152
52,CA1-CA3,naive,CA1,39,0.542383,0.029768
52,CA1-CA3,naive,CA1,40,0.261863,0.013176
52,CA1-CA3,naive,CA1,41,0.223742,0.004361
52,CA1-CA3,naive,CA1,42,0.848663,0.026907
52,CA1-CA3,naive,CA1,43,0.864833,0.038202
52,CA1-CA3,naive,CA1,44,0.027218,0.00271
52,CA1-CA3,naive,CA1,45,0.371294,0.012003
52,CA1-CA3,naive,CA1,46,0.426811,0.025115
52,CA1-CA3,naive,CA1,47,0.069193,0.004576
52,CA1-CA3,naive,CA1,48,0.215153,0.016579
52,CA1-CA3,naive,CA1,49,0.52037,0.022312
52,CA1-CA3,naive,CA1,50,0.861618,0.056235
52,CA1-CA3,naive,CA1,51,0.574574,0.024898
52,CA1-CA3,naive,CA1,52,0.102367,0.005916
52,CA1-CA3,naive,CA1,53,0.223155,0.005767
52,CA1-CA3,naive,CA1,54,0.666568,0.022442
52,CA1-CA3,naive,CA1,55,0.340741,0.043187
52,CA1-CA3,naive,CA1,56,0.023775,0.001718
52,CA1-CA3,naive,CA3,0,0.168631,0.011255
52,CA1-CA3,naive,CA3,1,0.042582,0.001386
52,CA1-CA3,naive,CA3,2,0.399929,0.036386
52,CA1-CA3,naive,CA3,3,0.230811,0.00908
52,CA1-CA3,naive,CA3,4,0.097925,0.003757
52,CA1-CA3,naive,CA3,5,0.249528,0.021869
52,CA1-CA3,naive,CA3,6,0.372983,0.035508
52,CA1-CA3,naive,CA3,7,0.352669,0.035971
52,CA1-CA3,naive,CA3,8,0.043569,0.002719
52,CA1-CA3,naive,CA3,9,0.795028,0.013723
52,CA1-CA3,naive,CA3,10,0.855556,0.023942
52,CA1-CA3,naive,CA3,11,0.188559,0.015529
52,CA1-CA3,naive,CA3,12,0.890623,0.01045
52,CA1-CA3,naive,CA3,13,0.612173,0.080151
52,CA1-CA3,naive,CA3,14,0.047226,0.002719
52,CA1-CA3,naive,CA3,15,0.033891,0.003135
52,CA1-CA3,naive,CA3,16,0.081363,0.003268
52,CA1-CA3,naive,CA3,17,0.281573,0.02472
52,CA1-CA3,naive,CA3,18,0.254726,0.006901
52,CA1-CA3,naive,CA3,19,0.666288,0.007955
52,CA1-CA3,naive,CA3,20,0.808739,0.035558
52,CA1-CA3,naive,CA3,21,0.699394,0.020955
52,CA1-CA3,naive,CA3,22,0.470493,0.040078
52,CA1-CA3,naive,CA3,23,0.201852,0.015506
52,CA1-CA3,naive,CA3,24,0.351534,0.005867
52,CA1-CA3,naive,CA3,25,0.023582,0.000762
52,CA1-CA3,naive,CA3,26,0.010657,0.000536
52,CA1-CA3,naive,CA3,27,0.015069,0.000756
52,CA1-CA3,naive,CA3,28,0.122741,0.011894
52,CA1-CA3,naive,CA3,29,0.047989,0.001511
52,CA1-CA3,naive,CA3,30,0.034378,0.001472
52,CA1-CA3,naive,CA3,31,0.028523,0.000553
52,CA1-CA3,naive,CA3,32,0.368784,0.018802
52,CA1-CA3,naive,CA3,33,0.403676,0.007647
52,CA1-CA3,naive,CA3,34,0.260049,0.02696
52,CA1-CA3,naive,CA3,35,0.296298,0.023971
52,CA1-CA3,naive,CA3,36,0.338293,0.041232
52,CA1-CA3,naive,CA3,37,0.335669,0.030435
52,CA1-CA3,naive,CA3,38,0.391547,0.010648
52,CA1-CA3,naive,CA3,39,0.335396,0.033532
52,CA1-CA3,naive,CA3,40,0.470711,0.028121
52,CA1-CA3,naive,CA3,41,0.520078,0.048958
52,CA1-CA3,naive,CA3,42,0.196973,0.021886
52,CA1-CA3,naive,CA3,43,0.819783,0.035699
52,CA1-CA3,naive,CA3,44,0.40843,0.050208
52,CA1-CA3,naive,CA3,45,0.847698,0.07124
52,CA1-CA3,naive,CA3,46,0.907152,0.039403
52,CA1-CA3,naive,CA3,47,0.403976,0.034938
52,CA1-CA3,naive,CA3,48,0.33776,0.031457
52,CA1-CA3,naive,CA3,49,0.819253,0.070199
52,CA1-CA3,naive,CA3,50,0.295323,0.026475
52,CA1-CA3,naive,CA3,51,0.879604,0.022329
52,CA1-CA3,naive,CA3,52,0.833917,0.037333
52,CA1-CA3,naive,CA3,53,0.186943,0.011435
52,CA1-CA3,naive,CA3,54,0.903866,0.029119
52,CA1-CA3,naive,CA3,55,0.055594,0.001107
52,CA1-CA3,naive,CA3,56,0.783964,0.009122
52,CA1-CA3,naive,CA3,57,0.026269,0.001338
52,CA1-CA3,naive,CA3,58,0.088524,0.00261
52,CA1-CA3,naive,CA3,59,0.702275,0.012336
52,CA1-CA3,naive,CA3,60,0.26665,0.021869
52,CA1-CA3,intermediate,CA1,0,0.172916,0.017496
52,CA1-CA3,intermediate,CA1,1,0.17406,0.016855
52,CA1-CA3,intermediate,CA1,2,0.128153,0.004748
52,CA1-CA3,intermediate,CA1,3,0.417485,0.005424
52,CA1-CA3,intermediate,CA1,4,0.826722,0.006904
52,CA1-CA3,intermediate,CA1,5,0.747605,0.035571
52,CA1-CA3,intermediate,CA1,6,0.315715,0.013121
52,CA1-CA3,intermediate,CA1,7,0.74712,0.013911
52,CA1-CA3,intermediate,CA1,8,0.338406,0.022348
52,CA1-CA3,intermediate,CA1,9,0.253591,0.005302
52,CA1-CA3,intermediate,CA1,10,0.820804,0.03142
52,CA1-CA3,intermediate,CA1,11,0.055136,0.004006
52,CA1-CA3,intermediate,CA1,12,0.038264,0.000637
52,CA1-CA3,intermediate,CA1,13,0.097535,0.010769
52,CA1-CA3,intermediate,CA1,14,0.139493,0.009074
52,CA1-CA3,intermediate,CA1,15,0.115348,0.009455
52,CA1-CA3,intermediate,CA1,16,0.838051,0.014403
52,CA1-CA3,intermediate,CA1,17,0.082238,0.002572
52,CA1-CA3,intermediate,CA1,18,0.265503,0.011143
52,CA1-CA3,intermediate,CA1,19,0.357377,0.032778
52,CA1-CA3,intermediate,CA1,20,0.767743,0.012584
52,CA1-CA3,intermediate,CA1,21,0.626576,0.015194
52,CA1-CA3,intermediate,CA1,22,0.102581,0.007101
52,CA1-CA3,intermediate,CA1,23,0.298817,0.033007
52,CA1-CA3,intermediate,CA1,24,0.858402,0.006159
52,CA1-CA3,intermediate,CA1,25,0.841504,0.012459
52,CA1-CA3,intermediate,CA1,26,0.016051,0.000775
52,CA1-CA3,intermediate,CA1,27,0.86859,0.015611
52,CA1-CA3,intermediate,CA1,28,0.254546,0.011822
52,CA1-CA3,intermediate,CA1,29,0.713165,0.009724
52,CA1-CA3,intermediate,CA1,30,0.605636,0.023711
52,CA1-CA3,intermediate,CA1,31,0.838501,0.016579
52,CA1-CA3,intermediate,CA1,32,0.078715,0.001196
52,CA1-CA3,intermediate,CA1,33,0.357635,0.043133
52,CA1-CA3,intermediate,CA1,34,0.433076,0.052409
52,CA1-CA3,intermediate,CA1,35,0.362088,0.037241
52,CA1-CA3,intermediate,CA1,36,0.213087,0.021442
52,CA1-CA3,intermediate,CA1,37,0.304209,0.035157
52,CA1-CA3,intermediate,CA1,38,0.108342,0.012293
52,CA1-CA3,intermediate,CA1,39,0.516772,0.027215
52,CA1-CA3,intermediate,CA1,40,0.150916,0.003543
52,CA1-CA3,intermediate,CA1,41,0.093721,0.006657
52,CA1-CA3,intermediate,CA1,42,0.208538,0.008474
52,CA1-CA3,intermediate,CA1,43,0.280973,0.025537
52,CA1-CA3,intermediate,CA1,44,0.27511,0.008943
52,CA1-CA3,intermediate,CA1,45,0.088145,0.003876
52,CA1-CA3,intermediate,CA1,46,0.821946,0.036083
52,CA1-CA3,intermediate,CA1,47,0.504926,0.023001
52,CA1-CA3,intermediate,CA1,48,0.688259,0.043189
52,CA1-CA3,intermediate,CA1,49,0.862947,0.019616
52,CA1-CA3,intermediate,CA1,50,0.81098,0.047397
52,CA1-CA3,intermediate,CA1,51,0.774584,0.017953
52,CA1-CA3,intermediate,CA1,52,0.109374,0.002715
52,CA1-CA3,intermediate,CA1,53,0.131772,0.005689
52,CA1-CA3,intermediate,CA1,54,0.214809,0.006004
52,CA1-CA3,intermediate,CA1,55,0.142649,0.011888
52,CA1-CA3,intermediate,CA1,56,0.670678,0.010685
52,CA1-CA3,intermediate,CA3,0,0.800434,0.017369
52,CA1-CA3,intermediate,CA3,1,0.211437,0.003863
52,CA1-CA3,intermediate,CA3,2,0.391126,0.031502
52,CA1-CA3,intermediate,CA3,3,0.821439,0.017474
52,CA1-CA3,intermediate,CA3,4,0.173775,0.004632
52,CA1-CA3,intermediate,CA3,5,0.298962,0.025731
52,CA1-CA3,intermediate,CA3,6,0.329854,0.015506
52,CA1-CA3,intermediate,CA3,7,0.354725,0.026743
52,CA1-CA3,intermediate,CA3,8,0.064446,0.002779
52,CA1-CA3,intermediate,CA3,9,0.707725,0.00627
52,CA1-CA3,intermediate,CA3,10,0.069996,0.004292
52,CA1-CA3,intermediate,CA3,11,0.813971,0.018841
52,CA1-CA3,intermediate,CA3,12,0.017935,0.000561
52,CA1-CA3,intermediate,CA3,13,0.092357,0.009038
52,CA1-CA3,intermediate,CA3,14,0.039844,0.002037
52,CA1-CA3,intermediate,CA3,15,0.047224,0.002345
52,CA1-CA3,intermediate,CA3,16,0.071335,0.001888
52,CA1-CA3,intermediate,CA3,17,0.279923,0.020352
52,CA1-CA3,intermediate,CA3,18,0.88038,0.017071
52,CA1-CA3,intermediate,CA3,19,0.10126,0.003295
52,CA1-CA3,intermediate,CA3,20,0.830387,0.039458
52,CA1-CA3,intermediate,CA3,21,0.775898,0.016521
52,CA1-CA3,intermediate,CA3,22,0.798137,0.018525
52,CA1-CA3,intermediate,CA3,23,0.257302,0.007172
52,CA1-CA3,intermediate,CA3,24,0.683324,0.005201
52,CA1-CA3,intermediate,CA3,25,0.703058,0.00994
52,CA1-CA3,intermediate,CA3,26,0.040536,0.001532
52,CA1-CA3,intermediate,CA3,27,0.026277,0.001361
52,CA1-CA3,intermediate,CA3,28,0.832343,0.040438
52,CA1-CA3,intermediate,CA3,29,0.083566,0.004706
52,CA1-CA3,intermediate,CA3,30,0.136453,0.005446
52,CA1-CA3,intermediate,CA3,31,0.369703,0.00598
52,CA1-CA3,intermediate,CA3,32,0.401934,0.016951
52,CA1-CA3,intermediate,CA3,33,0.346463,0.011917
52,CA1-CA3,intermediate,CA3,34,0.299047,0.019817
52,CA1-CA3,intermediate,CA3,35,0.254422,0.019593
52,CA1-CA3,intermediate,CA3,36,0.345673,0.029971
52,CA1-CA3,intermediate,CA3,37,0.332676,0.02763
52,CA1-CA3,intermediate,CA3,38,0.370449,0.014356
52,CA1-CA3,intermediate,CA3,39,0.30087,0.02311
52,CA1-CA3,intermediate,CA3,40,0.390843,0.025744
52,CA1-CA3,intermediate,CA3,41,0.464002,0.028859
52,CA1-CA3,intermediate,CA3,42,0.237306,0.022357
52,CA1-CA3,intermediate,CA3,43,0.390069,0.013836
52,CA1-CA3,intermediate,CA3,44,0.304315,0.027598
52,CA1-CA3,intermediate,CA3,45,0.467289,0.039706
52,CA1-CA3,intermediate,CA3,46,0.31398,0.029409
52,CA1-CA3,intermediate,CA3,47,0.354065,0.029332
52,CA1-CA3,intermediate,CA3,48,0.32598,0.024017
52,CA1-CA3,intermediate,CA3,49,0.357768,0.029314
52,CA1-CA3,intermediate,CA3,50,0.310622,0.021151
52,CA1-CA3,intermediate,CA3,51,0.863454,0.024222
52,CA1-CA3,intermediate,CA3,52,0.163708,0.007777
52,CA1-CA3,intermediate,CA3,53,0.171375,0.008422
52,CA1-CA3,intermediate,CA3,54,0.784104,0.026284
52,CA1-CA3,intermediate,CA3,55,0.844755,0.031966
52,CA1-CA3,intermediate,CA3,56,0.791472,0.011369
52,CA1-CA3,intermediate,CA3,57,0.03417,0.000673
52,CA1-CA3,intermediate,CA3,58,0.74972,0.009271
52,CA1-CA3,intermediate,CA3,59,0.022861,0.000977
52,CA1-CA3,intermediate,CA3,60,0.28973,0.018102
52,CA1-CA3,expert,CA1,0,0.24924,0.020111
52,CA1-CA3,expert,CA1,1,0.037365,0.004744
52,CA1-CA3,expert,CA1,2,0.835322,0.074747
52,CA1-CA3,expert,CA1,3,0.089686,0.007907
52,CA1-CA3,expert,CA1,4,0.838153,0.075902
52,CA1-CA3,expert,CA1,5,0.713533,0.064336
52,CA1-CA3,expert,CA1,6,0.071681,0.010965
52,CA1-CA3,expert,CA1,7,0.644801,0.028637
52,CA1-CA3,expert,CA1,8,0.144118,0.023402
52,CA1-CA3,expert,CA1,9,0.443295,0.033902
52,CA1-CA3,expert,CA1,10,0.641173,0.045794
52,CA1-CA3,expert,CA1,11,0.316035,0.029268
52,CA1-CA3,expert,CA1,12,0.023429,0.001486
52,CA1-CA3,expert,CA1,13,0.11374,0.012914
52,CA1-CA3,expert,CA1,14,0.277998,0.035779
52,CA1-CA3,expert,CA1,15,0.182592,0.013621
52,CA1-CA3,expert,CA1,16,0.777602,0.054613
52,CA1-CA3,expert,CA1,17,0.246759,0.019078
52,CA1-CA3,expert,CA1,18,0.829558,0.064718
52,CA1-CA3,expert,CA1,19,0.722744,0.090827
52,CA1-CA3,expert,CA1,20,0.70052,0.078243
52,CA1-CA3,expert,CA1,21,0.271501,0.046637
52,CA1-CA3,expert,CA1,22,0.090152,0.009813
52,CA1-CA3,expert,CA1,23,0.404875,0.031627
52,CA1-CA3,expert,CA1,24,0.034764,0.004659
52,CA1-CA3,expert,CA1,25,0.073386,0.005254
52,CA1-CA3,expert,CA1,26,0.013335,0.001504
52,CA1-CA3,expert,CA1,27,0.062448,0.003495
52,CA1-CA3,expert,CA1,28,0.773899,0.061021
52,CA1-CA3,expert,CA1,29,0.822154,0.071777
52,CA1-CA3,expert,CA1,30,0.518228,0.046565
52,CA1-CA3,expert,CA1,31,0.821141,0.092454
52,CA1-CA3,expert,CA1,32,0.174126,0.017537
52,CA1-CA3,expert,CA1,33,0.258369,0.015444
52,CA1-CA3,expert,CA1,34,0.32121,0.017392
52,CA1-CA3,expert,CA1,35,0.539469,0.056865
52,CA1-CA3,expert,CA1,36,0.21292,0.02358
52,CA1-CA3,expert,CA1,37,0.300431,0.025793
52,CA1-CA3,expert,CA1,38,0.281442,0.022428
52,CA1-CA3,expert,CA1,39,0.393231,0.034173
52,CA1-CA3,expert,CA1,40,0.256249,0.027194
52,CA1-CA3,expert,CA1,41,0.082626,0.009661
52,CA1-CA3,expert,CA1,42,0.088382,0.007599
52,CA1-CA3,expert,CA1,43,0.268264,0.026123
52,CA1-CA3,expert,CA1,44,0.466898,0.044803
52,CA1-CA3,expert,CA1,45,0.852964,0.082119
52,CA1-CA3,expert,CA1,46,0.799104,0.092813
52,CA1-CA3,expert,CA1,47,0.776011,0.130614
52,CA1-CA3,expert,CA1,48,0.469488,0.070529
52,CA1-CA3,expert,CA1,49,0.778117,0.077275
52,CA1-CA3,expert,CA1,50,0.786535,0.058938
52,CA1-CA3,expert,CA1,51,0.494123,0.056537
52,CA1-CA3,expert,CA1,52,0.819594,0.111332
52,CA1-CA3,expert,CA1,53,0.180592,0.016293
52,CA1-CA3,expert,CA1,54,0.048533,0.00384
52,CA1-CA3,expert,CA1,55,0.053802,0.005112
52,CA1-CA3,expert,CA1,56,0.144002,0.009683
52,CA1-CA3,expert,CA3,0,0.080393,0.009888
52,CA1-CA3,expert,CA3,1,0.04681,0.006477
52,CA1-CA3,expert,CA3,2,0.42199,0.033225
52,CA1-CA3,expert,CA3,3,0.761331,0.082198
52,CA1-CA3,expert,CA3,4,0.868286,0.051631
52,CA1-CA3,expert,CA3,5,0.35938,0.028867
52,CA1-CA3,expert,CA3,6,0.364001,0.051578
52,CA1-CA3,expert,CA3,7,0.370039,0.023029
52,CA1-CA3,expert,CA3,8,0.745868,0.065137
52,CA1-CA3,expert,CA3,9,0.02082,0.002492
52,CA1-CA3,expert,CA3,10,0.028927,0.00317
52,CA1-CA3,expert,CA3,11,0.061043,0.006844
52,CA1-CA3,expert,CA3,12,0.748787,0.038888
52,CA1-CA3,expert,CA3,13,0.036608,0.003138
52,CA1-CA3,expert,CA3,14,0.656538,0.051712
52,CA1-CA3,expert,CA3,15,0.821989,0.110419
52,CA1-CA3,expert,CA3,16,0.744702,0.052665
52,CA1-CA3,expert,CA3,17,0.286976,0.045537
52,CA1-CA3,expert,CA3,18,0.039928,0.002962
52,CA1-CA3,expert,CA3,19,0.72741,0.054701
52,CA1-CA3,expert,CA3,20,0.011813,0.001249
52,CA1-CA3,expert,CA3,21,0.099087,0.008528
52,CA1-CA3,expert,CA3,22,0.057216,0.006579
52,CA1-CA3,expert,CA3,23,0.090531,0.007019
52,CA1-CA3,expert,CA3,24,0.147045,0.013229
52,CA1-CA3,expert,CA3,25,0.753062,0.110729
52,CA1-CA3,expert,CA3,26,0.500647,0.029923
52,CA1-CA3,expert,CA3,27,0.85737,0.046866
52,CA1-CA3,expert,CA3,28,0.709349,0.062149
52,CA1-CA3,expert,CA3,29,0.079969,0.005556
52,CA1-CA3,expert,CA3,30,0.641144,0.092684
52,CA1-CA3,expert,CA3,31,0.01101,0.000861
52,CA1-CA3,expert,CA3,32,0.387625,0.054847
52,CA1-CA3,expert,CA3,33,0.345372,0.050332
52,CA1-CA3,expert,CA3,34,0.277772,0.031838
52,CA1-CA3,expert,CA3,35,0.228271,0.026631
52,CA1-CA3,expert,CA3,36,0.357632,0.027031
52,CA1-CA3,expert,CA3,37,0.315572,0.017774
52,CA1-CA3,expert,CA3,38,0.353476,0.052899
52,CA1-CA3,expert,CA3,39,0.271731,0.032697
52,CA1-CA3,expert,CA3,40,0.455921,0.038173
52,CA1-CA3,expert,CA3,41,0.428433,0.069868
52,CA1-CA3,expert,CA3,42,0.265031,0.016368
52,CA1-CA3,expert,CA3,43,0.104438,0.008463
52,CA1-CA3,expert,CA3,44,0.326519,0.016513
52,CA1-CA3,expert,CA3,45,0.291751,0.020805
52,CA1-CA3,expert,CA3,46,0.163444,0.014796
52,CA1-CA3,expert,CA3,47,0.362188,0.02768
52,CA1-CA3,expert,CA3,48,0.379176,0.032689
52,CA1-CA3,expert,CA3,49,0.36807,0.035272
52,CA1-CA3,expert,CA3,50,0.283066,0.017501
52,CA1-CA3,expert,CA3,51,0.109683,0.005722
52,CA1-CA3,expert,CA3,52,0.3746,0.024258
52,CA1-CA3,expert,CA3,53,0.780449,0.111142
52,CA1-CA3,expert,CA3,54,0.091935,0.010396
52,CA1-CA3,expert,CA3,55,0.048253,0.002879
52,CA1-CA3,expert,CA3,56,0.798493,0.043968
52,CA1-CA3,expert,CA3,57,0.06244,0.006366
52,CA1-CA3,expert,CA3,58,0.81004,0.061239
52,CA1-CA3,expert,CA3,59,0.018659,0.002143
52,CA1-CA3,expert,CA3,60,0.631462,0.094863
52,CA1-DG,naive,CA1,0,0.206412,0.034165
52,CA1-DG,naive,CA1,1,0.768247,0.062599
52,CA1-DG,naive,CA1,2,0.89341,0.104645
52,CA1-DG,naive,CA1,3,0.024145,0.005481
52,CA1-DG,naive,CA1,4,0.003286,0.00062
52,CA1-DG,naive,CA1,5,0.034466,0.005
52,CA1-DG,naive,CA1,6,0.804549,0.090404
52,CA1-DG,naive,CA1,7,0.060502,0.009681
52,CA1-DG,naive,CA1,8,0.192534,0.015425
52,CA1-DG,naive,CA1,9,0.017111,0.001376
52,CA1-DG,naive,CA1,10,0.710444,0.048017
52,CA1-DG,naive,CA1,11,0.803851,0.112029
52,CA1-DG,naive,CA1,12,0.069883,0.007059
52,CA1-DG,naive,CA1,13,0.155172,0.032837
52,CA1-DG,naive,CA1,14,0.507613,0.059487
52,CA1-DG,naive,CA1,15,0.395976,0.045383
52,CA1-DG,naive,CA1,16,0.034405,0.005154
52,CA1-DG,naive,CA1,17,0.72336,0.080732
52,CA1-DG,naive,CA1,18,0.033073,0.004617
52,CA1-DG,naive,CA1,19,0.106977,0.024892
52,CA1-DG,naive,CA1,20,0.109029,0.009588
52,CA1-DG,naive,CA1,21,0.278347,0.032574
52,CA1-DG,naive,CA1,22,0.852938,0.105309
52,CA1-DG,naive,CA1,23,0.313567,0.069644
52,CA1-DG,naive,CA1,24,0.903383,0.084239
52,CA1-DG,naive,CA1,25,0.744149,0.119441
52,CA1-DG,naive,CA1,26,0.222802,0.01945
52,CA1-DG,naive,CA1,27,0.846452,0.110133
52,CA1-DG,naive,CA1,28,0.027688,0.003387
52,CA1-DG,naive,CA1,29,0.89055,0.084318
52,CA1-DG,naive,CA1,30,0.667372,0.096179
52,CA1-DG,naive,CA1,31,0.038802,0.003991
52,CA1-DG,naive,CA1,32,0.813139,0.059529
52,CA1-DG,naive,CA1,33,0.325374,0.098569
52,CA1-DG,naive,CA1,34,0.567956,0.169395
52,CA1-DG,naive,CA1,35,0.466167,0.114851
52,CA1-DG,naive,CA1,36,0.86688,0.095123
52,CA1-DG,naive,CA1,37,0.404021,0.079356
52,CA1-DG,naive,CA1,38,0.072494,0.015478
52,CA1-DG,naive,CA1,39,0.541652,0.073886
52,CA1-DG,naive,CA1,40,0.258867,0.034909
52,CA1-DG,naive,CA1,41,0.223836,0.014675
52,CA1-DG,naive,CA1,42,0.849999,0.121207
52,CA1-DG,naive,CA1,43,0.864325,0.108127
52,CA1-DG,naive,CA1,44,0.026304,0.001626
52,CA1-DG,naive,CA1,45,0.358004,0.036507
52,CA1-DG,naive,CA1,46,0.425869,0.029359
52,CA1-DG,naive,CA1,47,0.067076,0.008956
52,CA1-DG,naive,CA1,48,0.216694,0.026273
52,CA1-DG,naive,CA1,49,0.514477,0.040083
52,CA1-DG,naive,CA1,50,0.860383,0.05588
52,CA1-DG,naive,CA1,51,0.60294,0.060184
52,CA1-DG,naive,CA1,52,0.101939,0.012853
52,CA1-DG,naive,CA1,53,0.21594,0.018854
52,CA1-DG,naive,CA1,54,0.667521,0.070108
52,CA1-DG,naive,CA1,55,0.338222,0.030029
52,CA1-DG,naive,CA1,56,0.024093,0.001994
52,CA1-DG,naive,DG,0,0.133458,0.016824
52,CA1-DG,naive,DG,1,0.904264,0.097206
52,CA1-DG,naive,DG,2,0.025751,0.002095
52,CA1-DG,naive,DG,3,0.864199,0.097361
52,CA1-DG,naive,DG,4,0.879421,0.118325
52,CA1-DG,naive,DG,5,0.510283,0.115825
52,CA1-DG,naive,DG,6,0.957884,0.08338
52,CA1-DG,naive,DG,7,0.824266,0.083515
52,CA1-DG,naive,DG,8,0.710982,0.055971
52,CA1-DG,naive,DG,9,0.485897,0.075049
52,CA1-DG,naive,DG,10,0.469606,0.113205
52,CA1-DG,naive,DG,11,0.501182,0.076953
52,CA1-DG,naive,DG,12,0.609139,0.115249
52,CA1-DG,naive,DG,13,0.650167,0.083859
52,CA1-DG,naive,DG,14,0.910782,0.121316
52,CA1-DG,naive,DG,15,0.599082,0.094097
52,CA1-DG,naive,DG,16,0.913456,0.073828
52,CA1-DG,naive,DG,17,0.121837,0.013808
52,CA1-DG,naive,DG,18,0.591439,0.092862
52,CA1-DG,naive,DG,19,0.682776,0.074391
52,CA1-DG,naive,DG,20,0.315369,0.052251
52,CA1-DG,naive,DG,21,0.880296,0.114944
52,CA1-DG,naive,DG,22,0.981264,0.11861
52,CA1-DG,naive,DG,23,0.999576,0.11877
52,CA1-DG,naive,DG,24,0.93416,0.117007
52,CA1-DG,naive,DG,25,0.809777,0.134255
52,CA1-DG,naive,DG,26,0.829614,0.097728
52,CA1-DG,naive,DG,27,0.92342,0.117464
52,CA1-DG,naive,DG,28,0.258065,0.038048
52,CA1-DG,naive,DG,29,0.04257,0.007826
52,CA1-DG,naive,DG,30,0.914608,0.108211
52,CA1-DG,naive,DG,31,0.781787,0.064077
52,CA1-DG,naive,DG,32,0.641391,0.063263
52,CA1-DG,intermediate,CA1,0,0.173598,0.019487
52,CA1-DG,intermediate,CA1,1,0.172151,0.017574
52,CA1-DG,intermediate,CA1,2,0.128544,0.002528
52,CA1-DG,intermediate,CA1,3,0.40306,0.011476
52,CA1-DG,intermediate,CA1,4,0.830739,0.005795
52,CA1-DG,intermediate,CA1,5,0.752436,0.026659
52,CA1-DG,intermediate,CA1,6,0.321093,0.015128
52,CA1-DG,intermediate,CA1,7,0.747585,0.003679
52,CA1-DG,intermediate,CA1,8,0.335115,0.010208
52,CA1-DG,intermediate,CA1,9,0.254764,0.008915
52,CA1-DG,intermediate,CA1,10,0.823658,0.016362
52,CA1-DG,intermediate,CA1,11,0.053607,0.005091
52,CA1-DG,intermediate,CA1,12,0.037495,0.001127
52,CA1-DG,intermediate,CA1,13,0.099062,0.013282
52,CA1-DG,intermediate,CA1,14,0.137867,0.01346
52,CA1-DG,intermediate,CA1,15,0.11927,0.012057
52,CA1-DG,intermediate,CA1,16,0.839204,0.013513
52,CA1-DG,intermediate,CA1,17,0.084634,0.003819
52,CA1-DG,intermediate,CA1,18,0.26526,0.013137
52,CA1-DG,intermediate,CA1,19,0.353631,0.03121
52,CA1-DG,intermediate,CA1,20,0.769078,0.01113
52,CA1-DG,intermediate,CA1,21,0.639981,0.033939
52,CA1-DG,intermediate,CA1,22,0.100594,0.00787
52,CA1-DG,intermediate,CA1,23,0.287853,0.037055
52,CA1-DG,intermediate,CA1,24,0.857894,0.016707
52,CA1-DG,intermediate,CA1,25,0.839712,0.022673
52,CA1-DG,intermediate,CA1,26,0.015995,0.000982
52,CA1-DG,intermediate,CA1,27,0.868859,0.011631
52,CA1-DG,intermediate,CA1,28,0.258772,0.010128
52,CA1-DG,intermediate,CA1,29,0.71364,0.006165
52,CA1-DG,intermediate,CA1,30,0.607177,0.016812
52,CA1-DG,intermediate,CA1,31,0.840349,0.013363
52,CA1-DG,intermediate,CA1,32,0.077283,0.002388
52,CA1-DG,intermediate,CA1,33,0.366451,0.056457
52,CA1-DG,intermediate,CA1,34,0.428977,0.064073
52,CA1-DG,intermediate,CA1,35,0.36444,0.048083
52,CA1-DG,intermediate,CA1,36,0.202935,0.028727
52,CA1-DG,intermediate,CA1,37,0.298083,0.035923
52,CA1-DG,intermediate,CA1,38,0.105918,0.014449
52,CA1-DG,intermediate,CA1,39,0.518647,0.022372
52,CA1-DG,intermediate,CA1,40,0.148367,0.0048
52,CA1-DG,intermediate,CA1,41,0.094154,0.005259
52,CA1-DG,intermediate,CA1,42,0.211096,0.007354
52,CA1-DG,intermediate,CA1,43,0.277586,0.035998
52,CA1-DG,intermediate,CA1,44,0.274477,0.009449
52,CA1-DG,intermediate,CA1,45,0.086421,0.00539
52,CA1-DG,intermediate,CA1,46,0.824014,0.036696
52,CA1-DG,intermediate,CA1,47,0.484892,0.028231
52,CA1-DG,intermediate,CA1,48,0.695884,0.027128
52,CA1-DG,intermediate,CA1,49,0.86566,0.009754
52,CA1-DG,intermediate,CA1,50,0.808776,0.08356
52,CA1-DG,intermediate,CA1,51,0.77538,0.009185
52,CA1-DG,intermediate,CA1,52,0.110896,0.00198
52,CA1-DG,intermediate,CA1,53,0.134868,0.012241
52,CA1-DG,intermediate,CA1,54,0.220315,0.005695
52,CA1-DG,intermediate,CA1,55,0.143237,0.012874
52,CA1-DG,intermediate,CA1,56,0.671669,0.015041
52,CA1-DG,intermediate,DG,0,0.365927,0.013793
52,CA1-DG,intermediate,DG,1,0.940138,0.013997
52,CA1-DG,intermediate,DG,2,0.138719,0.006441
52,CA1-DG,intermediate,DG,3,0.779117,0.038335
52,CA1-DG,intermediate,DG,4,0.973062,0.016136
52,CA1-DG,intermediate,DG,5,0.499384,0.067672
52,CA1-DG,intermediate,DG,6,0.020461,0.000668
52,CA1-DG,intermediate,DG,7,0.908031,0.007519
52,CA1-DG,intermediate,DG,8,0.648268,0.016209
52,CA1-DG,intermediate,DG,9,0.447634,0.02131
52,CA1-DG,intermediate,DG,10,0.487358,0.055551
52,CA1-DG,intermediate,DG,11,0.818412,0.047277
52,CA1-DG,intermediate,DG,12,0.507105,0.044218
52,CA1-DG,intermediate,DG,13,0.82609,0.014284
52,CA1-DG,intermediate,DG,14,0.90062,0.031549
52,CA1-DG,intermediate,DG,15,0.553396,0.024972
52,CA1-DG,intermediate,DG,16,0.892385,0.010341
52,CA1-DG,intermediate,DG,17,0.972721,0.010351
52,CA1-DG,intermediate,DG,18,0.538973,0.026784
52,CA1-DG,intermediate,DG,19,0.785664,0.05741
52,CA1-DG,intermediate,DG,20,0.938248,0.020828
52,CA1-DG,intermediate,DG,21,0.707663,0.056627
52,CA1-DG,intermediate,DG,22,0.511323,0.056945
52,CA1-DG,intermediate,DG,23,0.97421,0.010127
52,CA1-DG,intermediate,DG,24,0.403875,0.030753
52,CA1-DG,intermediate,DG,25,0.946177,0.036293
52,CA1-DG,intermediate,DG,26,0.913137,0.015504
52,CA1-DG,intermediate,DG,27,0.241057,0.00891
52,CA1-DG,intermediate,DG,28,0.297896,0.01248
52,CA1-DG,intermediate,DG,29,0.730332,0.02194
52,CA1-DG,intermediate,DG,30,0.897589,0.011753
52,CA1-DG,intermediate,DG,31,0.803806,0.076108
52,CA1-DG,intermediate,DG,32,0.953923,0.021419
52,CA1-DG,expert,CA1,0,0.243877,0.077434
52,CA1-DG,expert,CA1,1,0.03811,0.005034
52,CA1-DG,expert,CA1,2,0.835734,0.131715
52,CA1-DG,expert,CA1,3,0.088787,0.018293
52,CA1-DG,expert,CA1,4,0.838508,0.185678
52,CA1-DG,expert,CA1,5,0.714148,0.116706
52,CA1-DG,expert,CA1,6,0.073759,0.016665
52,CA1-DG,expert,CA1,7,0.64469,0.150218
52,CA1-DG,expert,CA1,8,0.148717,0.027352
52,CA1-DG,expert,CA1,9,0.472914,0.085501
52,CA1-DG,expert,CA1,10,0.651894,0.095762
52,CA1-DG,expert,CA1,11,0.296215,0.069334
52,CA1-DG,expert,CA1,12,0.023362,0.004158
52,CA1-DG,expert,CA1,13,0.120922,0.042094
52,CA1-DG,expert,CA1,14,0.270642,0.079853
52,CA1-DG,expert,CA1,15,0.185719,0.051866
52,CA1-DG,expert,CA1,16,0.77754,0.114481
52,CA1-DG,expert,CA1,17,0.243978,0.05718
52,CA1-DG,expert,CA1,18,0.829933,0.133954
52,CA1-DG,expert,CA1,19,0.727575,0.171533
52,CA1-DG,expert,CA1,20,0.704641,0.115785
52,CA1-DG,expert,CA1,21,0.273947,0.056497
52,CA1-DG,expert,CA1,22,0.0873,0.016671
52,CA1-DG,expert,CA1,23,0.393161,0.134194
52,CA1-DG,expert,CA1,24,0.0351,0.007909
52,CA1-DG,expert,CA1,25,0.075172,0.016288
52,CA1-DG,expert,CA1,26,0.012897,0.003013
52,CA1-DG,expert,CA1,27,0.06223,0.0098
52,CA1-DG,expert,CA1,28,0.777074,0.108576
52,CA1-DG,expert,CA1,29,0.823303,0.116812
52,CA1-DG,expert,CA1,30,0.510625,0.137305
52,CA1-DG,expert,CA1,31,0.82063,0.107127
52,CA1-DG,expert,CA1,32,0.181262,0.033627
52,CA1-DG,expert,CA1,33,0.268843,0.12326
52,CA1-DG,expert,CA1,34,0.31371,0.112181
52,CA1-DG,expert,CA1,35,0.547291,0.212219
52,CA1-DG,expert,CA1,36,0.194377,0.062746
52,CA1-DG,expert,CA1,37,0.293906,0.103047
52,CA1-DG,expert,CA1,38,0.268039,0.103875
52,CA1-DG,expert,CA1,39,0.37924,0.108321
52,CA1-DG,expert,CA1,40,0.253692,0.052427
52,CA1-DG,expert,CA1,41,0.084581,0.017516
52,CA1-DG,expert,CA1,42,0.084842,0.017264
52,CA1-DG,expert,CA1,43,0.259404,0.05358
52,CA1-DG,expert,CA1,44,0.479475,0.054306
52,CA1-DG,expert,CA1,45,0.856628,0.210954
52,CA1-DG,expert,CA1,46,0.817123,0.103578
52,CA1-DG,expert,CA1,47,0.776466,0.234917
52,CA1-DG,expert,CA1,48,0.48573,0.08382
52,CA1-DG,expert,CA1,49,0.771404,0.104603
52,CA1-DG,expert,CA1,50,0.786628,0.18527
52,CA1-DG,expert,CA1,51,0.484777,0.038366
52,CA1-DG,expert,CA1,52,0.816626,0.161494
52,CA1-DG,expert,CA1,53,0.172382,0.035115
52,CA1-DG,expert,CA1,54,0.047902,0.006201
52,CA1-DG,expert,CA1,55,0.051931,0.014559
52,CA1-DG,expert,CA1,56,0.154534,0.027158
52,CA1-DG,expert,DG,0,0.614305,0.180522
52,CA1-DG,expert,DG,1,0.938192,0.1735
52,CA1-DG,expert,DG,2,0.124682,0.024496
52,CA1-DG,expert,DG,3,0.492067,0.098822
52,CA1-DG,expert,DG,4,0.76362,0.152844
52,CA1-DG,expert,DG,5,0.464955,0.171988
52,CA1-DG,expert,DG,6,0.239177,0.043358
52,CA1-DG,expert,DG,7,0.941741,0.117288
52,CA1-DG,expert,DG,8,0.586872,0.152502
52,CA1-DG,expert,DG,9,0.471535,0.070369
52,CA1-DG,expert,DG,10,0.501961,0.18308
52,CA1-DG,expert,DG,11,0.932768,0.194466
52,CA1-DG,expert,DG,12,0.781283,0.210349
52,CA1-DG,expert,DG,13,0.043955,0.00861
52,CA1-DG,expert,DG,14,0.918533,0.224518
52,CA1-DG,expert,DG,15,0.528881,0.067537
52,CA1-DG,expert,DG,16,0.9151,0.158671
52,CA1-DG,expert,DG,17,0.884358,0.235931
52,CA1-DG,expert,DG,18,0.508409,0.068129
52,CA1-DG,expert,DG,19,0.831027,0.21097
52,CA1-DG,expert,DG,20,0.962592,0.156377
52,CA1-DG,expert,DG,21,0.792654,0.158586
52,CA1-DG,expert,DG,22,0.349156,0.053656
52,CA1-DG,expert,DG,23,1.012282,0.12909
52,CA1-DG,expert,DG,24,0.958184,0.168042
52,CA1-DG,expert,DG,25,0.517846,0.110831
52,CA1-DG,expert,DG,26,0.994625,0.121407
52,CA1-DG,expert,DG,27,0.79211,0.16282
52,CA1-DG,expert,DG,28,0.746571,0.126283
52,CA1-DG,expert,DG,29,0.714755,0.119992
52,CA1-DG,expert,DG,30,0.853592,0.144993
52,CA1-DG,expert,DG,31,0.286649,0.048136
52,CA1-DG,expert,DG,32,0.227738,0.04686
52,CA1-V1,naive,CA1,0,0.205435,0.032773
52,CA1-V1,naive,CA1,1,0.766897,0.115052
52,CA1-V1,naive,CA1,2,0.891698,0.123222
52,CA1-V1,naive,CA1,3,0.026039,0.005333
52,CA1-V1,naive,CA1,4,0.003302,0.000642
52,CA1-V1,naive,CA1,5,0.035359,0.00577
52,CA1-V1,naive,CA1,6,0.803511,0.134587
52,CA1-V1,naive,CA1,7,0.06719,0.01139
52,CA1-V1,naive,CA1,8,0.19355,0.030225
52,CA1-V1,naive,CA1,9,0.016893,0.002829
52,CA1-V1,naive,CA1,10,0.726766,0.112516
52,CA1-V1,naive,CA1,11,0.802408,0.123514
52,CA1-V1,naive,CA1,12,0.077629,0.015391
52,CA1-V1,naive,CA1,13,0.162833,0.033438
52,CA1-V1,naive,CA1,14,0.500905,0.098969
52,CA1-V1,naive,CA1,15,0.414643,0.069137
52,CA1-V1,naive,CA1,16,0.033622,0.005406
52,CA1-V1,naive,CA1,17,0.723201,0.114042
52,CA1-V1,naive,CA1,18,0.03326,0.005164
52,CA1-V1,naive,CA1,19,0.106889,0.015632
52,CA1-V1,naive,CA1,20,0.109738,0.02202
52,CA1-V1,naive,CA1,21,0.295993,0.071432
52,CA1-V1,naive,CA1,22,0.848447,0.124911
52,CA1-V1,naive,CA1,23,0.325055,0.059491
52,CA1-V1,naive,CA1,24,0.900078,0.1271
52,CA1-V1,naive,CA1,25,0.743306,0.093391
52,CA1-V1,naive,CA1,26,0.219195,0.032129
52,CA1-V1,naive,CA1,27,0.844973,0.114068
52,CA1-V1,naive,CA1,28,0.027304,0.004466
52,CA1-V1,naive,CA1,29,0.888485,0.121259
52,CA1-V1,naive,CA1,30,0.664325,0.144167
52,CA1-V1,naive,CA1,31,0.038289,0.004271
52,CA1-V1,naive,CA1,32,0.810845,0.083183
52,CA1-V1,naive,CA1,33,0.307577,0.057516
52,CA1-V1,naive,CA1,34,0.571971,0.108676
52,CA1-V1,naive,CA1,35,0.488473,0.1162
52,CA1-V1,naive,CA1,36,0.869165,0.132753
52,CA1-V1,naive,CA1,37,0.419497,0.075089
52,CA1-V1,naive,CA1,38,0.070555,0.010017
52,CA1-V1,naive,CA1,39,0.539975,0.091384
52,CA1-V1,naive,CA1,40,0.257636,0.04025
52,CA1-V1,naive,CA1,41,0.233124,0.038264
52,CA1-V1,naive,CA1,42,0.848259,0.132299
52,CA1-V1,naive,CA1,43,0.860076,0.121915
52,CA1-V1,naive,CA1,44,0.026362,0.004134
52,CA1-V1,naive,CA1,45,0.337895,0.059027
52,CA1-V1,naive,CA1,46,0.423858,0.067302
52,CA1-V1,naive,CA1,47,0.067386,0.013224
52,CA1-V1,naive,CA1,48,0.215722,0.036579
52,CA1-V1,naive,CA1,49,0.499622,0.083304
52,CA1-V1,naive,CA1,50,0.850339,0.183104
52,CA1-V1,naive,CA1,51,0.587624,0.085735
52,CA1-V1,naive,CA1,52,0.101836,0.019092
52,CA1-V1,naive,CA1,53,0.211058,0.03376
52,CA1-V1,naive,CA1,54,0.662967,0.13072
52,CA1-V1,naive,CA1,55,0.337723,0.048926
52,CA1-V1,naive,CA1,56,0.023815,0.004254
52,CA1-V1,naive,V1,0,0.09254,0.018416
52,CA1-V1,naive,V1,1,0.31987,0.049562
52,CA1-V1,naive,V1,2,0.337326,0.073294
52,CA1-V1,naive,V1,3,0.625412,0.100338
52,CA1-V1,naive,V1,4,0.163666,0.036172
52,CA1-V1,naive,V1,5,0.240491,0.038699
52,CA1-V1,naive,V1,6,0.34443,0.069506
52,CA1-V1,naive,V1,7,0.203482,0.038214
52,CA1-V1,naive,V1,8,0.252898,0.034775
52,CA1-V1,naive,V1,9,0.078986,0.012021
52,CA1-V1,naive,V1,10,0.06602,0.007628
52,CA1-V1,naive,V1,11,0.218063,0.026185
52,CA1-V1,naive,V1,12,0.363869,0.074309
52,CA1-V1,naive,V1,13,0.172298,0.024812
52,CA1-V1,naive,V1,14,0.144111,0.025018
52,CA1-V1,naive,V1,15,0.208178,0.046301
52,CA1-V1,naive,V1,16,0.103488,0.02081
52,CA1-V1,naive,V1,17,0.31164,0.078305
52,CA1-V1,naive,V1,18,0.160147,0.022811
52,CA1-V1,naive,V1,19,0.192207,0.034301
52,CA1-V1,naive,V1,20,0.278916,0.043476
52,CA1-V1,naive,V1,21,0.16534,0.025996
52,CA1-V1,naive,V1,22,0.43022,0.058918
52,CA1-V1,naive,V1,23,0.279792,0.034585
52,CA1-V1,naive,V1,24,0.036511,0.006214
52,CA1-V1,naive,V1,25,0.194105,0.038226
52,CA1-V1,naive,V1,26,0.210714,0.029499
52,CA1-V1,naive,V1,27,0.274611,0.042421
52,CA1-V1,naive,V1,28,0.243912,0.039733
52,CA1-V1,naive,V1,29,0.412697,0.060454
52,CA1-V1,naive,V1,30,0.196881,0.037282
52,CA1-V1,naive,V1,31,0.311766,0.042895
52,CA1-V1,naive,V1,32,0.187486,0.039153
52,CA1-V1,naive,V1,33,0.561365,0.085426
52,CA1-V1,naive,V1,34,0.202177,0.034016
52,CA1-V1,naive,V1,35,0.316586,0.054104
52,CA1-V1,naive,V1,36,0.105881,0.014772
52,CA1-V1,naive,V1,37,0.229269,0.052092
52,CA1-V1,naive,V1,38,0.210727,0.024023
52,CA1-V1,naive,V1,39,0.275539,0.03532
52,CA1-V1,naive,V1,40,0.118872,0.025699
52,CA1-V1,naive,V1,41,0.664162,0.094794
52,CA1-V1,naive,V1,42,0.084914,0.01164
52,CA1-V1,naive,V1,43,0.752635,0.109651
52,CA1-V1,naive,V1,44,0.201508,0.035408
52,CA1-V1,naive,V1,45,0.366855,0.065612
52,CA1-V1,naive,V1,46,0.224315,0.036685
52,CA1-V1,naive,V1,47,0.213983,0.029515
52,CA1-V1,naive,V1,48,0.706996,0.100611
52,CA1-V1,naive,V1,49,0.20317,0.034025
52,CA1-V1,naive,V1,50,0.064208,0.015855
52,CA1-V1,naive,V1,51,0.217653,0.027865
52,CA1-V1,naive,V1,52,0.803639,0.095331
52,CA1-V1,naive,V1,53,0.210652,0.033112
52,CA1-V1,naive,V1,54,0.750324,0.120995
52,CA1-V1,naive,V1,55,0.232849,0.041224
52,CA1-V1,naive,V1,56,0.203065,0.05149
52,CA1-V1,naive,V1,57,0.099115,0.016902
52,CA1-V1,naive,V1,58,0.683278,0.086737
52,CA1-V1,naive,V1,59,0.175288,0.029452
52,CA1-V1,naive,V1,60,0.040047,0.009348
52,CA1-V1,naive,V1,61,0.153512,0.035009
52,CA1-V1,naive,V1,62,0.1699,0.035338
52,CA1-V1,naive,V1,63,0.171773,0.025162
52,CA1-V1,naive,V1,64,0.261606,0.042614
52,CA1-V1,naive,V1,65,0.278497,0.042133
52,CA1-V1,naive,V1,66,0.109458,0.016949
52,CA1-V1,naive,V1,67,0.22039,0.033434
52,CA1-V1,naive,V1,68,0.195063,0.030225
52,CA1-V1,naive,V1,69,0.210468,0.033346
52,CA1-V1,naive,V1,70,0.082785,0.013848
52,CA1-V1,naive,V1,71,0.055027,0.007528
52,CA1-V1,naive,V1,72,0.114968,0.017429
52,CA1-V1,naive,V1,73,0.059762,0.010423
52,CA1-V1,naive,V1,74,0.176732,0.02551
52,CA1-V1,naive,V1,75,0.745335,0.089813
52,CA1-V1,naive,V1,76,0.190325,0.027568
52,CA1-V1,naive,V1,77,0.705533,0.091954
52,CA1-V1,naive,V1,78,0.224618,0.036333
52,CA1-V1,naive,V1,79,0.216243,0.04107
52,CA1-V1,naive,V1,80,0.174059,0.037252
52,CA1-V1,naive,V1,81,0.278105,0.050299
52,CA1-V1,naive,V1,82,0.232525,0.038973
52,CA1-V1,naive,V1,83,0.169809,0.044816
52,CA1-V1,naive,V1,84,0.20082,0.035542
52,CA1-V1,naive,V1,85,0.293957,0.059508
52,CA1-V1,naive,V1,86,0.224291,0.027687
52,CA1-V1,naive,V1,87,0.221594,0.040454
52,CA1-V1,naive,V1,88,0.207061,0.032432
52,CA1-V1,naive,V1,89,0.180508,0.029981
52,CA1-V1,naive,V1,90,0.150632,0.029099
52,CA1-V1,naive,V1,91,0.220079,0.033909
52,CA1-V1,naive,V1,92,0.273325,0.041269
52,CA1-V1,naive,V1,93,0.496037,0.094464
52,CA1-V1,naive,V1,94,0.153173,0.023699
52,CA1-V1,naive,V1,95,0.437526,0.057133
52,CA1-V1,naive,V1,96,0.157022,0.034373
52,CA1-V1,naive,V1,97,0.279763,0.053303
52,CA1-V1,naive,V1,98,0.217088,0.039332
52,CA1-V1,naive,V1,99,0.158554,0.030274
52,CA1-V1,naive,V1,100,0.286877,0.040054
52,CA1-V1,naive,V1,101,0.087021,0.015759
52,CA1-V1,naive,V1,102,0.178689,0.03277
52,CA1-V1,naive,V1,103,0.3134,0.044324
52,CA1-V1,naive,V1,104,0.085047,0.016852
52,CA1-V1,naive,V1,105,0.198665,0.027532
52,CA1-V1,naive,V1,106,0.226215,0.03741
52,CA1-V1,naive,V1,107,0.690252,0.090425
52,CA1-V1,naive,V1,108,0.659406,0.091664
52,CA1-V1,intermediate,CA1,0,0.175517,0.010862
52,CA1-V1,intermediate,CA1,1,0.176787,0.010825
52,CA1-V1,intermediate,CA1,2,0.11173,0.011903
52,CA1-V1,intermediate,CA1,3,0.384735,0.011953
52,CA1-V1,intermediate,CA1,4,0.834487,0.017571
52,CA1-V1,intermediate,CA1,5,0.734928,0.115903
52,CA1-V1,intermediate,CA1,6,0.305472,0.016349
52,CA1-V1,intermediate,CA1,7,0.746462,0.007818
52,CA1-V1,intermediate,CA1,8,0.355515,0.038895
52,CA1-V1,intermediate,CA1,9,0.257286,0.012814
52,CA1-V1,intermediate,CA1,10,0.822466,0.032118
52,CA1-V1,intermediate,CA1,11,0.053358,0.003466
52,CA1-V1,intermediate,CA1,12,0.038284,0.002306
52,CA1-V1,intermediate,CA1,13,0.103724,0.006288
52,CA1-V1,intermediate,CA1,14,0.135248,0.008347
52,CA1-V1,intermediate,CA1,15,0.11551,0.007922
52,CA1-V1,intermediate,CA1,16,0.831966,0.054053
52,CA1-V1,intermediate,CA1,17,0.085808,0.006851
52,CA1-V1,intermediate,CA1,18,0.253537,0.02121
52,CA1-V1,intermediate,CA1,19,0.364303,0.020731
52,CA1-V1,intermediate,CA1,20,0.7661,0.036637
52,CA1-V1,intermediate,CA1,21,0.641263,0.071012
52,CA1-V1,intermediate,CA1,22,0.101849,0.007234
52,CA1-V1,intermediate,CA1,23,0.303348,0.03496
52,CA1-V1,intermediate,CA1,24,0.857142,0.011659
52,CA1-V1,intermediate,CA1,25,0.830111,0.050193
52,CA1-V1,intermediate,CA1,26,0.016386,0.001157
52,CA1-V1,intermediate,CA1,27,0.867243,0.011798
52,CA1-V1,intermediate,CA1,28,0.237275,0.033652
52,CA1-V1,intermediate,CA1,29,0.709355,0.040869
52,CA1-V1,intermediate,CA1,30,0.604359,0.024725
52,CA1-V1,intermediate,CA1,31,0.839532,0.011862
52,CA1-V1,intermediate,CA1,32,0.078027,0.005687
52,CA1-V1,intermediate,CA1,33,0.351427,0.02008
52,CA1-V1,intermediate,CA1,34,0.431901,0.017156
52,CA1-V1,intermediate,CA1,35,0.364724,0.02791
52,CA1-V1,intermediate,CA1,36,0.189098,0.011974
52,CA1-V1,intermediate,CA1,37,0.300475,0.016743
52,CA1-V1,intermediate,CA1,38,0.103461,0.007712
52,CA1-V1,intermediate,CA1,39,0.512031,0.018344
52,CA1-V1,intermediate,CA1,40,0.15467,0.019974
52,CA1-V1,intermediate,CA1,41,0.107709,0.009915
52,CA1-V1,intermediate,CA1,42,0.215502,0.017333
52,CA1-V1,intermediate,CA1,43,0.264174,0.021354
52,CA1-V1,intermediate,CA1,44,0.273543,0.010494
52,CA1-V1,intermediate,CA1,45,0.086789,0.007769
52,CA1-V1,intermediate,CA1,46,0.823888,0.031256
52,CA1-V1,intermediate,CA1,47,0.487793,0.04435
52,CA1-V1,intermediate,CA1,48,0.703131,0.070905
52,CA1-V1,intermediate,CA1,49,0.863102,0.040793
52,CA1-V1,intermediate,CA1,50,0.817501,0.047609
52,CA1-V1,intermediate,CA1,51,0.774198,0.020038
52,CA1-V1,intermediate,CA1,52,0.112331,0.010082
52,CA1-V1,intermediate,CA1,53,0.140553,0.00779
52,CA1-V1,intermediate,CA1,54,0.215415,0.020772
52,CA1-V1,intermediate,CA1,55,0.149419,0.007693
52,CA1-V1,intermediate,CA1,56,0.670377,0.013748
52,CA1-V1,intermediate,V1,0,0.28364,0.023876
52,CA1-V1,intermediate,V1,1,0.189345,0.012196
52,CA1-V1,intermediate,V1,2,0.399962,0.014482
52,CA1-V1,intermediate,V1,3,0.857567,0.013121
52,CA1-V1,intermediate,V1,4,0.298855,0.020382
52,CA1-V1,intermediate,V1,5,0.29679,0.016834
52,CA1-V1,intermediate,V1,6,0.427523,0.0129
52,CA1-V1,intermediate,V1,7,0.324689,0.024438
52,CA1-V1,intermediate,V1,8,0.319765,0.015054
52,CA1-V1,intermediate,V1,9,0.694525,0.012735
52,CA1-V1,intermediate,V1,10,0.776171,0.017089
52,CA1-V1,intermediate,V1,11,0.317431,0.023221
52,CA1-V1,intermediate,V1,12,0.386688,0.019839
52,CA1-V1,intermediate,V1,13,0.169655,0.019444
52,CA1-V1,intermediate,V1,14,0.257362,0.010886
52,CA1-V1,intermediate,V1,15,0.455388,0.027215
52,CA1-V1,intermediate,V1,16,0.731869,0.025556
52,CA1-V1,intermediate,V1,17,0.248287,0.023121
52,CA1-V1,intermediate,V1,18,0.247075,0.014262
52,CA1-V1,intermediate,V1,19,0.306117,0.019871
52,CA1-V1,intermediate,V1,20,0.387635,0.032383
52,CA1-V1,intermediate,V1,21,0.232657,0.025775
52,CA1-V1,intermediate,V1,22,0.33534,0.020657
52,CA1-V1,intermediate,V1,23,0.316192,0.029919
52,CA1-V1,intermediate,V1,24,0.022071,0.000985
52,CA1-V1,intermediate,V1,25,0.256499,0.011687
52,CA1-V1,intermediate,V1,26,0.204538,0.008803
52,CA1-V1,intermediate,V1,27,0.263943,0.005932
52,CA1-V1,intermediate,V1,28,0.249594,0.008297
52,CA1-V1,intermediate,V1,29,0.356252,0.009514
52,CA1-V1,intermediate,V1,30,0.240453,0.013228
52,CA1-V1,intermediate,V1,31,0.230157,0.027421
52,CA1-V1,intermediate,V1,32,0.42691,0.021507
52,CA1-V1,intermediate,V1,33,0.257201,0.019171
52,CA1-V1,intermediate,V1,34,0.285209,0.010247
52,CA1-V1,intermediate,V1,35,0.34403,0.033367
52,CA1-V1,intermediate,V1,36,0.333945,0.009069
52,CA1-V1,intermediate,V1,37,0.263916,0.014753
52,CA1-V1,intermediate,V1,38,0.473034,0.041012
52,CA1-V1,intermediate,V1,39,0.427343,0.017607
52,CA1-V1,intermediate,V1,40,0.152643,0.007151
52,CA1-V1,intermediate,V1,41,0.082589,0.004162
52,CA1-V1,intermediate,V1,42,0.052765,0.001763
52,CA1-V1,intermediate,V1,43,0.302425,0.010591
52,CA1-V1,intermediate,V1,44,0.193921,0.011858
52,CA1-V1,intermediate,V1,45,0.270714,0.01716
52,CA1-V1,intermediate,V1,46,0.443714,0.02616
52,CA1-V1,intermediate,V1,47,0.06218,0.004291
52,CA1-V1,intermediate,V1,48,0.169943,0.005893
52,CA1-V1,intermediate,V1,49,0.367586,0.013985
52,CA1-V1,intermediate,V1,50,0.029999,0.001868
52,CA1-V1,intermediate,V1,51,0.214307,0.006914
52,CA1-V1,intermediate,V1,52,0.068168,0.0054
52,CA1-V1,intermediate,V1,53,0.236263,0.017556
52,CA1-V1,intermediate,V1,54,0.830834,0.012862
52,CA1-V1,intermediate,V1,55,0.100603,0.005306
52,CA1-V1,intermediate,V1,56,0.247808,0.028183
52,CA1-V1,intermediate,V1,57,0.404392,0.015215
52,CA1-V1,intermediate,V1,58,0.249028,0.017677
52,CA1-V1,intermediate,V1,59,0.048783,0.003844
52,CA1-V1,intermediate,V1,60,0.073264,0.00494
52,CA1-V1,intermediate,V1,61,0.058725,0.005298
52,CA1-V1,intermediate,V1,62,0.236662,0.017608
52,CA1-V1,intermediate,V1,63,0.454995,0.014759
52,CA1-V1,intermediate,V1,64,0.374714,0.029027
52,CA1-V1,intermediate,V1,65,0.165063,0.010921
52,CA1-V1,intermediate,V1,66,0.201246,0.00559
52,CA1-V1,intermediate,V1,67,0.231058,0.019048
52,CA1-V1,intermediate,V1,68,0.088524,0.00363
52,CA1-V1,intermediate,V1,69,0.124236,0.011439
52,CA1-V1,intermediate,V1,70,0.759975,0.035239
52,CA1-V1,intermediate,V1,71,0.553789,0.012618
52,CA1-V1,intermediate,V1,72,0.332043,0.041202
52,CA1-V1,intermediate,V1,73,0.657906,0.020258
52,CA1-V1,intermediate,V1,74,0.416568,0.012963
52,CA1-V1,intermediate,V1,75,0.773267,0.017186
52,CA1-V1,intermediate,V1,76,0.380107,0.031813
52,CA1-V1,intermediate,V1,77,0.117386,0.0105
52,CA1-V1,intermediate,V1,78,0.430839,0.015307
52,CA1-V1,intermediate,V1,79,0.236303,0.027955
52,CA1-V1,intermediate,V1,80,0.192452,0.021251
52,CA1-V1,intermediate,V1,81,0.300621,0.022371
52,CA1-V1,intermediate,V1,82,0.24997,0.017397
52,CA1-V1,intermediate,V1,83,0.221031,0.018989
52,CA1-V1,intermediate,V1,84,0.226,0.024629
52,CA1-V1,intermediate,V1,85,0.249645,0.020547
52,CA1-V1,intermediate,V1,86,0.31408,0.012109
52,CA1-V1,intermediate,V1,87,0.232793,0.014221
52,CA1-V1,intermediate,V1,88,0.216873,0.019675
52,CA1-V1,intermediate,V1,89,0.22071,0.010251
52,CA1-V1,intermediate,V1,90,0.21426,0.011208
52,CA1-V1,intermediate,V1,91,0.398905,0.020857
52,CA1-V1,intermediate,V1,92,0.404684,0.00889
52,CA1-V1,intermediate,V1,93,0.198705,0.011885
52,CA1-V1,intermediate,V1,94,0.151955,0.00493
52,CA1-V1,intermediate,V1,95,0.225903,0.011122
52,CA1-V1,intermediate,V1,96,0.245766,0.016198
52,CA1-V1,intermediate,V1,97,0.371622,0.019806
52,CA1-V1,intermediate,V1,98,0.320946,0.021531
52,CA1-V1,intermediate,V1,99,0.116928,0.004203
52,CA1-V1,intermediate,V1,100,0.465927,0.017933
52,CA1-V1,intermediate,V1,101,0.530786,0.029502
52,CA1-V1,intermediate,V1,102,0.347921,0.020905
52,CA1-V1,intermediate,V1,103,0.27605,0.006981
52,CA1-V1,intermediate,V1,104,0.078519,0.004883
52,CA1-V1,intermediate,V1,105,0.25325,0.012905
52,CA1-V1,intermediate,V1,106,0.216277,0.013094
52,CA1-V1,intermediate,V1,107,0.30876,0.016941
52,CA1-V1,intermediate,V1,108,0.22421,0.008836
52,CA1-V1,expert,CA1,0,0.254311,0.027992
52,CA1-V1,expert,CA1,1,0.037758,0.006077
52,CA1-V1,expert,CA1,2,0.834318,0.123634
52,CA1-V1,expert,CA1,3,0.096906,0.015841
52,CA1-V1,expert,CA1,4,0.837126,0.109433
52,CA1-V1,expert,CA1,5,0.68399,0.090499
52,CA1-V1,expert,CA1,6,0.072172,0.008847
52,CA1-V1,expert,CA1,7,0.643989,0.06862
52,CA1-V1,expert,CA1,8,0.158837,0.022783
52,CA1-V1,expert,CA1,9,0.470112,0.079893
52,CA1-V1,expert,CA1,10,0.609871,0.081548
52,CA1-V1,expert,CA1,11,0.3076,0.035151
52,CA1-V1,expert,CA1,12,0.024006,0.002627
52,CA1-V1,expert,CA1,13,0.126018,0.013972
52,CA1-V1,expert,CA1,14,0.284007,0.024738
52,CA1-V1,expert,CA1,15,0.182313,0.01152
52,CA1-V1,expert,CA1,16,0.771377,0.132248
52,CA1-V1,expert,CA1,17,0.290116,0.046326
52,CA1-V1,expert,CA1,18,0.823345,0.093498
52,CA1-V1,expert,CA1,19,0.726219,0.122817
52,CA1-V1,expert,CA1,20,0.70176,0.101586
52,CA1-V1,expert,CA1,21,0.27609,0.035756
52,CA1-V1,expert,CA1,22,0.09364,0.008908
52,CA1-V1,expert,CA1,23,0.409222,0.035353
52,CA1-V1,expert,CA1,24,0.03427,0.005186
52,CA1-V1,expert,CA1,25,0.070918,0.008762
52,CA1-V1,expert,CA1,26,0.012707,0.001513
52,CA1-V1,expert,CA1,27,0.061911,0.008616
52,CA1-V1,expert,CA1,28,0.766415,0.104258
52,CA1-V1,expert,CA1,29,0.819418,0.132799
52,CA1-V1,expert,CA1,30,0.54245,0.086793
52,CA1-V1,expert,CA1,31,0.819319,0.144507
52,CA1-V1,expert,CA1,32,0.185336,0.016529
52,CA1-V1,expert,CA1,33,0.249712,0.038364
52,CA1-V1,expert,CA1,34,0.313197,0.037413
52,CA1-V1,expert,CA1,35,0.553934,0.066514
52,CA1-V1,expert,CA1,36,0.195132,0.032448
52,CA1-V1,expert,CA1,37,0.302845,0.034253
52,CA1-V1,expert,CA1,38,0.263893,0.040164
52,CA1-V1,expert,CA1,39,0.3773,0.052353
52,CA1-V1,expert,CA1,40,0.27407,0.049879
52,CA1-V1,expert,CA1,41,0.098085,0.013954
52,CA1-V1,expert,CA1,42,0.089908,0.010922
52,CA1-V1,expert,CA1,43,0.286619,0.058893
52,CA1-V1,expert,CA1,44,0.482787,0.088793
52,CA1-V1,expert,CA1,45,0.845731,0.142585
52,CA1-V1,expert,CA1,46,0.783278,0.078569
52,CA1-V1,expert,CA1,47,0.770284,0.095642
52,CA1-V1,expert,CA1,48,0.494928,0.062173
52,CA1-V1,expert,CA1,49,0.744331,0.111486
52,CA1-V1,expert,CA1,50,0.781102,0.110715
52,CA1-V1,expert,CA1,51,0.484625,0.060459
52,CA1-V1,expert,CA1,52,0.816246,0.120267
52,CA1-V1,expert,CA1,53,0.166514,0.024069
52,CA1-V1,expert,CA1,54,0.048654,0.006979
52,CA1-V1,expert,CA1,55,0.054187,0.004661
52,CA1-V1,expert,CA1,56,0.138579,0.023503
52,CA1-V1,expert,V1,0,0.193763,0.025588
52,CA1-V1,expert,V1,1,0.6584,0.104511
52,CA1-V1,expert,V1,2,0.341053,0.044915
52,CA1-V1,expert,V1,3,0.042705,0.005513
52,CA1-V1,expert,V1,4,0.224111,0.03344
52,CA1-V1,expert,V1,5,0.417645,0.058263
52,CA1-V1,expert,V1,6,0.377072,0.034274
52,CA1-V1,expert,V1,7,0.592957,0.069318
52,CA1-V1,expert,V1,8,0.285525,0.044506
52,CA1-V1,expert,V1,9,0.283503,0.02331
52,CA1-V1,expert,V1,10,0.074379,0.009082
52,CA1-V1,expert,V1,11,0.310803,0.03278
52,CA1-V1,expert,V1,12,0.414034,0.041544
52,CA1-V1,expert,V1,13,0.239522,0.03455
52,CA1-V1,expert,V1,14,0.254496,0.020811
52,CA1-V1,expert,V1,15,0.266754,0.033546
52,CA1-V1,expert,V1,16,0.166665,0.022807
52,CA1-V1,expert,V1,17,0.278163,0.039066
52,CA1-V1,expert,V1,18,0.271318,0.030949
52,CA1-V1,expert,V1,19,0.303462,0.051524
52,CA1-V1,expert,V1,20,0.334687,0.045261
52,CA1-V1,expert,V1,21,0.301309,0.044835
52,CA1-V1,expert,V1,22,0.247218,0.029816
52,CA1-V1,expert,V1,23,0.464531,0.065843
52,CA1-V1,expert,V1,24,0.015583,0.003146
52,CA1-V1,expert,V1,25,0.589461,0.083046
52,CA1-V1,expert,V1,26,0.21683,0.027416
52,CA1-V1,expert,V1,27,0.292451,0.047583
52,CA1-V1,expert,V1,28,0.277888,0.050767
52,CA1-V1,expert,V1,29,0.122909,0.0223
52,CA1-V1,expert,V1,30,0.286364,0.034444
52,CA1-V1,expert,V1,31,0.403809,0.053281
52,CA1-V1,expert,V1,32,0.195867,0.027652
52,CA1-V1,expert,V1,33,0.391916,0.060514
52,CA1-V1,expert,V1,34,0.268531,0.035607
52,CA1-V1,expert,V1,35,0.343152,0.05218
52,CA1-V1,expert,V1,36,0.055127,0.008673
52,CA1-V1,expert,V1,37,0.262334,0.047343
52,CA1-V1,expert,V1,38,0.420404,0.063744
52,CA1-V1,expert,V1,39,0.476873,0.058124
52,CA1-V1,expert,V1,40,0.164888,0.020641
52,CA1-V1,expert,V1,41,0.488553,0.063893
52,CA1-V1,expert,V1,42,0.036269,0.004809
52,CA1-V1,expert,V1,43,0.093904,0.011427
52,CA1-V1,expert,V1,44,0.213833,0.024198
52,CA1-V1,expert,V1,45,0.290161,0.028257
52,CA1-V1,expert,V1,46,0.222908,0.029054
52,CA1-V1,expert,V1,47,0.046352,0.007132
52,CA1-V1,expert,V1,48,0.094168,0.012553
52,CA1-V1,expert,V1,49,0.417621,0.057572
52,CA1-V1,expert,V1,50,0.449236,0.051579
52,CA1-V1,expert,V1,51,0.356941,0.047369
52,CA1-V1,expert,V1,52,0.073613,0.012745
52,CA1-V1,expert,V1,53,0.039475,0.003694
52,CA1-V1,expert,V1,54,0.010882,0.001653
52,CA1-V1,expert,V1,55,0.133286,0.021278
52,CA1-V1,expert,V1,56,0.235913,0.043434
52,CA1-V1,expert,V1,57,0.149693,0.0191
52,CA1-V1,expert,V1,58,0.155346,0.024703
52,CA1-V1,expert,V1,59,0.016293,0.00284
52,CA1-V1,expert,V1,60,0.79822,0.128907
52,CA1-V1,expert,V1,61,0.066896,0.00905
52,CA1-V1,expert,V1,62,0.216613,0.029878
52,CA1-V1,expert,V1,63,0.786368,0.12174
52,CA1-V1,expert,V1,64,0.346474,0.048645
52,CA1-V1,expert,V1,65,0.616636,0.099527
52,CA1-V1,expert,V1,66,0.13082,0.016496
52,CA1-V1,expert,V1,67,0.517964,0.05413
52,CA1-V1,expert,V1,68,0.078157,0.011244
52,CA1-V1,expert,V1,69,0.629866,0.079727
52,CA1-V1,expert,V1,70,0.090613,0.010528
52,CA1-V1,expert,V1,71,0.115012,0.017357
52,CA1-V1,expert,V1,72,0.708086,0.096614
52,CA1-V1,expert,V1,73,0.069033,0.008941
52,CA1-V1,expert,V1,74,0.498787,0.07305
52,CA1-V1,expert,V1,75,0.090854,0.013403
52,CA1-V1,expert,V1,76,0.393227,0.06173
52,CA1-V1,expert,V1,77,0.178443,0.022367
52,CA1-V1,expert,V1,78,0.102537,0.014048
52,CA1-V1,expert,V1,79,0.223776,0.036192
52,CA1-V1,expert,V1,80,0.170408,0.025863
52,CA1-V1,expert,V1,81,0.30348,0.039765
52,CA1-V1,expert,V1,82,0.255689,0.042355
52,CA1-V1,expert,V1,83,0.201206,0.027196
52,CA1-V1,expert,V1,84,0.224073,0.042364
52,CA1-V1,expert,V1,85,0.274993,0.046814
52,CA1-V1,expert,V1,86,0.243889,0.031946
52,CA1-V1,expert,V1,87,0.364997,0.037099
52,CA1-V1,expert,V1,88,0.287808,0.051331
52,CA1-V1,expert,V1,89,0.259799,0.040481
52,CA1-V1,expert,V1,90,0.490491,0.053708
52,CA1-V1,expert,V1,91,0.204204,0.018298
52,CA1-V1,expert,V1,92,0.334105,0.053429
52,CA1-V1,expert,V1,93,0.173521,0.023321
52,CA1-V1,expert,V1,94,0.178572,0.030503
52,CA1-V1,expert,V1,95,0.248311,0.028837
52,CA1-V1,expert,V1,96,0.5429,0.076783
52,CA1-V1,expert,V1,97,0.364577,0.030916
52,CA1-V1,expert,V1,98,0.198227,0.029688
52,CA1-V1,expert,V1,99,0.141164,0.018112
52,CA1-V1,expert,V1,100,0.189477,0.021811
52,CA1-V1,expert,V1,101,0.111864,0.019921
52,CA1-V1,expert,V1,102,0.662941,0.107398
52,CA1-V1,expert,V1,103,0.107428,0.016244
52,CA1-V1,expert,V1,104,0.796549,0.119619
52,CA1-V1,expert,V1,105,0.735028,0.075128
52,CA1-V1,expert,V1,106,0.214977,0.029417
52,CA1-V1,expert,V1,107,0.554478,0.072694
52,CA1-V1,expert,V1,108,0.086479,0.012096
52,CA3-DG,naive,CA3,0,0.18163,0.063021
52,CA3-DG,naive,CA3,1,0.051135,0.020406
52,CA3-DG,naive,CA3,2,0.38762,0.13823
52,CA3-DG,naive,CA3,3,0.230224,0.040646
52,CA3-DG,naive,CA3,4,0.098267,0.024922
52,CA3-DG,naive,CA3,5,0.245143,0.078361
52,CA3-DG,naive,CA3,6,0.329475,0.162349
52,CA3-DG,naive,CA3,7,0.315461,0.107094
52,CA3-DG,naive,CA3,8,0.041459,0.008771
52,CA3-DG,naive,CA3,9,0.795657,0.148364
52,CA3-DG,naive,CA3,10,0.855117,0.143885
52,CA3-DG,naive,CA3,11,0.145554,0.035774
52,CA3-DG,naive,CA3,12,0.891559,0.150017
52,CA3-DG,naive,CA3,13,0.617483,0.110768
52,CA3-DG,naive,CA3,14,0.040198,0.010892
52,CA3-DG,naive,CA3,15,0.028773,0.008327
52,CA3-DG,naive,CA3,16,0.091133,0.034808
52,CA3-DG,naive,CA3,17,0.325458,0.152557
52,CA3-DG,naive,CA3,18,0.40711,0.119627
52,CA3-DG,naive,CA3,19,0.6696,0.119353
52,CA3-DG,naive,CA3,20,0.808894,0.148452
52,CA3-DG,naive,CA3,21,0.699087,0.083938
52,CA3-DG,naive,CA3,22,0.417861,0.119731
52,CA3-DG,naive,CA3,23,0.167811,0.047181
52,CA3-DG,naive,CA3,24,0.35273,0.063139
52,CA3-DG,naive,CA3,25,0.02305,0.005722
52,CA3-DG,naive,CA3,26,0.010809,0.001984
52,CA3-DG,naive,CA3,27,0.015533,0.004482
52,CA3-DG,naive,CA3,28,0.149417,0.040684
52,CA3-DG,naive,CA3,29,0.048387,0.014269
52,CA3-DG,naive,CA3,30,0.035053,0.007511
52,CA3-DG,naive,CA3,31,0.028122,0.005469
52,CA3-DG,naive,CA3,32,0.357662,0.126029
52,CA3-DG,naive,CA3,33,0.375477,0.160293
52,CA3-DG,naive,CA3,34,0.25741,0.076461
52,CA3-DG,naive,CA3,35,0.301564,0.083756
52,CA3-DG,naive,CA3,36,0.301554,0.10621
52,CA3-DG,naive,CA3,37,0.384744,0.127722
52,CA3-DG,naive,CA3,38,0.356172,0.126324
52,CA3-DG,naive,CA3,39,0.381218,0.144078
52,CA3-DG,naive,CA3,40,0.401291,0.133979
52,CA3-DG,naive,CA3,41,0.475184,0.217729
52,CA3-DG,naive,CA3,42,0.231686,0.110278
52,CA3-DG,naive,CA3,43,0.797708,0.260886
52,CA3-DG,naive,CA3,44,0.372135,0.116398
52,CA3-DG,naive,CA3,45,0.760772,0.193027
52,CA3-DG,naive,CA3,46,0.864491,0.20742
52,CA3-DG,naive,CA3,47,0.389256,0.135998
52,CA3-DG,naive,CA3,48,0.325319,0.116557
52,CA3-DG,naive,CA3,49,0.817035,0.17902
52,CA3-DG,naive,CA3,50,0.459005,0.115792
52,CA3-DG,naive,CA3,51,0.876099,0.177537
52,CA3-DG,naive,CA3,52,0.833141,0.137243
52,CA3-DG,naive,CA3,53,0.219297,0.057693
52,CA3-DG,naive,CA3,54,0.899783,0.123015
52,CA3-DG,naive,CA3,55,0.055985,0.011078
52,CA3-DG,naive,CA3,56,0.783398,0.131859
52,CA3-DG,naive,CA3,57,0.026436,0.006691
52,CA3-DG,naive,CA3,58,0.112151,0.04037
52,CA3-DG,naive,CA3,59,0.702764,0.109485
52,CA3-DG,naive,CA3,60,0.266628,0.111367
52,CA3-DG,naive,DG,0,0.058908,0.018182
52,CA3-DG,naive,DG,1,0.898192,0.19029
52,CA3-DG,naive,DG,2,0.021768,0.006581
52,CA3-DG,naive,DG,3,0.359524,0.087675
52,CA3-DG,naive,DG,4,0.871904,0.209088
52,CA3-DG,naive,DG,5,0.487179,0.194132
52,CA3-DG,naive,DG,6,0.956606,0.187481
52,CA3-DG,naive,DG,7,0.822558,0.132472
52,CA3-DG,naive,DG,8,0.731994,0.200219
52,CA3-DG,naive,DG,9,0.494219,0.234558
52,CA3-DG,naive,DG,10,0.469278,0.201788
52,CA3-DG,naive,DG,11,0.481144,0.144926
52,CA3-DG,naive,DG,12,0.603103,0.223529
52,CA3-DG,naive,DG,13,0.649626,0.125734
52,CA3-DG,naive,DG,14,0.90883,0.157186
52,CA3-DG,naive,DG,15,0.510623,0.234011
52,CA3-DG,naive,DG,16,0.909186,0.13009
52,CA3-DG,naive,DG,17,0.091238,0.030658
52,CA3-DG,naive,DG,18,0.533063,0.246011
52,CA3-DG,naive,DG,19,0.805647,0.228588
52,CA3-DG,naive,DG,20,0.294962,0.10156
52,CA3-DG,naive,DG,21,0.840963,0.269091
52,CA3-DG,naive,DG,22,0.940596,0.188615
52,CA3-DG,naive,DG,23,0.990742,0.186713
52,CA3-DG,naive,DG,24,0.920164,0.18818
52,CA3-DG,naive,DG,25,0.806784,0.132891
52,CA3-DG,naive,DG,26,0.820914,0.130228
52,CA3-DG,naive,DG,27,0.913655,0.219029
52,CA3-DG,naive,DG,28,0.246103,0.061405
52,CA3-DG,naive,DG,29,0.051807,0.016153
52,CA3-DG,naive,DG,30,0.901754,0.167072
52,CA3-DG,naive,DG,31,0.776316,0.138561
52,CA3-DG,naive,DG,32,0.917958,0.250467
52,CA3-DG,intermediate,CA3,0,0.750825,0.064366
52,CA3-DG,intermediate,CA3,1,0.20068,0.036419
52,CA3-DG,intermediate,CA3,2,0.449723,0.101517
52,CA3-DG,intermediate,CA3,3,0.819529,0.027539
52,CA3-DG,intermediate,CA3,4,0.130385,0.011668
52,CA3-DG,intermediate,CA3,5,0.303861,0.060937
52,CA3-DG,intermediate,CA3,6,0.281185,0.121149
52,CA3-DG,intermediate,CA3,7,0.337744,0.09118
52,CA3-DG,intermediate,CA3,8,0.047693,0.007423
52,CA3-DG,intermediate,CA3,9,0.707442,0.017112
52,CA3-DG,intermediate,CA3,10,0.065692,0.013253
52,CA3-DG,intermediate,CA3,11,0.812981,0.031215
52,CA3-DG,intermediate,CA3,12,0.018311,0.002942
52,CA3-DG,intermediate,CA3,13,0.088433,0.017128
52,CA3-DG,intermediate,CA3,14,0.039908,0.00825
52,CA3-DG,intermediate,CA3,15,0.034217,0.008168
52,CA3-DG,intermediate,CA3,16,0.087226,0.020949
52,CA3-DG,intermediate,CA3,17,0.324116,0.12671
52,CA3-DG,intermediate,CA3,18,0.858962,0.1332
52,CA3-DG,intermediate,CA3,19,0.094599,0.01132
52,CA3-DG,intermediate,CA3,20,0.820206,0.085487
52,CA3-DG,intermediate,CA3,21,0.775879,0.030041
52,CA3-DG,intermediate,CA3,22,0.787963,0.034225
52,CA3-DG,intermediate,CA3,23,0.238899,0.024111
52,CA3-DG,intermediate,CA3,24,0.683583,0.016425
52,CA3-DG,intermediate,CA3,25,0.702746,0.027137
52,CA3-DG,intermediate,CA3,26,0.021408,0.003662
52,CA3-DG,intermediate,CA3,27,0.025977,0.005876
52,CA3-DG,intermediate,CA3,28,0.819248,0.089876
52,CA3-DG,intermediate,CA3,29,0.084398,0.016601
52,CA3-DG,intermediate,CA3,30,0.136422,0.016322
52,CA3-DG,intermediate,CA3,31,0.345127,0.020963
52,CA3-DG,intermediate,CA3,32,0.397604,0.100322
52,CA3-DG,intermediate,CA3,33,0.329486,0.112623
52,CA3-DG,intermediate,CA3,34,0.297171,0.067324
52,CA3-DG,intermediate,CA3,35,0.248148,0.052827
52,CA3-DG,intermediate,CA3,36,0.289742,0.079233
52,CA3-DG,intermediate,CA3,37,0.480826,0.12473
52,CA3-DG,intermediate,CA3,38,0.335716,0.082348
52,CA3-DG,intermediate,CA3,39,0.321841,0.097344
52,CA3-DG,intermediate,CA3,40,0.376398,0.099147
52,CA3-DG,intermediate,CA3,41,0.457044,0.162298
52,CA3-DG,intermediate,CA3,42,0.275166,0.103604
52,CA3-DG,intermediate,CA3,43,0.435257,0.104753
52,CA3-DG,intermediate,CA3,44,0.285295,0.093516
52,CA3-DG,intermediate,CA3,45,0.449159,0.110218
52,CA3-DG,intermediate,CA3,46,0.301832,0.065902
52,CA3-DG,intermediate,CA3,47,0.377756,0.091369
52,CA3-DG,intermediate,CA3,48,0.3765,0.084442
52,CA3-DG,intermediate,CA3,49,0.318725,0.058716
52,CA3-DG,intermediate,CA3,50,0.582017,0.137176
52,CA3-DG,intermediate,CA3,51,0.854846,0.058037
52,CA3-DG,intermediate,CA3,52,0.161346,0.022661
52,CA3-DG,intermediate,CA3,53,0.161812,0.02843
52,CA3-DG,intermediate,CA3,54,0.374733,0.077534
52,CA3-DG,intermediate,CA3,55,0.843671,0.062447
52,CA3-DG,intermediate,CA3,56,0.785522,0.046721
52,CA3-DG,intermediate,CA3,57,0.035178,0.007639
52,CA3-DG,intermediate,CA3,58,0.750014,0.035227
52,CA3-DG,intermediate,CA3,59,0.020397,0.004185
52,CA3-DG,intermediate,CA3,60,0.344718,0.0933
52,CA3-DG,intermediate,DG,0,0.367189,0.02989
52,CA3-DG,intermediate,DG,1,0.756789,0.100489
52,CA3-DG,intermediate,DG,2,0.145543,0.011367
52,CA3-DG,intermediate,DG,3,0.771536,0.05732
52,CA3-DG,intermediate,DG,4,0.942654,0.099674
52,CA3-DG,intermediate,DG,5,0.479502,0.161745
52,CA3-DG,intermediate,DG,6,0.025225,0.00357
52,CA3-DG,intermediate,DG,7,0.909051,0.029777
52,CA3-DG,intermediate,DG,8,0.641764,0.136336
52,CA3-DG,intermediate,DG,9,0.475857,0.180169
52,CA3-DG,intermediate,DG,10,0.478961,0.160574
52,CA3-DG,intermediate,DG,11,0.914953,0.084025
52,CA3-DG,intermediate,DG,12,0.606327,0.169304
52,CA3-DG,intermediate,DG,13,0.826329,0.0262
52,CA3-DG,intermediate,DG,14,0.895608,0.08585
52,CA3-DG,intermediate,DG,15,0.472212,0.165424
52,CA3-DG,intermediate,DG,16,0.886499,0.057732
52,CA3-DG,intermediate,DG,17,0.9607,0.036483
52,CA3-DG,intermediate,DG,18,0.4865,0.181133
52,CA3-DG,intermediate,DG,19,0.796336,0.194632
52,CA3-DG,intermediate,DG,20,0.954655,0.068273
52,CA3-DG,intermediate,DG,21,0.690585,0.195806
52,CA3-DG,intermediate,DG,22,0.509114,0.062399
52,CA3-DG,intermediate,DG,23,0.969618,0.10901
52,CA3-DG,intermediate,DG,24,0.477038,0.129723
52,CA3-DG,intermediate,DG,25,0.715128,0.048681
52,CA3-DG,intermediate,DG,26,0.905099,0.055092
52,CA3-DG,intermediate,DG,27,0.2053,0.027436
52,CA3-DG,intermediate,DG,28,0.265148,0.033481
52,CA3-DG,intermediate,DG,29,0.729736,0.025811
52,CA3-DG,intermediate,DG,30,0.938863,0.04852
52,CA3-DG,intermediate,DG,31,0.7875,0.092798
52,CA3-DG,intermediate,DG,32,0.959954,0.146836
52,CA3-DG,expert,CA3,0,0.078952,0.035232
52,CA3-DG,expert,CA3,1,0.045855,0.017984
52,CA3-DG,expert,CA3,2,0.418612,0.131401
52,CA3-DG,expert,CA3,3,0.7582,0.067495
52,CA3-DG,expert,CA3,4,0.868964,0.104058
52,CA3-DG,expert,CA3,5,0.345089,0.127996
52,CA3-DG,expert,CA3,6,0.313273,0.183845
52,CA3-DG,expert,CA3,7,0.366537,0.098378
52,CA3-DG,expert,CA3,8,0.747437,0.071678
52,CA3-DG,expert,CA3,9,0.020842,0.004191
52,CA3-DG,expert,CA3,10,0.028704,0.007465
52,CA3-DG,expert,CA3,11,0.062066,0.018548
52,CA3-DG,expert,CA3,12,0.74928,0.166525
52,CA3-DG,expert,CA3,13,0.036335,0.011781
52,CA3-DG,expert,CA3,14,0.654848,0.072916
52,CA3-DG,expert,CA3,15,0.821718,0.097908
52,CA3-DG,expert,CA3,16,0.68966,0.13354
52,CA3-DG,expert,CA3,17,0.31768,0.171262
52,CA3-DG,expert,CA3,18,0.041924,0.019306
52,CA3-DG,expert,CA3,19,0.727687,0.054982
52,CA3-DG,expert,CA3,20,0.012178,0.003346
52,CA3-DG,expert,CA3,21,0.103975,0.030716
52,CA3-DG,expert,CA3,22,0.052433,0.011479
52,CA3-DG,expert,CA3,23,0.07836,0.023694
52,CA3-DG,expert,CA3,24,0.131615,0.037919
52,CA3-DG,expert,CA3,25,0.753686,0.084909
52,CA3-DG,expert,CA3,26,0.501285,0.03386
52,CA3-DG,expert,CA3,27,0.856802,0.189338
52,CA3-DG,expert,CA3,28,0.687574,0.201862
52,CA3-DG,expert,CA3,29,0.076262,0.012636
52,CA3-DG,expert,CA3,30,0.625761,0.170879
52,CA3-DG,expert,CA3,31,0.009238,0.002651
52,CA3-DG,expert,CA3,32,0.376375,0.176068
52,CA3-DG,expert,CA3,33,0.317969,0.172454
52,CA3-DG,expert,CA3,34,0.263196,0.119704
52,CA3-DG,expert,CA3,35,0.21321,0.092221
52,CA3-DG,expert,CA3,36,0.332289,0.136602
52,CA3-DG,expert,CA3,37,0.358693,0.131825
52,CA3-DG,expert,CA3,38,0.333043,0.1427
52,CA3-DG,expert,CA3,39,0.318632,0.113947
52,CA3-DG,expert,CA3,40,0.438427,0.143087
52,CA3-DG,expert,CA3,41,0.394258,0.201449
52,CA3-DG,expert,CA3,42,0.321148,0.165758
52,CA3-DG,expert,CA3,43,0.109386,0.046861
52,CA3-DG,expert,CA3,44,0.304052,0.12045
52,CA3-DG,expert,CA3,45,0.295788,0.115348
52,CA3-DG,expert,CA3,46,0.167273,0.059889
52,CA3-DG,expert,CA3,47,0.355132,0.112001
52,CA3-DG,expert,CA3,48,0.377033,0.125933
52,CA3-DG,expert,CA3,49,0.346556,0.11258
52,CA3-DG,expert,CA3,50,0.356458,0.128304
52,CA3-DG,expert,CA3,51,0.110193,0.048473
52,CA3-DG,expert,CA3,52,0.323997,0.099949
52,CA3-DG,expert,CA3,53,0.775133,0.118807
52,CA3-DG,expert,CA3,54,0.085922,0.027404
52,CA3-DG,expert,CA3,55,0.049014,0.014501
52,CA3-DG,expert,CA3,56,0.796536,0.100919
52,CA3-DG,expert,CA3,57,0.061389,0.014318
52,CA3-DG,expert,CA3,58,0.809846,0.086115
52,CA3-DG,expert,CA3,59,0.019169,0.003831
52,CA3-DG,expert,CA3,60,0.582365,0.162008
52,CA3-DG,expert,DG,0,0.60994,0.094089
52,CA3-DG,expert,DG,1,0.923823,0.165579
52,CA3-DG,expert,DG,2,0.127343,0.01323
52,CA3-DG,expert,DG,3,0.466042,0.052912
52,CA3-DG,expert,DG,4,0.773504,0.136739
52,CA3-DG,expert,DG,5,0.446826,0.201221
52,CA3-DG,expert,DG,6,0.16863,0.021298
52,CA3-DG,expert,DG,7,0.943082,0.190607
52,CA3-DG,expert,DG,8,0.549386,0.171519
52,CA3-DG,expert,DG,9,0.483918,0.261083
52,CA3-DG,expert,DG,10,0.46419,0.227496
52,CA3-DG,expert,DG,11,0.927778,0.150903
52,CA3-DG,expert,DG,12,0.757713,0.205661
52,CA3-DG,expert,DG,13,0.042035,0.009747
52,CA3-DG,expert,DG,14,0.909103,0.182669
52,CA3-DG,expert,DG,15,0.461158,0.232688
52,CA3-DG,expert,DG,16,0.902718,0.135997
52,CA3-DG,expert,DG,17,0.884472,0.151546
52,CA3-DG,expert,DG,18,0.459647,0.250437
52,CA3-DG,expert,DG,19,0.827428,0.298804
52,CA3-DG,expert,DG,20,0.958119,0.172999
52,CA3-DG,expert,DG,21,0.745686,0.187097
52,CA3-DG,expert,DG,22,0.392573,0.040571
52,CA3-DG,expert,DG,23,1.002441,0.220235
52,CA3-DG,expert,DG,24,0.865961,0.218296
52,CA3-DG,expert,DG,25,0.500081,0.075367
52,CA3-DG,expert,DG,26,0.978304,0.176729
52,CA3-DG,expert,DG,27,0.788669,0.082689
52,CA3-DG,expert,DG,28,0.743895,0.162681
52,CA3-DG,expert,DG,29,0.713819,0.141311
52,CA3-DG,expert,DG,30,0.850704,0.102148
52,CA3-DG,expert,DG,31,0.332458,0.033263
52,CA3-DG,expert,DG,32,0.388056,0.088245
52,V1-RSC,naive,V1,0,0.084511,0.007716
52,V1-RSC,naive,V1,1,0.258222,0.041139
52,V1-RSC,naive,V1,2,0.313354,0.021919
52,V1-RSC,naive,V1,3,0.295446,0.054614
52,V1-RSC,naive,V1,4,0.117177,0.015721
52,V1-RSC,naive,V1,5,0.14966,0.025342
52,V1-RSC,naive,V1,6,0.309037,0.012271
52,V1-RSC,naive,V1,7,0.192134,0.027167
52,V1-RSC,naive,V1,8,0.154862,0.02447
52,V1-RSC,naive,V1,9,0.056679,0.010819
52,V1-RSC,naive,V1,10,0.060494,0.010962
52,V1-RSC,naive,V1,11,0.161081,0.025667
52,V1-RSC,naive,V1,12,0.325455,0.014599
52,V1-RSC,naive,V1,13,0.16249,0.024273
52,V1-RSC,naive,V1,14,0.107297,0.008927
52,V1-RSC,naive,V1,15,0.202137,0.005601
52,V1-RSC,naive,V1,16,0.097402,0.020273
52,V1-RSC,naive,V1,17,0.284792,0.054728
52,V1-RSC,naive,V1,18,0.117153,0.016106
52,V1-RSC,naive,V1,19,0.119438,0.016423
52,V1-RSC,naive,V1,20,0.241518,0.045393
52,V1-RSC,naive,V1,21,0.125527,0.014821
52,V1-RSC,naive,V1,22,0.344442,0.033835
52,V1-RSC,naive,V1,23,0.228066,0.026708
52,V1-RSC,naive,V1,24,0.033157,0.005496
52,V1-RSC,naive,V1,25,0.147133,0.023289
52,V1-RSC,naive,V1,26,0.103285,0.016165
52,V1-RSC,naive,V1,27,0.156771,0.013261
52,V1-RSC,naive,V1,28,0.160664,0.017752
52,V1-RSC,naive,V1,29,0.273201,0.044481
52,V1-RSC,naive,V1,30,0.172987,0.022669
52,V1-RSC,naive,V1,31,0.282208,0.0595
52,V1-RSC,naive,V1,32,0.162261,0.027278
52,V1-RSC,naive,V1,33,0.36931,0.060048
52,V1-RSC,naive,V1,34,0.180028,0.026021
52,V1-RSC,naive,V1,35,0.284827,0.062602
52,V1-RSC,naive,V1,36,0.064208,0.010175
52,V1-RSC,naive,V1,37,0.218253,0.025887
52,V1-RSC,naive,V1,38,0.18805,0.031966
52,V1-RSC,naive,V1,39,0.183896,0.017258
52,V1-RSC,naive,V1,40,0.102263,0.021312
52,V1-RSC,naive,V1,41,0.295208,0.046447
52,V1-RSC,naive,V1,42,0.054357,0.008449
52,V1-RSC,naive,V1,43,0.328818,0.037484
52,V1-RSC,naive,V1,44,0.146363,0.023728
52,V1-RSC,naive,V1,45,0.28434,0.040785
52,V1-RSC,naive,V1,46,0.195367,0.019054
52,V1-RSC,naive,V1,47,0.146464,0.02396
52,V1-RSC,naive,V1,48,0.501261,0.033159
52,V1-RSC,naive,V1,49,0.144989,0.020378
52,V1-RSC,naive,V1,50,0.053152,0.00711
52,V1-RSC,naive,V1,51,0.09747,0.01027
52,V1-RSC,naive,V1,52,0.481829,0.021981
52,V1-RSC,naive,V1,53,0.149046,0.015857
52,V1-RSC,naive,V1,54,0.416493,0.036461
52,V1-RSC,naive,V1,55,0.127031,0.013271
52,V1-RSC,naive,V1,56,0.157042,0.032827
52,V1-RSC,naive,V1,57,0.083361,0.017658
52,V1-RSC,naive,V1,58,0.490059,0.060613
52,V1-RSC,naive,V1,59,0.130006,0.014213
52,V1-RSC,naive,V1,60,0.035021,0.005629
52,V1-RSC,naive,V1,61,0.129408,0.02505
52,V1-RSC,naive,V1,62,0.162717,0.030351
52,V1-RSC,naive,V1,63,0.139664,0.025155
52,V1-RSC,naive,V1,64,0.237063,0.046269
52,V1-RSC,naive,V1,65,0.162397,0.019237
52,V1-RSC,naive,V1,66,0.049164,0.00881
52,V1-RSC,naive,V1,67,0.116601,0.017362
52,V1-RSC,naive,V1,68,0.125768,0.012539
52,V1-RSC,naive,V1,69,0.071632,0.010437
52,V1-RSC,naive,V1,70,0.055286,0.007939
52,V1-RSC,naive,V1,71,0.03476,0.004521
52,V1-RSC,naive,V1,72,0.104374,0.019949
52,V1-RSC,naive,V1,73,0.057706,0.012561
52,V1-RSC,naive,V1,74,0.117405,0.022469
52,V1-RSC,naive,V1,75,0.284636,0.024272
52,V1-RSC,naive,V1,76,0.143276,0.016464
52,V1-RSC,naive,V1,77,0.487231,0.080453
52,V1-RSC,naive,V1,78,0.155109,0.021107
52,V1-RSC,naive,V1,79,0.200697,0.022636
52,V1-RSC,naive,V1,80,0.150955,0.013662
52,V1-RSC,naive,V1,81,0.167638,0.02361
52,V1-RSC,naive,V1,82,0.167102,0.0128
52,V1-RSC,naive,V1,83,0.152991,0.028965
52,V1-RSC,naive,V1,84,0.173116,0.020601
52,V1-RSC,naive,V1,85,0.212716,0.043011
52,V1-RSC,naive,V1,86,0.15848,0.015149
52,V1-RSC,naive,V1,87,0.167724,0.027657
52,V1-RSC,naive,V1,88,0.146677,0.017375
52,V1-RSC,naive,V1,89,0.114719,0.008404
52,V1-RSC,naive,V1,90,0.128975,0.018058
52,V1-RSC,naive,V1,91,0.168923,0.009317
52,V1-RSC,naive,V1,92,0.199995,0.022528
52,V1-RSC,naive,V1,93,0.416737,0.06418
52,V1-RSC,naive,V1,94,0.081248,0.00834
52,V1-RSC,naive,V1,95,0.31923,0.055239
52,V1-RSC,naive,V1,96,0.14483,0.013816
52,V1-RSC,naive,V1,97,0.241721,0.032937
52,V1-RSC,naive,V1,98,0.192077,0.015164
52,V1-RSC,naive,V1,99,0.115309,0.016948
52,V1-RSC,naive,V1,100,0.239857,0.040115
52,V1-RSC,naive,V1,101,0.069243,0.008768
52,V1-RSC,naive,V1,102,0.16425,0.027334
52,V1-RSC,naive,V1,103,0.180509,0.032536
52,V1-RSC,naive,V1,104,0.053511,0.00976
52,V1-RSC,naive,V1,105,0.163634,0.030657
52,V1-RSC,naive,V1,106,0.12565,0.016963
52,V1-RSC,naive,V1,107,0.555997,0.073586
52,V1-RSC,naive,V1,108,0.3274,0.035759
52,V1-RSC,naive,RSC,0,1.086758,0.203279
52,V1-RSC,naive,RSC,1,1.014547,0.124185
52,V1-RSC,naive,RSC,2,0.968035,0.12225
52,V1-RSC,naive,RSC,3,1.020454,0.173073
52,V1-RSC,naive,RSC,4,1.17948,0.072947
52,V1-RSC,naive,RSC,5,1.059385,0.070155
52,V1-RSC,naive,RSC,6,0.930564,0.180061
52,V1-RSC,naive,RSC,7,0.95783,0.097448
52,V1-RSC,naive,RSC,8,1.520305,0.206445
52,V1-RSC,naive,RSC,9,1.046095,0.133421
52,V1-RSC,intermediate,V1,0,0.197225,0.006876
52,V1-RSC,intermediate,V1,1,0.163569,0.006838
52,V1-RSC,intermediate,V1,2,0.34819,0.025533
52,V1-RSC,intermediate,V1,3,0.41325,0.010002
52,V1-RSC,intermediate,V1,4,0.222762,0.017114
52,V1-RSC,intermediate,V1,5,0.228201,0.016162
52,V1-RSC,intermediate,V1,6,0.378126,0.025154
52,V1-RSC,intermediate,V1,7,0.270532,0.013368
52,V1-RSC,intermediate,V1,8,0.243467,0.021224
52,V1-RSC,intermediate,V1,9,0.361998,0.014874
52,V1-RSC,intermediate,V1,10,0.541835,0.017347
52,V1-RSC,intermediate,V1,11,0.193119,0.007038
52,V1-RSC,intermediate,V1,12,0.363644,0.020462
52,V1-RSC,intermediate,V1,13,0.144626,0.019642
52,V1-RSC,intermediate,V1,14,0.158998,0.016933
52,V1-RSC,intermediate,V1,15,0.294147,0.011256
52,V1-RSC,intermediate,V1,16,0.365809,0.014679
52,V1-RSC,intermediate,V1,17,0.202205,0.015114
52,V1-RSC,intermediate,V1,18,0.172245,0.00923
52,V1-RSC,intermediate,V1,19,0.2274,0.012986
52,V1-RSC,intermediate,V1,20,0.35424,0.022568
52,V1-RSC,intermediate,V1,21,0.206283,0.012521
52,V1-RSC,intermediate,V1,22,0.263345,0.012101
52,V1-RSC,intermediate,V1,23,0.240706,0.01934
52,V1-RSC,intermediate,V1,24,0.014434,0.000721
52,V1-RSC,intermediate,V1,25,0.186154,0.010116
52,V1-RSC,intermediate,V1,26,0.121205,0.005325
52,V1-RSC,intermediate,V1,27,0.180001,0.015516
52,V1-RSC,intermediate,V1,28,0.197152,0.016722
52,V1-RSC,intermediate,V1,29,0.259527,0.010632
52,V1-RSC,intermediate,V1,30,0.144209,0.008962
52,V1-RSC,intermediate,V1,31,0.205058,0.00612
52,V1-RSC,intermediate,V1,32,0.266963,0.014934
52,V1-RSC,intermediate,V1,33,0.227434,0.016578
52,V1-RSC,intermediate,V1,34,0.224735,0.010983
52,V1-RSC,intermediate,V1,35,0.316347,0.022747
52,V1-RSC,intermediate,V1,36,0.253488,0.007307
52,V1-RSC,intermediate,V1,37,0.22276,0.014412
52,V1-RSC,intermediate,V1,38,0.340778,0.009994
52,V1-RSC,intermediate,V1,39,0.161341,0.010618
52,V1-RSC,intermediate,V1,40,0.093256,0.005597
52,V1-RSC,intermediate,V1,41,0.069558,0.004282
52,V1-RSC,intermediate,V1,42,0.028169,0.000995
52,V1-RSC,intermediate,V1,43,0.211185,0.005362
52,V1-RSC,intermediate,V1,44,0.12951,0.007305
52,V1-RSC,intermediate,V1,45,0.198437,0.011825
52,V1-RSC,intermediate,V1,46,0.322963,0.020116
52,V1-RSC,intermediate,V1,47,0.051704,0.003874
52,V1-RSC,intermediate,V1,48,0.125163,0.008012
52,V1-RSC,intermediate,V1,49,0.288487,0.01187
52,V1-RSC,intermediate,V1,50,0.023363,0.001947
52,V1-RSC,intermediate,V1,51,0.136737,0.002353
52,V1-RSC,intermediate,V1,52,0.045701,0.003337
52,V1-RSC,intermediate,V1,53,0.13789,0.005586
52,V1-RSC,intermediate,V1,54,0.489914,0.008971
52,V1-RSC,intermediate,V1,55,0.066327,0.002942
52,V1-RSC,intermediate,V1,56,0.200815,0.020978
52,V1-RSC,intermediate,V1,57,0.198763,0.013486
52,V1-RSC,intermediate,V1,58,0.213015,0.014945
52,V1-RSC,intermediate,V1,59,0.035172,0.001307
52,V1-RSC,intermediate,V1,60,0.059138,0.004663
52,V1-RSC,intermediate,V1,61,0.047083,0.004447
52,V1-RSC,intermediate,V1,62,0.199218,0.017885
52,V1-RSC,intermediate,V1,63,0.359425,0.009355
52,V1-RSC,intermediate,V1,64,0.308507,0.018681
52,V1-RSC,intermediate,V1,65,0.135904,0.010975
52,V1-RSC,intermediate,V1,66,0.134079,0.006285
52,V1-RSC,intermediate,V1,67,0.177043,0.016353
52,V1-RSC,intermediate,V1,68,0.054769,0.002796
52,V1-RSC,intermediate,V1,69,0.098019,0.006216
52,V1-RSC,intermediate,V1,70,0.316463,0.018302
52,V1-RSC,intermediate,V1,71,0.371897,0.01548
52,V1-RSC,intermediate,V1,72,0.246608,0.009118
52,V1-RSC,intermediate,V1,73,0.290952,0.028553
52,V1-RSC,intermediate,V1,74,0.308812,0.017647
52,V1-RSC,intermediate,V1,75,0.463809,0.013631
52,V1-RSC,intermediate,V1,76,0.255665,0.024579
52,V1-RSC,intermediate,V1,77,0.077216,0.011016
52,V1-RSC,intermediate,V1,78,0.31227,0.019257
52,V1-RSC,intermediate,V1,79,0.21465,0.034184
52,V1-RSC,intermediate,V1,80,0.1702,0.022932
52,V1-RSC,intermediate,V1,81,0.245911,0.014844
52,V1-RSC,intermediate,V1,82,0.141052,0.018877
52,V1-RSC,intermediate,V1,83,0.137342,0.014918
52,V1-RSC,intermediate,V1,84,0.214762,0.018388
52,V1-RSC,intermediate,V1,85,0.162359,0.021057
52,V1-RSC,intermediate,V1,86,0.264905,0.013254
52,V1-RSC,intermediate,V1,87,0.169724,0.006426
52,V1-RSC,intermediate,V1,88,0.167658,0.014633
52,V1-RSC,intermediate,V1,89,0.123446,0.009615
52,V1-RSC,intermediate,V1,90,0.161372,0.011743
52,V1-RSC,intermediate,V1,91,0.18409,0.01329
52,V1-RSC,intermediate,V1,92,0.273137,0.018272
52,V1-RSC,intermediate,V1,93,0.140627,0.010318
52,V1-RSC,intermediate,V1,94,0.10977,0.014532
52,V1-RSC,intermediate,V1,95,0.181051,0.009506
52,V1-RSC,intermediate,V1,96,0.172863,0.006437
52,V1-RSC,intermediate,V1,97,0.267309,0.008159
52,V1-RSC,intermediate,V1,98,0.249055,0.01218
52,V1-RSC,intermediate,V1,99,0.096173,0.004137
52,V1-RSC,intermediate,V1,100,0.320522,0.01494
52,V1-RSC,intermediate,V1,101,0.431949,0.020296
52,V1-RSC,intermediate,V1,102,0.202304,0.013697
52,V1-RSC,intermediate,V1,103,0.111583,0.010263
52,V1-RSC,intermediate,V1,104,0.043611,0.00222
52,V1-RSC,intermediate,V1,105,0.202094,0.00937
52,V1-RSC,intermediate,V1,106,0.169451,0.013383
52,V1-RSC,intermediate,V1,107,0.25023,0.018497
52,V1-RSC,intermediate,V1,108,0.119956,0.007087
52,V1-RSC,intermediate,RSC,0,1.037114,0.05909
52,V1-RSC,intermediate,RSC,1,1.02169,0.092923
52,V1-RSC,intermediate,RSC,2,0.973507,0.069358
52,V1-RSC,intermediate,RSC,3,1.010931,0.137075
52,V1-RSC,intermediate,RSC,4,0.953515,0.056802
52,V1-RSC,intermediate,RSC,5,1.1526,0.062575
52,V1-RSC,intermediate,RSC,6,1.067841,0.066473
52,V1-RSC,intermediate,RSC,7,0.963541,0.03104
52,V1-RSC,intermediate,RSC,8,1.135444,0.037853
52,V1-RSC,intermediate,RSC,9,0.973863,0.075476
52,V1-RSC,expert,V1,0,0.141307,0.029946
52,V1-RSC,expert,V1,1,0.446632,0.175613
52,V1-RSC,expert,V1,2,0.271144,0.068889
52,V1-RSC,expert,V1,3,0.033346,0.007374
52,V1-RSC,expert,V1,4,0.117088,0.038345
52,V1-RSC,expert,V1,5,0.327189,0.090323
52,V1-RSC,expert,V1,6,0.280358,0.076417
52,V1-RSC,expert,V1,7,0.449674,0.085308
52,V1-RSC,expert,V1,8,0.225069,0.08824
52,V1-RSC,expert,V1,9,0.242121,0.082838
52,V1-RSC,expert,V1,10,0.058183,0.023791
52,V1-RSC,expert,V1,11,0.247192,0.036339
52,V1-RSC,expert,V1,12,0.298475,0.066234
52,V1-RSC,expert,V1,13,0.217621,0.082201
52,V1-RSC,expert,V1,14,0.18196,0.058821
52,V1-RSC,expert,V1,15,0.182455,0.06796
52,V1-RSC,expert,V1,16,0.140567,0.033795
52,V1-RSC,expert,V1,17,0.194256,0.041783
52,V1-RSC,expert,V1,18,0.138166,0.010513
52,V1-RSC,expert,V1,19,0.196816,0.065691
52,V1-RSC,expert,V1,20,0.28542,0.087681
52,V1-RSC,expert,V1,21,0.216155,0.036572
52,V1-RSC,expert,V1,22,0.209893,0.058031
52,V1-RSC,expert,V1,23,0.339758,0.106327
52,V1-RSC,expert,V1,24,0.00936,0.002282
52,V1-RSC,expert,V1,25,0.299322,0.065422
52,V1-RSC,expert,V1,26,0.154056,0.034207
52,V1-RSC,expert,V1,27,0.214432,0.074278
52,V1-RSC,expert,V1,28,0.226852,0.080709
52,V1-RSC,expert,V1,29,0.083499,0.032891
52,V1-RSC,expert,V1,30,0.252856,0.0323
52,V1-RSC,expert,V1,31,0.249629,0.065944
52,V1-RSC,expert,V1,32,0.104074,0.036735
52,V1-RSC,expert,V1,33,0.25437,0.078872
52,V1-RSC,expert,V1,34,0.127813,0.039559
52,V1-RSC,expert,V1,35,0.280085,0.085316
52,V1-RSC,expert,V1,36,0.037301,0.008908
52,V1-RSC,expert,V1,37,0.176634,0.070616
52,V1-RSC,expert,V1,38,0.318411,0.032431
52,V1-RSC,expert,V1,39,0.384223,0.099026
52,V1-RSC,expert,V1,40,0.133559,0.016671
52,V1-RSC,expert,V1,41,0.328135,0.075017
52,V1-RSC,expert,V1,42,0.014841,0.003531
52,V1-RSC,expert,V1,43,0.054013,0.019186
52,V1-RSC,expert,V1,44,0.184867,0.044727
52,V1-RSC,expert,V1,45,0.253785,0.057178
52,V1-RSC,expert,V1,46,0.201698,0.04742
52,V1-RSC,expert,V1,47,0.03456,0.008629
52,V1-RSC,expert,V1,48,0.049763,0.015864
52,V1-RSC,expert,V1,49,0.283073,0.095385
52,V1-RSC,expert,V1,50,0.276992,0.068147
52,V1-RSC,expert,V1,51,0.30269,0.103133
52,V1-RSC,expert,V1,52,0.058176,0.015747
52,V1-RSC,expert,V1,53,0.029321,0.008271
52,V1-RSC,expert,V1,54,0.007416,0.001926
52,V1-RSC,expert,V1,55,0.097395,0.034894
52,V1-RSC,expert,V1,56,0.199407,0.070746
52,V1-RSC,expert,V1,57,0.107873,0.024389
52,V1-RSC,expert,V1,58,0.141378,0.037038
52,V1-RSC,expert,V1,59,0.012263,0.00136
52,V1-RSC,expert,V1,60,0.28546,0.058964
52,V1-RSC,expert,V1,61,0.054671,0.017818
52,V1-RSC,expert,V1,62,0.177054,0.056422
52,V1-RSC,expert,V1,63,0.425452,0.03706
52,V1-RSC,expert,V1,64,0.292807,0.078918
52,V1-RSC,expert,V1,65,0.429485,0.12444
52,V1-RSC,expert,V1,66,0.115295,0.045168
52,V1-RSC,expert,V1,67,0.394128,0.051204
52,V1-RSC,expert,V1,68,0.044367,0.016408
52,V1-RSC,expert,V1,69,0.4122,0.05144
52,V1-RSC,expert,V1,70,0.065017,0.016572
52,V1-RSC,expert,V1,71,0.088356,0.033291
52,V1-RSC,expert,V1,72,0.513831,0.077587
52,V1-RSC,expert,V1,73,0.061632,0.01524
52,V1-RSC,expert,V1,74,0.367732,0.076494
52,V1-RSC,expert,V1,75,0.067167,0.022982
52,V1-RSC,expert,V1,76,0.332639,0.078381
52,V1-RSC,expert,V1,77,0.087785,0.032086
52,V1-RSC,expert,V1,78,0.09582,0.024571
52,V1-RSC,expert,V1,79,0.199704,0.087503
52,V1-RSC,expert,V1,80,0.156991,0.056323
52,V1-RSC,expert,V1,81,0.196474,0.044763
52,V1-RSC,expert,V1,82,0.183994,0.046775
52,V1-RSC,expert,V1,83,0.170927,0.055506
52,V1-RSC,expert,V1,84,0.181414,0.05854
52,V1-RSC,expert,V1,85,0.197194,0.077252
52,V1-RSC,expert,V1,86,0.237395,0.066928
52,V1-RSC,expert,V1,87,0.279021,0.107797
52,V1-RSC,expert,V1,88,0.173339,0.05535
52,V1-RSC,expert,V1,89,0.194989,0.052632
52,V1-RSC,expert,V1,90,0.315773,0.116007
52,V1-RSC,expert,V1,91,0.160718,0.051632
52,V1-RSC,expert,V1,92,0.16565,0.049431
52,V1-RSC,expert,V1,93,0.119691,0.038939
52,V1-RSC,expert,V1,94,0.156963,0.044754
52,V1-RSC,expert,V1,95,0.217702,0.061194
52,V1-RSC,expert,V1,96,0.236987,0.093313
52,V1-RSC,expert,V1,97,0.291279,0.089765
52,V1-RSC,expert,V1,98,0.171219,0.019654
52,V1-RSC,expert,V1,99,0.105149,0.029743
52,V1-RSC,expert,V1,100,0.127726,0.052307
52,V1-RSC,expert,V1,101,0.08605,0.023441
52,V1-RSC,expert,V1,102,0.548666,0.096017
52,V1-RSC,expert,V1,103,0.083363,0.022284
52,V1-RSC,expert,V1,104,0.34057,0.122161
52,V1-RSC,expert,V1,105,0.373478,0.077698
52,V1-RSC,expert,V1,106,0.138782,0.036125
52,V1-RSC,expert,V1,107,0.413975,0.147817
52,V1-RSC,expert,V1,108,0.070476,0.025202
52,V1-RSC,expert,RSC,0,1.031178,0.311735
52,V1-RSC,expert,RSC,1,1.002977,0.430316
52,V1-RSC,expert,RSC,2,0.993001,0.333645
52,V1-RSC,expert,RSC,3,1.038401,0.400258
52,V1-RSC,expert,RSC,4,0.945564,0.201333
52,V1-RSC,expert,RSC,5,0.985567,0.249839
52,V1-RSC,expert,RSC,6,1.047436,0.297354
52,V1-RSC,expert,RSC,7,1.161116,0.140642
52,V1-RSC,expert,RSC,8,1.103606,0.210698
52,V1-RSC,expert,RSC,9,0.929455,0.250415
61,CA1-RSC,naive,CA1,0,0.167021,0.019114
61,CA1-RSC,naive,CA1,1,0.169659,0.015188
61,CA1-RSC,naive,CA1,2,0.040308,0.003341
61,CA1-RSC,naive,CA1,3,0.127358,0.015165
61,CA1-RSC,naive,CA1,4,0.745625,0.036427
61,CA1-RSC,naive,CA1,5,0.591695,0.028638
61,CA1-RSC,naive,CA1,6,0.026414,0.000723
61,CA1-RSC,naive,CA1,7,0.036368,0.002797
61,CA1-RSC,naive,CA1,8,0.105237,0.012298
61,CA1-RSC,naive,CA1,9,0.014268,0.00139
61,CA1-RSC,naive,CA1,10,0.665042,0.015914
61,CA1-RSC,naive,CA1,11,0.191497,0.024087
61,CA1-RSC,naive,CA1,12,0.573881,0.006545
61,CA1-RSC,naive,CA1,13,0.024082,0.003227
61,CA1-RSC,naive,CA1,14,0.203537,0.022201
61,CA1-RSC,naive,CA1,15,0.139258,0.011911
61,CA1-RSC,naive,CA1,16,0.072666,0.003999
61,CA1-RSC,naive,CA1,17,0.029379,0.001154
61,CA1-RSC,naive,CA1,18,0.026647,0.002213
61,CA1-RSC,naive,CA1,19,0.699193,0.010493
61,CA1-RSC,naive,CA1,20,0.458608,0.014157
61,CA1-RSC,naive,CA1,21,0.02084,0.000265
61,CA1-RSC,naive,CA1,22,0.048161,0.006712
61,CA1-RSC,naive,CA1,23,0.529821,0.024445
61,CA1-RSC,naive,CA1,24,0.024809,0.00149
61,CA1-RSC,naive,CA1,25,0.293736,0.025669
61,CA1-RSC,naive,CA1,26,0.710274,0.005229
61,CA1-RSC,naive,CA1,27,0.259736,0.030603
61,CA1-RSC,naive,CA1,28,0.161267,0.020441
61,CA1-RSC,naive,CA1,29,0.013828,0.000284
61,CA1-RSC,naive,CA1,30,0.244952,0.028783
61,CA1-RSC,naive,CA1,31,0.167023,0.008609
61,CA1-RSC,naive,CA1,32,0.714679,0.030919
61,CA1-RSC,naive,CA1,33,0.010483,0.000865
61,CA1-RSC,naive,CA1,34,0.488937,0.010159
61,CA1-RSC,naive,CA1,35,0.067877,0.001841
61,CA1-RSC,naive,CA1,36,0.572771,0.013482
61,CA1-RSC,naive,CA1,37,0.605426,0.016904
61,CA1-RSC,naive,CA1,38,0.601948,0.01766
61,CA1-RSC,naive,CA1,39,0.663245,0.010987
61,CA1-RSC,naive,CA1,40,0.688521,0.061197
61,CA1-RSC,naive,CA1,41,0.273767,0.014519
61,CA1-RSC,naive,CA1,42,0.047555,0.003049
61,CA1-RSC,naive,CA1,43,0.589677,0.017335
61,CA1-RSC,naive,CA1,44,0.054311,0.005415
61,CA1-RSC,naive,CA1,45,0.017349,0.000871
61,CA1-RSC,naive,CA1,46,0.000673,4.9e-05
61,CA1-RSC,naive,CA1,47,0.03805,0.003196
61,CA1-RSC,naive,CA1,48,0.024046,0.002435
61,CA1-RSC,naive,CA1,49,0.086085,0.002182
61,CA1-RSC,naive,CA1,50,0.190802,0.015302
61,CA1-RSC,naive,CA1,51,0.439958,0.008747
61,CA1-RSC,naive,CA1,52,0.0399,0.002878
61,CA1-RSC,naive,CA1,53,0.004127,0.000215
61,CA1-RSC,naive,CA1,54,0.43705,0.003288
61,CA1-RSC,naive,CA1,55,0.017386,0.001729
61,CA1-RSC,naive,CA1,56,0.02849,0.002218
61,CA1-RSC,naive,CA1,57,0.032824,0.000708
61,CA1-RSC,naive,CA1,58,0.022794,0.002676
61,CA1-RSC,naive,CA1,59,0.143148,0.00141
61,CA1-RSC,naive,CA1,60,0.726921,0.046517
61,CA1-RSC,naive,CA1,61,0.04845,0.003905
61,CA1-RSC,naive,CA1,62,0.012349,0.000165
61,CA1-RSC,naive,CA1,63,0.453263,0.007694
61,CA1-RSC,naive,RSC,0,0.017964,0.001113
61,CA1-RSC,naive,RSC,1,0.231264,0.020928
61,CA1-RSC,naive,RSC,2,0.820908,0.016264
61,CA1-RSC,naive,RSC,3,0.049603,0.003632
61,CA1-RSC,naive,RSC,4,0.776104,0.062206
61,CA1-RSC,naive,RSC,5,0.550418,0.035292
61,CA1-RSC,naive,RSC,6,0.726523,0.022313
61,CA1-RSC,naive,RSC,7,0.06834,0.003923
61,CA1-RSC,naive,RSC,8,0.228863,0.005481
61,CA1-RSC,naive,RSC,9,0.230386,0.007321
61,CA1-RSC,naive,RSC,10,0.18798,0.003352
61,CA1-RSC,naive,RSC,11,0.468617,0.007972
61,CA1-RSC,naive,RSC,12,0.154863,0.003982
61,CA1-RSC,naive,RSC,13,0.203105,0.004078
61,CA1-RSC,naive,RSC,14,0.214807,0.00379
61,CA1-RSC,naive,RSC,15,0.062916,0.001353
61,CA1-RSC,naive,RSC,16,0.779814,0.016621
61,CA1-RSC,naive,RSC,17,0.182536,0.014388
61,CA1-RSC,naive,RSC,18,0.154565,0.004137
61,CA1-RSC,naive,RSC,19,0.060264,0.004202
61,CA1-RSC,naive,RSC,20,0.025022,0.002465
61,CA1-RSC,naive,RSC,21,0.155001,0.004205
61,CA1-RSC,naive,RSC,22,0.145482,0.001305
61,CA1-RSC,naive,RSC,23,0.222762,0.011348
61,CA1-RSC,naive,RSC,24,0.079875,0.003781
61,CA1-RSC,naive,RSC,25,0.583946,0.007052
61,CA1-RSC,naive,RSC,26,0.089436,0.005368
61,CA1-RSC,naive,RSC,27,0.074026,0.005074
61,CA1-RSC,naive,RSC,28,0.065158,0.001424
61,CA1-RSC,naive,RSC,29,0.073566,0.002137
61,CA1-RSC,naive,RSC,30,0.019103,0.000975
61,CA1-RSC,naive,RSC,31,0.196775,0.01109
61,CA1-RSC,naive,RSC,32,0.260242,0.017691
61,CA1-RSC,naive,RSC,33,0.262448,0.01668
61,CA1-RSC,naive,RSC,34,0.546772,0.028345
61,CA1-RSC,naive,RSC,35,0.357755,0.017224
61,CA1-RSC,naive,RSC,36,0.081778,0.005093
61,CA1-RSC,naive,RSC,37,0.142043,0.007352
61,CA1-RSC,naive,RSC,38,0.361162,0.006335
61,CA1-RSC,naive,RSC,39,0.014696,0.000305
61,CA1-RSC,naive,RSC,40,0.229564,0.012677
61,CA1-RSC,naive,RSC,41,0.366948,0.001967
61,CA1-RSC,naive,RSC,42,0.36604,0.008033
61,CA1-RSC,naive,RSC,43,0.25898,0.013205
61,CA1-RSC,naive,RSC,44,0.406596,0.013316
61,CA1-RSC,naive,RSC,45,0.296173,0.003136
61,CA1-RSC,naive,RSC,46,0.363428,0.031752
61,CA1-RSC,naive,RSC,47,0.403735,0.005574
61,CA1-RSC,naive,RSC,48,0.672605,0.031694
61,CA1-RSC,naive,RSC,49,0.37622,0.011031
61,CA1-RSC,naive,RSC,50,0.393515,0.002834
61,CA1-RSC,naive,RSC,51,0.320654,0.011934
61,CA1-RSC,naive,RSC,52,0.186829,0.002501
61,CA1-RSC,naive,RSC,53,0.196601,0.003784
61,CA1-RSC,naive,RSC,54,0.145424,0.002292
61,CA1-RSC,naive,RSC,55,0.094576,0.00604
61,CA1-RSC,naive,RSC,56,0.132405,0.006772
61,CA1-RSC,naive,RSC,57,0.12448,0.003419
61,CA1-RSC,naive,RSC,58,0.317545,0.030188
61,CA1-RSC,naive,RSC,59,0.095378,0.002569
61,CA1-RSC,naive,RSC,60,0.258086,0.008338
61,CA1-RSC,naive,RSC,61,0.095296,0.00136
61,CA1-RSC,naive,RSC,62,0.257107,0.003252
61,CA1-RSC,naive,RSC,63,0.16233,0.002348
61,CA1-RSC,naive,RSC,64,0.088722,0.002465
61,CA1-RSC,naive,RSC,65,0.097,0.001877
61,CA1-RSC,naive,RSC,66,0.29909,0.009933
61,CA1-RSC,naive,RSC,67,0.079428,0.002402
61,CA1-RSC,naive,RSC,68,0.466398,0.005254
61,CA1-RSC,naive,RSC,69,0.214459,0.011533
61,CA1-RSC,naive,RSC,70,0.57873,0.034255
61,CA1-RSC,naive,RSC,71,0.230366,0.009316
61,CA1-RSC,naive,RSC,72,0.140587,0.011129
61,CA1-RSC,naive,RSC,73,0.560451,0.016279
61,CA1-RSC,naive,RSC,74,0.076734,0.001469
61,CA1-RSC,naive,RSC,75,0.063228,0.005232
61,CA1-RSC,naive,RSC,76,0.432998,0.012014
61,CA1-RSC,naive,RSC,77,0.044237,0.001847
61,CA1-RSC,naive,RSC,78,0.101282,0.003228
61,CA1-RSC,naive,RSC,79,0.018174,0.000428
61,CA1-RSC,naive,RSC,80,0.10009,0.011208
61,CA1-RSC,naive,RSC,81,0.064075,0.002433
61,CA1-RSC,naive,RSC,82,0.485617,0.021557
61,CA1-RSC,naive,RSC,83,0.215609,0.003614
61,CA1-RSC,naive,RSC,84,0.251221,0.009011
61,CA1-RSC,naive,RSC,85,0.171406,0.006669
61,CA1-RSC,naive,RSC,86,0.179938,0.003199
61,CA1-RSC,naive,RSC,87,0.152632,0.011338
61,CA1-RSC,naive,RSC,88,0.113174,0.001504
61,CA1-RSC,naive,RSC,89,0.058483,0.000929
61,CA1-RSC,naive,RSC,90,0.072609,0.005456
61,CA1-RSC,naive,RSC,91,0.337957,0.001263
61,CA1-RSC,naive,RSC,92,0.347154,0.007194
61,CA1-RSC,naive,RSC,93,0.693647,0.009029
61,CA1-RSC,naive,RSC,94,0.193659,0.00681
61,CA1-RSC,naive,RSC,95,0.045397,0.001734
61,CA1-RSC,naive,RSC,96,0.736982,0.013205
61,CA1-RSC,naive,RSC,97,0.250018,0.005447
61,CA1-RSC,naive,RSC,98,0.087821,0.002465
61,CA1-RSC,naive,RSC,99,0.346777,0.027571
61,CA1-RSC,naive,RSC,100,0.330598,0.003472
61,CA1-RSC,naive,RSC,101,0.332826,0.005781
61,CA1-RSC,naive,RSC,102,0.188933,0.002513
61,CA1-RSC,naive,RSC,103,0.13072,0.002069
61,CA1-RSC,naive,RSC,104,0.232386,0.016292
61,CA1-RSC,naive,RSC,105,0.831797,0.011721
61,CA1-RSC,naive,RSC,106,0.103199,0.003041
61,CA1-RSC,naive,RSC,107,0.068307,0.004648
61,CA1-RSC,naive,RSC,108,0.066164,0.005581
61,CA1-RSC,naive,RSC,109,0.144556,0.01596
61,CA1-RSC,naive,RSC,110,0.413172,0.008222
61,CA1-RSC,naive,RSC,111,0.589337,0.017067
61,CA1-RSC,naive,RSC,112,0.617706,0.017507
61,CA1-RSC,naive,RSC,113,0.111315,0.001171
61,CA1-RSC,naive,RSC,114,0.77843,0.010029
61,CA1-RSC,intermediate,CA1,0,0.437714,0.044563
61,CA1-RSC,intermediate,CA1,1,0.858055,0.074801
61,CA1-RSC,intermediate,CA1,2,0.845662,0.049171
61,CA1-RSC,intermediate,CA1,3,0.16194,0.022792
61,CA1-RSC,intermediate,CA1,4,0.043299,0.004415
61,CA1-RSC,intermediate,CA1,5,0.013777,0.001216
61,CA1-RSC,intermediate,CA1,6,0.826973,0.038574
61,CA1-RSC,intermediate,CA1,7,0.184315,0.012215
61,CA1-RSC,intermediate,CA1,8,0.187014,0.021231
61,CA1-RSC,intermediate,CA1,9,0.887331,0.07515
61,CA1-RSC,intermediate,CA1,10,0.037792,0.003696
61,CA1-RSC,intermediate,CA1,11,0.404771,0.047802
61,CA1-RSC,intermediate,CA1,12,0.037187,0.003219
61,CA1-RSC,intermediate,CA1,13,0.231321,0.027552
61,CA1-RSC,intermediate,CA1,14,0.414171,0.042907
61,CA1-RSC,intermediate,CA1,15,0.131745,0.013817
61,CA1-RSC,intermediate,CA1,16,0.442797,0.047655
61,CA1-RSC,intermediate,CA1,17,0.337849,0.023851
61,CA1-RSC,intermediate,CA1,18,0.760163,0.081315
61,CA1-RSC,intermediate,CA1,19,0.164996,0.016158
61,CA1-RSC,intermediate,CA1,20,0.010055,0.000992
61,CA1-RSC,intermediate,CA1,21,0.093842,0.011211
61,CA1-RSC,intermediate,CA1,22,0.845658,0.03649
61,CA1-RSC,intermediate,CA1,23,0.102399,0.008289
61,CA1-RSC,intermediate,CA1,24,0.88765,0.033465
61,CA1-RSC,intermediate,CA1,25,0.392201,0.04107
61,CA1-RSC,intermediate,CA1,26,0.206488,0.020786
61,CA1-RSC,intermediate,CA1,27,0.382333,0.04268
61,CA1-RSC,intermediate,CA1,28,0.394614,0.04147
61,CA1-RSC,intermediate,CA1,29,0.837341,0.090058
61,CA1-RSC,intermediate,CA1,30,0.881725,0.058801
61,CA1-RSC,intermediate,CA1,31,0.110938,0.01451
61,CA1-RSC,intermediate,CA1,32,0.014887,0.001668
61,CA1-RSC,intermediate,CA1,33,0.030834,0.002612
61,CA1-RSC,intermediate,CA1,34,0.032013,0.003696
61,CA1-RSC,intermediate,CA1,35,0.870832,0.084727
61,CA1-RSC,intermediate,CA1,36,0.051481,0.005016
61,CA1-RSC,intermediate,CA1,37,0.011889,0.000859
61,CA1-RSC,intermediate,CA1,38,0.022798,0.001473
61,CA1-RSC,intermediate,CA1,39,0.151459,0.014242
61,CA1-RSC,intermediate,CA1,40,0.13669,0.015967
61,CA1-RSC,intermediate,CA1,41,0.76483,0.047562
61,CA1-RSC,intermediate,CA1,42,0.197582,0.027627
61,CA1-RSC,intermediate,CA1,43,0.791565,0.015959
61,CA1-RSC,intermediate,CA1,44,0.846671,0.059534
61,CA1-RSC,intermediate,CA1,45,0.863564,0.040808
61,CA1-RSC,intermediate,CA1,46,0.019751,0.001576
61,CA1-RSC,intermediate,CA1,47,0.117823,0.008345
61,CA1-RSC,intermediate,CA1,48,0.896812,0.078407
61,CA1-RSC,intermediate,CA1,49,0.095079,0.007587
61,CA1-RSC,intermediate,CA1,50,0.161215,0.017018
61,CA1-RSC,intermediate,CA1,51,0.008186,0.000699
61,CA1-RSC,intermediate,CA1,52,0.147066,0.016006
61,CA1-RSC,intermediate,CA1,53,0.093782,0.010002
61,CA1-RSC,intermediate,CA1,54,0.089678,0.00548
61,CA1-RSC,intermediate,CA1,55,0.054589,0.003232
61,CA1-RSC,intermediate,CA1,56,0.671072,0.059356
61,CA1-RSC,intermediate,CA1,57,0.891774,0.060851
61,CA1-RSC,intermediate,CA1,58,0.901273,0.094233
61,CA1-RSC,intermediate,CA1,59,0.037582,0.003209
61,CA1-RSC,intermediate,CA1,60,0.874695,0.065561
61,CA1-RSC,intermediate,CA1,61,0.218054,0.018565
61,CA1-RSC,intermediate,CA1,62,0.74842,0.055629
61,CA1-RSC,intermediate,CA1,63,0.157737,0.004923
61,CA1-RSC,intermediate,RSC,0,0.659842,0.041852
61,CA1-RSC,intermediate,RSC,1,0.206687,0.025722
61,CA1-RSC,intermediate,RSC,2,0.28478,0.025007
61,CA1-RSC,intermediate,RSC,3,0.384829,0.04191
61,CA1-RSC,intermediate,RSC,4,0.09927,0.007606
61,CA1-RSC,intermediate,RSC,5,0.255302,0.035563
61,CA1-RSC,intermediate,RSC,6,0.521837,0.029219
61,CA1-RSC,intermediate,RSC,7,0.39892,0.043928
61,CA1-RSC,intermediate,RSC,8,0.061087,0.005747
61,CA1-RSC,intermediate,RSC,9,0.107501,0.006882
61,CA1-RSC,intermediate,RSC,10,0.327051,0.015938
61,CA1-RSC,intermediate,RSC,11,0.398275,0.032864
61,CA1-RSC,intermediate,RSC,12,0.57356,0.050886
61,CA1-RSC,intermediate,RSC,13,0.284356,0.0214
61,CA1-RSC,intermediate,RSC,14,0.487997,0.039353
61,CA1-RSC,intermediate,RSC,15,0.539251,0.03596
61,CA1-RSC,intermediate,RSC,16,0.299823,0.020144
61,CA1-RSC,intermediate,RSC,17,0.308913,0.020474
61,CA1-RSC,intermediate,RSC,18,0.695593,0.049692
61,CA1-RSC,intermediate,RSC,19,0.46743,0.029576
61,CA1-RSC,intermediate,RSC,20,0.366059,0.028507
61,CA1-RSC,intermediate,RSC,21,0.230779,0.016569
61,CA1-RSC,intermediate,RSC,22,0.332845,0.023419
61,CA1-RSC,intermediate,RSC,23,0.198345,0.015604
61,CA1-RSC,intermediate,RSC,24,0.515752,0.041739
61,CA1-RSC,intermediate,RSC,25,0.12471,0.009234
61,CA1-RSC,intermediate,RSC,26,0.279507,0.013269
61,CA1-RSC,intermediate,RSC,27,0.609579,0.043891
61,CA1-RSC,intermediate,RSC,28,0.474669,0.034877
61,CA1-RSC,intermediate,RSC,29,0.295464,0.022863
61,CA1-RSC,intermediate,RSC,30,0.628777,0.055203
61,CA1-RSC,intermediate,RSC,31,0.378978,0.036744
61,CA1-RSC,intermediate,RSC,32,0.288275,0.021812
61,CA1-RSC,intermediate,RSC,33,0.313017,0.032315
61,CA1-RSC,intermediate,RSC,34,0.571013,0.030985
61,CA1-RSC,intermediate,RSC,35,0.308896,0.031198
61,CA1-RSC,intermediate,RSC,36,0.232557,0.016613
61,CA1-RSC,intermediate,RSC,37,0.319241,0.029874
61,CA1-RSC,intermediate,RSC,38,0.360697,0.024057
61,CA1-RSC,intermediate,RSC,39,0.758597,0.040016
61,CA1-RSC,intermediate,RSC,40,0.290195,0.022015
61,CA1-RSC,intermediate,RSC,41,0.343663,0.025609
61,CA1-RSC,intermediate,RSC,42,0.355126,0.017125
61,CA1-RSC,intermediate,RSC,43,0.397017,0.016454
61,CA1-RSC,intermediate,RSC,44,0.167537,0.015145
61,CA1-RSC,intermediate,RSC,45,0.429345,0.027911
61,CA1-RSC,intermediate,RSC,46,0.273175,0.029721
61,CA1-RSC,intermediate,RSC,47,0.277876,0.038219
61,CA1-RSC,intermediate,RSC,48,0.126248,0.018022
61,CA1-RSC,intermediate,RSC,49,0.383661,0.02195
61,CA1-RSC,intermediate,RSC,50,0.333931,0.033174
61,CA1-RSC,intermediate,RSC,51,0.297274,0.018928
61,CA1-RSC,intermediate,RSC,52,0.264164,0.016107
61,CA1-RSC,intermediate,RSC,53,0.249854,0.032836
61,CA1-RSC,intermediate,RSC,54,0.302438,0.021713
61,CA1-RSC,intermediate,RSC,55,0.171665,0.015356
61,CA1-RSC,intermediate,RSC,56,0.280496,0.031747
61,CA1-RSC,intermediate,RSC,57,0.26721,0.022156
61,CA1-RSC,intermediate,RSC,58,0.39773,0.020366
61,CA1-RSC,intermediate,RSC,59,0.334761,0.021075
61,CA1-RSC,intermediate,RSC,60,0.263631,0.010987
61,CA1-RSC,intermediate,RSC,61,0.248344,0.022724
61,CA1-RSC,intermediate,RSC,62,0.134289,0.010998
61,CA1-RSC,intermediate,RSC,63,0.214601,0.015715
61,CA1-RSC,intermediate,RSC,64,0.388149,0.025101
61,CA1-RSC,intermediate,RSC,65,0.346712,0.037115
61,CA1-RSC,intermediate,RSC,66,0.239327,0.023712
61,CA1-RSC,intermediate,RSC,67,0.292314,0.022494
61,CA1-RSC,intermediate,RSC,68,0.288527,0.026662
61,CA1-RSC,intermediate,RSC,69,0.423004,0.030791
61,CA1-RSC,intermediate,RSC,70,0.240364,0.026458
61,CA1-RSC,intermediate,RSC,71,0.282422,0.027254
61,CA1-RSC,intermediate,RSC,72,0.334705,0.032113
61,CA1-RSC,intermediate,RSC,73,0.256476,0.028743
61,CA1-RSC,intermediate,RSC,74,0.061934,0.006065
61,CA1-RSC,intermediate,RSC,75,0.279337,0.020999
61,CA1-RSC,intermediate,RSC,76,0.223105,0.018376
61,CA1-RSC,intermediate,RSC,77,0.054912,0.005393
61,CA1-RSC,intermediate,RSC,78,0.168753,0.012982
61,CA1-RSC,intermediate,RSC,79,0.815743,0.044427
61,CA1-RSC,intermediate,RSC,80,0.427386,0.041042
61,CA1-RSC,intermediate,RSC,81,0.286063,0.020427
61,CA1-RSC,intermediate,RSC,82,0.418379,0.035353
61,CA1-RSC,intermediate,RSC,83,0.421249,0.023839
61,CA1-RSC,intermediate,RSC,84,0.215708,0.023065
61,CA1-RSC,intermediate,RSC,85,0.335674,0.0298
61,CA1-RSC,intermediate,RSC,86,0.155895,0.013874
61,CA1-RSC,intermediate,RSC,87,0.174968,0.011876
61,CA1-RSC,intermediate,RSC,88,0.310614,0.017853
61,CA1-RSC,intermediate,RSC,89,0.273764,0.013439
61,CA1-RSC,intermediate,RSC,90,0.253283,0.017732
61,CA1-RSC,intermediate,RSC,91,0.149765,0.015485
61,CA1-RSC,intermediate,RSC,92,0.348878,0.02084
61,CA1-RSC,intermediate,RSC,93,0.085024,0.011518
61,CA1-RSC,intermediate,RSC,94,0.128398,0.010856
61,CA1-RSC,intermediate,RSC,95,0.232565,0.020725
61,CA1-RSC,intermediate,RSC,96,0.215785,0.025269
61,CA1-RSC,intermediate,RSC,97,0.295611,0.020997
61,CA1-RSC,intermediate,RSC,98,0.241769,0.01417
61,CA1-RSC,intermediate,RSC,99,0.298211,0.01666
61,CA1-RSC,intermediate,RSC,100,0.190101,0.015859
61,CA1-RSC,intermediate,RSC,101,0.332624,0.022791
61,CA1-RSC,intermediate,RSC,102,0.473131,0.047389
61,CA1-RSC,intermediate,RSC,103,0.148947,0.011949
61,CA1-RSC,intermediate,RSC,104,0.205377,0.020487
61,CA1-RSC,intermediate,RSC,105,0.02505,0.002256
61,CA1-RSC,intermediate,RSC,106,0.260474,0.025604
61,CA1-RSC,intermediate,RSC,107,0.279424,0.017643
61,CA1-RSC,intermediate,RSC,108,0.819358,0.051238
61,CA1-RSC,intermediate,RSC,109,0.346915,0.043107
61,CA1-RSC,intermediate,RSC,110,0.00775,0.000572
61,CA1-RSC,intermediate,RSC,111,0.112091,0.013295
61,CA1-RSC,intermediate,RSC,112,0.02895,0.002359
61,CA1-RSC,intermediate,RSC,113,0.425446,0.035215
61,CA1-RSC,intermediate,RSC,114,0.030752,0.002501
61,CA1-RSC,expert,CA1,0,0.659146,0.058391
61,CA1-RSC,expert,CA1,1,0.910651,0.046046
61,CA1-RSC,expert,CA1,2,0.697882,0.030038
61,CA1-RSC,expert,CA1,3,0.146684,0.023686
61,CA1-RSC,expert,CA1,4,0.02042,0.001143
61,CA1-RSC,expert,CA1,5,0.023386,0.001551
61,CA1-RSC,expert,CA1,6,0.047991,0.004232
61,CA1-RSC,expert,CA1,7,0.873596,0.10728
61,CA1-RSC,expert,CA1,8,0.152366,0.025776
61,CA1-RSC,expert,CA1,9,0.707627,0.038448
61,CA1-RSC,expert,CA1,10,0.068966,0.007911
61,CA1-RSC,expert,CA1,11,0.432927,0.049524
61,CA1-RSC,expert,CA1,12,0.053917,0.005132
61,CA1-RSC,expert,CA1,13,0.202631,0.028942
61,CA1-RSC,expert,CA1,14,0.418444,0.042382
61,CA1-RSC,expert,CA1,15,0.159919,0.015507
61,CA1-RSC,expert,CA1,16,0.283225,0.051922
61,CA1-RSC,expert,CA1,17,0.845313,0.052541
61,CA1-RSC,expert,CA1,18,0.784902,0.068102
61,CA1-RSC,expert,CA1,19,0.106844,0.014671
61,CA1-RSC,expert,CA1,20,0.006695,0.000446
61,CA1-RSC,expert,CA1,21,0.190167,0.011414
61,CA1-RSC,expert,CA1,22,0.890314,0.044798
61,CA1-RSC,expert,CA1,23,0.102647,0.008554
61,CA1-RSC,expert,CA1,24,0.925983,0.057
61,CA1-RSC,expert,CA1,25,0.395132,0.049025
61,CA1-RSC,expert,CA1,26,0.636203,0.037892
61,CA1-RSC,expert,CA1,27,0.367672,0.052204
61,CA1-RSC,expert,CA1,28,0.422891,0.048858
61,CA1-RSC,expert,CA1,29,0.812236,0.063779
61,CA1-RSC,expert,CA1,30,0.712507,0.047712
61,CA1-RSC,expert,CA1,31,0.037965,0.002666
61,CA1-RSC,expert,CA1,32,0.00943,0.001425
61,CA1-RSC,expert,CA1,33,0.915004,0.047465
61,CA1-RSC,expert,CA1,34,0.028681,0.002186
61,CA1-RSC,expert,CA1,35,0.191944,0.018704
61,CA1-RSC,expert,CA1,36,0.023876,0.002559
61,CA1-RSC,expert,CA1,37,0.017392,0.001527
61,CA1-RSC,expert,CA1,38,0.011614,0.001156
61,CA1-RSC,expert,CA1,39,0.135409,0.011652
61,CA1-RSC,expert,CA1,40,0.069237,0.00941
61,CA1-RSC,expert,CA1,41,0.806537,0.054139
61,CA1-RSC,expert,CA1,42,0.136576,0.0212
61,CA1-RSC,expert,CA1,43,0.034915,0.002439
61,CA1-RSC,expert,CA1,44,0.834109,0.046697
61,CA1-RSC,expert,CA1,45,0.866175,0.089722
61,CA1-RSC,expert,CA1,46,0.364079,0.032411
61,CA1-RSC,expert,CA1,47,0.091257,0.011478
61,CA1-RSC,expert,CA1,48,0.82835,0.06198
61,CA1-RSC,expert,CA1,49,0.008369,0.000799
61,CA1-RSC,expert,CA1,50,0.114875,0.012934
61,CA1-RSC,expert,CA1,51,0.011717,0.001351
61,CA1-RSC,expert,CA1,52,0.196838,0.023289
61,CA1-RSC,expert,CA1,53,0.839624,0.049223
61,CA1-RSC,expert,CA1,54,0.904541,0.048571
61,CA1-RSC,expert,CA1,55,0.327209,0.016889
61,CA1-RSC,expert,CA1,56,0.211466,0.021693
61,CA1-RSC,expert,CA1,57,0.038404,0.003272
61,CA1-RSC,expert,CA1,58,0.902493,0.108761
61,CA1-RSC,expert,CA1,59,0.029955,0.001844
61,CA1-RSC,expert,CA1,60,0.86542,0.071778
61,CA1-RSC,expert,CA1,61,0.113264,0.012948
61,CA1-RSC,expert,CA1,62,0.097351,0.010563
61,CA1-RSC,expert,CA1,63,0.008405,0.000986
61,CA1-RSC,expert,RSC,0,0.722745,0.036528
61,CA1-RSC,expert,RSC,1,0.239399,0.037565
61,CA1-RSC,expert,RSC,2,0.602877,0.036335
61,CA1-RSC,expert,RSC,3,0.800222,0.041847
61,CA1-RSC,expert,RSC,4,0.112593,0.016845
61,CA1-RSC,expert,RSC,5,0.15531,0.028072
61,CA1-RSC,expert,RSC,6,0.356591,0.020765
61,CA1-RSC,expert,RSC,7,0.288955,0.043659
61,CA1-RSC,expert,RSC,8,0.122264,0.009516
61,CA1-RSC,expert,RSC,9,0.119044,0.009505
61,CA1-RSC,expert,RSC,10,0.184735,0.018758
61,CA1-RSC,expert,RSC,11,0.180147,0.010172
61,CA1-RSC,expert,RSC,12,0.515269,0.038783
61,CA1-RSC,expert,RSC,13,0.272693,0.024074
61,CA1-RSC,expert,RSC,14,0.468013,0.040493
61,CA1-RSC,expert,RSC,15,0.681821,0.040392
61,CA1-RSC,expert,RSC,16,0.215373,0.028296
61,CA1-RSC,expert,RSC,17,0.343865,0.016277
61,CA1-RSC,expert,RSC,18,0.573398,0.037296
61,CA1-RSC,expert,RSC,19,0.298773,0.035928
61,CA1-RSC,expert,RSC,20,0.370608,0.039525
61,CA1-RSC,expert,RSC,21,0.184285,0.020521
61,CA1-RSC,expert,RSC,22,0.221135,0.015395
61,CA1-RSC,expert,RSC,23,0.414137,0.035046
61,CA1-RSC,expert,RSC,24,0.359779,0.04193
61,CA1-RSC,expert,RSC,25,0.155886,0.019075
61,CA1-RSC,expert,RSC,26,0.201226,0.012893
61,CA1-RSC,expert,RSC,27,0.450153,0.039728
61,CA1-RSC,expert,RSC,28,0.419597,0.036804
61,CA1-RSC,expert,RSC,29,0.225368,0.020739
61,CA1-RSC,expert,RSC,30,0.695134,0.044182
61,CA1-RSC,expert,RSC,31,0.335512,0.019802
61,CA1-RSC,expert,RSC,32,0.260239,0.025558
61,CA1-RSC,expert,RSC,33,0.256023,0.027882
61,CA1-RSC,expert,RSC,34,0.669718,0.033647
61,CA1-RSC,expert,RSC,35,0.288178,0.014494
61,CA1-RSC,expert,RSC,36,0.197711,0.010512
61,CA1-RSC,expert,RSC,37,0.327066,0.02939
61,CA1-RSC,expert,RSC,38,0.411166,0.026758
61,CA1-RSC,expert,RSC,39,0.746078,0.04948
61,CA1-RSC,expert,RSC,40,0.2508,0.031328
61,CA1-RSC,expert,RSC,41,0.339454,0.021531
61,CA1-RSC,expert,RSC,42,0.337654,0.021425
61,CA1-RSC,expert,RSC,43,0.290008,0.014441
61,CA1-RSC,expert,RSC,44,0.103445,0.008196
61,CA1-RSC,expert,RSC,45,0.318577,0.023477
61,CA1-RSC,expert,RSC,46,0.212552,0.03545
61,CA1-RSC,expert,RSC,47,0.166452,0.033434
61,CA1-RSC,expert,RSC,48,0.081542,0.014663
61,CA1-RSC,expert,RSC,49,0.317939,0.015157
61,CA1-RSC,expert,RSC,50,0.267633,0.018763
61,CA1-RSC,expert,RSC,51,0.249245,0.016003
61,CA1-RSC,expert,RSC,52,0.224203,0.012912
61,CA1-RSC,expert,RSC,53,0.211486,0.034334
61,CA1-RSC,expert,RSC,54,0.21837,0.008801
61,CA1-RSC,expert,RSC,55,0.201493,0.01505
61,CA1-RSC,expert,RSC,56,0.260863,0.027689
61,CA1-RSC,expert,RSC,57,0.289837,0.023587
61,CA1-RSC,expert,RSC,58,0.183387,0.012755
61,CA1-RSC,expert,RSC,59,0.458319,0.027795
61,CA1-RSC,expert,RSC,60,0.202436,0.010198
61,CA1-RSC,expert,RSC,61,0.192634,0.018266
61,CA1-RSC,expert,RSC,62,0.079544,0.008246
61,CA1-RSC,expert,RSC,63,0.182517,0.020439
61,CA1-RSC,expert,RSC,64,0.463761,0.024151
61,CA1-RSC,expert,RSC,65,0.309031,0.041446
61,CA1-RSC,expert,RSC,66,0.315892,0.03583
61,CA1-RSC,expert,RSC,67,0.259535,0.029428
61,CA1-RSC,expert,RSC,68,0.350134,0.047295
61,CA1-RSC,expert,RSC,69,0.130354,0.012154
61,CA1-RSC,expert,RSC,70,0.126618,0.016801
61,CA1-RSC,expert,RSC,71,0.23262,0.020801
61,CA1-RSC,expert,RSC,72,0.262335,0.023279
61,CA1-RSC,expert,RSC,73,0.131586,0.009969
61,CA1-RSC,expert,RSC,74,0.520589,0.047578
61,CA1-RSC,expert,RSC,75,0.135501,0.012859
61,CA1-RSC,expert,RSC,76,0.106029,0.00651
61,CA1-RSC,expert,RSC,77,0.094487,0.009341
61,CA1-RSC,expert,RSC,78,0.161084,0.016106
61,CA1-RSC,expert,RSC,79,0.784588,0.052233
61,CA1-RSC,expert,RSC,80,0.283615,0.036706
61,CA1-RSC,expert,RSC,81,0.227144,0.019374
61,CA1-RSC,expert,RSC,82,0.226085,0.015688
61,CA1-RSC,expert,RSC,83,0.423412,0.023416
61,CA1-RSC,expert,RSC,84,0.18885,0.024033
61,CA1-RSC,expert,RSC,85,0.236323,0.031021
61,CA1-RSC,expert,RSC,86,0.24435,0.016633
61,CA1-RSC,expert,RSC,87,0.197682,0.021746
61,CA1-RSC,expert,RSC,88,0.156446,0.012215
61,CA1-RSC,expert,RSC,89,0.091626,0.004844
61,CA1-RSC,expert,RSC,90,0.380632,0.032825
61,CA1-RSC,expert,RSC,91,0.132187,0.012863
61,CA1-RSC,expert,RSC,92,0.365538,0.021155
61,CA1-RSC,expert,RSC,93,0.473461,0.041265
61,CA1-RSC,expert,RSC,94,0.14456,0.016579
61,CA1-RSC,expert,RSC,95,0.328265,0.020355
61,CA1-RSC,expert,RSC,96,0.259785,0.033555
61,CA1-RSC,expert,RSC,97,0.272273,0.013358
61,CA1-RSC,expert,RSC,98,0.241776,0.022743
61,CA1-RSC,expert,RSC,99,0.266535,0.01783
61,CA1-RSC,expert,RSC,100,0.324491,0.025565
61,CA1-RSC,expert,RSC,101,0.299786,0.017417
61,CA1-RSC,expert,RSC,102,0.490089,0.061171
61,CA1-RSC,expert,RSC,103,0.072701,0.006957
61,CA1-RSC,expert,RSC,104,0.172816,0.024918
61,CA1-RSC,expert,RSC,105,0.065054,0.003434
61,CA1-RSC,expert,RSC,106,0.317047,0.01462
61,CA1-RSC,expert,RSC,107,0.299896,0.020921
61,CA1-RSC,expert,RSC,108,0.594467,0.03834
61,CA1-RSC,expert,RSC,109,0.361967,0.044961
61,CA1-RSC,expert,RSC,110,0.007054,0.000627
61,CA1-RSC,expert,RSC,111,0.098291,0.007087
61,CA1-RSC,expert,RSC,112,0.022982,0.003233
61,CA1-RSC,expert,RSC,113,0.42413,0.050632
61,CA1-RSC,expert,RSC,114,0.714909,0.038567
61,CA1-CA3,naive,CA1,0,0.179967,0.009279
61,CA1-CA3,naive,CA1,1,0.179357,0.019049
61,CA1-CA3,naive,CA1,2,0.039807,0.002399
61,CA1-CA3,naive,CA1,3,0.120671,0.00547
61,CA1-CA3,naive,CA1,4,0.75104,0.136673
61,CA1-CA3,naive,CA1,5,0.593395,0.057422
61,CA1-CA3,naive,CA1,6,0.026608,0.003969
61,CA1-CA3,naive,CA1,7,0.037336,0.003383
61,CA1-CA3,naive,CA1,8,0.107691,0.007322
61,CA1-CA3,naive,CA1,9,0.013403,0.001904
61,CA1-CA3,naive,CA1,10,0.666971,0.078658
61,CA1-CA3,naive,CA1,11,0.188607,0.004453
61,CA1-CA3,naive,CA1,12,0.572386,0.018494
61,CA1-CA3,naive,CA1,13,0.02199,0.001487
61,CA1-CA3,naive,CA1,14,0.205146,0.009771
61,CA1-CA3,naive,CA1,15,0.135404,0.017757
61,CA1-CA3,naive,CA1,16,0.071316,0.006894
61,CA1-CA3,naive,CA1,17,0.028611,0.001555
61,CA1-CA3,naive,CA1,18,0.026632,0.002504
61,CA1-CA3,naive,CA1,19,0.702247,0.136864
61,CA1-CA3,naive,CA1,20,0.460809,0.05946
61,CA1-CA3,naive,CA1,21,0.020662,0.003264
61,CA1-CA3,naive,CA1,22,0.048824,0.002812
61,CA1-CA3,naive,CA1,23,0.530949,0.083135
61,CA1-CA3,naive,CA1,24,0.024367,0.003682
61,CA1-CA3,naive,CA1,25,0.293207,0.028139
61,CA1-CA3,naive,CA1,26,0.68154,0.118388
61,CA1-CA3,naive,CA1,27,0.25882,0.024296
61,CA1-CA3,naive,CA1,28,0.159175,0.009288
61,CA1-CA3,naive,CA1,29,0.013904,0.001672
61,CA1-CA3,naive,CA1,30,0.263338,0.02474
61,CA1-CA3,naive,CA1,31,0.172274,0.026137
61,CA1-CA3,naive,CA1,32,0.714875,0.063108
61,CA1-CA3,naive,CA1,33,0.010345,0.001362
61,CA1-CA3,naive,CA1,34,0.489765,0.063846
61,CA1-CA3,naive,CA1,35,0.068465,0.012545
61,CA1-CA3,naive,CA1,36,0.57573,0.028835
61,CA1-CA3,naive,CA1,37,0.607078,0.150243
61,CA1-CA3,naive,CA1,38,0.603078,0.066303
61,CA1-CA3,naive,CA1,39,0.665591,0.133544
61,CA1-CA3,naive,CA1,40,0.718084,0.078649
61,CA1-CA3,naive,CA1,41,0.266217,0.021599
61,CA1-CA3,naive,CA1,42,0.044321,0.006119
61,CA1-CA3,naive,CA1,43,0.593068,0.075198
61,CA1-CA3,naive,CA1,44,0.054064,0.005576
61,CA1-CA3,naive,CA1,45,0.016572,0.002455
61,CA1-CA3,naive,CA1,46,0.000619,0.000117
61,CA1-CA3,naive,CA1,47,0.039924,0.005572
61,CA1-CA3,naive,CA1,48,0.021064,0.00179
61,CA1-CA3,naive,CA1,49,0.091137,0.016482
61,CA1-CA3,naive,CA1,50,0.174383,0.024945
61,CA1-CA3,naive,CA1,51,0.441024,0.01895
61,CA1-CA3,naive,CA1,52,0.039118,0.002209
61,CA1-CA3,naive,CA1,53,0.004164,0.000439
61,CA1-CA3,naive,CA1,54,0.438202,0.046956
61,CA1-CA3,naive,CA1,55,0.017675,0.003405
61,CA1-CA3,naive,CA1,56,0.028569,0.003851
61,CA1-CA3,naive,CA1,57,0.034155,0.001995
61,CA1-CA3,naive,CA1,58,0.021528,0.002773
61,CA1-CA3,naive,CA1,59,0.146119,0.025471
61,CA1-CA3,naive,CA1,60,0.730457,0.101493
61,CA1-CA3,naive,CA1,61,0.050353,0.005062
61,CA1-CA3,naive,CA1,62,0.011904,0.002076
61,CA1-CA3,naive,CA1,63,0.452725,0.042799
61,CA1-CA3,naive,CA3,0,0.58063,0.04613
61,CA1-CA3,naive,CA3,1,0.169761,0.010016
61,CA1-CA3,naive,CA3,2,0.752875,0.037781
61,CA1-CA3,naive,CA3,3,0.866083,0.120509
61,CA1-CA3,naive,CA3,4,0.776282,0.075477
61,CA1-CA3,naive,CA3,5,1.008482,0.163464
61,CA1-CA3,naive,CA3,6,0.09344,0.007574
61,CA1-CA3,naive,CA3,7,0.007901,0.001435
61,CA1-CA3,naive,CA3,8,0.863119,0.20122
61,CA1-CA3,naive,CA3,9,0.740667,0.088631
61,CA1-CA3,naive,CA3,10,0.048487,0.010297
61,CA1-CA3,naive,CA3,11,0.834147,0.022149
61,CA1-CA3,naive,CA3,12,0.868976,0.045672
61,CA1-CA3,naive,CA3,13,0.548321,0.022494
61,CA1-CA3,naive,CA3,14,0.045308,0.00556
61,CA1-CA3,naive,CA3,15,0.990283,0.068878
61,CA1-CA3,naive,CA3,16,0.855762,0.081495
61,CA1-CA3,naive,CA3,17,0.946667,0.141696
61,CA1-CA3,naive,CA3,18,0.792112,0.083585
61,CA1-CA3,naive,CA3,19,0.011658,0.001169
61,CA1-CA3,naive,CA3,20,0.983853,0.143034
61,CA1-CA3,naive,CA3,21,0.483587,0.015508
61,CA1-CA3,naive,CA3,22,0.173221,0.028644
61,CA1-CA3,naive,CA3,23,0.90001,0.175685
61,CA1-CA3,naive,CA3,24,0.488547,0.088889
61,CA1-CA3,naive,CA3,25,0.020267,0.000904
61,CA1-CA3,naive,CA3,26,0.827323,0.051771
61,CA1-CA3,naive,CA3,27,0.892883,0.127544
61,CA1-CA3,naive,CA3,28,0.123524,0.011448
61,CA1-CA3,naive,CA3,29,0.856502,0.195269
61,CA1-CA3,naive,CA3,30,0.314344,0.071038
61,CA1-CA3,naive,CA3,31,0.0,0.0
61,CA1-CA3,naive,CA3,32,0.813826,0.104319
61,CA1-CA3,intermediate,CA1,0,0.506787,0.041183
61,CA1-CA3,intermediate,CA1,1,0.814395,0.100831
61,CA1-CA3,intermediate,CA1,2,0.848096,0.158502
61,CA1-CA3,intermediate,CA1,3,0.150575,0.028981
61,CA1-CA3,intermediate,CA1,4,0.040731,0.007249
61,CA1-CA3,intermediate,CA1,5,0.014211,0.002548
61,CA1-CA3,intermediate,CA1,6,0.829502,0.142866
61,CA1-CA3,intermediate,CA1,7,0.186986,0.030737
61,CA1-CA3,intermediate,CA1,8,0.186973,0.04253
61,CA1-CA3,intermediate,CA1,9,0.889461,0.187751
61,CA1-CA3,intermediate,CA1,10,0.038067,0.006919
61,CA1-CA3,intermediate,CA1,11,0.410239,0.134424
61,CA1-CA3,intermediate,CA1,12,0.037705,0.006274
61,CA1-CA3,intermediate,CA1,13,0.220107,0.036571
61,CA1-CA3,intermediate,CA1,14,0.404463,0.150438
61,CA1-CA3,intermediate,CA1,15,0.142763,0.030115
61,CA1-CA3,intermediate,CA1,16,0.423617,0.047258
61,CA1-CA3,intermediate,CA1,17,0.330446,0.045799
61,CA1-CA3,intermediate,CA1,18,0.752289,0.112277
61,CA1-CA3,intermediate,CA1,19,0.156041,0.028491
61,CA1-CA3,intermediate,CA1,20,0.010281,0.001637
61,CA1-CA3,intermediate,CA1,21,0.095998,0.016567
61,CA1-CA3,intermediate,CA1,22,0.874789,0.127652
61,CA1-CA3,intermediate,CA1,23,0.096967,0.024221
61,CA1-CA3,intermediate,CA1,24,0.888075,0.125639
61,CA1-CA3,intermediate,CA1,25,0.387148,0.11866
61,CA1-CA3,intermediate,CA1,26,0.203426,0.034932
61,CA1-CA3,intermediate,CA1,27,0.37868,0.141193
61,CA1-CA3,intermediate,CA1,28,0.374101,0.131937
61,CA1-CA3,intermediate,CA1,29,0.842976,0.109021
61,CA1-CA3,intermediate,CA1,30,0.885256,0.144511
61,CA1-CA3,intermediate,CA1,31,0.110294,0.018655
61,CA1-CA3,intermediate,CA1,32,0.016839,0.004242
61,CA1-CA3,intermediate,CA1,33,0.029953,0.004984
61,CA1-CA3,intermediate,CA1,34,0.029981,0.005065
61,CA1-CA3,intermediate,CA1,35,0.878699,0.148331
61,CA1-CA3,intermediate,CA1,36,0.050395,0.008695
61,CA1-CA3,intermediate,CA1,37,0.012254,0.003081
61,CA1-CA3,intermediate,CA1,38,0.023931,0.00549
61,CA1-CA3,intermediate,CA1,39,0.152402,0.024153
61,CA1-CA3,intermediate,CA1,40,0.129538,0.020962
61,CA1-CA3,intermediate,CA1,41,0.763194,0.148484
61,CA1-CA3,intermediate,CA1,42,0.192898,0.040443
61,CA1-CA3,intermediate,CA1,43,0.792166,0.144974
61,CA1-CA3,intermediate,CA1,44,0.845728,0.13127
61,CA1-CA3,intermediate,CA1,45,0.86579,0.158769
61,CA1-CA3,intermediate,CA1,46,0.018499,0.003495
61,CA1-CA3,intermediate,CA1,47,0.119881,0.029912
61,CA1-CA3,intermediate,CA1,48,0.912936,0.138624
61,CA1-CA3,intermediate,CA1,49,0.095791,0.016146
61,CA1-CA3,intermediate,CA1,50,0.156736,0.029078
61,CA1-CA3,intermediate,CA1,51,0.007928,0.001184
61,CA1-CA3,intermediate,CA1,52,0.133574,0.024226
61,CA1-CA3,intermediate,CA1,53,0.090854,0.01574
61,CA1-CA3,intermediate,CA1,54,0.091271,0.016697
61,CA1-CA3,intermediate,CA1,55,0.056615,0.01078
61,CA1-CA3,intermediate,CA1,56,0.654883,0.102029
61,CA1-CA3,intermediate,CA1,57,0.894527,0.144805
61,CA1-CA3,intermediate,CA1,58,0.913812,0.167108
61,CA1-CA3,intermediate,CA1,59,0.038464,0.007077
61,CA1-CA3,intermediate,CA1,60,0.88461,0.140267
61,CA1-CA3,intermediate,CA1,61,0.213702,0.037111
61,CA1-CA3,intermediate,CA1,62,0.748773,0.12665
61,CA1-CA3,intermediate,CA1,63,0.157269,0.026596
61,CA1-CA3,intermediate,CA3,0,0.935858,0.179053
61,CA1-CA3,intermediate,CA3,1,1.010282,0.183775
61,CA1-CA3,intermediate,CA3,2,0.799744,0.114807
61,CA1-CA3,intermediate,CA3,3,1.016621,0.139053
61,CA1-CA3,intermediate,CA3,4,0.350454,0.081379
61,CA1-CA3,intermediate,CA3,5,1.045616,0.171552
61,CA1-CA3,intermediate,CA3,6,0.898833,0.26191
61,CA1-CA3,intermediate,CA3,7,0.798854,0.145309
61,CA1-CA3,intermediate,CA3,8,0.825166,0.139687
61,CA1-CA3,intermediate,CA3,9,0.445926,0.078674
61,CA1-CA3,intermediate,CA3,10,1.034717,0.245118
61,CA1-CA3,intermediate,CA3,11,0.912261,0.173098
61,CA1-CA3,intermediate,CA3,12,0.032903,0.005722
61,CA1-CA3,intermediate,CA3,13,0.508909,0.093711
61,CA1-CA3,intermediate,CA3,14,0.975168,0.176862
61,CA1-CA3,intermediate,CA3,15,0.94682,0.088233
61,CA1-CA3,intermediate,CA3,16,0.898432,0.143606
61,CA1-CA3,intermediate,CA3,17,0.817656,0.174957
61,CA1-CA3,intermediate,CA3,18,0.052204,0.011896
61,CA1-CA3,intermediate,CA3,19,0.437971,0.053146
61,CA1-CA3,intermediate,CA3,20,1.075185,0.176052
61,CA1-CA3,intermediate,CA3,21,0.000555,0.000104
61,CA1-CA3,intermediate,CA3,22,0.964764,0.155549
61,CA1-CA3,intermediate,CA3,23,0.077137,0.011505
61,CA1-CA3,intermediate,CA3,24,0.038244,0.007816
61,CA1-CA3,intermediate,CA3,25,0.785,0.112823
61,CA1-CA3,intermediate,CA3,26,0.651689,0.172788
61,CA1-CA3,intermediate,CA3,27,0.68532,0.102188
61,CA1-CA3,intermediate,CA3,28,0.964419,0.160467
61,CA1-CA3,intermediate,CA3,29,0.063108,0.0122
61,CA1-CA3,intermediate,CA3,30,0.032191,0.007736
61,CA1-CA3,intermediate,CA3,31,0.758695,0.113266
61,CA1-CA3,intermediate,CA3,32,0.001518,0.000284
61,CA1-CA3,expert,CA1,0,0.720249,0.0726
61,CA1-CA3,expert,CA1,1,0.912156,0.169868
61,CA1-CA3,expert,CA1,2,0.666593,0.14975
61,CA1-CA3,expert,CA1,3,0.133416,0.028846
61,CA1-CA3,expert,CA1,4,0.020526,0.004528
61,CA1-CA3,expert,CA1,5,0.024499,0.003239
61,CA1-CA3,expert,CA1,6,0.045857,0.006739
61,CA1-CA3,expert,CA1,7,0.881755,0.119865
61,CA1-CA3,expert,CA1,8,0.146599,0.032647
61,CA1-CA3,expert,CA1,9,0.769156,0.141496
61,CA1-CA3,expert,CA1,10,0.075788,0.01961
61,CA1-CA3,expert,CA1,11,0.433701,0.177837
61,CA1-CA3,expert,CA1,12,0.052767,0.010857
61,CA1-CA3,expert,CA1,13,0.203332,0.041183
61,CA1-CA3,expert,CA1,14,0.412703,0.176489
61,CA1-CA3,expert,CA1,15,0.160484,0.048159
61,CA1-CA3,expert,CA1,16,0.248744,0.061099
61,CA1-CA3,expert,CA1,17,0.848527,0.160104
61,CA1-CA3,expert,CA1,18,0.77196,0.181888
61,CA1-CA3,expert,CA1,19,0.096623,0.016466
61,CA1-CA3,expert,CA1,20,0.008195,0.001849
61,CA1-CA3,expert,CA1,21,0.188771,0.019515
61,CA1-CA3,expert,CA1,22,0.888947,0.213843
61,CA1-CA3,expert,CA1,23,0.099608,0.020788
61,CA1-CA3,expert,CA1,24,0.929374,0.123794
61,CA1-CA3,expert,CA1,25,0.391519,0.154117
61,CA1-CA3,expert,CA1,26,0.634742,0.130787
61,CA1-CA3,expert,CA1,27,0.366818,0.172066
61,CA1-CA3,expert,CA1,28,0.403064,0.158045
61,CA1-CA3,expert,CA1,29,0.814939,0.190079
61,CA1-CA3,expert,CA1,30,0.688107,0.100288
61,CA1-CA3,expert,CA1,31,0.039718,0.008244
61,CA1-CA3,expert,CA1,32,0.009615,0.002869
61,CA1-CA3,expert,CA1,33,0.925705,0.18805
61,CA1-CA3,expert,CA1,34,0.028044,0.006614
61,CA1-CA3,expert,CA1,35,0.177569,0.04527
61,CA1-CA3,expert,CA1,36,0.023972,0.003856
61,CA1-CA3,expert,CA1,37,0.017918,0.006992
61,CA1-CA3,expert,CA1,38,0.012581,0.004448
61,CA1-CA3,expert,CA1,39,0.131033,0.030164
61,CA1-CA3,expert,CA1,40,0.068217,0.016733
61,CA1-CA3,expert,CA1,41,0.806152,0.275622
61,CA1-CA3,expert,CA1,42,0.146421,0.036646
61,CA1-CA3,expert,CA1,43,0.034511,0.007552
61,CA1-CA3,expert,CA1,44,0.838916,0.160805
61,CA1-CA3,expert,CA1,45,0.877041,0.269317
61,CA1-CA3,expert,CA1,46,0.365131,0.074859
61,CA1-CA3,expert,CA1,47,0.090542,0.02468
61,CA1-CA3,expert,CA1,48,0.761938,0.216583
61,CA1-CA3,expert,CA1,49,0.008083,0.001194
61,CA1-CA3,expert,CA1,50,0.110948,0.030629
61,CA1-CA3,expert,CA1,51,0.012613,0.002436
61,CA1-CA3,expert,CA1,52,0.186961,0.056207
61,CA1-CA3,expert,CA1,53,0.843083,0.092732
61,CA1-CA3,expert,CA1,54,0.907436,0.189198
61,CA1-CA3,expert,CA1,55,0.359922,0.083255
61,CA1-CA3,expert,CA1,56,0.208103,0.048607
61,CA1-CA3,expert,CA1,57,0.03711,0.004478
61,CA1-CA3,expert,CA1,58,0.913151,0.19061
61,CA1-CA3,expert,CA1,59,0.03099,0.006289
61,CA1-CA3,expert,CA1,60,0.870844,0.213114
61,CA1-CA3,expert,CA1,61,0.11006,0.024721
61,CA1-CA3,expert,CA1,62,0.083471,0.019211
61,CA1-CA3,expert,CA1,63,0.009121,0.002006
61,CA1-CA3,expert,CA3,0,1.037005,0.258988
61,CA1-CA3,expert,CA3,1,1.014474,0.23468
61,CA1-CA3,expert,CA3,2,0.911613,0.198139
61,CA1-CA3,expert,CA3,3,1.028746,0.232551
61,CA1-CA3,expert,CA3,4,1.044357,0.275316
61,CA1-CA3,expert,CA3,5,0.409591,0.125445
61,CA1-CA3,expert,CA3,6,0.842755,0.298298
61,CA1-CA3,expert,CA3,7,0.808177,0.150311
61,CA1-CA3,expert,CA3,8,0.770661,0.151542
61,CA1-CA3,expert,CA3,9,0.739252,0.16245
61,CA1-CA3,expert,CA3,10,0.106738,0.030743
61,CA1-CA3,expert,CA3,11,1.004551,0.300357
61,CA1-CA3,expert,CA3,12,0.015738,0.003897
61,CA1-CA3,expert,CA3,13,0.495684,0.137315
61,CA1-CA3,expert,CA3,14,0.869745,0.196683
61,CA1-CA3,expert,CA3,15,1.013423,0.104252
61,CA1-CA3,expert,CA3,16,1.001406,0.157754
61,CA1-CA3,expert,CA3,17,1.084382,0.265829
61,CA1-CA3,expert,CA3,18,0.038406,0.012797
61,CA1-CA3,expert,CA3,19,0.838052,0.201895
61,CA1-CA3,expert,CA3,20,0.426503,0.039944
61,CA1-CA3,expert,CA3,21,0.073986,0.015604
61,CA1-CA3,expert,CA3,22,0.209763,0.059832
61,CA1-CA3,expert,CA3,23,0.122923,0.030116
61,CA1-CA3,expert,CA3,24,0.016097,0.004416
61,CA1-CA3,expert,CA3,25,1.030539,0.120546
61,CA1-CA3,expert,CA3,26,1.029706,0.333085
61,CA1-CA3,expert,CA3,27,1.043186,0.191233
61,CA1-CA3,expert,CA3,28,0.01988,0.007226
61,CA1-CA3,expert,CA3,29,0.979782,0.304145
61,CA1-CA3,expert,CA3,30,0.139693,0.038606
61,CA1-CA3,expert,CA3,31,0.765551,0.082248
61,CA1-CA3,expert,CA3,32,0.001496,0.000429
61,CA1-DG,naive,CA1,0,0.170519,0.022445
61,CA1-DG,naive,CA1,1,0.173047,0.020313
61,CA1-DG,naive,CA1,2,0.044203,0.004328
61,CA1-DG,naive,CA1,3,0.122389,0.015953
61,CA1-DG,naive,CA1,4,0.752744,0.029565
61,CA1-DG,naive,CA1,5,0.593856,0.034815
61,CA1-DG,naive,CA1,6,0.026779,0.001463
61,CA1-DG,naive,CA1,7,0.035463,0.003723
61,CA1-DG,naive,CA1,8,0.108166,0.012813
61,CA1-DG,naive,CA1,9,0.013602,0.00131
61,CA1-DG,naive,CA1,10,0.667456,0.027346
61,CA1-DG,naive,CA1,11,0.200645,0.027163
61,CA1-DG,naive,CA1,12,0.574712,0.013923
61,CA1-DG,naive,CA1,13,0.021994,0.00265
61,CA1-DG,naive,CA1,14,0.221821,0.029117
61,CA1-DG,naive,CA1,15,0.135989,0.013348
61,CA1-DG,naive,CA1,16,0.069909,0.008098
61,CA1-DG,naive,CA1,17,0.029233,0.002668
61,CA1-DG,naive,CA1,18,0.026289,0.001718
61,CA1-DG,naive,CA1,19,0.702386,0.027681
61,CA1-DG,naive,CA1,20,0.461145,0.022644
61,CA1-DG,naive,CA1,21,0.0203,0.000862
61,CA1-DG,naive,CA1,22,0.049248,0.006142
61,CA1-DG,naive,CA1,23,0.499213,0.044616
61,CA1-DG,naive,CA1,24,0.024245,0.000984
61,CA1-DG,naive,CA1,25,0.296614,0.034895
61,CA1-DG,naive,CA1,26,0.721775,0.037082
61,CA1-DG,naive,CA1,27,0.271339,0.034323
61,CA1-DG,naive,CA1,28,0.16964,0.02268
61,CA1-DG,naive,CA1,29,0.013424,0.000929
61,CA1-DG,naive,CA1,30,0.253282,0.027401
61,CA1-DG,naive,CA1,31,0.124192,0.007232
61,CA1-DG,naive,CA1,32,0.716869,0.016733
61,CA1-DG,naive,CA1,33,0.010039,0.000687
61,CA1-DG,naive,CA1,34,0.490294,0.025748
61,CA1-DG,naive,CA1,35,0.068219,0.005842
61,CA1-DG,naive,CA1,36,0.575919,0.022384
61,CA1-DG,naive,CA1,37,0.607176,0.022291
61,CA1-DG,naive,CA1,38,0.603916,0.033528
61,CA1-DG,naive,CA1,39,0.665826,0.032402
61,CA1-DG,naive,CA1,40,0.706542,0.040597
61,CA1-DG,naive,CA1,41,0.227374,0.019874
61,CA1-DG,naive,CA1,42,0.04406,0.001648
61,CA1-DG,naive,CA1,43,0.593099,0.033425
61,CA1-DG,naive,CA1,44,0.053656,0.006294
61,CA1-DG,naive,CA1,45,0.016455,0.000508
61,CA1-DG,naive,CA1,46,0.000537,1.9e-05
61,CA1-DG,naive,CA1,47,0.040082,0.004186
61,CA1-DG,naive,CA1,48,0.020411,0.002089
61,CA1-DG,naive,CA1,49,0.090281,0.003534
61,CA1-DG,naive,CA1,50,0.164493,0.007884
61,CA1-DG,naive,CA1,51,0.441037,0.023518
61,CA1-DG,naive,CA1,52,0.041363,0.004481
61,CA1-DG,naive,CA1,53,0.004225,0.000295
61,CA1-DG,naive,CA1,54,0.438182,0.015925
61,CA1-DG,naive,CA1,55,0.016602,0.001383
61,CA1-DG,naive,CA1,56,0.027857,0.001711
61,CA1-DG,naive,CA1,57,0.034292,0.001692
61,CA1-DG,naive,CA1,58,0.022537,0.001876
61,CA1-DG,naive,CA1,59,0.142371,0.006115
61,CA1-DG,naive,CA1,60,0.731098,0.036262
61,CA1-DG,naive,CA1,61,0.048936,0.005363
61,CA1-DG,naive,CA1,62,0.011688,0.000481
61,CA1-DG,naive,CA1,63,0.454394,0.01059
61,CA1-DG,naive,DG,0,1.007164,0.053181
61,CA1-DG,naive,DG,1,0.908925,0.046153
61,CA1-DG,naive,DG,2,0.864466,0.055366
61,CA1-DG,naive,DG,3,0.022816,0.001052
61,CA1-DG,naive,DG,4,0.848208,0.0539
61,CA1-DG,naive,DG,5,0.786049,0.033806
61,CA1-DG,naive,DG,6,0.86911,0.038126
61,CA1-DG,naive,DG,7,1.022602,0.087436
61,CA1-DG,naive,DG,8,0.842151,0.035237
61,CA1-DG,naive,DG,9,0.118214,0.006595
61,CA1-DG,naive,DG,10,0.900849,0.052974
61,CA1-DG,naive,DG,11,1.032625,0.069171
61,CA1-DG,naive,DG,12,0.875856,0.038917
61,CA1-DG,naive,DG,13,0.695208,0.031106
61,CA1-DG,naive,DG,14,0.853032,0.032873
61,CA1-DG,naive,DG,15,0.951637,0.039791
61,CA1-DG,naive,DG,16,0.614671,0.033787
61,CA1-DG,naive,DG,17,0.79312,0.019255
61,CA1-DG,naive,DG,18,0.0,0.0
61,CA1-DG,naive,DG,19,0.028296,0.002203
61,CA1-DG,naive,DG,20,1.05801,0.037845
61,CA1-DG,naive,DG,21,0.81869,0.031397
61,CA1-DG,naive,DG,22,0.837209,0.037238
61,CA1-DG,naive,DG,23,0.01594,0.001036
61,CA1-DG,naive,DG,24,0.944592,0.03455
61,CA1-DG,intermediate,CA1,0,0.433617,0.033935
61,CA1-DG,intermediate,CA1,1,0.862011,0.02929
61,CA1-DG,intermediate,CA1,2,0.846491,0.0109
61,CA1-DG,intermediate,CA1,3,0.142335,0.010273
61,CA1-DG,intermediate,CA1,4,0.041086,0.000791
61,CA1-DG,intermediate,CA1,5,0.013705,0.000719
61,CA1-DG,intermediate,CA1,6,0.828966,0.024286
61,CA1-DG,intermediate,CA1,7,0.187709,0.006462
61,CA1-DG,intermediate,CA1,8,0.184371,0.008891
61,CA1-DG,intermediate,CA1,9,0.894878,0.011881
61,CA1-DG,intermediate,CA1,10,0.037571,0.003383
61,CA1-DG,intermediate,CA1,11,0.411257,0.069187
61,CA1-DG,intermediate,CA1,12,0.037201,0.000847
61,CA1-DG,intermediate,CA1,13,0.214891,0.005442
61,CA1-DG,intermediate,CA1,14,0.405566,0.067662
61,CA1-DG,intermediate,CA1,15,0.137123,0.004505
61,CA1-DG,intermediate,CA1,16,0.411353,0.010092
61,CA1-DG,intermediate,CA1,17,0.339373,0.015578
61,CA1-DG,intermediate,CA1,18,0.75718,0.010905
61,CA1-DG,intermediate,CA1,19,0.155991,0.006528
61,CA1-DG,intermediate,CA1,20,0.009634,0.000137
61,CA1-DG,intermediate,CA1,21,0.09627,0.001047
61,CA1-DG,intermediate,CA1,22,0.874806,0.020809
61,CA1-DG,intermediate,CA1,23,0.100531,0.010303
61,CA1-DG,intermediate,CA1,24,0.888387,0.014934
61,CA1-DG,intermediate,CA1,25,0.386406,0.065632
61,CA1-DG,intermediate,CA1,26,0.203073,0.008684
61,CA1-DG,intermediate,CA1,27,0.377665,0.065454
61,CA1-DG,intermediate,CA1,28,0.387367,0.06736
61,CA1-DG,intermediate,CA1,29,0.843326,0.038531
61,CA1-DG,intermediate,CA1,30,0.885472,0.037496
61,CA1-DG,intermediate,CA1,31,0.110182,0.002723
61,CA1-DG,intermediate,CA1,32,0.014639,0.001267
61,CA1-DG,intermediate,CA1,33,0.02984,0.001129
61,CA1-DG,intermediate,CA1,34,0.030149,0.000447
61,CA1-DG,intermediate,CA1,35,0.882566,0.01608
61,CA1-DG,intermediate,CA1,36,0.050072,0.005682
61,CA1-DG,intermediate,CA1,37,0.01226,0.00104
61,CA1-DG,intermediate,CA1,38,0.022615,0.001588
61,CA1-DG,intermediate,CA1,39,0.151879,0.004649
61,CA1-DG,intermediate,CA1,40,0.125567,0.003825
61,CA1-DG,intermediate,CA1,41,0.767193,0.016782
61,CA1-DG,intermediate,CA1,42,0.187069,0.005286
61,CA1-DG,intermediate,CA1,43,0.793064,0.013924
61,CA1-DG,intermediate,CA1,44,0.849909,0.022429
61,CA1-DG,intermediate,CA1,45,0.865609,0.028503
61,CA1-DG,intermediate,CA1,46,0.019269,0.001186
61,CA1-DG,intermediate,CA1,47,0.114405,0.007446
61,CA1-DG,intermediate,CA1,48,0.911942,0.020767
61,CA1-DG,intermediate,CA1,49,0.094964,0.002417
61,CA1-DG,intermediate,CA1,50,0.154766,0.004634
61,CA1-DG,intermediate,CA1,51,0.00792,0.000195
61,CA1-DG,intermediate,CA1,52,0.134577,0.009454
61,CA1-DG,intermediate,CA1,53,0.091147,0.004539
61,CA1-DG,intermediate,CA1,54,0.094595,0.003414
61,CA1-DG,intermediate,CA1,55,0.054941,0.001349
61,CA1-DG,intermediate,CA1,56,0.661946,0.015751
61,CA1-DG,intermediate,CA1,57,0.892416,0.030721
61,CA1-DG,intermediate,CA1,58,0.916644,0.009555
61,CA1-DG,intermediate,CA1,59,0.03799,0.000854
61,CA1-DG,intermediate,CA1,60,0.88729,0.014252
61,CA1-DG,intermediate,CA1,61,0.207716,0.014719
61,CA1-DG,intermediate,CA1,62,0.75119,0.010268
61,CA1-DG,intermediate,CA1,63,0.158361,0.00329
61,CA1-DG,intermediate,DG,0,1.138638,0.079241
61,CA1-DG,intermediate,DG,1,1.073815,0.077397
61,CA1-DG,intermediate,DG,2,0.189238,0.003528
61,CA1-DG,intermediate,DG,3,0.947418,0.02801
61,CA1-DG,intermediate,DG,4,1.097605,0.017803
61,CA1-DG,intermediate,DG,5,0.02639,0.003002
61,CA1-DG,intermediate,DG,6,1.100267,0.018259
61,CA1-DG,intermediate,DG,7,1.093717,0.136089
61,CA1-DG,intermediate,DG,8,1.057629,0.018319
61,CA1-DG,intermediate,DG,9,0.98362,0.084838
61,CA1-DG,intermediate,DG,10,1.195778,0.023126
61,CA1-DG,intermediate,DG,11,1.068718,0.028266
61,CA1-DG,intermediate,DG,12,1.02574,0.016647
61,CA1-DG,intermediate,DG,13,1.108491,0.033528
61,CA1-DG,intermediate,DG,14,1.048318,0.041145
61,CA1-DG,intermediate,DG,15,0.027106,0.000581
61,CA1-DG,intermediate,DG,16,1.0981,0.010484
61,CA1-DG,intermediate,DG,17,1.138569,0.012778
61,CA1-DG,intermediate,DG,18,0.855064,0.00636
61,CA1-DG,intermediate,DG,19,1.314641,0.049354
61,CA1-DG,intermediate,DG,20,0.308992,0.007244
61,CA1-DG,intermediate,DG,21,0.03193,0.001765
61,CA1-DG,intermediate,DG,22,1.093351,0.043518
61,CA1-DG,intermediate,DG,23,0.778787,0.00926
61,CA1-DG,intermediate,DG,24,1.170438,0.026333
61,CA1-DG,expert,CA1,0,0.652166,0.049847
61,CA1-DG,expert,CA1,1,0.912921,0.030608
61,CA1-DG,expert,CA1,2,0.704424,0.013966
61,CA1-DG,expert,CA1,3,0.127628,0.010274
61,CA1-DG,expert,CA1,4,0.020205,0.000493
61,CA1-DG,expert,CA1,5,0.023171,0.000477
61,CA1-DG,expert,CA1,6,0.04492,0.001074
61,CA1-DG,expert,CA1,7,0.881201,0.02164
61,CA1-DG,expert,CA1,8,0.143292,0.00465
61,CA1-DG,expert,CA1,9,0.713909,0.013625
61,CA1-DG,expert,CA1,10,0.067476,0.004034
61,CA1-DG,expert,CA1,11,0.434883,0.073411
61,CA1-DG,expert,CA1,12,0.052322,0.00238
61,CA1-DG,expert,CA1,13,0.193152,0.005859
61,CA1-DG,expert,CA1,14,0.415961,0.065725
61,CA1-DG,expert,CA1,15,0.154026,0.003525
61,CA1-DG,expert,CA1,16,0.244657,0.012706
61,CA1-DG,expert,CA1,17,0.84746,0.023233
61,CA1-DG,expert,CA1,18,0.781939,0.027751
61,CA1-DG,expert,CA1,19,0.097599,0.004257
61,CA1-DG,expert,CA1,20,0.007011,0.000134
61,CA1-DG,expert,CA1,21,0.184646,0.004253
61,CA1-DG,expert,CA1,22,0.892097,0.012716
61,CA1-DG,expert,CA1,23,0.098405,0.010546
61,CA1-DG,expert,CA1,24,0.930776,0.022662
61,CA1-DG,expert,CA1,25,0.387069,0.072427
61,CA1-DG,expert,CA1,26,0.629852,0.010589
61,CA1-DG,expert,CA1,27,0.357236,0.070168
61,CA1-DG,expert,CA1,28,0.414857,0.071674
61,CA1-DG,expert,CA1,29,0.815669,0.040141
61,CA1-DG,expert,CA1,30,0.714671,0.033616
61,CA1-DG,expert,CA1,31,0.037668,0.000643
61,CA1-DG,expert,CA1,32,0.009238,0.000461
61,CA1-DG,expert,CA1,33,0.923205,0.016908
61,CA1-DG,expert,CA1,34,0.027622,0.000694
61,CA1-DG,expert,CA1,35,0.178765,0.005085
61,CA1-DG,expert,CA1,36,0.024338,0.002762
61,CA1-DG,expert,CA1,37,0.016498,0.001611
61,CA1-DG,expert,CA1,38,0.011572,0.001325
61,CA1-DG,expert,CA1,39,0.13228,0.005087
61,CA1-DG,expert,CA1,40,0.066472,0.00229
61,CA1-DG,expert,CA1,41,0.808687,0.02651
61,CA1-DG,expert,CA1,42,0.12733,0.003394
61,CA1-DG,expert,CA1,43,0.034905,0.001134
61,CA1-DG,expert,CA1,44,0.838412,0.038502
61,CA1-DG,expert,CA1,45,0.879088,0.0323
61,CA1-DG,expert,CA1,46,0.365548,0.011569
61,CA1-DG,expert,CA1,47,0.088702,0.004079
61,CA1-DG,expert,CA1,48,0.842436,0.018948
61,CA1-DG,expert,CA1,49,0.008009,0.000264
61,CA1-DG,expert,CA1,50,0.102154,0.002188
61,CA1-DG,expert,CA1,51,0.012621,0.001291
61,CA1-DG,expert,CA1,52,0.187963,0.015065
61,CA1-DG,expert,CA1,53,0.845511,0.014421
61,CA1-DG,expert,CA1,54,0.907628,0.012093
61,CA1-DG,expert,CA1,55,0.36259,0.010835
61,CA1-DG,expert,CA1,56,0.208676,0.011112
61,CA1-DG,expert,CA1,57,0.036462,0.00088
61,CA1-DG,expert,CA1,58,0.912818,0.029427
61,CA1-DG,expert,CA1,59,0.029863,0.000821
61,CA1-DG,expert,CA1,60,0.87466,0.019698
61,CA1-DG,expert,CA1,61,0.105741,0.009434
61,CA1-DG,expert,CA1,62,0.084263,0.003631
61,CA1-DG,expert,CA1,63,0.00905,0.000207
61,CA1-DG,expert,DG,0,1.165708,0.069441
61,CA1-DG,expert,DG,1,1.138599,0.0979
61,CA1-DG,expert,DG,2,1.399885,0.03386
61,CA1-DG,expert,DG,3,0.886907,0.021343
61,CA1-DG,expert,DG,4,0.975349,0.020178
61,CA1-DG,expert,DG,5,0.019519,0.001232
61,CA1-DG,expert,DG,6,1.200364,0.025018
61,CA1-DG,expert,DG,7,1.088158,0.158595
61,CA1-DG,expert,DG,8,1.117328,0.03183
61,CA1-DG,expert,DG,9,1.009928,0.093755
61,CA1-DG,expert,DG,10,1.139007,0.018373
61,CA1-DG,expert,DG,11,1.073115,0.027163
61,CA1-DG,expert,DG,12,1.056068,0.023164
61,CA1-DG,expert,DG,13,0.699598,0.013315
61,CA1-DG,expert,DG,14,1.021606,0.033709
61,CA1-DG,expert,DG,15,0.034897,0.000901
61,CA1-DG,expert,DG,16,1.286963,0.025207
61,CA1-DG,expert,DG,17,1.351944,0.021817
61,CA1-DG,expert,DG,18,0.516874,0.011806
61,CA1-DG,expert,DG,19,0.040345,0.001635
61,CA1-DG,expert,DG,20,0.034008,0.001971
61,CA1-DG,expert,DG,21,1.242612,0.02318
61,CA1-DG,expert,DG,22,1.116875,0.051955
61,CA1-DG,expert,DG,23,0.699263,0.018711
61,CA1-DG,expert,DG,24,1.254059,0.031166
61,CA1-V1,naive,CA1,0,0.145927,0.006195
61,CA1-V1,naive,CA1,1,0.152941,0.004606
61,CA1-V1,naive,CA1,2,0.038691,0.002047
61,CA1-V1,naive,CA1,3,0.11447,0.004649
61,CA1-V1,naive,CA1,4,0.748898,0.047924
61,CA1-V1,naive,CA1,5,0.592561,0.03607
61,CA1-V1,naive,CA1,6,0.026706,0.002133
61,CA1-V1,naive,CA1,7,0.031015,0.001863
61,CA1-V1,naive,CA1,8,0.104823,0.006497
61,CA1-V1,naive,CA1,9,0.012752,0.000707
61,CA1-V1,naive,CA1,10,0.666592,0.054468
61,CA1-V1,naive,CA1,11,0.177869,0.008896
61,CA1-V1,naive,CA1,12,0.573705,0.033833
61,CA1-V1,naive,CA1,13,0.021541,0.001082
61,CA1-V1,naive,CA1,14,0.205441,0.012248
61,CA1-V1,naive,CA1,15,0.127267,0.00728
61,CA1-V1,naive,CA1,16,0.065692,0.0027
61,CA1-V1,naive,CA1,17,0.028241,0.00234
61,CA1-V1,naive,CA1,18,0.026286,0.001139
61,CA1-V1,naive,CA1,19,0.699636,0.041336
61,CA1-V1,naive,CA1,20,0.458089,0.034487
61,CA1-V1,naive,CA1,21,0.019611,0.001602
61,CA1-V1,naive,CA1,22,0.047252,0.002646
61,CA1-V1,naive,CA1,23,0.538913,0.037148
61,CA1-V1,naive,CA1,24,0.023203,0.001586
61,CA1-V1,naive,CA1,25,0.287366,0.017388
61,CA1-V1,naive,CA1,26,0.712054,0.037508
61,CA1-V1,naive,CA1,27,0.252792,0.016304
61,CA1-V1,naive,CA1,28,0.161822,0.009264
61,CA1-V1,naive,CA1,29,0.013566,0.000878
61,CA1-V1,naive,CA1,30,0.226543,0.009656
61,CA1-V1,naive,CA1,31,0.161072,0.004106
61,CA1-V1,naive,CA1,32,0.715246,0.049379
61,CA1-V1,naive,CA1,33,0.010239,0.0005
61,CA1-V1,naive,CA1,34,0.489212,0.058264
61,CA1-V1,naive,CA1,35,0.068589,0.004507
61,CA1-V1,naive,CA1,36,0.574466,0.036236
61,CA1-V1,naive,CA1,37,0.605807,0.029166
61,CA1-V1,naive,CA1,38,0.603184,0.06181
61,CA1-V1,naive,CA1,39,0.664227,0.047648
61,CA1-V1,naive,CA1,40,0.716802,0.044834
61,CA1-V1,naive,CA1,41,0.281972,0.013282
61,CA1-V1,naive,CA1,42,0.044038,0.004576
61,CA1-V1,naive,CA1,43,0.592368,0.047386
61,CA1-V1,naive,CA1,44,0.052657,0.002674
61,CA1-V1,naive,CA1,45,0.01649,0.001179
61,CA1-V1,naive,CA1,46,0.000704,2.7e-05
61,CA1-V1,naive,CA1,47,0.036156,0.002892
61,CA1-V1,naive,CA1,48,0.021823,0.001262
61,CA1-V1,naive,CA1,49,0.090618,0.006495
61,CA1-V1,naive,CA1,50,0.189779,0.010568
61,CA1-V1,naive,CA1,51,0.439759,0.026713
61,CA1-V1,naive,CA1,52,0.037634,0.001557
61,CA1-V1,naive,CA1,53,0.004234,0.000124
61,CA1-V1,naive,CA1,54,0.43782,0.015469
61,CA1-V1,naive,CA1,55,0.017783,0.0013
61,CA1-V1,naive,CA1,56,0.028514,0.001215
61,CA1-V1,naive,CA1,57,0.036491,0.002448
61,CA1-V1,naive,CA1,58,0.020123,0.001763
61,CA1-V1,naive,CA1,59,0.137869,0.009956
61,CA1-V1,naive,CA1,60,0.728668,0.034331
61,CA1-V1,naive,CA1,61,0.04653,0.001773
61,CA1-V1,naive,CA1,62,0.01177,0.000972
61,CA1-V1,naive,CA1,63,0.45137,0.027148
61,CA1-V1,naive,V1,0,0.008303,0.000333
61,CA1-V1,naive,V1,1,0.113212,0.007133
61,CA1-V1,naive,V1,2,0.156419,0.014482
61,CA1-V1,naive,V1,3,0.279353,0.015117
61,CA1-V1,naive,V1,4,0.424902,0.04098
61,CA1-V1,naive,V1,5,0.653745,0.068604
61,CA1-V1,naive,V1,6,0.119754,0.008215
61,CA1-V1,naive,V1,7,0.221534,0.013985
61,CA1-V1,naive,V1,8,0.082993,0.005917
61,CA1-V1,naive,V1,9,0.545249,0.046706
61,CA1-V1,naive,V1,10,0.207893,0.012237
61,CA1-V1,naive,V1,11,0.233932,0.022578
61,CA1-V1,naive,V1,12,0.792363,0.035619
61,CA1-V1,naive,V1,13,0.720938,0.036943
61,CA1-V1,naive,V1,14,0.058498,0.003016
61,CA1-V1,naive,V1,15,0.067365,0.004751
61,CA1-V1,naive,V1,16,0.03776,0.001845
61,CA1-V1,naive,V1,17,0.138658,0.010367
61,CA1-V1,naive,V1,18,0.691696,0.057328
61,CA1-V1,naive,V1,19,0.010886,0.001231
61,CA1-V1,naive,V1,20,0.11326,0.009408
61,CA1-V1,naive,V1,21,0.216994,0.017623
61,CA1-V1,naive,V1,22,0.13321,0.006596
61,CA1-V1,naive,V1,23,0.787893,0.046061
61,CA1-V1,naive,V1,24,0.72483,0.03974
61,CA1-V1,naive,V1,25,0.113407,0.005994
61,CA1-V1,naive,V1,26,0.062956,0.005892
61,CA1-V1,naive,V1,27,0.308362,0.02946
61,CA1-V1,naive,V1,28,0.183099,0.011206
61,CA1-V1,naive,V1,29,0.109224,0.005559
61,CA1-V1,naive,V1,30,0.371761,0.03999
61,CA1-V1,naive,V1,31,0.229702,0.011881
61,CA1-V1,naive,V1,32,0.049855,0.003156
61,CA1-V1,naive,V1,33,0.055985,0.003465
61,CA1-V1,naive,V1,34,0.127771,0.00857
61,CA1-V1,naive,V1,35,0.273629,0.025841
61,CA1-V1,naive,V1,36,0.339623,0.036352
61,CA1-V1,naive,V1,37,0.245353,0.010814
61,CA1-V1,naive,V1,38,0.171759,0.00925
61,CA1-V1,naive,V1,39,0.726044,0.039602
61,CA1-V1,naive,V1,40,0.151984,0.008369
61,CA1-V1,naive,V1,41,0.106723,0.006311
61,CA1-V1,naive,V1,42,0.115732,0.007673
61,CA1-V1,naive,V1,43,0.756032,0.026773
61,CA1-V1,naive,V1,44,0.21135,0.021743
61,CA1-V1,naive,V1,45,0.189638,0.015534
61,CA1-V1,naive,V1,46,0.091758,0.006602
61,CA1-V1,naive,V1,47,0.008215,0.000766
61,CA1-V1,naive,V1,48,0.110301,0.006731
61,CA1-V1,naive,V1,49,0.042348,0.002432
61,CA1-V1,naive,V1,50,0.140538,0.009599
61,CA1-V1,naive,V1,51,0.177899,0.009894
61,CA1-V1,naive,V1,52,0.043759,0.002365
61,CA1-V1,naive,V1,53,0.370148,0.031436
61,CA1-V1,naive,V1,54,0.049611,0.003267
61,CA1-V1,naive,V1,55,0.231154,0.015007
61,CA1-V1,naive,V1,56,0.060744,0.007049
61,CA1-V1,naive,V1,57,0.015061,0.000832
61,CA1-V1,naive,V1,58,0.099636,0.006984
61,CA1-V1,naive,V1,59,0.021015,0.001793
61,CA1-V1,naive,V1,60,0.032964,0.002093
61,CA1-V1,naive,V1,61,0.405539,0.021254
61,CA1-V1,naive,V1,62,0.612028,0.048948
61,CA1-V1,naive,V1,63,0.739914,0.079032
61,CA1-V1,naive,V1,64,0.497243,0.019321
61,CA1-V1,naive,V1,65,0.188272,0.009856
61,CA1-V1,naive,V1,66,0.052614,0.003053
61,CA1-V1,naive,V1,67,0.071818,0.004877
61,CA1-V1,naive,V1,68,0.514409,0.039332
61,CA1-V1,naive,V1,69,0.000663,4.4e-05
61,CA1-V1,naive,V1,70,0.058488,0.004578
61,CA1-V1,naive,V1,71,0.763195,0.056645
61,CA1-V1,naive,V1,72,0.159351,0.014333
61,CA1-V1,naive,V1,73,0.040173,0.004044
61,CA1-V1,naive,V1,74,0.003667,0.000325
61,CA1-V1,naive,V1,75,0.06913,0.005159
61,CA1-V1,naive,V1,76,0.618052,0.04651
61,CA1-V1,naive,V1,77,0.00771,0.000438
61,CA1-V1,naive,V1,78,0.721147,0.039743
61,CA1-V1,naive,V1,79,0.071136,0.006188
61,CA1-V1,naive,V1,80,0.107623,0.005774
61,CA1-V1,naive,V1,81,0.086755,0.006295
61,CA1-V1,naive,V1,82,0.460546,0.041447
61,CA1-V1,naive,V1,83,0.140233,0.008166
61,CA1-V1,naive,V1,84,0.20544,0.01068
61,CA1-V1,naive,V1,85,0.535036,0.021173
61,CA1-V1,naive,V1,86,0.754943,0.027573
61,CA1-V1,naive,V1,87,0.046417,0.003701
61,CA1-V1,naive,V1,88,0.122888,0.00534
61,CA1-V1,naive,V1,89,0.047184,0.002656
61,CA1-V1,naive,V1,90,0.707056,0.026327
61,CA1-V1,naive,V1,91,0.108247,0.007932
61,CA1-V1,naive,V1,92,0.675612,0.036421
61,CA1-V1,intermediate,CA1,0,0.420823,0.014787
61,CA1-V1,intermediate,CA1,1,0.868583,0.022775
61,CA1-V1,intermediate,CA1,2,0.847489,0.014389
61,CA1-V1,intermediate,CA1,3,0.14418,0.007211
61,CA1-V1,intermediate,CA1,4,0.041726,0.003254
61,CA1-V1,intermediate,CA1,5,0.013421,0.000581
61,CA1-V1,intermediate,CA1,6,0.827862,0.03455
61,CA1-V1,intermediate,CA1,7,0.188063,0.00663
61,CA1-V1,intermediate,CA1,8,0.189283,0.021393
61,CA1-V1,intermediate,CA1,9,0.893502,0.015691
61,CA1-V1,intermediate,CA1,10,0.03746,0.002461
61,CA1-V1,intermediate,CA1,11,0.402218,0.019859
61,CA1-V1,intermediate,CA1,12,0.034,0.002548
61,CA1-V1,intermediate,CA1,13,0.219189,0.015042
61,CA1-V1,intermediate,CA1,14,0.420497,0.036647
61,CA1-V1,intermediate,CA1,15,0.139465,0.003661
61,CA1-V1,intermediate,CA1,16,0.413979,0.045158
61,CA1-V1,intermediate,CA1,17,0.351659,0.027531
61,CA1-V1,intermediate,CA1,18,0.754947,0.041336
61,CA1-V1,intermediate,CA1,19,0.160231,0.010366
61,CA1-V1,intermediate,CA1,20,0.009979,0.000414
61,CA1-V1,intermediate,CA1,21,0.094829,0.008544
61,CA1-V1,intermediate,CA1,22,0.860432,0.024448
61,CA1-V1,intermediate,CA1,23,0.102119,0.007084
61,CA1-V1,intermediate,CA1,24,0.886512,0.034868
61,CA1-V1,intermediate,CA1,25,0.396033,0.02657
61,CA1-V1,intermediate,CA1,26,0.202704,0.008249
61,CA1-V1,intermediate,CA1,27,0.380746,0.023173
61,CA1-V1,intermediate,CA1,28,0.394808,0.025147
61,CA1-V1,intermediate,CA1,29,0.841233,0.044331
61,CA1-V1,intermediate,CA1,30,0.884428,0.057331
61,CA1-V1,intermediate,CA1,31,0.109349,0.007353
61,CA1-V1,intermediate,CA1,32,0.014736,0.00116
61,CA1-V1,intermediate,CA1,33,0.03034,0.001184
61,CA1-V1,intermediate,CA1,34,0.030505,0.002546
61,CA1-V1,intermediate,CA1,35,0.879713,0.050669
61,CA1-V1,intermediate,CA1,36,0.050343,0.002985
61,CA1-V1,intermediate,CA1,37,0.012193,0.000318
61,CA1-V1,intermediate,CA1,38,0.022619,0.002034
61,CA1-V1,intermediate,CA1,39,0.154405,0.005406
61,CA1-V1,intermediate,CA1,40,0.132778,0.015158
61,CA1-V1,intermediate,CA1,41,0.764959,0.038549
61,CA1-V1,intermediate,CA1,42,0.1966,0.017314
61,CA1-V1,intermediate,CA1,43,0.791647,0.038166
61,CA1-V1,intermediate,CA1,44,0.844285,0.046677
61,CA1-V1,intermediate,CA1,45,0.863286,0.02265
61,CA1-V1,intermediate,CA1,46,0.02017,0.001323
61,CA1-V1,intermediate,CA1,47,0.121855,0.007906
61,CA1-V1,intermediate,CA1,48,0.910911,0.027111
61,CA1-V1,intermediate,CA1,49,0.094392,0.004891
61,CA1-V1,intermediate,CA1,50,0.158905,0.00743
61,CA1-V1,intermediate,CA1,51,0.00769,0.000809
61,CA1-V1,intermediate,CA1,52,0.140499,0.009959
61,CA1-V1,intermediate,CA1,53,0.091214,0.004172
61,CA1-V1,intermediate,CA1,54,0.091231,0.002572
61,CA1-V1,intermediate,CA1,55,0.054895,0.002522
61,CA1-V1,intermediate,CA1,56,0.661014,0.037028
61,CA1-V1,intermediate,CA1,57,0.891249,0.028228
61,CA1-V1,intermediate,CA1,58,0.907597,0.136294
61,CA1-V1,intermediate,CA1,59,0.037534,0.00262
61,CA1-V1,intermediate,CA1,60,0.884515,0.052606
61,CA1-V1,intermediate,CA1,61,0.216962,0.017671
61,CA1-V1,intermediate,CA1,62,0.750757,0.052865
61,CA1-V1,intermediate,CA1,63,0.156602,0.005838
61,CA1-V1,intermediate,V1,0,0.688934,0.013445
61,CA1-V1,intermediate,V1,1,0.38484,0.014686
61,CA1-V1,intermediate,V1,2,0.070866,0.002882
61,CA1-V1,intermediate,V1,3,0.012596,0.000871
61,CA1-V1,intermediate,V1,4,0.182965,0.019544
61,CA1-V1,intermediate,V1,5,0.095012,0.011977
61,CA1-V1,intermediate,V1,6,0.071954,0.002153
61,CA1-V1,intermediate,V1,7,0.246704,0.013092
61,CA1-V1,intermediate,V1,8,0.134225,0.004792
61,CA1-V1,intermediate,V1,9,0.106606,0.012504
61,CA1-V1,intermediate,V1,10,0.142799,0.008747
61,CA1-V1,intermediate,V1,11,0.250319,0.026932
61,CA1-V1,intermediate,V1,12,0.1736,0.015954
61,CA1-V1,intermediate,V1,13,0.054629,0.004213
61,CA1-V1,intermediate,V1,14,0.728258,0.09054
61,CA1-V1,intermediate,V1,15,0.051898,0.003371
61,CA1-V1,intermediate,V1,16,0.449968,0.04441
61,CA1-V1,intermediate,V1,17,0.308021,0.026734
61,CA1-V1,intermediate,V1,18,0.16823,0.014074
61,CA1-V1,intermediate,V1,19,0.744019,0.035136
61,CA1-V1,intermediate,V1,20,0.111609,0.007217
61,CA1-V1,intermediate,V1,21,0.164212,0.019547
61,CA1-V1,intermediate,V1,22,0.33794,0.041172
61,CA1-V1,intermediate,V1,23,0.089361,0.007555
61,CA1-V1,intermediate,V1,24,0.081961,0.002531
61,CA1-V1,intermediate,V1,25,0.37542,0.034982
61,CA1-V1,intermediate,V1,26,0.473057,0.057912
61,CA1-V1,intermediate,V1,27,0.210545,0.022656
61,CA1-V1,intermediate,V1,28,0.228713,0.01951
61,CA1-V1,intermediate,V1,29,0.2497,0.017294
61,CA1-V1,intermediate,V1,30,0.115973,0.005841
61,CA1-V1,intermediate,V1,31,0.753396,0.016464
61,CA1-V1,intermediate,V1,32,0.425465,0.00933
61,CA1-V1,intermediate,V1,33,0.420686,0.008183
61,CA1-V1,intermediate,V1,34,0.109311,0.010545
61,CA1-V1,intermediate,V1,35,0.24415,0.013978
61,CA1-V1,intermediate,V1,36,0.19939,0.007928
61,CA1-V1,intermediate,V1,37,0.121104,0.011559
61,CA1-V1,intermediate,V1,38,0.283518,0.009423
61,CA1-V1,intermediate,V1,39,0.126348,0.00478
61,CA1-V1,intermediate,V1,40,0.136842,0.007976
61,CA1-V1,intermediate,V1,41,0.144511,0.011276
61,CA1-V1,intermediate,V1,42,0.229719,0.016565
61,CA1-V1,intermediate,V1,43,0.065998,0.002191
61,CA1-V1,intermediate,V1,44,0.178058,0.007497
61,CA1-V1,intermediate,V1,45,0.143135,0.007507
61,CA1-V1,intermediate,V1,46,0.102942,0.008202
61,CA1-V1,intermediate,V1,47,0.109907,0.004576
61,CA1-V1,intermediate,V1,48,0.204732,0.014009
61,CA1-V1,intermediate,V1,49,0.394555,0.012831
61,CA1-V1,intermediate,V1,50,0.109141,0.005169
61,CA1-V1,intermediate,V1,51,0.088469,0.002934
61,CA1-V1,intermediate,V1,52,0.485137,0.017614
61,CA1-V1,intermediate,V1,53,0.127669,0.009024
61,CA1-V1,intermediate,V1,54,0.572444,0.013769
61,CA1-V1,intermediate,V1,55,0.275467,0.008973
61,CA1-V1,intermediate,V1,56,0.529354,0.020424
61,CA1-V1,intermediate,V1,57,0.785403,0.040565
61,CA1-V1,intermediate,V1,58,0.187044,0.013192
61,CA1-V1,intermediate,V1,59,0.775688,0.037879
61,CA1-V1,intermediate,V1,60,0.061356,0.002086
61,CA1-V1,intermediate,V1,61,0.207278,0.013928
61,CA1-V1,intermediate,V1,62,0.102156,0.001953
61,CA1-V1,intermediate,V1,63,0.182705,0.013688
61,CA1-V1,intermediate,V1,64,0.010561,0.001048
61,CA1-V1,intermediate,V1,65,0.438208,0.021115
61,CA1-V1,intermediate,V1,66,0.507016,0.015169
61,CA1-V1,intermediate,V1,67,0.735751,0.051122
61,CA1-V1,intermediate,V1,68,0.009433,0.000806
61,CA1-V1,intermediate,V1,69,0.635186,0.022234
61,CA1-V1,intermediate,V1,70,0.085315,0.005896
61,CA1-V1,intermediate,V1,71,0.096948,0.00672
61,CA1-V1,intermediate,V1,72,0.192664,0.008207
61,CA1-V1,intermediate,V1,73,0.536966,0.01633
61,CA1-V1,intermediate,V1,74,0.591927,0.022671
61,CA1-V1,intermediate,V1,75,0.143306,0.004977
61,CA1-V1,intermediate,V1,76,0.164061,0.005689
61,CA1-V1,intermediate,V1,77,0.688083,0.025448
61,CA1-V1,intermediate,V1,78,0.0129,0.001097
61,CA1-V1,intermediate,V1,79,0.283007,0.02751
61,CA1-V1,intermediate,V1,80,0.148667,0.008013
61,CA1-V1,intermediate,V1,81,0.08246,0.005682
61,CA1-V1,intermediate,V1,82,0.145747,0.006831
61,CA1-V1,intermediate,V1,83,0.183883,0.007876
61,CA1-V1,intermediate,V1,84,0.14477,0.011841
61,CA1-V1,intermediate,V1,85,0.179242,0.010931
61,CA1-V1,intermediate,V1,86,0.16637,0.009585
61,CA1-V1,intermediate,V1,87,0.739467,0.023637
61,CA1-V1,intermediate,V1,88,0.237331,0.012616
61,CA1-V1,intermediate,V1,89,0.213261,0.009479
61,CA1-V1,intermediate,V1,90,0.77599,0.017609
61,CA1-V1,intermediate,V1,91,0.101508,0.009008
61,CA1-V1,intermediate,V1,92,0.511526,0.008777
61,CA1-V1,expert,CA1,0,0.646593,0.027451
61,CA1-V1,expert,CA1,1,0.91268,0.012241
61,CA1-V1,expert,CA1,2,0.72311,0.023583
61,CA1-V1,expert,CA1,3,0.132991,0.012656
61,CA1-V1,expert,CA1,4,0.020326,0.000895
61,CA1-V1,expert,CA1,5,0.023399,0.001391
61,CA1-V1,expert,CA1,6,0.044822,0.002756
61,CA1-V1,expert,CA1,7,0.877173,0.058893
61,CA1-V1,expert,CA1,8,0.146491,0.016611
61,CA1-V1,expert,CA1,9,0.721847,0.033095
61,CA1-V1,expert,CA1,10,0.06804,0.005325
61,CA1-V1,expert,CA1,11,0.433912,0.025684
61,CA1-V1,expert,CA1,12,0.056544,0.004724
61,CA1-V1,expert,CA1,13,0.197523,0.015919
61,CA1-V1,expert,CA1,14,0.424192,0.023939
61,CA1-V1,expert,CA1,15,0.155709,0.010205
61,CA1-V1,expert,CA1,16,0.245624,0.022121
61,CA1-V1,expert,CA1,17,0.845629,0.064753
61,CA1-V1,expert,CA1,18,0.775656,0.019712
61,CA1-V1,expert,CA1,19,0.100926,0.005202
61,CA1-V1,expert,CA1,20,0.006881,0.000398
61,CA1-V1,expert,CA1,21,0.185539,0.00764
61,CA1-V1,expert,CA1,22,0.891282,0.037247
61,CA1-V1,expert,CA1,23,0.101203,0.00946
61,CA1-V1,expert,CA1,24,0.930223,0.048853
61,CA1-V1,expert,CA1,25,0.396466,0.029936
61,CA1-V1,expert,CA1,26,0.617852,0.017015
61,CA1-V1,expert,CA1,27,0.363955,0.021154
61,CA1-V1,expert,CA1,28,0.424351,0.022175
61,CA1-V1,expert,CA1,29,0.813386,0.05477
61,CA1-V1,expert,CA1,30,0.71028,0.020681
61,CA1-V1,expert,CA1,31,0.037941,0.000976
61,CA1-V1,expert,CA1,32,0.008924,0.000803
61,CA1-V1,expert,CA1,33,0.920471,0.033248
61,CA1-V1,expert,CA1,34,0.027902,0.000898
61,CA1-V1,expert,CA1,35,0.183,0.016144
61,CA1-V1,expert,CA1,36,0.023753,0.001478
61,CA1-V1,expert,CA1,37,0.016494,0.001302
61,CA1-V1,expert,CA1,38,0.011663,0.0006
61,CA1-V1,expert,CA1,39,0.133266,0.009565
61,CA1-V1,expert,CA1,40,0.069037,0.004497
61,CA1-V1,expert,CA1,41,0.806942,0.052482
61,CA1-V1,expert,CA1,42,0.131673,0.010676
61,CA1-V1,expert,CA1,43,0.035164,0.00146
61,CA1-V1,expert,CA1,44,0.830074,0.078952
61,CA1-V1,expert,CA1,45,0.877015,0.044403
61,CA1-V1,expert,CA1,46,0.364363,0.03368
61,CA1-V1,expert,CA1,47,0.089987,0.006301
61,CA1-V1,expert,CA1,48,0.84378,0.050482
61,CA1-V1,expert,CA1,49,0.008006,0.000277
61,CA1-V1,expert,CA1,50,0.110711,0.008003
61,CA1-V1,expert,CA1,51,0.012519,0.001008
61,CA1-V1,expert,CA1,52,0.187936,0.012492
61,CA1-V1,expert,CA1,53,0.843466,0.03365
61,CA1-V1,expert,CA1,54,0.906372,0.018569
61,CA1-V1,expert,CA1,55,0.355955,0.014294
61,CA1-V1,expert,CA1,56,0.207717,0.007745
61,CA1-V1,expert,CA1,57,0.036927,0.001671
61,CA1-V1,expert,CA1,58,0.908015,0.089434
61,CA1-V1,expert,CA1,59,0.030147,0.001391
61,CA1-V1,expert,CA1,60,0.869847,0.077918
61,CA1-V1,expert,CA1,61,0.10889,0.010848
61,CA1-V1,expert,CA1,62,0.085675,0.005063
61,CA1-V1,expert,CA1,63,0.009138,0.000912
61,CA1-V1,expert,V1,0,0.754429,0.030428
61,CA1-V1,expert,V1,1,0.335166,0.020536
61,CA1-V1,expert,V1,2,0.122934,0.005964
61,CA1-V1,expert,V1,3,0.011559,0.000937
61,CA1-V1,expert,V1,4,0.107711,0.005418
61,CA1-V1,expert,V1,5,0.063453,0.006254
61,CA1-V1,expert,V1,6,0.043722,0.002417
61,CA1-V1,expert,V1,7,0.261722,0.016595
61,CA1-V1,expert,V1,8,0.162934,0.012161
61,CA1-V1,expert,V1,9,0.086548,0.010264
61,CA1-V1,expert,V1,10,0.15459,0.016826
61,CA1-V1,expert,V1,11,0.18902,0.01996
61,CA1-V1,expert,V1,12,0.050687,0.003643
61,CA1-V1,expert,V1,13,0.066989,0.005329
61,CA1-V1,expert,V1,14,0.737805,0.069313
61,CA1-V1,expert,V1,15,0.071422,0.005114
61,CA1-V1,expert,V1,16,0.500647,0.036129
61,CA1-V1,expert,V1,17,0.349365,0.030244
61,CA1-V1,expert,V1,18,0.048905,0.003741
61,CA1-V1,expert,V1,19,0.439082,0.01985
61,CA1-V1,expert,V1,20,0.739694,0.014348
61,CA1-V1,expert,V1,21,0.150745,0.015925
61,CA1-V1,expert,V1,22,0.305531,0.017796
61,CA1-V1,expert,V1,23,0.134634,0.005807
61,CA1-V1,expert,V1,24,0.142646,0.005783
61,CA1-V1,expert,V1,25,0.385894,0.032825
61,CA1-V1,expert,V1,26,0.648476,0.054341
61,CA1-V1,expert,V1,27,0.143023,0.010458
61,CA1-V1,expert,V1,28,0.215221,0.013591
61,CA1-V1,expert,V1,29,0.420122,0.026387
61,CA1-V1,expert,V1,30,0.205881,0.017071
61,CA1-V1,expert,V1,31,0.782866,0.042687
61,CA1-V1,expert,V1,32,0.496468,0.011875
61,CA1-V1,expert,V1,33,0.420331,0.010859
61,CA1-V1,expert,V1,34,0.114887,0.011304
61,CA1-V1,expert,V1,35,0.292811,0.029221
61,CA1-V1,expert,V1,36,0.260402,0.024939
61,CA1-V1,expert,V1,37,0.193105,0.017629
61,CA1-V1,expert,V1,38,0.464035,0.018799
61,CA1-V1,expert,V1,39,0.114349,0.005837
61,CA1-V1,expert,V1,40,0.082674,0.003699
61,CA1-V1,expert,V1,41,0.131444,0.007388
61,CA1-V1,expert,V1,42,0.162012,0.010648
61,CA1-V1,expert,V1,43,0.060418,0.005382
61,CA1-V1,expert,V1,44,0.15477,0.013896
61,CA1-V1,expert,V1,45,0.175631,0.018407
61,CA1-V1,expert,V1,46,0.238842,0.014131
61,CA1-V1,expert,V1,47,0.090448,0.007901
61,CA1-V1,expert,V1,48,0.118212,0.01149
61,CA1-V1,expert,V1,49,0.18087,0.015471
61,CA1-V1,expert,V1,50,0.219592,0.014313
61,CA1-V1,expert,V1,51,0.273475,0.017083
61,CA1-V1,expert,V1,52,0.357631,0.023984
61,CA1-V1,expert,V1,53,0.107673,0.006799
61,CA1-V1,expert,V1,54,0.447055,0.025541
61,CA1-V1,expert,V1,55,0.122617,0.007711
61,CA1-V1,expert,V1,56,0.739053,0.020454
61,CA1-V1,expert,V1,57,0.767564,0.028606
61,CA1-V1,expert,V1,58,0.111199,0.010586
61,CA1-V1,expert,V1,59,0.144948,0.010968
61,CA1-V1,expert,V1,60,0.074668,0.003495
61,CA1-V1,expert,V1,61,0.340885,0.02684
61,CA1-V1,expert,V1,62,0.643697,0.010825
61,CA1-V1,expert,V1,63,0.146404,0.010482
61,CA1-V1,expert,V1,64,0.007214,0.000208
61,CA1-V1,expert,V1,65,0.583209,0.012108
61,CA1-V1,expert,V1,66,0.252099,0.008873
61,CA1-V1,expert,V1,67,0.724009,0.065363
61,CA1-V1,expert,V1,68,0.461125,0.008586
61,CA1-V1,expert,V1,69,0.465137,0.035198
61,CA1-V1,expert,V1,70,0.126056,0.008054
61,CA1-V1,expert,V1,71,0.077409,0.004277
61,CA1-V1,expert,V1,72,0.166187,0.011746
61,CA1-V1,expert,V1,73,0.063881,0.001913
61,CA1-V1,expert,V1,74,0.70853,0.038466
61,CA1-V1,expert,V1,75,0.090282,0.006879
61,CA1-V1,expert,V1,76,0.141165,0.015717
61,CA1-V1,expert,V1,77,0.682979,0.02244
61,CA1-V1,expert,V1,78,0.009609,0.000598
61,CA1-V1,expert,V1,79,0.700498,0.021511
61,CA1-V1,expert,V1,80,0.278374,0.015156
61,CA1-V1,expert,V1,81,0.207098,0.013187
61,CA1-V1,expert,V1,82,0.172835,0.017574
61,CA1-V1,expert,V1,83,0.226992,0.014621
61,CA1-V1,expert,V1,84,0.13576,0.012923
61,CA1-V1,expert,V1,85,0.339238,0.018032
61,CA1-V1,expert,V1,86,0.050792,0.004699
61,CA1-V1,expert,V1,87,0.252827,0.023289
61,CA1-V1,expert,V1,88,0.148279,0.004968
61,CA1-V1,expert,V1,89,0.773385,0.02648
61,CA1-V1,expert,V1,90,0.077843,0.001414
61,CA1-V1,expert,V1,91,0.092134,0.009253
61,CA1-V1,expert,V1,92,0.0295,0.003409
61,CA3-DG,naive,CA3,0,0.615938,0.08432
61,CA3-DG,naive,CA3,1,0.201353,0.021398
61,CA3-DG,naive,CA3,2,0.717486,0.103911
61,CA3-DG,naive,CA3,3,0.867954,0.029856
61,CA3-DG,naive,CA3,4,0.774217,0.088466
61,CA3-DG,naive,CA3,5,1.005258,0.098647
61,CA3-DG,naive,CA3,6,0.09895,0.011256
61,CA3-DG,naive,CA3,7,0.008598,0.001156
61,CA3-DG,naive,CA3,8,0.861365,0.062835
61,CA3-DG,naive,CA3,9,0.72766,0.171398
61,CA3-DG,naive,CA3,10,0.049962,0.011907
61,CA3-DG,naive,CA3,11,0.834444,0.050423
61,CA3-DG,naive,CA3,12,0.868497,0.053179
61,CA3-DG,naive,CA3,13,0.558762,0.141112
61,CA3-DG,naive,CA3,14,0.050402,0.014732
61,CA3-DG,naive,CA3,15,0.99366,0.077777
61,CA3-DG,naive,CA3,16,0.855613,0.012945
61,CA3-DG,naive,CA3,17,0.945583,0.084029
61,CA3-DG,naive,CA3,18,0.795478,0.035846
61,CA3-DG,naive,CA3,19,0.012734,0.001254
61,CA3-DG,naive,CA3,20,0.983699,0.016746
61,CA3-DG,naive,CA3,21,0.485641,0.013839
61,CA3-DG,naive,CA3,22,0.158634,0.037008
61,CA3-DG,naive,CA3,23,0.897701,0.112539
61,CA3-DG,naive,CA3,24,0.488907,0.017268
61,CA3-DG,naive,CA3,25,0.019404,0.001735
61,CA3-DG,naive,CA3,26,0.797233,0.182003
61,CA3-DG,naive,CA3,27,0.894146,0.056132
61,CA3-DG,naive,CA3,28,0.117617,0.006532
61,CA3-DG,naive,CA3,29,0.770661,0.283394
61,CA3-DG,naive,CA3,30,0.358335,0.132012
61,CA3-DG,naive,CA3,31,0.001524,0.000281
61,CA3-DG,naive,CA3,32,0.814632,0.022965
61,CA3-DG,naive,DG,0,1.001651,0.173692
61,CA3-DG,naive,DG,1,0.908428,0.102614
61,CA3-DG,naive,DG,2,0.789448,0.286893
61,CA3-DG,naive,DG,3,0.028041,0.004379
61,CA3-DG,naive,DG,4,0.848894,0.015607
61,CA3-DG,naive,DG,5,0.784952,0.050203
61,CA3-DG,naive,DG,6,0.859415,0.157027
61,CA3-DG,naive,DG,7,1.013932,0.217528
61,CA3-DG,naive,DG,8,0.837357,0.11841
61,CA3-DG,naive,DG,9,0.180434,0.035722
61,CA3-DG,naive,DG,10,0.901362,0.035153
61,CA3-DG,naive,DG,11,1.01542,0.189967
61,CA3-DG,naive,DG,12,0.876084,0.034673
61,CA3-DG,naive,DG,13,0.694926,0.014619
61,CA3-DG,naive,DG,14,0.852823,0.01967
61,CA3-DG,naive,DG,15,0.9517,0.020649
61,CA3-DG,naive,DG,16,0.614533,0.01665
61,CA3-DG,naive,DG,17,0.793676,0.018165
61,CA3-DG,naive,DG,18,0.000241,8.1e-05
61,CA3-DG,naive,DG,19,0.026697,0.003387
61,CA3-DG,naive,DG,20,1.058387,0.021545
61,CA3-DG,naive,DG,21,0.819065,0.014033
61,CA3-DG,naive,DG,22,0.837731,0.085273
61,CA3-DG,naive,DG,23,0.01457,0.001229
61,CA3-DG,naive,DG,24,0.945265,0.021781
61,CA3-DG,intermediate,CA3,0,0.928857,0.111999
61,CA3-DG,intermediate,CA3,1,1.004521,0.160411
61,CA3-DG,intermediate,CA3,2,0.717376,0.200878
61,CA3-DG,intermediate,CA3,3,1.014354,0.039015
61,CA3-DG,intermediate,CA3,4,0.34647,0.04938
61,CA3-DG,intermediate,CA3,5,1.039026,0.083226
61,CA3-DG,intermediate,CA3,6,0.916529,0.067346
61,CA3-DG,intermediate,CA3,7,0.803708,0.026352
61,CA3-DG,intermediate,CA3,8,0.804061,0.09851
61,CA3-DG,intermediate,CA3,9,0.473822,0.072047
61,CA3-DG,intermediate,CA3,10,1.019873,0.059711
61,CA3-DG,intermediate,CA3,11,0.909656,0.074166
61,CA3-DG,intermediate,CA3,12,0.033209,0.004047
61,CA3-DG,intermediate,CA3,13,0.580541,0.190001
61,CA3-DG,intermediate,CA3,14,0.964629,0.129921
61,CA3-DG,intermediate,CA3,15,0.948878,0.117013
61,CA3-DG,intermediate,CA3,16,0.898132,0.02632
61,CA3-DG,intermediate,CA3,17,0.820922,0.083523
61,CA3-DG,intermediate,CA3,18,0.050575,0.007411
61,CA3-DG,intermediate,CA3,19,0.438653,0.007506
61,CA3-DG,intermediate,CA3,20,1.075777,0.015512
61,CA3-DG,intermediate,CA3,21,0.000558,7e-05
61,CA3-DG,intermediate,CA3,22,0.964319,0.034577
61,CA3-DG,intermediate,CA3,23,0.087552,0.012847
61,CA3-DG,intermediate,CA3,24,0.038099,0.0065
61,CA3-DG,intermediate,CA3,25,0.785503,0.011435
61,CA3-DG,intermediate,CA3,26,0.648132,0.140569
61,CA3-DG,intermediate,CA3,27,0.695233,0.080656
61,CA3-DG,intermediate,CA3,28,0.964683,0.013142
61,CA3-DG,intermediate,CA3,29,0.069656,0.009859
61,CA3-DG,intermediate,CA3,30,0.036283,0.003579
61,CA3-DG,intermediate,CA3,31,0.759768,0.015015
61,CA3-DG,intermediate,CA3,32,0.001527,0.00019
61,CA3-DG,intermediate,DG,0,1.123936,0.145784
61,CA3-DG,intermediate,DG,1,1.075872,0.080605
61,CA3-DG,intermediate,DG,2,0.213039,0.009947
61,CA3-DG,intermediate,DG,3,0.924791,0.191287
61,CA3-DG,intermediate,DG,4,1.10351,0.023638
61,CA3-DG,intermediate,DG,5,0.032531,0.004391
61,CA3-DG,intermediate,DG,6,1.091657,0.105884
61,CA3-DG,intermediate,DG,7,1.087248,0.167288
61,CA3-DG,intermediate,DG,8,1.052572,0.08411
61,CA3-DG,intermediate,DG,9,0.919965,0.280791
61,CA3-DG,intermediate,DG,10,1.196108,0.020832
61,CA3-DG,intermediate,DG,11,1.05344,0.176718
61,CA3-DG,intermediate,DG,12,1.024878,0.049093
61,CA3-DG,intermediate,DG,13,1.058,0.026481
61,CA3-DG,intermediate,DG,14,1.048992,0.027749
61,CA3-DG,intermediate,DG,15,0.02726,0.002352
61,CA3-DG,intermediate,DG,16,1.097783,0.016586
61,CA3-DG,intermediate,DG,17,1.139236,0.016412
61,CA3-DG,intermediate,DG,18,0.855079,0.010614
61,CA3-DG,intermediate,DG,19,1.319407,0.027632
61,CA3-DG,intermediate,DG,20,0.271293,0.008522
61,CA3-DG,intermediate,DG,21,0.029323,0.00204
61,CA3-DG,intermediate,DG,22,1.091603,0.080702
61,CA3-DG,intermediate,DG,23,0.779841,0.011753
61,CA3-DG,intermediate,DG,24,1.170735,0.01749
61,CA3-DG,expert,CA3,0,1.031362,0.116132
61,CA3-DG,expert,CA3,1,0.998116,0.193268
61,CA3-DG,expert,CA3,2,0.828966,0.187575
61,CA3-DG,expert,CA3,3,1.030247,0.0208
61,CA3-DG,expert,CA3,4,1.044275,0.056417
61,CA3-DG,expert,CA3,5,0.426962,0.0953
61,CA3-DG,expert,CA3,6,0.861353,0.042873
61,CA3-DG,expert,CA3,7,0.81202,0.01635
61,CA3-DG,expert,CA3,8,0.711364,0.147391
61,CA3-DG,expert,CA3,9,0.74132,0.163203
61,CA3-DG,expert,CA3,10,0.098342,0.01226
61,CA3-DG,expert,CA3,11,1.004606,0.062271
61,CA3-DG,expert,CA3,12,0.017348,0.003413
61,CA3-DG,expert,CA3,13,0.571439,0.167245
61,CA3-DG,expert,CA3,14,0.864858,0.104113
61,CA3-DG,expert,CA3,15,1.018743,0.125719
61,CA3-DG,expert,CA3,16,0.997191,0.042999
61,CA3-DG,expert,CA3,17,1.085579,0.068798
61,CA3-DG,expert,CA3,18,0.03933,0.0085
61,CA3-DG,expert,CA3,19,0.838857,0.021015
61,CA3-DG,expert,CA3,20,0.426834,0.003944
61,CA3-DG,expert,CA3,21,0.093474,0.017092
61,CA3-DG,expert,CA3,22,0.20866,0.039617
61,CA3-DG,expert,CA3,23,0.145781,0.030304
61,CA3-DG,expert,CA3,24,0.01731,0.00383
61,CA3-DG,expert,CA3,25,1.031093,0.020635
61,CA3-DG,expert,CA3,26,1.024166,0.172194
61,CA3-DG,expert,CA3,27,1.041668,0.063235
61,CA3-DG,expert,CA3,28,0.017986,0.002867
61,CA3-DG,expert,CA3,29,0.926578,0.280036
61,CA3-DG,expert,CA3,30,0.208792,0.062824
61,CA3-DG,expert,CA3,31,0.768057,0.018809
61,CA3-DG,expert,CA3,32,0.001803,0.00037
61,CA3-DG,expert,DG,0,1.15588,0.157468
61,CA3-DG,expert,DG,1,1.141098,0.087081
61,CA3-DG,expert,DG,2,1.273195,0.388232
61,CA3-DG,expert,DG,3,0.866551,0.194349
61,CA3-DG,expert,DG,4,0.975082,0.019238
61,CA3-DG,expert,DG,5,0.028311,0.005777
61,CA3-DG,expert,DG,6,1.18666,0.18251
61,CA3-DG,expert,DG,7,1.087643,0.166926
61,CA3-DG,expert,DG,8,1.113591,0.099671
61,CA3-DG,expert,DG,9,0.943682,0.264112
61,CA3-DG,expert,DG,10,1.138825,0.02279
61,CA3-DG,expert,DG,11,1.058935,0.162487
61,CA3-DG,expert,DG,12,1.055089,0.053927
61,CA3-DG,expert,DG,13,0.698149,0.011873
61,CA3-DG,expert,DG,14,1.021635,0.035686
61,CA3-DG,expert,DG,15,0.031498,0.003952
61,CA3-DG,expert,DG,16,1.287409,0.023284
61,CA3-DG,expert,DG,17,1.352142,0.021543
61,CA3-DG,expert,DG,18,0.517072,0.014317
61,CA3-DG,expert,DG,19,0.03919,0.002445
61,CA3-DG,expert,DG,20,0.033563,0.003696
61,CA3-DG,expert,DG,21,1.243149,0.014756
61,CA3-DG,expert,DG,22,1.116263,0.073432
61,CA3-DG,expert,DG,23,0.699335,0.013638
61,CA3-DG,expert,DG,24,1.256006,0.022262
61,V1-RSC,naive,V1,0,0.008052,0.000797
61,V1-RSC,naive,V1,1,0.115819,0.013856
61,V1-RSC,naive,V1,2,0.156265,0.009584
61,V1-RSC,naive,V1,3,0.254151,0.020169
61,V1-RSC,naive,V1,4,0.415772,0.072528
61,V1-RSC,naive,V1,5,0.652757,0.041168
61,V1-RSC,naive,V1,6,0.13481,0.027057
61,V1-RSC,naive,V1,7,0.236583,0.024861
61,V1-RSC,naive,V1,8,0.090768,0.011899
61,V1-RSC,naive,V1,9,0.529503,0.040327
61,V1-RSC,naive,V1,10,0.210275,0.046295
61,V1-RSC,naive,V1,11,0.253969,0.055343
61,V1-RSC,naive,V1,12,0.787172,0.032612
61,V1-RSC,naive,V1,13,0.719161,0.051052
61,V1-RSC,naive,V1,14,0.059218,0.010693
61,V1-RSC,naive,V1,15,0.063077,0.009665
61,V1-RSC,naive,V1,16,0.043805,0.010497
61,V1-RSC,naive,V1,17,0.145688,0.02097
61,V1-RSC,naive,V1,18,0.683774,0.072311
61,V1-RSC,naive,V1,19,0.011211,0.001362
61,V1-RSC,naive,V1,20,0.109954,0.014224
61,V1-RSC,naive,V1,21,0.235026,0.045945
61,V1-RSC,naive,V1,22,0.153981,0.032331
61,V1-RSC,naive,V1,23,0.775285,0.058775
61,V1-RSC,naive,V1,24,0.720511,0.04051
61,V1-RSC,naive,V1,25,0.118192,0.012875
61,V1-RSC,naive,V1,26,0.070294,0.013514
61,V1-RSC,naive,V1,27,0.293961,0.049723
61,V1-RSC,naive,V1,28,0.196388,0.015889
61,V1-RSC,naive,V1,29,0.116433,0.008025
61,V1-RSC,naive,V1,30,0.371772,0.046415
61,V1-RSC,naive,V1,31,0.233347,0.033705
61,V1-RSC,naive,V1,32,0.049202,0.002415
61,V1-RSC,naive,V1,33,0.057374,0.00359
61,V1-RSC,naive,V1,34,0.13217,0.011652
61,V1-RSC,naive,V1,35,0.272576,0.034065
61,V1-RSC,naive,V1,36,0.338681,0.040761
61,V1-RSC,naive,V1,37,0.244284,0.025131
61,V1-RSC,naive,V1,38,0.172759,0.018842
61,V1-RSC,naive,V1,39,0.728561,0.033082
61,V1-RSC,naive,V1,40,0.158194,0.019483
61,V1-RSC,naive,V1,41,0.11006,0.009487
61,V1-RSC,naive,V1,42,0.121588,0.010334
61,V1-RSC,naive,V1,43,0.751378,0.041188
61,V1-RSC,naive,V1,44,0.214333,0.033019
61,V1-RSC,naive,V1,45,0.197637,0.015493
61,V1-RSC,naive,V1,46,0.110249,0.016939
61,V1-RSC,naive,V1,47,0.008787,0.000961
61,V1-RSC,naive,V1,48,0.111548,0.01653
61,V1-RSC,naive,V1,49,0.044429,0.005473
61,V1-RSC,naive,V1,50,0.158031,0.027501
61,V1-RSC,naive,V1,51,0.178053,0.032449
61,V1-RSC,naive,V1,52,0.047797,0.004982
61,V1-RSC,naive,V1,53,0.367623,0.052636
61,V1-RSC,naive,V1,54,0.051523,0.003665
61,V1-RSC,naive,V1,55,0.235209,0.053917
61,V1-RSC,naive,V1,56,0.063633,0.00872
61,V1-RSC,naive,V1,57,0.015057,0.00107
61,V1-RSC,naive,V1,58,0.102067,0.009637
61,V1-RSC,naive,V1,59,0.021155,0.001902
61,V1-RSC,naive,V1,60,0.033228,0.003123
61,V1-RSC,naive,V1,61,0.406739,0.098667
61,V1-RSC,naive,V1,62,0.606942,0.041512
61,V1-RSC,naive,V1,63,0.738252,0.04076
61,V1-RSC,naive,V1,64,0.496616,0.020637
61,V1-RSC,naive,V1,65,0.191228,0.011962
61,V1-RSC,naive,V1,66,0.052445,0.003885
61,V1-RSC,naive,V1,67,0.072721,0.005328
61,V1-RSC,naive,V1,68,0.514847,0.01965
61,V1-RSC,naive,V1,69,0.000524,6.1e-05
61,V1-RSC,naive,V1,70,0.059788,0.006049
61,V1-RSC,naive,V1,71,0.757625,0.061204
61,V1-RSC,naive,V1,72,0.15897,0.025136
61,V1-RSC,naive,V1,73,0.042647,0.004249
61,V1-RSC,naive,V1,74,0.003831,0.000197
61,V1-RSC,naive,V1,75,0.064378,0.007696
61,V1-RSC,naive,V1,76,0.585301,0.037739
61,V1-RSC,naive,V1,77,0.007836,0.000566
61,V1-RSC,naive,V1,78,0.718078,0.032155
61,V1-RSC,naive,V1,79,0.075654,0.0105
61,V1-RSC,naive,V1,80,0.117316,0.030581
61,V1-RSC,naive,V1,81,0.091326,0.015495
61,V1-RSC,naive,V1,82,0.440078,0.054028
61,V1-RSC,naive,V1,83,0.142447,0.029563
61,V1-RSC,naive,V1,84,0.22147,0.021916
61,V1-RSC,naive,V1,85,0.492131,0.059834
61,V1-RSC,naive,V1,86,0.752099,0.040305
61,V1-RSC,naive,V1,87,0.047907,0.00699
61,V1-RSC,naive,V1,88,0.130111,0.01267
61,V1-RSC,naive,V1,89,0.054623,0.01225
61,V1-RSC,naive,V1,90,0.704938,0.041026
61,V1-RSC,naive,V1,91,0.121637,0.02008
61,V1-RSC,naive,V1,92,0.654076,0.047591
61,V1-RSC,naive,RSC,0,0.018345,0.001932
61,V1-RSC,naive,RSC,1,0.207153,0.016697
61,V1-RSC,naive,RSC,2,0.815111,0.053704
61,V1-RSC,naive,RSC,3,0.048092,0.002379
61,V1-RSC,naive,RSC,4,0.791476,0.034343
61,V1-RSC,naive,RSC,5,0.461413,0.043077
61,V1-RSC,naive,RSC,6,0.710869,0.05684
61,V1-RSC,naive,RSC,7,0.072295,0.010186
61,V1-RSC,naive,RSC,8,0.22292,0.020884
61,V1-RSC,naive,RSC,9,0.232786,0.022261
61,V1-RSC,naive,RSC,10,0.181295,0.025753
61,V1-RSC,naive,RSC,11,0.461633,0.020716
61,V1-RSC,naive,RSC,12,0.144252,0.016237
61,V1-RSC,naive,RSC,13,0.194521,0.012711
61,V1-RSC,naive,RSC,14,0.21866,0.034507
61,V1-RSC,naive,RSC,15,0.061145,0.004374
61,V1-RSC,naive,RSC,16,0.779324,0.047888
61,V1-RSC,naive,RSC,17,0.186339,0.010834
61,V1-RSC,naive,RSC,18,0.150823,0.014942
61,V1-RSC,naive,RSC,19,0.058886,0.008836
61,V1-RSC,naive,RSC,20,0.025451,0.002993
61,V1-RSC,naive,RSC,21,0.158828,0.015058
61,V1-RSC,naive,RSC,22,0.115398,0.009645
61,V1-RSC,naive,RSC,23,0.28687,0.037769
61,V1-RSC,naive,RSC,24,0.0803,0.008502
61,V1-RSC,naive,RSC,25,0.56379,0.044201
61,V1-RSC,naive,RSC,26,0.074609,0.011969
61,V1-RSC,naive,RSC,27,0.077411,0.007187
61,V1-RSC,naive,RSC,28,0.066051,0.007428
61,V1-RSC,naive,RSC,29,0.080886,0.010488
61,V1-RSC,naive,RSC,30,0.020082,0.001901
61,V1-RSC,naive,RSC,31,0.19297,0.01072
61,V1-RSC,naive,RSC,32,0.237322,0.010798
61,V1-RSC,naive,RSC,33,0.256632,0.015409
61,V1-RSC,naive,RSC,34,0.537372,0.063398
61,V1-RSC,naive,RSC,35,0.351173,0.024491
61,V1-RSC,naive,RSC,36,0.084286,0.009415
61,V1-RSC,naive,RSC,37,0.154853,0.027282
61,V1-RSC,naive,RSC,38,0.369666,0.021999
61,V1-RSC,naive,RSC,39,0.01659,0.002506
61,V1-RSC,naive,RSC,40,0.22861,0.035951
61,V1-RSC,naive,RSC,41,0.363435,0.027324
61,V1-RSC,naive,RSC,42,0.3727,0.027858
61,V1-RSC,naive,RSC,43,0.273194,0.019714
61,V1-RSC,naive,RSC,44,0.521521,0.128299
61,V1-RSC,naive,RSC,45,0.295829,0.02048
61,V1-RSC,naive,RSC,46,0.403182,0.091463
61,V1-RSC,naive,RSC,47,0.422952,0.067732
61,V1-RSC,naive,RSC,48,0.6455,0.040839
61,V1-RSC,naive,RSC,49,0.371624,0.02205
61,V1-RSC,naive,RSC,50,0.408731,0.063099
61,V1-RSC,naive,RSC,51,0.326487,0.024483
61,V1-RSC,naive,RSC,52,0.187336,0.02406
61,V1-RSC,naive,RSC,53,0.141295,0.019632
61,V1-RSC,naive,RSC,54,0.145338,0.032979
61,V1-RSC,naive,RSC,55,0.08975,0.007678
61,V1-RSC,naive,RSC,56,0.125098,0.021769
61,V1-RSC,naive,RSC,57,0.138355,0.024416
61,V1-RSC,naive,RSC,58,0.346303,0.022161
61,V1-RSC,naive,RSC,59,0.101828,0.0149
61,V1-RSC,naive,RSC,60,0.294781,0.045322
61,V1-RSC,naive,RSC,61,0.094457,0.013764
61,V1-RSC,naive,RSC,62,0.294459,0.038732
61,V1-RSC,naive,RSC,63,0.164417,0.030679
61,V1-RSC,naive,RSC,64,0.077614,0.010007
61,V1-RSC,naive,RSC,65,0.099715,0.020936
61,V1-RSC,naive,RSC,66,0.245265,0.036559
61,V1-RSC,naive,RSC,67,0.110922,0.019599
61,V1-RSC,naive,RSC,68,0.419513,0.05452
61,V1-RSC,naive,RSC,69,0.189751,0.026532
61,V1-RSC,naive,RSC,70,0.563984,0.063346
61,V1-RSC,naive,RSC,71,0.248595,0.043956
61,V1-RSC,naive,RSC,72,0.124241,0.018661
61,V1-RSC,naive,RSC,73,0.553029,0.043411
61,V1-RSC,naive,RSC,74,0.089122,0.011825
61,V1-RSC,naive,RSC,75,0.062061,0.010837
61,V1-RSC,naive,RSC,76,0.245356,0.03545
61,V1-RSC,naive,RSC,77,0.046759,0.003789
61,V1-RSC,naive,RSC,78,0.080823,0.007253
61,V1-RSC,naive,RSC,79,0.018243,0.00285
61,V1-RSC,naive,RSC,80,0.10416,0.006991
61,V1-RSC,naive,RSC,81,0.064476,0.005039
61,V1-RSC,naive,RSC,82,0.476474,0.025674
61,V1-RSC,naive,RSC,83,0.215386,0.035501
61,V1-RSC,naive,RSC,84,0.252567,0.016255
61,V1-RSC,naive,RSC,85,0.17378,0.030416
61,V1-RSC,naive,RSC,86,0.163904,0.015996
61,V1-RSC,naive,RSC,87,0.155183,0.00966
61,V1-RSC,naive,RSC,88,0.113188,0.007604
61,V1-RSC,naive,RSC,89,0.058563,0.004349
61,V1-RSC,naive,RSC,90,0.076821,0.015068
61,V1-RSC,naive,RSC,91,0.353303,0.065596
61,V1-RSC,naive,RSC,92,0.350046,0.025109
61,V1-RSC,naive,RSC,93,0.690568,0.034589
61,V1-RSC,naive,RSC,94,0.194683,0.011339
61,V1-RSC,naive,RSC,95,0.042646,0.002301
61,V1-RSC,naive,RSC,96,0.733699,0.053677
61,V1-RSC,naive,RSC,97,0.248326,0.020143
61,V1-RSC,naive,RSC,98,0.095094,0.00855
61,V1-RSC,naive,RSC,99,0.367765,0.023396
61,V1-RSC,naive,RSC,100,0.373632,0.043783
61,V1-RSC,naive,RSC,101,0.338678,0.020341
61,V1-RSC,naive,RSC,102,0.165298,0.029517
61,V1-RSC,naive,RSC,103,0.124534,0.011025
61,V1-RSC,naive,RSC,104,0.213644,0.025124
61,V1-RSC,naive,RSC,105,0.831525,0.030013
61,V1-RSC,naive,RSC,106,0.102941,0.010726
61,V1-RSC,naive,RSC,107,0.067363,0.007081
61,V1-RSC,naive,RSC,108,0.045634,0.004144
61,V1-RSC,naive,RSC,109,0.146448,0.018755
61,V1-RSC,naive,RSC,110,0.42776,0.026053
61,V1-RSC,naive,RSC,111,0.585249,0.038431
61,V1-RSC,naive,RSC,112,0.615403,0.038889
61,V1-RSC,naive,RSC,113,0.109766,0.00856
61,V1-RSC,naive,RSC,114,0.778337,0.020602
61,V1-RSC,intermediate,V1,0,0.687951,0.051386
61,V1-RSC,intermediate,V1,1,0.382366,0.086763
61,V1-RSC,intermediate,V1,2,0.070796,0.011911
61,V1-RSC,intermediate,V1,3,0.012639,0.001594
61,V1-RSC,intermediate,V1,4,0.188325,0.046619
61,V1-RSC,intermediate,V1,5,0.097066,0.026566
61,V1-RSC,intermediate,V1,6,0.078426,0.016079
61,V1-RSC,intermediate,V1,7,0.239821,0.031566
61,V1-RSC,intermediate,V1,8,0.148559,0.018709
61,V1-RSC,intermediate,V1,9,0.105435,0.019963
61,V1-RSC,intermediate,V1,10,0.143166,0.032995
61,V1-RSC,intermediate,V1,11,0.242001,0.067083
61,V1-RSC,intermediate,V1,12,0.160363,0.014948
61,V1-RSC,intermediate,V1,13,0.052084,0.009336
61,V1-RSC,intermediate,V1,14,0.726961,0.070519
61,V1-RSC,intermediate,V1,15,0.051802,0.004073
61,V1-RSC,intermediate,V1,16,0.439387,0.112916
61,V1-RSC,intermediate,V1,17,0.302535,0.050882
61,V1-RSC,intermediate,V1,18,0.170227,0.023704
61,V1-RSC,intermediate,V1,19,0.728995,0.083311
61,V1-RSC,intermediate,V1,20,0.112858,0.019664
61,V1-RSC,intermediate,V1,21,0.164747,0.047323
61,V1-RSC,intermediate,V1,22,0.36943,0.097174
61,V1-RSC,intermediate,V1,23,0.087496,0.016632
61,V1-RSC,intermediate,V1,24,0.078185,0.00865
61,V1-RSC,intermediate,V1,25,0.368991,0.049254
61,V1-RSC,intermediate,V1,26,0.439344,0.126442
61,V1-RSC,intermediate,V1,27,0.214321,0.054694
61,V1-RSC,intermediate,V1,28,0.239966,0.050116
61,V1-RSC,intermediate,V1,29,0.243509,0.036076
61,V1-RSC,intermediate,V1,30,0.119187,0.02561
61,V1-RSC,intermediate,V1,31,0.752674,0.076693
61,V1-RSC,intermediate,V1,32,0.423242,0.030522
61,V1-RSC,intermediate,V1,33,0.41912,0.033425
61,V1-RSC,intermediate,V1,34,0.113231,0.014176
61,V1-RSC,intermediate,V1,35,0.261356,0.061044
61,V1-RSC,intermediate,V1,36,0.212538,0.05128
61,V1-RSC,intermediate,V1,37,0.113369,0.026068
61,V1-RSC,intermediate,V1,38,0.286064,0.021364
61,V1-RSC,intermediate,V1,39,0.131074,0.017433
61,V1-RSC,intermediate,V1,40,0.142035,0.017249
61,V1-RSC,intermediate,V1,41,0.144057,0.022531
61,V1-RSC,intermediate,V1,42,0.205286,0.028428
61,V1-RSC,intermediate,V1,43,0.066613,0.01329
61,V1-RSC,intermediate,V1,44,0.177586,0.04146
61,V1-RSC,intermediate,V1,45,0.139904,0.028173
61,V1-RSC,intermediate,V1,46,0.10723,0.018364
61,V1-RSC,intermediate,V1,47,0.115949,0.019095
61,V1-RSC,intermediate,V1,48,0.193493,0.03753
61,V1-RSC,intermediate,V1,49,0.364355,0.057203
61,V1-RSC,intermediate,V1,50,0.119664,0.021276
61,V1-RSC,intermediate,V1,51,0.102516,0.021823
61,V1-RSC,intermediate,V1,52,0.464433,0.031276
61,V1-RSC,intermediate,V1,53,0.127211,0.02319
61,V1-RSC,intermediate,V1,54,0.532954,0.04532
61,V1-RSC,intermediate,V1,55,0.265026,0.039294
61,V1-RSC,intermediate,V1,56,0.501461,0.043152
61,V1-RSC,intermediate,V1,57,0.781914,0.064851
61,V1-RSC,intermediate,V1,58,0.179438,0.020804
61,V1-RSC,intermediate,V1,59,0.774841,0.031082
61,V1-RSC,intermediate,V1,60,0.061195,0.008103
61,V1-RSC,intermediate,V1,61,0.227711,0.049398
61,V1-RSC,intermediate,V1,62,0.099721,0.010877
61,V1-RSC,intermediate,V1,63,0.173323,0.04008
61,V1-RSC,intermediate,V1,64,0.010854,0.001447
61,V1-RSC,intermediate,V1,65,0.423345,0.05136
61,V1-RSC,intermediate,V1,66,0.524944,0.041048
61,V1-RSC,intermediate,V1,67,0.732832,0.053622
61,V1-RSC,intermediate,V1,68,0.009526,0.001842
61,V1-RSC,intermediate,V1,69,0.634159,0.036218
61,V1-RSC,intermediate,V1,70,0.091407,0.015618
61,V1-RSC,intermediate,V1,71,0.097252,0.020434
61,V1-RSC,intermediate,V1,72,0.201509,0.042864
61,V1-RSC,intermediate,V1,73,0.461989,0.033097
61,V1-RSC,intermediate,V1,74,0.591076,0.042149
61,V1-RSC,intermediate,V1,75,0.148442,0.022106
61,V1-RSC,intermediate,V1,76,0.171871,0.032222
61,V1-RSC,intermediate,V1,77,0.68602,0.044436
61,V1-RSC,intermediate,V1,78,0.012878,0.002494
61,V1-RSC,intermediate,V1,79,0.305834,0.04949
61,V1-RSC,intermediate,V1,80,0.160769,0.036723
61,V1-RSC,intermediate,V1,81,0.0838,0.014902
61,V1-RSC,intermediate,V1,82,0.162856,0.033628
61,V1-RSC,intermediate,V1,83,0.170188,0.038406
61,V1-RSC,intermediate,V1,84,0.15146,0.028908
61,V1-RSC,intermediate,V1,85,0.19459,0.026917
61,V1-RSC,intermediate,V1,86,0.161829,0.031319
61,V1-RSC,intermediate,V1,87,0.734677,0.048729
61,V1-RSC,intermediate,V1,88,0.23702,0.034497
61,V1-RSC,intermediate,V1,89,0.232918,0.043272
61,V1-RSC,intermediate,V1,90,0.781565,0.036345
61,V1-RSC,intermediate,V1,91,0.10249,0.024697
61,V1-RSC,intermediate,V1,92,0.510686,0.034135
61,V1-RSC,intermediate,RSC,0,0.658147,0.038843
61,V1-RSC,intermediate,RSC,1,0.180175,0.021619
61,V1-RSC,intermediate,RSC,2,0.280476,0.03764
61,V1-RSC,intermediate,RSC,3,0.408844,0.037727
61,V1-RSC,intermediate,RSC,4,0.100729,0.010374
61,V1-RSC,intermediate,RSC,5,0.240227,0.035341
61,V1-RSC,intermediate,RSC,6,0.524403,0.057676
61,V1-RSC,intermediate,RSC,7,0.392831,0.045838
61,V1-RSC,intermediate,RSC,8,0.063505,0.007153
61,V1-RSC,intermediate,RSC,9,0.124653,0.018515
61,V1-RSC,intermediate,RSC,10,0.326268,0.021449
61,V1-RSC,intermediate,RSC,11,0.3928,0.060169
61,V1-RSC,intermediate,RSC,12,0.573017,0.071362
61,V1-RSC,intermediate,RSC,13,0.289541,0.027105
61,V1-RSC,intermediate,RSC,14,0.48933,0.077775
61,V1-RSC,intermediate,RSC,15,0.533893,0.060211
61,V1-RSC,intermediate,RSC,16,0.303596,0.025287
61,V1-RSC,intermediate,RSC,17,0.296531,0.037405
61,V1-RSC,intermediate,RSC,18,0.694994,0.066489
61,V1-RSC,intermediate,RSC,19,0.46854,0.023979
61,V1-RSC,intermediate,RSC,20,0.349302,0.024325
61,V1-RSC,intermediate,RSC,21,0.228269,0.025437
61,V1-RSC,intermediate,RSC,22,0.311222,0.037829
61,V1-RSC,intermediate,RSC,23,0.219071,0.018425
61,V1-RSC,intermediate,RSC,24,0.5094,0.05565
61,V1-RSC,intermediate,RSC,25,0.14425,0.030494
61,V1-RSC,intermediate,RSC,26,0.271651,0.030235
61,V1-RSC,intermediate,RSC,27,0.60809,0.071843
61,V1-RSC,intermediate,RSC,28,0.469247,0.057238
61,V1-RSC,intermediate,RSC,29,0.307149,0.025981
61,V1-RSC,intermediate,RSC,30,0.619076,0.070598
61,V1-RSC,intermediate,RSC,31,0.388077,0.059834
61,V1-RSC,intermediate,RSC,32,0.291138,0.030026
61,V1-RSC,intermediate,RSC,33,0.314339,0.055417
61,V1-RSC,intermediate,RSC,34,0.568786,0.044386
61,V1-RSC,intermediate,RSC,35,0.312275,0.056599
61,V1-RSC,intermediate,RSC,36,0.232803,0.039469
61,V1-RSC,intermediate,RSC,37,0.314369,0.042913
61,V1-RSC,intermediate,RSC,38,0.360829,0.031687
61,V1-RSC,intermediate,RSC,39,0.737026,0.096239
61,V1-RSC,intermediate,RSC,40,0.271169,0.03707
61,V1-RSC,intermediate,RSC,41,0.341653,0.036039
61,V1-RSC,intermediate,RSC,42,0.353166,0.05919
61,V1-RSC,intermediate,RSC,43,0.403535,0.037536
61,V1-RSC,intermediate,RSC,44,0.196881,0.04107
61,V1-RSC,intermediate,RSC,45,0.424225,0.036656
61,V1-RSC,intermediate,RSC,46,0.275922,0.053196
61,V1-RSC,intermediate,RSC,47,0.27592,0.035262
61,V1-RSC,intermediate,RSC,48,0.122924,0.019075
61,V1-RSC,intermediate,RSC,49,0.379439,0.062111
61,V1-RSC,intermediate,RSC,50,0.351427,0.070282
61,V1-RSC,intermediate,RSC,51,0.292773,0.046958
61,V1-RSC,intermediate,RSC,52,0.256419,0.026257
61,V1-RSC,intermediate,RSC,53,0.248854,0.027959
61,V1-RSC,intermediate,RSC,54,0.319389,0.060184
61,V1-RSC,intermediate,RSC,55,0.175403,0.023027
61,V1-RSC,intermediate,RSC,56,0.280523,0.036341
61,V1-RSC,intermediate,RSC,57,0.273062,0.036474
61,V1-RSC,intermediate,RSC,58,0.390252,0.032969
61,V1-RSC,intermediate,RSC,59,0.33201,0.048642
61,V1-RSC,intermediate,RSC,60,0.269937,0.041738
61,V1-RSC,intermediate,RSC,61,0.258007,0.026064
61,V1-RSC,intermediate,RSC,62,0.139973,0.023093
61,V1-RSC,intermediate,RSC,63,0.210643,0.047938
61,V1-RSC,intermediate,RSC,64,0.379039,0.04682
61,V1-RSC,intermediate,RSC,65,0.347331,0.052607
61,V1-RSC,intermediate,RSC,66,0.239136,0.036341
61,V1-RSC,intermediate,RSC,67,0.322367,0.034399
61,V1-RSC,intermediate,RSC,68,0.31049,0.071561
61,V1-RSC,intermediate,RSC,69,0.398117,0.076638
61,V1-RSC,intermediate,RSC,70,0.247188,0.035958
61,V1-RSC,intermediate,RSC,71,0.282898,0.063784
61,V1-RSC,intermediate,RSC,72,0.296243,0.060572
61,V1-RSC,intermediate,RSC,73,0.267172,0.048437
61,V1-RSC,intermediate,RSC,74,0.080763,0.012313
61,V1-RSC,intermediate,RSC,75,0.290296,0.043009
61,V1-RSC,intermediate,RSC,76,0.257765,0.048466
61,V1-RSC,intermediate,RSC,77,0.072042,0.01656
61,V1-RSC,intermediate,RSC,78,0.16297,0.015381
61,V1-RSC,intermediate,RSC,79,0.814097,0.053039
61,V1-RSC,intermediate,RSC,80,0.422261,0.044185
61,V1-RSC,intermediate,RSC,81,0.268467,0.031644
61,V1-RSC,intermediate,RSC,82,0.363665,0.048605
61,V1-RSC,intermediate,RSC,83,0.401358,0.048078
61,V1-RSC,intermediate,RSC,84,0.202192,0.029081
61,V1-RSC,intermediate,RSC,85,0.327297,0.034528
61,V1-RSC,intermediate,RSC,86,0.14545,0.011036
61,V1-RSC,intermediate,RSC,87,0.166968,0.016019
61,V1-RSC,intermediate,RSC,88,0.29471,0.029803
61,V1-RSC,intermediate,RSC,89,0.238449,0.022928
61,V1-RSC,intermediate,RSC,90,0.242151,0.028614
61,V1-RSC,intermediate,RSC,91,0.164619,0.035425
61,V1-RSC,intermediate,RSC,92,0.338328,0.060841
61,V1-RSC,intermediate,RSC,93,0.088693,0.010878
61,V1-RSC,intermediate,RSC,94,0.1253,0.01765
61,V1-RSC,intermediate,RSC,95,0.243035,0.026483
61,V1-RSC,intermediate,RSC,96,0.208265,0.021202
61,V1-RSC,intermediate,RSC,97,0.289111,0.04186
61,V1-RSC,intermediate,RSC,98,0.254134,0.035813
61,V1-RSC,intermediate,RSC,99,0.294551,0.027966
61,V1-RSC,intermediate,RSC,100,0.193667,0.026706
61,V1-RSC,intermediate,RSC,101,0.333198,0.024723
61,V1-RSC,intermediate,RSC,102,0.473326,0.075355
61,V1-RSC,intermediate,RSC,103,0.140487,0.019675
61,V1-RSC,intermediate,RSC,104,0.207945,0.050215
61,V1-RSC,intermediate,RSC,105,0.023827,0.002887
61,V1-RSC,intermediate,RSC,106,0.259721,0.058681
61,V1-RSC,intermediate,RSC,107,0.279133,0.039331
61,V1-RSC,intermediate,RSC,108,0.818019,0.035841
61,V1-RSC,intermediate,RSC,109,0.342776,0.066819
61,V1-RSC,intermediate,RSC,110,0.008154,0.001767
61,V1-RSC,intermediate,RSC,111,0.117674,0.016506
61,V1-RSC,intermediate,RSC,112,0.030235,0.004713
61,V1-RSC,intermediate,RSC,113,0.434561,0.028954
61,V1-RSC,intermediate,RSC,114,0.036229,0.007906
61,V1-RSC,expert,V1,0,0.744862,0.056095
61,V1-RSC,expert,V1,1,0.332057,0.05815
61,V1-RSC,expert,V1,2,0.12163,0.014208
61,V1-RSC,expert,V1,3,0.012799,0.00201
61,V1-RSC,expert,V1,4,0.112054,0.015314
61,V1-RSC,expert,V1,5,0.065851,0.01132
61,V1-RSC,expert,V1,6,0.044095,0.008577
61,V1-RSC,expert,V1,7,0.253126,0.029676
61,V1-RSC,expert,V1,8,0.170603,0.033011
61,V1-RSC,expert,V1,9,0.090766,0.011614
61,V1-RSC,expert,V1,10,0.156521,0.033567
61,V1-RSC,expert,V1,11,0.195495,0.03942
61,V1-RSC,expert,V1,12,0.050283,0.004524
61,V1-RSC,expert,V1,13,0.062769,0.014394
61,V1-RSC,expert,V1,14,0.735092,0.074208
61,V1-RSC,expert,V1,15,0.072782,0.009691
61,V1-RSC,expert,V1,16,0.457549,0.114802
61,V1-RSC,expert,V1,17,0.342509,0.062969
61,V1-RSC,expert,V1,18,0.049959,0.006942
61,V1-RSC,expert,V1,19,0.426384,0.065266
61,V1-RSC,expert,V1,20,0.73629,0.054309
61,V1-RSC,expert,V1,21,0.156426,0.030777
61,V1-RSC,expert,V1,22,0.315882,0.079596
61,V1-RSC,expert,V1,23,0.138528,0.014808
61,V1-RSC,expert,V1,24,0.143084,0.008709
61,V1-RSC,expert,V1,25,0.384269,0.0518
61,V1-RSC,expert,V1,26,0.621505,0.113281
61,V1-RSC,expert,V1,27,0.148383,0.022619
61,V1-RSC,expert,V1,28,0.224143,0.052364
61,V1-RSC,expert,V1,29,0.417398,0.049691
61,V1-RSC,expert,V1,30,0.206745,0.036676
61,V1-RSC,expert,V1,31,0.777801,0.068412
61,V1-RSC,expert,V1,32,0.496542,0.019774
61,V1-RSC,expert,V1,33,0.419978,0.017071
61,V1-RSC,expert,V1,34,0.115548,0.020726
61,V1-RSC,expert,V1,35,0.2865,0.077527
61,V1-RSC,expert,V1,36,0.258925,0.064187
61,V1-RSC,expert,V1,37,0.186212,0.039807
61,V1-RSC,expert,V1,38,0.469485,0.028104
61,V1-RSC,expert,V1,39,0.114043,0.022513
61,V1-RSC,expert,V1,40,0.08505,0.006825
61,V1-RSC,expert,V1,41,0.130475,0.020382
61,V1-RSC,expert,V1,42,0.153951,0.022025
61,V1-RSC,expert,V1,43,0.057764,0.012904
61,V1-RSC,expert,V1,44,0.155108,0.032396
61,V1-RSC,expert,V1,45,0.172404,0.031876
61,V1-RSC,expert,V1,46,0.239625,0.025419
61,V1-RSC,expert,V1,47,0.093157,0.019176
61,V1-RSC,expert,V1,48,0.116757,0.023441
61,V1-RSC,expert,V1,49,0.171048,0.022828
61,V1-RSC,expert,V1,50,0.22329,0.040485
61,V1-RSC,expert,V1,51,0.277499,0.069739
61,V1-RSC,expert,V1,52,0.360144,0.036727
61,V1-RSC,expert,V1,53,0.101392,0.024504
61,V1-RSC,expert,V1,54,0.42203,0.0462
61,V1-RSC,expert,V1,55,0.125634,0.019226
61,V1-RSC,expert,V1,56,0.736719,0.05001
61,V1-RSC,expert,V1,57,0.764203,0.061
61,V1-RSC,expert,V1,58,0.109332,0.018082
61,V1-RSC,expert,V1,59,0.141331,0.030114
61,V1-RSC,expert,V1,60,0.072237,0.009595
61,V1-RSC,expert,V1,61,0.339105,0.089521
61,V1-RSC,expert,V1,62,0.643572,0.034676
61,V1-RSC,expert,V1,63,0.137638,0.029437
61,V1-RSC,expert,V1,64,0.0069,0.000912
61,V1-RSC,expert,V1,65,0.574367,0.038784
61,V1-RSC,expert,V1,66,0.251382,0.016414
61,V1-RSC,expert,V1,67,0.720792,0.049025
61,V1-RSC,expert,V1,68,0.460019,0.023948
61,V1-RSC,expert,V1,69,0.463645,0.041265
61,V1-RSC,expert,V1,70,0.127049,0.01985
61,V1-RSC,expert,V1,71,0.075625,0.012909
61,V1-RSC,expert,V1,72,0.181465,0.044154
61,V1-RSC,expert,V1,73,0.063877,0.008645
61,V1-RSC,expert,V1,74,0.707332,0.071362
61,V1-RSC,expert,V1,75,0.088131,0.015793
61,V1-RSC,expert,V1,76,0.141004,0.028727
61,V1-RSC,expert,V1,77,0.681227,0.039291
61,V1-RSC,expert,V1,78,0.010217,0.002136
61,V1-RSC,expert,V1,79,0.688509,0.099208
61,V1-RSC,expert,V1,80,0.260343,0.055724
61,V1-RSC,expert,V1,81,0.213772,0.046078
61,V1-RSC,expert,V1,82,0.177322,0.04222
61,V1-RSC,expert,V1,83,0.209838,0.035641
61,V1-RSC,expert,V1,84,0.139847,0.029552
61,V1-RSC,expert,V1,85,0.338551,0.065793
61,V1-RSC,expert,V1,86,0.049441,0.009458
61,V1-RSC,expert,V1,87,0.251051,0.030636
61,V1-RSC,expert,V1,88,0.147162,0.022151
61,V1-RSC,expert,V1,89,0.767482,0.089347
61,V1-RSC,expert,V1,90,0.07811,0.005826
61,V1-RSC,expert,V1,91,0.093167,0.023555
61,V1-RSC,expert,V1,92,0.029879,0.005117
61,V1-RSC,expert,RSC,0,0.721824,0.033571
61,V1-RSC,expert,RSC,1,0.209592,0.019483
61,V1-RSC,expert,RSC,2,0.57257,0.050051
61,V1-RSC,expert,RSC,3,0.795105,0.067566
61,V1-RSC,expert,RSC,4,0.114076,0.016145
61,V1-RSC,expert,RSC,5,0.145384,0.016405
61,V1-RSC,expert,RSC,6,0.354081,0.03231
61,V1-RSC,expert,RSC,7,0.280276,0.043375
61,V1-RSC,expert,RSC,8,0.12281,0.009704
61,V1-RSC,expert,RSC,9,0.119703,0.013907
61,V1-RSC,expert,RSC,10,0.18551,0.01934
61,V1-RSC,expert,RSC,11,0.184025,0.022354
61,V1-RSC,expert,RSC,12,0.509463,0.061129
61,V1-RSC,expert,RSC,13,0.27482,0.028199
61,V1-RSC,expert,RSC,14,0.463387,0.068222
61,V1-RSC,expert,RSC,15,0.673556,0.05497
61,V1-RSC,expert,RSC,16,0.216447,0.023263
61,V1-RSC,expert,RSC,17,0.343277,0.037547
61,V1-RSC,expert,RSC,18,0.573572,0.05015
61,V1-RSC,expert,RSC,19,0.295933,0.024929
61,V1-RSC,expert,RSC,20,0.357892,0.04169
61,V1-RSC,expert,RSC,21,0.173349,0.01392
61,V1-RSC,expert,RSC,22,0.230005,0.025429
61,V1-RSC,expert,RSC,23,0.389725,0.033725
61,V1-RSC,expert,RSC,24,0.369713,0.060969
61,V1-RSC,expert,RSC,25,0.169635,0.036262
61,V1-RSC,expert,RSC,26,0.187672,0.020376
61,V1-RSC,expert,RSC,27,0.442241,0.047009
61,V1-RSC,expert,RSC,28,0.419322,0.039244
61,V1-RSC,expert,RSC,29,0.208002,0.023464
61,V1-RSC,expert,RSC,30,0.697822,0.059931
61,V1-RSC,expert,RSC,31,0.336279,0.037502
61,V1-RSC,expert,RSC,32,0.260118,0.02844
61,V1-RSC,expert,RSC,33,0.252865,0.051254
61,V1-RSC,expert,RSC,34,0.654106,0.047184
61,V1-RSC,expert,RSC,35,0.281849,0.054185
61,V1-RSC,expert,RSC,36,0.198596,0.037513
61,V1-RSC,expert,RSC,37,0.32286,0.031947
61,V1-RSC,expert,RSC,38,0.412007,0.044963
61,V1-RSC,expert,RSC,39,0.742496,0.08047
61,V1-RSC,expert,RSC,40,0.254052,0.034582
61,V1-RSC,expert,RSC,41,0.335254,0.038926
61,V1-RSC,expert,RSC,42,0.33614,0.051074
61,V1-RSC,expert,RSC,43,0.2865,0.039877
61,V1-RSC,expert,RSC,44,0.115798,0.024686
61,V1-RSC,expert,RSC,45,0.322799,0.034393
61,V1-RSC,expert,RSC,46,0.223144,0.053136
61,V1-RSC,expert,RSC,47,0.145968,0.020419
61,V1-RSC,expert,RSC,48,0.078029,0.02066
61,V1-RSC,expert,RSC,49,0.320226,0.041568
61,V1-RSC,expert,RSC,50,0.277496,0.061936
61,V1-RSC,expert,RSC,51,0.250418,0.031528
61,V1-RSC,expert,RSC,52,0.222264,0.01974
61,V1-RSC,expert,RSC,53,0.208843,0.029913
61,V1-RSC,expert,RSC,54,0.218124,0.029196
61,V1-RSC,expert,RSC,55,0.203304,0.035507
61,V1-RSC,expert,RSC,56,0.26441,0.042337
61,V1-RSC,expert,RSC,57,0.297178,0.039127
61,V1-RSC,expert,RSC,58,0.175028,0.021805
61,V1-RSC,expert,RSC,59,0.453469,0.047014
61,V1-RSC,expert,RSC,60,0.203664,0.040059
61,V1-RSC,expert,RSC,61,0.208521,0.014417
61,V1-RSC,expert,RSC,62,0.073826,0.008398
61,V1-RSC,expert,RSC,63,0.184397,0.03724
61,V1-RSC,expert,RSC,64,0.450173,0.048303
61,V1-RSC,expert,RSC,65,0.320464,0.078592
61,V1-RSC,expert,RSC,66,0.309913,0.052067
61,V1-RSC,expert,RSC,67,0.275928,0.045815
61,V1-RSC,expert,RSC,68,0.359502,0.083858
61,V1-RSC,expert,RSC,69,0.142459,0.031153
61,V1-RSC,expert,RSC,70,0.124991,0.026477
61,V1-RSC,expert,RSC,71,0.237898,0.053999
61,V1-RSC,expert,RSC,72,0.259485,0.0679
61,V1-RSC,expert,RSC,73,0.133658,0.017192
61,V1-RSC,expert,RSC,74,0.579297,0.120949
61,V1-RSC,expert,RSC,75,0.166887,0.016624
61,V1-RSC,expert,RSC,76,0.121337,0.0236
61,V1-RSC,expert,RSC,77,0.099186,0.022421
61,V1-RSC,expert,RSC,78,0.17104,0.012426
61,V1-RSC,expert,RSC,79,0.778118,0.048793
61,V1-RSC,expert,RSC,80,0.272316,0.048508
61,V1-RSC,expert,RSC,81,0.226889,0.025016
61,V1-RSC,expert,RSC,82,0.215678,0.028502
61,V1-RSC,expert,RSC,83,0.422047,0.043579
61,V1-RSC,expert,RSC,84,0.16841,0.023658
61,V1-RSC,expert,RSC,85,0.236299,0.023872
61,V1-RSC,expert,RSC,86,0.243911,0.036023
61,V1-RSC,expert,RSC,87,0.199427,0.024121
61,V1-RSC,expert,RSC,88,0.16402,0.019075
61,V1-RSC,expert,RSC,89,0.088949,0.019662
61,V1-RSC,expert,RSC,90,0.391359,0.041579
61,V1-RSC,expert,RSC,91,0.132193,0.029092
61,V1-RSC,expert,RSC,92,0.361609,0.055662
61,V1-RSC,expert,RSC,93,0.46672,0.056133
61,V1-RSC,expert,RSC,94,0.136453,0.023396
61,V1-RSC,expert,RSC,95,0.388459,0.030654
61,V1-RSC,expert,RSC,96,0.262025,0.046226
61,V1-RSC,expert,RSC,97,0.266031,0.035881
61,V1-RSC,expert,RSC,98,0.241957,0.056122
61,V1-RSC,expert,RSC,99,0.267727,0.028586
61,V1-RSC,expert,RSC,100,0.314523,0.072344
61,V1-RSC,expert,RSC,101,0.298584,0.033883
61,V1-RSC,expert,RSC,102,0.479258,0.085075
61,V1-RSC,expert,RSC,103,0.072212,0.009647
61,V1-RSC,expert,RSC,104,0.180446,0.044106
61,V1-RSC,expert,RSC,105,0.064234,0.005676
61,V1-RSC,expert,RSC,106,0.318957,0.087054
61,V1-RSC,expert,RSC,107,0.303041,0.031205
61,V1-RSC,expert,RSC,108,0.548314,0.044338
61,V1-RSC,expert,RSC,109,0.341953,0.056009
61,V1-RSC,expert,RSC,110,0.006547,0.000596
61,V1-RSC,expert,RSC,111,0.094617,0.015408
61,V1-RSC,expert,RSC,112,0.023622,0.002444
61,V1-RSC,expert,RSC,113,0.404443,0.040136
61,V1-RSC,expert,RSC,114,0.69997,0.076707
63,CA1-RSC,naive,CA1,0,1.103891,0.062786
63,CA1-RSC,naive,CA1,1,1.048892,0.063313
63,CA1-RSC,naive,CA1,2,1.524101,0.014944
63,CA1-RSC,naive,CA1,3,1.118685,0.027838
63,CA1-RSC,naive,CA1,4,0.97185,0.036773
63,CA1-RSC,naive,CA1,5,1.194,0.021728
63,CA1-RSC,naive,CA1,6,1.394074,0.026947
63,CA1-RSC,naive,CA1,7,1.015316,0.062648
63,CA1-RSC,naive,CA1,8,1.09506,0.029584
63,CA1-RSC,naive,CA1,9,1.031346,0.020131
63,CA1-RSC,naive,CA1,10,0.957512,0.019572
63,CA1-RSC,naive,CA1,11,1.077496,0.038545
63,CA1-RSC,naive,CA1,12,0.780322,0.018096
63,CA1-RSC,naive,RSC,0,0.741819,0.012824
63,CA1-RSC,naive,RSC,1,0.331273,0.006682
63,CA1-RSC,naive,RSC,2,0.10042,0.004277
63,CA1-RSC,naive,RSC,3,0.08324,0.004892
63,CA1-RSC,naive,RSC,4,0.01296,0.000253
63,CA1-RSC,naive,RSC,5,0.025817,0.000956
63,CA1-RSC,naive,RSC,6,0.193433,0.01236
63,CA1-RSC,naive,RSC,7,0.069929,0.004089
63,CA1-RSC,naive,RSC,8,0.041686,0.001718
63,CA1-RSC,naive,RSC,9,0.134246,0.006245
63,CA1-RSC,naive,RSC,10,0.194041,0.004245
63,CA1-RSC,naive,RSC,11,0.078215,0.001395
63,CA1-RSC,naive,RSC,12,0.05649,0.002628
63,CA1-RSC,naive,RSC,13,0.296735,0.009609
63,CA1-RSC,naive,RSC,14,0.501163,0.013651
63,CA1-RSC,naive,RSC,15,0.314348,0.00813
63,CA1-RSC,naive,RSC,16,0.555516,0.026927
63,CA1-RSC,naive,RSC,17,0.253031,0.005316
63,CA1-RSC,naive,RSC,18,0.563996,0.013885
63,CA1-RSC,naive,RSC,19,0.245517,0.011498
63,CA1-RSC,naive,RSC,20,0.230744,0.006696
63,CA1-RSC,naive,RSC,21,0.109625,0.00485
63,CA1-RSC,naive,RSC,22,0.692037,0.066957
63,CA1-RSC,naive,RSC,23,0.265974,0.018537
63,CA1-RSC,naive,RSC,24,0.189724,0.008269
63,CA1-RSC,naive,RSC,25,0.806487,0.028606
63,CA1-RSC,naive,RSC,26,0.147438,0.006626
63,CA1-RSC,naive,RSC,27,0.040111,0.001215
63,CA1-RSC,naive,RSC,28,0.045695,0.001205
63,CA1-RSC,naive,RSC,29,0.086994,0.004553
63,CA1-RSC,naive,RSC,30,0.334287,0.008851
63,CA1-RSC,naive,RSC,31,0.131034,0.007374
63,CA1-RSC,naive,RSC,32,0.790399,0.02145
63,CA1-RSC,naive,RSC,33,0.16822,0.002082
63,CA1-RSC,naive,RSC,34,0.80373,0.030795
63,CA1-RSC,naive,RSC,35,0.759325,0.017351
63,CA1-RSC,naive,RSC,36,0.178409,0.004432
63,CA1-RSC,naive,RSC,37,0.745604,0.032804
63,CA1-RSC,naive,RSC,38,0.174023,0.010173
63,CA1-RSC,naive,RSC,39,0.597038,0.017199
63,CA1-RSC,naive,RSC,40,0.173249,0.005015
63,CA1-RSC,naive,RSC,41,0.672886,0.012636
63,CA1-RSC,naive,RSC,42,0.673766,0.009297
63,CA1-RSC,naive,RSC,43,0.319224,0.006774
63,CA1-RSC,naive,RSC,44,0.081661,0.004416
63,CA1-RSC,naive,RSC,45,0.214217,0.01081
63,CA1-RSC,naive,RSC,46,0.21931,0.01109
63,CA1-RSC,naive,RSC,47,0.460633,0.013662
63,CA1-RSC,naive,RSC,48,0.057593,0.001838
63,CA1-RSC,naive,RSC,49,0.641954,0.010162
63,CA1-RSC,naive,RSC,50,0.488588,0.00775
63,CA1-RSC,naive,RSC,51,0.020759,0.000248
63,CA1-RSC,naive,RSC,52,0.469708,0.011673
63,CA1-RSC,naive,RSC,53,0.006581,0.000195
63,CA1-RSC,naive,RSC,54,0.374013,0.010593
63,CA1-RSC,intermediate,CA1,0,0.958358,0.026901
63,CA1-RSC,intermediate,CA1,1,1.086362,0.030313
63,CA1-RSC,intermediate,CA1,2,1.645712,0.021031
63,CA1-RSC,intermediate,CA1,3,1.017155,0.017781
63,CA1-RSC,intermediate,CA1,4,0.988186,0.03699
63,CA1-RSC,intermediate,CA1,5,0.851184,0.026051
63,CA1-RSC,intermediate,CA1,6,1.140148,0.010669
63,CA1-RSC,intermediate,CA1,7,0.999534,0.079824
63,CA1-RSC,intermediate,CA1,8,1.102948,0.018628
63,CA1-RSC,intermediate,CA1,9,1.315707,0.022615
63,CA1-RSC,intermediate,CA1,10,1.000678,0.011222
63,CA1-RSC,intermediate,CA1,11,0.74983,0.012807
63,CA1-RSC,intermediate,CA1,12,1.112687,0.018623
63,CA1-RSC,intermediate,RSC,0,0.08747,0.006035
63,CA1-RSC,intermediate,RSC,1,0.086859,0.001671
63,CA1-RSC,intermediate,RSC,2,0.241021,0.019497
63,CA1-RSC,intermediate,RSC,3,0.085383,0.007105
63,CA1-RSC,intermediate,RSC,4,0.046271,0.003685
63,CA1-RSC,intermediate,RSC,5,0.655942,0.0301
63,CA1-RSC,intermediate,RSC,6,0.728796,0.065949
63,CA1-RSC,intermediate,RSC,7,0.09261,0.004013
63,CA1-RSC,intermediate,RSC,8,0.167583,0.013194
63,CA1-RSC,intermediate,RSC,9,0.714219,0.014624
63,CA1-RSC,intermediate,RSC,10,0.414465,0.023654
63,CA1-RSC,intermediate,RSC,11,0.264699,0.013958
63,CA1-RSC,intermediate,RSC,12,0.292757,0.006283
63,CA1-RSC,intermediate,RSC,13,0.033521,0.00083
63,CA1-RSC,intermediate,RSC,14,0.429163,0.010183
63,CA1-RSC,intermediate,RSC,15,0.48621,0.008202
63,CA1-RSC,intermediate,RSC,16,0.078962,0.00344
63,CA1-RSC,intermediate,RSC,17,0.338006,0.013501
63,CA1-RSC,intermediate,RSC,18,0.727777,0.027108
63,CA1-RSC,intermediate,RSC,19,0.421787,0.003586
63,CA1-RSC,intermediate,RSC,20,0.777356,0.015314
63,CA1-RSC,intermediate,RSC,21,0.649014,0.008479
63,CA1-RSC,intermediate,RSC,22,0.371498,0.015846
63,CA1-RSC,intermediate,RSC,23,0.199452,0.00358
63,CA1-RSC,intermediate,RSC,24,0.62514,0.011489
63,CA1-RSC,intermediate,RSC,25,0.173598,0.007392
63,CA1-RSC,intermediate,RSC,26,0.611088,0.007607
63,CA1-RSC,intermediate,RSC,27,0.447218,0.025227
63,CA1-RSC,intermediate,RSC,28,0.144558,0.00573
63,CA1-RSC,intermediate,RSC,29,0.125231,0.006895
63,CA1-RSC,intermediate,RSC,30,0.366883,0.009265
63,CA1-RSC,intermediate,RSC,31,0.468896,0.026613
63,CA1-RSC,intermediate,RSC,32,0.76361,0.009515
63,CA1-RSC,intermediate,RSC,33,0.134106,0.009943
63,CA1-RSC,intermediate,RSC,34,0.530215,0.009393
63,CA1-RSC,intermediate,RSC,35,0.207548,0.004751
63,CA1-RSC,intermediate,RSC,36,0.659632,0.009583
63,CA1-RSC,intermediate,RSC,37,0.32727,0.016653
63,CA1-RSC,intermediate,RSC,38,0.4926,0.009454
63,CA1-RSC,intermediate,RSC,39,0.098819,0.001731
63,CA1-RSC,intermediate,RSC,40,0.414359,0.009088
63,CA1-RSC,intermediate,RSC,41,0.622462,0.012655
63,CA1-RSC,intermediate,RSC,42,0.235889,0.004124
63,CA1-RSC,intermediate,RSC,43,0.407167,0.007062
63,CA1-RSC,intermediate,RSC,44,0.352623,0.017731
63,CA1-RSC,intermediate,RSC,45,0.369861,0.006248
63,CA1-RSC,intermediate,RSC,46,0.367318,0.005996
63,CA1-RSC,intermediate,RSC,47,0.762547,0.024174
63,CA1-RSC,intermediate,RSC,48,0.119631,0.002072
63,CA1-RSC,intermediate,RSC,49,0.707548,0.009243
63,CA1-RSC,intermediate,RSC,50,0.044705,0.001299
63,CA1-RSC,intermediate,RSC,51,0.251712,0.004458
63,CA1-RSC,intermediate,RSC,52,0.085964,0.004793
63,CA1-RSC,intermediate,RSC,53,0.591178,0.013403
63,CA1-RSC,intermediate,RSC,54,0.813925,0.013005
63,CA1-RSC,expert,CA1,0,0.956504,0.021524
63,CA1-RSC,expert,CA1,1,1.022558,0.034287
63,CA1-RSC,expert,CA1,2,1.464504,0.022099
63,CA1-RSC,expert,CA1,3,0.984873,0.023355
63,CA1-RSC,expert,CA1,4,0.990506,0.028314
63,CA1-RSC,expert,CA1,5,0.915765,0.01208
63,CA1-RSC,expert,CA1,6,1.05544,0.008305
63,CA1-RSC,expert,CA1,7,1.007557,0.071952
63,CA1-RSC,expert,CA1,8,1.121218,0.013982
63,CA1-RSC,expert,CA1,9,1.460855,0.011075
63,CA1-RSC,expert,CA1,10,0.986657,0.026636
63,CA1-RSC,expert,CA1,11,1.141524,0.013136
63,CA1-RSC,expert,CA1,12,1.184425,0.032418
63,CA1-RSC,expert,RSC,0,0.605578,0.018419
63,CA1-RSC,expert,RSC,1,0.04026,0.001549
63,CA1-RSC,expert,RSC,2,0.228853,0.018594
63,CA1-RSC,expert,RSC,3,0.069045,0.004187
63,CA1-RSC,expert,RSC,4,0.057381,0.004152
63,CA1-RSC,expert,RSC,5,0.699125,0.052006
63,CA1-RSC,expert,RSC,6,0.464806,0.041959
63,CA1-RSC,expert,RSC,7,0.088707,0.005456
63,CA1-RSC,expert,RSC,8,0.716929,0.013212
63,CA1-RSC,expert,RSC,9,0.663331,0.008828
63,CA1-RSC,expert,RSC,10,0.320165,0.015118
63,CA1-RSC,expert,RSC,11,0.234788,0.00478
63,CA1-RSC,expert,RSC,12,0.2705,0.00732
63,CA1-RSC,expert,RSC,13,0.049676,0.001771
63,CA1-RSC,expert,RSC,14,0.224173,0.003315
63,CA1-RSC,expert,RSC,15,0.460421,0.013639
63,CA1-RSC,expert,RSC,16,0.075788,0.002285
63,CA1-RSC,expert,RSC,17,0.312835,0.010083
63,CA1-RSC,expert,RSC,18,0.721182,0.021349
63,CA1-RSC,expert,RSC,19,0.274017,0.009965
63,CA1-RSC,expert,RSC,20,0.693563,0.008065
63,CA1-RSC,expert,RSC,21,0.564123,0.003545
63,CA1-RSC,expert,RSC,22,0.725491,0.033381
63,CA1-RSC,expert,RSC,23,0.236998,0.006915
63,CA1-RSC,expert,RSC,24,0.573008,0.00554
63,CA1-RSC,expert,RSC,25,0.147411,0.007901
63,CA1-RSC,expert,RSC,26,0.654091,0.020354
63,CA1-RSC,expert,RSC,27,0.507816,0.010743
63,CA1-RSC,expert,RSC,28,0.0594,0.003109
63,CA1-RSC,expert,RSC,29,0.027938,0.001422
63,CA1-RSC,expert,RSC,30,0.342701,0.009093
63,CA1-RSC,expert,RSC,31,0.292613,0.022873
63,CA1-RSC,expert,RSC,32,0.485368,0.010549
63,CA1-RSC,expert,RSC,33,0.178416,0.013436
63,CA1-RSC,expert,RSC,34,0.291608,0.010965
63,CA1-RSC,expert,RSC,35,0.200168,0.001191
63,CA1-RSC,expert,RSC,36,0.516663,0.005814
63,CA1-RSC,expert,RSC,37,0.569124,0.00888
63,CA1-RSC,expert,RSC,38,0.244141,0.007298
63,CA1-RSC,expert,RSC,39,0.098252,0.001876
63,CA1-RSC,expert,RSC,40,0.820568,0.012753
63,CA1-RSC,expert,RSC,41,0.595443,0.010392
63,CA1-RSC,expert,RSC,42,0.258481,0.00213
63,CA1-RSC,expert,RSC,43,0.450075,0.011827
63,CA1-RSC,expert,RSC,44,0.287638,0.007443
63,CA1-RSC,expert,RSC,45,0.509251,0.005197
63,CA1-RSC,expert,RSC,46,0.505365,0.005133
63,CA1-RSC,expert,RSC,47,0.069731,0.004051
63,CA1-RSC,expert,RSC,48,0.021505,0.000351
63,CA1-RSC,expert,RSC,49,0.105724,0.002706
63,CA1-RSC,expert,RSC,50,0.090511,0.003882
63,CA1-RSC,expert,RSC,51,0.276982,0.002176
63,CA1-RSC,expert,RSC,52,0.650099,0.020769
63,CA1-RSC,expert,RSC,53,0.781502,0.023215
63,CA1-RSC,expert,RSC,54,0.775356,0.014941
66,CA1-RSC,naive,CA1,0,0.690331,0.033374
66,CA1-RSC,naive,CA1,1,0.640478,0.019646
66,CA1-RSC,naive,CA1,2,0.249882,0.008566
66,CA1-RSC,naive,CA1,3,0.908999,0.024747
66,CA1-RSC,naive,CA1,4,0.937898,0.026686
66,CA1-RSC,naive,CA1,5,0.019876,0.001269
66,CA1-RSC,naive,CA1,6,0.006612,0.000441
66,CA1-RSC,naive,CA1,7,0.022933,0.001493
66,CA1-RSC,naive,CA1,8,1.235246,0.034491
66,CA1-RSC,naive,CA1,9,0.69535,0.022778
66,CA1-RSC,naive,CA1,10,0.742823,0.033411
66,CA1-RSC,naive,CA1,11,0.01767,0.000795
66,CA1-RSC,naive,CA1,12,0.947071,0.08877
66,CA1-RSC,naive,CA1,13,1.049692,0.020688
66,CA1-RSC,naive,CA1,14,0.836325,0.013978
66,CA1-RSC,naive,CA1,15,0.535536,0.023056
66,CA1-RSC,naive,CA1,16,0.823209,0.013525
66,CA1-RSC,naive,CA1,17,1.070428,0.021979
66,CA1-RSC,naive,CA1,18,1.180181,0.019843
66,CA1-RSC,naive,CA1,19,0.673232,0.018431
66,CA1-RSC,naive,CA1,20,0.97314,0.032017
66,CA1-RSC,naive,CA1,21,1.004753,0.01936
66,CA1-RSC,naive,CA1,22,0.094836,0.004637
66,CA1-RSC,naive,CA1,23,0.881702,0.035242
66,CA1-RSC,naive,CA1,24,0.088562,0.003881
66,CA1-RSC,naive,CA1,25,1.040824,0.044706
66,CA1-RSC,naive,CA1,26,0.25744,0.007959
66,CA1-RSC,naive,CA1,27,0.930563,0.017966
66,CA1-RSC,naive,CA1,28,0.778078,0.033344
66,CA1-RSC,naive,RSC,0,0.487103,0.008119
66,CA1-RSC,naive,RSC,1,0.536613,0.009234
66,CA1-RSC,naive,RSC,2,1.195106,0.030291
66,CA1-RSC,naive,RSC,3,0.986328,0.064594
66,CA1-RSC,naive,RSC,4,1.008654,0.044324
66,CA1-RSC,naive,RSC,5,0.965706,0.013576
66,CA1-RSC,naive,RSC,6,0.943606,0.021307
66,CA1-RSC,naive,RSC,7,1.428888,0.046159
66,CA1-RSC,naive,RSC,8,1.214167,0.040427
66,CA1-RSC,naive,RSC,9,0.833678,0.035244
66,CA1-RSC,naive,RSC,10,0.824825,0.016941
66,CA1-RSC,naive,RSC,11,0.742807,0.072837
66,CA1-RSC,naive,RSC,12,0.776046,0.017418
66,CA1-RSC,naive,RSC,13,0.804114,0.020506
66,CA1-RSC,naive,RSC,14,2.63699,0.049283
66,CA1-RSC,naive,RSC,15,1.143636,0.027178
66,CA1-RSC,naive,RSC,16,1.130355,0.01841
66,CA1-RSC,naive,RSC,17,0.562285,0.022772
66,CA1-RSC,intermediate,CA1,0,1.070793,0.031307
66,CA1-RSC,intermediate,CA1,1,0.639304,0.019112
66,CA1-RSC,intermediate,CA1,2,0.108565,0.003619
66,CA1-RSC,intermediate,CA1,3,0.192232,0.008238
66,CA1-RSC,intermediate,CA1,4,0.975914,0.018021
66,CA1-RSC,intermediate,CA1,5,0.771181,0.015124
66,CA1-RSC,intermediate,CA1,6,0.00404,0.000139
66,CA1-RSC,intermediate,CA1,7,0.855213,0.031787
66,CA1-RSC,intermediate,CA1,8,0.906597,0.032551
66,CA1-RSC,intermediate,CA1,9,1.015863,0.025471
66,CA1-RSC,intermediate,CA1,10,0.111506,0.00451
66,CA1-RSC,intermediate,CA1,11,0.097168,0.002997
66,CA1-RSC,intermediate,CA1,12,0.022297,0.000538
66,CA1-RSC,intermediate,CA1,13,0.95571,0.033575
66,CA1-RSC,intermediate,CA1,14,0.593487,0.014437
66,CA1-RSC,intermediate,CA1,15,0.510561,0.027171
66,CA1-RSC,intermediate,CA1,16,0.574846,0.028662
66,CA1-RSC,intermediate,CA1,17,0.835586,0.01675
66,CA1-RSC,intermediate,CA1,18,1.052292,0.017507
66,CA1-RSC,intermediate,CA1,19,0.752481,0.028773
66,CA1-RSC,intermediate,CA1,20,0.935412,0.031316
66,CA1-RSC,intermediate,CA1,21,0.763449,0.021357
66,CA1-RSC,intermediate,CA1,22,0.23007,0.012328
66,CA1-RSC,intermediate,CA1,23,0.665526,0.035223
66,CA1-RSC,intermediate,CA1,24,0.785777,0.02583
66,CA1-RSC,intermediate,CA1,25,0.734906,0.027105
66,CA1-RSC,intermediate,CA1,26,0.873344,0.016864
66,CA1-RSC,intermediate,CA1,27,0.816376,0.022046
66,CA1-RSC,intermediate,CA1,28,0.71338,0.026905
66,CA1-RSC,intermediate,RSC,0,0.685026,0.020864
66,CA1-RSC,intermediate,RSC,1,0.748465,0.010805
66,CA1-RSC,intermediate,RSC,2,1.228219,0.034209
66,CA1-RSC,intermediate,RSC,3,0.990124,0.063503
66,CA1-RSC,intermediate,RSC,4,0.994747,0.038944
66,CA1-RSC,intermediate,RSC,5,0.969499,0.016569
66,CA1-RSC,intermediate,RSC,6,0.979295,0.013239
66,CA1-RSC,intermediate,RSC,7,1.118284,0.037742
66,CA1-RSC,intermediate,RSC,8,0.958008,0.027283
66,CA1-RSC,intermediate,RSC,9,1.408512,0.049666
66,CA1-RSC,intermediate,RSC,10,1.33296,0.039877
66,CA1-RSC,intermediate,RSC,11,1.051771,0.024968
66,CA1-RSC,intermediate,RSC,12,0.841253,0.024055
66,CA1-RSC,intermediate,RSC,13,0.947012,0.025847
66,CA1-RSC,intermediate,RSC,14,0.846756,0.02193
66,CA1-RSC,intermediate,RSC,15,1.174355,0.031585
66,CA1-RSC,intermediate,RSC,16,0.850914,0.029281
66,CA1-RSC,intermediate,RSC,17,1.097238,0.052882
66,CA1-RSC,expert,CA1,0,0.045668,0.001608
66,CA1-RSC,expert,CA1,1,0.762719,0.02175
66,CA1-RSC,expert,CA1,2,0.521531,0.018075
66,CA1-RSC,expert,CA1,3,0.805758,0.023034
66,CA1-RSC,expert,CA1,4,0.904532,0.018704
66,CA1-RSC,expert,CA1,5,0.712024,0.023471
66,CA1-RSC,expert,CA1,6,0.01077,0.000185
66,CA1-RSC,expert,CA1,7,0.789657,0.029923
66,CA1-RSC,expert,CA1,8,0.759546,0.029288
66,CA1-RSC,expert,CA1,9,0.149012,0.005689
66,CA1-RSC,expert,CA1,10,0.803204,0.026334
66,CA1-RSC,expert,CA1,11,0.039856,0.001483
66,CA1-RSC,expert,CA1,12,0.030429,0.00148
66,CA1-RSC,expert,CA1,13,0.810139,0.02205
66,CA1-RSC,expert,CA1,14,0.650489,0.008478
66,CA1-RSC,expert,CA1,15,0.579536,0.031641
66,CA1-RSC,expert,CA1,16,0.485238,0.010184
66,CA1-RSC,expert,CA1,17,0.948451,0.018408
66,CA1-RSC,expert,CA1,18,1.070128,0.01265
66,CA1-RSC,expert,CA1,19,0.727326,0.038455
66,CA1-RSC,expert,CA1,20,0.882692,0.027388
66,CA1-RSC,expert,CA1,21,0.997682,0.017403
66,CA1-RSC,expert,CA1,22,0.221838,0.007729
66,CA1-RSC,expert,CA1,23,0.897818,0.031016
66,CA1-RSC,expert,CA1,24,0.948619,0.037216
66,CA1-RSC,expert,CA1,25,0.797079,0.021502
66,CA1-RSC,expert,CA1,26,0.212284,0.007063
66,CA1-RSC,expert,CA1,27,0.981539,0.028184
66,CA1-RSC,expert,CA1,28,0.92189,0.033368
66,CA1-RSC,expert,RSC,0,0.878246,0.027381
66,CA1-RSC,expert,RSC,1,0.889236,0.010419
66,CA1-RSC,expert,RSC,2,1.222758,0.047475
66,CA1-RSC,expert,RSC,3,0.991435,0.050906
66,CA1-RSC,expert,RSC,4,0.987247,0.021018
66,CA1-RSC,expert,RSC,5,0.991832,0.019811
66,CA1-RSC,expert,RSC,6,0.977922,0.01623
66,CA1-RSC,expert,RSC,7,1.130924,0.041753
66,CA1-RSC,expert,RSC,8,1.042319,0.01215
66,CA1-RSC,expert,RSC,9,1.147163,0.05084
66,CA1-RSC,expert,RSC,10,1.621215,0.050084
66,CA1-RSC,expert,RSC,11,1.162263,0.057525
66,CA1-RSC,expert,RSC,12,0.745739,0.02588
66,CA1-RSC,expert,RSC,13,0.973493,0.029461
66,CA1-RSC,expert,RSC,14,0.849685,0.021348
66,CA1-RSC,expert,RSC,15,1.238065,0.026443
66,CA1-RSC,expert,RSC,16,0.928104,0.040167
66,CA1-RSC,expert,RSC,17,0.951907,0.018656
66,CA1-DG,naive,CA1,0,0.717736,0.08252
66,CA1-DG,naive,CA1,1,0.652676,0.016434
66,CA1-DG,naive,CA1,2,0.265909,0.029404
66,CA1-DG,naive,CA1,3,1.021963,0.027502
66,CA1-DG,naive,CA1,4,0.976129,0.040026
66,CA1-DG,naive,CA1,5,0.019662,0.002601
66,CA1-DG,naive,CA1,6,0.006676,0.000889
66,CA1-DG,naive,CA1,7,0.02317,0.002601
66,CA1-DG,naive,CA1,8,1.240504,0.026196
66,CA1-DG,naive,CA1,9,0.707396,0.014759
66,CA1-DG,naive,CA1,10,0.797901,0.028213
66,CA1-DG,naive,CA1,11,0.018115,0.001004
66,CA1-DG,naive,CA1,12,0.969946,0.025759
66,CA1-DG,naive,CA1,13,1.048809,0.086246
66,CA1-DG,naive,CA1,14,0.851636,0.011897
66,CA1-DG,naive,CA1,15,0.588727,0.09604
66,CA1-DG,naive,CA1,16,0.894627,0.015748
66,CA1-DG,naive,CA1,17,1.08269,0.022836
66,CA1-DG,naive,CA1,18,1.20148,0.028091
66,CA1-DG,naive,CA1,19,0.764388,0.079577
66,CA1-DG,naive,CA1,20,1.091675,0.156158
66,CA1-DG,naive,CA1,21,1.01472,0.04891
66,CA1-DG,naive,CA1,22,0.102955,0.011698
66,CA1-DG,naive,CA1,23,0.880722,0.074682
66,CA1-DG,naive,CA1,24,0.090887,0.008444
66,CA1-DG,naive,CA1,25,1.187705,0.065522
66,CA1-DG,naive,CA1,26,0.269475,0.009238
66,CA1-DG,naive,CA1,27,1.165941,0.042716
66,CA1-DG,naive,CA1,28,0.799323,0.125359
66,CA1-DG,naive,DG,0,0.912975,0.039147
66,CA1-DG,naive,DG,1,0.817282,0.035627
66,CA1-DG,naive,DG,2,0.947382,0.018505
66,CA1-DG,naive,DG,3,0.086683,0.006015
66,CA1-DG,naive,DG,4,0.755731,0.036296
66,CA1-DG,naive,DG,5,0.731426,0.020875
66,CA1-DG,naive,DG,6,0.898328,0.026599
66,CA1-DG,naive,DG,7,0.440864,0.04868
66,CA1-DG,naive,DG,8,0.832504,0.028764
66,CA1-DG,naive,DG,9,0.984944,0.045154
66,CA1-DG,naive,DG,10,0.009037,0.000704
66,CA1-DG,naive,DG,11,0.804744,0.021251
66,CA1-DG,naive,DG,12,0.720136,0.035695
66,CA1-DG,naive,DG,13,0.983423,0.056563
66,CA1-DG,naive,DG,14,0.61068,0.051833
66,CA1-DG,naive,DG,15,0.82704,0.034733
66,CA1-DG,naive,DG,16,1.037975,0.030588
66,CA1-DG,naive,DG,17,1.081252,0.026214
66,CA1-DG,naive,DG,18,0.305704,0.015649
66,CA1-DG,naive,DG,19,0.221231,0.003664
66,CA1-DG,naive,DG,20,0.6012,0.009691
66,CA1-DG,naive,DG,21,0.045778,0.001821
66,CA1-DG,naive,DG,22,0.734323,0.053271
66,CA1-DG,naive,DG,23,0.682617,0.045676
66,CA1-DG,naive,DG,24,0.253749,0.045982
66,CA1-DG,naive,DG,25,0.940161,0.06368
66,CA1-DG,naive,DG,26,0.964078,0.038397
66,CA1-DG,naive,DG,27,0.495565,0.051786
66,CA1-DG,naive,DG,28,0.436273,0.05815
66,CA1-DG,naive,DG,29,0.473774,0.06188
66,CA1-DG,naive,DG,30,0.353584,0.064061
66,CA1-DG,naive,DG,31,1.029554,0.07522
66,CA1-DG,naive,DG,32,0.06095,0.003454
66,CA1-DG,intermediate,CA1,0,1.090328,0.116317
66,CA1-DG,intermediate,CA1,1,0.67812,0.026583
66,CA1-DG,intermediate,CA1,2,0.114948,0.01823
66,CA1-DG,intermediate,CA1,3,0.194952,0.011724
66,CA1-DG,intermediate,CA1,4,0.976217,0.037783
66,CA1-DG,intermediate,CA1,5,0.774845,0.056332
66,CA1-DG,intermediate,CA1,6,0.004038,0.000119
66,CA1-DG,intermediate,CA1,7,0.887766,0.02858
66,CA1-DG,intermediate,CA1,8,1.020542,0.02566
66,CA1-DG,intermediate,CA1,9,1.028688,0.033295
66,CA1-DG,intermediate,CA1,10,0.112167,0.004514
66,CA1-DG,intermediate,CA1,11,0.104763,0.004395
66,CA1-DG,intermediate,CA1,12,0.021896,0.001396
66,CA1-DG,intermediate,CA1,13,0.957882,0.09499
66,CA1-DG,intermediate,CA1,14,0.631923,0.009266
66,CA1-DG,intermediate,CA1,15,0.514812,0.082371
66,CA1-DG,intermediate,CA1,16,0.578734,0.017172
66,CA1-DG,intermediate,CA1,17,0.909744,0.036341
66,CA1-DG,intermediate,CA1,18,1.0586,0.016945
66,CA1-DG,intermediate,CA1,19,0.788093,0.093753
66,CA1-DG,intermediate,CA1,20,0.950253,0.118792
66,CA1-DG,intermediate,CA1,21,0.995862,0.080921
66,CA1-DG,intermediate,CA1,22,0.243394,0.014375
66,CA1-DG,intermediate,CA1,23,0.680635,0.06679
66,CA1-DG,intermediate,CA1,24,0.796254,0.036455
66,CA1-DG,intermediate,CA1,25,0.853802,0.057654
66,CA1-DG,intermediate,CA1,26,0.929761,0.052372
66,CA1-DG,intermediate,CA1,27,0.854646,0.016406
66,CA1-DG,intermediate,CA1,28,0.795993,0.12644
66,CA1-DG,intermediate,DG,0,0.905985,0.042491
66,CA1-DG,intermediate,DG,1,0.821028,0.03526
66,CA1-DG,intermediate,DG,2,0.948925,0.030788
66,CA1-DG,intermediate,DG,3,0.343461,0.032168
66,CA1-DG,intermediate,DG,4,0.562777,0.045349
66,CA1-DG,intermediate,DG,5,1.019811,0.047079
66,CA1-DG,intermediate,DG,6,0.626401,0.086801
66,CA1-DG,intermediate,DG,7,0.411884,0.070969
66,CA1-DG,intermediate,DG,8,0.782222,0.039292
66,CA1-DG,intermediate,DG,9,0.8302,0.035097
66,CA1-DG,intermediate,DG,10,0.067775,0.003122
66,CA1-DG,intermediate,DG,11,0.051153,0.002521
66,CA1-DG,intermediate,DG,12,0.969479,0.021257
66,CA1-DG,intermediate,DG,13,0.657632,0.057372
66,CA1-DG,intermediate,DG,14,0.556101,0.047413
66,CA1-DG,intermediate,DG,15,0.892968,0.030693
66,CA1-DG,intermediate,DG,16,0.990144,0.019434
66,CA1-DG,intermediate,DG,17,0.819425,0.02366
66,CA1-DG,intermediate,DG,18,0.965136,0.013007
66,CA1-DG,intermediate,DG,19,0.797795,0.025186
66,CA1-DG,intermediate,DG,20,0.902903,0.015986
66,CA1-DG,intermediate,DG,21,0.28028,0.008975
66,CA1-DG,intermediate,DG,22,0.845007,0.056842
66,CA1-DG,intermediate,DG,23,0.499326,0.043873
66,CA1-DG,intermediate,DG,24,0.291706,0.047357
66,CA1-DG,intermediate,DG,25,0.905191,0.055103
66,CA1-DG,intermediate,DG,26,0.9248,0.038314
66,CA1-DG,intermediate,DG,27,0.395163,0.04081
66,CA1-DG,intermediate,DG,28,0.393345,0.052391
66,CA1-DG,intermediate,DG,29,0.455139,0.055818
66,CA1-DG,intermediate,DG,30,0.353651,0.051399
66,CA1-DG,intermediate,DG,31,0.307465,0.028439
66,CA1-DG,intermediate,DG,32,0.958965,0.03286
66,CA1-DG,expert,CA1,0,0.056683,0.008336
66,CA1-DG,expert,CA1,1,0.893743,0.031495
66,CA1-DG,expert,CA1,2,0.537895,0.047283
66,CA1-DG,expert,CA1,3,0.81963,0.019808
66,CA1-DG,expert,CA1,4,0.959246,0.039699
66,CA1-DG,expert,CA1,5,0.770866,0.024927
66,CA1-DG,expert,CA1,6,0.010886,0.000376
66,CA1-DG,expert,CA1,7,0.793363,0.027128
66,CA1-DG,expert,CA1,8,0.764791,0.021507
66,CA1-DG,expert,CA1,9,0.160397,0.003895
66,CA1-DG,expert,CA1,10,0.871936,0.025064
66,CA1-DG,expert,CA1,11,0.040314,0.001919
66,CA1-DG,expert,CA1,12,0.029863,0.002122
66,CA1-DG,expert,CA1,13,0.941264,0.091607
66,CA1-DG,expert,CA1,14,0.767594,0.009829
66,CA1-DG,expert,CA1,15,0.584706,0.083126
66,CA1-DG,expert,CA1,16,0.497952,0.013328
66,CA1-DG,expert,CA1,17,0.962104,0.029655
66,CA1-DG,expert,CA1,18,1.10296,0.034916
66,CA1-DG,expert,CA1,19,0.738079,0.084814
66,CA1-DG,expert,CA1,20,1.032368,0.118654
66,CA1-DG,expert,CA1,21,1.007445,0.066741
66,CA1-DG,expert,CA1,22,0.224929,0.016906
66,CA1-DG,expert,CA1,23,0.919464,0.061443
66,CA1-DG,expert,CA1,24,0.971719,0.039224
66,CA1-DG,expert,CA1,25,0.814445,0.038284
66,CA1-DG,expert,CA1,26,0.216319,0.017707
66,CA1-DG,expert,CA1,27,1.03722,0.020655
66,CA1-DG,expert,CA1,28,0.92558,0.134602
66,CA1-DG,expert,DG,0,0.987104,0.034276
66,CA1-DG,expert,DG,1,0.844476,0.031018
66,CA1-DG,expert,DG,2,0.222885,0.005938
66,CA1-DG,expert,DG,3,1.045616,0.080663
66,CA1-DG,expert,DG,4,0.631344,0.040146
66,CA1-DG,expert,DG,5,0.075369,0.002354
66,CA1-DG,expert,DG,6,0.830503,0.065947
66,CA1-DG,expert,DG,7,0.482343,0.064069
66,CA1-DG,expert,DG,8,0.822359,0.016552
66,CA1-DG,expert,DG,9,1.06384,0.036047
66,CA1-DG,expert,DG,10,0.086903,0.002921
66,CA1-DG,expert,DG,11,1.118146,0.011072
66,CA1-DG,expert,DG,12,1.071534,0.028989
66,CA1-DG,expert,DG,13,1.029657,0.066008
66,CA1-DG,expert,DG,14,0.665796,0.044548
66,CA1-DG,expert,DG,15,0.991948,0.032164
66,CA1-DG,expert,DG,16,0.990726,0.020163
66,CA1-DG,expert,DG,17,0.116729,0.002507
66,CA1-DG,expert,DG,18,0.84613,0.015498
66,CA1-DG,expert,DG,19,1.079805,0.020521
66,CA1-DG,expert,DG,20,1.025057,0.015514
66,CA1-DG,expert,DG,21,0.168558,0.002228
66,CA1-DG,expert,DG,22,0.938108,0.056823
66,CA1-DG,expert,DG,23,0.370244,0.034186
66,CA1-DG,expert,DG,24,0.248144,0.035827
66,CA1-DG,expert,DG,25,0.929333,0.041548
66,CA1-DG,expert,DG,26,0.868835,0.051147
66,CA1-DG,expert,DG,27,0.454749,0.034944
66,CA1-DG,expert,DG,28,0.407269,0.045639
66,CA1-DG,expert,DG,29,0.449201,0.048797
66,CA1-DG,expert,DG,30,0.323739,0.038819
66,CA1-DG,expert,DG,31,0.32988,0.018824
66,CA1-DG,expert,DG,32,1.028719,0.01281
66,CA1-V1,naive,CA1,0,0.722608,0.025902
66,CA1-V1,naive,CA1,1,0.65275,0.012546
66,CA1-V1,naive,CA1,2,0.257259,0.004273
66,CA1-V1,naive,CA1,3,1.021841,0.027226
66,CA1-V1,naive,CA1,4,0.976376,0.028194
66,CA1-V1,naive,CA1,5,0.020075,0.000445
66,CA1-V1,naive,CA1,6,0.006815,0.000186
66,CA1-V1,naive,CA1,7,0.022893,0.000543
66,CA1-V1,naive,CA1,8,1.24537,0.022483
66,CA1-V1,naive,CA1,9,0.707377,0.017086
66,CA1-V1,naive,CA1,10,0.798295,0.024811
66,CA1-V1,naive,CA1,11,0.017933,0.000638
66,CA1-V1,naive,CA1,12,0.969218,0.040996
66,CA1-V1,naive,CA1,13,1.054619,0.042356
66,CA1-V1,naive,CA1,14,0.85263,0.019246
66,CA1-V1,naive,CA1,15,0.586584,0.02578
66,CA1-V1,naive,CA1,16,0.89451,0.019652
66,CA1-V1,naive,CA1,17,1.082442,0.024622
66,CA1-V1,naive,CA1,18,1.201922,0.029272
66,CA1-V1,naive,CA1,19,0.764332,0.031938
66,CA1-V1,naive,CA1,20,1.1056,0.018206
66,CA1-V1,naive,CA1,21,1.016016,0.035188
66,CA1-V1,naive,CA1,22,0.102193,0.003534
66,CA1-V1,naive,CA1,23,0.881833,0.068606
66,CA1-V1,naive,CA1,24,0.088043,0.002034
66,CA1-V1,naive,CA1,25,1.19565,0.018165
66,CA1-V1,naive,CA1,26,0.271363,0.006138
66,CA1-V1,naive,CA1,27,1.163555,0.051876
66,CA1-V1,naive,CA1,28,0.812244,0.013091
66,CA1-V1,naive,V1,0,0.206474,0.006405
66,CA1-V1,naive,V1,1,0.988703,0.01068
66,CA1-V1,naive,V1,2,0.899028,0.030313
66,CA1-V1,naive,V1,3,0.733656,0.033271
66,CA1-V1,naive,V1,4,1.008678,0.02034
66,CA1-V1,naive,V1,5,1.061285,0.064783
66,CA1-V1,naive,V1,6,0.94866,0.040805
66,CA1-V1,naive,V1,7,1.05512,0.019854
66,CA1-V1,naive,V1,8,0.95892,0.063669
66,CA1-V1,naive,V1,9,0.981902,0.011051
66,CA1-V1,naive,V1,10,1.067904,0.024398
66,CA1-V1,naive,V1,11,0.903623,0.016995
66,CA1-V1,naive,V1,12,0.949871,0.029298
66,CA1-V1,naive,V1,13,1.012418,0.030986
66,CA1-V1,naive,V1,14,1.042035,0.021623
66,CA1-V1,naive,V1,15,0.905147,0.031262
66,CA1-V1,naive,V1,16,0.969997,0.035092
66,CA1-V1,naive,V1,17,1.04711,0.017783
66,CA1-V1,naive,V1,18,0.876748,0.017133
66,CA1-V1,naive,V1,19,0.157134,0.003641
66,CA1-V1,naive,V1,20,1.04728,0.014565
66,CA1-V1,naive,V1,21,1.151637,0.032132
66,CA1-V1,intermediate,CA1,0,1.0991,0.015945
66,CA1-V1,intermediate,CA1,1,0.679245,0.022037
66,CA1-V1,intermediate,CA1,2,0.109729,0.008395
66,CA1-V1,intermediate,CA1,3,0.198398,0.008644
66,CA1-V1,intermediate,CA1,4,0.976882,0.022404
66,CA1-V1,intermediate,CA1,5,0.778167,0.027955
66,CA1-V1,intermediate,CA1,6,0.003367,0.000132
66,CA1-V1,intermediate,CA1,7,0.888444,0.053998
66,CA1-V1,intermediate,CA1,8,1.014315,0.051677
66,CA1-V1,intermediate,CA1,9,1.028849,0.016133
66,CA1-V1,intermediate,CA1,10,0.11206,0.009064
66,CA1-V1,intermediate,CA1,11,0.105937,0.005058
66,CA1-V1,intermediate,CA1,12,0.022812,0.001169
66,CA1-V1,intermediate,CA1,13,0.964249,0.025889
66,CA1-V1,intermediate,CA1,14,0.632176,0.005757
66,CA1-V1,intermediate,CA1,15,0.515288,0.03505
66,CA1-V1,intermediate,CA1,16,0.579106,0.004853
66,CA1-V1,intermediate,CA1,17,0.910673,0.027307
66,CA1-V1,intermediate,CA1,18,1.057718,0.023107
66,CA1-V1,intermediate,CA1,19,0.797477,0.048283
66,CA1-V1,intermediate,CA1,20,0.948302,0.024745
66,CA1-V1,intermediate,CA1,21,1.001223,0.016945
66,CA1-V1,intermediate,CA1,22,0.243686,0.021755
66,CA1-V1,intermediate,CA1,23,0.701657,0.064436
66,CA1-V1,intermediate,CA1,24,0.797561,0.026378
66,CA1-V1,intermediate,CA1,25,0.855846,0.030126
66,CA1-V1,intermediate,CA1,26,0.930671,0.037207
66,CA1-V1,intermediate,CA1,27,0.85426,0.018579
66,CA1-V1,intermediate,CA1,28,0.810029,0.01802
66,CA1-V1,intermediate,V1,0,0.161607,0.012082
66,CA1-V1,intermediate,V1,1,1.023577,0.015881
66,CA1-V1,intermediate,V1,2,0.967765,0.018132
66,CA1-V1,intermediate,V1,3,1.191047,0.022354
66,CA1-V1,intermediate,V1,4,0.984905,0.014982
66,CA1-V1,intermediate,V1,5,0.756948,0.043035
66,CA1-V1,intermediate,V1,6,0.942579,0.07237
66,CA1-V1,intermediate,V1,7,1.044436,0.037224
66,CA1-V1,intermediate,V1,8,0.906883,0.052401
66,CA1-V1,intermediate,V1,9,1.019052,0.021674
66,CA1-V1,intermediate,V1,10,1.037779,0.024611
66,CA1-V1,intermediate,V1,11,0.920887,0.013767
66,CA1-V1,intermediate,V1,12,1.096169,0.041957
66,CA1-V1,intermediate,V1,13,1.01951,0.021981
66,CA1-V1,intermediate,V1,14,1.025159,0.015452
66,CA1-V1,intermediate,V1,15,0.906975,0.032976
66,CA1-V1,intermediate,V1,16,1.00182,0.040152
66,CA1-V1,intermediate,V1,17,1.023928,0.028184
66,CA1-V1,intermediate,V1,18,1.004076,0.019104
66,CA1-V1,intermediate,V1,19,0.256193,0.012362
66,CA1-V1,intermediate,V1,20,1.006191,0.012295
66,CA1-V1,intermediate,V1,21,1.00543,0.028156
66,CA1-V1,expert,CA1,0,0.04601,0.001779
66,CA1-V1,expert,CA1,1,0.894218,0.028891
66,CA1-V1,expert,CA1,2,0.519086,0.029089
66,CA1-V1,expert,CA1,3,0.820461,0.02342
66,CA1-V1,expert,CA1,4,0.959897,0.018663
66,CA1-V1,expert,CA1,5,0.771952,0.021261
66,CA1-V1,expert,CA1,6,0.010545,0.000276
66,CA1-V1,expert,CA1,7,0.793978,0.019997
66,CA1-V1,expert,CA1,8,0.76387,0.034924
66,CA1-V1,expert,CA1,9,0.156384,0.007506
66,CA1-V1,expert,CA1,10,0.872732,0.019946
66,CA1-V1,expert,CA1,11,0.040389,0.001264
66,CA1-V1,expert,CA1,12,0.030706,0.001129
66,CA1-V1,expert,CA1,13,0.947827,0.036854
66,CA1-V1,expert,CA1,14,0.767392,0.007966
66,CA1-V1,expert,CA1,15,0.588369,0.038609
66,CA1-V1,expert,CA1,16,0.498021,0.013164
66,CA1-V1,expert,CA1,17,0.962366,0.028032
66,CA1-V1,expert,CA1,18,1.102977,0.027583
66,CA1-V1,expert,CA1,19,0.744481,0.046581
66,CA1-V1,expert,CA1,20,1.039526,0.024219
66,CA1-V1,expert,CA1,21,1.010785,0.016919
66,CA1-V1,expert,CA1,22,0.229114,0.012973
66,CA1-V1,expert,CA1,23,0.931549,0.061943
66,CA1-V1,expert,CA1,24,0.972781,0.03391
66,CA1-V1,expert,CA1,25,0.815735,0.029195
66,CA1-V1,expert,CA1,26,0.219671,0.006372
66,CA1-V1,expert,CA1,27,1.036994,0.024287
66,CA1-V1,expert,CA1,28,0.941777,0.01408
66,CA1-V1,expert,V1,0,0.087161,0.00626
66,CA1-V1,expert,V1,1,1.014685,0.017569
66,CA1-V1,expert,V1,2,0.908884,0.023269
66,CA1-V1,expert,V1,3,1.07734,0.025445
66,CA1-V1,expert,V1,4,0.953034,0.010847
66,CA1-V1,expert,V1,5,0.842796,0.061153
66,CA1-V1,expert,V1,6,0.957499,0.074691
66,CA1-V1,expert,V1,7,1.026893,0.015185
66,CA1-V1,expert,V1,8,0.949931,0.039811
66,CA1-V1,expert,V1,9,1.055918,0.017682
66,CA1-V1,expert,V1,10,1.036733,0.016522
66,CA1-V1,expert,V1,11,0.988601,0.026858
66,CA1-V1,expert,V1,12,1.031206,0.019847
66,CA1-V1,expert,V1,13,1.024702,0.02563
66,CA1-V1,expert,V1,14,1.016315,0.02379
66,CA1-V1,expert,V1,15,0.918132,0.019616
66,CA1-V1,expert,V1,16,0.969655,0.044777
66,CA1-V1,expert,V1,17,0.877235,0.012278
66,CA1-V1,expert,V1,18,1.052745,0.028833
66,CA1-V1,expert,V1,19,0.752742,0.018876
66,CA1-V1,expert,V1,20,0.958082,0.019873
66,CA1-V1,expert,V1,21,0.978431,0.016576
66,CA1-SUB,naive,CA1,0,0.587324,0.01684
66,CA1-SUB,naive,CA1,1,0.570745,0.019386
66,CA1-SUB,naive,CA1,2,0.2027,0.009555
66,CA1-SUB,naive,CA1,3,0.837965,0.045807
66,CA1-SUB,naive,CA1,4,0.537483,0.021004
66,CA1-SUB,naive,CA1,5,0.018646,0.000913
66,CA1-SUB,naive,CA1,6,0.006492,0.000295
66,CA1-SUB,naive,CA1,7,0.021206,0.001016
66,CA1-SUB,naive,CA1,8,1.042285,0.039942
66,CA1-SUB,naive,CA1,9,0.490157,0.012572
66,CA1-SUB,naive,CA1,10,0.501802,0.015393
66,CA1-SUB,naive,CA1,11,0.014697,0.000638
66,CA1-SUB,naive,CA1,12,0.848477,0.029252
66,CA1-SUB,naive,CA1,13,0.745277,0.042921
66,CA1-SUB,naive,CA1,14,0.515396,0.013888
66,CA1-SUB,naive,CA1,15,0.563845,0.025864
66,CA1-SUB,naive,CA1,16,0.620275,0.014299
66,CA1-SUB,naive,CA1,17,0.917225,0.034606
66,CA1-SUB,naive,CA1,18,1.000971,0.034439
66,CA1-SUB,naive,CA1,19,0.672491,0.024593
66,CA1-SUB,naive,CA1,20,0.908595,0.060425
66,CA1-SUB,naive,CA1,21,0.883699,0.031707
66,CA1-SUB,naive,CA1,22,0.090842,0.005457
66,CA1-SUB,naive,CA1,23,0.825378,0.074958
66,CA1-SUB,naive,CA1,24,0.072942,0.0029
66,CA1-SUB,naive,CA1,25,0.918959,0.040444
66,CA1-SUB,naive,CA1,26,0.216495,0.007259
66,CA1-SUB,naive,CA1,27,1.092854,0.051993
66,CA1-SUB,naive,CA1,28,0.70648,0.023171
66,CA1-SUB,naive,SUB,0,1.009681,0.042448
66,CA1-SUB,naive,SUB,1,0.94965,0.044573
66,CA1-SUB,naive,SUB,2,1.029244,0.076447
66,CA1-SUB,naive,SUB,3,0.999245,0.045946
66,CA1-SUB,naive,SUB,4,0.961923,0.037048
66,CA1-SUB,naive,SUB,5,0.872743,0.021666
66,CA1-SUB,naive,SUB,6,0.904684,0.060376
66,CA1-SUB,naive,SUB,7,1.02338,0.026715
66,CA1-SUB,naive,SUB,8,1.160304,0.052633
66,CA1-SUB,naive,SUB,9,0.912331,0.036328
66,CA1-SUB,naive,SUB,10,1.052682,0.051614
66,CA1-SUB,naive,SUB,11,0.98626,0.022477
66,CA1-SUB,naive,SUB,12,0.638302,0.014621
66,CA1-SUB,intermediate,CA1,0,0.711494,0.023744
66,CA1-SUB,intermediate,CA1,1,0.486122,0.020836
66,CA1-SUB,intermediate,CA1,2,0.093596,0.010097
66,CA1-SUB,intermediate,CA1,3,0.179155,0.019912
66,CA1-SUB,intermediate,CA1,4,0.723216,0.019318
66,CA1-SUB,intermediate,CA1,5,0.752584,0.04801
66,CA1-SUB,intermediate,CA1,6,0.003435,0.000312
66,CA1-SUB,intermediate,CA1,7,0.832475,0.085954
66,CA1-SUB,intermediate,CA1,8,0.624349,0.020527
66,CA1-SUB,intermediate,CA1,9,0.921068,0.02694
66,CA1-SUB,intermediate,CA1,10,0.103062,0.010461
66,CA1-SUB,intermediate,CA1,11,0.084712,0.005064
66,CA1-SUB,intermediate,CA1,12,0.020769,0.001333
66,CA1-SUB,intermediate,CA1,13,0.851855,0.057488
66,CA1-SUB,intermediate,CA1,14,0.529134,0.014672
66,CA1-SUB,intermediate,CA1,15,0.449321,0.031042
66,CA1-SUB,intermediate,CA1,16,0.450145,0.01268
66,CA1-SUB,intermediate,CA1,17,0.678171,0.029977
66,CA1-SUB,intermediate,CA1,18,0.922828,0.021422
66,CA1-SUB,intermediate,CA1,19,0.672747,0.032104
66,CA1-SUB,intermediate,CA1,20,0.8013,0.065309
66,CA1-SUB,intermediate,CA1,21,0.74971,0.022383
66,CA1-SUB,intermediate,CA1,22,0.241273,0.034122
66,CA1-SUB,intermediate,CA1,23,0.642783,0.089441
66,CA1-SUB,intermediate,CA1,24,0.604144,0.02333
66,CA1-SUB,intermediate,CA1,25,0.644599,0.039003
66,CA1-SUB,intermediate,CA1,26,0.79152,0.042494
66,CA1-SUB,intermediate,CA1,27,0.631064,0.029743
66,CA1-SUB,intermediate,CA1,28,0.602706,0.01386
66,CA1-SUB,intermediate,SUB,0,1.031643,0.055135
66,CA1-SUB,intermediate,SUB,1,0.965512,0.03839
66,CA1-SUB,intermediate,SUB,2,1.016753,0.05761
66,CA1-SUB,intermediate,SUB,3,0.972898,0.054161
66,CA1-SUB,intermediate,SUB,4,0.962841,0.02163
66,CA1-SUB,intermediate,SUB,5,0.84358,0.01603
66,CA1-SUB,intermediate,SUB,6,0.932346,0.13072
66,CA1-SUB,intermediate,SUB,7,1.000618,0.024115
66,CA1-SUB,intermediate,SUB,8,1.015391,0.057691
66,CA1-SUB,intermediate,SUB,9,0.94385,0.047266
66,CA1-SUB,intermediate,SUB,10,1.050084,0.081884
66,CA1-SUB,intermediate,SUB,11,0.909736,0.014842
66,CA1-SUB,intermediate,SUB,12,0.972198,0.031114
66,CA1-SUB,expert,CA1,0,0.038872,0.001613
66,CA1-SUB,expert,CA1,1,0.679903,0.028007
66,CA1-SUB,expert,CA1,2,0.430389,0.027489
66,CA1-SUB,expert,CA1,3,0.675495,0.027328
66,CA1-SUB,expert,CA1,4,0.801022,0.023841
66,CA1-SUB,expert,CA1,5,0.559046,0.028524
66,CA1-SUB,expert,CA1,6,0.00803,0.000315
66,CA1-SUB,expert,CA1,7,0.576146,0.034112
66,CA1-SUB,expert,CA1,8,0.682955,0.038127
66,CA1-SUB,expert,CA1,9,0.155192,0.007431
66,CA1-SUB,expert,CA1,10,0.509543,0.024438
66,CA1-SUB,expert,CA1,11,0.036139,0.002062
66,CA1-SUB,expert,CA1,12,0.024973,0.002083
66,CA1-SUB,expert,CA1,13,0.873785,0.045359
66,CA1-SUB,expert,CA1,14,0.42932,0.010997
66,CA1-SUB,expert,CA1,15,0.558969,0.036332
66,CA1-SUB,expert,CA1,16,0.393923,0.010975
66,CA1-SUB,expert,CA1,17,0.661784,0.028469
66,CA1-SUB,expert,CA1,18,0.82283,0.020563
66,CA1-SUB,expert,CA1,19,0.675537,0.038639
66,CA1-SUB,expert,CA1,20,0.98881,0.082183
66,CA1-SUB,expert,CA1,21,0.743858,0.050957
66,CA1-SUB,expert,CA1,22,0.203332,0.021113
66,CA1-SUB,expert,CA1,23,0.754582,0.072418
66,CA1-SUB,expert,CA1,24,0.899596,0.043472
66,CA1-SUB,expert,CA1,25,0.622564,0.029062
66,CA1-SUB,expert,CA1,26,0.166333,0.009907
66,CA1-SUB,expert,CA1,27,0.752788,0.040508
66,CA1-SUB,expert,CA1,28,0.901025,0.030766
66,CA1-SUB,expert,SUB,0,1.031519,0.073802
66,CA1-SUB,expert,SUB,1,0.980896,0.060546
66,CA1-SUB,expert,SUB,2,1.068445,0.060448
66,CA1-SUB,expert,SUB,3,0.97417,0.065608
66,CA1-SUB,expert,SUB,4,0.954443,0.036714
66,CA1-SUB,expert,SUB,5,0.779093,0.021836
66,CA1-SUB,expert,SUB,6,0.932739,0.093602
66,CA1-SUB,expert,SUB,7,1.024311,0.029746
66,CA1-SUB,expert,SUB,8,1.014057,0.04258
66,CA1-SUB,expert,SUB,9,0.930947,0.033238
66,CA1-SUB,expert,SUB,10,1.052642,0.065334
66,CA1-SUB,expert,SUB,11,0.94346,0.011857
66,CA1-SUB,expert,SUB,12,0.845474,0.019698
66,RSC-SUB,naive,RSC,0,0.332805,0.013321
66,RSC-SUB,naive,RSC,1,0.468346,0.007591
66,RSC-SUB,naive,RSC,2,1.070661,0.030484
66,RSC-SUB,naive,RSC,3,0.89411,0.035976
66,RSC-SUB,naive,RSC,4,0.902317,0.039689
66,RSC-SUB,naive,RSC,5,0.888573,0.017765
66,RSC-SUB,naive,RSC,6,0.815805,0.029637
66,RSC-SUB,naive,RSC,7,1.114758,0.031702
66,RSC-SUB,naive,RSC,8,1.116004,0.041017
66,RSC-SUB,naive,RSC,9,0.783938,0.018223
66,RSC-SUB,naive,RSC,10,0.594066,0.014141
66,RSC-SUB,naive,RSC,11,0.663692,0.021686
66,RSC-SUB,naive,RSC,12,0.55465,0.011958
66,RSC-SUB,naive,RSC,13,0.701994,0.016809
66,RSC-SUB,naive,RSC,14,2.315695,0.040657
66,RSC-SUB,naive,RSC,15,1.034536,0.025189
66,RSC-SUB,naive,RSC,16,0.774547,0.010397
66,RSC-SUB,naive,RSC,17,0.495035,0.014424
66,RSC-SUB,naive,SUB,0,1.010494,0.031564
66,RSC-SUB,naive,SUB,1,0.95168,0.027834
66,RSC-SUB,naive,SUB,2,1.03365,0.025032
66,RSC-SUB,naive,SUB,3,1.001208,0.011935
66,RSC-SUB,naive,SUB,4,0.962868,0.019698
66,RSC-SUB,naive,SUB,5,0.872882,0.017553
66,RSC-SUB,naive,SUB,6,0.906642,0.041754
66,RSC-SUB,naive,SUB,7,1.024207,0.014019
66,RSC-SUB,naive,SUB,8,1.166387,0.057358
66,RSC-SUB,naive,SUB,9,0.914996,0.034777
66,RSC-SUB,naive,SUB,10,1.054716,0.02064
66,RSC-SUB,naive,SUB,11,0.986331,0.02563
66,RSC-SUB,naive,SUB,12,0.638511,0.014362
66,RSC-SUB,intermediate,RSC,0,0.618172,0.015291
66,RSC-SUB,intermediate,RSC,1,0.641034,0.019254
66,RSC-SUB,intermediate,RSC,2,1.084669,0.040212
66,RSC-SUB,intermediate,RSC,3,0.793625,0.023462
66,RSC-SUB,intermediate,RSC,4,0.894357,0.024395
66,RSC-SUB,intermediate,RSC,5,0.780244,0.02866
66,RSC-SUB,intermediate,RSC,6,0.870735,0.017359
66,RSC-SUB,intermediate,RSC,7,1.010998,0.034068
66,RSC-SUB,intermediate,RSC,8,0.883523,0.044128
66,RSC-SUB,intermediate,RSC,9,1.099046,0.032743
66,RSC-SUB,intermediate,RSC,10,1.130502,0.027438
66,RSC-SUB,intermediate,RSC,11,0.883072,0.035896
66,RSC-SUB,intermediate,RSC,12,0.688693,0.018438
66,RSC-SUB,intermediate,RSC,13,0.861139,0.020829
66,RSC-SUB,intermediate,RSC,14,0.631393,0.01977
66,RSC-SUB,intermediate,RSC,15,0.894768,0.023824
66,RSC-SUB,intermediate,RSC,16,0.627766,0.015792
66,RSC-SUB,intermediate,RSC,17,1.00941,0.046081
66,RSC-SUB,intermediate,SUB,0,1.034724,0.022713
66,RSC-SUB,intermediate,SUB,1,0.966701,0.039519
66,RSC-SUB,intermediate,SUB,2,1.019195,0.035179
66,RSC-SUB,intermediate,SUB,3,0.975736,0.029474
66,RSC-SUB,intermediate,SUB,4,0.963332,0.040772
66,RSC-SUB,intermediate,SUB,5,0.843818,0.011352
66,RSC-SUB,intermediate,SUB,6,0.944004,0.03479
66,RSC-SUB,intermediate,SUB,7,1.000764,0.034931
66,RSC-SUB,intermediate,SUB,8,1.017208,0.029952
66,RSC-SUB,intermediate,SUB,9,0.944758,0.022681
66,RSC-SUB,intermediate,SUB,10,1.05362,0.029314
66,RSC-SUB,intermediate,SUB,11,0.909184,0.025114
66,RSC-SUB,intermediate,SUB,12,0.971144,0.043832
66,RSC-SUB,expert,RSC,0,0.753882,0.014647
66,RSC-SUB,expert,RSC,1,0.498188,0.011723
66,RSC-SUB,expert,RSC,2,1.166135,0.044489
66,RSC-SUB,expert,RSC,3,0.953837,0.03439
66,RSC-SUB,expert,RSC,4,0.887241,0.024679
66,RSC-SUB,expert,RSC,5,0.71966,0.018899
66,RSC-SUB,expert,RSC,6,0.898502,0.030964
66,RSC-SUB,expert,RSC,7,0.990195,0.030251
66,RSC-SUB,expert,RSC,8,0.975102,0.040566
66,RSC-SUB,expert,RSC,9,1.028795,0.029036
66,RSC-SUB,expert,RSC,10,1.425293,0.043026
66,RSC-SUB,expert,RSC,11,1.100702,0.039568
66,RSC-SUB,expert,RSC,12,0.523711,0.019499
66,RSC-SUB,expert,RSC,13,0.904641,0.025986
66,RSC-SUB,expert,RSC,14,0.815139,0.023062
66,RSC-SUB,expert,RSC,15,0.75292,0.026624
66,RSC-SUB,expert,RSC,16,0.478071,0.014607
66,RSC-SUB,expert,RSC,17,0.878512,0.016564
66,RSC-SUB,expert,SUB,0,1.035132,0.03269
66,RSC-SUB,expert,SUB,1,0.983219,0.031462
66,RSC-SUB,expert,SUB,2,1.070996,0.041436
66,RSC-SUB,expert,SUB,3,0.978379,0.023284
66,RSC-SUB,expert,SUB,4,0.954289,0.04651
66,RSC-SUB,expert,SUB,5,0.779781,0.011116
66,RSC-SUB,expert,SUB,6,0.940764,0.03879
66,RSC-SUB,expert,SUB,7,1.024988,0.021404
66,RSC-SUB,expert,SUB,8,1.014993,0.027928
66,RSC-SUB,expert,SUB,9,0.93226,0.025529
66,RSC-SUB,expert,SUB,10,1.056544,0.021855
66,RSC-SUB,expert,SUB,11,0.943352,0.018663
66,RSC-SUB,expert,SUB,12,0.844314,0.033474
66,V1-RSC,naive,V1,0,0.198798,0.009659
66,V1-RSC,naive,V1,1,0.947117,0.025309
66,V1-RSC,naive,V1,2,0.881597,0.016432
66,V1-RSC,naive,V1,3,0.67158,0.023588
66,V1-RSC,naive,V1,4,0.94717,0.027276
66,V1-RSC,naive,V1,5,1.060092,0.065238
66,V1-RSC,naive,V1,6,0.848982,0.044148
66,V1-RSC,naive,V1,7,0.982073,0.041544
66,V1-RSC,naive,V1,8,0.952998,0.050036
66,V1-RSC,naive,V1,9,0.965528,0.077208
66,V1-RSC,naive,V1,10,1.018779,0.025772
66,V1-RSC,naive,V1,11,0.854223,0.029959
66,V1-RSC,naive,V1,12,0.911285,0.034829
66,V1-RSC,naive,V1,13,0.925111,0.025287
66,V1-RSC,naive,V1,14,0.653536,0.02039
66,V1-RSC,naive,V1,15,0.890964,0.039314
66,V1-RSC,naive,V1,16,0.949114,0.038294
66,V1-RSC,naive,V1,17,0.999539,0.041874
66,V1-RSC,naive,V1,18,0.871623,0.031105
66,V1-RSC,naive,V1,19,0.155628,0.008851
66,V1-RSC,naive,V1,20,1.013848,0.036683
66,V1-RSC,naive,V1,21,1.149237,0.017231
66,V1-RSC,naive,RSC,0,0.487218,0.01543
66,V1-RSC,naive,RSC,1,0.536728,0.008206
66,V1-RSC,naive,RSC,2,1.196386,0.043167
66,V1-RSC,naive,RSC,3,0.992789,0.034341
66,V1-RSC,naive,RSC,4,1.0077,0.06279
66,V1-RSC,naive,RSC,5,0.965624,0.027463
66,V1-RSC,naive,RSC,6,0.943285,0.040167
66,V1-RSC,naive,RSC,7,1.430132,0.087361
66,V1-RSC,naive,RSC,8,1.214339,0.056415
66,V1-RSC,naive,RSC,9,0.834714,0.021322
66,V1-RSC,naive,RSC,10,0.82461,0.024219
66,V1-RSC,naive,RSC,11,0.746971,0.037502
66,V1-RSC,naive,RSC,12,0.77546,0.031671
66,V1-RSC,naive,RSC,13,0.799977,0.071636
66,V1-RSC,naive,RSC,14,2.646345,0.056393
66,V1-RSC,naive,RSC,15,1.142964,0.035051
66,V1-RSC,naive,RSC,16,1.130379,0.021431
66,V1-RSC,naive,RSC,17,0.56278,0.01926
66,V1-RSC,intermediate,V1,0,0.157514,0.010564
66,V1-RSC,intermediate,V1,1,0.983908,0.020928
66,V1-RSC,intermediate,V1,2,0.911039,0.024128
66,V1-RSC,intermediate,V1,3,1.097088,0.024592
66,V1-RSC,intermediate,V1,4,0.849657,0.019962
66,V1-RSC,intermediate,V1,5,0.751938,0.054039
66,V1-RSC,intermediate,V1,6,0.921745,0.048283
66,V1-RSC,intermediate,V1,7,0.978249,0.025184
66,V1-RSC,intermediate,V1,8,0.879522,0.051655
66,V1-RSC,intermediate,V1,9,0.987771,0.071967
66,V1-RSC,intermediate,V1,10,0.944616,0.024656
66,V1-RSC,intermediate,V1,11,0.844743,0.020406
66,V1-RSC,intermediate,V1,12,1.076671,0.042984
66,V1-RSC,intermediate,V1,13,0.980694,0.041134
66,V1-RSC,intermediate,V1,14,1.012826,0.026187
66,V1-RSC,intermediate,V1,15,0.905928,0.0402
66,V1-RSC,intermediate,V1,16,0.99204,0.074028
66,V1-RSC,intermediate,V1,17,1.006891,0.022917
66,V1-RSC,intermediate,V1,18,0.772257,0.024069
66,V1-RSC,intermediate,V1,19,0.224791,0.008058
66,V1-RSC,intermediate,V1,20,0.931912,0.018607
66,V1-RSC,intermediate,V1,21,0.952458,0.024744
66,V1-RSC,intermediate,RSC,0,0.684548,0.031281
66,V1-RSC,intermediate,RSC,1,0.748511,0.011151
66,V1-RSC,intermediate,RSC,2,1.227627,0.050829
66,V1-RSC,intermediate,RSC,3,0.99159,0.054935
66,V1-RSC,intermediate,RSC,4,0.994487,0.070293
66,V1-RSC,intermediate,RSC,5,0.968904,0.031045
66,V1-RSC,intermediate,RSC,6,0.977393,0.040042
66,V1-RSC,intermediate,RSC,7,1.11402,0.05941
66,V1-RSC,intermediate,RSC,8,0.957686,0.03504
66,V1-RSC,intermediate,RSC,9,1.40869,0.048711
66,V1-RSC,intermediate,RSC,10,1.333478,0.03651
66,V1-RSC,intermediate,RSC,11,1.051567,0.032252
66,V1-RSC,intermediate,RSC,12,0.841742,0.028455
66,V1-RSC,intermediate,RSC,13,0.943072,0.073247
66,V1-RSC,intermediate,RSC,14,0.846543,0.025529
66,V1-RSC,intermediate,RSC,15,1.172235,0.049723
66,V1-RSC,intermediate,RSC,16,0.851667,0.023226
66,V1-RSC,intermediate,RSC,17,1.101083,0.025261
66,V1-RSC,expert,V1,0,0.087416,0.008094
66,V1-RSC,expert,V1,1,1.013825,0.02722
66,V1-RSC,expert,V1,2,0.88223,0.029315
66,V1-RSC,expert,V1,3,1.040632,0.02398
66,V1-RSC,expert,V1,4,0.903196,0.031048
66,V1-RSC,expert,V1,5,0.808545,0.036585
66,V1-RSC,expert,V1,6,0.915463,0.08074
66,V1-RSC,expert,V1,7,0.939397,0.032341
66,V1-RSC,expert,V1,8,0.93874,0.055109
66,V1-RSC,expert,V1,9,1.034333,0.051878
66,V1-RSC,expert,V1,10,0.82675,0.019669
66,V1-RSC,expert,V1,11,0.923108,0.018576
66,V1-RSC,expert,V1,12,1.019747,0.044255
66,V1-RSC,expert,V1,13,1.021005,0.026058
66,V1-RSC,expert,V1,14,0.971523,0.046811
66,V1-RSC,expert,V1,15,0.881713,0.021199
66,V1-RSC,expert,V1,16,0.944892,0.103892
66,V1-RSC,expert,V1,17,0.866508,0.016426
66,V1-RSC,expert,V1,18,1.044774,0.015133
66,V1-RSC,expert,V1,19,0.64643,0.011371
66,V1-RSC,expert,V1,20,0.653022,0.008
66,V1-RSC,expert,V1,21,0.914179,0.024915
66,V1-RSC,expert,RSC,0,0.877659,0.047811
66,V1-RSC,expert,RSC,1,0.88917,0.016797
66,V1-RSC,expert,RSC,2,1.22396,0.032205
66,V1-RSC,expert,RSC,3,0.990705,0.082973
66,V1-RSC,expert,RSC,4,0.98705,0.031229
66,V1-RSC,expert,RSC,5,0.991571,0.031864
66,V1-RSC,expert,RSC,6,0.977987,0.026252
66,V1-RSC,expert,RSC,7,1.129114,0.072271
66,V1-RSC,expert,RSC,8,1.041228,0.047824
66,V1-RSC,expert,RSC,9,1.14859,0.049712
66,V1-RSC,expert,RSC,10,1.622874,0.045964
66,V1-RSC,expert,RSC,11,1.161612,0.091814
66,V1-RSC,expert,RSC,12,0.746645,0.024162
66,V1-RSC,expert,RSC,13,0.972234,0.049285
66,V1-RSC,expert,RSC,14,0.849421,0.033887
66,V1-RSC,expert,RSC,15,1.235152,0.080501
66,V1-RSC,expert,RSC,16,0.928418,0.032671
66,V1-RSC,expert,RSC,17,0.952192,0.02902
68,CA1-RSC,naive,CA1,0,1.061674,0.040787
68,CA1-RSC,naive,CA1,1,1.008108,0.02691
68,CA1-RSC,naive,CA1,2,1.173874,0.040535
68,CA1-RSC,naive,CA1,3,1.020722,0.017468
68,CA1-RSC,naive,CA1,4,1.204206,0.033066
68,CA1-RSC,naive,CA1,5,1.785313,0.039561
68,CA1-RSC,naive,CA1,6,1.004168,0.034959
68,CA1-RSC,naive,CA1,7,0.888999,0.018923
68,CA1-RSC,naive,CA1,8,1.064886,0.046067
68,CA1-RSC,naive,CA1,9,0.842942,0.022458
68,CA1-RSC,naive,CA1,10,1.162551,0.056945
68,CA1-RSC,naive,CA1,11,1.070581,0.037627
68,CA1-RSC,naive,CA1,12,0.813234,0.019635
68,CA1-RSC,naive,CA1,13,0.705007,0.016111
68,CA1-RSC,naive,CA1,14,0.741057,0.019462
68,CA1-RSC,naive,CA1,15,1.051598,0.030917
68,CA1-RSC,naive,CA1,16,0.461166,0.014897
68,CA1-RSC,naive,CA1,17,2.859575,0.039226
68,CA1-RSC,naive,RSC,0,0.902924,0.020129
68,CA1-RSC,naive,RSC,1,0.844959,0.02686
68,CA1-RSC,naive,RSC,2,0.900578,0.016383
68,CA1-RSC,naive,RSC,3,0.803188,0.018838
68,CA1-RSC,naive,RSC,4,0.956384,0.032685
68,CA1-RSC,naive,RSC,5,0.827122,0.029042
68,CA1-RSC,naive,RSC,6,0.687995,0.014765
68,CA1-RSC,naive,RSC,7,0.849221,0.021906
68,CA1-RSC,naive,RSC,8,1.057959,0.031439
68,CA1-RSC,naive,RSC,9,0.996374,0.044679
68,CA1-RSC,naive,RSC,10,0.203978,0.006942
68,CA1-RSC,naive,RSC,11,0.837064,0.020026
68,CA1-RSC,naive,RSC,12,0.810381,0.032098
68,CA1-RSC,naive,RSC,13,0.865535,0.017238
68,CA1-RSC,naive,RSC,14,1.087008,0.021737
68,CA1-RSC,naive,RSC,15,0.704674,0.029008
68,CA1-RSC,naive,RSC,16,0.818754,0.046757
68,CA1-RSC,naive,RSC,17,0.704573,0.019229
68,CA1-RSC,naive,RSC,18,0.751673,0.02564
68,CA1-RSC,naive,RSC,19,0.926216,0.023532
68,CA1-RSC,naive,RSC,20,0.677088,0.01484
68,CA1-RSC,naive,RSC,21,0.831757,0.023636
68,CA1-RSC,intermediate,CA1,0,1.02577,0.023656
68,CA1-RSC,intermediate,CA1,1,1.067808,0.034918
68,CA1-RSC,intermediate,CA1,2,1.169586,0.023388
68,CA1-RSC,intermediate,CA1,3,0.848938,0.016631
68,CA1-RSC,intermediate,CA1,4,1.105121,0.01456
68,CA1-RSC,intermediate,CA1,5,1.306159,0.017904
68,CA1-RSC,intermediate,CA1,6,0.975582,0.036063
68,CA1-RSC,intermediate,CA1,7,0.868817,0.013003
68,CA1-RSC,intermediate,CA1,8,1.0616,0.020798
68,CA1-RSC,intermediate,CA1,9,0.768921,0.012453
68,CA1-RSC,intermediate,CA1,10,1.18489,0.071803
68,CA1-RSC,intermediate,CA1,11,0.922518,0.023341
68,CA1-RSC,intermediate,CA1,12,1.026376,0.028163
68,CA1-RSC,intermediate,CA1,13,0.967731,0.019179
68,CA1-RSC,intermediate,CA1,14,0.965341,0.01668
68,CA1-RSC,intermediate,CA1,15,0.92513,0.027611
68,CA1-RSC,intermediate,CA1,16,1.072359,0.019388
68,CA1-RSC,intermediate,CA1,17,0.913139,0.024938
68,CA1-RSC,intermediate,RSC,0,0.807217,0.007072
68,CA1-RSC,intermediate,RSC,1,0.825278,0.012278
68,CA1-RSC,intermediate,RSC,2,0.957067,0.017129
68,CA1-RSC,intermediate,RSC,3,0.904918,0.015184
68,CA1-RSC,intermediate,RSC,4,1.035339,0.024948
68,CA1-RSC,intermediate,RSC,5,0.918978,0.020779
68,CA1-RSC,intermediate,RSC,6,0.888502,0.010299
68,CA1-RSC,intermediate,RSC,7,0.651869,0.022274
68,CA1-RSC,intermediate,RSC,8,1.01152,0.011078
68,CA1-RSC,intermediate,RSC,9,0.958366,0.050314
68,CA1-RSC,intermediate,RSC,10,0.504439,0.020794
68,CA1-RSC,intermediate,RSC,11,0.914534,0.011413
68,CA1-RSC,intermediate,RSC,12,0.835619,0.027116
68,CA1-RSC,intermediate,RSC,13,0.800153,0.019328
68,CA1-RSC,intermediate,RSC,14,0.960017,0.010466
68,CA1-RSC,intermediate,RSC,15,0.810168,0.01367
68,CA1-RSC,intermediate,RSC,16,0.938946,0.049068
68,CA1-RSC,intermediate,RSC,17,0.823176,0.02037
68,CA1-RSC,intermediate,RSC,18,1.051467,0.027071
68,CA1-RSC,intermediate,RSC,19,0.846859,0.018051
68,CA1-RSC,intermediate,RSC,20,0.117752,0.002294
68,CA1-RSC,intermediate,RSC,21,0.887431,0.015944
68,CA1-RSC,expert,CA1,0,1.008075,0.026304
68,CA1-RSC,expert,CA1,1,1.075099,0.038054
68,CA1-RSC,expert,CA1,2,1.16654,0.038526
68,CA1-RSC,expert,CA1,3,0.754233,0.026938
68,CA1-RSC,expert,CA1,4,1.133282,0.026759
68,CA1-RSC,expert,CA1,5,1.70931,0.04395
68,CA1-RSC,expert,CA1,6,0.996638,0.028453
68,CA1-RSC,expert,CA1,7,0.89604,0.011928
68,CA1-RSC,expert,CA1,8,1.041968,0.03145
68,CA1-RSC,expert,CA1,9,0.835064,0.021441
68,CA1-RSC,expert,CA1,10,1.199828,0.061982
68,CA1-RSC,expert,CA1,11,0.872451,0.035204
68,CA1-RSC,expert,CA1,12,1.076443,0.040255
68,CA1-RSC,expert,CA1,13,1.094117,0.024059
68,CA1-RSC,expert,CA1,14,1.208362,0.023537
68,CA1-RSC,expert,CA1,15,0.940717,0.034401
68,CA1-RSC,expert,CA1,16,1.070636,0.024902
68,CA1-RSC,expert,CA1,17,0.923456,0.020446
68,CA1-RSC,expert,RSC,0,0.92725,0.017604
68,CA1-RSC,expert,RSC,1,0.774087,0.01756
68,CA1-RSC,expert,RSC,2,0.957527,0.028746
68,CA1-RSC,expert,RSC,3,0.853626,0.022351
68,CA1-RSC,expert,RSC,4,1.052605,0.042256
68,CA1-RSC,expert,RSC,5,0.194924,0.005979
68,CA1-RSC,expert,RSC,6,0.91391,0.016272
68,CA1-RSC,expert,RSC,7,0.647794,0.028227
68,CA1-RSC,expert,RSC,8,1.049222,0.018472
68,CA1-RSC,expert,RSC,9,0.985327,0.046175
68,CA1-RSC,expert,RSC,10,1.135733,0.021991
68,CA1-RSC,expert,RSC,11,0.724834,0.014368
68,CA1-RSC,expert,RSC,12,0.946271,0.023632
68,CA1-RSC,expert,RSC,13,0.72475,0.02302
68,CA1-RSC,expert,RSC,14,0.991169,0.015016
68,CA1-RSC,expert,RSC,15,0.883666,0.036363
68,CA1-RSC,expert,RSC,16,0.817563,0.043423
68,CA1-RSC,expert,RSC,17,0.914691,0.039143
68,CA1-RSC,expert,RSC,18,0.937029,0.028347
68,CA1-RSC,expert,RSC,19,0.942951,0.012607
68,CA1-RSC,expert,RSC,20,0.04644,0.001359
68,CA1-RSC,expert,RSC,21,0.713351,0.015691
68,CA1-CA3,naive,CA1,0,0.774286,0.044607
68,CA1-CA3,naive,CA1,1,0.913608,0.130691
68,CA1-CA3,naive,CA1,2,1.109336,0.192436
68,CA1-CA3,naive,CA1,3,0.892541,0.05893
68,CA1-CA3,naive,CA1,4,0.980014,0.053179
68,CA1-CA3,naive,CA1,5,1.387102,0.117498
68,CA1-CA3,naive,CA1,6,0.794332,0.050419
68,CA1-CA3,naive,CA1,7,0.54767,0.048239
68,CA1-CA3,naive,CA1,8,0.967394,0.145902
68,CA1-CA3,naive,CA1,9,0.547074,0.027677
68,CA1-CA3,naive,CA1,10,1.083155,0.353081
68,CA1-CA3,naive,CA1,11,0.91316,0.051103
68,CA1-CA3,naive,CA1,12,0.493266,0.032601
68,CA1-CA3,naive,CA1,13,0.617574,0.040937
68,CA1-CA3,naive,CA1,14,0.575162,0.061153
68,CA1-CA3,naive,CA1,15,0.903051,0.017808
68,CA1-CA3,naive,CA1,16,0.331645,0.036575
68,CA1-CA3,naive,CA1,17,2.113535,0.223087
68,CA1-CA3,naive,CA3,0,1.092374,0.055297
68,CA1-CA3,naive,CA3,1,1.038405,0.043665
68,CA1-CA3,naive,CA3,2,1.309128,0.04415
68,CA1-CA3,naive,CA3,3,1.036407,0.177344
68,CA1-CA3,naive,CA3,4,0.987712,0.082258
68,CA1-CA3,naive,CA3,5,1.110795,0.367117
68,CA1-CA3,naive,CA3,6,19.026422,3.636756
68,CA1-CA3,naive,CA3,7,1.074304,0.018555
68,CA1-CA3,naive,CA3,8,1.065058,0.023161
68,CA1-CA3,naive,CA3,9,1.021496,0.01127
68,CA1-CA3,naive,CA3,10,0.953963,0.199664
68,CA1-CA3,naive,CA3,11,0.991863,0.012828
68,CA1-CA3,intermediate,CA1,0,0.59653,0.045775
68,CA1-CA3,intermediate,CA1,1,0.901955,0.126133
68,CA1-CA3,intermediate,CA1,2,1.077859,0.202054
68,CA1-CA3,intermediate,CA1,3,0.708567,0.04342
68,CA1-CA3,intermediate,CA1,4,0.745619,0.031111
68,CA1-CA3,intermediate,CA1,5,0.927428,0.019541
68,CA1-CA3,intermediate,CA1,6,0.857827,0.040193
68,CA1-CA3,intermediate,CA1,7,0.730914,0.016279
68,CA1-CA3,intermediate,CA1,8,0.956771,0.128438
68,CA1-CA3,intermediate,CA1,9,0.510607,0.012556
68,CA1-CA3,intermediate,CA1,10,1.098775,0.313655
68,CA1-CA3,intermediate,CA1,11,0.666609,0.042832
68,CA1-CA3,intermediate,CA1,12,0.945675,0.012682
68,CA1-CA3,intermediate,CA1,13,0.782367,0.019344
68,CA1-CA3,intermediate,CA1,14,0.83932,0.048295
68,CA1-CA3,intermediate,CA1,15,0.784998,0.015089
68,CA1-CA3,intermediate,CA1,16,0.819834,0.019976
68,CA1-CA3,intermediate,CA1,17,0.63319,0.004618
68,CA1-CA3,intermediate,CA3,0,0.950055,0.063055
68,CA1-CA3,intermediate,CA3,1,1.059977,0.030321
68,CA1-CA3,intermediate,CA3,2,1.148922,0.047498
68,CA1-CA3,intermediate,CA3,3,1.085907,0.166183
68,CA1-CA3,intermediate,CA3,4,1.02767,0.09027
68,CA1-CA3,intermediate,CA3,5,1.068139,0.329955
68,CA1-CA3,intermediate,CA3,6,0.803507,0.003613
68,CA1-CA3,intermediate,CA3,7,0.870465,0.009177
68,CA1-CA3,intermediate,CA3,8,1.07818,0.025929
68,CA1-CA3,intermediate,CA3,9,1.076246,0.02197
68,CA1-CA3,intermediate,CA3,10,1.018153,0.190779
68,CA1-CA3,intermediate,CA3,11,0.891187,0.019136
68,CA1-CA3,expert,CA1,0,0.819314,0.050858
68,CA1-CA3,expert,CA1,1,0.993586,0.12214
68,CA1-CA3,expert,CA1,2,1.111809,0.200165
68,CA1-CA3,expert,CA1,3,0.443811,0.038222
68,CA1-CA3,expert,CA1,4,0.785894,0.027075
68,CA1-CA3,expert,CA1,5,1.3359,0.012132
68,CA1-CA3,expert,CA1,6,0.802239,0.034484
68,CA1-CA3,expert,CA1,7,0.688422,0.019694
68,CA1-CA3,expert,CA1,8,0.915021,0.111259
68,CA1-CA3,expert,CA1,9,0.782893,0.015327
68,CA1-CA3,expert,CA1,10,1.102801,0.316387
68,CA1-CA3,expert,CA1,11,0.836909,0.056809
68,CA1-CA3,expert,CA1,12,0.974751,0.010963
68,CA1-CA3,expert,CA1,13,0.796685,0.016617
68,CA1-CA3,expert,CA1,14,0.846001,0.037592
68,CA1-CA3,expert,CA1,15,0.75069,0.012096
68,CA1-CA3,expert,CA1,16,0.68799,0.01692
68,CA1-CA3,expert,CA1,17,0.575036,0.016895
68,CA1-CA3,expert,CA3,0,0.992243,0.074562
68,CA1-CA3,expert,CA3,1,0.994853,0.034919
68,CA1-CA3,expert,CA3,2,1.109179,0.049173
68,CA1-CA3,expert,CA3,3,1.059672,0.161066
68,CA1-CA3,expert,CA3,4,1.059073,0.078133
68,CA1-CA3,expert,CA3,5,1.091168,0.3268
68,CA1-CA3,expert,CA3,6,0.932536,0.015931
68,CA1-CA3,expert,CA3,7,0.877014,0.008152
68,CA1-CA3,expert,CA3,8,1.06272,0.035711
68,CA1-CA3,expert,CA3,9,1.606121,0.02715
68,CA1-CA3,expert,CA3,10,1.043882,0.194363
68,CA1-CA3,expert,CA3,11,1.087204,0.015707
68,CA1-DG,naive,CA1,0,1.062265,0.027983
68,CA1-DG,naive,CA1,1,1.002914,0.087951
68,CA1-DG,naive,CA1,2,1.155819,0.190068
68,CA1-DG,naive,CA1,3,1.02022,0.035253
68,CA1-DG,naive,CA1,4,1.20446,0.01932
68,CA1-DG,naive,CA1,5,1.78513,0.025809
68,CA1-DG,naive,CA1,6,0.999573,0.094306
68,CA1-DG,naive,CA1,7,0.888053,0.033841
68,CA1-DG,naive,CA1,8,1.057675,0.123219
68,CA1-DG,naive,CA1,9,0.8425,0.021303
68,CA1-DG,naive,CA1,10,1.153953,0.131286
68,CA1-DG,naive,CA1,11,1.070512,0.023604
68,CA1-DG,naive,CA1,12,0.813545,0.012262
68,CA1-DG,naive,CA1,13,0.705232,0.011952
68,CA1-DG,naive,CA1,14,0.741266,0.020645
68,CA1-DG,naive,CA1,15,1.052433,0.018072
68,CA1-DG,naive,CA1,16,0.461073,0.013073
68,CA1-DG,naive,CA1,17,2.85991,0.026474
68,CA1-DG,naive,DG,0,0.794485,0.025753
68,CA1-DG,naive,DG,1,0.744941,0.010175
68,CA1-DG,naive,DG,2,0.918544,0.165736
68,CA1-DG,naive,DG,3,0.736249,0.12929
68,CA1-DG,naive,DG,4,0.841385,0.078442
68,CA1-DG,naive,DG,5,0.03083,0.002481
68,CA1-DG,naive,DG,6,0.662753,0.019414
68,CA1-DG,naive,DG,7,0.888206,0.012249
68,CA1-DG,naive,DG,8,0.721125,0.017868
68,CA1-DG,naive,DG,9,0.592929,0.012282
68,CA1-DG,naive,DG,10,0.655048,0.105192
68,CA1-DG,naive,DG,11,0.883412,0.02126
68,CA1-DG,naive,DG,12,0.129888,0.006962
68,CA1-DG,naive,DG,13,1.003564,0.014261
68,CA1-DG,naive,DG,14,0.715995,0.017369
68,CA1-DG,naive,DG,15,0.814265,0.052633
68,CA1-DG,naive,DG,16,0.961491,0.040423
68,CA1-DG,naive,DG,17,1.038699,0.102109
68,CA1-DG,naive,DG,18,0.499048,0.061778
68,CA1-DG,naive,DG,19,0.710188,0.025828
68,CA1-DG,naive,DG,20,0.800329,0.025199
68,CA1-DG,naive,DG,21,0.602229,0.026015
68,CA1-DG,naive,DG,22,0.563436,0.024405
68,CA1-DG,naive,DG,23,0.499028,0.007843
68,CA1-DG,intermediate,CA1,0,1.025278,0.033165
68,CA1-DG,intermediate,CA1,1,1.062554,0.102354
68,CA1-DG,intermediate,CA1,2,1.145373,0.223736
68,CA1-DG,intermediate,CA1,3,0.847699,0.044919
68,CA1-DG,intermediate,CA1,4,1.104575,0.041882
68,CA1-DG,intermediate,CA1,5,1.305906,0.014437
68,CA1-DG,intermediate,CA1,6,0.972458,0.084473
68,CA1-DG,intermediate,CA1,7,0.868343,0.027175
68,CA1-DG,intermediate,CA1,8,1.05201,0.137251
68,CA1-DG,intermediate,CA1,9,0.769002,0.01304
68,CA1-DG,intermediate,CA1,10,1.179002,0.130823
68,CA1-DG,intermediate,CA1,11,0.923408,0.019382
68,CA1-DG,intermediate,CA1,12,1.026074,0.018603
68,CA1-DG,intermediate,CA1,13,0.96824,0.016936
68,CA1-DG,intermediate,CA1,14,0.964944,0.021714
68,CA1-DG,intermediate,CA1,15,0.925784,0.020234
68,CA1-DG,intermediate,CA1,16,1.0723,0.020505
68,CA1-DG,intermediate,CA1,17,0.913469,0.014385
68,CA1-DG,intermediate,DG,0,1.085182,0.013503
68,CA1-DG,intermediate,DG,1,0.921526,0.016468
68,CA1-DG,intermediate,DG,2,0.894641,0.189117
68,CA1-DG,intermediate,DG,3,1.08078,0.117509
68,CA1-DG,intermediate,DG,4,0.995648,0.090348
68,CA1-DG,intermediate,DG,5,0.87942,0.037547
68,CA1-DG,intermediate,DG,6,1.061568,0.032215
68,CA1-DG,intermediate,DG,7,1.001898,0.028011
68,CA1-DG,intermediate,DG,8,0.02011,0.000861
68,CA1-DG,intermediate,DG,9,1.112312,0.019438
68,CA1-DG,intermediate,DG,10,1.075928,0.102387
68,CA1-DG,intermediate,DG,11,0.094179,0.004809
68,CA1-DG,intermediate,DG,12,0.034901,0.002504
68,CA1-DG,intermediate,DG,13,0.931213,0.016133
68,CA1-DG,intermediate,DG,14,0.791703,0.019149
68,CA1-DG,intermediate,DG,15,0.961945,0.052879
68,CA1-DG,intermediate,DG,16,0.973863,0.048391
68,CA1-DG,intermediate,DG,17,0.425227,0.059265
68,CA1-DG,intermediate,DG,18,1.002548,0.131644
68,CA1-DG,intermediate,DG,19,0.821934,0.018891
68,CA1-DG,intermediate,DG,20,0.697782,0.032327
68,CA1-DG,intermediate,DG,21,0.738292,0.028462
68,CA1-DG,intermediate,DG,22,0.850002,0.016861
68,CA1-DG,intermediate,DG,23,0.998979,0.02613
68,CA1-DG,expert,CA1,0,1.007572,0.032651
68,CA1-DG,expert,CA1,1,1.070702,0.094978
68,CA1-DG,expert,CA1,2,1.143421,0.221772
68,CA1-DG,expert,CA1,3,0.753742,0.038405
68,CA1-DG,expert,CA1,4,1.133051,0.027453
68,CA1-DG,expert,CA1,5,1.709827,0.02557
68,CA1-DG,expert,CA1,6,0.992793,0.08491
68,CA1-DG,expert,CA1,7,0.895336,0.026661
68,CA1-DG,expert,CA1,8,1.031817,0.141019
68,CA1-DG,expert,CA1,9,0.835526,0.024918
68,CA1-DG,expert,CA1,10,1.193435,0.133086
68,CA1-DG,expert,CA1,11,0.872951,0.022181
68,CA1-DG,expert,CA1,12,1.076684,0.024174
68,CA1-DG,expert,CA1,13,1.094099,0.020047
68,CA1-DG,expert,CA1,14,1.208449,0.021983
68,CA1-DG,expert,CA1,15,0.941032,0.030769
68,CA1-DG,expert,CA1,16,1.070518,0.020913
68,CA1-DG,expert,CA1,17,0.923435,0.022724
68,CA1-DG,expert,DG,0,0.281652,0.017822
68,CA1-DG,expert,DG,1,1.049682,0.018957
68,CA1-DG,expert,DG,2,0.92257,0.192578
68,CA1-DG,expert,DG,3,1.087088,0.119872
68,CA1-DG,expert,DG,4,0.975846,0.085129
68,CA1-DG,expert,DG,5,0.87598,0.025384
68,CA1-DG,expert,DG,6,0.151364,0.004441
68,CA1-DG,expert,DG,7,0.533045,0.033303
68,CA1-DG,expert,DG,8,0.095981,0.003373
68,CA1-DG,expert,DG,9,0.918584,0.043231
68,CA1-DG,expert,DG,10,1.066462,0.096841
68,CA1-DG,expert,DG,11,1.051696,0.017533
68,CA1-DG,expert,DG,12,1.075719,0.034667
68,CA1-DG,expert,DG,13,0.791935,0.015129
68,CA1-DG,expert,DG,14,0.801717,0.015353
68,CA1-DG,expert,DG,15,0.973179,0.04993
68,CA1-DG,expert,DG,16,0.905654,0.038661
68,CA1-DG,expert,DG,17,0.989757,0.093282
68,CA1-DG,expert,DG,18,1.061006,0.119207
68,CA1-DG,expert,DG,19,0.981464,0.03265
68,CA1-DG,expert,DG,20,0.779257,0.049175
68,CA1-DG,expert,DG,21,0.833225,0.026498
68,CA1-DG,expert,DG,22,0.913185,0.02686
68,CA1-DG,expert,DG,23,0.904304,0.012418
68,CA3-DG,naive,CA3,0,1.092481,0.039813
68,CA3-DG,naive,CA3,1,1.039223,0.01721
68,CA3-DG,naive,CA3,2,1.307431,0.050667
68,CA3-DG,naive,CA3,3,1.037398,0.156685
68,CA3-DG,naive,CA3,4,0.980177,0.138757
68,CA3-DG,naive,CA3,5,1.165127,0.167794
68,CA3-DG,naive,CA3,6,19.420925,4.143601
68,CA3-DG,naive,CA3,7,1.073865,0.0259
68,CA3-DG,naive,CA3,8,1.061673,0.066548
68,CA3-DG,naive,CA3,9,1.020905,0.022919
68,CA3-DG,naive,CA3,10,0.946946,0.227491
68,CA3-DG,naive,CA3,11,0.991678,0.017918
68,CA3-DG,naive,DG,0,0.628507,0.040865
68,CA3-DG,naive,DG,1,0.676438,0.021866
68,CA3-DG,naive,DG,2,0.895838,0.132315
68,CA3-DG,naive,DG,3,0.725566,0.12893
68,CA3-DG,naive,DG,4,0.760667,0.081273
68,CA3-DG,naive,DG,5,0.028751,0.003379
68,CA3-DG,naive,DG,6,0.581584,0.054402
68,CA3-DG,naive,DG,7,0.636397,0.053568
68,CA3-DG,naive,DG,8,0.455211,0.011124
68,CA3-DG,naive,DG,9,0.351644,0.034507
68,CA3-DG,naive,DG,10,0.664329,0.113387
68,CA3-DG,naive,DG,11,0.557453,0.031093
68,CA3-DG,naive,DG,12,0.101123,0.009255
68,CA3-DG,naive,DG,13,0.755424,0.046842
68,CA3-DG,naive,DG,14,0.508071,0.027998
68,CA3-DG,naive,DG,15,0.917441,0.118309
68,CA3-DG,naive,DG,16,0.796702,0.041978
68,CA3-DG,naive,DG,17,0.854579,0.187846
68,CA3-DG,naive,DG,18,0.513527,0.105336
68,CA3-DG,naive,DG,19,0.662872,0.04517
68,CA3-DG,naive,DG,20,0.570966,0.038903
68,CA3-DG,naive,DG,21,0.431014,0.068876
68,CA3-DG,naive,DG,22,0.347341,0.040412
68,CA3-DG,naive,DG,23,0.381141,0.036551
68,CA3-DG,intermediate,CA3,0,0.950936,0.038083
68,CA3-DG,intermediate,CA3,1,1.060089,0.019108
68,CA3-DG,intermediate,CA3,2,1.146451,0.084669
68,CA3-DG,intermediate,CA3,3,1.079137,0.198302
68,CA3-DG,intermediate,CA3,4,1.018701,0.160939
68,CA3-DG,intermediate,CA3,5,1.100468,0.229439
68,CA3-DG,intermediate,CA3,6,0.800857,0.054869
68,CA3-DG,intermediate,CA3,7,0.870127,0.024582
68,CA3-DG,intermediate,CA3,8,1.075543,0.066536
68,CA3-DG,intermediate,CA3,9,1.076031,0.023323
68,CA3-DG,intermediate,CA3,10,1.002826,0.2491
68,CA3-DG,intermediate,CA3,11,0.890812,0.02932
68,CA3-DG,intermediate,DG,0,0.791032,0.035512
68,CA3-DG,intermediate,DG,1,0.864187,0.035695
68,CA3-DG,intermediate,DG,2,0.728864,0.089768
68,CA3-DG,intermediate,DG,3,0.921667,0.163736
68,CA3-DG,intermediate,DG,4,0.963434,0.072776
68,CA3-DG,intermediate,DG,5,0.692834,0.029972
68,CA3-DG,intermediate,DG,6,0.65238,0.053696
68,CA3-DG,intermediate,DG,7,0.796447,0.041158
68,CA3-DG,intermediate,DG,8,0.015932,0.00339
68,CA3-DG,intermediate,DG,9,0.829853,0.054561
68,CA3-DG,intermediate,DG,10,0.768875,0.133289
68,CA3-DG,intermediate,DG,11,0.091169,0.007995
68,CA3-DG,intermediate,DG,12,0.030694,0.003846
68,CA3-DG,intermediate,DG,13,0.743273,0.029958
68,CA3-DG,intermediate,DG,14,0.450265,0.03088
68,CA3-DG,intermediate,DG,15,0.747329,0.126489
68,CA3-DG,intermediate,DG,16,0.822322,0.066355
68,CA3-DG,intermediate,DG,17,0.521711,0.126221
68,CA3-DG,intermediate,DG,18,0.966908,0.233924
68,CA3-DG,intermediate,DG,19,0.640779,0.032345
68,CA3-DG,intermediate,DG,20,0.457669,0.032695
68,CA3-DG,intermediate,DG,21,0.607195,0.03243
68,CA3-DG,intermediate,DG,22,0.864459,0.059988
68,CA3-DG,intermediate,DG,23,0.614912,0.025221
68,CA3-DG,expert,CA3,0,0.994615,0.043677
68,CA3-DG,expert,CA3,1,0.995551,0.017612
68,CA3-DG,expert,CA3,2,1.103935,0.108176
68,CA3-DG,expert,CA3,3,1.05154,0.19936
68,CA3-DG,expert,CA3,4,1.046764,0.171529
68,CA3-DG,expert,CA3,5,1.124422,0.22109
68,CA3-DG,expert,CA3,6,0.930069,0.05144
68,CA3-DG,expert,CA3,7,0.876645,0.017902
68,CA3-DG,expert,CA3,8,1.060673,0.058319
68,CA3-DG,expert,CA3,9,1.60575,0.046795
68,CA3-DG,expert,CA3,10,1.028909,0.253495
68,CA3-DG,expert,CA3,11,1.085858,0.040418
68,CA3-DG,expert,DG,0,0.209396,0.027593
68,CA3-DG,expert,DG,1,0.864114,0.024438
68,CA3-DG,expert,DG,2,0.833357,0.065085
68,CA3-DG,expert,DG,3,0.989297,0.139588
68,CA3-DG,expert,DG,4,0.930837,0.081115
68,CA3-DG,expert,DG,5,0.727356,0.03564
68,CA3-DG,expert,DG,6,0.11606,0.015021
68,CA3-DG,expert,DG,7,0.272938,0.048289
68,CA3-DG,expert,DG,8,0.078592,0.007321
68,CA3-DG,expert,DG,9,0.595161,0.055603
68,CA3-DG,expert,DG,10,0.61166,0.110462
68,CA3-DG,expert,DG,11,0.606249,0.014173
68,CA3-DG,expert,DG,12,0.774865,0.0283
68,CA3-DG,expert,DG,13,0.305603,0.018983
68,CA3-DG,expert,DG,14,0.611283,0.017749
68,CA3-DG,expert,DG,15,0.762066,0.137244
68,CA3-DG,expert,DG,16,0.621452,0.074558
68,CA3-DG,expert,DG,17,0.89976,0.18547
68,CA3-DG,expert,DG,18,1.022267,0.230374
68,CA3-DG,expert,DG,19,0.832086,0.045585
68,CA3-DG,expert,DG,20,0.784901,0.057338
68,CA3-DG,expert,DG,21,0.726507,0.034992
68,CA3-DG,expert,DG,22,0.922862,0.028302
68,CA3-DG,expert,DG,23,0.664789,0.021126
73,CA1-RSC,naive,CA1,0,0.022497,0.000241
73,CA1-RSC,naive,CA1,1,0.153162,0.002835
73,CA1-RSC,naive,CA1,2,0.065374,0.000966
73,CA1-RSC,naive,CA1,3,1.079594,0.015995
73,CA1-RSC,naive,CA1,4,1.244332,0.029113
73,CA1-RSC,naive,CA1,5,0.313132,0.006173
73,CA1-RSC,naive,CA1,6,0.968425,0.015598
73,CA1-RSC,naive,CA1,7,0.808419,0.021018
73,CA1-RSC,naive,CA1,8,1.121929,0.012177
73,CA1-RSC,naive,CA1,9,1.154547,0.060746
73,CA1-RSC,naive,CA1,10,1.057771,0.080234
73,CA1-RSC,naive,CA1,11,1.074646,0.042695
73,CA1-RSC,naive,CA1,12,2.028583,0.026703
73,CA1-RSC,naive,CA1,13,0.066278,0.002022
73,CA1-RSC,naive,CA1,14,1.347835,0.032054
73,CA1-RSC,naive,CA1,15,0.038709,0.000407
73,CA1-RSC,naive,CA1,16,1.664993,0.029156
73,CA1-RSC,naive,CA1,17,1.990339,0.022809
73,CA1-RSC,naive,CA1,18,1.029521,0.017174
73,CA1-RSC,naive,CA1,19,1.146892,0.030679
73,CA1-RSC,naive,CA1,20,1.074283,0.016386
73,CA1-RSC,naive,CA1,21,1.140252,0.020988
73,CA1-RSC,naive,CA1,22,0.927774,0.016473
73,CA1-RSC,naive,CA1,23,1.702424,0.064517
73,CA1-RSC,naive,CA1,24,1.16062,0.019731
73,CA1-RSC,naive,CA1,25,0.941552,0.017635
73,CA1-RSC,naive,RSC,0,0.149011,0.009746
73,CA1-RSC,naive,RSC,1,0.057127,0.003351
73,CA1-RSC,naive,RSC,2,0.031368,0.000667
73,CA1-RSC,naive,RSC,3,0.862583,0.013803
73,CA1-RSC,naive,RSC,4,0.882128,0.015235
73,CA1-RSC,naive,RSC,5,0.855205,0.023492
73,CA1-RSC,naive,RSC,6,0.029819,0.000668
73,CA1-RSC,naive,RSC,7,0.071799,0.003232
73,CA1-RSC,naive,RSC,8,0.114147,0.013506
73,CA1-RSC,naive,RSC,9,0.030434,0.001453
73,CA1-RSC,naive,RSC,10,0.069537,0.002199
73,CA1-RSC,naive,RSC,11,0.009926,0.000287
73,CA1-RSC,naive,RSC,12,0.091413,0.002008
73,CA1-RSC,naive,RSC,13,0.251381,0.024153
73,CA1-RSC,naive,RSC,14,0.333429,0.035448
73,CA1-RSC,naive,RSC,15,0.617894,0.01042
73,CA1-RSC,naive,RSC,16,0.871354,0.007498
73,CA1-RSC,naive,RSC,17,0.070007,0.00692
73,CA1-RSC,naive,RSC,18,0.831553,0.013821
73,CA1-RSC,naive,RSC,19,0.024082,0.001271
73,CA1-RSC,naive,RSC,20,0.011962,0.000189
73,CA1-RSC,naive,RSC,21,0.009429,0.000531
73,CA1-RSC,naive,RSC,22,0.006714,0.000119
73,CA1-RSC,naive,RSC,23,0.148682,0.01349
73,CA1-RSC,naive,RSC,24,0.00765,0.000287
73,CA1-RSC,naive,RSC,25,0.132274,0.003961
73,CA1-RSC,naive,RSC,26,0.021101,0.00114
73,CA1-RSC,naive,RSC,27,0.072246,0.002381
73,CA1-RSC,naive,RSC,28,0.00307,5.3e-05
73,CA1-RSC,naive,RSC,29,0.080351,0.006303
73,CA1-RSC,naive,RSC,30,0.072008,0.002127
73,CA1-RSC,naive,RSC,31,0.64977,0.049828
73,CA1-RSC,naive,RSC,32,0.054618,0.00097
73,CA1-RSC,naive,RSC,33,0.104785,0.006648
73,CA1-RSC,naive,RSC,34,0.230088,0.02582
73,CA1-RSC,naive,RSC,35,0.782387,0.012209
73,CA1-RSC,naive,RSC,36,0.78396,0.051696
73,CA1-RSC,naive,RSC,37,0.110081,0.004204
73,CA1-RSC,naive,RSC,38,0.031106,0.001039
73,CA1-RSC,naive,RSC,39,0.063042,0.003957
73,CA1-RSC,naive,RSC,40,0.068852,0.002182
73,CA1-RSC,naive,RSC,41,0.055303,0.000759
73,CA1-RSC,naive,RSC,42,0.061077,0.006146
73,CA1-RSC,naive,RSC,43,0.084035,0.002757
73,CA1-RSC,naive,RSC,44,0.911145,0.011096
73,CA1-RSC,naive,RSC,45,0.071436,0.003647
73,CA1-RSC,naive,RSC,46,0.874331,0.019432
73,CA1-RSC,naive,RSC,47,0.091259,0.003353
73,CA1-RSC,naive,RSC,48,0.865527,0.010509
73,CA1-RSC,naive,RSC,49,0.016416,0.00044
73,CA1-RSC,naive,RSC,50,0.8467,0.009272
73,CA1-RSC,naive,RSC,51,0.0133,0.000131
73,CA1-RSC,naive,RSC,52,0.516052,0.003761
73,CA1-RSC,naive,RSC,53,0.765614,0.0094
73,CA1-RSC,naive,RSC,54,0.746767,0.006429
73,CA1-RSC,naive,RSC,55,0.074444,0.001351
73,CA1-RSC,naive,RSC,56,0.118051,0.004238
73,CA1-RSC,naive,RSC,57,0.319578,0.014507
73,CA1-RSC,naive,RSC,58,0.05191,0.003459
73,CA1-RSC,naive,RSC,59,0.912055,0.010345
73,CA1-RSC,naive,RSC,60,0.280836,0.017286
73,CA1-RSC,naive,RSC,61,0.622321,0.005895
73,CA1-RSC,naive,RSC,62,0.818016,0.007446
73,CA1-RSC,naive,RSC,63,0.537902,0.003421
73,CA1-RSC,intermediate,CA1,0,1.127338,0.026225
73,CA1-RSC,intermediate,CA1,1,0.018348,0.001075
73,CA1-RSC,intermediate,CA1,2,0.135776,0.001938
73,CA1-RSC,intermediate,CA1,3,0.631985,0.013161
73,CA1-RSC,intermediate,CA1,4,1.102575,0.017933
73,CA1-RSC,intermediate,CA1,5,0.046824,0.000835
73,CA1-RSC,intermediate,CA1,6,0.941528,0.031315
73,CA1-RSC,intermediate,CA1,7,0.056857,0.001165
73,CA1-RSC,intermediate,CA1,8,1.007356,0.026281
73,CA1-RSC,intermediate,CA1,9,1.085032,0.014507
73,CA1-RSC,intermediate,CA1,10,1.068706,0.022855
73,CA1-RSC,intermediate,CA1,11,1.059317,0.029347
73,CA1-RSC,intermediate,CA1,12,1.003228,0.015848
73,CA1-RSC,intermediate,CA1,13,0.023515,0.000715
73,CA1-RSC,intermediate,CA1,14,0.883076,0.012597
73,CA1-RSC,intermediate,CA1,15,0.700912,0.054321
73,CA1-RSC,intermediate,CA1,16,0.985155,0.023896
73,CA1-RSC,intermediate,CA1,17,0.806936,0.009402
73,CA1-RSC,intermediate,CA1,18,1.06001,0.041604
73,CA1-RSC,intermediate,CA1,19,1.103178,0.015056
73,CA1-RSC,intermediate,CA1,20,1.033388,0.015369
73,CA1-RSC,intermediate,CA1,21,0.96402,0.014322
73,CA1-RSC,intermediate,CA1,22,1.03695,0.018761
73,CA1-RSC,intermediate,CA1,23,0.816812,0.048716
73,CA1-RSC,intermediate,CA1,24,1.090559,0.014027
73,CA1-RSC,intermediate,CA1,25,0.156136,0.003751
73,CA1-RSC,intermediate,RSC,0,0.400593,0.005197
73,CA1-RSC,intermediate,RSC,1,0.822457,0.011818
73,CA1-RSC,intermediate,RSC,2,0.046897,0.001387
73,CA1-RSC,intermediate,RSC,3,0.295111,0.009028
73,CA1-RSC,intermediate,RSC,4,0.174829,0.003283
73,CA1-RSC,intermediate,RSC,5,0.835325,0.010725
73,CA1-RSC,intermediate,RSC,6,0.1483,0.004574
73,CA1-RSC,intermediate,RSC,7,0.018241,0.000679
73,CA1-RSC,intermediate,RSC,8,0.233108,0.008597
73,CA1-RSC,intermediate,RSC,9,0.295511,0.006572
73,CA1-RSC,intermediate,RSC,10,0.07901,0.002542
73,CA1-RSC,intermediate,RSC,11,0.761613,0.013053
73,CA1-RSC,intermediate,RSC,12,0.730054,0.016781
73,CA1-RSC,intermediate,RSC,13,0.475322,0.025003
73,CA1-RSC,intermediate,RSC,14,0.273156,0.012249
73,CA1-RSC,intermediate,RSC,15,0.78863,0.014395
73,CA1-RSC,intermediate,RSC,16,0.46344,0.010912
73,CA1-RSC,intermediate,RSC,17,0.106856,0.002664
73,CA1-RSC,intermediate,RSC,18,0.125227,0.003733
73,CA1-RSC,intermediate,RSC,19,0.130323,0.005317
73,CA1-RSC,intermediate,RSC,20,0.791092,0.013545
73,CA1-RSC,intermediate,RSC,21,0.410122,0.009325
73,CA1-RSC,intermediate,RSC,22,0.734059,0.009852
73,CA1-RSC,intermediate,RSC,23,0.163245,0.004825
73,CA1-RSC,intermediate,RSC,24,0.383465,0.008786
73,CA1-RSC,intermediate,RSC,25,0.164178,0.007771
73,CA1-RSC,intermediate,RSC,26,0.013597,0.000268
73,CA1-RSC,intermediate,RSC,27,0.027783,0.001294
73,CA1-RSC,intermediate,RSC,28,0.015183,0.000516
73,CA1-RSC,intermediate,RSC,29,0.067468,0.002844
73,CA1-RSC,intermediate,RSC,30,0.125523,0.009
73,CA1-RSC,intermediate,RSC,31,0.393408,0.008253
73,CA1-RSC,intermediate,RSC,32,0.052001,0.001674
73,CA1-RSC,intermediate,RSC,33,0.079089,0.002028
73,CA1-RSC,intermediate,RSC,34,0.259258,0.013554
73,CA1-RSC,intermediate,RSC,35,0.72801,0.023247
73,CA1-RSC,intermediate,RSC,36,0.773636,0.062507
73,CA1-RSC,intermediate,RSC,37,0.154814,0.004017
73,CA1-RSC,intermediate,RSC,38,0.08763,0.002199
73,CA1-RSC,intermediate,RSC,39,0.18851,0.010117
73,CA1-RSC,intermediate,RSC,40,0.361283,0.004962
73,CA1-RSC,intermediate,RSC,41,0.140903,0.004307
73,CA1-RSC,intermediate,RSC,42,0.284886,0.005657
73,CA1-RSC,intermediate,RSC,43,0.656469,0.018586
73,CA1-RSC,intermediate,RSC,44,0.843701,0.02508
73,CA1-RSC,intermediate,RSC,45,0.089983,0.00264
73,CA1-RSC,intermediate,RSC,46,0.83251,0.025727
73,CA1-RSC,intermediate,RSC,47,0.03893,0.001525
73,CA1-RSC,intermediate,RSC,48,0.816822,0.013294
73,CA1-RSC,intermediate,RSC,49,0.783753,0.01806
73,CA1-RSC,intermediate,RSC,50,0.029003,0.001119
73,CA1-RSC,intermediate,RSC,51,0.045688,0.000833
73,CA1-RSC,intermediate,RSC,52,0.000158,1.1e-05
73,CA1-RSC,intermediate,RSC,53,0.835019,0.038276
73,CA1-RSC,intermediate,RSC,54,0.093512,0.002441
73,CA1-RSC,intermediate,RSC,55,0.392639,0.007395
73,CA1-RSC,intermediate,RSC,56,0.121208,0.002379
73,CA1-RSC,intermediate,RSC,57,0.785368,0.011245
73,CA1-RSC,intermediate,RSC,58,0.762426,0.008148
73,CA1-RSC,intermediate,RSC,59,0.83561,0.010914
73,CA1-RSC,intermediate,RSC,60,0.812752,0.011376
73,CA1-RSC,intermediate,RSC,61,0.093512,0.002554
73,CA1-RSC,intermediate,RSC,62,0.21414,0.002889
73,CA1-RSC,intermediate,RSC,63,0.052838,0.00198
73,CA1-RSC,expert,CA1,0,1.058555,0.126434
73,CA1-RSC,expert,CA1,1,1.137823,0.127378
73,CA1-RSC,expert,CA1,2,0.856149,0.105134
73,CA1-RSC,expert,CA1,3,0.652916,0.082591
73,CA1-RSC,expert,CA1,4,0.877932,0.076448
73,CA1-RSC,expert,CA1,5,0.108932,0.014986
73,CA1-RSC,expert,CA1,6,0.959619,0.133431
73,CA1-RSC,expert,CA1,7,0.043423,0.005707
73,CA1-RSC,expert,CA1,8,0.984572,0.137834
73,CA1-RSC,expert,CA1,9,1.048353,0.101492
73,CA1-RSC,expert,CA1,10,1.02596,0.115456
73,CA1-RSC,expert,CA1,11,1.085957,0.118889
73,CA1-RSC,expert,CA1,12,0.898023,0.085912
73,CA1-RSC,expert,CA1,13,0.054838,0.007616
73,CA1-RSC,expert,CA1,14,0.957691,0.107996
73,CA1-RSC,expert,CA1,15,0.063111,0.006864
73,CA1-RSC,expert,CA1,16,0.024193,0.00291
73,CA1-RSC,expert,CA1,17,0.762855,0.092436
73,CA1-RSC,expert,CA1,18,1.0395,0.119654
73,CA1-RSC,expert,CA1,19,1.068277,0.13767
73,CA1-RSC,expert,CA1,20,0.9774,0.097449
73,CA1-RSC,expert,CA1,21,0.949364,0.133436
73,CA1-RSC,expert,CA1,22,0.134293,0.017203
73,CA1-RSC,expert,CA1,23,0.953288,0.122567
73,CA1-RSC,expert,CA1,24,1.070878,0.137227
73,CA1-RSC,expert,CA1,25,0.704654,0.085079
73,CA1-RSC,expert,RSC,0,0.881335,0.122634
73,CA1-RSC,expert,RSC,1,0.827522,0.085712
73,CA1-RSC,expert,RSC,2,0.172821,0.02174
73,CA1-RSC,expert,RSC,3,0.57348,0.065872
73,CA1-RSC,expert,RSC,4,0.863826,0.093003
73,CA1-RSC,expert,RSC,5,0.116677,0.013123
73,CA1-RSC,expert,RSC,6,0.848505,0.098836
73,CA1-RSC,expert,RSC,7,0.02787,0.00307
73,CA1-RSC,expert,RSC,8,0.277186,0.02763
73,CA1-RSC,expert,RSC,9,0.839528,0.119558
73,CA1-RSC,expert,RSC,10,0.38299,0.035243
73,CA1-RSC,expert,RSC,11,0.573439,0.064682
73,CA1-RSC,expert,RSC,12,0.874956,0.11302
73,CA1-RSC,expert,RSC,13,0.485402,0.042378
73,CA1-RSC,expert,RSC,14,0.291663,0.027893
73,CA1-RSC,expert,RSC,15,0.111535,0.011815
73,CA1-RSC,expert,RSC,16,0.433178,0.057723
73,CA1-RSC,expert,RSC,17,0.168648,0.020937
73,CA1-RSC,expert,RSC,18,0.02744,0.003343
73,CA1-RSC,expert,RSC,19,0.206603,0.019926
73,CA1-RSC,expert,RSC,20,0.800844,0.105771
73,CA1-RSC,expert,RSC,21,0.172203,0.019264
73,CA1-RSC,expert,RSC,22,0.686611,0.077444
73,CA1-RSC,expert,RSC,23,0.244331,0.029058
73,CA1-RSC,expert,RSC,24,0.230991,0.021141
73,CA1-RSC,expert,RSC,25,0.301153,0.039426
73,CA1-RSC,expert,RSC,26,0.024548,0.002964
73,CA1-RSC,expert,RSC,27,0.571551,0.055616
73,CA1-RSC,expert,RSC,28,0.020426,0.002925
73,CA1-RSC,expert,RSC,29,0.238175,0.023979
73,CA1-RSC,expert,RSC,30,0.390331,0.039428
73,CA1-RSC,expert,RSC,31,0.464477,0.050719
73,CA1-RSC,expert,RSC,32,0.065533,0.007346
73,CA1-RSC,expert,RSC,33,0.087984,0.008114
73,CA1-RSC,expert,RSC,34,0.170468,0.012611
73,CA1-RSC,expert,RSC,35,0.114481,0.010714
73,CA1-RSC,expert,RSC,36,0.586392,0.042475
73,CA1-RSC,expert,RSC,37,0.875166,0.122569
73,CA1-RSC,expert,RSC,38,0.104994,0.011278
73,CA1-RSC,expert,RSC,39,0.564875,0.079519
73,CA1-RSC,expert,RSC,40,0.85234,0.126319
73,CA1-RSC,expert,RSC,41,0.066848,0.006336
73,CA1-RSC,expert,RSC,42,0.270117,0.031993
73,CA1-RSC,expert,RSC,43,0.794491,0.075364
73,CA1-RSC,expert,RSC,44,0.78415,0.088089
73,CA1-RSC,expert,RSC,45,0.178119,0.01543
73,CA1-RSC,expert,RSC,46,0.892551,0.102283
73,CA1-RSC,expert,RSC,47,0.072187,0.008155
73,CA1-RSC,expert,RSC,48,0.009852,0.001306
73,CA1-RSC,expert,RSC,49,0.243026,0.02691
73,CA1-RSC,expert,RSC,50,0.020543,0.002058
73,CA1-RSC,expert,RSC,51,0.220677,0.020565
73,CA1-RSC,expert,RSC,52,0.000189,2.6e-05
73,CA1-RSC,expert,RSC,53,0.134216,0.011529
73,CA1-RSC,expert,RSC,54,0.875285,0.107562
73,CA1-RSC,expert,RSC,55,0.480618,0.075149
73,CA1-RSC,expert,RSC,56,0.161502,0.014308
73,CA1-RSC,expert,RSC,57,0.199443,0.025996
73,CA1-RSC,expert,RSC,58,0.408903,0.04484
73,CA1-RSC,expert,RSC,59,0.818717,0.085867
73,CA1-RSC,expert,RSC,60,0.838509,0.09022
73,CA1-RSC,expert,RSC,61,0.064697,0.007477
73,CA1-RSC,expert,RSC,62,0.096337,0.010429
73,CA1-RSC,expert,RSC,63,0.028067,0.003366
73,CA1-DG,naive,CA1,0,0.024908,0.001379
73,CA1-DG,naive,CA1,1,0.159202,0.006629
73,CA1-DG,naive,CA1,2,0.072012,0.003388
73,CA1-DG,naive,CA1,3,1.079854,0.021313
73,CA1-DG,naive,CA1,4,1.244278,0.028972
73,CA1-DG,naive,CA1,5,0.327419,0.010896
73,CA1-DG,naive,CA1,6,0.968958,0.019272
73,CA1-DG,naive,CA1,7,0.808798,0.028258
73,CA1-DG,naive,CA1,8,1.117481,0.106503
73,CA1-DG,naive,CA1,9,1.152083,0.105467
73,CA1-DG,naive,CA1,10,1.0601,0.06442
73,CA1-DG,naive,CA1,11,1.075897,0.020694
73,CA1-DG,naive,CA1,12,2.024743,0.072333
73,CA1-DG,naive,CA1,13,0.069898,0.001655
73,CA1-DG,naive,CA1,14,1.34769,0.036602
73,CA1-DG,naive,CA1,15,0.042038,0.001426
73,CA1-DG,naive,CA1,16,1.666189,0.02048
73,CA1-DG,naive,CA1,17,1.991707,0.021475
73,CA1-DG,naive,CA1,18,1.02608,0.091017
73,CA1-DG,naive,CA1,19,1.147179,0.03376
73,CA1-DG,naive,CA1,20,1.075217,0.013991
73,CA1-DG,naive,CA1,21,1.140887,0.014676
73,CA1-DG,naive,CA1,22,0.927948,0.02151
73,CA1-DG,naive,CA1,23,1.704238,0.041606
73,CA1-DG,naive,CA1,24,1.161655,0.011898
73,CA1-DG,naive,CA1,25,0.942767,0.012171
73,CA1-DG,naive,DG,0,0.98974,0.071371
73,CA1-DG,naive,DG,1,1.428978,0.044105
73,CA1-DG,naive,DG,2,0.02838,0.001279
73,CA1-DG,naive,DG,3,0.072706,0.003345
73,CA1-DG,naive,DG,4,0.060156,0.002944
73,CA1-DG,naive,DG,5,0.047471,0.00195
73,CA1-DG,naive,DG,6,0.791091,0.015649
73,CA1-DG,naive,DG,7,0.159257,0.007135
73,CA1-DG,naive,DG,8,1.478841,0.022305
73,CA1-DG,naive,DG,9,0.898061,0.040274
73,CA1-DG,naive,DG,10,1.06276,0.108085
73,CA1-DG,naive,DG,11,1.080025,0.0792
73,CA1-DG,naive,DG,12,0.190789,0.00811
73,CA1-DG,naive,DG,13,1.087085,0.029177
73,CA1-DG,naive,DG,14,1.283035,0.055897
73,CA1-DG,naive,DG,15,0.962445,0.06024
73,CA1-DG,naive,DG,16,0.924734,0.02018
73,CA1-DG,naive,DG,17,0.800156,0.016832
73,CA1-DG,naive,DG,18,1.137224,0.024943
73,CA1-DG,naive,DG,19,0.558062,0.027809
73,CA1-DG,naive,DG,20,2.033981,0.080492
73,CA1-DG,naive,DG,21,0.82285,0.014159
73,CA1-DG,naive,DG,22,0.067872,0.003107
73,CA1-DG,naive,DG,23,0.069358,0.003082
73,CA1-DG,naive,DG,24,1.06654,0.025609
73,CA1-DG,naive,DG,25,1.126594,0.034441
73,CA1-DG,naive,DG,26,0.073794,0.003257
73,CA1-DG,naive,DG,27,1.280965,0.023721
73,CA1-DG,naive,DG,28,0.923007,0.015125
73,CA1-DG,intermediate,CA1,0,1.130062,0.01787
73,CA1-DG,intermediate,CA1,1,0.017566,0.000383
73,CA1-DG,intermediate,CA1,2,0.135174,0.002446
73,CA1-DG,intermediate,CA1,3,0.633334,0.01203
73,CA1-DG,intermediate,CA1,4,1.105892,0.013772
73,CA1-DG,intermediate,CA1,5,0.043414,0.002392
73,CA1-DG,intermediate,CA1,6,0.943044,0.017838
73,CA1-DG,intermediate,CA1,7,0.053643,0.002874
73,CA1-DG,intermediate,CA1,8,1.006354,0.075883
73,CA1-DG,intermediate,CA1,9,1.079896,0.09566
73,CA1-DG,intermediate,CA1,10,1.06897,0.059168
73,CA1-DG,intermediate,CA1,11,1.059501,0.039997
73,CA1-DG,intermediate,CA1,12,1.003346,0.035299
73,CA1-DG,intermediate,CA1,13,0.023375,0.000908
73,CA1-DG,intermediate,CA1,14,0.883871,0.024456
73,CA1-DG,intermediate,CA1,15,0.704434,0.009696
73,CA1-DG,intermediate,CA1,16,0.986662,0.019104
73,CA1-DG,intermediate,CA1,17,0.8073,0.009604
73,CA1-DG,intermediate,CA1,18,1.056531,0.100746
73,CA1-DG,intermediate,CA1,19,1.104059,0.016876
73,CA1-DG,intermediate,CA1,20,1.033685,0.015175
73,CA1-DG,intermediate,CA1,21,0.964615,0.016347
73,CA1-DG,intermediate,CA1,22,1.037203,0.026493
73,CA1-DG,intermediate,CA1,23,0.819824,0.023287
73,CA1-DG,intermediate,CA1,24,1.090984,0.012842
73,CA1-DG,intermediate,CA1,25,0.156833,0.005052
73,CA1-DG,intermediate,DG,0,0.945824,0.042003
73,CA1-DG,intermediate,DG,1,0.79742,0.017815
73,CA1-DG,intermediate,DG,2,0.161804,0.00242
73,CA1-DG,intermediate,DG,3,1.061207,0.011869
73,CA1-DG,intermediate,DG,4,0.309007,0.005915
73,CA1-DG,intermediate,DG,5,0.04257,0.002457
73,CA1-DG,intermediate,DG,6,0.086366,0.007139
73,CA1-DG,intermediate,DG,7,1.054864,0.019503
73,CA1-DG,intermediate,DG,8,0.039243,0.002516
73,CA1-DG,intermediate,DG,9,0.78621,0.029261
73,CA1-DG,intermediate,DG,10,1.043748,0.112878
73,CA1-DG,intermediate,DG,11,1.075596,0.090463
73,CA1-DG,intermediate,DG,12,1.068238,0.013059
73,CA1-DG,intermediate,DG,13,0.993894,0.034113
73,CA1-DG,intermediate,DG,14,0.593459,0.03218
73,CA1-DG,intermediate,DG,15,1.061347,0.054249
73,CA1-DG,intermediate,DG,16,1.127242,0.021097
73,CA1-DG,intermediate,DG,17,0.978653,0.011408
73,CA1-DG,intermediate,DG,18,0.977451,0.009578
73,CA1-DG,intermediate,DG,19,1.105398,0.016535
73,CA1-DG,intermediate,DG,20,0.787414,0.028403
73,CA1-DG,intermediate,DG,21,0.644343,0.007116
73,CA1-DG,intermediate,DG,22,0.600042,0.011145
73,CA1-DG,intermediate,DG,23,0.893221,0.016477
73,CA1-DG,intermediate,DG,24,0.867533,0.02362
73,CA1-DG,intermediate,DG,25,0.164837,0.00549
73,CA1-DG,intermediate,DG,26,0.19978,0.004038
73,CA1-DG,intermediate,DG,27,0.946088,0.016572
73,CA1-DG,intermediate,DG,28,0.904035,0.011918
73,CA1-DG,expert,CA1,0,1.059159,0.05539
73,CA1-DG,expert,CA1,1,1.138504,0.072631
73,CA1-DG,expert,CA1,2,0.857769,0.084266
73,CA1-DG,expert,CA1,3,0.654389,0.046055
73,CA1-DG,expert,CA1,4,0.878936,0.084118
73,CA1-DG,expert,CA1,5,0.104535,0.010779
73,CA1-DG,expert,CA1,6,0.960164,0.087071
73,CA1-DG,expert,CA1,7,0.038819,0.003375
73,CA1-DG,expert,CA1,8,0.98326,0.115431
73,CA1-DG,expert,CA1,9,1.045022,0.131798
73,CA1-DG,expert,CA1,10,1.02747,0.102173
73,CA1-DG,expert,CA1,11,1.087737,0.080714
73,CA1-DG,expert,CA1,12,0.898205,0.071831
73,CA1-DG,expert,CA1,13,0.054687,0.003432
73,CA1-DG,expert,CA1,14,0.958374,0.048057
73,CA1-DG,expert,CA1,15,0.064855,0.006641
73,CA1-DG,expert,CA1,16,0.024141,0.001709
73,CA1-DG,expert,CA1,17,0.762619,0.067151
73,CA1-DG,expert,CA1,18,1.03594,0.131962
73,CA1-DG,expert,CA1,19,1.068427,0.073365
73,CA1-DG,expert,CA1,20,0.978234,0.096706
73,CA1-DG,expert,CA1,21,0.95019,0.07225
73,CA1-DG,expert,CA1,22,0.131642,0.014361
73,CA1-DG,expert,CA1,23,0.953927,0.07549
73,CA1-DG,expert,CA1,24,1.07202,0.084402
73,CA1-DG,expert,CA1,25,0.706536,0.073514
73,CA1-DG,expert,DG,0,0.952946,0.09199
73,CA1-DG,expert,DG,1,0.625443,0.064438
73,CA1-DG,expert,DG,2,1.073295,0.064798
73,CA1-DG,expert,DG,3,1.060235,0.085073
73,CA1-DG,expert,DG,4,0.299733,0.028129
73,CA1-DG,expert,DG,5,0.89349,0.066278
73,CA1-DG,expert,DG,6,0.620179,0.061034
73,CA1-DG,expert,DG,7,0.748532,0.047076
73,CA1-DG,expert,DG,8,0.994178,0.099151
73,CA1-DG,expert,DG,9,0.063865,0.007962
73,CA1-DG,expert,DG,10,0.902439,0.130707
73,CA1-DG,expert,DG,11,0.587126,0.081198
73,CA1-DG,expert,DG,12,0.172161,0.018016
73,CA1-DG,expert,DG,13,0.965753,0.059122
73,CA1-DG,expert,DG,14,0.617396,0.070773
73,CA1-DG,expert,DG,15,0.981879,0.089375
73,CA1-DG,expert,DG,16,0.043129,0.006102
73,CA1-DG,expert,DG,17,0.904685,0.085493
73,CA1-DG,expert,DG,18,0.939533,0.065139
73,CA1-DG,expert,DG,19,0.140279,0.015061
73,CA1-DG,expert,DG,20,0.855391,0.080689
73,CA1-DG,expert,DG,21,0.897228,0.070447
73,CA1-DG,expert,DG,22,0.858978,0.059612
73,CA1-DG,expert,DG,23,0.586304,0.036326
73,CA1-DG,expert,DG,24,0.845726,0.084342
73,CA1-DG,expert,DG,25,1.038653,0.07689
73,CA1-DG,expert,DG,26,0.886393,0.098675
73,CA1-DG,expert,DG,27,0.410087,0.044355
73,CA1-DG,expert,DG,28,0.056397,0.00498
73,CA1-V1,naive,CA1,0,0.026714,0.004862
73,CA1-V1,naive,CA1,1,0.173062,0.023045
73,CA1-V1,naive,CA1,2,0.075077,0.012487
73,CA1-V1,naive,CA1,3,1.058041,0.014326
73,CA1-V1,naive,CA1,4,0.912546,0.020132
73,CA1-V1,naive,CA1,5,0.337048,0.040271
73,CA1-V1,naive,CA1,6,0.928996,0.018271
73,CA1-V1,naive,CA1,7,0.807691,0.027186
73,CA1-V1,naive,CA1,8,1.110961,0.092354
73,CA1-V1,naive,CA1,9,1.156105,0.102849
73,CA1-V1,naive,CA1,10,0.98926,0.046674
73,CA1-V1,naive,CA1,11,1.075493,0.042194
73,CA1-V1,naive,CA1,12,2.015922,0.208003
73,CA1-V1,naive,CA1,13,0.070472,0.007505
73,CA1-V1,naive,CA1,14,1.310948,0.122241
73,CA1-V1,naive,CA1,15,0.041267,0.005319
73,CA1-V1,naive,CA1,16,1.662993,0.081066
73,CA1-V1,naive,CA1,17,1.954731,0.056363
73,CA1-V1,naive,CA1,18,1.021647,0.008685
73,CA1-V1,naive,CA1,19,1.138966,0.016187
73,CA1-V1,naive,CA1,20,1.061061,0.012253
73,CA1-V1,naive,CA1,21,1.127902,0.023867
73,CA1-V1,naive,CA1,22,0.922237,0.014974
73,CA1-V1,naive,CA1,23,1.703294,0.134499
73,CA1-V1,naive,CA1,24,1.144164,0.020881
73,CA1-V1,naive,CA1,25,0.930154,0.032494
73,CA1-V1,naive,V1,0,1.150165,0.028568
73,CA1-V1,naive,V1,1,1.130854,0.042462
73,CA1-V1,naive,V1,2,0.711994,0.031529
73,CA1-V1,naive,V1,3,2.358814,0.092202
73,CA1-V1,naive,V1,4,8.282044,1.380722
73,CA1-V1,naive,V1,5,1.59663,0.014355
73,CA1-V1,naive,V1,6,1.196412,0.013152
73,CA1-V1,naive,V1,7,1.040785,0.013485
73,CA1-V1,naive,V1,8,1.733014,0.048277
73,CA1-V1,naive,V1,9,1.00697,0.010451
73,CA1-V1,naive,V1,10,1.251285,0.01829
73,CA1-V1,naive,V1,11,1.65274,0.138761
73,CA1-V1,naive,V1,12,0.955871,0.02364
73,CA1-V1,naive,V1,13,1.274571,0.023801
73,CA1-V1,naive,V1,14,1.089152,0.010744
73,CA1-V1,naive,V1,15,0.78083,0.036798
73,CA1-V1,naive,V1,16,0.967489,0.013539
73,CA1-V1,naive,V1,17,0.854435,0.025788
73,CA1-V1,naive,V1,18,0.68218,0.003275
73,CA1-V1,intermediate,CA1,0,1.11791,0.039329
73,CA1-V1,intermediate,CA1,1,0.01675,0.00051
73,CA1-V1,intermediate,CA1,2,0.124775,0.001688
73,CA1-V1,intermediate,CA1,3,0.597031,0.011483
73,CA1-V1,intermediate,CA1,4,1.1013,0.042534
73,CA1-V1,intermediate,CA1,5,0.043246,0.00078
73,CA1-V1,intermediate,CA1,6,0.939088,0.010431
73,CA1-V1,intermediate,CA1,7,0.054011,0.001649
73,CA1-V1,intermediate,CA1,8,1.008755,0.018512
73,CA1-V1,intermediate,CA1,9,1.081173,0.011934
73,CA1-V1,intermediate,CA1,10,1.053468,0.041288
73,CA1-V1,intermediate,CA1,11,1.04471,0.009992
73,CA1-V1,intermediate,CA1,12,0.725585,0.010489
73,CA1-V1,intermediate,CA1,13,0.022946,0.000439
73,CA1-V1,intermediate,CA1,14,0.848712,0.010028
73,CA1-V1,intermediate,CA1,15,0.694724,0.01109
73,CA1-V1,intermediate,CA1,16,0.981265,0.028492
73,CA1-V1,intermediate,CA1,17,0.789609,0.007077
73,CA1-V1,intermediate,CA1,18,1.043589,0.022943
73,CA1-V1,intermediate,CA1,19,1.092282,0.033023
73,CA1-V1,intermediate,CA1,20,1.002661,0.014179
73,CA1-V1,intermediate,CA1,21,0.963992,0.009313
73,CA1-V1,intermediate,CA1,22,1.029988,0.032282
73,CA1-V1,intermediate,CA1,23,0.817208,0.062981
73,CA1-V1,intermediate,CA1,24,1.090762,0.012862
73,CA1-V1,intermediate,CA1,25,0.156751,0.004878
73,CA1-V1,intermediate,V1,0,1.156115,0.012135
73,CA1-V1,intermediate,V1,1,1.018428,0.02717
73,CA1-V1,intermediate,V1,2,0.724141,0.015285
73,CA1-V1,intermediate,V1,3,1.057492,0.017524
73,CA1-V1,intermediate,V1,4,0.995047,0.064994
73,CA1-V1,intermediate,V1,5,1.106424,0.009197
73,CA1-V1,intermediate,V1,6,1.031706,0.014426
73,CA1-V1,intermediate,V1,7,0.654574,0.008627
73,CA1-V1,intermediate,V1,8,1.010872,0.009094
73,CA1-V1,intermediate,V1,9,0.972659,0.026726
73,CA1-V1,intermediate,V1,10,0.968754,0.046437
73,CA1-V1,intermediate,V1,11,0.959991,0.047764
73,CA1-V1,intermediate,V1,12,0.923092,0.029229
73,CA1-V1,intermediate,V1,13,1.245442,0.019684
73,CA1-V1,intermediate,V1,14,1.075787,0.017388
73,CA1-V1,intermediate,V1,15,0.913825,0.017999
73,CA1-V1,intermediate,V1,16,1.07143,0.014391
73,CA1-V1,intermediate,V1,17,1.981354,0.030388
73,CA1-V1,intermediate,V1,18,1.330398,0.010461
73,CA1-V1,expert,CA1,0,1.052359,0.035823
73,CA1-V1,expert,CA1,1,1.138293,0.020752
73,CA1-V1,expert,CA1,2,0.844475,0.017358
73,CA1-V1,expert,CA1,3,0.6481,0.0089
73,CA1-V1,expert,CA1,4,0.876952,0.032288
73,CA1-V1,expert,CA1,5,0.102608,0.002477
73,CA1-V1,expert,CA1,6,0.954557,0.018547
73,CA1-V1,expert,CA1,7,0.035306,0.000536
73,CA1-V1,expert,CA1,8,0.961564,0.03234
73,CA1-V1,expert,CA1,9,1.038037,0.01499
73,CA1-V1,expert,CA1,10,1.025718,0.040904
73,CA1-V1,expert,CA1,11,1.000067,0.013883
73,CA1-V1,expert,CA1,12,0.898296,0.019984
73,CA1-V1,expert,CA1,13,0.053848,0.000991
73,CA1-V1,expert,CA1,14,0.950439,0.019958
73,CA1-V1,expert,CA1,15,0.063823,0.001452
73,CA1-V1,expert,CA1,16,0.023416,0.000438
73,CA1-V1,expert,CA1,17,0.697763,0.007014
73,CA1-V1,expert,CA1,18,1.018203,0.015543
73,CA1-V1,expert,CA1,19,0.98467,0.025868
73,CA1-V1,expert,CA1,20,0.957319,0.017699
73,CA1-V1,expert,CA1,21,0.936286,0.01148
73,CA1-V1,expert,CA1,22,0.13183,0.003516
73,CA1-V1,expert,CA1,23,0.895313,0.03059
73,CA1-V1,expert,CA1,24,1.06835,0.022304
73,CA1-V1,expert,CA1,25,0.677726,0.020253
73,CA1-V1,expert,V1,0,1.124316,0.017829
73,CA1-V1,expert,V1,1,1.025697,0.025056
73,CA1-V1,expert,V1,2,0.800808,0.018357
73,CA1-V1,expert,V1,3,0.994587,0.013291
73,CA1-V1,expert,V1,4,1.262543,0.034098
73,CA1-V1,expert,V1,5,1.175684,0.019537
73,CA1-V1,expert,V1,6,0.842421,0.012041
73,CA1-V1,expert,V1,7,0.821865,0.012336
73,CA1-V1,expert,V1,8,0.883537,0.012285
73,CA1-V1,expert,V1,9,0.965992,0.039132
73,CA1-V1,expert,V1,10,0.950439,0.034237
73,CA1-V1,expert,V1,11,0.891332,0.041495
73,CA1-V1,expert,V1,12,1.003079,0.01663
73,CA1-V1,expert,V1,13,1.350485,0.020789
73,CA1-V1,expert,V1,14,1.163686,0.012073
73,CA1-V1,expert,V1,15,0.931512,0.022106
73,CA1-V1,expert,V1,16,1.151435,0.016478
73,CA1-V1,expert,V1,17,1.556177,0.023277
73,CA1-V1,expert,V1,18,2.19434,0.017345
73,CA1-SUB,naive,CA1,0,0.021772,0.001152
73,CA1-SUB,naive,CA1,1,0.151058,0.007168
73,CA1-SUB,naive,CA1,2,0.062678,0.003117
73,CA1-SUB,naive,CA1,3,1.080051,0.020015
73,CA1-SUB,naive,CA1,4,1.245064,0.029151
73,CA1-SUB,naive,CA1,5,0.316739,0.011135
73,CA1-SUB,naive,CA1,6,0.968388,0.024862
73,CA1-SUB,naive,CA1,7,0.809064,0.029732
73,CA1-SUB,naive,CA1,8,1.117213,0.1084
73,CA1-SUB,naive,CA1,9,1.154772,0.056005
73,CA1-SUB,naive,CA1,10,1.060439,0.056558
73,CA1-SUB,naive,CA1,11,1.076059,0.029775
73,CA1-SUB,naive,CA1,12,2.02856,0.081335
73,CA1-SUB,naive,CA1,13,0.065388,0.002079
73,CA1-SUB,naive,CA1,14,1.349843,0.028879
73,CA1-SUB,naive,CA1,15,0.037378,0.000663
73,CA1-SUB,naive,CA1,16,1.664748,0.059428
73,CA1-SUB,naive,CA1,17,1.990874,0.023086
73,CA1-SUB,naive,CA1,18,1.02765,0.065339
73,CA1-SUB,naive,CA1,19,1.147017,0.028278
73,CA1-SUB,naive,CA1,20,1.074765,0.022802
73,CA1-SUB,naive,CA1,21,1.140669,0.029873
73,CA1-SUB,naive,CA1,22,0.928132,0.018361
73,CA1-SUB,naive,CA1,23,1.703866,0.060049
73,CA1-SUB,naive,CA1,24,1.161507,0.01269
73,CA1-SUB,naive,CA1,25,0.942452,0.016532
73,CA1-SUB,naive,SUB,0,0.127282,0.010485
73,CA1-SUB,naive,SUB,1,0.03978,0.001247
73,CA1-SUB,naive,SUB,2,0.992121,0.026697
73,CA1-SUB,naive,SUB,3,0.940388,0.031483
73,CA1-SUB,naive,SUB,4,0.27578,0.015039
73,CA1-SUB,naive,SUB,5,0.923954,0.047492
73,CA1-SUB,naive,SUB,6,0.871588,0.02935
73,CA1-SUB,naive,SUB,7,0.892405,0.042119
73,CA1-SUB,naive,SUB,8,0.470266,0.012661
73,CA1-SUB,naive,SUB,9,0.805841,0.074346
73,CA1-SUB,naive,SUB,10,0.945561,0.040487
73,CA1-SUB,naive,SUB,11,0.957071,0.022698
73,CA1-SUB,naive,SUB,12,0.924423,0.013761
73,CA1-SUB,naive,SUB,13,0.739947,0.029412
73,CA1-SUB,naive,SUB,14,0.896438,0.023432
73,CA1-SUB,naive,SUB,15,0.917403,0.054232
73,CA1-SUB,naive,SUB,16,0.940851,0.028241
73,CA1-SUB,naive,SUB,17,0.925451,0.043396
73,CA1-SUB,naive,SUB,18,1.012019,0.0277
73,CA1-SUB,naive,SUB,19,0.771901,0.01212
73,CA1-SUB,naive,SUB,20,0.026829,0.001439
73,CA1-SUB,naive,SUB,21,0.959548,0.037362
73,CA1-SUB,naive,SUB,22,0.920463,0.03198
73,CA1-SUB,naive,SUB,23,0.982952,0.017721
73,CA1-SUB,naive,SUB,24,0.890461,0.024612
73,CA1-SUB,naive,SUB,25,0.015412,0.001095
73,CA1-SUB,naive,SUB,26,0.679057,0.011729
73,CA1-SUB,intermediate,CA1,0,1.127877,0.051825
73,CA1-SUB,intermediate,CA1,1,0.017409,0.000771
73,CA1-SUB,intermediate,CA1,2,0.129889,0.007066
73,CA1-SUB,intermediate,CA1,3,0.633126,0.021126
73,CA1-SUB,intermediate,CA1,4,1.105473,0.034437
73,CA1-SUB,intermediate,CA1,5,0.043537,0.002789
73,CA1-SUB,intermediate,CA1,6,0.942609,0.032635
73,CA1-SUB,intermediate,CA1,7,0.055133,0.002574
73,CA1-SUB,intermediate,CA1,8,1.005261,0.077557
73,CA1-SUB,intermediate,CA1,9,1.080259,0.070493
73,CA1-SUB,intermediate,CA1,10,1.06911,0.042898
73,CA1-SUB,intermediate,CA1,11,1.060255,0.027519
73,CA1-SUB,intermediate,CA1,12,1.002722,0.041857
73,CA1-SUB,intermediate,CA1,13,0.02358,0.000908
73,CA1-SUB,intermediate,CA1,14,0.88347,0.03287
73,CA1-SUB,intermediate,CA1,15,0.701496,0.057966
73,CA1-SUB,intermediate,CA1,16,0.985945,0.032242
73,CA1-SUB,intermediate,CA1,17,0.806988,0.021757
73,CA1-SUB,intermediate,CA1,18,1.059985,0.051275
73,CA1-SUB,intermediate,CA1,19,1.104056,0.021012
73,CA1-SUB,intermediate,CA1,20,1.034005,0.020228
73,CA1-SUB,intermediate,CA1,21,0.964853,0.016168
73,CA1-SUB,intermediate,CA1,22,1.037206,0.039694
73,CA1-SUB,intermediate,CA1,23,0.818002,0.057643
73,CA1-SUB,intermediate,CA1,24,1.090568,0.024551
73,CA1-SUB,intermediate,CA1,25,0.157707,0.010181
73,CA1-SUB,intermediate,SUB,0,0.199212,0.017162
73,CA1-SUB,intermediate,SUB,1,0.039467,0.001463
73,CA1-SUB,intermediate,SUB,2,0.826963,0.040928
73,CA1-SUB,intermediate,SUB,3,0.877624,0.033484
73,CA1-SUB,intermediate,SUB,4,0.601992,0.047041
73,CA1-SUB,intermediate,SUB,5,0.741079,0.037123
73,CA1-SUB,intermediate,SUB,6,0.95227,0.041938
73,CA1-SUB,intermediate,SUB,7,0.739295,0.044222
73,CA1-SUB,intermediate,SUB,8,0.941966,0.049772
73,CA1-SUB,intermediate,SUB,9,0.802295,0.04164
73,CA1-SUB,intermediate,SUB,10,0.808105,0.044467
73,CA1-SUB,intermediate,SUB,11,0.925992,0.028838
73,CA1-SUB,intermediate,SUB,12,0.894659,0.029952
73,CA1-SUB,intermediate,SUB,13,0.394491,0.022846
73,CA1-SUB,intermediate,SUB,14,0.904694,0.049427
73,CA1-SUB,intermediate,SUB,15,0.921257,0.054958
73,CA1-SUB,intermediate,SUB,16,0.941905,0.043519
73,CA1-SUB,intermediate,SUB,17,0.734627,0.027192
73,CA1-SUB,intermediate,SUB,18,0.969124,0.029422
73,CA1-SUB,intermediate,SUB,19,0.96653,0.010985
73,CA1-SUB,intermediate,SUB,20,0.635838,0.015022
73,CA1-SUB,intermediate,SUB,21,0.940723,0.039594
73,CA1-SUB,intermediate,SUB,22,0.915194,0.019389
73,CA1-SUB,intermediate,SUB,23,0.60285,0.035084
73,CA1-SUB,intermediate,SUB,24,0.945021,0.064922
73,CA1-SUB,intermediate,SUB,25,0.873382,0.030356
73,CA1-SUB,intermediate,SUB,26,0.918392,0.019536
73,CA1-SUB,expert,CA1,0,1.05834,0.045684
73,CA1-SUB,expert,CA1,1,1.138989,0.062706
73,CA1-SUB,expert,CA1,2,0.857693,0.054136
73,CA1-SUB,expert,CA1,3,0.6541,0.058868
73,CA1-SUB,expert,CA1,4,0.878758,0.052518
73,CA1-SUB,expert,CA1,5,0.104685,0.006795
73,CA1-SUB,expert,CA1,6,0.960252,0.058216
73,CA1-SUB,expert,CA1,7,0.039007,0.001746
73,CA1-SUB,expert,CA1,8,0.985082,0.069412
73,CA1-SUB,expert,CA1,9,1.044015,0.120203
73,CA1-SUB,expert,CA1,10,1.026037,0.071066
73,CA1-SUB,expert,CA1,11,1.087801,0.066859
73,CA1-SUB,expert,CA1,12,0.89852,0.051271
73,CA1-SUB,expert,CA1,13,0.054675,0.002487
73,CA1-SUB,expert,CA1,14,0.957506,0.051854
73,CA1-SUB,expert,CA1,15,0.06386,0.003752
73,CA1-SUB,expert,CA1,16,0.023285,0.002092
73,CA1-SUB,expert,CA1,17,0.763567,0.049963
73,CA1-SUB,expert,CA1,18,1.037988,0.072639
73,CA1-SUB,expert,CA1,19,1.069145,0.045904
73,CA1-SUB,expert,CA1,20,0.978517,0.042155
73,CA1-SUB,expert,CA1,21,0.950011,0.067519
73,CA1-SUB,expert,CA1,22,0.1316,0.010906
73,CA1-SUB,expert,CA1,23,0.953594,0.065743
73,CA1-SUB,expert,CA1,24,1.071931,0.038387
73,CA1-SUB,expert,CA1,25,0.706533,0.030699
73,CA1-SUB,expert,SUB,0,0.255419,0.01784
73,CA1-SUB,expert,SUB,1,0.031946,0.002252
73,CA1-SUB,expert,SUB,2,0.983157,0.085198
73,CA1-SUB,expert,SUB,3,0.894092,0.042928
73,CA1-SUB,expert,SUB,4,0.635141,0.034498
73,CA1-SUB,expert,SUB,5,0.91958,0.07644
73,CA1-SUB,expert,SUB,6,0.950698,0.066889
73,CA1-SUB,expert,SUB,7,0.75138,0.069213
73,CA1-SUB,expert,SUB,8,0.899026,0.056653
73,CA1-SUB,expert,SUB,9,0.551636,0.024011
73,CA1-SUB,expert,SUB,10,0.844179,0.05452
73,CA1-SUB,expert,SUB,11,0.914205,0.040974
73,CA1-SUB,expert,SUB,12,0.860515,0.064823
73,CA1-SUB,expert,SUB,13,0.701594,0.040088
73,CA1-SUB,expert,SUB,14,0.524681,0.02487
73,CA1-SUB,expert,SUB,15,0.896156,0.064062
73,CA1-SUB,expert,SUB,16,0.840596,0.038122
73,CA1-SUB,expert,SUB,17,0.876723,0.070926
73,CA1-SUB,expert,SUB,18,0.993231,0.06045
73,CA1-SUB,expert,SUB,19,0.98345,0.047889
73,CA1-SUB,expert,SUB,20,0.79281,0.029921
73,CA1-SUB,expert,SUB,21,0.914189,0.03614
73,CA1-SUB,expert,SUB,22,0.744832,0.041201
73,CA1-SUB,expert,SUB,23,0.827331,0.051587
73,CA1-SUB,expert,SUB,24,0.931878,0.068923
73,CA1-SUB,expert,SUB,25,0.907446,0.061407
73,CA1-SUB,expert,SUB,26,0.969174,0.054328
73,RSC-SUB,naive,RSC,0,0.147628,0.01134
73,RSC-SUB,naive,RSC,1,0.059015,0.003608
73,RSC-SUB,naive,RSC,2,0.031083,0.001316
73,RSC-SUB,naive,RSC,3,0.862101,0.025248
73,RSC-SUB,naive,RSC,4,0.882488,0.013367
73,RSC-SUB,naive,RSC,5,0.855859,0.025687
73,RSC-SUB,naive,RSC,6,0.031063,0.002149
73,RSC-SUB,naive,RSC,7,0.072328,0.001623
73,RSC-SUB,naive,RSC,8,0.114318,0.014511
73,RSC-SUB,naive,RSC,9,0.030828,0.002644
73,RSC-SUB,naive,RSC,10,0.069213,0.003357
73,RSC-SUB,naive,RSC,11,0.00972,0.000187
73,RSC-SUB,naive,RSC,12,0.092602,0.005638
73,RSC-SUB,naive,RSC,13,0.252072,0.032676
73,RSC-SUB,naive,RSC,14,0.329511,0.039996
73,RSC-SUB,naive,RSC,15,0.617688,0.014565
73,RSC-SUB,naive,RSC,16,0.870682,0.026042
73,RSC-SUB,naive,RSC,17,0.065056,0.007536
73,RSC-SUB,naive,RSC,18,0.831476,0.014619
73,RSC-SUB,naive,RSC,19,0.024578,0.002077
73,RSC-SUB,naive,RSC,20,0.012053,0.000456
73,RSC-SUB,naive,RSC,21,0.009577,0.000766
73,RSC-SUB,naive,RSC,22,0.007057,0.000317
73,RSC-SUB,naive,RSC,23,0.147631,0.012448
73,RSC-SUB,naive,RSC,24,0.007359,0.000568
73,RSC-SUB,naive,RSC,25,0.127103,0.004018
73,RSC-SUB,naive,RSC,26,0.021287,0.001162
73,RSC-SUB,naive,RSC,27,0.072729,0.002625
73,RSC-SUB,naive,RSC,28,0.002987,0.000176
73,RSC-SUB,naive,RSC,29,0.080911,0.006646
73,RSC-SUB,naive,RSC,30,0.071857,0.004271
73,RSC-SUB,naive,RSC,31,0.653885,0.047197
73,RSC-SUB,naive,RSC,32,0.055443,0.002113
73,RSC-SUB,naive,RSC,33,0.104646,0.008007
73,RSC-SUB,naive,RSC,34,0.229418,0.028234
73,RSC-SUB,naive,RSC,35,0.78178,0.038435
73,RSC-SUB,naive,RSC,36,0.778094,0.084493
73,RSC-SUB,naive,RSC,37,0.110721,0.00612
73,RSC-SUB,naive,RSC,38,0.031445,0.002105
73,RSC-SUB,naive,RSC,39,0.065171,0.004816
73,RSC-SUB,naive,RSC,40,0.068956,0.005561
73,RSC-SUB,naive,RSC,41,0.055673,0.002622
73,RSC-SUB,naive,RSC,42,0.062627,0.006611
73,RSC-SUB,naive,RSC,43,0.085941,0.004799
73,RSC-SUB,naive,RSC,44,0.910709,0.017092
73,RSC-SUB,naive,RSC,45,0.071613,0.00434
73,RSC-SUB,naive,RSC,46,0.874698,0.023198
73,RSC-SUB,naive,RSC,47,0.091501,0.00356
73,RSC-SUB,naive,RSC,48,0.864338,0.032048
73,RSC-SUB,naive,RSC,49,0.016433,0.000595
73,RSC-SUB,naive,RSC,50,0.8462,0.02182
73,RSC-SUB,naive,RSC,51,0.013289,0.000243
73,RSC-SUB,naive,RSC,52,0.515904,0.004801
73,RSC-SUB,naive,RSC,53,0.764508,0.03092
73,RSC-SUB,naive,RSC,54,0.746749,0.007028
73,RSC-SUB,naive,RSC,55,0.073965,0.00204
73,RSC-SUB,naive,RSC,56,0.117148,0.004986
73,RSC-SUB,naive,RSC,57,0.317168,0.016788
73,RSC-SUB,naive,RSC,58,0.052392,0.003522
73,RSC-SUB,naive,RSC,59,0.91249,0.017026
73,RSC-SUB,naive,RSC,60,0.282287,0.019758
73,RSC-SUB,naive,RSC,61,0.622155,0.011681
73,RSC-SUB,naive,RSC,62,0.817861,0.012656
73,RSC-SUB,naive,RSC,63,0.538291,0.012949
73,RSC-SUB,naive,SUB,0,0.118656,0.006518
73,RSC-SUB,naive,SUB,1,0.041617,0.002802
73,RSC-SUB,naive,SUB,2,0.990368,0.05927
73,RSC-SUB,naive,SUB,3,0.940049,0.011282
73,RSC-SUB,naive,SUB,4,0.272618,0.013423
73,RSC-SUB,naive,SUB,5,0.920669,0.063048
73,RSC-SUB,naive,SUB,6,0.864392,0.01941
73,RSC-SUB,naive,SUB,7,0.893469,0.021193
73,RSC-SUB,naive,SUB,8,0.475029,0.031699
73,RSC-SUB,naive,SUB,9,0.807156,0.050715
73,RSC-SUB,naive,SUB,10,0.945809,0.035192
73,RSC-SUB,naive,SUB,11,0.956259,0.030969
73,RSC-SUB,naive,SUB,12,0.923781,0.016979
73,RSC-SUB,naive,SUB,13,0.747022,0.03981
73,RSC-SUB,naive,SUB,14,0.895715,0.019723
73,RSC-SUB,naive,SUB,15,0.90715,0.017509
73,RSC-SUB,naive,SUB,16,0.937966,0.024564
73,RSC-SUB,naive,SUB,17,0.926011,0.027895
73,RSC-SUB,naive,SUB,18,1.010406,0.021838
73,RSC-SUB,naive,SUB,19,0.771374,0.010088
73,RSC-SUB,naive,SUB,20,0.026684,0.001069
73,RSC-SUB,naive,SUB,21,0.966527,0.058635
73,RSC-SUB,naive,SUB,22,0.920887,0.020419
73,RSC-SUB,naive,SUB,23,0.979069,0.071396
73,RSC-SUB,naive,SUB,24,0.889491,0.0215
73,RSC-SUB,naive,SUB,25,0.015137,0.000718
73,RSC-SUB,naive,SUB,26,0.677544,0.038797
73,RSC-SUB,intermediate,RSC,0,0.405343,0.014991
73,RSC-SUB,intermediate,RSC,1,0.821124,0.047753
73,RSC-SUB,intermediate,RSC,2,0.045412,0.002488
73,RSC-SUB,intermediate,RSC,3,0.296069,0.01133
73,RSC-SUB,intermediate,RSC,4,0.168458,0.00463
73,RSC-SUB,intermediate,RSC,5,0.835773,0.022853
73,RSC-SUB,intermediate,RSC,6,0.148863,0.002983
73,RSC-SUB,intermediate,RSC,7,0.018256,0.000405
73,RSC-SUB,intermediate,RSC,8,0.235619,0.012096
73,RSC-SUB,intermediate,RSC,9,0.294639,0.020188
73,RSC-SUB,intermediate,RSC,10,0.079941,0.003757
73,RSC-SUB,intermediate,RSC,11,0.761904,0.010903
73,RSC-SUB,intermediate,RSC,12,0.713751,0.013011
73,RSC-SUB,intermediate,RSC,13,0.475958,0.032725
73,RSC-SUB,intermediate,RSC,14,0.271796,0.01333
73,RSC-SUB,intermediate,RSC,15,0.788718,0.012736
73,RSC-SUB,intermediate,RSC,16,0.462445,0.012426
73,RSC-SUB,intermediate,RSC,17,0.106728,0.003263
73,RSC-SUB,intermediate,RSC,18,0.125812,0.007033
73,RSC-SUB,intermediate,RSC,19,0.132783,0.010345
73,RSC-SUB,intermediate,RSC,20,0.790621,0.013688
73,RSC-SUB,intermediate,RSC,21,0.417143,0.023753
73,RSC-SUB,intermediate,RSC,22,0.73396,0.015114
73,RSC-SUB,intermediate,RSC,23,0.158984,0.007303
73,RSC-SUB,intermediate,RSC,24,0.390382,0.01874
73,RSC-SUB,intermediate,RSC,25,0.15951,0.006156
73,RSC-SUB,intermediate,RSC,26,0.013606,0.000414
73,RSC-SUB,intermediate,RSC,27,0.027605,0.001023
73,RSC-SUB,intermediate,RSC,28,0.014876,0.000448
73,RSC-SUB,intermediate,RSC,29,0.068096,0.004299
73,RSC-SUB,intermediate,RSC,30,0.125355,0.007227
73,RSC-SUB,intermediate,RSC,31,0.391274,0.019659
73,RSC-SUB,intermediate,RSC,32,0.052312,0.002332
73,RSC-SUB,intermediate,RSC,33,0.079215,0.002795
73,RSC-SUB,intermediate,RSC,34,0.26475,0.019327
73,RSC-SUB,intermediate,RSC,35,0.723622,0.021703
73,RSC-SUB,intermediate,RSC,36,0.775149,0.039839
73,RSC-SUB,intermediate,RSC,37,0.157156,0.006551
73,RSC-SUB,intermediate,RSC,38,0.088037,0.00312
73,RSC-SUB,intermediate,RSC,39,0.186526,0.010003
73,RSC-SUB,intermediate,RSC,40,0.358042,0.00953
73,RSC-SUB,intermediate,RSC,41,0.140077,0.007599
73,RSC-SUB,intermediate,RSC,42,0.288844,0.009378
73,RSC-SUB,intermediate,RSC,43,0.665376,0.02137
73,RSC-SUB,intermediate,RSC,44,0.844408,0.019235
73,RSC-SUB,intermediate,RSC,45,0.091175,0.006179
73,RSC-SUB,intermediate,RSC,46,0.83197,0.024043
73,RSC-SUB,intermediate,RSC,47,0.039855,0.001209
73,RSC-SUB,intermediate,RSC,48,0.81631,0.015218
73,RSC-SUB,intermediate,RSC,49,0.783772,0.012479
73,RSC-SUB,intermediate,RSC,50,0.029133,0.001107
73,RSC-SUB,intermediate,RSC,51,0.045161,0.000971
73,RSC-SUB,intermediate,RSC,52,0.000185,9e-06
73,RSC-SUB,intermediate,RSC,53,0.835009,0.029142
73,RSC-SUB,intermediate,RSC,54,0.094508,0.002666
73,RSC-SUB,intermediate,RSC,55,0.392985,0.014519
73,RSC-SUB,intermediate,RSC,56,0.118389,0.00361
73,RSC-SUB,intermediate,RSC,57,0.7844,0.026913
73,RSC-SUB,intermediate,RSC,58,0.760626,0.032101
73,RSC-SUB,intermediate,RSC,59,0.83608,0.013192
73,RSC-SUB,intermediate,RSC,60,0.812324,0.016979
73,RSC-SUB,intermediate,RSC,61,0.09513,0.003321
73,RSC-SUB,intermediate,RSC,62,0.215298,0.007749
73,RSC-SUB,intermediate,RSC,63,0.053585,0.002918
73,RSC-SUB,intermediate,SUB,0,0.182392,0.005704
73,RSC-SUB,intermediate,SUB,1,0.03977,0.001291
73,RSC-SUB,intermediate,SUB,2,0.842949,0.041188
73,RSC-SUB,intermediate,SUB,3,0.87772,0.023441
73,RSC-SUB,intermediate,SUB,4,0.595817,0.011058
73,RSC-SUB,intermediate,SUB,5,0.748892,0.029207
73,RSC-SUB,intermediate,SUB,6,0.950493,0.016265
73,RSC-SUB,intermediate,SUB,7,0.741205,0.013243
73,RSC-SUB,intermediate,SUB,8,0.941047,0.028203
73,RSC-SUB,intermediate,SUB,9,0.804121,0.022116
73,RSC-SUB,intermediate,SUB,10,0.808967,0.011389
73,RSC-SUB,intermediate,SUB,11,0.924571,0.01767
73,RSC-SUB,intermediate,SUB,12,0.893915,0.016921
73,RSC-SUB,intermediate,SUB,13,0.39076,0.015636
73,RSC-SUB,intermediate,SUB,14,0.896383,0.026623
73,RSC-SUB,intermediate,SUB,15,0.92203,0.03045
73,RSC-SUB,intermediate,SUB,16,0.935919,0.031367
73,RSC-SUB,intermediate,SUB,17,0.732025,0.028031
73,RSC-SUB,intermediate,SUB,18,0.969598,0.028363
73,RSC-SUB,intermediate,SUB,19,0.965596,0.019634
73,RSC-SUB,intermediate,SUB,20,0.635302,0.010119
73,RSC-SUB,intermediate,SUB,21,0.934531,0.083765
73,RSC-SUB,intermediate,SUB,22,0.914859,0.031579
73,RSC-SUB,intermediate,SUB,23,0.598502,0.013784
73,RSC-SUB,intermediate,SUB,24,0.946494,0.04013
73,RSC-SUB,intermediate,SUB,25,0.872854,0.016113
73,RSC-SUB,intermediate,SUB,26,0.916994,0.022227
73,RSC-SUB,expert,RSC,0,0.881922,0.109181
73,RSC-SUB,expert,RSC,1,0.826822,0.083768
73,RSC-SUB,expert,RSC,2,0.174808,0.024519
73,RSC-SUB,expert,RSC,3,0.570651,0.079187
73,RSC-SUB,expert,RSC,4,0.861909,0.113874
73,RSC-SUB,expert,RSC,5,0.115808,0.013519
73,RSC-SUB,expert,RSC,6,0.847854,0.072971
73,RSC-SUB,expert,RSC,7,0.02904,0.003659
73,RSC-SUB,expert,RSC,8,0.275477,0.046165
73,RSC-SUB,expert,RSC,9,0.838296,0.111164
73,RSC-SUB,expert,RSC,10,0.390377,0.055161
73,RSC-SUB,expert,RSC,11,0.573531,0.074733
73,RSC-SUB,expert,RSC,12,0.875326,0.119738
73,RSC-SUB,expert,RSC,13,0.484765,0.098982
73,RSC-SUB,expert,RSC,14,0.292913,0.0579
73,RSC-SUB,expert,RSC,15,0.112184,0.018179
73,RSC-SUB,expert,RSC,16,0.420395,0.042706
73,RSC-SUB,expert,RSC,17,0.16871,0.02502
73,RSC-SUB,expert,RSC,18,0.027544,0.002342
73,RSC-SUB,expert,RSC,19,0.205359,0.037101
73,RSC-SUB,expert,RSC,20,0.800674,0.064843
73,RSC-SUB,expert,RSC,21,0.171601,0.026179
73,RSC-SUB,expert,RSC,22,0.690659,0.094639
73,RSC-SUB,expert,RSC,23,0.24252,0.035769
73,RSC-SUB,expert,RSC,24,0.236507,0.037872
73,RSC-SUB,expert,RSC,25,0.295802,0.036589
73,RSC-SUB,expert,RSC,26,0.024992,0.002412
73,RSC-SUB,expert,RSC,27,0.571575,0.050002
73,RSC-SUB,expert,RSC,28,0.020756,0.002772
73,RSC-SUB,expert,RSC,29,0.234836,0.040037
73,RSC-SUB,expert,RSC,30,0.391957,0.059604
73,RSC-SUB,expert,RSC,31,0.467423,0.095093
73,RSC-SUB,expert,RSC,32,0.067439,0.006439
73,RSC-SUB,expert,RSC,33,0.0864,0.011617
73,RSC-SUB,expert,RSC,34,0.169642,0.032141
73,RSC-SUB,expert,RSC,35,0.118865,0.021688
73,RSC-SUB,expert,RSC,36,0.585303,0.109574
73,RSC-SUB,expert,RSC,37,0.874209,0.103838
73,RSC-SUB,expert,RSC,38,0.107059,0.015244
73,RSC-SUB,expert,RSC,39,0.554098,0.073974
73,RSC-SUB,expert,RSC,40,0.852459,0.125535
73,RSC-SUB,expert,RSC,41,0.067398,0.008252
73,RSC-SUB,expert,RSC,42,0.262511,0.03905
73,RSC-SUB,expert,RSC,43,0.788508,0.098383
73,RSC-SUB,expert,RSC,44,0.787474,0.077305
73,RSC-SUB,expert,RSC,45,0.177383,0.028514
73,RSC-SUB,expert,RSC,46,0.891147,0.086811
73,RSC-SUB,expert,RSC,47,0.07322,0.01276
73,RSC-SUB,expert,RSC,48,0.010069,0.001128
73,RSC-SUB,expert,RSC,49,0.250003,0.027932
73,RSC-SUB,expert,RSC,50,0.021453,0.003538
73,RSC-SUB,expert,RSC,51,0.219671,0.030027
73,RSC-SUB,expert,RSC,52,0.000189,2.1e-05
73,RSC-SUB,expert,RSC,53,0.135319,0.025533
73,RSC-SUB,expert,RSC,54,0.875744,0.108333
73,RSC-SUB,expert,RSC,55,0.481887,0.060919
73,RSC-SUB,expert,RSC,56,0.159005,0.017095
73,RSC-SUB,expert,RSC,57,0.202574,0.031697
73,RSC-SUB,expert,RSC,58,0.422361,0.06634
73,RSC-SUB,expert,RSC,59,0.818213,0.064939
73,RSC-SUB,expert,RSC,60,0.8389,0.124098
73,RSC-SUB,expert,RSC,61,0.064335,0.010914
73,RSC-SUB,expert,RSC,62,0.095107,0.015594
73,RSC-SUB,expert,RSC,63,0.028127,0.005066
73,RSC-SUB,expert,SUB,0,0.226256,0.026736
73,RSC-SUB,expert,SUB,1,0.031716,0.002795
73,RSC-SUB,expert,SUB,2,0.979515,0.122297
73,RSC-SUB,expert,SUB,3,0.893537,0.058107
73,RSC-SUB,expert,SUB,4,0.639523,0.080524
73,RSC-SUB,expert,SUB,5,0.916191,0.165144
73,RSC-SUB,expert,SUB,6,0.952292,0.123501
73,RSC-SUB,expert,SUB,7,0.751304,0.098101
73,RSC-SUB,expert,SUB,8,0.901018,0.130336
73,RSC-SUB,expert,SUB,9,0.548489,0.077827
73,RSC-SUB,expert,SUB,10,0.82774,0.071614
73,RSC-SUB,expert,SUB,11,0.908793,0.142588
73,RSC-SUB,expert,SUB,12,0.858245,0.103779
73,RSC-SUB,expert,SUB,13,0.707299,0.087833
73,RSC-SUB,expert,SUB,14,0.524888,0.054015
73,RSC-SUB,expert,SUB,15,0.896101,0.110851
73,RSC-SUB,expert,SUB,16,0.837363,0.084688
73,RSC-SUB,expert,SUB,17,0.886531,0.117519
73,RSC-SUB,expert,SUB,18,0.993446,0.128917
73,RSC-SUB,expert,SUB,19,0.981691,0.12321
73,RSC-SUB,expert,SUB,20,0.792231,0.106695
73,RSC-SUB,expert,SUB,21,0.909061,0.12398
73,RSC-SUB,expert,SUB,22,0.742006,0.083215
73,RSC-SUB,expert,SUB,23,0.828928,0.089007
73,RSC-SUB,expert,SUB,24,0.929448,0.117144
73,RSC-SUB,expert,SUB,25,0.906436,0.127353
73,RSC-SUB,expert,SUB,26,0.967211,0.115399
73,V1-RSC,naive,V1,0,1.147729,0.053727
73,V1-RSC,naive,V1,1,1.125828,0.089522
73,V1-RSC,naive,V1,2,0.710935,0.023128
73,V1-RSC,naive,V1,3,2.357501,0.065756
73,V1-RSC,naive,V1,4,8.315896,0.403444
73,V1-RSC,naive,V1,5,1.594327,0.047711
73,V1-RSC,naive,V1,6,1.194696,0.027694
73,V1-RSC,naive,V1,7,1.040259,0.023942
73,V1-RSC,naive,V1,8,1.731482,0.054454
73,V1-RSC,naive,V1,9,1.005052,0.040302
73,V1-RSC,naive,V1,10,1.248449,0.05702
73,V1-RSC,naive,V1,11,1.64509,0.088948
73,V1-RSC,naive,V1,12,0.953374,0.042918
73,V1-RSC,naive,V1,13,1.270581,0.06647
73,V1-RSC,naive,V1,14,1.086568,0.031178
73,V1-RSC,naive,V1,15,0.777571,0.057653
73,V1-RSC,naive,V1,16,0.96575,0.034603
73,V1-RSC,naive,V1,17,0.85363,0.020157
73,V1-RSC,naive,V1,18,0.681373,0.01631
73,V1-RSC,naive,RSC,0,0.142545,0.007823
73,V1-RSC,naive,RSC,1,0.058619,0.005749
73,V1-RSC,naive,RSC,2,0.031461,0.00191
73,V1-RSC,naive,RSC,3,0.81096,0.026115
73,V1-RSC,naive,RSC,4,0.877006,0.030241
73,V1-RSC,naive,RSC,5,0.853602,0.038
73,V1-RSC,naive,RSC,6,0.029524,0.001499
73,V1-RSC,naive,RSC,7,0.066174,0.002155
73,V1-RSC,naive,RSC,8,0.113724,0.013645
73,V1-RSC,naive,RSC,9,0.028739,0.001805
73,V1-RSC,naive,RSC,10,0.070033,0.006097
73,V1-RSC,naive,RSC,11,0.009301,0.000346
73,V1-RSC,naive,RSC,12,0.094136,0.007888
73,V1-RSC,naive,RSC,13,0.249821,0.018632
73,V1-RSC,naive,RSC,14,0.327024,0.035222
73,V1-RSC,naive,RSC,15,0.611223,0.0272
73,V1-RSC,naive,RSC,16,0.870476,0.024386
73,V1-RSC,naive,RSC,17,0.068398,0.006346
73,V1-RSC,naive,RSC,18,0.827433,0.011215
73,V1-RSC,naive,RSC,19,0.023815,0.000716
73,V1-RSC,naive,RSC,20,0.011913,0.000543
73,V1-RSC,naive,RSC,21,0.009712,0.000509
73,V1-RSC,naive,RSC,22,0.006883,0.000391
73,V1-RSC,naive,RSC,23,0.148646,0.015107
73,V1-RSC,naive,RSC,24,0.008407,0.000499
73,V1-RSC,naive,RSC,25,0.118469,0.007223
73,V1-RSC,naive,RSC,26,0.020965,0.001609
73,V1-RSC,naive,RSC,27,0.068775,0.002657
73,V1-RSC,naive,RSC,28,0.00311,0.000141
73,V1-RSC,naive,RSC,29,0.080557,0.007478
73,V1-RSC,naive,RSC,30,0.073235,0.003366
73,V1-RSC,naive,RSC,31,0.65062,0.076312
73,V1-RSC,naive,RSC,32,0.053671,0.003244
73,V1-RSC,naive,RSC,33,0.105883,0.008413
73,V1-RSC,naive,RSC,34,0.229814,0.025251
73,V1-RSC,naive,RSC,35,0.781728,0.035863
73,V1-RSC,naive,RSC,36,0.780555,0.043202
73,V1-RSC,naive,RSC,37,0.109463,0.010831
73,V1-RSC,naive,RSC,38,0.032317,0.001888
73,V1-RSC,naive,RSC,39,0.06223,0.004668
73,V1-RSC,naive,RSC,40,0.069964,0.004583
73,V1-RSC,naive,RSC,41,0.057321,0.004412
73,V1-RSC,naive,RSC,42,0.063442,0.007415
73,V1-RSC,naive,RSC,43,0.084702,0.00361
73,V1-RSC,naive,RSC,44,0.894534,0.025735
73,V1-RSC,naive,RSC,45,0.068387,0.00375
73,V1-RSC,naive,RSC,46,0.793164,0.015541
73,V1-RSC,naive,RSC,47,0.089299,0.005912
73,V1-RSC,naive,RSC,48,0.856277,0.021992
73,V1-RSC,naive,RSC,49,0.015824,0.000714
73,V1-RSC,naive,RSC,50,0.82151,0.014292
73,V1-RSC,naive,RSC,51,0.013259,0.00042
73,V1-RSC,naive,RSC,52,0.475987,0.003674
73,V1-RSC,naive,RSC,53,0.750572,0.022969
73,V1-RSC,naive,RSC,54,0.744892,0.026247
73,V1-RSC,naive,RSC,55,0.073569,0.001904
73,V1-RSC,naive,RSC,56,0.114919,0.003707
73,V1-RSC,naive,RSC,57,0.317026,0.027074
73,V1-RSC,naive,RSC,58,0.052928,0.006032
73,V1-RSC,naive,RSC,59,0.850186,0.018545
73,V1-RSC,naive,RSC,60,0.286912,0.023065
73,V1-RSC,naive,RSC,61,0.572811,0.019411
73,V1-RSC,naive,RSC,62,0.777366,0.021449
73,V1-RSC,naive,RSC,63,0.536084,0.015561
73,V1-RSC,intermediate,V1,0,1.149541,0.083466
73,V1-RSC,intermediate,V1,1,1.014825,0.063058
73,V1-RSC,intermediate,V1,2,0.721593,0.021881
73,V1-RSC,intermediate,V1,3,1.056931,0.014939
73,V1-RSC,intermediate,V1,4,0.996013,0.04079
73,V1-RSC,intermediate,V1,5,1.103986,0.04147
73,V1-RSC,intermediate,V1,6,1.029217,0.034176
73,V1-RSC,intermediate,V1,7,0.653762,0.013038
73,V1-RSC,intermediate,V1,8,1.007799,0.047186
73,V1-RSC,intermediate,V1,9,0.969358,0.064973
73,V1-RSC,intermediate,V1,10,0.962237,0.098028
73,V1-RSC,intermediate,V1,11,0.950484,0.117314
73,V1-RSC,intermediate,V1,12,0.920596,0.042297
73,V1-RSC,intermediate,V1,13,1.241285,0.070603
73,V1-RSC,intermediate,V1,14,1.071913,0.034267
73,V1-RSC,intermediate,V1,15,0.910232,0.049713
73,V1-RSC,intermediate,V1,16,1.06878,0.055323
73,V1-RSC,intermediate,V1,17,1.975124,0.077581
73,V1-RSC,intermediate,V1,18,1.329107,0.02656
73,V1-RSC,intermediate,RSC,0,0.401834,0.020306
73,V1-RSC,intermediate,RSC,1,0.815984,0.067942
73,V1-RSC,intermediate,RSC,2,0.045558,0.002735
73,V1-RSC,intermediate,RSC,3,0.295713,0.020827
73,V1-RSC,intermediate,RSC,4,0.180461,0.007668
73,V1-RSC,intermediate,RSC,5,0.829699,0.031219
73,V1-RSC,intermediate,RSC,6,0.153682,0.008961
73,V1-RSC,intermediate,RSC,7,0.018182,0.000881
73,V1-RSC,intermediate,RSC,8,0.235938,0.020948
73,V1-RSC,intermediate,RSC,9,0.311056,0.044459
73,V1-RSC,intermediate,RSC,10,0.078434,0.004201
73,V1-RSC,intermediate,RSC,11,0.533404,0.013029
73,V1-RSC,intermediate,RSC,12,0.696286,0.030105
73,V1-RSC,intermediate,RSC,13,0.46628,0.051042
73,V1-RSC,intermediate,RSC,14,0.287903,0.031579
73,V1-RSC,intermediate,RSC,15,0.753752,0.016049
73,V1-RSC,intermediate,RSC,16,0.439183,0.021515
73,V1-RSC,intermediate,RSC,17,0.097243,0.004508
73,V1-RSC,intermediate,RSC,18,0.13313,0.009153
73,V1-RSC,intermediate,RSC,19,0.150296,0.025791
73,V1-RSC,intermediate,RSC,20,0.784266,0.066167
73,V1-RSC,intermediate,RSC,21,0.394663,0.049353
73,V1-RSC,intermediate,RSC,22,0.73231,0.019176
73,V1-RSC,intermediate,RSC,23,0.161197,0.014386
73,V1-RSC,intermediate,RSC,24,0.408336,0.04985
73,V1-RSC,intermediate,RSC,25,0.162672,0.012971
73,V1-RSC,intermediate,RSC,26,0.011321,0.000415
73,V1-RSC,intermediate,RSC,27,0.028495,0.002276
73,V1-RSC,intermediate,RSC,28,0.014749,0.001162
73,V1-RSC,intermediate,RSC,29,0.067643,0.006322
73,V1-RSC,intermediate,RSC,30,0.120979,0.006058
73,V1-RSC,intermediate,RSC,31,0.411385,0.050983
73,V1-RSC,intermediate,RSC,32,0.05331,0.002878
73,V1-RSC,intermediate,RSC,33,0.082332,0.00927
73,V1-RSC,intermediate,RSC,34,0.270886,0.038263
73,V1-RSC,intermediate,RSC,35,0.693144,0.028831
73,V1-RSC,intermediate,RSC,36,0.775759,0.032632
73,V1-RSC,intermediate,RSC,37,0.15367,0.008227
73,V1-RSC,intermediate,RSC,38,0.085009,0.006748
73,V1-RSC,intermediate,RSC,39,0.181754,0.00907
73,V1-RSC,intermediate,RSC,40,0.358756,0.013418
73,V1-RSC,intermediate,RSC,41,0.143984,0.010134
73,V1-RSC,intermediate,RSC,42,0.283435,0.027236
73,V1-RSC,intermediate,RSC,43,0.640607,0.020768
73,V1-RSC,intermediate,RSC,44,0.821701,0.032385
73,V1-RSC,intermediate,RSC,45,0.09214,0.009269
73,V1-RSC,intermediate,RSC,46,0.806235,0.038147
73,V1-RSC,intermediate,RSC,47,0.039505,0.002013
73,V1-RSC,intermediate,RSC,48,0.809021,0.019481
73,V1-RSC,intermediate,RSC,49,0.764448,0.016875
73,V1-RSC,intermediate,RSC,50,0.02881,0.002209
73,V1-RSC,intermediate,RSC,51,0.044944,0.002017
73,V1-RSC,intermediate,RSC,52,0.000179,1.1e-05
73,V1-RSC,intermediate,RSC,53,0.829459,0.038172
73,V1-RSC,intermediate,RSC,54,0.090999,0.007052
73,V1-RSC,intermediate,RSC,55,0.377739,0.033775
73,V1-RSC,intermediate,RSC,56,0.121591,0.006638
73,V1-RSC,intermediate,RSC,57,0.785888,0.03697
73,V1-RSC,intermediate,RSC,58,0.756151,0.055033
73,V1-RSC,intermediate,RSC,59,0.825558,0.036659
73,V1-RSC,intermediate,RSC,60,0.79101,0.038619
73,V1-RSC,intermediate,RSC,61,0.095461,0.00405
73,V1-RSC,intermediate,RSC,62,0.21098,0.015989
73,V1-RSC,intermediate,RSC,63,0.056691,0.006501
73,V1-RSC,expert,V1,0,1.119673,0.047042
73,V1-RSC,expert,V1,1,1.021839,0.050447
73,V1-RSC,expert,V1,2,0.798409,0.029429
73,V1-RSC,expert,V1,3,0.993939,0.015246
73,V1-RSC,expert,V1,4,1.261109,0.028081
73,V1-RSC,expert,V1,5,1.174242,0.01793
73,V1-RSC,expert,V1,6,0.840417,0.027408
73,V1-RSC,expert,V1,7,0.821244,0.024967
73,V1-RSC,expert,V1,8,0.880749,0.031894
73,V1-RSC,expert,V1,9,0.961073,0.066081
73,V1-RSC,expert,V1,10,0.945822,0.071447
73,V1-RSC,expert,V1,11,0.881396,0.103521
73,V1-RSC,expert,V1,12,1.002171,0.027249
73,V1-RSC,expert,V1,13,1.345728,0.059208
73,V1-RSC,expert,V1,14,1.158172,0.047275
73,V1-RSC,expert,V1,15,0.92806,0.046822
73,V1-RSC,expert,V1,16,1.148307,0.038963
73,V1-RSC,expert,V1,17,1.554092,0.038853
73,V1-RSC,expert,V1,18,2.193976,0.007707
73,V1-RSC,expert,RSC,0,0.816262,0.027446
73,V1-RSC,expert,RSC,1,0.756941,0.082438
73,V1-RSC,expert,RSC,2,0.155193,0.00494
73,V1-RSC,expert,RSC,3,0.560327,0.023795
73,V1-RSC,expert,RSC,4,0.853997,0.02125
73,V1-RSC,expert,RSC,5,0.10801,0.003262
73,V1-RSC,expert,RSC,6,0.797748,0.01472
73,V1-RSC,expert,RSC,7,0.02794,0.001739
73,V1-RSC,expert,RSC,8,0.267117,0.022471
73,V1-RSC,expert,RSC,9,0.834691,0.044804
73,V1-RSC,expert,RSC,10,0.353245,0.011382
73,V1-RSC,expert,RSC,11,0.561416,0.009537
73,V1-RSC,expert,RSC,12,0.871542,0.034381
73,V1-RSC,expert,RSC,13,0.483832,0.040564
73,V1-RSC,expert,RSC,14,0.294272,0.026647
73,V1-RSC,expert,RSC,15,0.11047,0.007308
73,V1-RSC,expert,RSC,16,0.453284,0.027911
73,V1-RSC,expert,RSC,17,0.159638,0.006642
73,V1-RSC,expert,RSC,18,0.0286,0.00174
73,V1-RSC,expert,RSC,19,0.222008,0.028446
73,V1-RSC,expert,RSC,20,0.792771,0.061918
73,V1-RSC,expert,RSC,21,0.183164,0.017394
73,V1-RSC,expert,RSC,22,0.648871,0.021419
73,V1-RSC,expert,RSC,23,0.24001,0.018763
73,V1-RSC,expert,RSC,24,0.245076,0.024965
73,V1-RSC,expert,RSC,25,0.277194,0.009102
73,V1-RSC,expert,RSC,26,0.024913,0.000952
73,V1-RSC,expert,RSC,27,0.566286,0.00822
73,V1-RSC,expert,RSC,28,0.020147,0.000524
73,V1-RSC,expert,RSC,29,0.237476,0.015702
73,V1-RSC,expert,RSC,30,0.356286,0.012041
73,V1-RSC,expert,RSC,31,0.46655,0.050438
73,V1-RSC,expert,RSC,32,0.069497,0.002879
73,V1-RSC,expert,RSC,33,0.089333,0.007725
73,V1-RSC,expert,RSC,34,0.178242,0.018937
73,V1-RSC,expert,RSC,35,0.116156,0.007364
73,V1-RSC,expert,RSC,36,0.567092,0.033443
73,V1-RSC,expert,RSC,37,0.86194,0.010454
73,V1-RSC,expert,RSC,38,0.104405,0.007979
73,V1-RSC,expert,RSC,39,0.535359,0.034407
73,V1-RSC,expert,RSC,40,0.834776,0.020323
73,V1-RSC,expert,RSC,41,0.06642,0.003411
73,V1-RSC,expert,RSC,42,0.296212,0.013792
73,V1-RSC,expert,RSC,43,0.763598,0.030277
73,V1-RSC,expert,RSC,44,0.783572,0.030151
73,V1-RSC,expert,RSC,45,0.182991,0.020222
73,V1-RSC,expert,RSC,46,0.866955,0.023229
73,V1-RSC,expert,RSC,47,0.070389,0.003614
73,V1-RSC,expert,RSC,48,0.010464,0.000188
73,V1-RSC,expert,RSC,49,0.248892,0.006242
73,V1-RSC,expert,RSC,50,0.020792,0.00104
73,V1-RSC,expert,RSC,51,0.212347,0.008559
73,V1-RSC,expert,RSC,52,0.000199,7e-06
73,V1-RSC,expert,RSC,53,0.13149,0.011452
73,V1-RSC,expert,RSC,54,0.858404,0.023089
73,V1-RSC,expert,RSC,55,0.484845,0.019151
73,V1-RSC,expert,RSC,56,0.163218,0.00658
73,V1-RSC,expert,RSC,57,0.194189,0.015846
73,V1-RSC,expert,RSC,58,0.39779,0.030849
73,V1-RSC,expert,RSC,59,0.752248,0.026336
73,V1-RSC,expert,RSC,60,0.833972,0.031988
73,V1-RSC,expert,RSC,61,0.064035,0.005196
73,V1-RSC,expert,RSC,62,0.09268,0.007423
73,V1-RSC,expert,RSC,63,0.029095,0.002755
75,CA1-RSC,naive,CA1,0,1.044588,0.194007
75,CA1-RSC,naive,CA1,1,0.464097,0.042392
75,CA1-RSC,naive,CA1,2,1.076301,0.169919
75,CA1-RSC,naive,CA1,3,0.009636,0.001072
75,CA1-RSC,naive,CA1,4,1.368141,0.102088
75,CA1-RSC,naive,CA1,5,1.011756,0.126362
75,CA1-RSC,naive,CA1,6,0.915095,0.166966
75,CA1-RSC,naive,CA1,7,1.149177,0.185923
75,CA1-RSC,naive,CA1,8,0.985957,0.151261
75,CA1-RSC,naive,CA1,9,0.976749,0.30522
75,CA1-RSC,naive,CA1,10,1.217042,0.371844
75,CA1-RSC,naive,CA1,11,1.315325,0.135288
75,CA1-RSC,naive,CA1,12,0.008042,0.001063
75,CA1-RSC,naive,CA1,13,0.136098,0.012214
75,CA1-RSC,naive,CA1,14,1.035347,0.20324
75,CA1-RSC,naive,CA1,15,0.039997,0.006183
75,CA1-RSC,naive,CA1,16,0.990657,0.265415
75,CA1-RSC,naive,CA1,17,1.017928,0.190431
75,CA1-RSC,naive,CA1,18,0.856457,0.145248
75,CA1-RSC,naive,CA1,19,0.983048,0.087702
75,CA1-RSC,naive,CA1,20,0.959507,0.118422
75,CA1-RSC,naive,CA1,21,1.086137,0.096652
75,CA1-RSC,naive,CA1,22,0.891983,0.186035
75,CA1-RSC,naive,CA1,23,1.022233,0.173617
75,CA1-RSC,naive,CA1,24,1.380241,0.12901
75,CA1-RSC,naive,RSC,0,0.038712,0.010559
75,CA1-RSC,naive,RSC,1,0.036722,0.00496
75,CA1-RSC,naive,RSC,2,0.039185,0.011091
75,CA1-RSC,naive,RSC,3,0.022571,0.004978
75,CA1-RSC,naive,RSC,4,0.067318,0.020053
75,CA1-RSC,naive,RSC,5,0.116836,0.023743
75,CA1-RSC,naive,RSC,6,0.022065,0.003614
75,CA1-RSC,naive,RSC,7,0.031952,0.007176
75,CA1-RSC,naive,RSC,8,0.430504,0.111089
75,CA1-RSC,naive,RSC,9,0.678109,0.15159
75,CA1-RSC,naive,RSC,10,0.014955,0.002371
75,CA1-RSC,naive,RSC,11,0.015699,0.002468
75,CA1-RSC,naive,RSC,12,0.048623,0.0143
75,CA1-RSC,naive,RSC,13,0.03197,0.004038
75,CA1-RSC,naive,RSC,14,0.146679,0.037314
75,CA1-RSC,naive,RSC,15,0.0,0.0
75,CA1-RSC,naive,RSC,16,0.079541,0.026441
75,CA1-RSC,naive,RSC,17,0.015602,0.003446
75,CA1-RSC,naive,RSC,18,0.039215,0.006869
75,CA1-RSC,naive,RSC,19,0.379079,0.041153
75,CA1-RSC,naive,RSC,20,0.153987,0.05858
75,CA1-RSC,naive,RSC,21,0.007818,0.001296
75,CA1-RSC,naive,RSC,22,0.011287,0.00137
75,CA1-RSC,naive,RSC,23,0.042846,0.005086
75,CA1-RSC,naive,RSC,24,0.005229,0.000715
75,CA1-RSC,naive,RSC,25,0.032015,0.006504
75,CA1-RSC,naive,RSC,26,0.180395,0.018293
75,CA1-RSC,naive,RSC,27,0.016502,0.003202
75,CA1-RSC,naive,RSC,28,0.114659,0.036923
75,CA1-RSC,naive,RSC,29,0.051162,0.018321
75,CA1-RSC,naive,RSC,30,0.009879,0.001811
75,CA1-RSC,naive,RSC,31,0.161065,0.019449
75,CA1-RSC,naive,RSC,32,0.021579,0.00778
75,CA1-RSC,naive,RSC,33,0.013569,0.002085
75,CA1-RSC,naive,RSC,34,0.002423,0.000405
75,CA1-RSC,naive,RSC,35,0.228074,0.022635
75,CA1-RSC,naive,RSC,36,0.016415,0.003924
75,CA1-RSC,naive,RSC,37,0.506028,0.080173
75,CA1-RSC,naive,RSC,38,0.029021,0.006755
75,CA1-RSC,naive,RSC,39,0.134291,0.035906
75,CA1-RSC,naive,RSC,40,0.655529,0.103122
75,CA1-RSC,naive,RSC,41,0.649861,0.09569
75,CA1-RSC,naive,RSC,42,0.119009,0.042904
75,CA1-RSC,naive,RSC,43,0.061647,0.007125
75,CA1-RSC,naive,RSC,44,0.012306,0.001515
75,CA1-RSC,naive,RSC,45,0.006536,0.001925
75,CA1-RSC,naive,RSC,46,0.00704,0.001741
75,CA1-RSC,naive,RSC,47,0.031347,0.003054
75,CA1-RSC,naive,RSC,48,0.013167,0.00262
75,CA1-RSC,naive,RSC,49,0.115008,0.026226
75,CA1-RSC,naive,RSC,50,0.01362,0.00151
75,CA1-RSC,naive,RSC,51,0.092797,0.024271
75,CA1-RSC,naive,RSC,52,0.021465,0.002065
75,CA1-RSC,naive,RSC,53,0.057176,0.014009
75,CA1-RSC,naive,RSC,54,0.036278,0.004492
75,CA1-RSC,naive,RSC,55,0.014191,0.003178
75,CA1-RSC,naive,RSC,56,0.017451,0.001087
75,CA1-RSC,naive,RSC,57,0.004053,0.000455
75,CA1-RSC,naive,RSC,58,0.001731,0.00036
75,CA1-RSC,naive,RSC,59,0.027156,0.005224
75,CA1-RSC,naive,RSC,60,0.114379,0.019465
75,CA1-RSC,naive,RSC,61,0.099398,0.015127
75,CA1-RSC,naive,RSC,62,0.152441,0.053347
75,CA1-RSC,naive,RSC,63,0.019529,0.003904
75,CA1-RSC,naive,RSC,64,0.031675,0.002643
75,CA1-RSC,naive,RSC,65,0.007164,0.001247
75,CA1-RSC,naive,RSC,66,0.103424,0.016801
75,CA1-RSC,naive,RSC,67,0.039124,0.009139
75,CA1-RSC,naive,RSC,68,0.266639,0.100117
75,CA1-RSC,naive,RSC,69,0.727109,0.167613
75,CA1-RSC,naive,RSC,70,0.150966,0.060045
75,CA1-RSC,naive,RSC,71,0.026875,0.003102
75,CA1-RSC,naive,RSC,72,0.023558,0.003434
75,CA1-RSC,naive,RSC,73,0.023681,0.00401
75,CA1-RSC,naive,RSC,74,0.595056,0.071885
75,CA1-RSC,naive,RSC,75,0.073144,0.020535
75,CA1-RSC,naive,RSC,76,0.075731,0.010818
75,CA1-RSC,naive,RSC,77,0.031314,0.007984
75,CA1-RSC,naive,RSC,78,0.085999,0.02036
75,CA1-RSC,naive,RSC,79,0.0,0.0
75,CA1-RSC,naive,RSC,80,0.119032,0.041162
75,CA1-RSC,naive,RSC,81,0.067655,0.013942
75,CA1-RSC,naive,RSC,82,0.095538,0.017406
75,CA1-RSC,naive,RSC,83,0.060411,0.014499
75,CA1-RSC,naive,RSC,84,0.194909,0.076392
75,CA1-RSC,naive,RSC,85,0.066493,0.010417
75,CA1-RSC,naive,RSC,86,0.114367,0.016334
75,CA1-RSC,naive,RSC,87,0.051152,0.016505
75,CA1-RSC,naive,RSC,88,0.083314,0.021451
75,CA1-RSC,naive,RSC,89,0.027364,0.003539
75,CA1-RSC,naive,RSC,90,0.052375,0.005745
75,CA1-RSC,naive,RSC,91,0.096862,0.022828
75,CA1-RSC,naive,RSC,92,0.058191,0.011367
75,CA1-RSC,naive,RSC,93,0.120425,0.046238
75,CA1-RSC,naive,RSC,94,0.005294,0.000606
75,CA1-RSC,naive,RSC,95,0.051792,0.014122
75,CA1-RSC,naive,RSC,96,0.016573,0.004414
75,CA1-RSC,naive,RSC,97,0.049268,0.008113
75,CA1-RSC,naive,RSC,98,0.113211,0.012194
75,CA1-RSC,naive,RSC,99,0.015469,0.002539
75,CA1-RSC,naive,RSC,100,0.026824,0.006917
75,CA1-RSC,naive,RSC,101,0.042243,0.008116
75,CA1-RSC,naive,RSC,102,0.727121,0.0795
75,CA1-RSC,naive,RSC,103,0.14216,0.053299
75,CA1-RSC,naive,RSC,104,0.013875,0.002813
75,CA1-RSC,naive,RSC,105,0.010681,0.001333
75,CA1-RSC,naive,RSC,106,0.092731,0.010818
75,CA1-RSC,naive,RSC,107,0.008684,0.001117
75,CA1-RSC,naive,RSC,108,0.027479,0.005674
75,CA1-RSC,naive,RSC,109,0.077902,0.014943
75,CA1-RSC,naive,RSC,110,0.058633,0.02136
75,CA1-RSC,naive,RSC,111,0.015654,0.002412
75,CA1-RSC,naive,RSC,112,0.126804,0.042505
75,CA1-RSC,naive,RSC,113,0.630446,0.069326
75,CA1-RSC,naive,RSC,114,0.006607,0.001698
75,CA1-RSC,naive,RSC,115,0.04367,0.008717
75,CA1-RSC,naive,RSC,116,0.018579,0.002421
75,CA1-RSC,naive,RSC,117,0.029768,0.004605
75,CA1-RSC,naive,RSC,118,0.092368,0.028541
75,CA1-RSC,naive,RSC,119,0.0,0.0
75,CA1-RSC,naive,RSC,120,0.028419,0.00593
75,CA1-RSC,naive,RSC,121,0.056549,0.008517
75,CA1-RSC,naive,RSC,122,0.085402,0.028008
75,CA1-RSC,naive,RSC,123,0.142958,0.060571
75,CA1-RSC,naive,RSC,124,0.674056,0.061036
75,CA1-RSC,naive,RSC,125,0.005147,0.001383
75,CA1-RSC,naive,RSC,126,0.003287,0.000548
75,CA1-RSC,naive,RSC,127,0.164161,0.031591
75,CA1-RSC,naive,RSC,128,0.0259,0.002822
75,CA1-RSC,naive,RSC,129,0.078061,0.029307
75,CA1-RSC,naive,RSC,130,0.054826,0.011234
75,CA1-RSC,naive,RSC,131,0.064795,0.017032
75,CA1-RSC,naive,RSC,132,0.138563,0.033077
75,CA1-RSC,naive,RSC,133,0.646807,0.085278
75,CA1-RSC,naive,RSC,134,0.05581,0.005718
75,CA1-RSC,naive,RSC,135,0.076945,0.014751
75,CA1-RSC,naive,RSC,136,0.080303,0.013586
75,CA1-RSC,naive,RSC,137,0.051741,0.014669
75,CA1-RSC,naive,RSC,138,0.03402,0.004023
75,CA1-RSC,naive,RSC,139,0.043467,0.006308
75,CA1-RSC,naive,RSC,140,0.103659,0.012015
75,CA1-RSC,naive,RSC,141,0.091144,0.031982
75,CA1-RSC,naive,RSC,142,0.065884,0.018363
75,CA1-RSC,naive,RSC,143,0.029629,0.006951
75,CA1-RSC,naive,RSC,144,0.115282,0.011607
75,CA1-RSC,naive,RSC,145,0.758149,0.086362
75,CA1-RSC,naive,RSC,146,0.706128,0.096825
75,CA1-RSC,naive,RSC,147,0.025527,0.006289
75,CA1-RSC,naive,RSC,148,0.15561,0.041527
75,CA1-RSC,naive,RSC,149,0.094139,0.014707
75,CA1-RSC,naive,RSC,150,0.643027,0.087421
75,CA1-RSC,naive,RSC,151,0.099816,0.022634
75,CA1-RSC,naive,RSC,152,0.01014,0.00228
75,CA1-RSC,naive,RSC,153,0.024502,0.003273
75,CA1-RSC,naive,RSC,154,0.173079,0.021263
75,CA1-RSC,naive,RSC,155,0.02053,0.002093
75,CA1-RSC,naive,RSC,156,0.027229,0.008149
75,CA1-RSC,naive,RSC,157,0.001432,0.000183
75,CA1-RSC,naive,RSC,158,0.730552,0.085045
75,CA1-RSC,naive,RSC,159,0.086703,0.020151
75,CA1-RSC,naive,RSC,160,0.007508,0.001161
75,CA1-RSC,naive,RSC,161,0.031616,0.00798
75,CA1-RSC,naive,RSC,162,0.036145,0.005659
75,CA1-RSC,naive,RSC,163,0.025357,0.004932
75,CA1-RSC,naive,RSC,164,0.137409,0.047892
75,CA1-RSC,naive,RSC,165,0.123196,0.048591
75,CA1-RSC,naive,RSC,166,0.086215,0.029881
75,CA1-RSC,naive,RSC,167,0.055548,0.005854
75,CA1-RSC,naive,RSC,168,0.040952,0.008468
75,CA1-RSC,naive,RSC,169,0.17168,0.04047
75,CA1-RSC,naive,RSC,170,0.061343,0.020325
75,CA1-RSC,naive,RSC,171,0.054171,0.012747
75,CA1-RSC,naive,RSC,172,0.004712,0.00046
75,CA1-RSC,naive,RSC,173,0.031469,0.007204
75,CA1-RSC,naive,RSC,174,0.064888,0.01171
75,CA1-RSC,naive,RSC,175,0.043943,0.013312
75,CA1-RSC,naive,RSC,176,0.064203,0.021754
75,CA1-RSC,naive,RSC,177,0.082057,0.025345
75,CA1-RSC,naive,RSC,178,0.147772,0.048326
75,CA1-RSC,naive,RSC,179,0.592806,0.100973
75,CA1-RSC,naive,RSC,180,0.083703,0.02546
75,CA1-RSC,naive,RSC,181,0.722863,0.194389
75,CA1-RSC,naive,RSC,182,0.032922,0.0092
75,CA1-RSC,naive,RSC,183,0.017355,0.00268
75,CA1-RSC,naive,RSC,184,0.078601,0.016964
75,CA1-RSC,naive,RSC,185,0.114574,0.04029
75,CA1-RSC,naive,RSC,186,0.109991,0.029917
75,CA1-RSC,naive,RSC,187,0.016884,0.001968
75,CA1-RSC,naive,RSC,188,0.042418,0.010865
75,CA1-RSC,naive,RSC,189,0.053714,0.018384
75,CA1-RSC,naive,RSC,190,0.01758,0.005526
75,CA1-RSC,naive,RSC,191,0.029587,0.002951
75,CA1-RSC,naive,RSC,192,0.001419,0.000184
75,CA1-RSC,naive,RSC,193,0.701322,0.101042
75,CA1-RSC,naive,RSC,194,0.027769,0.007017
75,CA1-RSC,naive,RSC,195,0.695142,0.076837
75,CA1-RSC,intermediate,CA1,0,1.046113,0.125366
75,CA1-RSC,intermediate,CA1,1,1.118024,0.175732
75,CA1-RSC,intermediate,CA1,2,1.010665,0.280689
75,CA1-RSC,intermediate,CA1,3,0.019375,0.00333
75,CA1-RSC,intermediate,CA1,4,1.33667,0.162441
75,CA1-RSC,intermediate,CA1,5,1.080106,0.120644
75,CA1-RSC,intermediate,CA1,6,1.200667,0.132188
75,CA1-RSC,intermediate,CA1,7,1.123644,0.126269
75,CA1-RSC,intermediate,CA1,8,1.013157,0.277872
75,CA1-RSC,intermediate,CA1,9,1.011348,0.153453
75,CA1-RSC,intermediate,CA1,10,0.980018,0.115883
75,CA1-RSC,intermediate,CA1,11,0.082841,0.008876
75,CA1-RSC,intermediate,CA1,12,0.017783,0.002077
75,CA1-RSC,intermediate,CA1,13,0.013793,0.002217
75,CA1-RSC,intermediate,CA1,14,0.932294,0.127822
75,CA1-RSC,intermediate,CA1,15,0.731825,0.331851
75,CA1-RSC,intermediate,CA1,16,1.003759,0.421316
75,CA1-RSC,intermediate,CA1,17,0.965485,0.134412
75,CA1-RSC,intermediate,CA1,18,0.998889,0.162569
75,CA1-RSC,intermediate,CA1,19,1.141039,0.097518
75,CA1-RSC,intermediate,CA1,20,0.929834,0.204257
75,CA1-RSC,intermediate,CA1,21,0.971832,0.292012
75,CA1-RSC,intermediate,CA1,22,0.953439,0.087281
75,CA1-RSC,intermediate,CA1,23,1.166967,0.098995
75,CA1-RSC,intermediate,CA1,24,0.018451,0.00167
75,CA1-RSC,intermediate,RSC,0,0.049425,0.011328
75,CA1-RSC,intermediate,RSC,1,0.062758,0.015014
75,CA1-RSC,intermediate,RSC,2,0.06206,0.020302
75,CA1-RSC,intermediate,RSC,3,0.026971,0.003804
75,CA1-RSC,intermediate,RSC,4,0.023952,0.003012
75,CA1-RSC,intermediate,RSC,5,0.1802,0.027474
75,CA1-RSC,intermediate,RSC,6,0.060852,0.02242
75,CA1-RSC,intermediate,RSC,7,0.054504,0.014068
75,CA1-RSC,intermediate,RSC,8,0.030598,0.012642
75,CA1-RSC,intermediate,RSC,9,0.078519,0.019184
75,CA1-RSC,intermediate,RSC,10,0.014999,0.003471
75,CA1-RSC,intermediate,RSC,11,0.678206,0.176152
75,CA1-RSC,intermediate,RSC,12,0.065142,0.02032
75,CA1-RSC,intermediate,RSC,13,0.017202,0.002945
75,CA1-RSC,intermediate,RSC,14,0.177888,0.061574
75,CA1-RSC,intermediate,RSC,15,0.0,0.0
75,CA1-RSC,intermediate,RSC,16,0.131716,0.015952
75,CA1-RSC,intermediate,RSC,17,0.060106,0.009346
75,CA1-RSC,intermediate,RSC,18,0.073347,0.026093
75,CA1-RSC,intermediate,RSC,19,0.050685,0.011605
75,CA1-RSC,intermediate,RSC,20,0.157877,0.037658
75,CA1-RSC,intermediate,RSC,21,0.031837,0.005226
75,CA1-RSC,intermediate,RSC,22,0.087513,0.022689
75,CA1-RSC,intermediate,RSC,23,0.085168,0.015596
75,CA1-RSC,intermediate,RSC,24,0.013382,0.003584
75,CA1-RSC,intermediate,RSC,25,0.403709,0.081256
75,CA1-RSC,intermediate,RSC,26,0.0,0.0
75,CA1-RSC,intermediate,RSC,27,0.037836,0.006465
75,CA1-RSC,intermediate,RSC,28,0.159336,0.028087
75,CA1-RSC,intermediate,RSC,29,0.070099,0.021516
75,CA1-RSC,intermediate,RSC,30,0.057704,0.014715
75,CA1-RSC,intermediate,RSC,31,0.065952,0.008802
75,CA1-RSC,intermediate,RSC,32,0.059342,0.019315
75,CA1-RSC,intermediate,RSC,33,0.004187,0.001744
75,CA1-RSC,intermediate,RSC,34,0.001517,0.000572
75,CA1-RSC,intermediate,RSC,35,0.089347,0.012326
75,CA1-RSC,intermediate,RSC,36,0.340679,0.133581
75,CA1-RSC,intermediate,RSC,37,0.0056,0.001057
75,CA1-RSC,intermediate,RSC,38,0.338645,0.133355
75,CA1-RSC,intermediate,RSC,39,0.774211,0.095428
75,CA1-RSC,intermediate,RSC,40,0.449507,0.068576
75,CA1-RSC,intermediate,RSC,41,0.439555,0.10224
75,CA1-RSC,intermediate,RSC,42,0.146604,0.065415
75,CA1-RSC,intermediate,RSC,43,0.397914,0.054423
75,CA1-RSC,intermediate,RSC,44,0.62119,0.030905
75,CA1-RSC,intermediate,RSC,45,0.077464,0.027983
75,CA1-RSC,intermediate,RSC,46,0.66446,0.127243
75,CA1-RSC,intermediate,RSC,47,0.042727,0.008497
75,CA1-RSC,intermediate,RSC,48,0.178256,0.034395
75,CA1-RSC,intermediate,RSC,49,0.13095,0.024077
75,CA1-RSC,intermediate,RSC,50,0.126993,0.053135
75,CA1-RSC,intermediate,RSC,51,0.183488,0.053828
75,CA1-RSC,intermediate,RSC,52,0.016084,0.004239
75,CA1-RSC,intermediate,RSC,53,0.0617,0.028097
75,CA1-RSC,intermediate,RSC,54,0.110327,0.020517
75,CA1-RSC,intermediate,RSC,55,0.376695,0.061167
75,CA1-RSC,intermediate,RSC,56,0.038074,0.008745
75,CA1-RSC,intermediate,RSC,57,0.050806,0.009191
75,CA1-RSC,intermediate,RSC,58,0.061044,0.016961
75,CA1-RSC,intermediate,RSC,59,0.139517,0.048978
75,CA1-RSC,intermediate,RSC,60,0.01701,0.004838
75,CA1-RSC,intermediate,RSC,61,0.128966,0.02707
75,CA1-RSC,intermediate,RSC,62,0.409441,0.046135
75,CA1-RSC,intermediate,RSC,63,0.085562,0.03698
75,CA1-RSC,intermediate,RSC,64,0.667986,0.122286
75,CA1-RSC,intermediate,RSC,65,0.009187,0.001471
75,CA1-RSC,intermediate,RSC,66,0.015068,0.003673
75,CA1-RSC,intermediate,RSC,67,0.018996,0.004605
75,CA1-RSC,intermediate,RSC,68,0.096442,0.040834
75,CA1-RSC,intermediate,RSC,69,0.031816,0.008331
75,CA1-RSC,intermediate,RSC,70,0.199132,0.085421
75,CA1-RSC,intermediate,RSC,71,0.061706,0.023745
75,CA1-RSC,intermediate,RSC,72,0.71059,0.145331
75,CA1-RSC,intermediate,RSC,73,0.050663,0.010858
75,CA1-RSC,intermediate,RSC,74,0.716599,0.109953
75,CA1-RSC,intermediate,RSC,75,0.168941,0.050194
75,CA1-RSC,intermediate,RSC,76,0.006307,0.001641
75,CA1-RSC,intermediate,RSC,77,0.048413,0.02291
75,CA1-RSC,intermediate,RSC,78,0.117808,0.051616
75,CA1-RSC,intermediate,RSC,79,0.0,0.0
75,CA1-RSC,intermediate,RSC,80,0.156418,0.043904
75,CA1-RSC,intermediate,RSC,81,0.096504,0.037908
75,CA1-RSC,intermediate,RSC,82,0.122752,0.021157
75,CA1-RSC,intermediate,RSC,83,0.055893,0.021457
75,CA1-RSC,intermediate,RSC,84,0.221472,0.080429
75,CA1-RSC,intermediate,RSC,85,0.191573,0.044016
75,CA1-RSC,intermediate,RSC,86,0.096686,0.030566
75,CA1-RSC,intermediate,RSC,87,0.098433,0.029351
75,CA1-RSC,intermediate,RSC,88,0.136831,0.036336
75,CA1-RSC,intermediate,RSC,89,0.029457,0.006514
75,CA1-RSC,intermediate,RSC,90,0.110806,0.018498
75,CA1-RSC,intermediate,RSC,91,0.136002,0.053381
75,CA1-RSC,intermediate,RSC,92,0.141967,0.035976
75,CA1-RSC,intermediate,RSC,93,0.114509,0.040573
75,CA1-RSC,intermediate,RSC,94,0.001527,0.000283
75,CA1-RSC,intermediate,RSC,95,0.004088,0.000901
75,CA1-RSC,intermediate,RSC,96,0.013027,0.002006
75,CA1-RSC,intermediate,RSC,97,0.09582,0.012064
75,CA1-RSC,intermediate,RSC,98,0.245345,0.026782
75,CA1-RSC,intermediate,RSC,99,0.032729,0.004194
75,CA1-RSC,intermediate,RSC,100,0.039409,0.008279
75,CA1-RSC,intermediate,RSC,101,0.118175,0.018386
75,CA1-RSC,intermediate,RSC,102,0.015676,0.004441
75,CA1-RSC,intermediate,RSC,103,0.198583,0.027793
75,CA1-RSC,intermediate,RSC,104,0.009773,0.003977
75,CA1-RSC,intermediate,RSC,105,0.0,0.0
75,CA1-RSC,intermediate,RSC,106,0.016364,0.002197
75,CA1-RSC,intermediate,RSC,107,0.089134,0.013075
75,CA1-RSC,intermediate,RSC,108,0.044737,0.011083
75,CA1-RSC,intermediate,RSC,109,0.0701,0.010329
75,CA1-RSC,intermediate,RSC,110,0.048269,0.013193
75,CA1-RSC,intermediate,RSC,111,0.587172,0.066167
75,CA1-RSC,intermediate,RSC,112,0.125382,0.04766
75,CA1-RSC,intermediate,RSC,113,0.263641,0.072447
75,CA1-RSC,intermediate,RSC,114,0.718672,0.033933
75,CA1-RSC,intermediate,RSC,115,0.28116,0.050932
75,CA1-RSC,intermediate,RSC,116,0.007665,0.001839
75,CA1-RSC,intermediate,RSC,117,0.100355,0.008565
75,CA1-RSC,intermediate,RSC,118,0.163552,0.044487
75,CA1-RSC,intermediate,RSC,119,0.015345,0.002342
75,CA1-RSC,intermediate,RSC,120,0.038951,0.012255
75,CA1-RSC,intermediate,RSC,121,0.252611,0.042164
75,CA1-RSC,intermediate,RSC,122,0.104571,0.022527
75,CA1-RSC,intermediate,RSC,123,0.189343,0.078794
75,CA1-RSC,intermediate,RSC,124,0.12518,0.029775
75,CA1-RSC,intermediate,RSC,125,0.020064,0.005061
75,CA1-RSC,intermediate,RSC,126,0.029294,0.005591
75,CA1-RSC,intermediate,RSC,127,0.306575,0.129334
75,CA1-RSC,intermediate,RSC,128,0.055119,0.012552
75,CA1-RSC,intermediate,RSC,129,0.109801,0.042775
75,CA1-RSC,intermediate,RSC,130,0.694816,0.066945
75,CA1-RSC,intermediate,RSC,131,0.177042,0.026158
75,CA1-RSC,intermediate,RSC,132,0.108433,0.040188
75,CA1-RSC,intermediate,RSC,133,0.202178,0.032307
75,CA1-RSC,intermediate,RSC,134,0.074289,0.01708
75,CA1-RSC,intermediate,RSC,135,0.025169,0.011559
75,CA1-RSC,intermediate,RSC,136,0.026437,0.010859
75,CA1-RSC,intermediate,RSC,137,0.035579,0.009983
75,CA1-RSC,intermediate,RSC,138,0.034687,0.010392
75,CA1-RSC,intermediate,RSC,139,0.104859,0.026417
75,CA1-RSC,intermediate,RSC,140,0.089168,0.014104
75,CA1-RSC,intermediate,RSC,141,0.110661,0.038814
75,CA1-RSC,intermediate,RSC,142,0.102816,0.030012
75,CA1-RSC,intermediate,RSC,143,0.080349,0.015392
75,CA1-RSC,intermediate,RSC,144,0.026283,0.004277
75,CA1-RSC,intermediate,RSC,145,0.0,0.0
75,CA1-RSC,intermediate,RSC,146,0.538114,0.104738
75,CA1-RSC,intermediate,RSC,147,0.125539,0.015224
75,CA1-RSC,intermediate,RSC,148,0.098643,0.03862
75,CA1-RSC,intermediate,RSC,149,0.010989,0.001339
75,CA1-RSC,intermediate,RSC,150,0.182549,0.026037
75,CA1-RSC,intermediate,RSC,151,0.067661,0.027191
75,CA1-RSC,intermediate,RSC,152,0.004987,0.00088
75,CA1-RSC,intermediate,RSC,153,0.005049,0.000754
75,CA1-RSC,intermediate,RSC,154,0.019328,0.00457
75,CA1-RSC,intermediate,RSC,155,0.014464,0.003623
75,CA1-RSC,intermediate,RSC,156,0.107001,0.041863
75,CA1-RSC,intermediate,RSC,157,0.563776,0.044266
75,CA1-RSC,intermediate,RSC,158,0.030893,0.012123
75,CA1-RSC,intermediate,RSC,159,0.223635,0.055463
75,CA1-RSC,intermediate,RSC,160,0.110673,0.028576
75,CA1-RSC,intermediate,RSC,161,0.681498,0.128276
75,CA1-RSC,intermediate,RSC,162,0.038205,0.006746
75,CA1-RSC,intermediate,RSC,163,0.062662,0.013916
75,CA1-RSC,intermediate,RSC,164,0.110779,0.04372
75,CA1-RSC,intermediate,RSC,165,0.191191,0.090807
75,CA1-RSC,intermediate,RSC,166,0.064474,0.026116
75,CA1-RSC,intermediate,RSC,167,0.044833,0.003925
75,CA1-RSC,intermediate,RSC,168,0.040979,0.007246
75,CA1-RSC,intermediate,RSC,169,0.082709,0.021183
75,CA1-RSC,intermediate,RSC,170,0.204478,0.06383
75,CA1-RSC,intermediate,RSC,171,0.099705,0.023212
75,CA1-RSC,intermediate,RSC,172,0.00843,0.00383
75,CA1-RSC,intermediate,RSC,173,0.063688,0.022798
75,CA1-RSC,intermediate,RSC,174,0.197998,0.045941
75,CA1-RSC,intermediate,RSC,175,0.110386,0.043529
75,CA1-RSC,intermediate,RSC,176,0.10121,0.02649
75,CA1-RSC,intermediate,RSC,177,0.067155,0.019631
75,CA1-RSC,intermediate,RSC,178,0.17906,0.061013
75,CA1-RSC,intermediate,RSC,179,0.170008,0.054215
75,CA1-RSC,intermediate,RSC,180,0.171526,0.067594
75,CA1-RSC,intermediate,RSC,181,0.038048,0.009767
75,CA1-RSC,intermediate,RSC,182,0.547236,0.181135
75,CA1-RSC,intermediate,RSC,183,0.008239,0.002589
75,CA1-RSC,intermediate,RSC,184,0.221601,0.07532
75,CA1-RSC,intermediate,RSC,185,0.406727,0.131852
75,CA1-RSC,intermediate,RSC,186,0.182228,0.049165
75,CA1-RSC,intermediate,RSC,187,0.447612,0.111942
75,CA1-RSC,intermediate,RSC,188,0.092582,0.027194
75,CA1-RSC,intermediate,RSC,189,0.205849,0.07597
75,CA1-RSC,intermediate,RSC,190,0.070137,0.011396
75,CA1-RSC,intermediate,RSC,191,0.016784,0.007023
75,CA1-RSC,intermediate,RSC,192,0.004189,0.001883
75,CA1-RSC,intermediate,RSC,193,0.061562,0.0144
75,CA1-RSC,intermediate,RSC,194,0.012457,0.002974
75,CA1-RSC,intermediate,RSC,195,0.020354,0.004272
75,CA1-RSC,expert,CA1,0,1.08664,0.101317
75,CA1-RSC,expert,CA1,1,1.229184,0.051153
75,CA1-RSC,expert,CA1,2,1.001028,0.100573
75,CA1-RSC,expert,CA1,3,0.015842,0.001507
75,CA1-RSC,expert,CA1,4,0.177686,0.015983
75,CA1-RSC,expert,CA1,5,1.077862,0.105976
75,CA1-RSC,expert,CA1,6,0.036086,0.004528
75,CA1-RSC,expert,CA1,7,1.133621,0.109783
75,CA1-RSC,expert,CA1,8,1.022825,0.102291
75,CA1-RSC,expert,CA1,9,1.018156,0.15116
75,CA1-RSC,expert,CA1,10,0.923073,0.046283
75,CA1-RSC,expert,CA1,11,0.049577,0.002887
75,CA1-RSC,expert,CA1,12,1.26347,0.143458
75,CA1-RSC,expert,CA1,13,1.171977,0.149286
75,CA1-RSC,expert,CA1,14,0.962965,0.11345
75,CA1-RSC,expert,CA1,15,0.775839,0.189645
75,CA1-RSC,expert,CA1,16,1.033019,0.120836
75,CA1-RSC,expert,CA1,17,0.937925,0.083182
75,CA1-RSC,expert,CA1,18,1.237847,0.090479
75,CA1-RSC,expert,CA1,19,1.194587,0.062428
75,CA1-RSC,expert,CA1,20,0.995217,0.109919
75,CA1-RSC,expert,CA1,21,1.078979,0.166637
75,CA1-RSC,expert,CA1,22,0.839855,0.066024
75,CA1-RSC,expert,CA1,23,0.934344,0.089563
75,CA1-RSC,expert,CA1,24,0.051646,0.002472
75,CA1-RSC,expert,RSC,0,0.103713,0.010895
75,CA1-RSC,expert,RSC,1,0.081467,0.011065
75,CA1-RSC,expert,RSC,2,0.085279,0.014849
75,CA1-RSC,expert,RSC,3,0.069937,0.008887
75,CA1-RSC,expert,RSC,4,0.030981,0.004871
75,CA1-RSC,expert,RSC,5,0.027434,0.00414
75,CA1-RSC,expert,RSC,6,0.28886,0.052221
75,CA1-RSC,expert,RSC,7,0.06366,0.005916
75,CA1-RSC,expert,RSC,8,0.045276,0.006522
75,CA1-RSC,expert,RSC,9,0.014817,0.001402
75,CA1-RSC,expert,RSC,10,0.020867,0.001642
75,CA1-RSC,expert,RSC,11,0.11356,0.017639
75,CA1-RSC,expert,RSC,12,0.057697,0.006873
75,CA1-RSC,expert,RSC,13,0.0633,0.010076
75,CA1-RSC,expert,RSC,14,0.073671,0.009386
75,CA1-RSC,expert,RSC,15,0.0,0.0
75,CA1-RSC,expert,RSC,16,0.082758,0.009529
75,CA1-RSC,expert,RSC,17,0.035114,0.004898
75,CA1-RSC,expert,RSC,18,0.059423,0.009578
75,CA1-RSC,expert,RSC,19,0.015151,0.001438
75,CA1-RSC,expert,RSC,20,0.119536,0.017401
75,CA1-RSC,expert,RSC,21,0.032533,0.005161
75,CA1-RSC,expert,RSC,22,0.101823,0.005884
75,CA1-RSC,expert,RSC,23,0.143836,0.011167
75,CA1-RSC,expert,RSC,24,0.047945,0.007272
75,CA1-RSC,expert,RSC,25,0.107002,0.017035
75,CA1-RSC,expert,RSC,26,0.013259,0.000836
75,CA1-RSC,expert,RSC,27,0.056321,0.005078
75,CA1-RSC,expert,RSC,28,0.172234,0.02609
75,CA1-RSC,expert,RSC,29,0.111348,0.009842
75,CA1-RSC,expert,RSC,30,0.725425,0.04669
75,CA1-RSC,expert,RSC,31,0.015515,0.001532
75,CA1-RSC,expert,RSC,32,0.088031,0.006629
75,CA1-RSC,expert,RSC,33,0.023468,0.003873
75,CA1-RSC,expert,RSC,34,0.00443,0.000406
75,CA1-RSC,expert,RSC,35,0.074211,0.006599
75,CA1-RSC,expert,RSC,36,0.288593,0.050751
75,CA1-RSC,expert,RSC,37,0.0,0.0
75,CA1-RSC,expert,RSC,38,0.295248,0.061088
75,CA1-RSC,expert,RSC,39,0.0,0.0
75,CA1-RSC,expert,RSC,40,0.072071,0.008728
75,CA1-RSC,expert,RSC,41,0.147439,0.008321
75,CA1-RSC,expert,RSC,42,0.131054,0.019594
75,CA1-RSC,expert,RSC,43,0.717697,0.053738
75,CA1-RSC,expert,RSC,44,0.013111,0.001795
75,CA1-RSC,expert,RSC,45,0.27108,0.044466
75,CA1-RSC,expert,RSC,46,0.077032,0.013929
75,CA1-RSC,expert,RSC,47,0.130801,0.019002
75,CA1-RSC,expert,RSC,48,0.198535,0.0218
75,CA1-RSC,expert,RSC,49,0.132798,0.014096
75,CA1-RSC,expert,RSC,50,0.085623,0.014295
75,CA1-RSC,expert,RSC,51,0.137099,0.016696
75,CA1-RSC,expert,RSC,52,0.026457,0.001954
75,CA1-RSC,expert,RSC,53,0.057132,0.005115
75,CA1-RSC,expert,RSC,54,0.19278,0.011749
75,CA1-RSC,expert,RSC,55,0.0,0.0
75,CA1-RSC,expert,RSC,56,0.088698,0.009092
75,CA1-RSC,expert,RSC,57,0.058581,0.004635
75,CA1-RSC,expert,RSC,58,0.03786,0.005673
75,CA1-RSC,expert,RSC,59,0.125828,0.02052
75,CA1-RSC,expert,RSC,60,0.045441,0.003681
75,CA1-RSC,expert,RSC,61,0.085268,0.015566
75,CA1-RSC,expert,RSC,62,0.454038,0.069992
75,CA1-RSC,expert,RSC,63,0.093886,0.009409
75,CA1-RSC,expert,RSC,64,0.02081,0.002784
75,CA1-RSC,expert,RSC,65,0.016832,0.002562
75,CA1-RSC,expert,RSC,66,0.028225,0.002098
75,CA1-RSC,expert,RSC,67,0.733706,0.070559
75,CA1-RSC,expert,RSC,68,0.317709,0.065973
75,CA1-RSC,expert,RSC,69,0.025936,0.002892
75,CA1-RSC,expert,RSC,70,0.20076,0.031553
75,CA1-RSC,expert,RSC,71,0.719544,0.066923
75,CA1-RSC,expert,RSC,72,0.323217,0.046002
75,CA1-RSC,expert,RSC,73,0.686125,0.061809
75,CA1-RSC,expert,RSC,74,0.069576,0.011531
75,CA1-RSC,expert,RSC,75,0.071629,0.011282
75,CA1-RSC,expert,RSC,76,0.025583,0.001559
75,CA1-RSC,expert,RSC,77,0.036749,0.006728
75,CA1-RSC,expert,RSC,78,0.13243,0.028342
75,CA1-RSC,expert,RSC,79,0.761086,0.043008
75,CA1-RSC,expert,RSC,80,0.190261,0.026979
75,CA1-RSC,expert,RSC,81,0.123054,0.016661
75,CA1-RSC,expert,RSC,82,0.184368,0.026651
75,CA1-RSC,expert,RSC,83,0.040237,0.004631
75,CA1-RSC,expert,RSC,84,0.219478,0.027523
75,CA1-RSC,expert,RSC,85,0.241248,0.024943
75,CA1-RSC,expert,RSC,86,0.123556,0.017118
75,CA1-RSC,expert,RSC,87,0.134393,0.018175
75,CA1-RSC,expert,RSC,88,0.211436,0.02092
75,CA1-RSC,expert,RSC,89,0.085903,0.008079
75,CA1-RSC,expert,RSC,90,0.150723,0.022095
75,CA1-RSC,expert,RSC,91,0.239995,0.034038
75,CA1-RSC,expert,RSC,92,0.165429,0.022554
75,CA1-RSC,expert,RSC,93,0.154471,0.018324
75,CA1-RSC,expert,RSC,94,0.009933,0.001415
75,CA1-RSC,expert,RSC,95,0.00849,0.001638
75,CA1-RSC,expert,RSC,96,0.026549,0.003336
75,CA1-RSC,expert,RSC,97,0.08222,0.010895
75,CA1-RSC,expert,RSC,98,0.252976,0.045002
75,CA1-RSC,expert,RSC,99,0.084036,0.009285
75,CA1-RSC,expert,RSC,100,0.108322,0.010097
75,CA1-RSC,expert,RSC,101,0.078924,0.007883
75,CA1-RSC,expert,RSC,102,0.051467,0.00419
75,CA1-RSC,expert,RSC,103,0.12264,0.016775
75,CA1-RSC,expert,RSC,104,0.003317,0.00056
75,CA1-RSC,expert,RSC,105,0.599441,0.044046
75,CA1-RSC,expert,RSC,106,0.017819,0.003923
75,CA1-RSC,expert,RSC,107,0.179928,0.023569
75,CA1-RSC,expert,RSC,108,0.050212,0.007348
75,CA1-RSC,expert,RSC,109,0.078245,0.014406
75,CA1-RSC,expert,RSC,110,0.060263,0.010004
75,CA1-RSC,expert,RSC,111,0.062216,0.008358
75,CA1-RSC,expert,RSC,112,0.130735,0.022312
75,CA1-RSC,expert,RSC,113,0.057068,0.009461
75,CA1-RSC,expert,RSC,114,0.0,0.0
75,CA1-RSC,expert,RSC,115,0.114308,0.017823
75,CA1-RSC,expert,RSC,116,0.070231,0.006493
75,CA1-RSC,expert,RSC,117,0.09437,0.018714
75,CA1-RSC,expert,RSC,118,0.075155,0.01312
75,CA1-RSC,expert,RSC,119,0.005111,0.000537
75,CA1-RSC,expert,RSC,120,0.082872,0.004267
75,CA1-RSC,expert,RSC,121,0.027488,0.003171
75,CA1-RSC,expert,RSC,122,0.140161,0.019065
75,CA1-RSC,expert,RSC,123,0.251499,0.037508
75,CA1-RSC,expert,RSC,124,0.091151,0.00933
75,CA1-RSC,expert,RSC,125,0.067558,0.007428
75,CA1-RSC,expert,RSC,126,0.753587,0.06553
75,CA1-RSC,expert,RSC,127,0.687158,0.060599
75,CA1-RSC,expert,RSC,128,0.120713,0.020186
75,CA1-RSC,expert,RSC,129,0.16099,0.027026
75,CA1-RSC,expert,RSC,130,0.0,0.0
75,CA1-RSC,expert,RSC,131,0.708557,0.055771
75,CA1-RSC,expert,RSC,132,0.161985,0.036013
75,CA1-RSC,expert,RSC,133,0.077189,0.011127
75,CA1-RSC,expert,RSC,134,0.154025,0.025788
75,CA1-RSC,expert,RSC,135,0.21279,0.021801
75,CA1-RSC,expert,RSC,136,0.146848,0.025612
75,CA1-RSC,expert,RSC,137,0.050678,0.005972
75,CA1-RSC,expert,RSC,138,0.04958,0.003884
75,CA1-RSC,expert,RSC,139,0.11446,0.011371
75,CA1-RSC,expert,RSC,140,0.184937,0.024436
75,CA1-RSC,expert,RSC,141,0.143786,0.016642
75,CA1-RSC,expert,RSC,142,0.090928,0.011624
75,CA1-RSC,expert,RSC,143,0.081622,0.014636
75,CA1-RSC,expert,RSC,144,0.007651,0.001291
75,CA1-RSC,expert,RSC,145,0.0,0.0
75,CA1-RSC,expert,RSC,146,0.075823,0.010104
75,CA1-RSC,expert,RSC,147,0.046959,0.004192
75,CA1-RSC,expert,RSC,148,0.079759,0.012901
75,CA1-RSC,expert,RSC,149,0.012748,0.001917
75,CA1-RSC,expert,RSC,150,0.021928,0.001515
75,CA1-RSC,expert,RSC,151,0.047177,0.009194
75,CA1-RSC,expert,RSC,152,0.086523,0.009977
75,CA1-RSC,expert,RSC,153,0.011404,0.001245
75,CA1-RSC,expert,RSC,154,0.05214,0.005128
75,CA1-RSC,expert,RSC,155,0.734359,0.020156
75,CA1-RSC,expert,RSC,156,0.255507,0.044896
75,CA1-RSC,expert,RSC,157,0.703997,0.066841
75,CA1-RSC,expert,RSC,158,0.678112,0.033168
75,CA1-RSC,expert,RSC,159,0.146422,0.01585
75,CA1-RSC,expert,RSC,160,0.260005,0.031579
75,CA1-RSC,expert,RSC,161,0.081179,0.014412
75,CA1-RSC,expert,RSC,162,0.03259,0.003034
75,CA1-RSC,expert,RSC,163,0.049694,0.009768
75,CA1-RSC,expert,RSC,164,0.138146,0.020218
75,CA1-RSC,expert,RSC,165,0.230788,0.029297
75,CA1-RSC,expert,RSC,166,0.083033,0.010196
75,CA1-RSC,expert,RSC,167,0.06698,0.009727
75,CA1-RSC,expert,RSC,168,0.084005,0.009148
75,CA1-RSC,expert,RSC,169,0.093353,0.008646
75,CA1-RSC,expert,RSC,170,0.258588,0.030378
75,CA1-RSC,expert,RSC,171,0.122872,0.01675
75,CA1-RSC,expert,RSC,172,0.035362,0.003029
75,CA1-RSC,expert,RSC,173,0.066758,0.009481
75,CA1-RSC,expert,RSC,174,0.102738,0.012764
75,CA1-RSC,expert,RSC,175,0.157538,0.036885
75,CA1-RSC,expert,RSC,176,0.115427,0.018693
75,CA1-RSC,expert,RSC,177,0.133953,0.012206
75,CA1-RSC,expert,RSC,178,0.245077,0.030086
75,CA1-RSC,expert,RSC,179,0.163369,0.030792
75,CA1-RSC,expert,RSC,180,0.244259,0.017276
75,CA1-RSC,expert,RSC,181,0.033467,0.003874
75,CA1-RSC,expert,RSC,182,0.51447,0.096443
75,CA1-RSC,expert,RSC,183,0.029081,0.003535
75,CA1-RSC,expert,RSC,184,0.159421,0.033157
75,CA1-RSC,expert,RSC,185,0.52904,0.102637
75,CA1-RSC,expert,RSC,186,0.318706,0.034551
75,CA1-RSC,expert,RSC,187,0.205099,0.033773
75,CA1-RSC,expert,RSC,188,0.143616,0.019088
75,CA1-RSC,expert,RSC,189,0.577098,0.065767
75,CA1-RSC,expert,RSC,190,0.101201,0.013446
75,CA1-RSC,expert,RSC,191,0.064023,0.013346
75,CA1-RSC,expert,RSC,192,0.74084,0.102576
75,CA1-RSC,expert,RSC,193,0.076984,0.008951
75,CA1-RSC,expert,RSC,194,0.104373,0.008102
75,CA1-RSC,expert,RSC,195,0.046015,0.005871
75,CA1-DG,naive,CA1,0,1.04773,0.306225
75,CA1-DG,naive,CA1,1,0.777655,0.162717
75,CA1-DG,naive,CA1,2,1.08087,0.266707
75,CA1-DG,naive,CA1,3,0.009833,0.003298
75,CA1-DG,naive,CA1,4,1.343874,0.345835
75,CA1-DG,naive,CA1,5,0.996824,0.64606
75,CA1-DG,naive,CA1,6,0.919141,0.173362
75,CA1-DG,naive,CA1,7,1.15403,0.258219
75,CA1-DG,naive,CA1,8,0.9905,0.318678
75,CA1-DG,naive,CA1,9,0.983996,0.239389
75,CA1-DG,naive,CA1,10,1.222349,0.35463
75,CA1-DG,naive,CA1,11,1.32451,0.267939
75,CA1-DG,naive,CA1,12,0.00792,0.002208
75,CA1-DG,naive,CA1,13,0.141576,0.03157
75,CA1-DG,naive,CA1,14,1.039023,0.271189
75,CA1-DG,naive,CA1,15,0.039054,0.010811
75,CA1-DG,naive,CA1,16,0.9982,0.338185
75,CA1-DG,naive,CA1,17,1.021918,0.24308
75,CA1-DG,naive,CA1,18,0.864207,0.169076
75,CA1-DG,naive,CA1,19,0.985524,0.248441
75,CA1-DG,naive,CA1,20,0.963542,0.227857
75,CA1-DG,naive,CA1,21,1.091778,0.220079
75,CA1-DG,naive,CA1,22,0.894708,0.236093
75,CA1-DG,naive,CA1,23,1.027392,0.212997
75,CA1-DG,naive,CA1,24,1.264321,0.231845
75,CA1-DG,naive,DG,0,0.789383,0.330164
75,CA1-DG,naive,DG,1,0.213529,0.137266
75,CA1-DG,naive,DG,2,0.047745,0.02183
75,CA1-DG,naive,DG,3,0.324832,0.112193
75,CA1-DG,naive,DG,4,0.219073,0.166138
75,CA1-DG,naive,DG,5,0.390656,0.207298
75,CA1-DG,naive,DG,6,0.833784,0.161938
75,CA1-DG,naive,DG,7,0.01622,0.007304
75,CA1-DG,naive,DG,8,0.466672,0.146942
75,CA1-DG,naive,DG,9,0.738223,0.146707
75,CA1-DG,naive,DG,10,0.020201,0.006211
75,CA1-DG,naive,DG,11,0.030863,0.010202
75,CA1-DG,naive,DG,12,0.161015,0.020238
75,CA1-DG,naive,DG,13,0.747575,0.094652
75,CA1-DG,naive,DG,14,0.087258,0.02788
75,CA1-DG,naive,DG,15,0.107433,0.015781
75,CA1-DG,naive,DG,16,0.357217,0.142898
75,CA1-DG,naive,DG,17,0.673586,0.082377
75,CA1-DG,naive,DG,18,0.782136,0.17172
75,CA1-DG,naive,DG,19,0.705155,0.098535
75,CA1-DG,naive,DG,20,0.208001,0.024819
75,CA1-DG,naive,DG,21,0.340695,0.145841
75,CA1-DG,naive,DG,22,0.013721,0.005127
75,CA1-DG,naive,DG,23,0.237094,0.048859
75,CA1-DG,naive,DG,24,0.490793,0.126559
75,CA1-DG,naive,DG,25,0.302861,0.086992
75,CA1-DG,naive,DG,26,0.043529,0.019265
75,CA1-DG,naive,DG,27,0.87076,0.165913
75,CA1-DG,naive,DG,28,0.524705,0.13783
75,CA1-DG,naive,DG,29,0.581916,0.149603
75,CA1-DG,naive,DG,30,0.451599,0.101132
75,CA1-DG,naive,DG,31,0.010855,0.00353
75,CA1-DG,naive,DG,32,0.749863,0.147194
75,CA1-DG,naive,DG,33,0.798834,0.150164
75,CA1-DG,naive,DG,34,0.151011,0.031892
75,CA1-DG,naive,DG,35,0.005272,0.001633
75,CA1-DG,naive,DG,36,0.516504,0.115988
75,CA1-DG,naive,DG,37,0.125258,0.06593
75,CA1-DG,naive,DG,38,0.023065,0.005551
75,CA1-DG,naive,DG,39,0.010739,0.003872
75,CA1-DG,naive,DG,40,0.033789,0.014874
75,CA1-DG,naive,DG,41,0.01006,0.002309
75,CA1-DG,naive,DG,42,0.006393,0.001523
75,CA1-DG,naive,DG,43,0.0,0.0
75,CA1-DG,naive,DG,44,0.076609,0.021764
75,CA1-DG,naive,DG,45,0.066508,0.016469
75,CA1-DG,naive,DG,46,0.015667,0.004444
75,CA1-DG,naive,DG,47,0.0,0.0
75,CA1-DG,naive,DG,48,0.25467,0.189957
75,CA1-DG,naive,DG,49,0.856025,0.120172
75,CA1-DG,naive,DG,50,0.004972,0.002204
75,CA1-DG,naive,DG,51,0.276114,0.208052
75,CA1-DG,naive,DG,52,0.188851,0.128368
75,CA1-DG,naive,DG,53,0.737179,0.203774
75,CA1-DG,naive,DG,54,0.0,0.0
75,CA1-DG,naive,DG,55,0.461734,0.133841
75,CA1-DG,naive,DG,56,0.711818,0.213089
75,CA1-DG,naive,DG,57,0.242669,0.186522
75,CA1-DG,naive,DG,58,0.229552,0.114733
75,CA1-DG,naive,DG,59,0.019545,0.006531
75,CA1-DG,naive,DG,60,0.088894,0.032575
75,CA1-DG,naive,DG,61,0.864726,0.20109
75,CA1-DG,intermediate,CA1,0,1.05169,0.132302
75,CA1-DG,intermediate,CA1,1,1.119332,0.095889
75,CA1-DG,intermediate,CA1,2,1.016315,0.156595
75,CA1-DG,intermediate,CA1,3,0.019376,0.001241
75,CA1-DG,intermediate,CA1,4,1.341486,0.164878
75,CA1-DG,intermediate,CA1,5,1.06699,0.348826
75,CA1-DG,intermediate,CA1,6,1.206126,0.096605
75,CA1-DG,intermediate,CA1,7,1.128815,0.108809
75,CA1-DG,intermediate,CA1,8,1.018329,0.098261
75,CA1-DG,intermediate,CA1,9,1.014417,0.215791
75,CA1-DG,intermediate,CA1,10,0.98371,0.165762
75,CA1-DG,intermediate,CA1,11,0.072516,0.008153
75,CA1-DG,intermediate,CA1,12,0.017374,0.002022
75,CA1-DG,intermediate,CA1,13,0.014126,0.002299
75,CA1-DG,intermediate,CA1,14,0.93635,0.079348
75,CA1-DG,intermediate,CA1,15,0.742657,0.035345
75,CA1-DG,intermediate,CA1,16,1.014922,0.142021
75,CA1-DG,intermediate,CA1,17,0.9694,0.090843
75,CA1-DG,intermediate,CA1,18,1.003573,0.060409
75,CA1-DG,intermediate,CA1,19,1.143628,0.093323
75,CA1-DG,intermediate,CA1,20,0.935756,0.051503
75,CA1-DG,intermediate,CA1,21,0.981096,0.145407
75,CA1-DG,intermediate,CA1,22,0.95673,0.201947
75,CA1-DG,intermediate,CA1,23,1.171427,0.097945
75,CA1-DG,intermediate,CA1,24,0.018605,0.002132
75,CA1-DG,intermediate,DG,0,0.307732,0.061052
75,CA1-DG,intermediate,DG,1,0.161043,0.046836
75,CA1-DG,intermediate,DG,2,0.891035,0.141416
75,CA1-DG,intermediate,DG,3,0.909627,0.13675
75,CA1-DG,intermediate,DG,4,0.284012,0.096909
75,CA1-DG,intermediate,DG,5,0.383345,0.102173
75,CA1-DG,intermediate,DG,6,0.006489,0.000606
75,CA1-DG,intermediate,DG,7,0.037375,0.004875
75,CA1-DG,intermediate,DG,8,0.881306,0.062768
75,CA1-DG,intermediate,DG,9,0.256915,0.025263
75,CA1-DG,intermediate,DG,10,0.003543,0.00072
75,CA1-DG,intermediate,DG,11,0.055274,0.008279
75,CA1-DG,intermediate,DG,12,0.896059,0.067816
75,CA1-DG,intermediate,DG,13,0.310659,0.042222
75,CA1-DG,intermediate,DG,14,0.020549,0.001807
75,CA1-DG,intermediate,DG,15,0.055239,0.004626
75,CA1-DG,intermediate,DG,16,0.598049,0.156916
75,CA1-DG,intermediate,DG,17,0.96733,0.055883
75,CA1-DG,intermediate,DG,18,0.175703,0.010993
75,CA1-DG,intermediate,DG,19,0.916283,0.052639
75,CA1-DG,intermediate,DG,20,0.255336,0.020626
75,CA1-DG,intermediate,DG,21,0.452507,0.106058
75,CA1-DG,intermediate,DG,22,0.018904,0.001386
75,CA1-DG,intermediate,DG,23,0.007747,0.000929
75,CA1-DG,intermediate,DG,24,0.697374,0.124603
75,CA1-DG,intermediate,DG,25,0.553757,0.100804
75,CA1-DG,intermediate,DG,26,0.083893,0.00717
75,CA1-DG,intermediate,DG,27,0.014056,0.00221
75,CA1-DG,intermediate,DG,28,0.0,0.0
75,CA1-DG,intermediate,DG,29,0.796742,0.058298
75,CA1-DG,intermediate,DG,30,0.908629,0.036897
75,CA1-DG,intermediate,DG,31,0.004271,0.000484
75,CA1-DG,intermediate,DG,32,0.031798,0.003279
75,CA1-DG,intermediate,DG,33,0.789914,0.108915
75,CA1-DG,intermediate,DG,34,0.039082,0.005695
75,CA1-DG,intermediate,DG,35,0.161244,0.01704
75,CA1-DG,intermediate,DG,36,0.039212,0.003283
75,CA1-DG,intermediate,DG,37,0.908796,0.101725
75,CA1-DG,intermediate,DG,38,0.008913,0.001504
75,CA1-DG,intermediate,DG,39,0.746408,0.047185
75,CA1-DG,intermediate,DG,40,0.904164,0.091898
75,CA1-DG,intermediate,DG,41,0.876928,0.075832
75,CA1-DG,intermediate,DG,42,0.04687,0.005986
75,CA1-DG,intermediate,DG,43,0.80554,0.132405
75,CA1-DG,intermediate,DG,44,0.076965,0.014788
75,CA1-DG,intermediate,DG,45,0.060158,0.01286
75,CA1-DG,intermediate,DG,46,0.149024,0.011699
75,CA1-DG,intermediate,DG,47,0.057586,0.004347
75,CA1-DG,intermediate,DG,48,0.311681,0.112882
75,CA1-DG,intermediate,DG,49,0.850563,0.087106
75,CA1-DG,intermediate,DG,50,0.031551,0.002224
75,CA1-DG,intermediate,DG,51,0.302265,0.104054
75,CA1-DG,intermediate,DG,52,0.523111,0.111702
75,CA1-DG,intermediate,DG,53,0.0,0.0
75,CA1-DG,intermediate,DG,54,0.366083,0.005602
75,CA1-DG,intermediate,DG,55,0.63106,0.081992
75,CA1-DG,intermediate,DG,56,0.0,0.0
75,CA1-DG,intermediate,DG,57,0.29134,0.104256
75,CA1-DG,intermediate,DG,58,0.262771,0.05202
75,CA1-DG,intermediate,DG,59,0.018164,0.002973
75,CA1-DG,intermediate,DG,60,0.118823,0.013697
75,CA1-DG,intermediate,DG,61,0.099743,0.009887
75,CA1-DG,expert,CA1,0,1.09396,0.087163
75,CA1-DG,expert,CA1,1,1.230583,0.090291
75,CA1-DG,expert,CA1,2,1.004963,0.128931
75,CA1-DG,expert,CA1,3,0.016013,0.001694
75,CA1-DG,expert,CA1,4,0.173362,0.014723
75,CA1-DG,expert,CA1,5,1.070876,0.208707
75,CA1-DG,expert,CA1,6,0.034901,0.004813
75,CA1-DG,expert,CA1,7,1.140737,0.087531
75,CA1-DG,expert,CA1,8,1.028002,0.175607
75,CA1-DG,expert,CA1,9,1.025219,0.234671
75,CA1-DG,expert,CA1,10,0.926666,0.132829
75,CA1-DG,expert,CA1,11,0.048152,0.00448
75,CA1-DG,expert,CA1,12,1.271353,0.126434
75,CA1-DG,expert,CA1,13,1.177971,0.138941
75,CA1-DG,expert,CA1,14,0.96859,0.101738
75,CA1-DG,expert,CA1,15,0.790824,0.12276
75,CA1-DG,expert,CA1,16,1.044964,0.167797
75,CA1-DG,expert,CA1,17,0.940713,0.116412
75,CA1-DG,expert,CA1,18,1.243274,0.143167
75,CA1-DG,expert,CA1,19,1.197504,0.080187
75,CA1-DG,expert,CA1,20,1.001782,0.092784
75,CA1-DG,expert,CA1,21,1.091724,0.141653
75,CA1-DG,expert,CA1,22,0.845002,0.079739
75,CA1-DG,expert,CA1,23,0.939307,0.097609
75,CA1-DG,expert,CA1,24,0.052989,0.005358
75,CA1-DG,expert,DG,0,0.09385,0.01577
75,CA1-DG,expert,DG,1,0.159714,0.027664
75,CA1-DG,expert,DG,2,0.867015,0.104722
75,CA1-DG,expert,DG,3,0.902661,0.140297
75,CA1-DG,expert,DG,4,0.298253,0.059321
75,CA1-DG,expert,DG,5,0.25302,0.037904
75,CA1-DG,expert,DG,6,0.013764,0.001657
75,CA1-DG,expert,DG,7,0.041337,0.006727
75,CA1-DG,expert,DG,8,0.928108,0.081446
75,CA1-DG,expert,DG,9,0.027579,0.003938
75,CA1-DG,expert,DG,10,0.021972,0.004372
75,CA1-DG,expert,DG,11,0.009398,0.00145
75,CA1-DG,expert,DG,12,0.301613,0.02557
75,CA1-DG,expert,DG,13,0.151077,0.017711
75,CA1-DG,expert,DG,14,0.014398,0.002198
75,CA1-DG,expert,DG,15,0.018165,0.001458
75,CA1-DG,expert,DG,16,0.595714,0.116969
75,CA1-DG,expert,DG,17,0.023708,0.003799
75,CA1-DG,expert,DG,18,0.030816,0.004105
75,CA1-DG,expert,DG,19,0.047446,0.006152
75,CA1-DG,expert,DG,20,0.211727,0.022403
75,CA1-DG,expert,DG,21,0.512017,0.103363
75,CA1-DG,expert,DG,22,0.00524,0.000572
75,CA1-DG,expert,DG,23,0.02988,0.002702
75,CA1-DG,expert,DG,24,0.717308,0.151433
75,CA1-DG,expert,DG,25,0.542592,0.107667
75,CA1-DG,expert,DG,26,0.996471,0.084406
75,CA1-DG,expert,DG,27,0.587978,0.07
75,CA1-DG,expert,DG,28,0.0,0.0
75,CA1-DG,expert,DG,29,1.015451,0.130994
75,CA1-DG,expert,DG,30,0.962407,0.101102
75,CA1-DG,expert,DG,31,0.025381,0.003851
75,CA1-DG,expert,DG,32,0.21133,0.039087
75,CA1-DG,expert,DG,33,0.922543,0.052101
75,CA1-DG,expert,DG,34,0.037099,0.006203
75,CA1-DG,expert,DG,35,0.647246,0.071229
75,CA1-DG,expert,DG,36,0.024944,0.003909
75,CA1-DG,expert,DG,37,0.935782,0.147419
75,CA1-DG,expert,DG,38,0.00372,0.000667
75,CA1-DG,expert,DG,39,0.8764,0.060038
75,CA1-DG,expert,DG,40,0.132408,0.014264
75,CA1-DG,expert,DG,41,1.009153,0.120752
75,CA1-DG,expert,DG,42,1.013826,0.091822
75,CA1-DG,expert,DG,43,0.025169,0.002596
75,CA1-DG,expert,DG,44,0.0,0.0
75,CA1-DG,expert,DG,45,0.097327,0.010921
75,CA1-DG,expert,DG,46,0.5577,0.041142
75,CA1-DG,expert,DG,47,0.0,0.0
75,CA1-DG,expert,DG,48,0.298421,0.062285
75,CA1-DG,expert,DG,49,0.842229,0.04018
75,CA1-DG,expert,DG,50,0.663721,0.066837
75,CA1-DG,expert,DG,51,0.30386,0.05613
75,CA1-DG,expert,DG,52,0.672004,0.091471
75,CA1-DG,expert,DG,53,0.0,0.0
75,CA1-DG,expert,DG,54,0.0,0.0
75,CA1-DG,expert,DG,55,0.0,0.0
75,CA1-DG,expert,DG,56,0.0,0.0
75,CA1-DG,expert,DG,57,0.306125,0.05968
75,CA1-DG,expert,DG,58,0.292334,0.062179
75,CA1-DG,expert,DG,59,0.038986,0.004867
75,CA1-DG,expert,DG,60,0.070816,0.007827
75,CA1-DG,expert,DG,61,0.869768,0.158902
75,CA1-V1,naive,CA1,0,1.050005,0.149441
75,CA1-V1,naive,CA1,1,0.518081,0.072873
75,CA1-V1,naive,CA1,2,1.082771,0.196009
75,CA1-V1,naive,CA1,3,0.010052,0.003045
75,CA1-V1,naive,CA1,4,1.360935,0.325222
75,CA1-V1,naive,CA1,5,1.019097,0.388516
75,CA1-V1,naive,CA1,6,0.918024,0.283161
75,CA1-V1,naive,CA1,7,1.152892,0.138926
75,CA1-V1,naive,CA1,8,0.992013,0.351318
75,CA1-V1,naive,CA1,9,0.987789,0.145441
75,CA1-V1,naive,CA1,10,1.221794,0.204166
75,CA1-V1,naive,CA1,11,1.324114,0.15784
75,CA1-V1,naive,CA1,12,0.00804,0.001562
75,CA1-V1,naive,CA1,13,0.133301,0.036006
75,CA1-V1,naive,CA1,14,1.039895,0.30777
75,CA1-V1,naive,CA1,15,0.040486,0.008074
75,CA1-V1,naive,CA1,16,0.99912,0.281093
75,CA1-V1,naive,CA1,17,1.021406,0.171836
75,CA1-V1,naive,CA1,18,0.863677,0.287153
75,CA1-V1,naive,CA1,19,0.984948,0.243076
75,CA1-V1,naive,CA1,20,0.963386,0.109726
75,CA1-V1,naive,CA1,21,1.091569,0.229308
75,CA1-V1,naive,CA1,22,0.895723,0.192337
75,CA1-V1,naive,CA1,23,1.027136,0.176724
75,CA1-V1,naive,CA1,24,1.37681,0.137779
75,CA1-V1,naive,V1,0,0.177005,0.027775
75,CA1-V1,naive,V1,1,0.113588,0.019146
75,CA1-V1,naive,V1,2,0.194754,0.042085
75,CA1-V1,naive,V1,3,0.196605,0.027433
75,CA1-V1,naive,V1,4,0.725863,0.104884
75,CA1-V1,naive,V1,5,0.237462,0.051312
75,CA1-V1,naive,V1,6,0.122935,0.042231
75,CA1-V1,naive,V1,7,0.596628,0.099244
75,CA1-V1,naive,V1,8,0.347701,0.052305
75,CA1-V1,naive,V1,9,0.28366,0.0927
75,CA1-V1,naive,V1,10,0.175117,0.057509
75,CA1-V1,naive,V1,11,0.318096,0.121451
75,CA1-V1,naive,V1,12,0.500781,0.126758
75,CA1-V1,naive,V1,13,0.390404,0.04735
75,CA1-V1,naive,V1,14,0.32869,0.036072
75,CA1-V1,naive,V1,15,0.686177,0.107989
75,CA1-V1,naive,V1,16,0.308675,0.104322
75,CA1-V1,naive,V1,17,0.189866,0.052182
75,CA1-V1,naive,V1,18,0.179213,0.076506
75,CA1-V1,naive,V1,19,0.656074,0.163073
75,CA1-V1,naive,V1,20,0.310137,0.114944
75,CA1-V1,naive,V1,21,0.241191,0.03912
75,CA1-V1,naive,V1,22,0.229561,0.108153
75,CA1-V1,naive,V1,23,0.118095,0.020528
75,CA1-V1,naive,V1,24,0.067677,0.015408
75,CA1-V1,naive,V1,25,0.316566,0.090697
75,CA1-V1,naive,V1,26,0.254887,0.052773
75,CA1-V1,naive,V1,27,0.779252,0.100018
75,CA1-V1,naive,V1,28,0.28857,0.096122
75,CA1-V1,naive,V1,29,0.75991,0.147921
75,CA1-V1,naive,V1,30,0.754946,0.158091
75,CA1-V1,naive,V1,31,0.128129,0.027556
75,CA1-V1,naive,V1,32,0.280145,0.044388
75,CA1-V1,naive,V1,33,0.31964,0.104207
75,CA1-V1,naive,V1,34,0.331481,0.044324
75,CA1-V1,naive,V1,35,0.431517,0.112768
75,CA1-V1,naive,V1,36,0.75594,0.096077
75,CA1-V1,naive,V1,37,0.617374,0.142765
75,CA1-V1,naive,V1,38,0.242261,0.102289
75,CA1-V1,naive,V1,39,0.308263,0.045597
75,CA1-V1,naive,V1,40,0.81154,0.12682
75,CA1-V1,naive,V1,41,0.566995,0.148339
75,CA1-V1,naive,V1,42,0.191022,0.081381
75,CA1-V1,naive,V1,43,0.273479,0.091215
75,CA1-V1,naive,V1,44,0.090698,0.018347
75,CA1-V1,naive,V1,45,0.065217,0.02075
75,CA1-V1,naive,V1,46,0.226881,0.096256
75,CA1-V1,naive,V1,47,0.053412,0.013989
75,CA1-V1,naive,V1,48,0.35918,0.069346
75,CA1-V1,naive,V1,49,0.771713,0.255052
75,CA1-V1,naive,V1,50,0.762689,0.108946
75,CA1-V1,naive,V1,51,0.172262,0.070531
75,CA1-V1,naive,V1,52,0.234418,0.066579
75,CA1-V1,naive,V1,53,0.839476,0.148079
75,CA1-V1,naive,V1,54,0.174984,0.055393
75,CA1-V1,naive,V1,55,0.585584,0.170704
75,CA1-V1,naive,V1,56,0.808173,0.155408
75,CA1-V1,naive,V1,57,0.707226,0.117858
75,CA1-V1,naive,V1,58,0.657739,0.140965
75,CA1-V1,naive,V1,59,0.249623,0.05217
75,CA1-V1,naive,V1,60,0.191955,0.040975
75,CA1-V1,naive,V1,61,0.381705,0.14633
75,CA1-V1,naive,V1,62,0.219261,0.075271
75,CA1-V1,intermediate,CA1,0,1.053128,0.053493
75,CA1-V1,intermediate,CA1,1,1.120869,0.132848
75,CA1-V1,intermediate,CA1,2,1.016701,0.145021
75,CA1-V1,intermediate,CA1,3,0.019859,0.001407
75,CA1-V1,intermediate,CA1,4,1.343421,0.077683
75,CA1-V1,intermediate,CA1,5,1.084985,0.068171
75,CA1-V1,intermediate,CA1,6,1.200304,0.084617
75,CA1-V1,intermediate,CA1,7,1.128877,0.092857
75,CA1-V1,intermediate,CA1,8,1.019284,0.08729
75,CA1-V1,intermediate,CA1,9,1.017155,0.020286
75,CA1-V1,intermediate,CA1,10,0.982424,0.046523
75,CA1-V1,intermediate,CA1,11,0.072748,0.004686
75,CA1-V1,intermediate,CA1,12,0.01733,0.002493
75,CA1-V1,intermediate,CA1,13,0.01438,0.000514
75,CA1-V1,intermediate,CA1,14,0.93486,0.079274
75,CA1-V1,intermediate,CA1,15,0.737433,0.02418
75,CA1-V1,intermediate,CA1,16,1.015466,0.107528
75,CA1-V1,intermediate,CA1,17,0.968758,0.050814
75,CA1-V1,intermediate,CA1,18,1.004428,0.064202
75,CA1-V1,intermediate,CA1,19,1.14292,0.089424
75,CA1-V1,intermediate,CA1,20,0.935738,0.066585
75,CA1-V1,intermediate,CA1,21,0.979406,0.057638
75,CA1-V1,intermediate,CA1,22,0.955227,0.151244
75,CA1-V1,intermediate,CA1,23,1.170405,0.16224
75,CA1-V1,intermediate,CA1,24,0.018397,0.001096
75,CA1-V1,intermediate,V1,0,0.40471,0.024338
75,CA1-V1,intermediate,V1,1,0.245612,0.030884
75,CA1-V1,intermediate,V1,2,0.285521,0.0227
75,CA1-V1,intermediate,V1,3,0.24943,0.037734
75,CA1-V1,intermediate,V1,4,0.83126,0.094251
75,CA1-V1,intermediate,V1,5,0.327013,0.030329
75,CA1-V1,intermediate,V1,6,0.221233,0.027547
75,CA1-V1,intermediate,V1,7,0.428405,0.024787
75,CA1-V1,intermediate,V1,8,0.791693,0.061001
75,CA1-V1,intermediate,V1,9,0.451491,0.03062
75,CA1-V1,intermediate,V1,10,0.285585,0.01165
75,CA1-V1,intermediate,V1,11,0.417508,0.038266
75,CA1-V1,intermediate,V1,12,0.471434,0.038606
75,CA1-V1,intermediate,V1,13,0.623325,0.019984
75,CA1-V1,intermediate,V1,14,0.678146,0.054831
75,CA1-V1,intermediate,V1,15,0.86028,0.047225
75,CA1-V1,intermediate,V1,16,0.31937,0.014091
75,CA1-V1,intermediate,V1,17,0.850347,0.101539
75,CA1-V1,intermediate,V1,18,0.399513,0.040209
75,CA1-V1,intermediate,V1,19,0.764877,0.065033
75,CA1-V1,intermediate,V1,20,0.262443,0.009074
75,CA1-V1,intermediate,V1,21,0.389466,0.07443
75,CA1-V1,intermediate,V1,22,0.316832,0.020348
75,CA1-V1,intermediate,V1,23,0.817498,0.080889
75,CA1-V1,intermediate,V1,24,0.375767,0.030899
75,CA1-V1,intermediate,V1,25,0.300322,0.011387
75,CA1-V1,intermediate,V1,26,0.41747,0.04274
75,CA1-V1,intermediate,V1,27,0.841733,0.056638
75,CA1-V1,intermediate,V1,28,0.342223,0.012969
75,CA1-V1,intermediate,V1,29,0.427116,0.036627
75,CA1-V1,intermediate,V1,30,0.881579,0.092694
75,CA1-V1,intermediate,V1,31,0.227589,0.01635
75,CA1-V1,intermediate,V1,32,0.431537,0.057782
75,CA1-V1,intermediate,V1,33,0.263785,0.023752
75,CA1-V1,intermediate,V1,34,0.149379,0.013113
75,CA1-V1,intermediate,V1,35,0.052898,0.007299
75,CA1-V1,intermediate,V1,36,0.908817,0.085019
75,CA1-V1,intermediate,V1,37,0.537231,0.049669
75,CA1-V1,intermediate,V1,38,0.335085,0.024556
75,CA1-V1,intermediate,V1,39,0.537815,0.042616
75,CA1-V1,intermediate,V1,40,0.518157,0.035493
75,CA1-V1,intermediate,V1,41,0.583245,0.047131
75,CA1-V1,intermediate,V1,42,0.736843,0.102623
75,CA1-V1,intermediate,V1,43,0.699409,0.079505
75,CA1-V1,intermediate,V1,44,0.328396,0.027238
75,CA1-V1,intermediate,V1,45,0.545139,0.060902
75,CA1-V1,intermediate,V1,46,0.742889,0.059678
75,CA1-V1,intermediate,V1,47,0.895471,0.022606
75,CA1-V1,intermediate,V1,48,0.682218,0.03616
75,CA1-V1,intermediate,V1,49,0.48685,0.053054
75,CA1-V1,intermediate,V1,50,0.49392,0.036018
75,CA1-V1,intermediate,V1,51,0.306066,0.01162
75,CA1-V1,intermediate,V1,52,0.317265,0.021331
75,CA1-V1,intermediate,V1,53,0.095769,0.010661
75,CA1-V1,intermediate,V1,54,0.128515,0.015002
75,CA1-V1,intermediate,V1,55,0.144335,0.01102
75,CA1-V1,intermediate,V1,56,0.208604,0.01534
75,CA1-V1,intermediate,V1,57,0.060771,0.008288
75,CA1-V1,intermediate,V1,58,0.305024,0.014518
75,CA1-V1,intermediate,V1,59,0.308493,0.025173
75,CA1-V1,intermediate,V1,60,0.482393,0.02759
75,CA1-V1,intermediate,V1,61,0.664155,0.064296
75,CA1-V1,intermediate,V1,62,0.70293,0.062002
75,CA1-V1,expert,CA1,0,1.093992,0.043434
75,CA1-V1,expert,CA1,1,1.231204,0.08726
75,CA1-V1,expert,CA1,2,1.0061,0.047806
75,CA1-V1,expert,CA1,3,0.016308,0.001091
75,CA1-V1,expert,CA1,4,0.175944,0.018367
75,CA1-V1,expert,CA1,5,1.084061,0.06304
75,CA1-V1,expert,CA1,6,0.035543,0.00328
75,CA1-V1,expert,CA1,7,1.140726,0.109065
75,CA1-V1,expert,CA1,8,1.027893,0.07156
75,CA1-V1,expert,CA1,9,1.025694,0.077709
75,CA1-V1,expert,CA1,10,0.926043,0.079876
75,CA1-V1,expert,CA1,11,0.048839,0.002518
75,CA1-V1,expert,CA1,12,1.270859,0.091039
75,CA1-V1,expert,CA1,13,1.17712,0.093476
75,CA1-V1,expert,CA1,14,0.967187,0.074375
75,CA1-V1,expert,CA1,15,0.788341,0.044676
75,CA1-V1,expert,CA1,16,1.0429,0.119713
75,CA1-V1,expert,CA1,17,0.940638,0.092345
75,CA1-V1,expert,CA1,18,1.242382,0.109284
75,CA1-V1,expert,CA1,19,1.197521,0.089672
75,CA1-V1,expert,CA1,20,1.000537,0.061373
75,CA1-V1,expert,CA1,21,1.08846,0.054071
75,CA1-V1,expert,CA1,22,0.84449,0.041788
75,CA1-V1,expert,CA1,23,0.938723,0.102538
75,CA1-V1,expert,CA1,24,0.053387,0.004022
75,CA1-V1,expert,V1,0,0.384164,0.024297
75,CA1-V1,expert,V1,1,0.379614,0.018728
75,CA1-V1,expert,V1,2,0.298077,0.025538
75,CA1-V1,expert,V1,3,0.331983,0.031803
75,CA1-V1,expert,V1,4,0.146419,0.006927
75,CA1-V1,expert,V1,5,0.43338,0.03471
75,CA1-V1,expert,V1,6,0.51535,0.034292
75,CA1-V1,expert,V1,7,0.406474,0.037347
75,CA1-V1,expert,V1,8,0.745558,0.036631
75,CA1-V1,expert,V1,9,0.420694,0.032261
75,CA1-V1,expert,V1,10,0.42665,0.025416
75,CA1-V1,expert,V1,11,0.438828,0.029412
75,CA1-V1,expert,V1,12,0.483318,0.042092
75,CA1-V1,expert,V1,13,0.621931,0.044444
75,CA1-V1,expert,V1,14,0.615804,0.061175
75,CA1-V1,expert,V1,15,0.79268,0.097388
75,CA1-V1,expert,V1,16,0.292594,0.016438
75,CA1-V1,expert,V1,17,0.714839,0.046476
75,CA1-V1,expert,V1,18,0.39701,0.032929
75,CA1-V1,expert,V1,19,0.597278,0.080415
75,CA1-V1,expert,V1,20,0.19065,0.012239
75,CA1-V1,expert,V1,21,0.606515,0.038917
75,CA1-V1,expert,V1,22,0.29087,0.022861
75,CA1-V1,expert,V1,23,0.820657,0.051881
75,CA1-V1,expert,V1,24,0.868602,0.047661
75,CA1-V1,expert,V1,25,0.390775,0.031135
75,CA1-V1,expert,V1,26,0.38771,0.020899
75,CA1-V1,expert,V1,27,0.886139,0.071038
75,CA1-V1,expert,V1,28,0.348419,0.031572
75,CA1-V1,expert,V1,29,0.284945,0.007969
75,CA1-V1,expert,V1,30,0.869996,0.066613
75,CA1-V1,expert,V1,31,0.171474,0.012915
75,CA1-V1,expert,V1,32,0.490635,0.03158
75,CA1-V1,expert,V1,33,0.261882,0.0161
75,CA1-V1,expert,V1,34,0.191857,0.015446
75,CA1-V1,expert,V1,35,0.030667,0.001618
75,CA1-V1,expert,V1,36,0.345148,0.025898
75,CA1-V1,expert,V1,37,0.591991,0.055018
75,CA1-V1,expert,V1,38,0.630525,0.042401
75,CA1-V1,expert,V1,39,0.619909,0.034451
75,CA1-V1,expert,V1,40,0.39081,0.024894
75,CA1-V1,expert,V1,41,0.607203,0.036096
75,CA1-V1,expert,V1,42,0.752349,0.076841
75,CA1-V1,expert,V1,43,0.702906,0.038699
75,CA1-V1,expert,V1,44,0.686786,0.069477
75,CA1-V1,expert,V1,45,0.278548,0.018842
75,CA1-V1,expert,V1,46,0.697203,0.057519
75,CA1-V1,expert,V1,47,0.875077,0.039768
75,CA1-V1,expert,V1,48,0.7137,0.066815
75,CA1-V1,expert,V1,49,0.188237,0.020277
75,CA1-V1,expert,V1,50,0.279958,0.035687
75,CA1-V1,expert,V1,51,0.242294,0.018764
75,CA1-V1,expert,V1,52,0.385527,0.033896
75,CA1-V1,expert,V1,53,0.100732,0.009905
75,CA1-V1,expert,V1,54,0.085442,0.004818
75,CA1-V1,expert,V1,55,0.024884,0.00235
75,CA1-V1,expert,V1,56,0.493567,0.040476
75,CA1-V1,expert,V1,57,0.071283,0.005432
75,CA1-V1,expert,V1,58,0.623228,0.048652
75,CA1-V1,expert,V1,59,0.32041,0.029155
75,CA1-V1,expert,V1,60,0.82659,0.058739
75,CA1-V1,expert,V1,61,0.483884,0.028109
75,CA1-V1,expert,V1,62,0.764152,0.058282
75,CA1-SUB,naive,CA1,0,1.049621,0.374677
75,CA1-SUB,naive,CA1,1,0.528847,0.112568
75,CA1-SUB,naive,CA1,2,1.082165,0.291211
75,CA1-SUB,naive,CA1,3,0.009931,0.001285
75,CA1-SUB,naive,CA1,4,1.362686,0.315631
75,CA1-SUB,naive,CA1,5,1.01856,0.281854
75,CA1-SUB,naive,CA1,6,0.919264,0.167067
75,CA1-SUB,naive,CA1,7,1.152558,0.385602
75,CA1-SUB,naive,CA1,8,0.99216,0.20002
75,CA1-SUB,naive,CA1,9,0.981993,0.594006
75,CA1-SUB,naive,CA1,10,1.223109,0.158785
75,CA1-SUB,naive,CA1,11,1.324759,0.384612
75,CA1-SUB,naive,CA1,12,0.007987,0.002279
75,CA1-SUB,naive,CA1,13,0.142918,0.043148
75,CA1-SUB,naive,CA1,14,1.038639,0.256854
75,CA1-SUB,naive,CA1,15,0.038996,0.004768
75,CA1-SUB,naive,CA1,16,0.999137,0.277804
75,CA1-SUB,naive,CA1,17,1.021997,0.171475
75,CA1-SUB,naive,CA1,18,0.863169,0.282477
75,CA1-SUB,naive,CA1,19,0.98515,0.11887
75,CA1-SUB,naive,CA1,20,0.964658,0.152787
75,CA1-SUB,naive,CA1,21,1.091645,0.335602
75,CA1-SUB,naive,CA1,22,0.896001,0.299742
75,CA1-SUB,naive,CA1,23,1.027294,0.14383
75,CA1-SUB,naive,CA1,24,1.371056,0.181588
75,CA1-SUB,naive,SUB,0,0.920997,0.209107
75,CA1-SUB,naive,SUB,1,0.957834,0.262611
75,CA1-SUB,naive,SUB,2,0.23683,0.130337
75,CA1-SUB,naive,SUB,3,0.364171,0.048577
75,CA1-SUB,naive,SUB,4,0.951096,0.13082
75,CA1-SUB,naive,SUB,5,0.405277,0.151418
75,CA1-SUB,naive,SUB,6,0.38596,0.086259
75,CA1-SUB,naive,SUB,7,0.876558,0.232361
75,CA1-SUB,naive,SUB,8,0.527389,0.157873
75,CA1-SUB,naive,SUB,9,0.393707,0.072213
75,CA1-SUB,naive,SUB,10,0.568395,0.085977
75,CA1-SUB,naive,SUB,11,0.40858,0.234573
75,CA1-SUB,naive,SUB,12,0.582852,0.1356
75,CA1-SUB,naive,SUB,13,0.721753,0.179428
75,CA1-SUB,naive,SUB,14,0.31795,0.130655
75,CA1-SUB,naive,SUB,15,0.52774,0.080362
75,CA1-SUB,naive,SUB,16,0.38077,0.077676
75,CA1-SUB,naive,SUB,17,0.886898,0.280536
75,CA1-SUB,naive,SUB,18,0.714363,0.285083
75,CA1-SUB,naive,SUB,19,0.490235,0.127516
75,CA1-SUB,naive,SUB,20,0.550985,0.141812
75,CA1-SUB,naive,SUB,21,0.783419,0.075683
75,CA1-SUB,naive,SUB,22,0.713188,0.039984
75,CA1-SUB,naive,SUB,23,0.542634,0.172836
75,CA1-SUB,naive,SUB,24,0.827398,0.212501
75,CA1-SUB,naive,SUB,25,0.387999,0.186112
75,CA1-SUB,naive,SUB,26,0.615772,0.329248
75,CA1-SUB,naive,SUB,27,0.080825,0.025891
75,CA1-SUB,naive,SUB,28,0.74222,0.243198
75,CA1-SUB,naive,SUB,29,0.843616,0.124222
75,CA1-SUB,naive,SUB,30,0.703116,0.201657
75,CA1-SUB,naive,SUB,31,0.578637,0.246125
75,CA1-SUB,naive,SUB,32,0.816833,0.163215
75,CA1-SUB,naive,SUB,33,0.440099,0.174774
75,CA1-SUB,naive,SUB,34,0.850611,0.352879
75,CA1-SUB,naive,SUB,35,0.839557,0.337239
75,CA1-SUB,naive,SUB,36,0.895834,0.151154
75,CA1-SUB,naive,SUB,37,0.836232,0.122643
75,CA1-SUB,intermediate,CA1,0,1.052138,0.116729
75,CA1-SUB,intermediate,CA1,1,1.121342,0.094568
75,CA1-SUB,intermediate,CA1,2,1.016772,0.166755
75,CA1-SUB,intermediate,CA1,3,0.019657,0.002599
75,CA1-SUB,intermediate,CA1,4,1.342957,0.168618
75,CA1-SUB,intermediate,CA1,5,1.084043,0.124678
75,CA1-SUB,intermediate,CA1,6,1.203453,0.184074
75,CA1-SUB,intermediate,CA1,7,1.128465,0.092592
75,CA1-SUB,intermediate,CA1,8,1.019099,0.253397
75,CA1-SUB,intermediate,CA1,9,1.016275,0.280893
75,CA1-SUB,intermediate,CA1,10,0.983558,0.120199
75,CA1-SUB,intermediate,CA1,11,0.074703,0.009391
75,CA1-SUB,intermediate,CA1,12,0.017375,0.002384
75,CA1-SUB,intermediate,CA1,13,0.015165,0.003848
75,CA1-SUB,intermediate,CA1,14,0.936493,0.240163
75,CA1-SUB,intermediate,CA1,15,0.73803,0.243505
75,CA1-SUB,intermediate,CA1,16,1.016139,0.271086
75,CA1-SUB,intermediate,CA1,17,0.969593,0.126466
75,CA1-SUB,intermediate,CA1,18,1.003335,0.181008
75,CA1-SUB,intermediate,CA1,19,1.14347,0.150915
75,CA1-SUB,intermediate,CA1,20,0.935661,0.204798
75,CA1-SUB,intermediate,CA1,21,0.980281,0.187289
75,CA1-SUB,intermediate,CA1,22,0.956585,0.114725
75,CA1-SUB,intermediate,CA1,23,1.170542,0.139227
75,CA1-SUB,intermediate,CA1,24,0.018665,0.00336
75,CA1-SUB,intermediate,SUB,0,0.965585,0.198543
75,CA1-SUB,intermediate,SUB,1,0.268572,0.059525
75,CA1-SUB,intermediate,SUB,2,0.323774,0.091399
75,CA1-SUB,intermediate,SUB,3,0.430271,0.116741
75,CA1-SUB,intermediate,SUB,4,0.946771,0.137432
75,CA1-SUB,intermediate,SUB,5,0.742951,0.083174
75,CA1-SUB,intermediate,SUB,6,0.353843,0.106397
75,CA1-SUB,intermediate,SUB,7,0.873883,0.131486
75,CA1-SUB,intermediate,SUB,8,0.754444,0.095229
75,CA1-SUB,intermediate,SUB,9,0.675816,0.102653
75,CA1-SUB,intermediate,SUB,10,0.804544,0.161083
75,CA1-SUB,intermediate,SUB,11,0.587267,0.161509
75,CA1-SUB,intermediate,SUB,12,0.709642,0.163951
75,CA1-SUB,intermediate,SUB,13,0.904455,0.168448
75,CA1-SUB,intermediate,SUB,14,0.355086,0.075203
75,CA1-SUB,intermediate,SUB,15,0.713093,0.105011
75,CA1-SUB,intermediate,SUB,16,0.775735,0.18281
75,CA1-SUB,intermediate,SUB,17,0.856623,0.079875
75,CA1-SUB,intermediate,SUB,18,0.764193,0.159428
75,CA1-SUB,intermediate,SUB,19,0.850724,0.164598
75,CA1-SUB,intermediate,SUB,20,0.660525,0.125526
75,CA1-SUB,intermediate,SUB,21,0.744875,0.119113
75,CA1-SUB,intermediate,SUB,22,0.142595,0.029531
75,CA1-SUB,intermediate,SUB,23,0.58742,0.147953
75,CA1-SUB,intermediate,SUB,24,0.582689,0.094257
75,CA1-SUB,intermediate,SUB,25,0.345064,0.058009
75,CA1-SUB,intermediate,SUB,26,0.941257,0.190628
75,CA1-SUB,intermediate,SUB,27,0.017725,0.001841
75,CA1-SUB,intermediate,SUB,28,0.596104,0.131087
75,CA1-SUB,intermediate,SUB,29,0.878288,0.098841
75,CA1-SUB,intermediate,SUB,30,0.780921,0.148269
75,CA1-SUB,intermediate,SUB,31,0.601379,0.109284
75,CA1-SUB,intermediate,SUB,32,0.972474,0.198738
75,CA1-SUB,intermediate,SUB,33,0.497008,0.094009
75,CA1-SUB,intermediate,SUB,34,0.721132,0.120359
75,CA1-SUB,intermediate,SUB,35,0.816668,0.102037
75,CA1-SUB,intermediate,SUB,36,0.90229,0.130241
75,CA1-SUB,intermediate,SUB,37,0.118167,0.008812
75,CA1-SUB,expert,CA1,0,1.093396,0.113098
75,CA1-SUB,expert,CA1,1,1.231945,0.094407
75,CA1-SUB,expert,CA1,2,1.006389,0.084629
75,CA1-SUB,expert,CA1,3,0.016141,0.001237
75,CA1-SUB,expert,CA1,4,0.168575,0.012952
75,CA1-SUB,expert,CA1,5,1.082431,0.132577
75,CA1-SUB,expert,CA1,6,0.035449,0.003061
75,CA1-SUB,expert,CA1,7,1.139868,0.086933
75,CA1-SUB,expert,CA1,8,1.027912,0.101672
75,CA1-SUB,expert,CA1,9,1.024875,0.124597
75,CA1-SUB,expert,CA1,10,0.927574,0.08217
75,CA1-SUB,expert,CA1,11,0.047919,0.003463
75,CA1-SUB,expert,CA1,12,1.270813,0.171223
75,CA1-SUB,expert,CA1,13,1.177527,0.069071
75,CA1-SUB,expert,CA1,14,0.968671,0.09396
75,CA1-SUB,expert,CA1,15,0.785715,0.109905
75,CA1-SUB,expert,CA1,16,1.045194,0.133153
75,CA1-SUB,expert,CA1,17,0.941162,0.059724
75,CA1-SUB,expert,CA1,18,1.242913,0.098764
75,CA1-SUB,expert,CA1,19,1.198079,0.067378
75,CA1-SUB,expert,CA1,20,1.000878,0.114315
75,CA1-SUB,expert,CA1,21,1.09056,0.106892
75,CA1-SUB,expert,CA1,22,0.845134,0.066528
75,CA1-SUB,expert,CA1,23,0.939043,0.08503
75,CA1-SUB,expert,CA1,24,0.052642,0.003805
75,CA1-SUB,expert,SUB,0,0.897213,0.079749
75,CA1-SUB,expert,SUB,1,0.980269,0.088631
75,CA1-SUB,expert,SUB,2,0.4121,0.017913
75,CA1-SUB,expert,SUB,3,0.663232,0.091499
75,CA1-SUB,expert,SUB,4,0.457898,0.03969
75,CA1-SUB,expert,SUB,5,0.656459,0.064659
75,CA1-SUB,expert,SUB,6,0.630377,0.066882
75,CA1-SUB,expert,SUB,7,0.941091,0.114554
75,CA1-SUB,expert,SUB,8,0.780592,0.102018
75,CA1-SUB,expert,SUB,9,0.787305,0.038378
75,CA1-SUB,expert,SUB,10,0.528186,0.060184
75,CA1-SUB,expert,SUB,11,0.696068,0.05397
75,CA1-SUB,expert,SUB,12,0.812463,0.07554
75,CA1-SUB,expert,SUB,13,0.901268,0.071573
75,CA1-SUB,expert,SUB,14,0.900729,0.073412
75,CA1-SUB,expert,SUB,15,0.718564,0.090868
75,CA1-SUB,expert,SUB,16,0.867955,0.063466
75,CA1-SUB,expert,SUB,17,0.88189,0.055386
75,CA1-SUB,expert,SUB,18,0.753715,0.085153
75,CA1-SUB,expert,SUB,19,0.7925,0.101962
75,CA1-SUB,expert,SUB,20,0.756865,0.050163
75,CA1-SUB,expert,SUB,21,0.680812,0.050336
75,CA1-SUB,expert,SUB,22,0.034763,0.005641
75,CA1-SUB,expert,SUB,23,0.592274,0.038169
75,CA1-SUB,expert,SUB,24,0.583882,0.04588
75,CA1-SUB,expert,SUB,25,0.367173,0.036611
75,CA1-SUB,expert,SUB,26,0.946912,0.066586
75,CA1-SUB,expert,SUB,27,0.023864,0.00217
75,CA1-SUB,expert,SUB,28,0.793238,0.104931
75,CA1-SUB,expert,SUB,29,0.648251,0.034448
75,CA1-SUB,expert,SUB,30,0.850066,0.070868
75,CA1-SUB,expert,SUB,31,0.618383,0.069421
75,CA1-SUB,expert,SUB,32,0.956886,0.099632
75,CA1-SUB,expert,SUB,33,0.551941,0.078622
75,CA1-SUB,expert,SUB,34,0.554787,0.050236
75,CA1-SUB,expert,SUB,35,0.115771,0.009282
75,CA1-SUB,expert,SUB,36,0.915136,0.085939
75,CA1-SUB,expert,SUB,37,0.136721,0.010726
75,RSC-SUB,naive,RSC,0,0.038272,0.013074
75,RSC-SUB,naive,RSC,1,0.038669,0.007639
75,RSC-SUB,naive,RSC,2,0.039982,0.01351
75,RSC-SUB,naive,RSC,3,0.021509,0.008602
75,RSC-SUB,naive,RSC,4,0.0682,0.019984
75,RSC-SUB,naive,RSC,5,0.103618,0.019243
75,RSC-SUB,naive,RSC,6,0.023679,0.005394
75,RSC-SUB,naive,RSC,7,0.032994,0.013665
75,RSC-SUB,naive,RSC,8,0.430181,0.046584
75,RSC-SUB,naive,RSC,9,0.676463,0.243226
75,RSC-SUB,naive,RSC,10,0.015262,0.003605
75,RSC-SUB,naive,RSC,11,0.015712,0.004272
75,RSC-SUB,naive,RSC,12,0.054944,0.016818
75,RSC-SUB,naive,RSC,13,0.032653,0.005311
75,RSC-SUB,naive,RSC,14,0.151711,0.045704
75,RSC-SUB,naive,RSC,15,0.0,0.0
75,RSC-SUB,naive,RSC,16,0.079662,0.029528
75,RSC-SUB,naive,RSC,17,0.015574,0.003074
75,RSC-SUB,naive,RSC,18,0.040401,0.01141
75,RSC-SUB,naive,RSC,19,0.383745,0.057285
75,RSC-SUB,naive,RSC,20,0.154933,0.090277
75,RSC-SUB,naive,RSC,21,0.007578,0.002029
75,RSC-SUB,naive,RSC,22,0.012014,0.002345
75,RSC-SUB,naive,RSC,23,0.041724,0.01063
75,RSC-SUB,naive,RSC,24,0.005537,0.000915
75,RSC-SUB,naive,RSC,25,0.032202,0.007491
75,RSC-SUB,naive,RSC,26,0.178862,0.059091
75,RSC-SUB,naive,RSC,27,0.016925,0.004153
75,RSC-SUB,naive,RSC,28,0.113262,0.056045
75,RSC-SUB,naive,RSC,29,0.053142,0.027782
75,RSC-SUB,naive,RSC,30,0.009917,0.00253
75,RSC-SUB,naive,RSC,31,0.163991,0.041095
75,RSC-SUB,naive,RSC,32,0.020649,0.010334
75,RSC-SUB,naive,RSC,33,0.013476,0.002336
75,RSC-SUB,naive,RSC,34,0.002582,0.000723
75,RSC-SUB,naive,RSC,35,0.230737,0.074855
75,RSC-SUB,naive,RSC,36,0.016919,0.005091
75,RSC-SUB,naive,RSC,37,0.505937,0.077684
75,RSC-SUB,naive,RSC,38,0.028888,0.007591
75,RSC-SUB,naive,RSC,39,0.134686,0.015484
75,RSC-SUB,naive,RSC,40,0.654799,0.111063
75,RSC-SUB,naive,RSC,41,0.64743,0.229058
75,RSC-SUB,naive,RSC,42,0.116939,0.057837
75,RSC-SUB,naive,RSC,43,0.060342,0.020548
75,RSC-SUB,naive,RSC,44,0.012689,0.004599
75,RSC-SUB,naive,RSC,45,0.006661,0.002696
75,RSC-SUB,naive,RSC,46,0.006842,0.002445
75,RSC-SUB,naive,RSC,47,0.032058,0.008283
75,RSC-SUB,naive,RSC,48,0.013772,0.004547
75,RSC-SUB,naive,RSC,49,0.115589,0.043372
75,RSC-SUB,naive,RSC,50,0.013528,0.003997
75,RSC-SUB,naive,RSC,51,0.093656,0.036529
75,RSC-SUB,naive,RSC,52,0.023257,0.005308
75,RSC-SUB,naive,RSC,53,0.061259,0.027797
75,RSC-SUB,naive,RSC,54,0.036822,0.009132
75,RSC-SUB,naive,RSC,55,0.014044,0.004598
75,RSC-SUB,naive,RSC,56,0.018468,0.00371
75,RSC-SUB,naive,RSC,57,0.004153,0.000997
75,RSC-SUB,naive,RSC,58,0.001661,0.000456
75,RSC-SUB,naive,RSC,59,0.027212,0.00724
75,RSC-SUB,naive,RSC,60,0.116029,0.022934
75,RSC-SUB,naive,RSC,61,0.104424,0.019639
75,RSC-SUB,naive,RSC,62,0.151206,0.083847
75,RSC-SUB,naive,RSC,63,0.019675,0.004734
75,RSC-SUB,naive,RSC,64,0.032354,0.005787
75,RSC-SUB,naive,RSC,65,0.007207,0.001163
75,RSC-SUB,naive,RSC,66,0.10272,0.018968
75,RSC-SUB,naive,RSC,67,0.039726,0.009542
75,RSC-SUB,naive,RSC,68,0.267894,0.137435
75,RSC-SUB,naive,RSC,69,0.727352,0.14751
75,RSC-SUB,naive,RSC,70,0.150608,0.083113
75,RSC-SUB,naive,RSC,71,0.028118,0.00689
75,RSC-SUB,naive,RSC,72,0.023439,0.006655
75,RSC-SUB,naive,RSC,73,0.025139,0.005474
75,RSC-SUB,naive,RSC,74,0.594628,0.07296
75,RSC-SUB,naive,RSC,75,0.07267,0.030061
75,RSC-SUB,naive,RSC,76,0.07592,0.017157
75,RSC-SUB,naive,RSC,77,0.03108,0.008538
75,RSC-SUB,naive,RSC,78,0.086287,0.029265
75,RSC-SUB,naive,RSC,79,0.0,0.0
75,RSC-SUB,naive,RSC,80,0.118597,0.058319
75,RSC-SUB,naive,RSC,81,0.066742,0.020425
75,RSC-SUB,naive,RSC,82,0.102135,0.028227
75,RSC-SUB,naive,RSC,83,0.061133,0.025371
75,RSC-SUB,naive,RSC,84,0.198093,0.107556
75,RSC-SUB,naive,RSC,85,0.069624,0.018023
75,RSC-SUB,naive,RSC,86,0.121409,0.041733
75,RSC-SUB,naive,RSC,87,0.050656,0.022372
75,RSC-SUB,naive,RSC,88,0.085027,0.03476
75,RSC-SUB,naive,RSC,89,0.027412,0.006211
75,RSC-SUB,naive,RSC,90,0.054077,0.010349
75,RSC-SUB,naive,RSC,91,0.098484,0.037307
75,RSC-SUB,naive,RSC,92,0.059568,0.020376
75,RSC-SUB,naive,RSC,93,0.118874,0.061085
75,RSC-SUB,naive,RSC,94,0.004804,0.001246
75,RSC-SUB,naive,RSC,95,0.060833,0.018638
75,RSC-SUB,naive,RSC,96,0.017386,0.006414
75,RSC-SUB,naive,RSC,97,0.053254,0.018408
75,RSC-SUB,naive,RSC,98,0.113024,0.02729
75,RSC-SUB,naive,RSC,99,0.015012,0.003005
75,RSC-SUB,naive,RSC,100,0.027252,0.01215
75,RSC-SUB,naive,RSC,101,0.042567,0.010359
75,RSC-SUB,naive,RSC,102,0.727265,0.179062
75,RSC-SUB,naive,RSC,103,0.141902,0.072009
75,RSC-SUB,naive,RSC,104,0.013615,0.00293
75,RSC-SUB,naive,RSC,105,0.011647,0.002523
75,RSC-SUB,naive,RSC,106,0.091492,0.025974
75,RSC-SUB,naive,RSC,107,0.008696,0.001862
75,RSC-SUB,naive,RSC,108,0.02853,0.010016
75,RSC-SUB,naive,RSC,109,0.081598,0.020296
75,RSC-SUB,naive,RSC,110,0.057805,0.03045
75,RSC-SUB,naive,RSC,111,0.015101,0.00321
75,RSC-SUB,naive,RSC,112,0.12772,0.040945
75,RSC-SUB,naive,RSC,113,0.629864,0.158751
75,RSC-SUB,naive,RSC,114,0.005069,0.001372
75,RSC-SUB,naive,RSC,115,0.045297,0.012631
75,RSC-SUB,naive,RSC,116,0.01864,0.004583
75,RSC-SUB,naive,RSC,117,0.03045,0.009714
75,RSC-SUB,naive,RSC,118,0.096899,0.047494
75,RSC-SUB,naive,RSC,119,0.0,0.0
75,RSC-SUB,naive,RSC,120,0.028748,0.009148
75,RSC-SUB,naive,RSC,121,0.057734,0.016879
75,RSC-SUB,naive,RSC,122,0.09147,0.03725
75,RSC-SUB,naive,RSC,123,0.141552,0.084161
75,RSC-SUB,naive,RSC,124,0.670073,0.209919
75,RSC-SUB,naive,RSC,125,0.004823,0.001568
75,RSC-SUB,naive,RSC,126,0.003101,0.000625
75,RSC-SUB,naive,RSC,127,0.162136,0.040377
75,RSC-SUB,naive,RSC,128,0.028805,0.004608
75,RSC-SUB,naive,RSC,129,0.077212,0.042527
75,RSC-SUB,naive,RSC,130,0.052924,0.011639
75,RSC-SUB,naive,RSC,131,0.06744,0.030785
75,RSC-SUB,naive,RSC,132,0.142118,0.044513
75,RSC-SUB,naive,RSC,133,0.638429,0.162927
75,RSC-SUB,naive,RSC,134,0.05788,0.011478
75,RSC-SUB,naive,RSC,135,0.077292,0.023263
75,RSC-SUB,naive,RSC,136,0.084038,0.018064
75,RSC-SUB,naive,RSC,137,0.05482,0.022422
75,RSC-SUB,naive,RSC,138,0.034605,0.006388
75,RSC-SUB,naive,RSC,139,0.04565,0.012268
75,RSC-SUB,naive,RSC,140,0.111551,0.023446
75,RSC-SUB,naive,RSC,141,0.092574,0.044785
75,RSC-SUB,naive,RSC,142,0.065634,0.022991
75,RSC-SUB,naive,RSC,143,0.031107,0.006293
75,RSC-SUB,naive,RSC,144,0.116092,0.020245
75,RSC-SUB,naive,RSC,145,0.757985,0.14201
75,RSC-SUB,naive,RSC,146,0.700603,0.114353
75,RSC-SUB,naive,RSC,147,0.025982,0.005099
75,RSC-SUB,naive,RSC,148,0.153854,0.025764
75,RSC-SUB,naive,RSC,149,0.096785,0.01767
75,RSC-SUB,naive,RSC,150,0.642938,0.155104
75,RSC-SUB,naive,RSC,151,0.10026,0.035513
75,RSC-SUB,naive,RSC,152,0.010423,0.00318
75,RSC-SUB,naive,RSC,153,0.025133,0.004605
75,RSC-SUB,naive,RSC,154,0.170153,0.047024
75,RSC-SUB,naive,RSC,155,0.02028,0.006886
75,RSC-SUB,naive,RSC,156,0.026994,0.01322
75,RSC-SUB,naive,RSC,157,0.001509,0.00031
75,RSC-SUB,naive,RSC,158,0.73052,0.05526
75,RSC-SUB,naive,RSC,159,0.086737,0.027499
75,RSC-SUB,naive,RSC,160,0.007471,0.001774
75,RSC-SUB,naive,RSC,161,0.031126,0.014548
75,RSC-SUB,naive,RSC,162,0.036563,0.010679
75,RSC-SUB,naive,RSC,163,0.038161,0.011251
75,RSC-SUB,naive,RSC,164,0.134451,0.065692
75,RSC-SUB,naive,RSC,165,0.122924,0.067975
75,RSC-SUB,naive,RSC,166,0.083867,0.043771
75,RSC-SUB,naive,RSC,167,0.055632,0.011781
75,RSC-SUB,naive,RSC,168,0.041455,0.011813
75,RSC-SUB,naive,RSC,169,0.172555,0.052181
75,RSC-SUB,naive,RSC,170,0.063766,0.032417
75,RSC-SUB,naive,RSC,171,0.056442,0.018946
75,RSC-SUB,naive,RSC,172,0.004693,0.001658
75,RSC-SUB,naive,RSC,173,0.029955,0.010064
75,RSC-SUB,naive,RSC,174,0.067957,0.016829
75,RSC-SUB,naive,RSC,175,0.044967,0.018772
75,RSC-SUB,naive,RSC,176,0.067707,0.027897
75,RSC-SUB,naive,RSC,177,0.087404,0.039019
75,RSC-SUB,naive,RSC,178,0.146399,0.058677
75,RSC-SUB,naive,RSC,179,0.581362,0.112778
75,RSC-SUB,naive,RSC,180,0.085366,0.042945
75,RSC-SUB,naive,RSC,181,0.722346,0.085054
75,RSC-SUB,naive,RSC,182,0.034906,0.011748
75,RSC-SUB,naive,RSC,183,0.018182,0.004559
75,RSC-SUB,naive,RSC,184,0.077299,0.020807
75,RSC-SUB,naive,RSC,185,0.115795,0.05798
75,RSC-SUB,naive,RSC,186,0.109861,0.046855
75,RSC-SUB,naive,RSC,187,0.01741,0.006061
75,RSC-SUB,naive,RSC,188,0.04359,0.018781
75,RSC-SUB,naive,RSC,189,0.053346,0.023354
75,RSC-SUB,naive,RSC,190,0.01807,0.006405
75,RSC-SUB,naive,RSC,191,0.030046,0.006675
75,RSC-SUB,naive,RSC,192,0.00137,0.000443
75,RSC-SUB,naive,RSC,193,0.697245,0.167721
75,RSC-SUB,naive,RSC,194,0.027584,0.007874
75,RSC-SUB,naive,RSC,195,0.692955,0.187743
75,RSC-SUB,naive,SUB,0,0.909541,0.105154
75,RSC-SUB,naive,SUB,1,0.951532,0.125985
75,RSC-SUB,naive,SUB,2,0.260666,0.108212
75,RSC-SUB,naive,SUB,3,0.377622,0.063005
75,RSC-SUB,naive,SUB,4,0.945291,0.207731
75,RSC-SUB,naive,SUB,5,0.412682,0.070211
75,RSC-SUB,naive,SUB,6,0.391309,0.058218
75,RSC-SUB,naive,SUB,7,0.864014,0.22728
75,RSC-SUB,naive,SUB,8,0.5273,0.139885
75,RSC-SUB,naive,SUB,9,0.379637,0.092834
75,RSC-SUB,naive,SUB,10,0.589605,0.159215
75,RSC-SUB,naive,SUB,11,0.374794,0.121666
75,RSC-SUB,naive,SUB,12,0.583744,0.097652
75,RSC-SUB,naive,SUB,13,0.70781,0.083506
75,RSC-SUB,naive,SUB,14,0.302769,0.073826
75,RSC-SUB,naive,SUB,15,0.532751,0.104833
75,RSC-SUB,naive,SUB,16,0.352973,0.114955
75,RSC-SUB,naive,SUB,17,0.871999,0.263101
75,RSC-SUB,naive,SUB,18,0.690709,0.128806
75,RSC-SUB,naive,SUB,19,0.490105,0.120684
75,RSC-SUB,naive,SUB,20,0.553488,0.189268
75,RSC-SUB,naive,SUB,21,0.773607,0.257578
75,RSC-SUB,naive,SUB,22,0.708323,0.177322
75,RSC-SUB,naive,SUB,23,0.546057,0.223405
75,RSC-SUB,naive,SUB,24,0.821105,0.164835
75,RSC-SUB,naive,SUB,25,0.473065,0.161745
75,RSC-SUB,naive,SUB,26,0.60282,0.135656
75,RSC-SUB,naive,SUB,27,0.080435,0.018582
75,RSC-SUB,naive,SUB,28,0.720767,0.221317
75,RSC-SUB,naive,SUB,29,0.836501,0.13763
75,RSC-SUB,naive,SUB,30,0.683593,0.23173
75,RSC-SUB,naive,SUB,31,0.529452,0.168788
75,RSC-SUB,naive,SUB,32,0.790751,0.132334
75,RSC-SUB,naive,SUB,33,0.443736,0.093406
75,RSC-SUB,naive,SUB,34,0.843021,0.202869
75,RSC-SUB,naive,SUB,35,0.82997,0.197078
75,RSC-SUB,naive,SUB,36,0.878267,0.328272
75,RSC-SUB,naive,SUB,37,0.83237,0.240142
75,RSC-SUB,intermediate,RSC,0,0.047765,0.024921
75,RSC-SUB,intermediate,RSC,1,0.062061,0.031437
75,RSC-SUB,intermediate,RSC,2,0.065815,0.029894
75,RSC-SUB,intermediate,RSC,3,0.028891,0.011897
75,RSC-SUB,intermediate,RSC,4,0.024549,0.009874
75,RSC-SUB,intermediate,RSC,5,0.175475,0.048374
75,RSC-SUB,intermediate,RSC,6,0.064354,0.026672
75,RSC-SUB,intermediate,RSC,7,0.054577,0.027258
75,RSC-SUB,intermediate,RSC,8,0.031409,0.018731
75,RSC-SUB,intermediate,RSC,9,0.07434,0.02601
75,RSC-SUB,intermediate,RSC,10,0.015337,0.007986
75,RSC-SUB,intermediate,RSC,11,0.671596,0.320101
75,RSC-SUB,intermediate,RSC,12,0.077732,0.032858
75,RSC-SUB,intermediate,RSC,13,0.01803,0.008782
75,RSC-SUB,intermediate,RSC,14,0.183146,0.081336
75,RSC-SUB,intermediate,RSC,15,0.0,0.0
75,RSC-SUB,intermediate,RSC,16,0.130131,0.073914
75,RSC-SUB,intermediate,RSC,17,0.059677,0.024602
75,RSC-SUB,intermediate,RSC,18,0.073905,0.038656
75,RSC-SUB,intermediate,RSC,19,0.057916,0.032536
75,RSC-SUB,intermediate,RSC,20,0.160514,0.101164
75,RSC-SUB,intermediate,RSC,21,0.032248,0.015166
75,RSC-SUB,intermediate,RSC,22,0.083606,0.033357
75,RSC-SUB,intermediate,RSC,23,0.0824,0.038335
75,RSC-SUB,intermediate,RSC,24,0.014064,0.005908
75,RSC-SUB,intermediate,RSC,25,0.407008,0.143436
75,RSC-SUB,intermediate,RSC,26,0.0,0.0
75,RSC-SUB,intermediate,RSC,27,0.038305,0.022241
75,RSC-SUB,intermediate,RSC,28,0.161646,0.09464
75,RSC-SUB,intermediate,RSC,29,0.069021,0.037673
75,RSC-SUB,intermediate,RSC,30,0.057566,0.024039
75,RSC-SUB,intermediate,RSC,31,0.063089,0.030012
75,RSC-SUB,intermediate,RSC,32,0.062365,0.043006
75,RSC-SUB,intermediate,RSC,33,0.004544,0.002106
75,RSC-SUB,intermediate,RSC,34,0.001305,0.000516
75,RSC-SUB,intermediate,RSC,35,0.100262,0.052297
75,RSC-SUB,intermediate,RSC,36,0.331373,0.178881
75,RSC-SUB,intermediate,RSC,37,0.00537,0.002511
75,RSC-SUB,intermediate,RSC,38,0.341376,0.16084
75,RSC-SUB,intermediate,RSC,39,0.775446,0.189144
75,RSC-SUB,intermediate,RSC,40,0.446026,0.202436
75,RSC-SUB,intermediate,RSC,41,0.403926,0.22461
75,RSC-SUB,intermediate,RSC,42,0.142279,0.06873
75,RSC-SUB,intermediate,RSC,43,0.394236,0.167853
75,RSC-SUB,intermediate,RSC,44,0.620318,0.257194
75,RSC-SUB,intermediate,RSC,45,0.078271,0.046845
75,RSC-SUB,intermediate,RSC,46,0.65989,0.211131
75,RSC-SUB,intermediate,RSC,47,0.041636,0.010896
75,RSC-SUB,intermediate,RSC,48,0.178406,0.091974
75,RSC-SUB,intermediate,RSC,49,0.137814,0.079004
75,RSC-SUB,intermediate,RSC,50,0.127332,0.047725
75,RSC-SUB,intermediate,RSC,51,0.181954,0.073233
75,RSC-SUB,intermediate,RSC,52,0.016193,0.006966
75,RSC-SUB,intermediate,RSC,53,0.066282,0.034479
75,RSC-SUB,intermediate,RSC,54,0.108308,0.04249
75,RSC-SUB,intermediate,RSC,55,0.376796,0.080843
75,RSC-SUB,intermediate,RSC,56,0.039252,0.018989
75,RSC-SUB,intermediate,RSC,57,0.054968,0.017884
75,RSC-SUB,intermediate,RSC,58,0.067695,0.025998
75,RSC-SUB,intermediate,RSC,59,0.143876,0.055419
75,RSC-SUB,intermediate,RSC,60,0.016703,0.00708
75,RSC-SUB,intermediate,RSC,61,0.128318,0.062263
75,RSC-SUB,intermediate,RSC,62,0.402474,0.22258
75,RSC-SUB,intermediate,RSC,63,0.082562,0.036046
75,RSC-SUB,intermediate,RSC,64,0.66284,0.244279
75,RSC-SUB,intermediate,RSC,65,0.00942,0.004417
75,RSC-SUB,intermediate,RSC,66,0.014153,0.008054
75,RSC-SUB,intermediate,RSC,67,0.017728,0.010249
75,RSC-SUB,intermediate,RSC,68,0.097195,0.041542
75,RSC-SUB,intermediate,RSC,69,0.030511,0.010342
75,RSC-SUB,intermediate,RSC,70,0.200223,0.09938
75,RSC-SUB,intermediate,RSC,71,0.060009,0.029329
75,RSC-SUB,intermediate,RSC,72,0.708951,0.189781
75,RSC-SUB,intermediate,RSC,73,0.050696,0.02832
75,RSC-SUB,intermediate,RSC,74,0.716656,0.231183
75,RSC-SUB,intermediate,RSC,75,0.163957,0.077157
75,RSC-SUB,intermediate,RSC,76,0.005975,0.00296
75,RSC-SUB,intermediate,RSC,77,0.047547,0.028464
75,RSC-SUB,intermediate,RSC,78,0.119838,0.07687
75,RSC-SUB,intermediate,RSC,79,0.0,0.0
75,RSC-SUB,intermediate,RSC,80,0.158644,0.104544
75,RSC-SUB,intermediate,RSC,81,0.101211,0.061197
75,RSC-SUB,intermediate,RSC,82,0.135995,0.07367
75,RSC-SUB,intermediate,RSC,83,0.055792,0.02434
75,RSC-SUB,intermediate,RSC,84,0.218816,0.106408
75,RSC-SUB,intermediate,RSC,85,0.208453,0.085273
75,RSC-SUB,intermediate,RSC,86,0.101169,0.056846
75,RSC-SUB,intermediate,RSC,87,0.108208,0.04831
75,RSC-SUB,intermediate,RSC,88,0.147565,0.053659
75,RSC-SUB,intermediate,RSC,89,0.031005,0.01295
75,RSC-SUB,intermediate,RSC,90,0.122815,0.077868
75,RSC-SUB,intermediate,RSC,91,0.137265,0.061903
75,RSC-SUB,intermediate,RSC,92,0.138902,0.063281
75,RSC-SUB,intermediate,RSC,93,0.115615,0.073218
75,RSC-SUB,intermediate,RSC,94,0.001387,0.000648
75,RSC-SUB,intermediate,RSC,95,0.004485,0.00177
75,RSC-SUB,intermediate,RSC,96,0.012702,0.003905
75,RSC-SUB,intermediate,RSC,97,0.10078,0.050247
75,RSC-SUB,intermediate,RSC,98,0.254095,0.145519
75,RSC-SUB,intermediate,RSC,99,0.032415,0.006674
75,RSC-SUB,intermediate,RSC,100,0.038263,0.017791
75,RSC-SUB,intermediate,RSC,101,0.11504,0.057921
75,RSC-SUB,intermediate,RSC,102,0.015241,0.003569
75,RSC-SUB,intermediate,RSC,103,0.20285,0.100405
75,RSC-SUB,intermediate,RSC,104,0.010294,0.004723
75,RSC-SUB,intermediate,RSC,105,0.0,0.0
75,RSC-SUB,intermediate,RSC,106,0.016386,0.007204
75,RSC-SUB,intermediate,RSC,107,0.090485,0.037514
75,RSC-SUB,intermediate,RSC,108,0.044338,0.022024
75,RSC-SUB,intermediate,RSC,109,0.074799,0.041902
75,RSC-SUB,intermediate,RSC,110,0.051623,0.026503
75,RSC-SUB,intermediate,RSC,111,0.587007,0.153577
75,RSC-SUB,intermediate,RSC,112,0.124726,0.046143
75,RSC-SUB,intermediate,RSC,113,0.263583,0.107413
75,RSC-SUB,intermediate,RSC,114,0.718179,0.153677
75,RSC-SUB,intermediate,RSC,115,0.281281,0.157935
75,RSC-SUB,intermediate,RSC,116,0.007758,0.002733
75,RSC-SUB,intermediate,RSC,117,0.098082,0.049465
75,RSC-SUB,intermediate,RSC,118,0.163919,0.104956
75,RSC-SUB,intermediate,RSC,119,0.015541,0.007564
75,RSC-SUB,intermediate,RSC,120,0.039241,0.013647
75,RSC-SUB,intermediate,RSC,121,0.254104,0.092637
75,RSC-SUB,intermediate,RSC,122,0.110422,0.068703
75,RSC-SUB,intermediate,RSC,123,0.191798,0.10559
75,RSC-SUB,intermediate,RSC,124,0.122518,0.051272
75,RSC-SUB,intermediate,RSC,125,0.020713,0.006331
75,RSC-SUB,intermediate,RSC,126,0.030905,0.01115
75,RSC-SUB,intermediate,RSC,127,0.296712,0.162903
75,RSC-SUB,intermediate,RSC,128,0.055844,0.023602
75,RSC-SUB,intermediate,RSC,129,0.111166,0.056691
75,RSC-SUB,intermediate,RSC,130,0.693993,0.128433
75,RSC-SUB,intermediate,RSC,131,0.178643,0.077881
75,RSC-SUB,intermediate,RSC,132,0.109724,0.045125
75,RSC-SUB,intermediate,RSC,133,0.201342,0.088054
75,RSC-SUB,intermediate,RSC,134,0.073319,0.032124
75,RSC-SUB,intermediate,RSC,135,0.025311,0.012533
75,RSC-SUB,intermediate,RSC,136,0.027273,0.014943
75,RSC-SUB,intermediate,RSC,137,0.036437,0.014718
75,RSC-SUB,intermediate,RSC,138,0.035002,0.020257
75,RSC-SUB,intermediate,RSC,139,0.104711,0.038535
75,RSC-SUB,intermediate,RSC,140,0.08901,0.053359
75,RSC-SUB,intermediate,RSC,141,0.11124,0.070629
75,RSC-SUB,intermediate,RSC,142,0.104173,0.051083
75,RSC-SUB,intermediate,RSC,143,0.085715,0.04095
75,RSC-SUB,intermediate,RSC,144,0.026403,0.011693
75,RSC-SUB,intermediate,RSC,145,0.0,0.0
75,RSC-SUB,intermediate,RSC,146,0.537863,0.258399
75,RSC-SUB,intermediate,RSC,147,0.124788,0.048715
75,RSC-SUB,intermediate,RSC,148,0.098706,0.052388
75,RSC-SUB,intermediate,RSC,149,0.010517,0.005602
75,RSC-SUB,intermediate,RSC,150,0.186057,0.077007
75,RSC-SUB,intermediate,RSC,151,0.072476,0.033395
75,RSC-SUB,intermediate,RSC,152,0.005021,0.001963
75,RSC-SUB,intermediate,RSC,153,0.005783,0.002272
75,RSC-SUB,intermediate,RSC,154,0.019345,0.007648
75,RSC-SUB,intermediate,RSC,155,0.014501,0.004292
75,RSC-SUB,intermediate,RSC,156,0.106021,0.047821
75,RSC-SUB,intermediate,RSC,157,0.563132,0.14704
75,RSC-SUB,intermediate,RSC,158,0.031264,0.01669
75,RSC-SUB,intermediate,RSC,159,0.223379,0.112345
75,RSC-SUB,intermediate,RSC,160,0.122583,0.043805
75,RSC-SUB,intermediate,RSC,161,0.677438,0.318164
75,RSC-SUB,intermediate,RSC,162,0.038247,0.018658
75,RSC-SUB,intermediate,RSC,163,0.064604,0.028872
75,RSC-SUB,intermediate,RSC,164,0.103019,0.047532
75,RSC-SUB,intermediate,RSC,165,0.184418,0.092649
75,RSC-SUB,intermediate,RSC,166,0.06328,0.03576
75,RSC-SUB,intermediate,RSC,167,0.044862,0.021969
75,RSC-SUB,intermediate,RSC,168,0.038641,0.017796
75,RSC-SUB,intermediate,RSC,169,0.086349,0.022974
75,RSC-SUB,intermediate,RSC,170,0.205888,0.083127
75,RSC-SUB,intermediate,RSC,171,0.099161,0.041647
75,RSC-SUB,intermediate,RSC,172,0.009198,0.003075
75,RSC-SUB,intermediate,RSC,173,0.065249,0.031146
75,RSC-SUB,intermediate,RSC,174,0.199348,0.08022
75,RSC-SUB,intermediate,RSC,175,0.112588,0.039729
75,RSC-SUB,intermediate,RSC,176,0.102556,0.045856
75,RSC-SUB,intermediate,RSC,177,0.068662,0.036831
75,RSC-SUB,intermediate,RSC,178,0.17786,0.09475
75,RSC-SUB,intermediate,RSC,179,0.1667,0.08647
75,RSC-SUB,intermediate,RSC,180,0.174316,0.060652
75,RSC-SUB,intermediate,RSC,181,0.039743,0.012864
75,RSC-SUB,intermediate,RSC,182,0.542339,0.214545
75,RSC-SUB,intermediate,RSC,183,0.008499,0.003573
75,RSC-SUB,intermediate,RSC,184,0.222963,0.11202
75,RSC-SUB,intermediate,RSC,185,0.391467,0.203265
75,RSC-SUB,intermediate,RSC,186,0.175496,0.0879
75,RSC-SUB,intermediate,RSC,187,0.438798,0.126207
75,RSC-SUB,intermediate,RSC,188,0.098122,0.052007
75,RSC-SUB,intermediate,RSC,189,0.210117,0.078526
75,RSC-SUB,intermediate,RSC,190,0.071937,0.043803
75,RSC-SUB,intermediate,RSC,191,0.016963,0.009966
75,RSC-SUB,intermediate,RSC,192,0.004315,0.001867
75,RSC-SUB,intermediate,RSC,193,0.065452,0.028763
75,RSC-SUB,intermediate,RSC,194,0.013539,0.003948
75,RSC-SUB,intermediate,RSC,195,0.019535,0.009853
75,RSC-SUB,intermediate,SUB,0,0.950561,0.227707
75,RSC-SUB,intermediate,SUB,1,0.23024,0.081531
75,RSC-SUB,intermediate,SUB,2,0.317061,0.151627
75,RSC-SUB,intermediate,SUB,3,0.41042,0.142975
75,RSC-SUB,intermediate,SUB,4,0.942802,0.29286
75,RSC-SUB,intermediate,SUB,5,0.730251,0.191988
75,RSC-SUB,intermediate,SUB,6,0.366088,0.128651
75,RSC-SUB,intermediate,SUB,7,0.867172,0.33219
75,RSC-SUB,intermediate,SUB,8,0.746208,0.207066
75,RSC-SUB,intermediate,SUB,9,0.617304,0.267545
75,RSC-SUB,intermediate,SUB,10,0.823619,0.286434
75,RSC-SUB,intermediate,SUB,11,0.574536,0.173813
75,RSC-SUB,intermediate,SUB,12,0.706346,0.205862
75,RSC-SUB,intermediate,SUB,13,0.896165,0.322337
75,RSC-SUB,intermediate,SUB,14,0.337584,0.127803
75,RSC-SUB,intermediate,SUB,15,0.6937,0.333625
75,RSC-SUB,intermediate,SUB,16,0.757357,0.208924
75,RSC-SUB,intermediate,SUB,17,0.851979,0.246948
75,RSC-SUB,intermediate,SUB,18,0.774207,0.324572
75,RSC-SUB,intermediate,SUB,19,0.833564,0.371892
75,RSC-SUB,intermediate,SUB,20,0.650298,0.248927
75,RSC-SUB,intermediate,SUB,21,0.737916,0.314054
75,RSC-SUB,intermediate,SUB,22,0.134462,0.032234
75,RSC-SUB,intermediate,SUB,23,0.594834,0.235772
75,RSC-SUB,intermediate,SUB,24,0.571994,0.18066
75,RSC-SUB,intermediate,SUB,25,0.433857,0.219235
75,RSC-SUB,intermediate,SUB,26,0.928482,0.394609
75,RSC-SUB,intermediate,SUB,27,0.017596,0.006269
75,RSC-SUB,intermediate,SUB,28,0.578303,0.228961
75,RSC-SUB,intermediate,SUB,29,0.87311,0.283348
75,RSC-SUB,intermediate,SUB,30,0.765917,0.23203
75,RSC-SUB,intermediate,SUB,31,0.572116,0.222233
75,RSC-SUB,intermediate,SUB,32,0.958778,0.535869
75,RSC-SUB,intermediate,SUB,33,0.493636,0.266703
75,RSC-SUB,intermediate,SUB,34,0.699064,0.21276
75,RSC-SUB,intermediate,SUB,35,0.838961,0.356842
75,RSC-SUB,intermediate,SUB,36,0.883617,0.438168
75,RSC-SUB,intermediate,SUB,37,0.119453,0.032794
75,RSC-SUB,expert,RSC,0,0.102166,0.015172
75,RSC-SUB,expert,RSC,1,0.079449,0.013317
75,RSC-SUB,expert,RSC,2,0.085425,0.01598
75,RSC-SUB,expert,RSC,3,0.075282,0.009814
75,RSC-SUB,expert,RSC,4,0.029895,0.007078
75,RSC-SUB,expert,RSC,5,0.026856,0.003494
75,RSC-SUB,expert,RSC,6,0.289207,0.064998
75,RSC-SUB,expert,RSC,7,0.063534,0.007109
75,RSC-SUB,expert,RSC,8,0.046101,0.007734
75,RSC-SUB,expert,RSC,9,0.016224,0.001872
75,RSC-SUB,expert,RSC,10,0.02104,0.002487
75,RSC-SUB,expert,RSC,11,0.115233,0.018117
75,RSC-SUB,expert,RSC,12,0.071615,0.011019
75,RSC-SUB,expert,RSC,13,0.061151,0.008129
75,RSC-SUB,expert,RSC,14,0.075812,0.011425
75,RSC-SUB,expert,RSC,15,0.0,0.0
75,RSC-SUB,expert,RSC,16,0.085521,0.014868
75,RSC-SUB,expert,RSC,17,0.033728,0.005001
75,RSC-SUB,expert,RSC,18,0.056537,0.008887
75,RSC-SUB,expert,RSC,19,0.015281,0.002123
75,RSC-SUB,expert,RSC,20,0.118317,0.022907
75,RSC-SUB,expert,RSC,21,0.03276,0.005016
75,RSC-SUB,expert,RSC,22,0.099165,0.014583
75,RSC-SUB,expert,RSC,23,0.137084,0.020597
75,RSC-SUB,expert,RSC,24,0.046173,0.007996
75,RSC-SUB,expert,RSC,25,0.107123,0.014148
75,RSC-SUB,expert,RSC,26,0.012648,0.001763
75,RSC-SUB,expert,RSC,27,0.056489,0.006418
75,RSC-SUB,expert,RSC,28,0.172743,0.028936
75,RSC-SUB,expert,RSC,29,0.113917,0.019117
75,RSC-SUB,expert,RSC,30,0.725011,0.066261
75,RSC-SUB,expert,RSC,31,0.014877,0.002171
75,RSC-SUB,expert,RSC,32,0.08577,0.014963
75,RSC-SUB,expert,RSC,33,0.023949,0.003032
75,RSC-SUB,expert,RSC,34,0.004576,0.000624
75,RSC-SUB,expert,RSC,35,0.074966,0.012218
75,RSC-SUB,expert,RSC,36,0.291388,0.045825
75,RSC-SUB,expert,RSC,37,0.0,0.0
75,RSC-SUB,expert,RSC,38,0.293498,0.049009
75,RSC-SUB,expert,RSC,39,0.0,0.0
75,RSC-SUB,expert,RSC,40,0.072793,0.01266
75,RSC-SUB,expert,RSC,41,0.147414,0.025088
75,RSC-SUB,expert,RSC,42,0.128618,0.028343
75,RSC-SUB,expert,RSC,43,0.715721,0.080175
75,RSC-SUB,expert,RSC,44,0.013502,0.001783
75,RSC-SUB,expert,RSC,45,0.25881,0.048795
75,RSC-SUB,expert,RSC,46,0.075825,0.011607
75,RSC-SUB,expert,RSC,47,0.13347,0.018641
75,RSC-SUB,expert,RSC,48,0.193183,0.035628
75,RSC-SUB,expert,RSC,49,0.135368,0.023844
75,RSC-SUB,expert,RSC,50,0.084308,0.015112
75,RSC-SUB,expert,RSC,51,0.137638,0.02595
75,RSC-SUB,expert,RSC,52,0.02599,0.003298
75,RSC-SUB,expert,RSC,53,0.058488,0.008241
75,RSC-SUB,expert,RSC,54,0.190591,0.021415
75,RSC-SUB,expert,RSC,55,0.0,0.0
75,RSC-SUB,expert,RSC,56,0.094389,0.01516
75,RSC-SUB,expert,RSC,57,0.060388,0.014095
75,RSC-SUB,expert,RSC,58,0.037562,0.007891
75,RSC-SUB,expert,RSC,59,0.139787,0.02396
75,RSC-SUB,expert,RSC,60,0.044325,0.008261
75,RSC-SUB,expert,RSC,61,0.087295,0.013845
75,RSC-SUB,expert,RSC,62,0.450954,0.08148
75,RSC-SUB,expert,RSC,63,0.091693,0.013059
75,RSC-SUB,expert,RSC,64,0.020103,0.002825
75,RSC-SUB,expert,RSC,65,0.018115,0.002812
75,RSC-SUB,expert,RSC,66,0.027658,0.004249
75,RSC-SUB,expert,RSC,67,0.733055,0.085673
75,RSC-SUB,expert,RSC,68,0.320508,0.049611
75,RSC-SUB,expert,RSC,69,0.027634,0.004422
75,RSC-SUB,expert,RSC,70,0.201452,0.034553
75,RSC-SUB,expert,RSC,71,0.716148,0.084494
75,RSC-SUB,expert,RSC,72,0.328968,0.05413
75,RSC-SUB,expert,RSC,73,0.673539,0.105037
75,RSC-SUB,expert,RSC,74,0.070798,0.011484
75,RSC-SUB,expert,RSC,75,0.071227,0.009656
75,RSC-SUB,expert,RSC,76,0.025689,0.003308
75,RSC-SUB,expert,RSC,77,0.036655,0.006109
75,RSC-SUB,expert,RSC,78,0.135137,0.024939
75,RSC-SUB,expert,RSC,79,0.74021,0.067452
75,RSC-SUB,expert,RSC,80,0.190362,0.031215
75,RSC-SUB,expert,RSC,81,0.122125,0.019535
75,RSC-SUB,expert,RSC,82,0.191697,0.040249
75,RSC-SUB,expert,RSC,83,0.039165,0.01018
75,RSC-SUB,expert,RSC,84,0.216589,0.045335
75,RSC-SUB,expert,RSC,85,0.238048,0.053899
75,RSC-SUB,expert,RSC,86,0.125555,0.022631
75,RSC-SUB,expert,RSC,87,0.139816,0.02655
75,RSC-SUB,expert,RSC,88,0.210083,0.051751
75,RSC-SUB,expert,RSC,89,0.08516,0.011992
75,RSC-SUB,expert,RSC,90,0.15539,0.026584
75,RSC-SUB,expert,RSC,91,0.23941,0.041913
75,RSC-SUB,expert,RSC,92,0.163359,0.042537
75,RSC-SUB,expert,RSC,93,0.155442,0.0279
75,RSC-SUB,expert,RSC,94,0.010575,0.002398
75,RSC-SUB,expert,RSC,95,0.008764,0.001586
75,RSC-SUB,expert,RSC,96,0.02771,0.004423
75,RSC-SUB,expert,RSC,97,0.08548,0.014846
75,RSC-SUB,expert,RSC,98,0.258164,0.054586
75,RSC-SUB,expert,RSC,99,0.084507,0.010849
75,RSC-SUB,expert,RSC,100,0.096989,0.013556
75,RSC-SUB,expert,RSC,101,0.081735,0.01168
75,RSC-SUB,expert,RSC,102,0.051238,0.005902
75,RSC-SUB,expert,RSC,103,0.125653,0.020217
75,RSC-SUB,expert,RSC,104,0.00312,0.000558
75,RSC-SUB,expert,RSC,105,0.599158,0.040408
75,RSC-SUB,expert,RSC,106,0.019297,0.00243
75,RSC-SUB,expert,RSC,107,0.189914,0.033515
75,RSC-SUB,expert,RSC,108,0.050117,0.007462
75,RSC-SUB,expert,RSC,109,0.077293,0.01368
75,RSC-SUB,expert,RSC,110,0.062778,0.011602
75,RSC-SUB,expert,RSC,111,0.060926,0.009395
75,RSC-SUB,expert,RSC,112,0.134369,0.018478
75,RSC-SUB,expert,RSC,113,0.059048,0.008645
75,RSC-SUB,expert,RSC,114,0.0,0.0
75,RSC-SUB,expert,RSC,115,0.114508,0.021727
75,RSC-SUB,expert,RSC,116,0.071841,0.009461
75,RSC-SUB,expert,RSC,117,0.09414,0.015778
75,RSC-SUB,expert,RSC,118,0.076438,0.017266
75,RSC-SUB,expert,RSC,119,0.004938,0.000765
75,RSC-SUB,expert,RSC,120,0.082936,0.010317
75,RSC-SUB,expert,RSC,121,0.026941,0.003871
75,RSC-SUB,expert,RSC,122,0.143297,0.029339
75,RSC-SUB,expert,RSC,123,0.249786,0.045558
75,RSC-SUB,expert,RSC,124,0.088488,0.015231
75,RSC-SUB,expert,RSC,125,0.069573,0.014714
75,RSC-SUB,expert,RSC,126,0.750229,0.080649
75,RSC-SUB,expert,RSC,127,0.689367,0.070703
75,RSC-SUB,expert,RSC,128,0.121275,0.022898
75,RSC-SUB,expert,RSC,129,0.16265,0.031683
75,RSC-SUB,expert,RSC,130,0.0,0.0
75,RSC-SUB,expert,RSC,131,0.700415,0.095747
75,RSC-SUB,expert,RSC,132,0.16103,0.041129
75,RSC-SUB,expert,RSC,133,0.079672,0.016536
75,RSC-SUB,expert,RSC,134,0.152431,0.027921
75,RSC-SUB,expert,RSC,135,0.211313,0.027527
75,RSC-SUB,expert,RSC,136,0.146795,0.028144
75,RSC-SUB,expert,RSC,137,0.051611,0.007743
75,RSC-SUB,expert,RSC,138,0.048224,0.006714
75,RSC-SUB,expert,RSC,139,0.121386,0.021374
75,RSC-SUB,expert,RSC,140,0.179176,0.028627
75,RSC-SUB,expert,RSC,141,0.144929,0.02451
75,RSC-SUB,expert,RSC,142,0.093727,0.015256
75,RSC-SUB,expert,RSC,143,0.086875,0.017841
75,RSC-SUB,expert,RSC,144,0.007768,0.001709
75,RSC-SUB,expert,RSC,145,0.0,0.0
75,RSC-SUB,expert,RSC,146,0.074687,0.009838
75,RSC-SUB,expert,RSC,147,0.047211,0.006234
75,RSC-SUB,expert,RSC,148,0.07961,0.011976
75,RSC-SUB,expert,RSC,149,0.013048,0.002175
75,RSC-SUB,expert,RSC,150,0.023339,0.003307
75,RSC-SUB,expert,RSC,151,0.049401,0.007131
75,RSC-SUB,expert,RSC,152,0.087609,0.013454
75,RSC-SUB,expert,RSC,153,0.011445,0.002224
75,RSC-SUB,expert,RSC,154,0.05242,0.007002
75,RSC-SUB,expert,RSC,155,0.733879,0.081275
75,RSC-SUB,expert,RSC,156,0.25292,0.029114
75,RSC-SUB,expert,RSC,157,0.703239,0.080058
75,RSC-SUB,expert,RSC,158,0.677722,0.09909
75,RSC-SUB,expert,RSC,159,0.144647,0.020772
75,RSC-SUB,expert,RSC,160,0.262252,0.056301
75,RSC-SUB,expert,RSC,161,0.079806,0.014238
75,RSC-SUB,expert,RSC,162,0.032646,0.004848
75,RSC-SUB,expert,RSC,163,0.063826,0.01067
75,RSC-SUB,expert,RSC,164,0.140689,0.01948
75,RSC-SUB,expert,RSC,165,0.228118,0.035164
75,RSC-SUB,expert,RSC,166,0.082212,0.012837
75,RSC-SUB,expert,RSC,167,0.066896,0.007837
75,RSC-SUB,expert,RSC,168,0.084111,0.011298
75,RSC-SUB,expert,RSC,169,0.098307,0.011617
75,RSC-SUB,expert,RSC,170,0.254537,0.054995
75,RSC-SUB,expert,RSC,171,0.120859,0.019082
75,RSC-SUB,expert,RSC,172,0.035487,0.005592
75,RSC-SUB,expert,RSC,173,0.069352,0.012683
75,RSC-SUB,expert,RSC,174,0.099784,0.023735
75,RSC-SUB,expert,RSC,175,0.156755,0.021666
75,RSC-SUB,expert,RSC,176,0.112225,0.019206
75,RSC-SUB,expert,RSC,177,0.136073,0.023647
75,RSC-SUB,expert,RSC,178,0.245094,0.04115
75,RSC-SUB,expert,RSC,179,0.166384,0.029262
75,RSC-SUB,expert,RSC,180,0.240523,0.053987
75,RSC-SUB,expert,RSC,181,0.033677,0.005547
75,RSC-SUB,expert,RSC,182,0.509621,0.120038
75,RSC-SUB,expert,RSC,183,0.027358,0.003961
75,RSC-SUB,expert,RSC,184,0.156997,0.021536
75,RSC-SUB,expert,RSC,185,0.540879,0.058664
75,RSC-SUB,expert,RSC,186,0.325564,0.053026
75,RSC-SUB,expert,RSC,187,0.202313,0.033997
75,RSC-SUB,expert,RSC,188,0.15063,0.019195
75,RSC-SUB,expert,RSC,189,0.574355,0.079929
75,RSC-SUB,expert,RSC,190,0.098716,0.01851
75,RSC-SUB,expert,RSC,191,0.062588,0.01102
75,RSC-SUB,expert,RSC,192,0.733818,0.093395
75,RSC-SUB,expert,RSC,193,0.076442,0.012203
75,RSC-SUB,expert,RSC,194,0.103597,0.013312
75,RSC-SUB,expert,RSC,195,0.046612,0.006097
75,RSC-SUB,expert,SUB,0,0.875875,0.112155
75,RSC-SUB,expert,SUB,1,0.971665,0.090496
75,RSC-SUB,expert,SUB,2,0.43528,0.051267
75,RSC-SUB,expert,SUB,3,0.648054,0.083945
75,RSC-SUB,expert,SUB,4,0.474144,0.056858
75,RSC-SUB,expert,SUB,5,0.658621,0.089105
75,RSC-SUB,expert,SUB,6,0.623923,0.113429
75,RSC-SUB,expert,SUB,7,0.935566,0.136699
75,RSC-SUB,expert,SUB,8,0.770229,0.108377
75,RSC-SUB,expert,SUB,9,0.702457,0.097609
75,RSC-SUB,expert,SUB,10,0.529525,0.079465
75,RSC-SUB,expert,SUB,11,0.688267,0.085913
75,RSC-SUB,expert,SUB,12,0.798475,0.109118
75,RSC-SUB,expert,SUB,13,0.879814,0.109118
75,RSC-SUB,expert,SUB,14,0.886104,0.075922
75,RSC-SUB,expert,SUB,15,0.6855,0.09092
75,RSC-SUB,expert,SUB,16,0.839297,0.104732
75,RSC-SUB,expert,SUB,17,0.863549,0.118466
75,RSC-SUB,expert,SUB,18,0.737872,0.12154
75,RSC-SUB,expert,SUB,19,0.793601,0.128697
75,RSC-SUB,expert,SUB,20,0.752992,0.080626
75,RSC-SUB,expert,SUB,21,0.668611,0.06625
75,RSC-SUB,expert,SUB,22,0.035595,0.004808
75,RSC-SUB,expert,SUB,23,0.602506,0.147379
75,RSC-SUB,expert,SUB,24,0.558808,0.136047
75,RSC-SUB,expert,SUB,25,0.44826,0.060582
75,RSC-SUB,expert,SUB,26,0.937873,0.133252
75,RSC-SUB,expert,SUB,27,0.021862,0.003605
75,RSC-SUB,expert,SUB,28,0.773249,0.097473
75,RSC-SUB,expert,SUB,29,0.833418,0.099966
75,RSC-SUB,expert,SUB,30,0.820829,0.126008
75,RSC-SUB,expert,SUB,31,0.599165,0.070756
75,RSC-SUB,expert,SUB,32,0.906156,0.133
75,RSC-SUB,expert,SUB,33,0.555576,0.091459
75,RSC-SUB,expert,SUB,34,0.511512,0.098529
75,RSC-SUB,expert,SUB,35,0.128519,0.016868
75,RSC-SUB,expert,SUB,36,0.90925,0.152635
75,RSC-SUB,expert,SUB,37,0.137257,0.015299
75,V1-RSC,naive,V1,0,0.185181,0.0642
75,V1-RSC,naive,V1,1,0.114484,0.049208
75,V1-RSC,naive,V1,2,0.191648,0.06395
75,V1-RSC,naive,V1,3,0.222473,0.100302
75,V1-RSC,naive,V1,4,0.722479,0.089116
75,V1-RSC,naive,V1,5,0.234107,0.06138
75,V1-RSC,naive,V1,6,0.147324,0.039625
75,V1-RSC,naive,V1,7,0.550933,0.19801
75,V1-RSC,naive,V1,8,0.344642,0.081388
75,V1-RSC,naive,V1,9,0.286833,0.095863
75,V1-RSC,naive,V1,10,0.181143,0.068944
75,V1-RSC,naive,V1,11,0.302608,0.084673
75,V1-RSC,naive,V1,12,0.491084,0.129202
75,V1-RSC,naive,V1,13,0.38891,0.090967
75,V1-RSC,naive,V1,14,0.326857,0.066368
75,V1-RSC,naive,V1,15,0.672752,0.084751
75,V1-RSC,naive,V1,16,0.297698,0.134187
75,V1-RSC,naive,V1,17,0.177093,0.035852
75,V1-RSC,naive,V1,18,0.174586,0.057913
75,V1-RSC,naive,V1,19,0.620493,0.205273
75,V1-RSC,naive,V1,20,0.317743,0.102997
75,V1-RSC,naive,V1,21,0.233664,0.056595
75,V1-RSC,naive,V1,22,0.209837,0.101914
75,V1-RSC,naive,V1,23,0.123864,0.03534
75,V1-RSC,naive,V1,24,0.069129,0.018029
75,V1-RSC,naive,V1,25,0.306149,0.087475
75,V1-RSC,naive,V1,26,0.252853,0.082248
75,V1-RSC,naive,V1,27,0.766331,0.145862
75,V1-RSC,naive,V1,28,0.275176,0.094228
75,V1-RSC,naive,V1,29,0.737433,0.176787
75,V1-RSC,naive,V1,30,0.737746,0.185939
75,V1-RSC,naive,V1,31,0.135693,0.047878
75,V1-RSC,naive,V1,32,0.290165,0.09436
75,V1-RSC,naive,V1,33,0.324386,0.071231
75,V1-RSC,naive,V1,34,0.330491,0.082554
75,V1-RSC,naive,V1,35,0.423644,0.08395
75,V1-RSC,naive,V1,36,0.750944,0.183684
75,V1-RSC,naive,V1,37,0.600528,0.097483
75,V1-RSC,naive,V1,38,0.298735,0.101507
75,V1-RSC,naive,V1,39,0.301661,0.065573
75,V1-RSC,naive,V1,40,0.794642,0.307144
75,V1-RSC,naive,V1,41,0.521507,0.136717
75,V1-RSC,naive,V1,42,0.210612,0.064781
75,V1-RSC,naive,V1,43,0.265171,0.06603
75,V1-RSC,naive,V1,44,0.093999,0.031064
75,V1-RSC,naive,V1,45,0.067341,0.019624
75,V1-RSC,naive,V1,46,0.225707,0.074609
75,V1-RSC,naive,V1,47,0.057218,0.017628
75,V1-RSC,naive,V1,48,0.342179,0.103435
75,V1-RSC,naive,V1,49,0.763903,0.122797
75,V1-RSC,naive,V1,50,0.757063,0.132825
75,V1-RSC,naive,V1,51,0.192827,0.061235
75,V1-RSC,naive,V1,52,0.258929,0.078104
75,V1-RSC,naive,V1,53,0.833148,0.191898
75,V1-RSC,naive,V1,54,0.16955,0.035398
75,V1-RSC,naive,V1,55,0.582048,0.154592
75,V1-RSC,naive,V1,56,0.802073,0.155938
75,V1-RSC,naive,V1,57,0.700172,0.158843
75,V1-RSC,naive,V1,58,0.651424,0.134363
75,V1-RSC,naive,V1,59,0.237902,0.080018
75,V1-RSC,naive,V1,60,0.195578,0.058546
75,V1-RSC,naive,V1,61,0.38936,0.145382
75,V1-RSC,naive,V1,62,0.216325,0.044168
75,V1-RSC,naive,RSC,0,0.035013,0.009578
75,V1-RSC,naive,RSC,1,0.039336,0.010572
75,V1-RSC,naive,RSC,2,0.042913,0.020356
75,V1-RSC,naive,RSC,3,0.022735,0.008481
75,V1-RSC,naive,RSC,4,0.065396,0.022012
75,V1-RSC,naive,RSC,5,0.10133,0.017348
75,V1-RSC,naive,RSC,6,0.023447,0.00815
75,V1-RSC,naive,RSC,7,0.03073,0.010707
75,V1-RSC,naive,RSC,8,0.429116,0.093307
75,V1-RSC,naive,RSC,9,0.676145,0.109938
75,V1-RSC,naive,RSC,10,0.015378,0.004741
75,V1-RSC,naive,RSC,11,0.015827,0.002923
75,V1-RSC,naive,RSC,12,0.040293,0.014914
75,V1-RSC,naive,RSC,13,0.033044,0.009635
75,V1-RSC,naive,RSC,14,0.162633,0.069596
75,V1-RSC,naive,RSC,15,0.0,0.0
75,V1-RSC,naive,RSC,16,0.075899,0.028505
75,V1-RSC,naive,RSC,17,0.015145,0.004654
75,V1-RSC,naive,RSC,18,0.042022,0.011621
75,V1-RSC,naive,RSC,19,0.352075,0.077501
75,V1-RSC,naive,RSC,20,0.149884,0.080137
75,V1-RSC,naive,RSC,21,0.009323,0.004214
75,V1-RSC,naive,RSC,22,0.01084,0.003035
75,V1-RSC,naive,RSC,23,0.04346,0.011734
75,V1-RSC,naive,RSC,24,0.004881,0.001527
75,V1-RSC,naive,RSC,25,0.036359,0.010454
75,V1-RSC,naive,RSC,26,0.171428,0.044576
75,V1-RSC,naive,RSC,27,0.016806,0.005178
75,V1-RSC,naive,RSC,28,0.108358,0.055553
75,V1-RSC,naive,RSC,29,0.057113,0.027469
75,V1-RSC,naive,RSC,30,0.009044,0.002647
75,V1-RSC,naive,RSC,31,0.159022,0.035015
75,V1-RSC,naive,RSC,32,0.023198,0.013443
75,V1-RSC,naive,RSC,33,0.013305,0.003418
75,V1-RSC,naive,RSC,34,0.002379,0.000591
75,V1-RSC,naive,RSC,35,0.232706,0.071217
75,V1-RSC,naive,RSC,36,0.018165,0.005394
75,V1-RSC,naive,RSC,37,0.505047,0.082761
75,V1-RSC,naive,RSC,38,0.032522,0.013923
75,V1-RSC,naive,RSC,39,0.133633,0.035999
75,V1-RSC,naive,RSC,40,0.648698,0.137528
75,V1-RSC,naive,RSC,41,0.643768,0.175813
75,V1-RSC,naive,RSC,42,0.119912,0.061467
75,V1-RSC,naive,RSC,43,0.060501,0.018175
75,V1-RSC,naive,RSC,44,0.013405,0.004232
75,V1-RSC,naive,RSC,45,0.007048,0.00319
75,V1-RSC,naive,RSC,46,0.006168,0.002371
75,V1-RSC,naive,RSC,47,0.034925,0.008434
75,V1-RSC,naive,RSC,48,0.014883,0.005163
75,V1-RSC,naive,RSC,49,0.11638,0.047725
75,V1-RSC,naive,RSC,50,0.013823,0.003875
75,V1-RSC,naive,RSC,51,0.091575,0.047032
75,V1-RSC,naive,RSC,52,0.024484,0.007488
75,V1-RSC,naive,RSC,53,0.069595,0.036165
75,V1-RSC,naive,RSC,54,0.036723,0.009093
75,V1-RSC,naive,RSC,55,0.01443,0.002204
75,V1-RSC,naive,RSC,56,0.017808,0.005893
75,V1-RSC,naive,RSC,57,0.004012,0.001169
75,V1-RSC,naive,RSC,58,0.001803,0.000574
75,V1-RSC,naive,RSC,59,0.027509,0.005703
75,V1-RSC,naive,RSC,60,0.117239,0.043531
75,V1-RSC,naive,RSC,61,0.105751,0.029454
75,V1-RSC,naive,RSC,62,0.147143,0.072549
75,V1-RSC,naive,RSC,63,0.022734,0.007866
75,V1-RSC,naive,RSC,64,0.030905,0.007525
75,V1-RSC,naive,RSC,65,0.007164,0.002263
75,V1-RSC,naive,RSC,66,0.104008,0.023275
75,V1-RSC,naive,RSC,67,0.042392,0.011829
75,V1-RSC,naive,RSC,68,0.271507,0.128006
75,V1-RSC,naive,RSC,69,0.723044,0.193313
75,V1-RSC,naive,RSC,70,0.153166,0.065093
75,V1-RSC,naive,RSC,71,0.027609,0.011491
75,V1-RSC,naive,RSC,72,0.023331,0.007194
75,V1-RSC,naive,RSC,73,0.027967,0.008052
75,V1-RSC,naive,RSC,74,0.59287,0.120952
75,V1-RSC,naive,RSC,75,0.066102,0.026796
75,V1-RSC,naive,RSC,76,0.068372,0.017458
75,V1-RSC,naive,RSC,77,0.039581,0.014961
75,V1-RSC,naive,RSC,78,0.086541,0.026356
75,V1-RSC,naive,RSC,79,0.0,0.0
75,V1-RSC,naive,RSC,80,0.12616,0.039389
75,V1-RSC,naive,RSC,81,0.068923,0.023911
75,V1-RSC,naive,RSC,82,0.110539,0.047044
75,V1-RSC,naive,RSC,83,0.070824,0.037042
75,V1-RSC,naive,RSC,84,0.211776,0.087356
75,V1-RSC,naive,RSC,85,0.076548,0.025251
75,V1-RSC,naive,RSC,86,0.166839,0.073705
75,V1-RSC,naive,RSC,87,0.049313,0.019714
75,V1-RSC,naive,RSC,88,0.090762,0.038429
75,V1-RSC,naive,RSC,89,0.029982,0.009105
75,V1-RSC,naive,RSC,90,0.061615,0.025894
75,V1-RSC,naive,RSC,91,0.099794,0.040169
75,V1-RSC,naive,RSC,92,0.068726,0.027959
75,V1-RSC,naive,RSC,93,0.136185,0.059514
75,V1-RSC,naive,RSC,94,0.005857,0.002205
75,V1-RSC,naive,RSC,95,0.05498,0.015074
75,V1-RSC,naive,RSC,96,0.015201,0.007367
75,V1-RSC,naive,RSC,97,0.066174,0.023748
75,V1-RSC,naive,RSC,98,0.186247,0.075124
75,V1-RSC,naive,RSC,99,0.01526,0.002518
75,V1-RSC,naive,RSC,100,0.02724,0.007164
75,V1-RSC,naive,RSC,101,0.042231,0.012322
75,V1-RSC,naive,RSC,102,0.726078,0.102974
75,V1-RSC,naive,RSC,103,0.138827,0.066933
75,V1-RSC,naive,RSC,104,0.014835,0.003592
75,V1-RSC,naive,RSC,105,0.011325,0.003551
75,V1-RSC,naive,RSC,106,0.092906,0.027309
75,V1-RSC,naive,RSC,107,0.009729,0.003289
75,V1-RSC,naive,RSC,108,0.030586,0.011409
75,V1-RSC,naive,RSC,109,0.082706,0.029487
75,V1-RSC,naive,RSC,110,0.059963,0.027795
75,V1-RSC,naive,RSC,111,0.01359,0.004341
75,V1-RSC,naive,RSC,112,0.122811,0.031407
75,V1-RSC,naive,RSC,113,0.628448,0.12248
75,V1-RSC,naive,RSC,114,0.006639,0.002822
75,V1-RSC,naive,RSC,115,0.050732,0.019655
75,V1-RSC,naive,RSC,116,0.018279,0.004618
75,V1-RSC,naive,RSC,117,0.029438,0.007881
75,V1-RSC,naive,RSC,118,0.099082,0.039504
75,V1-RSC,naive,RSC,119,0.0,0.0
75,V1-RSC,naive,RSC,120,0.030361,0.007286
75,V1-RSC,naive,RSC,121,0.054454,0.014743
75,V1-RSC,naive,RSC,122,0.093026,0.023896
75,V1-RSC,naive,RSC,123,0.140935,0.072858
75,V1-RSC,naive,RSC,124,0.6366,0.17973
75,V1-RSC,naive,RSC,125,0.005021,0.001646
75,V1-RSC,naive,RSC,126,0.003069,0.001059
75,V1-RSC,naive,RSC,127,0.157352,0.067855
75,V1-RSC,naive,RSC,128,0.025966,0.006557
75,V1-RSC,naive,RSC,129,0.073993,0.042414
75,V1-RSC,naive,RSC,130,0.044407,0.009638
75,V1-RSC,naive,RSC,131,0.070807,0.026456
75,V1-RSC,naive,RSC,132,0.151714,0.049719
75,V1-RSC,naive,RSC,133,0.60186,0.276004
75,V1-RSC,naive,RSC,134,0.064586,0.027467
75,V1-RSC,naive,RSC,135,0.078264,0.015227
75,V1-RSC,naive,RSC,136,0.079933,0.029866
75,V1-RSC,naive,RSC,137,0.058074,0.017611
75,V1-RSC,naive,RSC,138,0.035176,0.011281
75,V1-RSC,naive,RSC,139,0.049719,0.022299
75,V1-RSC,naive,RSC,140,0.124599,0.048953
75,V1-RSC,naive,RSC,141,0.092607,0.046538
75,V1-RSC,naive,RSC,142,0.077011,0.037518
75,V1-RSC,naive,RSC,143,0.034194,0.012212
75,V1-RSC,naive,RSC,144,0.119675,0.030396
75,V1-RSC,naive,RSC,145,0.757619,0.078417
75,V1-RSC,naive,RSC,146,0.699586,0.191228
75,V1-RSC,naive,RSC,147,0.025111,0.007272
75,V1-RSC,naive,RSC,148,0.151448,0.032039
75,V1-RSC,naive,RSC,149,0.094238,0.017377
75,V1-RSC,naive,RSC,150,0.642634,0.114331
75,V1-RSC,naive,RSC,151,0.109395,0.040507
75,V1-RSC,naive,RSC,152,0.009266,0.002932
75,V1-RSC,naive,RSC,153,0.024173,0.008998
75,V1-RSC,naive,RSC,154,0.172687,0.030393
75,V1-RSC,naive,RSC,155,0.01925,0.006421
75,V1-RSC,naive,RSC,156,0.02763,0.011195
75,V1-RSC,naive,RSC,157,0.001394,0.000519
75,V1-RSC,naive,RSC,158,0.729302,0.101009
75,V1-RSC,naive,RSC,159,0.087336,0.029729
75,V1-RSC,naive,RSC,160,0.008263,0.002162
75,V1-RSC,naive,RSC,161,0.030197,0.011962
75,V1-RSC,naive,RSC,162,0.035614,0.010577
75,V1-RSC,naive,RSC,163,0.029462,0.01037
75,V1-RSC,naive,RSC,164,0.1302,0.058524
75,V1-RSC,naive,RSC,165,0.118481,0.062491
75,V1-RSC,naive,RSC,166,0.086755,0.045018
75,V1-RSC,naive,RSC,167,0.0576,0.013343
75,V1-RSC,naive,RSC,168,0.044558,0.01303
75,V1-RSC,naive,RSC,169,0.175192,0.059413
75,V1-RSC,naive,RSC,170,0.066725,0.027589
75,V1-RSC,naive,RSC,171,0.075463,0.035094
75,V1-RSC,naive,RSC,172,0.004797,0.00182
75,V1-RSC,naive,RSC,173,0.030782,0.011847
75,V1-RSC,naive,RSC,174,0.068222,0.017006
75,V1-RSC,naive,RSC,175,0.045501,0.017103
75,V1-RSC,naive,RSC,176,0.068812,0.025768
75,V1-RSC,naive,RSC,177,0.09224,0.049491
75,V1-RSC,naive,RSC,178,0.148781,0.061083
75,V1-RSC,naive,RSC,179,0.579981,0.172055
75,V1-RSC,naive,RSC,180,0.083409,0.04563
75,V1-RSC,naive,RSC,181,0.720544,0.186214
75,V1-RSC,naive,RSC,182,0.037301,0.011944
75,V1-RSC,naive,RSC,183,0.018773,0.005366
75,V1-RSC,naive,RSC,184,0.088368,0.026073
75,V1-RSC,naive,RSC,185,0.112129,0.052133
75,V1-RSC,naive,RSC,186,0.113043,0.040794
75,V1-RSC,naive,RSC,187,0.018471,0.004994
75,V1-RSC,naive,RSC,188,0.047914,0.01857
75,V1-RSC,naive,RSC,189,0.059368,0.023896
75,V1-RSC,naive,RSC,190,0.019591,0.007774
75,V1-RSC,naive,RSC,191,0.032559,0.013355
75,V1-RSC,naive,RSC,192,0.001536,0.000674
75,V1-RSC,naive,RSC,193,0.693165,0.17955
75,V1-RSC,naive,RSC,194,0.028584,0.00454
75,V1-RSC,naive,RSC,195,0.686291,0.239809
75,V1-RSC,intermediate,V1,0,0.42539,0.113768
75,V1-RSC,intermediate,V1,1,0.256191,0.068322
75,V1-RSC,intermediate,V1,2,0.272887,0.062218
75,V1-RSC,intermediate,V1,3,0.305729,0.094058
75,V1-RSC,intermediate,V1,4,0.825517,0.106303
75,V1-RSC,intermediate,V1,5,0.313038,0.041354
75,V1-RSC,intermediate,V1,6,0.267545,0.07877
75,V1-RSC,intermediate,V1,7,0.448754,0.072495
75,V1-RSC,intermediate,V1,8,0.785943,0.116137
75,V1-RSC,intermediate,V1,9,0.445235,0.136736
75,V1-RSC,intermediate,V1,10,0.280523,0.053058
75,V1-RSC,intermediate,V1,11,0.423338,0.123284
75,V1-RSC,intermediate,V1,12,0.460986,0.08451
75,V1-RSC,intermediate,V1,13,0.589842,0.182128
75,V1-RSC,intermediate,V1,14,0.630934,0.133135
75,V1-RSC,intermediate,V1,15,0.878869,0.129199
75,V1-RSC,intermediate,V1,16,0.297475,0.034041
75,V1-RSC,intermediate,V1,17,0.812167,0.075867
75,V1-RSC,intermediate,V1,18,0.39151,0.07666
75,V1-RSC,intermediate,V1,19,0.728769,0.1437
75,V1-RSC,intermediate,V1,20,0.258632,0.078162
75,V1-RSC,intermediate,V1,21,0.392222,0.104335
75,V1-RSC,intermediate,V1,22,0.293508,0.03784
75,V1-RSC,intermediate,V1,23,0.763974,0.221021
75,V1-RSC,intermediate,V1,24,0.376828,0.132979
75,V1-RSC,intermediate,V1,25,0.330945,0.06562
75,V1-RSC,intermediate,V1,26,0.410449,0.103857
75,V1-RSC,intermediate,V1,27,0.835251,0.06958
75,V1-RSC,intermediate,V1,28,0.334224,0.068767
75,V1-RSC,intermediate,V1,29,0.429993,0.162689
75,V1-RSC,intermediate,V1,30,0.808013,0.187069
75,V1-RSC,intermediate,V1,31,0.244217,0.095758
75,V1-RSC,intermediate,V1,32,0.43217,0.071904
75,V1-RSC,intermediate,V1,33,0.333216,0.134062
75,V1-RSC,intermediate,V1,34,0.151464,0.026918
75,V1-RSC,intermediate,V1,35,0.057551,0.016304
75,V1-RSC,intermediate,V1,36,0.904419,0.064786
75,V1-RSC,intermediate,V1,37,0.576229,0.083748
75,V1-RSC,intermediate,V1,38,0.409257,0.146055
75,V1-RSC,intermediate,V1,39,0.518593,0.193482
75,V1-RSC,intermediate,V1,40,0.507273,0.163407
75,V1-RSC,intermediate,V1,41,0.490191,0.134376
75,V1-RSC,intermediate,V1,42,0.670836,0.185709
75,V1-RSC,intermediate,V1,43,0.676476,0.128784
75,V1-RSC,intermediate,V1,44,0.331076,0.087817
75,V1-RSC,intermediate,V1,45,0.551812,0.195226
75,V1-RSC,intermediate,V1,46,0.718335,0.14726
75,V1-RSC,intermediate,V1,47,0.887001,0.100795
75,V1-RSC,intermediate,V1,48,0.696111,0.132531
75,V1-RSC,intermediate,V1,49,0.50007,0.15142
75,V1-RSC,intermediate,V1,50,0.433802,0.105888
75,V1-RSC,intermediate,V1,51,0.343078,0.137964
75,V1-RSC,intermediate,V1,52,0.325335,0.095389
75,V1-RSC,intermediate,V1,53,0.10176,0.027619
75,V1-RSC,intermediate,V1,54,0.133323,0.021187
75,V1-RSC,intermediate,V1,55,0.145295,0.031281
75,V1-RSC,intermediate,V1,56,0.222635,0.051924
75,V1-RSC,intermediate,V1,57,0.06686,0.0217
75,V1-RSC,intermediate,V1,58,0.317014,0.063278
75,V1-RSC,intermediate,V1,59,0.302449,0.041584
75,V1-RSC,intermediate,V1,60,0.522998,0.142226
75,V1-RSC,intermediate,V1,61,0.652559,0.172717
75,V1-RSC,intermediate,V1,62,0.639198,0.166035
75,V1-RSC,intermediate,RSC,0,0.048671,0.01314
75,V1-RSC,intermediate,RSC,1,0.056963,0.014449
75,V1-RSC,intermediate,RSC,2,0.072316,0.017188
75,V1-RSC,intermediate,RSC,3,0.029526,0.007939
75,V1-RSC,intermediate,RSC,4,0.022035,0.007034
75,V1-RSC,intermediate,RSC,5,0.158721,0.026441
75,V1-RSC,intermediate,RSC,6,0.05769,0.016199
75,V1-RSC,intermediate,RSC,7,0.05582,0.016209
75,V1-RSC,intermediate,RSC,8,0.033049,0.011549
75,V1-RSC,intermediate,RSC,9,0.070676,0.025831
75,V1-RSC,intermediate,RSC,10,0.015944,0.003934
75,V1-RSC,intermediate,RSC,11,0.673399,0.138385
75,V1-RSC,intermediate,RSC,12,0.049013,0.008618
75,V1-RSC,intermediate,RSC,13,0.01607,0.005583
75,V1-RSC,intermediate,RSC,14,0.215171,0.122691
75,V1-RSC,intermediate,RSC,15,0.0,0.0
75,V1-RSC,intermediate,RSC,16,0.121814,0.036286
75,V1-RSC,intermediate,RSC,17,0.057551,0.008576
75,V1-RSC,intermediate,RSC,18,0.076451,0.024842
75,V1-RSC,intermediate,RSC,19,0.056388,0.015102
75,V1-RSC,intermediate,RSC,20,0.153496,0.041111
75,V1-RSC,intermediate,RSC,21,0.042569,0.01356
75,V1-RSC,intermediate,RSC,22,0.082684,0.016113
75,V1-RSC,intermediate,RSC,23,0.082978,0.03001
75,V1-RSC,intermediate,RSC,24,0.012028,0.003238
75,V1-RSC,intermediate,RSC,25,0.420402,0.095988
75,V1-RSC,intermediate,RSC,26,0.0,0.0
75,V1-RSC,intermediate,RSC,27,0.036318,0.007704
75,V1-RSC,intermediate,RSC,28,0.156803,0.055348
75,V1-RSC,intermediate,RSC,29,0.074759,0.00879
75,V1-RSC,intermediate,RSC,30,0.052389,0.020897
75,V1-RSC,intermediate,RSC,31,0.06239,0.012153
75,V1-RSC,intermediate,RSC,32,0.06317,0.018518
75,V1-RSC,intermediate,RSC,33,0.00427,0.00114
75,V1-RSC,intermediate,RSC,34,0.001359,0.000414
75,V1-RSC,intermediate,RSC,35,0.090419,0.022448
75,V1-RSC,intermediate,RSC,36,0.353566,0.16798
75,V1-RSC,intermediate,RSC,37,0.004286,0.0009
75,V1-RSC,intermediate,RSC,38,0.318988,0.15575
75,V1-RSC,intermediate,RSC,39,0.776206,0.053033
75,V1-RSC,intermediate,RSC,40,0.437796,0.071022
75,V1-RSC,intermediate,RSC,41,0.39785,0.097282
75,V1-RSC,intermediate,RSC,42,0.14792,0.031366
75,V1-RSC,intermediate,RSC,43,0.365587,0.074422
75,V1-RSC,intermediate,RSC,44,0.620653,0.044403
75,V1-RSC,intermediate,RSC,45,0.083677,0.048477
75,V1-RSC,intermediate,RSC,46,0.61836,0.196297
75,V1-RSC,intermediate,RSC,47,0.038762,0.00949
75,V1-RSC,intermediate,RSC,48,0.178875,0.053958
75,V1-RSC,intermediate,RSC,49,0.136758,0.032018
75,V1-RSC,intermediate,RSC,50,0.129331,0.057998
75,V1-RSC,intermediate,RSC,51,0.178276,0.042394
75,V1-RSC,intermediate,RSC,52,0.016096,0.002273
75,V1-RSC,intermediate,RSC,53,0.062587,0.010583
75,V1-RSC,intermediate,RSC,54,0.107916,0.01301
75,V1-RSC,intermediate,RSC,55,0.375686,0.045996
75,V1-RSC,intermediate,RSC,56,0.040062,0.009676
75,V1-RSC,intermediate,RSC,57,0.059124,0.015825
75,V1-RSC,intermediate,RSC,58,0.058094,0.022816
75,V1-RSC,intermediate,RSC,59,0.156734,0.060184
75,V1-RSC,intermediate,RSC,60,0.018861,0.006294
75,V1-RSC,intermediate,RSC,61,0.166001,0.078498
75,V1-RSC,intermediate,RSC,62,0.392115,0.075333
75,V1-RSC,intermediate,RSC,63,0.084923,0.025581
75,V1-RSC,intermediate,RSC,64,0.652916,0.124251
75,V1-RSC,intermediate,RSC,65,0.010179,0.00492
75,V1-RSC,intermediate,RSC,66,0.015132,0.00504
75,V1-RSC,intermediate,RSC,67,0.018504,0.006351
75,V1-RSC,intermediate,RSC,68,0.112629,0.045709
75,V1-RSC,intermediate,RSC,69,0.036216,0.007149
75,V1-RSC,intermediate,RSC,70,0.198441,0.043793
75,V1-RSC,intermediate,RSC,71,0.058378,0.015168
75,V1-RSC,intermediate,RSC,72,0.710237,0.148505
75,V1-RSC,intermediate,RSC,73,0.052211,0.008917
75,V1-RSC,intermediate,RSC,74,0.714515,0.101915
75,V1-RSC,intermediate,RSC,75,0.156364,0.047464
75,V1-RSC,intermediate,RSC,76,0.006119,0.001816
75,V1-RSC,intermediate,RSC,77,0.056974,0.030351
75,V1-RSC,intermediate,RSC,78,0.109909,0.029741
75,V1-RSC,intermediate,RSC,79,0.0,0.0
75,V1-RSC,intermediate,RSC,80,0.170538,0.054618
75,V1-RSC,intermediate,RSC,81,0.094677,0.023195
75,V1-RSC,intermediate,RSC,82,0.137999,0.043564
75,V1-RSC,intermediate,RSC,83,0.057558,0.013952
75,V1-RSC,intermediate,RSC,84,0.217526,0.041138
75,V1-RSC,intermediate,RSC,85,0.21659,0.075554
75,V1-RSC,intermediate,RSC,86,0.128092,0.027208
75,V1-RSC,intermediate,RSC,87,0.096721,0.025331
75,V1-RSC,intermediate,RSC,88,0.161204,0.046862
75,V1-RSC,intermediate,RSC,89,0.03523,0.01111
75,V1-RSC,intermediate,RSC,90,0.124727,0.047963
75,V1-RSC,intermediate,RSC,91,0.132429,0.049811
75,V1-RSC,intermediate,RSC,92,0.13002,0.027502
75,V1-RSC,intermediate,RSC,93,0.111788,0.015125
75,V1-RSC,intermediate,RSC,94,0.001383,0.000451
75,V1-RSC,intermediate,RSC,95,0.004269,0.001149
75,V1-RSC,intermediate,RSC,96,0.012361,0.003402
75,V1-RSC,intermediate,RSC,97,0.115933,0.038751
75,V1-RSC,intermediate,RSC,98,0.274261,0.077156
75,V1-RSC,intermediate,RSC,99,0.032487,0.00625
75,V1-RSC,intermediate,RSC,100,0.040876,0.005269
75,V1-RSC,intermediate,RSC,101,0.100687,0.023064
75,V1-RSC,intermediate,RSC,102,0.01286,0.003112
75,V1-RSC,intermediate,RSC,103,0.210487,0.072159
75,V1-RSC,intermediate,RSC,104,0.008461,0.001735
75,V1-RSC,intermediate,RSC,105,0.0,0.0
75,V1-RSC,intermediate,RSC,106,0.014984,0.002816
75,V1-RSC,intermediate,RSC,107,0.100684,0.024914
75,V1-RSC,intermediate,RSC,108,0.045931,0.011922
75,V1-RSC,intermediate,RSC,109,0.083093,0.024792
75,V1-RSC,intermediate,RSC,110,0.048405,0.015554
75,V1-RSC,intermediate,RSC,111,0.586662,0.035987
75,V1-RSC,intermediate,RSC,112,0.109148,0.042492
75,V1-RSC,intermediate,RSC,113,0.263027,0.121755
75,V1-RSC,intermediate,RSC,114,0.719611,0.040654
75,V1-RSC,intermediate,RSC,115,0.231607,0.088653
75,V1-RSC,intermediate,RSC,116,0.007874,0.00261
75,V1-RSC,intermediate,RSC,117,0.095255,0.015455
75,V1-RSC,intermediate,RSC,118,0.147372,0.036269
75,V1-RSC,intermediate,RSC,119,0.014399,0.00431
75,V1-RSC,intermediate,RSC,120,0.038178,0.007511
75,V1-RSC,intermediate,RSC,121,0.243595,0.037461
75,V1-RSC,intermediate,RSC,122,0.121023,0.047432
75,V1-RSC,intermediate,RSC,123,0.174561,0.036314
75,V1-RSC,intermediate,RSC,124,0.121669,0.029353
75,V1-RSC,intermediate,RSC,125,0.025353,0.008606
75,V1-RSC,intermediate,RSC,126,0.029585,0.009034
75,V1-RSC,intermediate,RSC,127,0.274959,0.067926
75,V1-RSC,intermediate,RSC,128,0.054083,0.01255
75,V1-RSC,intermediate,RSC,129,0.119295,0.037108
75,V1-RSC,intermediate,RSC,130,0.69425,0.064098
75,V1-RSC,intermediate,RSC,131,0.183354,0.053599
75,V1-RSC,intermediate,RSC,132,0.112982,0.033567
75,V1-RSC,intermediate,RSC,133,0.226301,0.069618
75,V1-RSC,intermediate,RSC,134,0.071527,0.038061
75,V1-RSC,intermediate,RSC,135,0.023724,0.006283
75,V1-RSC,intermediate,RSC,136,0.026406,0.004648
75,V1-RSC,intermediate,RSC,137,0.045684,0.01783
75,V1-RSC,intermediate,RSC,138,0.030394,0.008179
75,V1-RSC,intermediate,RSC,139,0.11043,0.028769
75,V1-RSC,intermediate,RSC,140,0.129676,0.040252
75,V1-RSC,intermediate,RSC,141,0.11873,0.038836
75,V1-RSC,intermediate,RSC,142,0.124333,0.040349
75,V1-RSC,intermediate,RSC,143,0.076208,0.025511
75,V1-RSC,intermediate,RSC,144,0.025992,0.005608
75,V1-RSC,intermediate,RSC,145,0.0,0.0
75,V1-RSC,intermediate,RSC,146,0.536285,0.071064
75,V1-RSC,intermediate,RSC,147,0.121055,0.029727
75,V1-RSC,intermediate,RSC,148,0.108528,0.044344
75,V1-RSC,intermediate,RSC,149,0.011728,0.003872
75,V1-RSC,intermediate,RSC,150,0.174594,0.053083
75,V1-RSC,intermediate,RSC,151,0.068959,0.010637
75,V1-RSC,intermediate,RSC,152,0.005081,0.001098
75,V1-RSC,intermediate,RSC,153,0.005982,0.001758
75,V1-RSC,intermediate,RSC,154,0.017709,0.002486
75,V1-RSC,intermediate,RSC,155,0.012969,0.003167
75,V1-RSC,intermediate,RSC,156,0.109437,0.03429
75,V1-RSC,intermediate,RSC,157,0.563149,0.078515
75,V1-RSC,intermediate,RSC,158,0.029363,0.008456
75,V1-RSC,intermediate,RSC,159,0.215726,0.046553
75,V1-RSC,intermediate,RSC,160,0.133855,0.042995
75,V1-RSC,intermediate,RSC,161,0.671126,0.227129
75,V1-RSC,intermediate,RSC,162,0.03655,0.00865
75,V1-RSC,intermediate,RSC,163,0.057988,0.017596
75,V1-RSC,intermediate,RSC,164,0.097313,0.006401
75,V1-RSC,intermediate,RSC,165,0.174997,0.023063
75,V1-RSC,intermediate,RSC,166,0.065019,0.010915
75,V1-RSC,intermediate,RSC,167,0.047249,0.012816
75,V1-RSC,intermediate,RSC,168,0.04311,0.007783
75,V1-RSC,intermediate,RSC,169,0.079894,0.014771
75,V1-RSC,intermediate,RSC,170,0.215382,0.066167
75,V1-RSC,intermediate,RSC,171,0.112092,0.022068
75,V1-RSC,intermediate,RSC,172,0.008178,0.002945
75,V1-RSC,intermediate,RSC,173,0.069219,0.02201
75,V1-RSC,intermediate,RSC,174,0.157809,0.054591
75,V1-RSC,intermediate,RSC,175,0.111038,0.031571
75,V1-RSC,intermediate,RSC,176,0.106196,0.034729
75,V1-RSC,intermediate,RSC,177,0.093483,0.021742
75,V1-RSC,intermediate,RSC,178,0.182603,0.0513
75,V1-RSC,intermediate,RSC,179,0.15949,0.052386
75,V1-RSC,intermediate,RSC,180,0.163029,0.034353
75,V1-RSC,intermediate,RSC,181,0.034357,0.006597
75,V1-RSC,intermediate,RSC,182,0.543892,0.113288
75,V1-RSC,intermediate,RSC,183,0.009186,0.003258
75,V1-RSC,intermediate,RSC,184,0.219027,0.096727
75,V1-RSC,intermediate,RSC,185,0.373025,0.078095
75,V1-RSC,intermediate,RSC,186,0.150338,0.015202
75,V1-RSC,intermediate,RSC,187,0.395928,0.116894
75,V1-RSC,intermediate,RSC,188,0.104447,0.029539
75,V1-RSC,intermediate,RSC,189,0.215372,0.043179
75,V1-RSC,intermediate,RSC,190,0.070676,0.025805
75,V1-RSC,intermediate,RSC,191,0.016979,0.00658
75,V1-RSC,intermediate,RSC,192,0.004026,0.000633
75,V1-RSC,intermediate,RSC,193,0.060233,0.015899
75,V1-RSC,intermediate,RSC,194,0.012102,0.002996
75,V1-RSC,intermediate,RSC,195,0.018853,0.003316
75,V1-RSC,expert,V1,0,0.400774,0.040735
75,V1-RSC,expert,V1,1,0.3785,0.075445
75,V1-RSC,expert,V1,2,0.299806,0.053484
75,V1-RSC,expert,V1,3,0.389494,0.083529
75,V1-RSC,expert,V1,4,0.150678,0.025802
75,V1-RSC,expert,V1,5,0.431726,0.058053
75,V1-RSC,expert,V1,6,0.518856,0.093801
75,V1-RSC,expert,V1,7,0.44291,0.063993
75,V1-RSC,expert,V1,8,0.739562,0.043975
75,V1-RSC,expert,V1,9,0.420066,0.095624
75,V1-RSC,expert,V1,10,0.394646,0.071783
75,V1-RSC,expert,V1,11,0.428758,0.052295
75,V1-RSC,expert,V1,12,0.469793,0.046067
75,V1-RSC,expert,V1,13,0.598199,0.050378
75,V1-RSC,expert,V1,14,0.610437,0.062063
75,V1-RSC,expert,V1,15,0.754095,0.076017
75,V1-RSC,expert,V1,16,0.268031,0.066142
75,V1-RSC,expert,V1,17,0.74046,0.071433
75,V1-RSC,expert,V1,18,0.394527,0.077645
75,V1-RSC,expert,V1,19,0.591046,0.064838
75,V1-RSC,expert,V1,20,0.195047,0.035226
75,V1-RSC,expert,V1,21,0.621789,0.036878
75,V1-RSC,expert,V1,22,0.277777,0.059309
75,V1-RSC,expert,V1,23,0.801191,0.093919
75,V1-RSC,expert,V1,24,0.861886,0.063451
75,V1-RSC,expert,V1,25,0.377791,0.054183
75,V1-RSC,expert,V1,26,0.372496,0.058933
75,V1-RSC,expert,V1,27,0.877946,0.086793
75,V1-RSC,expert,V1,28,0.338116,0.075187
75,V1-RSC,expert,V1,29,0.266699,0.037658
75,V1-RSC,expert,V1,30,0.837859,0.125431
75,V1-RSC,expert,V1,31,0.183013,0.024096
75,V1-RSC,expert,V1,32,0.492893,0.078383
75,V1-RSC,expert,V1,33,0.307719,0.065739
75,V1-RSC,expert,V1,34,0.180644,0.039981
75,V1-RSC,expert,V1,35,0.031797,0.003305
75,V1-RSC,expert,V1,36,0.280288,0.051973
75,V1-RSC,expert,V1,37,0.597425,0.049174
75,V1-RSC,expert,V1,38,0.721651,0.172193
75,V1-RSC,expert,V1,39,0.5805,0.07444
75,V1-RSC,expert,V1,40,0.412372,0.085228
75,V1-RSC,expert,V1,41,0.572956,0.0628
75,V1-RSC,expert,V1,42,0.684828,0.116976
75,V1-RSC,expert,V1,43,0.6737,0.041939
75,V1-RSC,expert,V1,44,0.664949,0.090585
75,V1-RSC,expert,V1,45,0.28726,0.038306
75,V1-RSC,expert,V1,46,0.695465,0.057741
75,V1-RSC,expert,V1,47,0.852724,0.079898
75,V1-RSC,expert,V1,48,0.699995,0.061203
75,V1-RSC,expert,V1,49,0.192533,0.017358
75,V1-RSC,expert,V1,50,0.277658,0.034823
75,V1-RSC,expert,V1,51,0.263563,0.060247
75,V1-RSC,expert,V1,52,0.388285,0.045615
75,V1-RSC,expert,V1,53,0.098547,0.015692
75,V1-RSC,expert,V1,54,0.086945,0.012415
75,V1-RSC,expert,V1,55,0.024907,0.002677
75,V1-RSC,expert,V1,56,0.475872,0.037191
75,V1-RSC,expert,V1,57,0.074689,0.014135
75,V1-RSC,expert,V1,58,0.555321,0.092036
75,V1-RSC,expert,V1,59,0.308451,0.054531
75,V1-RSC,expert,V1,60,0.761151,0.095106
75,V1-RSC,expert,V1,61,0.451946,0.095037
75,V1-RSC,expert,V1,62,0.722558,0.084589
75,V1-RSC,expert,RSC,0,0.145447,0.030585
75,V1-RSC,expert,RSC,1,0.07912,0.011122
75,V1-RSC,expert,RSC,2,0.103503,0.031813
75,V1-RSC,expert,RSC,3,0.073847,0.011785
75,V1-RSC,expert,RSC,4,0.03451,0.006042
75,V1-RSC,expert,RSC,5,0.030078,0.002415
75,V1-RSC,expert,RSC,6,0.306339,0.045674
75,V1-RSC,expert,RSC,7,0.061585,0.006979
75,V1-RSC,expert,RSC,8,0.045237,0.007614
75,V1-RSC,expert,RSC,9,0.016774,0.002778
75,V1-RSC,expert,RSC,10,0.020745,0.002228
75,V1-RSC,expert,RSC,11,0.112533,0.015878
75,V1-RSC,expert,RSC,12,0.081684,0.01335
75,V1-RSC,expert,RSC,13,0.05512,0.005778
75,V1-RSC,expert,RSC,14,0.092634,0.020246
75,V1-RSC,expert,RSC,15,0.0,0.0
75,V1-RSC,expert,RSC,16,0.082392,0.017404
75,V1-RSC,expert,RSC,17,0.036196,0.006512
75,V1-RSC,expert,RSC,18,0.088184,0.022444
75,V1-RSC,expert,RSC,19,0.016042,0.002398
75,V1-RSC,expert,RSC,20,0.108963,0.029118
75,V1-RSC,expert,RSC,21,0.034327,0.007617
75,V1-RSC,expert,RSC,22,0.090917,0.012326
75,V1-RSC,expert,RSC,23,0.110968,0.012236
75,V1-RSC,expert,RSC,24,0.04908,0.007392
75,V1-RSC,expert,RSC,25,0.137203,0.024896
75,V1-RSC,expert,RSC,26,0.012901,0.001325
75,V1-RSC,expert,RSC,27,0.06179,0.009189
75,V1-RSC,expert,RSC,28,0.178228,0.035132
75,V1-RSC,expert,RSC,29,0.12052,0.034793
75,V1-RSC,expert,RSC,30,0.724892,0.049406
75,V1-RSC,expert,RSC,31,0.015843,0.00172
75,V1-RSC,expert,RSC,32,0.092134,0.02706
75,V1-RSC,expert,RSC,33,0.024974,0.002139
75,V1-RSC,expert,RSC,34,0.004505,0.000816
75,V1-RSC,expert,RSC,35,0.069989,0.009337
75,V1-RSC,expert,RSC,36,0.392508,0.109692
75,V1-RSC,expert,RSC,37,0.0,0.0
75,V1-RSC,expert,RSC,38,0.318862,0.081377
75,V1-RSC,expert,RSC,39,0.0,0.0
75,V1-RSC,expert,RSC,40,0.073294,0.017037
75,V1-RSC,expert,RSC,41,0.175624,0.026246
75,V1-RSC,expert,RSC,42,0.1333,0.026204
75,V1-RSC,expert,RSC,43,0.704317,0.08586
75,V1-RSC,expert,RSC,44,0.011958,0.002148
75,V1-RSC,expert,RSC,45,0.248632,0.04816
75,V1-RSC,expert,RSC,46,0.093874,0.015339
75,V1-RSC,expert,RSC,47,0.152298,0.027034
75,V1-RSC,expert,RSC,48,0.188769,0.049863
75,V1-RSC,expert,RSC,49,0.133921,0.026876
75,V1-RSC,expert,RSC,50,0.135943,0.033782
75,V1-RSC,expert,RSC,51,0.144818,0.038353
75,V1-RSC,expert,RSC,52,0.024799,0.002558
75,V1-RSC,expert,RSC,53,0.081381,0.022442
75,V1-RSC,expert,RSC,54,0.185065,0.018453
75,V1-RSC,expert,RSC,55,0.0,0.0
75,V1-RSC,expert,RSC,56,0.091879,0.019302
75,V1-RSC,expert,RSC,57,0.059509,0.014015
75,V1-RSC,expert,RSC,58,0.028013,0.006623
75,V1-RSC,expert,RSC,59,0.158559,0.044042
75,V1-RSC,expert,RSC,60,0.043527,0.007333
75,V1-RSC,expert,RSC,61,0.126915,0.029373
75,V1-RSC,expert,RSC,62,0.436174,0.043371
75,V1-RSC,expert,RSC,63,0.094766,0.017931
75,V1-RSC,expert,RSC,64,0.020024,0.00213
75,V1-RSC,expert,RSC,65,0.016914,0.001567
75,V1-RSC,expert,RSC,66,0.028875,0.004714
75,V1-RSC,expert,RSC,67,0.73104,0.058655
75,V1-RSC,expert,RSC,68,0.308477,0.088063
75,V1-RSC,expert,RSC,69,0.037797,0.007562
75,V1-RSC,expert,RSC,70,0.197241,0.052757
75,V1-RSC,expert,RSC,71,0.713343,0.047113
75,V1-RSC,expert,RSC,72,0.231082,0.023669
75,V1-RSC,expert,RSC,73,0.67385,0.077828
75,V1-RSC,expert,RSC,74,0.075589,0.015731
75,V1-RSC,expert,RSC,75,0.074797,0.013715
75,V1-RSC,expert,RSC,76,0.028028,0.004448
75,V1-RSC,expert,RSC,77,0.044459,0.011472
75,V1-RSC,expert,RSC,78,0.12731,0.0298
75,V1-RSC,expert,RSC,79,0.355682,0.0407
75,V1-RSC,expert,RSC,80,0.199372,0.026568
75,V1-RSC,expert,RSC,81,0.122776,0.01594
75,V1-RSC,expert,RSC,82,0.196376,0.042129
75,V1-RSC,expert,RSC,83,0.038933,0.008083
75,V1-RSC,expert,RSC,84,0.217043,0.040486
75,V1-RSC,expert,RSC,85,0.236294,0.059951
75,V1-RSC,expert,RSC,86,0.150022,0.03735
75,V1-RSC,expert,RSC,87,0.134889,0.02085
75,V1-RSC,expert,RSC,88,0.227012,0.050505
75,V1-RSC,expert,RSC,89,0.082359,0.013809
75,V1-RSC,expert,RSC,90,0.14809,0.025157
75,V1-RSC,expert,RSC,91,0.231656,0.034305
75,V1-RSC,expert,RSC,92,0.155151,0.025641
75,V1-RSC,expert,RSC,93,0.156909,0.037372
75,V1-RSC,expert,RSC,94,0.009782,0.001748
75,V1-RSC,expert,RSC,95,0.009057,0.001707
75,V1-RSC,expert,RSC,96,0.027287,0.00376
75,V1-RSC,expert,RSC,97,0.092997,0.021877
75,V1-RSC,expert,RSC,98,0.267667,0.044923
75,V1-RSC,expert,RSC,99,0.09158,0.008833
75,V1-RSC,expert,RSC,100,0.125334,0.018223
75,V1-RSC,expert,RSC,101,0.07676,0.011834
75,V1-RSC,expert,RSC,102,0.056082,0.007315
75,V1-RSC,expert,RSC,103,0.118481,0.034532
75,V1-RSC,expert,RSC,104,0.002891,0.000598
75,V1-RSC,expert,RSC,105,0.599375,0.035012
75,V1-RSC,expert,RSC,106,0.017006,0.002599
75,V1-RSC,expert,RSC,107,0.231308,0.050005
75,V1-RSC,expert,RSC,108,0.050625,0.008214
75,V1-RSC,expert,RSC,109,0.082009,0.020425
75,V1-RSC,expert,RSC,110,0.057893,0.015825
75,V1-RSC,expert,RSC,111,0.059305,0.010496
75,V1-RSC,expert,RSC,112,0.171624,0.030908
75,V1-RSC,expert,RSC,113,0.059472,0.01381
75,V1-RSC,expert,RSC,114,0.0,0.0
75,V1-RSC,expert,RSC,115,0.112955,0.024791
75,V1-RSC,expert,RSC,116,0.068271,0.008421
75,V1-RSC,expert,RSC,117,0.096783,0.020154
75,V1-RSC,expert,RSC,118,0.08644,0.026647
75,V1-RSC,expert,RSC,119,0.005842,0.001084
75,V1-RSC,expert,RSC,120,0.093355,0.019227
75,V1-RSC,expert,RSC,121,0.027053,0.004303
75,V1-RSC,expert,RSC,122,0.143723,0.032902
75,V1-RSC,expert,RSC,123,0.22273,0.054071
75,V1-RSC,expert,RSC,124,0.086785,0.020328
75,V1-RSC,expert,RSC,125,0.074051,0.016019
75,V1-RSC,expert,RSC,126,0.709279,0.042274
75,V1-RSC,expert,RSC,127,0.675113,0.064474
75,V1-RSC,expert,RSC,128,0.110763,0.016841
75,V1-RSC,expert,RSC,129,0.162796,0.037192
75,V1-RSC,expert,RSC,130,0.0,0.0
75,V1-RSC,expert,RSC,131,0.705655,0.086277
75,V1-RSC,expert,RSC,132,0.166723,0.041895
75,V1-RSC,expert,RSC,133,0.090291,0.023018
75,V1-RSC,expert,RSC,134,0.149763,0.016949
75,V1-RSC,expert,RSC,135,0.200869,0.022227
75,V1-RSC,expert,RSC,136,0.148104,0.020193
75,V1-RSC,expert,RSC,137,0.064088,0.012098
75,V1-RSC,expert,RSC,138,0.046029,0.005248
75,V1-RSC,expert,RSC,139,0.123369,0.028322
75,V1-RSC,expert,RSC,140,0.236608,0.050933
75,V1-RSC,expert,RSC,141,0.15144,0.027211
75,V1-RSC,expert,RSC,142,0.105758,0.027448
75,V1-RSC,expert,RSC,143,0.088415,0.01931
75,V1-RSC,expert,RSC,144,0.007369,0.00147
75,V1-RSC,expert,RSC,145,0.0,0.0
75,V1-RSC,expert,RSC,146,0.075528,0.007955
75,V1-RSC,expert,RSC,147,0.045581,0.005427
75,V1-RSC,expert,RSC,148,0.081535,0.01639
75,V1-RSC,expert,RSC,149,0.012853,0.001945
75,V1-RSC,expert,RSC,150,0.025122,0.002777
75,V1-RSC,expert,RSC,151,0.053133,0.011258
75,V1-RSC,expert,RSC,152,0.082617,0.011165
75,V1-RSC,expert,RSC,153,0.012524,0.002415
75,V1-RSC,expert,RSC,154,0.054024,0.007971
75,V1-RSC,expert,RSC,155,0.736999,0.06128
75,V1-RSC,expert,RSC,156,0.261785,0.057145
75,V1-RSC,expert,RSC,157,0.703203,0.041161
75,V1-RSC,expert,RSC,158,0.678172,0.023576
75,V1-RSC,expert,RSC,159,0.166153,0.035764
75,V1-RSC,expert,RSC,160,0.285208,0.073396
75,V1-RSC,expert,RSC,161,0.093023,0.021642
75,V1-RSC,expert,RSC,162,0.042206,0.006263
75,V1-RSC,expert,RSC,163,0.054395,0.011335
75,V1-RSC,expert,RSC,164,0.151383,0.013786
75,V1-RSC,expert,RSC,165,0.233037,0.038388
75,V1-RSC,expert,RSC,166,0.082496,0.015488
75,V1-RSC,expert,RSC,167,0.079908,0.015865
75,V1-RSC,expert,RSC,168,0.081959,0.012964
75,V1-RSC,expert,RSC,169,0.12666,0.023437
75,V1-RSC,expert,RSC,170,0.262284,0.051135
75,V1-RSC,expert,RSC,171,0.141807,0.041979
75,V1-RSC,expert,RSC,172,0.031542,0.004996
75,V1-RSC,expert,RSC,173,0.080862,0.01931
75,V1-RSC,expert,RSC,174,0.10015,0.023673
75,V1-RSC,expert,RSC,175,0.193725,0.043142
75,V1-RSC,expert,RSC,176,0.118775,0.028316
75,V1-RSC,expert,RSC,177,0.161536,0.04904
75,V1-RSC,expert,RSC,178,0.248932,0.073893
75,V1-RSC,expert,RSC,179,0.163467,0.035295
75,V1-RSC,expert,RSC,180,0.213196,0.060705
75,V1-RSC,expert,RSC,181,0.032218,0.003167
75,V1-RSC,expert,RSC,182,0.512824,0.096619
75,V1-RSC,expert,RSC,183,0.027563,0.003469
75,V1-RSC,expert,RSC,184,0.158759,0.028132
75,V1-RSC,expert,RSC,185,0.539159,0.080204
75,V1-RSC,expert,RSC,186,0.435637,0.073887
75,V1-RSC,expert,RSC,187,0.243923,0.048391
75,V1-RSC,expert,RSC,188,0.168461,0.026996
75,V1-RSC,expert,RSC,189,0.540267,0.083114
75,V1-RSC,expert,RSC,190,0.090484,0.019195
75,V1-RSC,expert,RSC,191,0.111782,0.031385
75,V1-RSC,expert,RSC,192,0.737387,0.060464
75,V1-RSC,expert,RSC,193,0.076266,0.014563
75,V1-RSC,expert,RSC,194,0.101312,0.012351
75,V1-RSC,expert,RSC,195,0.046298,0.008202
77,CA1-RSC,naive,CA1,0,1.188484,0.018062
77,CA1-RSC,naive,CA1,1,1.422027,0.026582
77,CA1-RSC,naive,CA1,2,0.936585,0.02992
77,CA1-RSC,naive,CA1,3,0.988816,0.029448
77,CA1-RSC,naive,CA1,4,1.259936,0.113083
77,CA1-RSC,naive,CA1,5,2.124108,0.122535
77,CA1-RSC,naive,CA1,6,0.889242,0.015228
77,CA1-RSC,naive,CA1,7,1.095936,0.046583
77,CA1-RSC,naive,CA1,8,1.497334,0.037905
77,CA1-RSC,naive,RSC,0,0.020941,0.001503
77,CA1-RSC,naive,RSC,1,0.10234,0.003318
77,CA1-RSC,naive,RSC,2,0.044693,0.00278
77,CA1-RSC,naive,RSC,3,0.051048,0.000842
77,CA1-RSC,naive,RSC,4,0.010025,0.000275
77,CA1-RSC,naive,RSC,5,0.018399,0.00057
77,CA1-RSC,naive,RSC,6,0.012151,0.000285
77,CA1-RSC,naive,RSC,7,0.014817,0.001006
77,CA1-RSC,naive,RSC,8,0.014808,0.001173
77,CA1-RSC,naive,RSC,9,0.024366,0.00044
77,CA1-RSC,naive,RSC,10,0.048891,0.003023
77,CA1-RSC,naive,RSC,11,0.025257,0.000362
77,CA1-RSC,naive,RSC,12,0.020892,0.000525
77,CA1-RSC,naive,RSC,13,0.007084,0.00038
77,CA1-RSC,naive,RSC,14,0.011478,0.001123
77,CA1-RSC,naive,RSC,15,0.023342,0.000971
77,CA1-RSC,naive,RSC,16,0.10603,0.006991
77,CA1-RSC,naive,RSC,17,0.023305,0.001049
77,CA1-RSC,naive,RSC,18,0.109225,0.011198
77,CA1-RSC,naive,RSC,19,0.016481,0.001099
77,CA1-RSC,naive,RSC,20,0.035037,0.001084
77,CA1-RSC,naive,RSC,21,0.103775,0.009595
77,CA1-RSC,naive,RSC,22,0.156821,0.015497
77,CA1-RSC,naive,RSC,23,0.028477,0.001549
77,CA1-RSC,naive,RSC,24,0.016222,0.000417
77,CA1-RSC,naive,RSC,25,0.014268,0.000939
77,CA1-RSC,naive,RSC,26,0.008604,0.000289
77,CA1-RSC,naive,RSC,27,0.094692,0.010097
77,CA1-RSC,naive,RSC,28,0.021583,0.00138
77,CA1-RSC,naive,RSC,29,0.116503,0.008093
77,CA1-RSC,naive,RSC,30,0.044449,0.001867
77,CA1-RSC,naive,RSC,31,0.027795,0.001112
77,CA1-RSC,naive,RSC,32,0.038413,0.003255
77,CA1-RSC,naive,RSC,33,0.052195,0.005016
77,CA1-RSC,naive,RSC,34,0.06729,0.003435
77,CA1-RSC,naive,RSC,35,0.020792,0.00138
77,CA1-RSC,naive,RSC,36,0.133535,0.010072
77,CA1-RSC,naive,RSC,37,0.02087,0.001866
77,CA1-RSC,naive,RSC,38,0.026967,0.001755
77,CA1-RSC,naive,RSC,39,0.039469,0.003596
77,CA1-RSC,naive,RSC,40,0.038352,0.003854
77,CA1-RSC,naive,RSC,41,0.029183,0.002104
77,CA1-RSC,naive,RSC,42,0.559107,0.009226
77,CA1-RSC,naive,RSC,43,0.018678,0.001009
77,CA1-RSC,naive,RSC,44,0.049619,0.005217
77,CA1-RSC,naive,RSC,45,0.06533,0.002213
77,CA1-RSC,naive,RSC,46,0.105789,0.008509
77,CA1-RSC,naive,RSC,47,0.280978,0.010956
77,CA1-RSC,naive,RSC,48,0.108622,0.003824
77,CA1-RSC,naive,RSC,49,0.122994,0.002828
77,CA1-RSC,naive,RSC,50,0.075331,0.006074
77,CA1-RSC,naive,RSC,51,0.39109,0.009063
77,CA1-RSC,naive,RSC,52,0.157536,0.006484
77,CA1-RSC,naive,RSC,53,0.092956,0.003314
77,CA1-RSC,naive,RSC,54,0.025583,0.001186
77,CA1-RSC,naive,RSC,55,0.057374,0.003037
77,CA1-RSC,naive,RSC,56,0.112538,0.008837
77,CA1-RSC,naive,RSC,57,0.018357,0.00194
77,CA1-RSC,naive,RSC,58,0.063895,0.00701
77,CA1-RSC,naive,RSC,59,0.417257,0.00545
77,CA1-RSC,naive,RSC,60,0.175061,0.017485
77,CA1-RSC,naive,RSC,61,0.105461,0.007018
77,CA1-RSC,naive,RSC,62,0.080938,0.002657
77,CA1-RSC,naive,RSC,63,0.039909,0.003622
77,CA1-RSC,naive,RSC,64,0.071775,0.007478
77,CA1-RSC,naive,RSC,65,0.040065,0.000975
77,CA1-RSC,naive,RSC,66,0.026983,0.001563
77,CA1-RSC,naive,RSC,67,0.135302,0.015279
77,CA1-RSC,naive,RSC,68,0.031893,0.003839
77,CA1-RSC,naive,RSC,69,0.026364,0.002884
77,CA1-RSC,naive,RSC,70,0.081045,0.00484
77,CA1-RSC,naive,RSC,71,0.079695,0.009231
77,CA1-RSC,naive,RSC,72,0.056908,0.002638
77,CA1-RSC,naive,RSC,73,0.020993,0.00211
77,CA1-RSC,naive,RSC,74,0.03548,0.002478
77,CA1-RSC,naive,RSC,75,0.051969,0.001577
77,CA1-RSC,naive,RSC,76,0.137636,0.013375
77,CA1-RSC,naive,RSC,77,0.268287,0.01072
77,CA1-RSC,naive,RSC,78,0.063246,0.002085
77,CA1-RSC,naive,RSC,79,0.130811,0.012644
77,CA1-RSC,naive,RSC,80,0.012793,0.001343
77,CA1-RSC,naive,RSC,81,0.166262,0.005366
77,CA1-RSC,naive,RSC,82,0.002715,0.000214
77,CA1-RSC,naive,RSC,83,0.100647,0.00355
77,CA1-RSC,naive,RSC,84,0.058412,0.004514
77,CA1-RSC,naive,RSC,85,0.028746,0.003224
77,CA1-RSC,naive,RSC,86,0.302017,0.033436
77,CA1-RSC,naive,RSC,87,0.004748,0.000281
77,CA1-RSC,naive,RSC,88,0.241574,0.016507
77,CA1-RSC,naive,RSC,89,0.149267,0.014857
77,CA1-RSC,naive,RSC,90,0.053025,0.005841
77,CA1-RSC,naive,RSC,91,0.149192,0.005691
77,CA1-RSC,naive,RSC,92,0.046446,0.002961
77,CA1-RSC,naive,RSC,93,0.035353,0.003485
77,CA1-RSC,naive,RSC,94,0.026475,0.001017
77,CA1-RSC,naive,RSC,95,0.055435,0.004647
77,CA1-RSC,naive,RSC,96,0.030377,0.001541
77,CA1-RSC,naive,RSC,97,0.029833,0.002899
77,CA1-RSC,naive,RSC,98,0.033754,0.001203
77,CA1-RSC,naive,RSC,99,0.016717,0.001018
77,CA1-RSC,naive,RSC,100,0.219148,0.007787
77,CA1-RSC,naive,RSC,101,0.018938,0.00174
77,CA1-RSC,naive,RSC,102,0.032428,0.001176
77,CA1-RSC,naive,RSC,103,0.049677,0.001858
77,CA1-RSC,naive,RSC,104,0.379088,0.005705
77,CA1-RSC,naive,RSC,105,0.055834,0.002
77,CA1-RSC,naive,RSC,106,0.042497,0.002212
77,CA1-RSC,naive,RSC,107,0.041691,0.001419
77,CA1-RSC,naive,RSC,108,0.085469,0.00273
77,CA1-RSC,naive,RSC,109,0.431501,0.007869
77,CA1-RSC,naive,RSC,110,0.0038,0.000436
77,CA1-RSC,naive,RSC,111,0.078001,0.002621
77,CA1-RSC,naive,RSC,112,0.266887,0.005226
77,CA1-RSC,naive,RSC,113,0.048028,0.00245
77,CA1-RSC,naive,RSC,114,0.091728,0.010139
77,CA1-RSC,naive,RSC,115,0.067314,0.00362
77,CA1-RSC,naive,RSC,116,0.055342,0.004474
77,CA1-RSC,naive,RSC,117,0.060954,0.002108
77,CA1-RSC,naive,RSC,118,0.022351,0.001087
77,CA1-RSC,naive,RSC,119,0.009543,0.000586
77,CA1-RSC,naive,RSC,120,0.104324,0.004101
77,CA1-RSC,naive,RSC,121,0.053,0.001666
77,CA1-RSC,naive,RSC,122,0.081457,0.003584
77,CA1-RSC,naive,RSC,123,0.012018,0.000379
77,CA1-RSC,naive,RSC,124,0.022296,0.000887
77,CA1-RSC,naive,RSC,125,0.018313,0.000361
77,CA1-RSC,naive,RSC,126,0.01278,0.000207
77,CA1-RSC,naive,RSC,127,0.013743,0.001416
77,CA1-RSC,naive,RSC,128,0.017435,0.000993
77,CA1-RSC,naive,RSC,129,0.033172,0.001806
77,CA1-RSC,naive,RSC,130,0.019693,0.000782
77,CA1-RSC,naive,RSC,131,0.013858,0.001235
77,CA1-RSC,naive,RSC,132,0.444214,0.005108
77,CA1-RSC,naive,RSC,133,0.105861,0.009302
77,CA1-RSC,naive,RSC,134,0.041323,0.001566
77,CA1-RSC,naive,RSC,135,0.02696,0.002409
77,CA1-RSC,naive,RSC,136,0.106533,0.011636
77,CA1-RSC,naive,RSC,137,0.024213,0.00049
77,CA1-RSC,naive,RSC,138,0.052792,0.002986
77,CA1-RSC,naive,RSC,139,0.030566,0.002975
77,CA1-RSC,naive,RSC,140,0.0118,0.000542
77,CA1-RSC,naive,RSC,141,0.064882,0.002723
77,CA1-RSC,naive,RSC,142,0.118569,0.003161
77,CA1-RSC,naive,RSC,143,0.007201,0.000623
77,CA1-RSC,naive,RSC,144,0.022041,0.002224
77,CA1-RSC,naive,RSC,145,0.032931,0.001086
77,CA1-RSC,naive,RSC,146,0.029843,0.001832
77,CA1-RSC,naive,RSC,147,0.05899,0.0016
77,CA1-RSC,naive,RSC,148,0.572566,0.01236
77,CA1-RSC,naive,RSC,149,0.18816,0.003685
77,CA1-RSC,naive,RSC,150,0.05629,0.003273
77,CA1-RSC,naive,RSC,151,0.04776,0.001598
77,CA1-RSC,naive,RSC,152,0.019641,0.001234
77,CA1-RSC,naive,RSC,153,0.056446,0.001108
77,CA1-RSC,naive,RSC,154,0.017979,0.000723
77,CA1-RSC,naive,RSC,155,0.375365,0.008965
77,CA1-RSC,naive,RSC,156,0.063361,0.002726
77,CA1-RSC,naive,RSC,157,0.073706,0.001987
77,CA1-RSC,naive,RSC,158,0.027258,0.001238
77,CA1-RSC,naive,RSC,159,0.012101,0.00031
77,CA1-RSC,naive,RSC,160,0.034908,0.001344
77,CA1-RSC,naive,RSC,161,0.171996,0.014838
77,CA1-RSC,naive,RSC,162,0.463059,0.007036
77,CA1-RSC,naive,RSC,163,0.039074,0.002568
77,CA1-RSC,naive,RSC,164,0.02662,0.001879
77,CA1-RSC,naive,RSC,165,0.072662,0.006341
77,CA1-RSC,naive,RSC,166,0.043381,0.003672
77,CA1-RSC,naive,RSC,167,0.013789,0.001389
77,CA1-RSC,naive,RSC,168,0.020314,0.002255
77,CA1-RSC,naive,RSC,169,0.027706,0.000801
77,CA1-RSC,naive,RSC,170,0.010408,0.000376
77,CA1-RSC,naive,RSC,171,0.39544,0.010941
77,CA1-RSC,naive,RSC,172,0.00966,0.000609
77,CA1-RSC,naive,RSC,173,0.017648,0.000564
77,CA1-RSC,naive,RSC,174,0.077609,0.005046
77,CA1-RSC,naive,RSC,175,0.019574,0.00086
77,CA1-RSC,naive,RSC,176,0.079926,0.008894
77,CA1-RSC,naive,RSC,177,0.076517,0.00577
77,CA1-RSC,naive,RSC,178,0.021155,0.002248
77,CA1-RSC,naive,RSC,179,0.029471,0.000724
77,CA1-RSC,naive,RSC,180,0.111703,0.006688
77,CA1-RSC,naive,RSC,181,0.360631,0.008157
77,CA1-RSC,naive,RSC,182,0.190194,0.00394
77,CA1-RSC,naive,RSC,183,0.079147,0.006517
77,CA1-RSC,naive,RSC,184,0.396826,0.006825
77,CA1-RSC,naive,RSC,185,0.041618,0.00226
77,CA1-RSC,naive,RSC,186,0.018617,0.000783
77,CA1-RSC,naive,RSC,187,0.25658,0.003397
77,CA1-RSC,naive,RSC,188,0.064144,0.006649
77,CA1-RSC,naive,RSC,189,0.16033,0.016605
77,CA1-RSC,naive,RSC,190,0.053994,0.00548
77,CA1-RSC,naive,RSC,191,0.078494,0.008356
77,CA1-RSC,naive,RSC,192,0.105694,0.003647
77,CA1-RSC,naive,RSC,193,0.02581,0.002457
77,CA1-RSC,naive,RSC,194,0.130383,0.006917
77,CA1-RSC,naive,RSC,195,0.11062,0.00526
77,CA1-RSC,naive,RSC,196,0.215371,0.005303
77,CA1-RSC,naive,RSC,197,0.041565,0.00212
77,CA1-RSC,naive,RSC,198,0.04041,0.000835
77,CA1-RSC,naive,RSC,199,0.030849,0.002685
77,CA1-RSC,naive,RSC,200,0.045807,0.004604
77,CA1-RSC,naive,RSC,201,0.09228,0.008575
77,CA1-RSC,naive,RSC,202,0.026202,0.001483
77,CA1-RSC,naive,RSC,203,0.188106,0.011864
77,CA1-RSC,naive,RSC,204,0.110699,0.010619
77,CA1-RSC,naive,RSC,205,0.106522,0.007797
77,CA1-RSC,naive,RSC,206,0.045571,0.003224
77,CA1-RSC,naive,RSC,207,0.023886,0.001273
77,CA1-RSC,naive,RSC,208,0.022033,0.001666
77,CA1-RSC,naive,RSC,209,0.068825,0.004346
77,CA1-RSC,naive,RSC,210,0.013322,0.000622
77,CA1-RSC,naive,RSC,211,0.097244,0.002421
77,CA1-RSC,naive,RSC,212,0.031552,0.002311
77,CA1-RSC,naive,RSC,213,0.028421,0.000699
77,CA1-RSC,naive,RSC,214,0.012283,0.001416
77,CA1-RSC,naive,RSC,215,0.046823,0.004451
77,CA1-RSC,naive,RSC,216,0.42622,0.006744
77,CA1-RSC,naive,RSC,217,0.028674,0.001352
77,CA1-RSC,naive,RSC,218,0.011457,0.000825
77,CA1-RSC,naive,RSC,219,0.471603,0.012411
77,CA1-RSC,naive,RSC,220,0.014057,0.000269
77,CA1-RSC,naive,RSC,221,0.006995,0.000554
77,CA1-RSC,naive,RSC,222,0.007738,0.000488
77,CA1-RSC,naive,RSC,223,0.385042,0.005209
77,CA1-RSC,naive,RSC,224,0.25156,0.008417
77,CA1-RSC,intermediate,CA1,0,0.980531,0.045045
77,CA1-RSC,intermediate,CA1,1,1.231243,0.032472
77,CA1-RSC,intermediate,CA1,2,1.116621,0.013655
77,CA1-RSC,intermediate,CA1,3,1.072024,0.036261
77,CA1-RSC,intermediate,CA1,4,0.909875,0.057727
77,CA1-RSC,intermediate,CA1,5,1.116924,0.036091
77,CA1-RSC,intermediate,CA1,6,1.038421,0.042231
77,CA1-RSC,intermediate,CA1,7,1.070314,0.044771
77,CA1-RSC,intermediate,CA1,8,1.361289,0.054434
77,CA1-RSC,intermediate,RSC,0,0.029777,0.001112
77,CA1-RSC,intermediate,RSC,1,0.075116,0.002913
77,CA1-RSC,intermediate,RSC,2,0.081351,0.002919
77,CA1-RSC,intermediate,RSC,3,0.205579,0.00485
77,CA1-RSC,intermediate,RSC,4,0.023876,0.001264
77,CA1-RSC,intermediate,RSC,5,0.035164,0.001152
77,CA1-RSC,intermediate,RSC,6,0.037078,0.001965
77,CA1-RSC,intermediate,RSC,7,0.156342,0.005927
77,CA1-RSC,intermediate,RSC,8,0.436717,0.012922
77,CA1-RSC,intermediate,RSC,9,0.071854,0.002489
77,CA1-RSC,intermediate,RSC,10,0.187567,0.004859
77,CA1-RSC,intermediate,RSC,11,0.341843,0.008633
77,CA1-RSC,intermediate,RSC,12,0.153857,0.003422
77,CA1-RSC,intermediate,RSC,13,0.043989,0.001836
77,CA1-RSC,intermediate,RSC,14,0.319625,0.01199
77,CA1-RSC,intermediate,RSC,15,0.061937,0.002354
77,CA1-RSC,intermediate,RSC,16,0.069169,0.003527
77,CA1-RSC,intermediate,RSC,17,0.027312,0.001204
77,CA1-RSC,intermediate,RSC,18,0.074281,0.002724
77,CA1-RSC,intermediate,RSC,19,0.034975,0.001346
77,CA1-RSC,intermediate,RSC,20,0.105295,0.003566
77,CA1-RSC,intermediate,RSC,21,0.156143,0.006341
77,CA1-RSC,intermediate,RSC,22,0.105899,0.003778
77,CA1-RSC,intermediate,RSC,23,0.099854,0.003801
77,CA1-RSC,intermediate,RSC,24,0.036834,0.001434
77,CA1-RSC,intermediate,RSC,25,0.073618,0.002877
77,CA1-RSC,intermediate,RSC,26,0.019904,0.000884
77,CA1-RSC,intermediate,RSC,27,0.073556,0.002369
77,CA1-RSC,intermediate,RSC,28,0.048253,0.001729
77,CA1-RSC,intermediate,RSC,29,0.141667,0.006011
77,CA1-RSC,intermediate,RSC,30,0.096981,0.004141
77,CA1-RSC,intermediate,RSC,31,0.137392,0.004028
77,CA1-RSC,intermediate,RSC,32,0.095824,0.004039
77,CA1-RSC,intermediate,RSC,33,0.084509,0.003723
77,CA1-RSC,intermediate,RSC,34,0.106248,0.00537
77,CA1-RSC,intermediate,RSC,35,0.098573,0.004159
77,CA1-RSC,intermediate,RSC,36,0.113985,0.003995
77,CA1-RSC,intermediate,RSC,37,0.120372,0.003264
77,CA1-RSC,intermediate,RSC,38,0.085761,0.003453
77,CA1-RSC,intermediate,RSC,39,0.190567,0.008596
77,CA1-RSC,intermediate,RSC,40,0.123641,0.005857
77,CA1-RSC,intermediate,RSC,41,0.04614,0.002243
77,CA1-RSC,intermediate,RSC,42,0.041218,0.001881
77,CA1-RSC,intermediate,RSC,43,0.025096,0.001206
77,CA1-RSC,intermediate,RSC,44,0.054824,0.002131
77,CA1-RSC,intermediate,RSC,45,0.115968,0.006038
77,CA1-RSC,intermediate,RSC,46,0.102766,0.003099
77,CA1-RSC,intermediate,RSC,47,0.098864,0.004832
77,CA1-RSC,intermediate,RSC,48,0.187318,0.006957
77,CA1-RSC,intermediate,RSC,49,0.103376,0.003851
77,CA1-RSC,intermediate,RSC,50,0.140955,0.003283
77,CA1-RSC,intermediate,RSC,51,0.466859,0.0266
77,CA1-RSC,intermediate,RSC,52,0.100219,0.003948
77,CA1-RSC,intermediate,RSC,53,0.114667,0.004478
77,CA1-RSC,intermediate,RSC,54,0.262641,0.011229
77,CA1-RSC,intermediate,RSC,55,0.102617,0.003365
77,CA1-RSC,intermediate,RSC,56,0.190125,0.006829
77,CA1-RSC,intermediate,RSC,57,0.048403,0.002865
77,CA1-RSC,intermediate,RSC,58,0.062962,0.002997
77,CA1-RSC,intermediate,RSC,59,0.018528,0.000574
77,CA1-RSC,intermediate,RSC,60,0.122549,0.005456
77,CA1-RSC,intermediate,RSC,61,0.218795,0.008951
77,CA1-RSC,intermediate,RSC,62,0.139279,0.00796
77,CA1-RSC,intermediate,RSC,63,0.152255,0.004665
77,CA1-RSC,intermediate,RSC,64,0.080896,0.003108
77,CA1-RSC,intermediate,RSC,65,0.056845,0.001658
77,CA1-RSC,intermediate,RSC,66,0.183882,0.006496
77,CA1-RSC,intermediate,RSC,67,0.156821,0.005138
77,CA1-RSC,intermediate,RSC,68,0.179633,0.007422
77,CA1-RSC,intermediate,RSC,69,0.129498,0.006602
77,CA1-RSC,intermediate,RSC,70,0.184437,0.007629
77,CA1-RSC,intermediate,RSC,71,0.129317,0.005193
77,CA1-RSC,intermediate,RSC,72,0.167587,0.007171
77,CA1-RSC,intermediate,RSC,73,0.031567,0.000831
77,CA1-RSC,intermediate,RSC,74,0.114894,0.005046
77,CA1-RSC,intermediate,RSC,75,0.081518,0.00417
77,CA1-RSC,intermediate,RSC,76,0.177186,0.00802
77,CA1-RSC,intermediate,RSC,77,0.117111,0.005544
77,CA1-RSC,intermediate,RSC,78,0.126583,0.006205
77,CA1-RSC,intermediate,RSC,79,0.178673,0.007029
77,CA1-RSC,intermediate,RSC,80,0.219123,0.010891
77,CA1-RSC,intermediate,RSC,81,0.067083,0.003076
77,CA1-RSC,intermediate,RSC,82,0.011937,0.000546
77,CA1-RSC,intermediate,RSC,83,0.135184,0.006061
77,CA1-RSC,intermediate,RSC,84,0.283218,0.013556
77,CA1-RSC,intermediate,RSC,85,0.141294,0.008548
77,CA1-RSC,intermediate,RSC,86,0.136556,0.006217
77,CA1-RSC,intermediate,RSC,87,0.016377,0.000884
77,CA1-RSC,intermediate,RSC,88,0.138832,0.006245
77,CA1-RSC,intermediate,RSC,89,0.140111,0.007554
77,CA1-RSC,intermediate,RSC,90,0.086252,0.004169
77,CA1-RSC,intermediate,RSC,91,0.178032,0.00781
77,CA1-RSC,intermediate,RSC,92,0.061348,0.003663
77,CA1-RSC,intermediate,RSC,93,0.152808,0.009145
77,CA1-RSC,intermediate,RSC,94,0.043657,0.001707
77,CA1-RSC,intermediate,RSC,95,0.059462,0.002867
77,CA1-RSC,intermediate,RSC,96,0.029158,0.001637
77,CA1-RSC,intermediate,RSC,97,0.123809,0.004215
77,CA1-RSC,intermediate,RSC,98,0.013736,0.000672
77,CA1-RSC,intermediate,RSC,99,0.070263,0.003221
77,CA1-RSC,intermediate,RSC,100,0.099873,0.00505
77,CA1-RSC,intermediate,RSC,101,0.048137,0.002972
77,CA1-RSC,intermediate,RSC,102,0.059752,0.001946
77,CA1-RSC,intermediate,RSC,103,0.103166,0.004839
77,CA1-RSC,intermediate,RSC,104,0.062201,0.002875
77,CA1-RSC,intermediate,RSC,105,0.021023,0.001048
77,CA1-RSC,intermediate,RSC,106,0.060373,0.00277
77,CA1-RSC,intermediate,RSC,107,0.119365,0.006766
77,CA1-RSC,intermediate,RSC,108,0.034672,0.001784
77,CA1-RSC,intermediate,RSC,109,0.012011,0.000336
77,CA1-RSC,intermediate,RSC,110,0.012786,0.00063
77,CA1-RSC,intermediate,RSC,111,0.195068,0.009042
77,CA1-RSC,intermediate,RSC,112,0.008294,0.000335
77,CA1-RSC,intermediate,RSC,113,0.133243,0.005661
77,CA1-RSC,intermediate,RSC,114,0.10004,0.005258
77,CA1-RSC,intermediate,RSC,115,0.057791,0.002469
77,CA1-RSC,intermediate,RSC,116,0.210011,0.012241
77,CA1-RSC,intermediate,RSC,117,0.157764,0.007779
77,CA1-RSC,intermediate,RSC,118,0.02337,0.000812
77,CA1-RSC,intermediate,RSC,119,0.296892,0.010676
77,CA1-RSC,intermediate,RSC,120,0.135663,0.007717
77,CA1-RSC,intermediate,RSC,121,0.085717,0.003122
77,CA1-RSC,intermediate,RSC,122,0.115641,0.005125
77,CA1-RSC,intermediate,RSC,123,0.034748,0.001574
77,CA1-RSC,intermediate,RSC,124,0.149772,0.005661
77,CA1-RSC,intermediate,RSC,125,0.368055,0.004306
77,CA1-RSC,intermediate,RSC,126,0.050393,0.002326
77,CA1-RSC,intermediate,RSC,127,0.055296,0.001938
77,CA1-RSC,intermediate,RSC,128,0.017123,0.000758
77,CA1-RSC,intermediate,RSC,129,0.422639,0.008204
77,CA1-RSC,intermediate,RSC,130,0.096538,0.004283
77,CA1-RSC,intermediate,RSC,131,0.038826,0.00153
77,CA1-RSC,intermediate,RSC,132,0.019416,0.000795
77,CA1-RSC,intermediate,RSC,133,0.085112,0.004431
77,CA1-RSC,intermediate,RSC,134,0.08098,0.003151
77,CA1-RSC,intermediate,RSC,135,0.039452,0.001715
77,CA1-RSC,intermediate,RSC,136,0.161605,0.005456
77,CA1-RSC,intermediate,RSC,137,0.043539,0.001108
77,CA1-RSC,intermediate,RSC,138,0.147919,0.007875
77,CA1-RSC,intermediate,RSC,139,0.125464,0.003508
77,CA1-RSC,intermediate,RSC,140,0.01578,0.000876
77,CA1-RSC,intermediate,RSC,141,0.068265,0.002058
77,CA1-RSC,intermediate,RSC,142,0.145134,0.006937
77,CA1-RSC,intermediate,RSC,143,0.030382,0.001121
77,CA1-RSC,intermediate,RSC,144,0.116749,0.005926
77,CA1-RSC,intermediate,RSC,145,0.04998,0.002103
77,CA1-RSC,intermediate,RSC,146,0.027252,0.000735
77,CA1-RSC,intermediate,RSC,147,0.094543,0.004879
77,CA1-RSC,intermediate,RSC,148,0.229266,0.00529
77,CA1-RSC,intermediate,RSC,149,0.108742,0.005375
77,CA1-RSC,intermediate,RSC,150,0.070037,0.003086
77,CA1-RSC,intermediate,RSC,151,0.125733,0.006611
77,CA1-RSC,intermediate,RSC,152,0.061636,0.003057
77,CA1-RSC,intermediate,RSC,153,0.189459,0.010715
77,CA1-RSC,intermediate,RSC,154,0.08329,0.003978
77,CA1-RSC,intermediate,RSC,155,0.04802,0.001403
77,CA1-RSC,intermediate,RSC,156,0.077145,0.003153
77,CA1-RSC,intermediate,RSC,157,0.018746,0.000516
77,CA1-RSC,intermediate,RSC,158,0.096136,0.004996
77,CA1-RSC,intermediate,RSC,159,0.025668,0.00107
77,CA1-RSC,intermediate,RSC,160,0.571815,0.017889
77,CA1-RSC,intermediate,RSC,161,0.240899,0.012061
77,CA1-RSC,intermediate,RSC,162,0.153959,0.005663
77,CA1-RSC,intermediate,RSC,163,0.138836,0.006857
77,CA1-RSC,intermediate,RSC,164,0.390641,0.012574
77,CA1-RSC,intermediate,RSC,165,0.082288,0.003471
77,CA1-RSC,intermediate,RSC,166,0.110795,0.005477
77,CA1-RSC,intermediate,RSC,167,0.46246,0.013966
77,CA1-RSC,intermediate,RSC,168,0.280251,0.011971
77,CA1-RSC,intermediate,RSC,169,0.009062,0.000513
77,CA1-RSC,intermediate,RSC,170,0.005001,0.000146
77,CA1-RSC,intermediate,RSC,171,0.136663,0.006363
77,CA1-RSC,intermediate,RSC,172,0.020277,0.000923
77,CA1-RSC,intermediate,RSC,173,0.023214,0.000911
77,CA1-RSC,intermediate,RSC,174,0.047146,0.00226
77,CA1-RSC,intermediate,RSC,175,0.021407,0.000993
77,CA1-RSC,intermediate,RSC,176,0.084915,0.005043
77,CA1-RSC,intermediate,RSC,177,0.384541,0.013819
77,CA1-RSC,intermediate,RSC,178,0.130248,0.005627
77,CA1-RSC,intermediate,RSC,179,0.111631,0.002635
77,CA1-RSC,intermediate,RSC,180,0.053145,0.002721
77,CA1-RSC,intermediate,RSC,181,0.038459,0.000754
77,CA1-RSC,intermediate,RSC,182,0.043202,0.001374
77,CA1-RSC,intermediate,RSC,183,0.074591,0.00338
77,CA1-RSC,intermediate,RSC,184,0.035743,0.001659
77,CA1-RSC,intermediate,RSC,185,0.029079,0.00121
77,CA1-RSC,intermediate,RSC,186,0.138446,0.006149
77,CA1-RSC,intermediate,RSC,187,0.043215,0.001012
77,CA1-RSC,intermediate,RSC,188,0.094653,0.005023
77,CA1-RSC,intermediate,RSC,189,0.130345,0.004726
77,CA1-RSC,intermediate,RSC,190,0.162735,0.008792
77,CA1-RSC,intermediate,RSC,191,0.300862,0.011287
77,CA1-RSC,intermediate,RSC,192,0.084899,0.004176
77,CA1-RSC,intermediate,RSC,193,0.09959,0.004446
77,CA1-RSC,intermediate,RSC,194,0.129258,0.006395
77,CA1-RSC,intermediate,RSC,195,0.10349,0.005248
77,CA1-RSC,intermediate,RSC,196,0.092813,0.003828
77,CA1-RSC,intermediate,RSC,197,0.053716,0.002338
77,CA1-RSC,intermediate,RSC,198,0.080415,0.00293
77,CA1-RSC,intermediate,RSC,199,0.058631,0.002511
77,CA1-RSC,intermediate,RSC,200,0.069959,0.002937
77,CA1-RSC,intermediate,RSC,201,0.113435,0.004279
77,CA1-RSC,intermediate,RSC,202,0.038012,0.002066
77,CA1-RSC,intermediate,RSC,203,0.081743,0.002955
77,CA1-RSC,intermediate,RSC,204,0.125166,0.005595
77,CA1-RSC,intermediate,RSC,205,0.085168,0.004021
77,CA1-RSC,intermediate,RSC,206,0.097634,0.005023
77,CA1-RSC,intermediate,RSC,207,0.050904,0.002925
77,CA1-RSC,intermediate,RSC,208,0.123982,0.005919
77,CA1-RSC,intermediate,RSC,209,0.209744,0.007652
77,CA1-RSC,intermediate,RSC,210,0.024908,0.001254
77,CA1-RSC,intermediate,RSC,211,0.099648,0.004896
77,CA1-RSC,intermediate,RSC,212,0.088831,0.003666
77,CA1-RSC,intermediate,RSC,213,0.046549,0.002349
77,CA1-RSC,intermediate,RSC,214,0.334086,0.018494
77,CA1-RSC,intermediate,RSC,215,0.0764,0.002853
77,CA1-RSC,intermediate,RSC,216,0.009651,0.00043
77,CA1-RSC,intermediate,RSC,217,0.39623,0.008446
77,CA1-RSC,intermediate,RSC,218,0.049123,0.001668
77,CA1-RSC,intermediate,RSC,219,0.040964,0.002018
77,CA1-RSC,intermediate,RSC,220,0.281818,0.012608
77,CA1-RSC,intermediate,RSC,221,0.02188,0.001122
77,CA1-RSC,intermediate,RSC,222,0.272435,0.004794
77,CA1-RSC,intermediate,RSC,223,0.008364,0.000225
77,CA1-RSC,intermediate,RSC,224,0.004554,0.000184
77,CA1-RSC,expert,CA1,0,1.028755,0.18504
77,CA1-RSC,expert,CA1,1,1.021992,0.056217
77,CA1-RSC,expert,CA1,2,0.944035,0.103849
77,CA1-RSC,expert,CA1,3,1.037843,0.022769
77,CA1-RSC,expert,CA1,4,0.863767,0.225442
77,CA1-RSC,expert,CA1,5,0.933891,0.128413
77,CA1-RSC,expert,CA1,6,1.114251,0.036828
77,CA1-RSC,expert,CA1,7,1.037444,0.179353
77,CA1-RSC,expert,CA1,8,1.159058,0.101873
77,CA1-RSC,expert,RSC,0,0.041756,0.006317
77,CA1-RSC,expert,RSC,1,0.089322,0.017234
77,CA1-RSC,expert,RSC,2,0.104454,0.016509
77,CA1-RSC,expert,RSC,3,0.155662,0.022098
77,CA1-RSC,expert,RSC,4,0.035041,0.007624
77,CA1-RSC,expert,RSC,5,0.029666,0.004029
77,CA1-RSC,expert,RSC,6,0.064587,0.004747
77,CA1-RSC,expert,RSC,7,0.119896,0.011643
77,CA1-RSC,expert,RSC,8,0.479781,0.033765
77,CA1-RSC,expert,RSC,9,0.103783,0.016799
77,CA1-RSC,expert,RSC,10,0.159794,0.021898
77,CA1-RSC,expert,RSC,11,0.118861,0.015135
77,CA1-RSC,expert,RSC,12,0.161131,0.022605
77,CA1-RSC,expert,RSC,13,0.026215,0.004001
77,CA1-RSC,expert,RSC,14,0.246,0.035246
77,CA1-RSC,expert,RSC,15,0.057827,0.002465
77,CA1-RSC,expert,RSC,16,0.081256,0.01051
77,CA1-RSC,expert,RSC,17,0.030743,0.004399
77,CA1-RSC,expert,RSC,18,0.097367,0.015127
77,CA1-RSC,expert,RSC,19,0.041052,0.003938
77,CA1-RSC,expert,RSC,20,0.116828,0.012596
77,CA1-RSC,expert,RSC,21,0.196346,0.029506
77,CA1-RSC,expert,RSC,22,0.095619,0.013066
77,CA1-RSC,expert,RSC,23,0.113849,0.012571
77,CA1-RSC,expert,RSC,24,0.051708,0.00782
77,CA1-RSC,expert,RSC,25,0.062799,0.009524
77,CA1-RSC,expert,RSC,26,0.044231,0.008411
77,CA1-RSC,expert,RSC,27,0.168939,0.017125
77,CA1-RSC,expert,RSC,28,0.055596,0.006277
77,CA1-RSC,expert,RSC,29,0.279776,0.037308
77,CA1-RSC,expert,RSC,30,0.079897,0.01012
77,CA1-RSC,expert,RSC,31,0.368156,0.068352
77,CA1-RSC,expert,RSC,32,0.06485,0.007988
77,CA1-RSC,expert,RSC,33,0.101023,0.01276
77,CA1-RSC,expert,RSC,34,0.088018,0.014438
77,CA1-RSC,expert,RSC,35,0.198545,0.036278
77,CA1-RSC,expert,RSC,36,0.123862,0.019359
77,CA1-RSC,expert,RSC,37,0.126881,0.013108
77,CA1-RSC,expert,RSC,38,0.140667,0.02066
77,CA1-RSC,expert,RSC,39,0.360905,0.026352
77,CA1-RSC,expert,RSC,40,0.120084,0.019422
77,CA1-RSC,expert,RSC,41,0.05414,0.004512
77,CA1-RSC,expert,RSC,42,0.00718,0.001186
77,CA1-RSC,expert,RSC,43,0.024256,0.002773
77,CA1-RSC,expert,RSC,44,0.044811,0.007176
77,CA1-RSC,expert,RSC,45,0.09897,0.016202
77,CA1-RSC,expert,RSC,46,0.073192,0.006119
77,CA1-RSC,expert,RSC,47,0.1082,0.017749
77,CA1-RSC,expert,RSC,48,0.142175,0.017547
77,CA1-RSC,expert,RSC,49,0.064862,0.006144
77,CA1-RSC,expert,RSC,50,0.071741,0.011159
77,CA1-RSC,expert,RSC,51,0.139796,0.022551
77,CA1-RSC,expert,RSC,52,0.079586,0.00606
77,CA1-RSC,expert,RSC,53,0.110791,0.014498
77,CA1-RSC,expert,RSC,54,0.295922,0.053279
77,CA1-RSC,expert,RSC,55,0.147387,0.015871
77,CA1-RSC,expert,RSC,56,0.1235,0.011918
77,CA1-RSC,expert,RSC,57,0.046672,0.003359
77,CA1-RSC,expert,RSC,58,0.037119,0.005683
77,CA1-RSC,expert,RSC,59,0.011378,0.002017
77,CA1-RSC,expert,RSC,60,0.162663,0.0214
77,CA1-RSC,expert,RSC,61,0.211183,0.019765
77,CA1-RSC,expert,RSC,62,0.121458,0.025224
77,CA1-RSC,expert,RSC,63,0.091391,0.015618
77,CA1-RSC,expert,RSC,64,0.043351,0.003741
77,CA1-RSC,expert,RSC,65,0.060358,0.010744
77,CA1-RSC,expert,RSC,66,0.46217,0.070714
77,CA1-RSC,expert,RSC,67,0.089532,0.011674
77,CA1-RSC,expert,RSC,68,0.143773,0.018533
77,CA1-RSC,expert,RSC,69,0.1381,0.01395
77,CA1-RSC,expert,RSC,70,0.134263,0.019097
77,CA1-RSC,expert,RSC,71,0.110598,0.0156
77,CA1-RSC,expert,RSC,72,0.154943,0.012504
77,CA1-RSC,expert,RSC,73,0.059322,0.006483
77,CA1-RSC,expert,RSC,74,0.069971,0.003891
77,CA1-RSC,expert,RSC,75,0.396401,0.051786
77,CA1-RSC,expert,RSC,76,0.134788,0.028649
77,CA1-RSC,expert,RSC,77,0.089011,0.011043
77,CA1-RSC,expert,RSC,78,0.164829,0.016895
77,CA1-RSC,expert,RSC,79,0.158404,0.019264
77,CA1-RSC,expert,RSC,80,0.181879,0.033416
77,CA1-RSC,expert,RSC,81,0.052514,0.00858
77,CA1-RSC,expert,RSC,82,0.025595,0.004783
77,CA1-RSC,expert,RSC,83,0.127558,0.022116
77,CA1-RSC,expert,RSC,84,0.143427,0.015185
77,CA1-RSC,expert,RSC,85,0.119228,0.025797
77,CA1-RSC,expert,RSC,86,0.15403,0.022945
77,CA1-RSC,expert,RSC,87,0.015775,0.002202
77,CA1-RSC,expert,RSC,88,0.133997,0.012299
77,CA1-RSC,expert,RSC,89,0.157255,0.021083
77,CA1-RSC,expert,RSC,90,0.25346,0.049049
77,CA1-RSC,expert,RSC,91,0.155561,0.014746
77,CA1-RSC,expert,RSC,92,0.111756,0.020408
77,CA1-RSC,expert,RSC,93,0.316772,0.05301
77,CA1-RSC,expert,RSC,94,0.034141,0.004041
77,CA1-RSC,expert,RSC,95,0.096493,0.013195
77,CA1-RSC,expert,RSC,96,0.049863,0.007442
77,CA1-RSC,expert,RSC,97,0.19621,0.023607
77,CA1-RSC,expert,RSC,98,0.014258,0.001345
77,CA1-RSC,expert,RSC,99,0.068565,0.010782
77,CA1-RSC,expert,RSC,100,0.067018,0.006193
77,CA1-RSC,expert,RSC,101,0.461369,0.084489
77,CA1-RSC,expert,RSC,102,0.103595,0.018956
77,CA1-RSC,expert,RSC,103,0.107173,0.011528
77,CA1-RSC,expert,RSC,104,0.020282,0.003705
77,CA1-RSC,expert,RSC,105,0.009524,0.00048
77,CA1-RSC,expert,RSC,106,0.083141,0.003073
77,CA1-RSC,expert,RSC,107,0.104258,0.024564
77,CA1-RSC,expert,RSC,108,0.030463,0.004159
77,CA1-RSC,expert,RSC,109,0.033713,0.006553
77,CA1-RSC,expert,RSC,110,0.015348,0.002778
77,CA1-RSC,expert,RSC,111,0.182135,0.017908
77,CA1-RSC,expert,RSC,112,0.004597,0.000652
77,CA1-RSC,expert,RSC,113,0.101267,0.009349
77,CA1-RSC,expert,RSC,114,0.103142,0.013666
77,CA1-RSC,expert,RSC,115,0.072651,0.007865
77,CA1-RSC,expert,RSC,116,0.211342,0.021392
77,CA1-RSC,expert,RSC,117,0.174106,0.018805
77,CA1-RSC,expert,RSC,118,0.032844,0.002592
77,CA1-RSC,expert,RSC,119,0.155699,0.026222
77,CA1-RSC,expert,RSC,120,0.145919,0.025323
77,CA1-RSC,expert,RSC,121,0.071345,0.015345
77,CA1-RSC,expert,RSC,122,0.097857,0.008648
77,CA1-RSC,expert,RSC,123,0.080437,0.013111
77,CA1-RSC,expert,RSC,124,0.095737,0.017298
77,CA1-RSC,expert,RSC,125,0.329926,0.021942
77,CA1-RSC,expert,RSC,126,0.095382,0.005956
77,CA1-RSC,expert,RSC,127,0.071533,0.011934
77,CA1-RSC,expert,RSC,128,0.05943,0.003777
77,CA1-RSC,expert,RSC,129,0.051575,0.006403
77,CA1-RSC,expert,RSC,130,0.101948,0.016508
77,CA1-RSC,expert,RSC,131,0.080333,0.01059
77,CA1-RSC,expert,RSC,132,0.036101,0.004509
77,CA1-RSC,expert,RSC,133,0.065313,0.009502
77,CA1-RSC,expert,RSC,134,0.096011,0.006349
77,CA1-RSC,expert,RSC,135,0.074828,0.012672
77,CA1-RSC,expert,RSC,136,0.100542,0.00928
77,CA1-RSC,expert,RSC,137,0.085564,0.009832
77,CA1-RSC,expert,RSC,138,0.131895,0.012885
77,CA1-RSC,expert,RSC,139,0.336476,0.061194
77,CA1-RSC,expert,RSC,140,0.036133,0.006342
77,CA1-RSC,expert,RSC,141,0.092881,0.015636
77,CA1-RSC,expert,RSC,142,0.209363,0.027501
77,CA1-RSC,expert,RSC,143,0.035835,0.005892
77,CA1-RSC,expert,RSC,144,0.146591,0.009286
77,CA1-RSC,expert,RSC,145,0.030324,0.004431
77,CA1-RSC,expert,RSC,146,0.05656,0.001923
77,CA1-RSC,expert,RSC,147,0.084952,0.01402
77,CA1-RSC,expert,RSC,148,0.044918,0.007863
77,CA1-RSC,expert,RSC,149,0.129095,0.014889
77,CA1-RSC,expert,RSC,150,0.132879,0.020011
77,CA1-RSC,expert,RSC,151,0.094462,0.020314
77,CA1-RSC,expert,RSC,152,0.06186,0.008334
77,CA1-RSC,expert,RSC,153,0.148189,0.034071
77,CA1-RSC,expert,RSC,154,0.070376,0.005166
77,CA1-RSC,expert,RSC,155,0.055488,0.005405
77,CA1-RSC,expert,RSC,156,0.069601,0.011249
77,CA1-RSC,expert,RSC,157,0.02059,0.001908
77,CA1-RSC,expert,RSC,158,0.124682,0.018881
77,CA1-RSC,expert,RSC,159,0.011526,0.001074
77,CA1-RSC,expert,RSC,160,0.319805,0.036121
77,CA1-RSC,expert,RSC,161,0.168733,0.021255
77,CA1-RSC,expert,RSC,162,0.030539,0.002843
77,CA1-RSC,expert,RSC,163,0.102883,0.016468
77,CA1-RSC,expert,RSC,164,0.337865,0.065311
77,CA1-RSC,expert,RSC,165,0.108446,0.010244
77,CA1-RSC,expert,RSC,166,0.14223,0.015745
77,CA1-RSC,expert,RSC,167,0.145144,0.022857
77,CA1-RSC,expert,RSC,168,0.230759,0.043139
77,CA1-RSC,expert,RSC,169,0.087145,0.017399
77,CA1-RSC,expert,RSC,170,0.005856,0.000919
77,CA1-RSC,expert,RSC,171,0.156907,0.030347
77,CA1-RSC,expert,RSC,172,0.030255,0.00209
77,CA1-RSC,expert,RSC,173,0.042752,0.00393
77,CA1-RSC,expert,RSC,174,0.072572,0.014953
77,CA1-RSC,expert,RSC,175,0.016381,0.002162
77,CA1-RSC,expert,RSC,176,0.098374,0.020675
77,CA1-RSC,expert,RSC,177,0.2248,0.032576
77,CA1-RSC,expert,RSC,178,0.559774,0.077878
77,CA1-RSC,expert,RSC,179,0.111023,0.018647
77,CA1-RSC,expert,RSC,180,0.063511,0.009226
77,CA1-RSC,expert,RSC,181,0.035213,0.006837
77,CA1-RSC,expert,RSC,182,0.078029,0.007201
77,CA1-RSC,expert,RSC,183,0.074396,0.006125
77,CA1-RSC,expert,RSC,184,0.029184,0.004358
77,CA1-RSC,expert,RSC,185,0.041392,0.006028
77,CA1-RSC,expert,RSC,186,0.048523,0.005273
77,CA1-RSC,expert,RSC,187,0.043189,0.003063
77,CA1-RSC,expert,RSC,188,0.088918,0.016484
77,CA1-RSC,expert,RSC,189,0.069769,0.006728
77,CA1-RSC,expert,RSC,190,0.126158,0.009821
77,CA1-RSC,expert,RSC,191,0.228103,0.029838
77,CA1-RSC,expert,RSC,192,0.104727,0.020651
77,CA1-RSC,expert,RSC,193,0.097294,0.019353
77,CA1-RSC,expert,RSC,194,0.158018,0.015416
77,CA1-RSC,expert,RSC,195,0.128061,0.01226
77,CA1-RSC,expert,RSC,196,0.121304,0.02342
77,CA1-RSC,expert,RSC,197,0.055406,0.008275
77,CA1-RSC,expert,RSC,198,0.089439,0.004935
77,CA1-RSC,expert,RSC,199,0.074629,0.008311
77,CA1-RSC,expert,RSC,200,0.096216,0.011386
77,CA1-RSC,expert,RSC,201,0.085052,0.014063
77,CA1-RSC,expert,RSC,202,0.075902,0.009625
77,CA1-RSC,expert,RSC,203,0.113688,0.007439
77,CA1-RSC,expert,RSC,204,0.134187,0.019086
77,CA1-RSC,expert,RSC,205,0.123923,0.007272
77,CA1-RSC,expert,RSC,206,0.193331,0.011255
77,CA1-RSC,expert,RSC,207,0.056751,0.010028
77,CA1-RSC,expert,RSC,208,0.145116,0.034888
77,CA1-RSC,expert,RSC,209,0.265386,0.037205
77,CA1-RSC,expert,RSC,210,0.100195,0.014858
77,CA1-RSC,expert,RSC,211,0.104884,0.02173
77,CA1-RSC,expert,RSC,212,0.152736,0.02027
77,CA1-RSC,expert,RSC,213,0.064052,0.007776
77,CA1-RSC,expert,RSC,214,0.217765,0.050733
77,CA1-RSC,expert,RSC,215,0.157727,0.030624
77,CA1-RSC,expert,RSC,216,0.016782,0.003352
77,CA1-RSC,expert,RSC,217,0.440632,0.041447
77,CA1-RSC,expert,RSC,218,0.018881,0.001136
77,CA1-RSC,expert,RSC,219,0.065602,0.008759
77,CA1-RSC,expert,RSC,220,0.419739,0.037934
77,CA1-RSC,expert,RSC,221,0.042586,0.006303
77,CA1-RSC,expert,RSC,222,0.018037,0.003679
77,CA1-RSC,expert,RSC,223,0.005621,0.00104
77,CA1-RSC,expert,RSC,224,5.6e-05,6e-06
77,CA1-DG,naive,CA1,0,1.120618,0.232355
77,CA1-DG,naive,CA1,1,0.614478,0.123985
77,CA1-DG,naive,CA1,2,0.676848,0.131859
77,CA1-DG,naive,CA1,3,0.909002,0.185031
77,CA1-DG,naive,CA1,4,0.594808,0.105071
77,CA1-DG,naive,CA1,5,1.956621,0.183431
77,CA1-DG,naive,CA1,6,0.589814,0.120516
77,CA1-DG,naive,CA1,7,0.938155,0.089581
77,CA1-DG,naive,CA1,8,0.797352,0.126537
77,CA1-DG,naive,DG,0,1.11577,0.177276
77,CA1-DG,naive,DG,1,0.97787,0.235203
77,CA1-DG,naive,DG,2,0.806774,0.15657
77,CA1-DG,naive,DG,3,1.419011,0.23232
77,CA1-DG,naive,DG,4,9.800388,0.333479
77,CA1-DG,intermediate,CA1,0,0.948901,0.081
77,CA1-DG,intermediate,CA1,1,0.627211,0.01118
77,CA1-DG,intermediate,CA1,2,0.746695,0.023788
77,CA1-DG,intermediate,CA1,3,0.963843,0.029539
77,CA1-DG,intermediate,CA1,4,0.59111,0.021364
77,CA1-DG,intermediate,CA1,5,1.032066,0.023499
77,CA1-DG,intermediate,CA1,6,0.921261,0.014793
77,CA1-DG,intermediate,CA1,7,0.677854,0.028483
77,CA1-DG,intermediate,CA1,8,0.463239,0.010868
77,CA1-DG,intermediate,DG,0,1.027885,0.025435
77,CA1-DG,intermediate,DG,1,1.013199,0.083452
77,CA1-DG,intermediate,DG,2,1.497322,0.047129
77,CA1-DG,intermediate,DG,3,1.122298,0.038248
77,CA1-DG,intermediate,DG,4,1.12491,0.007298
77,CA1-DG,expert,CA1,0,0.994944,0.112951
77,CA1-DG,expert,CA1,1,0.462931,0.032087
77,CA1-DG,expert,CA1,2,0.711966,0.106811
77,CA1-DG,expert,CA1,3,0.735051,0.040496
77,CA1-DG,expert,CA1,4,0.727464,0.021956
77,CA1-DG,expert,CA1,5,0.880709,0.154096
77,CA1-DG,expert,CA1,6,0.763661,0.125596
77,CA1-DG,expert,CA1,7,0.755895,0.07821
77,CA1-DG,expert,CA1,8,0.569364,0.068318
77,CA1-DG,expert,DG,0,1.042946,0.038808
77,CA1-DG,expert,DG,1,1.065261,0.123408
77,CA1-DG,expert,DG,2,1.2896,0.204947
77,CA1-DG,expert,DG,3,0.733928,0.066397
77,CA1-DG,expert,DG,4,1.172917,0.198594
77,CA1-V1,naive,CA1,0,1.196016,0.185571
77,CA1-V1,naive,CA1,1,1.427167,0.242719
77,CA1-V1,naive,CA1,2,0.941236,0.145693
77,CA1-V1,naive,CA1,3,0.993762,0.126864
77,CA1-V1,naive,CA1,4,1.276073,0.212241
77,CA1-V1,naive,CA1,5,2.154227,0.183511
77,CA1-V1,naive,CA1,6,0.89345,0.159337
77,CA1-V1,naive,CA1,7,1.10198,0.18209
77,CA1-V1,naive,CA1,8,1.505767,0.192908
77,CA1-V1,naive,V1,0,0.859975,0.080757
77,CA1-V1,naive,V1,1,0.591851,0.095913
77,CA1-V1,naive,V1,2,0.977187,0.107493
77,CA1-V1,naive,V1,3,1.299094,0.23835
77,CA1-V1,naive,V1,4,0.960164,0.190155
77,CA1-V1,naive,V1,5,1.027379,0.158541
77,CA1-V1,naive,V1,6,0.803935,0.120983
77,CA1-V1,naive,V1,7,0.535232,0.085996
77,CA1-V1,naive,V1,8,0.737917,0.134564
77,CA1-V1,naive,V1,9,1.28254,0.213983
77,CA1-V1,naive,V1,10,0.574049,0.052357
77,CA1-V1,naive,V1,11,1.138133,0.158855
77,CA1-V1,intermediate,CA1,0,0.987626,0.033562
77,CA1-V1,intermediate,CA1,1,1.235245,0.036072
77,CA1-V1,intermediate,CA1,2,1.12232,0.014398
77,CA1-V1,intermediate,CA1,3,1.076624,0.019919
77,CA1-V1,intermediate,CA1,4,0.918429,0.032402
77,CA1-V1,intermediate,CA1,5,1.124276,0.018667
77,CA1-V1,intermediate,CA1,6,1.043751,0.016739
77,CA1-V1,intermediate,CA1,7,1.077707,0.009062
77,CA1-V1,intermediate,CA1,8,1.366273,0.015457
77,CA1-V1,intermediate,V1,0,0.931706,0.019314
77,CA1-V1,intermediate,V1,1,0.835787,0.013631
77,CA1-V1,intermediate,V1,2,0.947374,0.016555
77,CA1-V1,intermediate,V1,3,1.122298,0.028961
77,CA1-V1,intermediate,V1,4,0.992392,0.027461
77,CA1-V1,intermediate,V1,5,0.885818,0.031316
77,CA1-V1,intermediate,V1,6,0.992177,0.016577
77,CA1-V1,intermediate,V1,7,0.66752,0.010107
77,CA1-V1,intermediate,V1,8,0.991236,0.013026
77,CA1-V1,intermediate,V1,9,0.699684,0.008174
77,CA1-V1,intermediate,V1,10,0.80219,0.024589
77,CA1-V1,intermediate,V1,11,0.990767,0.011065
77,CA1-V1,expert,CA1,0,1.036735,0.072252
77,CA1-V1,expert,CA1,1,1.027676,0.119103
77,CA1-V1,expert,CA1,2,0.94874,0.136794
77,CA1-V1,expert,CA1,3,1.044125,0.101297
77,CA1-V1,expert,CA1,4,0.873974,0.082821
77,CA1-V1,expert,CA1,5,0.939608,0.059732
77,CA1-V1,expert,CA1,6,1.119507,0.098115
77,CA1-V1,expert,CA1,7,1.044522,0.095296
77,CA1-V1,expert,CA1,8,1.166557,0.146787
77,CA1-V1,expert,V1,0,0.986892,0.076858
77,CA1-V1,expert,V1,1,0.988896,0.116831
77,CA1-V1,expert,V1,2,0.873697,0.098472
77,CA1-V1,expert,V1,3,1.160572,0.105171
77,CA1-V1,expert,V1,4,0.949791,0.05115
77,CA1-V1,expert,V1,5,0.975313,0.08435
77,CA1-V1,expert,V1,6,0.867926,0.087892
77,CA1-V1,expert,V1,7,0.878007,0.115536
77,CA1-V1,expert,V1,8,0.761365,0.066707
77,CA1-V1,expert,V1,9,0.706305,0.105187
77,CA1-V1,expert,V1,10,0.936009,0.071526
77,CA1-V1,expert,V1,11,0.836854,0.115172
77,CA1-SUB,naive,CA1,0,1.165708,0.087366
77,CA1-SUB,naive,CA1,1,1.251632,0.216284
77,CA1-SUB,naive,CA1,2,0.723679,0.106353
77,CA1-SUB,naive,CA1,3,0.765724,0.054207
77,CA1-SUB,naive,CA1,4,1.003428,0.161115
77,CA1-SUB,naive,CA1,5,1.502151,0.159004
77,CA1-SUB,naive,CA1,6,0.806048,0.069758
77,CA1-SUB,naive,CA1,7,0.877198,0.075152
77,CA1-SUB,naive,CA1,8,1.049381,0.084084
77,CA1-SUB,naive,SUB,0,1.097839,0.186061
77,CA1-SUB,naive,SUB,1,0.950969,0.068751
77,CA1-SUB,naive,SUB,2,2.058668,0.137241
77,CA1-SUB,naive,SUB,3,0.954364,0.028494
77,CA1-SUB,naive,SUB,4,0.729415,0.093098
77,CA1-SUB,naive,SUB,5,0.855624,0.130705
77,CA1-SUB,intermediate,CA1,0,0.89519,0.009488
77,CA1-SUB,intermediate,CA1,1,0.610443,0.006151
77,CA1-SUB,intermediate,CA1,2,1.099539,0.010766
77,CA1-SUB,intermediate,CA1,3,0.932132,0.010395
77,CA1-SUB,intermediate,CA1,4,0.759186,0.007053
77,CA1-SUB,intermediate,CA1,5,0.892927,0.006954
77,CA1-SUB,intermediate,CA1,6,1.030964,0.010344
77,CA1-SUB,intermediate,CA1,7,0.860163,0.008096
77,CA1-SUB,intermediate,CA1,8,0.727465,0.005627
77,CA1-SUB,intermediate,SUB,0,0.96453,0.010748
77,CA1-SUB,intermediate,SUB,1,0.983418,0.010581
77,CA1-SUB,intermediate,SUB,2,1.212488,0.013006
77,CA1-SUB,intermediate,SUB,3,0.866517,0.007066
77,CA1-SUB,intermediate,SUB,4,1.118008,0.005604
77,CA1-SUB,intermediate,SUB,5,0.788882,0.008774
77,CA1-SUB,expert,CA1,0,0.896594,0.039738
77,CA1-SUB,expert,CA1,1,0.76328,0.066422
77,CA1-SUB,expert,CA1,2,0.931847,0.099604
77,CA1-SUB,expert,CA1,3,0.872794,0.143704
77,CA1-SUB,expert,CA1,4,0.786944,0.047445
77,CA1-SUB,expert,CA1,5,0.752057,0.018235
77,CA1-SUB,expert,CA1,6,0.874176,0.062006
77,CA1-SUB,expert,CA1,7,0.576633,0.011345
77,CA1-SUB,expert,CA1,8,0.963673,0.02376
77,CA1-SUB,expert,SUB,0,0.985255,0.016941
77,CA1-SUB,expert,SUB,1,1.035283,0.13254
77,CA1-SUB,expert,SUB,2,1.60163,0.125261
77,CA1-SUB,expert,SUB,3,0.760855,0.064468
77,CA1-SUB,expert,SUB,4,1.861187,0.018144
77,CA1-SUB,expert,SUB,5,1.000089,0.107237
77,RSC-SUB,naive,RSC,0,0.018277,0.000554
77,RSC-SUB,naive,RSC,1,0.06695,0.003509
77,RSC-SUB,naive,RSC,2,0.035262,0.001459
77,RSC-SUB,naive,RSC,3,0.048352,0.002341
77,RSC-SUB,naive,RSC,4,0.004646,0.000209
77,RSC-SUB,naive,RSC,5,0.012057,0.00026
77,RSC-SUB,naive,RSC,6,0.009465,0.00044
77,RSC-SUB,naive,RSC,7,0.0126,0.000525
77,RSC-SUB,naive,RSC,8,0.017026,0.000781
77,RSC-SUB,naive,RSC,9,0.015267,0.000594
77,RSC-SUB,naive,RSC,10,0.041985,0.002263
77,RSC-SUB,naive,RSC,11,0.018665,0.000867
77,RSC-SUB,naive,RSC,12,0.016765,0.000736
77,RSC-SUB,naive,RSC,13,0.010531,0.000362
77,RSC-SUB,naive,RSC,14,0.010152,0.000474
77,RSC-SUB,naive,RSC,15,0.01695,0.00081
77,RSC-SUB,naive,RSC,16,0.08838,0.00418
77,RSC-SUB,naive,RSC,17,0.016343,0.000463
77,RSC-SUB,naive,RSC,18,0.086364,0.003745
77,RSC-SUB,naive,RSC,19,0.010536,0.00034
77,RSC-SUB,naive,RSC,20,0.024519,0.001088
77,RSC-SUB,naive,RSC,21,0.082614,0.004529
77,RSC-SUB,naive,RSC,22,0.128274,0.006897
77,RSC-SUB,naive,RSC,23,0.01855,0.001001
77,RSC-SUB,naive,RSC,24,0.015323,0.000431
77,RSC-SUB,naive,RSC,25,0.014623,0.000749
77,RSC-SUB,naive,RSC,26,0.006994,0.000311
77,RSC-SUB,naive,RSC,27,0.073053,0.003638
77,RSC-SUB,naive,RSC,28,0.014022,0.000534
77,RSC-SUB,naive,RSC,29,0.084954,0.003652
77,RSC-SUB,naive,RSC,30,0.056912,0.002049
77,RSC-SUB,naive,RSC,31,0.02353,0.000857
77,RSC-SUB,naive,RSC,32,0.04092,0.001308
77,RSC-SUB,naive,RSC,33,0.043437,0.001867
77,RSC-SUB,naive,RSC,34,0.068456,0.002961
77,RSC-SUB,naive,RSC,35,0.020335,0.000807
77,RSC-SUB,naive,RSC,36,0.167684,0.006862
77,RSC-SUB,naive,RSC,37,0.01595,0.000898
77,RSC-SUB,naive,RSC,38,0.029785,0.001564
77,RSC-SUB,naive,RSC,39,0.034995,0.001741
77,RSC-SUB,naive,RSC,40,0.030909,0.001625
77,RSC-SUB,naive,RSC,41,0.021224,0.001095
77,RSC-SUB,naive,RSC,42,0.209955,0.002983
77,RSC-SUB,naive,RSC,43,0.015614,0.000509
77,RSC-SUB,naive,RSC,44,0.041543,0.002262
77,RSC-SUB,naive,RSC,45,0.053731,0.002272
77,RSC-SUB,naive,RSC,46,0.099425,0.00346
77,RSC-SUB,naive,RSC,47,0.370144,0.014274
77,RSC-SUB,naive,RSC,48,0.113254,0.005347
77,RSC-SUB,naive,RSC,49,0.116696,0.005516
77,RSC-SUB,naive,RSC,50,0.063908,0.003206
77,RSC-SUB,naive,RSC,51,0.530608,0.016744
77,RSC-SUB,naive,RSC,52,0.118556,0.005506
77,RSC-SUB,naive,RSC,53,0.137653,0.004124
77,RSC-SUB,naive,RSC,54,0.035725,0.001136
77,RSC-SUB,naive,RSC,55,0.077941,0.002534
77,RSC-SUB,naive,RSC,56,0.135401,0.005609
77,RSC-SUB,naive,RSC,57,0.01473,0.000798
77,RSC-SUB,naive,RSC,58,0.051888,0.002677
77,RSC-SUB,naive,RSC,59,0.188942,0.007193
77,RSC-SUB,naive,RSC,60,0.145329,0.007929
77,RSC-SUB,naive,RSC,61,0.100233,0.003627
77,RSC-SUB,naive,RSC,62,0.102043,0.003734
77,RSC-SUB,naive,RSC,63,0.036175,0.00155
77,RSC-SUB,naive,RSC,64,0.072072,0.003211
77,RSC-SUB,naive,RSC,65,0.043521,0.000917
77,RSC-SUB,naive,RSC,66,0.022133,0.000928
77,RSC-SUB,naive,RSC,67,0.136511,0.00621
77,RSC-SUB,naive,RSC,68,0.028052,0.001511
77,RSC-SUB,naive,RSC,69,0.020391,0.001036
77,RSC-SUB,naive,RSC,70,0.072442,0.002421
77,RSC-SUB,naive,RSC,71,0.078824,0.003725
77,RSC-SUB,naive,RSC,72,0.076518,0.00264
77,RSC-SUB,naive,RSC,73,0.020328,0.000955
77,RSC-SUB,naive,RSC,74,0.031632,0.001346
77,RSC-SUB,naive,RSC,75,0.043145,0.001428
77,RSC-SUB,naive,RSC,76,0.116695,0.005718
77,RSC-SUB,naive,RSC,77,0.289723,0.007616
77,RSC-SUB,naive,RSC,78,0.077566,0.002894
77,RSC-SUB,naive,RSC,79,0.134308,0.005788
77,RSC-SUB,naive,RSC,80,0.010942,0.000572
77,RSC-SUB,naive,RSC,81,0.184877,0.008027
77,RSC-SUB,naive,RSC,82,0.004143,0.000179
77,RSC-SUB,naive,RSC,83,0.07786,0.002566
77,RSC-SUB,naive,RSC,84,0.05103,0.002547
77,RSC-SUB,naive,RSC,85,0.026881,0.001458
77,RSC-SUB,naive,RSC,86,0.271012,0.012434
77,RSC-SUB,naive,RSC,87,0.003777,0.000158
77,RSC-SUB,naive,RSC,88,0.202112,0.006007
77,RSC-SUB,naive,RSC,89,0.136727,0.006607
77,RSC-SUB,naive,RSC,90,0.037007,0.00198
77,RSC-SUB,naive,RSC,91,0.14128,0.004817
77,RSC-SUB,naive,RSC,92,0.040748,0.001444
77,RSC-SUB,naive,RSC,93,0.02295,0.001267
77,RSC-SUB,naive,RSC,94,0.015815,0.000529
77,RSC-SUB,naive,RSC,95,0.05488,0.002185
77,RSC-SUB,naive,RSC,96,0.034535,0.001325
77,RSC-SUB,naive,RSC,97,0.026264,0.001274
77,RSC-SUB,naive,RSC,98,0.029296,0.00116
77,RSC-SUB,naive,RSC,99,0.011847,0.000477
77,RSC-SUB,naive,RSC,100,0.178022,0.007202
77,RSC-SUB,naive,RSC,101,0.014693,0.000693
77,RSC-SUB,naive,RSC,102,0.01396,0.000676
77,RSC-SUB,naive,RSC,103,0.053774,0.00196
77,RSC-SUB,naive,RSC,104,0.198452,0.00915
77,RSC-SUB,naive,RSC,105,0.030787,0.000581
77,RSC-SUB,naive,RSC,106,0.026793,0.00086
77,RSC-SUB,naive,RSC,107,0.052539,0.002119
77,RSC-SUB,naive,RSC,108,0.075981,0.003148
77,RSC-SUB,naive,RSC,109,0.358149,0.006472
77,RSC-SUB,naive,RSC,110,0.005061,0.000184
77,RSC-SUB,naive,RSC,111,0.088954,0.003321
77,RSC-SUB,naive,RSC,112,0.281141,0.008153
77,RSC-SUB,naive,RSC,113,0.041156,0.001273
77,RSC-SUB,naive,RSC,114,0.078257,0.003702
77,RSC-SUB,naive,RSC,115,0.068093,0.001943
77,RSC-SUB,naive,RSC,116,0.05027,0.002187
77,RSC-SUB,naive,RSC,117,0.066414,0.002785
77,RSC-SUB,naive,RSC,118,0.022864,0.000621
77,RSC-SUB,naive,RSC,119,0.013573,0.000497
77,RSC-SUB,naive,RSC,120,0.106866,0.003031
77,RSC-SUB,naive,RSC,121,0.047705,0.002085
77,RSC-SUB,naive,RSC,122,0.063379,0.001353
77,RSC-SUB,naive,RSC,123,0.009003,0.000255
77,RSC-SUB,naive,RSC,124,0.017877,0.000763
77,RSC-SUB,naive,RSC,125,0.013741,0.000537
77,RSC-SUB,naive,RSC,126,0.012493,0.000527
77,RSC-SUB,naive,RSC,127,0.01273,0.000691
77,RSC-SUB,naive,RSC,128,0.014805,0.000725
77,RSC-SUB,naive,RSC,129,0.029105,0.001218
77,RSC-SUB,naive,RSC,130,0.014543,0.000512
77,RSC-SUB,naive,RSC,131,0.010688,0.000472
77,RSC-SUB,naive,RSC,132,0.282179,0.006566
77,RSC-SUB,naive,RSC,133,0.092698,0.005084
77,RSC-SUB,naive,RSC,134,0.028336,0.00129
77,RSC-SUB,naive,RSC,135,0.024424,0.001258
77,RSC-SUB,naive,RSC,136,0.08376,0.00422
77,RSC-SUB,naive,RSC,137,0.016607,0.000749
77,RSC-SUB,naive,RSC,138,0.050119,0.002408
77,RSC-SUB,naive,RSC,139,0.031649,0.001506
77,RSC-SUB,naive,RSC,140,0.008043,0.000272
77,RSC-SUB,naive,RSC,141,0.088597,0.003229
77,RSC-SUB,naive,RSC,142,0.11147,0.004637
77,RSC-SUB,naive,RSC,143,0.004742,0.000251
77,RSC-SUB,naive,RSC,144,0.019277,0.000885
77,RSC-SUB,naive,RSC,145,0.02212,0.001022
77,RSC-SUB,naive,RSC,146,0.054698,0.002272
77,RSC-SUB,naive,RSC,147,0.052434,0.002481
77,RSC-SUB,naive,RSC,148,0.243681,0.001874
77,RSC-SUB,naive,RSC,149,0.152263,0.006581
77,RSC-SUB,naive,RSC,150,0.05413,0.001382
77,RSC-SUB,naive,RSC,151,0.05437,0.002591
77,RSC-SUB,naive,RSC,152,0.022195,0.000969
77,RSC-SUB,naive,RSC,153,0.035095,0.001178
77,RSC-SUB,naive,RSC,154,0.007462,0.000267
77,RSC-SUB,naive,RSC,155,0.218288,0.004487
77,RSC-SUB,naive,RSC,156,0.078925,0.002703
77,RSC-SUB,naive,RSC,157,0.041893,0.002212
77,RSC-SUB,naive,RSC,158,0.025096,0.000611
77,RSC-SUB,naive,RSC,159,0.009853,0.000525
77,RSC-SUB,naive,RSC,160,0.031056,0.0013
77,RSC-SUB,naive,RSC,161,0.163401,0.008407
77,RSC-SUB,naive,RSC,162,0.253176,0.007303
77,RSC-SUB,naive,RSC,163,0.025872,0.001022
77,RSC-SUB,naive,RSC,164,0.025999,0.000791
77,RSC-SUB,naive,RSC,165,0.073404,0.001963
77,RSC-SUB,naive,RSC,166,0.029415,0.001137
77,RSC-SUB,naive,RSC,167,0.012855,0.000656
77,RSC-SUB,naive,RSC,168,0.020802,0.001093
77,RSC-SUB,naive,RSC,169,0.007591,0.000171
77,RSC-SUB,naive,RSC,170,0.006763,0.000164
77,RSC-SUB,naive,RSC,171,0.228939,0.009131
77,RSC-SUB,naive,RSC,172,0.008453,0.000281
77,RSC-SUB,naive,RSC,173,0.017367,0.000654
77,RSC-SUB,naive,RSC,174,0.034671,0.000787
77,RSC-SUB,naive,RSC,175,0.015457,0.000702
77,RSC-SUB,naive,RSC,176,0.069082,0.003484
77,RSC-SUB,naive,RSC,177,0.080247,0.003538
77,RSC-SUB,naive,RSC,178,0.017927,0.000858
77,RSC-SUB,naive,RSC,179,0.038427,0.001361
77,RSC-SUB,naive,RSC,180,0.118494,0.00533
77,RSC-SUB,naive,RSC,181,0.233135,0.00807
77,RSC-SUB,naive,RSC,182,0.156338,0.006955
77,RSC-SUB,naive,RSC,183,0.067713,0.002226
77,RSC-SUB,naive,RSC,184,0.31595,0.009465
77,RSC-SUB,naive,RSC,185,0.032055,0.001105
77,RSC-SUB,naive,RSC,186,0.017919,0.000476
77,RSC-SUB,naive,RSC,187,0.188005,0.008
77,RSC-SUB,naive,RSC,188,0.059039,0.002792
77,RSC-SUB,naive,RSC,189,0.150865,0.008366
77,RSC-SUB,naive,RSC,190,0.04848,0.002398
77,RSC-SUB,naive,RSC,191,0.070399,0.0032
77,RSC-SUB,naive,RSC,192,0.076977,0.003051
77,RSC-SUB,naive,RSC,193,0.022252,0.001184
77,RSC-SUB,naive,RSC,194,0.105377,0.002406
77,RSC-SUB,naive,RSC,195,0.149698,0.004427
77,RSC-SUB,naive,RSC,196,0.180859,0.008012
77,RSC-SUB,naive,RSC,197,0.017515,0.000901
77,RSC-SUB,naive,RSC,198,0.040188,0.001625
77,RSC-SUB,naive,RSC,199,0.022741,0.001006
77,RSC-SUB,naive,RSC,200,0.039042,0.001745
77,RSC-SUB,naive,RSC,201,0.084937,0.003586
77,RSC-SUB,naive,RSC,202,0.021028,0.000872
77,RSC-SUB,naive,RSC,203,0.15552,0.007456
77,RSC-SUB,naive,RSC,204,0.09928,0.004279
77,RSC-SUB,naive,RSC,205,0.106206,0.003669
77,RSC-SUB,naive,RSC,206,0.039413,0.002239
77,RSC-SUB,naive,RSC,207,0.024824,0.001117
77,RSC-SUB,naive,RSC,208,0.018464,0.000955
77,RSC-SUB,naive,RSC,209,0.055384,0.002677
77,RSC-SUB,naive,RSC,210,0.00882,0.00016
77,RSC-SUB,naive,RSC,211,0.059185,0.001711
77,RSC-SUB,naive,RSC,212,0.031635,0.001332
77,RSC-SUB,naive,RSC,213,0.024898,0.000245
77,RSC-SUB,naive,RSC,214,0.010328,0.000547
77,RSC-SUB,naive,RSC,215,0.044408,0.001944
77,RSC-SUB,naive,RSC,216,0.216766,0.010381
77,RSC-SUB,naive,RSC,217,0.030036,0.001553
77,RSC-SUB,naive,RSC,218,0.00575,0.000324
77,RSC-SUB,naive,RSC,219,0.434432,0.011241
77,RSC-SUB,naive,RSC,220,0.008555,0.000353
77,RSC-SUB,naive,RSC,221,0.00886,0.000429
77,RSC-SUB,naive,RSC,222,0.005736,0.000201
77,RSC-SUB,naive,RSC,223,0.462331,0.023452
77,RSC-SUB,naive,RSC,224,0.160543,0.003996
77,RSC-SUB,naive,SUB,0,1.089044,0.037286
77,RSC-SUB,naive,SUB,1,0.944715,0.042767
77,RSC-SUB,naive,SUB,2,2.035164,0.080662
77,RSC-SUB,naive,SUB,3,0.948343,0.011558
77,RSC-SUB,naive,SUB,4,0.723894,0.006604
77,RSC-SUB,naive,SUB,5,0.846169,0.050359
77,RSC-SUB,intermediate,RSC,0,0.022135,0.001119
77,RSC-SUB,intermediate,RSC,1,0.043728,0.003213
77,RSC-SUB,intermediate,RSC,2,0.05148,0.003143
77,RSC-SUB,intermediate,RSC,3,0.329656,0.02117
77,RSC-SUB,intermediate,RSC,4,0.013921,0.000744
77,RSC-SUB,intermediate,RSC,5,0.020778,0.001232
77,RSC-SUB,intermediate,RSC,6,0.044722,0.002942
77,RSC-SUB,intermediate,RSC,7,0.155121,0.011496
77,RSC-SUB,intermediate,RSC,8,0.460023,0.036217
77,RSC-SUB,intermediate,RSC,9,0.098544,0.007042
77,RSC-SUB,intermediate,RSC,10,0.277454,0.017317
77,RSC-SUB,intermediate,RSC,11,0.232255,0.013287
77,RSC-SUB,intermediate,RSC,12,0.244604,0.015207
77,RSC-SUB,intermediate,RSC,13,0.023986,0.00129
77,RSC-SUB,intermediate,RSC,14,0.413014,0.016882
77,RSC-SUB,intermediate,RSC,15,0.045841,0.002557
77,RSC-SUB,intermediate,RSC,16,0.052766,0.00391
77,RSC-SUB,intermediate,RSC,17,0.017083,0.001006
77,RSC-SUB,intermediate,RSC,18,0.07105,0.004462
77,RSC-SUB,intermediate,RSC,19,0.028167,0.001245
77,RSC-SUB,intermediate,RSC,20,0.182335,0.012743
77,RSC-SUB,intermediate,RSC,21,0.164395,0.011029
77,RSC-SUB,intermediate,RSC,22,0.115793,0.004872
77,RSC-SUB,intermediate,RSC,23,0.080836,0.00546
77,RSC-SUB,intermediate,RSC,24,0.034547,0.003395
77,RSC-SUB,intermediate,RSC,25,0.031685,0.001481
77,RSC-SUB,intermediate,RSC,26,0.011582,0.000726
77,RSC-SUB,intermediate,RSC,27,0.089001,0.002616
77,RSC-SUB,intermediate,RSC,28,0.043168,0.003317
77,RSC-SUB,intermediate,RSC,29,0.114643,0.0103
77,RSC-SUB,intermediate,RSC,30,0.076315,0.004364
77,RSC-SUB,intermediate,RSC,31,0.134552,0.011897
77,RSC-SUB,intermediate,RSC,32,0.072858,0.005537
77,RSC-SUB,intermediate,RSC,33,0.067583,0.005179
77,RSC-SUB,intermediate,RSC,34,0.089851,0.005824
77,RSC-SUB,intermediate,RSC,35,0.061565,0.004717
77,RSC-SUB,intermediate,RSC,36,0.078459,0.004606
77,RSC-SUB,intermediate,RSC,37,0.10382,0.00794
77,RSC-SUB,intermediate,RSC,38,0.092525,0.007059
77,RSC-SUB,intermediate,RSC,39,0.152346,0.007577
77,RSC-SUB,intermediate,RSC,40,0.064895,0.003041
77,RSC-SUB,intermediate,RSC,41,0.035623,0.001897
77,RSC-SUB,intermediate,RSC,42,0.027639,0.001611
77,RSC-SUB,intermediate,RSC,43,0.018109,0.000839
77,RSC-SUB,intermediate,RSC,44,0.031538,0.00224
77,RSC-SUB,intermediate,RSC,45,0.048371,0.003483
77,RSC-SUB,intermediate,RSC,46,0.042539,0.002055
77,RSC-SUB,intermediate,RSC,47,0.095202,0.007093
77,RSC-SUB,intermediate,RSC,48,0.179108,0.009905
77,RSC-SUB,intermediate,RSC,49,0.066074,0.005412
77,RSC-SUB,intermediate,RSC,50,0.121437,0.011222
77,RSC-SUB,intermediate,RSC,51,0.265382,0.011956
77,RSC-SUB,intermediate,RSC,52,0.063785,0.004622
77,RSC-SUB,intermediate,RSC,53,0.078879,0.004878
77,RSC-SUB,intermediate,RSC,54,0.136006,0.009704
77,RSC-SUB,intermediate,RSC,55,0.078747,0.004557
77,RSC-SUB,intermediate,RSC,56,0.111705,0.005371
77,RSC-SUB,intermediate,RSC,57,0.026901,0.001836
77,RSC-SUB,intermediate,RSC,58,0.030201,0.002087
77,RSC-SUB,intermediate,RSC,59,0.010206,0.000896
77,RSC-SUB,intermediate,RSC,60,0.111189,0.009292
77,RSC-SUB,intermediate,RSC,61,0.140775,0.008022
77,RSC-SUB,intermediate,RSC,62,0.081318,0.004609
77,RSC-SUB,intermediate,RSC,63,0.124152,0.007976
77,RSC-SUB,intermediate,RSC,64,0.050156,0.002217
77,RSC-SUB,intermediate,RSC,65,0.033518,0.001961
77,RSC-SUB,intermediate,RSC,66,0.197005,0.01394
77,RSC-SUB,intermediate,RSC,67,0.099098,0.006332
77,RSC-SUB,intermediate,RSC,68,0.145232,0.010338
77,RSC-SUB,intermediate,RSC,69,0.101306,0.004567
77,RSC-SUB,intermediate,RSC,70,0.063158,0.00219
77,RSC-SUB,intermediate,RSC,71,0.087092,0.005042
77,RSC-SUB,intermediate,RSC,72,0.12012,0.006573
77,RSC-SUB,intermediate,RSC,73,0.009773,0.000781
77,RSC-SUB,intermediate,RSC,74,0.077991,0.004546
77,RSC-SUB,intermediate,RSC,75,0.085618,0.004919
77,RSC-SUB,intermediate,RSC,76,0.094865,0.006347
77,RSC-SUB,intermediate,RSC,77,0.108429,0.006669
77,RSC-SUB,intermediate,RSC,78,0.084225,0.004077
77,RSC-SUB,intermediate,RSC,79,0.134851,0.007528
77,RSC-SUB,intermediate,RSC,80,0.158789,0.011064
77,RSC-SUB,intermediate,RSC,81,0.043377,0.003026
77,RSC-SUB,intermediate,RSC,82,0.007529,0.000571
77,RSC-SUB,intermediate,RSC,83,0.074902,0.003982
77,RSC-SUB,intermediate,RSC,84,0.239575,0.021929
77,RSC-SUB,intermediate,RSC,85,0.095643,0.004863
77,RSC-SUB,intermediate,RSC,86,0.09828,0.006423
77,RSC-SUB,intermediate,RSC,87,0.0086,0.000555
77,RSC-SUB,intermediate,RSC,88,0.108194,0.005858
77,RSC-SUB,intermediate,RSC,89,0.109331,0.008263
77,RSC-SUB,intermediate,RSC,90,0.072668,0.003963
77,RSC-SUB,intermediate,RSC,91,0.138235,0.008144
77,RSC-SUB,intermediate,RSC,92,0.042236,0.002517
77,RSC-SUB,intermediate,RSC,93,0.093428,0.005665
77,RSC-SUB,intermediate,RSC,94,0.035991,0.001889
77,RSC-SUB,intermediate,RSC,95,0.075516,0.003588
77,RSC-SUB,intermediate,RSC,96,0.026023,0.001374
77,RSC-SUB,intermediate,RSC,97,0.079503,0.004418
77,RSC-SUB,intermediate,RSC,98,0.007891,0.000379
77,RSC-SUB,intermediate,RSC,99,0.034632,0.002631
77,RSC-SUB,intermediate,RSC,100,0.061945,0.005509
77,RSC-SUB,intermediate,RSC,101,0.036081,0.001987
77,RSC-SUB,intermediate,RSC,102,0.055283,0.001937
77,RSC-SUB,intermediate,RSC,103,0.086636,0.005522
77,RSC-SUB,intermediate,RSC,104,0.061662,0.004913
77,RSC-SUB,intermediate,RSC,105,0.016933,0.000767
77,RSC-SUB,intermediate,RSC,106,0.049989,0.002518
77,RSC-SUB,intermediate,RSC,107,0.083086,0.005082
77,RSC-SUB,intermediate,RSC,108,0.034891,0.001757
77,RSC-SUB,intermediate,RSC,109,0.006903,0.00046
77,RSC-SUB,intermediate,RSC,110,0.007621,0.000519
77,RSC-SUB,intermediate,RSC,111,0.169631,0.011058
77,RSC-SUB,intermediate,RSC,112,0.008852,0.000553
77,RSC-SUB,intermediate,RSC,113,0.073425,0.004279
77,RSC-SUB,intermediate,RSC,114,0.076059,0.004037
77,RSC-SUB,intermediate,RSC,115,0.045967,0.003342
77,RSC-SUB,intermediate,RSC,116,0.192144,0.010522
77,RSC-SUB,intermediate,RSC,117,0.156904,0.00746
77,RSC-SUB,intermediate,RSC,118,0.021219,0.001291
77,RSC-SUB,intermediate,RSC,119,0.312592,0.023727
77,RSC-SUB,intermediate,RSC,120,0.145568,0.008857
77,RSC-SUB,intermediate,RSC,121,0.020239,0.00075
77,RSC-SUB,intermediate,RSC,122,0.109763,0.005526
77,RSC-SUB,intermediate,RSC,123,0.02598,0.001853
77,RSC-SUB,intermediate,RSC,124,0.072945,0.003876
77,RSC-SUB,intermediate,RSC,125,0.0799,0.006024
77,RSC-SUB,intermediate,RSC,126,0.057783,0.003028
77,RSC-SUB,intermediate,RSC,127,0.048657,0.003077
77,RSC-SUB,intermediate,RSC,128,0.010497,0.000822
77,RSC-SUB,intermediate,RSC,129,0.35362,0.028243
77,RSC-SUB,intermediate,RSC,130,0.0702,0.005394
77,RSC-SUB,intermediate,RSC,131,0.036065,0.002104
77,RSC-SUB,intermediate,RSC,132,0.026292,0.002398
77,RSC-SUB,intermediate,RSC,133,0.064698,0.005289
77,RSC-SUB,intermediate,RSC,134,0.062581,0.005495
77,RSC-SUB,intermediate,RSC,135,0.03372,0.001448
77,RSC-SUB,intermediate,RSC,136,0.124369,0.008655
77,RSC-SUB,intermediate,RSC,137,0.041259,0.003345
77,RSC-SUB,intermediate,RSC,138,0.085779,0.005159
77,RSC-SUB,intermediate,RSC,139,0.117566,0.010168
77,RSC-SUB,intermediate,RSC,140,0.009547,0.000662
77,RSC-SUB,intermediate,RSC,141,0.047538,0.002943
77,RSC-SUB,intermediate,RSC,142,0.061835,0.004431
77,RSC-SUB,intermediate,RSC,143,0.026563,0.001573
77,RSC-SUB,intermediate,RSC,144,0.068409,0.002615
77,RSC-SUB,intermediate,RSC,145,0.027953,0.001482
77,RSC-SUB,intermediate,RSC,146,0.01611,0.000537
77,RSC-SUB,intermediate,RSC,147,0.084838,0.008344
77,RSC-SUB,intermediate,RSC,148,0.174108,0.008173
77,RSC-SUB,intermediate,RSC,149,0.051138,0.002552
77,RSC-SUB,intermediate,RSC,150,0.056515,0.003899
77,RSC-SUB,intermediate,RSC,151,0.072785,0.004737
77,RSC-SUB,intermediate,RSC,152,0.044405,0.001852
77,RSC-SUB,intermediate,RSC,153,0.135081,0.006535
77,RSC-SUB,intermediate,RSC,154,0.059171,0.004293
77,RSC-SUB,intermediate,RSC,155,0.044879,0.003339
77,RSC-SUB,intermediate,RSC,156,0.048371,0.002363
77,RSC-SUB,intermediate,RSC,157,0.023925,0.001818
77,RSC-SUB,intermediate,RSC,158,0.096678,0.004695
77,RSC-SUB,intermediate,RSC,159,0.01927,0.00136
77,RSC-SUB,intermediate,RSC,160,0.568427,0.025198
77,RSC-SUB,intermediate,RSC,161,0.198312,0.01793
77,RSC-SUB,intermediate,RSC,162,0.133369,0.009987
77,RSC-SUB,intermediate,RSC,163,0.072679,0.005044
77,RSC-SUB,intermediate,RSC,164,0.243678,0.014155
77,RSC-SUB,intermediate,RSC,165,0.071552,0.005535
77,RSC-SUB,intermediate,RSC,166,0.047566,0.003988
77,RSC-SUB,intermediate,RSC,167,0.236573,0.011712
77,RSC-SUB,intermediate,RSC,168,0.221203,0.011057
77,RSC-SUB,intermediate,RSC,169,0.009357,0.000563
77,RSC-SUB,intermediate,RSC,170,0.002629,0.000132
77,RSC-SUB,intermediate,RSC,171,0.143493,0.006667
77,RSC-SUB,intermediate,RSC,172,0.011412,0.000793
77,RSC-SUB,intermediate,RSC,173,0.015485,0.000855
77,RSC-SUB,intermediate,RSC,174,0.0549,0.002446
77,RSC-SUB,intermediate,RSC,175,0.00841,0.000523
77,RSC-SUB,intermediate,RSC,176,0.093312,0.003188
77,RSC-SUB,intermediate,RSC,177,0.303272,0.012821
77,RSC-SUB,intermediate,RSC,178,0.118677,0.009417
77,RSC-SUB,intermediate,RSC,179,0.126242,0.011234
77,RSC-SUB,intermediate,RSC,180,0.037196,0.002783
77,RSC-SUB,intermediate,RSC,181,0.034349,0.002526
77,RSC-SUB,intermediate,RSC,182,0.041452,0.002205
77,RSC-SUB,intermediate,RSC,183,0.039084,0.002625
77,RSC-SUB,intermediate,RSC,184,0.032436,0.002113
77,RSC-SUB,intermediate,RSC,185,0.013902,0.000748
77,RSC-SUB,intermediate,RSC,186,0.075595,0.002671
77,RSC-SUB,intermediate,RSC,187,0.017413,0.001097
77,RSC-SUB,intermediate,RSC,188,0.074996,0.004501
77,RSC-SUB,intermediate,RSC,189,0.120457,0.0078
77,RSC-SUB,intermediate,RSC,190,0.123335,0.006968
77,RSC-SUB,intermediate,RSC,191,0.179935,0.009913
77,RSC-SUB,intermediate,RSC,192,0.062115,0.004245
77,RSC-SUB,intermediate,RSC,193,0.083825,0.005254
77,RSC-SUB,intermediate,RSC,194,0.110653,0.005911
77,RSC-SUB,intermediate,RSC,195,0.130763,0.008807
77,RSC-SUB,intermediate,RSC,196,0.090865,0.008005
77,RSC-SUB,intermediate,RSC,197,0.035912,0.001571
77,RSC-SUB,intermediate,RSC,198,0.089123,0.004733
77,RSC-SUB,intermediate,RSC,199,0.068138,0.002668
77,RSC-SUB,intermediate,RSC,200,0.073617,0.004765
77,RSC-SUB,intermediate,RSC,201,0.079159,0.004773
77,RSC-SUB,intermediate,RSC,202,0.039995,0.00225
77,RSC-SUB,intermediate,RSC,203,0.065212,0.002819
77,RSC-SUB,intermediate,RSC,204,0.121438,0.00817
77,RSC-SUB,intermediate,RSC,205,0.064418,0.00257
77,RSC-SUB,intermediate,RSC,206,0.08404,0.003416
77,RSC-SUB,intermediate,RSC,207,0.040048,0.001938
77,RSC-SUB,intermediate,RSC,208,0.07578,0.003196
77,RSC-SUB,intermediate,RSC,209,0.134391,0.009542
77,RSC-SUB,intermediate,RSC,210,0.029853,0.002318
77,RSC-SUB,intermediate,RSC,211,0.085765,0.00471
77,RSC-SUB,intermediate,RSC,212,0.063763,0.003815
77,RSC-SUB,intermediate,RSC,213,0.038749,0.00228
77,RSC-SUB,intermediate,RSC,214,0.234279,0.016033
77,RSC-SUB,intermediate,RSC,215,0.076959,0.004427
77,RSC-SUB,intermediate,RSC,216,0.011373,0.000594
77,RSC-SUB,intermediate,RSC,217,0.122077,0.005705
77,RSC-SUB,intermediate,RSC,218,0.05264,0.002513
77,RSC-SUB,intermediate,RSC,219,0.033357,0.002008
77,RSC-SUB,intermediate,RSC,220,0.218661,0.017004
77,RSC-SUB,intermediate,RSC,221,0.018478,0.001378
77,RSC-SUB,intermediate,RSC,222,0.120814,0.003767
77,RSC-SUB,intermediate,RSC,223,0.007314,0.000381
77,RSC-SUB,intermediate,RSC,224,0.006884,0.000218
77,RSC-SUB,intermediate,SUB,0,0.9544,0.067608
77,RSC-SUB,intermediate,SUB,1,0.97481,0.06743
77,RSC-SUB,intermediate,SUB,2,1.193182,0.108697
77,RSC-SUB,intermediate,SUB,3,0.860819,0.053762
77,RSC-SUB,intermediate,SUB,4,1.114776,0.012038
77,RSC-SUB,intermediate,SUB,5,0.78169,0.039914
77,RSC-SUB,expert,RSC,0,0.026986,0.000673
77,RSC-SUB,expert,RSC,1,0.073341,0.00169
77,RSC-SUB,expert,RSC,2,0.062832,0.003028
77,RSC-SUB,expert,RSC,3,0.360818,0.023165
77,RSC-SUB,expert,RSC,4,0.021682,0.000909
77,RSC-SUB,expert,RSC,5,0.022898,0.00146
77,RSC-SUB,expert,RSC,6,0.063458,0.004382
77,RSC-SUB,expert,RSC,7,0.111836,0.009403
77,RSC-SUB,expert,RSC,8,0.568943,0.05557
77,RSC-SUB,expert,RSC,9,0.126835,0.007114
77,RSC-SUB,expert,RSC,10,0.339192,0.021173
77,RSC-SUB,expert,RSC,11,0.094602,0.008456
77,RSC-SUB,expert,RSC,12,0.304838,0.018177
77,RSC-SUB,expert,RSC,13,0.017095,0.001378
77,RSC-SUB,expert,RSC,14,0.244688,0.007268
77,RSC-SUB,expert,RSC,15,0.041919,0.002174
77,RSC-SUB,expert,RSC,16,0.056629,0.00251
77,RSC-SUB,expert,RSC,17,0.0321,0.00085
77,RSC-SUB,expert,RSC,18,0.05945,0.004198
77,RSC-SUB,expert,RSC,19,0.016202,0.001056
77,RSC-SUB,expert,RSC,20,0.192912,0.014967
77,RSC-SUB,expert,RSC,21,0.155778,0.008165
77,RSC-SUB,expert,RSC,22,0.060396,0.002717
77,RSC-SUB,expert,RSC,23,0.099287,0.006483
77,RSC-SUB,expert,RSC,24,0.052045,0.002455
77,RSC-SUB,expert,RSC,25,0.048658,0.002877
77,RSC-SUB,expert,RSC,26,0.032254,0.001264
77,RSC-SUB,expert,RSC,27,0.095146,0.003308
77,RSC-SUB,expert,RSC,28,0.035075,0.001518
77,RSC-SUB,expert,RSC,29,0.223331,0.007351
77,RSC-SUB,expert,RSC,30,0.111456,0.004559
77,RSC-SUB,expert,RSC,31,0.316858,0.012884
77,RSC-SUB,expert,RSC,32,0.04504,0.001446
77,RSC-SUB,expert,RSC,33,0.092945,0.006932
77,RSC-SUB,expert,RSC,34,0.124624,0.007748
77,RSC-SUB,expert,RSC,35,0.157318,0.003856
77,RSC-SUB,expert,RSC,36,0.111561,0.003834
77,RSC-SUB,expert,RSC,37,0.108721,0.002627
77,RSC-SUB,expert,RSC,38,0.094182,0.005546
77,RSC-SUB,expert,RSC,39,0.199732,0.013347
77,RSC-SUB,expert,RSC,40,0.089856,0.005137
77,RSC-SUB,expert,RSC,41,0.059997,0.003206
77,RSC-SUB,expert,RSC,42,0.006266,0.000251
77,RSC-SUB,expert,RSC,43,0.013149,0.000655
77,RSC-SUB,expert,RSC,44,0.033022,0.002116
77,RSC-SUB,expert,RSC,45,0.084901,0.002958
77,RSC-SUB,expert,RSC,46,0.052501,0.002353
77,RSC-SUB,expert,RSC,47,0.115676,0.009254
77,RSC-SUB,expert,RSC,48,0.169154,0.006669
77,RSC-SUB,expert,RSC,49,0.054299,0.005602
77,RSC-SUB,expert,RSC,50,0.067208,0.005497
77,RSC-SUB,expert,RSC,51,0.075273,0.003178
77,RSC-SUB,expert,RSC,52,0.050817,0.002868
77,RSC-SUB,expert,RSC,53,0.091424,0.002265
77,RSC-SUB,expert,RSC,54,0.131406,0.006425
77,RSC-SUB,expert,RSC,55,0.092375,0.005106
77,RSC-SUB,expert,RSC,56,0.121023,0.005843
77,RSC-SUB,expert,RSC,57,0.053541,0.002684
77,RSC-SUB,expert,RSC,58,0.037664,0.001319
77,RSC-SUB,expert,RSC,59,0.00429,0.000233
77,RSC-SUB,expert,RSC,60,0.150039,0.009655
77,RSC-SUB,expert,RSC,61,0.182997,0.007731
77,RSC-SUB,expert,RSC,62,0.093168,0.004258
77,RSC-SUB,expert,RSC,63,0.069353,0.003083
77,RSC-SUB,expert,RSC,64,0.046939,0.001328
77,RSC-SUB,expert,RSC,65,0.049083,0.001708
77,RSC-SUB,expert,RSC,66,0.181793,0.009092
77,RSC-SUB,expert,RSC,67,0.074619,0.004679
77,RSC-SUB,expert,RSC,68,0.146495,0.010225
77,RSC-SUB,expert,RSC,69,0.120583,0.006297
77,RSC-SUB,expert,RSC,70,0.120532,0.00518
77,RSC-SUB,expert,RSC,71,0.096894,0.006688
77,RSC-SUB,expert,RSC,72,0.125261,0.007313
77,RSC-SUB,expert,RSC,73,0.03195,0.002081
77,RSC-SUB,expert,RSC,74,0.080422,0.003135
77,RSC-SUB,expert,RSC,75,0.381667,0.00866
77,RSC-SUB,expert,RSC,76,0.112147,0.006435
77,RSC-SUB,expert,RSC,77,0.076505,0.004413
77,RSC-SUB,expert,RSC,78,0.105091,0.003792
77,RSC-SUB,expert,RSC,79,0.144309,0.007668
77,RSC-SUB,expert,RSC,80,0.120164,0.011899
77,RSC-SUB,expert,RSC,81,0.024609,0.000603
77,RSC-SUB,expert,RSC,82,0.021209,0.001417
77,RSC-SUB,expert,RSC,83,0.115574,0.003638
77,RSC-SUB,expert,RSC,84,0.128314,0.008257
77,RSC-SUB,expert,RSC,85,0.104642,0.004092
77,RSC-SUB,expert,RSC,86,0.098877,0.007289
77,RSC-SUB,expert,RSC,87,0.015616,0.000709
77,RSC-SUB,expert,RSC,88,0.123298,0.006519
77,RSC-SUB,expert,RSC,89,0.167994,0.008306
77,RSC-SUB,expert,RSC,90,0.200496,0.00404
77,RSC-SUB,expert,RSC,91,0.137677,0.005182
77,RSC-SUB,expert,RSC,92,0.075541,0.003643
77,RSC-SUB,expert,RSC,93,0.184596,0.007129
77,RSC-SUB,expert,RSC,94,0.023421,0.001097
77,RSC-SUB,expert,RSC,95,0.05622,0.003768
77,RSC-SUB,expert,RSC,96,0.022559,0.000555
77,RSC-SUB,expert,RSC,97,0.106705,0.002664
77,RSC-SUB,expert,RSC,98,0.010572,0.000189
77,RSC-SUB,expert,RSC,99,0.068238,0.002229
77,RSC-SUB,expert,RSC,100,0.054695,0.001369
77,RSC-SUB,expert,RSC,101,0.219872,0.011036
77,RSC-SUB,expert,RSC,102,0.047559,0.002207
77,RSC-SUB,expert,RSC,103,0.106442,0.00397
77,RSC-SUB,expert,RSC,104,0.010905,0.000232
77,RSC-SUB,expert,RSC,105,0.005933,0.000263
77,RSC-SUB,expert,RSC,106,0.049603,0.003719
77,RSC-SUB,expert,RSC,107,0.094112,0.006867
77,RSC-SUB,expert,RSC,108,0.02495,0.000753
77,RSC-SUB,expert,RSC,109,0.025796,0.001044
77,RSC-SUB,expert,RSC,110,0.010318,0.000257
77,RSC-SUB,expert,RSC,111,0.147963,0.009637
77,RSC-SUB,expert,RSC,112,0.004485,0.000208
77,RSC-SUB,expert,RSC,113,0.077391,0.004963
77,RSC-SUB,expert,RSC,114,0.13296,0.004397
77,RSC-SUB,expert,RSC,115,0.066761,0.004018
77,RSC-SUB,expert,RSC,116,0.147582,0.006668
77,RSC-SUB,expert,RSC,117,0.175739,0.003295
77,RSC-SUB,expert,RSC,118,0.027463,0.00134
77,RSC-SUB,expert,RSC,119,0.130224,0.008748
77,RSC-SUB,expert,RSC,120,0.110019,0.008098
77,RSC-SUB,expert,RSC,121,0.062075,0.003147
77,RSC-SUB,expert,RSC,122,0.083309,0.002269
77,RSC-SUB,expert,RSC,123,0.078031,0.004775
77,RSC-SUB,expert,RSC,124,0.10212,0.00452
77,RSC-SUB,expert,RSC,125,0.06896,0.004381
77,RSC-SUB,expert,RSC,126,0.07895,0.005242
77,RSC-SUB,expert,RSC,127,0.034763,0.002828
77,RSC-SUB,expert,RSC,128,0.027713,0.001818
77,RSC-SUB,expert,RSC,129,0.048249,0.00263
77,RSC-SUB,expert,RSC,130,0.073554,0.005229
77,RSC-SUB,expert,RSC,131,0.073197,0.0035
77,RSC-SUB,expert,RSC,132,0.03185,0.002898
77,RSC-SUB,expert,RSC,133,0.053264,0.002916
77,RSC-SUB,expert,RSC,134,0.085949,0.004167
77,RSC-SUB,expert,RSC,135,0.064341,0.001611
77,RSC-SUB,expert,RSC,136,0.056606,0.002746
77,RSC-SUB,expert,RSC,137,0.042076,0.001697
77,RSC-SUB,expert,RSC,138,0.132714,0.003697
77,RSC-SUB,expert,RSC,139,0.264777,0.012937
77,RSC-SUB,expert,RSC,140,0.034234,0.00214
77,RSC-SUB,expert,RSC,141,0.093078,0.004277
77,RSC-SUB,expert,RSC,142,0.23131,0.010635
77,RSC-SUB,expert,RSC,143,0.020726,0.001441
77,RSC-SUB,expert,RSC,144,0.124865,0.006563
77,RSC-SUB,expert,RSC,145,0.024879,0.00143
77,RSC-SUB,expert,RSC,146,0.03817,0.003559
77,RSC-SUB,expert,RSC,147,0.082239,0.005392
77,RSC-SUB,expert,RSC,148,0.022915,0.000843
77,RSC-SUB,expert,RSC,149,0.087634,0.002825
77,RSC-SUB,expert,RSC,150,0.087848,0.005298
77,RSC-SUB,expert,RSC,151,0.069017,0.002991
77,RSC-SUB,expert,RSC,152,0.048573,0.001919
77,RSC-SUB,expert,RSC,153,0.092154,0.002337
77,RSC-SUB,expert,RSC,154,0.043138,0.002548
77,RSC-SUB,expert,RSC,155,0.048795,0.003663
77,RSC-SUB,expert,RSC,156,0.064352,0.002879
77,RSC-SUB,expert,RSC,157,0.023107,0.002325
77,RSC-SUB,expert,RSC,158,0.082738,0.002284
77,RSC-SUB,expert,RSC,159,0.007287,0.000423
77,RSC-SUB,expert,RSC,160,0.293579,0.016288
77,RSC-SUB,expert,RSC,161,0.14264,0.009118
77,RSC-SUB,expert,RSC,162,0.051231,0.004671
77,RSC-SUB,expert,RSC,163,0.089268,0.003653
77,RSC-SUB,expert,RSC,164,0.254811,0.009987
77,RSC-SUB,expert,RSC,165,0.078016,0.006066
77,RSC-SUB,expert,RSC,166,0.117526,0.004163
77,RSC-SUB,expert,RSC,167,0.073692,0.002733
77,RSC-SUB,expert,RSC,168,0.164614,0.010931
77,RSC-SUB,expert,RSC,169,0.041074,0.000864
77,RSC-SUB,expert,RSC,170,0.006489,0.000342
77,RSC-SUB,expert,RSC,171,0.104135,0.005344
77,RSC-SUB,expert,RSC,172,0.035435,0.001752
77,RSC-SUB,expert,RSC,173,0.019572,0.001326
77,RSC-SUB,expert,RSC,174,0.063656,0.004034
77,RSC-SUB,expert,RSC,175,0.012495,0.00053
77,RSC-SUB,expert,RSC,176,0.075425,0.003394
77,RSC-SUB,expert,RSC,177,0.157395,0.011413
77,RSC-SUB,expert,RSC,178,0.340766,0.007272
77,RSC-SUB,expert,RSC,179,0.093677,0.004955
77,RSC-SUB,expert,RSC,180,0.03337,0.002586
77,RSC-SUB,expert,RSC,181,0.039267,0.002641
77,RSC-SUB,expert,RSC,182,0.079063,0.003863
77,RSC-SUB,expert,RSC,183,0.077741,0.003177
77,RSC-SUB,expert,RSC,184,0.024762,0.000664
77,RSC-SUB,expert,RSC,185,0.041457,0.001647
77,RSC-SUB,expert,RSC,186,0.050421,0.002523
77,RSC-SUB,expert,RSC,187,0.034687,0.00323
77,RSC-SUB,expert,RSC,188,0.103247,0.00404
77,RSC-SUB,expert,RSC,189,0.084919,0.005209
77,RSC-SUB,expert,RSC,190,0.110328,0.003853
77,RSC-SUB,expert,RSC,191,0.140085,0.005893
77,RSC-SUB,expert,RSC,192,0.095149,0.004406
77,RSC-SUB,expert,RSC,193,0.046358,0.003454
77,RSC-SUB,expert,RSC,194,0.113555,0.002289
77,RSC-SUB,expert,RSC,195,0.138244,0.010057
77,RSC-SUB,expert,RSC,196,0.072904,0.004154
77,RSC-SUB,expert,RSC,197,0.057022,0.002543
77,RSC-SUB,expert,RSC,198,0.082285,0.005615
77,RSC-SUB,expert,RSC,199,0.042242,0.002197
77,RSC-SUB,expert,RSC,200,0.082617,0.005347
77,RSC-SUB,expert,RSC,201,0.081298,0.004141
77,RSC-SUB,expert,RSC,202,0.04409,0.003217
77,RSC-SUB,expert,RSC,203,0.102753,0.004513
77,RSC-SUB,expert,RSC,204,0.112409,0.00659
77,RSC-SUB,expert,RSC,205,0.064312,0.004157
77,RSC-SUB,expert,RSC,206,0.088937,0.006451
77,RSC-SUB,expert,RSC,207,0.042696,0.00109
77,RSC-SUB,expert,RSC,208,0.058674,0.004717
77,RSC-SUB,expert,RSC,209,0.153657,0.005423
77,RSC-SUB,expert,RSC,210,0.068219,0.006007
77,RSC-SUB,expert,RSC,211,0.107656,0.004973
77,RSC-SUB,expert,RSC,212,0.072877,0.003321
77,RSC-SUB,expert,RSC,213,0.051947,0.001697
77,RSC-SUB,expert,RSC,214,0.158813,0.014665
77,RSC-SUB,expert,RSC,215,0.185577,0.011281
77,RSC-SUB,expert,RSC,216,0.01018,0.000312
77,RSC-SUB,expert,RSC,217,0.146794,0.00487
77,RSC-SUB,expert,RSC,218,0.038404,0.002794
77,RSC-SUB,expert,RSC,219,0.040586,0.001467
77,RSC-SUB,expert,RSC,220,0.115643,0.007074
77,RSC-SUB,expert,RSC,221,0.033032,0.00174
77,RSC-SUB,expert,RSC,222,0.007056,0.000454
77,RSC-SUB,expert,RSC,223,0.011181,0.000585
77,RSC-SUB,expert,RSC,224,6e-05,2e-06
77,RSC-SUB,expert,SUB,0,0.971614,0.081953
77,RSC-SUB,expert,SUB,1,1.026758,0.061822
77,RSC-SUB,expert,SUB,2,1.588288,0.064884
77,RSC-SUB,expert,SUB,3,0.753523,0.048996
77,RSC-SUB,expert,SUB,4,1.854692,0.020197
77,RSC-SUB,expert,SUB,5,0.990668,0.065681
77,V1-RSC,naive,V1,0,0.84143,0.154036
77,V1-RSC,naive,V1,1,0.932457,0.084611
77,V1-RSC,naive,V1,2,0.98636,0.025935
77,V1-RSC,naive,V1,3,1.580091,0.057015
77,V1-RSC,naive,V1,4,0.955067,0.197907
77,V1-RSC,naive,V1,5,1.05485,0.071675
77,V1-RSC,naive,V1,6,0.992924,0.056974
77,V1-RSC,naive,V1,7,0.933048,0.030097
77,V1-RSC,naive,V1,8,0.92888,0.078324
77,V1-RSC,naive,V1,9,1.317236,0.0191
77,V1-RSC,naive,V1,10,0.656871,0.017861
77,V1-RSC,naive,V1,11,1.201401,0.065792
77,V1-RSC,naive,RSC,0,0.02988,0.005806
77,V1-RSC,naive,RSC,1,0.176746,0.011274
77,V1-RSC,naive,RSC,2,0.045336,0.008714
77,V1-RSC,naive,RSC,3,0.0531,0.002723
77,V1-RSC,naive,RSC,4,0.008279,0.0006
77,V1-RSC,naive,RSC,5,0.016349,0.001936
77,V1-RSC,naive,RSC,6,0.014976,0.001876
77,V1-RSC,naive,RSC,7,0.015771,0.002689
77,V1-RSC,naive,RSC,8,0.018627,0.003372
77,V1-RSC,naive,RSC,9,0.026546,0.002094
77,V1-RSC,naive,RSC,10,0.044796,0.005104
77,V1-RSC,naive,RSC,11,0.026761,0.003907
77,V1-RSC,naive,RSC,12,0.022401,0.001435
77,V1-RSC,naive,RSC,13,0.009908,0.001502
77,V1-RSC,naive,RSC,14,0.011742,0.00164
77,V1-RSC,naive,RSC,15,0.026105,0.004116
77,V1-RSC,naive,RSC,16,0.112319,0.013495
77,V1-RSC,naive,RSC,17,0.023848,0.002627
77,V1-RSC,naive,RSC,18,0.114602,0.020662
77,V1-RSC,naive,RSC,19,0.013255,0.00126
77,V1-RSC,naive,RSC,20,0.034975,0.004148
77,V1-RSC,naive,RSC,21,0.107933,0.01935
77,V1-RSC,naive,RSC,22,0.147697,0.022044
77,V1-RSC,naive,RSC,23,0.030391,0.002318
77,V1-RSC,naive,RSC,24,0.022456,0.002784
77,V1-RSC,naive,RSC,25,0.024187,0.003505
77,V1-RSC,naive,RSC,26,0.010571,0.000622
77,V1-RSC,naive,RSC,27,0.092096,0.012097
77,V1-RSC,naive,RSC,28,0.02044,0.003164
77,V1-RSC,naive,RSC,29,0.139058,0.025549
77,V1-RSC,naive,RSC,30,0.056005,0.009348
77,V1-RSC,naive,RSC,31,0.02647,0.00166
77,V1-RSC,naive,RSC,32,0.040513,0.007335
77,V1-RSC,naive,RSC,33,0.055339,0.010017
77,V1-RSC,naive,RSC,34,0.074522,0.00898
77,V1-RSC,naive,RSC,35,0.0197,0.002428
77,V1-RSC,naive,RSC,36,0.168842,0.022715
77,V1-RSC,naive,RSC,37,0.022202,0.002108
77,V1-RSC,naive,RSC,38,0.028958,0.002953
77,V1-RSC,naive,RSC,39,0.042928,0.007937
77,V1-RSC,naive,RSC,40,0.039238,0.005765
77,V1-RSC,naive,RSC,41,0.026193,0.004154
77,V1-RSC,naive,RSC,42,0.540307,0.02352
77,V1-RSC,naive,RSC,43,0.016777,0.002554
77,V1-RSC,naive,RSC,44,0.05479,0.009864
77,V1-RSC,naive,RSC,45,0.061708,0.012691
77,V1-RSC,naive,RSC,46,0.117143,0.016216
77,V1-RSC,naive,RSC,47,0.337451,0.024677
77,V1-RSC,naive,RSC,48,0.116966,0.012761
77,V1-RSC,naive,RSC,49,0.119381,0.017554
77,V1-RSC,naive,RSC,50,0.080381,0.010717
77,V1-RSC,naive,RSC,51,0.548793,0.020138
77,V1-RSC,naive,RSC,52,0.166029,0.007156
77,V1-RSC,naive,RSC,53,0.132059,0.019041
77,V1-RSC,naive,RSC,54,0.036585,0.005301
77,V1-RSC,naive,RSC,55,0.09314,0.011069
77,V1-RSC,naive,RSC,56,0.137509,0.019823
77,V1-RSC,naive,RSC,57,0.017685,0.002616
77,V1-RSC,naive,RSC,58,0.067874,0.010884
77,V1-RSC,naive,RSC,59,0.447575,0.01353
77,V1-RSC,naive,RSC,60,0.167277,0.028225
77,V1-RSC,naive,RSC,61,0.100838,0.017338
77,V1-RSC,naive,RSC,62,0.117016,0.024058
77,V1-RSC,naive,RSC,63,0.05193,0.00301
77,V1-RSC,naive,RSC,64,0.082888,0.014438
77,V1-RSC,naive,RSC,65,0.050384,0.009017
77,V1-RSC,naive,RSC,66,0.026082,0.004997
77,V1-RSC,naive,RSC,67,0.150143,0.023676
77,V1-RSC,naive,RSC,68,0.032923,0.005202
77,V1-RSC,naive,RSC,69,0.024491,0.003916
77,V1-RSC,naive,RSC,70,0.086947,0.018767
77,V1-RSC,naive,RSC,71,0.086168,0.012201
77,V1-RSC,naive,RSC,72,0.07629,0.010526
77,V1-RSC,naive,RSC,73,0.023538,0.003578
77,V1-RSC,naive,RSC,74,0.045199,0.004279
77,V1-RSC,naive,RSC,75,0.070354,0.011935
77,V1-RSC,naive,RSC,76,0.14598,0.014459
77,V1-RSC,naive,RSC,77,0.281398,0.039701
77,V1-RSC,naive,RSC,78,0.081972,0.017309
77,V1-RSC,naive,RSC,79,0.144794,0.026969
77,V1-RSC,naive,RSC,80,0.011376,0.001354
77,V1-RSC,naive,RSC,81,0.196112,0.030798
77,V1-RSC,naive,RSC,82,0.00458,0.000173
77,V1-RSC,naive,RSC,83,0.102874,0.018208
77,V1-RSC,naive,RSC,84,0.059023,0.012085
77,V1-RSC,naive,RSC,85,0.029433,0.004249
77,V1-RSC,naive,RSC,86,0.295774,0.048126
77,V1-RSC,naive,RSC,87,0.00493,0.000254
77,V1-RSC,naive,RSC,88,0.27145,0.060959
77,V1-RSC,naive,RSC,89,0.152732,0.027472
77,V1-RSC,naive,RSC,90,0.058808,0.009856
77,V1-RSC,naive,RSC,91,0.168675,0.038449
77,V1-RSC,naive,RSC,92,0.058606,0.013551
77,V1-RSC,naive,RSC,93,0.037379,0.00585
77,V1-RSC,naive,RSC,94,0.018358,0.003287
77,V1-RSC,naive,RSC,95,0.089356,0.01607
77,V1-RSC,naive,RSC,96,0.044958,0.004862
77,V1-RSC,naive,RSC,97,0.028303,0.004443
77,V1-RSC,naive,RSC,98,0.039532,0.002259
77,V1-RSC,naive,RSC,99,0.018844,0.002224
77,V1-RSC,naive,RSC,100,0.29227,0.030746
77,V1-RSC,naive,RSC,101,0.022684,0.002474
77,V1-RSC,naive,RSC,102,0.034549,0.003072
77,V1-RSC,naive,RSC,103,0.06059,0.013758
77,V1-RSC,naive,RSC,104,0.418676,0.031892
77,V1-RSC,naive,RSC,105,0.056415,0.005548
77,V1-RSC,naive,RSC,106,0.055443,0.010368
77,V1-RSC,naive,RSC,107,0.053335,0.006568
77,V1-RSC,naive,RSC,108,0.104821,0.016375
77,V1-RSC,naive,RSC,109,0.477711,0.025122
77,V1-RSC,naive,RSC,110,0.010593,0.000739
77,V1-RSC,naive,RSC,111,0.106848,0.0182
77,V1-RSC,naive,RSC,112,0.345741,0.014343
77,V1-RSC,naive,RSC,113,0.040525,0.005368
77,V1-RSC,naive,RSC,114,0.09681,0.013933
77,V1-RSC,naive,RSC,115,0.123557,0.025026
77,V1-RSC,naive,RSC,116,0.060724,0.011656
77,V1-RSC,naive,RSC,117,0.074856,0.017183
77,V1-RSC,naive,RSC,118,0.020077,0.002399
77,V1-RSC,naive,RSC,119,0.017051,0.002221
77,V1-RSC,naive,RSC,120,0.102692,0.01839
77,V1-RSC,naive,RSC,121,0.065672,0.013348
77,V1-RSC,naive,RSC,122,0.078916,0.017531
77,V1-RSC,naive,RSC,123,0.018728,0.002715
77,V1-RSC,naive,RSC,124,0.027516,0.001517
77,V1-RSC,naive,RSC,125,0.020471,0.001297
77,V1-RSC,naive,RSC,126,0.012942,0.001861
77,V1-RSC,naive,RSC,127,0.015474,0.001989
77,V1-RSC,naive,RSC,128,0.019639,0.00343
77,V1-RSC,naive,RSC,129,0.032072,0.00688
77,V1-RSC,naive,RSC,130,0.021759,0.002004
77,V1-RSC,naive,RSC,131,0.016357,0.002685
77,V1-RSC,naive,RSC,132,0.423222,0.008471
77,V1-RSC,naive,RSC,133,0.102267,0.015638
77,V1-RSC,naive,RSC,134,0.038232,0.005986
77,V1-RSC,naive,RSC,135,0.029746,0.004266
77,V1-RSC,naive,RSC,136,0.100696,0.01664
77,V1-RSC,naive,RSC,137,0.026631,0.002727
77,V1-RSC,naive,RSC,138,0.054797,0.010206
77,V1-RSC,naive,RSC,139,0.035919,0.002777
77,V1-RSC,naive,RSC,140,0.015475,0.002296
77,V1-RSC,naive,RSC,141,0.091892,0.012432
77,V1-RSC,naive,RSC,142,0.104793,0.010969
77,V1-RSC,naive,RSC,143,0.007854,0.001219
77,V1-RSC,naive,RSC,144,0.02225,0.002961
77,V1-RSC,naive,RSC,145,0.030619,0.003068
77,V1-RSC,naive,RSC,146,0.041153,0.001957
77,V1-RSC,naive,RSC,147,0.058391,0.008741
77,V1-RSC,naive,RSC,148,0.445159,0.011339
77,V1-RSC,naive,RSC,149,0.158056,0.012817
77,V1-RSC,naive,RSC,150,0.081885,0.007468
77,V1-RSC,naive,RSC,151,0.054388,0.009346
77,V1-RSC,naive,RSC,152,0.02268,0.004845
77,V1-RSC,naive,RSC,153,0.053894,0.006448
77,V1-RSC,naive,RSC,154,0.017227,0.001765
77,V1-RSC,naive,RSC,155,0.521555,0.005922
77,V1-RSC,naive,RSC,156,0.082204,0.007004
77,V1-RSC,naive,RSC,157,0.09357,0.004854
77,V1-RSC,naive,RSC,158,0.032106,0.005214
77,V1-RSC,naive,RSC,159,0.012462,0.001791
77,V1-RSC,naive,RSC,160,0.036164,0.007713
77,V1-RSC,naive,RSC,161,0.179662,0.033597
77,V1-RSC,naive,RSC,162,0.33685,0.033446
77,V1-RSC,naive,RSC,163,0.0425,0.009173
77,V1-RSC,naive,RSC,164,0.036297,0.007205
77,V1-RSC,naive,RSC,165,0.112506,0.02005
77,V1-RSC,naive,RSC,166,0.041487,0.007008
77,V1-RSC,naive,RSC,167,0.013624,0.002068
77,V1-RSC,naive,RSC,168,0.023906,0.003888
77,V1-RSC,naive,RSC,169,0.034563,0.00504
77,V1-RSC,naive,RSC,170,0.011006,0.00093
77,V1-RSC,naive,RSC,171,0.500986,0.043844
77,V1-RSC,naive,RSC,172,0.015583,0.001437
77,V1-RSC,naive,RSC,173,0.032823,0.005073
77,V1-RSC,naive,RSC,174,0.121749,0.019046
77,V1-RSC,naive,RSC,175,0.019308,0.002687
77,V1-RSC,naive,RSC,176,0.084888,0.012909
77,V1-RSC,naive,RSC,177,0.085674,0.014161
77,V1-RSC,naive,RSC,178,0.020565,0.003586
77,V1-RSC,naive,RSC,179,0.04109,0.00315
77,V1-RSC,naive,RSC,180,0.141083,0.014264
77,V1-RSC,naive,RSC,181,0.481263,0.03342
77,V1-RSC,naive,RSC,182,0.209853,0.024159
77,V1-RSC,naive,RSC,183,0.098445,0.020211
77,V1-RSC,naive,RSC,184,0.600078,0.057756
77,V1-RSC,naive,RSC,185,0.048093,0.009219
77,V1-RSC,naive,RSC,186,0.023511,0.004357
77,V1-RSC,naive,RSC,187,0.279108,0.012249
77,V1-RSC,naive,RSC,188,0.075226,0.01165
77,V1-RSC,naive,RSC,189,0.150252,0.021543
77,V1-RSC,naive,RSC,190,0.057136,0.009573
77,V1-RSC,naive,RSC,191,0.08551,0.011883
77,V1-RSC,naive,RSC,192,0.123529,0.025937
77,V1-RSC,naive,RSC,193,0.03265,0.00226
77,V1-RSC,naive,RSC,194,0.129815,0.026845
77,V1-RSC,naive,RSC,195,0.140918,0.019149
77,V1-RSC,naive,RSC,196,0.180782,0.01791
77,V1-RSC,naive,RSC,197,0.04142,0.004999
77,V1-RSC,naive,RSC,198,0.045944,0.005699
77,V1-RSC,naive,RSC,199,0.032573,0.005524
77,V1-RSC,naive,RSC,200,0.045725,0.007201
77,V1-RSC,naive,RSC,201,0.094276,0.015631
77,V1-RSC,naive,RSC,202,0.032293,0.006693
77,V1-RSC,naive,RSC,203,0.284571,0.010524
77,V1-RSC,naive,RSC,204,0.122724,0.023436
77,V1-RSC,naive,RSC,205,0.191285,0.040795
77,V1-RSC,naive,RSC,206,0.060442,0.003385
77,V1-RSC,naive,RSC,207,0.02673,0.004836
77,V1-RSC,naive,RSC,208,0.027595,0.002889
77,V1-RSC,naive,RSC,209,0.081969,0.014931
77,V1-RSC,naive,RSC,210,0.009031,0.001043
77,V1-RSC,naive,RSC,211,0.107045,0.016985
77,V1-RSC,naive,RSC,212,0.038472,0.007149
77,V1-RSC,naive,RSC,213,0.029177,0.003296
77,V1-RSC,naive,RSC,214,0.012082,0.001421
77,V1-RSC,naive,RSC,215,0.044065,0.003934
77,V1-RSC,naive,RSC,216,0.524689,0.023763
77,V1-RSC,naive,RSC,217,0.033942,0.003521
77,V1-RSC,naive,RSC,218,0.012571,0.001092
77,V1-RSC,naive,RSC,219,0.482659,0.0207
77,V1-RSC,naive,RSC,220,0.014133,0.000792
77,V1-RSC,naive,RSC,221,0.009701,0.000907
77,V1-RSC,naive,RSC,222,0.00734,0.000962
77,V1-RSC,naive,RSC,223,0.500011,0.014867
77,V1-RSC,naive,RSC,224,0.492827,0.017969
77,V1-RSC,intermediate,V1,0,0.979098,0.149611
77,V1-RSC,intermediate,V1,1,1.012715,0.072502
77,V1-RSC,intermediate,V1,2,0.985648,0.038295
77,V1-RSC,intermediate,V1,3,1.435541,0.063314
77,V1-RSC,intermediate,V1,4,0.954751,0.218477
77,V1-RSC,intermediate,V1,5,1.08771,0.113392
77,V1-RSC,intermediate,V1,6,0.991769,0.121381
77,V1-RSC,intermediate,V1,7,0.99844,0.043184
77,V1-RSC,intermediate,V1,8,0.988866,0.096946
77,V1-RSC,intermediate,V1,9,0.973359,0.026282
77,V1-RSC,intermediate,V1,10,0.917925,0.07818
77,V1-RSC,intermediate,V1,11,1.245975,0.055046
77,V1-RSC,intermediate,RSC,0,0.055832,0.003284
77,V1-RSC,intermediate,RSC,1,0.066036,0.009257
77,V1-RSC,intermediate,RSC,2,0.097054,0.018541
77,V1-RSC,intermediate,RSC,3,0.337513,0.005522
77,V1-RSC,intermediate,RSC,4,0.026374,0.004937
77,V1-RSC,intermediate,RSC,5,0.027798,0.005285
77,V1-RSC,intermediate,RSC,6,0.046301,0.006493
77,V1-RSC,intermediate,RSC,7,0.165149,0.012621
77,V1-RSC,intermediate,RSC,8,0.373536,0.022012
77,V1-RSC,intermediate,RSC,9,0.125751,0.012666
77,V1-RSC,intermediate,RSC,10,0.284245,0.007212
77,V1-RSC,intermediate,RSC,11,0.199996,0.007174
77,V1-RSC,intermediate,RSC,12,0.258419,0.006458
77,V1-RSC,intermediate,RSC,13,0.059925,0.005863
77,V1-RSC,intermediate,RSC,14,0.429835,0.006509
77,V1-RSC,intermediate,RSC,15,0.054189,0.008891
77,V1-RSC,intermediate,RSC,16,0.065264,0.012134
77,V1-RSC,intermediate,RSC,17,0.032457,0.003821
77,V1-RSC,intermediate,RSC,18,0.076159,0.010241
77,V1-RSC,intermediate,RSC,19,0.030017,0.004756
77,V1-RSC,intermediate,RSC,20,0.190467,0.010843
77,V1-RSC,intermediate,RSC,21,0.173564,0.028145
77,V1-RSC,intermediate,RSC,22,0.152819,0.013107
77,V1-RSC,intermediate,RSC,23,0.106489,0.013785
77,V1-RSC,intermediate,RSC,24,0.029021,0.00213
77,V1-RSC,intermediate,RSC,25,0.090935,0.020255
77,V1-RSC,intermediate,RSC,26,0.019762,0.002664
77,V1-RSC,intermediate,RSC,27,0.152953,0.009686
77,V1-RSC,intermediate,RSC,28,0.057218,0.005567
77,V1-RSC,intermediate,RSC,29,0.155626,0.027192
77,V1-RSC,intermediate,RSC,30,0.107403,0.014539
77,V1-RSC,intermediate,RSC,31,0.137401,0.011656
77,V1-RSC,intermediate,RSC,32,0.096381,0.014598
77,V1-RSC,intermediate,RSC,33,0.094852,0.011056
77,V1-RSC,intermediate,RSC,34,0.118798,0.010171
77,V1-RSC,intermediate,RSC,35,0.130457,0.021976
77,V1-RSC,intermediate,RSC,36,0.085564,0.015243
77,V1-RSC,intermediate,RSC,37,0.141302,0.009968
77,V1-RSC,intermediate,RSC,38,0.101403,0.007099
77,V1-RSC,intermediate,RSC,39,0.226004,0.017425
77,V1-RSC,intermediate,RSC,40,0.12756,0.028383
77,V1-RSC,intermediate,RSC,41,0.040423,0.008031
77,V1-RSC,intermediate,RSC,42,0.044794,0.006113
77,V1-RSC,intermediate,RSC,43,0.028042,0.004534
77,V1-RSC,intermediate,RSC,44,0.078711,0.012585
77,V1-RSC,intermediate,RSC,45,0.118797,0.028387
77,V1-RSC,intermediate,RSC,46,0.100523,0.014191
77,V1-RSC,intermediate,RSC,47,0.120001,0.011666
77,V1-RSC,intermediate,RSC,48,0.220236,0.009069
77,V1-RSC,intermediate,RSC,49,0.106824,0.009555
77,V1-RSC,intermediate,RSC,50,0.13516,0.011092
77,V1-RSC,intermediate,RSC,51,0.474536,0.052154
77,V1-RSC,intermediate,RSC,52,0.099681,0.007325
77,V1-RSC,intermediate,RSC,53,0.122537,0.015527
77,V1-RSC,intermediate,RSC,54,0.250292,0.028634
77,V1-RSC,intermediate,RSC,55,0.104531,0.012992
77,V1-RSC,intermediate,RSC,56,0.177425,0.033831
77,V1-RSC,intermediate,RSC,57,0.062662,0.010933
77,V1-RSC,intermediate,RSC,58,0.074391,0.011332
77,V1-RSC,intermediate,RSC,59,0.026563,0.003341
77,V1-RSC,intermediate,RSC,60,0.144757,0.027927
77,V1-RSC,intermediate,RSC,61,0.21943,0.037471
77,V1-RSC,intermediate,RSC,62,0.136125,0.02248
77,V1-RSC,intermediate,RSC,63,0.150946,0.016328
77,V1-RSC,intermediate,RSC,64,0.078358,0.013012
77,V1-RSC,intermediate,RSC,65,0.074223,0.007121
77,V1-RSC,intermediate,RSC,66,0.206052,0.031242
77,V1-RSC,intermediate,RSC,67,0.149179,0.023564
77,V1-RSC,intermediate,RSC,68,0.18344,0.022337
77,V1-RSC,intermediate,RSC,69,0.136125,0.023634
77,V1-RSC,intermediate,RSC,70,0.183118,0.046543
77,V1-RSC,intermediate,RSC,71,0.121367,0.016147
77,V1-RSC,intermediate,RSC,72,0.146474,0.023587
77,V1-RSC,intermediate,RSC,73,0.035259,0.005016
77,V1-RSC,intermediate,RSC,74,0.123556,0.01758
77,V1-RSC,intermediate,RSC,75,0.135222,0.018318
77,V1-RSC,intermediate,RSC,76,0.175773,0.023449
77,V1-RSC,intermediate,RSC,77,0.112667,0.017002
77,V1-RSC,intermediate,RSC,78,0.144622,0.025081
77,V1-RSC,intermediate,RSC,79,0.16413,0.034743
77,V1-RSC,intermediate,RSC,80,0.214135,0.042328
77,V1-RSC,intermediate,RSC,81,0.069781,0.008876
77,V1-RSC,intermediate,RSC,82,0.013171,0.001478
77,V1-RSC,intermediate,RSC,83,0.133383,0.033141
77,V1-RSC,intermediate,RSC,84,0.239834,0.038648
77,V1-RSC,intermediate,RSC,85,0.12644,0.024733
77,V1-RSC,intermediate,RSC,86,0.132571,0.024817
77,V1-RSC,intermediate,RSC,87,0.025325,0.002616
77,V1-RSC,intermediate,RSC,88,0.143361,0.034123
77,V1-RSC,intermediate,RSC,89,0.166098,0.023248
77,V1-RSC,intermediate,RSC,90,0.095252,0.012219
77,V1-RSC,intermediate,RSC,91,0.153073,0.019278
77,V1-RSC,intermediate,RSC,92,0.091928,0.019377
77,V1-RSC,intermediate,RSC,93,0.124999,0.019902
77,V1-RSC,intermediate,RSC,94,0.063939,0.007345
77,V1-RSC,intermediate,RSC,95,0.088931,0.012372
77,V1-RSC,intermediate,RSC,96,0.026348,0.003521
77,V1-RSC,intermediate,RSC,97,0.131288,0.011433
77,V1-RSC,intermediate,RSC,98,0.013538,0.001583
77,V1-RSC,intermediate,RSC,99,0.068655,0.006997
77,V1-RSC,intermediate,RSC,100,0.129057,0.018106
77,V1-RSC,intermediate,RSC,101,0.058901,0.005883
77,V1-RSC,intermediate,RSC,102,0.071998,0.006296
77,V1-RSC,intermediate,RSC,103,0.09115,0.016122
77,V1-RSC,intermediate,RSC,104,0.10736,0.014694
77,V1-RSC,intermediate,RSC,105,0.022298,0.004602
77,V1-RSC,intermediate,RSC,106,0.091536,0.016844
77,V1-RSC,intermediate,RSC,107,0.091924,0.008716
77,V1-RSC,intermediate,RSC,108,0.030479,0.002893
77,V1-RSC,intermediate,RSC,109,0.01411,0.001439
77,V1-RSC,intermediate,RSC,110,0.010606,0.001696
77,V1-RSC,intermediate,RSC,111,0.152783,0.013475
77,V1-RSC,intermediate,RSC,112,0.011842,0.001841
77,V1-RSC,intermediate,RSC,113,0.121612,0.009576
77,V1-RSC,intermediate,RSC,114,0.102682,0.010047
77,V1-RSC,intermediate,RSC,115,0.064032,0.010155
77,V1-RSC,intermediate,RSC,116,0.216656,0.021312
77,V1-RSC,intermediate,RSC,117,0.224817,0.03269
77,V1-RSC,intermediate,RSC,118,0.027502,0.00342
77,V1-RSC,intermediate,RSC,119,0.558019,0.037449
77,V1-RSC,intermediate,RSC,120,0.13131,0.011224
77,V1-RSC,intermediate,RSC,121,0.099283,0.023989
77,V1-RSC,intermediate,RSC,122,0.122801,0.018143
77,V1-RSC,intermediate,RSC,123,0.038083,0.004407
77,V1-RSC,intermediate,RSC,124,0.158002,0.013433
77,V1-RSC,intermediate,RSC,125,0.64469,0.022521
77,V1-RSC,intermediate,RSC,126,0.077145,0.014646
77,V1-RSC,intermediate,RSC,127,0.061308,0.005606
77,V1-RSC,intermediate,RSC,128,0.019984,0.002803
77,V1-RSC,intermediate,RSC,129,0.403321,0.009306
77,V1-RSC,intermediate,RSC,130,0.106599,0.009687
77,V1-RSC,intermediate,RSC,131,0.03722,0.006882
77,V1-RSC,intermediate,RSC,132,0.037962,0.002158
77,V1-RSC,intermediate,RSC,133,0.07867,0.013571
77,V1-RSC,intermediate,RSC,134,0.080528,0.014082
77,V1-RSC,intermediate,RSC,135,0.040845,0.006491
77,V1-RSC,intermediate,RSC,136,0.177981,0.024113
77,V1-RSC,intermediate,RSC,137,0.062931,0.007677
77,V1-RSC,intermediate,RSC,138,0.152398,0.022343
77,V1-RSC,intermediate,RSC,139,0.122898,0.009692
77,V1-RSC,intermediate,RSC,140,0.015097,0.002583
77,V1-RSC,intermediate,RSC,141,0.073603,0.011037
77,V1-RSC,intermediate,RSC,142,0.162185,0.021862
77,V1-RSC,intermediate,RSC,143,0.02848,0.002546
77,V1-RSC,intermediate,RSC,144,0.152348,0.013126
77,V1-RSC,intermediate,RSC,145,0.067642,0.010347
77,V1-RSC,intermediate,RSC,146,0.035095,0.002716
77,V1-RSC,intermediate,RSC,147,0.114796,0.020658
77,V1-RSC,intermediate,RSC,148,0.545034,0.010138
77,V1-RSC,intermediate,RSC,149,0.106066,0.011105
77,V1-RSC,intermediate,RSC,150,0.07418,0.007785
77,V1-RSC,intermediate,RSC,151,0.133429,0.024674
77,V1-RSC,intermediate,RSC,152,0.07273,0.016891
77,V1-RSC,intermediate,RSC,153,0.181678,0.016865
77,V1-RSC,intermediate,RSC,154,0.085154,0.010158
77,V1-RSC,intermediate,RSC,155,0.065276,0.007
77,V1-RSC,intermediate,RSC,156,0.076724,0.012548
77,V1-RSC,intermediate,RSC,157,0.018444,0.001599
77,V1-RSC,intermediate,RSC,158,0.099793,0.011311
77,V1-RSC,intermediate,RSC,159,0.026258,0.0026
77,V1-RSC,intermediate,RSC,160,0.619069,0.027208
77,V1-RSC,intermediate,RSC,161,0.22294,0.041817
77,V1-RSC,intermediate,RSC,162,0.174076,0.021973
77,V1-RSC,intermediate,RSC,163,0.18029,0.043935
77,V1-RSC,intermediate,RSC,164,0.416057,0.030393
77,V1-RSC,intermediate,RSC,165,0.114625,0.022406
77,V1-RSC,intermediate,RSC,166,0.112982,0.014393
77,V1-RSC,intermediate,RSC,167,0.582487,0.031887
77,V1-RSC,intermediate,RSC,168,0.306827,0.038459
77,V1-RSC,intermediate,RSC,169,0.01273,0.002632
77,V1-RSC,intermediate,RSC,170,0.005638,0.000756
77,V1-RSC,intermediate,RSC,171,0.194231,0.030116
77,V1-RSC,intermediate,RSC,172,0.025287,0.004849
77,V1-RSC,intermediate,RSC,173,0.031578,0.006797
77,V1-RSC,intermediate,RSC,174,0.048858,0.008276
77,V1-RSC,intermediate,RSC,175,0.02313,0.002895
77,V1-RSC,intermediate,RSC,176,0.123474,0.017548
77,V1-RSC,intermediate,RSC,177,0.512737,0.041113
77,V1-RSC,intermediate,RSC,178,0.140174,0.005123
77,V1-RSC,intermediate,RSC,179,0.131178,0.011239
77,V1-RSC,intermediate,RSC,180,0.064023,0.007615
77,V1-RSC,intermediate,RSC,181,0.058352,0.002545
77,V1-RSC,intermediate,RSC,182,0.063376,0.006954
77,V1-RSC,intermediate,RSC,183,0.078719,0.012992
77,V1-RSC,intermediate,RSC,184,0.057688,0.008568
77,V1-RSC,intermediate,RSC,185,0.037395,0.008205
77,V1-RSC,intermediate,RSC,186,0.178888,0.026489
77,V1-RSC,intermediate,RSC,187,0.042997,0.002969
77,V1-RSC,intermediate,RSC,188,0.101492,0.01761
77,V1-RSC,intermediate,RSC,189,0.130409,0.010216
77,V1-RSC,intermediate,RSC,190,0.144166,0.012519
77,V1-RSC,intermediate,RSC,191,0.334294,0.034706
77,V1-RSC,intermediate,RSC,192,0.112661,0.021152
77,V1-RSC,intermediate,RSC,193,0.103744,0.01144
77,V1-RSC,intermediate,RSC,194,0.142199,0.025433
77,V1-RSC,intermediate,RSC,195,0.127353,0.005841
77,V1-RSC,intermediate,RSC,196,0.085523,0.007119
77,V1-RSC,intermediate,RSC,197,0.063969,0.00862
77,V1-RSC,intermediate,RSC,198,0.087962,0.012531
77,V1-RSC,intermediate,RSC,199,0.077772,0.013323
77,V1-RSC,intermediate,RSC,200,0.080689,0.007516
77,V1-RSC,intermediate,RSC,201,0.096074,0.019606
77,V1-RSC,intermediate,RSC,202,0.046158,0.008041
77,V1-RSC,intermediate,RSC,203,0.088394,0.013548
77,V1-RSC,intermediate,RSC,204,0.15629,0.027931
77,V1-RSC,intermediate,RSC,205,0.134457,0.024206
77,V1-RSC,intermediate,RSC,206,0.117179,0.013236
77,V1-RSC,intermediate,RSC,207,0.05524,0.008907
77,V1-RSC,intermediate,RSC,208,0.09985,0.017955
77,V1-RSC,intermediate,RSC,209,0.246505,0.033967
77,V1-RSC,intermediate,RSC,210,0.037997,0.003816
77,V1-RSC,intermediate,RSC,211,0.128281,0.030952
77,V1-RSC,intermediate,RSC,212,0.10078,0.014279
77,V1-RSC,intermediate,RSC,213,0.042407,0.006902
77,V1-RSC,intermediate,RSC,214,0.329549,0.048388
77,V1-RSC,intermediate,RSC,215,0.086852,0.006464
77,V1-RSC,intermediate,RSC,216,0.011265,0.000684
77,V1-RSC,intermediate,RSC,217,0.557971,0.022248
77,V1-RSC,intermediate,RSC,218,0.053014,0.003476
77,V1-RSC,intermediate,RSC,219,0.043345,0.006694
77,V1-RSC,intermediate,RSC,220,0.340429,0.007238
77,V1-RSC,intermediate,RSC,221,0.049775,0.004027
77,V1-RSC,intermediate,RSC,222,0.172552,0.005744
77,V1-RSC,intermediate,RSC,223,0.012961,0.000525
77,V1-RSC,intermediate,RSC,224,0.004193,0.000477
77,V1-RSC,expert,V1,0,0.996432,0.108408
77,V1-RSC,expert,V1,1,1.029798,0.172598
77,V1-RSC,expert,V1,2,0.994998,0.133364
77,V1-RSC,expert,V1,3,1.3871,0.171305
77,V1-RSC,expert,V1,4,0.978645,0.125321
77,V1-RSC,expert,V1,5,1.024111,0.125641
77,V1-RSC,expert,V1,6,1.000568,0.083878
77,V1-RSC,expert,V1,7,0.993261,0.15147
77,V1-RSC,expert,V1,8,1.00365,0.170688
77,V1-RSC,expert,V1,9,0.920925,0.10963
77,V1-RSC,expert,V1,10,0.988477,0.119487
77,V1-RSC,expert,V1,11,1.209175,0.170626
77,V1-RSC,expert,RSC,0,0.038048,0.005519
77,V1-RSC,expert,RSC,1,0.114325,0.018574
77,V1-RSC,expert,RSC,2,0.125852,0.013419
77,V1-RSC,expert,RSC,3,0.16625,0.021974
77,V1-RSC,expert,RSC,4,0.036901,0.0043
77,V1-RSC,expert,RSC,5,0.034912,0.005889
77,V1-RSC,expert,RSC,6,0.072339,0.0059
77,V1-RSC,expert,RSC,7,0.124117,0.018042
77,V1-RSC,expert,RSC,8,0.362189,0.050401
77,V1-RSC,expert,RSC,9,0.09458,0.010185
77,V1-RSC,expert,RSC,10,0.150218,0.020205
77,V1-RSC,expert,RSC,11,0.124576,0.016885
77,V1-RSC,expert,RSC,12,0.206972,0.025916
77,V1-RSC,expert,RSC,13,0.032039,0.003794
77,V1-RSC,expert,RSC,14,0.413474,0.059789
77,V1-RSC,expert,RSC,15,0.056325,0.008793
77,V1-RSC,expert,RSC,16,0.09289,0.013618
77,V1-RSC,expert,RSC,17,0.030923,0.003238
77,V1-RSC,expert,RSC,18,0.101665,0.015362
77,V1-RSC,expert,RSC,19,0.042433,0.004189
77,V1-RSC,expert,RSC,20,0.110542,0.013294
77,V1-RSC,expert,RSC,21,0.170843,0.023335
77,V1-RSC,expert,RSC,22,0.104023,0.015042
77,V1-RSC,expert,RSC,23,0.140309,0.017959
77,V1-RSC,expert,RSC,24,0.062866,0.00973
77,V1-RSC,expert,RSC,25,0.064589,0.007631
77,V1-RSC,expert,RSC,26,0.030765,0.00459
77,V1-RSC,expert,RSC,27,0.212301,0.026846
77,V1-RSC,expert,RSC,28,0.087924,0.010464
77,V1-RSC,expert,RSC,29,0.338667,0.040342
77,V1-RSC,expert,RSC,30,0.105886,0.016286
77,V1-RSC,expert,RSC,31,0.322813,0.040194
77,V1-RSC,expert,RSC,32,0.097073,0.009986
77,V1-RSC,expert,RSC,33,0.097164,0.01218
77,V1-RSC,expert,RSC,34,0.1326,0.014692
77,V1-RSC,expert,RSC,35,0.199287,0.017521
77,V1-RSC,expert,RSC,36,0.10472,0.015716
77,V1-RSC,expert,RSC,37,0.185943,0.02324
77,V1-RSC,expert,RSC,38,0.149817,0.016334
77,V1-RSC,expert,RSC,39,0.39448,0.053429
77,V1-RSC,expert,RSC,40,0.117979,0.013254
77,V1-RSC,expert,RSC,41,0.055708,0.006363
77,V1-RSC,expert,RSC,42,0.00996,0.001417
77,V1-RSC,expert,RSC,43,0.031227,0.003377
77,V1-RSC,expert,RSC,44,0.047461,0.006095
77,V1-RSC,expert,RSC,45,0.09707,0.013767
77,V1-RSC,expert,RSC,46,0.089726,0.010193
77,V1-RSC,expert,RSC,47,0.108728,0.014893
77,V1-RSC,expert,RSC,48,0.163592,0.025163
77,V1-RSC,expert,RSC,49,0.091852,0.012342
77,V1-RSC,expert,RSC,50,0.088718,0.01136
77,V1-RSC,expert,RSC,51,0.145546,0.016156
77,V1-RSC,expert,RSC,52,0.09145,0.008398
77,V1-RSC,expert,RSC,53,0.121567,0.016846
77,V1-RSC,expert,RSC,54,0.210707,0.028443
77,V1-RSC,expert,RSC,55,0.137623,0.021186
77,V1-RSC,expert,RSC,56,0.161857,0.02631
77,V1-RSC,expert,RSC,57,0.071293,0.007545
77,V1-RSC,expert,RSC,58,0.064686,0.006098
77,V1-RSC,expert,RSC,59,0.012333,0.001888
77,V1-RSC,expert,RSC,60,0.160048,0.024728
77,V1-RSC,expert,RSC,61,0.185482,0.018302
77,V1-RSC,expert,RSC,62,0.116086,0.012406
77,V1-RSC,expert,RSC,63,0.127752,0.019447
77,V1-RSC,expert,RSC,64,0.069871,0.008879
77,V1-RSC,expert,RSC,65,0.072783,0.005712
77,V1-RSC,expert,RSC,66,0.564677,0.07756
77,V1-RSC,expert,RSC,67,0.126443,0.02062
77,V1-RSC,expert,RSC,68,0.156013,0.019791
77,V1-RSC,expert,RSC,69,0.145814,0.0124
77,V1-RSC,expert,RSC,70,0.157611,0.02021
77,V1-RSC,expert,RSC,71,0.133927,0.021759
77,V1-RSC,expert,RSC,72,0.145407,0.014929
77,V1-RSC,expert,RSC,73,0.061255,0.008328
77,V1-RSC,expert,RSC,74,0.093157,0.013114
77,V1-RSC,expert,RSC,75,0.662658,0.064494
77,V1-RSC,expert,RSC,76,0.168708,0.025585
77,V1-RSC,expert,RSC,77,0.095148,0.01194
77,V1-RSC,expert,RSC,78,0.177125,0.019008
77,V1-RSC,expert,RSC,79,0.17039,0.021484
77,V1-RSC,expert,RSC,80,0.19829,0.029065
77,V1-RSC,expert,RSC,81,0.067479,0.009503
77,V1-RSC,expert,RSC,82,0.027422,0.002719
77,V1-RSC,expert,RSC,83,0.139857,0.020532
77,V1-RSC,expert,RSC,84,0.139424,0.019009
77,V1-RSC,expert,RSC,85,0.149251,0.017412
77,V1-RSC,expert,RSC,86,0.145018,0.016707
77,V1-RSC,expert,RSC,87,0.019328,0.00255
77,V1-RSC,expert,RSC,88,0.174519,0.017065
77,V1-RSC,expert,RSC,89,0.207131,0.020101
77,V1-RSC,expert,RSC,90,0.294536,0.03221
77,V1-RSC,expert,RSC,91,0.185847,0.017599
77,V1-RSC,expert,RSC,92,0.144239,0.016869
77,V1-RSC,expert,RSC,93,0.27494,0.043711
77,V1-RSC,expert,RSC,94,0.036524,0.005238
77,V1-RSC,expert,RSC,95,0.105771,0.014557
77,V1-RSC,expert,RSC,96,0.041832,0.004736
77,V1-RSC,expert,RSC,97,0.265591,0.041647
77,V1-RSC,expert,RSC,98,0.018687,0.002859
77,V1-RSC,expert,RSC,99,0.092202,0.015324
77,V1-RSC,expert,RSC,100,0.103978,0.016963
77,V1-RSC,expert,RSC,101,0.479193,0.0645
77,V1-RSC,expert,RSC,102,0.117386,0.01606
77,V1-RSC,expert,RSC,103,0.130202,0.015805
77,V1-RSC,expert,RSC,104,0.019005,0.002712
77,V1-RSC,expert,RSC,105,0.007166,0.00091
77,V1-RSC,expert,RSC,106,0.122564,0.012878
77,V1-RSC,expert,RSC,107,0.117949,0.015841
77,V1-RSC,expert,RSC,108,0.031546,0.004044
77,V1-RSC,expert,RSC,109,0.039012,0.003567
77,V1-RSC,expert,RSC,110,0.015699,0.001462
77,V1-RSC,expert,RSC,111,0.221766,0.031382
77,V1-RSC,expert,RSC,112,0.004835,0.000644
77,V1-RSC,expert,RSC,113,0.09709,0.010841
77,V1-RSC,expert,RSC,114,0.148947,0.028932
77,V1-RSC,expert,RSC,115,0.158605,0.020512
77,V1-RSC,expert,RSC,116,0.23602,0.035679
77,V1-RSC,expert,RSC,117,0.281609,0.040496
77,V1-RSC,expert,RSC,118,0.039135,0.00579
77,V1-RSC,expert,RSC,119,0.211052,0.033876
77,V1-RSC,expert,RSC,120,0.153331,0.020943
77,V1-RSC,expert,RSC,121,0.128989,0.015732
77,V1-RSC,expert,RSC,122,0.13039,0.017428
77,V1-RSC,expert,RSC,123,0.111919,0.013531
77,V1-RSC,expert,RSC,124,0.095334,0.010625
77,V1-RSC,expert,RSC,125,0.371132,0.049686
77,V1-RSC,expert,RSC,126,0.10719,0.0089
77,V1-RSC,expert,RSC,127,0.071548,0.006625
77,V1-RSC,expert,RSC,128,0.05912,0.008043
77,V1-RSC,expert,RSC,129,0.049107,0.007214
77,V1-RSC,expert,RSC,130,0.101798,0.009241
77,V1-RSC,expert,RSC,131,0.094252,0.011567
77,V1-RSC,expert,RSC,132,0.030955,0.004196
77,V1-RSC,expert,RSC,133,0.070933,0.007212
77,V1-RSC,expert,RSC,134,0.127484,0.020496
77,V1-RSC,expert,RSC,135,0.097167,0.012741
77,V1-RSC,expert,RSC,136,0.11392,0.016318
77,V1-RSC,expert,RSC,137,0.139797,0.017818
77,V1-RSC,expert,RSC,138,0.160414,0.022463
77,V1-RSC,expert,RSC,139,0.312423,0.04014
77,V1-RSC,expert,RSC,140,0.033601,0.003882
77,V1-RSC,expert,RSC,141,0.089968,0.010801
77,V1-RSC,expert,RSC,142,0.300734,0.035695
77,V1-RSC,expert,RSC,143,0.042402,0.005468
77,V1-RSC,expert,RSC,144,0.210131,0.023847
77,V1-RSC,expert,RSC,145,0.034687,0.003181
77,V1-RSC,expert,RSC,146,0.048203,0.005894
77,V1-RSC,expert,RSC,147,0.093674,0.013114
77,V1-RSC,expert,RSC,148,0.055665,0.006231
77,V1-RSC,expert,RSC,149,0.139619,0.014466
77,V1-RSC,expert,RSC,150,0.131375,0.015589
77,V1-RSC,expert,RSC,151,0.107054,0.012843
77,V1-RSC,expert,RSC,152,0.077775,0.010114
77,V1-RSC,expert,RSC,153,0.151986,0.016788
77,V1-RSC,expert,RSC,154,0.06626,0.008133
77,V1-RSC,expert,RSC,155,0.057264,0.00526
77,V1-RSC,expert,RSC,156,0.0872,0.013105
77,V1-RSC,expert,RSC,157,0.027649,0.004394
77,V1-RSC,expert,RSC,158,0.126782,0.012925
77,V1-RSC,expert,RSC,159,0.012822,0.001776
77,V1-RSC,expert,RSC,160,0.427054,0.079712
77,V1-RSC,expert,RSC,161,0.172552,0.022574
77,V1-RSC,expert,RSC,162,0.092371,0.013835
77,V1-RSC,expert,RSC,163,0.15178,0.017405
77,V1-RSC,expert,RSC,164,0.498796,0.068887
77,V1-RSC,expert,RSC,165,0.123926,0.009085
77,V1-RSC,expert,RSC,166,0.189228,0.027035
77,V1-RSC,expert,RSC,167,0.138684,0.015104
77,V1-RSC,expert,RSC,168,0.268893,0.021122
77,V1-RSC,expert,RSC,169,0.078513,0.00515
77,V1-RSC,expert,RSC,170,0.008923,0.001194
77,V1-RSC,expert,RSC,171,0.180583,0.011048
77,V1-RSC,expert,RSC,172,0.046499,0.006405
77,V1-RSC,expert,RSC,173,0.050022,0.004744
77,V1-RSC,expert,RSC,174,0.115588,0.014961
77,V1-RSC,expert,RSC,175,0.021026,0.002335
77,V1-RSC,expert,RSC,176,0.105847,0.018992
77,V1-RSC,expert,RSC,177,0.283824,0.039993
77,V1-RSC,expert,RSC,178,0.610324,0.0717
77,V1-RSC,expert,RSC,179,0.110255,0.01817
77,V1-RSC,expert,RSC,180,0.079973,0.011033
77,V1-RSC,expert,RSC,181,0.052188,0.00558
77,V1-RSC,expert,RSC,182,0.089871,0.011711
77,V1-RSC,expert,RSC,183,0.127007,0.020011
77,V1-RSC,expert,RSC,184,0.034968,0.00395
77,V1-RSC,expert,RSC,185,0.079064,0.011322
77,V1-RSC,expert,RSC,186,0.076524,0.010947
77,V1-RSC,expert,RSC,187,0.036392,0.005667
77,V1-RSC,expert,RSC,188,0.152648,0.026708
77,V1-RSC,expert,RSC,189,0.104764,0.015066
77,V1-RSC,expert,RSC,190,0.162974,0.030347
77,V1-RSC,expert,RSC,191,0.265617,0.047234
77,V1-RSC,expert,RSC,192,0.121441,0.014234
77,V1-RSC,expert,RSC,193,0.117038,0.013161
77,V1-RSC,expert,RSC,194,0.174147,0.023403
77,V1-RSC,expert,RSC,195,0.152889,0.018617
77,V1-RSC,expert,RSC,196,0.12425,0.014901
77,V1-RSC,expert,RSC,197,0.0666,0.00876
77,V1-RSC,expert,RSC,198,0.094674,0.012226
77,V1-RSC,expert,RSC,199,0.076453,0.009258
77,V1-RSC,expert,RSC,200,0.116209,0.014244
77,V1-RSC,expert,RSC,201,0.089845,0.013452
77,V1-RSC,expert,RSC,202,0.077416,0.010386
77,V1-RSC,expert,RSC,203,0.111851,0.010801
77,V1-RSC,expert,RSC,204,0.1462,0.013594
77,V1-RSC,expert,RSC,205,0.183244,0.014381
77,V1-RSC,expert,RSC,206,0.229225,0.021105
77,V1-RSC,expert,RSC,207,0.071664,0.007912
77,V1-RSC,expert,RSC,208,0.146316,0.024891
77,V1-RSC,expert,RSC,209,0.365498,0.058577
77,V1-RSC,expert,RSC,210,0.105782,0.00874
77,V1-RSC,expert,RSC,211,0.193751,0.024981
77,V1-RSC,expert,RSC,212,0.147305,0.019279
77,V1-RSC,expert,RSC,213,0.083115,0.010334
77,V1-RSC,expert,RSC,214,0.266598,0.032799
77,V1-RSC,expert,RSC,215,0.262071,0.043544
77,V1-RSC,expert,RSC,216,0.019696,0.002243
77,V1-RSC,expert,RSC,217,0.311802,0.055528
77,V1-RSC,expert,RSC,218,0.025699,0.003757
77,V1-RSC,expert,RSC,219,0.085528,0.010347
77,V1-RSC,expert,RSC,220,0.550975,0.07755
77,V1-RSC,expert,RSC,221,0.042626,0.0066
77,V1-RSC,expert,RSC,222,0.018879,0.001504
77,V1-RSC,expert,RSC,223,0.010712,0.001431
77,V1-RSC,expert,RSC,224,9.1e-05,1.1e-05
