animal,learner,pair,epoch,bin_ms,lag_bins,lag_ms,n_samples,cc1,cc_mean3,n_sig,angle_x,angle_y,angle_x_cc1,angle_y_cc1,floor_x,floor_y,floor_x_cc1,floor_y_cc1,gini_x_conn,gini_y_conn,angle_ff_fb_x,angle_ff_fb_y,angle_ff_fb_cc1
28,1,CA1-CA3,session,10,0,0,12000,0.0589,0.0368,0,0.0,0.0,0.0,0.0,87.49,89.25,76.45,72.96,0.2307,0.6277,85.92,84.04,88.17
28,1,CA1-CA3,session,10,1,10,11980,0.0084,0.0075,0,84.98,60.92,43.56,60.77,87.49,89.25,76.45,72.96,0.31,0.6545,85.92,84.04,88.17
28,1,CA1-CA3,session,10,-1,-10,11980,0.0446,0.0181,0,76.06,76.58,48.25,28.67,87.49,89.25,76.45,72.96,0.3094,0.6642,85.92,84.04,88.17
28,1,CA1-CA3,session,10,2,20,11960,0.001,-0.0052,0,75.84,82.52,82.06,58.41,87.49,89.25,76.45,72.96,0.3237,0.749,85.92,84.04,88.17
28,1,CA1-CA3,session,10,-2,-20,11960,-0.0018,0.0091,0,71.02,75.8,67.82,78.95,87.49,89.25,76.45,72.96,0.266,0.7394,85.92,84.04,88.17
28,1,CA1-CA3,session,10,3,30,11940,0.0072,-0.0019,0,89.54,68.73,85.37,75.39,87.49,89.25,76.45,72.96,0.2869,0.6786,85.92,84.04,88.17
28,1,CA1-CA3,session,10,-3,-30,11940,-0.0054,0.0072,0,70.48,84.14,67.86,82.88,87.49,89.25,76.45,72.96,0.4393,0.6836,85.92,84.04,88.17
28,1,CA1-CA3,session,10,4,40,11920,-0.0132,-0.0018,0,78.6,81.48,77.66,46.91,87.49,89.25,76.45,72.96,0.3002,0.6848,85.92,84.04,88.17
28,1,CA1-CA3,session,10,-4,-40,11920,0.0116,0.0067,0,78.19,83.34,67.54,79.51,87.49,89.25,76.45,72.96,0.463,0.5538,85.92,84.04,88.17
28,1,CA1-CA3,session,10,5,50,11900,0.0003,-0.0013,0,83.53,47.52,78.48,76.23,87.49,89.25,76.45,72.96,0.3492,0.7448,85.92,84.04,88.17
28,1,CA1-CA3,session,10,-5,-50,11900,-0.0158,-0.0167,0,88.98,82.58,88.72,88.2,87.49,89.25,76.45,72.96,0.3411,0.66,85.92,84.04,88.17
28,1,CA1-CA3,session,10,7,70,11860,-0.0092,-0.0017,0,88.02,53.2,69.04,64.65,87.49,89.25,76.45,72.96,0.424,0.6799,85.92,84.04,88.17
28,1,CA1-CA3,session,10,-7,-70,11860,0.0124,0.0162,0,84.36,89.02,59.71,89.52,87.49,89.25,76.45,72.96,0.3583,0.7772,85.92,84.04,88.17
28,1,CA1-CA3,session,10,10,100,11800,-0.0036,-0.0049,0,88.92,86.81,63.18,51.03,87.49,89.25,76.45,72.96,0.4625,0.5564,85.92,84.04,88.17
28,1,CA1-CA3,session,10,-10,-100,11800,0.003,0.002,0,88.08,87.6,67.77,88.71,87.49,89.25,76.45,72.96,0.3387,0.7731,85.92,84.04,88.17
28,1,CA1-CA3,session,10,15,150,11700,0.04,0.0166,0,88.98,87.34,79.68,86.91,87.49,89.25,76.45,72.96,0.4286,0.5626,85.92,84.04,88.17
28,1,CA1-CA3,session,10,-15,-150,11700,0.0066,0.005,0,84.95,86.34,59.65,87.4,87.49,89.25,76.45,72.96,0.4717,0.8866,85.92,84.04,88.17
28,1,CA1-CA3,session,10,20,200,11600,-0.0105,-0.0073,0,89.62,88.26,68.1,78.71,87.49,89.25,76.45,72.96,0.4566,0.6404,85.92,84.04,88.17
28,1,CA1-CA3,session,10,-20,-200,11600,0.0019,0.0042,0,85.97,85.6,85.58,88.47,87.49,89.25,76.45,72.96,0.3355,0.7334,85.92,84.04,88.17
28,1,CA1-CA3,session,10,25,250,11500,0.0142,0.0038,0,84.45,64.08,59.43,89.7,87.49,89.25,76.45,72.96,0.3517,0.5478,85.92,84.04,88.17
28,1,CA1-CA3,session,10,-25,-250,11500,-0.0208,-0.0039,0,87.75,87.69,68.25,84.8,87.49,89.25,76.45,72.96,0.559,0.8355,85.92,84.04,88.17
28,1,CA1-DG,session,10,0,0,12000,0.2841,0.1578,2,0.0,0.0,0.0,0.0,74.99,73.87,47.89,21.02,0.3373,0.342,77.64,66.76,55.97
28,1,CA1-DG,session,10,1,10,11980,0.2624,0.1267,2,70.49,45.96,26.71,19.05,74.99,73.87,47.89,21.02,0.3263,0.477,77.64,66.76,55.97
28,1,CA1-DG,session,10,-1,-10,11980,0.1956,0.1082,2,33.83,20.83,34.51,13.99,74.99,73.87,47.89,21.02,0.33,0.437,77.64,66.76,55.97
28,1,CA1-DG,session,10,2,20,11960,0.2745,0.1297,2,81.83,52.73,53.25,35.91,74.99,73.87,47.89,21.02,0.3867,0.5039,77.64,66.76,55.97
28,1,CA1-DG,session,10,-2,-20,11960,0.1982,0.1008,2,85.06,84.22,72.5,66.11,74.99,73.87,47.89,21.02,0.4039,0.4591,77.64,66.76,55.97
28,1,CA1-DG,session,10,3,30,11940,0.2543,0.1161,2,79.2,57.71,66.86,51.76,74.99,73.87,47.89,21.02,0.4154,0.4988,77.64,66.76,55.97
28,1,CA1-DG,session,10,-3,-30,11940,0.2321,0.1087,2,89.75,73.27,87.94,54.33,74.99,73.87,47.89,21.02,0.3524,0.4654,77.64,66.76,55.97
28,1,CA1-DG,session,10,4,40,11920,0.2219,0.1014,2,76.13,66.69,88.28,67.37,74.99,73.87,47.89,21.02,0.3984,0.4839,77.64,66.76,55.97
28,1,CA1-DG,session,10,-4,-40,11920,0.2477,0.1055,2,87.78,64.73,76.59,47.72,74.99,73.87,47.89,21.02,0.3917,0.4935,77.64,66.76,55.97
28,1,CA1-DG,session,10,5,50,11900,0.1659,0.0945,2,86.58,89.44,74.04,72.83,74.99,73.87,47.89,21.02,0.2999,0.4608,77.64,66.76,55.97
28,1,CA1-DG,session,10,-5,-50,11900,0.2495,0.12,2,58.26,57.01,60.17,39.3,74.99,73.87,47.89,21.02,0.3336,0.5172,77.64,66.76,55.97
28,1,CA1-DG,session,10,7,70,11860,0.1976,0.1109,2,87.16,75.41,53.6,25.97,74.99,73.87,47.89,21.02,0.2879,0.4405,77.64,66.76,55.97
28,1,CA1-DG,session,10,-7,-70,11860,0.1889,0.1111,2,62.54,85.93,32.5,27.91,74.99,73.87,47.89,21.02,0.34,0.4596,77.64,66.76,55.97
28,1,CA1-DG,session,10,10,100,11800,0.2136,0.101,2,82.52,64.03,83.97,51.35,74.99,73.87,47.89,21.02,0.3559,0.4835,77.64,66.76,55.97
28,1,CA1-DG,session,10,-10,-100,11800,0.2072,0.0969,2,82.56,61.69,75.74,62.0,74.99,73.87,47.89,21.02,0.3569,0.4428,77.64,66.76,55.97
28,1,CA1-DG,session,10,15,150,11700,0.2215,0.1005,2,64.42,76.04,53.37,18.44,74.99,73.87,47.89,21.02,0.3451,0.4909,77.64,66.76,55.97
28,1,CA1-DG,session,10,-15,-150,11700,0.1344,0.0802,2,75.27,81.35,34.6,18.7,74.99,73.87,47.89,21.02,0.3426,0.4654,77.64,66.76,55.97
28,1,CA1-DG,session,10,20,200,11600,0.0864,0.0569,2,78.08,40.25,36.4,37.19,74.99,73.87,47.89,21.02,0.3983,0.3617,77.64,66.76,55.97
28,1,CA1-DG,session,10,-20,-200,11600,0.1894,0.0732,2,86.18,78.53,72.6,27.53,74.99,73.87,47.89,21.02,0.399,0.5068,77.64,66.76,55.97
28,1,CA1-DG,session,10,25,250,11500,0.132,0.0647,2,71.36,64.09,78.67,73.18,74.99,73.87,47.89,21.02,0.4083,0.4378,77.64,66.76,55.97
28,1,CA1-DG,session,10,-25,-250,11500,0.1796,0.0727,2,58.3,37.82,68.86,41.42,74.99,73.87,47.89,21.02,0.4,0.4,77.64,66.76,55.97
28,1,CA1-V1,session,10,0,0,12000,0.1658,0.0739,1,0.0,0.0,0.0,0.0,84.11,89.95,84.1,72.72,0.3836,0.4941,72.86,72.5,37.68
28,1,CA1-V1,session,10,1,10,11980,0.081,0.0441,1,71.88,73.8,28.44,24.48,84.11,89.95,84.1,72.72,0.3715,0.5108,72.86,72.5,37.68
28,1,CA1-V1,session,10,-1,-10,11980,0.0806,0.0521,1,66.1,72.92,22.28,21.86,84.11,89.95,84.1,72.72,0.3839,0.4911,72.86,72.5,37.68
28,1,CA1-V1,session,10,2,20,11960,0.0603,0.0439,1,78.5,85.55,45.77,31.07,84.11,89.95,84.1,72.72,0.3972,0.5006,72.86,72.5,37.68
28,1,CA1-V1,session,10,-2,-20,11960,0.0557,0.0541,1,70.21,78.16,31.73,30.92,84.11,89.95,84.1,72.72,0.3775,0.4998,72.86,72.5,37.68
28,1,CA1-V1,session,10,3,30,11940,0.0499,0.0348,1,72.21,80.89,42.73,28.8,84.11,89.95,84.1,72.72,0.322,0.4824,72.86,72.5,37.68
28,1,CA1-V1,session,10,-3,-30,11940,0.0629,0.0502,1,78.98,87.53,38.98,29.37,84.11,89.95,84.1,72.72,0.3573,0.4939,72.86,72.5,37.68
28,1,CA1-V1,session,10,4,40,11920,0.0389,0.0354,1,61.66,81.73,35.34,33.31,84.11,89.95,84.1,72.72,0.2959,0.496,72.86,72.5,37.68
28,1,CA1-V1,session,10,-4,-40,11920,0.0674,0.0506,1,84.5,87.32,46.98,31.25,84.11,89.95,84.1,72.72,0.379,0.5211,72.86,72.5,37.68
28,1,CA1-V1,session,10,5,50,11900,0.0571,0.0382,1,70.17,75.02,53.08,32.48,84.11,89.95,84.1,72.72,0.3689,0.487,72.86,72.5,37.68
28,1,CA1-V1,session,10,-5,-50,11900,0.0715,0.0328,1,80.57,80.4,46.17,29.0,84.11,89.95,84.1,72.72,0.3782,0.4846,72.86,72.5,37.68
28,1,CA1-V1,session,10,7,70,11860,0.0528,0.0414,1,76.25,84.0,39.6,38.78,84.11,89.95,84.1,72.72,0.3486,0.5136,72.86,72.5,37.68
28,1,CA1-V1,session,10,-7,-70,11860,0.0516,0.0298,1,80.57,83.44,41.64,27.03,84.11,89.95,84.1,72.72,0.3737,0.4828,72.86,72.5,37.68
28,1,CA1-V1,session,10,10,100,11800,0.0493,0.0532,1,86.1,66.3,29.51,31.56,84.11,89.95,84.1,72.72,0.3526,0.5238,72.86,72.5,37.68
28,1,CA1-V1,session,10,-10,-100,11800,0.0702,0.0422,1,76.74,85.98,46.67,32.43,84.11,89.95,84.1,72.72,0.3633,0.4818,72.86,72.5,37.68
28,1,CA1-V1,session,10,15,150,11700,0.0521,0.0294,1,50.24,73.38,22.47,31.72,84.11,89.95,84.1,72.72,0.3558,0.4739,72.86,72.5,37.68
28,1,CA1-V1,session,10,-15,-150,11700,0.0794,0.0466,1,72.27,83.75,31.8,27.71,84.11,89.95,84.1,72.72,0.3181,0.4927,72.86,72.5,37.68
28,1,CA1-V1,session,10,20,200,11600,0.0746,0.0451,1,62.4,85.5,57.31,32.14,84.11,89.95,84.1,72.72,0.4147,0.489,72.86,72.5,37.68
28,1,CA1-V1,session,10,-20,-200,11600,0.0585,0.0501,1,89.87,88.89,52.5,38.44,84.11,89.95,84.1,72.72,0.4361,0.5019,72.86,72.5,37.68
28,1,CA1-V1,session,10,25,250,11500,0.071,0.0559,1,78.26,76.45,65.71,30.34,84.11,89.95,84.1,72.72,0.4131,0.5121,72.86,72.5,37.68
28,1,CA1-V1,session,10,-25,-250,11500,0.0382,0.0318,1,81.73,84.29,33.93,30.51,84.11,89.95,84.1,72.72,0.376,0.4938,72.86,72.5,37.68
28,1,CA3-DG,session,10,0,0,12000,0.1218,0.1091,6,0.0,0.0,0.0,0.0,67.92,71.5,87.38,21.81,0.6459,0.195,71.87,73.19,58.84
28,1,CA3-DG,session,10,1,10,11980,0.1189,0.0643,6,73.57,63.71,87.03,17.58,67.92,71.5,87.38,21.81,0.5404,0.4095,71.87,73.19,58.84
28,1,CA3-DG,session,10,-1,-10,11980,0.1619,0.0884,6,72.05,44.95,26.99,17.95,67.92,71.5,87.38,21.81,0.5726,0.4244,71.87,73.19,58.84
28,1,CA3-DG,session,10,2,20,11960,0.1031,0.0546,6,62.6,57.17,82.84,46.09,67.92,71.5,87.38,21.81,0.5293,0.4315,71.87,73.19,58.84
28,1,CA3-DG,session,10,-2,-20,11960,0.1405,0.0686,6,59.73,54.08,33.45,28.89,67.92,71.5,87.38,21.81,0.6685,0.5233,71.87,73.19,58.84
28,1,CA3-DG,session,10,3,30,11940,0.1026,0.0375,6,64.43,68.74,38.03,72.2,67.92,71.5,87.38,21.81,0.5569,0.4435,71.87,73.19,58.84
28,1,CA3-DG,session,10,-3,-30,11940,0.122,0.0667,6,89.76,60.85,33.67,34.72,67.92,71.5,87.38,21.81,0.6293,0.4795,71.87,73.19,58.84
28,1,CA3-DG,session,10,4,40,11920,0.1251,0.0405,6,66.29,84.69,23.87,83.64,67.92,71.5,87.38,21.81,0.5911,0.3899,71.87,73.19,58.84
28,1,CA3-DG,session,10,-4,-40,11920,0.0836,0.0588,6,81.06,66.62,49.84,63.47,67.92,71.5,87.38,21.81,0.5632,0.4569,71.87,73.19,58.84
28,1,CA3-DG,session,10,5,50,11900,0.1222,0.0414,6,88.31,71.2,22.89,52.8,67.92,71.5,87.38,21.81,0.5531,0.3627,71.87,73.19,58.84
28,1,CA3-DG,session,10,-5,-50,11900,0.075,0.036,6,67.55,53.46,63.48,51.04,67.92,71.5,87.38,21.81,0.4801,0.4599,71.87,73.19,58.84
28,1,CA3-DG,session,10,7,70,11860,0.1001,0.0496,6,89.63,73.19,89.25,19.93,67.92,71.5,87.38,21.81,0.8315,0.4285,71.87,73.19,58.84
28,1,CA3-DG,session,10,-7,-70,11860,0.1043,0.0489,6,67.1,65.6,26.79,22.93,67.92,71.5,87.38,21.81,0.5034,0.504,71.87,73.19,58.84
28,1,CA3-DG,session,10,10,100,11800,0.0749,0.028,6,81.96,82.35,81.67,71.01,67.92,71.5,87.38,21.81,0.7801,0.4408,71.87,73.19,58.84
28,1,CA3-DG,session,10,-10,-100,11800,0.0933,0.0374,6,77.65,88.08,23.29,81.94,67.92,71.5,87.38,21.81,0.5279,0.3842,71.87,73.19,58.84
28,1,CA3-DG,session,10,15,150,11700,0.0921,0.0347,6,80.3,74.16,86.2,20.63,67.92,71.5,87.38,21.81,0.7602,0.4478,71.87,73.19,58.84
28,1,CA3-DG,session,10,-15,-150,11700,0.114,0.0488,6,49.43,58.35,18.87,25.56,67.92,71.5,87.38,21.81,0.5751,0.4469,71.87,73.19,58.84
28,1,CA3-DG,session,10,20,200,11600,0.0824,0.0227,6,87.93,82.59,87.57,42.85,67.92,71.5,87.38,21.81,0.839,0.5004,71.87,73.19,58.84
28,1,CA3-DG,session,10,-20,-200,11600,0.0565,0.029,6,69.93,87.6,26.56,27.39,67.92,71.5,87.38,21.81,0.5312,0.4291,71.87,73.19,58.84
28,1,CA3-DG,session,10,25,250,11500,0.0864,0.0382,6,89.42,89.54,86.13,61.47,67.92,71.5,87.38,21.81,0.7411,0.4071,71.87,73.19,58.84
28,1,CA3-DG,session,10,-25,-250,11500,0.0554,0.0297,6,84.58,84.98,68.06,71.78,67.92,71.5,87.38,21.81,0.5692,0.3605,71.87,73.19,58.84
34,1,CA1-CA3,session,10,0,0,12000,0.3148,0.0538,1,0.0,0.0,0.0,0.0,88.77,86.71,52.3,12.73,0.5893,0.3245,54.05,61.7,75.53
34,1,CA1-CA3,session,10,1,10,11980,0.2753,0.1054,1,38.38,66.72,19.28,8.31,88.77,86.71,52.3,12.73,0.5432,0.4355,54.05,61.7,75.53
34,1,CA1-CA3,session,10,-1,-10,11980,0.267,0.132,1,86.92,36.17,25.19,15.61,88.77,86.71,52.3,12.73,0.464,0.514,54.05,61.7,75.53
34,1,CA1-CA3,session,10,2,20,11960,0.1994,0.1036,1,53.92,65.24,40.58,21.88,88.77,86.71,52.3,12.73,0.4633,0.421,54.05,61.7,75.53
34,1,CA1-CA3,session,10,-2,-20,11960,0.1965,0.0869,1,84.29,50.15,43.27,19.21,88.77,86.71,52.3,12.73,0.4561,0.4435,54.05,61.7,75.53
34,1,CA1-CA3,session,10,3,30,11940,0.1579,0.0934,1,62.5,85.61,72.04,31.04,88.77,86.71,52.3,12.73,0.4573,0.4326,54.05,61.7,75.53
34,1,CA1-CA3,session,10,-3,-30,11940,0.1301,0.0796,1,86.11,61.35,75.65,27.03,88.77,86.71,52.3,12.73,0.4641,0.3538,54.05,61.7,75.53
34,1,CA1-CA3,session,10,4,40,11920,0.0699,0.0953,1,85.18,71.19,89.53,80.11,88.77,86.71,52.3,12.73,0.5377,0.7243,54.05,61.7,75.53
34,1,CA1-CA3,session,10,-4,-40,11920,0.1361,0.0864,1,75.84,52.17,60.36,35.66,88.77,86.71,52.3,12.73,0.4437,0.4102,54.05,61.7,75.53
34,1,CA1-CA3,session,10,5,50,11900,0.2347,0.0822,1,49.7,86.26,36.67,30.31,88.77,86.71,52.3,12.73,0.5575,0.5805,54.05,61.7,75.53
34,1,CA1-CA3,session,10,-5,-50,11900,0.2034,0.075,1,54.56,71.28,48.51,22.36,88.77,86.71,52.3,12.73,0.5666,0.5142,54.05,61.7,75.53
34,1,CA1-CA3,session,10,7,70,11860,0.301,0.1058,1,78.08,79.32,22.5,24.04,88.77,86.71,52.3,12.73,0.5448,0.5427,54.05,61.7,75.53
34,1,CA1-CA3,session,10,-7,-70,11860,0.2815,0.1038,1,54.83,84.89,22.06,20.77,88.77,86.71,52.3,12.73,0.58,0.5187,54.05,61.7,75.53
34,1,CA1-CA3,session,10,10,100,11800,0.118,0.0698,1,85.15,64.58,82.25,9.02,88.77,86.71,52.3,12.73,0.4953,0.3636,54.05,61.7,75.53
34,1,CA1-CA3,session,10,-10,-100,11800,0.0657,0.0474,1,48.16,74.21,84.48,37.87,88.77,86.71,52.3,12.73,0.5409,0.2814,54.05,61.7,75.53
34,1,CA1-CA3,session,10,15,150,11700,0.1861,0.0528,1,75.79,63.89,34.41,25.51,88.77,86.71,52.3,12.73,0.4843,0.4683,54.05,61.7,75.53
34,1,CA1-CA3,session,10,-15,-150,11700,0.1972,0.0912,1,80.38,62.06,38.32,17.82,88.77,86.71,52.3,12.73,0.3906,0.5213,54.05,61.7,75.53
34,1,CA1-CA3,session,10,20,200,11600,0.2272,0.0669,1,78.8,84.47,35.94,24.85,88.77,86.71,52.3,12.73,0.5708,0.564,54.05,61.7,75.53
34,1,CA1-CA3,session,10,-20,-200,11600,0.0819,0.1049,1,86.45,66.51,87.51,80.68,88.77,86.71,52.3,12.73,0.4445,0.7124,54.05,61.7,75.53
34,1,CA1-CA3,session,10,25,250,11500,0.1024,0.0484,1,80.0,69.54,65.88,20.79,88.77,86.71,52.3,12.73,0.4202,0.373,54.05,61.7,75.53
34,1,CA1-CA3,session,10,-25,-250,11500,0.1093,0.0565,1,89.43,56.46,51.08,26.39,88.77,86.71,52.3,12.73,0.3747,0.416,54.05,61.7,75.53
34,1,CA1-V1,session,10,0,0,12000,0.0761,0.0521,0,0.0,0.0,0.0,0.0,89.23,73.31,87.1,51.62,0.3777,0.5326,87.96,83.59,85.95
34,1,CA1-V1,session,10,1,10,11980,0.0789,0.0547,0,82.82,69.77,24.02,16.88,89.23,73.31,87.1,51.62,0.3512,0.5277,87.96,83.59,85.95
34,1,CA1-V1,session,10,-1,-10,11980,0.0714,0.0575,0,59.16,54.57,25.67,18.02,89.23,73.31,87.1,51.62,0.3639,0.5253,87.96,83.59,85.95
34,1,CA1-V1,session,10,2,20,11960,0.0689,0.034,0,75.61,67.34,30.14,22.26,89.23,73.31,87.1,51.62,0.3345,0.5216,87.96,83.59,85.95
34,1,CA1-V1,session,10,-2,-20,11960,0.0728,0.053,0,66.95,66.04,60.63,46.71,89.23,73.31,87.1,51.62,0.3899,0.5436,87.96,83.59,85.95
34,1,CA1-V1,session,10,3,30,11940,0.0645,0.0403,0,83.22,80.88,27.63,26.75,89.23,73.31,87.1,51.62,0.4141,0.5227,87.96,83.59,85.95
34,1,CA1-V1,session,10,-3,-30,11940,0.0564,0.0489,0,71.35,86.44,81.28,74.74,89.23,73.31,87.1,51.62,0.4106,0.5444,87.96,83.59,85.95
34,1,CA1-V1,session,10,4,40,11920,0.0733,0.0404,0,74.44,68.39,24.14,25.34,89.23,73.31,87.1,51.62,0.3444,0.5284,87.96,83.59,85.95
34,1,CA1-V1,session,10,-4,-40,11920,0.0764,0.0642,0,69.59,77.18,34.04,30.43,89.23,73.31,87.1,51.62,0.3341,0.5336,87.96,83.59,85.95
34,1,CA1-V1,session,10,5,50,11900,0.0532,0.0489,0,78.1,74.6,33.88,27.57,89.23,73.31,87.1,51.62,0.3782,0.5437,87.96,83.59,85.95
34,1,CA1-V1,session,10,-5,-50,11900,0.089,0.0629,0,67.89,76.47,83.82,80.5,89.23,73.31,87.1,51.62,0.3906,0.5341,87.96,83.59,85.95
34,1,CA1-V1,session,10,7,70,11860,0.0384,0.0484,0,72.52,77.09,39.38,22.8,89.23,73.31,87.1,51.62,0.3708,0.5233,87.96,83.59,85.95
34,1,CA1-V1,session,10,-7,-70,11860,0.0808,0.0483,0,70.87,55.38,52.46,42.02,89.23,73.31,87.1,51.62,0.44,0.5244,87.96,83.59,85.95
34,1,CA1-V1,session,10,10,100,11800,0.0704,0.0552,0,69.97,76.79,23.93,24.39,89.23,73.31,87.1,51.62,0.3053,0.5235,87.96,83.59,85.95
34,1,CA1-V1,session,10,-10,-100,11800,0.1018,0.059,0,73.83,66.0,35.73,34.24,89.23,73.31,87.1,51.62,0.3584,0.5258,87.96,83.59,85.95
34,1,CA1-V1,session,10,15,150,11700,0.0457,0.0369,0,83.56,81.72,24.22,25.93,89.23,73.31,87.1,51.62,0.3013,0.5095,87.96,83.59,85.95
34,1,CA1-V1,session,10,-15,-150,11700,0.074,0.0427,0,76.64,74.6,49.69,44.52,89.23,73.31,87.1,51.62,0.357,0.5247,87.96,83.59,85.95
34,1,CA1-V1,session,10,20,200,11600,0.0582,0.0379,0,65.28,89.99,35.73,26.87,89.23,73.31,87.1,51.62,0.3584,0.5246,87.96,83.59,85.95
34,1,CA1-V1,session,10,-20,-200,11600,0.1122,0.0683,0,86.49,64.11,35.2,31.29,89.23,73.31,87.1,51.62,0.4039,0.5377,87.96,83.59,85.95
34,1,CA1-V1,session,10,25,250,11500,0.0275,0.0295,0,69.93,73.34,26.81,21.98,89.23,73.31,87.1,51.62,0.314,0.5245,87.96,83.59,85.95
34,1,CA1-V1,session,10,-25,-250,11500,0.1227,0.0545,0,59.37,71.86,28.55,30.9,89.23,73.31,87.1,51.62,0.426,0.5533,87.96,83.59,85.95
36,1,CA1-V1,session,10,0,0,12000,0.0088,0.0293,0,0.0,0.0,0.0,0.0,77.08,85.31,76.84,79.92,0.4094,0.2841,73.86,76.43,61.25
36,1,CA1-V1,session,10,1,10,11980,0.0275,0.0309,0,58.83,48.28,80.74,54.37,77.08,85.31,76.84,79.92,0.3487,0.275,73.86,76.43,61.25
36,1,CA1-V1,session,10,-1,-10,11980,0.006,0.0176,0,54.66,51.25,57.28,36.82,77.08,85.31,76.84,79.92,0.3161,0.2311,73.86,76.43,61.25
36,1,CA1-V1,session,10,2,20,11960,0.0233,0.0181,0,85.07,51.14,87.23,60.85,77.08,85.31,76.84,79.92,0.3673,0.2296,73.86,76.43,61.25
36,1,CA1-V1,session,10,-2,-20,11960,0.0318,0.0177,0,78.53,75.39,64.36,63.59,77.08,85.31,76.84,79.92,0.3317,0.2297,73.86,76.43,61.25
36,1,CA1-V1,session,10,3,30,11940,0.0285,0.0285,0,63.62,47.89,70.92,53.5,77.08,85.31,76.84,79.92,0.4248,0.2669,73.86,76.43,61.25
36,1,CA1-V1,session,10,-3,-30,11940,0.0273,0.0175,0,85.23,81.73,46.45,40.05,77.08,85.31,76.84,79.92,0.3201,0.2212,73.86,76.43,61.25
36,1,CA1-V1,session,10,4,40,11920,0.0304,0.0167,0,65.2,49.83,73.2,76.64,77.08,85.31,76.84,79.92,0.3643,0.2591,73.86,76.43,61.25
36,1,CA1-V1,session,10,-4,-40,11920,0.0286,0.0157,0,76.91,61.88,88.33,43.47,77.08,85.31,76.84,79.92,0.3017,0.1887,73.86,76.43,61.25
36,1,CA1-V1,session,10,5,50,11900,0.0187,0.0182,0,88.86,87.71,31.54,47.49,77.08,85.31,76.84,79.92,0.3521,0.1925,73.86,76.43,61.25
36,1,CA1-V1,session,10,-5,-50,11900,0.037,0.0337,0,75.54,53.95,77.72,63.56,77.08,85.31,76.84,79.92,0.3299,0.2313,73.86,76.43,61.25
36,1,CA1-V1,session,10,7,70,11860,0.0003,0.02,0,55.94,56.53,41.79,86.08,77.08,85.31,76.84,79.92,0.3894,0.2101,73.86,76.43,61.25
36,1,CA1-V1,session,10,-7,-70,11860,-0.01,0.0033,0,86.37,70.24,74.23,32.82,77.08,85.31,76.84,79.92,0.3523,0.2094,73.86,76.43,61.25
36,1,CA1-V1,session,10,10,100,11800,0.0104,0.0062,0,70.66,63.94,70.04,36.22,77.08,85.31,76.84,79.92,0.3639,0.1872,73.86,76.43,61.25
36,1,CA1-V1,session,10,-10,-100,11800,0.0438,0.0285,0,83.18,81.61,49.82,46.04,77.08,85.31,76.84,79.92,0.3422,0.204,73.86,76.43,61.25
36,1,CA1-V1,session,10,15,150,11700,0.0131,0.0181,0,73.36,56.96,83.75,43.4,77.08,85.31,76.84,79.92,0.3256,0.2348,73.86,76.43,61.25
36,1,CA1-V1,session,10,-15,-150,11700,-0.0033,0.0257,0,64.93,56.07,50.4,45.73,77.08,85.31,76.84,79.92,0.384,0.2521,73.86,76.43,61.25
36,1,CA1-V1,session,10,20,200,11600,0.0249,0.0337,0,60.31,50.7,71.75,51.22,77.08,85.31,76.84,79.92,0.3627,0.2861,73.86,76.43,61.25
36,1,CA1-V1,session,10,-20,-200,11600,0.0223,0.0229,0,72.68,71.88,65.37,75.96,77.08,85.31,76.84,79.92,0.3859,0.1911,73.86,76.43,61.25
36,1,CA1-V1,session,10,25,250,11500,0.0374,0.0171,0,77.44,73.55,76.53,49.34,77.08,85.31,76.84,79.92,0.3233,0.1702,73.86,76.43,61.25
36,1,CA1-V1,session,10,-25,-250,11500,0.0226,0.0289,0,55.7,60.83,64.55,43.76,77.08,85.31,76.84,79.92,0.3187,0.2225,73.86,76.43,61.25
41,1,CA1-CA3,session,10,0,0,12000,0.2037,0.1232,2,0.0,0.0,0.0,0.0,69.2,64.99,35.37,46.3,0.4603,0.4211,84.43,74.93,79.95
41,1,CA1-CA3,session,10,1,10,11980,0.1788,0.0998,2,66.17,46.33,28.64,19.77,69.2,64.99,35.37,46.3,0.4959,0.4058,84.43,74.93,79.95
41,1,CA1-CA3,session,10,-1,-10,11980,0.1789,0.1193,2,82.13,67.94,35.42,25.36,69.2,64.99,35.37,46.3,0.4684,0.471,84.43,74.93,79.95
41,1,CA1-CA3,session,10,2,20,11960,0.1734,0.0928,2,86.14,88.56,45.98,27.21,69.2,64.99,35.37,46.3,0.5015,0.4278,84.43,74.93,79.95
41,1,CA1-CA3,session,10,-2,-20,11960,0.1636,0.1149,2,67.53,80.34,59.77,24.14,69.2,64.99,35.37,46.3,0.6132,0.4658,84.43,74.93,79.95
41,1,CA1-CA3,session,10,3,30,11940,0.1716,0.084,2,74.34,58.16,56.88,25.45,69.2,64.99,35.37,46.3,0.5765,0.4049,84.43,74.93,79.95
41,1,CA1-CA3,session,10,-3,-30,11940,0.1445,0.097,2,75.17,82.59,77.67,35.79,69.2,64.99,35.37,46.3,0.5483,0.4027,84.43,74.93,79.95
41,1,CA1-CA3,session,10,4,40,11920,0.1495,0.0652,2,86.96,48.18,66.52,25.05,69.2,64.99,35.37,46.3,0.8113,0.4473,84.43,74.93,79.95
41,1,CA1-CA3,session,10,-4,-40,11920,0.1775,0.0959,2,86.06,72.67,76.93,31.31,69.2,64.99,35.37,46.3,0.5312,0.4288,84.43,74.93,79.95
41,1,CA1-CA3,session,10,5,50,11900,0.1236,0.0665,2,89.16,88.17,80.96,36.86,69.2,64.99,35.37,46.3,0.806,0.3877,84.43,74.93,79.95
41,1,CA1-CA3,session,10,-5,-50,11900,0.182,0.0871,2,76.6,89.86,74.6,20.13,69.2,64.99,35.37,46.3,0.5739,0.4253,84.43,74.93,79.95
41,1,CA1-CA3,session,10,7,70,11860,0.1027,0.0712,2,87.66,85.78,48.78,30.39,69.2,64.99,35.37,46.3,0.8075,0.3877,84.43,74.93,79.95
41,1,CA1-CA3,session,10,-7,-70,11860,0.1433,0.0792,2,81.91,87.22,40.19,28.55,69.2,64.99,35.37,46.3,0.4779,0.3704,84.43,74.93,79.95
41,1,CA1-CA3,session,10,10,100,11800,0.125,0.0739,2,75.6,81.32,71.74,30.25,69.2,64.99,35.37,46.3,0.8529,0.3894,84.43,74.93,79.95
41,1,CA1-CA3,session,10,-10,-100,11800,0.1569,0.0838,2,87.89,80.13,82.72,15.96,69.2,64.99,35.37,46.3,0.5693,0.3916,84.43,74.93,79.95
41,1,CA1-CA3,session,10,15,150,11700,0.1078,0.0679,2,88.48,86.39,81.64,35.66,69.2,64.99,35.37,46.3,0.8543,0.3625,84.43,74.93,79.95
41,1,CA1-CA3,session,10,-15,-150,11700,0.0913,0.0765,2,66.41,85.38,66.87,24.77,69.2,64.99,35.37,46.3,0.4965,0.4107,84.43,74.93,79.95
41,1,CA1-CA3,session,10,20,200,11600,0.0526,0.0404,2,87.36,69.01,64.55,24.0,69.2,64.99,35.37,46.3,0.8551,0.3724,84.43,74.93,79.95
41,1,CA1-CA3,session,10,-20,-200,11600,0.1512,0.081,2,71.39,86.55,67.51,42.67,69.2,64.99,35.37,46.3,0.5192,0.3605,84.43,74.93,79.95
41,1,CA1-CA3,session,10,25,250,11500,0.0937,0.044,2,80.66,83.51,74.76,39.46,69.2,64.99,35.37,46.3,0.8239,0.3674,84.43,74.93,79.95
41,1,CA1-CA3,session,10,-25,-250,11500,0.1092,0.0729,2,83.79,64.69,62.03,36.1,69.2,64.99,35.37,46.3,0.5472,0.3798,84.43,74.93,79.95
41,1,CA1-V1,session,10,0,0,12000,0.0166,0.0022,0,0.0,0.0,0.0,0.0,84.43,89.27,47.28,73.34,0.5286,0.6564,45.72,86.9,46.22
41,1,CA1-V1,session,10,1,10,11980,0.0094,0.0069,0,55.5,67.91,29.22,49.1,84.43,89.27,47.28,73.34,0.375,0.6569,45.72,86.9,46.22
41,1,CA1-V1,session,10,-1,-10,11980,0.008,0.008,0,40.97,56.92,60.84,55.02,84.43,89.27,47.28,73.34,0.5234,0.6682,45.72,86.9,46.22
41,1,CA1-V1,session,10,2,20,11960,0.0087,0.0035,0,42.17,71.35,20.41,43.99,84.43,89.27,47.28,73.34,0.5106,0.682,45.72,86.9,46.22
41,1,CA1-V1,session,10,-2,-20,11960,0.0082,0.0045,0,58.42,64.53,34.08,48.0,84.43,89.27,47.28,73.34,0.5251,0.6724,45.72,86.9,46.22
41,1,CA1-V1,session,10,3,30,11940,0.04,0.0173,0,78.83,80.51,44.99,65.42,84.43,89.27,47.28,73.34,0.5286,0.653,45.72,86.9,46.22
41,1,CA1-V1,session,10,-3,-30,11940,0.0126,0.0044,0,85.25,83.51,66.29,61.26,84.43,89.27,47.28,73.34,0.5248,0.6538,45.72,86.9,46.22
41,1,CA1-V1,session,10,4,40,11920,0.0248,0.0206,0,52.28,86.8,53.15,89.02,84.43,89.27,47.28,73.34,0.9805,0.6412,45.72,86.9,46.22
41,1,CA1-V1,session,10,-4,-40,11920,0.0305,0.015,0,69.67,88.89,89.04,66.9,84.43,89.27,47.28,73.34,0.5995,0.6574,45.72,86.9,46.22
41,1,CA1-V1,session,10,5,50,11900,0.0362,0.0226,0,58.63,87.06,53.24,72.99,84.43,89.27,47.28,73.34,0.9863,0.6355,45.72,86.9,46.22
41,1,CA1-V1,session,10,-5,-50,11900,0.0045,-0.0021,0,45.53,72.76,68.44,49.78,84.43,89.27,47.28,73.34,0.5349,0.6697,45.72,86.9,46.22
41,1,CA1-V1,session,10,7,70,11860,0.0243,0.0141,0,66.98,89.04,53.13,81.9,84.43,89.27,47.28,73.34,0.9878,0.665,45.72,86.9,46.22
41,1,CA1-V1,session,10,-7,-70,11860,0.0066,0.0179,0,59.51,87.89,37.37,61.67,84.43,89.27,47.28,73.34,0.5849,0.6765,45.72,86.9,46.22
41,1,CA1-V1,session,10,10,100,11800,-0.0001,0.0027,0,63.51,78.84,52.22,39.17,84.43,89.27,47.28,73.34,0.9736,0.6966,45.72,86.9,46.22
41,1,CA1-V1,session,10,-10,-100,11800,0.0167,0.0117,0,89.04,87.59,27.91,64.58,84.43,89.27,47.28,73.34,0.5135,0.6655,45.72,86.9,46.22
41,1,CA1-V1,session,10,15,150,11700,0.0142,0.0228,0,78.48,88.63,53.26,86.28,84.43,89.27,47.28,73.34,0.9795,0.6599,45.72,86.9,46.22
41,1,CA1-V1,session,10,-15,-150,11700,0.0098,0.0156,0,64.89,74.81,70.82,75.55,84.43,89.27,47.28,73.34,0.5837,0.6704,45.72,86.9,46.22
41,1,CA1-V1,session,10,20,200,11600,0.0244,0.0168,0,67.92,88.62,53.38,60.44,84.43,89.27,47.28,73.34,0.9831,0.6545,45.72,86.9,46.22
41,1,CA1-V1,session,10,-20,-200,11600,-0.0072,0.0096,0,61.31,86.21,22.13,57.2,84.43,89.27,47.28,73.34,0.5826,0.6712,45.72,86.9,46.22
41,1,CA1-V1,session,10,25,250,11500,0.0127,-0.0036,0,54.66,72.54,52.01,58.32,84.43,89.27,47.28,73.34,0.9791,0.6656,45.72,86.9,46.22
41,1,CA1-V1,session,10,-25,-250,11500,0.0289,0.0,0,58.27,76.29,28.59,59.16,84.43,89.27,47.28,73.34,0.6262,0.6508,45.72,86.9,46.22
52,1,CA1-RSC,session,10,0,0,12000,0.2301,0.1181,3,0.0,0.0,0.0,0.0,81.03,70.06,62.16,41.16,0.4722,0.3523,86.31,71.43,89.11
52,1,CA1-RSC,session,10,1,10,11980,0.0385,0.0146,3,86.45,68.81,37.74,31.94,81.03,70.06,62.16,41.16,0.4302,0.2282,86.31,71.43,89.11
52,1,CA1-RSC,session,10,-1,-10,11980,0.0434,0.0121,3,65.44,43.94,38.04,33.6,81.03,70.06,62.16,41.16,0.4217,0.2655,86.31,71.43,89.11
52,1,CA1-RSC,session,10,2,20,11960,0.0424,0.0208,3,81.18,88.99,44.46,41.24,81.03,70.06,62.16,41.16,0.4538,0.3174,86.31,71.43,89.11
52,1,CA1-RSC,session,10,-2,-20,11960,-0.0014,0.0073,3,80.37,54.85,63.1,57.63,81.03,70.06,62.16,41.16,0.4857,0.4509,86.31,71.43,89.11
52,1,CA1-RSC,session,10,3,30,11940,0.0456,0.0245,3,85.4,74.5,48.9,45.41,81.03,70.06,62.16,41.16,0.4954,0.1665,86.31,71.43,89.11
52,1,CA1-RSC,session,10,-3,-30,11940,0.0039,0.007,3,87.56,58.15,65.61,66.98,81.03,70.06,62.16,41.16,0.4506,0.2419,86.31,71.43,89.11
52,1,CA1-RSC,session,10,4,40,11920,0.0516,0.0258,3,75.04,57.92,47.7,38.69,81.03,70.06,62.16,41.16,0.4967,0.164,86.31,71.43,89.11
52,1,CA1-RSC,session,10,-4,-40,11920,-0.0001,-0.0032,3,87.67,58.56,81.68,65.71,81.03,70.06,62.16,41.16,0.475,0.411,86.31,71.43,89.11
52,1,CA1-RSC,session,10,5,50,11900,0.0451,0.0133,3,87.08,80.11,50.88,29.22,81.03,70.06,62.16,41.16,0.4873,0.1898,86.31,71.43,89.11
52,1,CA1-RSC,session,10,-5,-50,11900,0.0076,0.0084,3,74.54,71.57,85.67,44.5,81.03,70.06,62.16,41.16,0.4277,0.2298,86.31,71.43,89.11
52,1,CA1-RSC,session,10,7,70,11860,0.0114,0.0097,3,88.37,56.42,71.08,47.61,81.03,70.06,62.16,41.16,0.4808,0.34,86.31,71.43,89.11
52,1,CA1-RSC,session,10,-7,-70,11860,-0.0091,-0.0033,3,87.92,68.99,86.04,72.88,81.03,70.06,62.16,41.16,0.497,0.4362,86.31,71.43,89.11
52,1,CA1-RSC,session,10,10,100,11800,-0.0063,0.0066,3,85.81,56.37,90.0,85.67,81.03,70.06,62.16,41.16,0.443,0.2672,86.31,71.43,89.11
52,1,CA1-RSC,session,10,-10,-100,11800,0.0105,0.0063,3,88.51,78.82,71.94,75.68,81.03,70.06,62.16,41.16,0.4258,0.2742,86.31,71.43,89.11
52,1,CA1-RSC,session,10,15,150,11700,0.0204,0.0181,3,89.49,57.21,72.33,45.13,81.03,70.06,62.16,41.16,0.4689,0.2291,86.31,71.43,89.11
52,1,CA1-RSC,session,10,-15,-150,11700,0.0005,0.0065,3,88.6,84.0,75.41,59.06,81.03,70.06,62.16,41.16,0.514,0.3471,86.31,71.43,89.11
52,1,CA1-RSC,session,10,20,200,11600,0.0155,0.0089,3,88.81,85.41,73.65,44.34,81.03,70.06,62.16,41.16,0.4549,0.3117,86.31,71.43,89.11
52,1,CA1-RSC,session,10,-20,-200,11600,0.0154,0.0114,3,84.49,74.01,86.11,83.78,81.03,70.06,62.16,41.16,0.4438,0.3366,86.31,71.43,89.11
52,1,CA1-RSC,session,10,25,250,11500,0.0132,0.0066,3,86.73,66.77,89.38,76.98,81.03,70.06,62.16,41.16,0.4617,0.3667,86.31,71.43,89.11
52,1,CA1-RSC,session,10,-25,-250,11500,0.0033,0.0097,3,87.14,84.19,79.23,84.99,81.03,70.06,62.16,41.16,0.4647,0.2751,86.31,71.43,89.11
52,1,CA1-CA3,session,10,0,0,12000,-0.0579,0.1629,11,0.0,0.0,0.0,0.0,68.91,83.17,76.59,72.69,0.3858,0.3457,87.93,83.62,71.96
52,1,CA1-CA3,session,10,1,10,11980,-0.0147,0.084,11,42.24,37.8,31.26,29.9,68.91,83.17,76.59,72.69,0.384,0.3389,87.93,83.62,71.96
52,1,CA1-CA3,session,10,-1,-10,11980,-0.0159,0.0283,11,81.49,79.84,77.74,86.67,68.91,83.17,76.59,72.69,0.3935,0.3314,87.93,83.62,71.96
52,1,CA1-CA3,session,10,2,20,11960,0.0614,0.0415,11,85.48,70.31,37.31,31.44,68.91,83.17,76.59,72.69,0.4276,0.3692,87.93,83.62,71.96
52,1,CA1-CA3,session,10,-2,-20,11960,0.0283,0.0405,11,86.07,84.79,68.61,80.75,68.91,83.17,76.59,72.69,0.4296,0.3623,87.93,83.62,71.96
52,1,CA1-CA3,session,10,3,30,11940,0.0604,0.0476,11,59.91,64.35,63.62,38.26,68.91,83.17,76.59,72.69,0.4374,0.3579,87.93,83.62,71.96
52,1,CA1-CA3,session,10,-3,-30,11940,0.0434,0.0339,11,80.36,74.5,79.28,70.42,68.91,83.17,76.59,72.69,0.4302,0.3307,87.93,83.62,71.96
52,1,CA1-CA3,session,10,4,40,11920,0.0368,0.0282,11,76.29,74.62,88.25,48.24,68.91,83.17,76.59,72.69,0.4222,0.3496,87.93,83.62,71.96
52,1,CA1-CA3,session,10,-4,-40,11920,0.0778,0.0442,11,68.87,70.38,38.41,79.53,68.91,83.17,76.59,72.69,0.4774,0.3736,87.93,83.62,71.96
52,1,CA1-CA3,session,10,5,50,11900,0.0282,0.0285,11,87.66,83.69,68.06,66.19,68.91,83.17,76.59,72.69,0.4042,0.3393,87.93,83.62,71.96
52,1,CA1-CA3,session,10,-5,-50,11900,0.0869,0.0405,11,83.87,80.87,38.96,66.48,68.91,83.17,76.59,72.69,0.4352,0.3515,87.93,83.62,71.96
52,1,CA1-CA3,session,10,7,70,11860,0.0622,0.0336,11,66.11,81.67,54.02,46.42,68.91,83.17,76.59,72.69,0.4532,0.3515,87.93,83.62,71.96
52,1,CA1-CA3,session,10,-7,-70,11860,0.0773,0.0421,11,79.99,69.87,46.03,57.24,68.91,83.17,76.59,72.69,0.44,0.361,87.93,83.62,71.96
52,1,CA1-CA3,session,10,10,100,11800,0.0223,0.019,11,74.83,85.72,67.46,70.89,68.91,83.17,76.59,72.69,0.4034,0.3338,87.93,83.62,71.96
52,1,CA1-CA3,session,10,-10,-100,11800,0.0605,0.0312,11,78.46,73.49,87.93,51.46,68.91,83.17,76.59,72.69,0.4177,0.3506,87.93,83.62,71.96
52,1,CA1-CA3,session,10,15,150,11700,0.0294,0.0339,11,86.46,88.14,82.8,71.78,68.91,83.17,76.59,72.69,0.4284,0.3524,87.93,83.62,71.96
52,1,CA1-CA3,session,10,-15,-150,11700,0.0433,0.0248,11,73.69,73.48,81.2,56.91,68.91,83.17,76.59,72.69,0.4182,0.3319,87.93,83.62,71.96
52,1,CA1-CA3,session,10,20,200,11600,0.0623,0.0254,11,89.51,78.48,51.83,63.87,68.91,83.17,76.59,72.69,0.419,0.3313,87.93,83.62,71.96
52,1,CA1-CA3,session,10,-20,-200,11600,0.0176,0.0222,11,88.43,86.34,85.66,84.82,68.91,83.17,76.59,72.69,0.4256,0.3469,87.93,83.62,71.96
52,1,CA1-CA3,session,10,25,250,11500,0.0214,0.0156,11,80.92,86.61,75.26,47.34,68.91,83.17,76.59,72.69,0.4209,0.3622,87.93,83.62,71.96
52,1,CA1-CA3,session,10,-25,-250,11500,0.0136,0.0191,11,85.08,89.88,83.22,83.98,68.91,83.17,76.59,72.69,0.4237,0.3725,87.93,83.62,71.96
52,1,CA1-DG,session,10,0,0,12000,0.1274,0.0917,4,0.0,0.0,0.0,0.0,85.88,88.56,30.42,33.93,0.4022,0.1811,75.26,79.29,78.39
52,1,CA1-DG,session,10,1,10,11980,0.0785,0.0393,4,83.78,83.8,35.5,33.12,85.88,88.56,30.42,33.93,0.4617,0.2598,75.26,79.29,78.39
52,1,CA1-DG,session,10,-1,-10,11980,0.1079,0.0537,4,67.89,73.08,26.27,27.81,85.88,88.56,30.42,33.93,0.4633,0.2603,75.26,79.29,78.39
52,1,CA1-DG,session,10,2,20,11960,0.0555,0.0377,4,72.95,75.24,59.39,46.21,85.88,88.56,30.42,33.93,0.4571,0.2774,75.26,79.29,78.39
52,1,CA1-DG,session,10,-2,-20,11960,0.0705,0.0382,4,66.23,66.69,60.36,41.92,85.88,88.56,30.42,33.93,0.4516,0.2101,75.26,79.29,78.39
52,1,CA1-DG,session,10,3,30,11940,0.0383,0.0499,4,81.13,73.08,84.89,60.35,85.88,88.56,30.42,33.93,0.429,0.2221,75.26,79.29,78.39
52,1,CA1-DG,session,10,-3,-30,11940,0.0483,0.0237,4,67.56,75.03,66.43,53.46,85.88,88.56,30.42,33.93,0.444,0.2441,75.26,79.29,78.39
52,1,CA1-DG,session,10,4,40,11920,0.0597,0.045,4,80.42,88.63,53.23,73.94,85.88,88.56,30.42,33.93,0.4229,0.2204,75.26,79.29,78.39
52,1,CA1-DG,session,10,-4,-40,11920,0.0353,0.0487,4,80.31,76.55,75.13,56.26,85.88,88.56,30.42,33.93,0.4643,0.2906,75.26,79.29,78.39
52,1,CA1-DG,session,10,5,50,11900,0.0822,0.0307,4,83.1,82.68,46.47,66.61,85.88,88.56,30.42,33.93,0.4476,0.2561,75.26,79.29,78.39
52,1,CA1-DG,session,10,-5,-50,11900,0.0449,0.0384,4,86.92,82.17,57.04,68.61,85.88,88.56,30.42,33.93,0.4486,0.2422,75.26,79.29,78.39
52,1,CA1-DG,session,10,7,70,11860,0.0363,0.033,4,87.81,87.7,67.33,73.53,85.88,88.56,30.42,33.93,0.4339,0.2252,75.26,79.29,78.39
52,1,CA1-DG,session,10,-7,-70,11860,0.053,0.0229,4,75.75,71.47,42.71,60.76,85.88,88.56,30.42,33.93,0.4605,0.2506,75.26,79.29,78.39
52,1,CA1-DG,session,10,10,100,11800,0.0565,0.0278,4,78.99,87.18,85.73,48.49,85.88,88.56,30.42,33.93,0.4336,0.1998,75.26,79.29,78.39
52,1,CA1-DG,session,10,-10,-100,11800,0.0788,0.0421,4,81.04,82.84,75.07,59.15,85.88,88.56,30.42,33.93,0.4338,0.2519,75.26,79.29,78.39
52,1,CA1-DG,session,10,15,150,11700,0.0485,0.0238,4,85.5,81.28,53.83,55.85,85.88,88.56,30.42,33.93,0.4485,0.2268,75.26,79.29,78.39
52,1,CA1-DG,session,10,-15,-150,11700,0.0514,0.0192,4,85.5,74.83,43.06,58.36,85.88,88.56,30.42,33.93,0.4308,0.2029,75.26,79.29,78.39
52,1,CA1-DG,session,10,20,200,11600,0.0275,0.0214,4,86.32,84.93,56.33,69.59,85.88,88.56,30.42,33.93,0.3971,0.2094,75.26,79.29,78.39
52,1,CA1-DG,session,10,-20,-200,11600,0.0381,0.0353,4,89.9,80.27,58.38,49.65,85.88,88.56,30.42,33.93,0.4223,0.2189,75.26,79.29,78.39
52,1,CA1-DG,session,10,25,250,11500,0.0264,0.0149,4,85.11,74.3,71.81,63.52,85.88,88.56,30.42,33.93,0.4201,0.192,75.26,79.29,78.39
52,1,CA1-DG,session,10,-25,-250,11500,0.022,0.0219,4,81.61,85.53,86.19,88.78,85.88,88.56,30.42,33.93,0.4196,0.1959,75.26,79.29,78.39
52,1,CA1-V1,session,10,0,0,12000,0.4605,0.3649,10,0.0,0.0,0.0,0.0,82.03,78.9,50.32,41.17,0.3939,0.4909,45.65,59.96,24.53
52,1,CA1-V1,session,10,1,10,11980,0.1623,0.0898,10,55.01,52.43,15.57,16.64,82.03,78.9,50.32,41.17,0.3897,0.4918,45.65,59.96,24.53
52,1,CA1-V1,session,10,-1,-10,11980,0.1964,0.1339,10,32.22,40.92,14.28,19.09,82.03,78.9,50.32,41.17,0.4041,0.4857,45.65,59.96,24.53
52,1,CA1-V1,session,10,2,20,11960,0.0896,0.0339,10,41.35,50.24,19.69,21.61,82.03,78.9,50.32,41.17,0.4464,0.5107,45.65,59.96,24.53
52,1,CA1-V1,session,10,-2,-20,11960,0.1068,0.0445,10,36.0,48.96,17.26,25.85,82.03,78.9,50.32,41.17,0.4608,0.5068,45.65,59.96,24.53
52,1,CA1-V1,session,10,3,30,11940,0.0794,0.0388,10,38.69,47.78,22.27,32.11,82.03,78.9,50.32,41.17,0.4443,0.4939,45.65,59.96,24.53
52,1,CA1-V1,session,10,-3,-30,11940,0.1181,0.0448,10,48.14,59.76,18.67,23.77,82.03,78.9,50.32,41.17,0.4868,0.5207,45.65,59.96,24.53
52,1,CA1-V1,session,10,4,40,11920,0.0788,0.0417,10,42.67,55.14,29.16,36.9,82.03,78.9,50.32,41.17,0.4493,0.5018,45.65,59.96,24.53
52,1,CA1-V1,session,10,-4,-40,11920,0.1037,0.0381,10,52.77,56.54,19.36,26.29,82.03,78.9,50.32,41.17,0.4976,0.5064,45.65,59.96,24.53
52,1,CA1-V1,session,10,5,50,11900,0.0647,0.0259,10,43.31,52.52,24.38,35.13,82.03,78.9,50.32,41.17,0.4315,0.4942,45.65,59.96,24.53
52,1,CA1-V1,session,10,-5,-50,11900,0.0965,0.0435,10,38.49,59.78,18.46,27.11,82.03,78.9,50.32,41.17,0.4783,0.5117,45.65,59.96,24.53
52,1,CA1-V1,session,10,7,70,11860,0.0707,0.026,10,56.48,51.25,28.24,35.17,82.03,78.9,50.32,41.17,0.4728,0.5119,45.65,59.96,24.53
52,1,CA1-V1,session,10,-7,-70,11860,0.1005,0.0436,10,40.24,55.21,18.38,24.43,82.03,78.9,50.32,41.17,0.4805,0.5034,45.65,59.96,24.53
52,1,CA1-V1,session,10,10,100,11800,0.0872,0.0372,10,52.29,53.32,21.56,43.43,82.03,78.9,50.32,41.17,0.4694,0.5182,45.65,59.96,24.53
52,1,CA1-V1,session,10,-10,-100,11800,0.1191,0.0415,10,46.77,52.25,18.26,22.64,82.03,78.9,50.32,41.17,0.4949,0.5319,45.65,59.96,24.53
52,1,CA1-V1,session,10,15,150,11700,0.0325,0.0291,10,63.4,61.05,45.46,50.0,82.03,78.9,50.32,41.17,0.4194,0.4844,45.65,59.96,24.53
52,1,CA1-V1,session,10,-15,-150,11700,0.1248,0.0563,10,40.42,56.33,21.2,29.34,82.03,78.9,50.32,41.17,0.4905,0.5271,45.65,59.96,24.53
52,1,CA1-V1,session,10,20,200,11600,0.0507,0.0377,10,58.51,80.44,36.04,48.06,82.03,78.9,50.32,41.17,0.4322,0.4768,45.65,59.96,24.53
52,1,CA1-V1,session,10,-20,-200,11600,0.1155,0.044,10,42.79,48.97,17.59,40.27,82.03,78.9,50.32,41.17,0.4812,0.538,45.65,59.96,24.53
52,1,CA1-V1,session,10,25,250,11500,0.0654,0.026,10,60.82,76.96,35.06,54.37,82.03,78.9,50.32,41.17,0.4484,0.4944,45.65,59.96,24.53
52,1,CA1-V1,session,10,-25,-250,11500,0.1128,0.0457,10,79.14,82.93,22.88,37.23,82.03,78.9,50.32,41.17,0.4661,0.5216,45.65,59.96,24.53
52,1,CA3-DG,session,10,0,0,12000,0.4916,0.3569,6,0.0,0.0,0.0,0.0,88.49,82.62,26.24,23.98,0.4272,0.34,70.7,64.66,80.18
52,1,CA3-DG,session,10,1,10,11980,0.3339,0.2646,6,49.85,56.16,22.03,44.05,88.49,82.62,26.24,23.98,0.4487,0.3244,70.7,64.66,80.18
52,1,CA3-DG,session,10,-1,-10,11980,0.2851,0.2402,6,65.02,66.41,36.06,38.12,88.49,82.62,26.24,23.98,0.4072,0.3152,70.7,64.66,80.18
52,1,CA3-DG,session,10,2,20,11960,0.217,0.1734,6,60.23,68.92,64.19,88.85,88.49,82.62,26.24,23.98,0.4418,0.339,70.7,64.66,80.18
52,1,CA3-DG,session,10,-2,-20,11960,0.1906,0.1615,6,86.07,86.34,77.95,53.22,88.49,82.62,26.24,23.98,0.4031,0.3285,70.7,64.66,80.18
52,1,CA3-DG,session,10,3,30,11940,0.1828,0.1533,6,78.93,88.1,44.26,81.04,88.49,82.62,26.24,23.98,0.4597,0.3574,70.7,64.66,80.18
52,1,CA3-DG,session,10,-3,-30,11940,0.1729,0.134,6,71.91,76.6,85.69,51.37,88.49,82.62,26.24,23.98,0.3959,0.3265,70.7,64.66,80.18
52,1,CA3-DG,session,10,4,40,11920,0.1954,0.1369,6,53.16,85.7,56.76,81.06,88.49,82.62,26.24,23.98,0.4476,0.365,70.7,64.66,80.18
52,1,CA3-DG,session,10,-4,-40,11920,0.1683,0.1162,6,85.19,88.78,89.54,42.79,88.49,82.62,26.24,23.98,0.4194,0.3198,70.7,64.66,80.18
52,1,CA3-DG,session,10,5,50,11900,0.1695,0.1294,6,83.35,82.23,30.56,84.04,88.49,82.62,26.24,23.98,0.4382,0.3631,70.7,64.66,80.18
52,1,CA3-DG,session,10,-5,-50,11900,0.1468,0.099,6,89.18,89.82,88.62,42.23,88.49,82.62,26.24,23.98,0.3934,0.3156,70.7,64.66,80.18
52,1,CA3-DG,session,10,7,70,11860,0.1541,0.0977,6,77.57,79.64,45.05,74.67,88.49,82.62,26.24,23.98,0.4053,0.3606,70.7,64.66,80.18
52,1,CA3-DG,session,10,-7,-70,11860,0.1459,0.0714,6,86.06,89.1,76.92,49.58,88.49,82.62,26.24,23.98,0.4158,0.3291,70.7,64.66,80.18
52,1,CA3-DG,session,10,10,100,11800,0.1369,0.0685,6,89.67,83.94,48.55,85.62,88.49,82.62,26.24,23.98,0.3936,0.3268,70.7,64.66,80.18
52,1,CA3-DG,session,10,-10,-100,11800,0.1376,0.0785,6,80.7,79.58,53.37,85.36,88.49,82.62,26.24,23.98,0.4061,0.3337,70.7,64.66,80.18
52,1,CA3-DG,session,10,15,150,11700,0.0713,0.04,6,73.7,84.91,56.6,64.57,88.49,82.62,26.24,23.98,0.327,0.2191,70.7,64.66,80.18
52,1,CA3-DG,session,10,-15,-150,11700,0.1151,0.0649,6,88.13,78.1,53.19,58.41,88.49,82.62,26.24,23.98,0.3891,0.2686,70.7,64.66,80.18
52,1,CA3-DG,session,10,20,200,11600,0.1036,0.0515,6,85.19,89.93,62.03,67.36,88.49,82.62,26.24,23.98,0.3741,0.3352,70.7,64.66,80.18
52,1,CA3-DG,session,10,-20,-200,11600,0.0447,0.0238,6,69.8,75.04,60.37,62.65,88.49,82.62,26.24,23.98,0.3391,0.2189,70.7,64.66,80.18
52,1,CA3-DG,session,10,25,250,11500,0.113,0.05,6,85.52,83.14,56.3,79.36,88.49,82.62,26.24,23.98,0.4033,0.2965,70.7,64.66,80.18
52,1,CA3-DG,session,10,-25,-250,11500,0.0451,0.0336,6,83.18,81.93,57.25,72.44,88.49,82.62,26.24,23.98,0.3405,0.2228,70.7,64.66,80.18
52,1,V1-RSC,session,10,0,0,12000,0.3636,0.1984,2,0.0,0.0,0.0,0.0,86.06,69.14,41.15,28.98,0.5107,0.2379,86.76,89.43,35.6
52,1,V1-RSC,session,10,1,10,11980,0.1976,0.0856,2,79.64,87.48,14.8,8.69,86.06,69.14,41.15,28.98,0.5188,0.2396,86.76,89.43,35.6
52,1,V1-RSC,session,10,-1,-10,11980,0.2,0.0508,2,83.2,66.73,13.64,8.99,86.06,69.14,41.15,28.98,0.518,0.2614,86.76,89.43,35.6
52,1,V1-RSC,session,10,2,20,11960,0.1354,0.0728,2,58.75,67.42,24.83,8.05,86.06,69.14,41.15,28.98,0.5271,0.346,86.76,89.43,35.6
52,1,V1-RSC,session,10,-2,-20,11960,0.16,0.0691,2,64.67,75.09,19.75,11.84,86.06,69.14,41.15,28.98,0.5363,0.3472,86.76,89.43,35.6
52,1,V1-RSC,session,10,3,30,11940,0.1355,0.0597,2,84.42,65.08,22.2,10.0,86.06,69.14,41.15,28.98,0.5435,0.3715,86.76,89.43,35.6
52,1,V1-RSC,session,10,-3,-30,11940,0.1319,0.0609,2,81.7,81.06,19.0,10.37,86.06,69.14,41.15,28.98,0.5508,0.4761,86.76,89.43,35.6
52,1,V1-RSC,session,10,4,40,11920,0.134,0.0598,2,85.3,42.08,27.39,13.16,86.06,69.14,41.15,28.98,0.5564,0.3607,86.76,89.43,35.6
52,1,V1-RSC,session,10,-4,-40,11920,0.1311,0.0585,2,82.27,75.34,25.69,10.71,86.06,69.14,41.15,28.98,0.5478,0.3397,86.76,89.43,35.6
52,1,V1-RSC,session,10,5,50,11900,0.1372,0.0644,2,88.89,80.27,27.67,12.19,86.06,69.14,41.15,28.98,0.5476,0.3621,86.76,89.43,35.6
52,1,V1-RSC,session,10,-5,-50,11900,0.1332,0.057,2,74.0,77.43,18.59,13.23,86.06,69.14,41.15,28.98,0.5378,0.3252,86.76,89.43,35.6
52,1,V1-RSC,session,10,7,70,11860,0.1403,0.067,2,75.45,73.89,19.76,7.54,86.06,69.14,41.15,28.98,0.5582,0.3972,86.76,89.43,35.6
52,1,V1-RSC,session,10,-7,-70,11860,0.1332,0.064,2,79.47,57.68,22.69,14.89,86.06,69.14,41.15,28.98,0.5272,0.3543,86.76,89.43,35.6
52,1,V1-RSC,session,10,10,100,11800,0.1378,0.0541,2,69.89,86.39,25.69,9.99,86.06,69.14,41.15,28.98,0.5306,0.2909,86.76,89.43,35.6
52,1,V1-RSC,session,10,-10,-100,11800,0.1184,0.0466,2,89.44,59.49,23.44,18.96,86.06,69.14,41.15,28.98,0.5746,0.3462,86.76,89.43,35.6
52,1,V1-RSC,session,10,15,150,11700,0.145,0.0611,2,82.49,83.29,37.03,19.04,86.06,69.14,41.15,28.98,0.57,0.4285,86.76,89.43,35.6
52,1,V1-RSC,session,10,-15,-150,11700,0.1089,0.0488,2,81.67,87.72,34.1,21.72,86.06,69.14,41.15,28.98,0.5429,0.2723,86.76,89.43,35.6
52,1,V1-RSC,session,10,20,200,11600,0.1693,0.0647,2,82.82,78.69,42.68,29.14,86.06,69.14,41.15,28.98,0.5647,0.4208,86.76,89.43,35.6
52,1,V1-RSC,session,10,-20,-200,11600,0.1132,0.0386,2,79.4,88.75,47.77,32.89,86.06,69.14,41.15,28.98,0.5614,0.2983,86.76,89.43,35.6
52,1,V1-RSC,session,10,25,250,11500,0.1228,0.05,2,84.68,83.7,61.64,31.02,86.06,69.14,41.15,28.98,0.5931,0.3866,86.76,89.43,35.6
52,1,V1-RSC,session,10,-25,-250,11500,0.0781,0.0256,2,85.18,88.12,40.35,30.21,86.06,69.14,41.15,28.98,0.5341,0.2649,86.76,89.43,35.6
61,1,CA1-RSC,session,10,0,0,12000,0.1212,0.0666,0,0.0,0.0,0.0,0.0,89.33,85.04,63.43,67.89,0.4467,0.4064,49.0,60.92,39.0
61,1,CA1-RSC,session,10,1,10,11980,0.1218,0.0831,0,73.81,70.63,18.34,19.03,89.33,85.04,63.43,67.89,0.4664,0.396,49.0,60.92,39.0
61,1,CA1-RSC,session,10,-1,-10,11980,0.0775,0.0637,0,58.95,50.72,43.54,51.2,89.33,85.04,63.43,67.89,0.4494,0.3953,49.0,60.92,39.0
61,1,CA1-RSC,session,10,2,20,11960,0.1359,0.082,0,75.3,68.16,29.22,32.25,89.33,85.04,63.43,67.89,0.4612,0.4044,49.0,60.92,39.0
61,1,CA1-RSC,session,10,-2,-20,11960,0.0875,0.0666,0,79.56,62.0,81.94,88.09,89.33,85.04,63.43,67.89,0.4607,0.389,49.0,60.92,39.0
61,1,CA1-RSC,session,10,3,30,11940,0.1135,0.0816,0,89.59,76.46,47.85,50.44,89.33,85.04,63.43,67.89,0.4742,0.3906,49.0,60.92,39.0
61,1,CA1-RSC,session,10,-3,-30,11940,0.0673,0.0649,0,84.75,81.04,85.31,87.8,89.33,85.04,63.43,67.89,0.4704,0.3794,49.0,60.92,39.0
61,1,CA1-RSC,session,10,4,40,11920,0.0675,0.0758,0,74.44,80.49,56.94,60.49,89.33,85.04,63.43,67.89,0.4718,0.3984,49.0,60.92,39.0
61,1,CA1-RSC,session,10,-4,-40,11920,0.0757,0.0666,0,70.06,80.98,74.4,74.3,89.33,85.04,63.43,67.89,0.4937,0.4013,49.0,60.92,39.0
61,1,CA1-RSC,session,10,5,50,11900,0.0916,0.0787,0,79.2,69.71,74.79,83.27,89.33,85.04,63.43,67.89,0.4791,0.3971,49.0,60.92,39.0
61,1,CA1-RSC,session,10,-5,-50,11900,0.1001,0.0717,0,64.9,55.23,87.94,85.07,89.33,85.04,63.43,67.89,0.4741,0.3898,49.0,60.92,39.0
61,1,CA1-RSC,session,10,7,70,11860,0.0903,0.0876,0,80.73,55.64,74.13,73.56,89.33,85.04,63.43,67.89,0.4521,0.3914,49.0,60.92,39.0
61,1,CA1-RSC,session,10,-7,-70,11860,0.0893,0.0683,0,70.34,85.41,71.85,74.82,89.33,85.04,63.43,67.89,0.4665,0.393,49.0,60.92,39.0
61,1,CA1-RSC,session,10,10,100,11800,0.0752,0.0502,0,87.25,87.51,82.91,88.12,89.33,85.04,63.43,67.89,0.4502,0.3788,49.0,60.92,39.0
61,1,CA1-RSC,session,10,-10,-100,11800,0.1202,0.0948,0,82.66,59.23,53.83,54.88,89.33,85.04,63.43,67.89,0.4721,0.4021,49.0,60.92,39.0
61,1,CA1-RSC,session,10,15,150,11700,0.0953,0.0806,0,89.41,80.32,30.08,24.49,89.33,85.04,63.43,67.89,0.4655,0.3968,49.0,60.92,39.0
61,1,CA1-RSC,session,10,-15,-150,11700,0.0719,0.0576,0,84.6,86.12,69.61,73.18,89.33,85.04,63.43,67.89,0.4689,0.3855,49.0,60.92,39.0
61,1,CA1-RSC,session,10,20,200,11600,0.0669,0.0437,0,83.76,86.74,82.58,88.62,89.33,85.04,63.43,67.89,0.4727,0.3865,49.0,60.92,39.0
61,1,CA1-RSC,session,10,-20,-200,11600,0.0775,0.0686,0,89.23,61.67,78.73,81.89,89.33,85.04,63.43,67.89,0.4732,0.387,49.0,60.92,39.0
61,1,CA1-RSC,session,10,25,250,11500,0.0836,0.0575,0,80.94,70.2,49.34,51.93,89.33,85.04,63.43,67.89,0.4849,0.3881,49.0,60.92,39.0
61,1,CA1-RSC,session,10,-25,-250,11500,0.0601,0.0579,0,88.7,63.76,32.43,35.71,89.33,85.04,63.43,67.89,0.4617,0.3771,49.0,60.92,39.0
61,1,CA1-CA3,session,10,0,0,12000,0.1738,0.0981,1,0.0,0.0,0.0,0.0,88.91,78.68,48.04,34.3,0.466,0.4063,81.03,87.98,27.46
61,1,CA1-CA3,session,10,1,10,11980,0.0349,0.0411,1,53.71,68.9,45.11,50.49,88.91,78.68,48.04,34.3,0.4414,0.39,81.03,87.98,27.46
61,1,CA1-CA3,session,10,-1,-10,11980,0.1643,0.0607,1,78.46,84.1,18.28,31.07,88.91,78.68,48.04,34.3,0.4751,0.4053,81.03,87.98,27.46
61,1,CA1-CA3,session,10,2,20,11960,0.0955,0.0445,1,61.27,67.49,53.01,84.02,88.91,78.68,48.04,34.3,0.5156,0.4239,81.03,87.98,27.46
61,1,CA1-CA3,session,10,-2,-20,11960,0.1872,0.0582,1,88.75,82.84,27.3,41.62,88.91,78.68,48.04,34.3,0.5725,0.5579,81.03,87.98,27.46
61,1,CA1-CA3,session,10,3,30,11940,0.1425,0.0484,1,85.9,72.7,41.06,68.53,88.91,78.68,48.04,34.3,0.564,0.4901,81.03,87.98,27.46
61,1,CA1-CA3,session,10,-3,-30,11940,0.141,0.055,1,86.72,89.57,30.56,57.56,88.91,78.68,48.04,34.3,0.5601,0.5928,81.03,87.98,27.46
61,1,CA1-CA3,session,10,4,40,11920,0.0345,0.0598,1,62.06,79.61,30.95,55.49,88.91,78.68,48.04,34.3,0.5124,0.6415,81.03,87.98,27.46
61,1,CA1-CA3,session,10,-4,-40,11920,0.0689,0.0517,1,87.83,85.1,66.8,64.53,88.91,78.68,48.04,34.3,0.5511,0.6773,81.03,87.98,27.46
61,1,CA1-CA3,session,10,5,50,11900,0.1124,0.0544,1,77.26,71.46,26.72,58.86,88.91,78.68,48.04,34.3,0.5229,0.4553,81.03,87.98,27.46
61,1,CA1-CA3,session,10,-5,-50,11900,0.0955,0.0326,1,82.77,85.31,40.66,73.27,88.91,78.68,48.04,34.3,0.4997,0.4606,81.03,87.98,27.46
61,1,CA1-CA3,session,10,7,70,11860,0.052,0.0222,1,89.45,82.98,21.84,57.59,88.91,78.68,48.04,34.3,0.4799,0.4459,81.03,87.98,27.46
61,1,CA1-CA3,session,10,-7,-70,11860,0.0686,0.0333,1,77.45,69.65,28.81,42.84,88.91,78.68,48.04,34.3,0.4827,0.4233,81.03,87.98,27.46
61,1,CA1-CA3,session,10,10,100,11800,0.0934,0.032,1,87.87,74.65,37.34,71.53,88.91,78.68,48.04,34.3,0.5204,0.4634,81.03,87.98,27.46
61,1,CA1-CA3,session,10,-10,-100,11800,0.1057,0.0537,1,87.91,71.9,38.87,46.65,88.91,78.68,48.04,34.3,0.5284,0.5707,81.03,87.98,27.46
61,1,CA1-CA3,session,10,15,150,11700,0.0156,0.0156,1,87.65,89.35,83.47,85.9,88.91,78.68,48.04,34.3,0.4518,0.3624,81.03,87.98,27.46
61,1,CA1-CA3,session,10,-15,-150,11700,0.1076,0.0444,1,78.58,81.56,29.32,42.32,88.91,78.68,48.04,34.3,0.5285,0.4618,81.03,87.98,27.46
61,1,CA1-CA3,session,10,20,200,11600,0.0805,0.0305,1,75.64,88.42,24.23,67.11,88.91,78.68,48.04,34.3,0.4977,0.4091,81.03,87.98,27.46
61,1,CA1-CA3,session,10,-20,-200,11600,0.0154,0.0139,1,63.36,73.18,32.1,82.72,88.91,78.68,48.04,34.3,0.4544,0.3674,81.03,87.98,27.46
61,1,CA1-CA3,session,10,25,250,11500,0.0202,0.0283,1,86.2,63.05,81.27,62.67,88.91,78.68,48.04,34.3,0.4972,0.4177,81.03,87.98,27.46
61,1,CA1-CA3,session,10,-25,-250,11500,0.0162,0.028,1,84.07,79.49,84.3,62.25,88.91,78.68,48.04,34.3,0.4789,0.4482,81.03,87.98,27.46
61,1,CA1-DG,session,10,0,0,12000,0.1818,0.0737,1,0.0,0.0,0.0,0.0,85.01,71.36,38.67,30.25,0.5024,0.3433,83.31,87.6,40.02
61,1,CA1-DG,session,10,1,10,11980,0.1065,0.0472,1,82.18,82.37,24.16,21.13,85.01,71.36,38.67,30.25,0.5065,0.378,83.31,87.6,40.02
61,1,CA1-DG,session,10,-1,-10,11980,0.1349,0.0434,1,85.11,83.79,20.13,13.47,85.01,71.36,38.67,30.25,0.5122,0.4261,83.31,87.6,40.02
61,1,CA1-DG,session,10,2,20,11960,0.0332,0.0325,1,78.84,78.49,49.32,59.04,85.01,71.36,38.67,30.25,0.4729,0.2921,83.31,87.6,40.02
61,1,CA1-DG,session,10,-2,-20,11960,0.0688,0.0315,1,87.43,88.29,35.17,43.01,85.01,71.36,38.67,30.25,0.4767,0.3476,83.31,87.6,40.02
61,1,CA1-DG,session,10,3,30,11940,0.0364,0.006,1,84.7,84.32,60.89,74.73,85.01,71.36,38.67,30.25,0.4658,0.2474,83.31,87.6,40.02
61,1,CA1-DG,session,10,-3,-30,11940,0.0567,0.0352,1,74.59,89.17,39.83,69.36,85.01,71.36,38.67,30.25,0.454,0.2995,83.31,87.6,40.02
61,1,CA1-DG,session,10,4,40,11920,0.0097,0.0044,1,89.03,87.92,74.08,73.5,85.01,71.36,38.67,30.25,0.4702,0.3229,83.31,87.6,40.02
61,1,CA1-DG,session,10,-4,-40,11920,0.0545,0.0234,1,77.38,77.54,50.0,76.81,85.01,71.36,38.67,30.25,0.4961,0.3288,83.31,87.6,40.02
61,1,CA1-DG,session,10,5,50,11900,0.0216,0.0131,1,78.07,83.34,51.22,49.1,85.01,71.36,38.67,30.25,0.4724,0.3168,83.31,87.6,40.02
61,1,CA1-DG,session,10,-5,-50,11900,0.0747,0.0178,1,77.71,71.68,49.31,53.54,85.01,71.36,38.67,30.25,0.5048,0.3528,83.31,87.6,40.02
61,1,CA1-DG,session,10,7,70,11860,0.0624,0.0316,1,79.77,74.12,46.93,28.96,85.01,71.36,38.67,30.25,0.4736,0.2955,83.31,87.6,40.02
61,1,CA1-DG,session,10,-7,-70,11860,0.0735,0.0249,1,89.72,85.39,51.61,32.01,85.01,71.36,38.67,30.25,0.4822,0.3259,83.31,87.6,40.02
61,1,CA1-DG,session,10,10,100,11800,0.0531,0.0275,1,88.4,86.4,47.79,88.18,85.01,71.36,38.67,30.25,0.4904,0.3888,83.31,87.6,40.02
61,1,CA1-DG,session,10,-10,-100,11800,0.0291,0.0254,1,76.45,67.16,66.6,84.44,85.01,71.36,38.67,30.25,0.4817,0.2315,83.31,87.6,40.02
61,1,CA1-DG,session,10,15,150,11700,0.0314,0.0297,1,87.3,87.15,34.45,28.78,85.01,71.36,38.67,30.25,0.459,0.2928,83.31,87.6,40.02
61,1,CA1-DG,session,10,-15,-150,11700,0.0442,0.0129,1,89.19,78.96,36.82,29.39,85.01,71.36,38.67,30.25,0.461,0.3079,83.31,87.6,40.02
61,1,CA1-DG,session,10,20,200,11600,0.0267,0.0078,1,88.26,86.08,67.14,79.57,85.01,71.36,38.67,30.25,0.4682,0.3628,83.31,87.6,40.02
61,1,CA1-DG,session,10,-20,-200,11600,0.0488,0.0169,1,82.26,88.89,59.39,44.38,85.01,71.36,38.67,30.25,0.4807,0.3136,83.31,87.6,40.02
61,1,CA1-DG,session,10,25,250,11500,0.023,0.019,1,77.17,85.82,47.32,78.36,85.01,71.36,38.67,30.25,0.4569,0.2931,83.31,87.6,40.02
61,1,CA1-DG,session,10,-25,-250,11500,-0.0151,0.0111,1,84.51,80.24,64.65,77.59,85.01,71.36,38.67,30.25,0.4841,0.3037,83.31,87.6,40.02
61,1,CA1-V1,session,10,0,0,12000,0.2343,0.1698,2,0.0,0.0,0.0,0.0,81.78,88.11,85.81,76.75,0.4424,0.4729,70.45,65.83,40.44
61,1,CA1-V1,session,10,1,10,11980,0.0978,0.0513,2,48.82,46.65,55.67,51.44,81.78,88.11,85.81,76.75,0.4624,0.4926,70.45,65.83,40.44
61,1,CA1-V1,session,10,-1,-10,11980,0.0606,0.0618,2,59.33,57.93,60.18,56.85,81.78,88.11,85.81,76.75,0.4513,0.475,70.45,65.83,40.44
61,1,CA1-V1,session,10,2,20,11960,0.0748,0.0388,2,69.34,65.63,56.74,50.89,81.78,88.11,85.81,76.75,0.4935,0.5204,70.45,65.83,40.44
61,1,CA1-V1,session,10,-2,-20,11960,0.0233,0.0177,2,70.28,74.8,86.36,76.64,81.78,88.11,85.81,76.75,0.4444,0.4914,70.45,65.83,40.44
61,1,CA1-V1,session,10,3,30,11940,0.0652,0.0319,2,66.44,52.07,63.28,60.48,81.78,88.11,85.81,76.75,0.4775,0.5031,70.45,65.83,40.44
61,1,CA1-V1,session,10,-3,-30,11940,0.018,0.0246,2,54.08,50.25,51.96,59.28,81.78,88.11,85.81,76.75,0.4531,0.4807,70.45,65.83,40.44
61,1,CA1-V1,session,10,4,40,11920,0.018,0.0385,2,55.6,52.5,63.73,61.65,81.78,88.11,85.81,76.75,0.4544,0.4764,70.45,65.83,40.44
61,1,CA1-V1,session,10,-4,-40,11920,0.03,0.034,2,38.1,50.75,42.26,51.53,81.78,88.11,85.81,76.75,0.462,0.4786,70.45,65.83,40.44
61,1,CA1-V1,session,10,5,50,11900,0.0221,0.0255,2,51.09,48.95,63.05,63.94,81.78,88.11,85.81,76.75,0.4487,0.4739,70.45,65.83,40.44
61,1,CA1-V1,session,10,-5,-50,11900,0.0336,0.0261,2,53.33,56.22,53.49,58.37,81.78,88.11,85.81,76.75,0.4525,0.4878,70.45,65.83,40.44
61,1,CA1-V1,session,10,7,70,11860,0.0271,0.0107,2,71.49,80.67,70.43,63.15,81.78,88.11,85.81,76.75,0.4398,0.4786,70.45,65.83,40.44
61,1,CA1-V1,session,10,-7,-70,11860,0.0559,0.0407,2,63.21,45.47,36.56,43.42,81.78,88.11,85.81,76.75,0.4706,0.4894,70.45,65.83,40.44
61,1,CA1-V1,session,10,10,100,11800,0.0187,0.0312,2,81.12,85.89,57.15,52.28,81.78,88.11,85.81,76.75,0.478,0.5234,70.45,65.83,40.44
61,1,CA1-V1,session,10,-10,-100,11800,0.0606,0.0338,2,60.92,63.77,63.49,65.06,81.78,88.11,85.81,76.75,0.4655,0.4876,70.45,65.83,40.44
61,1,CA1-V1,session,10,15,150,11700,0.0347,0.0304,2,66.24,59.48,44.43,44.07,81.78,88.11,85.81,76.75,0.4474,0.4927,70.45,65.83,40.44
61,1,CA1-V1,session,10,-15,-150,11700,0.0491,0.0334,2,71.38,74.5,87.49,70.89,81.78,88.11,85.81,76.75,0.4769,0.5018,70.45,65.83,40.44
61,1,CA1-V1,session,10,20,200,11600,0.0239,0.0171,2,66.48,84.78,59.67,56.9,81.78,88.11,85.81,76.75,0.4523,0.4844,70.45,65.83,40.44
61,1,CA1-V1,session,10,-20,-200,11600,0.027,0.0364,2,73.56,70.61,45.84,50.43,81.78,88.11,85.81,76.75,0.4709,0.5052,70.45,65.83,40.44
61,1,CA1-V1,session,10,25,250,11500,0.0312,0.0099,2,82.3,77.62,65.61,58.86,81.78,88.11,85.81,76.75,0.4642,0.5083,70.45,65.83,40.44
61,1,CA1-V1,session,10,-25,-250,11500,0.0402,0.0368,2,68.99,65.53,59.38,60.66,81.78,88.11,85.81,76.75,0.4747,0.4939,70.45,65.83,40.44
61,1,CA3-DG,session,10,0,0,12000,0.3444,0.2747,3,0.0,0.0,0.0,0.0,72.19,42.29,62.77,35.77,0.4756,0.5296,87.09,84.98,89.76
61,1,CA3-DG,session,10,1,10,11980,0.1633,0.0961,3,61.09,58.8,24.91,16.4,72.19,42.29,62.77,35.77,0.4401,0.4762,87.09,84.98,89.76
61,1,CA3-DG,session,10,-1,-10,11980,0.2002,0.1448,3,86.07,88.74,58.33,53.56,72.19,42.29,62.77,35.77,0.43,0.4876,87.09,84.98,89.76
61,1,CA3-DG,session,10,2,20,11960,0.1057,0.0811,3,71.31,79.26,38.21,38.19,72.19,42.29,62.77,35.77,0.4406,0.4443,87.09,84.98,89.76
61,1,CA3-DG,session,10,-2,-20,11960,0.1333,0.0904,3,75.05,83.29,54.11,46.94,72.19,42.29,62.77,35.77,0.4037,0.4107,87.09,84.98,89.76
61,1,CA3-DG,session,10,3,30,11940,0.0563,0.0584,3,62.89,71.21,42.74,70.15,72.19,42.29,62.77,35.77,0.386,0.3331,87.09,84.98,89.76
61,1,CA3-DG,session,10,-3,-30,11940,0.1273,0.0961,3,84.99,67.07,54.92,84.61,72.19,42.29,62.77,35.77,0.4647,0.4606,87.09,84.98,89.76
61,1,CA3-DG,session,10,4,40,11920,0.0829,0.0638,3,85.89,83.65,55.14,74.25,72.19,42.29,62.77,35.77,0.3912,0.3182,87.09,84.98,89.76
61,1,CA3-DG,session,10,-4,-40,11920,0.0953,0.0667,3,83.62,86.81,57.95,86.94,72.19,42.29,62.77,35.77,0.358,0.3689,87.09,84.98,89.76
61,1,CA3-DG,session,10,5,50,11900,0.0669,0.0501,3,86.9,56.68,68.01,60.22,72.19,42.29,62.77,35.77,0.4824,0.3404,87.09,84.98,89.76
61,1,CA3-DG,session,10,-5,-50,11900,0.071,0.0626,3,88.35,74.42,46.39,38.66,72.19,42.29,62.77,35.77,0.391,0.3782,87.09,84.98,89.76
61,1,CA3-DG,session,10,7,70,11860,0.0974,0.0558,3,88.45,87.67,46.02,49.5,72.19,42.29,62.77,35.77,0.4199,0.3986,87.09,84.98,89.76
61,1,CA3-DG,session,10,-7,-70,11860,0.1172,0.0642,3,83.46,87.19,43.2,37.78,72.19,42.29,62.77,35.77,0.4076,0.4208,87.09,84.98,89.76
61,1,CA3-DG,session,10,10,100,11800,0.0922,0.0424,3,81.62,89.8,55.63,85.81,72.19,42.29,62.77,35.77,0.4399,0.3616,87.09,84.98,89.76
61,1,CA3-DG,session,10,-10,-100,11800,-0.0075,0.0272,3,88.42,87.43,87.13,86.99,72.19,42.29,62.77,35.77,0.4481,0.3647,87.09,84.98,89.76
61,1,CA3-DG,session,10,15,150,11700,0.0961,0.0444,3,79.29,75.61,34.91,41.27,72.19,42.29,62.77,35.77,0.3965,0.4282,87.09,84.98,89.76
61,1,CA3-DG,session,10,-15,-150,11700,0.0878,0.0409,3,85.4,87.93,42.94,26.9,72.19,42.29,62.77,35.77,0.4845,0.3971,87.09,84.98,89.76
61,1,CA3-DG,session,10,20,200,11600,0.0338,0.0236,3,78.3,75.91,50.18,49.66,72.19,42.29,62.77,35.77,0.4524,0.3912,87.09,84.98,89.76
61,1,CA3-DG,session,10,-20,-200,11600,0.053,0.0278,3,88.51,71.12,53.79,47.01,72.19,42.29,62.77,35.77,0.3756,0.3358,87.09,84.98,89.76
61,1,CA3-DG,session,10,25,250,11500,0.0732,0.0367,3,88.77,89.5,58.05,73.16,72.19,42.29,62.77,35.77,0.3798,0.3927,87.09,84.98,89.76
61,1,CA3-DG,session,10,-25,-250,11500,0.0032,0.0171,3,88.97,88.42,87.01,86.98,72.19,42.29,62.77,35.77,0.3701,0.2844,87.09,84.98,89.76
61,1,V1-RSC,session,10,0,0,12000,0.124,0.2842,2,0.0,0.0,0.0,0.0,72.83,67.92,37.8,38.34,0.4509,0.3798,50.67,45.72,24.27
61,1,V1-RSC,session,10,1,10,11980,0.2284,0.188,2,32.7,25.6,14.54,10.15,72.83,67.92,37.8,38.34,0.4525,0.3568,50.67,45.72,24.27
61,1,V1-RSC,session,10,-1,-10,11980,0.2481,0.1778,2,31.66,27.99,16.38,14.23,72.83,67.92,37.8,38.34,0.4656,0.3642,50.67,45.72,24.27
61,1,V1-RSC,session,10,2,20,11960,0.282,0.1991,2,48.86,47.92,24.23,12.84,72.83,67.92,37.8,38.34,0.5097,0.3783,50.67,45.72,24.27
61,1,V1-RSC,session,10,-2,-20,11960,0.2653,0.1554,2,53.67,42.98,17.49,14.01,72.83,67.92,37.8,38.34,0.5034,0.4001,50.67,45.72,24.27
61,1,V1-RSC,session,10,3,30,11940,0.2292,0.1678,2,43.33,41.12,28.45,14.04,72.83,67.92,37.8,38.34,0.4753,0.3588,50.67,45.72,24.27
61,1,V1-RSC,session,10,-3,-30,11940,0.2032,0.147,2,45.12,34.63,15.0,11.4,72.83,67.92,37.8,38.34,0.4757,0.3773,50.67,45.72,24.27
61,1,V1-RSC,session,10,4,40,11920,0.238,0.1544,2,37.5,34.3,26.46,13.58,72.83,67.92,37.8,38.34,0.4813,0.3815,50.67,45.72,24.27
61,1,V1-RSC,session,10,-4,-40,11920,0.2,0.1435,2,43.85,30.14,15.04,10.35,72.83,67.92,37.8,38.34,0.506,0.3911,50.67,45.72,24.27
61,1,V1-RSC,session,10,5,50,11900,0.227,0.1511,2,49.9,32.93,18.91,13.02,72.83,67.92,37.8,38.34,0.4939,0.3912,50.67,45.72,24.27
61,1,V1-RSC,session,10,-5,-50,11900,0.2139,0.1479,2,45.72,29.09,17.24,9.65,72.83,67.92,37.8,38.34,0.5073,0.3942,50.67,45.72,24.27
61,1,V1-RSC,session,10,7,70,11860,0.2193,0.1573,2,52.39,27.2,22.5,13.65,72.83,67.92,37.8,38.34,0.4917,0.3871,50.67,45.72,24.27
61,1,V1-RSC,session,10,-7,-70,11860,0.2123,0.1318,2,61.76,57.02,19.55,10.74,72.83,67.92,37.8,38.34,0.5088,0.3954,50.67,45.72,24.27
61,1,V1-RSC,session,10,10,100,11800,0.2466,0.1529,2,60.62,33.9,22.25,17.0,72.83,67.92,37.8,38.34,0.4984,0.3909,50.67,45.72,24.27
61,1,V1-RSC,session,10,-10,-100,11800,0.178,0.1156,2,65.67,46.05,24.38,12.33,72.83,67.92,37.8,38.34,0.5157,0.4116,50.67,45.72,24.27
61,1,V1-RSC,session,10,15,150,11700,0.2142,0.1634,2,79.93,47.05,25.81,26.34,72.83,67.92,37.8,38.34,0.4746,0.3652,50.67,45.72,24.27
61,1,V1-RSC,session,10,-15,-150,11700,0.1618,0.1073,2,49.63,39.05,31.82,16.39,72.83,67.92,37.8,38.34,0.4792,0.387,50.67,45.72,24.27
61,1,V1-RSC,session,10,20,200,11600,0.2208,0.1256,2,65.74,47.79,32.79,31.89,72.83,67.92,37.8,38.34,0.4841,0.3793,50.67,45.72,24.27
61,1,V1-RSC,session,10,-20,-200,11600,0.1585,0.1128,2,56.7,37.85,37.6,15.21,72.83,67.92,37.8,38.34,0.4873,0.3863,50.67,45.72,24.27
61,1,V1-RSC,session,10,25,250,11500,0.1908,0.1085,2,65.73,52.96,43.74,39.28,72.83,67.92,37.8,38.34,0.4938,0.3766,50.67,45.72,24.27
61,1,V1-RSC,session,10,-25,-250,11500,0.1574,0.1057,2,84.67,59.37,39.43,18.06,72.83,67.92,37.8,38.34,0.5027,0.3844,50.67,45.72,24.27
63,1,CA1-RSC,session,10,0,0,12000,0.0924,0.0418,0,0.0,0.0,0.0,0.0,80.93,85.99,44.0,67.62,0.3839,0.4572,82.94,78.88,85.46
63,1,CA1-RSC,session,10,1,10,11980,0.0906,0.045,0,76.46,76.63,20.2,34.44,80.93,85.99,44.0,67.62,0.3064,0.4583,82.94,78.88,85.46
63,1,CA1-RSC,session,10,-1,-10,11980,0.0615,0.0324,0,75.97,85.35,37.74,40.7,80.93,85.99,44.0,67.62,0.3278,0.4256,82.94,78.88,85.46
63,1,CA1-RSC,session,10,2,20,11960,0.0705,0.0244,0,76.26,82.8,34.43,66.62,80.93,85.99,44.0,67.62,0.2441,0.426,82.94,78.88,85.46
63,1,CA1-RSC,session,10,-2,-20,11960,0.0605,0.0274,0,74.45,88.64,47.24,48.7,80.93,85.99,44.0,67.62,0.402,0.4669,82.94,78.88,85.46
63,1,CA1-RSC,session,10,3,30,11940,0.0585,0.0296,0,75.9,69.53,32.91,59.47,80.93,85.99,44.0,67.62,0.203,0.4496,82.94,78.88,85.46
63,1,CA1-RSC,session,10,-3,-30,11940,0.0329,0.0336,0,72.34,76.06,35.65,62.52,80.93,85.99,44.0,67.62,0.2257,0.411,82.94,78.88,85.46
63,1,CA1-RSC,session,10,4,40,11920,0.05,0.0394,0,74.81,83.95,22.94,68.86,80.93,85.99,44.0,67.62,0.1288,0.4081,82.94,78.88,85.46
63,1,CA1-RSC,session,10,-4,-40,11920,0.0287,0.0216,0,76.53,78.65,53.82,80.04,80.93,85.99,44.0,67.62,0.279,0.4858,82.94,78.88,85.46
63,1,CA1-RSC,session,10,5,50,11900,0.0654,0.0557,0,79.51,79.9,58.85,85.51,80.93,85.99,44.0,67.62,0.2072,0.4273,82.94,78.88,85.46
63,1,CA1-RSC,session,10,-5,-50,11900,0.0372,0.02,0,87.44,88.11,75.89,64.18,80.93,85.99,44.0,67.62,0.1472,0.397,82.94,78.88,85.46
63,1,CA1-RSC,session,10,7,70,11860,0.0328,0.0329,0,55.43,85.43,66.85,51.62,80.93,85.99,44.0,67.62,0.159,0.3949,82.94,78.88,85.46
63,1,CA1-RSC,session,10,-7,-70,11860,0.015,0.0078,0,86.99,88.93,72.05,63.25,80.93,85.99,44.0,67.62,0.1813,0.3814,82.94,78.88,85.46
63,1,CA1-RSC,session,10,10,100,11800,0.0116,0.019,0,85.44,83.95,65.64,63.12,80.93,85.99,44.0,67.62,0.1683,0.3625,82.94,78.88,85.46
63,1,CA1-RSC,session,10,-10,-100,11800,0.0452,0.0188,0,84.8,88.57,26.53,89.48,80.93,85.99,44.0,67.62,0.1789,0.43,82.94,78.88,85.46
63,1,CA1-RSC,session,10,15,150,11700,0.0659,0.0407,0,69.34,71.84,30.62,45.71,80.93,85.99,44.0,67.62,0.171,0.3997,82.94,78.88,85.46
63,1,CA1-RSC,session,10,-15,-150,11700,0.0103,0.0188,0,77.38,84.5,59.35,71.62,80.93,85.99,44.0,67.62,0.1751,0.3668,82.94,78.88,85.46
63,1,CA1-RSC,session,10,20,200,11600,0.0463,0.0196,0,88.24,82.0,44.03,73.13,80.93,85.99,44.0,67.62,0.208,0.3837,82.94,78.88,85.46
63,1,CA1-RSC,session,10,-20,-200,11600,0.038,0.013,0,89.77,79.02,73.97,63.84,80.93,85.99,44.0,67.62,0.1517,0.3589,82.94,78.88,85.46
63,1,CA1-RSC,session,10,25,250,11500,0.0397,0.0147,0,75.3,86.0,60.53,79.2,80.93,85.99,44.0,67.62,0.1889,0.3947,82.94,78.88,85.46
63,1,CA1-RSC,session,10,-25,-250,11500,0.0252,0.0254,0,56.86,63.53,74.49,86.12,80.93,85.99,44.0,67.62,0.2137,0.4101,82.94,78.88,85.46
66,1,CA1-RSC,session,10,0,0,12000,0.2239,0.1187,1,0.0,0.0,0.0,0.0,69.27,78.12,14.96,31.93,0.6679,0.5181,84.99,68.34,42.62
66,1,CA1-RSC,session,10,1,10,11980,0.0872,0.0343,1,86.77,82.46,77.63,30.77,69.27,78.12,14.96,31.93,0.3373,0.3784,84.99,68.34,42.62
66,1,CA1-RSC,session,10,-1,-10,11980,0.0872,0.0423,1,83.56,61.14,72.25,65.16,69.27,78.12,14.96,31.93,0.3522,0.3739,84.99,68.34,42.62
66,1,CA1-RSC,session,10,2,20,11960,0.0653,0.0424,1,73.05,61.08,79.67,55.64,69.27,78.12,14.96,31.93,0.335,0.352,84.99,68.34,42.62
66,1,CA1-RSC,session,10,-2,-20,11960,0.0718,0.0301,1,76.43,78.03,86.14,66.51,69.27,78.12,14.96,31.93,0.3502,0.3886,84.99,68.34,42.62
66,1,CA1-RSC,session,10,3,30,11940,0.087,0.0343,1,88.11,78.27,70.26,51.97,69.27,78.12,14.96,31.93,0.3234,0.3251,84.99,68.34,42.62
66,1,CA1-RSC,session,10,-3,-30,11940,0.0655,0.0253,1,86.32,72.86,82.19,69.9,69.27,78.12,14.96,31.93,0.3678,0.4278,84.99,68.34,42.62
66,1,CA1-RSC,session,10,4,40,11920,0.1001,0.0448,1,85.43,73.64,62.46,63.22,69.27,78.12,14.96,31.93,0.2705,0.3556,84.99,68.34,42.62
66,1,CA1-RSC,session,10,-4,-40,11920,0.0772,0.0448,1,80.24,76.99,44.83,86.39,69.27,78.12,14.96,31.93,0.3669,0.2442,84.99,68.34,42.62
66,1,CA1-RSC,session,10,5,50,11900,0.0735,0.0548,1,87.6,86.91,72.73,45.95,69.27,78.12,14.96,31.93,0.3606,0.3284,84.99,68.34,42.62
66,1,CA1-RSC,session,10,-5,-50,11900,0.04,0.0518,1,89.77,74.26,55.33,65.11,69.27,78.12,14.96,31.93,0.3621,0.3192,84.99,68.34,42.62
66,1,CA1-RSC,session,10,7,70,11860,0.0837,0.066,1,60.13,83.42,78.11,66.79,69.27,78.12,14.96,31.93,0.3334,0.3499,84.99,68.34,42.62
66,1,CA1-RSC,session,10,-7,-70,11860,0.0775,0.0442,1,80.03,78.14,68.3,72.75,69.27,78.12,14.96,31.93,0.3717,0.4033,84.99,68.34,42.62
66,1,CA1-RSC,session,10,10,100,11800,0.0861,0.0319,1,63.72,64.06,72.0,66.4,69.27,78.12,14.96,31.93,0.3147,0.404,84.99,68.34,42.62
66,1,CA1-RSC,session,10,-10,-100,11800,0.0899,0.0546,1,79.88,68.7,85.82,76.13,69.27,78.12,14.96,31.93,0.3609,0.378,84.99,68.34,42.62
66,1,CA1-RSC,session,10,15,150,11700,0.073,0.0341,1,81.44,69.0,42.5,61.97,69.27,78.12,14.96,31.93,0.3614,0.3052,84.99,68.34,42.62
66,1,CA1-RSC,session,10,-15,-150,11700,0.0702,0.043,1,80.91,72.96,66.55,64.08,69.27,78.12,14.96,31.93,0.3082,0.317,84.99,68.34,42.62
66,1,CA1-RSC,session,10,20,200,11600,0.0415,0.026,1,68.75,79.61,87.83,39.89,69.27,78.12,14.96,31.93,0.3976,0.4139,84.99,68.34,42.62
66,1,CA1-RSC,session,10,-20,-200,11600,0.09,0.0367,1,64.26,87.06,82.49,83.14,69.27,78.12,14.96,31.93,0.3396,0.366,84.99,68.34,42.62
66,1,CA1-RSC,session,10,25,250,11500,0.0325,0.0218,1,70.62,73.17,33.3,83.7,69.27,78.12,14.96,31.93,0.3381,0.3841,84.99,68.34,42.62
66,1,CA1-RSC,session,10,-25,-250,11500,0.1006,0.0357,1,62.6,87.15,83.14,40.67,69.27,78.12,14.96,31.93,0.3154,0.3313,84.99,68.34,42.62
66,1,CA1-DG,session,10,0,0,12000,0.2281,0.2036,3,0.0,0.0,0.0,0.0,42.55,58.12,64.19,43.69,0.5607,0.3601,83.72,78.43,56.76
66,1,CA1-DG,session,10,1,10,11980,0.2084,0.1374,3,52.26,74.1,85.17,87.89,42.55,58.12,64.19,43.69,0.3645,0.3381,83.72,78.43,56.76
66,1,CA1-DG,session,10,-1,-10,11980,0.2686,0.1634,3,34.36,63.25,81.04,47.62,42.55,58.12,64.19,43.69,0.405,0.3658,83.72,78.43,56.76
66,1,CA1-DG,session,10,2,20,11960,0.2291,0.1319,3,46.3,85.9,83.44,88.52,42.55,58.12,64.19,43.69,0.3663,0.3333,83.72,78.43,56.76
66,1,CA1-DG,session,10,-2,-20,11960,0.1999,0.1267,3,44.46,82.21,86.13,54.43,42.55,58.12,64.19,43.69,0.3831,0.319,83.72,78.43,56.76
66,1,CA1-DG,session,10,3,30,11940,0.2194,0.1299,3,38.12,79.17,79.43,87.15,42.55,58.12,64.19,43.69,0.3679,0.3471,83.72,78.43,56.76
66,1,CA1-DG,session,10,-3,-30,11940,0.2355,0.1306,3,89.87,82.14,81.45,63.45,42.55,58.12,64.19,43.69,0.3668,0.3247,83.72,78.43,56.76
66,1,CA1-DG,session,10,4,40,11920,0.203,0.1167,3,44.35,79.69,88.57,76.42,42.55,58.12,64.19,43.69,0.3485,0.3053,83.72,78.43,56.76
66,1,CA1-DG,session,10,-4,-40,11920,0.2252,0.1209,3,85.92,76.24,83.65,62.47,42.55,58.12,64.19,43.69,0.3541,0.322,83.72,78.43,56.76
66,1,CA1-DG,session,10,5,50,11900,0.1844,0.1131,3,84.74,85.33,83.12,74.97,42.55,58.12,64.19,43.69,0.3841,0.3191,83.72,78.43,56.76
66,1,CA1-DG,session,10,-5,-50,11900,0.1995,0.1095,3,86.58,87.24,86.38,65.22,42.55,58.12,64.19,43.69,0.3374,0.3193,83.72,78.43,56.76
66,1,CA1-DG,session,10,7,70,11860,0.1756,0.1062,3,80.77,82.52,88.13,88.86,42.55,58.12,64.19,43.69,0.3485,0.3309,83.72,78.43,56.76
66,1,CA1-DG,session,10,-7,-70,11860,0.1954,0.0982,3,76.85,79.01,72.78,77.16,42.55,58.12,64.19,43.69,0.3502,0.3579,83.72,78.43,56.76
66,1,CA1-DG,session,10,10,100,11800,0.193,0.0936,3,79.04,84.14,83.49,78.3,42.55,58.12,64.19,43.69,0.4011,0.3089,83.72,78.43,56.76
66,1,CA1-DG,session,10,-10,-100,11800,0.155,0.0992,3,86.71,88.17,89.68,70.16,42.55,58.12,64.19,43.69,0.3291,0.3117,83.72,78.43,56.76
66,1,CA1-DG,session,10,15,150,11700,0.1508,0.0946,3,86.11,87.26,72.54,77.39,42.55,58.12,64.19,43.69,0.3688,0.3188,83.72,78.43,56.76
66,1,CA1-DG,session,10,-15,-150,11700,0.1394,0.0924,3,57.06,81.47,75.28,48.3,42.55,58.12,64.19,43.69,0.3715,0.3084,83.72,78.43,56.76
66,1,CA1-DG,session,10,20,200,11600,0.1188,0.0882,3,84.21,77.97,72.61,72.02,42.55,58.12,64.19,43.69,0.3688,0.3236,83.72,78.43,56.76
66,1,CA1-DG,session,10,-20,-200,11600,0.1456,0.0714,3,77.63,76.61,76.46,61.7,42.55,58.12,64.19,43.69,0.3565,0.286,83.72,78.43,56.76
66,1,CA1-DG,session,10,25,250,11500,0.1327,0.0572,3,86.39,86.7,89.16,74.05,42.55,58.12,64.19,43.69,0.3197,0.2655,83.72,78.43,56.76
66,1,CA1-DG,session,10,-25,-250,11500,0.1269,0.0633,3,70.34,82.14,69.24,73.49,42.55,58.12,64.19,43.69,0.3256,0.3087,83.72,78.43,56.76
66,1,CA1-V1,session,10,0,0,12000,0.2825,0.1492,1,0.0,0.0,0.0,0.0,83.98,73.48,12.58,17.35,0.726,0.5347,60.32,61.08,51.33
66,1,CA1-V1,session,10,1,10,11980,0.0613,0.0318,1,80.27,82.75,47.44,49.49,83.98,73.48,12.58,17.35,0.4026,0.2748,60.32,61.08,51.33
66,1,CA1-V1,session,10,-1,-10,11980,0.0724,0.047,1,89.79,57.29,84.97,65.78,83.98,73.48,12.58,17.35,0.4476,0.2907,60.32,61.08,51.33
66,1,CA1-V1,session,10,2,20,11960,0.083,0.04,1,77.6,79.06,84.14,73.72,83.98,73.48,12.58,17.35,0.362,0.2643,60.32,61.08,51.33
66,1,CA1-V1,session,10,-2,-20,11960,0.0876,0.0453,1,75.1,77.89,62.64,80.27,83.98,73.48,12.58,17.35,0.4031,0.2644,60.32,61.08,51.33
66,1,CA1-V1,session,10,3,30,11940,0.0485,0.063,1,74.36,77.46,44.4,82.5,83.98,73.48,12.58,17.35,0.4323,0.3956,60.32,61.08,51.33
66,1,CA1-V1,session,10,-3,-30,11940,0.1,0.0596,1,80.0,81.28,70.75,76.85,83.98,73.48,12.58,17.35,0.3847,0.3582,60.32,61.08,51.33
66,1,CA1-V1,session,10,4,40,11920,0.0734,0.0375,1,85.44,66.65,43.14,84.77,83.98,73.48,12.58,17.35,0.3927,0.2394,60.32,61.08,51.33
66,1,CA1-V1,session,10,-4,-40,11920,0.0883,0.0652,1,88.84,89.72,83.3,58.75,83.98,73.48,12.58,17.35,0.4322,0.2941,60.32,61.08,51.33
66,1,CA1-V1,session,10,5,50,11900,0.1105,0.0582,1,79.86,65.89,62.28,75.8,83.98,73.48,12.58,17.35,0.3981,0.2955,60.32,61.08,51.33
66,1,CA1-V1,session,10,-5,-50,11900,0.1036,0.0649,1,74.43,80.37,72.89,68.23,83.98,73.48,12.58,17.35,0.4218,0.3426,60.32,61.08,51.33
66,1,CA1-V1,session,10,7,70,11860,0.0646,0.0378,1,88.97,78.12,86.56,60.53,83.98,73.48,12.58,17.35,0.3809,0.2564,60.32,61.08,51.33
66,1,CA1-V1,session,10,-7,-70,11860,0.0943,0.0514,1,74.84,48.6,50.85,62.28,83.98,73.48,12.58,17.35,0.4721,0.3045,60.32,61.08,51.33
66,1,CA1-V1,session,10,10,100,11800,0.1051,0.0408,1,89.13,80.75,81.23,68.84,83.98,73.48,12.58,17.35,0.346,0.324,60.32,61.08,51.33
66,1,CA1-V1,session,10,-10,-100,11800,0.0881,0.0592,1,68.29,86.88,59.1,65.1,83.98,73.48,12.58,17.35,0.4024,0.2863,60.32,61.08,51.33
66,1,CA1-V1,session,10,15,150,11700,0.0589,0.048,1,88.25,72.71,81.28,74.37,83.98,73.48,12.58,17.35,0.3281,0.3186,60.32,61.08,51.33
66,1,CA1-V1,session,10,-15,-150,11700,0.0614,0.053,1,67.8,72.59,54.33,74.52,83.98,73.48,12.58,17.35,0.422,0.3383,60.32,61.08,51.33
66,1,CA1-V1,session,10,20,200,11600,0.0829,0.0456,1,82.15,83.65,75.7,54.88,83.98,73.48,12.58,17.35,0.4326,0.2877,60.32,61.08,51.33
66,1,CA1-V1,session,10,-20,-200,11600,0.0665,0.0307,1,78.73,62.38,78.11,76.92,83.98,73.48,12.58,17.35,0.287,0.2556,60.32,61.08,51.33
66,1,CA1-V1,session,10,25,250,11500,0.041,0.0378,1,89.54,82.99,68.04,78.5,83.98,73.48,12.58,17.35,0.3258,0.2395,60.32,61.08,51.33
66,1,CA1-V1,session,10,-25,-250,11500,0.053,0.0506,1,67.2,78.41,23.76,82.13,83.98,73.48,12.58,17.35,0.4388,0.2693,60.32,61.08,51.33
66,1,CA1-SUB,session,10,0,0,12000,0.1782,0.1001,1,0.0,0.0,0.0,0.0,83.41,89.72,18.15,23.73,0.576,0.2424,77.64,73.05,79.53
66,1,CA1-SUB,session,10,1,10,11980,0.078,0.0524,1,66.61,70.68,42.93,53.52,83.41,89.72,18.15,23.73,0.325,0.1878,77.64,73.05,79.53
66,1,CA1-SUB,session,10,-1,-10,11980,0.0783,0.0553,1,81.38,80.22,45.17,61.33,83.41,89.72,18.15,23.73,0.3638,0.1929,77.64,73.05,79.53
66,1,CA1-SUB,session,10,2,20,11960,0.0717,0.0576,1,89.42,75.14,67.9,68.08,83.41,89.72,18.15,23.73,0.3106,0.1705,77.64,73.05,79.53
66,1,CA1-SUB,session,10,-2,-20,11960,0.0818,0.0437,1,73.89,62.41,49.16,50.18,83.41,89.72,18.15,23.73,0.3352,0.2588,77.64,73.05,79.53
66,1,CA1-SUB,session,10,3,30,11940,0.0412,0.0373,1,70.15,85.0,67.78,80.96,83.41,89.72,18.15,23.73,0.2915,0.1609,77.64,73.05,79.53
66,1,CA1-SUB,session,10,-3,-30,11940,0.0346,0.0519,1,88.24,76.65,46.12,74.52,83.41,89.72,18.15,23.73,0.2847,0.252,77.64,73.05,79.53
66,1,CA1-SUB,session,10,4,40,11920,0.0363,0.0216,1,68.09,78.28,62.46,87.64,83.41,89.72,18.15,23.73,0.3365,0.1685,77.64,73.05,79.53
66,1,CA1-SUB,session,10,-4,-40,11920,0.0502,0.0414,1,88.91,85.47,71.32,63.76,83.41,89.72,18.15,23.73,0.2878,0.2339,77.64,73.05,79.53
66,1,CA1-SUB,session,10,5,50,11900,0.0634,0.0352,1,65.38,75.68,80.92,82.81,83.41,89.72,18.15,23.73,0.3138,0.2675,77.64,73.05,79.53
66,1,CA1-SUB,session,10,-5,-50,11900,0.0605,0.0337,1,74.0,74.26,55.64,58.29,83.41,89.72,18.15,23.73,0.3132,0.196,77.64,73.05,79.53
66,1,CA1-SUB,session,10,7,70,11860,0.0785,0.031,1,72.48,61.04,70.87,66.39,83.41,89.72,18.15,23.73,0.3109,0.2903,77.64,73.05,79.53
66,1,CA1-SUB,session,10,-7,-70,11860,0.0663,0.0463,1,84.12,86.85,74.17,60.08,83.41,89.72,18.15,23.73,0.3441,0.2158,77.64,73.05,79.53
66,1,CA1-SUB,session,10,10,100,11800,0.081,0.0298,1,89.45,66.39,41.16,56.72,83.41,89.72,18.15,23.73,0.2978,0.2515,77.64,73.05,79.53
66,1,CA1-SUB,session,10,-10,-100,11800,0.0377,0.0169,1,86.48,74.97,61.06,62.0,83.41,89.72,18.15,23.73,0.3328,0.2063,77.64,73.05,79.53
66,1,CA1-SUB,session,10,15,150,11700,0.0585,0.0371,1,79.7,82.14,60.62,66.77,83.41,89.72,18.15,23.73,0.2955,0.2202,77.64,73.05,79.53
66,1,CA1-SUB,session,10,-15,-150,11700,0.0807,0.0391,1,77.98,62.2,36.55,59.57,83.41,89.72,18.15,23.73,0.363,0.1978,77.64,73.05,79.53
66,1,CA1-SUB,session,10,20,200,11600,0.0609,0.0449,1,88.59,86.92,58.19,80.46,83.41,89.72,18.15,23.73,0.2951,0.3454,77.64,73.05,79.53
66,1,CA1-SUB,session,10,-20,-200,11600,0.0696,0.0363,1,84.38,88.87,45.98,71.21,83.41,89.72,18.15,23.73,0.3776,0.3171,77.64,73.05,79.53
66,1,CA1-SUB,session,10,25,250,11500,0.0718,0.0309,1,87.64,73.72,74.63,59.9,83.41,89.72,18.15,23.73,0.2631,0.2756,77.64,73.05,79.53
66,1,CA1-SUB,session,10,-25,-250,11500,0.0533,0.0223,1,66.88,64.16,36.79,66.74,83.41,89.72,18.15,23.73,0.3651,0.2436,77.64,73.05,79.53
66,1,RSC-SUB,session,10,0,0,12000,0.194,0.1093,1,0.0,0.0,0.0,0.0,89.75,88.98,41.62,22.88,0.4349,0.4508,73.37,89.92,57.73
66,1,RSC-SUB,session,10,1,10,11980,0.194,0.0968,1,78.46,85.14,29.93,15.54,89.75,88.98,41.62,22.88,0.3804,0.4993,73.37,89.92,57.73
66,1,RSC-SUB,session,10,-1,-10,11980,0.1213,0.081,1,38.13,25.58,28.43,9.15,89.75,88.98,41.62,22.88,0.4122,0.4384,73.37,89.92,57.73
66,1,RSC-SUB,session,10,2,20,11960,0.2294,0.1139,1,74.18,79.28,64.67,10.45,89.75,88.98,41.62,22.88,0.4371,0.5064,73.37,89.92,57.73
66,1,RSC-SUB,session,10,-2,-20,11960,0.0987,0.0628,1,68.9,84.07,55.6,50.92,89.75,88.98,41.62,22.88,0.4617,0.4195,73.37,89.92,57.73
66,1,RSC-SUB,session,10,3,30,11940,0.1775,0.0848,1,86.29,80.51,73.25,8.58,89.75,88.98,41.62,22.88,0.3756,0.5034,73.37,89.92,57.73
66,1,RSC-SUB,session,10,-3,-30,11940,0.0577,0.0476,1,80.29,61.38,79.96,65.07,89.75,88.98,41.62,22.88,0.4042,0.2739,73.37,89.92,57.73
66,1,RSC-SUB,session,10,4,40,11920,0.1145,0.0617,1,84.82,72.17,82.66,10.91,89.75,88.98,41.62,22.88,0.3204,0.4338,73.37,89.92,57.73
66,1,RSC-SUB,session,10,-4,-40,11920,0.0636,0.0275,1,89.65,82.86,77.59,74.76,89.75,88.98,41.62,22.88,0.3123,0.2395,73.37,89.92,57.73
66,1,RSC-SUB,session,10,5,50,11900,0.0671,0.0351,1,62.65,64.9,82.42,85.29,89.75,88.98,41.62,22.88,0.3602,0.2613,73.37,89.92,57.73
66,1,RSC-SUB,session,10,-5,-50,11900,0.0731,0.0414,1,89.38,80.43,86.89,63.62,89.75,88.98,41.62,22.88,0.2765,0.2569,73.37,89.92,57.73
66,1,RSC-SUB,session,10,7,70,11860,0.0698,0.0377,1,82.88,89.32,82.07,82.68,89.75,88.98,41.62,22.88,0.247,0.1489,73.37,89.92,57.73
66,1,RSC-SUB,session,10,-7,-70,11860,0.0681,0.0406,1,76.72,89.64,89.78,72.25,89.75,88.98,41.62,22.88,0.3291,0.2008,73.37,89.92,57.73
66,1,RSC-SUB,session,10,10,100,11800,0.0761,0.0427,1,78.03,77.74,88.59,82.68,89.75,88.98,41.62,22.88,0.2648,0.2551,73.37,89.92,57.73
66,1,RSC-SUB,session,10,-10,-100,11800,0.0919,0.029,1,87.86,77.23,75.8,83.42,89.75,88.98,41.62,22.88,0.312,0.3654,73.37,89.92,57.73
66,1,RSC-SUB,session,10,15,150,11700,0.0788,0.0423,1,81.99,76.93,81.52,61.75,89.75,88.98,41.62,22.88,0.2963,0.2934,73.37,89.92,57.73
66,1,RSC-SUB,session,10,-15,-150,11700,0.0958,0.0376,1,52.76,65.1,73.9,87.2,89.75,88.98,41.62,22.88,0.3684,0.4282,73.37,89.92,57.73
66,1,RSC-SUB,session,10,20,200,11600,0.053,0.0213,1,86.35,87.79,84.47,83.43,89.75,88.98,41.62,22.88,0.3366,0.2104,73.37,89.92,57.73
66,1,RSC-SUB,session,10,-20,-200,11600,0.0765,0.0317,1,86.99,89.85,79.49,70.91,89.75,88.98,41.62,22.88,0.3804,0.1991,73.37,89.92,57.73
66,1,RSC-SUB,session,10,25,250,11500,0.0494,0.0222,1,87.39,75.91,85.24,79.39,89.75,88.98,41.62,22.88,0.3882,0.2485,73.37,89.92,57.73
66,1,RSC-SUB,session,10,-25,-250,11500,0.073,0.0389,1,89.69,83.41,86.04,75.21,89.75,88.98,41.62,22.88,0.4446,0.3599,73.37,89.92,57.73
66,1,V1-RSC,session,10,0,0,12000,0.1799,0.1228,0,0.0,0.0,0.0,0.0,69.62,70.14,34.28,58.98,0.3555,0.4102,70.31,68.2,40.15
66,1,V1-RSC,session,10,1,10,11980,0.1693,0.1131,0,42.16,78.69,25.2,29.94,69.62,70.14,34.28,58.98,0.2932,0.3689,70.31,68.2,40.15
66,1,V1-RSC,session,10,-1,-10,11980,0.1526,0.0859,0,41.9,66.66,20.0,15.21,69.62,70.14,34.28,58.98,0.2845,0.3593,70.31,68.2,40.15
66,1,V1-RSC,session,10,2,20,11960,0.1908,0.1119,0,71.31,87.2,38.88,55.59,69.62,70.14,34.28,58.98,0.3435,0.4186,70.31,68.2,40.15
66,1,V1-RSC,session,10,-2,-20,11960,0.1351,0.1001,0,46.13,89.72,32.73,35.31,69.62,70.14,34.28,58.98,0.3225,0.373,70.31,68.2,40.15
66,1,V1-RSC,session,10,3,30,11940,0.1706,0.1031,0,61.86,77.15,45.48,38.18,69.62,70.14,34.28,58.98,0.3142,0.408,70.31,68.2,40.15
66,1,V1-RSC,session,10,-3,-30,11940,0.1465,0.099,0,64.3,75.49,37.35,29.12,69.62,70.14,34.28,58.98,0.3085,0.3366,70.31,68.2,40.15
66,1,V1-RSC,session,10,4,40,11920,0.1773,0.1161,0,76.26,88.04,40.35,38.76,69.62,70.14,34.28,58.98,0.3039,0.3807,70.31,68.2,40.15
66,1,V1-RSC,session,10,-4,-40,11920,0.1739,0.112,0,80.98,89.12,45.21,33.27,69.62,70.14,34.28,58.98,0.3244,0.3868,70.31,68.2,40.15
66,1,V1-RSC,session,10,5,50,11900,0.1355,0.0982,0,71.49,59.03,40.19,51.22,69.62,70.14,34.28,58.98,0.2746,0.4784,70.31,68.2,40.15
66,1,V1-RSC,session,10,-5,-50,11900,0.1463,0.0982,0,81.92,77.96,46.91,30.69,69.62,70.14,34.28,58.98,0.3612,0.3318,70.31,68.2,40.15
66,1,V1-RSC,session,10,7,70,11860,0.1143,0.0797,0,60.47,65.61,58.81,46.16,69.62,70.14,34.28,58.98,0.2512,0.4196,70.31,68.2,40.15
66,1,V1-RSC,session,10,-7,-70,11860,0.1227,0.0961,0,83.17,68.92,53.63,36.22,69.62,70.14,34.28,58.98,0.3035,0.309,70.31,68.2,40.15
66,1,V1-RSC,session,10,10,100,11800,0.1016,0.0719,0,72.46,80.64,72.04,54.77,69.62,70.14,34.28,58.98,0.2581,0.3858,70.31,68.2,40.15
66,1,V1-RSC,session,10,-10,-100,11800,0.1207,0.0726,0,80.38,86.23,66.44,42.38,69.62,70.14,34.28,58.98,0.3937,0.3674,70.31,68.2,40.15
66,1,V1-RSC,session,10,15,150,11700,0.1326,0.082,0,69.51,66.69,79.93,72.24,69.62,70.14,34.28,58.98,0.2784,0.4212,70.31,68.2,40.15
66,1,V1-RSC,session,10,-15,-150,11700,0.1251,0.0634,0,84.57,80.78,65.58,55.07,69.62,70.14,34.28,58.98,0.3272,0.4356,70.31,68.2,40.15
66,1,V1-RSC,session,10,20,200,11600,0.1244,0.0767,0,68.48,72.84,70.68,89.46,69.62,70.14,34.28,58.98,0.2505,0.4001,70.31,68.2,40.15
66,1,V1-RSC,session,10,-20,-200,11600,0.1416,0.072,0,74.61,65.48,69.94,48.54,69.62,70.14,34.28,58.98,0.3092,0.454,70.31,68.2,40.15
66,1,V1-RSC,session,10,25,250,11500,0.1124,0.0765,0,88.4,75.26,87.95,57.95,69.62,70.14,34.28,58.98,0.2957,0.4521,70.31,68.2,40.15
66,1,V1-RSC,session,10,-25,-250,11500,0.2102,0.0824,0,89.98,86.8,78.76,42.86,69.62,70.14,34.28,58.98,0.4311,0.4762,70.31,68.2,40.15
68,1,CA1-RSC,session,10,0,0,12000,0.0552,0.0245,0,0.0,0.0,0.0,0.0,89.88,45.66,73.8,74.19,0.3818,0.2846,79.64,88.39,89.05
68,1,CA1-RSC,session,10,1,10,11980,0.0206,0.0205,0,69.01,85.16,66.13,51.66,89.88,45.66,73.8,74.19,0.384,0.2098,79.64,88.39,89.05
68,1,CA1-RSC,session,10,-1,-10,11980,0.0113,0.0208,0,89.11,80.26,81.25,63.36,89.88,45.66,73.8,74.19,0.254,0.2749,79.64,88.39,89.05
68,1,CA1-RSC,session,10,2,20,11960,0.0009,0.0069,0,82.07,82.82,54.04,81.48,89.88,45.66,73.8,74.19,0.2468,0.2485,79.64,88.39,89.05
68,1,CA1-RSC,session,10,-2,-20,11960,-0.0039,-0.0001,0,79.51,66.03,50.47,48.85,89.88,45.66,73.8,74.19,0.318,0.3058,79.64,88.39,89.05
68,1,CA1-RSC,session,10,3,30,11940,0.0016,-0.004,0,84.52,75.89,89.64,38.8,89.88,45.66,73.8,74.19,0.3721,0.3083,79.64,88.39,89.05
68,1,CA1-RSC,session,10,-3,-30,11940,0.0055,0.0054,0,67.06,86.27,87.28,63.83,89.88,45.66,73.8,74.19,0.2666,0.2792,79.64,88.39,89.05
68,1,CA1-RSC,session,10,4,40,11920,0.0258,0.0095,0,87.18,89.96,80.84,30.1,89.88,45.66,73.8,74.19,0.4151,0.2559,79.64,88.39,89.05
68,1,CA1-RSC,session,10,-4,-40,11920,0.0071,0.0138,0,83.55,68.03,76.54,71.44,89.88,45.66,73.8,74.19,0.3403,0.3095,79.64,88.39,89.05
68,1,CA1-RSC,session,10,5,50,11900,0.0031,0.0151,0,89.47,75.18,72.98,73.78,89.88,45.66,73.8,74.19,0.2773,0.2737,79.64,88.39,89.05
68,1,CA1-RSC,session,10,-5,-50,11900,0.0059,0.0142,0,80.39,86.23,55.91,65.49,89.88,45.66,73.8,74.19,0.3429,0.2893,79.64,88.39,89.05
68,1,CA1-RSC,session,10,7,70,11860,0.028,0.0069,0,86.53,74.31,51.67,43.64,89.88,45.66,73.8,74.19,0.2996,0.2333,79.64,88.39,89.05
68,1,CA1-RSC,session,10,-7,-70,11860,0.0044,0.0093,0,76.73,77.2,58.79,84.02,89.88,45.66,73.8,74.19,0.2885,0.3467,79.64,88.39,89.05
68,1,CA1-RSC,session,10,10,100,11800,0.0089,0.0099,0,88.99,79.24,80.07,42.29,89.88,45.66,73.8,74.19,0.2803,0.2515,79.64,88.39,89.05
68,1,CA1-RSC,session,10,-10,-100,11800,0.0277,0.0098,0,83.49,63.14,77.71,60.79,89.88,45.66,73.8,74.19,0.2834,0.2373,79.64,88.39,89.05
68,1,CA1-RSC,session,10,15,150,11700,-0.0005,0.008,0,77.63,70.77,78.02,65.12,89.88,45.66,73.8,74.19,0.3777,0.2626,79.64,88.39,89.05
68,1,CA1-RSC,session,10,-15,-150,11700,-0.0211,-0.0072,0,58.55,46.11,78.18,61.96,89.88,45.66,73.8,74.19,0.2839,0.2941,79.64,88.39,89.05
68,1,CA1-RSC,session,10,20,200,11600,0.0233,0.0245,0,79.22,80.51,74.36,27.13,89.88,45.66,73.8,74.19,0.2022,0.2125,79.64,88.39,89.05
68,1,CA1-RSC,session,10,-20,-200,11600,0.0228,0.0098,0,60.47,61.72,72.37,51.48,89.88,45.66,73.8,74.19,0.2568,0.3352,79.64,88.39,89.05
68,1,CA1-RSC,session,10,25,250,11500,0.0075,0.0083,0,87.34,70.54,54.39,43.06,89.88,45.66,73.8,74.19,0.3552,0.2695,79.64,88.39,89.05
68,1,CA1-RSC,session,10,-25,-250,11500,-0.0179,-0.0083,0,86.29,82.63,87.98,78.28,89.88,45.66,73.8,74.19,0.3131,0.2024,79.64,88.39,89.05
68,1,CA1-CA3,session,10,0,0,12000,0.3948,0.1762,2,0.0,0.0,0.0,0.0,73.17,84.2,18.23,12.48,0.5528,0.6106,52.66,71.09,29.2
68,1,CA1-CA3,session,10,1,10,11980,0.3019,0.1208,2,47.42,49.14,15.87,26.85,73.17,84.2,18.23,12.48,0.6153,0.6162,52.66,71.09,29.2
68,1,CA1-CA3,session,10,-1,-10,11980,0.2842,0.1298,2,46.52,21.04,16.12,25.81,73.17,84.2,18.23,12.48,0.542,0.6115,52.66,71.09,29.2
68,1,CA1-CA3,session,10,2,20,11960,0.2746,0.1232,2,80.45,49.72,25.57,52.86,73.17,84.2,18.23,12.48,0.5299,0.6172,52.66,71.09,29.2
68,1,CA1-CA3,session,10,-2,-20,11960,0.1713,0.0948,2,79.39,63.73,23.25,59.26,73.17,84.2,18.23,12.48,0.4661,0.4966,52.66,71.09,29.2
68,1,CA1-CA3,session,10,3,30,11940,0.2304,0.1045,2,76.59,43.33,24.17,75.82,73.17,84.2,18.23,12.48,0.527,0.6269,52.66,71.09,29.2
68,1,CA1-CA3,session,10,-3,-30,11940,0.2047,0.1126,2,62.29,44.9,35.5,71.5,73.17,84.2,18.23,12.48,0.5511,0.6585,52.66,71.09,29.2
68,1,CA1-CA3,session,10,4,40,11920,0.1567,0.0799,2,61.63,27.97,29.29,82.52,73.17,84.2,18.23,12.48,0.4827,0.5057,52.66,71.09,29.2
68,1,CA1-CA3,session,10,-4,-40,11920,0.2573,0.1283,2,80.9,88.72,34.2,52.8,73.17,84.2,18.23,12.48,0.5831,0.6351,52.66,71.09,29.2
68,1,CA1-CA3,session,10,5,50,11900,0.1341,0.072,2,89.7,56.33,27.17,49.23,73.17,84.2,18.23,12.48,0.3706,0.3654,52.66,71.09,29.2
68,1,CA1-CA3,session,10,-5,-50,11900,0.2888,0.1187,2,64.25,71.03,37.4,38.66,73.17,84.2,18.23,12.48,0.5245,0.5531,52.66,71.09,29.2
68,1,CA1-CA3,session,10,7,70,11860,0.2383,0.0955,2,83.04,44.26,36.93,16.27,73.17,84.2,18.23,12.48,0.536,0.4982,52.66,71.09,29.2
68,1,CA1-CA3,session,10,-7,-70,11860,0.2186,0.0994,2,89.67,72.01,49.61,7.3,73.17,84.2,18.23,12.48,0.5168,0.5035,52.66,71.09,29.2
68,1,CA1-CA3,session,10,10,100,11800,0.189,0.0922,2,53.56,43.8,28.41,56.99,73.17,84.2,18.23,12.48,0.5315,0.5578,52.66,71.09,29.2
68,1,CA1-CA3,session,10,-10,-100,11800,0.206,0.0993,2,74.85,43.04,34.73,77.77,73.17,84.2,18.23,12.48,0.4971,0.5424,52.66,71.09,29.2
68,1,CA1-CA3,session,10,15,150,11700,0.2024,0.068,2,78.61,75.1,38.54,36.81,73.17,84.2,18.23,12.48,0.549,0.534,52.66,71.09,29.2
68,1,CA1-CA3,session,10,-15,-150,11700,0.1734,0.0927,2,66.27,47.62,26.56,38.06,73.17,84.2,18.23,12.48,0.4858,0.513,52.66,71.09,29.2
68,1,CA1-CA3,session,10,20,200,11600,0.1493,0.0659,2,78.75,64.69,40.17,9.63,73.17,84.2,18.23,12.48,0.4461,0.4078,52.66,71.09,29.2
68,1,CA1-CA3,session,10,-20,-200,11600,0.2103,0.0859,2,65.94,59.66,39.94,13.21,73.17,84.2,18.23,12.48,0.5553,0.5294,52.66,71.09,29.2
68,1,CA1-CA3,session,10,25,250,11500,0.0958,0.0417,2,82.98,74.45,36.66,47.66,73.17,84.2,18.23,12.48,0.4379,0.4304,52.66,71.09,29.2
68,1,CA1-CA3,session,10,-25,-250,11500,0.213,0.0817,2,83.69,51.67,26.15,46.65,73.17,84.2,18.23,12.48,0.4935,0.5039,52.66,71.09,29.2
68,1,CA1-DG,session,10,0,0,12000,0.2961,0.1483,2,0.0,0.0,0.0,0.0,78.98,69.81,89.58,14.74,0.5012,0.4709,79.43,65.14,35.87
68,1,CA1-DG,session,10,1,10,11980,0.2092,0.1204,2,60.79,46.79,10.21,26.63,78.98,69.81,89.58,14.74,0.4915,0.4183,79.43,65.14,35.87
68,1,CA1-DG,session,10,-1,-10,11980,0.2455,0.1055,2,79.81,83.51,21.58,33.4,78.98,69.81,89.58,14.74,0.5107,0.4095,79.43,65.14,35.87
68,1,CA1-DG,session,10,2,20,11960,0.1833,0.0901,2,72.98,86.7,21.33,56.12,78.98,69.81,89.58,14.74,0.4586,0.3937,79.43,65.14,35.87
68,1,CA1-DG,session,10,-2,-20,11960,0.2821,0.1453,2,30.39,81.72,19.15,57.95,78.98,69.81,89.58,14.74,0.5243,0.4399,79.43,65.14,35.87
68,1,CA1-DG,session,10,3,30,11940,0.2111,0.0974,2,86.36,85.48,19.62,79.89,78.98,69.81,89.58,14.74,0.4821,0.4168,79.43,65.14,35.87
68,1,CA1-DG,session,10,-3,-30,11940,0.2729,0.1419,2,49.01,55.85,35.01,76.35,78.98,69.81,89.58,14.74,0.5498,0.4944,79.43,65.14,35.87
68,1,CA1-DG,session,10,4,40,11920,0.2325,0.0995,2,66.11,70.71,22.53,73.39,78.98,69.81,89.58,14.74,0.473,0.4046,79.43,65.14,35.87
68,1,CA1-DG,session,10,-4,-40,11920,0.214,0.1174,2,58.72,55.83,45.24,84.35,78.98,69.81,89.58,14.74,0.4972,0.4336,79.43,65.14,35.87
68,1,CA1-DG,session,10,5,50,11900,0.2218,0.1018,2,47.36,82.72,18.44,51.66,78.98,69.81,89.58,14.74,0.4488,0.4352,79.43,65.14,35.87
68,1,CA1-DG,session,10,-5,-50,11900,0.1833,0.1168,2,51.06,79.28,36.06,49.2,78.98,69.81,89.58,14.74,0.5162,0.4484,79.43,65.14,35.87
68,1,CA1-DG,session,10,7,70,11860,0.1893,0.1025,2,48.94,40.39,28.84,16.9,78.98,69.81,89.58,14.74,0.4612,0.4252,79.43,65.14,35.87
68,1,CA1-DG,session,10,-7,-70,11860,0.2452,0.1131,2,57.69,53.2,38.01,24.19,78.98,69.81,89.58,14.74,0.4999,0.4696,79.43,65.14,35.87
68,1,CA1-DG,session,10,10,100,11800,0.2049,0.0936,2,75.96,78.41,20.97,87.64,78.98,69.81,89.58,14.74,0.4753,0.438,79.43,65.14,35.87
68,1,CA1-DG,session,10,-10,-100,11800,0.222,0.1017,2,68.41,72.85,23.03,73.2,78.98,69.81,89.58,14.74,0.5129,0.4507,79.43,65.14,35.87
68,1,CA1-DG,session,10,15,150,11700,0.1605,0.0717,2,82.42,84.56,30.5,44.15,78.98,69.81,89.58,14.74,0.4264,0.4419,79.43,65.14,35.87
68,1,CA1-DG,session,10,-15,-150,11700,0.2115,0.0937,2,60.47,71.58,15.56,49.21,78.98,69.81,89.58,14.74,0.4585,0.4193,79.43,65.14,35.87
68,1,CA1-DG,session,10,20,200,11600,0.1305,0.0598,2,57.06,61.88,33.84,21.4,78.98,69.81,89.58,14.74,0.417,0.3841,79.43,65.14,35.87
68,1,CA1-DG,session,10,-20,-200,11600,0.1646,0.0683,2,75.19,84.47,43.09,21.62,78.98,69.81,89.58,14.74,0.5053,0.4188,79.43,65.14,35.87
68,1,CA1-DG,session,10,25,250,11500,0.1667,0.0547,2,68.07,65.02,11.95,62.03,78.98,69.81,89.58,14.74,0.5241,0.4352,79.43,65.14,35.87
68,1,CA1-DG,session,10,-25,-250,11500,0.161,0.0718,2,85.34,87.65,20.99,59.93,78.98,69.81,89.58,14.74,0.3726,0.419,79.43,65.14,35.87
68,1,CA3-DG,session,10,0,0,12000,0.1981,0.1685,2,0.0,0.0,0.0,0.0,46.99,58.6,42.29,65.7,0.4663,0.4259,51.85,73.68,36.84
68,1,CA3-DG,session,10,1,10,11980,0.1754,0.1188,2,23.38,68.64,25.2,20.98,46.99,58.6,42.29,65.7,0.4647,0.4417,51.85,73.68,36.84
68,1,CA3-DG,session,10,-1,-10,11980,0.1709,0.0999,2,19.38,44.14,19.25,28.23,46.99,58.6,42.29,65.7,0.4544,0.3981,51.85,73.68,36.84
68,1,CA3-DG,session,10,2,20,11960,0.1925,0.099,2,34.7,83.13,50.63,22.97,46.99,58.6,42.29,65.7,0.482,0.4395,51.85,73.68,36.84
68,1,CA3-DG,session,10,-2,-20,11960,0.1186,0.0867,2,37.45,49.97,42.94,45.19,46.99,58.6,42.29,65.7,0.3539,0.3497,51.85,73.68,36.84
68,1,CA3-DG,session,10,3,30,11940,0.1279,0.0682,2,40.03,74.0,58.42,37.73,46.99,58.6,42.29,65.7,0.3388,0.3278,51.85,73.68,36.84
68,1,CA3-DG,session,10,-3,-30,11940,0.1196,0.0522,2,50.82,46.92,72.5,71.93,46.99,58.6,42.29,65.7,0.4747,0.4212,51.85,73.68,36.84
68,1,CA3-DG,session,10,4,40,11920,0.0584,0.0616,2,43.36,50.39,28.97,81.62,46.99,58.6,42.29,65.7,0.2735,0.2921,51.85,73.68,36.84
68,1,CA3-DG,session,10,-4,-40,11920,0.1404,0.0609,2,47.83,43.23,58.24,45.13,46.99,58.6,42.29,65.7,0.4653,0.4303,51.85,73.68,36.84
68,1,CA3-DG,session,10,5,50,11900,0.1084,0.0539,2,47.74,72.03,16.47,64.53,46.99,58.6,42.29,65.7,0.422,0.3441,51.85,73.68,36.84
68,1,CA3-DG,session,10,-5,-50,11900,0.1723,0.0742,2,47.28,52.39,44.41,31.88,46.99,58.6,42.29,65.7,0.5851,0.4482,51.85,73.68,36.84
68,1,CA3-DG,session,10,7,70,11860,0.1719,0.0641,2,48.15,67.38,35.67,33.87,46.99,58.6,42.29,65.7,0.6086,0.4105,51.85,73.68,36.84
68,1,CA3-DG,session,10,-7,-70,11860,0.161,0.0601,2,78.34,68.54,36.38,31.03,46.99,58.6,42.29,65.7,0.564,0.4556,51.85,73.68,36.84
68,1,CA3-DG,session,10,10,100,11800,0.0879,0.0513,2,35.63,68.56,70.25,52.92,46.99,58.6,42.29,65.7,0.3222,0.3411,51.85,73.68,36.84
68,1,CA3-DG,session,10,-10,-100,11800,0.0215,0.0362,2,36.13,56.21,48.92,70.96,46.99,58.6,42.29,65.7,0.1932,0.2192,51.85,73.68,36.84
68,1,CA3-DG,session,10,15,150,11700,0.1251,0.0675,2,42.0,84.05,30.72,36.35,46.99,58.6,42.29,65.7,0.513,0.4002,51.85,73.68,36.84
68,1,CA3-DG,session,10,-15,-150,11700,0.0709,0.0694,2,62.65,52.35,31.7,38.73,46.99,58.6,42.29,65.7,0.3486,0.342,51.85,73.68,36.84
68,1,CA3-DG,session,10,20,200,11600,0.125,0.0509,2,74.09,87.71,31.13,41.66,46.99,58.6,42.29,65.7,0.5055,0.4097,51.85,73.68,36.84
68,1,CA3-DG,session,10,-20,-200,11600,0.1222,0.0371,2,63.8,80.1,41.05,29.39,46.99,58.6,42.29,65.7,0.5271,0.4222,51.85,73.68,36.84
68,1,CA3-DG,session,10,25,250,11500,0.0408,0.0396,2,46.05,53.05,44.45,56.43,46.99,58.6,42.29,65.7,0.1728,0.2306,51.85,73.68,36.84
68,1,CA3-DG,session,10,-25,-250,11500,0.0417,0.0358,2,45.48,78.71,65.16,81.39,46.99,58.6,42.29,65.7,0.3396,0.3367,51.85,73.68,36.84
70,0,CA1-RSC,session,10,0,0,12000,0.2662,0.1155,7,0.0,0.0,0.0,0.0,86.28,87.04,81.87,88.33,0.4304,0.4876,88.86,85.24,50.34
70,0,CA1-RSC,session,10,1,10,11980,0.0729,0.0635,7,57.25,56.14,39.1,49.19,86.28,87.04,81.87,88.33,0.4396,0.4788,88.86,85.24,50.34
70,0,CA1-RSC,session,10,-1,-10,11980,0.0019,0.0291,7,68.82,86.64,76.83,72.51,86.28,87.04,81.87,88.33,0.4311,0.475,88.86,85.24,50.34
70,0,CA1-RSC,session,10,2,20,11960,0.0588,0.0328,7,89.61,78.91,81.67,71.51,86.28,87.04,81.87,88.33,0.4206,0.4772,88.86,85.24,50.34
70,0,CA1-RSC,session,10,-2,-20,11960,0.0344,0.0332,7,87.72,82.97,64.7,58.33,86.28,87.04,81.87,88.33,0.433,0.4951,88.86,85.24,50.34
70,0,CA1-RSC,session,10,3,30,11940,0.0312,0.0221,7,86.63,76.93,80.27,45.95,86.28,87.04,81.87,88.33,0.4422,0.4886,88.86,85.24,50.34
70,0,CA1-RSC,session,10,-3,-30,11940,0.0097,0.0055,7,84.61,67.97,87.32,58.92,86.28,87.04,81.87,88.33,0.4299,0.4882,88.86,85.24,50.34
70,0,CA1-RSC,session,10,4,40,11920,0.0112,0.0078,7,82.38,82.41,47.78,65.52,86.28,87.04,81.87,88.33,0.4266,0.4854,88.86,85.24,50.34
70,0,CA1-RSC,session,10,-4,-40,11920,0.0035,0.0055,7,86.13,74.47,55.05,66.05,86.28,87.04,81.87,88.33,0.4196,0.4804,88.86,85.24,50.34
70,0,CA1-RSC,session,10,5,50,11900,0.0058,0.0083,7,76.57,79.2,58.8,61.98,86.28,87.04,81.87,88.33,0.4275,0.4844,88.86,85.24,50.34
70,0,CA1-RSC,session,10,-5,-50,11900,0.0308,0.0086,7,84.31,82.32,52.07,63.5,86.28,87.04,81.87,88.33,0.4204,0.4822,88.86,85.24,50.34
70,0,CA1-RSC,session,10,7,70,11860,0.0086,0.0084,7,87.4,73.47,61.82,66.43,86.28,87.04,81.87,88.33,0.4458,0.4917,88.86,85.24,50.34
70,0,CA1-RSC,session,10,-7,-70,11860,0.0289,0.0126,7,87.93,83.49,56.52,70.89,86.28,87.04,81.87,88.33,0.4372,0.4918,88.86,85.24,50.34
70,0,CA1-RSC,session,10,10,100,11800,0.0138,0.0036,7,87.37,81.09,67.3,81.08,86.28,87.04,81.87,88.33,0.4419,0.4975,88.86,85.24,50.34
70,0,CA1-RSC,session,10,-10,-100,11800,0.0149,0.0142,7,87.87,66.09,58.96,63.94,86.28,87.04,81.87,88.33,0.4244,0.499,88.86,85.24,50.34
70,0,CA1-RSC,session,10,15,150,11700,-0.0127,-0.0078,7,88.99,84.64,80.48,81.07,86.28,87.04,81.87,88.33,0.4219,0.4831,88.86,85.24,50.34
70,0,CA1-RSC,session,10,-15,-150,11700,-0.0002,0.0094,7,82.68,78.33,56.91,60.2,86.28,87.04,81.87,88.33,0.421,0.4886,88.86,85.24,50.34
70,0,CA1-RSC,session,10,20,200,11600,0.0158,0.0067,7,87.16,87.96,75.4,73.24,86.28,87.04,81.87,88.33,0.4266,0.49,88.86,85.24,50.34
70,0,CA1-RSC,session,10,-20,-200,11600,0.0167,0.0191,7,78.45,84.33,68.0,80.91,86.28,87.04,81.87,88.33,0.4247,0.4891,88.86,85.24,50.34
70,0,CA1-RSC,session,10,25,250,11500,0.0118,-0.0036,7,85.18,85.53,73.43,67.37,86.28,87.04,81.87,88.33,0.4243,0.4803,88.86,85.24,50.34
70,0,CA1-RSC,session,10,-25,-250,11500,0.0305,0.0164,7,89.65,79.46,57.67,55.15,86.28,87.04,81.87,88.33,0.435,0.4814,88.86,85.24,50.34
70,0,CA1-DG,session,10,0,0,12000,0.2763,0.1499,6,0.0,0.0,0.0,0.0,89.71,81.91,31.69,31.15,0.4251,0.361,68.04,75.54,46.6
70,0,CA1-DG,session,10,1,10,11980,0.0584,0.0574,6,72.16,89.48,21.23,19.11,89.71,81.91,31.69,31.15,0.4183,0.3601,68.04,75.54,46.6
70,0,CA1-DG,session,10,-1,-10,11980,0.172,0.1168,6,32.81,35.76,14.88,26.33,89.71,81.91,31.69,31.15,0.4121,0.4209,68.04,75.54,46.6
70,0,CA1-DG,session,10,2,20,11960,0.0313,0.0468,6,89.3,88.02,35.63,39.96,89.71,81.91,31.69,31.15,0.4261,0.3904,68.04,75.54,46.6
70,0,CA1-DG,session,10,-2,-20,11960,0.124,0.0737,6,41.36,40.85,33.26,26.03,89.71,81.91,31.69,31.15,0.4205,0.4034,68.04,75.54,46.6
70,0,CA1-DG,session,10,3,30,11940,0.054,0.0397,6,51.6,52.22,43.31,78.13,89.71,81.91,31.69,31.15,0.4172,0.3924,68.04,75.54,46.6
70,0,CA1-DG,session,10,-3,-30,11940,0.1195,0.0625,6,52.88,50.51,42.9,48.95,89.71,81.91,31.69,31.15,0.4634,0.4425,68.04,75.54,46.6
70,0,CA1-DG,session,10,4,40,11920,0.0535,0.0285,6,83.2,81.58,43.5,79.69,89.71,81.91,31.69,31.15,0.4168,0.3626,68.04,75.54,46.6
70,0,CA1-DG,session,10,-4,-40,11920,0.0851,0.0535,6,60.5,65.63,51.19,66.88,89.71,81.91,31.69,31.15,0.4614,0.4709,68.04,75.54,46.6
70,0,CA1-DG,session,10,5,50,11900,0.0735,0.04,6,78.74,83.03,42.33,42.74,89.71,81.91,31.69,31.15,0.4304,0.4038,68.04,75.54,46.6
70,0,CA1-DG,session,10,-5,-50,11900,0.0706,0.0475,6,57.35,64.76,52.44,87.41,89.71,81.91,31.69,31.15,0.4393,0.4062,68.04,75.54,46.6
70,0,CA1-DG,session,10,7,70,11860,0.0899,0.0281,6,80.7,65.79,32.67,42.46,89.71,81.91,31.69,31.15,0.46,0.4653,68.04,75.54,46.6
70,0,CA1-DG,session,10,-7,-70,11860,0.0661,0.0391,6,83.96,70.62,27.22,39.91,89.71,81.91,31.69,31.15,0.4283,0.3827,68.04,75.54,46.6
70,0,CA1-DG,session,10,10,100,11800,0.0566,0.0367,6,68.63,75.89,50.54,85.89,89.71,81.91,31.69,31.15,0.4157,0.361,68.04,75.54,46.6
70,0,CA1-DG,session,10,-10,-100,11800,0.0771,0.0495,6,80.73,57.45,39.44,53.33,89.71,81.91,31.69,31.15,0.417,0.3887,68.04,75.54,46.6
70,0,CA1-DG,session,10,15,150,11700,0.0297,0.0166,6,87.85,83.58,41.07,50.3,89.71,81.91,31.69,31.15,0.4236,0.3917,68.04,75.54,46.6
70,0,CA1-DG,session,10,-15,-150,11700,0.0534,0.0143,6,87.08,87.2,23.18,40.48,89.71,81.91,31.69,31.15,0.4242,0.3885,68.04,75.54,46.6
70,0,CA1-DG,session,10,20,200,11600,0.0468,0.0123,6,79.35,86.41,37.5,47.14,89.71,81.91,31.69,31.15,0.4256,0.3674,68.04,75.54,46.6
70,0,CA1-DG,session,10,-20,-200,11600,0.0696,0.0382,6,88.93,89.28,49.76,80.94,89.71,81.91,31.69,31.15,0.4454,0.4183,68.04,75.54,46.6
70,0,CA1-DG,session,10,25,250,11500,0.0442,0.0203,6,75.51,79.06,43.54,81.37,89.71,81.91,31.69,31.15,0.4047,0.3809,68.04,75.54,46.6
70,0,CA1-DG,session,10,-25,-250,11500,0.0249,0.0241,6,86.37,89.14,61.27,65.03,89.71,81.91,31.69,31.15,0.4117,0.3894,68.04,75.54,46.6
70,0,CA1-V1,session,10,0,0,12000,0.8044,0.3183,5,0.0,0.0,0.0,0.0,75.77,86.17,54.0,68.55,0.4456,0.5276,81.9,65.63,29.24
70,0,CA1-V1,session,10,1,10,11980,0.291,0.1247,5,50.22,53.5,23.12,28.26,75.77,86.17,54.0,68.55,0.4306,0.524,81.9,65.63,29.24
70,0,CA1-V1,session,10,-1,-10,11980,0.2862,0.1298,5,34.43,37.53,18.47,29.53,75.77,86.17,54.0,68.55,0.4371,0.5156,81.9,65.63,29.24
70,0,CA1-V1,session,10,2,20,11960,0.0516,0.039,5,78.95,61.83,25.4,37.66,75.77,86.17,54.0,68.55,0.4226,0.5445,81.9,65.63,29.24
70,0,CA1-V1,session,10,-2,-20,11960,0.0598,0.0378,5,81.89,70.48,23.68,28.61,75.77,86.17,54.0,68.55,0.4323,0.5437,81.9,65.63,29.24
70,0,CA1-V1,session,10,3,30,11940,0.0288,0.0231,5,71.76,84.1,28.2,37.83,75.77,86.17,54.0,68.55,0.4183,0.5458,81.9,65.63,29.24
70,0,CA1-V1,session,10,-3,-30,11940,0.0253,0.0245,5,69.21,73.48,23.37,27.59,75.77,86.17,54.0,68.55,0.4495,0.533,81.9,65.63,29.24
70,0,CA1-V1,session,10,4,40,11920,0.0243,0.0213,5,63.37,81.92,24.69,34.47,75.77,86.17,54.0,68.55,0.4319,0.5338,81.9,65.63,29.24
70,0,CA1-V1,session,10,-4,-40,11920,0.0181,0.0135,5,84.18,86.5,21.93,27.78,75.77,86.17,54.0,68.55,0.435,0.5199,81.9,65.63,29.24
70,0,CA1-V1,session,10,5,50,11900,0.0232,0.0198,5,85.07,67.14,22.58,36.92,75.77,86.17,54.0,68.55,0.4257,0.531,81.9,65.63,29.24
70,0,CA1-V1,session,10,-5,-50,11900,0.018,0.0135,5,89.17,86.95,27.19,28.74,75.77,86.17,54.0,68.55,0.4353,0.5464,81.9,65.63,29.24
70,0,CA1-V1,session,10,7,70,11860,0.0137,0.0111,5,86.95,77.68,32.58,36.13,75.77,86.17,54.0,68.55,0.4245,0.5297,81.9,65.63,29.24
70,0,CA1-V1,session,10,-7,-70,11860,0.025,0.0104,5,85.84,87.56,21.14,32.79,75.77,86.17,54.0,68.55,0.4252,0.5418,81.9,65.63,29.24
70,0,CA1-V1,session,10,10,100,11800,0.0178,0.0168,5,60.42,72.76,21.66,34.82,75.77,86.17,54.0,68.55,0.4136,0.5488,81.9,65.63,29.24
70,0,CA1-V1,session,10,-10,-100,11800,0.0161,0.0219,5,85.41,82.74,20.4,33.77,75.77,86.17,54.0,68.55,0.4342,0.5325,81.9,65.63,29.24
70,0,CA1-V1,session,10,15,150,11700,0.0243,0.0216,5,71.8,80.86,30.03,43.99,75.77,86.17,54.0,68.55,0.4335,0.5296,81.9,65.63,29.24
70,0,CA1-V1,session,10,-15,-150,11700,0.0212,0.0115,5,82.25,74.68,25.17,38.29,75.77,86.17,54.0,68.55,0.4199,0.5547,81.9,65.63,29.24
70,0,CA1-V1,session,10,20,200,11600,0.0286,0.0172,5,72.44,85.67,27.03,40.37,75.77,86.17,54.0,68.55,0.4411,0.5397,81.9,65.63,29.24
70,0,CA1-V1,session,10,-20,-200,11600,0.0173,0.0141,5,87.78,73.38,20.54,39.23,75.77,86.17,54.0,68.55,0.4362,0.5525,81.9,65.63,29.24
70,0,CA1-V1,session,10,25,250,11500,0.0263,0.0078,5,84.86,81.8,26.51,40.27,75.77,86.17,54.0,68.55,0.4271,0.5565,81.9,65.63,29.24
70,0,CA1-V1,session,10,-25,-250,11500,0.0111,0.0143,5,83.62,70.5,30.3,56.16,75.77,86.17,54.0,68.55,0.4443,0.5442,81.9,65.63,29.24
70,0,CA1-SUB,session,10,0,0,12000,0.132,0.1325,4,0.0,0.0,0.0,0.0,89.32,86.73,54.91,36.6,0.4314,0.3598,71.05,80.75,40.19
70,0,CA1-SUB,session,10,1,10,11980,0.0609,0.0451,4,83.19,73.58,45.43,29.27,89.32,86.73,54.91,36.6,0.3929,0.4017,71.05,80.75,40.19
70,0,CA1-SUB,session,10,-1,-10,11980,0.1253,0.0464,4,53.75,51.15,32.97,35.47,89.32,86.73,54.91,36.6,0.4248,0.4221,71.05,80.75,40.19
70,0,CA1-SUB,session,10,2,20,11960,0.0392,0.0344,4,84.07,85.2,37.67,52.88,89.32,86.73,54.91,36.6,0.4423,0.4058,71.05,80.75,40.19
70,0,CA1-SUB,session,10,-2,-20,11960,0.101,0.0352,4,73.88,64.8,36.34,51.27,89.32,86.73,54.91,36.6,0.4388,0.4031,71.05,80.75,40.19
70,0,CA1-SUB,session,10,3,30,11940,0.0729,0.0283,4,87.88,87.23,33.83,79.0,89.32,86.73,54.91,36.6,0.4463,0.4642,71.05,80.75,40.19
70,0,CA1-SUB,session,10,-3,-30,11940,0.0645,0.0349,4,68.63,70.88,35.98,65.56,89.32,86.73,54.91,36.6,0.4437,0.415,71.05,80.75,40.19
70,0,CA1-SUB,session,10,4,40,11920,0.0701,0.0295,4,88.97,84.6,36.81,75.68,89.32,86.73,54.91,36.6,0.4174,0.3897,71.05,80.75,40.19
70,0,CA1-SUB,session,10,-4,-40,11920,0.0509,0.0254,4,62.05,65.14,58.49,85.68,89.32,86.73,54.91,36.6,0.4327,0.3815,71.05,80.75,40.19
70,0,CA1-SUB,session,10,5,50,11900,0.0566,0.0351,4,87.45,85.85,70.83,77.24,89.32,86.73,54.91,36.6,0.4554,0.4248,71.05,80.75,40.19
70,0,CA1-SUB,session,10,-5,-50,11900,0.0089,0.0149,4,82.62,84.03,86.88,87.16,89.32,86.73,54.91,36.6,0.4108,0.361,71.05,80.75,40.19
70,0,CA1-SUB,session,10,7,70,11860,0.0722,0.046,4,81.37,89.03,38.25,45.02,89.32,86.73,54.91,36.6,0.4478,0.4735,71.05,80.75,40.19
70,0,CA1-SUB,session,10,-7,-70,11860,0.0824,0.0423,4,84.91,83.03,51.36,40.94,89.32,86.73,54.91,36.6,0.451,0.4532,71.05,80.75,40.19
70,0,CA1-SUB,session,10,10,100,11800,0.0256,0.0313,4,86.99,83.71,66.45,85.47,89.32,86.73,54.91,36.6,0.4183,0.3649,71.05,80.75,40.19
70,0,CA1-SUB,session,10,-10,-100,11800,0.0203,0.0394,4,84.12,88.23,87.09,87.66,89.32,86.73,54.91,36.6,0.4258,0.3976,71.05,80.75,40.19
70,0,CA1-SUB,session,10,15,150,11700,0.0584,0.0249,4,75.15,87.18,46.76,44.94,89.32,86.73,54.91,36.6,0.4179,0.3932,71.05,80.75,40.19
70,0,CA1-SUB,session,10,-15,-150,11700,0.0172,0.021,4,83.28,83.5,56.77,60.81,89.32,86.73,54.91,36.6,0.4272,0.3708,71.05,80.75,40.19
70,0,CA1-SUB,session,10,20,200,11600,0.0258,0.0249,4,88.02,85.39,69.27,75.81,89.32,86.73,54.91,36.6,0.4574,0.5228,71.05,80.75,40.19
70,0,CA1-SUB,session,10,-20,-200,11600,0.013,0.0074,4,87.72,74.47,89.12,83.11,89.32,86.73,54.91,36.6,0.4104,0.3526,71.05,80.75,40.19
70,0,CA1-SUB,session,10,25,250,11500,0.0024,0.0204,4,89.82,83.92,87.52,89.47,89.32,86.73,54.91,36.6,0.4404,0.5191,71.05,80.75,40.19
70,0,CA1-SUB,session,10,-25,-250,11500,-0.0197,0.0004,4,86.9,83.66,81.15,84.73,89.32,86.73,54.91,36.6,0.44,0.3736,71.05,80.75,40.19
70,0,RSC-SUB,session,10,0,0,12000,0.123,0.0977,0,0.0,0.0,0.0,0.0,85.25,86.88,82.24,78.26,0.4698,0.4272,74.44,88.53,64.07
70,0,RSC-SUB,session,10,1,10,11980,0.0443,0.0444,0,75.73,81.79,89.97,86.67,85.25,86.88,82.24,78.26,0.4749,0.4259,74.44,88.53,64.07
70,0,RSC-SUB,session,10,-1,-10,11980,0.0374,0.0422,0,63.43,81.87,70.91,78.77,85.25,86.88,82.24,78.26,0.4846,0.3846,74.44,88.53,64.07
70,0,RSC-SUB,session,10,2,20,11960,0.073,0.0459,0,88.15,77.71,85.37,73.94,85.25,86.88,82.24,78.26,0.5094,0.4417,74.44,88.53,64.07
70,0,RSC-SUB,session,10,-2,-20,11960,0.0161,0.0248,0,80.96,80.15,82.19,82.55,85.25,86.88,82.24,78.26,0.4882,0.4132,74.44,88.53,64.07
70,0,RSC-SUB,session,10,3,30,11940,0.0729,0.0316,0,79.18,89.81,78.21,83.19,85.25,86.88,82.24,78.26,0.4857,0.3969,74.44,88.53,64.07
70,0,RSC-SUB,session,10,-3,-30,11940,0.02,0.029,0,81.93,80.01,79.83,84.34,85.25,86.88,82.24,78.26,0.4926,0.3796,74.44,88.53,64.07
70,0,RSC-SUB,session,10,4,40,11920,0.0456,0.0321,0,84.45,87.61,76.69,79.46,85.25,86.88,82.24,78.26,0.4699,0.398,74.44,88.53,64.07
70,0,RSC-SUB,session,10,-4,-40,11920,0.0086,0.0114,0,85.1,86.8,79.89,82.95,85.25,86.88,82.24,78.26,0.4805,0.3263,74.44,88.53,64.07
70,0,RSC-SUB,session,10,5,50,11900,0.0222,0.0314,0,78.45,82.69,79.49,89.55,85.25,86.88,82.24,78.26,0.4886,0.4149,74.44,88.53,64.07
70,0,RSC-SUB,session,10,-5,-50,11900,0.0083,0.0149,0,80.6,84.5,86.48,73.14,85.25,86.88,82.24,78.26,0.4803,0.347,74.44,88.53,64.07
70,0,RSC-SUB,session,10,7,70,11860,0.0052,0.0127,0,81.64,82.31,76.1,76.24,85.25,86.88,82.24,78.26,0.4825,0.3336,74.44,88.53,64.07
70,0,RSC-SUB,session,10,-7,-70,11860,0.0413,0.0137,0,80.48,78.95,85.79,69.8,85.25,86.88,82.24,78.26,0.4835,0.3625,74.44,88.53,64.07
70,0,RSC-SUB,session,10,10,100,11800,0.0342,0.0183,0,87.12,79.2,89.4,85.54,85.25,86.88,82.24,78.26,0.484,0.3838,74.44,88.53,64.07
70,0,RSC-SUB,session,10,-10,-100,11800,0.0125,0.008,0,76.98,82.74,89.93,85.95,85.25,86.88,82.24,78.26,0.4743,0.3417,74.44,88.53,64.07
70,0,RSC-SUB,session,10,15,150,11700,-0.0018,0.0082,0,85.62,86.15,68.45,81.54,85.25,86.88,82.24,78.26,0.4837,0.3631,74.44,88.53,64.07
70,0,RSC-SUB,session,10,-15,-150,11700,-0.0002,0.008,0,74.88,87.69,88.66,88.95,85.25,86.88,82.24,78.26,0.4851,0.3469,74.44,88.53,64.07
70,0,RSC-SUB,session,10,20,200,11600,0.0186,0.0131,0,79.5,81.4,76.17,85.27,85.25,86.88,82.24,78.26,0.4712,0.4746,74.44,88.53,64.07
70,0,RSC-SUB,session,10,-20,-200,11600,0.0076,0.009,0,84.69,87.61,88.16,78.73,85.25,86.88,82.24,78.26,0.487,0.3285,74.44,88.53,64.07
70,0,RSC-SUB,session,10,25,250,11500,0.0228,-0.0004,0,80.62,87.83,70.81,84.46,85.25,86.88,82.24,78.26,0.4872,0.5384,74.44,88.53,64.07
70,0,RSC-SUB,session,10,-25,-250,11500,0.0072,0.0175,0,80.93,82.45,70.04,89.32,85.25,86.88,82.24,78.26,0.4979,0.3507,74.44,88.53,64.07
70,0,V1-RSC,session,10,0,0,12000,0.6437,0.3998,8,0.0,0.0,0.0,0.0,88.4,82.37,39.36,37.57,0.5112,0.4698,73.47,72.77,78.0
70,0,V1-RSC,session,10,1,10,11980,0.3282,0.2304,8,56.04,52.96,30.21,23.46,88.4,82.37,39.36,37.57,0.5249,0.4795,73.47,72.77,78.0
70,0,V1-RSC,session,10,-1,-10,11980,0.2713,0.1455,8,24.6,35.98,18.51,16.74,88.4,82.37,39.36,37.57,0.5028,0.4657,73.47,72.77,78.0
70,0,V1-RSC,session,10,2,20,11960,0.3498,0.1808,8,68.85,58.44,48.06,27.3,88.4,82.37,39.36,37.57,0.5293,0.493,73.47,72.77,78.0
70,0,V1-RSC,session,10,-2,-20,11960,0.1492,0.118,8,51.84,48.11,28.47,23.51,88.4,82.37,39.36,37.57,0.5128,0.4793,73.47,72.77,78.0
70,0,V1-RSC,session,10,3,30,11940,0.3435,0.1383,8,85.91,43.45,68.44,35.65,88.4,82.37,39.36,37.57,0.6243,0.5449,73.47,72.77,78.0
70,0,V1-RSC,session,10,-3,-30,11940,0.0553,0.051,8,65.88,46.97,38.13,25.23,88.4,82.37,39.36,37.57,0.5014,0.4728,73.47,72.77,78.0
70,0,V1-RSC,session,10,4,40,11920,0.2453,0.1068,8,83.82,49.95,70.14,37.99,88.4,82.37,39.36,37.57,0.5787,0.5127,73.47,72.77,78.0
70,0,V1-RSC,session,10,-4,-40,11920,0.0239,0.0267,8,88.21,89.28,60.01,65.43,88.4,82.37,39.36,37.57,0.5183,0.4747,73.47,72.77,78.0
70,0,V1-RSC,session,10,5,50,11900,0.1236,0.068,8,84.85,60.93,62.27,26.48,88.4,82.37,39.36,37.57,0.5402,0.4949,73.47,72.77,78.0
70,0,V1-RSC,session,10,-5,-50,11900,0.0529,0.038,8,88.94,64.09,70.15,62.01,88.4,82.37,39.36,37.57,0.5139,0.4606,73.47,72.77,78.0
70,0,V1-RSC,session,10,7,70,11860,0.061,0.0435,8,85.7,82.19,64.52,47.29,88.4,82.37,39.36,37.57,0.5445,0.4791,73.47,72.77,78.0
70,0,V1-RSC,session,10,-7,-70,11860,0.0596,0.0477,8,87.3,79.81,62.56,51.73,88.4,82.37,39.36,37.57,0.4947,0.4619,73.47,72.77,78.0
70,0,V1-RSC,session,10,10,100,11800,0.0644,0.0379,8,87.35,85.85,80.22,65.95,88.4,82.37,39.36,37.57,0.5557,0.4759,73.47,72.77,78.0
70,0,V1-RSC,session,10,-10,-100,11800,0.049,0.0288,8,75.72,82.0,70.95,60.41,88.4,82.37,39.36,37.57,0.4846,0.4848,73.47,72.77,78.0
70,0,V1-RSC,session,10,15,150,11700,0.046,0.0369,8,89.91,84.2,84.3,65.22,88.4,82.37,39.36,37.57,0.524,0.4637,73.47,72.77,78.0
70,0,V1-RSC,session,10,-15,-150,11700,0.0451,0.0395,8,89.35,89.95,82.09,67.04,88.4,82.37,39.36,37.57,0.51,0.4835,73.47,72.77,78.0
70,0,V1-RSC,session,10,20,200,11600,0.036,0.0276,8,85.53,77.2,74.64,85.17,88.4,82.37,39.36,37.57,0.5157,0.4642,73.47,72.77,78.0
70,0,V1-RSC,session,10,-20,-200,11600,0.0342,0.035,8,82.25,79.34,82.01,83.83,88.4,82.37,39.36,37.57,0.5079,0.474,73.47,72.77,78.0
70,0,V1-RSC,session,10,25,250,11500,0.0432,0.0271,8,85.56,82.22,85.17,87.23,88.4,82.37,39.36,37.57,0.5271,0.4625,73.47,72.77,78.0
70,0,V1-RSC,session,10,-25,-250,11500,0.0451,0.0327,8,81.79,87.56,79.39,80.1,88.4,82.37,39.36,37.57,0.5086,0.4742,73.47,72.77,78.0
71,0,CA1-RSC,session,10,0,0,12000,0.2497,0.0843,10,0.0,0.0,0.0,0.0,84.3,89.85,83.1,77.42,0.2888,0.5564,85.57,82.9,69.93
71,0,CA1-RSC,session,10,1,10,11980,-0.049,-0.0395,10,71.89,66.5,52.93,78.99,84.3,89.85,83.1,77.42,0.3494,0.5499,85.57,82.9,69.93
71,0,CA1-RSC,session,10,-1,-10,11980,0.0553,0.0263,10,82.09,85.75,52.28,78.8,84.3,89.85,83.1,77.42,0.3221,0.5748,85.57,82.9,69.93
71,0,CA1-RSC,session,10,2,20,11960,-0.0353,-0.0396,10,75.74,85.56,83.0,69.68,84.3,89.85,83.1,77.42,0.3034,0.5579,85.57,82.9,69.93
71,0,CA1-RSC,session,10,-2,-20,11960,-0.0219,-0.0249,10,77.47,82.87,49.72,60.98,84.3,89.85,83.1,77.42,0.3185,0.5593,85.57,82.9,69.93
71,0,CA1-RSC,session,10,3,30,11940,0.007,0.0045,10,75.41,89.51,85.58,71.1,84.3,89.85,83.1,77.42,0.3282,0.5527,85.57,82.9,69.93
71,0,CA1-RSC,session,10,-3,-30,11940,-0.0039,0.0025,10,87.51,75.21,29.05,77.57,84.3,89.85,83.1,77.42,0.3267,0.5646,85.57,82.9,69.93
71,0,CA1-RSC,session,10,4,40,11920,-0.0087,0.0021,10,68.74,89.58,33.44,71.09,84.3,89.85,83.1,77.42,0.305,0.5752,85.57,82.9,69.93
71,0,CA1-RSC,session,10,-4,-40,11920,0.0138,0.007,10,75.97,86.61,44.88,76.76,84.3,89.85,83.1,77.42,0.3472,0.5674,85.57,82.9,69.93
71,0,CA1-RSC,session,10,5,50,11900,-0.0078,-0.0029,10,88.81,89.54,57.66,70.56,84.3,89.85,83.1,77.42,0.3637,0.5717,85.57,82.9,69.93
71,0,CA1-RSC,session,10,-5,-50,11900,0.0084,0.0014,10,82.12,86.85,44.27,58.77,84.3,89.85,83.1,77.42,0.349,0.5609,85.57,82.9,69.93
71,0,CA1-RSC,session,10,7,70,11860,0.0179,-0.0007,10,80.41,88.01,47.48,77.82,84.3,89.85,83.1,77.42,0.3371,0.5653,85.57,82.9,69.93
71,0,CA1-RSC,session,10,-7,-70,11860,0.0105,0.0069,10,87.1,82.75,79.05,85.25,84.3,89.85,83.1,77.42,0.3324,0.5573,85.57,82.9,69.93
71,0,CA1-RSC,session,10,10,100,11800,-0.0105,-0.0011,10,69.27,80.55,79.67,85.7,84.3,89.85,83.1,77.42,0.2844,0.5554,85.57,82.9,69.93
71,0,CA1-RSC,session,10,-10,-100,11800,0.0057,0.0017,10,73.11,85.63,71.46,81.91,84.3,89.85,83.1,77.42,0.3571,0.5724,85.57,82.9,69.93
71,0,CA1-RSC,session,10,15,150,11700,0.0011,0.0032,10,73.04,84.71,54.07,83.16,84.3,89.85,83.1,77.42,0.3154,0.5671,85.57,82.9,69.93
71,0,CA1-RSC,session,10,-15,-150,11700,0.0037,0.0035,10,80.93,73.71,88.81,80.94,84.3,89.85,83.1,77.42,0.344,0.5619,85.57,82.9,69.93
71,0,CA1-RSC,session,10,20,200,11600,0.0115,0.001,10,86.69,84.34,80.8,75.14,84.3,89.85,83.1,77.42,0.2949,0.5546,85.57,82.9,69.93
71,0,CA1-RSC,session,10,-20,-200,11600,0.0096,0.0019,10,88.28,81.71,43.71,84.17,84.3,89.85,83.1,77.42,0.3288,0.5757,85.57,82.9,69.93
71,0,CA1-RSC,session,10,25,250,11500,0.007,-0.0005,10,77.9,87.48,88.74,85.81,84.3,89.85,83.1,77.42,0.3773,0.5735,85.57,82.9,69.93
71,0,CA1-RSC,session,10,-25,-250,11500,0.0058,0.0061,10,88.66,84.36,56.06,76.71,84.3,89.85,83.1,77.42,0.3872,0.5825,85.57,82.9,69.93
71,0,CA1-CA3,session,10,0,0,12000,0.3485,-0.06,8,0.0,0.0,0.0,0.0,76.09,88.01,34.13,43.79,0.3008,0.3932,77.45,79.23,76.17
71,0,CA1-CA3,session,10,1,10,11980,0.1864,0.0641,8,76.27,84.85,25.51,17.27,76.09,88.01,34.13,43.79,0.349,0.3441,77.45,79.23,76.17
71,0,CA1-CA3,session,10,-1,-10,11980,0.1402,0.0888,8,84.2,81.56,16.54,17.64,76.09,88.01,34.13,43.79,0.3171,0.3677,77.45,79.23,76.17
71,0,CA1-CA3,session,10,2,20,11960,0.0677,0.0139,8,80.51,88.72,46.17,38.3,76.09,88.01,34.13,43.79,0.3239,0.3201,77.45,79.23,76.17
71,0,CA1-CA3,session,10,-2,-20,11960,0.0394,0.0102,8,89.91,81.74,22.69,28.28,76.09,88.01,34.13,43.79,0.3174,0.3693,77.45,79.23,76.17
71,0,CA1-CA3,session,10,3,30,11940,-0.0093,0.0045,8,83.9,87.22,81.99,67.75,76.09,88.01,34.13,43.79,0.3219,0.3755,77.45,79.23,76.17
71,0,CA1-CA3,session,10,-3,-30,11940,0.0228,-0.0003,8,89.5,84.23,35.89,59.67,76.09,88.01,34.13,43.79,0.3355,0.366,77.45,79.23,76.17
71,0,CA1-CA3,session,10,4,40,11920,-0.0055,0.0023,8,83.44,81.62,60.5,60.44,76.09,88.01,34.13,43.79,0.3069,0.4155,77.45,79.23,76.17
71,0,CA1-CA3,session,10,-4,-40,11920,-0.0011,0.0061,8,87.31,80.81,67.21,77.76,76.09,88.01,34.13,43.79,0.2983,0.3962,77.45,79.23,76.17
71,0,CA1-CA3,session,10,5,50,11900,-0.0102,-0.0026,8,82.3,84.75,63.33,87.21,76.09,88.01,34.13,43.79,0.3151,0.3951,77.45,79.23,76.17
71,0,CA1-CA3,session,10,-5,-50,11900,0.0213,0.0039,8,85.87,87.68,45.29,58.51,76.09,88.01,34.13,43.79,0.3379,0.3944,77.45,79.23,76.17
71,0,CA1-CA3,session,10,7,70,11860,0.0083,-0.0014,8,84.73,87.93,48.43,40.11,76.09,88.01,34.13,43.79,0.3691,0.4037,77.45,79.23,76.17
71,0,CA1-CA3,session,10,-7,-70,11860,0.0339,0.0151,8,89.35,83.84,32.33,35.42,76.09,88.01,34.13,43.79,0.3662,0.3743,77.45,79.23,76.17
71,0,CA1-CA3,session,10,10,100,11800,0.0153,0.0184,8,83.23,83.61,55.14,40.8,76.09,88.01,34.13,43.79,0.287,0.4279,77.45,79.23,76.17
71,0,CA1-CA3,session,10,-10,-100,11800,0.0055,-0.0003,8,82.28,86.42,86.61,89.68,76.09,88.01,34.13,43.79,0.3049,0.3977,77.45,79.23,76.17
71,0,CA1-CA3,session,10,15,150,11700,0.0311,0.0154,8,87.25,84.29,40.93,43.58,76.09,88.01,34.13,43.79,0.3729,0.3755,77.45,79.23,76.17
71,0,CA1-CA3,session,10,-15,-150,11700,0.0167,0.007,8,71.0,87.88,53.5,48.33,76.09,88.01,34.13,43.79,0.3382,0.3934,77.45,79.23,76.17
71,0,CA1-CA3,session,10,20,200,11600,0.0138,0.0094,8,86.0,89.7,84.31,88.32,76.09,88.01,34.13,43.79,0.3097,0.4221,77.45,79.23,76.17
71,0,CA1-CA3,session,10,-20,-200,11600,0.0362,0.0129,8,89.79,79.68,42.75,44.62,76.09,88.01,34.13,43.79,0.3252,0.3621,77.45,79.23,76.17
71,0,CA1-CA3,session,10,25,250,11500,-0.0007,-0.0035,8,88.68,85.17,87.01,82.33,76.09,88.01,34.13,43.79,0.2706,0.4239,77.45,79.23,76.17
71,0,CA1-CA3,session,10,-25,-250,11500,0.0196,0.0099,8,87.22,89.26,88.81,86.06,76.09,88.01,34.13,43.79,0.3008,0.4193,77.45,79.23,76.17
71,0,CA1-DG,session,10,0,0,12000,0.3159,0.1352,11,0.0,0.0,0.0,0.0,74.45,80.93,22.32,34.51,0.3011,0.4821,77.55,85.5,31.44
71,0,CA1-DG,session,10,1,10,11980,0.1608,0.062,11,76.99,76.67,17.61,24.45,74.45,80.93,22.32,34.51,0.3428,0.5066,77.55,85.5,31.44
71,0,CA1-DG,session,10,-1,-10,11980,0.0849,0.0663,11,58.51,70.68,77.02,86.39,74.45,80.93,22.32,34.51,0.3123,0.4957,77.55,85.5,31.44
71,0,CA1-DG,session,10,2,20,11960,0.1974,0.0709,11,87.75,81.65,27.46,34.24,74.45,80.93,22.32,34.51,0.4711,0.543,77.55,85.5,31.44
71,0,CA1-DG,session,10,-2,-20,11960,0.1222,0.0545,11,78.8,85.71,49.65,78.37,74.45,80.93,22.32,34.51,0.348,0.4422,77.55,85.5,31.44
71,0,CA1-DG,session,10,3,30,11940,0.1665,0.0621,11,73.73,78.84,33.75,46.19,74.45,80.93,22.32,34.51,0.4433,0.5214,77.55,85.5,31.44
71,0,CA1-DG,session,10,-3,-30,11940,0.1326,0.0715,11,67.83,64.58,41.17,74.23,74.45,80.93,22.32,34.51,0.4448,0.4635,77.55,85.5,31.44
71,0,CA1-DG,session,10,4,40,11920,0.1691,0.0554,11,85.02,89.58,40.56,79.16,74.45,80.93,22.32,34.51,0.4682,0.4975,77.55,85.5,31.44
71,0,CA1-DG,session,10,-4,-40,11920,0.1518,0.0649,11,68.04,87.17,36.33,75.46,74.45,80.93,22.32,34.51,0.4415,0.4738,77.55,85.5,31.44
71,0,CA1-DG,session,10,5,50,11900,0.1522,0.0561,11,88.76,84.01,45.86,72.05,74.45,80.93,22.32,34.51,0.472,0.4912,77.55,85.5,31.44
71,0,CA1-DG,session,10,-5,-50,11900,0.1581,0.0653,11,80.81,85.84,33.95,64.84,74.45,80.93,22.32,34.51,0.4309,0.4991,77.55,85.5,31.44
71,0,CA1-DG,session,10,7,70,11860,0.0957,0.0461,11,64.32,78.58,43.36,30.98,74.45,80.93,22.32,34.51,0.4233,0.5326,77.55,85.5,31.44
71,0,CA1-DG,session,10,-7,-70,11860,0.1006,0.041,11,64.79,71.62,30.49,28.0,74.45,80.93,22.32,34.51,0.3877,0.5628,77.55,85.5,31.44
71,0,CA1-DG,session,10,10,100,11800,0.1643,0.0597,11,88.01,78.72,35.04,76.33,74.45,80.93,22.32,34.51,0.4871,0.5135,77.55,85.5,31.44
71,0,CA1-DG,session,10,-10,-100,11800,0.1405,0.0695,11,86.53,85.67,34.97,79.95,74.45,80.93,22.32,34.51,0.3583,0.5023,77.55,85.5,31.44
71,0,CA1-DG,session,10,15,150,11700,0.0691,0.0238,11,74.79,78.84,25.36,29.87,74.45,80.93,22.32,34.51,0.3566,0.5388,77.55,85.5,31.44
71,0,CA1-DG,session,10,-15,-150,11700,0.0548,0.0342,11,87.65,70.47,38.93,37.47,74.45,80.93,22.32,34.51,0.3008,0.4979,77.55,85.5,31.44
71,0,CA1-DG,session,10,20,200,11600,0.0909,0.0372,11,89.42,87.16,38.34,72.02,74.45,80.93,22.32,34.51,0.4321,0.5231,77.55,85.5,31.44
71,0,CA1-DG,session,10,-20,-200,11600,0.1306,0.0537,11,69.8,76.48,23.58,59.67,74.45,80.93,22.32,34.51,0.4343,0.5353,77.55,85.5,31.44
71,0,CA1-DG,session,10,25,250,11500,0.0786,0.0478,11,85.3,80.31,41.97,70.46,74.45,80.93,22.32,34.51,0.4361,0.4826,77.55,85.5,31.44
71,0,CA1-DG,session,10,-25,-250,11500,0.1077,0.0409,11,68.82,84.27,43.98,87.89,74.45,80.93,22.32,34.51,0.4937,0.4978,77.55,85.5,31.44
71,0,CA1-V1,session,10,0,0,12000,-0.5498,-0.2724,9,0.0,0.0,0.0,0.0,76.69,83.82,71.1,87.28,0.3263,0.4297,89.12,83.76,75.34
71,0,CA1-V1,session,10,1,10,11980,-0.0412,0.0014,9,80.02,68.95,34.1,64.55,76.69,83.82,71.1,87.28,0.3601,0.4558,89.12,83.76,75.34
71,0,CA1-V1,session,10,-1,-10,11980,0.0835,0.0878,9,84.69,81.56,51.21,55.01,76.69,83.82,71.1,87.28,0.281,0.4493,89.12,83.76,75.34
71,0,CA1-V1,session,10,2,20,11960,-0.0225,-0.0047,9,86.6,86.35,55.13,83.04,76.69,83.82,71.1,87.28,0.3121,0.4393,89.12,83.76,75.34
71,0,CA1-V1,session,10,-2,-20,11960,0.0033,0.0158,9,84.99,77.7,58.32,68.56,76.69,83.82,71.1,87.28,0.3636,0.4408,89.12,83.76,75.34
71,0,CA1-V1,session,10,3,30,11940,0.0121,0.0068,9,80.27,76.18,87.44,60.77,76.69,83.82,71.1,87.28,0.3466,0.4299,89.12,83.76,75.34
71,0,CA1-V1,session,10,-3,-30,11940,0.0067,0.0032,9,75.52,77.61,46.83,67.8,76.69,83.82,71.1,87.28,0.294,0.4497,89.12,83.76,75.34
71,0,CA1-V1,session,10,4,40,11920,0.0041,-0.0002,9,83.79,88.78,76.62,89.55,76.69,83.82,71.1,87.28,0.3889,0.477,89.12,83.76,75.34
71,0,CA1-V1,session,10,-4,-40,11920,-0.0141,0.0004,9,67.9,68.27,45.24,58.23,76.69,83.82,71.1,87.28,0.3764,0.4616,89.12,83.76,75.34
71,0,CA1-V1,session,10,5,50,11900,0.0111,0.0086,9,79.44,88.7,46.32,81.06,76.69,83.82,71.1,87.28,0.368,0.4672,89.12,83.76,75.34
71,0,CA1-V1,session,10,-5,-50,11900,0.0022,0.0048,9,84.8,81.95,85.9,83.27,76.69,83.82,71.1,87.28,0.294,0.4487,89.12,83.76,75.34
71,0,CA1-V1,session,10,7,70,11860,0.0065,0.0035,9,75.17,81.19,55.2,77.4,76.69,83.82,71.1,87.28,0.3352,0.456,89.12,83.76,75.34
71,0,CA1-V1,session,10,-7,-70,11860,0.0069,0.0067,9,80.6,87.17,81.18,85.01,76.69,83.82,71.1,87.28,0.3356,0.4427,89.12,83.76,75.34
71,0,CA1-V1,session,10,10,100,11800,0.0075,0.0017,9,89.9,79.48,43.94,55.58,76.69,83.82,71.1,87.28,0.2986,0.4446,89.12,83.76,75.34
71,0,CA1-V1,session,10,-10,-100,11800,0.0191,0.0039,9,65.57,81.21,60.29,74.56,76.69,83.82,71.1,87.28,0.3,0.471,89.12,83.76,75.34
71,0,CA1-V1,session,10,15,150,11700,-0.0073,0.0022,9,85.15,78.39,62.29,69.5,76.69,83.82,71.1,87.28,0.288,0.4772,89.12,83.76,75.34
71,0,CA1-V1,session,10,-15,-150,11700,-0.0026,0.0013,9,72.3,89.35,56.36,73.27,76.69,83.82,71.1,87.28,0.3457,0.4556,89.12,83.76,75.34
71,0,CA1-V1,session,10,20,200,11600,-0.0054,-0.0038,9,77.94,86.32,65.91,55.69,76.69,83.82,71.1,87.28,0.3363,0.4492,89.12,83.76,75.34
71,0,CA1-V1,session,10,-20,-200,11600,-0.0034,0.0062,9,81.16,89.38,66.23,84.14,76.69,83.82,71.1,87.28,0.3044,0.4561,89.12,83.76,75.34
71,0,CA1-V1,session,10,25,250,11500,0.0006,-0.0048,9,78.26,83.0,51.29,68.15,76.69,83.82,71.1,87.28,0.3247,0.4648,89.12,83.76,75.34
71,0,CA1-V1,session,10,-25,-250,11500,-0.0157,-0.0014,9,51.71,82.41,51.72,82.0,76.69,83.82,71.1,87.28,0.3276,0.439,89.12,83.76,75.34
71,0,CA3-DG,session,10,0,0,12000,0.1466,0.2636,15,0.0,0.0,0.0,0.0,40.34,42.07,32.61,29.51,0.3573,0.4739,60.46,59.91,33.4
71,0,CA3-DG,session,10,1,10,11980,0.1993,0.1565,15,37.39,40.31,15.55,26.25,40.34,42.07,32.61,29.51,0.399,0.4803,60.46,59.91,33.4
71,0,CA3-DG,session,10,-1,-10,11980,0.2179,0.1725,15,24.02,38.17,20.95,27.64,40.34,42.07,32.61,29.51,0.4062,0.4805,60.46,59.91,33.4
71,0,CA3-DG,session,10,2,20,11960,0.2041,0.1261,15,48.37,70.34,20.85,40.13,40.34,42.07,32.61,29.51,0.4321,0.4854,60.46,59.91,33.4
71,0,CA3-DG,session,10,-2,-20,11960,0.1826,0.1192,15,39.41,48.51,27.07,28.38,40.34,42.07,32.61,29.51,0.4549,0.5099,60.46,59.91,33.4
71,0,CA3-DG,session,10,3,30,11940,0.174,0.1098,15,48.87,69.93,30.9,47.86,40.34,42.07,32.61,29.51,0.4165,0.4735,60.46,59.91,33.4
71,0,CA3-DG,session,10,-3,-30,11940,0.1605,0.1062,15,68.48,78.25,32.57,30.35,40.34,42.07,32.61,29.51,0.421,0.4856,60.46,59.91,33.4
71,0,CA3-DG,session,10,4,40,11920,0.1311,0.0979,15,39.54,61.05,17.82,47.58,40.34,42.07,32.61,29.51,0.3944,0.4925,60.46,59.91,33.4
71,0,CA3-DG,session,10,-4,-40,11920,0.1013,0.1003,15,84.77,89.19,24.26,35.16,40.34,42.07,32.61,29.51,0.4186,0.4959,60.46,59.91,33.4
71,0,CA3-DG,session,10,5,50,11900,0.0993,0.0815,15,42.4,59.77,26.39,56.09,40.34,42.07,32.61,29.51,0.4152,0.4986,60.46,59.91,33.4
71,0,CA3-DG,session,10,-5,-50,11900,0.1387,0.0964,15,49.28,64.62,34.22,27.23,40.34,42.07,32.61,29.51,0.4207,0.5081,60.46,59.91,33.4
71,0,CA3-DG,session,10,7,70,11860,0.0866,0.0574,15,83.88,89.95,53.34,79.81,40.34,42.07,32.61,29.51,0.3985,0.4977,60.46,59.91,33.4
71,0,CA3-DG,session,10,-7,-70,11860,0.0988,0.0716,15,67.63,85.02,49.82,67.04,40.34,42.07,32.61,29.51,0.4118,0.5282,60.46,59.91,33.4
71,0,CA3-DG,session,10,10,100,11800,0.0804,0.0587,15,82.84,71.32,50.7,82.87,40.34,42.07,32.61,29.51,0.3727,0.5092,60.46,59.91,33.4
71,0,CA3-DG,session,10,-10,-100,11800,0.0614,0.0561,15,87.43,80.53,38.43,53.7,40.34,42.07,32.61,29.51,0.4087,0.5156,60.46,59.91,33.4
71,0,CA3-DG,session,10,15,150,11700,0.0744,0.0576,15,51.27,57.95,29.26,41.58,40.34,42.07,32.61,29.51,0.3822,0.4984,60.46,59.91,33.4
71,0,CA3-DG,session,10,-15,-150,11700,0.1015,0.0589,15,68.82,80.68,27.42,37.01,40.34,42.07,32.61,29.51,0.4349,0.5023,60.46,59.91,33.4
71,0,CA3-DG,session,10,20,200,11600,0.0539,0.025,15,88.77,88.17,80.87,88.7,40.34,42.07,32.61,29.51,0.3786,0.4721,60.46,59.91,33.4
71,0,CA3-DG,session,10,-20,-200,11600,0.0546,0.0292,15,75.27,68.81,28.69,41.24,40.34,42.07,32.61,29.51,0.3855,0.5052,60.46,59.91,33.4
71,0,CA3-DG,session,10,25,250,11500,0.0705,0.0492,15,63.35,76.62,54.13,71.19,40.34,42.07,32.61,29.51,0.3869,0.4871,60.46,59.91,33.4
71,0,CA3-DG,session,10,-25,-250,11500,0.0556,0.0271,15,78.48,82.29,33.54,47.43,40.34,42.07,32.61,29.51,0.4214,0.528,60.46,59.91,33.4
71,0,CA1-SUB,session,10,0,0,12000,-0.4408,-0.0804,6,0.0,0.0,0.0,0.0,75.51,82.8,84.26,82.42,0.3229,0.2088,75.05,81.2,70.52
71,0,CA1-SUB,session,10,1,10,11980,0.0965,0.0481,6,70.14,83.76,79.15,74.89,75.51,82.8,84.26,82.42,0.3391,0.2451,75.05,81.2,70.52
71,0,CA1-SUB,session,10,-1,-10,11980,-0.1099,-0.0419,6,78.24,88.05,89.31,87.28,75.51,82.8,84.26,82.42,0.3539,0.2196,75.05,81.2,70.52
71,0,CA1-SUB,session,10,2,20,11960,0.022,-0.0048,6,81.11,84.02,78.38,82.67,75.51,82.8,84.26,82.42,0.317,0.2305,75.05,81.2,70.52
71,0,CA1-SUB,session,10,-2,-20,11960,-0.0198,-0.007,6,67.13,83.65,79.66,78.73,75.51,82.8,84.26,82.42,0.3752,0.2315,75.05,81.2,70.52
71,0,CA1-SUB,session,10,3,30,11940,0.0204,0.0062,6,79.52,88.25,70.21,76.23,75.51,82.8,84.26,82.42,0.3376,0.2603,75.05,81.2,70.52
71,0,CA1-SUB,session,10,-3,-30,11940,0.0036,0.0094,6,62.69,89.44,73.58,75.49,75.51,82.8,84.26,82.42,0.3675,0.2812,75.05,81.2,70.52
71,0,CA1-SUB,session,10,4,40,11920,0.0387,0.0169,6,88.47,84.86,69.08,62.25,75.51,82.8,84.26,82.42,0.3707,0.3055,75.05,81.2,70.52
71,0,CA1-SUB,session,10,-4,-40,11920,0.0144,0.0012,6,84.47,84.33,81.79,85.43,75.51,82.8,84.26,82.42,0.3612,0.2431,75.05,81.2,70.52
71,0,CA1-SUB,session,10,5,50,11900,0.0145,0.0125,6,84.88,84.07,77.76,59.57,75.51,82.8,84.26,82.42,0.3539,0.2335,75.05,81.2,70.52
71,0,CA1-SUB,session,10,-5,-50,11900,0.0159,0.0017,6,77.17,86.12,75.98,88.8,75.51,82.8,84.26,82.42,0.342,0.2438,75.05,81.2,70.52
71,0,CA1-SUB,session,10,7,70,11860,0.0016,0.0116,6,83.19,86.46,66.77,74.22,75.51,82.8,84.26,82.42,0.4039,0.2766,75.05,81.2,70.52
71,0,CA1-SUB,session,10,-7,-70,11860,0.018,0.0008,6,77.11,86.92,78.83,81.03,75.51,82.8,84.26,82.42,0.2909,0.2346,75.05,81.2,70.52
71,0,CA1-SUB,session,10,10,100,11800,0.0025,0.0078,6,84.85,81.05,77.11,82.04,75.51,82.8,84.26,82.42,0.3548,0.2434,75.05,81.2,70.52
71,0,CA1-SUB,session,10,-10,-100,11800,0.0048,0.0089,6,80.44,88.43,85.39,70.68,75.51,82.8,84.26,82.42,0.3031,0.2191,75.05,81.2,70.52
71,0,CA1-SUB,session,10,15,150,11700,0.0071,0.0072,6,69.63,89.9,69.59,52.09,75.51,82.8,84.26,82.42,0.3016,0.2521,75.05,81.2,70.52
71,0,CA1-SUB,session,10,-15,-150,11700,0.0177,0.0088,6,86.35,82.49,89.47,86.03,75.51,82.8,84.26,82.42,0.3425,0.2704,75.05,81.2,70.52
71,0,CA1-SUB,session,10,20,200,11600,-0.0134,0.0072,6,81.97,88.96,80.61,81.67,75.51,82.8,84.26,82.42,0.3765,0.2699,75.05,81.2,70.52
71,0,CA1-SUB,session,10,-20,-200,11600,0.0112,-0.0014,6,75.47,87.94,89.7,78.24,75.51,82.8,84.26,82.42,0.3156,0.261,75.05,81.2,70.52
71,0,CA1-SUB,session,10,25,250,11500,0.0123,0.01,6,75.33,82.84,88.48,81.02,75.51,82.8,84.26,82.42,0.3616,0.2274,75.05,81.2,70.52
71,0,CA1-SUB,session,10,-25,-250,11500,-0.0027,0.0015,6,71.06,84.88,74.78,66.68,75.51,82.8,84.26,82.42,0.3212,0.2369,75.05,81.2,70.52
71,0,RSC-SUB,session,10,0,0,12000,0.6167,0.102,13,0.0,0.0,0.0,0.0,86.89,84.3,74.59,73.75,0.5642,0.2107,82.26,79.88,55.49
71,0,RSC-SUB,session,10,1,10,11980,0.1548,0.1192,13,81.28,85.2,55.67,49.46,86.89,84.3,74.59,73.75,0.5511,0.2126,82.26,79.88,55.49
71,0,RSC-SUB,session,10,-1,-10,11980,-0.0245,0.0386,13,85.37,78.78,39.87,43.86,86.89,84.3,74.59,73.75,0.5606,0.2327,82.26,79.88,55.49
71,0,RSC-SUB,session,10,2,20,11960,0.0086,-0.0059,13,79.63,79.26,72.39,76.43,86.89,84.3,74.59,73.75,0.5538,0.2075,82.26,79.88,55.49
71,0,RSC-SUB,session,10,-2,-20,11960,0.043,-0.0088,13,77.38,88.71,56.28,61.36,86.89,84.3,74.59,73.75,0.5552,0.2077,82.26,79.88,55.49
71,0,RSC-SUB,session,10,3,30,11940,0.0135,0.0072,13,77.37,88.98,58.82,63.82,86.89,84.3,74.59,73.75,0.5688,0.2329,82.26,79.88,55.49
71,0,RSC-SUB,session,10,-3,-30,11940,0.0124,0.0083,13,75.27,81.61,51.38,71.63,86.89,84.3,74.59,73.75,0.553,0.2077,82.26,79.88,55.49
71,0,RSC-SUB,session,10,4,40,11920,0.0094,0.0081,13,84.25,87.2,51.94,74.2,86.89,84.3,74.59,73.75,0.5584,0.2325,82.26,79.88,55.49
71,0,RSC-SUB,session,10,-4,-40,11920,0.0136,0.0117,13,82.17,73.36,59.0,70.07,86.89,84.3,74.59,73.75,0.5551,0.228,82.26,79.88,55.49
71,0,RSC-SUB,session,10,5,50,11900,0.0234,0.0118,13,76.63,71.45,69.14,79.69,86.89,84.3,74.59,73.75,0.5581,0.2223,82.26,79.88,55.49
71,0,RSC-SUB,session,10,-5,-50,11900,0.0179,0.0069,13,82.85,88.91,63.47,67.45,86.89,84.3,74.59,73.75,0.5624,0.2259,82.26,79.88,55.49
71,0,RSC-SUB,session,10,7,70,11860,0.0015,0.0016,13,76.73,86.63,59.58,76.15,86.89,84.3,74.59,73.75,0.5627,0.2462,82.26,79.88,55.49
71,0,RSC-SUB,session,10,-7,-70,11860,0.0052,0.0065,13,82.09,82.14,77.98,81.7,86.89,84.3,74.59,73.75,0.5606,0.2473,82.26,79.88,55.49
71,0,RSC-SUB,session,10,10,100,11800,0.0232,0.0087,13,84.09,77.72,66.15,64.27,86.89,84.3,74.59,73.75,0.5665,0.2488,82.26,79.88,55.49
71,0,RSC-SUB,session,10,-10,-100,11800,0.0068,0.0053,13,84.67,81.45,72.2,72.49,86.89,84.3,74.59,73.75,0.5589,0.2359,82.26,79.88,55.49
71,0,RSC-SUB,session,10,15,150,11700,0.0072,0.0005,13,75.56,75.94,58.83,66.47,86.89,84.3,74.59,73.75,0.5625,0.2181,82.26,79.88,55.49
71,0,RSC-SUB,session,10,-15,-150,11700,0.007,0.0015,13,77.14,86.73,68.07,83.19,86.89,84.3,74.59,73.75,0.5525,0.2164,82.26,79.88,55.49
71,0,RSC-SUB,session,10,20,200,11600,0.0021,0.0024,13,89.23,75.95,74.54,80.34,86.89,84.3,74.59,73.75,0.5554,0.2239,82.26,79.88,55.49
71,0,RSC-SUB,session,10,-20,-200,11600,-0.0089,0.0009,13,87.41,78.16,48.13,48.05,86.89,84.3,74.59,73.75,0.5567,0.2199,82.26,79.88,55.49
71,0,RSC-SUB,session,10,25,250,11500,0.0135,0.007,13,78.38,85.54,59.96,66.3,86.89,84.3,74.59,73.75,0.56,0.213,82.26,79.88,55.49
71,0,RSC-SUB,session,10,-25,-250,11500,0.0034,0.0036,13,86.12,86.6,63.4,73.07,86.89,84.3,74.59,73.75,0.5621,0.2298,82.26,79.88,55.49
71,0,V1-RSC,session,10,0,0,12000,0.704,0.417,14,0.0,0.0,0.0,0.0,84.54,75.5,35.15,49.41,0.4211,0.549,83.01,76.94,45.69
71,0,V1-RSC,session,10,1,10,11980,0.2368,0.169,14,64.09,67.85,13.37,14.3,84.54,75.5,35.15,49.41,0.4126,0.5447,83.01,76.94,45.69
71,0,V1-RSC,session,10,-1,-10,11980,0.2297,0.0947,14,77.77,77.66,17.79,17.33,84.54,75.5,35.15,49.41,0.4007,0.5485,83.01,76.94,45.69
71,0,V1-RSC,session,10,2,20,11960,0.1154,0.0773,14,77.85,86.35,28.95,39.06,84.54,75.5,35.15,49.41,0.4077,0.5456,83.01,76.94,45.69
71,0,V1-RSC,session,10,-2,-20,11960,0.1178,0.0503,14,73.79,87.63,21.54,21.8,84.54,75.5,35.15,49.41,0.4139,0.5514,83.01,76.94,45.69
71,0,V1-RSC,session,10,3,30,11940,0.0837,0.0573,14,54.12,67.69,78.82,79.81,84.54,75.5,35.15,49.41,0.4333,0.5589,83.01,76.94,45.69
71,0,V1-RSC,session,10,-3,-30,11940,0.0796,0.0641,14,71.82,87.49,22.14,20.2,84.54,75.5,35.15,49.41,0.4303,0.5683,83.01,76.94,45.69
71,0,V1-RSC,session,10,4,40,11920,0.0821,0.0614,14,86.46,82.69,67.43,88.7,84.54,75.5,35.15,49.41,0.4644,0.5788,83.01,76.94,45.69
71,0,V1-RSC,session,10,-4,-40,11920,0.0662,0.0538,14,78.99,84.47,48.42,39.23,84.54,75.5,35.15,49.41,0.419,0.5653,83.01,76.94,45.69
71,0,V1-RSC,session,10,5,50,11900,0.0743,0.0556,14,65.5,73.27,57.39,80.27,84.54,75.5,35.15,49.41,0.4507,0.5774,83.01,76.94,45.69
71,0,V1-RSC,session,10,-5,-50,11900,0.0616,0.0472,14,62.87,65.93,26.68,40.64,84.54,75.5,35.15,49.41,0.4514,0.5694,83.01,76.94,45.69
71,0,V1-RSC,session,10,7,70,11860,0.0872,0.0633,14,69.47,70.49,43.11,56.7,84.54,75.5,35.15,49.41,0.4494,0.5814,83.01,76.94,45.69
71,0,V1-RSC,session,10,-7,-70,11860,0.0672,0.0511,14,83.36,83.69,24.53,20.77,84.54,75.5,35.15,49.41,0.4153,0.5569,83.01,76.94,45.69
71,0,V1-RSC,session,10,10,100,11800,0.0822,0.0502,14,77.73,79.94,31.81,38.08,84.54,75.5,35.15,49.41,0.461,0.5847,83.01,76.94,45.69
71,0,V1-RSC,session,10,-10,-100,11800,0.0725,0.0497,14,81.09,81.08,26.93,18.56,84.54,75.5,35.15,49.41,0.4324,0.5625,83.01,76.94,45.69
71,0,V1-RSC,session,10,15,150,11700,0.1019,0.0524,14,62.3,56.7,44.84,36.82,84.54,75.5,35.15,49.41,0.4744,0.5888,83.01,76.94,45.69
71,0,V1-RSC,session,10,-15,-150,11700,0.0637,0.047,14,77.26,76.68,27.39,17.19,84.54,75.5,35.15,49.41,0.4364,0.5755,83.01,76.94,45.69
71,0,V1-RSC,session,10,20,200,11600,0.0814,0.0403,14,79.09,45.84,36.77,25.22,84.54,75.5,35.15,49.41,0.4481,0.5714,83.01,76.94,45.69
71,0,V1-RSC,session,10,-20,-200,11600,0.0675,0.0414,14,70.09,69.58,28.37,25.77,84.54,75.5,35.15,49.41,0.4347,0.5642,83.01,76.94,45.69
71,0,V1-RSC,session,10,25,250,11500,0.0639,0.0419,14,72.32,55.56,36.16,30.72,84.54,75.5,35.15,49.41,0.4151,0.5641,83.01,76.94,45.69
71,0,V1-RSC,session,10,-25,-250,11500,0.0707,0.0469,14,67.31,70.07,30.81,27.41,84.54,75.5,35.15,49.41,0.4291,0.56,83.01,76.94,45.69
73,1,CA1-RSC,session,10,0,0,12000,0.0319,0.0254,0,0.0,0.0,0.0,0.0,85.5,85.92,87.65,73.88,0.3885,0.4793,80.47,84.04,83.47
73,1,CA1-RSC,session,10,1,10,11980,0.0217,0.0168,0,76.8,74.2,39.95,73.34,85.5,85.92,87.65,73.88,0.3368,0.4916,80.47,84.04,83.47
73,1,CA1-RSC,session,10,-1,-10,11980,0.0095,0.0121,0,77.87,86.43,84.49,47.41,85.5,85.92,87.65,73.88,0.3549,0.4782,80.47,84.04,83.47
73,1,CA1-RSC,session,10,2,20,11960,0.0005,-0.0041,0,69.24,86.88,84.16,86.35,85.5,85.92,87.65,73.88,0.3236,0.4696,80.47,84.04,83.47
73,1,CA1-RSC,session,10,-2,-20,11960,0.0367,0.0191,0,84.69,89.93,80.06,87.45,85.5,85.92,87.65,73.88,0.4634,0.5042,80.47,84.04,83.47
73,1,CA1-RSC,session,10,3,30,11940,-0.0255,-0.0161,0,79.56,86.02,60.18,71.9,85.5,85.92,87.65,73.88,0.3601,0.4813,80.47,84.04,83.47
73,1,CA1-RSC,session,10,-3,-30,11940,0.0296,0.0145,0,81.5,72.87,49.24,88.43,85.5,85.92,87.65,73.88,0.3983,0.5023,80.47,84.04,83.47
73,1,CA1-RSC,session,10,4,40,11920,-0.018,-0.0122,0,89.29,81.16,69.18,76.87,85.5,85.92,87.65,73.88,0.3688,0.4798,80.47,84.04,83.47
73,1,CA1-RSC,session,10,-4,-40,11920,-0.0111,0.0016,0,82.26,86.2,50.3,78.98,85.5,85.92,87.65,73.88,0.366,0.4857,80.47,84.04,83.47
73,1,CA1-RSC,session,10,5,50,11900,-0.0013,0.0003,0,81.78,85.17,79.91,78.34,85.5,85.92,87.65,73.88,0.3242,0.4824,80.47,84.04,83.47
73,1,CA1-RSC,session,10,-5,-50,11900,0.0065,-0.0015,0,84.04,86.86,76.97,80.87,85.5,85.92,87.65,73.88,0.3636,0.4737,80.47,84.04,83.47
73,1,CA1-RSC,session,10,7,70,11860,-0.006,0.0078,0,82.07,84.84,56.6,82.64,85.5,85.92,87.65,73.88,0.3791,0.4793,80.47,84.04,83.47
73,1,CA1-RSC,session,10,-7,-70,11860,0.0049,-0.0011,0,83.77,88.24,72.46,73.62,85.5,85.92,87.65,73.88,0.3544,0.4899,80.47,84.04,83.47
73,1,CA1-RSC,session,10,10,100,11800,0.0021,0.0024,0,87.79,70.87,78.16,84.19,85.5,85.92,87.65,73.88,0.368,0.471,80.47,84.04,83.47
73,1,CA1-RSC,session,10,-10,-100,11800,-0.0128,0.0024,0,77.83,83.12,74.28,77.24,85.5,85.92,87.65,73.88,0.3746,0.47,80.47,84.04,83.47
73,1,CA1-RSC,session,10,15,150,11700,-0.0108,-0.0074,0,88.39,86.22,79.09,62.98,85.5,85.92,87.65,73.88,0.3492,0.4856,80.47,84.04,83.47
73,1,CA1-RSC,session,10,-15,-150,11700,-0.0014,0.0006,0,86.17,82.52,54.53,58.35,85.5,85.92,87.65,73.88,0.3893,0.4872,80.47,84.04,83.47
73,1,CA1-RSC,session,10,20,200,11600,-0.0074,-0.0129,0,82.8,86.53,85.85,71.13,85.5,85.92,87.65,73.88,0.367,0.4676,80.47,84.04,83.47
73,1,CA1-RSC,session,10,-20,-200,11600,-0.0097,-0.0098,0,76.42,89.77,89.78,64.39,85.5,85.92,87.65,73.88,0.3841,0.4775,80.47,84.04,83.47
73,1,CA1-RSC,session,10,25,250,11500,0.011,0.017,0,88.88,88.64,56.94,89.78,85.5,85.92,87.65,73.88,0.3807,0.4752,80.47,84.04,83.47
73,1,CA1-RSC,session,10,-25,-250,11500,-0.0037,-0.0039,0,82.98,89.26,68.51,61.93,85.5,85.92,87.65,73.88,0.3906,0.458,80.47,84.04,83.47
73,1,CA1-DG,session,10,0,0,12000,0.0246,0.0313,5,0.0,0.0,0.0,0.0,87.15,87.19,85.11,88.55,0.3541,0.3252,86.48,80.59,36.25
73,1,CA1-DG,session,10,1,10,11980,0.0204,0.016,5,68.38,57.56,62.61,62.82,87.15,87.19,85.11,88.55,0.3652,0.3164,86.48,80.59,36.25
73,1,CA1-DG,session,10,-1,-10,11980,0.0551,0.0173,5,79.0,73.7,66.22,64.45,87.15,87.19,85.11,88.55,0.3658,0.2906,86.48,80.59,36.25
73,1,CA1-DG,session,10,2,20,11960,-0.0026,-0.0076,5,76.8,81.57,76.13,66.81,87.15,87.19,85.11,88.55,0.3172,0.2739,86.48,80.59,36.25
73,1,CA1-DG,session,10,-2,-20,11960,0.0001,0.0052,5,75.84,72.04,74.86,62.34,87.15,87.19,85.11,88.55,0.3361,0.2825,86.48,80.59,36.25
73,1,CA1-DG,session,10,3,30,11940,-0.0011,0.0031,5,88.09,84.51,81.99,70.08,87.15,87.19,85.11,88.55,0.366,0.3478,86.48,80.59,36.25
73,1,CA1-DG,session,10,-3,-30,11940,0.0108,0.0115,5,87.19,85.06,88.78,85.23,87.15,87.19,85.11,88.55,0.382,0.3743,86.48,80.59,36.25
73,1,CA1-DG,session,10,4,40,11920,0.0072,0.0107,5,84.24,87.73,85.21,73.56,87.15,87.19,85.11,88.55,0.352,0.3738,86.48,80.59,36.25
73,1,CA1-DG,session,10,-4,-40,11920,-0.0002,0.0108,5,85.47,84.22,89.35,79.54,87.15,87.19,85.11,88.55,0.4181,0.3098,86.48,80.59,36.25
73,1,CA1-DG,session,10,5,50,11900,-0.0003,0.0062,5,82.95,89.56,81.11,73.78,87.15,87.19,85.11,88.55,0.3846,0.3609,86.48,80.59,36.25
73,1,CA1-DG,session,10,-5,-50,11900,-0.0067,-0.0039,5,81.66,74.9,84.32,80.64,87.15,87.19,85.11,88.55,0.4106,0.3227,86.48,80.59,36.25
73,1,CA1-DG,session,10,7,70,11860,0.0139,0.0158,5,82.41,89.34,71.45,62.24,87.15,87.19,85.11,88.55,0.3769,0.3451,86.48,80.59,36.25
73,1,CA1-DG,session,10,-7,-70,11860,0.0117,0.0064,5,84.72,83.39,67.21,78.49,87.15,87.19,85.11,88.55,0.3762,0.3785,86.48,80.59,36.25
73,1,CA1-DG,session,10,10,100,11800,0.0024,0.015,5,74.3,84.22,87.39,86.81,87.15,87.19,85.11,88.55,0.3276,0.3074,86.48,80.59,36.25
73,1,CA1-DG,session,10,-10,-100,11800,0.0059,0.013,5,89.8,71.92,88.21,78.92,87.15,87.19,85.11,88.55,0.3573,0.3292,86.48,80.59,36.25
73,1,CA1-DG,session,10,15,150,11700,0.0312,0.0135,5,72.43,81.44,76.19,65.09,87.15,87.19,85.11,88.55,0.3672,0.2815,86.48,80.59,36.25
73,1,CA1-DG,session,10,-15,-150,11700,0.0044,0.0091,5,89.49,88.09,86.29,81.55,87.15,87.19,85.11,88.55,0.3466,0.2896,86.48,80.59,36.25
73,1,CA1-DG,session,10,20,200,11600,0.0031,0.0033,5,82.91,89.95,74.56,75.08,87.15,87.19,85.11,88.55,0.3287,0.3849,86.48,80.59,36.25
73,1,CA1-DG,session,10,-20,-200,11600,-0.0055,-0.009,5,75.94,89.03,85.78,88.11,87.15,87.19,85.11,88.55,0.4177,0.3741,86.48,80.59,36.25
73,1,CA1-DG,session,10,25,250,11500,-0.0064,-0.005,5,82.94,87.07,82.2,88.1,87.15,87.19,85.11,88.55,0.3986,0.284,86.48,80.59,36.25
73,1,CA1-DG,session,10,-25,-250,11500,0.0154,0.0136,5,75.93,82.1,74.9,82.45,87.15,87.19,85.11,88.55,0.3425,0.2968,86.48,80.59,36.25
73,1,CA1-V1,session,10,0,0,12000,0.1899,0.0284,5,0.0,0.0,0.0,0.0,87.69,87.52,82.18,88.29,0.3417,0.4455,79.47,89.82,83.45
73,1,CA1-V1,session,10,1,10,11980,-0.0194,-0.0208,5,71.94,84.79,86.06,56.89,87.69,87.52,82.18,88.29,0.3398,0.4781,79.47,89.82,83.45
73,1,CA1-V1,session,10,-1,-10,11980,0.0311,0.0231,5,51.83,56.03,49.51,47.81,87.69,87.52,82.18,88.29,0.393,0.4791,79.47,89.82,83.45
73,1,CA1-V1,session,10,2,20,11960,-0.0236,-0.0141,5,77.53,89.73,74.03,73.65,87.69,87.52,82.18,88.29,0.3518,0.4713,79.47,89.82,83.45
73,1,CA1-V1,session,10,-2,-20,11960,-0.0255,-0.0049,5,80.51,79.43,89.58,76.46,87.69,87.52,82.18,88.29,0.4152,0.3786,79.47,89.82,83.45
73,1,CA1-V1,session,10,3,30,11940,0.0163,0.0033,5,76.08,89.36,72.38,79.77,87.69,87.52,82.18,88.29,0.3594,0.432,79.47,89.82,83.45
73,1,CA1-V1,session,10,-3,-30,11940,0.0136,0.0079,5,79.75,79.38,87.01,80.68,87.69,87.52,82.18,88.29,0.3546,0.4473,79.47,89.82,83.45
73,1,CA1-V1,session,10,4,40,11920,0.0103,0.0159,5,85.25,84.67,89.11,61.33,87.69,87.52,82.18,88.29,0.3514,0.4224,79.47,89.82,83.45
73,1,CA1-V1,session,10,-4,-40,11920,0.0437,0.0239,5,84.7,83.41,88.15,87.17,87.69,87.52,82.18,88.29,0.5098,0.5447,79.47,89.82,83.45
73,1,CA1-V1,session,10,5,50,11900,-0.0052,0.0025,5,89.96,84.23,82.47,78.97,87.69,87.52,82.18,88.29,0.3085,0.4757,79.47,89.82,83.45
73,1,CA1-V1,session,10,-5,-50,11900,0.0055,-0.0014,5,86.9,88.07,80.77,81.46,87.69,87.52,82.18,88.29,0.3533,0.4586,79.47,89.82,83.45
73,1,CA1-V1,session,10,7,70,11860,0.0102,0.0057,5,78.05,81.94,75.47,65.94,87.69,87.52,82.18,88.29,0.4014,0.43,79.47,89.82,83.45
73,1,CA1-V1,session,10,-7,-70,11860,-0.0076,0.0054,5,82.9,78.37,81.76,62.65,87.69,87.52,82.18,88.29,0.3326,0.348,79.47,89.82,83.45
73,1,CA1-V1,session,10,10,100,11800,-0.0265,-0.0071,5,80.88,59.86,82.96,73.58,87.69,87.52,82.18,88.29,0.4052,0.4404,79.47,89.82,83.45
73,1,CA1-V1,session,10,-10,-100,11800,0.0128,0.0034,5,85.8,84.07,74.1,58.71,87.69,87.52,82.18,88.29,0.3644,0.4198,79.47,89.82,83.45
73,1,CA1-V1,session,10,15,150,11700,-0.0066,-0.007,5,83.1,87.76,88.71,89.19,87.69,87.52,82.18,88.29,0.3466,0.3813,79.47,89.82,83.45
73,1,CA1-V1,session,10,-15,-150,11700,-0.0133,0.0084,5,79.86,81.15,70.22,89.85,87.69,87.52,82.18,88.29,0.3177,0.3696,79.47,89.82,83.45
73,1,CA1-V1,session,10,20,200,11600,0.0146,-0.0031,5,80.06,87.71,87.61,87.46,87.69,87.52,82.18,88.29,0.3913,0.4563,79.47,89.82,83.45
73,1,CA1-V1,session,10,-20,-200,11600,0.0082,0.0069,5,84.61,81.36,84.4,83.73,87.69,87.52,82.18,88.29,0.2943,0.4376,79.47,89.82,83.45
73,1,CA1-V1,session,10,25,250,11500,-0.008,0.0013,5,74.04,84.07,89.13,80.42,87.69,87.52,82.18,88.29,0.3989,0.3456,79.47,89.82,83.45
73,1,CA1-V1,session,10,-25,-250,11500,0.0197,0.013,5,58.33,60.4,88.62,67.93,87.69,87.52,82.18,88.29,0.3472,0.3615,79.47,89.82,83.45
73,1,CA1-SUB,session,10,0,0,12000,0.2174,0.0181,6,0.0,0.0,0.0,0.0,85.07,81.47,70.23,70.86,0.3521,0.1524,81.6,83.11,88.8
73,1,CA1-SUB,session,10,1,10,11980,-0.0187,0.0312,6,71.44,85.9,58.08,78.58,85.07,81.47,70.23,70.86,0.3326,0.2262,81.6,83.11,88.8
73,1,CA1-SUB,session,10,-1,-10,11980,0.0329,0.0152,6,73.65,73.04,62.74,59.76,85.07,81.47,70.23,70.86,0.3835,0.1326,81.6,83.11,88.8
73,1,CA1-SUB,session,10,2,20,11960,0.059,0.0255,6,87.13,85.45,53.78,57.94,85.07,81.47,70.23,70.86,0.2934,0.3042,81.6,83.11,88.8
73,1,CA1-SUB,session,10,-2,-20,11960,0.0441,0.0197,6,89.7,85.6,51.41,63.94,85.07,81.47,70.23,70.86,0.3043,0.2006,81.6,83.11,88.8
73,1,CA1-SUB,session,10,3,30,11940,0.0122,0.0128,6,89.38,85.5,83.64,80.31,85.07,81.47,70.23,70.86,0.3479,0.2411,81.6,83.11,88.8
73,1,CA1-SUB,session,10,-3,-30,11940,0.039,0.0294,6,84.66,80.73,61.8,76.68,85.07,81.47,70.23,70.86,0.3403,0.2181,81.6,83.11,88.8
73,1,CA1-SUB,session,10,4,40,11920,0.0073,-0.0052,6,83.12,88.2,83.97,81.87,85.07,81.47,70.23,70.86,0.3343,0.2737,81.6,83.11,88.8
73,1,CA1-SUB,session,10,-4,-40,11920,0.0279,0.0143,6,87.66,88.15,49.34,82.3,85.07,81.47,70.23,70.86,0.3068,0.173,81.6,83.11,88.8
73,1,CA1-SUB,session,10,5,50,11900,0.0143,0.0089,6,79.77,83.28,58.93,86.73,85.07,81.47,70.23,70.86,0.3931,0.1954,81.6,83.11,88.8
73,1,CA1-SUB,session,10,-5,-50,11900,-0.0014,0.0113,6,80.4,84.0,88.73,84.64,85.07,81.47,70.23,70.86,0.3757,0.1749,81.6,83.11,88.8
73,1,CA1-SUB,session,10,7,70,11860,0.0135,0.0048,6,87.03,87.12,78.97,80.11,85.07,81.47,70.23,70.86,0.3703,0.1837,81.6,83.11,88.8
73,1,CA1-SUB,session,10,-7,-70,11860,0.01,-0.0007,6,87.89,87.88,89.99,83.88,85.07,81.47,70.23,70.86,0.3406,0.2319,81.6,83.11,88.8
73,1,CA1-SUB,session,10,10,100,11800,0.0426,0.0256,6,80.45,87.49,78.91,51.78,85.07,81.47,70.23,70.86,0.2748,0.1848,81.6,83.11,88.8
73,1,CA1-SUB,session,10,-10,-100,11800,0.0008,0.0007,6,87.19,85.06,63.95,83.89,85.07,81.47,70.23,70.86,0.3712,0.215,81.6,83.11,88.8
73,1,CA1-SUB,session,10,15,150,11700,0.0197,0.0146,6,68.94,72.64,58.37,72.19,85.07,81.47,70.23,70.86,0.3951,0.2366,81.6,83.11,88.8
73,1,CA1-SUB,session,10,-15,-150,11700,0.0124,0.0141,6,85.33,85.34,85.1,89.49,85.07,81.47,70.23,70.86,0.3975,0.1619,81.6,83.11,88.8
73,1,CA1-SUB,session,10,20,200,11600,-0.014,0.009,6,86.04,75.45,57.79,84.32,85.07,81.47,70.23,70.86,0.3635,0.2103,81.6,83.11,88.8
73,1,CA1-SUB,session,10,-20,-200,11600,-0.0029,-0.0035,6,78.11,89.32,59.14,85.9,85.07,81.47,70.23,70.86,0.3913,0.2275,81.6,83.11,88.8
73,1,CA1-SUB,session,10,25,250,11500,0.0168,0.0243,6,79.37,80.31,73.89,55.06,85.07,81.47,70.23,70.86,0.31,0.1653,81.6,83.11,88.8
73,1,CA1-SUB,session,10,-25,-250,11500,0.0055,-0.0094,6,67.12,87.58,89.72,69.8,85.07,81.47,70.23,70.86,0.3472,0.1394,81.6,83.11,88.8
73,1,RSC-SUB,session,10,0,0,12000,0.0832,0.0696,0,0.0,0.0,0.0,0.0,80.97,83.41,76.45,73.65,0.4593,0.154,81.04,62.17,56.95
73,1,RSC-SUB,session,10,1,10,11980,0.0689,0.0433,0,71.42,58.39,38.35,44.46,80.97,83.41,76.45,73.65,0.4542,0.1494,81.04,62.17,56.95
73,1,RSC-SUB,session,10,-1,-10,11980,0.111,0.057,0,55.92,49.28,42.71,47.15,80.97,83.41,76.45,73.65,0.4688,0.1911,81.04,62.17,56.95
73,1,RSC-SUB,session,10,2,20,11960,0.0483,0.0418,0,77.56,86.58,44.87,46.82,80.97,83.41,76.45,73.65,0.4549,0.1637,81.04,62.17,56.95
73,1,RSC-SUB,session,10,-2,-20,11960,0.0374,0.0458,0,57.61,53.23,41.32,48.91,80.97,83.41,76.45,73.65,0.4536,0.2045,81.04,62.17,56.95
73,1,RSC-SUB,session,10,3,30,11940,0.0461,0.0347,0,87.13,89.96,50.44,56.24,80.97,83.41,76.45,73.65,0.4559,0.1895,81.04,62.17,56.95
73,1,RSC-SUB,session,10,-3,-30,11940,0.0213,0.0398,0,55.42,67.65,60.18,69.63,80.97,83.41,76.45,73.65,0.4738,0.1761,81.04,62.17,56.95
73,1,RSC-SUB,session,10,4,40,11920,0.0482,0.0473,0,77.82,69.4,36.2,42.14,80.97,83.41,76.45,73.65,0.4836,0.2845,81.04,62.17,56.95
73,1,RSC-SUB,session,10,-4,-40,11920,0.0238,0.0223,0,78.25,80.07,56.14,53.98,80.97,83.41,76.45,73.65,0.4786,0.1772,81.04,62.17,56.95
73,1,RSC-SUB,session,10,5,50,11900,0.0637,0.0565,0,74.83,69.58,56.34,57.54,80.97,83.41,76.45,73.65,0.4666,0.2958,81.04,62.17,56.95
73,1,RSC-SUB,session,10,-5,-50,11900,0.053,0.0507,0,60.62,51.36,49.23,57.39,80.97,83.41,76.45,73.65,0.4727,0.2506,81.04,62.17,56.95
73,1,RSC-SUB,session,10,7,70,11860,0.0231,0.0294,0,83.06,63.61,42.01,53.66,80.97,83.41,76.45,73.65,0.4746,0.2425,81.04,62.17,56.95
73,1,RSC-SUB,session,10,-7,-70,11860,0.0394,0.0244,0,60.95,63.47,65.3,74.35,80.97,83.41,76.45,73.65,0.4593,0.1815,81.04,62.17,56.95
73,1,RSC-SUB,session,10,10,100,11800,0.0468,0.0288,0,46.78,62.35,31.85,46.04,80.97,83.41,76.45,73.65,0.4652,0.1872,81.04,62.17,56.95
73,1,RSC-SUB,session,10,-10,-100,11800,0.0437,0.0301,0,59.8,50.6,42.75,50.72,80.97,83.41,76.45,73.65,0.4595,0.204,81.04,62.17,56.95
73,1,RSC-SUB,session,10,15,150,11700,0.03,0.0312,0,63.08,57.04,62.39,74.68,80.97,83.41,76.45,73.65,0.4559,0.1806,81.04,62.17,56.95
73,1,RSC-SUB,session,10,-15,-150,11700,0.0049,0.0182,0,65.5,62.83,68.26,82.51,80.97,83.41,76.45,73.65,0.4645,0.1811,81.04,62.17,56.95
73,1,RSC-SUB,session,10,20,200,11600,0.0298,0.0161,0,63.06,87.5,44.89,55.57,80.97,83.41,76.45,73.65,0.4579,0.1477,81.04,62.17,56.95
73,1,RSC-SUB,session,10,-20,-200,11600,0.0421,0.0274,0,75.37,78.71,43.69,54.18,80.97,83.41,76.45,73.65,0.4633,0.1847,81.04,62.17,56.95
73,1,RSC-SUB,session,10,25,250,11500,0.0393,0.0268,0,77.25,70.53,46.97,49.59,80.97,83.41,76.45,73.65,0.463,0.1987,81.04,62.17,56.95
73,1,RSC-SUB,session,10,-25,-250,11500,0.0363,0.0209,0,71.2,76.24,61.76,59.16,80.97,83.41,76.45,73.65,0.4598,0.1739,81.04,62.17,56.95
73,1,V1-RSC,session,10,0,0,12000,0.0698,0.0952,4,0.0,0.0,0.0,0.0,89.48,80.94,85.63,50.45,0.8734,0.4772,86.0,84.44,6.81
73,1,V1-RSC,session,10,1,10,11980,0.0873,0.0674,4,72.64,65.37,1.36,66.27,89.48,80.94,85.63,50.45,0.8937,0.4843,86.0,84.44,6.81
73,1,V1-RSC,session,10,-1,-10,11980,0.0503,0.0434,4,63.57,75.02,1.33,73.51,89.48,80.94,85.63,50.45,0.8565,0.4857,86.0,84.44,6.81
73,1,V1-RSC,session,10,2,20,11960,0.2024,0.104,4,87.2,76.74,3.69,65.95,89.48,80.94,85.63,50.45,0.8881,0.5707,86.0,84.44,6.81
73,1,V1-RSC,session,10,-2,-20,11960,0.0695,0.031,4,79.68,76.52,1.06,80.45,89.48,80.94,85.63,50.45,0.9373,0.5153,86.0,84.44,6.81
73,1,V1-RSC,session,10,3,30,11940,0.1687,0.0989,4,80.97,61.74,4.34,64.79,89.48,80.94,85.63,50.45,0.898,0.5674,86.0,84.44,6.81
73,1,V1-RSC,session,10,-3,-30,11940,0.0813,0.0406,4,85.99,78.07,3.07,84.23,89.48,80.94,85.63,50.45,0.8844,0.5114,86.0,84.44,6.81
73,1,V1-RSC,session,10,4,40,11920,0.1295,0.0786,4,88.95,85.09,3.14,65.94,89.48,80.94,85.63,50.45,0.8958,0.5414,86.0,84.44,6.81
73,1,V1-RSC,session,10,-4,-40,11920,0.0736,0.0391,4,87.99,83.38,4.6,87.41,89.48,80.94,85.63,50.45,0.8807,0.5176,86.0,84.44,6.81
73,1,V1-RSC,session,10,5,50,11900,0.1485,0.0817,4,89.03,82.59,4.96,70.05,89.48,80.94,85.63,50.45,0.8416,0.5494,86.0,84.44,6.81
73,1,V1-RSC,session,10,-5,-50,11900,0.0507,0.0377,4,73.43,68.21,3.68,89.01,89.48,80.94,85.63,50.45,0.8607,0.4883,86.0,84.44,6.81
73,1,V1-RSC,session,10,7,70,11860,0.0826,0.0546,4,62.85,76.92,1.66,83.47,89.48,80.94,85.63,50.45,0.9168,0.52,86.0,84.44,6.81
73,1,V1-RSC,session,10,-7,-70,11860,0.0675,0.0436,4,78.25,87.46,1.66,86.79,89.48,80.94,85.63,50.45,0.8809,0.483,86.0,84.44,6.81
73,1,V1-RSC,session,10,10,100,11800,0.0605,0.046,4,79.3,79.22,2.26,89.71,89.48,80.94,85.63,50.45,0.8702,0.5255,86.0,84.44,6.81
73,1,V1-RSC,session,10,-10,-100,11800,0.059,0.0328,4,89.17,87.66,2.58,84.0,89.48,80.94,85.63,50.45,0.8688,0.4996,86.0,84.44,6.81
73,1,V1-RSC,session,10,15,150,11700,0.0122,0.0281,4,80.15,84.37,3.41,84.23,89.48,80.94,85.63,50.45,0.9139,0.5034,86.0,84.44,6.81
73,1,V1-RSC,session,10,-15,-150,11700,0.0349,0.0373,4,73.25,86.96,3.22,84.03,89.48,80.94,85.63,50.45,0.8716,0.4959,86.0,84.44,6.81
73,1,V1-RSC,session,10,20,200,11600,0.0436,0.0297,4,86.44,79.38,1.52,88.47,89.48,80.94,85.63,50.45,0.8924,0.483,86.0,84.44,6.81
73,1,V1-RSC,session,10,-20,-200,11600,0.0368,0.0351,4,87.66,85.89,4.84,88.52,89.48,80.94,85.63,50.45,0.8363,0.4876,86.0,84.44,6.81
73,1,V1-RSC,session,10,25,250,11500,0.0367,0.0295,4,83.1,77.98,3.06,87.23,89.48,80.94,85.63,50.45,0.8889,0.4802,86.0,84.44,6.81
73,1,V1-RSC,session,10,-25,-250,11500,0.0354,0.0134,4,65.59,89.46,3.92,87.95,89.48,80.94,85.63,50.45,0.8799,0.4789,86.0,84.44,6.81
75,1,CA1-RSC,session,10,0,0,12000,0.1839,0.1315,2,0.0,0.0,0.0,0.0,90.0,85.29,90.0,70.89,0.4311,0.7085,71.46,89.91,38.14
75,1,CA1-RSC,session,10,1,10,11980,0.0528,0.0598,2,61.97,85.72,58.67,67.31,90.0,85.29,90.0,70.89,0.486,0.7023,71.46,89.91,38.14
75,1,CA1-RSC,session,10,-1,-10,11980,0.0837,0.0651,2,89.53,87.24,89.29,88.17,90.0,85.29,90.0,70.89,0.2939,0.7065,71.46,89.91,38.14
75,1,CA1-RSC,session,10,2,20,11960,0.0294,0.021,2,85.55,83.07,73.43,76.23,90.0,85.29,90.0,70.89,0.4776,0.6889,71.46,89.91,38.14
75,1,CA1-RSC,session,10,-2,-20,11960,0.0142,0.0056,2,78.67,70.07,14.42,23.05,90.0,85.29,90.0,70.89,0.3506,0.6958,71.46,89.91,38.14
75,1,CA1-RSC,session,10,3,30,11940,0.0613,0.0295,2,70.88,86.02,46.09,84.22,90.0,85.29,90.0,70.89,0.4784,0.6914,71.46,89.91,38.14
75,1,CA1-RSC,session,10,-3,-30,11940,0.0166,0.0293,2,86.16,86.71,85.26,88.81,90.0,85.29,90.0,70.89,0.381,0.6962,71.46,89.91,38.14
75,1,CA1-RSC,session,10,4,40,11920,0.0571,0.0279,2,85.59,80.55,69.5,88.19,90.0,85.29,90.0,70.89,0.3883,0.6902,71.46,89.91,38.14
75,1,CA1-RSC,session,10,-4,-40,11920,0.0384,0.0222,2,88.57,84.47,86.67,86.03,90.0,85.29,90.0,70.89,0.3401,0.703,71.46,89.91,38.14
75,1,CA1-RSC,session,10,5,50,11900,0.0191,0.0285,2,73.21,85.44,84.91,86.12,90.0,85.29,90.0,70.89,0.3925,0.6965,71.46,89.91,38.14
75,1,CA1-RSC,session,10,-5,-50,11900,0.0316,0.0228,2,72.78,87.53,77.93,86.85,90.0,85.29,90.0,70.89,0.4865,0.7005,71.46,89.91,38.14
75,1,CA1-RSC,session,10,7,70,11860,0.0332,0.0204,2,86.2,89.62,79.08,77.33,90.0,85.29,90.0,70.89,0.3197,0.6982,71.46,89.91,38.14
75,1,CA1-RSC,session,10,-7,-70,11860,0.0037,0.003,2,78.95,83.89,73.0,85.13,90.0,85.29,90.0,70.89,0.3242,0.6952,71.46,89.91,38.14
75,1,CA1-RSC,session,10,10,100,11800,0.0026,0.0195,2,87.89,86.17,88.0,88.55,90.0,85.29,90.0,70.89,0.3763,0.6862,71.46,89.91,38.14
75,1,CA1-RSC,session,10,-10,-100,11800,0.0007,0.0097,2,79.53,89.68,76.28,81.41,90.0,85.29,90.0,70.89,0.4177,0.6948,71.46,89.91,38.14
75,1,CA1-RSC,session,10,15,150,11700,0.0312,0.0371,2,86.32,86.56,16.26,36.37,90.0,85.29,90.0,70.89,0.3409,0.7044,71.46,89.91,38.14
75,1,CA1-RSC,session,10,-15,-150,11700,0.0384,0.031,2,79.73,86.13,80.12,79.15,90.0,85.29,90.0,70.89,0.437,0.7155,71.46,89.91,38.14
75,1,CA1-RSC,session,10,20,200,11600,0.001,0.0206,2,79.75,83.46,86.18,88.67,90.0,85.29,90.0,70.89,0.3535,0.7012,71.46,89.91,38.14
75,1,CA1-RSC,session,10,-20,-200,11600,-0.0141,0.0083,2,79.26,88.95,22.11,89.75,90.0,85.29,90.0,70.89,0.309,0.695,71.46,89.91,38.14
75,1,CA1-RSC,session,10,25,250,11500,0.0362,0.0208,2,72.83,86.68,77.95,78.7,90.0,85.29,90.0,70.89,0.3461,0.6909,71.46,89.91,38.14
75,1,CA1-RSC,session,10,-25,-250,11500,0.0352,0.0175,2,74.0,80.38,82.19,79.86,90.0,85.29,90.0,70.89,0.4371,0.7029,71.46,89.91,38.14
75,1,CA1-DG,session,10,0,0,12000,0.2009,0.1373,2,0.0,0.0,0.0,0.0,89.45,87.16,86.09,78.28,0.5519,0.5602,78.72,86.12,77.98
75,1,CA1-DG,session,10,1,10,11980,0.0767,0.0341,2,86.94,74.36,73.97,77.02,89.45,87.16,86.09,78.28,0.414,0.5591,78.72,86.12,77.98
75,1,CA1-DG,session,10,-1,-10,11980,0.0999,0.082,2,88.13,80.79,4.51,10.99,89.45,87.16,86.09,78.28,0.5719,0.6131,78.72,86.12,77.98
75,1,CA1-DG,session,10,2,20,11960,0.0474,0.0183,2,76.93,82.54,77.53,83.6,89.45,87.16,86.09,78.28,0.3533,0.563,78.72,86.12,77.98
75,1,CA1-DG,session,10,-2,-20,11960,0.0348,0.0469,2,70.28,88.77,4.95,12.44,89.45,87.16,86.09,78.28,0.4358,0.5635,78.72,86.12,77.98
75,1,CA1-DG,session,10,3,30,11940,0.0729,0.0334,2,83.72,87.79,75.41,83.79,89.45,87.16,86.09,78.28,0.3731,0.5653,78.72,86.12,77.98
75,1,CA1-DG,session,10,-3,-30,11940,0.0358,0.0569,2,77.77,77.27,5.37,18.2,89.45,87.16,86.09,78.28,0.376,0.5557,78.72,86.12,77.98
75,1,CA1-DG,session,10,4,40,11920,0.0594,0.0332,2,88.35,87.13,89.78,86.7,89.45,87.16,86.09,78.28,0.4162,0.5499,78.72,86.12,77.98
75,1,CA1-DG,session,10,-4,-40,11920,0.0879,0.0428,2,82.16,80.02,89.43,89.29,89.45,87.16,86.09,78.28,0.3593,0.5637,78.72,86.12,77.98
75,1,CA1-DG,session,10,5,50,11900,0.0741,0.0307,2,85.08,73.27,83.03,83.54,89.45,87.16,86.09,78.28,0.4074,0.526,78.72,86.12,77.98
75,1,CA1-DG,session,10,-5,-50,11900,0.0235,0.0115,2,81.81,89.03,84.08,87.24,89.45,87.16,86.09,78.28,0.5349,0.5242,78.72,86.12,77.98
75,1,CA1-DG,session,10,7,70,11860,-0.0079,0.0099,2,84.13,78.39,89.87,40.38,89.45,87.16,86.09,78.28,0.4494,0.516,78.72,86.12,77.98
75,1,CA1-DG,session,10,-7,-70,11860,0.0236,0.0222,2,87.37,83.79,78.43,85.87,89.45,87.16,86.09,78.28,0.3994,0.5295,78.72,86.12,77.98
75,1,CA1-DG,session,10,10,100,11800,0.0209,0.0336,2,83.39,89.66,87.34,88.04,89.45,87.16,86.09,78.28,0.3662,0.5042,78.72,86.12,77.98
75,1,CA1-DG,session,10,-10,-100,11800,0.0738,0.0365,2,70.19,88.89,82.91,88.72,89.45,87.16,86.09,78.28,0.4069,0.5406,78.72,86.12,77.98
75,1,CA1-DG,session,10,15,150,11700,0.0327,0.0149,2,83.81,88.44,19.13,86.78,89.45,87.16,86.09,78.28,0.4685,0.5224,78.72,86.12,77.98
75,1,CA1-DG,session,10,-15,-150,11700,0.0351,0.0098,2,87.59,89.89,80.25,87.1,89.45,87.16,86.09,78.28,0.4012,0.566,78.72,86.12,77.98
75,1,CA1-DG,session,10,20,200,11600,0.0203,0.0086,2,79.46,82.44,79.69,89.14,89.45,87.16,86.09,78.28,0.4554,0.492,78.72,86.12,77.98
75,1,CA1-DG,session,10,-20,-200,11600,0.0137,0.0187,2,87.1,86.37,89.84,70.09,89.45,87.16,86.09,78.28,0.4378,0.5702,78.72,86.12,77.98
75,1,CA1-DG,session,10,25,250,11500,0.0453,0.0151,2,89.82,86.05,85.43,84.97,89.45,87.16,86.09,78.28,0.3636,0.5132,78.72,86.12,77.98
75,1,CA1-DG,session,10,-25,-250,11500,-0.0151,0.0045,2,83.71,89.21,68.06,79.39,89.45,87.16,86.09,78.28,0.4409,0.5692,78.72,86.12,77.98
75,1,CA1-V1,session,10,0,0,12000,-0.1299,-0.0306,7,0.0,0.0,0.0,0.0,89.63,74.71,78.33,66.64,0.4439,0.5176,87.48,84.36,71.0
75,1,CA1-V1,session,10,1,10,11980,0.0298,0.0239,7,83.52,86.07,46.34,52.94,89.63,74.71,78.33,66.64,0.4193,0.4909,87.48,84.36,71.0
75,1,CA1-V1,session,10,-1,-10,11980,-0.0872,-0.0267,7,83.88,77.34,67.99,71.62,89.63,74.71,78.33,66.64,0.4756,0.4995,87.48,84.36,71.0
75,1,CA1-V1,session,10,2,20,11960,0.0001,-0.0121,7,84.62,89.7,48.02,77.47,89.63,74.71,78.33,66.64,0.3897,0.5213,87.48,84.36,71.0
75,1,CA1-V1,session,10,-2,-20,11960,0.0214,0.0131,7,82.15,78.96,59.62,60.19,89.63,74.71,78.33,66.64,0.4649,0.5125,87.48,84.36,71.0
75,1,CA1-V1,session,10,3,30,11940,-0.0255,-0.0003,7,69.14,82.84,53.86,88.88,89.63,74.71,78.33,66.64,0.4531,0.5331,87.48,84.36,71.0
75,1,CA1-V1,session,10,-3,-30,11940,0.0134,-0.0057,7,78.0,88.78,75.87,87.83,89.63,74.71,78.33,66.64,0.4331,0.5219,87.48,84.36,71.0
75,1,CA1-V1,session,10,4,40,11920,-0.0045,-0.0008,7,74.12,85.68,51.05,81.17,89.63,74.71,78.33,66.64,0.4831,0.5188,87.48,84.36,71.0
75,1,CA1-V1,session,10,-4,-40,11920,-0.0175,-0.0017,7,89.7,84.22,69.68,80.51,89.63,74.71,78.33,66.64,0.4671,0.5246,87.48,84.36,71.0
75,1,CA1-V1,session,10,5,50,11900,0.0171,-0.0007,7,73.79,77.51,53.31,81.8,89.63,74.71,78.33,66.64,0.4815,0.5048,87.48,84.36,71.0
75,1,CA1-V1,session,10,-5,-50,11900,0.0217,0.0024,7,88.06,86.86,83.86,76.15,89.63,74.71,78.33,66.64,0.4789,0.4998,87.48,84.36,71.0
75,1,CA1-V1,session,10,7,70,11860,0.0094,0.007,7,86.44,87.16,46.99,79.47,89.63,74.71,78.33,66.64,0.5312,0.5212,87.48,84.36,71.0
75,1,CA1-V1,session,10,-7,-70,11860,-0.0111,0.0147,7,79.26,79.53,80.49,63.07,89.63,74.71,78.33,66.64,0.4345,0.5263,87.48,84.36,71.0
75,1,CA1-V1,session,10,10,100,11800,0.0124,0.0169,7,80.6,89.28,70.91,88.32,89.63,74.71,78.33,66.64,0.4146,0.5165,87.48,84.36,71.0
75,1,CA1-V1,session,10,-10,-100,11800,-0.0015,0.0047,7,87.14,79.06,88.54,80.95,89.63,74.71,78.33,66.64,0.539,0.5246,87.48,84.36,71.0
75,1,CA1-V1,session,10,15,150,11700,0.0061,0.0135,7,79.19,87.42,69.26,78.83,89.63,74.71,78.33,66.64,0.4306,0.5082,87.48,84.36,71.0
75,1,CA1-V1,session,10,-15,-150,11700,0.0207,0.0077,7,63.23,83.19,63.55,56.03,89.63,74.71,78.33,66.64,0.4555,0.486,87.48,84.36,71.0
75,1,CA1-V1,session,10,20,200,11600,-0.0076,-0.0028,7,80.58,83.01,87.04,72.53,89.63,74.71,78.33,66.64,0.5623,0.53,87.48,84.36,71.0
75,1,CA1-V1,session,10,-20,-200,11600,0.0046,0.0049,7,78.05,89.72,86.23,64.61,89.63,74.71,78.33,66.64,0.5706,0.5221,87.48,84.36,71.0
75,1,CA1-V1,session,10,25,250,11500,0.0289,0.0148,7,77.96,84.87,80.47,89.19,89.63,74.71,78.33,66.64,0.4507,0.5253,87.48,84.36,71.0
75,1,CA1-V1,session,10,-25,-250,11500,0.0317,0.0289,7,86.94,88.84,84.58,66.04,89.63,74.71,78.33,66.64,0.4305,0.5034,87.48,84.36,71.0
75,1,CA1-SUB,session,10,0,0,12000,0.1371,0.0494,3,0.0,0.0,0.0,0.0,76.72,86.8,56.74,56.47,0.4725,0.2313,70.39,85.99,59.98
75,1,CA1-SUB,session,10,1,10,11980,0.0546,0.0209,3,72.35,81.04,59.62,76.51,76.72,86.8,56.74,56.47,0.4443,0.2233,70.39,85.99,59.98
75,1,CA1-SUB,session,10,-1,-10,11980,0.037,0.0451,3,69.94,59.35,45.94,38.47,76.72,86.8,56.74,56.47,0.4888,0.2168,70.39,85.99,59.98
75,1,CA1-SUB,session,10,2,20,11960,0.0414,0.0283,3,89.24,68.99,69.09,85.35,76.72,86.8,56.74,56.47,0.3794,0.244,70.39,85.99,59.98
75,1,CA1-SUB,session,10,-2,-20,11960,0.034,0.0243,3,84.12,83.8,40.25,56.56,76.72,86.8,56.74,56.47,0.4639,0.1951,70.39,85.99,59.98
75,1,CA1-SUB,session,10,3,30,11940,0.0086,0.0107,3,80.42,85.07,55.69,68.2,76.72,86.8,56.74,56.47,0.4943,0.2177,70.39,85.99,59.98
75,1,CA1-SUB,session,10,-3,-30,11940,0.0184,0.0158,3,87.92,81.76,32.63,60.43,76.72,86.8,56.74,56.47,0.5504,0.2456,70.39,85.99,59.98
75,1,CA1-SUB,session,10,4,40,11920,-0.0031,0.0105,3,84.27,82.7,59.62,84.87,76.72,86.8,56.74,56.47,0.5135,0.2225,70.39,85.99,59.98
75,1,CA1-SUB,session,10,-4,-40,11920,0.0213,0.0155,3,84.82,78.65,68.28,73.01,76.72,86.8,56.74,56.47,0.3845,0.2228,70.39,85.99,59.98
75,1,CA1-SUB,session,10,5,50,11900,0.0317,0.0076,3,86.87,87.36,52.33,64.33,76.72,86.8,56.74,56.47,0.4167,0.2284,70.39,85.99,59.98
75,1,CA1-SUB,session,10,-5,-50,11900,0.0188,0.0241,3,70.3,89.53,60.44,89.76,76.72,86.8,56.74,56.47,0.4724,0.261,70.39,85.99,59.98
75,1,CA1-SUB,session,10,7,70,11860,0.0169,0.0181,3,66.08,82.1,73.06,83.51,76.72,86.8,56.74,56.47,0.4072,0.2224,70.39,85.99,59.98
75,1,CA1-SUB,session,10,-7,-70,11860,0.0561,0.0336,3,73.33,79.27,89.68,85.07,76.72,86.8,56.74,56.47,0.4867,0.2484,70.39,85.99,59.98
75,1,CA1-SUB,session,10,10,100,11800,0.0125,0.0082,3,68.83,85.74,55.97,56.88,76.72,86.8,56.74,56.47,0.3953,0.2226,70.39,85.99,59.98
75,1,CA1-SUB,session,10,-10,-100,11800,0.0205,0.0137,3,65.06,89.65,50.67,77.53,76.72,86.8,56.74,56.47,0.4698,0.2212,70.39,85.99,59.98
75,1,CA1-SUB,session,10,15,150,11700,0.0409,0.0366,3,77.55,78.21,70.92,46.08,76.72,86.8,56.74,56.47,0.4107,0.2508,70.39,85.99,59.98
75,1,CA1-SUB,session,10,-15,-150,11700,0.0434,0.0227,3,80.65,88.4,73.26,44.88,76.72,86.8,56.74,56.47,0.3726,0.2231,70.39,85.99,59.98
75,1,CA1-SUB,session,10,20,200,11600,0.0271,0.0072,3,89.63,79.69,73.2,77.36,76.72,86.8,56.74,56.47,0.5412,0.2273,70.39,85.99,59.98
75,1,CA1-SUB,session,10,-20,-200,11600,0.0361,0.0186,3,76.64,61.53,71.03,89.05,76.72,86.8,56.74,56.47,0.415,0.1864,70.39,85.99,59.98
75,1,CA1-SUB,session,10,25,250,11500,0.0455,0.034,3,88.73,83.43,41.34,57.06,76.72,86.8,56.74,56.47,0.3767,0.2476,70.39,85.99,59.98
75,1,CA1-SUB,session,10,-25,-250,11500,0.0316,0.0166,3,80.38,87.02,41.41,73.52,76.72,86.8,56.74,56.47,0.4364,0.2084,70.39,85.99,59.98
75,1,RSC-SUB,session,10,0,0,12000,0.2189,0.1325,1,0.0,0.0,0.0,0.0,57.04,58.89,52.5,48.96,0.6673,0.2082,64.79,71.54,31.77
75,1,RSC-SUB,session,10,1,10,11980,0.1907,0.0972,1,39.34,42.72,18.42,17.28,57.04,58.89,52.5,48.96,0.674,0.2526,64.79,71.54,31.77
75,1,RSC-SUB,session,10,-1,-10,11980,0.1468,0.1142,1,26.36,32.25,17.75,22.07,57.04,58.89,52.5,48.96,0.663,0.2256,64.79,71.54,31.77
75,1,RSC-SUB,session,10,2,20,11960,0.1549,0.0584,1,70.77,61.43,28.02,21.37,57.04,58.89,52.5,48.96,0.687,0.3019,64.79,71.54,31.77
75,1,RSC-SUB,session,10,-2,-20,11960,0.0895,0.0883,1,39.76,59.45,64.77,69.92,57.04,58.89,52.5,48.96,0.6634,0.2584,64.79,71.54,31.77
75,1,RSC-SUB,session,10,3,30,11940,0.1358,0.0724,1,66.7,69.25,32.88,26.34,57.04,58.89,52.5,48.96,0.6792,0.2571,64.79,71.54,31.77
75,1,RSC-SUB,session,10,-3,-30,11940,0.1241,0.1029,1,44.78,65.59,43.25,39.28,57.04,58.89,52.5,48.96,0.6638,0.2687,64.79,71.54,31.77
75,1,RSC-SUB,session,10,4,40,11920,0.1154,0.0727,1,68.65,69.22,22.33,16.36,57.04,58.89,52.5,48.96,0.6716,0.2378,64.79,71.54,31.77
75,1,RSC-SUB,session,10,-4,-40,11920,0.1299,0.0992,1,39.77,48.17,29.53,31.42,57.04,58.89,52.5,48.96,0.6707,0.2845,64.79,71.54,31.77
75,1,RSC-SUB,session,10,5,50,11900,0.1089,0.0854,1,57.13,61.85,27.38,20.85,57.04,58.89,52.5,48.96,0.6669,0.2546,64.79,71.54,31.77
75,1,RSC-SUB,session,10,-5,-50,11900,0.1038,0.1007,1,51.23,56.36,35.43,38.13,57.04,58.89,52.5,48.96,0.6686,0.3017,64.79,71.54,31.77
75,1,RSC-SUB,session,10,7,70,11860,0.1395,0.1072,1,46.79,56.99,34.02,39.91,57.04,58.89,52.5,48.96,0.6627,0.249,64.79,71.54,31.77
75,1,RSC-SUB,session,10,-7,-70,11860,0.1279,0.0883,1,50.84,58.63,25.55,22.48,57.04,58.89,52.5,48.96,0.6654,0.2227,64.79,71.54,31.77
75,1,RSC-SUB,session,10,10,100,11800,0.1322,0.082,1,41.87,57.75,32.2,26.29,57.04,58.89,52.5,48.96,0.6676,0.2487,64.79,71.54,31.77
75,1,RSC-SUB,session,10,-10,-100,11800,0.093,0.0794,1,54.91,63.83,47.51,43.43,57.04,58.89,52.5,48.96,0.6725,0.2286,64.79,71.54,31.77
75,1,RSC-SUB,session,10,15,150,11700,0.1368,0.0873,1,57.23,51.11,30.26,21.82,57.04,58.89,52.5,48.96,0.6707,0.2252,64.79,71.54,31.77
75,1,RSC-SUB,session,10,-15,-150,11700,0.0774,0.0745,1,42.39,52.86,64.53,55.93,57.04,58.89,52.5,48.96,0.6814,0.258,64.79,71.54,31.77
75,1,RSC-SUB,session,10,20,200,11600,0.1261,0.0794,1,57.35,62.3,31.54,30.65,57.04,58.89,52.5,48.96,0.6737,0.2447,64.79,71.54,31.77
75,1,RSC-SUB,session,10,-20,-200,11600,0.0988,0.0746,1,54.07,70.85,35.36,44.24,57.04,58.89,52.5,48.96,0.6674,0.2285,64.79,71.54,31.77
75,1,RSC-SUB,session,10,25,250,11500,0.13,0.0809,1,62.33,61.9,30.38,27.72,57.04,58.89,52.5,48.96,0.6625,0.2802,64.79,71.54,31.77
75,1,RSC-SUB,session,10,-25,-250,11500,0.0483,0.0573,1,63.68,78.75,76.11,65.27,57.04,58.89,52.5,48.96,0.6745,0.2463,64.79,71.54,31.77
75,1,V1-RSC,session,10,0,0,12000,0.4312,0.2955,5,0.0,0.0,0.0,0.0,87.62,68.05,49.6,46.53,0.4986,0.673,75.41,85.33,53.92
75,1,V1-RSC,session,10,1,10,11980,0.2746,0.19,5,49.93,46.82,26.29,21.03,87.62,68.05,49.6,46.53,0.4949,0.672,75.41,85.33,53.92
75,1,V1-RSC,session,10,-1,-10,11980,0.2637,0.1507,5,68.22,63.99,27.05,25.84,87.62,68.05,49.6,46.53,0.4937,0.6716,75.41,85.33,53.92
75,1,V1-RSC,session,10,2,20,11960,0.1443,0.1009,5,66.29,68.33,80.47,64.63,87.62,68.05,49.6,46.53,0.5033,0.6854,75.41,85.33,53.92
75,1,V1-RSC,session,10,-2,-20,11960,0.1261,0.0777,5,74.76,76.78,31.96,24.13,87.62,68.05,49.6,46.53,0.514,0.6697,75.41,85.33,53.92
75,1,V1-RSC,session,10,3,30,11940,0.0736,0.0704,5,86.55,87.09,59.33,68.73,87.62,68.05,49.6,46.53,0.5222,0.686,75.41,85.33,53.92
75,1,V1-RSC,session,10,-3,-30,11940,0.0987,0.0535,5,72.03,65.57,31.91,23.46,87.62,68.05,49.6,46.53,0.5142,0.6688,75.41,85.33,53.92
75,1,V1-RSC,session,10,4,40,11920,0.0837,0.0566,5,79.61,82.17,38.68,32.86,87.62,68.05,49.6,46.53,0.5271,0.6798,75.41,85.33,53.92
75,1,V1-RSC,session,10,-4,-40,11920,0.0752,0.0405,5,64.26,56.87,32.07,25.42,87.62,68.05,49.6,46.53,0.506,0.6651,75.41,85.33,53.92
75,1,V1-RSC,session,10,5,50,11900,0.047,0.0427,5,77.28,83.85,45.28,35.34,87.62,68.05,49.6,46.53,0.5118,0.6827,75.41,85.33,53.92
75,1,V1-RSC,session,10,-5,-50,11900,0.0807,0.0461,5,88.21,87.76,32.54,26.64,87.62,68.05,49.6,46.53,0.5264,0.6722,75.41,85.33,53.92
75,1,V1-RSC,session,10,7,70,11860,0.0653,0.0307,5,82.21,82.18,28.77,22.82,87.62,68.05,49.6,46.53,0.5085,0.6737,75.41,85.33,53.92
75,1,V1-RSC,session,10,-7,-70,11860,0.0634,0.0387,5,72.21,69.98,33.49,35.93,87.62,68.05,49.6,46.53,0.5033,0.6758,75.41,85.33,53.92
75,1,V1-RSC,session,10,10,100,11800,0.0787,0.0335,5,80.11,82.58,26.34,26.62,87.62,68.05,49.6,46.53,0.514,0.6717,75.41,85.33,53.92
75,1,V1-RSC,session,10,-10,-100,11800,0.0482,0.0416,5,66.79,72.89,35.84,38.67,87.62,68.05,49.6,46.53,0.4894,0.6822,75.41,85.33,53.92
75,1,V1-RSC,session,10,15,150,11700,0.0831,0.0524,5,72.44,79.87,25.33,33.42,87.62,68.05,49.6,46.53,0.5012,0.6718,75.41,85.33,53.92
75,1,V1-RSC,session,10,-15,-150,11700,0.073,0.0369,5,81.86,87.56,37.38,32.44,87.62,68.05,49.6,46.53,0.5321,0.6767,75.41,85.33,53.92
75,1,V1-RSC,session,10,20,200,11600,0.0802,0.0416,5,84.53,75.24,22.28,20.9,87.62,68.05,49.6,46.53,0.5025,0.6727,75.41,85.33,53.92
75,1,V1-RSC,session,10,-20,-200,11600,0.0513,0.0105,5,85.27,59.5,37.04,30.79,87.62,68.05,49.6,46.53,0.5015,0.6749,75.41,85.33,53.92
75,1,V1-RSC,session,10,25,250,11500,0.0971,0.0527,5,84.94,79.37,35.37,27.05,87.62,68.05,49.6,46.53,0.4999,0.6771,75.41,85.33,53.92
75,1,V1-RSC,session,10,-25,-250,11500,0.0522,0.0235,5,77.3,80.33,45.75,31.18,87.62,68.05,49.6,46.53,0.4997,0.6769,75.41,85.33,53.92
77,1,CA1-RSC,session,10,0,0,12000,0.1049,0.0576,0,0.0,0.0,0.0,0.0,81.08,81.56,43.7,57.74,0.3402,0.5419,53.12,81.54,32.53
77,1,CA1-RSC,session,10,1,10,11980,0.0394,0.0379,0,86.6,67.96,48.59,43.02,81.08,81.56,43.7,57.74,0.2766,0.5597,53.12,81.54,32.53
77,1,CA1-RSC,session,10,-1,-10,11980,0.0791,0.0356,0,87.21,75.94,52.97,32.32,81.08,81.56,43.7,57.74,0.2844,0.5691,53.12,81.54,32.53
77,1,CA1-RSC,session,10,2,20,11960,0.0494,0.0421,0,51.58,89.56,86.3,61.98,81.08,81.56,43.7,57.74,0.3124,0.5628,53.12,81.54,32.53
77,1,CA1-RSC,session,10,-2,-20,11960,0.0701,0.0398,0,55.19,88.04,85.72,54.3,81.08,81.56,43.7,57.74,0.2979,0.5579,53.12,81.54,32.53
77,1,CA1-RSC,session,10,3,30,11940,0.0311,0.0234,0,76.47,79.24,69.23,77.35,81.08,81.56,43.7,57.74,0.2491,0.5382,53.12,81.54,32.53
77,1,CA1-RSC,session,10,-3,-30,11940,0.0361,0.0309,0,79.25,83.14,69.54,57.58,81.08,81.56,43.7,57.74,0.3537,0.587,53.12,81.54,32.53
77,1,CA1-RSC,session,10,4,40,11920,0.0476,0.037,0,43.15,88.33,26.23,51.25,81.08,81.56,43.7,57.74,0.2555,0.5675,53.12,81.54,32.53
77,1,CA1-RSC,session,10,-4,-40,11920,0.0588,0.0299,0,80.12,84.13,64.75,62.23,81.08,81.56,43.7,57.74,0.2319,0.5673,53.12,81.54,32.53
77,1,CA1-RSC,session,10,5,50,11900,0.008,0.0262,0,87.91,84.68,72.55,52.17,81.08,81.56,43.7,57.74,0.243,0.6068,53.12,81.54,32.53
77,1,CA1-RSC,session,10,-5,-50,11900,0.0687,0.0369,0,72.97,85.9,44.23,58.85,81.08,81.56,43.7,57.74,0.1864,0.5655,53.12,81.54,32.53
77,1,CA1-RSC,session,10,7,70,11860,0.0567,0.0228,0,77.85,89.64,73.93,62.66,81.08,81.56,43.7,57.74,0.2394,0.5805,53.12,81.54,32.53
77,1,CA1-RSC,session,10,-7,-70,11860,0.0942,0.0478,0,86.67,78.6,61.18,59.12,81.08,81.56,43.7,57.74,0.2266,0.5724,53.12,81.54,32.53
77,1,CA1-RSC,session,10,10,100,11800,0.0475,0.027,0,73.87,86.11,55.68,66.26,81.08,81.56,43.7,57.74,0.2052,0.584,53.12,81.54,32.53
77,1,CA1-RSC,session,10,-10,-100,11800,0.0619,0.033,0,72.96,79.77,66.29,50.73,81.08,81.56,43.7,57.74,0.2165,0.5555,53.12,81.54,32.53
77,1,CA1-RSC,session,10,15,150,11700,0.0267,0.0284,0,50.82,83.94,40.01,56.4,81.08,81.56,43.7,57.74,0.3243,0.5915,53.12,81.54,32.53
77,1,CA1-RSC,session,10,-15,-150,11700,0.0505,0.0231,0,50.01,82.01,69.76,69.13,81.08,81.56,43.7,57.74,0.1611,0.5445,53.12,81.54,32.53
77,1,CA1-RSC,session,10,20,200,11600,0.0447,0.0189,0,76.0,88.33,48.8,61.93,81.08,81.56,43.7,57.74,0.2162,0.6086,53.12,81.54,32.53
77,1,CA1-RSC,session,10,-20,-200,11600,0.0499,0.0308,0,77.17,82.35,73.58,56.88,81.08,81.56,43.7,57.74,0.1825,0.5676,53.12,81.54,32.53
77,1,CA1-RSC,session,10,25,250,11500,0.067,0.0234,0,84.73,78.88,65.51,49.36,81.08,81.56,43.7,57.74,0.2189,0.5846,53.12,81.54,32.53
77,1,CA1-RSC,session,10,-25,-250,11500,0.0388,0.0201,0,65.46,80.55,67.83,46.81,81.08,81.56,43.7,57.74,0.2456,0.5522,53.12,81.54,32.53
77,1,CA1-DG,session,10,0,0,12000,0.1175,-0.0073,1,0.0,0.0,0.0,0.0,79.1,89.61,89.18,62.46,0.2082,0.54,63.9,39.87,45.99
77,1,CA1-DG,session,10,1,10,11980,0.0755,0.0054,1,84.9,36.96,76.86,84.76,79.1,89.61,89.18,62.46,0.2892,0.466,63.9,39.87,45.99
77,1,CA1-DG,session,10,-1,-10,11980,0.0028,-0.0013,1,63.68,79.83,53.3,57.55,79.1,89.61,89.18,62.46,0.2875,0.4926,63.9,39.87,45.99
77,1,CA1-DG,session,10,2,20,11960,-0.0051,0.0037,1,71.1,63.79,75.02,82.02,79.1,89.61,89.18,62.46,0.3684,0.3406,63.9,39.87,45.99
77,1,CA1-DG,session,10,-2,-20,11960,0.0482,0.0189,1,79.85,65.21,60.18,50.55,79.1,89.61,89.18,62.46,0.3724,0.4147,63.9,39.87,45.99
77,1,CA1-DG,session,10,3,30,11940,0.0142,0.0077,1,88.93,77.02,66.65,74.02,79.1,89.61,89.18,62.46,0.4178,0.5298,63.9,39.87,45.99
77,1,CA1-DG,session,10,-3,-30,11940,0.0506,0.0199,1,77.71,68.28,43.75,49.7,79.1,89.61,89.18,62.46,0.3222,0.4704,63.9,39.87,45.99
77,1,CA1-DG,session,10,4,40,11920,0.0183,0.0016,1,69.22,84.04,77.65,56.93,79.1,89.61,89.18,62.46,0.3976,0.4411,63.9,39.87,45.99
77,1,CA1-DG,session,10,-4,-40,11920,0.042,0.0183,1,66.83,85.31,38.9,41.91,79.1,89.61,89.18,62.46,0.3196,0.2545,63.9,39.87,45.99
77,1,CA1-DG,session,10,5,50,11900,0.0312,0.0095,1,71.12,64.38,48.51,68.64,79.1,89.61,89.18,62.46,0.2863,0.4071,63.9,39.87,45.99
77,1,CA1-DG,session,10,-5,-50,11900,0.0321,0.0086,1,82.38,89.14,42.01,84.06,79.1,89.61,89.18,62.46,0.2106,0.509,63.9,39.87,45.99
77,1,CA1-DG,session,10,7,70,11860,0.0069,-0.0007,1,89.25,82.98,68.64,49.45,79.1,89.61,89.18,62.46,0.2481,0.4503,63.9,39.87,45.99
77,1,CA1-DG,session,10,-7,-70,11860,0.0114,0.0121,1,71.83,55.44,40.9,44.58,79.1,89.61,89.18,62.46,0.3946,0.5791,63.9,39.87,45.99
77,1,CA1-DG,session,10,10,100,11800,0.0207,0.01,1,79.81,64.51,58.03,78.34,79.1,89.61,89.18,62.46,0.2851,0.5602,63.9,39.87,45.99
77,1,CA1-DG,session,10,-10,-100,11800,0.0319,0.017,1,70.71,55.83,52.35,54.91,79.1,89.61,89.18,62.46,0.3917,0.3738,63.9,39.87,45.99
77,1,CA1-DG,session,10,15,150,11700,0.0153,0.0042,1,67.92,52.92,69.77,44.42,79.1,89.61,89.18,62.46,0.2712,0.4632,63.9,39.87,45.99
77,1,CA1-DG,session,10,-15,-150,11700,0.0324,0.0068,1,86.97,49.79,56.4,82.94,79.1,89.61,89.18,62.46,0.3357,0.304,63.9,39.87,45.99
77,1,CA1-DG,session,10,20,200,11600,0.027,0.0149,1,75.97,50.37,82.6,70.23,79.1,89.61,89.18,62.46,0.2745,0.4236,63.9,39.87,45.99
77,1,CA1-DG,session,10,-20,-200,11600,-0.0092,0.0012,1,69.42,60.5,60.76,29.04,79.1,89.61,89.18,62.46,0.1747,0.5298,63.9,39.87,45.99
77,1,CA1-DG,session,10,25,250,11500,0.0048,0.009,1,82.19,76.53,73.9,85.43,79.1,89.61,89.18,62.46,0.2254,0.459,63.9,39.87,45.99
77,1,CA1-DG,session,10,-25,-250,11500,0.0032,-0.0026,1,51.96,71.42,68.35,70.07,79.1,89.61,89.18,62.46,0.3633,0.3273,63.9,39.87,45.99
77,1,CA1-V1,session,10,0,0,12000,-0.0324,-0.1079,3,0.0,0.0,0.0,0.0,80.09,78.87,58.54,89.49,0.3556,0.4281,74.91,79.13,89.24
77,1,CA1-V1,session,10,1,10,11980,0.0349,0.0069,3,80.9,71.84,53.06,35.85,80.09,78.87,58.54,89.49,0.2198,0.4967,74.91,79.13,89.24
77,1,CA1-V1,session,10,-1,-10,11980,0.0691,0.0363,3,80.37,74.48,65.52,82.85,80.09,78.87,58.54,89.49,0.509,0.4194,74.91,79.13,89.24
77,1,CA1-V1,session,10,2,20,11960,-0.0063,-0.0004,3,89.78,83.18,87.89,57.51,80.09,78.87,58.54,89.49,0.3023,0.5584,74.91,79.13,89.24
77,1,CA1-V1,session,10,-2,-20,11960,0.009,0.0029,3,87.79,87.92,88.43,77.75,80.09,78.87,58.54,89.49,0.2106,0.3626,74.91,79.13,89.24
77,1,CA1-V1,session,10,3,30,11940,0.0106,0.0143,3,69.88,89.47,75.14,49.16,80.09,78.87,58.54,89.49,0.2667,0.4234,74.91,79.13,89.24
77,1,CA1-V1,session,10,-3,-30,11940,0.0011,0.0017,3,87.14,67.54,72.47,77.03,80.09,78.87,58.54,89.49,0.342,0.3644,74.91,79.13,89.24
77,1,CA1-V1,session,10,4,40,11920,-0.0028,0.006,3,78.12,88.93,58.56,75.09,80.09,78.87,58.54,89.49,0.3554,0.4451,74.91,79.13,89.24
77,1,CA1-V1,session,10,-4,-40,11920,0.0252,0.0158,3,85.76,62.76,63.9,48.94,80.09,78.87,58.54,89.49,0.2787,0.442,74.91,79.13,89.24
77,1,CA1-V1,session,10,5,50,11900,-0.0127,0.0016,3,85.43,73.69,79.46,62.05,80.09,78.87,58.54,89.49,0.3806,0.4314,74.91,79.13,89.24
77,1,CA1-V1,session,10,-5,-50,11900,0.0021,0.0086,3,89.76,63.53,78.74,39.94,80.09,78.87,58.54,89.49,0.2978,0.4573,74.91,79.13,89.24
77,1,CA1-V1,session,10,7,70,11860,-0.0315,0.0084,3,64.61,89.45,76.63,74.6,80.09,78.87,58.54,89.49,0.3251,0.4176,74.91,79.13,89.24
77,1,CA1-V1,session,10,-7,-70,11860,0.0382,0.019,3,83.69,69.78,79.03,46.03,80.09,78.87,58.54,89.49,0.3119,0.3837,74.91,79.13,89.24
77,1,CA1-V1,session,10,10,100,11800,-0.0021,0.0031,3,76.08,58.84,82.21,64.03,80.09,78.87,58.54,89.49,0.3104,0.3758,74.91,79.13,89.24
77,1,CA1-V1,session,10,-10,-100,11800,0.0139,0.0097,3,74.06,83.07,79.2,88.96,80.09,78.87,58.54,89.49,0.1969,0.2902,74.91,79.13,89.24
77,1,CA1-V1,session,10,15,150,11700,-0.0109,-0.0011,3,75.46,71.46,74.37,69.67,80.09,78.87,58.54,89.49,0.2348,0.3795,74.91,79.13,89.24
77,1,CA1-V1,session,10,-15,-150,11700,0.0085,-0.0037,3,83.72,74.02,68.49,89.09,80.09,78.87,58.54,89.49,0.2866,0.4518,74.91,79.13,89.24
77,1,CA1-V1,session,10,20,200,11600,0.0053,0.011,3,89.48,82.49,69.59,84.97,80.09,78.87,58.54,89.49,0.3866,0.4785,74.91,79.13,89.24
77,1,CA1-V1,session,10,-20,-200,11600,0.0136,0.0065,3,75.78,63.53,60.49,64.47,80.09,78.87,58.54,89.49,0.3337,0.3924,74.91,79.13,89.24
77,1,CA1-V1,session,10,25,250,11500,0.0082,0.0051,3,79.81,69.35,59.33,53.41,80.09,78.87,58.54,89.49,0.2675,0.4082,74.91,79.13,89.24
77,1,CA1-V1,session,10,-25,-250,11500,-0.005,-0.0012,3,87.35,70.31,62.79,43.24,80.09,78.87,58.54,89.49,0.332,0.4673,74.91,79.13,89.24
77,1,CA1-SUB,session,10,0,0,12000,0.0595,0.0023,0,0.0,0.0,0.0,0.0,83.28,80.02,77.45,70.43,0.292,0.2039,81.58,64.68,87.9
77,1,CA1-SUB,session,10,1,10,11980,-0.0053,-0.0085,0,82.88,68.0,81.6,42.06,83.28,80.02,77.45,70.43,0.2453,0.3144,81.58,64.68,87.9
77,1,CA1-SUB,session,10,-1,-10,11980,0.022,-0.0005,0,67.98,86.94,85.78,53.54,83.28,80.02,77.45,70.43,0.2679,0.3271,81.58,64.68,87.9
77,1,CA1-SUB,session,10,2,20,11960,0.0101,0.0095,0,58.0,83.0,75.44,33.06,83.28,80.02,77.45,70.43,0.1886,0.1102,81.58,64.68,87.9
77,1,CA1-SUB,session,10,-2,-20,11960,-0.0152,0.0043,0,79.19,57.07,86.3,35.05,83.28,80.02,77.45,70.43,0.2517,0.2225,81.58,64.68,87.9
77,1,CA1-SUB,session,10,3,30,11940,-0.0009,0.0029,0,64.91,47.72,89.76,47.21,83.28,80.02,77.45,70.43,0.4513,0.3823,81.58,64.68,87.9
77,1,CA1-SUB,session,10,-3,-30,11940,0.0089,0.0043,0,81.88,61.25,49.73,36.11,83.28,80.02,77.45,70.43,0.3359,0.3798,81.58,64.68,87.9
77,1,CA1-SUB,session,10,4,40,11920,-0.0101,-0.016,0,84.95,48.87,42.67,66.65,83.28,80.02,77.45,70.43,0.3265,0.3916,81.58,64.68,87.9
77,1,CA1-SUB,session,10,-4,-40,11920,0.0058,0.0035,0,76.95,79.65,79.79,74.25,83.28,80.02,77.45,70.43,0.2651,0.2936,81.58,64.68,87.9
77,1,CA1-SUB,session,10,5,50,11900,-0.0201,-0.0105,0,88.15,62.44,73.79,76.83,83.28,80.02,77.45,70.43,0.217,0.2663,81.58,64.68,87.9
77,1,CA1-SUB,session,10,-5,-50,11900,-0.0021,-0.0033,0,82.21,70.49,45.41,56.08,83.28,80.02,77.45,70.43,0.3975,0.2406,81.58,64.68,87.9
77,1,CA1-SUB,session,10,7,70,11860,0.0036,-0.0002,0,74.58,85.58,79.0,42.98,83.28,80.02,77.45,70.43,0.3354,0.1606,81.58,64.68,87.9
77,1,CA1-SUB,session,10,-7,-70,11860,-0.016,-0.0097,0,85.55,81.04,55.49,34.87,83.28,80.02,77.45,70.43,0.4196,0.3353,81.58,64.68,87.9
77,1,CA1-SUB,session,10,10,100,11800,-0.011,0.0071,0,88.91,89.34,56.68,69.85,83.28,80.02,77.45,70.43,0.2334,0.3464,81.58,64.68,87.9
77,1,CA1-SUB,session,10,-10,-100,11800,-0.0165,-0.0038,0,83.11,64.81,70.76,88.33,83.28,80.02,77.45,70.43,0.1911,0.4028,81.58,64.68,87.9
77,1,CA1-SUB,session,10,15,150,11700,0.0065,-0.0027,0,72.77,75.27,67.33,88.56,83.28,80.02,77.45,70.43,0.2167,0.2877,81.58,64.68,87.9
77,1,CA1-SUB,session,10,-15,-150,11700,0.0029,0.0029,0,89.34,87.0,79.27,66.24,83.28,80.02,77.45,70.43,0.411,0.3241,81.58,64.68,87.9
77,1,CA1-SUB,session,10,20,200,11600,-0.0121,-0.0024,0,77.32,77.49,78.66,26.07,83.28,80.02,77.45,70.43,0.3574,0.2213,81.58,64.68,87.9
77,1,CA1-SUB,session,10,-20,-200,11600,0.0288,0.0104,0,73.75,77.06,74.78,38.54,83.28,80.02,77.45,70.43,0.3246,0.1964,81.58,64.68,87.9
77,1,CA1-SUB,session,10,25,250,11500,-0.0052,0.0018,0,85.59,89.32,53.99,78.94,83.28,80.02,77.45,70.43,0.4254,0.3937,81.58,64.68,87.9
77,1,CA1-SUB,session,10,-25,-250,11500,0.0002,0.0108,0,68.91,72.66,89.08,87.05,83.28,80.02,77.45,70.43,0.3957,0.3925,81.58,64.68,87.9
77,1,RSC-SUB,session,10,0,0,12000,0.1462,0.0591,1,0.0,0.0,0.0,0.0,79.32,32.61,54.44,58.91,0.5615,0.3959,87.95,78.79,31.55
77,1,RSC-SUB,session,10,1,10,11980,0.1259,0.0544,1,85.54,61.37,25.8,13.68,79.32,32.61,54.44,58.91,0.5552,0.4032,87.95,78.79,31.55
77,1,RSC-SUB,session,10,-1,-10,11980,0.1374,0.0585,1,53.28,37.32,25.67,16.14,79.32,32.61,54.44,58.91,0.5604,0.4266,87.95,78.79,31.55
77,1,RSC-SUB,session,10,2,20,11960,0.1596,0.0619,1,88.63,45.06,35.83,12.24,79.32,32.61,54.44,58.91,0.5523,0.4631,87.95,78.79,31.55
77,1,RSC-SUB,session,10,-2,-20,11960,0.1326,0.0594,1,89.55,86.8,29.42,19.95,79.32,32.61,54.44,58.91,0.5541,0.2902,87.95,78.79,31.55
77,1,RSC-SUB,session,10,3,30,11940,0.139,0.0624,1,83.36,41.83,36.9,10.78,79.32,32.61,54.44,58.91,0.5495,0.4363,87.95,78.79,31.55
77,1,RSC-SUB,session,10,-3,-30,11940,0.108,0.0484,1,66.53,32.57,38.73,19.65,79.32,32.61,54.44,58.91,0.567,0.3087,87.95,78.79,31.55
77,1,RSC-SUB,session,10,4,40,11920,0.1455,0.0563,1,77.37,46.5,31.41,18.25,79.32,32.61,54.44,58.91,0.5595,0.3787,87.95,78.79,31.55
77,1,RSC-SUB,session,10,-4,-40,11920,0.1217,0.0604,1,88.26,68.4,42.67,24.18,79.32,32.61,54.44,58.91,0.5642,0.435,87.95,78.79,31.55
77,1,RSC-SUB,session,10,5,50,11900,0.1439,0.0672,1,87.83,77.09,31.46,33.65,79.32,32.61,54.44,58.91,0.5655,0.4091,87.95,78.79,31.55
77,1,RSC-SUB,session,10,-5,-50,11900,0.1114,0.0475,1,69.51,68.44,38.24,24.31,79.32,32.61,54.44,58.91,0.5705,0.3841,87.95,78.79,31.55
77,1,RSC-SUB,session,10,7,70,11860,0.0951,0.0468,1,70.87,74.14,36.18,23.22,79.32,32.61,54.44,58.91,0.5654,0.3443,87.95,78.79,31.55
77,1,RSC-SUB,session,10,-7,-70,11860,0.0769,0.0301,1,71.07,80.26,40.57,11.26,79.32,32.61,54.44,58.91,0.5638,0.3151,87.95,78.79,31.55
77,1,RSC-SUB,session,10,10,100,11800,0.0581,0.0337,1,89.14,84.72,40.72,34.74,79.32,32.61,54.44,58.91,0.5734,0.1396,87.95,78.79,31.55
77,1,RSC-SUB,session,10,-10,-100,11800,0.0601,0.0332,1,78.5,75.92,46.81,24.2,79.32,32.61,54.44,58.91,0.5661,0.3438,87.95,78.79,31.55
77,1,RSC-SUB,session,10,15,150,11700,0.0626,0.028,1,89.65,78.75,43.96,28.93,79.32,32.61,54.44,58.91,0.5575,0.3716,87.95,78.79,31.55
77,1,RSC-SUB,session,10,-15,-150,11700,0.0497,0.0237,1,79.01,82.0,55.84,7.95,79.32,32.61,54.44,58.91,0.5541,0.34,87.95,78.79,31.55
77,1,RSC-SUB,session,10,20,200,11600,0.0474,0.0205,1,79.72,72.12,58.24,40.58,79.32,32.61,54.44,58.91,0.5586,0.3471,87.95,78.79,31.55
77,1,RSC-SUB,session,10,-20,-200,11600,0.0455,0.0181,1,81.27,67.34,63.64,33.16,79.32,32.61,54.44,58.91,0.5905,0.3988,87.95,78.79,31.55
77,1,RSC-SUB,session,10,25,250,11500,0.059,0.0259,1,81.65,41.55,72.88,43.37,79.32,32.61,54.44,58.91,0.5579,0.3466,87.95,78.79,31.55
77,1,RSC-SUB,session,10,-25,-250,11500,0.0617,0.0245,1,81.26,64.08,65.01,25.78,79.32,32.61,54.44,58.91,0.5615,0.3452,87.95,78.79,31.55
77,1,V1-RSC,session,10,0,0,12000,0.3897,0.2426,2,0.0,0.0,0.0,0.0,52.62,71.41,30.72,35.32,0.5461,0.5014,39.81,60.76,12.6
77,1,V1-RSC,session,10,1,10,11980,0.3034,0.1769,2,81.72,88.94,53.38,47.25,52.62,71.41,30.72,35.32,0.4705,0.5313,39.81,60.76,12.6
77,1,V1-RSC,session,10,-1,-10,11980,0.2254,0.1557,2,76.82,80.98,47.86,45.19,52.62,71.41,30.72,35.32,0.4781,0.5204,39.81,60.76,12.6
77,1,V1-RSC,session,10,2,20,11960,0.2744,0.1676,2,85.65,89.88,63.81,49.79,52.62,71.41,30.72,35.32,0.483,0.5321,39.81,60.76,12.6
77,1,V1-RSC,session,10,-2,-20,11960,0.1814,0.1204,2,77.52,89.53,63.15,34.57,52.62,71.41,30.72,35.32,0.4592,0.5189,39.81,60.76,12.6
77,1,V1-RSC,session,10,3,30,11940,0.2263,0.1522,2,57.76,72.05,77.25,52.1,52.62,71.41,30.72,35.32,0.4098,0.5164,39.81,60.76,12.6
77,1,V1-RSC,session,10,-3,-30,11940,0.1733,0.104,2,84.0,81.72,82.23,44.33,52.62,71.41,30.72,35.32,0.4366,0.506,39.81,60.76,12.6
77,1,V1-RSC,session,10,4,40,11920,0.1935,0.13,2,45.42,73.12,77.69,44.48,52.62,71.41,30.72,35.32,0.4124,0.5128,39.81,60.76,12.6
77,1,V1-RSC,session,10,-4,-40,11920,0.1753,0.0956,2,68.53,78.2,78.72,49.69,52.62,71.41,30.72,35.32,0.4286,0.5052,39.81,60.76,12.6
77,1,V1-RSC,session,10,5,50,11900,0.1826,0.1159,2,64.83,81.17,81.41,45.91,52.62,71.41,30.72,35.32,0.4358,0.5085,39.81,60.76,12.6
77,1,V1-RSC,session,10,-5,-50,11900,0.1777,0.102,2,83.65,74.68,89.38,46.74,52.62,71.41,30.72,35.32,0.4551,0.5022,39.81,60.76,12.6
77,1,V1-RSC,session,10,7,70,11860,0.2057,0.1214,2,65.44,78.32,82.4,47.91,52.62,71.41,30.72,35.32,0.4454,0.5165,39.81,60.76,12.6
77,1,V1-RSC,session,10,-7,-70,11860,0.1432,0.0832,2,81.02,81.17,77.95,39.38,52.62,71.41,30.72,35.32,0.4514,0.504,39.81,60.76,12.6
77,1,V1-RSC,session,10,10,100,11800,0.1897,0.1005,2,79.88,78.93,86.38,53.07,52.62,71.41,30.72,35.32,0.4704,0.5146,39.81,60.76,12.6
77,1,V1-RSC,session,10,-10,-100,11800,0.158,0.0762,2,65.92,88.28,82.18,49.96,52.62,71.41,30.72,35.32,0.4844,0.5185,39.81,60.76,12.6
77,1,V1-RSC,session,10,15,150,11700,0.1881,0.105,2,61.74,83.2,85.77,49.24,52.62,71.41,30.72,35.32,0.418,0.5129,39.81,60.76,12.6
77,1,V1-RSC,session,10,-15,-150,11700,0.1654,0.0703,2,79.45,71.68,85.65,45.32,52.62,71.41,30.72,35.32,0.5736,0.5168,39.81,60.76,12.6
77,1,V1-RSC,session,10,20,200,11600,0.1925,0.0834,2,82.13,84.84,82.25,51.9,52.62,71.41,30.72,35.32,0.4797,0.5289,39.81,60.76,12.6
77,1,V1-RSC,session,10,-20,-200,11600,0.1582,0.0692,2,86.85,84.0,84.15,36.21,52.62,71.41,30.72,35.32,0.4615,0.5084,39.81,60.76,12.6
77,1,V1-RSC,session,10,25,250,11500,0.18,0.0791,2,83.82,75.59,78.28,48.92,52.62,71.41,30.72,35.32,0.455,0.5349,39.81,60.76,12.6
77,1,V1-RSC,session,10,-25,-250,11500,0.1612,0.0579,2,76.03,84.23,80.8,50.05,52.62,71.41,30.72,35.32,0.4663,0.5094,39.81,60.76,12.6
98,0,CA1-RSC,session,10,0,0,12000,0.0683,0.036,0,0.0,0.0,0.0,0.0,83.47,78.08,54.11,59.81,0.2782,0.298,75.7,81.05,77.6
98,0,CA1-RSC,session,10,1,10,11980,0.0991,0.0556,0,80.52,81.37,33.09,39.98,83.47,78.08,54.11,59.81,0.2015,0.3224,75.7,81.05,77.6
98,0,CA1-RSC,session,10,-1,-10,11980,0.0291,0.0304,0,86.63,61.85,52.6,39.18,83.47,78.08,54.11,59.81,0.3559,0.2247,75.7,81.05,77.6
98,0,CA1-RSC,session,10,2,20,11960,0.0858,0.0503,0,85.09,87.62,29.48,50.08,83.47,78.08,54.11,59.81,0.2722,0.3289,75.7,81.05,77.6
98,0,CA1-RSC,session,10,-2,-20,11960,0.0358,0.0256,0,66.52,80.65,53.7,72.9,83.47,78.08,54.11,59.81,0.3365,0.2694,75.7,81.05,77.6
98,0,CA1-RSC,session,10,3,30,11940,0.1028,0.0583,0,87.11,86.09,47.88,59.26,83.47,78.08,54.11,59.81,0.2888,0.3573,75.7,81.05,77.6
98,0,CA1-RSC,session,10,-3,-30,11940,0.0247,0.0284,0,87.99,89.97,69.14,77.8,83.47,78.08,54.11,59.81,0.3332,0.2582,75.7,81.05,77.6
98,0,CA1-RSC,session,10,4,40,11920,0.0995,0.0645,0,75.53,78.52,47.91,55.74,83.47,78.08,54.11,59.81,0.313,0.3349,75.7,81.05,77.6
98,0,CA1-RSC,session,10,-4,-40,11920,0.0251,0.0278,0,89.6,80.93,43.26,73.36,83.47,78.08,54.11,59.81,0.3117,0.2668,75.7,81.05,77.6
98,0,CA1-RSC,session,10,5,50,11900,0.0603,0.0511,0,74.87,89.45,41.53,40.56,83.47,78.08,54.11,59.81,0.3034,0.3288,75.7,81.05,77.6
98,0,CA1-RSC,session,10,-5,-50,11900,0.0286,0.0383,0,78.07,79.24,73.32,80.86,83.47,78.08,54.11,59.81,0.378,0.2811,75.7,81.05,77.6
98,0,CA1-RSC,session,10,7,70,11860,0.0654,0.0472,0,73.68,69.37,46.52,56.52,83.47,78.08,54.11,59.81,0.343,0.3178,75.7,81.05,77.6
98,0,CA1-RSC,session,10,-7,-70,11860,0.056,0.0259,0,87.96,83.49,55.07,62.59,83.47,78.08,54.11,59.81,0.2061,0.3152,75.7,81.05,77.6
98,0,CA1-RSC,session,10,10,100,11800,0.0541,0.0539,0,79.04,82.77,36.43,71.24,83.47,78.08,54.11,59.81,0.2774,0.2934,75.7,81.05,77.6
98,0,CA1-RSC,session,10,-10,-100,11800,0.0658,0.0295,0,73.29,82.51,34.23,55.93,83.47,78.08,54.11,59.81,0.25,0.2872,75.7,81.05,77.6
98,0,CA1-RSC,session,10,15,150,11700,0.024,0.0349,0,67.08,88.93,72.65,75.25,83.47,78.08,54.11,59.81,0.4688,0.2679,75.7,81.05,77.6
98,0,CA1-RSC,session,10,-15,-150,11700,0.0368,0.0148,0,87.03,87.69,41.59,54.12,83.47,78.08,54.11,59.81,0.3437,0.2707,75.7,81.05,77.6
98,0,CA1-RSC,session,10,20,200,11600,0.019,0.0352,0,71.02,82.34,50.43,62.65,83.47,78.08,54.11,59.81,0.2736,0.2531,75.7,81.05,77.6
98,0,CA1-RSC,session,10,-20,-200,11600,0.0564,0.0413,0,87.01,87.12,51.92,56.17,83.47,78.08,54.11,59.81,0.2493,0.2627,75.7,81.05,77.6
98,0,CA1-RSC,session,10,25,250,11500,0.0292,0.0242,0,70.1,86.48,57.03,63.8,83.47,78.08,54.11,59.81,0.3419,0.2474,75.7,81.05,77.6
98,0,CA1-RSC,session,10,-25,-250,11500,0.0665,0.028,0,85.77,70.73,38.25,62.32,83.47,78.08,54.11,59.81,0.3265,0.3233,75.7,81.05,77.6
100,0,CA1-RSC,session,10,0,0,12000,0.1054,0.0461,0,0.0,0.0,0.0,0.0,83.8,88.98,64.86,59.19,0.4746,0.5042,86.27,88.75,74.23
100,0,CA1-RSC,session,10,1,10,11980,0.0263,0.0211,0,74.23,76.84,64.9,64.4,83.8,88.98,64.86,59.19,0.4196,0.4907,86.27,88.75,74.23
100,0,CA1-RSC,session,10,-1,-10,11980,0.0322,0.0269,0,79.84,86.82,56.75,62.7,83.8,88.98,64.86,59.19,0.4109,0.4736,86.27,88.75,74.23
100,0,CA1-RSC,session,10,2,20,11960,0.0125,0.0207,0,87.65,86.99,79.78,71.4,83.8,88.98,64.86,59.19,0.4303,0.4714,86.27,88.75,74.23
100,0,CA1-RSC,session,10,-2,-20,11960,0.0193,0.019,0,79.17,85.95,76.98,78.03,83.8,88.98,64.86,59.19,0.4187,0.469,86.27,88.75,74.23
100,0,CA1-RSC,session,10,3,30,11940,0.0322,0.0217,0,79.1,87.58,78.07,85.99,83.8,88.98,64.86,59.19,0.4271,0.4876,86.27,88.75,74.23
100,0,CA1-RSC,session,10,-3,-30,11940,-0.0149,-0.006,0,75.44,80.21,74.45,74.32,83.8,88.98,64.86,59.19,0.4068,0.4812,86.27,88.75,74.23
100,0,CA1-RSC,session,10,4,40,11920,0.0317,0.0148,0,75.86,80.27,72.08,85.28,83.8,88.98,64.86,59.19,0.4416,0.495,86.27,88.75,74.23
100,0,CA1-RSC,session,10,-4,-40,11920,0.0032,0.0094,0,64.6,79.17,72.62,82.82,83.8,88.98,64.86,59.19,0.4206,0.4823,86.27,88.75,74.23
100,0,CA1-RSC,session,10,5,50,11900,0.0225,0.0163,0,82.79,82.96,80.52,75.12,83.8,88.98,64.86,59.19,0.4138,0.4777,86.27,88.75,74.23
100,0,CA1-RSC,session,10,-5,-50,11900,-0.0128,0.0011,0,80.31,81.54,56.19,61.77,83.8,88.98,64.86,59.19,0.4278,0.4862,86.27,88.75,74.23
100,0,CA1-RSC,session,10,7,70,11860,0.0353,0.0076,0,71.08,85.04,69.28,68.5,83.8,88.98,64.86,59.19,0.4137,0.4906,86.27,88.75,74.23
100,0,CA1-RSC,session,10,-7,-70,11860,-0.0067,0.0014,0,83.33,82.94,69.57,77.38,83.8,88.98,64.86,59.19,0.4349,0.4789,86.27,88.75,74.23
100,0,CA1-RSC,session,10,10,100,11800,0.0054,0.0259,0,88.68,86.75,70.67,75.63,83.8,88.98,64.86,59.19,0.4067,0.4995,86.27,88.75,74.23
100,0,CA1-RSC,session,10,-10,-100,11800,-0.0105,0.0058,0,75.74,83.49,55.7,63.52,83.8,88.98,64.86,59.19,0.4233,0.4878,86.27,88.75,74.23
100,0,CA1-RSC,session,10,15,150,11700,0.0265,0.0038,0,84.77,83.52,70.15,73.86,83.8,88.98,64.86,59.19,0.411,0.4812,86.27,88.75,74.23
100,0,CA1-RSC,session,10,-15,-150,11700,0.0215,0.0066,0,84.12,84.81,77.4,73.38,83.8,88.98,64.86,59.19,0.4183,0.478,86.27,88.75,74.23
100,0,CA1-RSC,session,10,20,200,11600,0.0101,0.0052,0,72.27,76.42,85.46,73.14,83.8,88.98,64.86,59.19,0.4309,0.4925,86.27,88.75,74.23
100,0,CA1-RSC,session,10,-20,-200,11600,-0.0119,0.0004,0,89.1,89.5,84.14,79.89,83.8,88.98,64.86,59.19,0.4317,0.4795,86.27,88.75,74.23
100,0,CA1-RSC,session,10,25,250,11500,0.0102,0.0024,0,81.06,89.14,88.4,88.58,83.8,88.98,64.86,59.19,0.4079,0.4938,86.27,88.75,74.23
100,0,CA1-RSC,session,10,-25,-250,11500,0.0511,0.0203,0,84.2,82.73,56.24,49.42,83.8,88.98,64.86,59.19,0.4314,0.4799,86.27,88.75,74.23
100,0,CA1-DG,session,10,0,0,12000,0.3952,0.2162,2,0.0,0.0,0.0,0.0,74.21,58.71,26.15,27.94,0.5326,0.4488,79.47,81.02,27.72
100,0,CA1-DG,session,10,1,10,11980,0.3652,0.1728,2,51.54,47.75,10.98,18.68,74.21,58.71,26.15,27.94,0.5669,0.4437,79.47,81.02,27.72
100,0,CA1-DG,session,10,-1,-10,11980,0.3403,0.1714,2,73.07,79.08,13.21,20.16,74.21,58.71,26.15,27.94,0.5383,0.4746,79.47,81.02,27.72
100,0,CA1-DG,session,10,2,20,11960,0.3231,0.1577,2,74.79,81.37,24.88,33.13,74.21,58.71,26.15,27.94,0.5632,0.4414,79.47,81.02,27.72
100,0,CA1-DG,session,10,-2,-20,11960,0.2872,0.1586,2,82.07,89.51,19.43,32.57,74.21,58.71,26.15,27.94,0.5246,0.485,79.47,81.02,27.72
100,0,CA1-DG,session,10,3,30,11940,0.2595,0.1455,2,49.8,63.16,29.63,66.3,74.21,58.71,26.15,27.94,0.543,0.4296,79.47,81.02,27.72
100,0,CA1-DG,session,10,-3,-30,11940,0.2534,0.1464,2,42.8,53.93,13.77,56.55,74.21,58.71,26.15,27.94,0.5251,0.4584,79.47,81.02,27.72
100,0,CA1-DG,session,10,4,40,11920,0.2173,0.127,2,62.31,67.3,21.51,76.03,74.21,58.71,26.15,27.94,0.5419,0.4308,79.47,81.02,27.72
100,0,CA1-DG,session,10,-4,-40,11920,0.2858,0.1524,2,59.68,76.83,18.7,82.3,74.21,58.71,26.15,27.94,0.5382,0.4462,79.47,81.02,27.72
100,0,CA1-DG,session,10,5,50,11900,0.2216,0.1185,2,82.9,82.95,15.77,51.9,74.21,58.71,26.15,27.94,0.5095,0.4741,79.47,81.02,27.72
100,0,CA1-DG,session,10,-5,-50,11900,0.3202,0.1494,2,74.26,86.75,18.83,50.02,74.21,58.71,26.15,27.94,0.5437,0.4283,79.47,81.02,27.72
100,0,CA1-DG,session,10,7,70,11860,0.2753,0.1172,2,78.46,86.58,15.0,34.24,74.21,58.71,26.15,27.94,0.5596,0.4833,79.47,81.02,27.72
100,0,CA1-DG,session,10,-7,-70,11860,0.2962,0.1369,2,88.52,86.16,10.58,30.6,74.21,58.71,26.15,27.94,0.5488,0.4791,79.47,81.02,27.72
100,0,CA1-DG,session,10,10,100,11800,0.1789,0.1016,2,76.28,84.67,34.32,79.23,74.21,58.71,26.15,27.94,0.5172,0.425,79.47,81.02,27.72
100,0,CA1-DG,session,10,-10,-100,11800,0.2032,0.1126,2,58.04,73.02,41.94,81.18,74.21,58.71,26.15,27.94,0.516,0.4197,79.47,81.02,27.72
100,0,CA1-DG,session,10,15,150,11700,0.2647,0.1137,2,75.58,76.3,17.64,42.69,74.21,58.71,26.15,27.94,0.559,0.4507,79.47,81.02,27.72
100,0,CA1-DG,session,10,-15,-150,11700,0.2396,0.1213,2,45.46,51.87,20.66,28.8,74.21,58.71,26.15,27.94,0.522,0.4701,79.47,81.02,27.72
100,0,CA1-DG,session,10,20,200,11600,0.1911,0.0847,2,87.09,60.88,15.2,28.89,74.21,58.71,26.15,27.94,0.5293,0.4585,79.47,81.02,27.72
100,0,CA1-DG,session,10,-20,-200,11600,0.2569,0.1116,2,75.71,78.69,16.57,31.54,74.21,58.71,26.15,27.94,0.5629,0.449,79.47,81.02,27.72
100,0,CA1-DG,session,10,25,250,11500,0.1239,0.064,2,58.38,89.95,26.92,46.6,74.21,58.71,26.15,27.94,0.4898,0.4004,79.47,81.02,27.72
100,0,CA1-DG,session,10,-25,-250,11500,0.1882,0.0954,2,81.39,86.0,39.71,58.55,74.21,58.71,26.15,27.94,0.5255,0.4112,79.47,81.02,27.72
100,0,CA1-V1,session,10,0,0,12000,0.0558,-0.0594,3,0.0,0.0,0.0,0.0,81.41,79.79,51.59,58.8,0.4194,0.5892,82.9,80.3,31.43
100,0,CA1-V1,session,10,1,10,11980,0.0845,0.0369,3,45.11,52.58,19.36,25.19,81.41,79.79,51.59,58.8,0.4217,0.5726,82.9,80.3,31.43
100,0,CA1-V1,session,10,-1,-10,11980,0.0565,0.0331,3,51.06,60.6,24.98,36.51,81.41,79.79,51.59,58.8,0.4016,0.5734,82.9,80.3,31.43
100,0,CA1-V1,session,10,2,20,11960,0.0634,0.0271,3,57.75,60.84,26.33,37.26,81.41,79.79,51.59,58.8,0.4345,0.5982,82.9,80.3,31.43
100,0,CA1-V1,session,10,-2,-20,11960,0.0565,0.0379,3,45.61,63.92,24.76,35.43,81.41,79.79,51.59,58.8,0.405,0.5726,82.9,80.3,31.43
100,0,CA1-V1,session,10,3,30,11940,0.0652,0.0357,3,68.63,70.64,20.13,42.42,81.41,79.79,51.59,58.8,0.4379,0.5857,82.9,80.3,31.43
100,0,CA1-V1,session,10,-3,-30,11940,0.0651,0.0364,3,46.05,52.16,24.09,37.24,81.41,79.79,51.59,58.8,0.4279,0.5693,82.9,80.3,31.43
100,0,CA1-V1,session,10,4,40,11920,0.0598,0.0255,3,76.54,88.14,31.99,43.16,81.41,79.79,51.59,58.8,0.44,0.5874,82.9,80.3,31.43
100,0,CA1-V1,session,10,-4,-40,11920,0.0704,0.0401,3,54.27,67.41,19.3,39.14,81.41,79.79,51.59,58.8,0.4301,0.5601,82.9,80.3,31.43
100,0,CA1-V1,session,10,5,50,11900,0.0479,0.0164,3,88.13,89.27,21.38,33.97,81.41,79.79,51.59,58.8,0.4342,0.5661,82.9,80.3,31.43
100,0,CA1-V1,session,10,-5,-50,11900,0.0568,0.0388,3,48.51,53.46,24.02,34.17,81.41,79.79,51.59,58.8,0.4282,0.5605,82.9,80.3,31.43
100,0,CA1-V1,session,10,7,70,11860,0.0463,0.0249,3,75.16,70.65,24.22,40.3,81.41,79.79,51.59,58.8,0.4212,0.586,82.9,80.3,31.43
100,0,CA1-V1,session,10,-7,-70,11860,0.0777,0.0487,3,43.1,65.96,21.08,41.28,81.41,79.79,51.59,58.8,0.4283,0.5822,82.9,80.3,31.43
100,0,CA1-V1,session,10,10,100,11800,0.0189,0.0138,3,55.79,73.05,27.61,31.31,81.41,79.79,51.59,58.8,0.4101,0.5851,82.9,80.3,31.43
100,0,CA1-V1,session,10,-10,-100,11800,0.079,0.0193,3,65.32,75.55,26.86,30.32,81.41,79.79,51.59,58.8,0.403,0.5676,82.9,80.3,31.43
100,0,CA1-V1,session,10,15,150,11700,0.0533,0.0316,3,54.61,79.31,37.07,55.2,81.41,79.79,51.59,58.8,0.4284,0.5704,82.9,80.3,31.43
100,0,CA1-V1,session,10,-15,-150,11700,0.0573,0.0507,3,50.28,64.85,24.33,42.44,81.41,79.79,51.59,58.8,0.4376,0.5747,82.9,80.3,31.43
100,0,CA1-V1,session,10,20,200,11600,0.0272,0.012,3,74.23,80.39,28.19,44.62,81.41,79.79,51.59,58.8,0.4247,0.5883,82.9,80.3,31.43
100,0,CA1-V1,session,10,-20,-200,11600,0.0836,0.0421,3,59.35,65.09,15.19,33.81,81.41,79.79,51.59,58.8,0.4373,0.557,82.9,80.3,31.43
100,0,CA1-V1,session,10,25,250,11500,0.0327,0.0192,3,61.61,66.18,41.55,52.02,81.41,79.79,51.59,58.8,0.4046,0.582,82.9,80.3,31.43
100,0,CA1-V1,session,10,-25,-250,11500,0.0623,0.0302,3,57.76,60.22,28.64,37.51,81.41,79.79,51.59,58.8,0.4377,0.5693,82.9,80.3,31.43
100,0,CA1-SUB,session,10,0,0,12000,0.1108,0.0733,1,0.0,0.0,0.0,0.0,82.73,86.96,71.97,53.72,0.4423,0.4642,77.63,89.76,58.72
100,0,CA1-SUB,session,10,1,10,11980,0.0556,0.0305,1,64.97,61.9,87.74,85.87,82.73,86.96,71.97,53.72,0.4256,0.4512,77.63,89.76,58.72
100,0,CA1-SUB,session,10,-1,-10,11980,0.0574,0.0438,1,68.91,62.64,46.25,40.68,82.73,86.96,71.97,53.72,0.4541,0.4802,77.63,89.76,58.72
100,0,CA1-SUB,session,10,2,20,11960,0.0333,0.0045,1,77.57,82.53,87.55,87.25,82.73,86.96,71.97,53.72,0.4104,0.4151,77.63,89.76,58.72
100,0,CA1-SUB,session,10,-2,-20,11960,0.082,0.0517,1,83.97,70.46,72.02,71.12,82.73,86.96,71.97,53.72,0.4315,0.4753,77.63,89.76,58.72
100,0,CA1-SUB,session,10,3,30,11940,0.0061,0.0116,1,89.98,86.93,83.7,83.87,82.73,86.96,71.97,53.72,0.4177,0.4083,77.63,89.76,58.72
100,0,CA1-SUB,session,10,-3,-30,11940,0.017,0.0121,1,89.05,83.41,70.93,62.65,82.73,86.96,71.97,53.72,0.4312,0.4206,77.63,89.76,58.72
100,0,CA1-SUB,session,10,4,40,11920,-0.0051,0.0019,1,78.85,76.05,84.83,78.26,82.73,86.96,71.97,53.72,0.4271,0.4133,77.63,89.76,58.72
100,0,CA1-SUB,session,10,-4,-40,11920,-0.0193,-0.0004,1,77.99,79.08,59.2,45.85,82.73,86.96,71.97,53.72,0.4352,0.4291,77.63,89.76,58.72
100,0,CA1-SUB,session,10,5,50,11900,0.0452,0.011,1,88.62,84.63,66.17,64.18,82.73,86.96,71.97,53.72,0.4372,0.44,77.63,89.76,58.72
100,0,CA1-SUB,session,10,-5,-50,11900,0.0259,0.0108,1,80.1,87.19,77.68,72.87,82.73,86.96,71.97,53.72,0.4129,0.4013,77.63,89.76,58.72
100,0,CA1-SUB,session,10,7,70,11860,-0.0208,-0.0097,1,78.17,86.05,72.94,87.56,82.73,86.96,71.97,53.72,0.4233,0.4254,77.63,89.76,58.72
100,0,CA1-SUB,session,10,-7,-70,11860,0.0028,0.0022,1,84.31,87.52,84.38,75.77,82.73,86.96,71.97,53.72,0.4264,0.4271,77.63,89.76,58.72
100,0,CA1-SUB,session,10,10,100,11800,0.0061,0.0051,1,79.55,85.56,65.49,71.76,82.73,86.96,71.97,53.72,0.4227,0.3999,77.63,89.76,58.72
100,0,CA1-SUB,session,10,-10,-100,11800,0.0264,0.0117,1,79.34,71.19,68.43,65.31,82.73,86.96,71.97,53.72,0.4217,0.4311,77.63,89.76,58.72
100,0,CA1-SUB,session,10,15,150,11700,0.0035,0.0108,1,75.2,74.64,74.07,73.87,82.73,86.96,71.97,53.72,0.4047,0.4149,77.63,89.76,58.72
100,0,CA1-SUB,session,10,-15,-150,11700,-0.0088,0.0009,1,70.65,77.8,72.6,75.9,82.73,86.96,71.97,53.72,0.422,0.4092,77.63,89.76,58.72
100,0,CA1-SUB,session,10,20,200,11600,-0.0053,0.0013,1,85.78,80.2,83.15,84.89,82.73,86.96,71.97,53.72,0.4085,0.3958,77.63,89.76,58.72
100,0,CA1-SUB,session,10,-20,-200,11600,0.0235,0.0153,1,80.32,81.13,88.67,79.87,82.73,86.96,71.97,53.72,0.412,0.4207,77.63,89.76,58.72
100,0,CA1-SUB,session,10,25,250,11500,-0.0021,-0.0002,1,81.0,79.99,71.27,81.93,82.73,86.96,71.97,53.72,0.436,0.4296,77.63,89.76,58.72
100,0,CA1-SUB,session,10,-25,-250,11500,0.0288,0.0139,1,83.29,87.35,69.02,84.32,82.73,86.96,71.97,53.72,0.4167,0.4221,77.63,89.76,58.72
100,0,RSC-SUB,session,10,0,0,12000,0.1261,0.0787,1,0.0,0.0,0.0,0.0,88.45,87.51,63.04,65.4,0.5124,0.4786,84.17,77.26,83.33
100,0,RSC-SUB,session,10,1,10,11980,0.0196,0.0131,1,84.75,75.46,68.11,61.19,88.45,87.51,63.04,65.4,0.4854,0.4136,84.17,77.26,83.33
100,0,RSC-SUB,session,10,-1,-10,11980,0.0356,0.0213,1,85.52,86.47,62.63,48.21,88.45,87.51,63.04,65.4,0.4863,0.4252,84.17,77.26,83.33
100,0,RSC-SUB,session,10,2,20,11960,0.0108,0.0211,1,88.39,83.36,70.68,70.98,88.45,87.51,63.04,65.4,0.4748,0.4111,84.17,77.26,83.33
100,0,RSC-SUB,session,10,-2,-20,11960,0.0166,0.0162,1,71.35,77.53,57.8,52.2,88.45,87.51,63.04,65.4,0.4958,0.4086,84.17,77.26,83.33
100,0,RSC-SUB,session,10,3,30,11940,0.0259,0.013,1,82.38,74.14,81.22,74.98,88.45,87.51,63.04,65.4,0.4836,0.4142,84.17,77.26,83.33
100,0,RSC-SUB,session,10,-3,-30,11940,0.0352,0.0308,1,82.79,87.65,83.87,74.32,88.45,87.51,63.04,65.4,0.4857,0.4206,84.17,77.26,83.33
100,0,RSC-SUB,session,10,4,40,11920,0.0071,0.0198,1,72.78,72.61,73.94,58.97,88.45,87.51,63.04,65.4,0.4758,0.4242,84.17,77.26,83.33
100,0,RSC-SUB,session,10,-4,-40,11920,0.0406,0.0193,1,79.61,89.94,81.73,75.36,88.45,87.51,63.04,65.4,0.497,0.4506,84.17,77.26,83.33
100,0,RSC-SUB,session,10,5,50,11900,0.0263,0.0098,1,86.49,86.63,63.58,73.61,88.45,87.51,63.04,65.4,0.48,0.4139,84.17,77.26,83.33
100,0,RSC-SUB,session,10,-5,-50,11900,0.0036,0.0105,1,89.96,80.52,69.28,57.28,88.45,87.51,63.04,65.4,0.4856,0.425,84.17,77.26,83.33
100,0,RSC-SUB,session,10,7,70,11860,0.0076,0.0063,1,88.42,85.74,85.72,75.16,88.45,87.51,63.04,65.4,0.4817,0.4219,84.17,77.26,83.33
100,0,RSC-SUB,session,10,-7,-70,11860,0.0058,0.0133,1,75.7,88.57,84.45,83.97,88.45,87.51,63.04,65.4,0.4903,0.4126,84.17,77.26,83.33
100,0,RSC-SUB,session,10,10,100,11800,0.0366,0.0197,1,83.94,83.41,77.23,72.89,88.45,87.51,63.04,65.4,0.4919,0.4207,84.17,77.26,83.33
100,0,RSC-SUB,session,10,-10,-100,11800,0.0348,0.0171,1,73.1,87.17,77.55,75.79,88.45,87.51,63.04,65.4,0.4909,0.4203,84.17,77.26,83.33
100,0,RSC-SUB,session,10,15,150,11700,0.0241,0.0097,1,84.37,84.52,80.78,84.87,88.45,87.51,63.04,65.4,0.4806,0.4063,84.17,77.26,83.33
100,0,RSC-SUB,session,10,-15,-150,11700,0.0226,0.0167,1,86.59,86.57,60.58,62.35,88.45,87.51,63.04,65.4,0.4907,0.4191,84.17,77.26,83.33
100,0,RSC-SUB,session,10,20,200,11600,0.0139,0.0128,1,77.85,81.87,80.03,72.87,88.45,87.51,63.04,65.4,0.4879,0.4202,84.17,77.26,83.33
100,0,RSC-SUB,session,10,-20,-200,11600,0.0205,0.0225,1,87.75,78.85,81.89,68.41,88.45,87.51,63.04,65.4,0.474,0.4084,84.17,77.26,83.33
100,0,RSC-SUB,session,10,25,250,11500,0.0095,0.006,1,84.89,89.78,79.43,89.75,88.45,87.51,63.04,65.4,0.4835,0.4225,84.17,77.26,83.33
100,0,RSC-SUB,session,10,-25,-250,11500,0.0271,0.0196,1,79.82,64.37,84.45,71.61,88.45,87.51,63.04,65.4,0.4801,0.4093,84.17,77.26,83.33
100,0,V1-RSC,session,10,0,0,12000,0.4909,0.5456,3,0.0,0.0,0.0,0.0,40.52,37.14,29.98,25.17,0.5322,0.4798,82.82,84.35,48.3
100,0,V1-RSC,session,10,1,10,11980,0.4009,0.2526,3,22.45,17.22,18.28,14.05,40.52,37.14,29.98,25.17,0.5496,0.5412,82.82,84.35,48.3
100,0,V1-RSC,session,10,-1,-10,11980,0.319,0.2213,3,29.93,16.46,27.01,12.9,40.52,37.14,29.98,25.17,0.5398,0.5327,82.82,84.35,48.3
100,0,V1-RSC,session,10,2,20,11960,0.3156,0.2134,3,27.2,21.77,29.08,21.06,40.52,37.14,29.98,25.17,0.56,0.54,82.82,84.35,48.3
100,0,V1-RSC,session,10,-2,-20,11960,0.2737,0.1681,3,54.02,22.99,52.5,21.7,40.52,37.14,29.98,25.17,0.551,0.539,82.82,84.35,48.3
100,0,V1-RSC,session,10,3,30,11940,0.1393,0.1453,3,28.87,19.19,88.44,79.29,40.52,37.14,29.98,25.17,0.5333,0.5055,82.82,84.35,48.3
100,0,V1-RSC,session,10,-3,-30,11940,0.2712,0.1669,3,68.7,25.26,67.04,30.51,40.52,37.14,29.98,25.17,0.558,0.5471,82.82,84.35,48.3
100,0,V1-RSC,session,10,4,40,11920,0.1642,0.104,3,61.51,89.02,72.5,85.66,40.52,37.14,29.98,25.17,0.5355,0.4828,82.82,84.35,48.3
100,0,V1-RSC,session,10,-4,-40,11920,0.2593,0.1682,3,76.99,21.8,75.32,30.22,40.52,37.14,29.98,25.17,0.5561,0.5355,82.82,84.35,48.3
100,0,V1-RSC,session,10,5,50,11900,0.195,0.1122,3,61.55,84.85,68.24,88.47,40.52,37.14,29.98,25.17,0.5416,0.4957,82.82,84.35,48.3
100,0,V1-RSC,session,10,-5,-50,11900,0.1815,0.1395,3,77.67,22.3,75.52,29.69,40.52,37.14,29.98,25.17,0.5543,0.5251,82.82,84.35,48.3
100,0,V1-RSC,session,10,7,70,11860,0.1665,0.12,3,86.45,77.73,66.85,88.91,40.52,37.14,29.98,25.17,0.5315,0.4817,82.82,84.35,48.3
100,0,V1-RSC,session,10,-7,-70,11860,0.1993,0.1267,3,75.38,50.38,78.19,41.58,40.52,37.14,29.98,25.17,0.5419,0.5108,82.82,84.35,48.3
100,0,V1-RSC,session,10,10,100,11800,0.1942,0.117,3,78.65,81.8,81.57,83.45,40.52,37.14,29.98,25.17,0.5457,0.4912,82.82,84.35,48.3
100,0,V1-RSC,session,10,-10,-100,11800,0.1979,0.1359,3,88.91,34.79,87.45,61.52,40.52,37.14,29.98,25.17,0.5489,0.52,82.82,84.35,48.3
100,0,V1-RSC,session,10,15,150,11700,0.1771,0.1177,3,86.17,76.52,88.1,82.67,40.52,37.14,29.98,25.17,0.5492,0.4776,82.82,84.35,48.3
100,0,V1-RSC,session,10,-15,-150,11700,0.2089,0.1272,3,77.92,28.18,83.98,69.68,40.52,37.14,29.98,25.17,0.5493,0.5165,82.82,84.35,48.3
100,0,V1-RSC,session,10,20,200,11600,0.1355,0.1009,3,80.68,82.69,80.23,84.01,40.52,37.14,29.98,25.17,0.5442,0.4791,82.82,84.35,48.3
100,0,V1-RSC,session,10,-20,-200,11600,0.1134,0.0992,3,76.39,30.75,86.06,66.21,40.52,37.14,29.98,25.17,0.538,0.4984,82.82,84.35,48.3
100,0,V1-RSC,session,10,25,250,11500,0.1471,0.0897,3,85.19,76.68,88.97,81.11,40.52,37.14,29.98,25.17,0.5572,0.4844,82.82,84.35,48.3
100,0,V1-RSC,session,10,-25,-250,11500,0.1644,0.0933,3,81.59,48.84,83.02,89.05,40.52,37.14,29.98,25.17,0.5642,0.5104,82.82,84.35,48.3
