animal,learner,pair,epoch,bin_ms,lag_bins,lag_ms,n_samples,cc1,cc_mean3,n_sig,angle_x,angle_y,angle_x_cc1,angle_y_cc1,floor_x,floor_y,floor_cc1,gini_x_conn,gini_y_conn,angle_ff_fb_x,angle_ff_fb_y,angle_ff_fb_cc1
28,1,CA1-CA3,naive,10,0,0,6000,0.1519,-0.0125,0,0.0,0.0,0.0,0.0,87.4,59.88,78.63,0.5572,0.8154,88.4,83.72,77.68
28,1,CA1-CA3,naive,10,1,10,5990,0.0508,0.0124,0,76.42,64.44,4.89,1.12,87.4,59.88,78.63,0.6843,0.9181,88.4,83.72,77.68
28,1,CA1-CA3,naive,10,-1,-10,5990,0.054,0.0344,0,60.47,72.05,74.64,6.38,87.4,59.88,78.63,0.6144,0.8093,88.4,83.72,77.68
28,1,CA1-CA3,naive,10,2,20,5980,0.0256,0.0012,0,87.79,54.51,88.45,63.76,87.4,59.88,78.63,0.446,0.7179,88.4,83.72,77.68
28,1,CA1-CA3,naive,10,-2,-20,5980,0.0588,0.0057,0,86.09,82.7,81.6,0.63,87.4,59.88,78.63,0.5717,0.7914,88.4,83.72,77.68
28,1,CA1-CA3,naive,10,3,30,5970,-0.0072,0.0037,0,87.57,77.61,82.69,86.51,87.4,59.88,78.63,0.4132,0.7911,88.4,83.72,77.68
28,1,CA1-CA3,naive,10,-3,-30,5970,0.0188,-0.0276,0,83.68,82.93,76.16,1.13,87.4,59.88,78.63,0.5673,0.8395,88.4,83.72,77.68
28,1,CA1-CA3,naive,10,4,40,5960,0.0192,0.0159,0,85.54,76.38,78.52,80.16,87.4,59.88,78.63,0.3895,0.8113,88.4,83.72,77.68
28,1,CA1-CA3,naive,10,-4,-40,5960,0.0009,-0.0001,0,89.65,85.0,86.74,88.02,87.4,59.88,78.63,0.5538,0.7947,88.4,83.72,77.68
28,1,CA1-CA3,naive,10,5,50,5950,0.0114,0.0074,0,86.54,68.62,71.85,69.79,87.4,59.88,78.63,0.3506,0.6113,88.4,83.72,77.68
28,1,CA1-CA3,naive,10,-5,-50,5950,-0.0027,0.0018,0,85.19,86.05,89.43,89.02,87.4,59.88,78.63,0.4945,0.6939,88.4,83.72,77.68
28,1,CA1-CA3,naive,10,7,70,5930,0.0081,-0.0069,0,88.99,73.86,89.14,66.5,87.4,59.88,78.63,0.4115,0.8052,88.4,83.72,77.68
28,1,CA1-CA3,naive,10,-7,-70,5930,-0.0222,0.0005,0,58.81,60.39,10.52,3.33,87.4,59.88,78.63,0.5903,0.7537,88.4,83.72,77.68
28,1,CA1-CA3,naive,10,10,100,5900,0.0009,0.0005,0,83.01,89.58,73.96,83.5,87.4,59.88,78.63,0.5416,0.7609,88.4,83.72,77.68
28,1,CA1-CA3,naive,10,-10,-100,5900,-0.0128,-0.0136,0,88.95,82.25,82.71,88.39,87.4,59.88,78.63,0.3658,0.6623,88.4,83.72,77.68
28,1,CA1-CA3,naive,10,15,150,5850,0.0088,-0.0003,0,81.38,89.96,88.38,89.49,87.4,59.88,78.63,0.8901,0.7476,88.4,83.72,77.68
28,1,CA1-CA3,naive,10,-15,-150,5850,0.0079,-0.0052,0,87.34,84.5,80.07,86.55,87.4,59.88,78.63,0.4545,0.7501,88.4,83.72,77.68
28,1,CA1-CA3,naive,10,20,200,5800,0.0076,0.0035,0,81.43,66.86,89.95,70.4,87.4,59.88,78.63,0.8327,0.7394,88.4,83.72,77.68
28,1,CA1-CA3,naive,10,-20,-200,5800,-0.0099,0.0044,0,79.14,82.97,76.15,86.79,87.4,59.88,78.63,0.4701,0.7591,88.4,83.72,77.68
28,1,CA1-CA3,naive,10,25,250,5750,-0.0002,0.0008,0,85.78,60.41,89.06,42.0,87.4,59.88,78.63,0.8444,0.7314,88.4,83.72,77.68
28,1,CA1-CA3,naive,10,-25,-250,5750,-0.0043,-0.0057,0,89.76,85.96,81.26,87.66,87.4,59.88,78.63,0.4072,0.6583,88.4,83.72,77.68
28,1,CA1-DG,naive,10,0,0,6000,0.2835,0.1531,1,0.0,0.0,0.0,0.0,72.24,49.51,51.86,0.3556,0.4341,73.2,85.71,83.45
28,1,CA1-DG,naive,10,1,10,5990,0.2582,0.1346,1,66.28,46.07,22.29,24.5,72.24,49.51,51.86,0.3691,0.4872,73.2,85.71,83.45
28,1,CA1-DG,naive,10,-1,-10,5990,0.2035,0.1159,1,45.86,26.96,34.53,16.96,72.24,49.51,51.86,0.3318,0.4049,73.2,85.71,83.45
28,1,CA1-DG,naive,10,2,20,5980,0.2466,0.1185,1,88.39,56.34,48.04,31.24,72.24,49.51,51.86,0.3918,0.446,73.2,85.71,83.45
28,1,CA1-DG,naive,10,-2,-20,5980,0.1859,0.1079,1,62.12,56.24,75.78,63.09,72.24,49.51,51.86,0.3838,0.5147,73.2,85.71,83.45
28,1,CA1-DG,naive,10,3,30,5970,0.2086,0.1105,1,89.82,50.29,67.52,52.54,72.24,49.51,51.86,0.4531,0.4662,73.2,85.71,83.45
28,1,CA1-DG,naive,10,-3,-30,5970,0.2146,0.107,1,83.29,50.91,79.08,62.18,72.24,49.51,51.86,0.3978,0.4476,73.2,85.71,83.45
28,1,CA1-DG,naive,10,4,40,5960,0.1838,0.086,1,85.29,75.73,78.4,63.73,72.24,49.51,51.86,0.3533,0.4138,73.2,85.71,83.45
28,1,CA1-DG,naive,10,-4,-40,5960,0.2459,0.1017,1,87.7,73.19,51.72,64.1,72.24,49.51,51.86,0.4322,0.5433,73.2,85.71,83.45
28,1,CA1-DG,naive,10,5,50,5950,0.1352,0.0714,1,86.8,75.95,71.16,68.3,72.24,49.51,51.86,0.3153,0.425,73.2,85.71,83.45
28,1,CA1-DG,naive,10,-5,-50,5950,0.2316,0.1046,1,82.95,89.6,44.73,54.03,72.24,49.51,51.86,0.4652,0.5456,73.2,85.71,83.45
28,1,CA1-DG,naive,10,7,70,5930,0.1406,0.0701,1,84.84,76.91,45.35,27.26,72.24,49.51,51.86,0.362,0.437,73.2,85.71,83.45
28,1,CA1-DG,naive,10,-7,-70,5930,0.1732,0.083,1,72.18,74.02,34.72,28.79,72.24,49.51,51.86,0.4054,0.385,73.2,85.71,83.45
28,1,CA1-DG,naive,10,10,100,5900,0.1619,0.0841,1,82.76,61.22,72.46,69.7,72.24,49.51,51.86,0.3683,0.43,73.2,85.71,83.45
28,1,CA1-DG,naive,10,-10,-100,5900,0.173,0.0861,1,80.68,86.05,77.73,63.88,72.24,49.51,51.86,0.3906,0.4451,73.2,85.71,83.45
28,1,CA1-DG,naive,10,15,150,5850,0.2016,0.0788,1,87.59,60.92,88.83,25.87,72.24,49.51,51.86,0.7752,0.4499,73.2,85.71,83.45
28,1,CA1-DG,naive,10,-15,-150,5850,0.1492,0.0902,1,74.36,53.61,42.03,21.35,72.24,49.51,51.86,0.3278,0.4181,73.2,85.71,83.45
28,1,CA1-DG,naive,10,20,200,5800,0.1031,0.0499,1,58.89,44.41,67.34,43.37,72.24,49.51,51.86,0.7138,0.34,73.2,85.71,83.45
28,1,CA1-DG,naive,10,-20,-200,5800,0.1756,0.082,1,82.55,89.24,27.3,32.61,72.24,49.51,51.86,0.3875,0.3803,73.2,85.71,83.45
28,1,CA1-DG,naive,10,25,250,5750,0.1331,0.0787,1,83.17,62.39,72.52,84.46,72.24,49.51,51.86,0.7279,0.4355,73.2,85.71,83.45
28,1,CA1-DG,naive,10,-25,-250,5750,0.1744,0.0669,1,63.93,55.64,73.57,33.56,72.24,49.51,51.86,0.4234,0.4,73.2,85.71,83.45
28,1,CA1-V1,naive,10,0,0,6000,0.08,0.0429,0,0.0,0.0,0.0,0.0,88.27,88.99,84.52,0.3613,0.4718,75.68,67.17,36.5
28,1,CA1-V1,naive,10,1,10,5990,0.078,0.0444,0,74.24,72.59,23.44,33.92,88.27,88.99,84.52,0.3324,0.4726,75.68,67.17,36.5
28,1,CA1-V1,naive,10,-1,-10,5990,0.0751,0.0351,0,66.89,60.04,24.41,28.72,88.27,88.99,84.52,0.3555,0.4587,75.68,67.17,36.5
28,1,CA1-V1,naive,10,2,20,5980,0.0728,0.0397,0,89.46,58.57,36.24,28.64,88.27,88.99,84.52,0.3412,0.4675,75.68,67.17,36.5
28,1,CA1-V1,naive,10,-2,-20,5980,0.048,0.0489,0,87.31,77.86,25.46,31.96,88.27,88.99,84.52,0.3712,0.4836,75.68,67.17,36.5
28,1,CA1-V1,naive,10,3,30,5970,0.0811,0.0653,0,73.28,75.57,38.99,41.72,88.27,88.99,84.52,0.3337,0.47,75.68,67.17,36.5
28,1,CA1-V1,naive,10,-3,-30,5970,0.0347,0.0543,0,81.91,67.62,39.91,37.93,88.27,88.99,84.52,0.3574,0.4848,75.68,67.17,36.5
28,1,CA1-V1,naive,10,4,40,5960,0.069,0.0568,0,82.72,83.07,45.29,38.8,88.27,88.99,84.52,0.3136,0.4667,75.68,67.17,36.5
28,1,CA1-V1,naive,10,-4,-40,5960,0.0597,0.0591,0,75.28,68.42,40.48,36.1,88.27,88.99,84.52,0.4286,0.5008,75.68,67.17,36.5
28,1,CA1-V1,naive,10,5,50,5950,0.0524,0.0297,0,89.74,74.02,25.92,27.96,88.27,88.99,84.52,0.3862,0.4591,75.68,67.17,36.5
28,1,CA1-V1,naive,10,-5,-50,5950,0.0616,0.0505,0,79.75,70.59,31.08,31.91,88.27,88.99,84.52,0.3679,0.4712,75.68,67.17,36.5
28,1,CA1-V1,naive,10,7,70,5930,0.0249,0.0306,0,83.2,81.89,32.51,36.22,88.27,88.99,84.52,0.4096,0.499,75.68,67.17,36.5
28,1,CA1-V1,naive,10,-7,-70,5930,0.0685,0.0417,0,80.83,81.04,41.77,44.97,88.27,88.99,84.52,0.4648,0.4702,75.68,67.17,36.5
28,1,CA1-V1,naive,10,10,100,5900,0.0478,0.042,0,82.76,89.37,28.76,33.12,88.27,88.99,84.52,0.3684,0.5021,75.68,67.17,36.5
28,1,CA1-V1,naive,10,-10,-100,5900,0.097,0.0333,0,57.7,76.48,33.22,33.74,88.27,88.99,84.52,0.3916,0.4675,75.68,67.17,36.5
28,1,CA1-V1,naive,10,15,150,5850,0.0593,0.0329,0,80.85,88.3,80.66,31.58,88.27,88.99,84.52,0.7591,0.4608,75.68,67.17,36.5
28,1,CA1-V1,naive,10,-15,-150,5850,0.0892,0.0368,0,85.94,84.02,26.96,35.0,88.27,88.99,84.52,0.3641,0.4572,75.68,67.17,36.5
28,1,CA1-V1,naive,10,20,200,5800,0.0538,0.031,0,81.2,79.28,84.91,36.63,88.27,88.99,84.52,0.8201,0.4635,75.68,67.17,36.5
28,1,CA1-V1,naive,10,-20,-200,5800,0.06,0.0523,0,82.83,89.81,57.25,44.56,88.27,88.99,84.52,0.49,0.4851,75.68,67.17,36.5
28,1,CA1-V1,naive,10,25,250,5750,0.0881,0.0592,0,82.14,72.4,84.14,39.09,88.27,88.99,84.52,0.7785,0.4916,75.68,67.17,36.5
28,1,CA1-V1,naive,10,-25,-250,5750,0.0499,0.0277,0,86.27,77.41,35.87,30.18,88.27,88.99,84.52,0.3757,0.484,75.68,67.17,36.5
28,1,CA3-DG,naive,10,0,0,6000,0.0286,0.0411,0,0.0,0.0,0.0,0.0,25.19,84.01,12.48,0.671,0.4513,85.47,85.19,32.42
28,1,CA3-DG,naive,10,1,10,5990,0.0623,0.0285,0,25.57,85.5,87.22,74.49,25.19,84.01,12.48,0.6082,0.4625,85.47,85.19,32.42
28,1,CA3-DG,naive,10,-1,-10,5990,0.0867,0.0298,0,82.9,85.37,56.7,50.22,25.19,84.01,12.48,0.6949,0.6023,85.47,85.19,32.42
28,1,CA3-DG,naive,10,2,20,5980,0.0854,0.0484,0,70.18,77.47,81.48,78.91,25.19,84.01,12.48,0.6024,0.469,85.47,85.19,32.42
28,1,CA3-DG,naive,10,-2,-20,5980,0.091,0.03,0,66.13,87.17,78.29,45.58,25.19,84.01,12.48,0.6299,0.4193,85.47,85.19,32.42
28,1,CA3-DG,naive,10,3,30,5970,0.0922,0.0245,0,81.36,70.85,84.83,84.75,25.19,84.01,12.48,0.6241,0.3465,85.47,85.19,32.42
28,1,CA3-DG,naive,10,-3,-30,5970,0.1187,0.0527,0,74.13,71.89,81.8,43.78,25.19,84.01,12.48,0.7022,0.5233,85.47,85.19,32.42
28,1,CA3-DG,naive,10,4,40,5960,0.0956,0.0264,0,86.27,79.77,69.9,66.18,25.19,84.01,12.48,0.7521,0.5219,85.47,85.19,32.42
28,1,CA3-DG,naive,10,-4,-40,5960,0.0822,0.0359,0,84.27,71.97,47.65,76.68,25.19,84.01,12.48,0.6943,0.4406,85.47,85.19,32.42
28,1,CA3-DG,naive,10,5,50,5950,0.0846,0.0123,0,81.7,84.05,47.2,57.35,25.19,84.01,12.48,0.6338,0.4312,85.47,85.19,32.42
28,1,CA3-DG,naive,10,-5,-50,5950,0.0681,0.0376,0,83.42,73.18,48.9,68.69,25.19,84.01,12.48,0.6585,0.469,85.47,85.19,32.42
28,1,CA3-DG,naive,10,7,70,5930,0.0731,0.027,0,80.19,85.16,71.74,53.25,25.19,84.01,12.48,0.7225,0.5278,85.47,85.19,32.42
28,1,CA3-DG,naive,10,-7,-70,5930,0.0839,0.0547,0,77.56,69.13,43.94,49.61,25.19,84.01,12.48,0.6491,0.4039,85.47,85.19,32.42
28,1,CA3-DG,naive,10,10,100,5900,0.0627,0.0191,0,63.77,77.81,45.94,80.75,25.19,84.01,12.48,0.6787,0.4364,85.47,85.19,32.42
28,1,CA3-DG,naive,10,-10,-100,5900,0.1255,0.0488,0,75.14,58.34,52.5,53.35,25.19,84.01,12.48,0.7018,0.4318,85.47,85.19,32.42
28,1,CA3-DG,naive,10,15,150,5850,0.0138,0.0249,0,76.13,85.29,34.67,61.19,25.19,84.01,12.48,0.6555,0.3842,85.47,85.19,32.42
28,1,CA3-DG,naive,10,-15,-150,5850,0.0673,0.0281,0,56.32,76.17,48.92,57.96,25.19,84.01,12.48,0.7439,0.4251,85.47,85.19,32.42
28,1,CA3-DG,naive,10,20,200,5800,0.0524,0.0325,0,86.54,67.65,58.81,51.17,25.19,84.01,12.48,0.7316,0.4063,85.47,85.19,32.42
28,1,CA3-DG,naive,10,-20,-200,5800,0.068,0.0215,0,59.61,71.31,53.1,49.82,25.19,84.01,12.48,0.6505,0.4728,85.47,85.19,32.42
28,1,CA3-DG,naive,10,25,250,5750,0.0615,0.0422,0,83.17,89.52,70.41,77.29,25.19,84.01,12.48,0.6512,0.3896,85.47,85.19,32.42
28,1,CA3-DG,naive,10,-25,-250,5750,0.0455,0.0372,0,50.64,84.87,82.68,84.24,25.19,84.01,12.48,0.718,0.319,85.47,85.19,32.42
28,1,CA1-CA3,intermediate,10,0,0,6000,0.2208,0.1042,1,0.0,0.0,0.0,0.0,86.89,38.04,74.26,0.4423,0.5011,82.74,83.78,88.55
28,1,CA1-CA3,intermediate,10,1,10,5990,0.039,0.0185,1,87.04,81.74,84.24,52.19,86.89,38.04,74.26,0.2948,0.6854,82.74,83.78,88.55
28,1,CA1-CA3,intermediate,10,-1,-10,5990,0.04,0.0031,1,85.32,77.94,20.71,31.24,86.89,38.04,74.26,0.3671,0.556,82.74,83.78,88.55
28,1,CA1-CA3,intermediate,10,2,20,5980,0.0291,0.0049,1,83.37,75.13,83.25,27.55,86.89,38.04,74.26,0.3762,0.5605,82.74,83.78,88.55
28,1,CA1-CA3,intermediate,10,-2,-20,5980,-0.0038,0.0069,1,82.87,78.19,76.58,52.43,86.89,38.04,74.26,0.3124,0.5587,82.74,83.78,88.55
28,1,CA1-CA3,intermediate,10,3,30,5970,-0.0096,-0.0104,1,85.75,62.85,81.72,65.64,86.89,38.04,74.26,0.3098,0.5485,82.74,83.78,88.55
28,1,CA1-CA3,intermediate,10,-3,-30,5970,-0.0076,-0.0039,1,72.73,75.09,80.82,79.23,86.89,38.04,74.26,0.345,0.5209,82.74,83.78,88.55
28,1,CA1-CA3,intermediate,10,4,40,5960,0.0133,0.0058,1,89.43,88.84,82.01,58.18,86.89,38.04,74.26,0.2878,0.5749,82.74,83.78,88.55
28,1,CA1-CA3,intermediate,10,-4,-40,5960,-0.0097,0.0005,1,89.0,80.98,55.77,81.86,86.89,38.04,74.26,0.3582,0.7102,82.74,83.78,88.55
28,1,CA1-CA3,intermediate,10,5,50,5950,0.0091,0.0064,1,76.99,78.19,87.71,64.83,86.89,38.04,74.26,0.3769,0.7142,82.74,83.78,88.55
28,1,CA1-CA3,intermediate,10,-5,-50,5950,-0.0152,0.009,1,78.68,79.68,74.77,56.19,86.89,38.04,74.26,0.2688,0.5739,82.74,83.78,88.55
28,1,CA1-CA3,intermediate,10,7,70,5930,0.0069,0.0096,1,63.86,85.3,56.05,46.5,86.89,38.04,74.26,0.3876,0.6475,82.74,83.78,88.55
28,1,CA1-CA3,intermediate,10,-7,-70,5930,-0.0037,0.0163,1,84.48,83.81,89.57,46.83,86.89,38.04,74.26,0.303,0.6495,82.74,83.78,88.55
28,1,CA1-CA3,intermediate,10,10,100,5900,-0.0203,0.0006,1,69.94,62.0,88.4,87.12,86.89,38.04,74.26,0.3348,0.4694,82.74,83.78,88.55
28,1,CA1-CA3,intermediate,10,-10,-100,5900,0.0243,0.0061,1,87.89,80.8,73.02,77.97,86.89,38.04,74.26,0.3789,0.5748,82.74,83.78,88.55
28,1,CA1-CA3,intermediate,10,15,150,5850,0.0189,0.0108,1,89.0,59.54,49.94,85.35,86.89,38.04,74.26,0.3257,0.5761,82.74,83.78,88.55
28,1,CA1-CA3,intermediate,10,-15,-150,5850,0.0463,0.0185,1,85.76,73.83,81.51,47.21,86.89,38.04,74.26,0.3559,0.5707,82.74,83.78,88.55
28,1,CA1-CA3,intermediate,10,20,200,5800,0.0066,0.0114,1,83.81,84.63,71.5,88.06,86.89,38.04,74.26,0.3123,0.7261,82.74,83.78,88.55
28,1,CA1-CA3,intermediate,10,-20,-200,5800,0.0076,0.0028,1,81.27,67.26,84.69,87.95,86.89,38.04,74.26,0.2859,0.674,82.74,83.78,88.55
28,1,CA1-CA3,intermediate,10,25,250,5750,-0.0112,-0.0018,1,82.84,76.24,86.77,86.07,86.89,38.04,74.26,0.2786,0.4939,82.74,83.78,88.55
28,1,CA1-CA3,intermediate,10,-25,-250,5750,-0.011,-0.0124,1,88.36,59.92,87.03,69.79,86.89,38.04,74.26,0.4044,0.4943,82.74,83.78,88.55
28,1,CA1-DG,intermediate,10,0,0,6000,0.2308,0.1039,1,0.0,0.0,0.0,0.0,88.09,88.94,51.49,0.2928,0.3148,77.2,89.81,67.91
28,1,CA1-DG,intermediate,10,1,10,5990,0.2335,0.102,1,87.2,58.73,30.48,14.92,88.09,88.94,51.49,0.376,0.4548,77.2,89.81,67.91
28,1,CA1-DG,intermediate,10,-1,-10,5990,0.1799,0.0779,1,86.45,57.9,55.0,39.13,88.09,88.94,51.49,0.42,0.3927,77.2,89.81,67.91
28,1,CA1-DG,intermediate,10,2,20,5980,0.2595,0.1092,1,85.41,79.94,39.49,27.73,88.09,88.94,51.49,0.3391,0.4431,77.2,89.81,67.91
28,1,CA1-DG,intermediate,10,-2,-20,5980,0.1884,0.0798,1,64.44,41.2,79.57,45.23,88.09,88.94,51.49,0.328,0.3584,77.2,89.81,67.91
28,1,CA1-DG,intermediate,10,3,30,5970,0.2351,0.1114,1,84.4,53.71,54.07,36.51,88.09,88.94,51.49,0.2469,0.3817,77.2,89.81,67.91
28,1,CA1-DG,intermediate,10,-3,-30,5970,0.1969,0.0908,1,71.11,84.08,77.6,43.53,88.09,88.94,51.49,0.3269,0.3599,77.2,89.81,67.91
28,1,CA1-DG,intermediate,10,4,40,5960,0.2022,0.1037,1,78.83,76.62,84.07,37.34,88.09,88.94,51.49,0.3061,0.3964,77.2,89.81,67.91
28,1,CA1-DG,intermediate,10,-4,-40,5960,0.2358,0.0987,1,65.18,79.94,66.56,30.54,88.09,88.94,51.49,0.3712,0.4806,77.2,89.81,67.91
28,1,CA1-DG,intermediate,10,5,50,5950,0.1887,0.0785,1,50.94,87.61,85.24,53.74,88.09,88.94,51.49,0.3364,0.4154,77.2,89.81,67.91
28,1,CA1-DG,intermediate,10,-5,-50,5950,0.2215,0.109,1,84.05,89.0,45.36,22.25,88.09,88.94,51.49,0.3085,0.4318,77.2,89.81,67.91
28,1,CA1-DG,intermediate,10,7,70,5930,0.1912,0.0919,1,80.65,84.44,34.85,29.7,88.09,88.94,51.49,0.361,0.4647,77.2,89.81,67.91
28,1,CA1-DG,intermediate,10,-7,-70,5930,0.1548,0.0841,1,87.37,73.63,30.67,26.3,88.09,88.94,51.49,0.2833,0.2849,77.2,89.81,67.91
28,1,CA1-DG,intermediate,10,10,100,5900,0.2116,0.0876,1,69.39,76.92,60.81,25.06,88.09,88.94,51.49,0.3312,0.4775,77.2,89.81,67.91
28,1,CA1-DG,intermediate,10,-10,-100,5900,0.1696,0.1163,1,88.51,89.96,75.85,46.13,88.09,88.94,51.49,0.2444,0.3624,77.2,89.81,67.91
28,1,CA1-DG,intermediate,10,15,150,5850,0.1727,0.0782,1,81.3,78.33,21.38,17.84,88.09,88.94,51.49,0.3265,0.3991,77.2,89.81,67.91
28,1,CA1-DG,intermediate,10,-15,-150,5850,0.0978,0.0674,1,58.35,89.26,44.89,26.27,88.09,88.94,51.49,0.3094,0.3418,77.2,89.81,67.91
28,1,CA1-DG,intermediate,10,20,200,5800,0.1,0.0424,1,87.51,65.16,56.34,38.42,88.09,88.94,51.49,0.286,0.2079,77.2,89.81,67.91
28,1,CA1-DG,intermediate,10,-20,-200,5800,0.1578,0.0616,1,85.42,85.16,39.86,18.12,88.09,88.94,51.49,0.2608,0.3079,77.2,89.81,67.91
28,1,CA1-DG,intermediate,10,25,250,5750,0.1465,0.0583,1,89.9,89.59,74.39,41.01,88.09,88.94,51.49,0.2975,0.3641,77.2,89.81,67.91
28,1,CA1-DG,intermediate,10,-25,-250,5750,0.1047,0.0571,1,81.33,46.48,89.65,27.29,88.09,88.94,51.49,0.3162,0.3337,77.2,89.81,67.91
28,1,CA1-V1,intermediate,10,0,0,6000,0.0134,0.0207,0,0.0,0.0,0.0,0.0,69.07,89.4,76.04,0.3252,0.5182,86.02,85.76,88.87
28,1,CA1-V1,intermediate,10,1,10,5990,0.0073,0.0232,0,57.92,60.32,75.18,88.39,69.07,89.4,76.04,0.2644,0.5142,86.02,85.76,88.87
28,1,CA1-V1,intermediate,10,-1,-10,5990,0.0145,0.0029,0,63.66,63.95,81.97,72.81,69.07,89.4,76.04,0.3259,0.5029,86.02,85.76,88.87
28,1,CA1-V1,intermediate,10,2,20,5980,0.0504,0.0259,0,78.65,89.69,85.81,89.37,69.07,89.4,76.04,0.3411,0.4995,86.02,85.76,88.87
28,1,CA1-V1,intermediate,10,-2,-20,5980,0.0513,0.0316,0,87.44,81.36,85.18,71.23,69.07,89.4,76.04,0.3913,0.5123,86.02,85.76,88.87
28,1,CA1-V1,intermediate,10,3,30,5970,-0.0186,-0.0048,0,82.47,70.46,89.51,48.89,69.07,89.4,76.04,0.3367,0.5185,86.02,85.76,88.87
28,1,CA1-V1,intermediate,10,-3,-30,5970,0.0646,0.0248,0,75.35,87.67,84.37,75.94,69.07,89.4,76.04,0.3739,0.4901,86.02,85.76,88.87
28,1,CA1-V1,intermediate,10,4,40,5960,0.0157,-0.0065,0,74.32,76.9,62.68,57.32,69.07,89.4,76.04,0.2993,0.5023,86.02,85.76,88.87
28,1,CA1-V1,intermediate,10,-4,-40,5960,0.0038,-0.0038,0,89.5,89.22,80.57,66.27,69.07,89.4,76.04,0.3416,0.5283,86.02,85.76,88.87
28,1,CA1-V1,intermediate,10,5,50,5950,0.0032,0.0065,0,89.42,88.78,71.0,74.39,69.07,89.4,76.04,0.3735,0.4985,86.02,85.76,88.87
28,1,CA1-V1,intermediate,10,-5,-50,5950,0.0153,0.0104,0,82.36,89.43,77.29,88.25,69.07,89.4,76.04,0.3342,0.5168,86.02,85.76,88.87
28,1,CA1-V1,intermediate,10,7,70,5930,0.0027,0.0173,0,73.5,84.39,67.24,87.37,69.07,89.4,76.04,0.3684,0.5186,86.02,85.76,88.87
28,1,CA1-V1,intermediate,10,-7,-70,5930,0.0232,0.0022,0,73.94,81.02,79.86,87.92,69.07,89.4,76.04,0.311,0.5041,86.02,85.76,88.87
28,1,CA1-V1,intermediate,10,10,100,5900,0.0852,0.0319,0,89.72,86.92,74.34,88.7,69.07,89.4,76.04,0.4064,0.5628,86.02,85.76,88.87
28,1,CA1-V1,intermediate,10,-10,-100,5900,0.0583,0.0276,0,89.19,83.42,76.52,89.8,69.07,89.4,76.04,0.3645,0.5009,86.02,85.76,88.87
28,1,CA1-V1,intermediate,10,15,150,5850,0.0372,0.0167,0,66.49,85.28,88.11,67.31,69.07,89.4,76.04,0.3315,0.4967,86.02,85.76,88.87
28,1,CA1-V1,intermediate,10,-15,-150,5850,0.0125,0.0173,0,77.89,73.74,76.0,49.86,69.07,89.4,76.04,0.3871,0.5116,86.02,85.76,88.87
28,1,CA1-V1,intermediate,10,20,200,5800,0.0113,0.0041,0,82.31,85.7,89.19,88.91,69.07,89.4,76.04,0.3026,0.5061,86.02,85.76,88.87
28,1,CA1-V1,intermediate,10,-20,-200,5800,-0.0191,-0.0037,0,87.37,84.69,85.63,82.33,69.07,89.4,76.04,0.3641,0.5056,86.02,85.76,88.87
28,1,CA1-V1,intermediate,10,25,250,5750,0.0169,0.0001,0,78.05,84.5,61.45,49.72,69.07,89.4,76.04,0.2829,0.5152,86.02,85.76,88.87
28,1,CA1-V1,intermediate,10,-25,-250,5750,0.0009,0.0014,0,85.37,80.12,70.91,56.98,69.07,89.4,76.04,0.378,0.5328,86.02,85.76,88.87
28,1,CA3-DG,intermediate,10,0,0,6000,-0.0201,0.0249,0,0.0,0.0,0.0,0.0,82.89,70.83,86.61,0.6922,0.3088,82.61,79.77,81.07
28,1,CA3-DG,intermediate,10,1,10,5990,0.0693,0.0564,0,73.62,72.03,89.2,88.93,82.89,70.83,86.61,0.5557,0.2643,82.61,79.77,81.07
28,1,CA3-DG,intermediate,10,-1,-10,5990,0.0234,0.0166,0,74.1,60.56,48.41,40.26,82.89,70.83,86.61,0.6963,0.2864,82.61,79.77,81.07
28,1,CA3-DG,intermediate,10,2,20,5980,0.0937,0.0508,0,82.15,62.43,80.54,78.72,82.89,70.83,86.61,0.6206,0.3458,82.61,79.77,81.07
28,1,CA3-DG,intermediate,10,-2,-20,5980,0.0872,0.0215,0,88.19,72.33,69.96,44.36,82.89,70.83,86.61,0.6229,0.4409,82.61,79.77,81.07
28,1,CA3-DG,intermediate,10,3,30,5970,0.1095,0.052,0,84.92,55.38,72.77,71.92,82.89,70.83,86.61,0.5888,0.4167,82.61,79.77,81.07
28,1,CA3-DG,intermediate,10,-3,-30,5970,0.0924,0.024,0,81.76,88.88,81.76,37.93,82.89,70.83,86.61,0.5813,0.5045,82.61,79.77,81.07
28,1,CA3-DG,intermediate,10,4,40,5960,0.0992,0.0209,0,89.99,78.05,68.47,50.47,82.89,70.83,86.61,0.7475,0.5057,82.61,79.77,81.07
28,1,CA3-DG,intermediate,10,-4,-40,5960,0.0645,0.0165,0,77.61,83.01,88.24,48.03,82.89,70.83,86.61,0.5395,0.289,82.61,79.77,81.07
28,1,CA3-DG,intermediate,10,5,50,5950,0.0856,0.0184,0,65.02,79.54,59.07,39.63,82.89,70.83,86.61,0.6092,0.3634,82.61,79.77,81.07
28,1,CA3-DG,intermediate,10,-5,-50,5950,0.0682,0.0327,0,86.74,83.92,85.75,84.14,82.89,70.83,86.61,0.5997,0.3058,82.61,79.77,81.07
28,1,CA3-DG,intermediate,10,7,70,5930,0.0529,0.0272,0,62.94,69.56,83.43,41.37,82.89,70.83,86.61,0.6105,0.3427,82.61,79.77,81.07
28,1,CA3-DG,intermediate,10,-7,-70,5930,0.0382,0.0259,0,85.93,84.74,82.04,53.79,82.89,70.83,86.61,0.6714,0.3236,82.61,79.77,81.07
28,1,CA3-DG,intermediate,10,10,100,5900,0.0485,0.0191,0,78.82,86.82,73.45,67.58,82.89,70.83,86.61,0.6617,0.3733,82.61,79.77,81.07
28,1,CA3-DG,intermediate,10,-10,-100,5900,0.0641,0.018,0,84.31,69.18,62.75,38.15,82.89,70.83,86.61,0.7062,0.3987,82.61,79.77,81.07
28,1,CA3-DG,intermediate,10,15,150,5850,0.0508,0.0102,0,72.96,84.31,74.63,81.19,82.89,70.83,86.61,0.6184,0.246,82.61,79.77,81.07
28,1,CA3-DG,intermediate,10,-15,-150,5850,0.0353,0.0236,0,77.44,88.41,79.55,53.94,82.89,70.83,86.61,0.5769,0.2501,82.61,79.77,81.07
28,1,CA3-DG,intermediate,10,20,200,5800,0.0567,0.0253,0,74.82,79.87,72.46,50.33,82.89,70.83,86.61,0.743,0.4065,82.61,79.77,81.07
28,1,CA3-DG,intermediate,10,-20,-200,5800,0.0298,0.0135,0,69.1,88.07,82.34,81.02,82.89,70.83,86.61,0.6435,0.3159,82.61,79.77,81.07
28,1,CA3-DG,intermediate,10,25,250,5750,0.0638,0.0179,0,71.6,78.74,80.06,65.81,82.89,70.83,86.61,0.6199,0.2979,82.61,79.77,81.07
28,1,CA3-DG,intermediate,10,-25,-250,5750,0.0288,0.0152,0,78.48,74.32,80.35,72.77,82.89,70.83,86.61,0.6505,0.3281,82.61,79.77,81.07
28,1,CA1-CA3,expert,10,0,0,6000,-0.1018,0.0408,2,0.0,0.0,0.0,0.0,80.07,87.11,71.0,0.3956,0.7746,87.69,66.55,88.33
28,1,CA1-CA3,expert,10,1,10,5990,0.0171,0.0204,2,70.91,58.51,48.84,32.59,80.07,87.11,71.0,0.3104,0.6403,87.69,66.55,88.33
28,1,CA1-CA3,expert,10,-1,-10,5990,0.0148,0.0267,2,52.96,63.82,40.95,50.35,80.07,87.11,71.0,0.4636,0.6554,87.69,66.55,88.33
28,1,CA1-CA3,expert,10,2,20,5980,0.0435,0.0167,2,86.38,71.81,77.13,58.38,80.07,87.11,71.0,0.3522,0.6248,87.69,66.55,88.33
28,1,CA1-CA3,expert,10,-2,-20,5980,-0.005,0.0095,2,75.36,88.33,80.27,37.31,80.07,87.11,71.0,0.2551,0.6628,87.69,66.55,88.33
28,1,CA1-CA3,expert,10,3,30,5970,0.031,0.0073,2,87.0,55.31,76.14,57.65,80.07,87.11,71.0,0.4132,0.5888,87.69,66.55,88.33
28,1,CA1-CA3,expert,10,-3,-30,5970,-0.0041,-0.0031,2,78.05,76.82,89.48,74.24,80.07,87.11,71.0,0.3226,0.6226,87.69,66.55,88.33
28,1,CA1-CA3,expert,10,4,40,5960,0.0169,0.012,2,89.35,71.28,88.18,48.47,80.07,87.11,71.0,0.3872,0.7384,87.69,66.55,88.33
28,1,CA1-CA3,expert,10,-4,-40,5960,0.0128,0.0091,2,84.69,71.86,33.63,88.55,80.07,87.11,71.0,0.3293,0.7282,87.69,66.55,88.33
28,1,CA1-CA3,expert,10,5,50,5950,0.0027,0.0027,2,80.41,88.17,84.93,81.99,80.07,87.11,71.0,0.3295,0.6899,87.69,66.55,88.33
28,1,CA1-CA3,expert,10,-5,-50,5950,0.037,0.0153,2,80.29,77.55,32.15,88.64,80.07,87.11,71.0,0.4493,0.6608,87.69,66.55,88.33
28,1,CA1-CA3,expert,10,7,70,5930,0.0143,0.0184,2,77.7,85.16,80.39,54.93,80.07,87.11,71.0,0.4343,0.6549,87.69,66.55,88.33
28,1,CA1-CA3,expert,10,-7,-70,5930,-0.0193,-0.0077,2,87.9,65.49,86.52,47.07,80.07,87.11,71.0,0.3483,0.7845,87.69,66.55,88.33
28,1,CA1-CA3,expert,10,10,100,5900,0.0115,0.0152,2,86.8,77.97,88.76,82.36,80.07,87.11,71.0,0.5029,0.6611,87.69,66.55,88.33
28,1,CA1-CA3,expert,10,-10,-100,5900,0.0126,0.0001,2,81.02,87.43,89.34,51.21,80.07,87.11,71.0,0.3248,0.7576,87.69,66.55,88.33
28,1,CA1-CA3,expert,10,15,150,5850,0.0202,0.0029,2,87.08,89.8,82.65,73.23,80.07,87.11,71.0,0.2906,0.704,87.69,66.55,88.33
28,1,CA1-CA3,expert,10,-15,-150,5850,-0.0009,0.0046,2,81.99,79.9,73.35,89.1,80.07,87.11,71.0,0.2975,0.6968,87.69,66.55,88.33
28,1,CA1-CA3,expert,10,20,200,5800,-0.0089,-0.0,2,89.72,87.01,89.35,79.68,80.07,87.11,71.0,0.3966,0.8215,87.69,66.55,88.33
28,1,CA1-CA3,expert,10,-20,-200,5800,0.0063,-0.0062,2,83.64,80.64,86.83,63.21,80.07,87.11,71.0,0.3786,0.7203,87.69,66.55,88.33
28,1,CA1-CA3,expert,10,25,250,5750,0.0175,0.0134,2,78.17,80.14,41.45,63.69,80.07,87.11,71.0,0.4744,0.6633,87.69,66.55,88.33
28,1,CA1-CA3,expert,10,-25,-250,5750,-0.0141,0.0133,2,81.21,32.03,89.88,45.84,80.07,87.11,71.0,0.3635,0.5995,87.69,66.55,88.33
28,1,CA1-DG,expert,10,0,0,6000,0.2325,0.1001,1,0.0,0.0,0.0,0.0,82.05,70.75,35.64,0.3327,0.2685,84.23,89.2,64.08
28,1,CA1-DG,expert,10,1,10,5990,0.2492,0.1145,1,80.72,51.66,28.97,22.46,82.05,70.75,35.64,0.3553,0.4008,84.23,89.2,64.08
28,1,CA1-DG,expert,10,-1,-10,5990,0.2081,0.0893,1,82.64,84.76,43.71,34.93,82.05,70.75,35.64,0.281,0.2474,84.23,89.2,64.08
28,1,CA1-DG,expert,10,2,20,5980,0.2589,0.1175,1,85.73,74.53,37.54,37.13,82.05,70.75,35.64,0.3695,0.4801,84.23,89.2,64.08
28,1,CA1-DG,expert,10,-2,-20,5980,0.2141,0.1154,1,86.76,87.69,72.55,43.86,82.05,70.75,35.64,0.2967,0.2931,84.23,89.2,64.08
28,1,CA1-DG,expert,10,3,30,5970,0.2535,0.1115,1,81.35,88.96,57.61,38.89,82.05,70.75,35.64,0.3584,0.4176,84.23,89.2,64.08
28,1,CA1-DG,expert,10,-3,-30,5970,0.2371,0.1167,1,86.07,79.59,88.68,43.64,82.05,70.75,35.64,0.3401,0.2871,84.23,89.2,64.08
28,1,CA1-DG,expert,10,4,40,5960,0.2162,0.0978,1,77.37,73.07,74.05,42.94,82.05,70.75,35.64,0.2817,0.3865,84.23,89.2,64.08
28,1,CA1-DG,expert,10,-4,-40,5960,0.2323,0.1089,1,70.87,83.64,70.76,26.99,82.05,70.75,35.64,0.3304,0.3133,84.23,89.2,64.08
28,1,CA1-DG,expert,10,5,50,5950,0.1849,0.1059,1,88.98,76.11,87.06,48.97,82.05,70.75,35.64,0.2653,0.3145,84.23,89.2,64.08
28,1,CA1-DG,expert,10,-5,-50,5950,0.1615,0.1015,1,80.49,74.0,51.3,31.13,82.05,70.75,35.64,0.3556,0.4268,84.23,89.2,64.08
28,1,CA1-DG,expert,10,7,70,5930,0.1896,0.1112,1,70.93,67.43,23.56,28.82,82.05,70.75,35.64,0.3422,0.3681,84.23,89.2,64.08
28,1,CA1-DG,expert,10,-7,-70,5930,0.1886,0.0894,1,47.32,85.76,36.92,32.99,82.05,70.75,35.64,0.3707,0.3195,84.23,89.2,64.08
28,1,CA1-DG,expert,10,10,100,5900,0.2196,0.1048,1,78.02,64.1,75.83,27.19,82.05,70.75,35.64,0.3349,0.4546,84.23,89.2,64.08
28,1,CA1-DG,expert,10,-10,-100,5900,0.1633,0.0881,1,74.94,84.61,64.32,46.73,82.05,70.75,35.64,0.3427,0.3443,84.23,89.2,64.08
28,1,CA1-DG,expert,10,15,150,5850,0.1515,0.083,1,78.57,83.47,36.71,41.01,82.05,70.75,35.64,0.3859,0.3487,84.23,89.2,64.08
28,1,CA1-DG,expert,10,-15,-150,5850,0.0772,0.0934,1,84.1,86.49,61.05,63.67,82.05,70.75,35.64,0.4471,0.2602,84.23,89.2,64.08
28,1,CA1-DG,expert,10,20,200,5800,0.1096,0.0569,1,75.28,77.22,64.87,53.59,82.05,70.75,35.64,0.2828,0.3125,84.23,89.2,64.08
28,1,CA1-DG,expert,10,-20,-200,5800,0.1475,0.0675,1,85.96,86.48,43.71,29.33,82.05,70.75,35.64,0.4051,0.2661,84.23,89.2,64.08
28,1,CA1-DG,expert,10,25,250,5750,0.1296,0.0584,1,82.17,89.86,83.36,38.35,82.05,70.75,35.64,0.3589,0.3277,84.23,89.2,64.08
28,1,CA1-DG,expert,10,-25,-250,5750,0.0462,0.0517,1,88.48,88.36,88.85,74.55,82.05,70.75,35.64,0.3701,0.4406,84.23,89.2,64.08
28,1,CA1-V1,expert,10,0,0,6000,-0.0047,0.0159,0,0.0,0.0,0.0,0.0,72.76,77.77,69.96,0.3889,0.4872,83.74,87.78,45.24
28,1,CA1-V1,expert,10,1,10,5990,0.0463,0.0129,0,79.93,82.78,68.73,74.99,72.76,77.77,69.96,0.3147,0.4913,83.74,87.78,45.24
28,1,CA1-V1,expert,10,-1,-10,5990,0.0594,0.0412,0,69.04,87.99,71.68,77.14,72.76,77.77,69.96,0.3111,0.4843,83.74,87.78,45.24
28,1,CA1-V1,expert,10,2,20,5980,0.0278,0.0193,0,87.28,71.69,85.06,85.36,72.76,77.77,69.96,0.3245,0.4802,83.74,87.78,45.24
28,1,CA1-V1,expert,10,-2,-20,5980,0.0623,0.0515,0,78.4,85.52,75.93,83.0,72.76,77.77,69.96,0.3379,0.4731,83.74,87.78,45.24
28,1,CA1-V1,expert,10,3,30,5970,0.0442,0.0341,0,80.9,64.54,75.55,82.78,72.76,77.77,69.96,0.3638,0.4896,83.74,87.78,45.24
28,1,CA1-V1,expert,10,-3,-30,5970,0.0252,0.0249,0,81.55,76.38,74.51,83.29,72.76,77.77,69.96,0.3117,0.4721,83.74,87.78,45.24
28,1,CA1-V1,expert,10,4,40,5960,0.0326,0.0198,0,73.19,79.58,79.95,81.53,72.76,77.77,69.96,0.316,0.4771,83.74,87.78,45.24
28,1,CA1-V1,expert,10,-4,-40,5960,0.0267,0.018,0,89.49,77.94,82.16,79.04,72.76,77.77,69.96,0.3852,0.4701,83.74,87.78,45.24
28,1,CA1-V1,expert,10,5,50,5950,0.0307,0.0124,0,87.19,79.74,87.82,86.12,72.76,77.77,69.96,0.293,0.4908,83.74,87.78,45.24
28,1,CA1-V1,expert,10,-5,-50,5950,0.0274,0.0157,0,84.94,84.68,86.79,84.0,72.76,77.77,69.96,0.3174,0.4989,83.74,87.78,45.24
28,1,CA1-V1,expert,10,7,70,5930,0.0216,0.0231,0,82.49,85.85,75.57,76.31,72.76,77.77,69.96,0.3284,0.4751,83.74,87.78,45.24
28,1,CA1-V1,expert,10,-7,-70,5930,0.0255,0.0192,0,66.2,78.16,65.29,69.98,72.76,77.77,69.96,0.3157,0.4956,83.74,87.78,45.24
28,1,CA1-V1,expert,10,10,100,5900,0.1051,0.0568,0,83.79,73.97,65.6,59.89,72.76,77.77,69.96,0.4266,0.535,83.74,87.78,45.24
28,1,CA1-V1,expert,10,-10,-100,5900,0.0282,0.0283,0,86.57,85.96,68.81,83.62,72.76,77.77,69.96,0.3487,0.4782,83.74,87.78,45.24
28,1,CA1-V1,expert,10,15,150,5850,0.0068,-0.0042,0,84.1,83.91,67.15,85.3,72.76,77.77,69.96,0.3445,0.496,83.74,87.78,45.24
28,1,CA1-V1,expert,10,-15,-150,5850,0.0435,0.0198,0,77.7,88.7,77.43,84.44,72.76,77.77,69.96,0.3199,0.4706,83.74,87.78,45.24
28,1,CA1-V1,expert,10,20,200,5800,-0.0307,-0.0117,0,79.47,86.91,69.29,86.52,72.76,77.77,69.96,0.3827,0.4905,83.74,87.78,45.24
28,1,CA1-V1,expert,10,-20,-200,5800,0.0507,0.0376,0,80.82,75.17,74.69,57.93,72.76,77.77,69.96,0.3072,0.488,83.74,87.78,45.24
28,1,CA1-V1,expert,10,25,250,5750,0.0544,0.0218,0,87.23,82.36,59.26,78.0,72.76,77.77,69.96,0.3423,0.5028,83.74,87.78,45.24
28,1,CA1-V1,expert,10,-25,-250,5750,0.0703,0.0359,0,67.72,84.82,54.21,61.13,72.76,77.77,69.96,0.393,0.5107,83.74,87.78,45.24
28,1,CA3-DG,expert,10,0,0,6000,0.0646,0.0629,0,0.0,0.0,0.0,0.0,81.53,73.77,64.68,0.6963,0.2188,60.76,87.97,74.53
28,1,CA3-DG,expert,10,1,10,5990,0.0134,0.0096,0,52.53,81.88,38.29,43.07,81.53,73.77,64.68,0.7024,0.2422,60.76,87.97,74.53
28,1,CA3-DG,expert,10,-1,-10,5990,0.102,0.0384,0,81.56,83.08,40.72,48.76,81.53,73.77,64.68,0.5821,0.2763,60.76,87.97,74.53
28,1,CA3-DG,expert,10,2,20,5980,0.0588,0.0277,0,76.15,75.78,77.53,89.26,81.53,73.77,64.68,0.7281,0.3291,60.76,87.97,74.53
28,1,CA3-DG,expert,10,-2,-20,5980,0.0537,0.0257,0,72.06,88.71,60.08,75.83,81.53,73.77,64.68,0.7053,0.4822,60.76,87.97,74.53
28,1,CA3-DG,expert,10,3,30,5970,0.0203,0.0169,0,35.82,81.11,73.54,86.65,81.53,73.77,64.68,0.6544,0.2467,60.76,87.97,74.53
28,1,CA3-DG,expert,10,-3,-30,5970,0.052,0.0145,0,69.19,88.93,32.93,73.44,81.53,73.77,64.68,0.6499,0.41,60.76,87.97,74.53
28,1,CA3-DG,expert,10,4,40,5960,0.0619,0.0246,0,45.37,85.5,45.98,71.79,81.53,73.77,64.68,0.6847,0.2752,60.76,87.97,74.53
28,1,CA3-DG,expert,10,-4,-40,5960,0.0099,0.0118,0,74.89,73.39,31.12,84.53,81.53,73.77,64.68,0.6331,0.3064,60.76,87.97,74.53
28,1,CA3-DG,expert,10,5,50,5950,0.0431,0.0423,0,79.39,86.92,47.97,59.25,81.53,73.77,64.68,0.6351,0.2794,60.76,87.97,74.53
28,1,CA3-DG,expert,10,-5,-50,5950,-0.0076,0.0026,0,53.27,80.62,71.78,60.34,81.53,73.77,64.68,0.606,0.2054,60.76,87.97,74.53
28,1,CA3-DG,expert,10,7,70,5930,0.0467,0.0132,0,50.69,72.41,54.25,40.43,81.53,73.77,64.68,0.7109,0.2547,60.76,87.97,74.53
28,1,CA3-DG,expert,10,-7,-70,5930,0.0447,0.0191,0,79.49,86.89,85.9,42.1,81.53,73.77,64.68,0.5982,0.2888,60.76,87.97,74.53
28,1,CA3-DG,expert,10,10,100,5900,0.0786,0.0351,0,63.17,70.37,83.24,85.31,81.53,73.77,64.68,0.6998,0.3205,60.76,87.97,74.53
28,1,CA3-DG,expert,10,-10,-100,5900,0.0622,0.0075,0,80.37,77.28,27.35,89.29,81.53,73.77,64.68,0.6092,0.3067,60.76,87.97,74.53
28,1,CA3-DG,expert,10,15,150,5850,0.0242,0.0211,0,83.93,70.75,55.04,58.87,81.53,73.77,64.68,0.622,0.2101,60.76,87.97,74.53
28,1,CA3-DG,expert,10,-15,-150,5850,0.0535,0.0267,0,84.73,63.66,71.09,44.07,81.53,73.77,64.68,0.5905,0.3062,60.76,87.97,74.53
28,1,CA3-DG,expert,10,20,200,5800,0.0263,0.0132,0,73.87,78.88,71.16,75.35,81.53,73.77,64.68,0.666,0.2354,60.76,87.97,74.53
28,1,CA3-DG,expert,10,-20,-200,5800,0.0337,0.0244,0,59.96,77.28,85.29,56.27,81.53,73.77,64.68,0.6504,0.2483,60.76,87.97,74.53
28,1,CA3-DG,expert,10,25,250,5750,0.0307,0.0078,0,80.74,83.2,42.92,71.1,81.53,73.77,64.68,0.5717,0.3014,60.76,87.97,74.53
28,1,CA3-DG,expert,10,-25,-250,5750,0.0528,0.026,0,87.36,84.84,88.4,80.9,81.53,73.77,64.68,0.6787,0.3168,60.76,87.97,74.53
34,1,CA1-CA3,naive,10,0,0,6000,0.2483,0.0347,1,0.0,0.0,0.0,0.0,84.0,75.51,50.91,0.5368,0.29,58.42,55.56,73.36
34,1,CA1-CA3,naive,10,1,10,5990,0.2366,0.0854,1,25.98,53.08,22.7,9.65,84.0,75.51,50.91,0.5218,0.4739,58.42,55.56,73.36
34,1,CA1-CA3,naive,10,-1,-10,5990,0.2474,0.1011,1,86.72,59.12,28.44,16.65,84.0,75.51,50.91,0.4654,0.443,58.42,55.56,73.36
34,1,CA1-CA3,naive,10,2,20,5980,0.1845,0.0704,1,60.2,78.21,39.15,25.78,84.0,75.51,50.91,0.4682,0.4464,58.42,55.56,73.36
34,1,CA1-CA3,naive,10,-2,-20,5980,0.1778,0.0598,1,85.36,68.33,53.11,24.36,84.0,75.51,50.91,0.4673,0.5086,58.42,55.56,73.36
34,1,CA1-CA3,naive,10,3,30,5970,0.1422,0.0791,1,81.02,87.46,63.39,27.53,84.0,75.51,50.91,0.4157,0.5337,58.42,55.56,73.36
34,1,CA1-CA3,naive,10,-3,-30,5970,0.1277,0.0544,1,78.79,78.74,80.81,35.6,84.0,75.51,50.91,0.4014,0.3959,58.42,55.56,73.36
34,1,CA1-CA3,naive,10,4,40,5960,0.0304,0.0687,1,86.41,74.63,89.36,79.19,84.0,75.51,50.91,0.4839,0.5438,58.42,55.56,73.36
34,1,CA1-CA3,naive,10,-4,-40,5960,0.1272,0.0793,1,83.83,74.73,65.86,31.41,84.0,75.51,50.91,0.4688,0.4564,58.42,55.56,73.36
34,1,CA1-CA3,naive,10,5,50,5950,0.248,0.0846,1,72.35,75.62,45.09,29.61,84.0,75.51,50.91,0.5235,0.5665,58.42,55.56,73.36
34,1,CA1-CA3,naive,10,-5,-50,5950,0.1718,0.0829,1,77.99,60.15,52.82,28.01,84.0,75.51,50.91,0.5952,0.5028,58.42,55.56,73.36
34,1,CA1-CA3,naive,10,7,70,5930,0.2897,0.092,1,71.5,78.8,32.05,23.64,84.0,75.51,50.91,0.527,0.554,58.42,55.56,73.36
34,1,CA1-CA3,naive,10,-7,-70,5930,0.2723,0.0812,1,79.72,64.16,31.41,22.6,84.0,75.51,50.91,0.5455,0.58,58.42,55.56,73.36
34,1,CA1-CA3,naive,10,10,100,5900,0.1326,0.0453,1,83.85,72.94,73.64,17.54,84.0,75.51,50.91,0.4626,0.4418,58.42,55.56,73.36
34,1,CA1-CA3,naive,10,-10,-100,5900,0.0279,0.0582,1,81.05,66.7,85.12,31.54,84.0,75.51,50.91,0.6324,0.2906,58.42,55.56,73.36
34,1,CA1-CA3,naive,10,15,150,5850,0.1939,0.0663,1,71.93,77.17,37.11,26.17,84.0,75.51,50.91,0.5537,0.495,58.42,55.56,73.36
34,1,CA1-CA3,naive,10,-15,-150,5850,0.1766,0.0663,1,83.16,59.11,50.43,19.11,84.0,75.51,50.91,0.4999,0.6121,58.42,55.56,73.36
34,1,CA1-CA3,naive,10,20,200,5800,0.208,0.0727,1,76.01,79.28,46.03,27.13,84.0,75.51,50.91,0.4593,0.4889,58.42,55.56,73.36
34,1,CA1-CA3,naive,10,-20,-200,5800,0.0821,0.0987,1,89.13,58.03,88.24,80.26,84.0,75.51,50.91,0.4981,0.7002,58.42,55.56,73.36
34,1,CA1-CA3,naive,10,25,250,5750,0.0618,0.0302,1,72.04,88.04,77.86,17.83,84.0,75.51,50.91,0.4466,0.3825,58.42,55.56,73.36
34,1,CA1-CA3,naive,10,-25,-250,5750,0.0984,0.0292,1,88.37,52.88,56.62,26.91,84.0,75.51,50.91,0.4014,0.4867,58.42,55.56,73.36
34,1,CA1-V1,naive,10,0,0,6000,-0.0304,0.0379,0,0.0,0.0,0.0,0.0,84.59,75.68,88.6,0.9152,0.5088,67.89,63.1,5.32
34,1,CA1-V1,naive,10,1,10,5990,0.0616,0.0441,0,69.55,78.21,5.4,43.51,84.59,75.68,88.6,0.9081,0.5075,67.89,63.1,5.32
34,1,CA1-V1,naive,10,-1,-10,5990,0.0546,0.0248,0,35.14,66.65,5.13,30.61,84.59,75.68,88.6,0.9112,0.5118,67.89,63.1,5.32
34,1,CA1-V1,naive,10,2,20,5980,0.0142,0.0402,0,43.23,83.58,3.18,69.43,84.59,75.68,88.6,0.9237,0.5118,67.89,63.1,5.32
34,1,CA1-V1,naive,10,-2,-20,5980,0.0774,0.0393,0,76.1,78.29,45.62,29.14,84.59,75.68,88.6,0.9008,0.5191,67.89,63.1,5.32
34,1,CA1-V1,naive,10,3,30,5970,0.027,0.0443,0,64.79,72.48,3.23,70.31,84.59,75.68,88.6,0.897,0.4945,67.89,63.1,5.32
34,1,CA1-V1,naive,10,-3,-30,5970,0.0629,0.0337,0,85.78,85.73,1.88,31.57,84.59,75.68,88.6,0.9105,0.5102,67.89,63.1,5.32
34,1,CA1-V1,naive,10,4,40,5960,0.0438,0.0172,0,82.17,85.11,3.69,54.96,84.59,75.68,88.6,0.9086,0.4999,67.89,63.1,5.32
34,1,CA1-V1,naive,10,-4,-40,5960,0.0828,0.0496,0,64.23,56.44,1.74,36.51,84.59,75.68,88.6,0.8938,0.5117,67.89,63.1,5.32
34,1,CA1-V1,naive,10,5,50,5950,0.0298,0.0355,0,70.8,87.76,3.38,47.3,84.59,75.68,88.6,0.9043,0.5043,67.89,63.1,5.32
34,1,CA1-V1,naive,10,-5,-50,5950,0.0961,0.0553,0,54.23,84.64,2.86,44.57,84.59,75.68,88.6,0.9032,0.5278,67.89,63.1,5.32
34,1,CA1-V1,naive,10,7,70,5930,0.0244,0.0187,0,62.94,81.1,4.86,41.09,84.59,75.68,88.6,0.9139,0.486,67.89,63.1,5.32
34,1,CA1-V1,naive,10,-7,-70,5930,0.072,0.0605,0,34.04,85.38,1.5,43.86,84.59,75.68,88.6,0.9157,0.5028,67.89,63.1,5.32
34,1,CA1-V1,naive,10,10,100,5900,0.0555,0.0358,0,85.57,85.87,5.06,50.97,84.59,75.68,88.6,0.9016,0.5156,67.89,63.1,5.32
34,1,CA1-V1,naive,10,-10,-100,5900,0.0757,0.0453,0,79.63,71.51,1.52,40.76,84.59,75.68,88.6,0.9042,0.501,67.89,63.1,5.32
34,1,CA1-V1,naive,10,15,150,5850,0.023,0.0244,0,57.07,83.57,3.86,62.99,84.59,75.68,88.6,0.9105,0.5118,67.89,63.1,5.32
34,1,CA1-V1,naive,10,-15,-150,5850,0.0734,0.0308,0,41.61,85.82,2.02,47.64,84.59,75.68,88.6,0.9157,0.5213,67.89,63.1,5.32
34,1,CA1-V1,naive,10,20,200,5800,0.0714,0.0286,0,87.52,77.39,4.11,55.23,84.59,75.68,88.6,0.9048,0.5316,67.89,63.1,5.32
34,1,CA1-V1,naive,10,-20,-200,5800,0.0891,0.0501,0,52.41,85.68,1.65,44.85,84.59,75.68,88.6,0.9091,0.5181,67.89,63.1,5.32
34,1,CA1-V1,naive,10,25,250,5750,0.0428,0.0211,0,72.57,76.64,11.43,55.22,84.59,75.68,88.6,0.898,0.5012,67.89,63.1,5.32
34,1,CA1-V1,naive,10,-25,-250,5750,0.0956,0.0355,0,51.95,82.82,2.07,40.13,84.59,75.68,88.6,0.9097,0.518,67.89,63.1,5.32
34,1,CA1-CA3,intermediate,10,0,0,6000,0.3449,0.1603,1,0.0,0.0,0.0,0.0,57.71,57.41,29.65,0.4576,0.4711,85.58,49.77,81.73
34,1,CA1-CA3,intermediate,10,1,10,5990,0.323,0.1617,1,47.85,51.75,32.44,10.84,57.71,57.41,29.65,0.4092,0.4522,85.58,49.77,81.73
34,1,CA1-CA3,intermediate,10,-1,-10,5990,0.2373,0.1387,1,78.55,87.57,33.99,12.77,57.71,57.41,29.65,0.4784,0.45,85.58,49.77,81.73
34,1,CA1-CA3,intermediate,10,2,20,5980,0.2667,0.1381,1,70.32,87.87,48.61,17.12,57.71,57.41,29.65,0.4761,0.4754,85.58,49.77,81.73
34,1,CA1-CA3,intermediate,10,-2,-20,5980,0.2214,0.1146,1,49.76,84.39,45.74,18.03,57.71,57.41,29.65,0.4765,0.3817,85.58,49.77,81.73
34,1,CA1-CA3,intermediate,10,3,30,5970,0.2233,0.1231,1,47.9,87.83,71.0,18.42,57.71,57.41,29.65,0.5102,0.4994,85.58,49.77,81.73
34,1,CA1-CA3,intermediate,10,-3,-30,5970,0.2372,0.1241,1,46.62,67.98,57.53,23.02,57.71,57.41,29.65,0.4647,0.4367,85.58,49.77,81.73
34,1,CA1-CA3,intermediate,10,4,40,5960,0.2324,0.1133,1,79.97,78.15,68.18,36.18,57.71,57.41,29.65,0.4954,0.4365,85.58,49.77,81.73
34,1,CA1-CA3,intermediate,10,-4,-40,5960,0.172,0.1146,1,76.99,71.45,80.29,12.45,57.71,57.41,29.65,0.3969,0.3494,85.58,49.77,81.73
34,1,CA1-CA3,intermediate,10,5,50,5950,0.2523,0.1141,1,80.12,50.33,40.05,31.31,57.71,57.41,29.65,0.4956,0.4098,85.58,49.77,81.73
34,1,CA1-CA3,intermediate,10,-5,-50,5950,0.2111,0.1256,1,62.3,71.5,64.17,16.58,57.71,57.41,29.65,0.4325,0.4306,85.58,49.77,81.73
34,1,CA1-CA3,intermediate,10,7,70,5930,0.2628,0.1162,1,60.1,56.67,24.84,24.43,57.71,57.41,29.65,0.5607,0.5366,85.58,49.77,81.73
34,1,CA1-CA3,intermediate,10,-7,-70,5930,0.2614,0.0984,1,64.95,73.4,35.98,21.38,57.71,57.41,29.65,0.5973,0.5327,85.58,49.77,81.73
34,1,CA1-CA3,intermediate,10,10,100,5900,0.1688,0.0851,1,82.84,78.87,56.51,13.3,57.71,57.41,29.65,0.4655,0.4533,85.58,49.77,81.73
34,1,CA1-CA3,intermediate,10,-10,-100,5900,0.1929,0.1172,1,47.51,41.51,61.15,16.8,57.71,57.41,29.65,0.4646,0.4544,85.58,49.77,81.73
34,1,CA1-CA3,intermediate,10,15,150,5850,0.2254,0.0828,1,79.04,63.76,19.1,24.87,57.71,57.41,29.65,0.5002,0.5741,85.58,49.77,81.73
34,1,CA1-CA3,intermediate,10,-15,-150,5850,0.2004,0.0909,1,50.53,39.36,35.77,16.54,57.71,57.41,29.65,0.5325,0.4337,85.58,49.77,81.73
34,1,CA1-CA3,intermediate,10,20,200,5800,0.1501,0.0786,1,67.29,87.63,43.76,42.04,57.71,57.41,29.65,0.4624,0.3199,85.58,49.77,81.73
34,1,CA1-CA3,intermediate,10,-20,-200,5800,0.1905,0.11,1,52.27,81.43,56.27,24.31,57.71,57.41,29.65,0.4707,0.4346,85.58,49.77,81.73
34,1,CA1-CA3,intermediate,10,25,250,5750,0.0767,0.0669,1,75.1,85.68,81.4,23.55,57.71,57.41,29.65,0.43,0.3212,85.58,49.77,81.73
34,1,CA1-CA3,intermediate,10,-25,-250,5750,0.1241,0.0588,1,85.63,81.18,61.85,32.54,57.71,57.41,29.65,0.461,0.4232,85.58,49.77,81.73
34,1,CA1-V1,intermediate,10,0,0,6000,0.2691,0.1441,1,0.0,0.0,0.0,0.0,78.89,89.66,65.49,0.9625,0.5442,63.56,75.78,2.11
34,1,CA1-V1,intermediate,10,1,10,5990,0.0898,0.0598,1,56.17,75.97,1.87,22.18,78.89,89.66,65.49,0.9599,0.5468,63.56,75.78,2.11
34,1,CA1-V1,intermediate,10,-1,-10,5990,0.1411,0.076,1,84.18,79.42,7.83,31.59,78.89,89.66,65.49,0.9687,0.534,63.56,75.78,2.11
34,1,CA1-V1,intermediate,10,2,20,5980,0.0669,0.0386,1,59.58,82.86,2.16,42.93,78.89,89.66,65.49,0.9686,0.5384,63.56,75.78,2.11
34,1,CA1-V1,intermediate,10,-2,-20,5980,0.0563,0.0423,1,81.83,84.59,1.52,40.87,78.89,89.66,65.49,0.9588,0.5459,63.56,75.78,2.11
34,1,CA1-V1,intermediate,10,3,30,5970,0.0536,0.0368,1,87.51,80.59,2.38,31.25,78.89,89.66,65.49,0.9565,0.5529,63.56,75.78,2.11
34,1,CA1-V1,intermediate,10,-3,-30,5970,0.0536,0.0148,1,69.71,80.46,1.21,38.88,78.89,89.66,65.49,0.9633,0.5418,63.56,75.78,2.11
34,1,CA1-V1,intermediate,10,4,40,5960,0.0375,0.0261,1,88.25,89.23,1.77,40.99,78.89,89.66,65.49,0.9482,0.538,63.56,75.78,2.11
34,1,CA1-V1,intermediate,10,-4,-40,5960,0.0149,0.0299,1,49.62,80.77,9.73,68.07,78.89,89.66,65.49,0.9609,0.5555,63.56,75.78,2.11
34,1,CA1-V1,intermediate,10,5,50,5950,0.085,0.0564,1,78.45,88.77,2.08,57.31,78.89,89.66,65.49,0.9579,0.5331,63.56,75.78,2.11
34,1,CA1-V1,intermediate,10,-5,-50,5950,0.0287,0.0494,1,52.29,80.42,2.67,59.93,78.89,89.66,65.49,0.9515,0.5367,63.56,75.78,2.11
34,1,CA1-V1,intermediate,10,7,70,5930,0.0772,0.0409,1,78.23,87.34,1.17,45.58,78.89,89.66,65.49,0.9785,0.5479,63.56,75.78,2.11
34,1,CA1-V1,intermediate,10,-7,-70,5930,0.0711,0.0527,1,56.4,77.41,4.54,80.17,78.89,89.66,65.49,0.9621,0.5315,63.56,75.78,2.11
34,1,CA1-V1,intermediate,10,10,100,5900,0.0654,0.0312,1,86.5,83.73,1.89,44.96,78.89,89.66,65.49,0.9619,0.5272,63.56,75.78,2.11
34,1,CA1-V1,intermediate,10,-10,-100,5900,0.1054,0.0476,1,81.57,75.19,7.25,58.19,78.89,89.66,65.49,0.9581,0.5348,63.56,75.78,2.11
34,1,CA1-V1,intermediate,10,15,150,5850,0.087,0.0454,1,89.99,89.34,1.76,45.71,78.89,89.66,65.49,0.9658,0.5258,63.56,75.78,2.11
34,1,CA1-V1,intermediate,10,-15,-150,5850,0.0894,0.0312,1,58.44,84.52,1.27,45.22,78.89,89.66,65.49,0.9741,0.5469,63.56,75.78,2.11
34,1,CA1-V1,intermediate,10,20,200,5800,0.0661,0.0309,1,86.74,85.73,1.31,47.99,78.89,89.66,65.49,0.9578,0.5481,63.56,75.78,2.11
34,1,CA1-V1,intermediate,10,-20,-200,5800,0.1027,0.0511,1,88.05,88.9,1.85,45.62,78.89,89.66,65.49,0.9646,0.5382,63.56,75.78,2.11
34,1,CA1-V1,intermediate,10,25,250,5750,0.0553,0.0336,1,66.61,85.43,1.1,44.49,78.89,89.66,65.49,0.9721,0.6234,63.56,75.78,2.11
34,1,CA1-V1,intermediate,10,-25,-250,5750,0.086,0.0503,1,74.36,80.69,33.58,48.22,78.89,89.66,65.49,0.9447,0.5543,63.56,75.78,2.11
34,1,CA1-CA3,expert,10,0,0,6000,0.3958,0.1941,1,0.0,0.0,0.0,0.0,72.74,30.62,18.55,0.4972,0.4332,84.18,64.55,81.28
34,1,CA1-CA3,expert,10,1,10,5990,0.3058,0.1625,1,80.33,64.66,24.37,22.57,72.74,30.62,18.55,0.4641,0.398,84.18,64.55,81.28
34,1,CA1-CA3,expert,10,-1,-10,5990,0.3087,0.1417,1,53.66,26.39,24.71,13.14,72.74,30.62,18.55,0.5383,0.4953,84.18,64.55,81.28
34,1,CA1-CA3,expert,10,2,20,5980,0.234,0.1385,1,76.55,87.13,40.13,31.54,72.74,30.62,18.55,0.5498,0.4058,84.18,64.55,81.28
34,1,CA1-CA3,expert,10,-2,-20,5980,0.2592,0.1114,1,77.04,69.11,49.14,22.23,72.74,30.62,18.55,0.5279,0.4699,84.18,64.55,81.28
34,1,CA1-CA3,expert,10,3,30,5970,0.1787,0.1113,1,84.15,49.22,63.38,37.31,72.74,30.62,18.55,0.4907,0.3372,84.18,64.55,81.28
34,1,CA1-CA3,expert,10,-3,-30,5970,0.0875,0.1191,1,75.8,83.44,79.96,84.7,72.74,30.62,18.55,0.5124,0.6917,84.18,64.55,81.28
34,1,CA1-CA3,expert,10,4,40,5960,0.1805,0.0974,1,59.52,81.08,56.14,50.37,72.74,30.62,18.55,0.5034,0.4788,84.18,64.55,81.28
34,1,CA1-CA3,expert,10,-4,-40,5960,0.0615,0.1188,1,74.9,81.69,81.66,87.85,72.74,30.62,18.55,0.518,0.6218,84.18,64.55,81.28
34,1,CA1-CA3,expert,10,5,50,5950,0.2166,0.1038,1,70.68,71.03,35.94,40.44,72.74,30.62,18.55,0.5239,0.4138,84.18,64.55,81.28
34,1,CA1-CA3,expert,10,-5,-50,5950,0.2177,0.1166,1,60.07,49.3,61.6,21.54,72.74,30.62,18.55,0.5702,0.4024,84.18,64.55,81.28
34,1,CA1-CA3,expert,10,7,70,5930,0.2747,0.1015,1,76.49,66.27,41.88,27.09,72.74,30.62,18.55,0.593,0.4821,84.18,64.55,81.28
34,1,CA1-CA3,expert,10,-7,-70,5930,0.2688,0.1065,1,76.81,39.79,41.54,22.77,72.74,30.62,18.55,0.5725,0.5028,84.18,64.55,81.28
34,1,CA1-CA3,expert,10,10,100,5900,0.1685,0.0821,1,72.21,60.21,54.24,24.54,72.74,30.62,18.55,0.5222,0.4467,84.18,64.55,81.28
34,1,CA1-CA3,expert,10,-10,-100,5900,0.1769,0.099,1,85.42,63.06,48.07,39.48,72.74,30.62,18.55,0.4724,0.3971,84.18,64.55,81.28
34,1,CA1-CA3,expert,10,15,150,5850,0.2307,0.094,1,84.43,78.15,24.37,25.62,72.74,30.62,18.55,0.5044,0.4986,84.18,64.55,81.28
34,1,CA1-CA3,expert,10,-15,-150,5850,0.2206,0.0908,1,83.32,81.59,31.69,51.66,72.74,30.62,18.55,0.527,0.6505,84.18,64.55,81.28
34,1,CA1-CA3,expert,10,20,200,5800,0.1653,0.0658,1,81.64,68.41,32.77,28.09,72.74,30.62,18.55,0.5294,0.4317,84.18,64.55,81.28
34,1,CA1-CA3,expert,10,-20,-200,5800,0.1969,0.0738,1,74.84,87.03,52.94,67.06,72.74,30.62,18.55,0.5809,0.6394,84.18,64.55,81.28
34,1,CA1-CA3,expert,10,25,250,5750,0.0912,0.0617,1,84.26,79.94,88.54,21.24,72.74,30.62,18.55,0.4545,0.3498,84.18,64.55,81.28
34,1,CA1-CA3,expert,10,-25,-250,5750,0.0996,0.0569,1,72.73,88.14,85.92,82.27,72.74,30.62,18.55,0.4183,0.7568,84.18,64.55,81.28
34,1,CA1-V1,expert,10,0,0,6000,0.2246,0.2108,3,0.0,0.0,0.0,0.0,89.93,76.03,89.83,0.9279,0.5017,83.36,40.67,1.85
34,1,CA1-V1,expert,10,1,10,5990,0.138,0.1029,3,83.61,31.26,0.44,57.15,89.93,76.03,89.83,0.9254,0.4622,83.36,40.67,1.85
34,1,CA1-V1,expert,10,-1,-10,5990,0.0245,0.0801,3,68.14,31.05,0.58,44.81,89.93,76.03,89.83,0.9298,0.5144,83.36,40.67,1.85
34,1,CA1-V1,expert,10,2,20,5980,0.0929,0.0794,3,86.02,40.37,0.36,54.15,89.93,76.03,89.83,0.9314,0.4727,83.36,40.67,1.85
34,1,CA1-V1,expert,10,-2,-20,5980,0.0791,0.0671,3,75.03,50.28,0.35,67.21,89.93,76.03,89.83,0.9308,0.4632,83.36,40.67,1.85
34,1,CA1-V1,expert,10,3,30,5970,0.0916,0.073,3,85.99,46.66,0.33,50.75,89.93,76.03,89.83,0.9361,0.4821,83.36,40.67,1.85
34,1,CA1-V1,expert,10,-3,-30,5970,0.0941,0.0614,3,81.63,68.87,0.43,62.59,89.93,76.03,89.83,0.9311,0.4872,83.36,40.67,1.85
34,1,CA1-V1,expert,10,4,40,5960,0.1017,0.0694,3,87.56,50.1,0.35,56.27,89.93,76.03,89.83,0.9358,0.4819,83.36,40.67,1.85
34,1,CA1-V1,expert,10,-4,-40,5960,0.0936,0.0693,3,86.08,37.35,0.41,66.56,89.93,76.03,89.83,0.9305,0.4711,83.36,40.67,1.85
34,1,CA1-V1,expert,10,5,50,5950,0.0966,0.0723,3,84.16,69.98,0.38,50.06,89.93,76.03,89.83,0.935,0.4677,83.36,40.67,1.85
34,1,CA1-V1,expert,10,-5,-50,5950,0.0198,0.057,3,89.91,89.49,1.99,60.99,89.93,76.03,89.83,0.9378,0.5327,83.36,40.67,1.85
34,1,CA1-V1,expert,10,7,70,5930,0.076,0.079,3,84.01,51.35,0.46,40.72,89.93,76.03,89.83,0.9244,0.4543,83.36,40.67,1.85
34,1,CA1-V1,expert,10,-7,-70,5930,0.0905,0.0743,3,85.0,41.24,0.42,62.81,89.93,76.03,89.83,0.9283,0.4655,83.36,40.67,1.85
34,1,CA1-V1,expert,10,10,100,5900,0.092,0.0809,3,78.81,58.77,0.39,60.03,89.93,76.03,89.83,0.9285,0.4707,83.36,40.67,1.85
34,1,CA1-V1,expert,10,-10,-100,5900,0.0764,0.0809,3,86.16,46.11,0.42,53.79,89.93,76.03,89.83,0.9255,0.4731,83.36,40.67,1.85
34,1,CA1-V1,expert,10,15,150,5850,0.127,0.0946,3,84.55,45.37,0.35,64.98,89.93,76.03,89.83,0.9342,0.4538,83.36,40.67,1.85
34,1,CA1-V1,expert,10,-15,-150,5850,0.0967,0.0683,3,89.97,37.81,0.49,65.9,89.93,76.03,89.83,0.9296,0.4594,83.36,40.67,1.85
34,1,CA1-V1,expert,10,20,200,5800,0.1196,0.0796,3,88.96,85.72,0.36,49.15,89.93,76.03,89.83,0.9388,0.4628,83.36,40.67,1.85
34,1,CA1-V1,expert,10,-20,-200,5800,0.0622,0.0621,3,81.74,48.74,0.45,42.0,89.93,76.03,89.83,0.9212,0.469,83.36,40.67,1.85
34,1,CA1-V1,expert,10,25,250,5750,0.1214,0.0745,3,88.3,62.37,0.36,57.71,89.93,76.03,89.83,0.9385,0.4697,83.36,40.67,1.85
34,1,CA1-V1,expert,10,-25,-250,5750,0.0788,0.0989,3,74.59,47.43,0.4,58.0,89.93,76.03,89.83,0.9291,0.4693,83.36,40.67,1.85
36,1,CA1-V1,naive,10,0,0,6000,0.0506,0.0127,0,0.0,0.0,0.0,0.0,87.54,89.69,57.32,0.4466,0.2424,89.22,76.12,44.32
36,1,CA1-V1,naive,10,1,10,5990,-0.0066,0.0064,0,84.72,87.11,63.09,43.61,87.54,89.69,57.32,0.4578,0.1541,89.22,76.12,44.32
36,1,CA1-V1,naive,10,-1,-10,5990,0.0647,0.0226,0,70.57,73.01,36.29,27.32,87.54,89.69,57.32,0.4246,0.2533,89.22,76.12,44.32
36,1,CA1-V1,naive,10,2,20,5980,0.0362,-0.0049,0,82.22,47.46,64.16,37.74,87.54,89.69,57.32,0.45,0.2063,89.22,76.12,44.32
36,1,CA1-V1,naive,10,-2,-20,5980,0.0407,0.0026,0,84.25,76.54,42.1,36.78,87.54,89.69,57.32,0.425,0.2133,89.22,76.12,44.32
36,1,CA1-V1,naive,10,3,30,5970,0.0264,0.0015,0,63.66,77.69,50.1,25.21,87.54,89.69,57.32,0.4133,0.1967,89.22,76.12,44.32
36,1,CA1-V1,naive,10,-3,-30,5970,0.0626,0.0329,0,82.2,75.75,49.75,29.98,87.54,89.69,57.32,0.3995,0.2887,89.22,76.12,44.32
36,1,CA1-V1,naive,10,4,40,5960,0.0352,0.0075,0,89.15,75.28,36.74,21.18,87.54,89.69,57.32,0.4442,0.2197,89.22,76.12,44.32
36,1,CA1-V1,naive,10,-4,-40,5960,0.0296,-0.0001,0,87.09,74.81,61.29,32.56,87.54,89.69,57.32,0.3962,0.207,89.22,76.12,44.32
36,1,CA1-V1,naive,10,5,50,5950,0.081,0.0237,0,83.1,73.21,48.14,34.51,87.54,89.69,57.32,0.4534,0.2656,89.22,76.12,44.32
36,1,CA1-V1,naive,10,-5,-50,5950,-0.0127,-0.0136,0,81.53,80.12,51.2,34.63,87.54,89.69,57.32,0.406,0.186,89.22,76.12,44.32
36,1,CA1-V1,naive,10,7,70,5930,0.0269,0.0315,0,77.77,87.67,47.38,47.81,87.54,89.69,57.32,0.4459,0.1916,89.22,76.12,44.32
36,1,CA1-V1,naive,10,-7,-70,5930,0.0365,0.0167,0,82.28,67.42,55.93,30.87,87.54,89.69,57.32,0.4212,0.2203,89.22,76.12,44.32
36,1,CA1-V1,naive,10,10,100,5900,0.0501,0.0074,0,84.37,66.17,51.7,27.57,87.54,89.69,57.32,0.4438,0.2498,89.22,76.12,44.32
36,1,CA1-V1,naive,10,-10,-100,5900,0.0334,0.0255,0,73.11,71.96,49.89,38.43,87.54,89.69,57.32,0.4001,0.2204,89.22,76.12,44.32
36,1,CA1-V1,naive,10,15,150,5850,0.0123,0.0311,0,65.12,83.79,87.11,83.88,87.54,89.69,57.32,0.3937,0.2355,89.22,76.12,44.32
36,1,CA1-V1,naive,10,-15,-150,5850,0.0624,0.0388,0,89.82,68.61,32.01,30.55,87.54,89.69,57.32,0.4458,0.2505,89.22,76.12,44.32
36,1,CA1-V1,naive,10,20,200,5800,-0.0121,0.0135,0,78.54,65.22,62.97,62.07,87.54,89.69,57.32,0.3705,0.2387,89.22,76.12,44.32
36,1,CA1-V1,naive,10,-20,-200,5800,0.0373,0.0285,0,80.45,87.61,31.28,30.48,87.54,89.69,57.32,0.4185,0.2215,89.22,76.12,44.32
36,1,CA1-V1,naive,10,25,250,5750,0.0298,0.0347,0,82.07,80.07,42.31,43.59,87.54,89.69,57.32,0.3908,0.1803,89.22,76.12,44.32
36,1,CA1-V1,naive,10,-25,-250,5750,0.0485,0.0051,0,88.41,76.97,54.45,32.66,87.54,89.69,57.32,0.3869,0.2504,89.22,76.12,44.32
36,1,CA1-V1,intermediate,10,0,0,6000,-0.0287,-0.003,0,0.0,0.0,0.0,0.0,82.8,76.11,73.2,0.3648,0.1708,89.47,67.16,52.55
36,1,CA1-V1,intermediate,10,1,10,5990,-0.0217,-0.0004,0,57.3,78.35,45.35,37.15,82.8,76.11,73.2,0.359,0.1885,89.47,67.16,52.55
36,1,CA1-V1,intermediate,10,-1,-10,5990,0.0146,0.0313,0,56.65,62.09,39.09,45.65,82.8,76.11,73.2,0.3338,0.2871,89.47,67.16,52.55
36,1,CA1-V1,intermediate,10,2,20,5980,-0.0038,0.0119,0,75.49,72.57,36.61,39.08,82.8,76.11,73.2,0.3381,0.1866,89.47,67.16,52.55
36,1,CA1-V1,intermediate,10,-2,-20,5980,0.0322,0.0103,0,75.12,78.43,30.45,39.69,82.8,76.11,73.2,0.3589,0.1798,89.47,67.16,52.55
36,1,CA1-V1,intermediate,10,3,30,5970,-0.0065,0.0196,0,88.31,86.74,61.68,40.14,82.8,76.11,73.2,0.3253,0.224,89.47,67.16,52.55
36,1,CA1-V1,intermediate,10,-3,-30,5970,-0.0304,-0.0023,0,83.61,74.63,76.97,64.71,82.8,76.11,73.2,0.3624,0.1923,89.47,67.16,52.55
36,1,CA1-V1,intermediate,10,4,40,5960,-0.0068,0.0143,0,87.4,89.27,66.56,81.05,82.8,76.11,73.2,0.3591,0.2068,89.47,67.16,52.55
36,1,CA1-V1,intermediate,10,-4,-40,5960,0.006,0.0324,0,70.41,88.7,74.54,84.69,82.8,76.11,73.2,0.3676,0.2509,89.47,67.16,52.55
36,1,CA1-V1,intermediate,10,5,50,5950,-0.005,0.0004,0,85.36,71.74,58.87,72.16,82.8,76.11,73.2,0.3565,0.1974,89.47,67.16,52.55
36,1,CA1-V1,intermediate,10,-5,-50,5950,-0.0277,0.0189,0,62.65,88.57,51.56,56.5,82.8,76.11,73.2,0.3244,0.1763,89.47,67.16,52.55
36,1,CA1-V1,intermediate,10,7,70,5930,0.0015,0.0124,0,77.61,86.96,64.37,64.18,82.8,76.11,73.2,0.3671,0.1823,89.47,67.16,52.55
36,1,CA1-V1,intermediate,10,-7,-70,5930,0.0058,0.0212,0,62.09,83.57,43.86,71.6,82.8,76.11,73.2,0.298,0.2051,89.47,67.16,52.55
36,1,CA1-V1,intermediate,10,10,100,5900,-0.0245,-0.0119,0,82.41,85.56,54.03,50.21,82.8,76.11,73.2,0.2793,0.2353,89.47,67.16,52.55
36,1,CA1-V1,intermediate,10,-10,-100,5900,-0.0183,0.0223,0,84.78,85.56,71.98,83.61,82.8,76.11,73.2,0.3092,0.1985,89.47,67.16,52.55
36,1,CA1-V1,intermediate,10,15,150,5850,-0.0345,-0.0109,0,88.49,78.92,76.5,59.81,82.8,76.11,73.2,0.3885,0.1869,89.47,67.16,52.55
36,1,CA1-V1,intermediate,10,-15,-150,5850,-0.0103,0.004,0,88.23,75.14,60.44,59.99,82.8,76.11,73.2,0.386,0.1914,89.47,67.16,52.55
36,1,CA1-V1,intermediate,10,20,200,5800,-0.0087,0.0044,0,81.92,79.54,85.31,68.47,82.8,76.11,73.2,0.3787,0.1902,89.47,67.16,52.55
36,1,CA1-V1,intermediate,10,-20,-200,5800,-0.006,0.0049,0,89.04,85.3,77.37,88.78,82.8,76.11,73.2,0.3976,0.1919,89.47,67.16,52.55
36,1,CA1-V1,intermediate,10,25,250,5750,-0.0084,0.0181,0,79.09,79.75,59.63,60.66,82.8,76.11,73.2,0.3352,0.1879,89.47,67.16,52.55
36,1,CA1-V1,intermediate,10,-25,-250,5750,0.0185,0.0084,0,73.66,88.62,81.06,84.83,82.8,76.11,73.2,0.3667,0.185,89.47,67.16,52.55
36,1,CA1-V1,expert,10,0,0,6000,0.0432,0.0362,0,0.0,0.0,0.0,0.0,85.49,86.18,72.59,0.2966,0.275,84.09,87.82,32.47
36,1,CA1-V1,expert,10,1,10,5990,0.0247,0.0212,0,77.88,87.76,46.11,41.57,85.49,86.18,72.59,0.2883,0.2654,84.09,87.82,32.47
36,1,CA1-V1,expert,10,-1,-10,5990,0.0516,0.0371,0,73.72,77.96,46.64,68.59,85.49,86.18,72.59,0.3155,0.2784,84.09,87.82,32.47
36,1,CA1-V1,expert,10,2,20,5980,0.0632,0.0281,0,88.43,71.12,47.02,56.44,85.49,86.18,72.59,0.3621,0.3797,84.09,87.82,32.47
36,1,CA1-V1,expert,10,-2,-20,5980,0.0444,0.027,0,78.0,81.52,40.59,41.13,85.49,86.18,72.59,0.2811,0.2966,84.09,87.82,32.47
36,1,CA1-V1,expert,10,3,30,5970,0.0457,0.0177,0,89.17,78.32,30.27,46.05,85.49,86.18,72.59,0.296,0.3928,84.09,87.82,32.47
36,1,CA1-V1,expert,10,-3,-30,5970,0.0679,0.0231,0,86.57,88.87,37.5,42.55,85.49,86.18,72.59,0.3124,0.2946,84.09,87.82,32.47
36,1,CA1-V1,expert,10,4,40,5960,0.0382,0.0398,0,85.4,83.45,46.75,48.76,85.49,86.18,72.59,0.3444,0.3401,84.09,87.82,32.47
36,1,CA1-V1,expert,10,-4,-40,5960,0.0352,0.0133,0,83.94,79.76,31.92,61.97,85.49,86.18,72.59,0.3087,0.2999,84.09,87.82,32.47
36,1,CA1-V1,expert,10,5,50,5950,0.0292,0.0146,0,77.77,85.62,35.61,47.76,85.49,86.18,72.59,0.3168,0.2598,84.09,87.82,32.47
36,1,CA1-V1,expert,10,-5,-50,5950,0.0344,0.0055,0,88.0,80.01,33.38,63.01,85.49,86.18,72.59,0.3205,0.2866,84.09,87.82,32.47
36,1,CA1-V1,expert,10,7,70,5930,0.004,0.0042,0,80.99,79.16,53.96,46.32,85.49,86.18,72.59,0.3447,0.3046,84.09,87.82,32.47
36,1,CA1-V1,expert,10,-7,-70,5930,0.0448,0.0211,0,81.58,88.46,35.79,58.96,85.49,86.18,72.59,0.3372,0.319,84.09,87.82,32.47
36,1,CA1-V1,expert,10,10,100,5900,0.0253,0.0193,0,78.01,79.8,32.53,83.0,85.49,86.18,72.59,0.3092,0.3351,84.09,87.82,32.47
36,1,CA1-V1,expert,10,-10,-100,5900,0.0431,0.0145,0,86.71,81.06,42.2,75.76,85.49,86.18,72.59,0.2885,0.235,84.09,87.82,32.47
36,1,CA1-V1,expert,10,15,150,5850,0.0228,0.0244,0,84.33,81.32,23.14,72.41,85.49,86.18,72.59,0.2906,0.3228,84.09,87.82,32.47
36,1,CA1-V1,expert,10,-15,-150,5850,0.0559,0.0258,0,83.86,80.04,38.53,56.67,85.49,86.18,72.59,0.3075,0.3115,84.09,87.82,32.47
36,1,CA1-V1,expert,10,20,200,5800,0.0007,0.0129,0,85.54,78.06,35.02,64.85,85.49,86.18,72.59,0.3121,0.4085,84.09,87.82,32.47
36,1,CA1-V1,expert,10,-20,-200,5800,0.0468,0.0313,0,86.45,81.83,44.7,50.98,85.49,86.18,72.59,0.3982,0.3097,84.09,87.82,32.47
36,1,CA1-V1,expert,10,25,250,5750,0.035,0.0113,0,87.35,88.32,38.3,34.04,85.49,86.18,72.59,0.346,0.3352,84.09,87.82,32.47
36,1,CA1-V1,expert,10,-25,-250,5750,0.0224,0.0113,0,83.45,80.77,84.74,52.9,85.49,86.18,72.59,0.3098,0.2576,84.09,87.82,32.47
41,1,CA1-CA3,naive,10,0,0,6000,0.2154,0.0919,4,0.0,0.0,0.0,0.0,85.81,77.18,84.87,0.5975,0.4167,83.0,89.82,86.26
41,1,CA1-CA3,naive,10,1,10,5990,0.2647,0.0963,4,34.98,69.32,49.13,80.49,85.81,77.18,84.87,0.5126,0.3401,83.0,89.82,86.26
41,1,CA1-CA3,naive,10,-1,-10,5990,0.2304,0.1017,4,85.33,71.01,84.28,36.45,85.81,77.18,84.87,0.5334,0.3576,83.0,89.82,86.26
41,1,CA1-CA3,naive,10,2,20,5980,0.0816,0.0327,4,75.01,73.24,83.95,35.99,85.81,77.18,84.87,0.6291,0.3919,83.0,89.82,86.26
41,1,CA1-CA3,naive,10,-2,-20,5980,0.0366,0.0124,4,81.56,79.29,78.28,88.94,85.81,77.18,84.87,0.5687,0.4041,83.0,89.82,86.26
41,1,CA1-CA3,naive,10,3,30,5970,0.0571,0.0182,4,74.5,65.75,56.68,84.06,85.81,77.18,84.87,0.607,0.4539,83.0,89.82,86.26
41,1,CA1-CA3,naive,10,-3,-30,5970,0.06,0.0354,4,86.08,68.49,57.67,74.81,85.81,77.18,84.87,0.5373,0.3795,83.0,89.82,86.26
41,1,CA1-CA3,naive,10,4,40,5960,0.0577,0.0222,4,71.61,78.43,67.34,88.04,85.81,77.18,84.87,0.7658,0.5642,83.0,89.82,86.26
41,1,CA1-CA3,naive,10,-4,-40,5960,0.0573,0.0305,4,87.22,84.84,74.5,66.32,85.81,77.18,84.87,0.6027,0.3603,83.0,89.82,86.26
41,1,CA1-CA3,naive,10,5,50,5950,0.0368,0.0226,4,73.6,79.87,89.83,82.56,85.81,77.18,84.87,0.5074,0.406,83.0,89.82,86.26
41,1,CA1-CA3,naive,10,-5,-50,5950,0.0644,0.0385,4,89.26,77.06,89.17,79.87,85.81,77.18,84.87,0.5244,0.5137,83.0,89.82,86.26
41,1,CA1-CA3,naive,10,7,70,5930,0.0285,0.0196,4,75.81,75.83,79.66,83.87,85.81,77.18,84.87,0.5206,0.3309,83.0,89.82,86.26
41,1,CA1-CA3,naive,10,-7,-70,5930,0.0349,0.0224,4,86.08,85.04,60.62,87.85,85.81,77.18,84.87,0.641,0.3838,83.0,89.82,86.26
41,1,CA1-CA3,naive,10,10,100,5900,0.0464,0.0217,4,83.4,77.72,51.18,77.81,85.81,77.18,84.87,0.5303,0.4618,83.0,89.82,86.26
41,1,CA1-CA3,naive,10,-10,-100,5900,0.0613,0.0264,4,77.41,89.52,48.81,88.18,85.81,77.18,84.87,0.4873,0.4219,83.0,89.82,86.26
41,1,CA1-CA3,naive,10,15,150,5850,0.045,0.0238,4,65.0,84.44,82.35,78.73,85.81,77.18,84.87,0.5318,0.489,83.0,89.82,86.26
41,1,CA1-CA3,naive,10,-15,-150,5850,0.0325,0.0221,4,87.71,66.17,80.23,83.38,85.81,77.18,84.87,0.516,0.3517,83.0,89.82,86.26
41,1,CA1-CA3,naive,10,20,200,5800,0.0276,0.0208,4,86.54,83.89,86.46,33.46,85.81,77.18,84.87,0.5602,0.3803,83.0,89.82,86.26
41,1,CA1-CA3,naive,10,-20,-200,5800,0.0599,0.0345,4,81.79,89.04,83.98,86.46,85.81,77.18,84.87,0.5243,0.3352,83.0,89.82,86.26
41,1,CA1-CA3,naive,10,25,250,5750,0.0205,0.0205,4,70.34,88.15,78.41,87.36,85.81,77.18,84.87,0.5663,0.3832,83.0,89.82,86.26
41,1,CA1-CA3,naive,10,-25,-250,5750,0.0536,0.0271,4,81.18,74.48,73.39,79.07,85.81,77.18,84.87,0.5762,0.5417,83.0,89.82,86.26
41,1,CA1-V1,naive,10,0,0,6000,-0.0092,-0.0091,0,0.0,0.0,0.0,0.0,82.02,80.95,64.98,0.5738,0.65,81.81,78.04,89.83
41,1,CA1-V1,naive,10,1,10,5990,-0.0169,-0.0012,0,76.35,88.87,76.67,68.19,82.02,80.95,64.98,0.4484,0.6558,81.81,78.04,89.83
41,1,CA1-V1,naive,10,-1,-10,5990,-0.0008,-0.0144,0,78.62,79.0,56.6,52.56,82.02,80.95,64.98,0.5908,0.6846,81.81,78.04,89.83
41,1,CA1-V1,naive,10,2,20,5980,0.0014,-0.0005,0,87.88,88.3,66.53,81.04,82.02,80.95,64.98,0.6134,0.666,81.81,78.04,89.83
41,1,CA1-V1,naive,10,-2,-20,5980,0.0278,0.0074,0,72.9,76.32,78.3,67.19,82.02,80.95,64.98,0.6119,0.6591,81.81,78.04,89.83
41,1,CA1-V1,naive,10,3,30,5970,-0.0181,0.0008,0,73.38,85.45,73.93,71.67,82.02,80.95,64.98,0.5563,0.6654,81.81,78.04,89.83
41,1,CA1-V1,naive,10,-3,-30,5970,0.0046,0.003,0,66.01,70.49,71.84,76.62,82.02,80.95,64.98,0.5964,0.6649,81.81,78.04,89.83
41,1,CA1-V1,naive,10,4,40,5960,0.0198,0.0135,0,89.62,68.47,76.95,62.07,82.02,80.95,64.98,0.6572,0.6682,81.81,78.04,89.83
41,1,CA1-V1,naive,10,-4,-40,5960,-0.0199,-0.011,0,82.86,86.67,86.65,77.58,82.02,80.95,64.98,0.5443,0.6695,81.81,78.04,89.83
41,1,CA1-V1,naive,10,5,50,5950,0.0248,0.0028,0,87.75,79.26,70.56,60.56,82.02,80.95,64.98,0.6016,0.6624,81.81,78.04,89.83
41,1,CA1-V1,naive,10,-5,-50,5950,-0.0084,0.0035,0,59.22,71.96,71.12,67.32,82.02,80.95,64.98,0.5672,0.672,81.81,78.04,89.83
41,1,CA1-V1,naive,10,7,70,5930,0.028,0.0139,0,87.07,83.72,82.88,75.2,82.02,80.95,64.98,0.5947,0.6705,81.81,78.04,89.83
41,1,CA1-V1,naive,10,-7,-70,5930,0.0465,0.0165,0,84.9,83.89,84.14,62.59,82.02,80.95,64.98,0.5946,0.6625,81.81,78.04,89.83
41,1,CA1-V1,naive,10,10,100,5900,0.0353,0.0302,0,78.32,80.54,77.06,69.72,82.02,80.95,64.98,0.5467,0.6654,81.81,78.04,89.83
41,1,CA1-V1,naive,10,-10,-100,5900,0.0133,0.0193,0,89.94,83.31,79.32,79.66,82.02,80.95,64.98,0.6234,0.6507,81.81,78.04,89.83
41,1,CA1-V1,naive,10,15,150,5850,0.0485,0.0283,0,72.69,76.88,41.68,67.0,82.02,80.95,64.98,0.4658,0.6509,81.81,78.04,89.83
41,1,CA1-V1,naive,10,-15,-150,5850,-0.0108,-0.0048,0,69.89,88.28,53.26,68.59,82.02,80.95,64.98,0.6081,0.6602,81.81,78.04,89.83
41,1,CA1-V1,naive,10,20,200,5800,0.0086,0.0242,0,79.98,86.75,88.9,79.86,82.02,80.95,64.98,0.6195,0.6763,81.81,78.04,89.83
41,1,CA1-V1,naive,10,-20,-200,5800,0.0282,0.007,0,75.78,82.14,87.7,70.98,82.02,80.95,64.98,0.5503,0.6688,81.81,78.04,89.83
41,1,CA1-V1,naive,10,25,250,5750,0.0006,0.0136,0,84.05,79.21,68.95,73.66,82.02,80.95,64.98,0.623,0.6822,81.81,78.04,89.83
41,1,CA1-V1,naive,10,-25,-250,5750,0.0045,-0.0044,0,66.07,89.41,68.88,67.15,82.02,80.95,64.98,0.6349,0.6749,81.81,78.04,89.83
41,1,CA1-CA3,intermediate,10,0,0,6000,0.4141,0.1828,4,0.0,0.0,0.0,0.0,89.91,79.87,31.48,0.4898,0.5624,85.55,83.52,75.77
41,1,CA1-CA3,intermediate,10,1,10,5990,0.2888,0.1321,4,56.8,56.48,17.12,42.79,89.91,79.87,31.48,0.3944,0.453,85.55,83.52,75.77
41,1,CA1-CA3,intermediate,10,-1,-10,5990,0.1074,0.0759,4,79.64,76.1,31.49,38.87,89.91,79.87,31.48,0.4953,0.5248,85.55,83.52,75.77
41,1,CA1-CA3,intermediate,10,2,20,5980,0.2066,0.106,4,78.38,73.63,33.32,48.81,89.91,79.87,31.48,0.4738,0.4469,85.55,83.52,75.77
41,1,CA1-CA3,intermediate,10,-2,-20,5980,0.1872,0.1119,4,89.02,45.2,56.93,30.71,89.91,79.87,31.48,0.6762,0.4754,85.55,83.52,75.77
41,1,CA1-CA3,intermediate,10,3,30,5970,0.1933,0.075,4,86.21,51.31,38.98,31.2,89.91,79.87,31.48,0.4913,0.5047,85.55,83.52,75.77
41,1,CA1-CA3,intermediate,10,-3,-30,5970,0.1295,0.1025,4,88.5,72.68,75.99,30.08,89.91,79.87,31.48,0.4592,0.352,85.55,83.52,75.77
41,1,CA1-CA3,intermediate,10,4,40,5960,0.1465,0.059,4,60.93,84.44,57.75,60.94,89.91,79.87,31.48,0.442,0.4737,85.55,83.52,75.77
41,1,CA1-CA3,intermediate,10,-4,-40,5960,0.1639,0.0924,4,88.99,86.09,74.88,47.39,89.91,79.87,31.48,0.4177,0.3814,85.55,83.52,75.77
41,1,CA1-CA3,intermediate,10,5,50,5950,0.1413,0.0678,4,76.28,85.54,76.25,81.5,89.91,79.87,31.48,0.4085,0.5555,85.55,83.52,75.77
41,1,CA1-CA3,intermediate,10,-5,-50,5950,0.1893,0.0814,4,83.23,85.37,63.78,38.59,89.91,79.87,31.48,0.5529,0.4693,85.55,83.52,75.77
41,1,CA1-CA3,intermediate,10,7,70,5930,0.1504,0.0583,4,64.95,87.24,64.65,52.94,89.91,79.87,31.48,0.4476,0.4356,85.55,83.52,75.77
41,1,CA1-CA3,intermediate,10,-7,-70,5930,0.1576,0.0783,4,89.6,74.63,34.36,54.17,89.91,79.87,31.48,0.4751,0.4349,85.55,83.52,75.77
41,1,CA1-CA3,intermediate,10,10,100,5900,0.1275,0.0675,4,78.12,84.77,70.5,78.41,89.91,79.87,31.48,0.4862,0.4781,85.55,83.52,75.77
41,1,CA1-CA3,intermediate,10,-10,-100,5900,0.1482,0.0658,4,80.02,59.49,89.37,26.29,89.91,79.87,31.48,0.5143,0.588,85.55,83.52,75.77
41,1,CA1-CA3,intermediate,10,15,150,5850,0.1134,0.0612,4,89.96,89.1,41.21,60.93,89.91,79.87,31.48,0.4681,0.454,85.55,83.52,75.77
41,1,CA1-CA3,intermediate,10,-15,-150,5850,0.1223,0.0681,4,76.73,70.47,71.27,60.64,89.91,79.87,31.48,0.4465,0.4034,85.55,83.52,75.77
41,1,CA1-CA3,intermediate,10,20,200,5800,0.1109,0.0421,4,87.3,75.82,58.54,38.27,89.91,79.87,31.48,0.4559,0.4976,85.55,83.52,75.77
41,1,CA1-CA3,intermediate,10,-20,-200,5800,0.134,0.054,4,87.27,54.52,50.82,47.48,89.91,79.87,31.48,0.6116,0.3977,85.55,83.52,75.77
41,1,CA1-CA3,intermediate,10,25,250,5750,0.1057,0.0572,4,80.5,70.41,79.2,84.82,89.91,79.87,31.48,0.4401,0.4918,85.55,83.52,75.77
41,1,CA1-CA3,intermediate,10,-25,-250,5750,0.1204,0.0518,4,67.97,66.89,72.9,72.52,89.91,79.87,31.48,0.4936,0.505,85.55,83.52,75.77
41,1,CA1-V1,intermediate,10,0,0,6000,-0.0227,-0.0103,0,0.0,0.0,0.0,0.0,89.9,89.24,87.15,0.4681,0.708,66.48,86.8,27.01
41,1,CA1-V1,intermediate,10,1,10,5990,0.0363,0.0182,0,83.71,88.87,79.43,77.56,89.9,89.24,87.15,0.4401,0.6623,66.48,86.8,27.01
41,1,CA1-V1,intermediate,10,-1,-10,5990,0.0042,0.0126,0,87.48,85.2,82.67,88.92,89.9,89.24,87.15,0.512,0.6624,66.48,86.8,27.01
41,1,CA1-V1,intermediate,10,2,20,5980,-0.0031,0.0095,0,81.23,89.83,85.69,79.1,89.9,89.24,87.15,0.4935,0.6654,66.48,86.8,27.01
41,1,CA1-V1,intermediate,10,-2,-20,5980,0.0419,0.0178,0,88.81,88.34,63.0,84.74,89.9,89.24,87.15,0.4175,0.6759,66.48,86.8,27.01
41,1,CA1-V1,intermediate,10,3,30,5970,0.0286,0.018,0,78.79,89.3,83.43,88.94,89.9,89.24,87.15,0.4761,0.6786,66.48,86.8,27.01
41,1,CA1-V1,intermediate,10,-3,-30,5970,-0.0205,-0.0073,0,73.31,80.23,81.53,77.15,89.9,89.24,87.15,0.5186,0.682,66.48,86.8,27.01
41,1,CA1-V1,intermediate,10,4,40,5960,0.0095,0.0261,0,84.04,84.3,82.75,82.6,89.9,89.24,87.15,0.5148,0.6531,66.48,86.8,27.01
41,1,CA1-V1,intermediate,10,-4,-40,5960,0.0077,-0.0006,0,68.66,78.33,77.73,87.8,89.9,89.24,87.15,0.5356,0.6516,66.48,86.8,27.01
41,1,CA1-V1,intermediate,10,5,50,5950,-0.0022,0.0072,0,84.62,83.55,13.11,52.98,89.9,89.24,87.15,0.5701,0.6564,66.48,86.8,27.01
41,1,CA1-V1,intermediate,10,-5,-50,5950,0.0536,0.027,0,59.26,87.54,29.01,87.23,89.9,89.24,87.15,0.408,0.6457,66.48,86.8,27.01
41,1,CA1-V1,intermediate,10,7,70,5930,0.0027,0.0042,0,77.31,81.68,11.09,38.57,89.9,89.24,87.15,0.5883,0.6766,66.48,86.8,27.01
41,1,CA1-V1,intermediate,10,-7,-70,5930,0.0331,0.0163,0,88.16,83.68,85.81,81.78,89.9,89.24,87.15,0.4886,0.6523,66.48,86.8,27.01
41,1,CA1-V1,intermediate,10,10,100,5900,-0.0068,0.0142,0,81.67,87.66,75.3,88.68,89.9,89.24,87.15,0.4905,0.6754,66.48,86.8,27.01
41,1,CA1-V1,intermediate,10,-10,-100,5900,0.04,0.027,0,75.71,87.69,83.19,85.04,89.9,89.24,87.15,0.5506,0.6744,66.48,86.8,27.01
41,1,CA1-V1,intermediate,10,15,150,5850,-0.0038,0.001,0,86.27,75.16,71.12,84.94,89.9,89.24,87.15,0.4971,0.6588,66.48,86.8,27.01
41,1,CA1-V1,intermediate,10,-15,-150,5850,0.0248,0.0055,0,76.96,85.56,56.34,89.34,89.9,89.24,87.15,0.4877,0.6737,66.48,86.8,27.01
41,1,CA1-V1,intermediate,10,20,200,5800,0.025,0.0043,0,79.6,87.59,43.27,88.88,89.9,89.24,87.15,0.4348,0.6515,66.48,86.8,27.01
41,1,CA1-V1,intermediate,10,-20,-200,5800,0.0033,0.0139,0,89.98,87.89,18.16,85.94,89.9,89.24,87.15,0.4759,0.6941,66.48,86.8,27.01
41,1,CA1-V1,intermediate,10,25,250,5750,0.0228,0.0053,0,81.36,85.72,85.76,81.94,89.9,89.24,87.15,0.3658,0.6704,66.48,86.8,27.01
41,1,CA1-V1,intermediate,10,-25,-250,5750,0.0164,0.0317,0,76.88,89.23,30.57,89.61,89.9,89.24,87.15,0.4391,0.6636,66.48,86.8,27.01
41,1,CA1-CA3,expert,10,0,0,6000,0.0698,-0.0546,2,0.0,0.0,0.0,0.0,65.3,80.03,29.16,0.4539,0.2675,70.63,84.48,56.68
41,1,CA1-CA3,expert,10,1,10,5990,0.2211,0.0952,2,37.16,53.85,28.94,8.91,65.3,80.03,29.16,0.5092,0.4678,70.63,84.48,56.68
41,1,CA1-CA3,expert,10,-1,-10,5990,0.218,0.0997,2,21.33,89.13,33.99,12.89,65.3,80.03,29.16,0.4936,0.4973,70.63,84.48,56.68
41,1,CA1-CA3,expert,10,2,20,5980,0.2316,0.0845,2,66.56,64.07,54.84,11.6,65.3,80.03,29.16,0.6063,0.5984,70.63,84.48,56.68
41,1,CA1-CA3,expert,10,-2,-20,5980,0.1967,0.0925,2,34.41,84.81,43.29,9.8,65.3,80.03,29.16,0.5905,0.4673,70.63,84.48,56.68
41,1,CA1-CA3,expert,10,3,30,5970,0.1977,0.0761,2,67.72,72.36,64.86,26.6,65.3,80.03,29.16,0.5009,0.4706,70.63,84.48,56.68
41,1,CA1-CA3,expert,10,-3,-30,5970,0.1607,0.0884,2,81.14,76.62,57.22,12.28,65.3,80.03,29.16,0.5185,0.5372,70.63,84.48,56.68
41,1,CA1-CA3,expert,10,4,40,5960,0.167,0.0558,2,63.61,73.22,83.79,33.5,65.3,80.03,29.16,0.58,0.4843,70.63,84.48,56.68
41,1,CA1-CA3,expert,10,-4,-40,5960,0.1445,0.0914,2,62.55,61.09,80.44,37.5,65.3,80.03,29.16,0.5183,0.4817,70.63,84.48,56.68
41,1,CA1-CA3,expert,10,5,50,5950,0.1445,0.0609,2,63.17,77.83,82.41,33.22,65.3,80.03,29.16,0.4992,0.4469,70.63,84.48,56.68
41,1,CA1-CA3,expert,10,-5,-50,5950,0.1742,0.0832,2,73.18,46.24,69.84,33.32,65.3,80.03,29.16,0.5233,0.5232,70.63,84.48,56.68
41,1,CA1-CA3,expert,10,7,70,5930,0.1348,0.0681,2,66.32,85.82,52.17,33.48,65.3,80.03,29.16,0.5042,0.4326,70.63,84.48,56.68
41,1,CA1-CA3,expert,10,-7,-70,5930,0.1641,0.0708,2,67.97,83.17,48.86,22.43,65.3,80.03,29.16,0.5505,0.5465,70.63,84.48,56.68
41,1,CA1-CA3,expert,10,10,100,5900,0.132,0.0637,2,87.61,80.35,54.72,47.66,65.3,80.03,29.16,0.4757,0.4079,70.63,84.48,56.68
41,1,CA1-CA3,expert,10,-10,-100,5900,0.1111,0.0496,2,58.11,88.0,79.39,40.36,65.3,80.03,29.16,0.5091,0.4847,70.63,84.48,56.68
41,1,CA1-CA3,expert,10,15,150,5850,0.091,0.0365,2,70.17,82.98,51.4,27.22,65.3,80.03,29.16,0.5,0.4029,70.63,84.48,56.68
41,1,CA1-CA3,expert,10,-15,-150,5850,0.1254,0.0593,2,80.68,78.88,56.58,38.57,65.3,80.03,29.16,0.5525,0.5364,70.63,84.48,56.68
41,1,CA1-CA3,expert,10,20,200,5800,0.095,0.0476,2,61.7,59.13,67.54,34.17,65.3,80.03,29.16,0.5016,0.3324,70.63,84.48,56.68
41,1,CA1-CA3,expert,10,-20,-200,5800,0.1599,0.0619,2,71.24,71.31,62.68,22.33,65.3,80.03,29.16,0.5962,0.5468,70.63,84.48,56.68
41,1,CA1-CA3,expert,10,25,250,5750,0.089,0.0417,2,80.73,78.55,71.64,37.65,65.3,80.03,29.16,0.4774,0.3891,70.63,84.48,56.68
41,1,CA1-CA3,expert,10,-25,-250,5750,0.0821,0.0356,2,66.67,61.99,88.53,31.95,65.3,80.03,29.16,0.5108,0.4305,70.63,84.48,56.68
41,1,CA1-V1,expert,10,0,0,6000,0.0198,0.025,0,0.0,0.0,0.0,0.0,86.18,88.76,70.81,0.5753,0.6655,82.67,76.6,72.89
41,1,CA1-V1,expert,10,1,10,5990,0.0408,0.0252,0,59.72,66.63,21.56,36.06,86.18,88.76,70.81,0.515,0.6355,82.67,76.6,72.89
41,1,CA1-V1,expert,10,-1,-10,5990,0.0582,0.0273,0,77.63,65.13,13.3,34.65,86.18,88.76,70.81,0.5234,0.636,82.67,76.6,72.89
41,1,CA1-V1,expert,10,2,20,5980,0.0323,0.0128,0,73.5,87.27,15.29,42.72,86.18,88.76,70.81,0.4235,0.6387,82.67,76.6,72.89
41,1,CA1-V1,expert,10,-2,-20,5980,0.0151,0.012,0,72.33,72.95,36.79,50.86,86.18,88.76,70.81,0.5084,0.6563,82.67,76.6,72.89
41,1,CA1-V1,expert,10,3,30,5970,0.0033,-0.0049,0,83.51,87.08,68.79,57.97,86.18,88.76,70.81,0.3886,0.648,82.67,76.6,72.89
41,1,CA1-V1,expert,10,-3,-30,5970,0.058,0.0074,0,81.91,84.1,37.71,44.51,86.18,88.76,70.81,0.454,0.6497,82.67,76.6,72.89
41,1,CA1-V1,expert,10,4,40,5960,0.0279,0.0313,0,68.68,62.64,53.06,45.52,86.18,88.76,70.81,0.5184,0.6481,82.67,76.6,72.89
41,1,CA1-V1,expert,10,-4,-40,5960,0.0374,0.02,0,53.82,80.24,35.43,50.46,86.18,88.76,70.81,0.5062,0.6345,82.67,76.6,72.89
41,1,CA1-V1,expert,10,5,50,5950,0.0068,0.0247,0,88.11,83.36,49.99,40.88,86.18,88.76,70.81,0.4307,0.6543,82.67,76.6,72.89
41,1,CA1-V1,expert,10,-5,-50,5950,0.0099,0.0349,0,86.09,84.51,27.45,57.5,86.18,88.76,70.81,0.6202,0.662,82.67,76.6,72.89
41,1,CA1-V1,expert,10,7,70,5930,0.0278,0.0203,0,61.52,89.54,76.31,73.58,86.18,88.76,70.81,0.465,0.6454,82.67,76.6,72.89
41,1,CA1-V1,expert,10,-7,-70,5930,0.0373,0.0433,0,86.14,84.17,44.25,61.41,86.18,88.76,70.81,0.4829,0.664,82.67,76.6,72.89
41,1,CA1-V1,expert,10,10,100,5900,0.0094,0.0103,0,62.41,84.45,65.94,87.87,86.18,88.76,70.81,0.4637,0.649,82.67,76.6,72.89
41,1,CA1-V1,expert,10,-10,-100,5900,0.0205,0.0117,0,87.51,73.88,86.16,70.01,86.18,88.76,70.81,0.5136,0.6277,82.67,76.6,72.89
41,1,CA1-V1,expert,10,15,150,5850,0.0275,0.0285,0,74.83,85.7,88.4,72.4,86.18,88.76,70.81,0.4876,0.6424,82.67,76.6,72.89
41,1,CA1-V1,expert,10,-15,-150,5850,0.0246,0.013,0,83.06,80.42,31.48,52.37,86.18,88.76,70.81,0.5566,0.6468,82.67,76.6,72.89
41,1,CA1-V1,expert,10,20,200,5800,-0.0171,0.0137,0,83.55,85.2,77.77,80.02,86.18,88.76,70.81,0.5087,0.6498,82.67,76.6,72.89
41,1,CA1-V1,expert,10,-20,-200,5800,0.1083,0.0176,0,79.11,74.65,30.36,62.65,86.18,88.76,70.81,0.602,0.6164,82.67,76.6,72.89
41,1,CA1-V1,expert,10,25,250,5750,-0.0142,0.0108,0,74.35,74.67,52.31,67.75,86.18,88.76,70.81,0.5676,0.6584,82.67,76.6,72.89
41,1,CA1-V1,expert,10,-25,-250,5750,0.0204,0.0271,0,83.87,72.6,85.54,78.78,86.18,88.76,70.81,0.4219,0.6422,82.67,76.6,72.89
52,1,CA1-RSC,naive,10,0,0,6000,-0.1034,-0.1038,2,0.0,0.0,0.0,0.0,87.86,58.12,89.01,0.4557,0.3671,83.62,84.9,73.89
52,1,CA1-RSC,naive,10,1,10,5990,0.0569,0.0444,2,80.13,36.41,69.71,76.14,87.86,58.12,89.01,0.5321,0.3438,83.62,84.9,73.89
52,1,CA1-RSC,naive,10,-1,-10,5990,-0.0178,0.0073,2,86.25,75.99,58.86,44.02,87.86,58.12,89.01,0.4441,0.2226,83.62,84.9,73.89
52,1,CA1-RSC,naive,10,2,20,5980,0.0369,0.0324,2,81.59,86.1,62.45,77.34,87.86,58.12,89.01,0.4754,0.28,83.62,84.9,73.89
52,1,CA1-RSC,naive,10,-2,-20,5980,-0.0192,-0.0014,2,86.24,80.1,80.42,71.47,87.86,58.12,89.01,0.458,0.4784,83.62,84.9,73.89
52,1,CA1-RSC,naive,10,3,30,5970,0.0467,0.0477,2,83.54,83.05,56.72,75.25,87.86,58.12,89.01,0.4596,0.388,83.62,84.9,73.89
52,1,CA1-RSC,naive,10,-3,-30,5970,-0.0262,0.0078,2,89.32,74.92,85.12,62.56,87.86,58.12,89.01,0.4861,0.3613,83.62,84.9,73.89
52,1,CA1-RSC,naive,10,4,40,5960,0.0346,0.0229,2,88.85,68.51,68.13,77.7,87.86,58.12,89.01,0.4756,0.39,83.62,84.9,73.89
52,1,CA1-RSC,naive,10,-4,-40,5960,-0.0071,0.0051,2,88.57,71.56,80.88,71.16,87.86,58.12,89.01,0.4836,0.3423,83.62,84.9,73.89
52,1,CA1-RSC,naive,10,5,50,5950,0.0064,0.017,2,86.52,82.7,89.15,88.65,87.86,58.12,89.01,0.4578,0.4228,83.62,84.9,73.89
52,1,CA1-RSC,naive,10,-5,-50,5950,-0.0036,0.0122,2,89.83,68.86,77.04,80.67,87.86,58.12,89.01,0.4364,0.2904,83.62,84.9,73.89
52,1,CA1-RSC,naive,10,7,70,5930,0.0095,0.0013,2,85.67,86.66,77.88,60.51,87.86,58.12,89.01,0.4544,0.3212,83.62,84.9,73.89
52,1,CA1-RSC,naive,10,-7,-70,5930,-0.0437,-0.0226,2,85.11,75.3,72.84,72.13,87.86,58.12,89.01,0.4803,0.4036,83.62,84.9,73.89
52,1,CA1-RSC,naive,10,10,100,5900,-0.0053,0.0075,2,86.87,87.35,79.82,85.38,87.86,58.12,89.01,0.4607,0.407,83.62,84.9,73.89
52,1,CA1-RSC,naive,10,-10,-100,5900,-0.0119,-0.0026,2,86.91,77.34,83.88,74.93,87.86,58.12,89.01,0.4826,0.396,83.62,84.9,73.89
52,1,CA1-RSC,naive,10,15,150,5850,0.0489,0.0119,2,83.29,74.27,78.81,52.81,87.86,58.12,89.01,0.4906,0.3199,83.62,84.9,73.89
52,1,CA1-RSC,naive,10,-15,-150,5850,-0.0045,0.0011,2,84.12,88.99,86.12,68.4,87.86,58.12,89.01,0.4862,0.4299,83.62,84.9,73.89
52,1,CA1-RSC,naive,10,20,200,5800,-0.004,0.0044,2,86.53,67.67,71.25,89.87,87.86,58.12,89.01,0.466,0.4145,83.62,84.9,73.89
52,1,CA1-RSC,naive,10,-20,-200,5800,-0.0019,0.0013,2,80.77,87.19,84.26,79.96,87.86,58.12,89.01,0.4456,0.5378,83.62,84.9,73.89
52,1,CA1-RSC,naive,10,25,250,5750,0.0178,-0.0084,2,72.81,83.11,71.99,49.78,87.86,58.12,89.01,0.4327,0.33,83.62,84.9,73.89
52,1,CA1-RSC,naive,10,-25,-250,5750,-0.0255,-0.0087,2,87.89,65.74,75.0,74.69,87.86,58.12,89.01,0.4529,0.334,83.62,84.9,73.89
52,1,CA1-CA3,naive,10,0,0,6000,-0.246,0.0292,8,0.0,0.0,0.0,0.0,83.81,83.48,82.57,0.3823,0.3559,89.06,86.49,81.13
52,1,CA1-CA3,naive,10,1,10,5990,-0.0336,0.0242,8,42.07,54.24,29.74,33.9,83.81,83.48,82.57,0.3919,0.3585,89.06,86.49,81.13
52,1,CA1-CA3,naive,10,-1,-10,5990,-0.0843,-0.0211,8,60.6,56.76,74.63,73.87,83.81,83.48,82.57,0.38,0.3443,89.06,86.49,81.13
52,1,CA1-CA3,naive,10,2,20,5980,-0.0129,0.0136,8,73.1,86.85,63.01,71.88,83.81,83.48,82.57,0.409,0.3526,89.06,86.49,81.13
52,1,CA1-CA3,naive,10,-2,-20,5980,0.0626,0.0397,8,87.45,82.03,81.53,81.66,83.81,83.48,82.57,0.4232,0.3555,89.06,86.49,81.13
52,1,CA1-CA3,naive,10,3,30,5970,0.0314,0.0305,8,74.44,85.35,87.25,78.7,83.81,83.48,82.57,0.3823,0.3461,89.06,86.49,81.13
52,1,CA1-CA3,naive,10,-3,-30,5970,0.0034,0.0225,8,74.78,80.48,87.24,85.87,83.81,83.48,82.57,0.4042,0.3251,89.06,86.49,81.13
52,1,CA1-CA3,naive,10,4,40,5960,0.0176,0.0106,8,82.48,77.11,72.89,77.72,83.81,83.48,82.57,0.3854,0.337,89.06,86.49,81.13
52,1,CA1-CA3,naive,10,-4,-40,5960,0.0491,0.0255,8,89.72,82.41,63.62,77.98,83.81,83.48,82.57,0.4072,0.3593,89.06,86.49,81.13
52,1,CA1-CA3,naive,10,5,50,5950,0.0297,0.0256,8,88.16,86.42,81.74,75.42,83.81,83.48,82.57,0.4093,0.3479,89.06,86.49,81.13
52,1,CA1-CA3,naive,10,-5,-50,5950,0.0123,0.0017,8,87.74,86.01,60.45,88.41,83.81,83.48,82.57,0.4235,0.3726,89.06,86.49,81.13
52,1,CA1-CA3,naive,10,7,70,5930,0.0184,-0.0037,8,87.44,75.01,63.51,78.81,83.81,83.48,82.57,0.4052,0.3456,89.06,86.49,81.13
52,1,CA1-CA3,naive,10,-7,-70,5930,-0.0019,0.0117,8,83.78,85.16,78.92,78.65,83.81,83.48,82.57,0.4037,0.3752,89.06,86.49,81.13
52,1,CA1-CA3,naive,10,10,100,5900,0.0286,0.0135,8,76.81,89.34,70.75,88.03,83.81,83.48,82.57,0.3877,0.3326,89.06,86.49,81.13
52,1,CA1-CA3,naive,10,-10,-100,5900,0.0095,0.0233,8,88.86,82.46,76.64,70.84,83.81,83.48,82.57,0.3975,0.3311,89.06,86.49,81.13
52,1,CA1-CA3,naive,10,15,150,5850,-0.0095,0.0108,8,82.87,80.33,74.01,72.95,83.81,83.48,82.57,0.3872,0.3436,89.06,86.49,81.13
52,1,CA1-CA3,naive,10,-15,-150,5850,0.0298,0.0353,8,80.83,86.68,72.65,66.78,83.81,83.48,82.57,0.414,0.3404,89.06,86.49,81.13
52,1,CA1-CA3,naive,10,20,200,5800,0.0173,0.015,8,80.58,87.88,76.52,80.15,83.81,83.48,82.57,0.3903,0.352,89.06,86.49,81.13
52,1,CA1-CA3,naive,10,-20,-200,5800,0.013,-0.0005,8,79.95,88.39,78.25,73.15,83.81,83.48,82.57,0.4042,0.3545,89.06,86.49,81.13
52,1,CA1-CA3,naive,10,25,250,5750,0.0294,0.0152,8,89.43,82.03,75.01,75.92,83.81,83.48,82.57,0.3914,0.3419,89.06,86.49,81.13
52,1,CA1-CA3,naive,10,-25,-250,5750,0.0444,0.0243,8,85.68,86.9,80.83,76.43,83.81,83.48,82.57,0.393,0.3405,89.06,86.49,81.13
52,1,CA1-DG,naive,10,0,0,6000,0.1225,0.101,0,0.0,0.0,0.0,0.0,84.28,79.79,50.83,0.3847,0.1689,84.34,87.05,84.84
52,1,CA1-DG,naive,10,1,10,5990,0.0511,0.0461,0,53.67,55.68,39.78,33.02,84.28,79.79,50.83,0.4102,0.2628,84.34,87.05,84.84
52,1,CA1-DG,naive,10,-1,-10,5990,0.0743,0.0464,0,55.16,54.96,29.94,35.95,84.28,79.79,50.83,0.4325,0.2035,84.34,87.05,84.84
52,1,CA1-DG,naive,10,2,20,5980,0.0369,0.0321,0,80.02,71.09,64.01,59.61,84.28,79.79,50.83,0.3893,0.1897,84.34,87.05,84.84
52,1,CA1-DG,naive,10,-2,-20,5980,0.0488,0.0396,0,71.87,84.67,58.28,46.24,84.28,79.79,50.83,0.4126,0.2069,84.34,87.05,84.84
52,1,CA1-DG,naive,10,3,30,5970,0.0209,0.0279,0,78.08,59.37,69.23,52.17,84.28,79.79,50.83,0.4012,0.1765,84.34,87.05,84.84
52,1,CA1-DG,naive,10,-3,-30,5970,0.0146,0.0211,0,88.58,89.08,67.63,67.34,84.28,79.79,50.83,0.3859,0.1735,84.34,87.05,84.84
52,1,CA1-DG,naive,10,4,40,5960,-0.0056,0.0011,0,89.93,72.26,77.18,73.56,84.28,79.79,50.83,0.3882,0.1898,84.34,87.05,84.84
52,1,CA1-DG,naive,10,-4,-40,5960,-0.0003,0.0078,0,87.25,86.78,70.3,81.9,84.28,79.79,50.83,0.3904,0.1671,84.34,87.05,84.84
52,1,CA1-DG,naive,10,5,50,5950,-0.016,-0.0005,0,86.42,74.09,86.6,66.89,84.28,79.79,50.83,0.3987,0.1993,84.34,87.05,84.84
52,1,CA1-DG,naive,10,-5,-50,5950,0.0118,0.0242,0,88.6,86.54,60.5,78.23,84.28,79.79,50.83,0.3993,0.1616,84.34,87.05,84.84
52,1,CA1-DG,naive,10,7,70,5930,0.0202,0.0259,0,84.84,86.98,79.7,85.85,84.28,79.79,50.83,0.4036,0.1582,84.34,87.05,84.84
52,1,CA1-DG,naive,10,-7,-70,5930,-0.0097,-0.0087,0,82.5,81.42,72.55,79.73,84.28,79.79,50.83,0.3873,0.16,84.34,87.05,84.84
52,1,CA1-DG,naive,10,10,100,5900,0.0218,0.0253,0,83.92,74.55,86.64,76.02,84.28,79.79,50.83,0.398,0.1785,84.34,87.05,84.84
52,1,CA1-DG,naive,10,-10,-100,5900,0.0424,0.028,0,87.55,89.99,62.32,83.88,84.28,79.79,50.83,0.4208,0.2078,84.34,87.05,84.84
52,1,CA1-DG,naive,10,15,150,5850,0.0151,0.0167,0,76.57,89.8,76.65,78.31,84.28,79.79,50.83,0.4096,0.1806,84.34,87.05,84.84
52,1,CA1-DG,naive,10,-15,-150,5850,0.0077,-0.0225,0,87.92,89.76,67.48,64.79,84.28,79.79,50.83,0.403,0.1949,84.34,87.05,84.84
52,1,CA1-DG,naive,10,20,200,5800,0.0068,0.004,0,88.54,74.46,66.98,70.69,84.28,79.79,50.83,0.4022,0.1677,84.34,87.05,84.84
52,1,CA1-DG,naive,10,-20,-200,5800,0.011,0.0038,0,76.52,89.78,80.72,65.04,84.28,79.79,50.83,0.421,0.1789,84.34,87.05,84.84
52,1,CA1-DG,naive,10,25,250,5750,0.0189,0.0162,0,80.28,75.29,69.48,68.55,84.28,79.79,50.83,0.3912,0.1822,84.34,87.05,84.84
52,1,CA1-DG,naive,10,-25,-250,5750,-0.0055,0.0019,0,84.8,65.7,79.98,89.69,84.28,79.79,50.83,0.4056,0.1672,84.34,87.05,84.84
52,1,CA1-V1,naive,10,0,0,6000,0.4941,0.2801,2,0.0,0.0,0.0,0.0,81.49,85.77,47.6,0.4108,0.4468,71.57,75.23,42.59
52,1,CA1-V1,naive,10,1,10,5990,0.1489,0.0506,2,64.67,64.75,17.77,16.83,81.49,85.77,47.6,0.4321,0.4501,71.57,75.23,42.59
52,1,CA1-V1,naive,10,-1,-10,5990,0.1589,0.0705,2,35.4,38.37,15.89,20.48,81.49,85.77,47.6,0.4278,0.4523,71.57,75.23,42.59
52,1,CA1-V1,naive,10,2,20,5980,0.0653,0.0238,2,38.76,57.69,26.72,21.11,81.49,85.77,47.6,0.4158,0.4585,71.57,75.23,42.59
52,1,CA1-V1,naive,10,-2,-20,5980,0.0978,0.0305,2,36.6,53.32,16.08,27.12,81.49,85.77,47.6,0.4355,0.4625,71.57,75.23,42.59
52,1,CA1-V1,naive,10,3,30,5970,0.0713,0.0323,2,60.81,62.36,38.12,35.6,81.49,85.77,47.6,0.41,0.4474,71.57,75.23,42.59
52,1,CA1-V1,naive,10,-3,-30,5970,0.1359,0.0481,2,75.61,79.62,24.84,29.81,81.49,85.77,47.6,0.4388,0.4526,71.57,75.23,42.59
52,1,CA1-V1,naive,10,4,40,5960,0.0827,0.0163,2,59.29,77.67,36.5,38.22,81.49,85.77,47.6,0.4269,0.4552,71.57,75.23,42.59
52,1,CA1-V1,naive,10,-4,-40,5960,0.108,0.036,2,48.68,65.84,24.88,27.08,81.49,85.77,47.6,0.4593,0.4731,71.57,75.23,42.59
52,1,CA1-V1,naive,10,5,50,5950,0.0361,0.0375,2,58.68,71.26,37.0,43.51,81.49,85.77,47.6,0.414,0.4672,71.57,75.23,42.59
52,1,CA1-V1,naive,10,-5,-50,5950,0.0856,0.0335,2,43.44,67.98,26.23,27.12,81.49,85.77,47.6,0.4376,0.4539,71.57,75.23,42.59
52,1,CA1-V1,naive,10,7,70,5930,0.0535,0.0277,2,62.73,65.91,28.03,33.77,81.49,85.77,47.6,0.4125,0.4601,71.57,75.23,42.59
52,1,CA1-V1,naive,10,-7,-70,5930,0.0845,0.0236,2,87.93,83.63,17.43,33.55,81.49,85.77,47.6,0.4351,0.4659,71.57,75.23,42.59
52,1,CA1-V1,naive,10,10,100,5900,0.0678,0.0395,2,54.1,65.57,33.79,46.76,81.49,85.77,47.6,0.431,0.4691,71.57,75.23,42.59
52,1,CA1-V1,naive,10,-10,-100,5900,0.1076,0.0382,2,60.57,69.55,20.22,32.8,81.49,85.77,47.6,0.4186,0.4483,71.57,75.23,42.59
52,1,CA1-V1,naive,10,15,150,5850,0.0302,0.0187,2,58.67,58.46,39.63,47.55,81.49,85.77,47.6,0.3885,0.4481,71.57,75.23,42.59
52,1,CA1-V1,naive,10,-15,-150,5850,0.1035,0.0499,2,53.85,66.02,20.02,33.5,81.49,85.77,47.6,0.429,0.4598,71.57,75.23,42.59
52,1,CA1-V1,naive,10,20,200,5800,0.0398,0.0236,2,67.54,76.24,44.64,50.16,81.49,85.77,47.6,0.4469,0.4756,71.57,75.23,42.59
52,1,CA1-V1,naive,10,-20,-200,5800,0.1021,0.041,2,59.99,62.93,20.99,41.1,81.49,85.77,47.6,0.4779,0.4835,71.57,75.23,42.59
52,1,CA1-V1,naive,10,25,250,5750,0.092,0.0246,2,70.46,79.02,34.72,42.64,81.49,85.77,47.6,0.4022,0.4554,71.57,75.23,42.59
52,1,CA1-V1,naive,10,-25,-250,5750,0.1222,0.0608,2,46.22,56.53,29.02,36.02,81.49,85.77,47.6,0.4049,0.455,71.57,75.23,42.59
52,1,CA3-DG,naive,10,0,0,6000,0.4722,0.3459,4,0.0,0.0,0.0,0.0,86.53,88.53,41.0,0.3765,0.2695,71.04,76.97,73.58
52,1,CA3-DG,naive,10,1,10,5990,0.2831,0.1793,4,34.66,32.77,30.03,50.67,86.53,88.53,41.0,0.4565,0.3262,71.04,76.97,73.58
52,1,CA3-DG,naive,10,-1,-10,5990,0.2753,0.2292,4,87.57,82.61,37.15,27.35,86.53,88.53,41.0,0.4396,0.3354,71.04,76.97,73.58
52,1,CA3-DG,naive,10,2,20,5980,0.1855,0.1357,4,88.15,78.38,78.2,74.78,86.53,88.53,41.0,0.4302,0.2839,71.04,76.97,73.58
52,1,CA3-DG,naive,10,-2,-20,5980,0.1041,0.1202,4,88.13,79.68,81.4,70.08,86.53,88.53,41.0,0.4292,0.3559,71.04,76.97,73.58
52,1,CA3-DG,naive,10,3,30,5970,0.1769,0.1328,4,87.87,83.9,52.35,78.09,86.53,88.53,41.0,0.4188,0.2983,71.04,76.97,73.58
52,1,CA3-DG,naive,10,-3,-30,5970,0.1352,0.129,4,87.89,82.86,79.26,40.75,86.53,88.53,41.0,0.3993,0.3405,71.04,76.97,73.58
52,1,CA3-DG,naive,10,4,40,5960,0.1739,0.1323,4,88.06,76.54,56.04,81.35,86.53,88.53,41.0,0.3811,0.28,71.04,76.97,73.58
52,1,CA3-DG,naive,10,-4,-40,5960,0.1758,0.1055,4,87.4,73.21,87.77,44.6,86.53,88.53,41.0,0.4067,0.3324,71.04,76.97,73.58
52,1,CA3-DG,naive,10,5,50,5950,0.1341,0.1202,4,85.66,83.17,41.43,80.4,86.53,88.53,41.0,0.398,0.3195,71.04,76.97,73.58
52,1,CA3-DG,naive,10,-5,-50,5950,0.1434,0.0754,4,89.23,89.05,86.13,44.74,86.53,88.53,41.0,0.3748,0.2371,71.04,76.97,73.58
52,1,CA3-DG,naive,10,7,70,5930,0.1152,0.0786,4,88.14,80.14,58.87,64.41,86.53,88.53,41.0,0.3682,0.2289,71.04,76.97,73.58
52,1,CA3-DG,naive,10,-7,-70,5930,0.0842,0.0569,4,88.72,79.9,68.75,68.34,86.53,88.53,41.0,0.3509,0.2469,71.04,76.97,73.58
52,1,CA3-DG,naive,10,10,100,5900,0.1177,0.0542,4,88.88,83.24,48.52,87.94,86.53,88.53,41.0,0.3493,0.2842,71.04,76.97,73.58
52,1,CA3-DG,naive,10,-10,-100,5900,0.1193,0.0713,4,81.92,86.97,47.29,87.75,86.53,88.53,41.0,0.3746,0.2753,71.04,76.97,73.58
52,1,CA3-DG,naive,10,15,150,5850,-0.0132,0.0172,4,84.36,85.71,89.35,88.22,86.53,88.53,41.0,0.3323,0.172,71.04,76.97,73.58
52,1,CA3-DG,naive,10,-15,-150,5850,0.0752,0.0399,4,87.64,83.54,50.21,51.64,86.53,88.53,41.0,0.3655,0.2177,71.04,76.97,73.58
52,1,CA3-DG,naive,10,20,200,5800,0.0835,0.0331,4,79.47,80.91,59.55,65.78,86.53,88.53,41.0,0.3739,0.3041,71.04,76.97,73.58
52,1,CA3-DG,naive,10,-20,-200,5800,-0.0061,0.0147,4,87.31,81.31,78.58,81.53,86.53,88.53,41.0,0.3522,0.1801,71.04,76.97,73.58
52,1,CA3-DG,naive,10,25,250,5750,0.0422,0.0321,4,87.57,86.54,71.81,85.14,86.53,88.53,41.0,0.3552,0.2332,71.04,76.97,73.58
52,1,CA3-DG,naive,10,-25,-250,5750,0.0419,0.009,4,89.17,88.83,65.73,70.39,86.53,88.53,41.0,0.3432,0.164,71.04,76.97,73.58
52,1,V1-RSC,naive,10,0,0,6000,0.3881,0.2548,4,0.0,0.0,0.0,0.0,89.99,80.79,54.17,0.4456,0.4202,80.53,78.52,46.06
52,1,V1-RSC,naive,10,1,10,5990,0.173,0.0951,4,67.23,73.18,16.32,18.52,89.99,80.79,54.17,0.4694,0.2466,80.53,78.52,46.06
52,1,V1-RSC,naive,10,-1,-10,5990,0.1687,0.0477,4,63.77,81.97,17.56,16.17,89.99,80.79,54.17,0.4672,0.4301,80.53,78.52,46.06
52,1,V1-RSC,naive,10,2,20,5980,0.1134,0.0452,4,77.82,66.91,31.2,23.64,89.99,80.79,54.17,0.4925,0.2438,80.53,78.52,46.06
52,1,V1-RSC,naive,10,-2,-20,5980,0.1095,0.044,4,72.65,52.55,29.83,15.47,89.99,80.79,54.17,0.4771,0.2102,80.53,78.52,46.06
52,1,V1-RSC,naive,10,3,30,5970,0.1274,0.0619,4,71.42,73.04,34.84,18.03,89.99,80.79,54.17,0.4683,0.2111,80.53,78.52,46.06
52,1,V1-RSC,naive,10,-3,-30,5970,0.155,0.0531,4,75.35,73.84,31.36,16.88,89.99,80.79,54.17,0.5289,0.3062,80.53,78.52,46.06
52,1,V1-RSC,naive,10,4,40,5960,0.115,0.0442,4,66.61,69.91,38.01,16.46,89.99,80.79,54.17,0.4904,0.2598,80.53,78.52,46.06
52,1,V1-RSC,naive,10,-4,-40,5960,0.1347,0.0591,4,74.65,68.57,29.65,21.5,89.99,80.79,54.17,0.4898,0.2392,80.53,78.52,46.06
52,1,V1-RSC,naive,10,5,50,5950,0.0864,0.0295,4,77.48,81.35,32.25,10.43,89.99,80.79,54.17,0.472,0.3732,80.53,78.52,46.06
52,1,V1-RSC,naive,10,-5,-50,5950,0.0947,0.0527,4,80.15,76.94,30.24,28.07,89.99,80.79,54.17,0.495,0.2936,80.53,78.52,46.06
52,1,V1-RSC,naive,10,7,70,5930,0.1291,0.0605,4,76.89,76.53,27.35,11.04,89.99,80.79,54.17,0.5021,0.2849,80.53,78.52,46.06
52,1,V1-RSC,naive,10,-7,-70,5930,0.1061,0.0476,4,86.36,87.77,32.75,25.33,89.99,80.79,54.17,0.4794,0.2388,80.53,78.52,46.06
52,1,V1-RSC,naive,10,10,100,5900,0.1135,0.049,4,85.07,54.69,35.33,19.09,89.99,80.79,54.17,0.4648,0.2529,80.53,78.52,46.06
52,1,V1-RSC,naive,10,-10,-100,5900,0.1066,0.0389,4,86.23,68.53,27.97,20.4,89.99,80.79,54.17,0.4838,0.2778,80.53,78.52,46.06
52,1,V1-RSC,naive,10,15,150,5850,0.1286,0.0314,4,82.61,53.54,49.89,25.87,89.99,80.79,54.17,0.5497,0.2809,80.53,78.52,46.06
52,1,V1-RSC,naive,10,-15,-150,5850,0.0599,0.0159,4,74.86,51.71,44.51,41.37,89.99,80.79,54.17,0.4867,0.308,80.53,78.52,46.06
52,1,V1-RSC,naive,10,20,200,5800,0.112,0.0306,4,85.97,80.41,57.96,25.63,89.99,80.79,54.17,0.5528,0.3579,80.53,78.52,46.06
52,1,V1-RSC,naive,10,-20,-200,5800,0.0786,0.0288,4,87.6,70.11,46.75,29.2,89.99,80.79,54.17,0.4758,0.1745,80.53,78.52,46.06
52,1,V1-RSC,naive,10,25,250,5750,0.1177,0.068,4,89.68,87.92,75.98,22.77,89.99,80.79,54.17,0.537,0.315,80.53,78.52,46.06
52,1,V1-RSC,naive,10,-25,-250,5750,0.0525,0.0383,4,74.73,70.95,52.95,39.39,89.99,80.79,54.17,0.4591,0.2754,80.53,78.52,46.06
52,1,CA1-RSC,intermediate,10,0,0,6000,0.0382,0.019,0,0.0,0.0,0.0,0.0,83.81,71.13,73.97,0.4531,0.1871,86.37,84.42,84.63
52,1,CA1-RSC,intermediate,10,1,10,5990,0.0252,0.0172,0,81.16,58.72,57.35,47.3,83.81,71.13,73.97,0.4503,0.1226,86.37,84.42,84.63
52,1,CA1-RSC,intermediate,10,-1,-10,5990,0.0373,0.0032,0,61.4,58.59,57.15,65.97,83.81,71.13,73.97,0.4788,0.1191,86.37,84.42,84.63
52,1,CA1-RSC,intermediate,10,2,20,5980,0.026,0.03,0,83.89,68.34,83.28,54.98,83.81,71.13,73.97,0.455,0.1932,86.37,84.42,84.63
52,1,CA1-RSC,intermediate,10,-2,-20,5980,-0.0258,-0.011,0,89.07,80.14,81.19,77.1,83.81,71.13,73.97,0.448,0.1867,86.37,84.42,84.63
52,1,CA1-RSC,intermediate,10,3,30,5970,0.0405,0.031,0,88.03,78.77,83.72,76.72,83.81,71.13,73.97,0.4459,0.2256,86.37,84.42,84.63
52,1,CA1-RSC,intermediate,10,-3,-30,5970,0.0093,0.0132,0,86.59,57.77,72.0,76.87,83.81,71.13,73.97,0.443,0.1831,86.37,84.42,84.63
52,1,CA1-RSC,intermediate,10,4,40,5960,0.0131,0.0106,0,71.0,66.21,76.3,71.68,83.81,71.13,73.97,0.4587,0.2403,86.37,84.42,84.63
52,1,CA1-RSC,intermediate,10,-4,-40,5960,-0.01,-0.0046,0,87.66,89.78,74.02,73.07,83.81,71.13,73.97,0.4354,0.3151,86.37,84.42,84.63
52,1,CA1-RSC,intermediate,10,5,50,5950,0.0148,0.023,0,83.01,89.62,68.39,67.44,83.81,71.13,73.97,0.4656,0.1946,86.37,84.42,84.63
52,1,CA1-RSC,intermediate,10,-5,-50,5950,0.0129,-0.0001,0,89.02,82.64,78.49,54.19,83.81,71.13,73.97,0.439,0.1735,86.37,84.42,84.63
52,1,CA1-RSC,intermediate,10,7,70,5930,0.0109,0.0135,0,80.24,76.99,86.17,89.15,83.81,71.13,73.97,0.4042,0.1155,86.37,84.42,84.63
52,1,CA1-RSC,intermediate,10,-7,-70,5930,-0.0087,-0.0075,0,82.38,81.68,82.06,65.61,83.81,71.13,73.97,0.4352,0.1312,86.37,84.42,84.63
52,1,CA1-RSC,intermediate,10,10,100,5900,0.0076,0.0054,0,87.4,69.39,80.36,81.19,83.81,71.13,73.97,0.4487,0.1156,86.37,84.42,84.63
52,1,CA1-RSC,intermediate,10,-10,-100,5900,0.0181,0.0077,0,87.03,68.12,79.16,67.9,83.81,71.13,73.97,0.4266,0.3773,86.37,84.42,84.63
52,1,CA1-RSC,intermediate,10,15,150,5850,0.0095,0.0118,0,89.01,68.29,89.39,48.27,83.81,71.13,73.97,0.4114,0.1195,86.37,84.42,84.63
52,1,CA1-RSC,intermediate,10,-15,-150,5850,0.0085,0.0039,0,80.75,89.8,86.71,69.21,83.81,71.13,73.97,0.447,0.1761,86.37,84.42,84.63
52,1,CA1-RSC,intermediate,10,20,200,5800,0.0038,-0.0018,0,78.93,81.18,83.88,73.6,83.81,71.13,73.97,0.4863,0.4235,86.37,84.42,84.63
52,1,CA1-RSC,intermediate,10,-20,-200,5800,0.0347,0.016,0,78.44,82.49,88.42,65.87,83.81,71.13,73.97,0.4946,0.3325,86.37,84.42,84.63
52,1,CA1-RSC,intermediate,10,25,250,5750,-0.0264,-0.0202,0,88.5,62.28,71.83,50.84,83.81,71.13,73.97,0.4451,0.163,86.37,84.42,84.63
52,1,CA1-RSC,intermediate,10,-25,-250,5750,-0.0056,-0.0036,0,88.71,81.63,79.97,61.51,83.81,71.13,73.97,0.4746,0.252,86.37,84.42,84.63
52,1,CA1-CA3,intermediate,10,0,0,6000,0.1216,0.0711,0,0.0,0.0,0.0,0.0,89.98,86.79,48.09,0.4276,0.3953,73.83,87.92,73.28
52,1,CA1-CA3,intermediate,10,1,10,5990,0.0515,0.0187,0,49.5,60.0,32.34,42.9,89.98,86.79,48.09,0.3844,0.3629,73.83,87.92,73.28
52,1,CA1-CA3,intermediate,10,-1,-10,5990,0.04,0.0332,0,85.33,86.27,61.84,53.92,89.98,86.79,48.09,0.39,0.3442,73.83,87.92,73.28
52,1,CA1-CA3,intermediate,10,2,20,5980,0.049,0.0386,0,83.39,73.19,41.54,51.88,89.98,86.79,48.09,0.4111,0.3626,73.83,87.92,73.28
52,1,CA1-CA3,intermediate,10,-2,-20,5980,0.0504,0.0352,0,73.35,82.84,82.9,64.65,89.98,86.79,48.09,0.4148,0.3621,73.83,87.92,73.28
52,1,CA1-CA3,intermediate,10,3,30,5970,0.052,0.0228,0,78.06,76.3,61.46,57.36,89.98,86.79,48.09,0.3717,0.356,73.83,87.92,73.28
52,1,CA1-CA3,intermediate,10,-3,-30,5970,0.046,0.0171,0,73.83,82.85,83.42,55.03,89.98,86.79,48.09,0.4109,0.3743,73.83,87.92,73.28
52,1,CA1-CA3,intermediate,10,4,40,5960,0.0412,0.0229,0,79.47,78.4,68.26,56.3,89.98,86.79,48.09,0.3852,0.3649,73.83,87.92,73.28
52,1,CA1-CA3,intermediate,10,-4,-40,5960,0.0671,0.0251,0,89.93,72.42,55.78,59.85,89.98,86.79,48.09,0.3988,0.3413,73.83,87.92,73.28
52,1,CA1-CA3,intermediate,10,5,50,5950,0.0403,0.0377,0,72.73,85.52,54.83,72.92,89.98,86.79,48.09,0.4063,0.3505,73.83,87.92,73.28
52,1,CA1-CA3,intermediate,10,-5,-50,5950,0.0853,0.0444,0,80.58,77.97,48.87,65.22,89.98,86.79,48.09,0.4092,0.3562,73.83,87.92,73.28
52,1,CA1-CA3,intermediate,10,7,70,5930,0.0454,0.0327,0,79.6,82.22,41.96,56.67,89.98,86.79,48.09,0.3919,0.3533,73.83,87.92,73.28
52,1,CA1-CA3,intermediate,10,-7,-70,5930,0.06,0.0124,0,88.33,89.53,59.67,62.85,89.98,86.79,48.09,0.4226,0.3538,73.83,87.92,73.28
52,1,CA1-CA3,intermediate,10,10,100,5900,0.0199,0.0146,0,73.49,85.29,71.03,83.92,89.98,86.79,48.09,0.3874,0.3732,73.83,87.92,73.28
52,1,CA1-CA3,intermediate,10,-10,-100,5900,0.0528,0.0333,0,85.19,88.94,89.87,55.62,89.98,86.79,48.09,0.3931,0.3567,73.83,87.92,73.28
52,1,CA1-CA3,intermediate,10,15,150,5850,0.022,0.022,0,86.19,83.42,60.6,87.29,89.98,86.79,48.09,0.3877,0.3599,73.83,87.92,73.28
52,1,CA1-CA3,intermediate,10,-15,-150,5850,0.0076,0.0183,0,81.26,81.61,78.84,55.26,89.98,86.79,48.09,0.3893,0.3617,73.83,87.92,73.28
52,1,CA1-CA3,intermediate,10,20,200,5800,0.0134,0.0094,0,80.57,74.85,79.94,56.99,89.98,86.79,48.09,0.3765,0.373,73.83,87.92,73.28
52,1,CA1-CA3,intermediate,10,-20,-200,5800,0.0567,0.0132,0,79.05,87.55,51.32,67.4,89.98,86.79,48.09,0.3933,0.3705,73.83,87.92,73.28
52,1,CA1-CA3,intermediate,10,25,250,5750,-0.0109,0.0042,0,89.48,89.05,82.24,79.1,89.98,86.79,48.09,0.3923,0.3708,73.83,87.92,73.28
52,1,CA1-CA3,intermediate,10,-25,-250,5750,0.0177,0.0038,0,86.1,81.97,58.11,83.75,89.98,86.79,48.09,0.3818,0.371,73.83,87.92,73.28
52,1,CA1-DG,intermediate,10,0,0,6000,0.1378,0.0772,0,0.0,0.0,0.0,0.0,79.5,84.28,54.51,0.4349,0.2752,87.83,78.15,89.1
52,1,CA1-DG,intermediate,10,1,10,5990,0.0247,0.0347,0,62.52,66.6,74.75,67.63,79.5,84.28,54.51,0.397,0.1995,87.83,78.15,89.1
52,1,CA1-DG,intermediate,10,-1,-10,5990,0.0286,0.0199,0,81.66,81.93,62.62,59.22,79.5,84.28,54.51,0.375,0.2028,87.83,78.15,89.1
52,1,CA1-DG,intermediate,10,2,20,5980,0.0327,0.0077,0,69.82,89.43,68.9,73.79,79.5,84.28,54.51,0.381,0.2056,87.83,78.15,89.1
52,1,CA1-DG,intermediate,10,-2,-20,5980,0.0149,0.0292,0,86.86,89.68,63.33,79.48,79.5,84.28,54.51,0.3909,0.2036,87.83,78.15,89.1
52,1,CA1-DG,intermediate,10,3,30,5970,-0.032,0.0156,0,72.86,84.48,86.59,68.92,79.5,84.28,54.51,0.3856,0.2472,87.83,78.15,89.1
52,1,CA1-DG,intermediate,10,-3,-30,5970,0.0398,0.0355,0,79.74,78.82,58.51,84.54,79.5,84.28,54.51,0.3812,0.1999,87.83,78.15,89.1
52,1,CA1-DG,intermediate,10,4,40,5960,0.0324,0.0325,0,75.02,88.49,75.38,64.87,79.5,84.28,54.51,0.3957,0.2077,87.83,78.15,89.1
52,1,CA1-DG,intermediate,10,-4,-40,5960,0.0487,0.0414,0,61.79,88.5,41.46,79.71,79.5,84.28,54.51,0.3795,0.2199,87.83,78.15,89.1
52,1,CA1-DG,intermediate,10,5,50,5950,0.0353,0.0284,0,83.26,88.68,72.42,56.73,79.5,84.28,54.51,0.3883,0.2221,87.83,78.15,89.1
52,1,CA1-DG,intermediate,10,-5,-50,5950,0.0205,0.0213,0,81.87,76.62,61.54,70.18,79.5,84.28,54.51,0.3745,0.2048,87.83,78.15,89.1
52,1,CA1-DG,intermediate,10,7,70,5930,0.0376,0.0171,0,76.69,84.61,74.96,75.89,79.5,84.28,54.51,0.374,0.2159,87.83,78.15,89.1
52,1,CA1-DG,intermediate,10,-7,-70,5930,0.063,0.0253,0,82.65,86.73,42.65,70.63,79.5,84.28,54.51,0.3915,0.2784,87.83,78.15,89.1
52,1,CA1-DG,intermediate,10,10,100,5900,0.0143,0.0165,0,87.02,84.14,82.47,64.79,79.5,84.28,54.51,0.3848,0.2219,87.83,78.15,89.1
52,1,CA1-DG,intermediate,10,-10,-100,5900,0.032,0.0265,0,84.76,84.52,76.74,87.13,79.5,84.28,54.51,0.3776,0.2192,87.83,78.15,89.1
52,1,CA1-DG,intermediate,10,15,150,5850,0.024,0.0254,0,86.55,72.68,85.2,84.43,79.5,84.28,54.51,0.3865,0.202,87.83,78.15,89.1
52,1,CA1-DG,intermediate,10,-15,-150,5850,0.0096,-0.0014,0,85.26,88.75,72.8,81.31,79.5,84.28,54.51,0.3893,0.1943,87.83,78.15,89.1
52,1,CA1-DG,intermediate,10,20,200,5800,0.0406,0.0217,0,81.93,86.34,70.2,56.97,79.5,84.28,54.51,0.3677,0.212,87.83,78.15,89.1
52,1,CA1-DG,intermediate,10,-20,-200,5800,0.0177,0.0078,0,88.45,86.1,73.25,83.76,79.5,84.28,54.51,0.3603,0.1822,87.83,78.15,89.1
52,1,CA1-DG,intermediate,10,25,250,5750,0.0035,-0.0004,0,83.51,89.11,82.03,83.98,79.5,84.28,54.51,0.3892,0.2074,87.83,78.15,89.1
52,1,CA1-DG,intermediate,10,-25,-250,5750,0.0024,-0.0068,0,81.33,85.73,76.95,77.15,79.5,84.28,54.51,0.3919,0.1714,87.83,78.15,89.1
52,1,CA1-V1,intermediate,10,0,0,6000,-0.0282,0.0782,3,0.0,0.0,0.0,0.0,76.34,80.32,65.22,0.3704,0.5178,86.94,78.97,86.53
52,1,CA1-V1,intermediate,10,1,10,5990,0.0116,0.021,3,51.59,58.65,20.27,25.59,76.34,80.32,65.22,0.3726,0.5261,86.94,78.97,86.53
52,1,CA1-V1,intermediate,10,-1,-10,5990,0.0684,0.0576,3,43.86,50.65,25.81,30.77,76.34,80.32,65.22,0.3703,0.5127,86.94,78.97,86.53
52,1,CA1-V1,intermediate,10,2,20,5980,0.0362,0.0108,3,71.18,73.16,26.61,30.73,76.34,80.32,65.22,0.3762,0.5209,86.94,78.97,86.53
52,1,CA1-V1,intermediate,10,-2,-20,5980,0.0678,0.0377,3,78.05,82.07,26.28,25.71,76.34,80.32,65.22,0.4058,0.5172,86.94,78.97,86.53
52,1,CA1-V1,intermediate,10,3,30,5970,0.0404,0.0223,3,89.81,86.66,33.83,40.47,76.34,80.32,65.22,0.3822,0.5235,86.94,78.97,86.53
52,1,CA1-V1,intermediate,10,-3,-30,5970,0.0312,0.0247,3,88.8,86.99,64.47,70.94,76.34,80.32,65.22,0.4114,0.5318,86.94,78.97,86.53
52,1,CA1-V1,intermediate,10,4,40,5960,0.0471,0.022,3,83.7,71.81,47.15,61.28,76.34,80.32,65.22,0.3754,0.5114,86.94,78.97,86.53
52,1,CA1-V1,intermediate,10,-4,-40,5960,0.0384,0.0248,3,87.35,89.09,66.86,73.09,76.34,80.32,65.22,0.4067,0.5313,86.94,78.97,86.53
52,1,CA1-V1,intermediate,10,5,50,5950,0.0193,0.0307,3,79.49,86.47,77.51,82.66,76.34,80.32,65.22,0.3844,0.5129,86.94,78.97,86.53
52,1,CA1-V1,intermediate,10,-5,-50,5950,0.0748,0.0233,3,64.43,75.01,28.89,31.29,76.34,80.32,65.22,0.406,0.5043,86.94,78.97,86.53
52,1,CA1-V1,intermediate,10,7,70,5930,0.0338,0.0227,3,75.08,89.26,51.57,59.95,76.34,80.32,65.22,0.3871,0.51,86.94,78.97,86.53
52,1,CA1-V1,intermediate,10,-7,-70,5930,0.0634,0.0341,3,80.15,78.87,21.35,35.86,76.34,80.32,65.22,0.39,0.5181,86.94,78.97,86.53
52,1,CA1-V1,intermediate,10,10,100,5900,0.0303,0.0137,3,76.49,87.67,39.92,36.31,76.34,80.32,65.22,0.4026,0.5204,86.94,78.97,86.53
52,1,CA1-V1,intermediate,10,-10,-100,5900,0.0589,0.0364,3,78.42,81.49,29.91,39.65,76.34,80.32,65.22,0.3993,0.5229,86.94,78.97,86.53
52,1,CA1-V1,intermediate,10,15,150,5850,0.0397,0.0097,3,72.43,76.93,41.78,46.44,76.34,80.32,65.22,0.3738,0.5233,86.94,78.97,86.53
52,1,CA1-V1,intermediate,10,-15,-150,5850,0.092,0.0247,3,65.62,77.33,36.23,34.01,76.34,80.32,65.22,0.422,0.5121,86.94,78.97,86.53
52,1,CA1-V1,intermediate,10,20,200,5800,0.0155,0.0074,3,85.28,87.7,75.48,62.87,76.34,80.32,65.22,0.3954,0.5203,86.94,78.97,86.53
52,1,CA1-V1,intermediate,10,-20,-200,5800,0.0735,0.0362,3,73.96,63.7,40.71,34.19,76.34,80.32,65.22,0.4162,0.5151,86.94,78.97,86.53
52,1,CA1-V1,intermediate,10,25,250,5750,0.0306,0.0229,3,71.06,65.31,46.29,59.93,76.34,80.32,65.22,0.3908,0.5189,86.94,78.97,86.53
52,1,CA1-V1,intermediate,10,-25,-250,5750,0.0615,0.0257,3,80.16,82.32,44.18,46.06,76.34,80.32,65.22,0.3976,0.5254,86.94,78.97,86.53
52,1,CA3-DG,intermediate,10,0,0,6000,0.5234,0.4172,5,0.0,0.0,0.0,0.0,56.73,59.86,22.48,0.4751,0.4042,71.02,82.73,40.59
52,1,CA3-DG,intermediate,10,1,10,5990,0.3356,0.2737,5,44.17,50.03,62.89,56.54,56.73,59.86,22.48,0.4666,0.371,71.02,82.73,40.59
52,1,CA3-DG,intermediate,10,-1,-10,5990,0.315,0.276,5,28.78,45.08,27.34,38.24,56.73,59.86,22.48,0.4485,0.3949,71.02,82.73,40.59
52,1,CA3-DG,intermediate,10,2,20,5980,0.2448,0.1913,5,67.77,59.02,52.1,78.09,56.73,59.86,22.48,0.4462,0.3529,71.02,82.73,40.59
52,1,CA3-DG,intermediate,10,-2,-20,5980,0.2068,0.1815,5,49.59,59.11,48.48,78.0,56.73,59.86,22.48,0.4149,0.33,71.02,82.73,40.59
52,1,CA3-DG,intermediate,10,3,30,5970,0.2592,0.157,5,75.63,65.8,41.95,87.73,56.73,59.86,22.48,0.4557,0.3562,71.02,82.73,40.59
52,1,CA3-DG,intermediate,10,-3,-30,5970,0.2335,0.1669,5,74.61,78.43,46.33,71.06,56.73,59.86,22.48,0.4269,0.3441,71.02,82.73,40.59
52,1,CA3-DG,intermediate,10,4,40,5960,0.2417,0.1655,5,81.66,79.99,35.91,89.52,56.73,59.86,22.48,0.4587,0.35,71.02,82.73,40.59
52,1,CA3-DG,intermediate,10,-4,-40,5960,0.1879,0.1217,5,70.84,77.92,57.7,72.06,56.73,59.86,22.48,0.4075,0.3238,71.02,82.73,40.59
52,1,CA3-DG,intermediate,10,5,50,5950,0.1632,0.1152,5,75.9,74.06,49.81,83.62,56.73,59.86,22.48,0.4503,0.3321,71.02,82.73,40.59
52,1,CA3-DG,intermediate,10,-5,-50,5950,0.1717,0.1035,5,74.28,71.8,62.63,38.77,56.73,59.86,22.48,0.4219,0.3457,71.02,82.73,40.59
52,1,CA3-DG,intermediate,10,7,70,5930,0.1626,0.1177,5,78.86,71.74,48.99,59.84,56.73,59.86,22.48,0.3931,0.34,71.02,82.73,40.59
52,1,CA3-DG,intermediate,10,-7,-70,5930,0.1594,0.0715,5,79.6,80.32,57.31,45.87,56.73,59.86,22.48,0.4249,0.319,71.02,82.73,40.59
52,1,CA3-DG,intermediate,10,10,100,5900,0.1712,0.1016,5,72.18,80.08,52.58,76.6,56.73,59.86,22.48,0.3822,0.3089,71.02,82.73,40.59
52,1,CA3-DG,intermediate,10,-10,-100,5900,0.1498,0.0851,5,82.96,81.01,50.52,77.72,56.73,59.86,22.48,0.4176,0.2795,71.02,82.73,40.59
52,1,CA3-DG,intermediate,10,15,150,5850,0.1197,0.0923,5,87.76,86.22,57.18,70.96,56.73,59.86,22.48,0.3989,0.2887,71.02,82.73,40.59
52,1,CA3-DG,intermediate,10,-15,-150,5850,0.1777,0.0793,5,82.99,76.42,51.16,58.22,56.73,59.86,22.48,0.4613,0.3586,71.02,82.73,40.59
52,1,CA3-DG,intermediate,10,20,200,5800,0.0737,0.071,5,86.36,86.02,73.08,81.91,56.73,59.86,22.48,0.3828,0.3021,71.02,82.73,40.59
52,1,CA3-DG,intermediate,10,-20,-200,5800,0.0997,0.0576,5,79.45,58.6,62.56,59.56,56.73,59.86,22.48,0.3734,0.2033,71.02,82.73,40.59
52,1,CA3-DG,intermediate,10,25,250,5750,0.1422,0.0826,5,88.46,87.79,50.73,82.16,56.73,59.86,22.48,0.4185,0.3426,71.02,82.73,40.59
52,1,CA3-DG,intermediate,10,-25,-250,5750,0.0155,0.033,5,84.99,86.88,71.53,86.66,56.73,59.86,22.48,0.356,0.226,71.02,82.73,40.59
52,1,V1-RSC,intermediate,10,0,0,6000,-0.3502,-0.1847,1,0.0,0.0,0.0,0.0,87.23,84.05,48.23,0.5472,0.2374,88.29,53.39,34.23
52,1,V1-RSC,intermediate,10,1,10,5990,-0.0217,0.0042,1,74.91,46.9,23.95,6.56,87.23,84.05,48.23,0.5423,0.3156,88.29,53.39,34.23
52,1,V1-RSC,intermediate,10,-1,-10,5990,-0.035,-0.0334,1,82.31,88.07,26.45,8.48,87.23,84.05,48.23,0.5515,0.158,88.29,53.39,34.23
52,1,V1-RSC,intermediate,10,2,20,5980,0.0595,0.0314,1,85.09,70.8,36.28,6.91,87.23,84.05,48.23,0.536,0.2989,88.29,53.39,34.23
52,1,V1-RSC,intermediate,10,-2,-20,5980,0.0417,0.0178,1,84.48,85.22,27.73,8.41,87.23,84.05,48.23,0.5352,0.2337,88.29,53.39,34.23
52,1,V1-RSC,intermediate,10,3,30,5970,0.0595,0.0311,1,86.0,59.26,35.88,9.19,87.23,84.05,48.23,0.5414,0.2086,88.29,53.39,34.23
52,1,V1-RSC,intermediate,10,-3,-30,5970,0.0556,0.0411,1,82.23,80.33,35.75,9.88,87.23,84.05,48.23,0.5246,0.3108,88.29,53.39,34.23
52,1,V1-RSC,intermediate,10,4,40,5960,0.0774,0.0357,1,89.17,50.99,30.95,11.33,87.23,84.05,48.23,0.55,0.4265,88.29,53.39,34.23
52,1,V1-RSC,intermediate,10,-4,-40,5960,0.0792,0.0358,1,83.56,81.87,37.67,10.07,87.23,84.05,48.23,0.5774,0.4529,88.29,53.39,34.23
52,1,V1-RSC,intermediate,10,5,50,5950,0.0644,0.0187,1,75.96,86.45,29.62,9.91,87.23,84.05,48.23,0.5629,0.3085,88.29,53.39,34.23
52,1,V1-RSC,intermediate,10,-5,-50,5950,0.0954,0.0378,1,89.65,79.85,32.34,10.13,87.23,84.05,48.23,0.5565,0.3684,88.29,53.39,34.23
52,1,V1-RSC,intermediate,10,7,70,5930,0.0702,0.0469,1,78.76,54.86,42.92,12.55,87.23,84.05,48.23,0.6048,0.4551,88.29,53.39,34.23
52,1,V1-RSC,intermediate,10,-7,-70,5930,0.0712,0.0211,1,87.83,75.85,40.24,16.86,87.23,84.05,48.23,0.5533,0.2794,88.29,53.39,34.23
52,1,V1-RSC,intermediate,10,10,100,5900,0.0899,0.0369,1,79.71,66.62,42.57,11.31,87.23,84.05,48.23,0.5884,0.4777,88.29,53.39,34.23
52,1,V1-RSC,intermediate,10,-10,-100,5900,0.0391,0.0126,1,89.84,70.82,44.59,16.32,87.23,84.05,48.23,0.5574,0.2809,88.29,53.39,34.23
52,1,V1-RSC,intermediate,10,15,150,5850,0.097,0.0644,1,89.78,71.49,46.19,21.69,87.23,84.05,48.23,0.5517,0.3911,88.29,53.39,34.23
52,1,V1-RSC,intermediate,10,-15,-150,5850,0.0442,0.0056,1,86.51,69.89,47.15,12.96,87.23,84.05,48.23,0.5426,0.2409,88.29,53.39,34.23
52,1,V1-RSC,intermediate,10,20,200,5800,0.094,0.0427,1,70.41,65.42,45.82,25.25,87.23,84.05,48.23,0.6017,0.5108,88.29,53.39,34.23
52,1,V1-RSC,intermediate,10,-20,-200,5800,0.0043,0.0063,1,89.25,85.22,62.23,22.04,87.23,84.05,48.23,0.587,0.2108,88.29,53.39,34.23
52,1,V1-RSC,intermediate,10,25,250,5750,0.053,0.0206,1,83.04,73.65,54.69,25.13,87.23,84.05,48.23,0.5484,0.4405,88.29,53.39,34.23
52,1,V1-RSC,intermediate,10,-25,-250,5750,0.0095,-0.0036,1,86.52,87.0,61.76,20.59,87.23,84.05,48.23,0.5566,0.2368,88.29,53.39,34.23
52,1,CA1-RSC,expert,10,0,0,6000,-0.0536,-0.0534,0,0.0,0.0,0.0,0.0,88.16,84.05,80.29,0.5102,0.3014,85.24,85.41,88.52
52,1,CA1-RSC,expert,10,1,10,5990,-0.0117,0.0082,0,88.28,68.0,66.28,63.67,88.16,84.05,80.29,0.5318,0.3193,85.24,85.41,88.52
52,1,CA1-RSC,expert,10,-1,-10,5990,-0.0243,-0.0107,0,82.68,80.33,75.22,82.43,88.16,84.05,80.29,0.5014,0.2,85.24,85.41,88.52
52,1,CA1-RSC,expert,10,2,20,5980,0.0084,0.0005,0,86.24,72.31,76.1,48.35,88.16,84.05,80.29,0.4996,0.1825,85.24,85.41,88.52
52,1,CA1-RSC,expert,10,-2,-20,5980,-0.0051,-0.0133,0,75.99,89.38,81.7,87.85,88.16,84.05,80.29,0.5251,0.2435,85.24,85.41,88.52
52,1,CA1-RSC,expert,10,3,30,5970,0.0044,0.007,0,86.21,40.11,88.79,63.8,88.16,84.05,80.29,0.511,0.1856,85.24,85.41,88.52
52,1,CA1-RSC,expert,10,-3,-30,5970,-0.02,-0.0162,0,76.78,84.03,57.68,78.49,88.16,84.05,80.29,0.4715,0.2051,85.24,85.41,88.52
52,1,CA1-RSC,expert,10,4,40,5960,0.0586,0.01,0,88.43,79.64,75.18,88.88,88.16,84.05,80.29,0.5265,0.2675,85.24,85.41,88.52
52,1,CA1-RSC,expert,10,-4,-40,5960,0.0037,-0.0053,0,82.16,82.34,63.92,85.17,88.16,84.05,80.29,0.5182,0.3343,85.24,85.41,88.52
52,1,CA1-RSC,expert,10,5,50,5950,0.0027,-0.0007,0,88.12,73.27,80.79,83.85,88.16,84.05,80.29,0.501,0.1421,85.24,85.41,88.52
52,1,CA1-RSC,expert,10,-5,-50,5950,-0.0017,0.0196,0,79.75,86.15,78.28,84.59,88.16,84.05,80.29,0.5036,0.2734,85.24,85.41,88.52
52,1,CA1-RSC,expert,10,7,70,5930,-0.0317,-0.0178,0,85.14,86.95,87.17,61.62,88.16,84.05,80.29,0.5224,0.4147,85.24,85.41,88.52
52,1,CA1-RSC,expert,10,-7,-70,5930,-0.0207,0.005,0,81.08,70.1,87.91,58.95,88.16,84.05,80.29,0.4816,0.2498,85.24,85.41,88.52
52,1,CA1-RSC,expert,10,10,100,5900,0.0067,0.0079,0,84.96,78.09,77.29,78.61,88.16,84.05,80.29,0.4903,0.148,85.24,85.41,88.52
52,1,CA1-RSC,expert,10,-10,-100,5900,0.0055,0.004,0,88.93,77.44,86.84,48.88,88.16,84.05,80.29,0.4997,0.3143,85.24,85.41,88.52
52,1,CA1-RSC,expert,10,15,150,5850,-0.0247,-0.0095,0,81.48,85.64,87.0,66.91,88.16,84.05,80.29,0.5014,0.2091,85.24,85.41,88.52
52,1,CA1-RSC,expert,10,-15,-150,5850,0.0084,0.0099,0,85.88,82.9,86.42,76.72,88.16,84.05,80.29,0.533,0.197,85.24,85.41,88.52
52,1,CA1-RSC,expert,10,20,200,5800,-0.0103,-0.0092,0,89.95,83.24,75.19,89.48,88.16,84.05,80.29,0.4941,0.2375,85.24,85.41,88.52
52,1,CA1-RSC,expert,10,-20,-200,5800,0.0543,0.0239,0,83.47,85.78,88.72,72.96,88.16,84.05,80.29,0.5196,0.2235,85.24,85.41,88.52
52,1,CA1-RSC,expert,10,25,250,5750,-0.0217,-0.0081,0,85.16,84.1,83.23,77.0,88.16,84.05,80.29,0.4806,0.1563,85.24,85.41,88.52
52,1,CA1-RSC,expert,10,-25,-250,5750,-0.0129,-0.0067,0,88.39,76.4,87.63,81.62,88.16,84.05,80.29,0.4929,0.2157,85.24,85.41,88.52
52,1,CA1-CA3,expert,10,0,0,6000,0.1049,0.0759,0,0.0,0.0,0.0,0.0,73.22,89.53,77.44,0.4419,0.3579,83.27,81.46,70.96
52,1,CA1-CA3,expert,10,1,10,5990,0.0694,0.0274,0,74.89,64.53,53.91,65.05,73.22,89.53,77.44,0.44,0.3732,83.27,81.46,70.96
52,1,CA1-CA3,expert,10,-1,-10,5990,0.0867,0.0529,0,46.33,52.94,50.35,50.05,73.22,89.53,77.44,0.4571,0.3703,83.27,81.46,70.96
52,1,CA1-CA3,expert,10,2,20,5980,0.071,0.0472,0,75.45,81.69,75.74,72.4,73.22,89.53,77.44,0.461,0.387,83.27,81.46,70.96
52,1,CA1-CA3,expert,10,-2,-20,5980,0.0651,0.05,0,88.26,81.99,68.56,67.92,73.22,89.53,77.44,0.445,0.3514,83.27,81.46,70.96
52,1,CA1-CA3,expert,10,3,30,5970,0.0188,0.0304,0,85.57,87.66,63.79,60.08,73.22,89.53,77.44,0.429,0.3562,83.27,81.46,70.96
52,1,CA1-CA3,expert,10,-3,-30,5970,0.0131,0.0144,0,72.66,74.94,78.79,58.54,73.22,89.53,77.44,0.4453,0.3697,83.27,81.46,70.96
52,1,CA1-CA3,expert,10,4,40,5960,0.0156,0.0313,0,81.4,89.33,77.9,69.95,73.22,89.53,77.44,0.4651,0.3907,83.27,81.46,70.96
52,1,CA1-CA3,expert,10,-4,-40,5960,0.018,0.0339,0,89.53,87.47,83.57,80.47,73.22,89.53,77.44,0.4611,0.3767,83.27,81.46,70.96
52,1,CA1-CA3,expert,10,5,50,5950,0.0453,0.025,0,82.19,84.67,55.83,66.04,73.22,89.53,77.44,0.4533,0.3496,83.27,81.46,70.96
52,1,CA1-CA3,expert,10,-5,-50,5950,0.0428,0.0135,0,83.5,75.22,68.38,69.79,73.22,89.53,77.44,0.4547,0.357,83.27,81.46,70.96
52,1,CA1-CA3,expert,10,7,70,5930,0.0435,0.0305,0,83.39,82.51,33.86,52.8,73.22,89.53,77.44,0.4552,0.3582,83.27,81.46,70.96
52,1,CA1-CA3,expert,10,-7,-70,5930,0.0623,0.0245,0,79.89,83.56,51.33,49.93,73.22,89.53,77.44,0.4534,0.3523,83.27,81.46,70.96
52,1,CA1-CA3,expert,10,10,100,5900,0.1003,0.0367,0,88.25,83.17,86.4,55.3,73.22,89.53,77.44,0.5129,0.4135,83.27,81.46,70.96
52,1,CA1-CA3,expert,10,-10,-100,5900,0.0496,0.0318,0,77.02,87.65,82.83,71.34,73.22,89.53,77.44,0.4696,0.3473,83.27,81.46,70.96
52,1,CA1-CA3,expert,10,15,150,5850,0.0122,0.0174,0,87.19,77.65,75.74,64.75,73.22,89.53,77.44,0.4417,0.3572,83.27,81.46,70.96
52,1,CA1-CA3,expert,10,-15,-150,5850,0.0277,0.0146,0,76.43,74.89,47.72,49.61,73.22,89.53,77.44,0.4436,0.3614,83.27,81.46,70.96
52,1,CA1-CA3,expert,10,20,200,5800,0.0005,0.0052,0,75.19,78.21,82.78,61.57,73.22,89.53,77.44,0.4437,0.3561,83.27,81.46,70.96
52,1,CA1-CA3,expert,10,-20,-200,5800,-0.0075,0.0108,0,84.88,85.99,62.6,75.82,73.22,89.53,77.44,0.4591,0.3747,83.27,81.46,70.96
52,1,CA1-CA3,expert,10,25,250,5750,-0.0039,0.0123,0,78.15,82.14,88.22,83.34,73.22,89.53,77.44,0.4447,0.3525,83.27,81.46,70.96
52,1,CA1-CA3,expert,10,-25,-250,5750,0.0263,0.0199,0,86.31,85.78,85.3,76.51,73.22,89.53,77.44,0.4486,0.3605,83.27,81.46,70.96
52,1,CA1-DG,expert,10,0,0,6000,0.1731,0.0375,1,0.0,0.0,0.0,0.0,84.4,73.0,77.92,0.4743,0.1777,73.01,87.62,77.63
52,1,CA1-DG,expert,10,1,10,5990,0.0542,0.0229,1,71.44,58.72,43.96,50.34,84.4,73.0,77.92,0.4405,0.1612,73.01,87.62,77.63
52,1,CA1-DG,expert,10,-1,-10,5990,0.1082,0.0572,1,81.24,79.9,37.27,34.95,84.4,73.0,77.92,0.4508,0.1849,73.01,87.62,77.63
52,1,CA1-DG,expert,10,2,20,5980,0.0493,0.0183,1,83.09,87.77,57.34,55.92,84.4,73.0,77.92,0.4497,0.1639,73.01,87.62,77.63
52,1,CA1-DG,expert,10,-2,-20,5980,0.0471,0.0458,1,82.46,89.73,82.11,83.9,84.4,73.0,77.92,0.4442,0.1618,73.01,87.62,77.63
52,1,CA1-DG,expert,10,3,30,5970,0.0411,0.0206,1,70.96,85.65,68.85,61.9,84.4,73.0,77.92,0.4509,0.1493,73.01,87.62,77.63
52,1,CA1-DG,expert,10,-3,-30,5970,0.0216,0.0309,1,89.51,88.42,83.45,79.76,84.4,73.0,77.92,0.4581,0.1831,73.01,87.62,77.63
52,1,CA1-DG,expert,10,4,40,5960,0.0271,0.0149,1,88.37,84.45,89.12,69.23,84.4,73.0,77.92,0.4281,0.138,73.01,87.62,77.63
52,1,CA1-DG,expert,10,-4,-40,5960,0.0216,0.0365,1,81.38,81.92,66.17,64.69,84.4,73.0,77.92,0.4415,0.1552,73.01,87.62,77.63
52,1,CA1-DG,expert,10,5,50,5950,0.0747,0.0286,1,77.81,86.1,49.41,61.47,84.4,73.0,77.92,0.4592,0.1749,73.01,87.62,77.63
52,1,CA1-DG,expert,10,-5,-50,5950,0.0347,0.0313,1,75.41,73.28,67.06,58.08,84.4,73.0,77.92,0.4413,0.1304,73.01,87.62,77.63
52,1,CA1-DG,expert,10,7,70,5930,0.0921,0.0345,1,88.76,71.44,44.23,55.43,84.4,73.0,77.92,0.4979,0.2401,73.01,87.62,77.63
52,1,CA1-DG,expert,10,-7,-70,5930,0.0818,0.0379,1,80.15,78.78,73.43,80.0,84.4,73.0,77.92,0.4612,0.1892,73.01,87.62,77.63
52,1,CA1-DG,expert,10,10,100,5900,0.0437,0.0147,1,78.91,89.32,81.44,84.55,84.4,73.0,77.92,0.443,0.1382,73.01,87.62,77.63
52,1,CA1-DG,expert,10,-10,-100,5900,0.0112,0.0184,1,87.51,88.72,83.58,73.04,84.4,73.0,77.92,0.4295,0.145,73.01,87.62,77.63
52,1,CA1-DG,expert,10,15,150,5850,0.0634,0.0183,1,86.55,81.91,54.75,56.16,84.4,73.0,77.92,0.4583,0.1802,73.01,87.62,77.63
52,1,CA1-DG,expert,10,-15,-150,5850,0.0207,0.0279,1,78.22,84.43,82.46,87.62,84.4,73.0,77.92,0.4515,0.1532,73.01,87.62,77.63
52,1,CA1-DG,expert,10,20,200,5800,0.053,0.0254,1,83.58,89.5,45.23,50.95,84.4,73.0,77.92,0.4528,0.1624,73.01,87.62,77.63
52,1,CA1-DG,expert,10,-20,-200,5800,0.0257,0.0227,1,76.41,79.14,82.61,87.51,84.4,73.0,77.92,0.4593,0.1864,73.01,87.62,77.63
52,1,CA1-DG,expert,10,25,250,5750,0.0025,0.0009,1,85.27,85.96,83.97,71.98,84.4,73.0,77.92,0.4436,0.1676,73.01,87.62,77.63
52,1,CA1-DG,expert,10,-25,-250,5750,0.0195,0.032,1,86.04,87.81,89.51,88.45,84.4,73.0,77.92,0.4533,0.1773,73.01,87.62,77.63
52,1,CA1-V1,expert,10,0,0,6000,0.4512,0.2269,2,0.0,0.0,0.0,0.0,87.74,70.28,83.51,0.4405,0.5342,86.78,82.79,38.61
52,1,CA1-V1,expert,10,1,10,5990,0.2518,0.156,2,53.18,55.1,19.31,27.93,87.74,70.28,83.51,0.4578,0.5417,86.78,82.79,38.61
52,1,CA1-V1,expert,10,-1,-10,5990,0.2613,0.1344,2,32.03,38.9,16.72,26.01,87.74,70.28,83.51,0.4497,0.5347,86.78,82.79,38.61
52,1,CA1-V1,expert,10,2,20,5980,0.0789,0.0558,2,50.33,59.87,25.5,36.65,87.74,70.28,83.51,0.4822,0.5355,86.78,82.79,38.61
52,1,CA1-V1,expert,10,-2,-20,5980,0.0914,0.0573,2,52.7,62.82,22.9,38.87,87.74,70.28,83.51,0.4553,0.5426,86.78,82.79,38.61
52,1,CA1-V1,expert,10,3,30,5970,0.0805,0.0501,2,57.59,69.23,22.02,39.59,87.74,70.28,83.51,0.4766,0.533,86.78,82.79,38.61
52,1,CA1-V1,expert,10,-3,-30,5970,0.0858,0.0574,2,66.34,56.68,18.28,32.37,87.74,70.28,83.51,0.4685,0.5333,86.78,82.79,38.61
52,1,CA1-V1,expert,10,4,40,5960,0.0878,0.0486,2,75.84,77.67,21.08,33.95,87.74,70.28,83.51,0.4916,0.542,86.78,82.79,38.61
52,1,CA1-V1,expert,10,-4,-40,5960,0.1201,0.082,2,86.63,81.38,26.89,34.54,87.74,70.28,83.51,0.4918,0.5294,86.78,82.79,38.61
52,1,CA1-V1,expert,10,5,50,5950,0.0932,0.0598,2,77.98,84.79,23.22,30.86,87.74,70.28,83.51,0.5101,0.5535,86.78,82.79,38.61
52,1,CA1-V1,expert,10,-5,-50,5950,0.1165,0.0776,2,69.38,78.65,26.39,36.27,87.74,70.28,83.51,0.4831,0.5288,86.78,82.79,38.61
52,1,CA1-V1,expert,10,7,70,5930,0.0922,0.0562,2,55.61,63.72,28.63,30.46,87.74,70.28,83.51,0.4762,0.5461,86.78,82.79,38.61
52,1,CA1-V1,expert,10,-7,-70,5930,0.1265,0.0831,2,66.87,66.57,27.97,33.83,87.74,70.28,83.51,0.4902,0.5306,86.78,82.79,38.61
52,1,CA1-V1,expert,10,10,100,5900,0.0765,0.0567,2,69.44,75.15,29.33,37.88,87.74,70.28,83.51,0.4923,0.5338,86.78,82.79,38.61
52,1,CA1-V1,expert,10,-10,-100,5900,0.1202,0.0597,2,52.99,55.19,23.79,32.42,87.74,70.28,83.51,0.5004,0.5519,86.78,82.79,38.61
52,1,CA1-V1,expert,10,15,150,5850,0.0721,0.0527,2,56.25,59.44,32.82,37.87,87.74,70.28,83.51,0.4567,0.5474,86.78,82.79,38.61
52,1,CA1-V1,expert,10,-15,-150,5850,0.1433,0.0629,2,69.71,68.89,25.96,39.57,87.74,70.28,83.51,0.5225,0.5488,86.78,82.79,38.61
52,1,CA1-V1,expert,10,20,200,5800,0.0752,0.0597,2,77.69,84.63,31.91,42.54,87.74,70.28,83.51,0.475,0.5383,86.78,82.79,38.61
52,1,CA1-V1,expert,10,-20,-200,5800,0.1052,0.0654,2,78.29,82.05,30.48,40.02,87.74,70.28,83.51,0.4794,0.5454,86.78,82.79,38.61
52,1,CA1-V1,expert,10,25,250,5750,0.0966,0.0612,2,57.52,58.95,30.29,41.51,87.74,70.28,83.51,0.4874,0.5301,86.78,82.79,38.61
52,1,CA1-V1,expert,10,-25,-250,5750,0.1179,0.0626,2,56.06,56.52,35.82,40.52,87.74,70.28,83.51,0.5018,0.5564,86.78,82.79,38.61
52,1,CA3-DG,expert,10,0,0,6000,0.5518,0.4336,3,0.0,0.0,0.0,0.0,80.21,66.64,84.66,0.477,0.3266,80.62,87.65,47.86
52,1,CA3-DG,expert,10,1,10,5990,0.3382,0.2508,3,74.47,69.87,82.38,61.87,80.21,66.64,84.66,0.4869,0.3014,80.62,87.65,47.86
52,1,CA3-DG,expert,10,-1,-10,5990,0.3083,0.2662,3,30.8,44.59,63.12,80.17,80.21,66.64,84.66,0.4861,0.3585,80.62,87.65,47.86
52,1,CA3-DG,expert,10,2,20,5980,0.1977,0.1616,3,88.81,84.75,64.24,73.45,80.21,66.64,84.66,0.4512,0.2781,80.62,87.65,47.86
52,1,CA3-DG,expert,10,-2,-20,5980,0.2379,0.1703,3,68.76,73.94,72.75,88.39,80.21,66.64,84.66,0.461,0.3005,80.62,87.65,47.86
52,1,CA3-DG,expert,10,3,30,5970,0.2045,0.1323,3,86.31,75.91,57.08,83.82,80.21,66.64,84.66,0.456,0.3168,80.62,87.65,47.86
52,1,CA3-DG,expert,10,-3,-30,5970,0.2248,0.1567,3,79.95,70.77,62.58,86.09,80.21,66.64,84.66,0.4421,0.2957,80.62,87.65,47.86
52,1,CA3-DG,expert,10,4,40,5960,0.2017,0.1266,3,85.45,79.69,58.15,87.72,80.21,66.64,84.66,0.4621,0.2974,80.62,87.65,47.86
52,1,CA3-DG,expert,10,-4,-40,5960,0.1964,0.1279,3,79.83,64.22,65.47,71.45,80.21,66.64,84.66,0.4316,0.2806,80.62,87.65,47.86
52,1,CA3-DG,expert,10,5,50,5950,0.1864,0.1244,3,83.23,85.65,62.92,89.38,80.21,66.64,84.66,0.4817,0.3298,80.62,87.65,47.86
52,1,CA3-DG,expert,10,-5,-50,5950,0.1683,0.1071,3,87.45,83.12,72.69,54.81,80.21,66.64,84.66,0.4419,0.2637,80.62,87.65,47.86
52,1,CA3-DG,expert,10,7,70,5930,0.1433,0.1055,3,87.42,88.41,52.79,54.65,80.21,66.64,84.66,0.4237,0.2757,80.62,87.65,47.86
52,1,CA3-DG,expert,10,-7,-70,5930,0.1707,0.0864,3,84.56,79.65,62.69,60.94,80.21,66.64,84.66,0.4249,0.2365,80.62,87.65,47.86
52,1,CA3-DG,expert,10,10,100,5900,0.1772,0.1036,3,82.22,78.52,62.03,85.19,80.21,66.64,84.66,0.4714,0.2883,80.62,87.65,47.86
52,1,CA3-DG,expert,10,-10,-100,5900,0.1804,0.0887,3,69.17,84.82,63.53,84.34,80.21,66.64,84.66,0.4624,0.2754,80.62,87.65,47.86
52,1,CA3-DG,expert,10,15,150,5850,0.1374,0.0824,3,85.79,87.54,67.72,70.76,80.21,66.64,84.66,0.4351,0.2831,80.62,87.65,47.86
52,1,CA3-DG,expert,10,-15,-150,5850,0.1504,0.0742,3,84.67,72.76,55.4,79.78,80.21,66.64,84.66,0.4342,0.3026,80.62,87.65,47.86
52,1,CA3-DG,expert,10,20,200,5800,0.0904,0.0439,3,84.34,87.7,65.95,70.91,80.21,66.64,84.66,0.4086,0.2302,80.62,87.65,47.86
52,1,CA3-DG,expert,10,-20,-200,5800,0.1382,0.0792,3,87.81,80.67,73.32,60.68,80.21,66.64,84.66,0.4248,0.2502,80.62,87.65,47.86
52,1,CA3-DG,expert,10,25,250,5750,0.141,0.0594,3,86.4,81.05,56.06,73.41,80.21,66.64,84.66,0.4402,0.2592,80.62,87.65,47.86
52,1,CA3-DG,expert,10,-25,-250,5750,0.0118,0.0455,3,85.39,85.54,86.67,88.67,80.21,66.64,84.66,0.3953,0.2188,80.62,87.65,47.86
52,1,V1-RSC,expert,10,0,0,6000,-0.0187,0.0159,0,0.0,0.0,0.0,0.0,87.83,52.91,87.35,0.5802,0.2973,89.75,69.09,58.71
52,1,V1-RSC,expert,10,1,10,5990,0.0528,0.0483,0,73.78,49.81,37.89,20.23,87.83,52.91,87.35,0.5788,0.2278,89.75,69.09,58.71
52,1,V1-RSC,expert,10,-1,-10,5990,0.0808,0.0288,0,83.51,61.23,42.66,17.16,87.83,52.91,87.35,0.5842,0.1863,89.75,69.09,58.71
52,1,V1-RSC,expert,10,2,20,5980,0.1061,0.0412,0,83.27,83.12,50.88,23.68,87.83,52.91,87.35,0.604,0.3214,89.75,69.09,58.71
52,1,V1-RSC,expert,10,-2,-20,5980,0.0706,0.0522,0,82.93,81.01,56.73,20.6,87.83,52.91,87.35,0.5912,0.3567,89.75,69.09,58.71
52,1,V1-RSC,expert,10,3,30,5970,0.0956,0.0433,0,81.54,71.87,50.18,18.73,87.83,52.91,87.35,0.5975,0.3807,89.75,69.09,58.71
52,1,V1-RSC,expert,10,-3,-30,5970,0.1053,0.0373,0,81.9,62.08,47.52,22.71,87.83,52.91,87.35,0.6187,0.4336,89.75,69.09,58.71
52,1,V1-RSC,expert,10,4,40,5960,0.1133,0.0496,0,76.61,83.44,44.29,12.75,87.83,52.91,87.35,0.5961,0.4323,89.75,69.09,58.71
52,1,V1-RSC,expert,10,-4,-40,5960,0.1251,0.039,0,73.31,58.14,52.07,24.83,87.83,52.91,87.35,0.6151,0.3768,89.75,69.09,58.71
52,1,V1-RSC,expert,10,5,50,5950,0.1303,0.0509,0,75.77,67.79,49.72,17.07,87.83,52.91,87.35,0.613,0.4479,89.75,69.09,58.71
52,1,V1-RSC,expert,10,-5,-50,5950,0.0856,0.0332,0,82.05,66.43,46.13,20.03,87.83,52.91,87.35,0.604,0.3644,89.75,69.09,58.71
52,1,V1-RSC,expert,10,7,70,5930,0.0948,0.0281,0,78.1,59.87,50.14,23.52,87.83,52.91,87.35,0.6212,0.4271,89.75,69.09,58.71
52,1,V1-RSC,expert,10,-7,-70,5930,0.0945,0.0477,0,88.82,49.95,41.62,27.45,87.83,52.91,87.35,0.6049,0.365,89.75,69.09,58.71
52,1,V1-RSC,expert,10,10,100,5900,0.0968,0.046,0,77.03,30.09,48.01,20.51,87.83,52.91,87.35,0.5597,0.3714,89.75,69.09,58.71
52,1,V1-RSC,expert,10,-10,-100,5900,0.0783,0.0208,0,71.13,80.25,55.37,28.59,87.83,52.91,87.35,0.5996,0.3454,89.75,69.09,58.71
52,1,V1-RSC,expert,10,15,150,5850,0.0819,0.0258,0,75.8,71.32,49.07,15.22,87.83,52.91,87.35,0.6025,0.4372,89.75,69.09,58.71
52,1,V1-RSC,expert,10,-15,-150,5850,0.0716,0.0283,0,87.96,51.78,50.27,30.72,87.83,52.91,87.35,0.615,0.315,89.75,69.09,58.71
52,1,V1-RSC,expert,10,20,200,5800,0.0826,0.0122,0,77.75,70.68,51.75,23.24,87.83,52.91,87.35,0.5748,0.4414,89.75,69.09,58.71
52,1,V1-RSC,expert,10,-20,-200,5800,0.0403,0.0231,0,89.7,88.51,61.93,36.06,87.83,52.91,87.35,0.5826,0.2405,89.75,69.09,58.71
52,1,V1-RSC,expert,10,25,250,5750,0.0811,0.0282,0,73.42,61.36,52.78,30.5,87.83,52.91,87.35,0.5991,0.4103,89.75,69.09,58.71
52,1,V1-RSC,expert,10,-25,-250,5750,0.0643,0.0286,0,86.57,60.81,59.24,20.38,87.83,52.91,87.35,0.5997,0.2603,89.75,69.09,58.71
61,1,CA1-RSC,naive,10,0,0,6000,0.0409,0.0664,0,0.0,0.0,0.0,0.0,89.74,80.01,86.74,0.4463,0.3583,78.81,72.93,85.16
61,1,CA1-RSC,naive,10,1,10,5990,0.009,0.0346,0,44.16,47.98,73.4,74.02,89.74,80.01,86.74,0.4482,0.3801,78.81,72.93,85.16
61,1,CA1-RSC,naive,10,-1,-10,5990,0.0164,0.045,0,67.28,61.14,72.64,82.37,89.74,80.01,86.74,0.4412,0.3878,78.81,72.93,85.16
61,1,CA1-RSC,naive,10,2,20,5980,0.0334,0.0357,0,64.38,55.68,67.5,66.76,89.74,80.01,86.74,0.4643,0.3701,78.81,72.93,85.16
61,1,CA1-RSC,naive,10,-2,-20,5980,0.0171,0.0286,0,81.7,86.67,85.36,83.13,89.74,80.01,86.74,0.4499,0.3527,78.81,72.93,85.16
61,1,CA1-RSC,naive,10,3,30,5970,0.0484,0.0219,0,72.95,54.21,74.03,62.9,89.74,80.01,86.74,0.444,0.3633,78.81,72.93,85.16
61,1,CA1-RSC,naive,10,-3,-30,5970,0.0224,0.0011,0,59.34,50.58,87.68,82.47,89.74,80.01,86.74,0.4455,0.3698,78.81,72.93,85.16
61,1,CA1-RSC,naive,10,4,40,5960,0.0235,0.0156,0,83.07,78.25,85.35,38.05,89.74,80.01,86.74,0.4428,0.3671,78.81,72.93,85.16
61,1,CA1-RSC,naive,10,-4,-40,5960,0.0268,0.0418,0,79.78,85.93,77.61,86.75,89.74,80.01,86.74,0.4642,0.3826,78.81,72.93,85.16
61,1,CA1-RSC,naive,10,5,50,5950,0.0268,0.0216,0,77.85,70.81,89.06,82.96,89.74,80.01,86.74,0.4447,0.3711,78.81,72.93,85.16
61,1,CA1-RSC,naive,10,-5,-50,5950,0.0129,0.019,0,54.57,48.21,27.8,34.15,89.74,80.01,86.74,0.4448,0.3662,78.81,72.93,85.16
61,1,CA1-RSC,naive,10,7,70,5930,0.0124,0.0193,0,49.35,50.27,71.25,73.33,89.74,80.01,86.74,0.4618,0.3884,78.81,72.93,85.16
61,1,CA1-RSC,naive,10,-7,-70,5930,0.0121,0.0439,0,76.81,68.02,85.74,88.04,89.74,80.01,86.74,0.4628,0.3764,78.81,72.93,85.16
61,1,CA1-RSC,naive,10,10,100,5900,0.014,0.0191,0,61.16,60.71,71.58,55.94,89.74,80.01,86.74,0.4415,0.3752,78.81,72.93,85.16
61,1,CA1-RSC,naive,10,-10,-100,5900,0.0272,0.0284,0,83.89,77.21,70.93,79.14,89.74,80.01,86.74,0.4577,0.3801,78.81,72.93,85.16
61,1,CA1-RSC,naive,10,15,150,5850,0.0251,0.0379,0,88.58,76.24,89.77,82.98,89.74,80.01,86.74,0.4521,0.3516,78.81,72.93,85.16
61,1,CA1-RSC,naive,10,-15,-150,5850,0.032,0.0067,0,72.3,63.45,86.4,67.35,89.74,80.01,86.74,0.4456,0.3659,78.81,72.93,85.16
61,1,CA1-RSC,naive,10,20,200,5800,-0.0032,0.0182,0,73.13,79.04,78.83,86.72,89.74,80.01,86.74,0.4403,0.3726,78.81,72.93,85.16
61,1,CA1-RSC,naive,10,-20,-200,5800,0.0153,0.014,0,89.28,89.16,86.73,89.56,89.74,80.01,86.74,0.4571,0.3687,78.81,72.93,85.16
61,1,CA1-RSC,naive,10,25,250,5750,0.0529,0.0231,0,89.01,86.89,81.68,88.43,89.74,80.01,86.74,0.4751,0.3547,78.81,72.93,85.16
61,1,CA1-RSC,naive,10,-25,-250,5750,0.0035,0.0282,0,87.54,82.19,83.04,87.78,89.74,80.01,86.74,0.4486,0.3584,78.81,72.93,85.16
61,1,CA1-CA3,naive,10,0,0,6000,0.0797,0.0423,0,0.0,0.0,0.0,0.0,89.11,89.21,55.24,0.4707,0.4527,83.39,84.81,36.08
61,1,CA1-CA3,naive,10,1,10,5990,0.0221,0.0276,0,82.33,70.1,49.66,51.92,89.11,89.21,55.24,0.4537,0.3998,83.39,84.81,36.08
61,1,CA1-CA3,naive,10,-1,-10,5990,0.1875,0.0716,0,76.68,70.08,18.66,34.9,89.11,89.21,55.24,0.4903,0.4499,83.39,84.81,36.08
61,1,CA1-CA3,naive,10,2,20,5980,0.0773,0.0334,0,89.49,88.85,62.56,76.34,89.11,89.21,55.24,0.4812,0.4184,83.39,84.81,36.08
61,1,CA1-CA3,naive,10,-2,-20,5980,0.2018,0.0646,0,88.49,86.85,20.76,54.0,89.11,89.21,55.24,0.5466,0.4482,83.39,84.81,36.08
61,1,CA1-CA3,naive,10,3,30,5970,0.1347,0.0487,0,82.86,82.8,38.33,75.32,89.11,89.21,55.24,0.5202,0.3794,83.39,84.81,36.08
61,1,CA1-CA3,naive,10,-3,-30,5970,0.129,0.041,0,87.66,61.8,24.6,34.49,89.11,89.21,55.24,0.49,0.4605,83.39,84.81,36.08
61,1,CA1-CA3,naive,10,4,40,5960,0.0363,0.0589,0,77.63,80.38,89.12,82.47,89.11,89.21,55.24,0.5629,0.4903,83.39,84.81,36.08
61,1,CA1-CA3,naive,10,-4,-40,5960,0.0044,0.0303,0,88.39,75.23,79.63,50.04,89.11,89.21,55.24,0.4933,0.3901,83.39,84.81,36.08
61,1,CA1-CA3,naive,10,5,50,5950,0.1136,0.0492,0,84.6,77.18,29.25,53.71,89.11,89.21,55.24,0.5125,0.4563,83.39,84.81,36.08
61,1,CA1-CA3,naive,10,-5,-50,5950,0.0786,0.026,0,85.91,89.67,37.14,72.0,89.11,89.21,55.24,0.4791,0.3807,83.39,84.81,36.08
61,1,CA1-CA3,naive,10,7,70,5930,0.0514,0.0132,0,86.57,84.22,34.08,89.07,89.11,89.21,55.24,0.4841,0.4546,83.39,84.81,36.08
61,1,CA1-CA3,naive,10,-7,-70,5930,0.0376,0.0276,0,85.47,72.23,35.44,46.22,89.11,89.21,55.24,0.4711,0.3775,83.39,84.81,36.08
61,1,CA1-CA3,naive,10,10,100,5900,0.0769,0.0435,0,87.56,71.59,45.38,83.24,89.11,89.21,55.24,0.4789,0.41,83.39,84.81,36.08
61,1,CA1-CA3,naive,10,-10,-100,5900,0.0384,0.036,0,79.58,75.23,49.22,46.25,89.11,89.21,55.24,0.4901,0.5767,83.39,84.81,36.08
61,1,CA1-CA3,naive,10,15,150,5850,0.0028,-0.003,0,89.46,87.7,84.65,86.92,89.11,89.21,55.24,0.4722,0.3992,83.39,84.81,36.08
61,1,CA1-CA3,naive,10,-15,-150,5850,0.0984,0.0392,0,88.56,86.22,30.17,44.24,89.11,89.21,55.24,0.5007,0.4059,83.39,84.81,36.08
61,1,CA1-CA3,naive,10,20,200,5800,0.053,0.0239,0,85.41,83.93,25.19,75.74,89.11,89.21,55.24,0.4644,0.3567,83.39,84.81,36.08
61,1,CA1-CA3,naive,10,-20,-200,5800,0.0066,-0.0093,0,67.32,87.57,59.05,59.81,89.11,89.21,55.24,0.4568,0.3753,83.39,84.81,36.08
61,1,CA1-CA3,naive,10,25,250,5750,0.0157,0.0162,0,87.04,67.31,78.24,49.75,89.11,89.21,55.24,0.465,0.3159,83.39,84.81,36.08
61,1,CA1-CA3,naive,10,-25,-250,5750,-0.0027,0.02,0,81.5,82.83,86.39,49.34,89.11,89.21,55.24,0.4674,0.295,83.39,84.81,36.08
61,1,CA1-DG,naive,10,0,0,6000,0.158,0.0613,0,0.0,0.0,0.0,0.0,86.33,79.64,52.87,0.4784,0.3309,83.65,87.04,86.57
61,1,CA1-DG,naive,10,1,10,5990,0.1142,0.029,0,81.83,65.37,34.47,41.82,86.33,79.64,52.87,0.48,0.3755,83.65,87.04,86.57
61,1,CA1-DG,naive,10,-1,-10,5990,0.1131,0.039,0,79.93,83.56,22.23,21.18,86.33,79.64,52.87,0.5027,0.4037,83.65,87.04,86.57
61,1,CA1-DG,naive,10,2,20,5980,0.0285,0.0312,0,84.82,82.04,67.87,73.15,86.33,79.64,52.87,0.4579,0.3241,83.65,87.04,86.57
61,1,CA1-DG,naive,10,-2,-20,5980,0.0197,0.0075,0,84.27,81.12,38.62,39.7,86.33,79.64,52.87,0.4643,0.325,83.65,87.04,86.57
61,1,CA1-DG,naive,10,3,30,5970,0.0209,0.0193,0,86.39,82.81,60.47,71.66,86.33,79.64,52.87,0.4654,0.3668,83.65,87.04,86.57
61,1,CA1-DG,naive,10,-3,-30,5970,0.0603,0.0225,0,82.49,65.76,46.81,82.34,86.33,79.64,52.87,0.4752,0.4033,83.65,87.04,86.57
61,1,CA1-DG,naive,10,4,40,5960,0.0141,-0.0032,0,79.99,88.72,89.57,82.51,86.33,79.64,52.87,0.4994,0.3945,83.65,87.04,86.57
61,1,CA1-DG,naive,10,-4,-40,5960,0.0267,0.0298,0,85.47,83.14,51.32,78.48,86.33,79.64,52.87,0.4694,0.3633,83.65,87.04,86.57
61,1,CA1-DG,naive,10,5,50,5950,-0.0065,-0.0023,0,89.16,83.72,85.61,86.28,86.33,79.64,52.87,0.4685,0.3931,83.65,87.04,86.57
61,1,CA1-DG,naive,10,-5,-50,5950,-0.0211,-0.0106,0,86.53,73.78,46.59,65.89,86.33,79.64,52.87,0.4595,0.3024,83.65,87.04,86.57
61,1,CA1-DG,naive,10,7,70,5930,0.0538,0.021,0,81.75,85.83,58.61,68.11,86.33,79.64,52.87,0.462,0.4897,83.65,87.04,86.57
61,1,CA1-DG,naive,10,-7,-70,5930,0.0265,0.0301,0,84.89,89.63,47.61,46.27,86.33,79.64,52.87,0.4661,0.3631,83.65,87.04,86.57
61,1,CA1-DG,naive,10,10,100,5900,0.0137,0.0306,0,84.12,83.84,52.56,88.73,86.33,79.64,52.87,0.4591,0.4323,83.65,87.04,86.57
61,1,CA1-DG,naive,10,-10,-100,5900,0.0002,0.0029,0,85.33,84.25,89.5,68.48,86.33,79.64,52.87,0.4782,0.311,83.65,87.04,86.57
61,1,CA1-DG,naive,10,15,150,5850,0.0424,0.0125,0,84.67,80.89,39.51,33.54,86.33,79.64,52.87,0.4462,0.4303,83.65,87.04,86.57
61,1,CA1-DG,naive,10,-15,-150,5850,0.0362,0.0158,0,74.6,80.0,51.96,49.72,86.33,79.64,52.87,0.4537,0.3308,83.65,87.04,86.57
61,1,CA1-DG,naive,10,20,200,5800,-0.0152,0.0042,0,82.9,83.42,69.2,62.47,86.33,79.64,52.87,0.4744,0.4337,83.65,87.04,86.57
61,1,CA1-DG,naive,10,-20,-200,5800,0.0084,0.0052,0,89.07,79.91,55.69,56.93,86.33,79.64,52.87,0.4597,0.2993,83.65,87.04,86.57
61,1,CA1-DG,naive,10,25,250,5750,0.0247,0.019,0,87.57,82.98,54.08,79.44,86.33,79.64,52.87,0.4743,0.4066,83.65,87.04,86.57
61,1,CA1-DG,naive,10,-25,-250,5750,-0.0084,0.0066,0,77.88,86.34,73.85,83.6,86.33,79.64,52.87,0.451,0.3366,83.65,87.04,86.57
61,1,CA1-V1,naive,10,0,0,6000,0.4863,0.3611,7,0.0,0.0,0.0,0.0,89.13,84.31,86.2,0.4669,0.5123,81.22,86.02,74.73
61,1,CA1-V1,naive,10,1,10,5990,-0.0424,0.0147,7,88.13,71.55,65.86,89.52,89.13,84.31,86.2,0.4588,0.5045,81.22,86.02,74.73
61,1,CA1-V1,naive,10,-1,-10,5990,0.0298,0.0307,7,87.5,80.38,68.6,73.01,89.13,84.31,86.2,0.4536,0.5115,81.22,86.02,74.73
61,1,CA1-V1,naive,10,2,20,5980,-0.0075,0.0093,7,81.38,84.44,83.52,86.02,89.13,84.31,86.2,0.4463,0.5151,81.22,86.02,74.73
61,1,CA1-V1,naive,10,-2,-20,5980,0.0065,0.0095,7,67.5,67.62,74.45,83.52,89.13,84.31,86.2,0.4665,0.526,81.22,86.02,74.73
61,1,CA1-V1,naive,10,3,30,5970,0.0061,0.0012,7,88.18,80.96,73.58,77.04,89.13,84.31,86.2,0.4582,0.5432,81.22,86.02,74.73
61,1,CA1-V1,naive,10,-3,-30,5970,0.0112,0.0153,7,79.47,88.0,52.35,76.69,89.13,84.31,86.2,0.4474,0.5085,81.22,86.02,74.73
61,1,CA1-V1,naive,10,4,40,5960,-0.0116,0.0076,7,86.87,88.12,83.75,77.77,89.13,84.31,86.2,0.4344,0.5115,81.22,86.02,74.73
61,1,CA1-V1,naive,10,-4,-40,5960,-0.0069,0.0018,7,70.42,80.8,40.78,78.39,89.13,84.31,86.2,0.47,0.5179,81.22,86.02,74.73
61,1,CA1-V1,naive,10,5,50,5950,0.0004,0.0052,7,81.92,87.63,74.89,86.23,89.13,84.31,86.2,0.4381,0.5108,81.22,86.02,74.73
61,1,CA1-V1,naive,10,-5,-50,5950,-0.0034,-0.01,7,75.23,83.52,57.06,84.98,89.13,84.31,86.2,0.4645,0.5175,81.22,86.02,74.73
61,1,CA1-V1,naive,10,7,70,5930,0.0349,0.0046,7,73.62,81.2,75.54,65.92,89.13,84.31,86.2,0.4492,0.5191,81.22,86.02,74.73
61,1,CA1-V1,naive,10,-7,-70,5930,0.0058,0.0182,7,66.58,63.65,52.55,56.54,89.13,84.31,86.2,0.4449,0.524,81.22,86.02,74.73
61,1,CA1-V1,naive,10,10,100,5900,0.0014,0.0087,7,76.79,76.19,76.11,78.24,89.13,84.31,86.2,0.4523,0.5074,81.22,86.02,74.73
61,1,CA1-V1,naive,10,-10,-100,5900,0.0249,0.009,7,83.32,85.12,75.67,77.32,89.13,84.31,86.2,0.4496,0.511,81.22,86.02,74.73
61,1,CA1-V1,naive,10,15,150,5850,0.0016,0.0084,7,57.04,72.26,39.44,55.25,89.13,84.31,86.2,0.4593,0.522,81.22,86.02,74.73
61,1,CA1-V1,naive,10,-15,-150,5850,0.0007,0.0097,7,83.53,78.58,83.52,76.71,89.13,84.31,86.2,0.4512,0.5226,81.22,86.02,74.73
61,1,CA1-V1,naive,10,20,200,5800,-0.0018,-0.0025,7,88.27,88.23,81.06,62.81,89.13,84.31,86.2,0.4772,0.5432,81.22,86.02,74.73
61,1,CA1-V1,naive,10,-20,-200,5800,0.0244,0.0021,7,77.7,84.51,42.88,65.05,89.13,84.31,86.2,0.4456,0.5097,81.22,86.02,74.73
61,1,CA1-V1,naive,10,25,250,5750,-0.0037,-0.0098,7,84.44,84.3,49.71,64.16,89.13,84.31,86.2,0.4638,0.5487,81.22,86.02,74.73
61,1,CA1-V1,naive,10,-25,-250,5750,0.0209,0.0203,7,85.12,89.87,84.65,83.79,89.13,84.31,86.2,0.4485,0.5198,81.22,86.02,74.73
61,1,CA3-DG,naive,10,0,0,6000,0.2384,0.2142,2,0.0,0.0,0.0,0.0,89.3,73.39,83.23,0.4098,0.4648,84.75,82.15,65.26
61,1,CA3-DG,naive,10,1,10,5990,0.1022,0.0501,2,89.14,83.28,34.33,31.82,89.3,73.39,83.23,0.3882,0.4053,84.75,82.15,65.26
61,1,CA3-DG,naive,10,-1,-10,5990,0.1959,0.1278,2,73.29,84.82,53.34,37.51,89.3,73.39,83.23,0.4314,0.5053,84.75,82.15,65.26
61,1,CA3-DG,naive,10,2,20,5980,0.0839,0.051,2,88.68,89.05,33.41,44.12,89.3,73.39,83.23,0.3548,0.3872,84.75,82.15,65.26
61,1,CA3-DG,naive,10,-2,-20,5980,0.0944,0.0511,2,75.12,68.43,84.51,43.21,89.3,73.39,83.23,0.3846,0.4125,84.75,82.15,65.26
61,1,CA3-DG,naive,10,3,30,5970,0.074,0.0368,2,75.64,81.18,60.16,84.33,89.3,73.39,83.23,0.3908,0.3902,84.75,82.15,65.26
61,1,CA3-DG,naive,10,-3,-30,5970,0.1119,0.0697,2,71.02,77.12,67.38,84.63,89.3,73.39,83.23,0.4126,0.4828,84.75,82.15,65.26
61,1,CA3-DG,naive,10,4,40,5960,0.0569,0.0418,2,82.76,89.44,43.92,80.95,89.3,73.39,83.23,0.3758,0.3408,84.75,82.15,65.26
61,1,CA3-DG,naive,10,-4,-40,5960,0.0363,0.0526,2,86.92,71.55,80.87,85.37,89.3,73.39,83.23,0.3198,0.3842,84.75,82.15,65.26
61,1,CA3-DG,naive,10,5,50,5950,0.016,0.0314,2,81.54,81.32,85.75,81.38,89.3,73.39,83.23,0.4737,0.4388,84.75,82.15,65.26
61,1,CA3-DG,naive,10,-5,-50,5950,0.0592,0.0356,2,88.43,70.37,54.31,75.69,89.3,73.39,83.23,0.3795,0.3767,84.75,82.15,65.26
61,1,CA3-DG,naive,10,7,70,5930,0.0998,0.0426,2,84.36,86.79,68.45,68.36,89.3,73.39,83.23,0.396,0.5508,84.75,82.15,65.26
61,1,CA3-DG,naive,10,-7,-70,5930,0.0884,0.0428,2,83.69,81.27,73.11,43.8,89.3,73.39,83.23,0.381,0.4296,84.75,82.15,65.26
61,1,CA3-DG,naive,10,10,100,5900,0.0249,0.021,2,84.17,78.91,42.56,83.99,89.3,73.39,83.23,0.3415,0.4304,84.75,82.15,65.26
61,1,CA3-DG,naive,10,-10,-100,5900,0.0042,0.015,2,81.8,87.01,88.27,89.59,89.3,73.39,83.23,0.3892,0.3404,84.75,82.15,65.26
61,1,CA3-DG,naive,10,15,150,5850,0.0669,0.0387,2,73.25,77.5,69.58,67.73,89.3,73.39,83.23,0.384,0.5153,84.75,82.15,65.26
61,1,CA3-DG,naive,10,-15,-150,5850,0.0613,0.031,2,78.43,88.78,52.52,33.38,89.3,73.39,83.23,0.3672,0.3993,84.75,82.15,65.26
61,1,CA3-DG,naive,10,20,200,5800,0.0471,0.0201,2,83.3,83.97,82.39,45.03,89.3,73.39,83.23,0.4012,0.4788,84.75,82.15,65.26
61,1,CA3-DG,naive,10,-20,-200,5800,0.0349,0.0327,2,74.87,68.88,62.75,41.92,89.3,73.39,83.23,0.3801,0.3321,84.75,82.15,65.26
61,1,CA3-DG,naive,10,25,250,5750,0.022,0.0135,2,82.74,80.8,55.45,71.11,89.3,73.39,83.23,0.3407,0.4783,84.75,82.15,65.26
61,1,CA3-DG,naive,10,-25,-250,5750,-0.0029,0.0479,2,87.26,85.64,54.35,87.66,89.3,73.39,83.23,0.3882,0.292,84.75,82.15,65.26
61,1,V1-RSC,naive,10,0,0,6000,0.4309,0.3181,2,0.0,0.0,0.0,0.0,76.98,78.6,44.38,0.4808,0.3517,61.38,51.94,34.05
61,1,V1-RSC,naive,10,1,10,5990,0.2595,0.1832,2,47.16,38.58,15.59,12.44,76.98,78.6,44.38,0.486,0.3625,61.38,51.94,34.05
61,1,V1-RSC,naive,10,-1,-10,5990,0.2274,0.1614,2,57.97,50.2,21.84,22.58,76.98,78.6,44.38,0.4836,0.364,61.38,51.94,34.05
61,1,V1-RSC,naive,10,2,20,5980,0.2199,0.1193,2,50.71,39.54,21.9,17.28,76.98,78.6,44.38,0.5058,0.3981,61.38,51.94,34.05
61,1,V1-RSC,naive,10,-2,-20,5980,0.2366,0.1255,2,86.72,80.02,22.66,22.49,76.98,78.6,44.38,0.5165,0.4052,61.38,51.94,34.05
61,1,V1-RSC,naive,10,3,30,5970,0.1757,0.1254,2,51.38,42.05,25.26,15.09,76.98,78.6,44.38,0.4827,0.366,61.38,51.94,34.05
61,1,V1-RSC,naive,10,-3,-30,5970,0.1853,0.1099,2,82.98,66.24,31.56,22.77,76.98,78.6,44.38,0.4876,0.3718,61.38,51.94,34.05
61,1,V1-RSC,naive,10,4,40,5960,0.1803,0.1231,2,57.64,46.19,27.91,12.41,76.98,78.6,44.38,0.4815,0.3696,61.38,51.94,34.05
61,1,V1-RSC,naive,10,-4,-40,5960,0.1718,0.1148,2,55.93,45.56,27.32,20.14,76.98,78.6,44.38,0.5044,0.3958,61.38,51.94,34.05
61,1,V1-RSC,naive,10,5,50,5950,0.2033,0.1347,2,53.82,51.93,26.8,12.72,76.98,78.6,44.38,0.4999,0.3684,61.38,51.94,34.05
61,1,V1-RSC,naive,10,-5,-50,5950,0.1671,0.118,2,43.25,53.49,22.89,17.7,76.98,78.6,44.38,0.5205,0.3979,61.38,51.94,34.05
61,1,V1-RSC,naive,10,7,70,5930,0.2174,0.1342,2,56.29,43.95,23.87,14.14,76.98,78.6,44.38,0.4993,0.3837,61.38,51.94,34.05
61,1,V1-RSC,naive,10,-7,-70,5930,0.1677,0.097,2,56.0,52.2,44.11,32.49,76.98,78.6,44.38,0.4941,0.3702,61.38,51.94,34.05
61,1,V1-RSC,naive,10,10,100,5900,0.2055,0.1277,2,47.12,37.94,29.95,14.85,76.98,78.6,44.38,0.5084,0.3817,61.38,51.94,34.05
61,1,V1-RSC,naive,10,-10,-100,5900,0.176,0.1072,2,66.27,54.05,24.81,17.34,76.98,78.6,44.38,0.5119,0.3804,61.38,51.94,34.05
61,1,V1-RSC,naive,10,15,150,5850,0.2238,0.132,2,65.64,52.47,34.33,20.86,76.98,78.6,44.38,0.5009,0.3722,61.38,51.94,34.05
61,1,V1-RSC,naive,10,-15,-150,5850,0.1487,0.1007,2,55.69,51.61,43.27,42.64,76.98,78.6,44.38,0.509,0.3754,61.38,51.94,34.05
61,1,V1-RSC,naive,10,20,200,5800,0.1981,0.1013,2,79.6,81.46,36.85,22.53,76.98,78.6,44.38,0.5051,0.3777,61.38,51.94,34.05
61,1,V1-RSC,naive,10,-20,-200,5800,0.1699,0.0942,2,63.28,47.69,37.4,31.67,76.98,78.6,44.38,0.5113,0.3825,61.38,51.94,34.05
61,1,V1-RSC,naive,10,25,250,5750,0.1992,0.1079,2,57.09,58.88,41.91,28.07,76.98,78.6,44.38,0.5039,0.3874,61.38,51.94,34.05
61,1,V1-RSC,naive,10,-25,-250,5750,0.1443,0.0886,2,70.94,55.39,35.41,25.17,76.98,78.6,44.38,0.5019,0.3593,61.38,51.94,34.05
61,1,CA1-RSC,intermediate,10,0,0,6000,0.2429,0.2129,3,0.0,0.0,0.0,0.0,85.59,82.83,89.51,0.5066,0.3961,88.69,86.36,66.03
61,1,CA1-RSC,intermediate,10,1,10,5990,0.1262,0.074,3,57.39,69.31,44.19,46.17,85.59,82.83,89.51,0.5258,0.4138,88.69,86.36,66.03
61,1,CA1-RSC,intermediate,10,-1,-10,5990,0.0717,0.0634,3,87.37,81.0,61.66,65.99,85.59,82.83,89.51,0.5038,0.4019,88.69,86.36,66.03
61,1,CA1-RSC,intermediate,10,2,20,5980,0.0124,0.0176,3,86.39,61.01,89.47,65.74,85.59,82.83,89.51,0.5198,0.4029,88.69,86.36,66.03
61,1,CA1-RSC,intermediate,10,-2,-20,5980,0.026,0.0217,3,88.81,80.67,88.99,88.85,85.59,82.83,89.51,0.5216,0.3974,88.69,86.36,66.03
61,1,CA1-RSC,intermediate,10,3,30,5970,0.0041,0.012,3,73.22,72.41,56.7,81.51,85.59,82.83,89.51,0.5077,0.3913,88.69,86.36,66.03
61,1,CA1-RSC,intermediate,10,-3,-30,5970,0.0108,0.0167,3,88.96,81.45,79.65,68.25,85.59,82.83,89.51,0.4954,0.397,88.69,86.36,66.03
61,1,CA1-RSC,intermediate,10,4,40,5960,0.0448,0.0443,3,80.57,85.99,60.22,88.64,85.59,82.83,89.51,0.5118,0.3833,88.69,86.36,66.03
61,1,CA1-RSC,intermediate,10,-4,-40,5960,0.0001,0.0208,3,79.82,69.94,87.86,72.14,85.59,82.83,89.51,0.5203,0.3805,88.69,86.36,66.03
61,1,CA1-RSC,intermediate,10,5,50,5950,0.0236,0.0255,3,84.43,76.18,87.29,62.19,85.59,82.83,89.51,0.509,0.3906,88.69,86.36,66.03
61,1,CA1-RSC,intermediate,10,-5,-50,5950,0.0294,0.0234,3,86.78,88.45,73.26,78.93,85.59,82.83,89.51,0.4994,0.4025,88.69,86.36,66.03
61,1,CA1-RSC,intermediate,10,7,70,5930,-0.014,0.0075,3,83.82,84.98,75.11,89.14,85.59,82.83,89.51,0.4963,0.4007,88.69,86.36,66.03
61,1,CA1-RSC,intermediate,10,-7,-70,5930,0.0198,0.014,3,89.1,67.74,67.53,78.49,85.59,82.83,89.51,0.5081,0.3954,88.69,86.36,66.03
61,1,CA1-RSC,intermediate,10,10,100,5900,0.0185,0.0235,3,81.93,77.02,89.56,84.12,85.59,82.83,89.51,0.5053,0.3925,88.69,86.36,66.03
61,1,CA1-RSC,intermediate,10,-10,-100,5900,0.0436,0.0181,3,85.53,73.9,57.22,87.4,85.59,82.83,89.51,0.5023,0.396,88.69,86.36,66.03
61,1,CA1-RSC,intermediate,10,15,150,5850,0.0019,0.0105,3,84.63,83.09,87.17,83.21,85.59,82.83,89.51,0.5076,0.4148,88.69,86.36,66.03
61,1,CA1-RSC,intermediate,10,-15,-150,5850,0.0325,0.0177,3,77.91,83.15,76.67,85.16,85.59,82.83,89.51,0.504,0.3869,88.69,86.36,66.03
61,1,CA1-RSC,intermediate,10,20,200,5800,0.0363,0.0115,3,76.83,86.45,61.25,84.8,85.59,82.83,89.51,0.5185,0.3986,88.69,86.36,66.03
61,1,CA1-RSC,intermediate,10,-20,-200,5800,-0.0178,0.0024,3,87.45,77.37,68.51,69.39,85.59,82.83,89.51,0.4971,0.391,88.69,86.36,66.03
61,1,CA1-RSC,intermediate,10,25,250,5750,0.0433,0.0007,3,85.51,71.29,83.82,84.24,85.59,82.83,89.51,0.5226,0.4132,88.69,86.36,66.03
61,1,CA1-RSC,intermediate,10,-25,-250,5750,0.0328,0.0126,3,79.98,74.68,78.35,65.44,85.59,82.83,89.51,0.5125,0.4091,88.69,86.36,66.03
61,1,CA1-CA3,intermediate,10,0,0,6000,0.2993,0.1245,1,0.0,0.0,0.0,0.0,82.03,87.86,37.24,0.5354,0.3382,86.11,89.9,78.75
61,1,CA1-CA3,intermediate,10,1,10,5990,0.1276,0.0749,1,88.04,87.45,36.74,56.72,82.03,87.86,37.24,0.5326,0.3431,86.11,89.9,78.75
61,1,CA1-CA3,intermediate,10,-1,-10,5990,0.106,0.0465,1,83.43,82.53,25.67,31.55,82.03,87.86,37.24,0.5588,0.3579,86.11,89.9,78.75
61,1,CA1-CA3,intermediate,10,2,20,5980,0.1097,0.06,1,84.02,76.61,55.94,79.66,82.03,87.86,37.24,0.5878,0.378,86.11,89.9,78.75
61,1,CA1-CA3,intermediate,10,-2,-20,5980,0.13,0.0474,1,85.68,85.17,33.97,40.32,82.03,87.86,37.24,0.5863,0.4195,86.11,89.9,78.75
61,1,CA1-CA3,intermediate,10,3,30,5970,0.0914,0.0574,1,85.49,88.8,66.49,66.78,82.03,87.86,37.24,0.5637,0.3411,86.11,89.9,78.75
61,1,CA1-CA3,intermediate,10,-3,-30,5970,0.0729,0.0455,1,81.73,84.86,33.86,64.83,82.03,87.86,37.24,0.543,0.3415,86.11,89.9,78.75
61,1,CA1-CA3,intermediate,10,4,40,5960,0.0803,0.0391,1,89.72,85.14,63.17,40.92,82.03,87.86,37.24,0.5433,0.3447,86.11,89.9,78.75
61,1,CA1-CA3,intermediate,10,-4,-40,5960,0.0557,0.0276,1,87.15,84.85,58.55,52.18,82.03,87.86,37.24,0.5332,0.3348,86.11,89.9,78.75
61,1,CA1-CA3,intermediate,10,5,50,5950,0.0928,0.035,1,84.99,88.24,54.71,44.81,82.03,87.86,37.24,0.5441,0.3726,86.11,89.9,78.75
61,1,CA1-CA3,intermediate,10,-5,-50,5950,0.0418,0.0312,1,87.86,80.63,75.97,58.59,82.03,87.86,37.24,0.5224,0.3103,86.11,89.9,78.75
61,1,CA1-CA3,intermediate,10,7,70,5930,0.0439,0.0101,1,82.16,75.14,32.83,46.74,82.03,87.86,37.24,0.5264,0.2811,86.11,89.9,78.75
61,1,CA1-CA3,intermediate,10,-7,-70,5930,0.0549,0.0164,1,69.01,76.71,49.1,62.48,82.03,87.86,37.24,0.5445,0.323,86.11,89.9,78.75
61,1,CA1-CA3,intermediate,10,10,100,5900,0.022,0.0227,1,86.27,75.28,82.12,82.36,82.03,87.86,37.24,0.52,0.294,86.11,89.9,78.75
61,1,CA1-CA3,intermediate,10,-10,-100,5900,0.0534,0.0304,1,75.07,82.84,60.78,48.6,82.03,87.86,37.24,0.5522,0.3366,86.11,89.9,78.75
61,1,CA1-CA3,intermediate,10,15,150,5850,0.0229,-0.0026,1,77.73,89.12,72.73,82.79,82.03,87.86,37.24,0.542,0.311,86.11,89.9,78.75
61,1,CA1-CA3,intermediate,10,-15,-150,5850,0.0837,0.0358,1,82.23,73.47,43.49,31.83,82.03,87.86,37.24,0.5428,0.3462,86.11,89.9,78.75
61,1,CA1-CA3,intermediate,10,20,200,5800,0.0266,0.0179,1,75.5,82.46,57.66,53.09,82.03,87.86,37.24,0.5128,0.3048,86.11,89.9,78.75
61,1,CA1-CA3,intermediate,10,-20,-200,5800,0.0083,0.014,1,81.98,86.92,79.14,76.29,82.03,87.86,37.24,0.4962,0.2917,86.11,89.9,78.75
61,1,CA1-CA3,intermediate,10,25,250,5750,0.0189,0.0011,1,86.03,89.97,83.43,62.15,82.03,87.86,37.24,0.5048,0.3119,86.11,89.9,78.75
61,1,CA1-CA3,intermediate,10,-25,-250,5750,0.0454,0.0221,1,89.65,86.8,70.72,64.63,82.03,87.86,37.24,0.5302,0.296,86.11,89.9,78.75
61,1,CA1-DG,intermediate,10,0,0,6000,0.0425,0.0698,1,0.0,0.0,0.0,0.0,82.98,88.31,89.64,0.533,0.3623,81.11,87.19,85.69
61,1,CA1-DG,intermediate,10,1,10,5990,0.0139,0.0114,1,84.29,85.46,81.06,89.31,82.98,88.31,89.64,0.5226,0.3126,81.11,87.19,85.69
61,1,CA1-DG,intermediate,10,-1,-10,5990,0.0271,0.0164,1,76.62,60.81,81.62,82.7,82.98,88.31,89.64,0.5343,0.3209,81.11,87.19,85.69
61,1,CA1-DG,intermediate,10,2,20,5980,-0.0098,0.0006,1,87.7,83.88,84.17,82.31,82.98,88.31,89.64,0.5337,0.3758,81.11,87.19,85.69
61,1,CA1-DG,intermediate,10,-2,-20,5980,-0.0024,-0.0088,1,86.95,79.64,88.5,76.29,82.98,88.31,89.64,0.5228,0.3369,81.11,87.19,85.69
61,1,CA1-DG,intermediate,10,3,30,5970,0.0087,0.0189,1,87.18,89.61,89.25,81.98,82.98,88.31,89.64,0.5112,0.3423,81.11,87.19,85.69
61,1,CA1-DG,intermediate,10,-3,-30,5970,-0.0079,0.0105,1,87.39,85.92,87.35,89.19,82.98,88.31,89.64,0.5365,0.3721,81.11,87.19,85.69
61,1,CA1-DG,intermediate,10,4,40,5960,-0.0049,0.0113,1,75.66,76.07,68.77,89.81,82.98,88.31,89.64,0.5317,0.3613,81.11,87.19,85.69
61,1,CA1-DG,intermediate,10,-4,-40,5960,0.0468,0.028,1,86.34,79.66,89.65,75.82,82.98,88.31,89.64,0.5355,0.3314,81.11,87.19,85.69
61,1,CA1-DG,intermediate,10,5,50,5950,0.022,0.0252,1,85.37,85.81,87.39,79.04,82.98,88.31,89.64,0.5328,0.3981,81.11,87.19,85.69
61,1,CA1-DG,intermediate,10,-5,-50,5950,0.0572,0.0264,1,87.35,77.22,84.22,74.41,82.98,88.31,89.64,0.536,0.3379,81.11,87.19,85.69
61,1,CA1-DG,intermediate,10,7,70,5930,0.0002,0.0068,1,81.21,86.84,72.14,75.11,82.98,88.31,89.64,0.5271,0.2875,81.11,87.19,85.69
61,1,CA1-DG,intermediate,10,-7,-70,5930,0.002,0.0147,1,89.1,89.96,89.98,71.5,82.98,88.31,89.64,0.542,0.3903,81.11,87.19,85.69
61,1,CA1-DG,intermediate,10,10,100,5900,0.0191,0.0121,1,86.73,80.01,84.78,59.52,82.98,88.31,89.64,0.517,0.3486,81.11,87.19,85.69
61,1,CA1-DG,intermediate,10,-10,-100,5900,0.0042,-0.0086,1,79.26,86.75,87.25,70.95,82.98,88.31,89.64,0.5209,0.2772,81.11,87.19,85.69
61,1,CA1-DG,intermediate,10,15,150,5850,0.0049,0.0039,1,89.44,87.94,88.83,89.74,82.98,88.31,89.64,0.5361,0.311,81.11,87.19,85.69
61,1,CA1-DG,intermediate,10,-15,-150,5850,0.045,0.0113,1,84.82,84.38,87.35,73.12,82.98,88.31,89.64,0.5137,0.3855,81.11,87.19,85.69
61,1,CA1-DG,intermediate,10,20,200,5800,-0.0005,0.0126,1,86.02,80.28,65.61,82.32,82.98,88.31,89.64,0.5172,0.3704,81.11,87.19,85.69
61,1,CA1-DG,intermediate,10,-20,-200,5800,-0.0041,-0.0018,1,84.65,84.15,87.68,69.53,82.98,88.31,89.64,0.5276,0.3328,81.11,87.19,85.69
61,1,CA1-DG,intermediate,10,25,250,5750,0.0063,0.0022,1,85.27,87.45,88.72,85.9,82.98,88.31,89.64,0.5206,0.3265,81.11,87.19,85.69
61,1,CA1-DG,intermediate,10,-25,-250,5750,0.0176,0.0061,1,87.19,84.5,79.1,84.79,82.98,88.31,89.64,0.5178,0.3154,81.11,87.19,85.69
61,1,CA1-V1,intermediate,10,0,0,6000,0.5293,0.1497,10,0.0,0.0,0.0,0.0,87.16,86.46,72.83,0.5081,0.4726,81.62,82.72,86.03
61,1,CA1-V1,intermediate,10,1,10,5990,0.1327,0.0652,10,88.86,87.44,85.14,87.02,87.16,86.46,72.83,0.501,0.4627,81.62,82.72,86.03
61,1,CA1-V1,intermediate,10,-1,-10,5990,-0.0326,0.0197,10,47.15,42.0,60.36,55.66,87.16,86.46,72.83,0.507,0.4584,81.62,82.72,86.03
61,1,CA1-V1,intermediate,10,2,20,5980,0.0317,0.0151,10,85.69,86.16,75.92,73.73,87.16,86.46,72.83,0.5277,0.4733,81.62,82.72,86.03
61,1,CA1-V1,intermediate,10,-2,-20,5980,-0.0033,0.0054,10,49.59,62.72,63.39,58.35,87.16,86.46,72.83,0.5151,0.444,81.62,82.72,86.03
61,1,CA1-V1,intermediate,10,3,30,5970,0.0005,0.0056,10,49.4,53.64,64.69,73.36,87.16,86.46,72.83,0.5261,0.4965,81.62,82.72,86.03
61,1,CA1-V1,intermediate,10,-3,-30,5970,0.0235,0.0107,10,86.32,85.31,52.35,47.56,87.16,86.46,72.83,0.506,0.4525,81.62,82.72,86.03
61,1,CA1-V1,intermediate,10,4,40,5960,0.0115,0.0009,10,57.24,52.48,64.57,62.79,87.16,86.46,72.83,0.4958,0.4594,81.62,82.72,86.03
61,1,CA1-V1,intermediate,10,-4,-40,5960,0.0095,0.0132,10,85.65,67.64,73.32,56.73,87.16,86.46,72.83,0.5228,0.4594,81.62,82.72,86.03
61,1,CA1-V1,intermediate,10,5,50,5950,-0.003,0.0113,10,63.67,71.61,69.07,71.03,87.16,86.46,72.83,0.5116,0.4712,81.62,82.72,86.03
61,1,CA1-V1,intermediate,10,-5,-50,5950,0.0075,0.0089,10,78.42,87.47,53.54,62.4,87.16,86.46,72.83,0.5128,0.4589,81.62,82.72,86.03
61,1,CA1-V1,intermediate,10,7,70,5930,0.0056,0.0028,10,84.42,74.66,63.63,62.64,87.16,86.46,72.83,0.5148,0.4668,81.62,82.72,86.03
61,1,CA1-V1,intermediate,10,-7,-70,5930,0.016,0.0075,10,89.96,85.47,48.98,58.86,87.16,86.46,72.83,0.5093,0.4712,81.62,82.72,86.03
61,1,CA1-V1,intermediate,10,10,100,5900,0.0276,0.0086,10,73.68,80.32,50.71,48.79,87.16,86.46,72.83,0.5126,0.4973,81.62,82.72,86.03
61,1,CA1-V1,intermediate,10,-10,-100,5900,0.0138,0.0105,10,85.62,88.94,54.53,74.64,87.16,86.46,72.83,0.519,0.4759,81.62,82.72,86.03
61,1,CA1-V1,intermediate,10,15,150,5850,0.0282,0.0044,10,87.13,77.69,52.41,71.53,87.16,86.46,72.83,0.5011,0.484,81.62,82.72,86.03
61,1,CA1-V1,intermediate,10,-15,-150,5850,0.07,0.0318,10,89.4,87.2,39.65,43.69,87.16,86.46,72.83,0.5019,0.4498,81.62,82.72,86.03
61,1,CA1-V1,intermediate,10,20,200,5800,0.0022,0.0106,10,82.84,86.79,47.75,54.33,87.16,86.46,72.83,0.4999,0.4669,81.62,82.72,86.03
61,1,CA1-V1,intermediate,10,-20,-200,5800,0.0152,-0.0008,10,82.52,83.42,71.77,63.54,87.16,86.46,72.83,0.5034,0.4823,81.62,82.72,86.03
61,1,CA1-V1,intermediate,10,25,250,5750,-0.0022,0.0025,10,78.42,86.81,82.83,86.22,87.16,86.46,72.83,0.5176,0.5096,81.62,82.72,86.03
61,1,CA1-V1,intermediate,10,-25,-250,5750,-0.0013,0.0013,10,80.68,86.8,80.12,81.95,87.16,86.46,72.83,0.4948,0.4617,81.62,82.72,86.03
61,1,CA3-DG,intermediate,10,0,0,6000,0.3826,0.2395,1,0.0,0.0,0.0,0.0,86.2,86.87,52.53,0.4783,0.4982,86.99,83.07,64.48
61,1,CA3-DG,intermediate,10,1,10,5990,0.0941,0.1157,1,53.96,41.89,70.73,67.64,86.2,86.87,52.53,0.4559,0.4499,86.99,83.07,64.48
61,1,CA3-DG,intermediate,10,-1,-10,5990,0.0956,0.1681,1,81.94,87.08,69.49,47.07,86.2,86.87,52.53,0.5052,0.4387,86.99,83.07,64.48
61,1,CA3-DG,intermediate,10,2,20,5980,0.0537,0.064,1,49.0,47.29,69.28,63.25,86.2,86.87,52.53,0.4313,0.4126,86.99,83.07,64.48
61,1,CA3-DG,intermediate,10,-2,-20,5980,0.1563,0.0888,1,84.33,84.16,74.42,67.12,86.2,86.87,52.53,0.4333,0.397,86.99,83.07,64.48
61,1,CA3-DG,intermediate,10,3,30,5970,0.0089,0.0331,1,87.81,81.66,82.42,85.26,86.2,86.87,52.53,0.3218,0.3212,86.99,83.07,64.48
61,1,CA3-DG,intermediate,10,-3,-30,5970,0.1637,0.1002,1,86.92,87.25,77.41,77.61,86.2,86.87,52.53,0.3353,0.4197,86.99,83.07,64.48
61,1,CA3-DG,intermediate,10,4,40,5960,0.0786,0.036,1,86.45,84.37,72.65,86.98,86.2,86.87,52.53,0.3418,0.3821,86.99,83.07,64.48
61,1,CA3-DG,intermediate,10,-4,-40,5960,0.0929,0.0595,1,75.14,81.84,79.68,82.39,86.2,86.87,52.53,0.3623,0.3606,86.99,83.07,64.48
61,1,CA3-DG,intermediate,10,5,50,5950,0.0513,0.0433,1,87.93,89.35,63.98,69.59,86.2,86.87,52.53,0.3483,0.3415,86.99,83.07,64.48
61,1,CA3-DG,intermediate,10,-5,-50,5950,0.0108,0.0195,1,84.47,67.39,87.47,78.98,86.2,86.87,52.53,0.3384,0.2886,86.99,83.07,64.48
61,1,CA3-DG,intermediate,10,7,70,5930,0.0246,0.0372,1,79.13,80.59,47.34,48.36,86.2,86.87,52.53,0.3082,0.4069,86.99,83.07,64.48
61,1,CA3-DG,intermediate,10,-7,-70,5930,0.1022,0.0497,1,81.9,87.85,39.95,51.89,86.2,86.87,52.53,0.4076,0.3601,86.99,83.07,64.48
61,1,CA3-DG,intermediate,10,10,100,5900,0.0453,0.0348,1,82.37,79.48,54.83,71.08,86.2,86.87,52.53,0.3775,0.3262,86.99,83.07,64.48
61,1,CA3-DG,intermediate,10,-10,-100,5900,0.083,0.042,1,84.75,68.34,58.36,77.01,86.2,86.87,52.53,0.3169,0.3832,86.99,83.07,64.48
61,1,CA3-DG,intermediate,10,15,150,5850,0.0782,0.0212,1,85.71,85.39,42.3,38.91,86.2,86.87,52.53,0.3442,0.3733,86.99,83.07,64.48
61,1,CA3-DG,intermediate,10,-15,-150,5850,0.0555,0.0384,1,85.84,82.23,56.72,56.0,86.2,86.87,52.53,0.3349,0.3976,86.99,83.07,64.48
61,1,CA3-DG,intermediate,10,20,200,5800,0.0482,0.0154,1,86.87,87.62,58.35,57.24,86.2,86.87,52.53,0.3606,0.315,86.99,83.07,64.48
61,1,CA3-DG,intermediate,10,-20,-200,5800,0.0803,0.0237,1,83.51,80.78,73.23,89.02,86.2,86.87,52.53,0.3923,0.4878,86.99,83.07,64.48
61,1,CA3-DG,intermediate,10,25,250,5750,0.0589,0.032,1,82.58,85.63,74.52,81.5,86.2,86.87,52.53,0.3098,0.3137,86.99,83.07,64.48
61,1,CA3-DG,intermediate,10,-25,-250,5750,0.0416,0.0307,1,80.15,79.46,88.29,72.21,86.2,86.87,52.53,0.3272,0.4098,86.99,83.07,64.48
61,1,V1-RSC,intermediate,10,0,0,6000,0.4268,0.3198,2,0.0,0.0,0.0,0.0,75.82,83.65,66.23,0.4577,0.3922,50.15,39.75,23.95
61,1,V1-RSC,intermediate,10,1,10,5990,0.2225,0.1624,2,45.03,30.92,17.08,17.19,75.82,83.65,66.23,0.4493,0.3957,50.15,39.75,23.95
61,1,V1-RSC,intermediate,10,-1,-10,5990,0.2523,0.1908,2,44.93,36.92,19.3,14.04,75.82,83.65,66.23,0.4506,0.3985,50.15,39.75,23.95
61,1,V1-RSC,intermediate,10,2,20,5980,0.1751,0.1241,2,44.62,29.9,21.95,16.63,75.82,83.65,66.23,0.4604,0.4069,50.15,39.75,23.95
61,1,V1-RSC,intermediate,10,-2,-20,5980,0.1913,0.1187,2,47.98,50.5,23.35,17.87,75.82,83.65,66.23,0.4661,0.4122,50.15,39.75,23.95
61,1,V1-RSC,intermediate,10,3,30,5970,0.1623,0.1177,2,36.69,34.61,22.84,19.49,75.82,83.65,66.23,0.4495,0.4014,50.15,39.75,23.95
61,1,V1-RSC,intermediate,10,-3,-30,5970,0.1851,0.1258,2,59.81,34.88,27.6,21.14,75.82,83.65,66.23,0.4503,0.4032,50.15,39.75,23.95
61,1,V1-RSC,intermediate,10,4,40,5960,0.1704,0.1145,2,85.07,75.91,26.94,18.92,75.82,83.65,66.23,0.4555,0.4174,50.15,39.75,23.95
61,1,V1-RSC,intermediate,10,-4,-40,5960,0.1678,0.1342,2,45.91,35.41,23.86,17.19,75.82,83.65,66.23,0.4492,0.3979,50.15,39.75,23.95
61,1,V1-RSC,intermediate,10,5,50,5950,0.1475,0.1038,2,51.37,45.58,26.47,16.52,75.82,83.65,66.23,0.4574,0.4062,50.15,39.75,23.95
61,1,V1-RSC,intermediate,10,-5,-50,5950,0.166,0.1046,2,50.49,34.21,27.6,20.57,75.82,83.65,66.23,0.4547,0.4022,50.15,39.75,23.95
61,1,V1-RSC,intermediate,10,7,70,5930,0.1228,0.106,2,45.15,50.18,18.83,18.12,75.82,83.65,66.23,0.4809,0.4339,50.15,39.75,23.95
61,1,V1-RSC,intermediate,10,-7,-70,5930,0.1855,0.1244,2,54.5,35.37,28.2,22.9,75.82,83.65,66.23,0.4529,0.3982,50.15,39.75,23.95
61,1,V1-RSC,intermediate,10,10,100,5900,0.1558,0.1017,2,47.71,43.37,21.77,17.62,75.82,83.65,66.23,0.4614,0.4055,50.15,39.75,23.95
61,1,V1-RSC,intermediate,10,-10,-100,5900,0.1796,0.1138,2,89.88,71.22,25.15,20.19,75.82,83.65,66.23,0.4747,0.4139,50.15,39.75,23.95
61,1,V1-RSC,intermediate,10,15,150,5850,0.1735,0.119,2,39.41,31.22,17.3,20.45,75.82,83.65,66.23,0.4508,0.3869,50.15,39.75,23.95
61,1,V1-RSC,intermediate,10,-15,-150,5850,0.1961,0.1164,2,56.92,36.98,27.0,18.18,75.82,83.65,66.23,0.4575,0.4161,50.15,39.75,23.95
61,1,V1-RSC,intermediate,10,20,200,5800,0.1211,0.0857,2,53.96,49.38,24.9,25.81,75.82,83.65,66.23,0.4559,0.3894,50.15,39.75,23.95
61,1,V1-RSC,intermediate,10,-20,-200,5800,0.1581,0.1006,2,77.0,86.57,26.02,23.98,75.82,83.65,66.23,0.4551,0.4094,50.15,39.75,23.95
61,1,V1-RSC,intermediate,10,25,250,5750,0.1698,0.0887,2,49.37,39.96,23.31,25.9,75.82,83.65,66.23,0.4883,0.4399,50.15,39.75,23.95
61,1,V1-RSC,intermediate,10,-25,-250,5750,0.1591,0.1047,2,83.3,64.88,26.7,26.11,75.82,83.65,66.23,0.4507,0.3967,50.15,39.75,23.95
61,1,CA1-RSC,expert,10,0,0,6000,0.0937,0.0639,0,0.0,0.0,0.0,0.0,83.79,88.81,75.1,0.5,0.3798,85.44,83.87,88.52
61,1,CA1-RSC,expert,10,1,10,5990,0.0771,0.0393,0,77.85,87.84,40.37,31.66,83.79,88.81,75.1,0.5169,0.3668,85.44,83.87,88.52
61,1,CA1-RSC,expert,10,-1,-10,5990,0.0884,0.041,0,72.11,67.64,35.83,41.33,83.79,88.81,75.1,0.5309,0.4097,85.44,83.87,88.52
61,1,CA1-RSC,expert,10,2,20,5980,0.0642,0.0311,0,72.38,72.56,53.82,45.78,83.79,88.81,75.1,0.5026,0.384,85.44,83.87,88.52
61,1,CA1-RSC,expert,10,-2,-20,5980,0.0405,0.0224,0,70.94,75.24,84.96,84.48,83.79,88.81,75.1,0.5022,0.3843,85.44,83.87,88.52
61,1,CA1-RSC,expert,10,3,30,5970,0.0757,0.0413,0,65.1,77.65,39.16,40.83,83.79,88.81,75.1,0.5141,0.3845,85.44,83.87,88.52
61,1,CA1-RSC,expert,10,-3,-30,5970,0.0311,0.0377,0,88.87,88.71,67.25,68.35,83.79,88.81,75.1,0.4989,0.3846,85.44,83.87,88.52
61,1,CA1-RSC,expert,10,4,40,5960,0.0435,0.0478,0,71.89,81.84,54.18,73.3,83.79,88.81,75.1,0.5297,0.3815,85.44,83.87,88.52
61,1,CA1-RSC,expert,10,-4,-40,5960,0.0168,0.0153,0,87.64,89.75,59.23,61.75,83.79,88.81,75.1,0.4975,0.383,85.44,83.87,88.52
61,1,CA1-RSC,expert,10,5,50,5950,0.0194,0.0298,0,88.34,67.48,78.48,69.55,83.79,88.81,75.1,0.4948,0.3786,85.44,83.87,88.52
61,1,CA1-RSC,expert,10,-5,-50,5950,0.0334,0.0197,0,85.89,81.03,78.08,70.37,83.79,88.81,75.1,0.4983,0.3857,85.44,83.87,88.52
61,1,CA1-RSC,expert,10,7,70,5930,0.0419,0.0271,0,89.99,80.01,58.78,67.56,83.79,88.81,75.1,0.4891,0.3811,85.44,83.87,88.52
61,1,CA1-RSC,expert,10,-7,-70,5930,0.0279,0.0124,0,81.65,86.8,59.37,73.31,83.79,88.81,75.1,0.4939,0.3894,85.44,83.87,88.52
61,1,CA1-RSC,expert,10,10,100,5900,0.0274,0.0201,0,82.29,82.71,71.78,84.94,83.79,88.81,75.1,0.4965,0.3692,85.44,83.87,88.52
61,1,CA1-RSC,expert,10,-10,-100,5900,0.0078,0.0046,0,89.55,75.63,61.16,54.26,83.79,88.81,75.1,0.4961,0.3966,85.44,83.87,88.52
61,1,CA1-RSC,expert,10,15,150,5850,0.0292,0.0249,0,79.62,76.25,36.53,56.98,83.79,88.81,75.1,0.495,0.3842,85.44,83.87,88.52
61,1,CA1-RSC,expert,10,-15,-150,5850,0.017,0.0164,0,89.9,67.32,49.38,58.16,83.79,88.81,75.1,0.5115,0.393,85.44,83.87,88.52
61,1,CA1-RSC,expert,10,20,200,5800,0.0069,-0.0018,0,77.44,88.53,69.79,69.5,83.79,88.81,75.1,0.4904,0.3884,85.44,83.87,88.52
61,1,CA1-RSC,expert,10,-20,-200,5800,0.017,0.0164,0,80.05,72.7,85.61,89.16,83.79,88.81,75.1,0.5047,0.3761,85.44,83.87,88.52
61,1,CA1-RSC,expert,10,25,250,5750,0.0083,0.0084,0,86.9,87.89,78.92,78.15,83.79,88.81,75.1,0.4957,0.3885,85.44,83.87,88.52
61,1,CA1-RSC,expert,10,-25,-250,5750,0.0442,0.028,0,74.78,69.67,43.86,57.93,83.79,88.81,75.1,0.5014,0.3754,85.44,83.87,88.52
61,1,CA1-CA3,expert,10,0,0,6000,0.0247,0.0619,1,0.0,0.0,0.0,0.0,87.51,83.78,53.52,0.5316,0.4826,89.24,85.52,62.31
61,1,CA1-CA3,expert,10,1,10,5990,0.0907,0.054,1,86.0,79.96,36.73,19.96,87.51,83.78,53.52,0.5123,0.3717,89.24,85.52,62.31
61,1,CA1-CA3,expert,10,-1,-10,5990,0.1125,0.0375,1,73.34,70.47,30.03,22.46,87.51,83.78,53.52,0.5331,0.3982,89.24,85.52,62.31
61,1,CA1-CA3,expert,10,2,20,5980,0.0709,0.0569,1,78.49,85.36,69.97,43.29,87.51,83.78,53.52,0.5215,0.3952,89.24,85.52,62.31
61,1,CA1-CA3,expert,10,-2,-20,5980,0.1342,0.038,1,72.5,53.97,48.41,57.37,87.51,83.78,53.52,0.5599,0.391,89.24,85.52,62.31
61,1,CA1-CA3,expert,10,3,30,5970,0.0714,0.0312,1,80.82,66.28,66.37,66.55,87.51,83.78,53.52,0.5295,0.367,89.24,85.52,62.31
61,1,CA1-CA3,expert,10,-3,-30,5970,0.1112,0.0431,1,86.9,66.33,57.11,79.83,87.51,83.78,53.52,0.5473,0.3704,89.24,85.52,62.31
61,1,CA1-CA3,expert,10,4,40,5960,0.0198,0.0245,1,89.61,60.27,69.74,77.29,87.51,83.78,53.52,0.5,0.3704,89.24,85.52,62.31
61,1,CA1-CA3,expert,10,-4,-40,5960,0.079,0.0205,1,89.32,77.75,72.56,38.15,87.51,83.78,53.52,0.5213,0.3851,89.24,85.52,62.31
61,1,CA1-CA3,expert,10,5,50,5950,0.0109,0.0314,1,77.47,78.58,89.44,80.62,87.51,83.78,53.52,0.5437,0.3781,89.24,85.52,62.31
61,1,CA1-CA3,expert,10,-5,-50,5950,0.0138,0.0189,1,83.86,82.71,71.8,80.53,87.51,83.78,53.52,0.5236,0.3782,89.24,85.52,62.31
61,1,CA1-CA3,expert,10,7,70,5930,0.038,0.0348,1,88.03,83.76,61.81,60.39,87.51,83.78,53.52,0.5279,0.3499,89.24,85.52,62.31
61,1,CA1-CA3,expert,10,-7,-70,5930,0.0681,0.0336,1,78.37,85.24,42.15,37.73,87.51,83.78,53.52,0.5392,0.3476,89.24,85.52,62.31
61,1,CA1-CA3,expert,10,10,100,5900,-0.0129,-0.0102,1,88.03,74.25,71.45,63.53,87.51,83.78,53.52,0.5064,0.3214,89.24,85.52,62.31
61,1,CA1-CA3,expert,10,-10,-100,5900,0.0093,0.0247,1,80.42,72.99,81.36,81.02,87.51,83.78,53.52,0.5374,0.3461,89.24,85.52,62.31
61,1,CA1-CA3,expert,10,15,150,5850,-0.0203,0.0036,1,82.32,76.91,68.5,80.49,87.51,83.78,53.52,0.5088,0.3919,89.24,85.52,62.31
61,1,CA1-CA3,expert,10,-15,-150,5850,0.0153,0.0245,1,84.47,49.69,87.14,78.08,87.51,83.78,53.52,0.5248,0.3856,89.24,85.52,62.31
61,1,CA1-CA3,expert,10,20,200,5800,0.0031,0.0177,1,88.9,87.1,63.93,81.94,87.51,83.78,53.52,0.5276,0.4096,89.24,85.52,62.31
61,1,CA1-CA3,expert,10,-20,-200,5800,0.0169,0.0209,1,81.36,74.62,62.46,55.26,87.51,83.78,53.52,0.4962,0.372,89.24,85.52,62.31
61,1,CA1-CA3,expert,10,25,250,5750,-0.013,-0.0121,1,69.55,78.63,80.02,65.74,87.51,83.78,53.52,0.4948,0.3693,89.24,85.52,62.31
61,1,CA1-CA3,expert,10,-25,-250,5750,0.016,0.0081,1,87.53,88.2,58.24,73.19,87.51,83.78,53.52,0.5091,0.3308,89.24,85.52,62.31
61,1,CA1-DG,expert,10,0,0,6000,0.2215,0.0309,1,0.0,0.0,0.0,0.0,79.23,78.33,53.66,0.5391,0.3808,86.91,77.56,84.59
61,1,CA1-DG,expert,10,1,10,5990,0.1181,0.0464,1,81.38,75.19,30.51,43.49,79.23,78.33,53.66,0.543,0.3743,86.91,77.56,84.59
61,1,CA1-DG,expert,10,-1,-10,5990,0.0576,0.0063,1,77.87,78.41,46.38,49.96,79.23,78.33,53.66,0.5294,0.4001,86.91,77.56,84.59
61,1,CA1-DG,expert,10,2,20,5980,0.048,0.032,1,75.45,63.39,58.44,65.1,79.23,78.33,53.66,0.5285,0.2833,86.91,77.56,84.59
61,1,CA1-DG,expert,10,-2,-20,5980,0.0827,0.0431,1,74.18,86.32,49.3,52.47,79.23,78.33,53.66,0.5532,0.3775,86.91,77.56,84.59
61,1,CA1-DG,expert,10,3,30,5970,0.0662,0.0331,1,87.76,80.13,51.82,49.35,79.23,78.33,53.66,0.5444,0.3645,86.91,77.56,84.59
61,1,CA1-DG,expert,10,-3,-30,5970,0.0359,0.0246,1,87.9,78.3,74.49,46.59,79.23,78.33,53.66,0.515,0.3546,86.91,77.56,84.59
61,1,CA1-DG,expert,10,4,40,5960,0.0077,0.0124,1,80.25,76.75,72.88,78.92,79.23,78.33,53.66,0.5254,0.3546,86.91,77.56,84.59
61,1,CA1-DG,expert,10,-4,-40,5960,0.0315,0.0259,1,78.35,74.95,84.02,82.57,79.23,78.33,53.66,0.5257,0.4092,86.91,77.56,84.59
61,1,CA1-DG,expert,10,5,50,5950,0.0043,0.0153,1,89.73,86.71,68.31,82.12,79.23,78.33,53.66,0.525,0.3326,86.91,77.56,84.59
61,1,CA1-DG,expert,10,-5,-50,5950,0.0205,0.0448,1,87.76,79.46,89.3,87.12,79.23,78.33,53.66,0.5614,0.3866,86.91,77.56,84.59
61,1,CA1-DG,expert,10,7,70,5930,0.0165,0.0212,1,83.64,88.9,59.66,60.48,79.23,78.33,53.66,0.5075,0.3357,86.91,77.56,84.59
61,1,CA1-DG,expert,10,-7,-70,5930,0.0408,0.0318,1,85.48,87.11,81.89,85.22,79.23,78.33,53.66,0.5514,0.312,86.91,77.56,84.59
61,1,CA1-DG,expert,10,10,100,5900,0.0126,0.0136,1,88.16,82.22,88.49,67.82,79.23,78.33,53.66,0.5239,0.3905,86.91,77.56,84.59
61,1,CA1-DG,expert,10,-10,-100,5900,0.0075,0.0212,1,84.29,77.91,89.65,88.43,79.23,78.33,53.66,0.5407,0.3543,86.91,77.56,84.59
61,1,CA1-DG,expert,10,15,150,5850,0.0248,0.009,1,86.81,86.9,70.23,88.58,79.23,78.33,53.66,0.54,0.4383,86.91,77.56,84.59
61,1,CA1-DG,expert,10,-15,-150,5850,0.0422,0.0101,1,79.92,81.04,63.08,67.95,79.23,78.33,53.66,0.5271,0.3279,86.91,77.56,84.59
61,1,CA1-DG,expert,10,20,200,5800,-0.0008,0.0009,1,88.04,73.72,77.7,79.18,79.23,78.33,53.66,0.5287,0.3985,86.91,77.56,84.59
61,1,CA1-DG,expert,10,-20,-200,5800,0.0136,0.0128,1,89.2,89.28,67.07,72.84,79.23,78.33,53.66,0.5005,0.3131,86.91,77.56,84.59
61,1,CA1-DG,expert,10,25,250,5750,0.012,0.0061,1,88.17,78.61,84.59,77.42,79.23,78.33,53.66,0.5051,0.3527,86.91,77.56,84.59
61,1,CA1-DG,expert,10,-25,-250,5750,0.0054,0.0084,1,81.37,67.31,87.12,62.39,79.23,78.33,53.66,0.5142,0.3675,86.91,77.56,84.59
61,1,CA1-V1,expert,10,0,0,6000,-0.516,-0.1768,7,0.0,0.0,0.0,0.0,87.55,82.81,82.38,0.5111,0.4914,87.61,86.21,54.42
61,1,CA1-V1,expert,10,1,10,5990,-0.0371,-0.0615,7,55.28,63.71,66.28,54.43,87.55,82.81,82.38,0.49,0.4794,87.61,86.21,54.42
61,1,CA1-V1,expert,10,-1,-10,5990,-0.1372,-0.0257,7,57.81,76.37,44.28,46.43,87.55,82.81,82.38,0.4906,0.4892,87.61,86.21,54.42
61,1,CA1-V1,expert,10,2,20,5980,0.0025,0.0107,7,77.27,80.62,75.01,65.36,87.55,82.81,82.38,0.4898,0.4797,87.61,86.21,54.42
61,1,CA1-V1,expert,10,-2,-20,5980,0.017,0.0072,7,86.83,80.93,55.95,45.58,87.55,82.81,82.38,0.4882,0.4685,87.61,86.21,54.42
61,1,CA1-V1,expert,10,3,30,5970,0.0161,0.0268,7,77.26,85.41,66.64,58.45,87.55,82.81,82.38,0.5158,0.4826,87.61,86.21,54.42
61,1,CA1-V1,expert,10,-3,-30,5970,0.0058,0.0055,7,74.46,63.8,63.93,51.35,87.55,82.81,82.38,0.5065,0.4955,87.61,86.21,54.42
61,1,CA1-V1,expert,10,4,40,5960,0.0056,0.0202,7,89.24,87.75,58.85,65.16,87.55,82.81,82.38,0.5076,0.4898,87.61,86.21,54.42
61,1,CA1-V1,expert,10,-4,-40,5960,0.0086,0.0088,7,76.84,67.77,57.49,66.01,87.55,82.81,82.38,0.5016,0.5006,87.61,86.21,54.42
61,1,CA1-V1,expert,10,5,50,5950,-0.0121,0.0114,7,83.61,83.86,62.47,66.51,87.55,82.81,82.38,0.5075,0.4805,87.61,86.21,54.42
61,1,CA1-V1,expert,10,-5,-50,5950,-0.0184,-0.0156,7,87.71,72.36,69.67,85.14,87.55,82.81,82.38,0.4999,0.4851,87.61,86.21,54.42
61,1,CA1-V1,expert,10,7,70,5930,0.0027,0.0062,7,82.34,81.21,49.88,56.64,87.55,82.81,82.38,0.5025,0.4859,87.61,86.21,54.42
61,1,CA1-V1,expert,10,-7,-70,5930,0.0236,0.0083,7,64.06,75.35,62.86,56.78,87.55,82.81,82.38,0.4907,0.4925,87.61,86.21,54.42
61,1,CA1-V1,expert,10,10,100,5900,0.0126,0.0034,7,68.3,61.97,87.95,74.98,87.55,82.81,82.38,0.5138,0.4861,87.61,86.21,54.42
61,1,CA1-V1,expert,10,-10,-100,5900,-0.0021,-0.0051,7,77.15,79.71,86.62,74.61,87.55,82.81,82.38,0.4938,0.4842,87.61,86.21,54.42
61,1,CA1-V1,expert,10,15,150,5850,0.0231,0.0152,7,84.99,73.16,71.93,55.32,87.55,82.81,82.38,0.5074,0.4741,87.61,86.21,54.42
61,1,CA1-V1,expert,10,-15,-150,5850,0.0112,0.0138,7,89.08,79.84,71.95,83.52,87.55,82.81,82.38,0.503,0.4939,87.61,86.21,54.42
61,1,CA1-V1,expert,10,20,200,5800,-0.0055,0.006,7,77.46,79.89,55.29,69.02,87.55,82.81,82.38,0.4992,0.4981,87.61,86.21,54.42
61,1,CA1-V1,expert,10,-20,-200,5800,0.0282,0.0105,7,88.81,75.13,81.61,87.25,87.55,82.81,82.38,0.4921,0.4846,87.61,86.21,54.42
61,1,CA1-V1,expert,10,25,250,5750,-0.006,-0.0002,7,72.25,80.57,60.87,71.36,87.55,82.81,82.38,0.4968,0.5024,87.61,86.21,54.42
61,1,CA1-V1,expert,10,-25,-250,5750,-0.0076,-0.0034,7,78.47,87.06,77.07,82.11,87.55,82.81,82.38,0.507,0.4961,87.61,86.21,54.42
61,1,CA3-DG,expert,10,0,0,6000,0.282,0.36,3,0.0,0.0,0.0,0.0,81.57,71.68,35.25,0.4386,0.4452,89.45,83.69,86.76
61,1,CA3-DG,expert,10,1,10,5990,0.1923,0.1514,3,37.3,76.74,71.02,82.51,81.57,71.68,35.25,0.4671,0.5326,89.45,83.69,86.76
61,1,CA3-DG,expert,10,-1,-10,5990,0.0768,0.1717,3,29.84,41.15,25.24,12.41,81.57,71.68,35.25,0.4509,0.4408,89.45,83.69,86.76
61,1,CA3-DG,expert,10,2,20,5980,0.0708,0.0866,3,73.68,86.48,67.57,87.82,81.57,71.68,35.25,0.4102,0.5042,89.45,83.69,86.76
61,1,CA3-DG,expert,10,-2,-20,5980,0.0624,0.0688,3,73.8,42.14,55.99,64.65,81.57,71.68,35.25,0.4055,0.3344,89.45,83.69,86.76
61,1,CA3-DG,expert,10,3,30,5970,0.0237,0.0513,3,67.45,88.35,65.77,88.97,81.57,71.68,35.25,0.3109,0.35,89.45,83.69,86.76
61,1,CA3-DG,expert,10,-3,-30,5970,0.1153,0.0625,3,79.71,87.85,76.75,68.73,81.57,71.68,35.25,0.3931,0.3758,89.45,83.69,86.76
61,1,CA3-DG,expert,10,4,40,5960,0.0976,0.0682,3,73.11,72.73,71.58,69.6,81.57,71.68,35.25,0.4498,0.3748,89.45,83.69,86.76
61,1,CA3-DG,expert,10,-4,-40,5960,0.0413,0.0321,3,74.2,85.66,67.48,65.37,81.57,71.68,35.25,0.467,0.3573,89.45,83.69,86.76
61,1,CA3-DG,expert,10,5,50,5950,0.0648,0.0405,3,84.5,83.78,87.43,77.57,81.57,71.68,35.25,0.3899,0.3126,89.45,83.69,86.76
61,1,CA3-DG,expert,10,-5,-50,5950,0.0183,0.0277,3,88.65,86.64,59.42,38.52,81.57,71.68,35.25,0.4625,0.3704,89.45,83.69,86.76
61,1,CA3-DG,expert,10,7,70,5930,0.0444,0.0093,3,69.74,79.79,67.05,86.07,81.57,71.68,35.25,0.3623,0.3239,89.45,83.69,86.76
61,1,CA3-DG,expert,10,-7,-70,5930,0.0164,0.0449,3,71.33,59.94,50.8,43.35,81.57,71.68,35.25,0.3972,0.2814,89.45,83.69,86.76
61,1,CA3-DG,expert,10,10,100,5900,0.019,0.0246,3,88.51,88.98,77.06,80.23,81.57,71.68,35.25,0.3758,0.3368,89.45,83.69,86.76
61,1,CA3-DG,expert,10,-10,-100,5900,0.0305,0.0413,3,67.92,74.4,35.26,53.72,81.57,71.68,35.25,0.4155,0.3583,89.45,83.69,86.76
61,1,CA3-DG,expert,10,15,150,5850,0.0585,0.0292,3,84.7,83.15,79.25,87.25,81.57,71.68,35.25,0.3996,0.3548,89.45,83.69,86.76
61,1,CA3-DG,expert,10,-15,-150,5850,-0.0009,0.016,3,87.35,83.38,40.93,61.48,81.57,71.68,35.25,0.3359,0.3164,89.45,83.69,86.76
61,1,CA3-DG,expert,10,20,200,5800,0.0146,0.0117,3,85.24,74.64,67.02,71.76,81.57,71.68,35.25,0.3984,0.3883,89.45,83.69,86.76
61,1,CA3-DG,expert,10,-20,-200,5800,0.0109,-0.0091,3,77.85,88.98,47.78,58.42,81.57,71.68,35.25,0.4056,0.3121,89.45,83.69,86.76
61,1,CA3-DG,expert,10,25,250,5750,0.0057,-0.0008,3,78.51,84.86,72.22,88.79,81.57,71.68,35.25,0.3983,0.4026,89.45,83.69,86.76
61,1,CA3-DG,expert,10,-25,-250,5750,0.0151,0.0158,3,81.52,88.09,82.46,75.78,81.57,71.68,35.25,0.3871,0.4273,89.45,83.69,86.76
61,1,V1-RSC,expert,10,0,0,6000,0.5672,0.3141,2,0.0,0.0,0.0,0.0,79.14,78.94,44.81,0.4866,0.3678,78.53,76.34,28.04
61,1,V1-RSC,expert,10,1,10,5990,0.236,0.1476,2,86.95,88.88,20.2,18.98,79.14,78.94,44.81,0.4788,0.3649,78.53,76.34,28.04
61,1,V1-RSC,expert,10,-1,-10,5990,0.2437,0.1654,2,43.29,33.7,21.79,20.31,79.14,78.94,44.81,0.4861,0.3692,78.53,76.34,28.04
61,1,V1-RSC,expert,10,2,20,5980,0.1357,0.0793,2,47.84,52.59,31.17,24.0,79.14,78.94,44.81,0.4916,0.3656,78.53,76.34,28.04
61,1,V1-RSC,expert,10,-2,-20,5980,0.1378,0.093,2,69.66,68.47,25.47,22.71,79.14,78.94,44.81,0.4822,0.3867,78.53,76.34,28.04
61,1,V1-RSC,expert,10,3,30,5970,0.1529,0.1007,2,63.46,51.53,27.64,21.18,79.14,78.94,44.81,0.494,0.3744,78.53,76.34,28.04
61,1,V1-RSC,expert,10,-3,-30,5970,0.1361,0.0919,2,62.31,55.31,28.62,27.07,79.14,78.94,44.81,0.474,0.3678,78.53,76.34,28.04
61,1,V1-RSC,expert,10,4,40,5960,0.1368,0.0825,2,64.63,59.52,23.36,20.9,79.14,78.94,44.81,0.4764,0.3701,78.53,76.34,28.04
61,1,V1-RSC,expert,10,-4,-40,5960,0.1402,0.0849,2,39.05,49.76,38.25,40.7,79.14,78.94,44.81,0.4657,0.3843,78.53,76.34,28.04
61,1,V1-RSC,expert,10,5,50,5950,0.1232,0.0811,2,64.13,62.9,25.28,21.97,79.14,78.94,44.81,0.4712,0.3711,78.53,76.34,28.04
61,1,V1-RSC,expert,10,-5,-50,5950,0.1129,0.0948,2,45.84,43.51,24.71,24.78,79.14,78.94,44.81,0.4876,0.4073,78.53,76.34,28.04
61,1,V1-RSC,expert,10,7,70,5930,0.1412,0.099,2,82.95,78.28,24.91,18.05,79.14,78.94,44.81,0.4853,0.348,78.53,76.34,28.04
61,1,V1-RSC,expert,10,-7,-70,5930,0.1352,0.0984,2,45.87,49.37,26.19,32.16,79.14,78.94,44.81,0.4786,0.377,78.53,76.34,28.04
61,1,V1-RSC,expert,10,10,100,5900,0.1207,0.0755,2,75.6,62.78,22.47,17.81,79.14,78.94,44.81,0.4771,0.3674,78.53,76.34,28.04
61,1,V1-RSC,expert,10,-10,-100,5900,0.1382,0.0816,2,78.05,67.53,30.4,38.16,79.14,78.94,44.81,0.4945,0.3847,78.53,76.34,28.04
61,1,V1-RSC,expert,10,15,150,5850,0.1306,0.086,2,81.94,69.14,21.57,22.64,79.14,78.94,44.81,0.4786,0.3596,78.53,76.34,28.04
61,1,V1-RSC,expert,10,-15,-150,5850,0.1704,0.0979,2,51.84,57.3,31.67,35.06,79.14,78.94,44.81,0.5041,0.4149,78.53,76.34,28.04
61,1,V1-RSC,expert,10,20,200,5800,0.0999,0.0726,2,89.96,82.09,19.83,28.48,79.14,78.94,44.81,0.4716,0.3581,78.53,76.34,28.04
61,1,V1-RSC,expert,10,-20,-200,5800,0.144,0.0719,2,56.28,52.53,36.31,34.85,79.14,78.94,44.81,0.5008,0.3916,78.53,76.34,28.04
61,1,V1-RSC,expert,10,25,250,5750,0.1462,0.0886,2,79.55,74.7,30.39,25.86,79.14,78.94,44.81,0.4964,0.3697,78.53,76.34,28.04
61,1,V1-RSC,expert,10,-25,-250,5750,0.1191,0.0844,2,45.76,47.87,29.56,36.31,79.14,78.94,44.81,0.4694,0.367,78.53,76.34,28.04
63,1,CA1-RSC,naive,10,0,0,6000,0.0609,0.0306,0,0.0,0.0,0.0,0.0,89.54,84.67,83.39,0.2842,0.4182,84.29,76.37,84.0
63,1,CA1-RSC,naive,10,1,10,5990,0.0795,0.046,0,79.77,80.55,32.16,45.39,89.54,84.67,83.39,0.241,0.4345,84.29,76.37,84.0
63,1,CA1-RSC,naive,10,-1,-10,5990,0.0205,0.0175,0,57.87,70.83,65.32,78.42,89.54,84.67,83.39,0.204,0.4041,84.29,76.37,84.0
63,1,CA1-RSC,naive,10,2,20,5980,0.064,0.0516,0,80.66,80.35,32.07,67.35,89.54,84.67,83.39,0.2294,0.3794,84.29,76.37,84.0
63,1,CA1-RSC,naive,10,-2,-20,5980,0.0303,0.0121,0,78.93,74.0,38.6,57.67,89.54,84.67,83.39,0.295,0.4166,84.29,76.37,84.0
63,1,CA1-RSC,naive,10,3,30,5970,0.0241,0.0322,0,54.86,68.67,36.68,59.13,89.54,84.67,83.39,0.153,0.3797,84.29,76.37,84.0
63,1,CA1-RSC,naive,10,-3,-30,5970,-0.0117,0.0184,0,80.4,77.09,57.41,73.76,89.54,84.67,83.39,0.1764,0.3798,84.29,76.37,84.0
63,1,CA1-RSC,naive,10,4,40,5960,0.0831,0.0464,0,86.44,85.02,28.31,74.85,89.54,84.67,83.39,0.2148,0.3959,84.29,76.37,84.0
63,1,CA1-RSC,naive,10,-4,-40,5960,0.0445,0.0304,0,85.19,86.49,76.62,89.27,89.54,84.67,83.39,0.3076,0.4225,84.29,76.37,84.0
63,1,CA1-RSC,naive,10,5,50,5950,0.0626,0.0513,0,88.16,86.06,64.68,87.2,89.54,84.67,83.39,0.1555,0.3867,84.29,76.37,84.0
63,1,CA1-RSC,naive,10,-5,-50,5950,0.0091,0.0153,0,84.13,87.15,69.93,85.61,89.54,84.67,83.39,0.2786,0.3975,84.29,76.37,84.0
63,1,CA1-RSC,naive,10,7,70,5930,0.0299,0.0379,0,63.45,85.08,44.94,70.41,89.54,84.67,83.39,0.1925,0.3684,84.29,76.37,84.0
63,1,CA1-RSC,naive,10,-7,-70,5930,0.0022,-0.0062,0,81.98,77.95,68.98,70.91,89.54,84.67,83.39,0.2098,0.4004,84.29,76.37,84.0
63,1,CA1-RSC,naive,10,10,100,5900,0.0538,0.0326,0,84.09,85.85,58.6,76.14,89.54,84.67,83.39,0.2209,0.3613,84.29,76.37,84.0
63,1,CA1-RSC,naive,10,-10,-100,5900,0.0407,0.0031,0,77.89,84.6,49.1,72.9,89.54,84.67,83.39,0.1782,0.3979,84.29,76.37,84.0
63,1,CA1-RSC,naive,10,15,150,5850,0.0696,0.0465,0,63.81,80.29,26.29,49.57,89.54,84.67,83.39,0.2269,0.3927,84.29,76.37,84.0
63,1,CA1-RSC,naive,10,-15,-150,5850,0.0084,0.0155,0,85.88,89.24,86.32,70.4,89.54,84.67,83.39,0.1795,0.3582,84.29,76.37,84.0
63,1,CA1-RSC,naive,10,20,200,5800,0.0502,0.0179,0,83.34,85.39,55.22,81.78,89.54,84.67,83.39,0.2671,0.378,84.29,76.37,84.0
63,1,CA1-RSC,naive,10,-20,-200,5800,0.0379,-0.0038,0,85.21,85.58,69.78,67.11,89.54,84.67,83.39,0.1945,0.3721,84.29,76.37,84.0
63,1,CA1-RSC,naive,10,25,250,5750,0.0025,0.0046,0,80.98,86.73,45.7,64.46,89.54,84.67,83.39,0.3199,0.4089,84.29,76.37,84.0
63,1,CA1-RSC,naive,10,-25,-250,5750,0.0093,0.0048,0,89.4,88.95,73.1,79.81,89.54,84.67,83.39,0.3149,0.4446,84.29,76.37,84.0
63,1,CA1-RSC,intermediate,10,0,0,6000,0.0735,0.0309,0,0.0,0.0,0.0,0.0,83.98,87.27,71.43,0.2518,0.3807,74.59,85.33,66.14
63,1,CA1-RSC,intermediate,10,1,10,5990,0.038,0.0257,0,84.51,89.09,34.56,37.54,83.98,87.27,71.43,0.1924,0.3117,74.59,85.33,66.14
63,1,CA1-RSC,intermediate,10,-1,-10,5990,0.038,0.0238,0,74.76,82.25,37.88,40.89,83.98,87.27,71.43,0.2501,0.3442,74.59,85.33,66.14
63,1,CA1-RSC,intermediate,10,2,20,5980,0.0381,0.0266,0,78.69,80.95,68.02,79.85,83.98,87.27,71.43,0.1922,0.3468,74.59,85.33,66.14
63,1,CA1-RSC,intermediate,10,-2,-20,5980,0.0237,0.0129,0,83.77,80.58,67.58,54.06,83.98,87.27,71.43,0.1843,0.3379,74.59,85.33,66.14
63,1,CA1-RSC,intermediate,10,3,30,5970,0.0574,0.0327,0,85.49,86.06,70.8,83.68,83.98,87.27,71.43,0.1855,0.3902,74.59,85.33,66.14
63,1,CA1-RSC,intermediate,10,-3,-30,5970,0.0242,0.0199,0,80.66,74.99,69.92,85.74,83.98,87.27,71.43,0.1676,0.3027,74.59,85.33,66.14
63,1,CA1-RSC,intermediate,10,4,40,5960,0.0231,0.0205,0,81.21,84.22,77.57,65.67,83.98,87.27,71.43,0.1781,0.2973,74.59,85.33,66.14
63,1,CA1-RSC,intermediate,10,-4,-40,5960,0.0259,0.0112,0,81.8,88.77,57.64,76.87,83.98,87.27,71.43,0.1898,0.3346,74.59,85.33,66.14
63,1,CA1-RSC,intermediate,10,5,50,5950,0.044,0.0161,0,83.0,72.59,88.28,55.72,83.98,87.27,71.43,0.1101,0.3363,74.59,85.33,66.14
63,1,CA1-RSC,intermediate,10,-5,-50,5950,0.0433,0.0263,0,82.3,87.33,59.56,82.44,83.98,87.27,71.43,0.2272,0.3449,74.59,85.33,66.14
63,1,CA1-RSC,intermediate,10,7,70,5930,0.0334,0.0182,0,80.27,83.21,82.89,68.53,83.98,87.27,71.43,0.2451,0.3209,74.59,85.33,66.14
63,1,CA1-RSC,intermediate,10,-7,-70,5930,0.006,0.0245,0,76.01,84.87,79.14,89.99,83.98,87.27,71.43,0.279,0.3692,74.59,85.33,66.14
63,1,CA1-RSC,intermediate,10,10,100,5900,0.0399,0.013,0,87.84,86.33,67.18,78.36,83.98,87.27,71.43,0.2101,0.3394,74.59,85.33,66.14
63,1,CA1-RSC,intermediate,10,-10,-100,5900,0.0492,0.0295,0,77.69,89.92,78.72,77.74,83.98,87.27,71.43,0.2203,0.3462,74.59,85.33,66.14
63,1,CA1-RSC,intermediate,10,15,150,5850,-0.0042,-0.0018,0,83.67,80.67,81.06,80.49,83.98,87.27,71.43,0.2638,0.3524,74.59,85.33,66.14
63,1,CA1-RSC,intermediate,10,-15,-150,5850,0.0146,0.0097,0,89.69,83.78,83.66,62.36,83.98,87.27,71.43,0.336,0.362,74.59,85.33,66.14
63,1,CA1-RSC,intermediate,10,20,200,5800,0.0196,0.0136,0,82.66,85.79,89.74,76.98,83.98,87.27,71.43,0.1803,0.3136,74.59,85.33,66.14
63,1,CA1-RSC,intermediate,10,-20,-200,5800,-0.009,-0.0001,0,65.43,77.36,86.13,55.52,83.98,87.27,71.43,0.1636,0.3291,74.59,85.33,66.14
63,1,CA1-RSC,intermediate,10,25,250,5750,-0.0062,0.0021,0,86.61,86.54,88.69,68.45,83.98,87.27,71.43,0.2059,0.3173,74.59,85.33,66.14
63,1,CA1-RSC,intermediate,10,-25,-250,5750,0.0078,0.0124,0,84.32,82.59,84.05,62.55,83.98,87.27,71.43,0.1966,0.2874,74.59,85.33,66.14
63,1,CA1-RSC,expert,10,0,0,6000,0.056,0.0243,0,0.0,0.0,0.0,0.0,89.36,89.44,80.02,0.1574,0.2957,88.03,88.94,65.25
63,1,CA1-RSC,expert,10,1,10,5990,0.0313,0.0204,0,74.15,70.76,36.17,43.08,89.36,89.44,80.02,0.2239,0.2952,88.03,88.94,65.25
63,1,CA1-RSC,expert,10,-1,-10,5990,0.021,0.0162,0,77.13,71.67,79.36,88.35,89.36,89.44,80.02,0.2062,0.3147,88.03,88.94,65.25
63,1,CA1-RSC,expert,10,2,20,5980,0.094,0.04,0,56.38,86.28,56.97,57.99,89.36,89.44,80.02,0.2309,0.3809,88.03,88.94,65.25
63,1,CA1-RSC,expert,10,-2,-20,5980,0.0734,0.0347,0,83.29,82.3,58.08,70.34,89.36,89.44,80.02,0.2084,0.3694,88.03,88.94,65.25
63,1,CA1-RSC,expert,10,3,30,5970,0.0391,0.0156,0,75.94,89.94,52.12,62.52,89.36,89.44,80.02,0.2169,0.3614,88.03,88.94,65.25
63,1,CA1-RSC,expert,10,-3,-30,5970,0.0426,0.0281,0,87.34,79.42,51.97,78.76,89.36,89.44,80.02,0.1302,0.3161,88.03,88.94,65.25
63,1,CA1-RSC,expert,10,4,40,5960,0.0749,0.0388,0,67.6,87.26,75.19,69.25,89.36,89.44,80.02,0.1553,0.3682,88.03,88.94,65.25
63,1,CA1-RSC,expert,10,-4,-40,5960,0.0635,0.0389,0,88.86,84.83,65.04,70.27,89.36,89.44,80.02,0.1584,0.3247,88.03,88.94,65.25
63,1,CA1-RSC,expert,10,5,50,5950,0.0055,0.0123,0,64.25,75.37,62.47,70.93,89.36,89.44,80.02,0.2037,0.3232,88.03,88.94,65.25
63,1,CA1-RSC,expert,10,-5,-50,5950,0.022,0.0412,0,87.78,89.85,73.45,60.33,89.36,89.44,80.02,0.2127,0.363,88.03,88.94,65.25
63,1,CA1-RSC,expert,10,7,70,5930,0.0114,0.0187,0,85.13,73.51,37.86,54.26,89.36,89.44,80.02,0.2153,0.2931,88.03,88.94,65.25
63,1,CA1-RSC,expert,10,-7,-70,5930,0.0337,0.0285,0,65.99,80.99,49.18,56.83,89.36,89.44,80.02,0.2011,0.2991,88.03,88.94,65.25
63,1,CA1-RSC,expert,10,10,100,5900,0.0104,0.0199,0,67.11,89.49,61.8,52.67,89.36,89.44,80.02,0.2012,0.3206,88.03,88.94,65.25
63,1,CA1-RSC,expert,10,-10,-100,5900,0.0069,0.0124,0,88.46,87.97,33.91,88.33,89.36,89.44,80.02,0.1928,0.2958,88.03,88.94,65.25
63,1,CA1-RSC,expert,10,15,150,5850,0.0975,0.0443,0,85.91,88.88,51.23,46.08,89.36,89.44,80.02,0.229,0.3732,88.03,88.94,65.25
63,1,CA1-RSC,expert,10,-15,-150,5850,0.0228,0.0356,0,70.86,81.02,88.79,78.78,89.36,89.44,80.02,0.2687,0.3404,88.03,88.94,65.25
63,1,CA1-RSC,expert,10,20,200,5800,0.0042,0.0046,0,79.63,81.73,75.13,82.43,89.36,89.44,80.02,0.2546,0.3411,88.03,88.94,65.25
63,1,CA1-RSC,expert,10,-20,-200,5800,0.0412,0.0263,0,85.34,81.46,58.02,73.8,89.36,89.44,80.02,0.1773,0.3233,88.03,88.94,65.25
63,1,CA1-RSC,expert,10,25,250,5750,0.024,0.0077,0,85.21,83.8,89.59,66.31,89.36,89.44,80.02,0.1839,0.2871,88.03,88.94,65.25
63,1,CA1-RSC,expert,10,-25,-250,5750,0.0054,0.0023,0,89.59,76.21,37.2,75.02,89.36,89.44,80.02,0.2111,0.3293,88.03,88.94,65.25
66,1,CA1-RSC,naive,10,0,0,6000,0.2718,0.1129,1,0.0,0.0,0.0,0.0,86.79,88.88,89.18,0.7141,0.6658,88.23,60.49,52.9
66,1,CA1-RSC,naive,10,1,10,5990,0.0723,0.0253,1,67.13,68.34,36.72,42.33,86.79,88.88,89.18,0.4707,0.5858,88.23,60.49,52.9
66,1,CA1-RSC,naive,10,-1,-10,5990,0.0693,0.0479,1,80.21,74.62,41.56,50.15,86.79,88.88,89.18,0.4704,0.4057,88.23,60.49,52.9
66,1,CA1-RSC,naive,10,2,20,5980,0.019,0.0289,1,84.54,75.29,73.33,59.43,86.79,88.88,89.18,0.3861,0.4535,88.23,60.49,52.9
66,1,CA1-RSC,naive,10,-2,-20,5980,0.0454,0.0152,1,75.81,89.04,64.39,49.37,86.79,88.88,89.18,0.4662,0.5256,88.23,60.49,52.9
66,1,CA1-RSC,naive,10,3,30,5970,0.0308,0.0205,1,74.22,82.89,80.27,59.46,86.79,88.88,89.18,0.4104,0.381,88.23,60.49,52.9
66,1,CA1-RSC,naive,10,-3,-30,5970,0.0241,-0.0055,1,80.78,73.07,80.73,65.31,86.79,88.88,89.18,0.4274,0.4065,88.23,60.49,52.9
66,1,CA1-RSC,naive,10,4,40,5960,0.0806,0.029,1,70.71,82.04,83.12,61.3,86.79,88.88,89.18,0.3476,0.4344,88.23,60.49,52.9
66,1,CA1-RSC,naive,10,-4,-40,5960,0.0593,0.0295,1,74.31,77.53,89.64,79.51,86.79,88.88,89.18,0.3793,0.3849,88.23,60.49,52.9
66,1,CA1-RSC,naive,10,5,50,5950,-0.0039,0.0199,1,88.15,80.66,85.82,59.21,86.79,88.88,89.18,0.4253,0.3913,88.23,60.49,52.9
66,1,CA1-RSC,naive,10,-5,-50,5950,0.0156,0.0126,1,74.54,80.39,81.96,87.64,86.79,88.88,89.18,0.399,0.4013,88.23,60.49,52.9
66,1,CA1-RSC,naive,10,7,70,5930,0.0343,0.0164,1,72.59,85.7,65.23,64.63,86.79,88.88,89.18,0.424,0.3723,88.23,60.49,52.9
66,1,CA1-RSC,naive,10,-7,-70,5930,0.0676,0.0227,1,66.67,83.5,78.93,54.52,86.79,88.88,89.18,0.3739,0.4936,88.23,60.49,52.9
66,1,CA1-RSC,naive,10,10,100,5900,0.0758,0.0241,1,79.0,85.46,77.02,50.15,86.79,88.88,89.18,0.3897,0.5264,88.23,60.49,52.9
66,1,CA1-RSC,naive,10,-10,-100,5900,0.0279,0.0123,1,72.45,88.26,70.01,58.43,86.79,88.88,89.18,0.3996,0.5097,88.23,60.49,52.9
66,1,CA1-RSC,naive,10,15,150,5850,0.0294,0.0148,1,78.16,82.9,74.71,77.95,86.79,88.88,89.18,0.5394,0.3863,88.23,60.49,52.9
66,1,CA1-RSC,naive,10,-15,-150,5850,0.0501,0.0366,1,50.36,74.6,89.44,85.3,86.79,88.88,89.18,0.4638,0.4571,88.23,60.49,52.9
66,1,CA1-RSC,naive,10,20,200,5800,-0.0084,0.0211,1,86.53,86.73,84.12,37.18,86.79,88.88,89.18,0.4017,0.4363,88.23,60.49,52.9
66,1,CA1-RSC,naive,10,-20,-200,5800,0.0728,0.0175,1,78.23,69.86,73.72,58.69,86.79,88.88,89.18,0.4119,0.5073,88.23,60.49,52.9
66,1,CA1-RSC,naive,10,25,250,5750,0.0608,0.0194,1,85.46,71.26,61.63,53.35,86.79,88.88,89.18,0.5066,0.4355,88.23,60.49,52.9
66,1,CA1-RSC,naive,10,-25,-250,5750,0.0667,0.0241,1,88.6,89.33,49.94,88.9,86.79,88.88,89.18,0.4035,0.4739,88.23,60.49,52.9
66,1,CA1-DG,naive,10,0,0,6000,0.192,0.1692,1,0.0,0.0,0.0,0.0,87.19,80.75,89.55,0.4653,0.2722,71.67,63.91,50.32
66,1,CA1-DG,naive,10,1,10,5990,0.1601,0.1032,1,62.21,60.16,86.75,56.75,87.19,80.75,89.55,0.4128,0.3121,71.67,63.91,50.32
66,1,CA1-DG,naive,10,-1,-10,5990,0.1955,0.1102,1,70.72,85.29,75.62,84.04,87.19,80.75,89.55,0.5322,0.3543,71.67,63.91,50.32
66,1,CA1-DG,naive,10,2,20,5980,0.2025,0.1116,1,49.76,70.07,77.01,68.56,87.19,80.75,89.55,0.4412,0.3306,71.67,63.91,50.32
66,1,CA1-DG,naive,10,-2,-20,5980,0.1581,0.0884,1,75.74,83.83,86.97,84.06,87.19,80.75,89.55,0.4316,0.2737,71.67,63.91,50.32
66,1,CA1-DG,naive,10,3,30,5970,0.192,0.1066,1,57.89,76.01,63.3,74.15,87.19,80.75,89.55,0.3984,0.3192,71.67,63.91,50.32
66,1,CA1-DG,naive,10,-3,-30,5970,0.189,0.109,1,74.28,80.88,79.06,73.3,87.19,80.75,89.55,0.4001,0.3025,71.67,63.91,50.32
66,1,CA1-DG,naive,10,4,40,5960,0.2014,0.0867,1,82.03,78.41,63.05,78.05,87.19,80.75,89.55,0.4359,0.3574,71.67,63.91,50.32
66,1,CA1-DG,naive,10,-4,-40,5960,0.2058,0.1129,1,76.19,75.99,81.46,68.56,87.19,80.75,89.55,0.3732,0.3359,71.67,63.91,50.32
66,1,CA1-DG,naive,10,5,50,5950,0.1491,0.0824,1,79.7,88.11,74.83,85.56,87.19,80.75,89.55,0.4148,0.287,71.67,63.91,50.32
66,1,CA1-DG,naive,10,-5,-50,5950,0.183,0.0849,1,89.99,78.22,84.51,64.39,87.19,80.75,89.55,0.3656,0.3214,71.67,63.91,50.32
66,1,CA1-DG,naive,10,7,70,5930,0.1854,0.0929,1,88.36,82.67,81.9,69.43,87.19,80.75,89.55,0.4642,0.4125,71.67,63.91,50.32
66,1,CA1-DG,naive,10,-7,-70,5930,0.1905,0.0851,1,85.97,70.32,86.39,59.93,87.19,80.75,89.55,0.4156,0.3669,71.67,63.91,50.32
66,1,CA1-DG,naive,10,10,100,5900,0.1582,0.0674,1,71.26,81.28,68.86,62.93,87.19,80.75,89.55,0.4067,0.3524,71.67,63.91,50.32
66,1,CA1-DG,naive,10,-10,-100,5900,0.1225,0.0691,1,76.61,81.89,61.42,69.15,87.19,80.75,89.55,0.4209,0.294,71.67,63.91,50.32
66,1,CA1-DG,naive,10,15,150,5850,0.1466,0.0703,1,68.86,66.34,72.96,65.1,87.19,80.75,89.55,0.3854,0.3274,71.67,63.91,50.32
66,1,CA1-DG,naive,10,-15,-150,5850,0.0948,0.0791,1,75.92,89.75,88.12,61.91,87.19,80.75,89.55,0.4117,0.3398,71.67,63.91,50.32
66,1,CA1-DG,naive,10,20,200,5800,0.1173,0.0658,1,88.71,73.31,70.95,83.37,87.19,80.75,89.55,0.4347,0.2262,71.67,63.91,50.32
66,1,CA1-DG,naive,10,-20,-200,5800,0.0976,0.0818,1,85.65,84.38,85.25,67.17,87.19,80.75,89.55,0.3765,0.2941,71.67,63.91,50.32
66,1,CA1-DG,naive,10,25,250,5750,0.1279,0.0514,1,81.12,84.61,78.65,72.79,87.19,80.75,89.55,0.3682,0.2669,71.67,63.91,50.32
66,1,CA1-DG,naive,10,-25,-250,5750,0.0507,0.0454,1,79.84,85.82,86.76,84.79,87.19,80.75,89.55,0.4858,0.2386,71.67,63.91,50.32
66,1,CA1-V1,naive,10,0,0,6000,0.3728,0.1376,1,0.0,0.0,0.0,0.0,89.36,85.46,89.31,0.6237,0.4247,83.07,82.41,34.3
66,1,CA1-V1,naive,10,1,10,5990,0.0407,0.033,1,67.84,83.42,54.75,79.29,89.36,85.46,89.31,0.4841,0.2135,83.07,82.41,34.3
66,1,CA1-V1,naive,10,-1,-10,5990,0.0253,0.0311,1,70.0,88.63,36.44,59.16,89.36,85.46,89.31,0.4483,0.2641,83.07,82.41,34.3
66,1,CA1-V1,naive,10,2,20,5980,0.0367,0.0217,1,79.42,79.49,64.87,61.17,89.36,85.46,89.31,0.4691,0.2547,83.07,82.41,34.3
66,1,CA1-V1,naive,10,-2,-20,5980,0.0294,0.036,1,78.72,73.63,49.38,72.15,89.36,85.46,89.31,0.4028,0.2701,83.07,82.41,34.3
66,1,CA1-V1,naive,10,3,30,5970,0.0706,0.0168,1,69.58,80.33,33.74,73.94,89.36,85.46,89.31,0.4811,0.2966,83.07,82.41,34.3
66,1,CA1-V1,naive,10,-3,-30,5970,0.0811,0.041,1,78.52,80.93,66.23,67.41,89.36,85.46,89.31,0.5442,0.3116,83.07,82.41,34.3
66,1,CA1-V1,naive,10,4,40,5960,0.0537,0.0207,1,89.85,68.04,44.3,63.04,89.36,85.46,89.31,0.4612,0.243,83.07,82.41,34.3
66,1,CA1-V1,naive,10,-4,-40,5960,0.0399,0.0248,1,50.68,84.43,43.87,82.53,89.36,85.46,89.31,0.4387,0.199,83.07,82.41,34.3
66,1,CA1-V1,naive,10,5,50,5950,0.0829,0.0285,1,79.88,81.81,45.74,73.0,89.36,85.46,89.31,0.4958,0.2377,83.07,82.41,34.3
66,1,CA1-V1,naive,10,-5,-50,5950,0.0489,0.0226,1,76.7,76.1,47.13,84.04,89.36,85.46,89.31,0.4109,0.2033,83.07,82.41,34.3
66,1,CA1-V1,naive,10,7,70,5930,0.0432,0.0176,1,65.65,81.29,46.65,70.35,89.36,85.46,89.31,0.4437,0.2396,83.07,82.41,34.3
66,1,CA1-V1,naive,10,-7,-70,5930,0.0455,0.0226,1,73.51,78.92,33.89,88.71,89.36,85.46,89.31,0.4301,0.2675,83.07,82.41,34.3
66,1,CA1-V1,naive,10,10,100,5900,0.047,0.0124,1,79.79,83.11,55.55,73.25,89.36,85.46,89.31,0.4484,0.1435,83.07,82.41,34.3
66,1,CA1-V1,naive,10,-10,-100,5900,0.0714,0.0283,1,88.57,87.55,43.16,83.49,89.36,85.46,89.31,0.3991,0.2504,83.07,82.41,34.3
66,1,CA1-V1,naive,10,15,150,5850,-0.0114,0.0148,1,83.38,85.53,65.49,77.64,89.36,85.46,89.31,0.4577,0.2067,83.07,82.41,34.3
66,1,CA1-V1,naive,10,-15,-150,5850,0.0083,-0.0,1,61.3,83.67,56.02,89.3,89.36,85.46,89.31,0.4566,0.2163,83.07,82.41,34.3
66,1,CA1-V1,naive,10,20,200,5800,0.0505,0.014,1,84.52,81.92,59.94,25.32,89.36,85.46,89.31,0.5016,0.2536,83.07,82.41,34.3
66,1,CA1-V1,naive,10,-20,-200,5800,0.0333,0.0207,1,84.98,82.89,78.68,75.62,89.36,85.46,89.31,0.4479,0.2205,83.07,82.41,34.3
66,1,CA1-V1,naive,10,25,250,5750,0.0055,0.0172,1,65.09,83.24,83.41,87.79,89.36,85.46,89.31,0.4599,0.2283,83.07,82.41,34.3
66,1,CA1-V1,naive,10,-25,-250,5750,0.0398,0.0418,1,89.49,85.41,66.63,58.69,89.36,85.46,89.31,0.4386,0.3226,83.07,82.41,34.3
66,1,CA1-SUB,naive,10,0,0,6000,0.3057,0.1948,4,0.0,0.0,0.0,0.0,88.24,84.21,79.79,0.5278,0.2147,84.58,86.75,81.57
66,1,CA1-SUB,naive,10,1,10,5990,0.0474,0.0384,4,75.87,71.6,74.19,84.06,88.24,84.21,79.79,0.4059,0.1926,84.58,86.75,81.57
66,1,CA1-SUB,naive,10,-1,-10,5990,0.0753,0.0405,4,88.2,66.16,76.78,78.36,88.24,84.21,79.79,0.3991,0.1509,84.58,86.75,81.57
66,1,CA1-SUB,naive,10,2,20,5980,0.0511,0.009,4,89.41,75.24,86.52,81.19,88.24,84.21,79.79,0.3515,0.1278,84.58,86.75,81.57
66,1,CA1-SUB,naive,10,-2,-20,5980,0.0983,0.0316,4,88.35,61.05,87.71,80.26,88.24,84.21,79.79,0.3988,0.3328,84.58,86.75,81.57
66,1,CA1-SUB,naive,10,3,30,5970,0.0209,0.0245,4,68.12,76.37,62.13,83.48,88.24,84.21,79.79,0.4353,0.1635,84.58,86.75,81.57
66,1,CA1-SUB,naive,10,-3,-30,5970,0.046,0.0129,4,80.64,80.44,79.88,67.04,88.24,84.21,79.79,0.4462,0.2653,84.58,86.75,81.57
66,1,CA1-SUB,naive,10,4,40,5960,-0.0009,0.0092,4,77.52,87.93,89.58,68.7,88.24,84.21,79.79,0.4258,0.1639,84.58,86.75,81.57
66,1,CA1-SUB,naive,10,-4,-40,5960,0.0275,0.0281,4,81.5,74.59,88.86,66.34,88.24,84.21,79.79,0.4113,0.1662,84.58,86.75,81.57
66,1,CA1-SUB,naive,10,5,50,5950,0.0091,0.0155,4,85.63,88.42,64.18,83.58,88.24,84.21,79.79,0.4361,0.19,84.58,86.75,81.57
66,1,CA1-SUB,naive,10,-5,-50,5950,0.0659,0.034,4,86.33,89.3,69.58,63.12,88.24,84.21,79.79,0.4391,0.1887,84.58,86.75,81.57
66,1,CA1-SUB,naive,10,7,70,5930,0.0349,0.0012,4,87.39,87.93,84.79,69.78,88.24,84.21,79.79,0.439,0.1451,84.58,86.75,81.57
66,1,CA1-SUB,naive,10,-7,-70,5930,0.0454,0.0259,4,84.91,80.02,72.82,70.0,88.24,84.21,79.79,0.4528,0.1761,84.58,86.75,81.57
66,1,CA1-SUB,naive,10,10,100,5900,0.0292,0.0363,4,69.1,77.6,64.13,66.29,88.24,84.21,79.79,0.4431,0.1315,84.58,86.75,81.57
66,1,CA1-SUB,naive,10,-10,-100,5900,0.0381,0.0214,4,83.57,79.38,86.89,49.89,88.24,84.21,79.79,0.4461,0.1765,84.58,86.75,81.57
66,1,CA1-SUB,naive,10,15,150,5850,0.0225,0.0071,4,76.01,75.03,85.48,78.44,88.24,84.21,79.79,0.478,0.1871,84.58,86.75,81.57
66,1,CA1-SUB,naive,10,-15,-150,5850,0.0122,0.0214,4,89.56,80.23,38.33,70.91,88.24,84.21,79.79,0.4175,0.2532,84.58,86.75,81.57
66,1,CA1-SUB,naive,10,20,200,5800,-0.0258,0.0073,4,71.26,51.47,82.55,47.65,88.24,84.21,79.79,0.4209,0.113,84.58,86.75,81.57
66,1,CA1-SUB,naive,10,-20,-200,5800,0.0153,0.0132,4,86.4,71.69,56.37,75.6,88.24,84.21,79.79,0.4716,0.1619,84.58,86.75,81.57
66,1,CA1-SUB,naive,10,25,250,5750,0.0388,0.0107,4,88.81,82.24,67.41,86.62,88.24,84.21,79.79,0.4221,0.2021,84.58,86.75,81.57
66,1,CA1-SUB,naive,10,-25,-250,5750,-0.0053,0.0056,4,89.74,83.03,59.06,61.02,88.24,84.21,79.79,0.4604,0.1945,84.58,86.75,81.57
66,1,RSC-SUB,naive,10,0,0,6000,0.19,0.0892,1,0.0,0.0,0.0,0.0,85.63,58.32,60.31,0.4859,0.4421,85.06,89.89,78.64
66,1,RSC-SUB,naive,10,1,10,5990,0.2158,0.0893,1,67.22,82.23,38.34,19.55,85.63,58.32,60.31,0.3239,0.465,85.06,89.89,78.64
66,1,RSC-SUB,naive,10,-1,-10,5990,0.0999,0.0584,1,75.74,63.97,35.07,20.63,85.63,58.32,60.31,0.4862,0.3872,85.06,89.89,78.64
66,1,RSC-SUB,naive,10,2,20,5980,0.2334,0.1066,1,79.73,69.75,86.72,24.15,85.63,58.32,60.31,0.4812,0.4497,85.06,89.89,78.64
66,1,RSC-SUB,naive,10,-2,-20,5980,0.068,0.0447,1,87.94,62.74,58.92,50.55,85.63,58.32,60.31,0.4693,0.2123,85.06,89.89,78.64
66,1,RSC-SUB,naive,10,3,30,5970,0.1489,0.0609,1,75.89,85.47,80.23,27.59,85.63,58.32,60.31,0.4949,0.409,85.06,89.89,78.64
66,1,RSC-SUB,naive,10,-3,-30,5970,0.0691,0.03,1,89.62,84.28,63.21,39.72,85.63,58.32,60.31,0.4864,0.2471,85.06,89.89,78.64
66,1,RSC-SUB,naive,10,4,40,5960,0.0872,0.0207,1,82.93,57.15,84.68,33.59,85.63,58.32,60.31,0.3796,0.3081,85.06,89.89,78.64
66,1,RSC-SUB,naive,10,-4,-40,5960,0.0349,0.0381,1,74.75,62.82,72.01,82.2,85.63,58.32,60.31,0.4121,0.1775,85.06,89.89,78.64
66,1,RSC-SUB,naive,10,5,50,5950,0.0237,0.0148,1,79.52,71.46,74.22,40.32,85.63,58.32,60.31,0.4715,0.2339,85.06,89.89,78.64
66,1,RSC-SUB,naive,10,-5,-50,5950,0.0319,0.0259,1,84.12,69.51,69.55,70.21,85.63,58.32,60.31,0.46,0.1619,85.06,89.89,78.64
66,1,RSC-SUB,naive,10,7,70,5930,0.0399,0.0425,1,83.93,74.73,65.87,85.55,85.63,58.32,60.31,0.4126,0.1918,85.06,89.89,78.64
66,1,RSC-SUB,naive,10,-7,-70,5930,0.0355,-0.0019,1,88.11,68.05,66.6,58.15,85.63,58.32,60.31,0.4255,0.1847,85.06,89.89,78.64
66,1,RSC-SUB,naive,10,10,100,5900,0.0583,0.0234,1,88.73,68.94,76.33,86.16,85.63,58.32,60.31,0.4012,0.2024,85.06,89.89,78.64
66,1,RSC-SUB,naive,10,-10,-100,5900,0.0362,0.0183,1,78.99,83.29,72.82,72.08,85.63,58.32,60.31,0.4501,0.1427,85.06,89.89,78.64
66,1,RSC-SUB,naive,10,15,150,5850,0.046,0.032,1,82.35,80.39,81.51,55.08,85.63,58.32,60.31,0.4585,0.2003,85.06,89.89,78.64
66,1,RSC-SUB,naive,10,-15,-150,5850,0.0375,0.0288,1,86.94,45.3,79.56,89.13,85.63,58.32,60.31,0.3417,0.1714,85.06,89.89,78.64
66,1,RSC-SUB,naive,10,20,200,5800,0.0135,0.0112,1,69.74,75.91,65.58,82.71,85.63,58.32,60.31,0.5274,0.1348,85.06,89.89,78.64
66,1,RSC-SUB,naive,10,-20,-200,5800,0.0783,0.0347,1,82.41,86.32,85.89,68.16,85.63,58.32,60.31,0.3434,0.3615,85.06,89.89,78.64
66,1,RSC-SUB,naive,10,25,250,5750,0.019,-0.0093,1,88.94,82.81,87.24,64.43,85.63,58.32,60.31,0.4755,0.1582,85.06,89.89,78.64
66,1,RSC-SUB,naive,10,-25,-250,5750,0.0778,0.0391,1,87.04,74.03,86.32,69.92,85.63,58.32,60.31,0.4504,0.2863,85.06,89.89,78.64
66,1,V1-RSC,naive,10,0,0,6000,0.1535,0.1024,0,0.0,0.0,0.0,0.0,89.79,74.42,52.65,0.271,0.3691,67.66,84.18,57.25
66,1,V1-RSC,naive,10,1,10,5990,0.1573,0.0973,0,39.17,74.07,32.7,66.28,89.79,74.42,52.65,0.3523,0.3484,67.66,84.18,57.25
66,1,V1-RSC,naive,10,-1,-10,5990,0.1398,0.0831,0,55.88,87.96,23.79,41.98,89.79,74.42,52.65,0.2278,0.3795,67.66,84.18,57.25
66,1,V1-RSC,naive,10,2,20,5980,0.2017,0.0967,0,81.0,75.34,36.32,74.4,89.79,74.42,52.65,0.3649,0.3777,67.66,84.18,57.25
66,1,V1-RSC,naive,10,-2,-20,5980,0.1173,0.075,0,82.61,73.2,42.12,36.88,89.79,74.42,52.65,0.287,0.4371,67.66,84.18,57.25
66,1,V1-RSC,naive,10,3,30,5970,0.1883,0.0987,0,89.44,65.16,39.98,37.12,89.79,74.42,52.65,0.3542,0.3252,67.66,84.18,57.25
66,1,V1-RSC,naive,10,-3,-30,5970,0.0921,0.0729,0,84.93,59.44,50.42,42.09,89.79,74.42,52.65,0.256,0.376,67.66,84.18,57.25
66,1,V1-RSC,naive,10,4,40,5960,0.1699,0.1111,0,82.79,84.65,39.64,41.69,89.79,74.42,52.65,0.3232,0.4339,67.66,84.18,57.25
66,1,V1-RSC,naive,10,-4,-40,5960,0.1022,0.0576,0,67.73,76.67,51.3,67.63,89.79,74.42,52.65,0.2227,0.4209,67.66,84.18,57.25
66,1,V1-RSC,naive,10,5,50,5950,0.1201,0.0886,0,86.24,71.1,48.73,51.48,89.79,74.42,52.65,0.267,0.4075,67.66,84.18,57.25
66,1,V1-RSC,naive,10,-5,-50,5950,0.0803,0.0713,0,88.51,76.04,65.57,69.51,89.79,74.42,52.65,0.2087,0.38,67.66,84.18,57.25
66,1,V1-RSC,naive,10,7,70,5930,0.0723,0.0698,0,83.88,87.84,63.85,46.16,89.79,74.42,52.65,0.2126,0.3145,67.66,84.18,57.25
66,1,V1-RSC,naive,10,-7,-70,5930,0.0602,0.0492,0,78.86,74.84,61.83,84.94,89.79,74.42,52.65,0.2984,0.4477,67.66,84.18,57.25
66,1,V1-RSC,naive,10,10,100,5900,0.0893,0.0536,0,82.17,76.29,75.72,73.8,89.79,74.42,52.65,0.2145,0.4306,67.66,84.18,57.25
66,1,V1-RSC,naive,10,-10,-100,5900,0.1129,0.0604,0,58.08,79.62,72.05,48.56,89.79,74.42,52.65,0.3549,0.415,67.66,84.18,57.25
66,1,V1-RSC,naive,10,15,150,5850,0.1192,0.0429,0,73.9,66.02,74.52,89.64,89.79,74.42,52.65,0.2422,0.4371,67.66,84.18,57.25
66,1,V1-RSC,naive,10,-15,-150,5850,0.1127,0.0693,0,80.17,88.63,74.03,72.31,89.79,74.42,52.65,0.2713,0.4374,67.66,84.18,57.25
66,1,V1-RSC,naive,10,20,200,5800,0.1576,0.0763,0,60.9,72.54,61.76,78.83,89.79,74.42,52.65,0.2341,0.3895,67.66,84.18,57.25
66,1,V1-RSC,naive,10,-20,-200,5800,0.1095,0.077,0,88.4,71.62,75.41,73.7,89.79,74.42,52.65,0.2381,0.4807,67.66,84.18,57.25
66,1,V1-RSC,naive,10,25,250,5750,0.0744,0.0513,0,81.24,75.48,66.96,87.03,89.79,74.42,52.65,0.2531,0.409,67.66,84.18,57.25
66,1,V1-RSC,naive,10,-25,-250,5750,0.2102,0.0773,0,88.32,59.4,83.58,41.08,89.79,74.42,52.65,0.3757,0.4352,67.66,84.18,57.25
66,1,CA1-RSC,intermediate,10,0,0,6000,0.2774,0.0945,1,0.0,0.0,0.0,0.0,87.52,88.9,66.33,0.9096,0.6526,84.16,70.26,25.51
66,1,CA1-RSC,intermediate,10,1,10,5990,0.0103,0.0137,1,82.44,87.27,10.32,61.4,87.52,88.9,66.33,0.5713,0.3057,84.16,70.26,25.51
66,1,CA1-RSC,intermediate,10,-1,-10,5990,0.0195,0.0188,1,78.85,69.43,6.59,21.85,87.52,88.9,66.33,0.6019,0.3192,84.16,70.26,25.51
66,1,CA1-RSC,intermediate,10,2,20,5980,-0.0288,0.005,1,49.63,70.44,48.22,73.1,87.52,88.9,66.33,0.6525,0.3308,84.16,70.26,25.51
66,1,CA1-RSC,intermediate,10,-2,-20,5980,0.0263,0.0109,1,80.77,86.9,7.94,33.06,87.52,88.9,66.33,0.6539,0.3631,84.16,70.26,25.51
66,1,CA1-RSC,intermediate,10,3,30,5970,-0.0105,0.0089,1,85.7,84.98,14.91,62.51,87.52,88.9,66.33,0.5778,0.3181,84.16,70.26,25.51
66,1,CA1-RSC,intermediate,10,-3,-30,5970,0.0114,0.0142,1,84.26,80.96,6.24,58.82,87.52,88.9,66.33,0.6408,0.3676,84.16,70.26,25.51
66,1,CA1-RSC,intermediate,10,4,40,5960,0.0124,0.0111,1,81.57,88.57,13.24,27.93,87.52,88.9,66.33,0.5151,0.3471,84.16,70.26,25.51
66,1,CA1-RSC,intermediate,10,-4,-40,5960,0.0026,0.0119,1,75.32,88.52,10.72,84.64,87.52,88.9,66.33,0.654,0.3597,84.16,70.26,25.51
66,1,CA1-RSC,intermediate,10,5,50,5950,0.0537,0.0401,1,76.24,87.31,27.3,61.19,87.52,88.9,66.33,0.477,0.3563,84.16,70.26,25.51
66,1,CA1-RSC,intermediate,10,-5,-50,5950,0.047,0.0179,1,62.96,71.05,16.13,72.98,87.52,88.9,66.33,0.66,0.3641,84.16,70.26,25.51
66,1,CA1-RSC,intermediate,10,7,70,5930,0.0195,0.0151,1,80.25,84.84,15.67,84.88,87.52,88.9,66.33,0.4797,0.2931,84.16,70.26,25.51
66,1,CA1-RSC,intermediate,10,-7,-70,5930,0.0015,0.0167,1,70.76,84.56,8.42,73.91,87.52,88.9,66.33,0.609,0.3391,84.16,70.26,25.51
66,1,CA1-RSC,intermediate,10,10,100,5900,-0.0083,0.005,1,82.67,78.61,33.57,86.85,87.52,88.9,66.33,0.6428,0.3223,84.16,70.26,25.51
66,1,CA1-RSC,intermediate,10,-10,-100,5900,0.024,0.0098,1,74.63,73.87,21.8,71.55,87.52,88.9,66.33,0.699,0.2955,84.16,70.26,25.51
66,1,CA1-RSC,intermediate,10,15,150,5850,-0.0208,-0.0068,1,87.83,86.31,78.17,81.52,87.52,88.9,66.33,0.6023,0.2441,84.16,70.26,25.51
66,1,CA1-RSC,intermediate,10,-15,-150,5850,0.0078,0.0077,1,83.04,87.5,34.73,86.75,87.52,88.9,66.33,0.6403,0.3123,84.16,70.26,25.51
66,1,CA1-RSC,intermediate,10,20,200,5800,0.0467,0.0218,1,86.98,89.6,33.46,85.04,87.52,88.9,66.33,0.67,0.3179,84.16,70.26,25.51
66,1,CA1-RSC,intermediate,10,-20,-200,5800,0.0006,0.002,1,79.56,81.63,12.12,62.62,87.52,88.9,66.33,0.6221,0.2818,84.16,70.26,25.51
66,1,CA1-RSC,intermediate,10,25,250,5750,-0.0196,-0.0065,1,61.11,89.0,21.14,89.12,87.52,88.9,66.33,0.5294,0.2659,84.16,70.26,25.51
66,1,CA1-RSC,intermediate,10,-25,-250,5750,0.038,0.0082,1,87.82,89.66,15.79,77.64,87.52,88.9,66.33,0.5617,0.3487,84.16,70.26,25.51
66,1,CA1-DG,intermediate,10,0,0,6000,0.2676,0.1629,1,0.0,0.0,0.0,0.0,64.35,86.0,62.36,0.7306,0.3017,82.8,63.16,52.09
66,1,CA1-DG,intermediate,10,1,10,5990,0.198,0.1099,1,33.68,60.16,32.1,62.35,64.35,86.0,62.36,0.563,0.2808,82.8,63.16,52.09
66,1,CA1-DG,intermediate,10,-1,-10,5990,0.2061,0.1271,1,69.88,69.46,18.96,55.78,64.35,86.0,62.36,0.5567,0.339,82.8,63.16,52.09
66,1,CA1-DG,intermediate,10,2,20,5980,0.1961,0.1047,1,88.53,72.8,78.43,70.69,64.35,86.0,62.36,0.5181,0.3126,82.8,63.16,52.09
66,1,CA1-DG,intermediate,10,-2,-20,5980,0.1528,0.0928,1,76.41,78.97,83.4,57.44,64.35,86.0,62.36,0.5909,0.3125,82.8,63.16,52.09
66,1,CA1-DG,intermediate,10,3,30,5970,0.1645,0.0944,1,44.03,81.53,34.56,77.11,64.35,86.0,62.36,0.5888,0.322,82.8,63.16,52.09
66,1,CA1-DG,intermediate,10,-3,-30,5970,0.1871,0.0985,1,78.89,87.78,79.25,61.2,64.35,86.0,62.36,0.5493,0.3422,82.8,63.16,52.09
66,1,CA1-DG,intermediate,10,4,40,5960,0.1757,0.0849,1,72.19,70.42,22.33,69.03,64.35,86.0,62.36,0.5979,0.2431,82.8,63.16,52.09
66,1,CA1-DG,intermediate,10,-4,-40,5960,0.1804,0.0905,1,76.05,87.61,33.41,64.7,64.35,86.0,62.36,0.5588,0.3188,82.8,63.16,52.09
66,1,CA1-DG,intermediate,10,5,50,5950,0.1698,0.0856,1,82.16,85.21,17.24,79.0,64.35,86.0,62.36,0.6537,0.356,82.8,63.16,52.09
66,1,CA1-DG,intermediate,10,-5,-50,5950,0.1723,0.0967,1,83.23,86.1,53.68,72.89,64.35,86.0,62.36,0.6221,0.306,82.8,63.16,52.09
66,1,CA1-DG,intermediate,10,7,70,5930,0.1649,0.0818,1,55.1,74.0,42.92,78.28,64.35,86.0,62.36,0.571,0.34,82.8,63.16,52.09
66,1,CA1-DG,intermediate,10,-7,-70,5930,0.172,0.0691,1,60.26,85.7,34.75,70.72,64.35,86.0,62.36,0.5784,0.3097,82.8,63.16,52.09
66,1,CA1-DG,intermediate,10,10,100,5900,0.1371,0.0619,1,70.26,85.26,27.3,69.27,64.35,86.0,62.36,0.606,0.2809,82.8,63.16,52.09
66,1,CA1-DG,intermediate,10,-10,-100,5900,0.1096,0.0693,1,66.56,88.19,20.43,80.94,64.35,86.0,62.36,0.6571,0.2675,82.8,63.16,52.09
66,1,CA1-DG,intermediate,10,15,150,5850,0.1415,0.0714,1,63.2,79.93,28.73,63.77,64.35,86.0,62.36,0.6266,0.2845,82.8,63.16,52.09
66,1,CA1-DG,intermediate,10,-15,-150,5850,0.1363,0.0748,1,67.21,89.63,14.15,64.72,64.35,86.0,62.36,0.6091,0.2834,82.8,63.16,52.09
66,1,CA1-DG,intermediate,10,20,200,5800,0.0889,0.0521,1,64.99,83.81,23.09,77.43,64.35,86.0,62.36,0.6274,0.271,82.8,63.16,52.09
66,1,CA1-DG,intermediate,10,-20,-200,5800,0.1305,0.0547,1,77.68,89.67,42.04,73.17,64.35,86.0,62.36,0.5768,0.2626,82.8,63.16,52.09
66,1,CA1-DG,intermediate,10,25,250,5750,0.0701,0.0518,1,55.04,86.97,49.32,70.72,64.35,86.0,62.36,0.5133,0.2611,82.8,63.16,52.09
66,1,CA1-DG,intermediate,10,-25,-250,5750,0.0704,0.0387,1,58.95,84.04,16.35,65.29,64.35,86.0,62.36,0.6452,0.1955,82.8,63.16,52.09
66,1,CA1-V1,intermediate,10,0,0,6000,0.4352,0.1647,1,0.0,0.0,0.0,0.0,81.46,87.97,66.35,0.9404,0.7336,87.83,86.84,50.27
66,1,CA1-V1,intermediate,10,1,10,5990,0.0265,0.051,1,57.78,53.99,31.92,70.53,81.46,87.97,66.35,0.6623,0.3726,87.83,86.84,50.27
66,1,CA1-V1,intermediate,10,-1,-10,5990,0.0767,0.0315,1,59.5,69.54,8.09,41.87,81.46,87.97,66.35,0.6507,0.3418,87.83,86.84,50.27
66,1,CA1-V1,intermediate,10,2,20,5980,0.0206,0.0139,1,85.81,73.23,22.32,67.14,81.46,87.97,66.35,0.641,0.2625,87.83,86.84,50.27
66,1,CA1-V1,intermediate,10,-2,-20,5980,0.015,0.0187,1,62.77,73.33,88.1,65.01,81.46,87.97,66.35,0.5377,0.2533,87.83,86.84,50.27
66,1,CA1-V1,intermediate,10,3,30,5970,0.0251,0.0116,1,85.71,84.01,89.82,76.19,81.46,87.97,66.35,0.5992,0.2429,87.83,86.84,50.27
66,1,CA1-V1,intermediate,10,-3,-30,5970,-0.0017,-0.0019,1,65.93,64.56,46.96,63.63,81.46,87.97,66.35,0.6236,0.2775,87.83,86.84,50.27
66,1,CA1-V1,intermediate,10,4,40,5960,0.0053,0.025,1,84.81,86.97,46.56,67.15,81.46,87.97,66.35,0.6113,0.3016,87.83,86.84,50.27
66,1,CA1-V1,intermediate,10,-4,-40,5960,0.0104,0.0151,1,69.15,56.96,44.97,74.25,81.46,87.97,66.35,0.6096,0.219,87.83,86.84,50.27
66,1,CA1-V1,intermediate,10,5,50,5950,0.0128,0.017,1,88.93,81.29,61.27,67.61,81.46,87.97,66.35,0.6201,0.2423,87.83,86.84,50.27
66,1,CA1-V1,intermediate,10,-5,-50,5950,0.0245,0.0017,1,75.14,85.01,22.79,72.66,81.46,87.97,66.35,0.6578,0.248,87.83,86.84,50.27
66,1,CA1-V1,intermediate,10,7,70,5930,-0.0003,0.0064,1,86.24,86.05,11.63,84.49,81.46,87.97,66.35,0.5944,0.2418,87.83,86.84,50.27
66,1,CA1-V1,intermediate,10,-7,-70,5930,0.0116,0.0165,1,75.72,78.47,11.53,83.38,81.46,87.97,66.35,0.6161,0.2423,87.83,86.84,50.27
66,1,CA1-V1,intermediate,10,10,100,5900,0.0092,0.0023,1,57.65,85.92,15.12,89.69,81.46,87.97,66.35,0.6357,0.2588,87.83,86.84,50.27
66,1,CA1-V1,intermediate,10,-10,-100,5900,0.012,0.0104,1,62.2,63.31,31.77,87.84,81.46,87.97,66.35,0.6346,0.2217,87.83,86.84,50.27
66,1,CA1-V1,intermediate,10,15,150,5850,0.0331,0.0267,1,89.11,86.7,7.67,55.0,81.46,87.97,66.35,0.6687,0.2596,87.83,86.84,50.27
66,1,CA1-V1,intermediate,10,-15,-150,5850,0.0634,0.0141,1,75.93,69.21,45.68,63.98,81.46,87.97,66.35,0.5037,0.2956,87.83,86.84,50.27
66,1,CA1-V1,intermediate,10,20,200,5800,0.0238,0.0226,1,89.13,80.75,24.64,54.8,81.46,87.97,66.35,0.666,0.2758,87.83,86.84,50.27
66,1,CA1-V1,intermediate,10,-20,-200,5800,0.0248,0.0044,1,82.68,86.71,11.73,45.65,81.46,87.97,66.35,0.6513,0.2747,87.83,86.84,50.27
66,1,CA1-V1,intermediate,10,25,250,5750,0.0086,0.0057,1,58.7,83.39,52.82,83.23,81.46,87.97,66.35,0.564,0.2607,87.83,86.84,50.27
66,1,CA1-V1,intermediate,10,-25,-250,5750,0.0584,0.0146,1,68.16,74.75,10.78,82.21,81.46,87.97,66.35,0.6191,0.2091,87.83,86.84,50.27
66,1,CA1-SUB,intermediate,10,0,0,6000,0.1726,0.083,1,0.0,0.0,0.0,0.0,89.14,68.21,66.87,0.8593,0.3168,87.01,71.39,50.02
66,1,CA1-SUB,intermediate,10,1,10,5990,0.0329,0.0185,1,72.84,87.63,26.02,69.47,89.14,68.21,66.87,0.5584,0.1944,87.01,71.39,50.02
66,1,CA1-SUB,intermediate,10,-1,-10,5990,0.0113,0.03,1,81.12,67.72,36.42,56.71,89.14,68.21,66.87,0.623,0.2138,87.01,71.39,50.02
66,1,CA1-SUB,intermediate,10,2,20,5980,0.0446,0.0093,1,87.78,68.98,67.82,80.84,89.14,68.21,66.87,0.6391,0.2387,87.01,71.39,50.02
66,1,CA1-SUB,intermediate,10,-2,-20,5980,0.0396,0.0322,1,89.47,87.81,29.32,59.61,89.14,68.21,66.87,0.6474,0.2516,87.01,71.39,50.02
66,1,CA1-SUB,intermediate,10,3,30,5970,0.0446,0.0149,1,85.68,76.2,47.29,75.37,89.14,68.21,66.87,0.4903,0.2181,87.01,71.39,50.02
66,1,CA1-SUB,intermediate,10,-3,-30,5970,0.001,0.0094,1,79.51,76.58,16.48,76.02,89.14,68.21,66.87,0.6625,0.2046,87.01,71.39,50.02
66,1,CA1-SUB,intermediate,10,4,40,5960,0.0362,0.0228,1,81.8,88.87,36.77,75.3,89.14,68.21,66.87,0.6218,0.1988,87.01,71.39,50.02
66,1,CA1-SUB,intermediate,10,-4,-40,5960,0.0515,0.0381,1,67.39,74.0,36.63,62.52,89.14,68.21,66.87,0.5987,0.1869,87.01,71.39,50.02
66,1,CA1-SUB,intermediate,10,5,50,5950,0.0037,0.0223,1,81.52,81.34,33.54,55.63,89.14,68.21,66.87,0.5885,0.2394,87.01,71.39,50.02
66,1,CA1-SUB,intermediate,10,-5,-50,5950,0.0492,0.0283,1,79.47,56.64,25.57,89.46,89.14,68.21,66.87,0.6161,0.1863,87.01,71.39,50.02
66,1,CA1-SUB,intermediate,10,7,70,5930,-0.006,0.0086,1,82.0,79.0,35.06,65.77,89.14,68.21,66.87,0.6446,0.205,87.01,71.39,50.02
66,1,CA1-SUB,intermediate,10,-7,-70,5930,0.0236,0.0042,1,84.1,75.72,13.94,79.94,89.14,68.21,66.87,0.6446,0.2506,87.01,71.39,50.02
66,1,CA1-SUB,intermediate,10,10,100,5900,0.0154,0.0143,1,83.79,83.23,29.44,70.07,89.14,68.21,66.87,0.6494,0.1739,87.01,71.39,50.02
66,1,CA1-SUB,intermediate,10,-10,-100,5900,0.0395,0.0133,1,81.51,70.6,44.85,64.02,89.14,68.21,66.87,0.6118,0.2601,87.01,71.39,50.02
66,1,CA1-SUB,intermediate,10,15,150,5850,-0.0961,-0.0335,1,88.78,77.09,61.84,70.79,89.14,68.21,66.87,0.7471,0.5611,87.01,71.39,50.02
66,1,CA1-SUB,intermediate,10,-15,-150,5850,0.0298,0.0187,1,88.78,64.24,86.5,67.13,89.14,68.21,66.87,0.6113,0.2104,87.01,71.39,50.02
66,1,CA1-SUB,intermediate,10,20,200,5800,0.0283,0.0233,1,86.55,75.7,88.24,57.66,89.14,68.21,66.87,0.6644,0.2172,87.01,71.39,50.02
66,1,CA1-SUB,intermediate,10,-20,-200,5800,0.0229,0.0479,1,74.6,87.1,8.87,89.02,89.14,68.21,66.87,0.5558,0.271,87.01,71.39,50.02
66,1,CA1-SUB,intermediate,10,25,250,5750,0.0111,0.0116,1,77.02,83.66,15.68,86.85,89.14,68.21,66.87,0.5854,0.1585,87.01,71.39,50.02
66,1,CA1-SUB,intermediate,10,-25,-250,5750,0.0356,0.0108,1,78.33,89.58,42.4,70.26,89.14,68.21,66.87,0.6393,0.2006,87.01,71.39,50.02
66,1,RSC-SUB,intermediate,10,0,0,6000,0.27,0.1311,1,0.0,0.0,0.0,0.0,83.21,79.96,30.74,0.5041,0.6279,85.4,80.07,89.61
66,1,RSC-SUB,intermediate,10,1,10,5990,0.243,0.1099,1,89.7,85.61,62.1,2.16,83.21,79.96,30.74,0.4547,0.6341,85.4,80.07,89.61
66,1,RSC-SUB,intermediate,10,-1,-10,5990,0.2588,0.1086,1,54.48,45.16,21.24,5.54,83.21,79.96,30.74,0.5898,0.706,85.4,80.07,89.61
66,1,RSC-SUB,intermediate,10,2,20,5980,0.3238,0.1246,1,83.11,81.5,79.5,4.33,83.21,79.96,30.74,0.628,0.7443,85.4,80.07,89.61
66,1,RSC-SUB,intermediate,10,-2,-20,5980,0.1593,0.0848,1,83.2,72.33,63.93,10.45,83.21,79.96,30.74,0.4435,0.5423,85.4,80.07,89.61
66,1,RSC-SUB,intermediate,10,3,30,5970,0.3015,0.115,1,79.5,73.95,88.31,6.38,83.21,79.96,30.74,0.4444,0.6974,85.4,80.07,89.61
66,1,RSC-SUB,intermediate,10,-3,-30,5970,0.179,0.0873,1,83.25,78.0,81.72,11.74,83.21,79.96,30.74,0.4784,0.577,85.4,80.07,89.61
66,1,RSC-SUB,intermediate,10,4,40,5960,0.2424,0.1122,1,87.78,82.36,89.27,9.31,83.21,79.96,30.74,0.4211,0.6492,85.4,80.07,89.61
66,1,RSC-SUB,intermediate,10,-4,-40,5960,0.0925,0.06,1,76.36,76.09,75.64,52.33,83.21,79.96,30.74,0.3257,0.4322,85.4,80.07,89.61
66,1,RSC-SUB,intermediate,10,5,50,5950,0.048,0.0562,1,81.59,84.06,87.83,17.99,83.21,79.96,30.74,0.3147,0.2891,85.4,80.07,89.61
66,1,RSC-SUB,intermediate,10,-5,-50,5950,0.0938,0.0367,1,80.58,88.82,74.06,65.96,83.21,79.96,30.74,0.2465,0.2655,85.4,80.07,89.61
66,1,RSC-SUB,intermediate,10,7,70,5930,0.0997,0.0463,1,89.71,70.85,78.32,74.2,83.21,79.96,30.74,0.2905,0.336,85.4,80.07,89.61
66,1,RSC-SUB,intermediate,10,-7,-70,5930,0.0467,0.0378,1,89.93,76.02,78.01,73.84,83.21,79.96,30.74,0.3894,0.2648,85.4,80.07,89.61
66,1,RSC-SUB,intermediate,10,10,100,5900,0.0628,0.0267,1,88.59,72.79,82.54,72.97,83.21,79.96,30.74,0.3065,0.2761,85.4,80.07,89.61
66,1,RSC-SUB,intermediate,10,-10,-100,5900,0.0852,0.0493,1,80.62,56.86,75.06,80.85,83.21,79.96,30.74,0.2659,0.2274,85.4,80.07,89.61
66,1,RSC-SUB,intermediate,10,15,150,5850,0.0753,0.0301,1,87.62,81.02,85.92,87.06,83.21,79.96,30.74,0.2404,0.2016,85.4,80.07,89.61
66,1,RSC-SUB,intermediate,10,-15,-150,5850,0.118,0.0595,1,89.35,86.41,85.93,89.25,83.21,79.96,30.74,0.3449,0.3147,85.4,80.07,89.61
66,1,RSC-SUB,intermediate,10,20,200,5800,0.0762,0.0191,1,81.67,76.17,59.42,80.27,83.21,79.96,30.74,0.3337,0.2499,85.4,80.07,89.61
66,1,RSC-SUB,intermediate,10,-20,-200,5800,0.1103,0.0334,1,86.08,70.14,85.33,81.77,83.21,79.96,30.74,0.389,0.425,85.4,80.07,89.61
66,1,RSC-SUB,intermediate,10,25,250,5750,0.0303,0.0195,1,87.63,80.99,85.51,83.97,83.21,79.96,30.74,0.3373,0.1787,85.4,80.07,89.61
66,1,RSC-SUB,intermediate,10,-25,-250,5750,0.0899,0.047,1,88.34,72.26,89.14,78.09,83.21,79.96,30.74,0.2636,0.2488,85.4,80.07,89.61
66,1,V1-RSC,intermediate,10,0,0,6000,0.1557,0.0606,0,0.0,0.0,0.0,0.0,82.48,81.59,54.76,0.3192,0.2635,82.6,88.5,71.17
66,1,V1-RSC,intermediate,10,1,10,5990,0.1296,0.0646,0,41.7,69.04,18.23,28.4,82.48,81.59,54.76,0.3359,0.3509,82.6,88.5,71.17
66,1,V1-RSC,intermediate,10,-1,-10,5990,0.0117,0.0209,0,77.06,80.56,70.3,68.16,82.48,81.59,54.76,0.2397,0.3719,82.6,88.5,71.17
66,1,V1-RSC,intermediate,10,2,20,5980,0.1335,0.0607,0,56.58,71.59,43.67,42.88,82.48,81.59,54.76,0.3189,0.3614,82.6,88.5,71.17
66,1,V1-RSC,intermediate,10,-2,-20,5980,0.0999,0.0426,0,82.86,83.59,44.4,75.68,82.48,81.59,54.76,0.3147,0.2932,82.6,88.5,71.17
66,1,V1-RSC,intermediate,10,3,30,5970,0.1198,0.0607,0,71.78,78.18,41.72,49.0,82.48,81.59,54.76,0.2673,0.3838,82.6,88.5,71.17
66,1,V1-RSC,intermediate,10,-3,-30,5970,0.1097,0.0639,0,59.79,83.98,63.25,86.7,82.48,81.59,54.76,0.3264,0.4457,82.6,88.5,71.17
66,1,V1-RSC,intermediate,10,4,40,5960,0.0466,0.0559,0,69.52,76.45,60.02,78.8,82.48,81.59,54.76,0.33,0.3558,82.6,88.5,71.17
66,1,V1-RSC,intermediate,10,-4,-40,5960,0.0535,0.0337,0,81.89,79.24,62.46,55.71,82.48,81.59,54.76,0.2464,0.3817,82.6,88.5,71.17
66,1,V1-RSC,intermediate,10,5,50,5950,0.0406,0.0407,0,74.11,84.68,65.39,70.65,82.48,81.59,54.76,0.293,0.3729,82.6,88.5,71.17
66,1,V1-RSC,intermediate,10,-5,-50,5950,0.076,0.0426,0,78.53,87.52,64.3,47.66,82.48,81.59,54.76,0.2937,0.3286,82.6,88.5,71.17
66,1,V1-RSC,intermediate,10,7,70,5930,0.0008,0.0194,0,83.71,82.82,76.59,89.11,82.48,81.59,54.76,0.2586,0.3974,82.6,88.5,71.17
66,1,V1-RSC,intermediate,10,-7,-70,5930,0.0978,0.0315,0,87.86,83.56,51.26,59.58,82.48,81.59,54.76,0.3695,0.2909,82.6,88.5,71.17
66,1,V1-RSC,intermediate,10,10,100,5900,0.0274,0.0246,0,69.87,88.78,68.13,88.2,82.48,81.59,54.76,0.2265,0.3336,82.6,88.5,71.17
66,1,V1-RSC,intermediate,10,-10,-100,5900,0.0547,0.0245,0,61.63,71.63,58.17,54.08,82.48,81.59,54.76,0.3536,0.2997,82.6,88.5,71.17
66,1,V1-RSC,intermediate,10,15,150,5850,0.0156,0.0193,0,89.9,84.7,86.59,89.26,82.48,81.59,54.76,0.2132,0.2796,82.6,88.5,71.17
66,1,V1-RSC,intermediate,10,-15,-150,5850,0.0714,0.0341,0,87.74,78.64,51.96,51.57,82.48,81.59,54.76,0.3478,0.3324,82.6,88.5,71.17
66,1,V1-RSC,intermediate,10,20,200,5800,0.0131,0.0253,0,78.28,78.39,54.12,79.11,82.48,81.59,54.76,0.3216,0.2798,82.6,88.5,71.17
66,1,V1-RSC,intermediate,10,-20,-200,5800,0.0807,0.0383,0,85.15,77.37,68.51,65.96,82.48,81.59,54.76,0.2929,0.3112,82.6,88.5,71.17
66,1,V1-RSC,intermediate,10,25,250,5750,0.0791,0.0549,0,88.57,85.14,56.77,83.45,82.48,81.59,54.76,0.2697,0.35,82.6,88.5,71.17
66,1,V1-RSC,intermediate,10,-25,-250,5750,0.1239,0.0517,0,77.8,86.85,78.93,62.1,82.48,81.59,54.76,0.3163,0.3627,82.6,88.5,71.17
66,1,CA1-RSC,expert,10,0,0,6000,0.1172,0.0619,0,0.0,0.0,0.0,0.0,86.97,84.73,81.52,0.4806,0.3775,74.73,82.27,47.85
66,1,CA1-RSC,expert,10,1,10,5990,0.0392,0.0279,0,88.92,71.96,85.27,77.13,86.97,84.73,81.52,0.3578,0.2661,74.73,82.27,47.85
66,1,CA1-RSC,expert,10,-1,-10,5990,0.0007,-0.0079,0,89.9,71.92,80.24,87.39,86.97,84.73,81.52,0.3624,0.3039,74.73,82.27,47.85
66,1,CA1-RSC,expert,10,2,20,5980,0.0789,0.0236,0,79.59,69.91,74.43,80.32,86.97,84.73,81.52,0.3994,0.2911,74.73,82.27,47.85
66,1,CA1-RSC,expert,10,-2,-20,5980,0.0355,0.0033,0,88.8,49.39,70.32,55.23,86.97,84.73,81.52,0.3504,0.3273,74.73,82.27,47.85
66,1,CA1-RSC,expert,10,3,30,5970,0.0646,0.032,0,66.8,70.17,58.3,83.62,86.97,84.73,81.52,0.3675,0.332,74.73,82.27,47.85
66,1,CA1-RSC,expert,10,-3,-30,5970,0.0252,0.0249,0,76.55,67.65,84.64,85.5,86.97,84.73,81.52,0.3151,0.2872,74.73,82.27,47.85
66,1,CA1-RSC,expert,10,4,40,5960,0.0432,0.0193,0,81.31,70.47,77.53,71.19,86.97,84.73,81.52,0.3506,0.2281,74.73,82.27,47.85
66,1,CA1-RSC,expert,10,-4,-40,5960,0.0117,0.0103,0,71.26,85.55,88.38,63.86,86.97,84.73,81.52,0.3159,0.1881,74.73,82.27,47.85
66,1,CA1-RSC,expert,10,5,50,5950,0.0399,0.0363,0,77.57,81.77,84.47,89.8,86.97,84.73,81.52,0.4081,0.2869,74.73,82.27,47.85
66,1,CA1-RSC,expert,10,-5,-50,5950,-0.0064,0.0019,0,89.48,81.92,86.21,78.45,86.97,84.73,81.52,0.3537,0.2124,74.73,82.27,47.85
66,1,CA1-RSC,expert,10,7,70,5930,0.0379,0.0135,0,83.09,83.18,85.97,74.29,86.97,84.73,81.52,0.3191,0.2016,74.73,82.27,47.85
66,1,CA1-RSC,expert,10,-7,-70,5930,0.0126,-0.0007,0,89.12,75.06,71.21,89.3,86.97,84.73,81.52,0.3706,0.2336,74.73,82.27,47.85
66,1,CA1-RSC,expert,10,10,100,5900,-0.0237,-0.0002,0,86.27,66.41,62.73,80.78,86.97,84.73,81.52,0.362,0.1828,74.73,82.27,47.85
66,1,CA1-RSC,expert,10,-10,-100,5900,0.0178,0.0093,0,83.24,89.48,71.2,80.03,86.97,84.73,81.52,0.3361,0.2889,74.73,82.27,47.85
66,1,CA1-RSC,expert,10,15,150,5850,0.0344,0.0127,0,78.41,64.05,87.31,86.5,86.97,84.73,81.52,0.2922,0.3254,74.73,82.27,47.85
66,1,CA1-RSC,expert,10,-15,-150,5850,-0.0028,-0.0043,0,84.27,84.35,71.61,85.37,86.97,84.73,81.52,0.3558,0.2581,74.73,82.27,47.85
66,1,CA1-RSC,expert,10,20,200,5800,0.0304,0.0437,0,82.29,79.98,84.87,69.92,86.97,84.73,81.52,0.4743,0.2954,74.73,82.27,47.85
66,1,CA1-RSC,expert,10,-20,-200,5800,0.0358,0.014,0,85.02,85.33,78.47,79.75,86.97,84.73,81.52,0.3761,0.2893,74.73,82.27,47.85
66,1,CA1-RSC,expert,10,25,250,5750,0.061,0.0208,0,79.22,83.45,81.32,88.4,86.97,84.73,81.52,0.4173,0.2878,74.73,82.27,47.85
66,1,CA1-RSC,expert,10,-25,-250,5750,0.0397,0.0191,0,70.67,84.43,85.72,74.02,86.97,84.73,81.52,0.3349,0.3257,74.73,82.27,47.85
66,1,CA1-DG,expert,10,0,0,6000,0.2204,0.1399,1,0.0,0.0,0.0,0.0,83.39,63.82,84.68,0.3048,0.2692,67.99,87.47,58.26
66,1,CA1-DG,expert,10,1,10,5990,0.1771,0.1043,1,53.61,51.63,83.87,85.48,83.39,63.82,84.68,0.3131,0.3007,67.99,87.47,58.26
66,1,CA1-DG,expert,10,-1,-10,5990,0.2072,0.1488,1,81.1,59.53,44.8,54.93,83.39,63.82,84.68,0.2889,0.3289,67.99,87.47,58.26
66,1,CA1-DG,expert,10,2,20,5980,0.1941,0.1156,1,57.25,64.58,89.73,80.05,83.39,63.82,84.68,0.3358,0.2982,67.99,87.47,58.26
66,1,CA1-DG,expert,10,-2,-20,5980,0.1575,0.1086,1,83.21,88.19,59.32,68.86,83.39,63.82,84.68,0.3251,0.2553,67.99,87.47,58.26
66,1,CA1-DG,expert,10,3,30,5970,0.1857,0.1072,1,78.4,86.65,80.83,79.41,83.39,63.82,84.68,0.3367,0.2847,67.99,87.47,58.26
66,1,CA1-DG,expert,10,-3,-30,5970,0.2239,0.1093,1,87.9,75.58,50.35,68.31,83.39,63.82,84.68,0.3428,0.3302,67.99,87.47,58.26
66,1,CA1-DG,expert,10,4,40,5960,0.1763,0.0972,1,81.95,81.75,59.71,69.4,83.39,63.82,84.68,0.3179,0.2622,67.99,87.47,58.26
66,1,CA1-DG,expert,10,-4,-40,5960,0.1691,0.0893,1,87.42,85.94,69.3,69.33,83.39,63.82,84.68,0.3715,0.3306,67.99,87.47,58.26
66,1,CA1-DG,expert,10,5,50,5950,0.1509,0.1024,1,69.82,77.67,58.22,64.17,83.39,63.82,84.68,0.2876,0.3231,67.99,87.47,58.26
66,1,CA1-DG,expert,10,-5,-50,5950,0.1918,0.0929,1,77.86,80.87,82.05,77.3,83.39,63.82,84.68,0.344,0.3205,67.99,87.47,58.26
66,1,CA1-DG,expert,10,7,70,5930,0.1679,0.0965,1,79.4,79.65,63.68,89.05,83.39,63.82,84.68,0.3398,0.2929,67.99,87.47,58.26
66,1,CA1-DG,expert,10,-7,-70,5930,0.07,0.0821,1,81.12,85.53,86.36,72.93,83.39,63.82,84.68,0.3124,0.2787,67.99,87.47,58.26
66,1,CA1-DG,expert,10,10,100,5900,0.1638,0.0811,1,71.58,61.0,72.75,77.11,83.39,63.82,84.68,0.3506,0.2346,67.99,87.47,58.26
66,1,CA1-DG,expert,10,-10,-100,5900,0.1431,0.0768,1,80.34,82.43,69.98,63.96,83.39,63.82,84.68,0.4273,0.2802,67.99,87.47,58.26
66,1,CA1-DG,expert,10,15,150,5850,0.1137,0.0911,1,85.44,81.98,81.51,71.65,83.39,63.82,84.68,0.3757,0.3017,67.99,87.47,58.26
66,1,CA1-DG,expert,10,-15,-150,5850,0.0468,0.0672,1,83.86,88.24,89.3,84.52,83.39,63.82,84.68,0.3422,0.1951,67.99,87.47,58.26
66,1,CA1-DG,expert,10,20,200,5800,0.1124,0.0803,1,66.69,69.34,43.76,87.65,83.39,63.82,84.68,0.3404,0.2615,67.99,87.47,58.26
66,1,CA1-DG,expert,10,-20,-200,5800,0.095,0.0714,1,60.88,78.41,83.24,80.31,83.39,63.82,84.68,0.3045,0.2612,67.99,87.47,58.26
66,1,CA1-DG,expert,10,25,250,5750,0.1492,0.0584,1,82.9,78.17,58.05,78.36,83.39,63.82,84.68,0.4336,0.2825,67.99,87.47,58.26
66,1,CA1-DG,expert,10,-25,-250,5750,0.0425,0.0327,1,83.97,74.51,85.72,61.59,83.39,63.82,84.68,0.3193,0.1801,67.99,87.47,58.26
66,1,CA1-V1,expert,10,0,0,6000,0.1006,0.0647,0,0.0,0.0,0.0,0.0,85.82,80.7,89.86,0.4605,0.3309,80.31,66.12,60.66
66,1,CA1-V1,expert,10,1,10,5990,0.0328,0.0271,0,65.68,78.06,56.98,76.62,85.82,80.7,89.86,0.3717,0.2149,80.31,66.12,60.66
66,1,CA1-V1,expert,10,-1,-10,5990,-0.0116,0.009,0,89.36,82.62,56.94,65.13,85.82,80.7,89.86,0.3051,0.1269,80.31,66.12,60.66
66,1,CA1-V1,expert,10,2,20,5980,0.0301,0.0175,0,75.02,64.21,69.87,89.21,85.82,80.7,89.86,0.3693,0.1575,80.31,66.12,60.66
66,1,CA1-V1,expert,10,-2,-20,5980,-0.0159,0.0022,0,82.43,82.3,59.76,71.28,85.82,80.7,89.86,0.4071,0.2002,80.31,66.12,60.66
66,1,CA1-V1,expert,10,3,30,5970,0.0242,0.0052,0,67.08,72.17,64.98,67.8,85.82,80.7,89.86,0.3499,0.2771,80.31,66.12,60.66
66,1,CA1-V1,expert,10,-3,-30,5970,0.0288,0.0195,0,89.38,84.94,78.92,87.58,85.82,80.7,89.86,0.3586,0.1099,80.31,66.12,60.66
66,1,CA1-V1,expert,10,4,40,5960,-0.0171,0.0106,0,63.94,88.21,85.31,86.81,85.82,80.7,89.86,0.332,0.1832,80.31,66.12,60.66
66,1,CA1-V1,expert,10,-4,-40,5960,0.005,0.0134,0,79.03,67.17,59.35,82.18,85.82,80.7,89.86,0.3577,0.1307,80.31,66.12,60.66
66,1,CA1-V1,expert,10,5,50,5950,0.0038,-0.0035,0,82.49,84.95,77.58,73.31,85.82,80.7,89.86,0.3957,0.1241,80.31,66.12,60.66
66,1,CA1-V1,expert,10,-5,-50,5950,0.0197,-0.0036,0,76.24,72.93,73.05,83.26,85.82,80.7,89.86,0.3422,0.1614,80.31,66.12,60.66
66,1,CA1-V1,expert,10,7,70,5930,0.0228,0.0206,0,80.98,67.89,83.64,63.79,85.82,80.7,89.86,0.4001,0.1518,80.31,66.12,60.66
66,1,CA1-V1,expert,10,-7,-70,5930,0.0432,0.0361,0,72.43,83.27,82.43,62.65,85.82,80.7,89.86,0.3221,0.1483,80.31,66.12,60.66
66,1,CA1-V1,expert,10,10,100,5900,-0.0007,0.0029,0,67.96,87.7,77.07,78.1,85.82,80.7,89.86,0.3551,0.1497,80.31,66.12,60.66
66,1,CA1-V1,expert,10,-10,-100,5900,0.0194,0.0253,0,68.18,85.11,82.46,77.8,85.82,80.7,89.86,0.3085,0.1677,80.31,66.12,60.66
66,1,CA1-V1,expert,10,15,150,5850,-0.0011,-0.0138,0,64.34,88.71,67.07,66.0,85.82,80.7,89.86,0.3845,0.1635,80.31,66.12,60.66
66,1,CA1-V1,expert,10,-15,-150,5850,0.021,0.0173,0,86.71,89.57,76.15,86.93,85.82,80.7,89.86,0.3453,0.1601,80.31,66.12,60.66
66,1,CA1-V1,expert,10,20,200,5800,0.0324,-0.0024,0,67.54,62.39,61.9,81.33,85.82,80.7,89.86,0.4065,0.131,80.31,66.12,60.66
66,1,CA1-V1,expert,10,-20,-200,5800,0.038,0.0252,0,89.53,74.86,75.78,84.25,85.82,80.7,89.86,0.3608,0.1712,80.31,66.12,60.66
66,1,CA1-V1,expert,10,25,250,5750,0.0001,-0.0059,0,64.9,72.75,66.49,83.38,85.82,80.7,89.86,0.3215,0.1369,80.31,66.12,60.66
66,1,CA1-V1,expert,10,-25,-250,5750,0.0453,0.0192,0,88.97,86.35,88.1,88.09,85.82,80.7,89.86,0.4028,0.1841,80.31,66.12,60.66
66,1,CA1-SUB,expert,10,0,0,6000,0.1127,0.0853,0,0.0,0.0,0.0,0.0,86.11,87.61,89.14,0.4625,0.2734,81.29,87.14,86.82
66,1,CA1-SUB,expert,10,1,10,5990,0.0253,0.0109,0,63.34,69.26,80.93,49.94,86.11,87.61,89.14,0.3817,0.1647,81.29,87.14,86.82
66,1,CA1-SUB,expert,10,-1,-10,5990,0.0461,0.0371,0,81.84,81.48,83.46,50.78,86.11,87.61,89.14,0.3133,0.1984,81.29,87.14,86.82
66,1,CA1-SUB,expert,10,2,20,5980,0.06,0.0379,0,84.15,88.12,80.74,66.39,86.11,87.61,89.14,0.364,0.2025,81.29,87.14,86.82
66,1,CA1-SUB,expert,10,-2,-20,5980,0.0492,0.0331,0,81.03,72.19,81.29,43.09,86.11,87.61,89.14,0.34,0.1036,81.29,87.14,86.82
66,1,CA1-SUB,expert,10,3,30,5970,0.0053,0.0189,0,87.85,80.91,60.34,89.67,86.11,87.61,89.14,0.3624,0.1474,81.29,87.14,86.82
66,1,CA1-SUB,expert,10,-3,-30,5970,0.0428,0.004,0,82.94,78.63,88.28,46.46,86.11,87.61,89.14,0.3529,0.1865,81.29,87.14,86.82
66,1,CA1-SUB,expert,10,4,40,5960,0.0279,0.0086,0,60.0,80.48,69.54,57.89,86.11,87.61,89.14,0.3681,0.1482,81.29,87.14,86.82
66,1,CA1-SUB,expert,10,-4,-40,5960,0.069,0.0254,0,75.45,82.87,85.58,53.38,86.11,87.61,89.14,0.3883,0.2609,81.29,87.14,86.82
66,1,CA1-SUB,expert,10,5,50,5950,-0.0037,0.0168,0,66.48,79.72,63.06,89.11,86.11,87.61,89.14,0.3535,0.1757,81.29,87.14,86.82
66,1,CA1-SUB,expert,10,-5,-50,5950,0.0725,0.0327,0,80.39,85.91,77.76,49.52,86.11,87.61,89.14,0.3885,0.3472,81.29,87.14,86.82
66,1,CA1-SUB,expert,10,7,70,5930,-0.0004,0.0081,0,87.52,78.19,72.92,82.38,86.11,87.61,89.14,0.3599,0.1027,81.29,87.14,86.82
66,1,CA1-SUB,expert,10,-7,-70,5930,0.0483,0.0283,0,84.29,84.14,67.53,86.01,86.11,87.61,89.14,0.3435,0.1651,81.29,87.14,86.82
66,1,CA1-SUB,expert,10,10,100,5900,-0.01,0.0123,0,89.93,75.48,77.77,51.03,86.11,87.61,89.14,0.4581,0.2232,81.29,87.14,86.82
66,1,CA1-SUB,expert,10,-10,-100,5900,0.0275,0.024,0,80.83,79.81,84.24,49.37,86.11,87.61,89.14,0.3693,0.1647,81.29,87.14,86.82
66,1,CA1-SUB,expert,10,15,150,5850,0.042,0.0072,0,85.91,83.32,63.01,59.68,86.11,87.61,89.14,0.3387,0.1491,81.29,87.14,86.82
66,1,CA1-SUB,expert,10,-15,-150,5850,0.0292,0.0188,0,74.62,76.36,83.39,56.8,86.11,87.61,89.14,0.4248,0.1937,81.29,87.14,86.82
66,1,CA1-SUB,expert,10,20,200,5800,0.0149,0.0136,0,81.19,84.4,51.45,78.91,86.11,87.61,89.14,0.4178,0.1423,81.29,87.14,86.82
66,1,CA1-SUB,expert,10,-20,-200,5800,0.099,0.0381,0,87.88,77.95,87.6,49.46,86.11,87.61,89.14,0.4749,0.3558,81.29,87.14,86.82
66,1,CA1-SUB,expert,10,25,250,5750,0.0119,0.0207,0,88.65,73.28,78.11,65.32,86.11,87.61,89.14,0.3881,0.1343,81.29,87.14,86.82
66,1,CA1-SUB,expert,10,-25,-250,5750,0.0053,0.01,0,84.73,71.47,85.94,41.99,86.11,87.61,89.14,0.3423,0.2484,81.29,87.14,86.82
66,1,RSC-SUB,expert,10,0,0,6000,0.2073,0.1247,3,0.0,0.0,0.0,0.0,80.36,76.17,42.33,0.2949,0.2693,80.57,47.35,75.72
66,1,RSC-SUB,expert,10,1,10,5990,0.2219,0.0993,3,84.65,84.47,21.4,7.77,80.36,76.17,42.33,0.4672,0.5408,80.57,47.35,75.72
66,1,RSC-SUB,expert,10,-1,-10,5990,0.1892,0.0802,3,84.12,77.39,79.76,12.6,80.36,76.17,42.33,0.4204,0.5226,80.57,47.35,75.72
66,1,RSC-SUB,expert,10,2,20,5980,0.17,0.0863,3,77.52,85.68,23.13,10.11,80.36,76.17,42.33,0.5137,0.5931,80.57,47.35,75.72
66,1,RSC-SUB,expert,10,-2,-20,5980,0.137,0.0539,3,84.7,80.99,87.75,20.68,80.36,76.17,42.33,0.4374,0.4839,80.57,47.35,75.72
66,1,RSC-SUB,expert,10,3,30,5970,0.2194,0.0896,3,80.02,69.72,29.26,7.67,80.36,76.17,42.33,0.5051,0.5477,80.57,47.35,75.72
66,1,RSC-SUB,expert,10,-3,-30,5970,0.0191,0.0117,3,59.71,69.79,74.72,46.21,80.36,76.17,42.33,0.2209,0.132,80.57,47.35,75.72
66,1,RSC-SUB,expert,10,4,40,5960,0.0703,0.0477,3,63.09,67.93,52.99,13.04,80.36,76.17,42.33,0.2954,0.3419,80.57,47.35,75.72
66,1,RSC-SUB,expert,10,-4,-40,5960,0.0742,0.0317,3,86.79,53.55,65.91,77.88,80.36,76.17,42.33,0.2663,0.1501,80.57,47.35,75.72
66,1,RSC-SUB,expert,10,5,50,5950,0.0436,0.0458,3,63.24,67.02,83.42,89.23,80.36,76.17,42.33,0.2375,0.2563,80.57,47.35,75.72
66,1,RSC-SUB,expert,10,-5,-50,5950,0.0702,0.0361,3,86.76,86.48,79.94,46.95,80.36,76.17,42.33,0.3275,0.2523,80.57,47.35,75.72
66,1,RSC-SUB,expert,10,7,70,5930,0.0448,0.014,3,70.22,75.11,79.31,89.05,80.36,76.17,42.33,0.239,0.1518,80.57,47.35,75.72
66,1,RSC-SUB,expert,10,-7,-70,5930,0.0835,0.025,3,81.07,67.96,72.99,85.05,80.36,76.17,42.33,0.246,0.33,80.57,47.35,75.72
66,1,RSC-SUB,expert,10,10,100,5900,0.0242,0.0038,3,84.51,73.22,88.49,80.49,80.36,76.17,42.33,0.1978,0.1969,80.57,47.35,75.72
66,1,RSC-SUB,expert,10,-10,-100,5900,0.0629,0.0165,3,67.42,62.24,77.19,81.91,80.36,76.17,42.33,0.2121,0.2191,80.57,47.35,75.72
66,1,RSC-SUB,expert,10,15,150,5850,0.01,0.0062,3,77.8,73.14,69.53,88.54,80.36,76.17,42.33,0.2861,0.1962,80.57,47.35,75.72
66,1,RSC-SUB,expert,10,-15,-150,5850,0.0509,0.0208,3,84.44,89.46,82.77,85.85,80.36,76.17,42.33,0.2315,0.2291,80.57,47.35,75.72
66,1,RSC-SUB,expert,10,20,200,5800,0.0424,0.0076,3,88.5,84.92,84.51,72.18,80.36,76.17,42.33,0.2179,0.1269,80.57,47.35,75.72
66,1,RSC-SUB,expert,10,-20,-200,5800,0.0202,0.0258,3,79.19,80.12,70.39,88.6,80.36,76.17,42.33,0.2217,0.11,80.57,47.35,75.72
66,1,RSC-SUB,expert,10,25,250,5750,0.0596,0.0182,3,80.42,87.82,79.34,85.87,80.36,76.17,42.33,0.3263,0.3178,80.57,47.35,75.72
66,1,RSC-SUB,expert,10,-25,-250,5750,0.0528,0.0274,3,68.7,75.75,89.35,77.05,80.36,76.17,42.33,0.2309,0.1624,80.57,47.35,75.72
66,1,V1-RSC,expert,10,0,0,6000,0.1476,0.0999,3,0.0,0.0,0.0,0.0,88.69,88.45,44.33,0.1564,0.2691,63.89,81.84,46.66
66,1,V1-RSC,expert,10,1,10,5990,0.0518,0.0532,3,51.54,58.88,50.98,51.01,88.69,88.45,44.33,0.1677,0.215,63.89,81.84,46.66
66,1,V1-RSC,expert,10,-1,-10,5990,0.0379,0.0323,3,69.94,53.22,59.91,36.45,88.69,88.45,44.33,0.1826,0.2715,63.89,81.84,46.66
66,1,V1-RSC,expert,10,2,20,5980,0.0741,0.0746,3,58.13,66.58,49.62,59.23,88.69,88.45,44.33,0.2026,0.2456,63.89,81.84,46.66
66,1,V1-RSC,expert,10,-2,-20,5980,0.0436,0.0557,3,74.33,85.19,66.77,56.98,88.69,88.45,44.33,0.2259,0.1676,63.89,81.84,46.66
66,1,V1-RSC,expert,10,3,30,5970,0.0909,0.05,3,79.61,88.4,40.6,54.6,88.69,88.45,44.33,0.2614,0.3372,63.89,81.84,46.66
66,1,V1-RSC,expert,10,-3,-30,5970,0.0949,0.0597,3,85.22,85.87,56.87,49.06,88.69,88.45,44.33,0.281,0.3158,63.89,81.84,46.66
66,1,V1-RSC,expert,10,4,40,5960,0.0455,0.0372,3,54.78,61.33,47.16,44.93,88.69,88.45,44.33,0.1806,0.3061,63.89,81.84,46.66
66,1,V1-RSC,expert,10,-4,-40,5960,0.1265,0.0498,3,74.49,76.45,48.88,43.86,88.69,88.45,44.33,0.3328,0.4181,63.89,81.84,46.66
66,1,V1-RSC,expert,10,5,50,5950,0.0527,0.0414,3,57.24,71.43,60.37,54.24,88.69,88.45,44.33,0.2259,0.2693,63.89,81.84,46.66
66,1,V1-RSC,expert,10,-5,-50,5950,0.0737,0.045,3,71.37,68.94,66.14,46.68,88.69,88.45,44.33,0.2426,0.3148,63.89,81.84,46.66
66,1,V1-RSC,expert,10,7,70,5930,0.0418,0.0109,3,77.22,67.14,44.13,42.07,88.69,88.45,44.33,0.2288,0.2898,63.89,81.84,46.66
66,1,V1-RSC,expert,10,-7,-70,5930,0.0704,0.0299,3,76.21,65.89,54.28,62.14,88.69,88.45,44.33,0.2559,0.312,63.89,81.84,46.66
66,1,V1-RSC,expert,10,10,100,5900,0.0374,0.0275,3,69.17,79.02,48.93,40.75,88.69,88.45,44.33,0.1878,0.2368,63.89,81.84,46.66
66,1,V1-RSC,expert,10,-10,-100,5900,0.0816,0.0563,3,81.27,58.62,50.64,45.89,88.69,88.45,44.33,0.2703,0.3338,63.89,81.84,46.66
66,1,V1-RSC,expert,10,15,150,5850,0.0153,0.0077,3,78.41,85.26,65.25,49.05,88.69,88.45,44.33,0.1872,0.2043,63.89,81.84,46.66
66,1,V1-RSC,expert,10,-15,-150,5850,0.1032,0.0569,3,69.84,46.59,45.99,39.76,88.69,88.45,44.33,0.3128,0.3733,63.89,81.84,46.66
66,1,V1-RSC,expert,10,20,200,5800,0.0597,0.0284,3,67.67,57.64,42.55,64.3,88.69,88.45,44.33,0.2312,0.3419,63.89,81.84,46.66
66,1,V1-RSC,expert,10,-20,-200,5800,0.0587,0.033,3,87.18,60.01,51.3,42.41,88.69,88.45,44.33,0.192,0.3244,63.89,81.84,46.66
66,1,V1-RSC,expert,10,25,250,5750,-0.0026,-0.0071,3,87.83,77.26,65.28,65.35,88.69,88.45,44.33,0.1662,0.2129,63.89,81.84,46.66
66,1,V1-RSC,expert,10,-25,-250,5750,0.0761,0.0257,3,88.61,88.56,51.27,36.97,88.69,88.45,44.33,0.2385,0.3402,63.89,81.84,46.66
68,1,CA1-RSC,naive,10,0,0,6000,-0.0018,0.0013,0,0.0,0.0,0.0,0.0,89.8,82.34,81.52,0.2748,0.2087,89.58,87.67,70.6
68,1,CA1-RSC,naive,10,1,10,5990,0.0244,0.0201,0,82.92,77.74,80.11,66.04,89.8,82.34,81.52,0.2727,0.3021,89.58,87.67,70.6
68,1,CA1-RSC,naive,10,-1,-10,5990,0.0072,0.0257,0,76.33,79.1,87.82,68.19,89.8,82.34,81.52,0.2818,0.3208,89.58,87.67,70.6
68,1,CA1-RSC,naive,10,2,20,5980,0.0131,0.0088,0,82.33,85.15,86.19,79.38,89.8,82.34,81.52,0.188,0.2404,89.58,87.67,70.6
68,1,CA1-RSC,naive,10,-2,-20,5980,0.0392,0.0145,0,86.56,87.29,89.59,66.78,89.8,82.34,81.52,0.2221,0.308,89.58,87.67,70.6
68,1,CA1-RSC,naive,10,3,30,5970,-0.0141,0.009,0,89.4,85.31,74.58,49.07,89.8,82.34,81.52,0.262,0.2849,89.58,87.67,70.6
68,1,CA1-RSC,naive,10,-3,-30,5970,0.005,-0.0031,0,80.57,70.35,79.17,51.19,89.8,82.34,81.52,0.2575,0.3463,89.58,87.67,70.6
68,1,CA1-RSC,naive,10,4,40,5960,0.0188,0.0002,0,76.52,73.38,63.78,43.79,89.8,82.34,81.52,0.2785,0.24,89.58,87.67,70.6
68,1,CA1-RSC,naive,10,-4,-40,5960,0.0093,-0.0006,0,77.39,88.17,82.97,89.45,89.8,82.34,81.52,0.2597,0.3078,89.58,87.67,70.6
68,1,CA1-RSC,naive,10,5,50,5950,0.0321,0.0149,0,82.26,87.93,83.2,74.93,89.8,82.34,81.52,0.3258,0.2362,89.58,87.67,70.6
68,1,CA1-RSC,naive,10,-5,-50,5950,0.0494,0.0169,0,85.43,89.41,83.75,69.89,89.8,82.34,81.52,0.2669,0.3667,89.58,87.67,70.6
68,1,CA1-RSC,naive,10,7,70,5930,0.0162,0.0097,0,83.06,79.46,62.01,41.29,89.8,82.34,81.52,0.2831,0.3021,89.58,87.67,70.6
68,1,CA1-RSC,naive,10,-7,-70,5930,0.0268,0.0157,0,80.9,83.36,88.54,85.57,89.8,82.34,81.52,0.2714,0.3581,89.58,87.67,70.6
68,1,CA1-RSC,naive,10,10,100,5900,-0.0137,0.0023,0,79.82,74.38,55.56,40.24,89.8,82.34,81.52,0.3012,0.2593,89.58,87.67,70.6
68,1,CA1-RSC,naive,10,-10,-100,5900,0.0137,0.0041,0,76.53,82.48,74.78,47.37,89.8,82.34,81.52,0.2421,0.2861,89.58,87.67,70.6
68,1,CA1-RSC,naive,10,15,150,5850,0.0253,0.0118,0,86.42,84.37,49.65,66.85,89.8,82.34,81.52,0.291,0.3154,89.58,87.67,70.6
68,1,CA1-RSC,naive,10,-15,-150,5850,-0.0135,-0.0118,0,80.62,73.76,62.03,71.1,89.8,82.34,81.52,0.2683,0.2937,89.58,87.67,70.6
68,1,CA1-RSC,naive,10,20,200,5800,0.0432,0.032,0,89.38,83.27,60.28,49.38,89.8,82.34,81.52,0.2029,0.3369,89.58,87.67,70.6
68,1,CA1-RSC,naive,10,-20,-200,5800,0.0316,0.0037,0,89.91,77.98,56.26,54.0,89.8,82.34,81.52,0.3047,0.2971,89.58,87.67,70.6
68,1,CA1-RSC,naive,10,25,250,5750,-0.0242,-0.014,0,71.83,81.94,81.93,69.45,89.8,82.34,81.52,0.2848,0.3079,89.58,87.67,70.6
68,1,CA1-RSC,naive,10,-25,-250,5750,0.0005,0.0046,0,87.95,83.87,79.05,85.83,89.8,82.34,81.52,0.2583,0.3042,89.58,87.67,70.6
68,1,CA1-CA3,naive,10,0,0,6000,1.0,0.5072,2,0.0,0.0,0.0,0.0,45.22,32.8,0.0,0.983,0.9784,60.88,76.84,29.96
68,1,CA1-CA3,naive,10,1,10,5990,0.3417,0.1792,2,64.37,78.11,3.1,4.3,45.22,32.8,0.0,0.951,0.9394,60.88,76.84,29.96
68,1,CA1-CA3,naive,10,-1,-10,5990,0.3091,0.2106,2,17.54,19.36,2.98,5.26,45.22,32.8,0.0,0.9338,0.9199,60.88,76.84,29.96
68,1,CA1-CA3,naive,10,2,20,5980,0.2946,0.1188,2,73.48,78.34,9.68,10.63,45.22,32.8,0.0,0.835,0.8324,60.88,76.84,29.96
68,1,CA1-CA3,naive,10,-2,-20,5980,0.1682,0.1009,2,45.91,28.04,7.89,28.63,45.22,32.8,0.0,0.8548,0.7537,60.88,76.84,29.96
68,1,CA1-CA3,naive,10,3,30,5970,0.2487,0.0986,2,87.99,33.76,12.93,13.69,45.22,32.8,0.0,0.7917,0.8471,60.88,76.84,29.96
68,1,CA1-CA3,naive,10,-3,-30,5970,0.201,0.1201,2,42.99,25.19,24.16,20.88,45.22,32.8,0.0,0.843,0.7972,60.88,76.84,29.96
68,1,CA1-CA3,naive,10,4,40,5960,0.1582,0.0744,2,71.63,27.68,12.46,16.51,45.22,32.8,0.0,0.7707,0.7335,60.88,76.84,29.96
68,1,CA1-CA3,naive,10,-4,-40,5960,0.2621,0.1362,2,55.58,51.57,61.67,15.27,45.22,32.8,0.0,0.7385,0.7661,60.88,76.84,29.96
68,1,CA1-CA3,naive,10,5,50,5950,0.1276,0.0619,2,43.09,58.29,5.28,52.48,45.22,32.8,0.0,0.819,0.6236,60.88,76.84,29.96
68,1,CA1-CA3,naive,10,-5,-50,5950,0.292,0.1159,2,39.49,55.26,34.94,13.65,45.22,32.8,0.0,0.7793,0.7738,60.88,76.84,29.96
68,1,CA1-CA3,naive,10,7,70,5930,0.2527,0.111,2,73.91,40.34,28.22,8.26,45.22,32.8,0.0,0.8229,0.8377,60.88,76.84,29.96
68,1,CA1-CA3,naive,10,-7,-70,5930,0.2469,0.1144,2,86.9,48.67,15.39,17.33,45.22,32.8,0.0,0.8073,0.7726,60.88,76.84,29.96
68,1,CA1-CA3,naive,10,10,100,5900,0.1995,0.1076,2,50.81,40.01,32.1,11.23,45.22,32.8,0.0,0.7886,0.7734,60.88,76.84,29.96
68,1,CA1-CA3,naive,10,-10,-100,5900,0.1965,0.0801,2,71.06,44.56,31.35,16.7,45.22,32.8,0.0,0.7554,0.8196,60.88,76.84,29.96
68,1,CA1-CA3,naive,10,15,150,5850,0.2246,0.0809,2,79.57,73.21,8.09,6.9,45.22,32.8,0.0,0.83,0.8463,60.88,76.84,29.96
68,1,CA1-CA3,naive,10,-15,-150,5850,0.1575,0.0995,2,55.87,25.78,11.51,35.45,45.22,32.8,0.0,0.8107,0.7524,60.88,76.84,29.96
68,1,CA1-CA3,naive,10,20,200,5800,0.1739,0.0817,2,65.83,85.54,27.58,7.74,45.22,32.8,0.0,0.7664,0.8225,60.88,76.84,29.96
68,1,CA1-CA3,naive,10,-20,-200,5800,0.227,0.0726,2,88.43,30.15,6.3,28.45,45.22,32.8,0.0,0.8874,0.7282,60.88,76.84,29.96
68,1,CA1-CA3,naive,10,25,250,5750,0.0723,0.0472,2,73.57,55.02,6.86,27.82,45.22,32.8,0.0,0.7827,0.7143,60.88,76.84,29.96
68,1,CA1-CA3,naive,10,-25,-250,5750,0.2012,0.0839,2,85.61,65.13,6.4,10.38,45.22,32.8,0.0,0.8542,0.7945,60.88,76.84,29.96
68,1,CA1-DG,naive,10,0,0,6000,0.2953,0.1517,1,0.0,0.0,0.0,0.0,68.28,81.37,21.62,0.5183,0.45,74.14,88.89,23.94
68,1,CA1-DG,naive,10,1,10,5990,0.1811,0.085,1,71.66,67.86,16.68,29.05,68.28,81.37,21.62,0.4373,0.3295,74.14,88.89,23.94
68,1,CA1-DG,naive,10,-1,-10,5990,0.2228,0.0993,1,43.39,62.27,13.83,32.32,68.28,81.37,21.62,0.4432,0.381,74.14,88.89,23.94
68,1,CA1-DG,naive,10,2,20,5980,0.1597,0.0775,1,69.09,86.74,25.46,52.36,68.28,81.37,21.62,0.3991,0.3417,74.14,88.89,23.94
68,1,CA1-DG,naive,10,-2,-20,5980,0.2572,0.1199,1,86.96,89.51,17.53,56.55,68.28,81.37,21.62,0.5063,0.4228,74.14,88.89,23.94
68,1,CA1-DG,naive,10,3,30,5970,0.2013,0.0811,1,78.16,82.8,21.17,76.69,68.28,81.37,21.62,0.5063,0.4031,74.14,88.89,23.94
68,1,CA1-DG,naive,10,-3,-30,5970,0.2527,0.122,1,74.53,77.17,36.28,76.21,68.28,81.37,21.62,0.5382,0.4581,74.14,88.89,23.94
68,1,CA1-DG,naive,10,4,40,5960,0.2201,0.094,1,74.37,75.91,20.91,76.0,68.28,81.37,21.62,0.4888,0.3761,74.14,88.89,23.94
68,1,CA1-DG,naive,10,-4,-40,5960,0.2057,0.0961,1,77.47,72.72,43.85,82.51,68.28,81.37,21.62,0.4775,0.3789,74.14,88.89,23.94
68,1,CA1-DG,naive,10,5,50,5950,0.2031,0.0987,1,61.39,79.62,18.51,52.91,68.28,81.37,21.62,0.4572,0.4126,74.14,88.89,23.94
68,1,CA1-DG,naive,10,-5,-50,5950,0.1767,0.0914,1,79.81,59.92,25.6,51.13,68.28,81.37,21.62,0.497,0.4367,74.14,88.89,23.94
68,1,CA1-DG,naive,10,7,70,5930,0.1951,0.0824,1,70.58,63.28,33.79,20.22,68.28,81.37,21.62,0.4381,0.3998,74.14,88.89,23.94
68,1,CA1-DG,naive,10,-7,-70,5930,0.2473,0.0951,1,83.29,83.04,45.4,28.0,68.28,81.37,21.62,0.5232,0.4549,74.14,88.89,23.94
68,1,CA1-DG,naive,10,10,100,5900,0.1965,0.0906,1,59.69,87.29,21.89,88.47,68.28,81.37,21.62,0.4514,0.4131,74.14,88.89,23.94
68,1,CA1-DG,naive,10,-10,-100,5900,0.2129,0.0893,1,67.99,63.97,26.13,69.34,68.28,81.37,21.62,0.4465,0.3742,74.14,88.89,23.94
68,1,CA1-DG,naive,10,15,150,5850,0.1407,0.0565,1,81.6,88.3,27.64,40.88,68.28,81.37,21.62,0.4402,0.4164,74.14,88.89,23.94
68,1,CA1-DG,naive,10,-15,-150,5850,0.206,0.0859,1,80.05,87.72,13.88,49.81,68.28,81.37,21.62,0.5057,0.421,74.14,88.89,23.94
68,1,CA1-DG,naive,10,20,200,5800,0.126,0.0563,1,58.34,71.87,32.3,23.95,68.28,81.37,21.62,0.4296,0.3695,74.14,88.89,23.94
68,1,CA1-DG,naive,10,-20,-200,5800,0.1762,0.0703,1,87.24,72.78,55.25,24.85,68.28,81.37,21.62,0.4291,0.3428,74.14,88.89,23.94
68,1,CA1-DG,naive,10,25,250,5750,0.1541,0.055,1,86.71,87.27,21.16,59.26,68.28,81.37,21.62,0.4893,0.3783,74.14,88.89,23.94
68,1,CA1-DG,naive,10,-25,-250,5750,0.142,0.0756,1,71.18,87.71,24.17,63.46,68.28,81.37,21.62,0.4257,0.4173,74.14,88.89,23.94
68,1,CA3-DG,naive,10,0,0,6000,0.1906,0.1313,2,0.0,0.0,0.0,0.0,71.32,84.12,47.79,0.5255,0.3988,63.83,86.73,42.7
68,1,CA3-DG,naive,10,1,10,5990,0.1937,0.0605,2,64.74,86.01,22.61,27.8,71.32,84.12,47.79,0.5428,0.3952,63.83,86.73,42.7
68,1,CA3-DG,naive,10,-1,-10,5990,0.1596,0.082,2,81.77,83.76,34.33,40.66,71.32,84.12,47.79,0.5193,0.4206,63.83,86.73,42.7
68,1,CA3-DG,naive,10,2,20,5980,0.2014,0.0667,2,72.3,80.33,42.82,34.84,71.32,84.12,47.79,0.5569,0.4689,63.83,86.73,42.7
68,1,CA3-DG,naive,10,-2,-20,5980,0.0933,0.0574,2,80.84,89.69,50.07,44.77,71.32,84.12,47.79,0.3797,0.3365,63.83,86.73,42.7
68,1,CA3-DG,naive,10,3,30,5970,0.1457,0.0535,2,77.67,67.44,31.84,50.45,71.32,84.12,47.79,0.4642,0.4075,63.83,86.73,42.7
68,1,CA3-DG,naive,10,-3,-30,5970,0.1126,0.0587,2,86.72,88.91,73.58,63.76,71.32,84.12,47.79,0.359,0.3681,63.83,86.73,42.7
68,1,CA3-DG,naive,10,4,40,5960,0.0579,0.0539,2,35.96,68.31,22.33,75.01,71.32,84.12,47.79,0.305,0.2575,63.83,86.73,42.7
68,1,CA3-DG,naive,10,-4,-40,5960,0.1385,0.0705,2,65.1,87.95,50.54,51.37,71.32,84.12,47.79,0.438,0.3804,63.83,86.73,42.7
68,1,CA3-DG,naive,10,5,50,5950,0.109,0.0533,2,82.01,83.3,28.83,48.2,71.32,84.12,47.79,0.4725,0.3042,63.83,86.73,42.7
68,1,CA3-DG,naive,10,-5,-50,5950,0.1672,0.0944,2,85.1,86.39,33.43,46.31,71.32,84.12,47.79,0.4856,0.3756,63.83,86.73,42.7
68,1,CA3-DG,naive,10,7,70,5930,0.1547,0.042,2,51.45,87.29,31.65,29.57,71.32,84.12,47.79,0.6419,0.3551,63.83,86.73,42.7
68,1,CA3-DG,naive,10,-7,-70,5930,0.148,0.0724,2,88.23,78.32,27.92,29.8,71.32,84.12,47.79,0.3921,0.3543,63.83,86.73,42.7
68,1,CA3-DG,naive,10,10,100,5900,0.0912,0.0246,2,85.04,73.68,62.71,67.23,71.32,84.12,47.79,0.412,0.3273,63.83,86.73,42.7
68,1,CA3-DG,naive,10,-10,-100,5900,0.0086,0.0333,2,81.93,78.77,46.83,67.45,71.32,84.12,47.79,0.2677,0.2252,63.83,86.73,42.7
68,1,CA3-DG,naive,10,15,150,5850,0.1321,0.0438,2,56.06,89.04,33.59,42.75,71.32,84.12,47.79,0.518,0.3833,63.83,86.73,42.7
68,1,CA3-DG,naive,10,-15,-150,5850,0.0765,0.0469,2,79.77,69.37,26.7,39.1,71.32,84.12,47.79,0.3831,0.3315,63.83,86.73,42.7
68,1,CA3-DG,naive,10,20,200,5800,0.1208,0.0301,2,87.13,79.77,27.0,39.47,71.32,84.12,47.79,0.4432,0.3475,63.83,86.73,42.7
68,1,CA3-DG,naive,10,-20,-200,5800,0.1179,0.0462,2,81.99,84.27,25.57,30.27,71.32,84.12,47.79,0.4637,0.3734,63.83,86.73,42.7
68,1,CA3-DG,naive,10,25,250,5750,0.0528,0.0359,2,69.18,86.73,35.51,70.49,71.32,84.12,47.79,0.2792,0.2759,63.83,86.73,42.7
68,1,CA3-DG,naive,10,-25,-250,5750,0.0697,0.0249,2,45.62,86.13,32.02,61.73,71.32,84.12,47.79,0.4179,0.3351,63.83,86.73,42.7
68,1,CA1-RSC,intermediate,10,0,0,6000,0.0398,0.0174,0,0.0,0.0,0.0,0.0,76.52,89.18,75.64,0.1623,0.227,77.56,78.4,54.5
68,1,CA1-RSC,intermediate,10,1,10,5990,-0.013,0.0087,0,84.23,79.08,84.36,77.46,76.52,89.18,75.64,0.1636,0.2607,77.56,78.4,54.5
68,1,CA1-RSC,intermediate,10,-1,-10,5990,0.0161,0.015,0,82.17,68.92,80.56,69.2,76.52,89.18,75.64,0.1594,0.3056,77.56,78.4,54.5
68,1,CA1-RSC,intermediate,10,2,20,5980,0.0036,0.0288,0,88.06,66.59,57.31,43.02,76.52,89.18,75.64,0.2603,0.3805,77.56,78.4,54.5
68,1,CA1-RSC,intermediate,10,-2,-20,5980,0.0106,0.0115,0,82.71,83.22,62.61,45.21,76.52,89.18,75.64,0.1881,0.3649,77.56,78.4,54.5
68,1,CA1-RSC,intermediate,10,3,30,5970,-0.0048,0.012,0,78.68,89.29,37.48,57.77,76.52,89.18,75.64,0.225,0.2927,77.56,78.4,54.5
68,1,CA1-RSC,intermediate,10,-3,-30,5970,0.0701,0.024,0,75.81,76.86,54.46,35.82,76.52,89.18,75.64,0.3246,0.3707,77.56,78.4,54.5
68,1,CA1-RSC,intermediate,10,4,40,5960,-0.0113,-0.0003,0,69.07,78.36,84.97,82.88,76.52,89.18,75.64,0.2123,0.3984,77.56,78.4,54.5
68,1,CA1-RSC,intermediate,10,-4,-40,5960,0.0139,0.0279,0,74.96,77.07,47.66,75.05,76.52,89.18,75.64,0.1199,0.3772,77.56,78.4,54.5
68,1,CA1-RSC,intermediate,10,5,50,5950,0.0276,0.0137,0,77.69,58.38,54.19,70.16,76.52,89.18,75.64,0.233,0.2443,77.56,78.4,54.5
68,1,CA1-RSC,intermediate,10,-5,-50,5950,0.0159,0.0222,0,76.73,75.5,72.37,72.55,76.52,89.18,75.64,0.1888,0.315,77.56,78.4,54.5
68,1,CA1-RSC,intermediate,10,7,70,5930,0.0109,0.0146,0,72.43,80.45,75.45,82.52,76.52,89.18,75.64,0.2796,0.3977,77.56,78.4,54.5
68,1,CA1-RSC,intermediate,10,-7,-70,5930,-0.0059,0.0124,0,77.58,65.01,77.11,78.76,76.52,89.18,75.64,0.1673,0.3735,77.56,78.4,54.5
68,1,CA1-RSC,intermediate,10,10,100,5900,0.0146,0.0027,0,89.2,88.57,51.5,45.53,76.52,89.18,75.64,0.1706,0.3735,77.56,78.4,54.5
68,1,CA1-RSC,intermediate,10,-10,-100,5900,0.0374,0.0072,0,58.12,75.34,72.91,74.81,76.52,89.18,75.64,0.2403,0.4015,77.56,78.4,54.5
68,1,CA1-RSC,intermediate,10,15,150,5850,-0.0024,0.0291,0,86.51,75.75,58.4,88.66,76.52,89.18,75.64,0.2003,0.3678,77.56,78.4,54.5
68,1,CA1-RSC,intermediate,10,-15,-150,5850,0.0392,0.012,0,82.74,77.78,66.23,78.26,76.52,89.18,75.64,0.2298,0.2698,77.56,78.4,54.5
68,1,CA1-RSC,intermediate,10,20,200,5800,-0.0082,0.0173,0,80.71,67.05,68.53,58.92,76.52,89.18,75.64,0.26,0.3306,77.56,78.4,54.5
68,1,CA1-RSC,intermediate,10,-20,-200,5800,0.0176,0.0033,0,80.31,82.69,61.15,72.55,76.52,89.18,75.64,0.2691,0.3937,77.56,78.4,54.5
68,1,CA1-RSC,intermediate,10,25,250,5750,-0.0028,0.0112,0,72.74,82.64,78.0,55.75,76.52,89.18,75.64,0.2029,0.3071,77.56,78.4,54.5
68,1,CA1-RSC,intermediate,10,-25,-250,5750,0.0072,0.0113,0,83.65,53.66,58.7,36.13,76.52,89.18,75.64,0.3,0.3401,77.56,78.4,54.5
68,1,CA1-CA3,intermediate,10,0,0,6000,0.3902,0.1855,1,0.0,0.0,0.0,0.0,82.62,70.31,14.43,0.549,0.5433,73.57,64.81,32.33
68,1,CA1-CA3,intermediate,10,1,10,5990,0.2736,0.1122,1,69.53,63.84,19.02,36.18,82.62,70.31,14.43,0.531,0.5291,73.57,64.81,32.33
68,1,CA1-CA3,intermediate,10,-1,-10,5990,0.2873,0.122,1,42.09,42.08,20.59,27.42,82.62,70.31,14.43,0.5435,0.4947,73.57,64.81,32.33
68,1,CA1-CA3,intermediate,10,2,20,5980,0.2739,0.1356,1,88.05,71.66,14.93,61.77,82.62,70.31,14.43,0.4931,0.5218,73.57,64.81,32.33
68,1,CA1-CA3,intermediate,10,-2,-20,5980,0.1945,0.0972,1,65.55,55.42,24.45,54.29,82.62,70.31,14.43,0.402,0.4369,73.57,64.81,32.33
68,1,CA1-CA3,intermediate,10,3,30,5970,0.2196,0.1052,1,62.33,61.53,23.59,76.1,82.62,70.31,14.43,0.5257,0.5119,73.57,64.81,32.33
68,1,CA1-CA3,intermediate,10,-3,-30,5970,0.2127,0.128,1,77.7,61.26,39.09,64.95,82.62,70.31,14.43,0.4235,0.4993,73.57,64.81,32.33
68,1,CA1-CA3,intermediate,10,4,40,5960,0.17,0.0737,1,79.66,60.06,32.67,89.05,82.62,70.31,14.43,0.4606,0.459,73.57,64.81,32.33
68,1,CA1-CA3,intermediate,10,-4,-40,5960,0.241,0.1223,1,81.29,81.27,27.61,46.97,82.62,70.31,14.43,0.4802,0.4614,73.57,64.81,32.33
68,1,CA1-CA3,intermediate,10,5,50,5950,0.1118,0.0549,1,52.31,37.19,33.1,46.53,82.62,70.31,14.43,0.3746,0.3536,73.57,64.81,32.33
68,1,CA1-CA3,intermediate,10,-5,-50,5950,0.2757,0.1139,1,78.98,80.58,31.89,30.04,82.62,70.31,14.43,0.5794,0.4979,73.57,64.81,32.33
68,1,CA1-CA3,intermediate,10,7,70,5930,0.2172,0.0883,1,67.42,76.91,32.18,18.92,82.62,70.31,14.43,0.5141,0.4546,73.57,64.81,32.33
68,1,CA1-CA3,intermediate,10,-7,-70,5930,0.225,0.1026,1,60.47,56.42,40.46,14.01,82.62,70.31,14.43,0.5286,0.4958,73.57,64.81,32.33
68,1,CA1-CA3,intermediate,10,10,100,5900,0.1846,0.0837,1,70.05,63.64,36.39,47.81,82.62,70.31,14.43,0.3617,0.4561,73.57,64.81,32.33
68,1,CA1-CA3,intermediate,10,-10,-100,5900,0.1836,0.0829,1,74.15,87.54,36.23,82.62,82.62,70.31,14.43,0.4288,0.4834,73.57,64.81,32.33
68,1,CA1-CA3,intermediate,10,15,150,5850,0.2212,0.0838,1,66.94,80.39,15.7,38.86,82.62,70.31,14.43,0.5314,0.5352,73.57,64.81,32.33
68,1,CA1-CA3,intermediate,10,-15,-150,5850,0.2189,0.0953,1,68.22,61.01,28.37,36.12,82.62,70.31,14.43,0.4387,0.4196,73.57,64.81,32.33
68,1,CA1-CA3,intermediate,10,20,200,5800,0.1551,0.0858,1,69.72,82.49,37.39,23.07,82.62,70.31,14.43,0.3905,0.3092,73.57,64.81,32.33
68,1,CA1-CA3,intermediate,10,-20,-200,5800,0.238,0.0737,1,84.7,83.22,32.89,19.48,82.62,70.31,14.43,0.5093,0.4434,73.57,64.81,32.33
68,1,CA1-CA3,intermediate,10,25,250,5750,0.0956,0.044,1,78.44,79.48,35.62,65.73,82.62,70.31,14.43,0.2552,0.2348,73.57,64.81,32.33
68,1,CA1-CA3,intermediate,10,-25,-250,5750,0.1929,0.0901,1,78.56,62.09,34.6,63.07,82.62,70.31,14.43,0.4586,0.5325,73.57,64.81,32.33
68,1,CA1-DG,intermediate,10,0,0,6000,0.2912,0.1693,1,0.0,0.0,0.0,0.0,75.94,86.62,24.95,0.4429,0.4347,56.5,66.39,26.62
68,1,CA1-DG,intermediate,10,1,10,5990,0.1686,0.0991,1,42.06,51.16,13.54,27.63,75.94,86.62,24.95,0.4068,0.3378,56.5,66.39,26.62
68,1,CA1-DG,intermediate,10,-1,-10,5990,0.1933,0.0898,1,57.11,71.97,11.67,41.61,75.94,86.62,24.95,0.392,0.3602,56.5,66.39,26.62
68,1,CA1-DG,intermediate,10,2,20,5980,0.1379,0.0972,1,49.99,77.57,19.55,52.37,75.94,86.62,24.95,0.3227,0.2858,56.5,66.39,26.62
68,1,CA1-DG,intermediate,10,-2,-20,5980,0.2427,0.1203,1,69.03,64.79,37.56,55.72,75.94,86.62,24.95,0.4865,0.4608,56.5,66.39,26.62
68,1,CA1-DG,intermediate,10,3,30,5970,0.2008,0.0878,1,87.09,87.44,21.54,82.17,75.94,86.62,24.95,0.4391,0.3745,56.5,66.39,26.62
68,1,CA1-DG,intermediate,10,-3,-30,5970,0.297,0.1405,1,78.01,71.82,48.5,63.02,75.94,86.62,24.95,0.4988,0.4376,56.5,66.39,26.62
68,1,CA1-DG,intermediate,10,4,40,5960,0.2032,0.0977,1,67.52,80.97,18.0,72.28,75.94,86.62,24.95,0.4383,0.3715,56.5,66.39,26.62
68,1,CA1-DG,intermediate,10,-4,-40,5960,0.2522,0.1143,1,55.93,87.21,49.92,80.15,75.94,86.62,24.95,0.5089,0.4297,56.5,66.39,26.62
68,1,CA1-DG,intermediate,10,5,50,5950,0.2344,0.104,1,68.43,73.61,16.85,49.42,75.94,86.62,24.95,0.4711,0.4087,56.5,66.39,26.62
68,1,CA1-DG,intermediate,10,-5,-50,5950,0.2098,0.1185,1,72.88,62.96,38.5,66.13,75.94,86.62,24.95,0.463,0.4656,56.5,66.39,26.62
68,1,CA1-DG,intermediate,10,7,70,5930,0.1943,0.1049,1,57.88,71.1,47.69,26.8,75.94,86.62,24.95,0.4303,0.3557,56.5,66.39,26.62
68,1,CA1-DG,intermediate,10,-7,-70,5930,0.2227,0.0942,1,83.72,74.68,46.39,21.74,75.94,86.62,24.95,0.4191,0.3777,56.5,66.39,26.62
68,1,CA1-DG,intermediate,10,10,100,5900,0.2069,0.0977,1,58.4,74.71,40.52,80.91,75.94,86.62,24.95,0.4772,0.3708,56.5,66.39,26.62
68,1,CA1-DG,intermediate,10,-10,-100,5900,0.209,0.0768,1,60.54,80.58,23.94,73.64,75.94,86.62,24.95,0.4096,0.3446,56.5,66.39,26.62
68,1,CA1-DG,intermediate,10,15,150,5850,0.1337,0.0701,1,60.54,66.52,26.62,49.99,75.94,86.62,24.95,0.3477,0.307,56.5,66.39,26.62
68,1,CA1-DG,intermediate,10,-15,-150,5850,0.1806,0.0597,1,78.52,82.37,15.73,46.21,75.94,86.62,24.95,0.4056,0.3666,56.5,66.39,26.62
68,1,CA1-DG,intermediate,10,20,200,5800,0.1555,0.0694,1,70.75,83.87,33.15,36.22,75.94,86.62,24.95,0.3383,0.2674,56.5,66.39,26.62
68,1,CA1-DG,intermediate,10,-20,-200,5800,0.1442,0.0799,1,62.82,83.41,28.01,23.28,75.94,86.62,24.95,0.3932,0.3734,56.5,66.39,26.62
68,1,CA1-DG,intermediate,10,25,250,5750,0.1906,0.0643,1,88.45,80.82,34.83,67.63,75.94,86.62,24.95,0.3917,0.3734,56.5,66.39,26.62
68,1,CA1-DG,intermediate,10,-25,-250,5750,0.1719,0.0708,1,81.16,84.44,24.11,79.58,75.94,86.62,24.95,0.4101,0.3306,56.5,66.39,26.62
68,1,CA3-DG,intermediate,10,0,0,6000,0.2631,0.1622,2,0.0,0.0,0.0,0.0,68.04,85.26,20.11,0.4911,0.3923,84.84,88.71,51.1
68,1,CA3-DG,intermediate,10,1,10,5990,0.236,0.1045,2,60.89,69.47,34.7,28.28,68.04,85.26,20.11,0.5413,0.3779,84.84,88.71,51.1
68,1,CA3-DG,intermediate,10,-1,-10,5990,0.2243,0.1242,2,64.58,55.34,10.12,21.01,68.04,85.26,20.11,0.4433,0.3937,84.84,88.71,51.1
68,1,CA3-DG,intermediate,10,2,20,5980,0.2185,0.0971,2,71.0,83.65,63.49,28.88,68.04,85.26,20.11,0.4541,0.3643,84.84,88.71,51.1
68,1,CA3-DG,intermediate,10,-2,-20,5980,0.1136,0.088,2,79.02,87.37,21.93,32.11,68.04,85.26,20.11,0.2675,0.2082,84.84,88.71,51.1
68,1,CA3-DG,intermediate,10,3,30,5970,0.1457,0.0756,2,89.74,81.67,69.91,38.88,68.04,85.26,20.11,0.3961,0.3423,84.84,88.71,51.1
68,1,CA3-DG,intermediate,10,-3,-30,5970,0.0537,0.0291,2,64.85,84.95,80.97,58.91,68.04,85.26,20.11,0.2005,0.2051,84.84,88.71,51.1
68,1,CA3-DG,intermediate,10,4,40,5960,0.1065,0.0707,2,47.01,61.13,65.18,61.91,68.04,85.26,20.11,0.2068,0.2329,84.84,88.71,51.1
68,1,CA3-DG,intermediate,10,-4,-40,5960,0.1079,0.0614,2,78.59,64.49,68.1,46.55,68.04,85.26,20.11,0.3067,0.2518,84.84,88.71,51.1
68,1,CA3-DG,intermediate,10,5,50,5950,0.1505,0.056,2,89.02,66.75,18.49,62.11,68.04,85.26,20.11,0.4631,0.3786,84.84,88.71,51.1
68,1,CA3-DG,intermediate,10,-5,-50,5950,0.1717,0.0706,2,70.84,77.95,46.86,36.75,68.04,85.26,20.11,0.3874,0.3443,84.84,88.71,51.1
68,1,CA3-DG,intermediate,10,7,70,5930,0.1827,0.0731,2,79.26,73.41,34.67,35.36,68.04,85.26,20.11,0.4041,0.3875,84.84,88.71,51.1
68,1,CA3-DG,intermediate,10,-7,-70,5930,0.1948,0.0974,2,71.64,87.28,44.88,38.6,68.04,85.26,20.11,0.4011,0.3787,84.84,88.71,51.1
68,1,CA3-DG,intermediate,10,10,100,5900,0.1096,0.0742,2,88.23,73.68,80.54,57.28,68.04,85.26,20.11,0.2857,0.3538,84.84,88.71,51.1
68,1,CA3-DG,intermediate,10,-10,-100,5900,0.0663,0.0241,2,70.23,75.6,36.48,88.08,68.04,85.26,20.11,0.1729,0.2691,84.84,88.71,51.1
68,1,CA3-DG,intermediate,10,15,150,5850,0.1461,0.0614,2,64.77,74.62,45.43,27.58,68.04,85.26,20.11,0.3379,0.3255,84.84,88.71,51.1
68,1,CA3-DG,intermediate,10,-15,-150,5850,0.125,0.0669,2,82.24,87.7,13.36,38.47,68.04,85.26,20.11,0.3235,0.3374,84.84,88.71,51.1
68,1,CA3-DG,intermediate,10,20,200,5800,0.1097,0.0453,2,88.57,83.8,31.3,53.39,68.04,85.26,20.11,0.3466,0.3123,84.84,88.71,51.1
68,1,CA3-DG,intermediate,10,-20,-200,5800,0.1667,0.056,2,84.97,78.04,44.95,34.97,68.04,85.26,20.11,0.3813,0.4116,84.84,88.71,51.1
68,1,CA3-DG,intermediate,10,25,250,5750,0.0425,0.0489,2,77.04,84.6,52.35,56.22,68.04,85.26,20.11,0.3688,0.2591,84.84,88.71,51.1
68,1,CA3-DG,intermediate,10,-25,-250,5750,0.0584,0.0133,2,67.97,83.43,56.06,45.7,68.04,85.26,20.11,0.2122,0.2756,84.84,88.71,51.1
68,1,CA1-RSC,expert,10,0,0,6000,0.1769,0.0688,1,0.0,0.0,0.0,0.0,84.41,64.8,39.29,0.6023,0.9457,84.65,44.8,73.31
68,1,CA1-RSC,expert,10,1,10,5990,0.0907,0.0391,1,74.32,82.94,52.51,1.09,84.41,64.8,39.29,0.4297,0.9323,84.65,44.8,73.31
68,1,CA1-RSC,expert,10,-1,-10,5990,0.0608,0.0332,1,60.6,74.64,62.96,2.54,84.41,64.8,39.29,0.241,0.8441,84.65,44.8,73.31
68,1,CA1-RSC,expert,10,2,20,5980,0.1277,0.0413,1,89.98,89.91,72.66,1.12,84.41,64.8,39.29,0.5176,0.9581,84.65,44.8,73.31
68,1,CA1-RSC,expert,10,-2,-20,5980,0.0242,0.02,1,64.58,77.51,76.99,2.22,84.41,64.8,39.29,0.1842,0.8112,84.65,44.8,73.31
68,1,CA1-RSC,expert,10,3,30,5970,0.1146,0.0636,1,81.74,79.56,54.22,1.25,84.41,64.8,39.29,0.3557,0.8971,84.65,44.8,73.31
68,1,CA1-RSC,expert,10,-3,-30,5970,0.0695,0.026,1,78.32,64.44,75.34,1.16,84.41,64.8,39.29,0.3351,0.9118,84.65,44.8,73.31
68,1,CA1-RSC,expert,10,4,40,5960,0.0665,0.0275,1,71.32,85.65,80.02,2.03,84.41,64.8,39.29,0.3327,0.881,84.65,44.8,73.31
68,1,CA1-RSC,expert,10,-4,-40,5960,0.0841,0.0345,1,80.19,53.21,83.9,1.35,84.41,64.8,39.29,0.3483,0.892,84.65,44.8,73.31
68,1,CA1-RSC,expert,10,5,50,5950,-0.0269,-0.0104,1,69.17,64.5,21.16,8.32,84.41,64.8,39.29,0.347,0.766,84.65,44.8,73.31
68,1,CA1-RSC,expert,10,-5,-50,5950,0.1023,0.0391,1,74.81,77.32,78.98,0.75,84.41,64.8,39.29,0.3793,0.9388,84.65,44.8,73.31
68,1,CA1-RSC,expert,10,7,70,5930,0.0755,0.0636,1,72.98,89.2,77.17,50.58,84.41,64.8,39.29,0.3586,0.8419,84.65,44.8,73.31
68,1,CA1-RSC,expert,10,-7,-70,5930,0.0335,0.0207,1,77.15,87.65,76.72,1.24,84.41,64.8,39.29,0.2691,0.8296,84.65,44.8,73.31
68,1,CA1-RSC,expert,10,10,100,5900,0.1044,0.0453,1,85.99,61.9,83.06,0.84,84.41,64.8,39.29,0.4512,0.9187,84.65,44.8,73.31
68,1,CA1-RSC,expert,10,-10,-100,5900,0.0442,0.0217,1,62.16,86.05,86.32,1.49,84.41,64.8,39.29,0.3082,0.8618,84.65,44.8,73.31
68,1,CA1-RSC,expert,10,15,150,5850,0.0788,0.0314,1,80.73,65.52,68.39,1.37,84.41,64.8,39.29,0.3787,0.9266,84.65,44.8,73.31
68,1,CA1-RSC,expert,10,-15,-150,5850,0.0251,0.0187,1,82.56,61.5,80.22,14.07,84.41,64.8,39.29,0.2109,0.7846,84.65,44.8,73.31
68,1,CA1-RSC,expert,10,20,200,5800,0.0084,0.0124,1,88.07,77.94,63.85,1.97,84.41,64.8,39.29,0.2636,0.6925,84.65,44.8,73.31
68,1,CA1-RSC,expert,10,-20,-200,5800,0.0563,0.022,1,88.75,79.69,88.75,1.61,84.41,64.8,39.29,0.3715,0.8591,84.65,44.8,73.31
68,1,CA1-RSC,expert,10,25,250,5750,0.0215,0.0004,1,89.75,87.34,86.72,3.24,84.41,64.8,39.29,0.2114,0.8172,84.65,44.8,73.31
68,1,CA1-RSC,expert,10,-25,-250,5750,0.0879,0.0327,1,75.61,78.63,64.65,1.21,84.41,64.8,39.29,0.4088,0.9341,84.65,44.8,73.31
68,1,CA1-CA3,expert,10,0,0,6000,0.3797,0.1623,1,0.0,0.0,0.0,0.0,87.53,87.13,15.17,0.5601,0.5154,75.33,82.53,28.71
68,1,CA1-CA3,expert,10,1,10,5990,0.2674,0.0971,1,72.33,56.75,24.29,31.68,87.53,87.13,15.17,0.5889,0.5785,75.33,82.53,28.71
68,1,CA1-CA3,expert,10,-1,-10,5990,0.3118,0.1255,1,40.56,54.47,27.02,26.71,87.53,87.13,15.17,0.5203,0.5318,75.33,82.53,28.71
68,1,CA1-CA3,expert,10,2,20,5980,0.2709,0.1204,1,81.96,55.52,20.75,57.23,87.53,87.13,15.17,0.4612,0.5294,75.33,82.53,28.71
68,1,CA1-CA3,expert,10,-2,-20,5980,0.1975,0.0878,1,75.45,54.85,32.68,47.32,87.53,87.13,15.17,0.55,0.483,75.33,82.53,28.71
68,1,CA1-CA3,expert,10,3,30,5970,0.2177,0.0972,1,60.16,54.07,34.59,74.1,87.53,87.13,15.17,0.4759,0.4446,75.33,82.53,28.71
68,1,CA1-CA3,expert,10,-3,-30,5970,0.1882,0.0894,1,86.48,77.78,31.67,88.72,87.53,87.13,15.17,0.5178,0.4335,75.33,82.53,28.71
68,1,CA1-CA3,expert,10,4,40,5960,0.1481,0.0767,1,88.14,82.47,44.98,83.44,87.53,87.13,15.17,0.4048,0.382,75.33,82.53,28.71
68,1,CA1-CA3,expert,10,-4,-40,5960,0.2321,0.1216,1,82.5,55.85,26.33,60.08,87.53,87.13,15.17,0.6299,0.5698,75.33,82.53,28.71
68,1,CA1-CA3,expert,10,5,50,5950,0.148,0.0722,1,89.77,70.66,39.76,59.8,87.53,87.13,15.17,0.3802,0.3889,75.33,82.53,28.71
68,1,CA1-CA3,expert,10,-5,-50,5950,0.2692,0.1044,1,77.72,47.61,21.56,38.19,87.53,87.13,15.17,0.5166,0.519,75.33,82.53,28.71
68,1,CA1-CA3,expert,10,7,70,5930,0.2265,0.0915,1,47.43,57.61,32.97,16.54,87.53,87.13,15.17,0.4742,0.4145,75.33,82.53,28.71
68,1,CA1-CA3,expert,10,-7,-70,5930,0.2231,0.096,1,58.48,61.89,33.94,10.81,87.53,87.13,15.17,0.4806,0.4465,75.33,82.53,28.71
68,1,CA1-CA3,expert,10,10,100,5900,0.177,0.0647,1,56.15,54.47,28.11,54.24,87.53,87.13,15.17,0.467,0.3977,75.33,82.53,28.71
68,1,CA1-CA3,expert,10,-10,-100,5900,0.1846,0.0877,1,86.32,86.66,35.94,89.68,87.53,87.13,15.17,0.3618,0.3506,75.33,82.53,28.71
68,1,CA1-CA3,expert,10,15,150,5850,0.234,0.0845,1,66.06,72.45,27.19,30.57,87.53,87.13,15.17,0.6149,0.6612,75.33,82.53,28.71
68,1,CA1-CA3,expert,10,-15,-150,5850,0.2217,0.1047,1,66.55,88.11,34.6,30.37,87.53,87.13,15.17,0.4732,0.3712,75.33,82.53,28.71
68,1,CA1-CA3,expert,10,20,200,5800,0.1372,0.0576,1,79.11,79.45,36.8,26.01,87.53,87.13,15.17,0.5135,0.2616,75.33,82.53,28.71
68,1,CA1-CA3,expert,10,-20,-200,5800,0.2454,0.0915,1,88.53,87.1,28.63,19.19,87.53,87.13,15.17,0.5232,0.4817,75.33,82.53,28.71
68,1,CA1-CA3,expert,10,25,250,5750,0.1132,0.0453,1,78.84,84.72,41.64,87.37,87.53,87.13,15.17,0.4338,0.3645,75.33,82.53,28.71
68,1,CA1-CA3,expert,10,-25,-250,5750,0.2224,0.0841,1,84.01,78.72,27.61,70.53,87.53,87.13,15.17,0.4578,0.4277,75.33,82.53,28.71
68,1,CA1-DG,expert,10,0,0,6000,0.2693,0.1507,2,0.0,0.0,0.0,0.0,65.85,80.46,23.03,0.3906,0.3752,55.03,89.49,16.96
68,1,CA1-DG,expert,10,1,10,5990,0.182,0.0849,2,75.13,85.98,22.85,21.68,65.85,80.46,23.03,0.3792,0.3504,55.03,89.49,16.96
68,1,CA1-DG,expert,10,-1,-10,5990,0.1961,0.1001,2,50.85,79.28,22.55,36.2,65.85,80.46,23.03,0.4131,0.3558,55.03,89.49,16.96
68,1,CA1-DG,expert,10,2,20,5980,0.1898,0.0675,2,78.18,81.51,27.03,46.8,65.85,80.46,23.03,0.3786,0.3103,55.03,89.49,16.96
68,1,CA1-DG,expert,10,-2,-20,5980,0.2786,0.1469,2,75.82,77.52,28.25,62.7,65.85,80.46,23.03,0.4469,0.4268,55.03,89.49,16.96
68,1,CA1-DG,expert,10,3,30,5970,0.2337,0.1064,2,84.0,66.93,22.17,75.66,65.85,80.46,23.03,0.4382,0.4131,55.03,89.49,16.96
68,1,CA1-DG,expert,10,-3,-30,5970,0.261,0.1409,2,66.41,83.62,49.37,68.96,65.85,80.46,23.03,0.4426,0.391,55.03,89.49,16.96
68,1,CA1-DG,expert,10,4,40,5960,0.232,0.1017,2,75.59,82.67,19.85,79.09,65.85,80.46,23.03,0.445,0.3534,55.03,89.49,16.96
68,1,CA1-DG,expert,10,-4,-40,5960,0.2549,0.1355,2,71.37,70.39,47.0,82.94,65.85,80.46,23.03,0.4441,0.4229,55.03,89.49,16.96
68,1,CA1-DG,expert,10,5,50,5950,0.2073,0.1045,2,80.96,85.47,32.27,56.44,65.85,80.46,23.03,0.3589,0.3284,55.03,89.49,16.96
68,1,CA1-DG,expert,10,-5,-50,5950,0.2163,0.1155,2,74.59,77.59,42.6,68.82,65.85,80.46,23.03,0.4015,0.3621,55.03,89.49,16.96
68,1,CA1-DG,expert,10,7,70,5930,0.1615,0.0613,2,89.06,81.55,47.92,33.87,65.85,80.46,23.03,0.3752,0.4249,55.03,89.49,16.96
68,1,CA1-DG,expert,10,-7,-70,5930,0.2091,0.0959,2,69.45,70.49,40.29,28.71,65.85,80.46,23.03,0.3411,0.2985,55.03,89.49,16.96
68,1,CA1-DG,expert,10,10,100,5900,0.1993,0.0961,2,88.9,83.4,32.03,87.61,65.85,80.46,23.03,0.4395,0.4139,55.03,89.49,16.96
68,1,CA1-DG,expert,10,-10,-100,5900,0.2224,0.0869,2,68.21,75.1,20.73,84.27,65.85,80.46,23.03,0.473,0.4064,55.03,89.49,16.96
68,1,CA1-DG,expert,10,15,150,5850,0.0787,0.0522,2,83.09,88.48,44.07,43.91,65.85,80.46,23.03,0.2909,0.253,55.03,89.49,16.96
68,1,CA1-DG,expert,10,-15,-150,5850,0.1557,0.0653,2,64.08,66.14,35.09,41.1,65.85,80.46,23.03,0.427,0.3662,55.03,89.49,16.96
68,1,CA1-DG,expert,10,20,200,5800,0.1118,0.0649,2,86.6,77.23,41.41,39.93,65.85,80.46,23.03,0.3749,0.3416,55.03,89.49,16.96
68,1,CA1-DG,expert,10,-20,-200,5800,0.118,0.046,2,85.46,87.1,26.88,33.1,65.85,80.46,23.03,0.398,0.307,55.03,89.49,16.96
68,1,CA1-DG,expert,10,25,250,5750,0.1829,0.0821,2,66.43,76.61,31.21,73.92,65.85,80.46,23.03,0.3564,0.357,55.03,89.49,16.96
68,1,CA1-DG,expert,10,-25,-250,5750,0.1348,0.0416,2,87.59,71.89,30.97,64.51,65.85,80.46,23.03,0.3722,0.3027,55.03,89.49,16.96
68,1,CA3-DG,expert,10,0,0,6000,0.2564,0.1704,2,0.0,0.0,0.0,0.0,51.81,70.57,24.77,0.5471,0.4379,74.96,71.9,38.6
68,1,CA3-DG,expert,10,1,10,5990,0.2592,0.1168,2,40.57,46.1,19.93,26.68,51.81,70.57,24.77,0.3896,0.3855,74.96,71.9,38.6
68,1,CA3-DG,expert,10,-1,-10,5990,0.2456,0.1434,2,66.52,62.21,14.93,25.97,51.81,70.57,24.77,0.3905,0.3787,74.96,71.9,38.6
68,1,CA3-DG,expert,10,2,20,5980,0.2233,0.0975,2,75.67,88.01,36.9,38.62,51.81,70.57,24.77,0.3501,0.4028,74.96,71.9,38.6
68,1,CA3-DG,expert,10,-2,-20,5980,0.1536,0.0977,2,48.29,71.35,28.72,27.88,51.81,70.57,24.77,0.3207,0.3543,74.96,71.9,38.6
68,1,CA3-DG,expert,10,3,30,5970,0.1731,0.0772,2,58.76,83.75,40.9,44.73,51.81,70.57,24.77,0.3656,0.364,74.96,71.9,38.6
68,1,CA3-DG,expert,10,-3,-30,5970,0.0717,0.0552,2,67.16,83.16,64.05,53.31,51.81,70.57,24.77,0.2132,0.2947,74.96,71.9,38.6
68,1,CA3-DG,expert,10,4,40,5960,0.0959,0.0764,2,79.35,71.04,77.68,32.57,51.81,70.57,24.77,0.3733,0.3218,74.96,71.9,38.6
68,1,CA3-DG,expert,10,-4,-40,5960,0.1025,0.0746,2,63.69,67.4,41.48,53.33,51.81,70.57,24.77,0.3443,0.3114,74.96,71.9,38.6
68,1,CA3-DG,expert,10,5,50,5950,0.1214,0.0503,2,72.2,84.23,25.44,47.0,51.81,70.57,24.77,0.386,0.3987,74.96,71.9,38.6
68,1,CA3-DG,expert,10,-5,-50,5950,0.1693,0.0765,2,66.26,87.77,24.18,41.6,51.81,70.57,24.77,0.3695,0.3536,74.96,71.9,38.6
68,1,CA3-DG,expert,10,7,70,5930,0.2228,0.0989,2,60.19,86.7,11.78,32.83,51.81,70.57,24.77,0.4159,0.4051,74.96,71.9,38.6
68,1,CA3-DG,expert,10,-7,-70,5930,0.1896,0.0676,2,66.97,80.15,16.73,29.18,51.81,70.57,24.77,0.4762,0.4194,74.96,71.9,38.6
68,1,CA3-DG,expert,10,10,100,5900,0.1332,0.0715,2,83.74,74.26,58.8,51.24,51.81,70.57,24.77,0.4115,0.318,74.96,71.9,38.6
68,1,CA3-DG,expert,10,-10,-100,5900,0.0498,0.0576,2,83.32,83.96,25.05,68.96,51.81,70.57,24.77,0.2421,0.2652,74.96,71.9,38.6
68,1,CA3-DG,expert,10,15,150,5850,0.2091,0.0818,2,54.21,76.91,21.36,29.85,51.81,70.57,24.77,0.4144,0.3942,74.96,71.9,38.6
68,1,CA3-DG,expert,10,-15,-150,5850,0.1551,0.0898,2,87.88,89.75,15.07,28.14,51.81,70.57,24.77,0.3847,0.3617,74.96,71.9,38.6
68,1,CA3-DG,expert,10,20,200,5800,0.168,0.0671,2,83.38,81.02,23.37,35.94,51.81,70.57,24.77,0.405,0.4107,74.96,71.9,38.6
68,1,CA3-DG,expert,10,-20,-200,5800,0.1705,0.0574,2,55.93,86.84,24.88,38.37,51.81,70.57,24.77,0.3493,0.3633,74.96,71.9,38.6
68,1,CA3-DG,expert,10,25,250,5750,0.056,0.0278,2,74.91,84.97,62.87,53.03,51.81,70.57,24.77,0.2177,0.227,74.96,71.9,38.6
68,1,CA3-DG,expert,10,-25,-250,5750,0.0684,0.0174,2,72.04,71.17,51.68,51.27,51.81,70.57,24.77,0.3125,0.2548,74.96,71.9,38.6
73,1,CA1-RSC,naive,10,0,0,6000,0.0221,0.0034,0,0.0,0.0,0.0,0.0,84.37,86.26,89.3,0.3775,0.4971,81.04,85.21,85.55
73,1,CA1-RSC,naive,10,1,10,5990,0.0528,0.0158,0,81.27,84.06,41.64,52.76,84.37,86.26,89.3,0.4069,0.4987,81.04,85.21,85.55
73,1,CA1-RSC,naive,10,-1,-10,5990,-0.011,-0.0014,0,85.47,81.19,77.85,57.59,84.37,86.26,89.3,0.3798,0.4946,81.04,85.21,85.55
73,1,CA1-RSC,naive,10,2,20,5980,0.0251,0.0089,0,83.95,86.57,53.91,79.78,84.37,86.26,89.3,0.3903,0.4829,81.04,85.21,85.55
73,1,CA1-RSC,naive,10,-2,-20,5980,0.0124,0.0043,0,80.32,86.36,87.46,88.51,84.37,86.26,89.3,0.3967,0.473,81.04,85.21,85.55
73,1,CA1-RSC,naive,10,3,30,5970,0.0098,-0.0101,0,76.77,69.76,42.51,73.02,84.37,86.26,89.3,0.3438,0.4737,81.04,85.21,85.55
73,1,CA1-RSC,naive,10,-3,-30,5970,0.0015,-0.0031,0,73.45,84.86,53.55,82.6,84.37,86.26,89.3,0.37,0.4683,81.04,85.21,85.55
73,1,CA1-RSC,naive,10,4,40,5960,-0.0169,-0.002,0,76.2,81.35,53.44,86.78,84.37,86.26,89.3,0.3757,0.4859,81.04,85.21,85.55
73,1,CA1-RSC,naive,10,-4,-40,5960,-0.0068,0.0074,0,80.66,89.38,82.65,67.18,84.37,86.26,89.3,0.3667,0.4821,81.04,85.21,85.55
73,1,CA1-RSC,naive,10,5,50,5950,-0.0009,0.0016,0,86.94,83.62,68.56,84.07,84.37,86.26,89.3,0.3436,0.4808,81.04,85.21,85.55
73,1,CA1-RSC,naive,10,-5,-50,5950,-0.005,0.0009,0,84.89,77.66,85.89,78.0,84.37,86.26,89.3,0.3888,0.4986,81.04,85.21,85.55
73,1,CA1-RSC,naive,10,7,70,5930,0.0043,-0.0012,0,72.71,87.74,56.56,82.31,84.37,86.26,89.3,0.3637,0.496,81.04,85.21,85.55
73,1,CA1-RSC,naive,10,-7,-70,5930,-0.0023,0.0134,0,79.92,81.84,64.28,75.89,84.37,86.26,89.3,0.3838,0.5097,81.04,85.21,85.55
73,1,CA1-RSC,naive,10,10,100,5900,0.0136,-0.0039,0,80.83,89.34,89.95,80.68,84.37,86.26,89.3,0.386,0.4921,81.04,85.21,85.55
73,1,CA1-RSC,naive,10,-10,-100,5900,-0.0156,-0.0094,0,80.18,77.04,75.14,76.15,84.37,86.26,89.3,0.3705,0.4791,81.04,85.21,85.55
73,1,CA1-RSC,naive,10,15,150,5850,-0.0042,-0.0066,0,85.64,87.12,86.6,79.5,84.37,86.26,89.3,0.385,0.5028,81.04,85.21,85.55
73,1,CA1-RSC,naive,10,-15,-150,5850,-0.0063,0.0012,0,84.63,85.73,80.9,88.09,84.37,86.26,89.3,0.4042,0.4823,81.04,85.21,85.55
73,1,CA1-RSC,naive,10,20,200,5800,0.0113,-0.0048,0,77.84,70.36,87.58,79.65,84.37,86.26,89.3,0.38,0.4788,81.04,85.21,85.55
73,1,CA1-RSC,naive,10,-20,-200,5800,0.0149,0.0116,0,85.33,75.86,80.99,70.47,84.37,86.26,89.3,0.3417,0.4941,81.04,85.21,85.55
73,1,CA1-RSC,naive,10,25,250,5750,-0.0131,-0.0051,0,82.73,87.05,62.77,69.35,84.37,86.26,89.3,0.3565,0.4882,81.04,85.21,85.55
73,1,CA1-RSC,naive,10,-25,-250,5750,-0.0149,0.0004,0,83.3,86.28,69.48,78.09,84.37,86.26,89.3,0.357,0.4684,81.04,85.21,85.55
73,1,CA1-DG,naive,10,0,0,6000,-0.0298,0.0326,0,0.0,0.0,0.0,0.0,88.46,85.76,89.0,0.4115,0.4318,88.85,84.78,79.62
73,1,CA1-DG,naive,10,1,10,5990,-0.0277,-0.0222,0,52.36,84.98,81.65,52.61,88.46,85.76,89.0,0.3948,0.3696,88.85,84.78,79.62
73,1,CA1-DG,naive,10,-1,-10,5990,0.0155,0.0324,0,85.93,78.71,86.18,84.06,88.46,85.76,89.0,0.3605,0.3705,88.85,84.78,79.62
73,1,CA1-DG,naive,10,2,20,5980,-0.0038,-0.0038,0,62.66,89.47,61.21,40.21,88.46,85.76,89.0,0.3795,0.3372,88.85,84.78,79.62
73,1,CA1-DG,naive,10,-2,-20,5980,-0.0065,0.0073,0,82.59,84.24,88.59,81.92,88.46,85.76,89.0,0.3732,0.4042,88.85,84.78,79.62
73,1,CA1-DG,naive,10,3,30,5970,-0.021,-0.0155,0,87.73,89.33,71.43,70.92,88.46,85.76,89.0,0.3192,0.3813,88.85,84.78,79.62
73,1,CA1-DG,naive,10,-3,-30,5970,0.0054,0.0158,0,75.93,80.6,51.11,86.91,88.46,85.76,89.0,0.3472,0.3877,88.85,84.78,79.62
73,1,CA1-DG,naive,10,4,40,5960,-0.0174,-0.0152,0,79.78,77.98,80.86,73.06,88.46,85.76,89.0,0.3627,0.4173,88.85,84.78,79.62
73,1,CA1-DG,naive,10,-4,-40,5960,0.0054,0.0099,0,68.5,88.08,47.81,87.53,88.46,85.76,89.0,0.3438,0.3626,88.85,84.78,79.62
73,1,CA1-DG,naive,10,5,50,5950,-0.0101,0.0043,0,67.73,84.13,54.32,87.24,88.46,85.76,89.0,0.3645,0.4193,88.85,84.78,79.62
73,1,CA1-DG,naive,10,-5,-50,5950,0.0016,-0.0109,0,84.18,89.74,62.47,58.71,88.46,85.76,89.0,0.357,0.3625,88.85,84.78,79.62
73,1,CA1-DG,naive,10,7,70,5930,0.0169,0.0076,0,87.51,82.23,51.43,84.35,88.46,85.76,89.0,0.3671,0.3654,88.85,84.78,79.62
73,1,CA1-DG,naive,10,-7,-70,5930,-0.0046,-0.0024,0,86.23,87.23,67.8,76.19,88.46,85.76,89.0,0.3546,0.4088,88.85,84.78,79.62
73,1,CA1-DG,naive,10,10,100,5900,0.0126,0.0109,0,84.9,88.64,73.95,77.62,88.46,85.76,89.0,0.3386,0.3375,88.85,84.78,79.62
73,1,CA1-DG,naive,10,-10,-100,5900,0.0102,-0.0046,0,86.13,78.62,79.66,63.19,88.46,85.76,89.0,0.3857,0.3716,88.85,84.78,79.62
73,1,CA1-DG,naive,10,15,150,5850,0.0346,0.0182,0,85.2,76.57,74.58,85.91,88.46,85.76,89.0,0.2813,0.4568,88.85,84.78,79.62
73,1,CA1-DG,naive,10,-15,-150,5850,-0.052,-0.0205,0,71.44,89.65,51.27,42.39,88.46,85.76,89.0,0.3802,0.5104,88.85,84.78,79.62
73,1,CA1-DG,naive,10,20,200,5800,0.0,0.0024,0,81.86,85.45,52.05,86.99,88.46,85.76,89.0,0.3772,0.4311,88.85,84.78,79.62
73,1,CA1-DG,naive,10,-20,-200,5800,0.0112,0.0042,0,84.13,81.39,53.01,85.26,88.46,85.76,89.0,0.4121,0.383,88.85,84.78,79.62
73,1,CA1-DG,naive,10,25,250,5750,-0.0002,-0.0046,0,84.38,84.84,70.76,85.23,88.46,85.76,89.0,0.4351,0.3789,88.85,84.78,79.62
73,1,CA1-DG,naive,10,-25,-250,5750,0.0031,-0.0027,0,86.8,89.64,67.74,80.22,88.46,85.76,89.0,0.4144,0.4217,88.85,84.78,79.62
73,1,CA1-V1,naive,10,0,0,6000,-0.0059,0.0103,0,0.0,0.0,0.0,0.0,88.56,79.95,61.96,0.3496,0.5259,81.97,88.4,83.32
73,1,CA1-V1,naive,10,1,10,5990,0.0148,0.0093,0,88.73,77.79,62.57,37.79,88.56,79.95,61.96,0.372,0.4129,81.97,88.4,83.32
73,1,CA1-V1,naive,10,-1,-10,5990,0.0697,0.0149,0,60.13,64.28,83.61,87.72,88.56,79.95,61.96,0.3831,0.3908,81.97,88.4,83.32
73,1,CA1-V1,naive,10,2,20,5980,0.0103,0.0087,0,75.32,87.96,67.03,39.99,88.56,79.95,61.96,0.3617,0.4234,81.97,88.4,83.32
73,1,CA1-V1,naive,10,-2,-20,5980,0.0066,0.0052,0,83.34,87.41,49.52,35.21,88.56,79.95,61.96,0.3719,0.5259,81.97,88.4,83.32
73,1,CA1-V1,naive,10,3,30,5970,-0.002,0.0139,0,72.38,75.72,75.42,84.55,88.56,79.95,61.96,0.3671,0.3506,81.97,88.4,83.32
73,1,CA1-V1,naive,10,-3,-30,5970,-0.0026,0.019,0,87.22,82.13,82.52,21.64,88.56,79.95,61.96,0.443,0.4422,81.97,88.4,83.32
73,1,CA1-V1,naive,10,4,40,5960,0.0028,0.0063,0,81.9,77.6,88.78,64.34,88.56,79.95,61.96,0.3604,0.3735,81.97,88.4,83.32
73,1,CA1-V1,naive,10,-4,-40,5960,0.0746,0.0293,0,76.48,71.01,77.86,21.09,88.56,79.95,61.96,0.4902,0.5355,81.97,88.4,83.32
73,1,CA1-V1,naive,10,5,50,5950,0.0331,0.0203,0,87.17,84.47,86.51,35.12,88.56,79.95,61.96,0.4616,0.3962,81.97,88.4,83.32
73,1,CA1-V1,naive,10,-5,-50,5950,0.0792,0.0368,0,83.69,89.25,80.55,79.84,88.56,79.95,61.96,0.6046,0.6766,81.97,88.4,83.32
73,1,CA1-V1,naive,10,7,70,5930,-0.0032,0.0138,0,84.42,87.34,46.77,88.67,88.56,79.95,61.96,0.4042,0.3881,81.97,88.4,83.32
73,1,CA1-V1,naive,10,-7,-70,5930,-0.04,-0.0066,0,87.01,89.25,76.97,89.11,88.56,79.95,61.96,0.4624,0.4376,81.97,88.4,83.32
73,1,CA1-V1,naive,10,10,100,5900,0.013,0.0092,0,80.17,87.56,68.71,57.55,88.56,79.95,61.96,0.3579,0.4182,81.97,88.4,83.32
73,1,CA1-V1,naive,10,-10,-100,5900,0.0018,-0.0059,0,76.75,85.99,52.22,88.42,88.56,79.95,61.96,0.3465,0.3689,81.97,88.4,83.32
73,1,CA1-V1,naive,10,15,150,5850,0.0011,0.0045,0,77.48,89.78,77.34,85.53,88.56,79.95,61.96,0.3872,0.4353,81.97,88.4,83.32
73,1,CA1-V1,naive,10,-15,-150,5850,0.0087,0.0077,0,82.14,87.63,79.54,81.61,88.56,79.95,61.96,0.3222,0.4582,81.97,88.4,83.32
73,1,CA1-V1,naive,10,20,200,5800,-0.0036,0.0001,0,83.66,79.7,81.18,87.75,88.56,79.95,61.96,0.3354,0.4416,81.97,88.4,83.32
73,1,CA1-V1,naive,10,-20,-200,5800,-0.0034,0.0119,0,79.23,79.21,59.03,78.74,88.56,79.95,61.96,0.3311,0.416,81.97,88.4,83.32
73,1,CA1-V1,naive,10,25,250,5750,-0.0091,-0.0032,0,84.65,85.49,83.71,71.39,88.56,79.95,61.96,0.3664,0.4006,81.97,88.4,83.32
73,1,CA1-V1,naive,10,-25,-250,5750,0.0399,0.0183,0,66.03,76.87,60.72,89.87,88.56,79.95,61.96,0.3439,0.3277,81.97,88.4,83.32
73,1,CA1-SUB,naive,10,0,0,6000,0.118,0.1008,0,0.0,0.0,0.0,0.0,87.71,83.77,75.6,0.378,0.1331,76.76,89.37,78.21
73,1,CA1-SUB,naive,10,1,10,5990,0.0116,0.0503,0,88.82,88.47,53.47,71.53,87.71,83.77,75.6,0.3135,0.2793,76.76,89.37,78.21
73,1,CA1-SUB,naive,10,-1,-10,5990,0.0297,0.0383,0,64.16,83.43,71.99,61.77,87.71,83.77,75.6,0.3371,0.2194,76.76,89.37,78.21
73,1,CA1-SUB,naive,10,2,20,5980,0.0517,0.0149,0,85.49,84.0,62.54,69.71,87.71,83.77,75.6,0.3791,0.2284,76.76,89.37,78.21
73,1,CA1-SUB,naive,10,-2,-20,5980,0.0281,0.0179,0,80.91,82.82,74.35,73.71,87.71,83.77,75.6,0.4265,0.2343,76.76,89.37,78.21
73,1,CA1-SUB,naive,10,3,30,5970,0.0012,0.0127,0,87.68,87.19,69.85,59.51,87.71,83.77,75.6,0.3922,0.2112,76.76,89.37,78.21
73,1,CA1-SUB,naive,10,-3,-30,5970,0.0237,0.0253,0,75.78,83.9,72.31,87.11,87.71,83.77,75.6,0.3812,0.1979,76.76,89.37,78.21
73,1,CA1-SUB,naive,10,4,40,5960,-0.006,0.0012,0,76.6,82.1,88.98,84.61,87.71,83.77,75.6,0.4132,0.1418,76.76,89.37,78.21
73,1,CA1-SUB,naive,10,-4,-40,5960,0.0179,0.0141,0,83.82,84.84,86.64,68.1,87.71,83.77,75.6,0.372,0.191,76.76,89.37,78.21
73,1,CA1-SUB,naive,10,5,50,5950,0.0218,0.009,0,78.53,84.18,61.7,84.41,87.71,83.77,75.6,0.409,0.2299,76.76,89.37,78.21
73,1,CA1-SUB,naive,10,-5,-50,5950,0.0336,0.0192,0,85.6,88.36,82.31,64.77,87.71,83.77,75.6,0.3488,0.1774,76.76,89.37,78.21
73,1,CA1-SUB,naive,10,7,70,5930,0.051,0.0242,0,86.66,79.12,81.12,61.76,87.71,83.77,75.6,0.4155,0.2713,76.76,89.37,78.21
73,1,CA1-SUB,naive,10,-7,-70,5930,-0.0006,0.0001,0,81.67,86.22,88.83,89.59,87.71,83.77,75.6,0.4072,0.2845,76.76,89.37,78.21
73,1,CA1-SUB,naive,10,10,100,5900,0.0267,0.0058,0,87.09,83.27,86.82,65.74,87.71,83.77,75.6,0.3752,0.2045,76.76,89.37,78.21
73,1,CA1-SUB,naive,10,-10,-100,5900,0.0066,0.0091,0,86.26,81.36,64.22,70.54,87.71,83.77,75.6,0.3455,0.3299,76.76,89.37,78.21
73,1,CA1-SUB,naive,10,15,150,5850,0.0251,0.0055,0,88.29,82.66,51.02,75.93,87.71,83.77,75.6,0.439,0.2423,76.76,89.37,78.21
73,1,CA1-SUB,naive,10,-15,-150,5850,0.014,0.0103,0,88.74,86.2,87.23,88.95,87.71,83.77,75.6,0.3706,0.2151,76.76,89.37,78.21
73,1,CA1-SUB,naive,10,20,200,5800,-0.0011,0.0095,0,68.48,86.73,54.38,87.01,87.71,83.77,75.6,0.3974,0.1368,76.76,89.37,78.21
73,1,CA1-SUB,naive,10,-20,-200,5800,-0.0165,-0.0134,0,88.66,87.01,43.3,88.3,87.71,83.77,75.6,0.369,0.2269,76.76,89.37,78.21
73,1,CA1-SUB,naive,10,25,250,5750,0.0478,0.0124,0,85.22,77.1,76.25,77.31,87.71,83.77,75.6,0.3492,0.2672,76.76,89.37,78.21
73,1,CA1-SUB,naive,10,-25,-250,5750,0.0061,0.0027,0,72.77,83.68,81.22,59.1,87.71,83.77,75.6,0.4358,0.2516,76.76,89.37,78.21
73,1,RSC-SUB,naive,10,0,0,6000,0.1123,0.0897,0,0.0,0.0,0.0,0.0,84.55,74.2,64.79,0.4993,0.2047,85.11,72.94,58.07
73,1,RSC-SUB,naive,10,1,10,5990,0.0598,0.0309,0,76.1,62.56,39.69,36.42,84.55,74.2,64.79,0.4625,0.1814,85.11,72.94,58.07
73,1,RSC-SUB,naive,10,-1,-10,5990,0.0509,0.0564,0,77.76,85.4,78.34,71.64,84.55,74.2,64.79,0.4907,0.2171,85.11,72.94,58.07
73,1,RSC-SUB,naive,10,2,20,5980,0.057,0.0231,0,86.05,80.93,42.99,42.44,84.55,74.2,64.79,0.4877,0.23,85.11,72.94,58.07
73,1,RSC-SUB,naive,10,-2,-20,5980,0.0088,0.0186,0,89.91,88.3,51.91,52.37,84.55,74.2,64.79,0.4659,0.1667,85.11,72.94,58.07
73,1,RSC-SUB,naive,10,3,30,5970,0.0537,0.0069,0,75.41,58.58,52.56,35.32,84.55,74.2,64.79,0.49,0.1974,85.11,72.94,58.07
73,1,RSC-SUB,naive,10,-3,-30,5970,0.0185,0.0271,0,88.13,81.88,50.58,47.12,84.55,74.2,64.79,0.4579,0.1738,85.11,72.94,58.07
73,1,RSC-SUB,naive,10,4,40,5960,0.0047,0.0251,0,85.65,64.76,70.58,67.95,84.55,74.2,64.79,0.4761,0.1818,85.11,72.94,58.07
73,1,RSC-SUB,naive,10,-4,-40,5960,0.0334,0.0184,0,82.09,88.64,42.78,44.15,84.55,74.2,64.79,0.4749,0.1914,85.11,72.94,58.07
73,1,RSC-SUB,naive,10,5,50,5950,0.0619,0.0402,0,76.08,61.1,58.16,45.5,84.55,74.2,64.79,0.4866,0.2559,85.11,72.94,58.07
73,1,RSC-SUB,naive,10,-5,-50,5950,0.0409,0.027,0,77.59,77.26,38.53,40.35,84.55,74.2,64.79,0.4781,0.2235,85.11,72.94,58.07
73,1,RSC-SUB,naive,10,7,70,5930,0.007,0.0125,0,86.96,85.81,69.58,73.22,84.55,74.2,64.79,0.4914,0.2405,85.11,72.94,58.07
73,1,RSC-SUB,naive,10,-7,-70,5930,0.0731,0.0184,0,80.64,84.69,54.56,61.0,84.55,74.2,64.79,0.4941,0.2663,85.11,72.94,58.07
73,1,RSC-SUB,naive,10,10,100,5900,0.0286,0.0137,0,80.86,80.28,50.05,57.12,84.55,74.2,64.79,0.4738,0.2105,85.11,72.94,58.07
73,1,RSC-SUB,naive,10,-10,-100,5900,0.014,0.0206,0,87.23,86.92,39.81,51.64,84.55,74.2,64.79,0.4752,0.1877,85.11,72.94,58.07
73,1,RSC-SUB,naive,10,15,150,5850,0.0211,0.0143,0,86.36,82.66,49.61,35.08,84.55,74.2,64.79,0.4747,0.174,85.11,72.94,58.07
73,1,RSC-SUB,naive,10,-15,-150,5850,0.0284,0.009,0,75.52,83.78,84.88,62.45,84.55,74.2,64.79,0.4683,0.2057,85.11,72.94,58.07
73,1,RSC-SUB,naive,10,20,200,5800,0.013,0.01,0,82.63,73.93,49.34,56.21,84.55,74.2,64.79,0.4992,0.213,85.11,72.94,58.07
73,1,RSC-SUB,naive,10,-20,-200,5800,0.047,0.0364,0,88.48,83.55,43.76,50.35,84.55,74.2,64.79,0.4685,0.2243,85.11,72.94,58.07
73,1,RSC-SUB,naive,10,25,250,5750,0.02,0.0095,0,76.32,88.18,61.06,58.96,84.55,74.2,64.79,0.4784,0.2143,85.11,72.94,58.07
73,1,RSC-SUB,naive,10,-25,-250,5750,0.0695,0.0118,0,73.74,76.09,42.79,50.85,84.55,74.2,64.79,0.4871,0.2487,85.11,72.94,58.07
73,1,V1-RSC,naive,10,0,0,6000,-0.06,-0.0124,0,0.0,0.0,0.0,0.0,86.31,76.16,76.8,0.3922,0.4732,85.87,85.72,82.59
73,1,V1-RSC,naive,10,1,10,5990,0.0642,0.0596,0,74.27,62.65,86.96,77.27,86.31,76.16,76.8,0.4035,0.495,85.87,85.72,82.59
73,1,V1-RSC,naive,10,-1,-10,5990,0.0139,0.0493,0,83.74,61.78,62.29,46.05,86.31,76.16,76.8,0.3844,0.4894,85.87,85.72,82.59
73,1,V1-RSC,naive,10,2,20,5980,0.1524,0.0999,0,83.83,72.97,74.51,55.69,86.31,76.16,76.8,0.3977,0.5565,85.87,85.72,82.59
73,1,V1-RSC,naive,10,-2,-20,5980,0.0316,0.0336,0,67.68,80.5,47.98,49.18,86.31,76.16,76.8,0.404,0.4828,85.87,85.72,82.59
73,1,V1-RSC,naive,10,3,30,5970,0.1502,0.0825,0,69.18,86.66,59.11,48.9,86.31,76.16,76.8,0.5436,0.5516,85.87,85.72,82.59
73,1,V1-RSC,naive,10,-3,-30,5970,0.0349,0.0484,0,79.02,68.72,65.06,52.33,86.31,76.16,76.8,0.4017,0.4941,85.87,85.72,82.59
73,1,V1-RSC,naive,10,4,40,5960,0.151,0.0806,0,83.57,73.74,61.38,52.73,86.31,76.16,76.8,0.5091,0.5486,85.87,85.72,82.59
73,1,V1-RSC,naive,10,-4,-40,5960,0.0098,0.0323,0,76.69,64.16,74.93,52.47,86.31,76.16,76.8,0.4113,0.4799,85.87,85.72,82.59
73,1,V1-RSC,naive,10,5,50,5950,0.1244,0.0628,0,83.8,76.24,68.34,47.24,86.31,76.16,76.8,0.4674,0.5486,85.87,85.72,82.59
73,1,V1-RSC,naive,10,-5,-50,5950,0.0915,0.0268,0,72.55,71.08,76.0,60.09,86.31,76.16,76.8,0.4413,0.5311,85.87,85.72,82.59
73,1,V1-RSC,naive,10,7,70,5930,0.0615,0.0405,0,63.67,83.49,71.61,65.12,86.31,76.16,76.8,0.4456,0.4882,85.87,85.72,82.59
73,1,V1-RSC,naive,10,-7,-70,5930,0.0543,0.0456,0,71.13,80.66,68.6,44.27,86.31,76.16,76.8,0.4221,0.5063,85.87,85.72,82.59
73,1,V1-RSC,naive,10,10,100,5900,0.0295,0.0354,0,79.2,63.18,63.39,62.24,86.31,76.16,76.8,0.3542,0.4908,85.87,85.72,82.59
73,1,V1-RSC,naive,10,-10,-100,5900,-0.0027,0.0094,0,89.96,86.01,77.73,70.84,86.31,76.16,76.8,0.4924,0.5018,85.87,85.72,82.59
73,1,V1-RSC,naive,10,15,150,5850,-0.0058,0.009,0,68.56,86.07,89.61,76.04,86.31,76.16,76.8,0.3724,0.505,85.87,85.72,82.59
73,1,V1-RSC,naive,10,-15,-150,5850,0.0242,0.0338,0,78.13,88.85,63.6,79.31,86.31,76.16,76.8,0.4085,0.5184,85.87,85.72,82.59
73,1,V1-RSC,naive,10,20,200,5800,0.0403,0.0279,0,75.01,85.01,43.91,59.02,86.31,76.16,76.8,0.3858,0.4857,85.87,85.72,82.59
73,1,V1-RSC,naive,10,-20,-200,5800,0.0122,0.0188,0,88.9,81.85,80.81,57.24,86.31,76.16,76.8,0.308,0.4643,85.87,85.72,82.59
73,1,V1-RSC,naive,10,25,250,5750,-0.0083,0.0103,0,70.25,87.43,71.26,82.88,86.31,76.16,76.8,0.3569,0.4903,85.87,85.72,82.59
73,1,V1-RSC,naive,10,-25,-250,5750,0.0121,0.012,0,80.23,82.31,69.0,87.84,86.31,76.16,76.8,0.3663,0.497,85.87,85.72,82.59
73,1,CA1-RSC,intermediate,10,0,0,6000,0.0516,0.0251,0,0.0,0.0,0.0,0.0,87.69,84.71,84.33,0.416,0.4934,80.96,89.04,82.23
73,1,CA1-RSC,intermediate,10,1,10,5990,0.0211,-0.0036,0,72.36,63.63,50.65,41.21,87.69,84.71,84.33,0.4779,0.4864,80.96,89.04,82.23
73,1,CA1-RSC,intermediate,10,-1,-10,5990,-0.0216,0.0024,0,69.44,71.94,77.6,89.07,87.69,84.71,84.33,0.3726,0.4854,80.96,89.04,82.23
73,1,CA1-RSC,intermediate,10,2,20,5980,0.0179,0.0297,0,82.63,85.01,57.8,47.28,87.69,84.71,84.33,0.3866,0.4723,80.96,89.04,82.23
73,1,CA1-RSC,intermediate,10,-2,-20,5980,0.0264,0.0306,0,84.64,82.38,89.76,85.86,87.69,84.71,84.33,0.3553,0.4955,80.96,89.04,82.23
73,1,CA1-RSC,intermediate,10,3,30,5970,-0.0061,-0.0033,0,88.37,88.13,42.43,85.92,87.69,84.71,84.33,0.3987,0.4831,80.96,89.04,82.23
73,1,CA1-RSC,intermediate,10,-3,-30,5970,0.0199,0.0215,0,88.0,80.83,80.32,80.48,87.69,84.71,84.33,0.3318,0.4776,80.96,89.04,82.23
73,1,CA1-RSC,intermediate,10,4,40,5960,0.038,-0.0009,0,74.49,89.98,84.01,87.88,87.69,84.71,84.33,0.2894,0.4977,80.96,89.04,82.23
73,1,CA1-RSC,intermediate,10,-4,-40,5960,0.0058,0.0115,0,87.46,88.87,66.58,66.64,87.69,84.71,84.33,0.3883,0.4809,80.96,89.04,82.23
73,1,CA1-RSC,intermediate,10,5,50,5950,0.0113,-0.0032,0,83.2,87.95,68.99,88.38,87.69,84.71,84.33,0.4303,0.4919,80.96,89.04,82.23
73,1,CA1-RSC,intermediate,10,-5,-50,5950,-0.001,0.0041,0,79.63,73.99,89.12,73.16,87.69,84.71,84.33,0.4704,0.4907,80.96,89.04,82.23
73,1,CA1-RSC,intermediate,10,7,70,5930,0.0159,0.0006,0,84.55,81.15,68.98,86.41,87.69,84.71,84.33,0.4838,0.489,80.96,89.04,82.23
73,1,CA1-RSC,intermediate,10,-7,-70,5930,0.0303,0.0269,0,76.83,76.23,48.48,73.02,87.69,84.71,84.33,0.5116,0.4926,80.96,89.04,82.23
73,1,CA1-RSC,intermediate,10,10,100,5900,0.0213,0.017,0,71.19,68.11,89.36,72.54,87.69,84.71,84.33,0.359,0.5018,80.96,89.04,82.23
73,1,CA1-RSC,intermediate,10,-10,-100,5900,-0.0167,-0.0081,0,85.27,81.85,83.56,68.54,87.69,84.71,84.33,0.4091,0.4878,80.96,89.04,82.23
73,1,CA1-RSC,intermediate,10,15,150,5850,0.0005,-0.0076,0,84.52,83.09,73.33,61.11,87.69,84.71,84.33,0.3744,0.4949,80.96,89.04,82.23
73,1,CA1-RSC,intermediate,10,-15,-150,5850,-0.007,-0.009,0,75.71,88.72,88.34,80.58,87.69,84.71,84.33,0.49,0.4859,80.96,89.04,82.23
73,1,CA1-RSC,intermediate,10,20,200,5800,-0.0167,0.0171,0,78.15,83.77,52.62,73.14,87.69,84.71,84.33,0.372,0.4954,80.96,89.04,82.23
73,1,CA1-RSC,intermediate,10,-20,-200,5800,0.0119,0.024,0,78.0,75.05,51.26,77.35,87.69,84.71,84.33,0.411,0.5127,80.96,89.04,82.23
73,1,CA1-RSC,intermediate,10,25,250,5750,-0.0029,0.0117,0,84.6,86.53,83.65,88.65,87.69,84.71,84.33,0.4315,0.4793,80.96,89.04,82.23
73,1,CA1-RSC,intermediate,10,-25,-250,5750,0.0309,0.0058,0,84.95,85.37,81.71,68.46,87.69,84.71,84.33,0.3622,0.4865,80.96,89.04,82.23
73,1,CA1-DG,intermediate,10,0,0,6000,0.2473,0.0605,2,0.0,0.0,0.0,0.0,89.44,89.52,76.75,0.3672,0.1908,86.45,86.06,80.99
73,1,CA1-DG,intermediate,10,1,10,5990,0.0049,0.0086,2,84.43,88.37,47.62,73.01,89.44,89.52,76.75,0.3778,0.1699,86.45,86.06,80.99
73,1,CA1-DG,intermediate,10,-1,-10,5990,0.068,0.0213,2,76.3,78.79,55.6,84.16,89.44,89.52,76.75,0.3667,0.18,86.45,86.06,80.99
73,1,CA1-DG,intermediate,10,2,20,5980,-0.0093,0.0036,2,81.3,89.71,82.49,87.34,89.44,89.52,76.75,0.344,0.2097,86.45,86.06,80.99
73,1,CA1-DG,intermediate,10,-2,-20,5980,0.0362,0.0223,2,76.36,80.68,45.6,89.09,89.44,89.52,76.75,0.3981,0.1178,86.45,86.06,80.99
73,1,CA1-DG,intermediate,10,3,30,5970,0.0221,0.0242,2,72.93,80.43,65.97,80.57,89.44,89.52,76.75,0.3788,0.2016,86.45,86.06,80.99
73,1,CA1-DG,intermediate,10,-3,-30,5970,0.022,-0.0018,2,82.25,86.07,52.01,85.67,89.44,89.52,76.75,0.3202,0.2183,86.45,86.06,80.99
73,1,CA1-DG,intermediate,10,4,40,5960,-0.0023,0.0053,2,71.98,89.56,83.38,81.65,89.44,89.52,76.75,0.4328,0.2533,86.45,86.06,80.99
73,1,CA1-DG,intermediate,10,-4,-40,5960,0.0069,0.0108,2,73.52,89.53,82.36,89.42,89.44,89.52,76.75,0.383,0.1775,86.45,86.06,80.99
73,1,CA1-DG,intermediate,10,5,50,5950,-0.0072,0.0013,2,88.78,84.46,72.36,85.58,89.44,89.52,76.75,0.4403,0.1543,86.45,86.06,80.99
73,1,CA1-DG,intermediate,10,-5,-50,5950,-0.0259,-0.0055,2,83.78,85.66,71.93,67.78,89.44,89.52,76.75,0.3961,0.1284,86.45,86.06,80.99
73,1,CA1-DG,intermediate,10,7,70,5930,0.0087,0.0107,2,87.42,84.1,75.92,87.86,89.44,89.52,76.75,0.4459,0.1865,86.45,86.06,80.99
73,1,CA1-DG,intermediate,10,-7,-70,5930,0.0397,0.0388,2,85.2,84.83,88.75,72.49,89.44,89.52,76.75,0.3926,0.1829,86.45,86.06,80.99
73,1,CA1-DG,intermediate,10,10,100,5900,-0.0105,0.0081,2,84.06,87.04,81.97,82.48,89.44,89.52,76.75,0.3575,0.1905,86.45,86.06,80.99
73,1,CA1-DG,intermediate,10,-10,-100,5900,-0.0159,-0.0095,2,88.99,82.84,86.21,63.28,89.44,89.52,76.75,0.347,0.1904,86.45,86.06,80.99
73,1,CA1-DG,intermediate,10,15,150,5850,0.0093,-0.0051,2,81.4,86.68,51.38,71.09,89.44,89.52,76.75,0.4181,0.1973,86.45,86.06,80.99
73,1,CA1-DG,intermediate,10,-15,-150,5850,0.0087,0.0174,2,83.61,89.2,73.76,73.09,89.44,89.52,76.75,0.383,0.2484,86.45,86.06,80.99
73,1,CA1-DG,intermediate,10,20,200,5800,0.0149,0.009,2,82.63,75.15,81.05,81.5,89.44,89.52,76.75,0.4015,0.165,86.45,86.06,80.99
73,1,CA1-DG,intermediate,10,-20,-200,5800,-0.0095,0.0008,2,73.92,87.95,54.84,86.66,89.44,89.52,76.75,0.3978,0.1566,86.45,86.06,80.99
73,1,CA1-DG,intermediate,10,25,250,5750,0.0247,0.0134,2,85.12,88.26,76.73,87.63,89.44,89.52,76.75,0.3705,0.1812,86.45,86.06,80.99
73,1,CA1-DG,intermediate,10,-25,-250,5750,0.0024,0.0108,2,89.39,84.6,85.73,83.79,89.44,89.52,76.75,0.3993,0.1902,86.45,86.06,80.99
73,1,CA1-V1,intermediate,10,0,0,6000,0.3621,0.2638,2,0.0,0.0,0.0,0.0,83.82,85.18,74.83,0.4145,0.4056,88.27,85.91,30.63
73,1,CA1-V1,intermediate,10,1,10,5990,0.0482,0.0123,2,81.94,89.78,59.27,45.18,83.82,85.18,74.83,0.4267,0.3392,88.27,85.91,30.63
73,1,CA1-V1,intermediate,10,-1,-10,5990,0.0591,0.0145,2,82.02,87.65,86.99,86.52,83.82,85.18,74.83,0.4654,0.2979,88.27,85.91,30.63
73,1,CA1-V1,intermediate,10,2,20,5980,-0.025,-0.0192,2,72.87,87.14,85.24,22.85,83.82,85.18,74.83,0.5044,0.3319,88.27,85.91,30.63
73,1,CA1-V1,intermediate,10,-2,-20,5980,0.0418,0.0081,2,72.65,87.46,87.58,54.62,83.82,85.18,74.83,0.3751,0.2616,88.27,85.91,30.63
73,1,CA1-V1,intermediate,10,3,30,5970,0.0137,-0.004,2,87.42,75.31,73.27,75.94,83.82,85.18,74.83,0.3747,0.3108,88.27,85.91,30.63
73,1,CA1-V1,intermediate,10,-3,-30,5970,0.0063,0.0135,2,85.34,80.03,87.57,88.74,83.82,85.18,74.83,0.345,0.3428,88.27,85.91,30.63
73,1,CA1-V1,intermediate,10,4,40,5960,0.009,0.0139,2,83.39,80.68,88.22,83.24,83.82,85.18,74.83,0.3928,0.3035,88.27,85.91,30.63
73,1,CA1-V1,intermediate,10,-4,-40,5960,-0.0019,0.0012,2,69.09,87.14,28.6,41.71,83.82,85.18,74.83,0.3964,0.2985,88.27,85.91,30.63
73,1,CA1-V1,intermediate,10,5,50,5950,0.0105,0.0198,2,86.42,85.66,85.42,27.47,83.82,85.18,74.83,0.4102,0.2744,88.27,85.91,30.63
73,1,CA1-V1,intermediate,10,-5,-50,5950,-0.0064,0.0115,2,81.52,83.86,81.08,87.59,83.82,85.18,74.83,0.4717,0.2831,88.27,85.91,30.63
73,1,CA1-V1,intermediate,10,7,70,5930,0.0319,0.0036,2,80.24,69.54,61.45,87.43,83.82,85.18,74.83,0.3813,0.2784,88.27,85.91,30.63
73,1,CA1-V1,intermediate,10,-7,-70,5930,0.0779,0.0453,2,89.55,84.03,83.21,89.61,83.82,85.18,74.83,0.3874,0.3934,88.27,85.91,30.63
73,1,CA1-V1,intermediate,10,10,100,5900,0.0049,-0.0104,2,87.99,80.92,83.36,28.76,83.82,85.18,74.83,0.4388,0.3252,88.27,85.91,30.63
73,1,CA1-V1,intermediate,10,-10,-100,5900,-0.0055,0.0027,2,84.05,85.46,87.5,86.35,83.82,85.18,74.83,0.3461,0.3431,88.27,85.91,30.63
73,1,CA1-V1,intermediate,10,15,150,5850,0.0067,0.0134,2,83.61,83.54,84.35,25.57,83.82,85.18,74.83,0.4186,0.3292,88.27,85.91,30.63
73,1,CA1-V1,intermediate,10,-15,-150,5850,0.0099,0.0076,2,67.03,76.66,48.16,59.24,83.82,85.18,74.83,0.3754,0.3723,88.27,85.91,30.63
73,1,CA1-V1,intermediate,10,20,200,5800,0.0353,0.0129,2,84.38,87.88,60.32,63.56,83.82,85.18,74.83,0.388,0.317,88.27,85.91,30.63
73,1,CA1-V1,intermediate,10,-20,-200,5800,0.009,0.0057,2,87.8,88.0,87.11,76.8,83.82,85.18,74.83,0.4244,0.3548,88.27,85.91,30.63
73,1,CA1-V1,intermediate,10,25,250,5750,-0.0121,-0.0099,2,88.96,81.6,84.96,79.85,83.82,85.18,74.83,0.4537,0.3415,88.27,85.91,30.63
73,1,CA1-V1,intermediate,10,-25,-250,5750,0.0141,0.0142,2,81.01,74.7,80.65,57.19,83.82,85.18,74.83,0.4322,0.3469,88.27,85.91,30.63
73,1,CA1-SUB,intermediate,10,0,0,6000,0.1583,0.1162,4,0.0,0.0,0.0,0.0,84.57,78.66,65.06,0.4361,0.132,81.81,89.45,57.62
73,1,CA1-SUB,intermediate,10,1,10,5990,0.0675,0.0402,4,74.76,86.08,51.05,37.62,84.57,78.66,65.06,0.3924,0.1398,81.81,89.45,57.62
73,1,CA1-SUB,intermediate,10,-1,-10,5990,0.1002,0.0337,4,83.99,85.3,39.89,42.4,84.57,78.66,65.06,0.36,0.2121,81.81,89.45,57.62
73,1,CA1-SUB,intermediate,10,2,20,5980,0.0161,0.0335,4,82.04,83.44,82.09,58.86,84.57,78.66,65.06,0.4375,0.1561,81.81,89.45,57.62
73,1,CA1-SUB,intermediate,10,-2,-20,5980,0.0498,0.0334,4,85.81,80.62,71.49,35.89,84.57,78.66,65.06,0.3954,0.175,81.81,89.45,57.62
73,1,CA1-SUB,intermediate,10,3,30,5970,0.0417,0.0275,4,74.24,79.83,69.74,56.55,84.57,78.66,65.06,0.4354,0.1541,81.81,89.45,57.62
73,1,CA1-SUB,intermediate,10,-3,-30,5970,0.054,0.0217,4,88.84,84.57,47.42,46.54,84.57,78.66,65.06,0.3196,0.2448,81.81,89.45,57.62
73,1,CA1-SUB,intermediate,10,4,40,5960,0.008,0.0062,4,82.73,89.2,66.6,62.8,84.57,78.66,65.06,0.4084,0.1322,81.81,89.45,57.62
73,1,CA1-SUB,intermediate,10,-4,-40,5960,0.0706,0.0409,4,81.91,65.08,43.05,52.04,84.57,78.66,65.06,0.3953,0.2543,81.81,89.45,57.62
73,1,CA1-SUB,intermediate,10,5,50,5950,0.0414,0.0152,4,77.24,75.66,65.02,60.95,84.57,78.66,65.06,0.3806,0.1651,81.81,89.45,57.62
73,1,CA1-SUB,intermediate,10,-5,-50,5950,0.0277,0.025,4,74.5,82.16,38.88,48.73,84.57,78.66,65.06,0.4249,0.1308,81.81,89.45,57.62
73,1,CA1-SUB,intermediate,10,7,70,5930,0.0033,0.0175,4,86.3,73.11,89.25,71.14,84.57,78.66,65.06,0.361,0.1205,81.81,89.45,57.62
73,1,CA1-SUB,intermediate,10,-7,-70,5930,0.0462,0.0241,4,76.0,81.2,62.84,45.47,84.57,78.66,65.06,0.4162,0.1791,81.81,89.45,57.62
73,1,CA1-SUB,intermediate,10,10,100,5900,0.0256,0.0229,4,80.13,78.77,88.68,81.84,84.57,78.66,65.06,0.3816,0.1923,81.81,89.45,57.62
73,1,CA1-SUB,intermediate,10,-10,-100,5900,0.0015,0.0092,4,79.53,88.35,59.44,60.01,84.57,78.66,65.06,0.3529,0.1208,81.81,89.45,57.62
73,1,CA1-SUB,intermediate,10,15,150,5850,0.0275,0.0167,4,87.38,74.45,69.4,61.16,84.57,78.66,65.06,0.4295,0.1192,81.81,89.45,57.62
73,1,CA1-SUB,intermediate,10,-15,-150,5850,0.0825,0.0237,4,85.6,83.07,43.14,65.68,84.57,78.66,65.06,0.3771,0.2368,81.81,89.45,57.62
73,1,CA1-SUB,intermediate,10,20,200,5800,0.0494,0.0275,4,83.3,85.75,80.16,67.97,84.57,78.66,65.06,0.3847,0.1378,81.81,89.45,57.62
73,1,CA1-SUB,intermediate,10,-20,-200,5800,-0.0016,0.0143,4,73.82,84.3,86.61,63.2,84.57,78.66,65.06,0.3783,0.1712,81.81,89.45,57.62
73,1,CA1-SUB,intermediate,10,25,250,5750,0.045,0.0205,4,79.37,78.81,64.69,55.07,84.57,78.66,65.06,0.3995,0.1487,81.81,89.45,57.62
73,1,CA1-SUB,intermediate,10,-25,-250,5750,0.0554,0.0128,4,71.69,71.93,61.06,71.15,84.57,78.66,65.06,0.3671,0.2072,81.81,89.45,57.62
73,1,RSC-SUB,intermediate,10,0,0,6000,0.129,0.0582,0,0.0,0.0,0.0,0.0,86.92,74.84,80.29,0.5225,0.2535,89.37,71.84,59.38
73,1,RSC-SUB,intermediate,10,1,10,5990,0.0701,0.0363,0,85.43,79.93,39.92,35.88,86.92,74.84,80.29,0.4808,0.1709,89.37,71.84,59.38
73,1,RSC-SUB,intermediate,10,-1,-10,5990,0.0252,0.0395,0,78.19,83.3,75.14,86.15,86.92,74.84,80.29,0.4984,0.1382,89.37,71.84,59.38
73,1,RSC-SUB,intermediate,10,2,20,5980,0.0218,0.0238,0,82.96,88.2,68.88,68.8,86.92,74.84,80.29,0.4882,0.1336,89.37,71.84,59.38
73,1,RSC-SUB,intermediate,10,-2,-20,5980,0.0302,0.0203,0,77.12,82.25,79.34,76.01,86.92,74.84,80.29,0.4726,0.1019,89.37,71.84,59.38
73,1,RSC-SUB,intermediate,10,3,30,5970,0.0597,0.0373,0,70.84,78.11,60.68,55.77,86.92,74.84,80.29,0.4888,0.134,89.37,71.84,59.38
73,1,RSC-SUB,intermediate,10,-3,-30,5970,0.0102,0.0174,0,79.14,83.19,88.03,80.07,86.92,74.84,80.29,0.4942,0.1495,89.37,71.84,59.38
73,1,RSC-SUB,intermediate,10,4,40,5960,0.0531,0.0426,0,71.05,88.26,85.57,81.56,86.92,74.84,80.29,0.4693,0.1517,89.37,71.84,59.38
73,1,RSC-SUB,intermediate,10,-4,-40,5960,0.0295,0.0157,0,80.56,78.13,58.42,61.46,86.92,74.84,80.29,0.5073,0.1578,89.37,71.84,59.38
73,1,RSC-SUB,intermediate,10,5,50,5950,0.0109,0.0044,0,85.28,77.03,44.45,60.37,86.92,74.84,80.29,0.4905,0.1403,89.37,71.84,59.38
73,1,RSC-SUB,intermediate,10,-5,-50,5950,0.0481,0.0231,0,87.51,81.83,42.29,57.26,86.92,74.84,80.29,0.4778,0.1318,89.37,71.84,59.38
73,1,RSC-SUB,intermediate,10,7,70,5930,0.0439,0.0328,0,86.64,81.04,35.43,49.71,86.92,74.84,80.29,0.4829,0.1439,89.37,71.84,59.38
73,1,RSC-SUB,intermediate,10,-7,-70,5930,0.0543,0.0225,0,81.86,80.26,54.39,60.0,86.92,74.84,80.29,0.4877,0.1366,89.37,71.84,59.38
73,1,RSC-SUB,intermediate,10,10,100,5900,0.035,0.0322,0,89.91,83.44,55.89,59.03,86.92,74.84,80.29,0.4787,0.1279,89.37,71.84,59.38
73,1,RSC-SUB,intermediate,10,-10,-100,5900,0.0835,0.0566,0,76.03,82.75,31.8,35.56,86.92,74.84,80.29,0.48,0.1526,89.37,71.84,59.38
73,1,RSC-SUB,intermediate,10,15,150,5850,0.034,0.0164,0,82.7,89.28,50.44,47.57,86.92,74.84,80.29,0.4813,0.1494,89.37,71.84,59.38
73,1,RSC-SUB,intermediate,10,-15,-150,5850,0.0351,0.0361,0,88.06,85.72,57.41,64.45,86.92,74.84,80.29,0.4982,0.1772,89.37,71.84,59.38
73,1,RSC-SUB,intermediate,10,20,200,5800,0.0669,0.0304,0,83.79,86.14,48.68,42.7,86.92,74.84,80.29,0.5051,0.1902,89.37,71.84,59.38
73,1,RSC-SUB,intermediate,10,-20,-200,5800,0.0611,0.0343,0,86.72,88.43,67.1,66.9,86.92,74.84,80.29,0.4837,0.1451,89.37,71.84,59.38
73,1,RSC-SUB,intermediate,10,25,250,5750,0.0252,0.0343,0,89.67,88.67,50.04,54.26,86.92,74.84,80.29,0.4899,0.1858,89.37,71.84,59.38
73,1,RSC-SUB,intermediate,10,-25,-250,5750,0.0175,0.033,0,69.55,72.17,47.1,59.25,86.92,74.84,80.29,0.4919,0.1845,89.37,71.84,59.38
73,1,V1-RSC,intermediate,10,0,0,6000,0.2574,0.1367,1,0.0,0.0,0.0,0.0,79.89,73.17,47.67,0.9629,0.4977,78.29,81.8,5.29
73,1,V1-RSC,intermediate,10,1,10,5990,0.1592,0.0571,1,56.23,86.21,17.16,64.95,79.89,73.17,47.67,0.814,0.5694,78.29,81.8,5.29
73,1,V1-RSC,intermediate,10,-1,-10,5990,0.1122,0.0602,1,68.78,74.21,4.02,46.41,79.89,73.17,47.67,0.8595,0.5338,78.29,81.8,5.29
73,1,V1-RSC,intermediate,10,2,20,5980,0.1834,0.089,1,52.32,75.62,11.23,60.54,79.89,73.17,47.67,0.8255,0.5434,78.29,81.8,5.29
73,1,V1-RSC,intermediate,10,-2,-20,5980,0.0656,0.0428,1,87.32,74.78,1.6,43.56,79.89,73.17,47.67,0.913,0.4945,78.29,81.8,5.29
73,1,V1-RSC,intermediate,10,3,30,5970,0.1647,0.0955,1,56.16,76.83,13.39,61.44,79.89,73.17,47.67,0.9007,0.543,78.29,81.8,5.29
73,1,V1-RSC,intermediate,10,-3,-30,5970,0.1007,0.0451,1,79.23,82.15,2.36,42.35,79.89,73.17,47.67,0.8957,0.5219,78.29,81.8,5.29
73,1,V1-RSC,intermediate,10,4,40,5960,0.152,0.0893,1,70.95,74.89,16.8,68.73,79.89,73.17,47.67,0.891,0.5765,78.29,81.8,5.29
73,1,V1-RSC,intermediate,10,-4,-40,5960,0.0923,0.0358,1,62.38,89.42,1.71,43.49,79.89,73.17,47.67,0.9228,0.5236,78.29,81.8,5.29
73,1,V1-RSC,intermediate,10,5,50,5950,0.1235,0.0768,1,63.41,69.2,5.61,66.93,79.89,73.17,47.67,0.9016,0.5465,78.29,81.8,5.29
73,1,V1-RSC,intermediate,10,-5,-50,5950,0.0477,0.0141,1,80.74,86.6,2.59,54.01,79.89,73.17,47.67,0.8791,0.5068,78.29,81.8,5.29
73,1,V1-RSC,intermediate,10,7,70,5930,0.1337,0.0863,1,83.64,81.5,5.38,72.46,79.89,73.17,47.67,0.904,0.5391,78.29,81.8,5.29
73,1,V1-RSC,intermediate,10,-7,-70,5930,0.084,0.0368,1,66.11,88.51,1.01,54.02,79.89,73.17,47.67,0.9563,0.5266,78.29,81.8,5.29
73,1,V1-RSC,intermediate,10,10,100,5900,0.0677,0.0357,1,85.41,89.85,2.17,52.32,79.89,73.17,47.67,0.8703,0.5041,78.29,81.8,5.29
73,1,V1-RSC,intermediate,10,-10,-100,5900,0.1173,0.0526,1,87.63,80.96,1.81,38.11,79.89,73.17,47.67,0.9357,0.5457,78.29,81.8,5.29
73,1,V1-RSC,intermediate,10,15,150,5850,0.0467,0.0418,1,88.97,77.97,3.38,63.93,79.89,73.17,47.67,0.8631,0.4944,78.29,81.8,5.29
73,1,V1-RSC,intermediate,10,-15,-150,5850,0.0942,0.0406,1,76.53,83.85,3.3,44.31,79.89,73.17,47.67,0.8717,0.5013,78.29,81.8,5.29
73,1,V1-RSC,intermediate,10,20,200,5800,0.0566,0.0338,1,80.57,89.57,1.67,61.68,79.89,73.17,47.67,0.8813,0.5089,78.29,81.8,5.29
73,1,V1-RSC,intermediate,10,-20,-200,5800,0.0893,0.0408,1,84.25,73.8,1.88,50.87,79.89,73.17,47.67,0.9387,0.5388,78.29,81.8,5.29
73,1,V1-RSC,intermediate,10,25,250,5750,0.0368,0.0231,1,89.64,82.04,7.86,76.98,79.89,73.17,47.67,0.8557,0.4914,78.29,81.8,5.29
73,1,V1-RSC,intermediate,10,-25,-250,5750,0.0702,0.0351,1,87.56,86.43,2.16,44.39,79.89,73.17,47.67,0.8943,0.5001,78.29,81.8,5.29
73,1,CA1-RSC,expert,10,0,0,6000,0.0212,0.0168,0,0.0,0.0,0.0,0.0,88.12,87.74,68.62,0.3094,0.4933,87.96,81.7,83.69
73,1,CA1-RSC,expert,10,1,10,5990,-0.0111,-0.0081,0,81.42,81.53,82.09,88.29,88.12,87.74,68.62,0.2698,0.4743,87.96,81.7,83.69
73,1,CA1-RSC,expert,10,-1,-10,5990,-0.0106,-0.0082,0,78.09,72.38,59.06,51.87,88.12,87.74,68.62,0.2946,0.4848,87.96,81.7,83.69
73,1,CA1-RSC,expert,10,2,20,5980,0.0048,0.0087,0,81.32,88.38,71.53,81.95,88.12,87.74,68.62,0.255,0.4832,87.96,81.7,83.69
73,1,CA1-RSC,expert,10,-2,-20,5980,-0.0055,-0.0122,0,87.09,87.65,81.05,84.41,88.12,87.74,68.62,0.3384,0.4852,87.96,81.7,83.69
73,1,CA1-RSC,expert,10,3,30,5970,-0.0264,-0.0184,0,87.73,87.37,69.96,79.75,88.12,87.74,68.62,0.3242,0.4774,87.96,81.7,83.69
73,1,CA1-RSC,expert,10,-3,-30,5970,0.0485,0.0276,0,79.01,89.51,64.97,65.17,88.12,87.74,68.62,0.2075,0.4804,87.96,81.7,83.69
73,1,CA1-RSC,expert,10,4,40,5960,0.0088,0.0062,0,83.41,80.87,73.35,89.66,88.12,87.74,68.62,0.3024,0.474,87.96,81.7,83.69
73,1,CA1-RSC,expert,10,-4,-40,5960,0.0272,0.0267,0,83.64,86.67,50.73,87.46,88.12,87.74,68.62,0.2739,0.4766,87.96,81.7,83.69
73,1,CA1-RSC,expert,10,5,50,5950,-0.0039,-0.003,0,80.55,85.93,80.94,70.36,88.12,87.74,68.62,0.3225,0.5014,87.96,81.7,83.69
73,1,CA1-RSC,expert,10,-5,-50,5950,0.0092,0.0015,0,79.05,88.71,70.0,82.27,88.12,87.74,68.62,0.3137,0.4872,87.96,81.7,83.69
73,1,CA1-RSC,expert,10,7,70,5930,-0.0094,0.0042,0,88.8,81.74,70.91,84.0,88.12,87.74,68.62,0.2765,0.47,87.96,81.7,83.69
73,1,CA1-RSC,expert,10,-7,-70,5930,0.0075,0.0067,0,87.82,86.17,76.5,60.18,88.12,87.74,68.62,0.3099,0.4961,87.96,81.7,83.69
73,1,CA1-RSC,expert,10,10,100,5900,0.0185,0.0094,0,78.89,83.67,77.97,86.98,88.12,87.74,68.62,0.3239,0.4799,87.96,81.7,83.69
73,1,CA1-RSC,expert,10,-10,-100,5900,0.0299,0.0076,0,87.54,83.89,80.28,76.7,88.12,87.74,68.62,0.2789,0.4882,87.96,81.7,83.69
73,1,CA1-RSC,expert,10,15,150,5850,0.033,0.0173,0,87.59,89.66,86.27,80.6,88.12,87.74,68.62,0.3046,0.5022,87.96,81.7,83.69
73,1,CA1-RSC,expert,10,-15,-150,5850,0.0532,0.0274,0,87.7,84.54,46.11,81.69,88.12,87.74,68.62,0.3103,0.5125,87.96,81.7,83.69
73,1,CA1-RSC,expert,10,20,200,5800,0.0139,0.0162,0,87.0,84.81,74.47,81.89,88.12,87.74,68.62,0.3004,0.4804,87.96,81.7,83.69
73,1,CA1-RSC,expert,10,-20,-200,5800,-0.0138,-0.0092,0,69.72,87.82,75.62,89.62,88.12,87.74,68.62,0.2536,0.5011,87.96,81.7,83.69
73,1,CA1-RSC,expert,10,25,250,5750,0.0133,-0.0028,0,82.62,84.69,83.55,81.45,88.12,87.74,68.62,0.3128,0.4797,87.96,81.7,83.69
73,1,CA1-RSC,expert,10,-25,-250,5750,0.0068,0.0038,0,87.0,86.86,70.46,79.2,88.12,87.74,68.62,0.2902,0.4897,87.96,81.7,83.69
73,1,CA1-DG,expert,10,0,0,6000,0.0129,-0.0178,0,0.0,0.0,0.0,0.0,87.02,80.2,83.06,0.2972,0.1654,82.32,83.38,74.74
73,1,CA1-DG,expert,10,1,10,5990,0.0107,-0.0012,0,84.34,86.61,73.83,63.59,87.02,80.2,83.06,0.3131,0.2252,82.32,83.38,74.74
73,1,CA1-DG,expert,10,-1,-10,5990,0.021,0.016,0,68.22,85.68,63.59,66.92,87.02,80.2,83.06,0.2638,0.171,82.32,83.38,74.74
73,1,CA1-DG,expert,10,2,20,5980,-0.0037,0.0054,0,85.6,87.1,89.53,89.37,87.02,80.2,83.06,0.2576,0.1833,82.32,83.38,74.74
73,1,CA1-DG,expert,10,-2,-20,5980,0.0012,0.002,0,79.22,83.1,85.06,85.85,87.02,80.2,83.06,0.2712,0.2311,82.32,83.38,74.74
73,1,CA1-DG,expert,10,3,30,5970,-0.0223,-0.0108,0,88.47,89.53,88.08,89.55,87.02,80.2,83.06,0.2608,0.1751,82.32,83.38,74.74
73,1,CA1-DG,expert,10,-3,-30,5970,0.0248,0.0132,0,88.84,85.21,82.02,88.8,87.02,80.2,83.06,0.3031,0.2019,82.32,83.38,74.74
73,1,CA1-DG,expert,10,4,40,5960,0.0231,0.0197,0,87.34,88.43,73.17,72.39,87.02,80.2,83.06,0.2692,0.187,82.32,83.38,74.74
73,1,CA1-DG,expert,10,-4,-40,5960,0.0423,0.0168,0,80.99,89.95,83.68,87.85,87.02,80.2,83.06,0.3665,0.2475,82.32,83.38,74.74
73,1,CA1-DG,expert,10,5,50,5950,0.0029,0.0145,0,82.46,87.23,74.19,72.23,87.02,80.2,83.06,0.286,0.1357,82.32,83.38,74.74
73,1,CA1-DG,expert,10,-5,-50,5950,0.0099,-0.0007,0,84.55,84.18,88.51,79.65,87.02,80.2,83.06,0.297,0.2387,82.32,83.38,74.74
73,1,CA1-DG,expert,10,7,70,5930,0.0007,-0.0026,0,89.26,88.0,86.99,86.74,87.02,80.2,83.06,0.3062,0.1933,82.32,83.38,74.74
73,1,CA1-DG,expert,10,-7,-70,5930,0.0084,0.006,0,80.84,74.56,73.97,87.6,87.02,80.2,83.06,0.2712,0.161,82.32,83.38,74.74
73,1,CA1-DG,expert,10,10,100,5900,0.001,-0.0105,0,89.96,84.33,77.03,75.94,87.02,80.2,83.06,0.3016,0.2109,82.32,83.38,74.74
73,1,CA1-DG,expert,10,-10,-100,5900,-0.0126,0.0057,0,79.93,85.46,81.96,80.32,87.02,80.2,83.06,0.243,0.1811,82.32,83.38,74.74
73,1,CA1-DG,expert,10,15,150,5850,-0.0186,0.0158,0,72.21,88.02,77.71,79.11,87.02,80.2,83.06,0.2756,0.1635,82.32,83.38,74.74
73,1,CA1-DG,expert,10,-15,-150,5850,0.0293,0.0207,0,86.91,81.9,86.23,87.85,87.02,80.2,83.06,0.2392,0.1583,82.32,83.38,74.74
73,1,CA1-DG,expert,10,20,200,5800,0.0055,0.0024,0,86.52,87.05,83.02,80.96,87.02,80.2,83.06,0.3271,0.2025,82.32,83.38,74.74
73,1,CA1-DG,expert,10,-20,-200,5800,-0.0016,0.0113,0,89.34,84.54,89.44,67.08,87.02,80.2,83.06,0.2683,0.2329,82.32,83.38,74.74
73,1,CA1-DG,expert,10,25,250,5750,0.0041,0.0067,0,88.92,79.15,87.56,74.07,87.02,80.2,83.06,0.275,0.2367,82.32,83.38,74.74
73,1,CA1-DG,expert,10,-25,-250,5750,-0.0108,0.0022,0,75.47,80.74,81.27,89.7,87.02,80.2,83.06,0.266,0.1844,82.32,83.38,74.74
73,1,CA1-V1,expert,10,0,0,6000,0.2173,0.092,1,0.0,0.0,0.0,0.0,76.69,87.98,78.55,0.3149,0.33,74.53,88.63,25.51
73,1,CA1-V1,expert,10,1,10,5990,0.0545,0.0402,1,83.44,78.56,38.19,46.75,76.69,87.98,78.55,0.2911,0.3623,74.53,88.63,25.51
73,1,CA1-V1,expert,10,-1,-10,5990,0.0452,0.006,1,85.04,86.23,36.46,41.37,76.69,87.98,78.55,0.3052,0.4027,74.53,88.63,25.51
73,1,CA1-V1,expert,10,2,20,5980,-0.0073,-0.0137,1,82.16,69.19,38.91,44.81,76.69,87.98,78.55,0.3082,0.4182,74.53,88.63,25.51
73,1,CA1-V1,expert,10,-2,-20,5980,0.0293,0.017,1,86.52,81.64,54.5,67.85,76.69,87.98,78.55,0.3042,0.3222,74.53,88.63,25.51
73,1,CA1-V1,expert,10,3,30,5970,0.0046,-0.0015,1,85.13,87.23,38.81,58.02,76.69,87.98,78.55,0.3261,0.3641,74.53,88.63,25.51
73,1,CA1-V1,expert,10,-3,-30,5970,0.0107,0.0116,1,79.75,64.96,45.38,60.77,76.69,87.98,78.55,0.3615,0.3787,74.53,88.63,25.51
73,1,CA1-V1,expert,10,4,40,5960,0.0186,0.0203,1,78.74,86.53,42.28,68.08,76.69,87.98,78.55,0.3036,0.4056,74.53,88.63,25.51
73,1,CA1-V1,expert,10,-4,-40,5960,-0.0206,0.0007,1,82.24,69.48,42.79,43.35,76.69,87.98,78.55,0.2893,0.3529,74.53,88.63,25.51
73,1,CA1-V1,expert,10,5,50,5950,0.0558,0.0234,1,84.71,86.46,48.2,68.72,76.69,87.98,78.55,0.384,0.36,74.53,88.63,25.51
73,1,CA1-V1,expert,10,-5,-50,5950,-0.0137,0.0036,1,89.57,89.73,46.83,73.1,76.69,87.98,78.55,0.272,0.3634,74.53,88.63,25.51
73,1,CA1-V1,expert,10,7,70,5930,-0.0058,0.0006,1,75.85,85.81,42.95,53.53,76.69,87.98,78.55,0.2912,0.3682,74.53,88.63,25.51
73,1,CA1-V1,expert,10,-7,-70,5930,0.0254,0.0096,1,88.27,87.53,26.92,61.68,76.69,87.98,78.55,0.3116,0.3144,74.53,88.63,25.51
73,1,CA1-V1,expert,10,10,100,5900,-0.016,-0.0043,1,84.89,82.19,82.51,64.14,76.69,87.98,78.55,0.2941,0.4463,74.53,88.63,25.51
73,1,CA1-V1,expert,10,-10,-100,5900,0.0414,0.0005,1,86.71,81.16,33.95,62.19,76.69,87.98,78.55,0.2981,0.4014,74.53,88.63,25.51
73,1,CA1-V1,expert,10,15,150,5850,-0.0241,-0.0037,1,83.23,89.06,80.97,82.86,76.69,87.98,78.55,0.2281,0.3378,74.53,88.63,25.51
73,1,CA1-V1,expert,10,-15,-150,5850,0.0151,-0.0047,1,80.78,74.56,35.59,37.4,76.69,87.98,78.55,0.3276,0.3769,74.53,88.63,25.51
73,1,CA1-V1,expert,10,20,200,5800,0.0026,0.0254,1,82.91,88.46,86.62,52.92,76.69,87.98,78.55,0.3937,0.3554,74.53,88.63,25.51
73,1,CA1-V1,expert,10,-20,-200,5800,0.021,0.0263,1,78.73,89.49,46.68,67.18,76.69,87.98,78.55,0.3333,0.3575,74.53,88.63,25.51
73,1,CA1-V1,expert,10,25,250,5750,0.0222,0.0027,1,80.7,78.39,88.19,77.44,76.69,87.98,78.55,0.2945,0.3473,74.53,88.63,25.51
73,1,CA1-V1,expert,10,-25,-250,5750,0.0115,0.0103,1,71.33,79.15,51.81,59.89,76.69,87.98,78.55,0.3146,0.4055,74.53,88.63,25.51
73,1,CA1-SUB,expert,10,0,0,6000,0.0931,-0.0266,0,0.0,0.0,0.0,0.0,88.88,86.44,77.4,0.249,0.1363,87.01,89.39,53.45
73,1,CA1-SUB,expert,10,1,10,5990,0.0481,0.0103,0,70.7,83.48,43.84,42.26,88.88,86.44,77.4,0.2864,0.103,87.01,89.39,53.45
73,1,CA1-SUB,expert,10,-1,-10,5990,0.0221,0.0207,0,84.72,81.49,33.19,43.12,88.88,86.44,77.4,0.2998,0.1495,87.01,89.39,53.45
73,1,CA1-SUB,expert,10,2,20,5980,-0.0197,-0.0083,0,79.01,82.02,80.97,80.92,88.88,86.44,77.4,0.3006,0.1607,87.01,89.39,53.45
73,1,CA1-SUB,expert,10,-2,-20,5980,0.0628,0.0365,0,85.95,88.19,58.42,64.63,88.88,86.44,77.4,0.3312,0.2301,87.01,89.39,53.45
73,1,CA1-SUB,expert,10,3,30,5970,0.0173,0.0109,0,85.0,76.28,70.24,73.81,88.88,86.44,77.4,0.2918,0.1427,87.01,89.39,53.45
73,1,CA1-SUB,expert,10,-3,-30,5970,-0.011,0.0025,0,87.45,78.67,80.02,67.4,88.88,86.44,77.4,0.2851,0.1273,87.01,89.39,53.45
73,1,CA1-SUB,expert,10,4,40,5960,0.011,0.0012,0,83.63,85.81,66.67,83.72,88.88,86.44,77.4,0.3136,0.1608,87.01,89.39,53.45
73,1,CA1-SUB,expert,10,-4,-40,5960,0.0456,0.0389,0,85.72,82.85,63.53,66.98,88.88,86.44,77.4,0.2202,0.1542,87.01,89.39,53.45
73,1,CA1-SUB,expert,10,5,50,5950,0.0351,0.0167,0,84.82,88.89,60.29,76.86,88.88,86.44,77.4,0.2565,0.1205,87.01,89.39,53.45
73,1,CA1-SUB,expert,10,-5,-50,5950,0.032,0.0274,0,73.18,84.68,44.66,52.11,88.88,86.44,77.4,0.2951,0.1507,87.01,89.39,53.45
73,1,CA1-SUB,expert,10,7,70,5930,-0.0051,0.0128,0,82.01,87.46,50.25,78.18,88.88,86.44,77.4,0.2766,0.1382,87.01,89.39,53.45
73,1,CA1-SUB,expert,10,-7,-70,5930,0.0028,0.0079,0,86.16,86.08,72.53,86.31,88.88,86.44,77.4,0.2867,0.1305,87.01,89.39,53.45
73,1,CA1-SUB,expert,10,10,100,5900,-0.0039,0.0101,0,80.88,88.86,49.04,65.43,88.88,86.44,77.4,0.275,0.1533,87.01,89.39,53.45
73,1,CA1-SUB,expert,10,-10,-100,5900,0.0174,0.0123,0,81.29,79.95,58.8,64.75,88.88,86.44,77.4,0.2697,0.1785,87.01,89.39,53.45
73,1,CA1-SUB,expert,10,15,150,5850,-0.0272,-0.0178,0,86.69,87.2,81.88,86.36,88.88,86.44,77.4,0.3029,0.1849,87.01,89.39,53.45
73,1,CA1-SUB,expert,10,-15,-150,5850,0.0826,0.0296,0,84.92,87.06,74.72,75.08,88.88,86.44,77.4,0.2757,0.2189,87.01,89.39,53.45
73,1,CA1-SUB,expert,10,20,200,5800,-0.0002,-0.0003,0,74.62,87.22,83.53,89.6,88.88,86.44,77.4,0.3304,0.1655,87.01,89.39,53.45
73,1,CA1-SUB,expert,10,-20,-200,5800,0.0319,0.0218,0,71.92,86.94,87.21,80.23,88.88,86.44,77.4,0.2935,0.193,87.01,89.39,53.45
73,1,CA1-SUB,expert,10,25,250,5750,0.0021,0.0128,0,82.92,80.11,78.71,71.32,88.88,86.44,77.4,0.3219,0.1189,87.01,89.39,53.45
73,1,CA1-SUB,expert,10,-25,-250,5750,-0.0035,0.0035,0,80.62,71.31,74.13,71.33,88.88,86.44,77.4,0.2795,0.1767,87.01,89.39,53.45
73,1,RSC-SUB,expert,10,0,0,6000,0.1077,0.0547,0,0.0,0.0,0.0,0.0,89.46,89.37,79.4,0.5193,0.1951,62.71,67.75,72.12
73,1,RSC-SUB,expert,10,1,10,5990,0.0532,0.0221,0,77.22,81.39,40.9,50.22,89.46,89.37,79.4,0.4783,0.1374,62.71,67.75,72.12
73,1,RSC-SUB,expert,10,-1,-10,5990,0.0615,0.0322,0,66.81,65.81,42.47,44.89,89.46,89.37,79.4,0.4807,0.1542,62.71,67.75,72.12
73,1,RSC-SUB,expert,10,2,20,5980,0.0785,0.0379,0,75.22,84.51,53.21,67.96,89.46,89.37,79.4,0.5027,0.2044,62.71,67.75,72.12
73,1,RSC-SUB,expert,10,-2,-20,5980,0.0723,0.0621,0,84.98,66.3,48.29,47.33,89.46,89.37,79.4,0.4973,0.165,62.71,67.75,72.12
73,1,RSC-SUB,expert,10,3,30,5970,0.0655,0.031,0,88.69,80.26,40.68,46.01,89.46,89.37,79.4,0.5059,0.1688,62.71,67.75,72.12
73,1,RSC-SUB,expert,10,-3,-30,5970,0.1234,0.047,0,73.24,84.7,56.31,51.8,89.46,89.37,79.4,0.5308,0.2724,62.71,67.75,72.12
73,1,RSC-SUB,expert,10,4,40,5960,0.1106,0.0518,0,82.18,84.62,49.52,54.63,89.46,89.37,79.4,0.5229,0.2118,62.71,67.75,72.12
73,1,RSC-SUB,expert,10,-4,-40,5960,0.0434,0.0285,0,73.69,73.37,66.72,56.54,89.46,89.37,79.4,0.4804,0.1024,62.71,67.75,72.12
73,1,RSC-SUB,expert,10,5,50,5950,0.1016,0.0543,0,70.72,84.78,58.61,58.71,89.46,89.37,79.4,0.4923,0.1801,62.71,67.75,72.12
73,1,RSC-SUB,expert,10,-5,-50,5950,0.0345,0.0636,0,66.97,80.49,43.88,62.47,89.46,89.37,79.4,0.4904,0.2179,62.71,67.75,72.12
73,1,RSC-SUB,expert,10,7,70,5930,0.0848,0.0279,0,89.03,81.23,44.46,60.55,89.46,89.37,79.4,0.5173,0.2596,62.71,67.75,72.12
73,1,RSC-SUB,expert,10,-7,-70,5930,0.0489,0.0419,0,80.34,89.72,66.52,57.71,89.46,89.37,79.4,0.4803,0.1609,62.71,67.75,72.12
73,1,RSC-SUB,expert,10,10,100,5900,0.0648,0.0429,0,74.28,69.51,55.62,47.6,89.46,89.37,79.4,0.4758,0.1735,62.71,67.75,72.12
73,1,RSC-SUB,expert,10,-10,-100,5900,0.0446,0.0268,0,72.18,81.95,64.53,66.79,89.46,89.37,79.4,0.4815,0.1487,62.71,67.75,72.12
73,1,RSC-SUB,expert,10,15,150,5850,0.0709,0.0258,0,89.94,84.04,42.07,49.96,89.46,89.37,79.4,0.5028,0.2087,62.71,67.75,72.12
73,1,RSC-SUB,expert,10,-15,-150,5850,0.072,0.0422,0,60.36,82.92,46.29,43.16,89.46,89.37,79.4,0.478,0.162,62.71,67.75,72.12
73,1,RSC-SUB,expert,10,20,200,5800,0.07,0.0486,0,89.2,74.28,75.19,66.88,89.46,89.37,79.4,0.493,0.2039,62.71,67.75,72.12
73,1,RSC-SUB,expert,10,-20,-200,5800,-0.001,0.0106,0,82.98,74.27,89.17,80.59,89.46,89.37,79.4,0.4948,0.1288,62.71,67.75,72.12
73,1,RSC-SUB,expert,10,25,250,5750,0.0947,0.0243,0,85.27,87.25,53.27,52.64,89.46,89.37,79.4,0.4951,0.1836,62.71,67.75,72.12
73,1,RSC-SUB,expert,10,-25,-250,5750,0.0572,0.0222,0,76.92,85.43,40.73,48.1,89.46,89.37,79.4,0.4926,0.167,62.71,67.75,72.12
73,1,V1-RSC,expert,10,0,0,6000,0.2649,0.1502,1,0.0,0.0,0.0,0.0,82.4,69.51,0.45,0.9749,0.5103,89.52,88.16,2.22
73,1,V1-RSC,expert,10,1,10,5990,0.1221,0.0615,1,88.07,89.29,5.15,81.44,82.4,69.51,0.45,0.8755,0.5576,89.52,88.16,2.22
73,1,V1-RSC,expert,10,-1,-10,5990,0.0505,0.0437,1,81.84,75.51,3.17,72.38,82.4,69.51,0.45,0.8973,0.4937,89.52,88.16,2.22
73,1,V1-RSC,expert,10,2,20,5980,0.115,0.0668,1,78.28,84.93,6.21,78.21,82.4,69.51,0.45,0.8657,0.5226,89.52,88.16,2.22
73,1,V1-RSC,expert,10,-2,-20,5980,0.0664,0.031,1,83.97,87.77,2.22,81.5,82.4,69.51,0.45,0.9075,0.5132,89.52,88.16,2.22
73,1,V1-RSC,expert,10,3,30,5970,0.1306,0.0637,1,88.5,82.5,15.43,86.35,82.4,69.51,0.45,0.8661,0.5787,89.52,88.16,2.22
73,1,V1-RSC,expert,10,-3,-30,5970,0.0453,0.0247,1,80.85,80.54,2.5,81.9,82.4,69.51,0.45,0.872,0.4931,89.52,88.16,2.22
73,1,V1-RSC,expert,10,4,40,5960,0.1588,0.0661,1,80.69,81.8,3.13,85.24,82.4,69.51,0.45,0.8628,0.5643,89.52,88.16,2.22
73,1,V1-RSC,expert,10,-4,-40,5960,0.065,0.0283,1,81.26,79.83,4.13,82.49,82.4,69.51,0.45,0.896,0.5362,89.52,88.16,2.22
73,1,V1-RSC,expert,10,5,50,5950,0.1296,0.0525,1,81.91,89.44,2.35,81.45,82.4,69.51,0.45,0.8927,0.5499,89.52,88.16,2.22
73,1,V1-RSC,expert,10,-5,-50,5950,0.0709,0.0332,1,85.99,87.91,2.08,82.57,82.4,69.51,0.45,0.9182,0.5301,89.52,88.16,2.22
73,1,V1-RSC,expert,10,7,70,5930,0.0981,0.0394,1,77.82,88.97,2.53,87.0,82.4,69.51,0.45,0.8869,0.5644,89.52,88.16,2.22
73,1,V1-RSC,expert,10,-7,-70,5930,0.0752,0.0484,1,73.58,83.81,1.98,82.55,82.4,69.51,0.45,0.9123,0.5292,89.52,88.16,2.22
73,1,V1-RSC,expert,10,10,100,5900,0.0785,0.0401,1,70.19,85.38,2.11,85.19,82.4,69.51,0.45,0.8881,0.5407,89.52,88.16,2.22
73,1,V1-RSC,expert,10,-10,-100,5900,0.1189,0.0433,1,82.61,89.14,5.1,82.55,82.4,69.51,0.45,0.891,0.552,89.52,88.16,2.22
73,1,V1-RSC,expert,10,15,150,5850,0.0743,0.0441,1,68.47,86.73,6.58,87.32,82.4,69.51,0.45,0.8645,0.513,89.52,88.16,2.22
73,1,V1-RSC,expert,10,-15,-150,5850,0.1021,0.0477,1,77.34,78.33,3.56,86.87,82.4,69.51,0.45,0.9031,0.5361,89.52,88.16,2.22
73,1,V1-RSC,expert,10,20,200,5800,0.0496,0.0218,1,66.17,83.84,2.98,84.62,82.4,69.51,0.45,0.8565,0.4941,89.52,88.16,2.22
73,1,V1-RSC,expert,10,-20,-200,5800,0.0178,0.0193,1,73.43,88.69,2.28,80.27,82.4,69.51,0.45,0.8842,0.512,89.52,88.16,2.22
73,1,V1-RSC,expert,10,25,250,5750,0.0175,0.0123,1,68.27,83.6,3.28,81.81,82.4,69.51,0.45,0.8468,0.4848,89.52,88.16,2.22
73,1,V1-RSC,expert,10,-25,-250,5750,0.0912,0.0327,1,78.68,89.92,1.88,72.87,82.4,69.51,0.45,0.9134,0.5289,89.52,88.16,2.22
75,1,CA1-RSC,naive,10,0,0,6000,0.1414,0.1112,0,0.0,0.0,0.0,0.0,89.94,83.76,59.04,0.3936,0.6695,88.36,89.38,84.85
75,1,CA1-RSC,naive,10,1,10,5990,0.0806,0.0274,0,64.56,82.27,69.14,72.59,89.94,83.76,59.04,0.3434,0.6678,88.36,89.38,84.85
75,1,CA1-RSC,naive,10,-1,-10,5990,0.004,0.0186,0,68.31,62.53,25.69,37.22,89.94,83.76,59.04,0.4815,0.6693,88.36,89.38,84.85
75,1,CA1-RSC,naive,10,2,20,5980,0.0487,0.0255,0,88.5,85.44,86.63,82.67,89.94,83.76,59.04,0.3973,0.6683,88.36,89.38,84.85
75,1,CA1-RSC,naive,10,-2,-20,5980,-0.0072,0.0167,0,81.68,77.45,21.86,38.6,89.94,83.76,59.04,0.3851,0.6792,88.36,89.38,84.85
75,1,CA1-RSC,naive,10,3,30,5970,0.0471,0.0414,0,82.9,82.97,26.98,84.44,89.94,83.76,59.04,0.4832,0.6763,88.36,89.38,84.85
75,1,CA1-RSC,naive,10,-3,-30,5970,0.0705,0.0285,0,88.25,88.32,88.07,85.12,89.94,83.76,59.04,0.4362,0.6797,88.36,89.38,84.85
75,1,CA1-RSC,naive,10,4,40,5960,0.0844,0.0361,0,86.94,87.01,69.89,84.95,89.94,83.76,59.04,0.4726,0.6749,88.36,89.38,84.85
75,1,CA1-RSC,naive,10,-4,-40,5960,0.0606,0.0361,0,87.92,84.1,88.91,82.16,89.94,83.76,59.04,0.269,0.6692,88.36,89.38,84.85
75,1,CA1-RSC,naive,10,5,50,5950,0.0454,0.0384,0,84.5,72.35,79.39,86.12,89.94,83.76,59.04,0.3311,0.6722,88.36,89.38,84.85
75,1,CA1-RSC,naive,10,-5,-50,5950,0.0086,0.0269,0,72.82,89.65,15.5,88.62,89.94,83.76,59.04,0.3618,0.6626,88.36,89.38,84.85
75,1,CA1-RSC,naive,10,7,70,5930,0.0516,0.0261,0,77.2,88.21,86.28,68.65,89.94,83.76,59.04,0.3351,0.6576,88.36,89.38,84.85
75,1,CA1-RSC,naive,10,-7,-70,5930,-0.0112,0.0191,0,89.76,89.08,86.11,90.0,89.94,83.76,59.04,0.3631,0.6659,88.36,89.38,84.85
75,1,CA1-RSC,naive,10,10,100,5900,0.0098,0.0109,0,77.0,82.36,89.4,76.06,89.94,83.76,59.04,0.361,0.6672,88.36,89.38,84.85
75,1,CA1-RSC,naive,10,-10,-100,5900,0.0784,0.0098,0,84.47,82.9,80.53,82.98,89.94,83.76,59.04,0.4421,0.6716,88.36,89.38,84.85
75,1,CA1-RSC,naive,10,15,150,5850,0.0746,0.0503,0,83.06,71.08,30.89,52.87,89.94,83.76,59.04,0.4137,0.6856,88.36,89.38,84.85
75,1,CA1-RSC,naive,10,-15,-150,5850,0.0222,0.0166,0,83.46,88.01,81.89,81.6,89.94,83.76,59.04,0.4128,0.6771,88.36,89.38,84.85
75,1,CA1-RSC,naive,10,20,200,5800,0.0545,0.0358,0,58.89,77.52,86.6,86.78,89.94,83.76,59.04,0.4048,0.6711,88.36,89.38,84.85
75,1,CA1-RSC,naive,10,-20,-200,5800,-0.0213,-0.0005,0,78.7,86.77,54.23,83.86,89.94,83.76,59.04,0.3634,0.6614,88.36,89.38,84.85
75,1,CA1-RSC,naive,10,25,250,5750,0.066,0.0423,0,87.44,83.57,81.53,75.88,89.94,83.76,59.04,0.3944,0.662,88.36,89.38,84.85
75,1,CA1-RSC,naive,10,-25,-250,5750,0.0145,0.0128,0,63.77,89.11,68.24,78.55,89.94,83.76,59.04,0.349,0.6684,88.36,89.38,84.85
75,1,CA1-DG,naive,10,0,0,6000,0.2015,0.0907,1,0.0,0.0,0.0,0.0,70.58,80.43,51.75,0.4135,0.5955,86.94,85.64,80.03
75,1,CA1-DG,naive,10,1,10,5990,0.0714,0.0383,1,75.0,90.0,36.39,39.09,70.58,80.43,51.75,0.372,0.5548,86.94,85.64,80.03
75,1,CA1-DG,naive,10,-1,-10,5990,0.1242,0.0523,1,83.4,76.92,38.94,47.13,70.58,80.43,51.75,0.5149,0.5751,86.94,85.64,80.03
75,1,CA1-DG,naive,10,2,20,5980,0.0101,0.0192,1,79.99,74.48,81.28,73.23,70.58,80.43,51.75,0.3483,0.5164,86.94,85.64,80.03
75,1,CA1-DG,naive,10,-2,-20,5980,0.0573,0.0704,1,81.64,88.7,61.22,77.31,70.58,80.43,51.75,0.429,0.5584,86.94,85.64,80.03
75,1,CA1-DG,naive,10,3,30,5970,0.058,0.0327,1,87.51,82.43,85.8,85.78,70.58,80.43,51.75,0.5521,0.5648,86.94,85.64,80.03
75,1,CA1-DG,naive,10,-3,-30,5970,0.0323,0.0526,1,81.52,73.68,63.58,75.67,70.58,80.43,51.75,0.3643,0.5641,86.94,85.64,80.03
75,1,CA1-DG,naive,10,4,40,5960,0.0471,0.0307,1,86.89,86.8,57.09,86.6,70.58,80.43,51.75,0.4272,0.5367,86.94,85.64,80.03
75,1,CA1-DG,naive,10,-4,-40,5960,0.0244,0.0405,1,68.4,77.78,66.44,77.43,70.58,80.43,51.75,0.3566,0.5299,86.94,85.64,80.03
75,1,CA1-DG,naive,10,5,50,5950,0.0624,0.0316,1,76.88,84.42,34.31,66.59,70.58,80.43,51.75,0.4057,0.5416,86.94,85.64,80.03
75,1,CA1-DG,naive,10,-5,-50,5950,0.0223,0.0345,1,78.69,88.28,68.48,77.11,70.58,80.43,51.75,0.3665,0.5373,86.94,85.64,80.03
75,1,CA1-DG,naive,10,7,70,5930,0.0196,0.0072,1,80.9,86.07,69.17,77.72,70.58,80.43,51.75,0.468,0.5684,86.94,85.64,80.03
75,1,CA1-DG,naive,10,-7,-70,5930,-0.004,0.008,1,76.87,87.0,69.75,77.32,70.58,80.43,51.75,0.4173,0.5161,86.94,85.64,80.03
75,1,CA1-DG,naive,10,10,100,5900,-0.0023,0.0152,1,87.74,80.12,68.61,75.55,70.58,80.43,51.75,0.3801,0.5295,86.94,85.64,80.03
75,1,CA1-DG,naive,10,-10,-100,5900,0.0305,0.0343,1,87.67,89.03,82.14,73.94,70.58,80.43,51.75,0.4042,0.536,86.94,85.64,80.03
75,1,CA1-DG,naive,10,15,150,5850,0.0106,0.0175,1,89.14,85.57,87.8,82.09,70.58,80.43,51.75,0.3904,0.5186,86.94,85.64,80.03
75,1,CA1-DG,naive,10,-15,-150,5850,0.0255,0.0144,1,76.27,81.33,71.12,78.85,70.58,80.43,51.75,0.407,0.5472,86.94,85.64,80.03
75,1,CA1-DG,naive,10,20,200,5800,0.0003,-0.0043,1,68.69,89.46,81.75,70.1,70.58,80.43,51.75,0.4156,0.5158,86.94,85.64,80.03
75,1,CA1-DG,naive,10,-20,-200,5800,-0.0092,0.001,1,89.22,83.76,89.49,88.79,70.58,80.43,51.75,0.366,0.5256,86.94,85.64,80.03
75,1,CA1-DG,naive,10,25,250,5750,0.0089,0.0251,1,87.2,86.4,72.35,67.68,70.58,80.43,51.75,0.3395,0.5285,86.94,85.64,80.03
75,1,CA1-DG,naive,10,-25,-250,5750,0.0183,0.0154,1,89.03,85.99,82.84,88.4,70.58,80.43,51.75,0.3755,0.555,86.94,85.64,80.03
75,1,CA1-V1,naive,10,0,0,6000,0.0784,0.0315,0,0.0,0.0,0.0,0.0,81.97,84.74,76.67,0.4018,0.5156,82.64,83.03,58.47
75,1,CA1-V1,naive,10,1,10,5990,0.0112,0.0166,0,83.69,88.5,74.94,72.36,81.97,84.74,76.67,0.2984,0.516,82.64,83.03,58.47
75,1,CA1-V1,naive,10,-1,-10,5990,0.0087,0.0076,0,89.75,87.62,70.57,71.98,81.97,84.74,76.67,0.51,0.5008,82.64,83.03,58.47
75,1,CA1-V1,naive,10,2,20,5980,-0.0106,-0.0026,0,85.19,89.42,80.36,89.09,81.97,84.74,76.67,0.5223,0.5102,82.64,83.03,58.47
75,1,CA1-V1,naive,10,-2,-20,5980,0.0094,-0.0016,0,89.44,81.79,89.1,72.0,81.97,84.74,76.67,0.3864,0.4972,82.64,83.03,58.47
75,1,CA1-V1,naive,10,3,30,5970,-0.0193,-0.0035,0,80.4,83.52,70.7,69.34,81.97,84.74,76.67,0.3932,0.4789,82.64,83.03,58.47
75,1,CA1-V1,naive,10,-3,-30,5970,-0.0189,-0.003,0,84.84,83.6,80.42,72.89,81.97,84.74,76.67,0.4481,0.4898,82.64,83.03,58.47
75,1,CA1-V1,naive,10,4,40,5960,0.0025,0.0127,0,84.56,89.18,81.41,74.74,81.97,84.74,76.67,0.4671,0.4982,82.64,83.03,58.47
75,1,CA1-V1,naive,10,-4,-40,5960,-0.0081,-0.0042,0,83.29,87.74,84.42,86.8,81.97,84.74,76.67,0.4699,0.4915,82.64,83.03,58.47
75,1,CA1-V1,naive,10,5,50,5950,0.0051,0.0176,0,87.49,84.96,79.5,76.91,81.97,84.74,76.67,0.4537,0.4979,82.64,83.03,58.47
75,1,CA1-V1,naive,10,-5,-50,5950,0.0005,0.0215,0,89.28,88.64,77.56,69.27,81.97,84.74,76.67,0.3692,0.4906,82.64,83.03,58.47
75,1,CA1-V1,naive,10,7,70,5930,0.0165,0.0021,0,88.33,80.3,76.58,75.7,81.97,84.74,76.67,0.3721,0.4902,82.64,83.03,58.47
75,1,CA1-V1,naive,10,-7,-70,5930,0.0173,0.0108,0,84.3,79.29,71.0,62.97,81.97,84.74,76.67,0.4415,0.4869,82.64,83.03,58.47
75,1,CA1-V1,naive,10,10,100,5900,-0.0138,-0.0025,0,87.17,81.97,89.1,83.85,81.97,84.74,76.67,0.4397,0.4938,82.64,83.03,58.47
75,1,CA1-V1,naive,10,-10,-100,5900,0.0025,0.0216,0,79.12,85.8,72.68,79.06,81.97,84.74,76.67,0.5153,0.5152,82.64,83.03,58.47
75,1,CA1-V1,naive,10,15,150,5850,0.0049,0.0215,0,86.84,87.44,89.17,81.12,81.97,84.74,76.67,0.3542,0.4988,82.64,83.03,58.47
75,1,CA1-V1,naive,10,-15,-150,5850,0.0496,0.0134,0,85.39,80.29,60.82,60.4,81.97,84.74,76.67,0.4134,0.5122,82.64,83.03,58.47
75,1,CA1-V1,naive,10,20,200,5800,0.0275,-0.0,0,88.7,88.8,66.36,83.26,81.97,84.74,76.67,0.4038,0.4933,82.64,83.03,58.47
75,1,CA1-V1,naive,10,-20,-200,5800,0.0002,0.0049,0,88.54,79.82,60.51,61.71,81.97,84.74,76.67,0.4743,0.498,82.64,83.03,58.47
75,1,CA1-V1,naive,10,25,250,5750,-0.0069,0.0166,0,79.52,89.11,72.31,88.43,81.97,84.74,76.67,0.4114,0.4976,82.64,83.03,58.47
75,1,CA1-V1,naive,10,-25,-250,5750,0.0334,0.0203,0,87.21,81.47,87.38,88.19,81.97,84.74,76.67,0.4461,0.4801,82.64,83.03,58.47
75,1,CA1-SUB,naive,10,0,0,6000,0.0748,0.0389,0,0.0,0.0,0.0,0.0,90.0,86.55,90.0,0.3568,0.224,86.74,77.69,74.66
75,1,CA1-SUB,naive,10,1,10,5990,0.0283,0.0371,0,73.98,83.32,72.43,81.28,90.0,86.55,90.0,0.4747,0.1894,86.74,77.69,74.66
75,1,CA1-SUB,naive,10,-1,-10,5990,0.0382,0.0268,0,77.46,74.69,51.53,51.79,90.0,86.55,90.0,0.3655,0.2002,86.74,77.69,74.66
75,1,CA1-SUB,naive,10,2,20,5980,0.0019,0.0077,0,89.87,84.24,79.16,81.0,90.0,86.55,90.0,0.4367,0.225,86.74,77.69,74.66
75,1,CA1-SUB,naive,10,-2,-20,5980,0.0232,0.0045,0,80.34,85.3,53.45,75.73,90.0,86.55,90.0,0.4341,0.1946,86.74,77.69,74.66
75,1,CA1-SUB,naive,10,3,30,5970,0.033,0.017,0,73.21,81.58,81.64,70.84,90.0,86.55,90.0,0.448,0.2052,86.74,77.69,74.66
75,1,CA1-SUB,naive,10,-3,-30,5970,-0.01,0.0129,0,73.85,80.43,74.86,87.06,90.0,86.55,90.0,0.406,0.219,86.74,77.69,74.66
75,1,CA1-SUB,naive,10,4,40,5960,0.0267,0.0035,0,66.92,85.66,84.11,69.25,90.0,86.55,90.0,0.4584,0.2331,86.74,77.69,74.66
75,1,CA1-SUB,naive,10,-4,-40,5960,-0.0081,-0.0026,0,78.14,88.7,71.86,84.53,90.0,86.55,90.0,0.3743,0.1955,86.74,77.69,74.66
75,1,CA1-SUB,naive,10,5,50,5950,-0.0119,-0.0094,0,89.83,78.54,85.58,77.21,90.0,86.55,90.0,0.3984,0.2348,86.74,77.69,74.66
75,1,CA1-SUB,naive,10,-5,-50,5950,0.0259,0.0033,0,86.87,86.62,72.24,84.22,90.0,86.55,90.0,0.4534,0.2254,86.74,77.69,74.66
75,1,CA1-SUB,naive,10,7,70,5930,0.0003,0.0027,0,72.72,83.88,53.87,83.62,90.0,86.55,90.0,0.3935,0.2247,86.74,77.69,74.66
75,1,CA1-SUB,naive,10,-7,-70,5930,0.032,0.0145,0,87.64,88.05,89.4,82.87,90.0,86.55,90.0,0.4614,0.1906,86.74,77.69,74.66
75,1,CA1-SUB,naive,10,10,100,5900,0.0194,0.002,0,81.29,88.93,44.04,62.77,90.0,86.55,90.0,0.3248,0.2227,86.74,77.69,74.66
75,1,CA1-SUB,naive,10,-10,-100,5900,-0.0062,-0.0007,0,68.34,80.67,85.67,76.47,90.0,86.55,90.0,0.4317,0.2177,86.74,77.69,74.66
75,1,CA1-SUB,naive,10,15,150,5850,0.033,0.0049,0,79.59,76.51,44.35,51.28,90.0,86.55,90.0,0.4084,0.2114,86.74,77.69,74.66
75,1,CA1-SUB,naive,10,-15,-150,5850,0.0437,0.0162,0,82.65,83.52,40.01,64.28,90.0,86.55,90.0,0.4192,0.2247,86.74,77.69,74.66
75,1,CA1-SUB,naive,10,20,200,5800,-0.0251,-0.0091,0,82.32,86.95,85.85,89.34,90.0,86.55,90.0,0.4484,0.2385,86.74,77.69,74.66
75,1,CA1-SUB,naive,10,-20,-200,5800,-0.0227,0.0067,0,82.92,87.24,78.89,67.74,90.0,86.55,90.0,0.4345,0.2055,86.74,77.69,74.66
75,1,CA1-SUB,naive,10,25,250,5750,0.0393,0.0178,0,87.9,89.88,71.74,75.48,90.0,86.55,90.0,0.3898,0.2137,86.74,77.69,74.66
75,1,CA1-SUB,naive,10,-25,-250,5750,0.0018,0.0027,0,70.54,85.36,83.76,81.17,90.0,86.55,90.0,0.3943,0.2242,86.74,77.69,74.66
75,1,RSC-SUB,naive,10,0,0,6000,0.2309,0.1593,1,0.0,0.0,0.0,0.0,73.75,77.66,55.64,0.6514,0.2573,64.62,55.44,27.82
75,1,RSC-SUB,naive,10,1,10,5990,0.1697,0.1045,1,35.22,41.54,19.62,22.81,73.75,77.66,55.64,0.6455,0.2762,64.62,55.44,27.82
75,1,RSC-SUB,naive,10,-1,-10,5990,0.1301,0.111,1,50.13,56.82,17.77,26.58,73.75,77.66,55.64,0.6516,0.3383,64.62,55.44,27.82
75,1,RSC-SUB,naive,10,2,20,5980,0.1271,0.0759,1,58.11,57.27,28.71,33.92,73.75,77.66,55.64,0.6509,0.2509,64.62,55.44,27.82
75,1,RSC-SUB,naive,10,-2,-20,5980,0.1605,0.113,1,64.85,78.5,57.36,71.13,73.75,77.66,55.64,0.6539,0.322,64.62,55.44,27.82
75,1,RSC-SUB,naive,10,3,30,5970,0.1339,0.077,1,49.74,61.79,31.41,30.3,73.75,77.66,55.64,0.643,0.232,64.62,55.44,27.82
75,1,RSC-SUB,naive,10,-3,-30,5970,0.1487,0.1157,1,83.07,78.96,51.69,60.87,73.75,77.66,55.64,0.6503,0.2719,64.62,55.44,27.82
75,1,RSC-SUB,naive,10,4,40,5960,0.1387,0.0908,1,69.41,70.41,32.49,30.71,73.75,77.66,55.64,0.6512,0.2644,64.62,55.44,27.82
75,1,RSC-SUB,naive,10,-4,-40,5960,0.1547,0.1329,1,52.69,74.6,31.32,34.32,73.75,77.66,55.64,0.6456,0.2876,64.62,55.44,27.82
75,1,RSC-SUB,naive,10,5,50,5950,0.1404,0.105,1,72.51,89.91,20.3,29.2,73.75,77.66,55.64,0.6551,0.2785,64.62,55.44,27.82
75,1,RSC-SUB,naive,10,-5,-50,5950,0.1691,0.1296,1,67.67,79.16,33.53,43.67,73.75,77.66,55.64,0.6494,0.3421,64.62,55.44,27.82
75,1,RSC-SUB,naive,10,7,70,5930,0.1545,0.1055,1,47.15,58.81,19.39,26.64,73.75,77.66,55.64,0.6482,0.2467,64.62,55.44,27.82
75,1,RSC-SUB,naive,10,-7,-70,5930,0.1388,0.1221,1,45.12,64.23,25.83,31.32,73.75,77.66,55.64,0.6528,0.2514,64.62,55.44,27.82
75,1,RSC-SUB,naive,10,10,100,5900,0.1919,0.0906,1,47.05,53.08,41.56,51.17,73.75,77.66,55.64,0.6572,0.3005,64.62,55.44,27.82
75,1,RSC-SUB,naive,10,-10,-100,5900,0.1527,0.1113,1,86.88,78.24,37.69,38.91,73.75,77.66,55.64,0.6496,0.26,64.62,55.44,27.82
75,1,RSC-SUB,naive,10,15,150,5850,0.1692,0.11,1,51.35,45.89,26.66,24.06,73.75,77.66,55.64,0.6482,0.2634,64.62,55.44,27.82
75,1,RSC-SUB,naive,10,-15,-150,5850,0.1243,0.0825,1,59.65,68.44,33.54,39.94,73.75,77.66,55.64,0.6532,0.2605,64.62,55.44,27.82
75,1,RSC-SUB,naive,10,20,200,5800,0.1634,0.0982,1,57.61,58.64,27.49,36.9,73.75,77.66,55.64,0.651,0.3061,64.62,55.44,27.82
75,1,RSC-SUB,naive,10,-20,-200,5800,0.1162,0.0892,1,63.8,81.46,30.93,34.35,73.75,77.66,55.64,0.6555,0.2641,64.62,55.44,27.82
75,1,RSC-SUB,naive,10,25,250,5750,0.1544,0.105,1,63.08,64.83,32.44,39.69,73.75,77.66,55.64,0.6514,0.2585,64.62,55.44,27.82
75,1,RSC-SUB,naive,10,-25,-250,5750,0.0924,0.0613,1,85.3,83.04,32.86,37.63,73.75,77.66,55.64,0.6552,0.2031,64.62,55.44,27.82
75,1,V1-RSC,naive,10,0,0,6000,0.2393,0.2042,2,0.0,0.0,0.0,0.0,79.21,75.73,77.54,0.4836,0.6422,88.29,78.41,80.19
75,1,V1-RSC,naive,10,1,10,5990,0.2093,0.1235,2,65.0,82.68,32.91,16.71,79.21,75.73,77.54,0.5067,0.6415,88.29,78.41,80.19
75,1,V1-RSC,naive,10,-1,-10,5990,0.0906,0.0804,2,55.32,54.11,42.04,31.59,79.21,75.73,77.54,0.4902,0.6503,88.29,78.41,80.19
75,1,V1-RSC,naive,10,2,20,5980,0.1842,0.1012,2,83.3,65.01,31.44,19.99,79.21,75.73,77.54,0.5344,0.6541,88.29,78.41,80.19
75,1,V1-RSC,naive,10,-2,-20,5980,0.0981,0.0603,2,68.84,62.02,36.93,27.38,79.21,75.73,77.54,0.4905,0.6449,88.29,78.41,80.19
75,1,V1-RSC,naive,10,3,30,5970,0.1253,0.0546,2,79.2,56.71,41.75,26.23,79.21,75.73,77.54,0.4944,0.6521,88.29,78.41,80.19
75,1,V1-RSC,naive,10,-3,-30,5970,0.0966,0.0571,2,84.85,75.69,42.99,32.24,79.21,75.73,77.54,0.4843,0.6479,88.29,78.41,80.19
75,1,V1-RSC,naive,10,4,40,5960,0.1319,0.0808,2,83.25,78.02,39.38,30.2,79.21,75.73,77.54,0.5025,0.6487,88.29,78.41,80.19
75,1,V1-RSC,naive,10,-4,-40,5960,0.0745,0.0628,2,65.17,60.34,58.32,36.83,79.21,75.73,77.54,0.4973,0.6465,88.29,78.41,80.19
75,1,V1-RSC,naive,10,5,50,5950,0.0802,0.0396,2,78.14,71.18,71.94,64.82,79.21,75.73,77.54,0.4978,0.6475,88.29,78.41,80.19
75,1,V1-RSC,naive,10,-5,-50,5950,0.0196,0.0466,2,80.66,83.83,53.58,33.79,79.21,75.73,77.54,0.5023,0.6541,88.29,78.41,80.19
75,1,V1-RSC,naive,10,7,70,5930,0.0243,0.0196,2,88.48,80.78,73.13,72.11,79.21,75.73,77.54,0.4875,0.6612,88.29,78.41,80.19
75,1,V1-RSC,naive,10,-7,-70,5930,0.0362,0.0332,2,65.13,80.46,65.4,36.66,79.21,75.73,77.54,0.4771,0.6502,88.29,78.41,80.19
75,1,V1-RSC,naive,10,10,100,5900,0.0007,0.0035,2,76.26,89.14,78.93,67.33,79.21,75.73,77.54,0.4718,0.6681,88.29,78.41,80.19
75,1,V1-RSC,naive,10,-10,-100,5900,0.0402,0.0505,2,79.73,56.43,66.6,56.01,79.21,75.73,77.54,0.488,0.6515,88.29,78.41,80.19
75,1,V1-RSC,naive,10,15,150,5850,0.0405,0.0305,2,86.08,74.11,73.52,72.3,79.21,75.73,77.54,0.4908,0.6537,88.29,78.41,80.19
75,1,V1-RSC,naive,10,-15,-150,5850,0.0498,0.03,2,79.58,83.65,77.85,66.25,79.21,75.73,77.54,0.4849,0.6633,88.29,78.41,80.19
75,1,V1-RSC,naive,10,20,200,5800,0.0561,0.0327,2,73.65,71.68,86.4,89.26,79.21,75.73,77.54,0.487,0.6553,88.29,78.41,80.19
75,1,V1-RSC,naive,10,-20,-200,5800,0.0277,0.009,2,76.91,84.38,72.37,55.63,79.21,75.73,77.54,0.4761,0.6627,88.29,78.41,80.19
75,1,V1-RSC,naive,10,25,250,5750,0.1134,0.0407,2,89.31,81.91,88.73,80.45,79.21,75.73,77.54,0.4887,0.6629,88.29,78.41,80.19
75,1,V1-RSC,naive,10,-25,-250,5750,0.0826,0.0329,2,86.53,78.88,78.54,58.06,79.21,75.73,77.54,0.5073,0.6602,88.29,78.41,80.19
75,1,CA1-RSC,intermediate,10,0,0,6000,0.2293,0.2306,7,0.0,0.0,0.0,0.0,90.0,82.59,90.0,0.2725,0.6738,89.52,83.04,87.08
75,1,CA1-RSC,intermediate,10,1,10,5990,0.0602,0.0181,7,79.59,76.47,49.92,46.44,90.0,82.59,90.0,0.3002,0.6779,89.52,83.04,87.08
75,1,CA1-RSC,intermediate,10,-1,-10,5990,0.0796,0.0095,7,84.56,68.46,76.9,63.62,90.0,82.59,90.0,0.3283,0.6761,89.52,83.04,87.08
75,1,CA1-RSC,intermediate,10,2,20,5980,0.0367,0.0191,7,81.87,78.53,79.21,81.66,90.0,82.59,90.0,0.2821,0.6723,89.52,83.04,87.08
75,1,CA1-RSC,intermediate,10,-2,-20,5980,0.0027,0.0143,7,85.3,81.82,68.59,84.47,90.0,82.59,90.0,0.3435,0.6857,89.52,83.04,87.08
75,1,CA1-RSC,intermediate,10,3,30,5970,0.0225,0.0145,7,89.6,88.24,45.91,59.95,90.0,82.59,90.0,0.2986,0.6804,89.52,83.04,87.08
75,1,CA1-RSC,intermediate,10,-3,-30,5970,-0.005,0.0135,7,84.61,84.16,63.25,86.29,90.0,82.59,90.0,0.2419,0.6905,89.52,83.04,87.08
75,1,CA1-RSC,intermediate,10,4,40,5960,0.014,0.0162,7,86.34,69.17,86.43,86.13,90.0,82.59,90.0,0.3166,0.6823,89.52,83.04,87.08
75,1,CA1-RSC,intermediate,10,-4,-40,5960,0.0245,0.0151,7,78.86,80.32,72.01,82.86,90.0,82.59,90.0,0.2301,0.671,89.52,83.04,87.08
75,1,CA1-RSC,intermediate,10,5,50,5950,0.0202,0.0127,7,85.35,88.71,62.43,76.16,90.0,82.59,90.0,0.2382,0.6754,89.52,83.04,87.08
75,1,CA1-RSC,intermediate,10,-5,-50,5950,0.008,0.0052,7,88.2,83.08,81.73,77.06,90.0,82.59,90.0,0.3396,0.6792,89.52,83.04,87.08
75,1,CA1-RSC,intermediate,10,7,70,5930,0.0276,0.019,7,87.14,82.42,41.15,51.78,90.0,82.59,90.0,0.2905,0.6824,89.52,83.04,87.08
75,1,CA1-RSC,intermediate,10,-7,-70,5930,0.0168,0.0159,7,83.0,85.38,88.14,70.43,90.0,82.59,90.0,0.3328,0.6747,89.52,83.04,87.08
75,1,CA1-RSC,intermediate,10,10,100,5900,-0.0059,0.0048,7,87.92,88.89,88.83,89.72,90.0,82.59,90.0,0.2949,0.6831,89.52,83.04,87.08
75,1,CA1-RSC,intermediate,10,-10,-100,5900,0.0127,0.0176,7,77.9,88.57,54.4,53.36,90.0,82.59,90.0,0.3613,0.684,89.52,83.04,87.08
75,1,CA1-RSC,intermediate,10,15,150,5850,-0.0166,0.0017,7,87.23,88.37,61.98,62.82,90.0,82.59,90.0,0.3215,0.6869,89.52,83.04,87.08
75,1,CA1-RSC,intermediate,10,-15,-150,5850,0.0345,0.009,7,88.77,78.21,70.36,59.81,90.0,82.59,90.0,0.3226,0.6861,89.52,83.04,87.08
75,1,CA1-RSC,intermediate,10,20,200,5800,0.046,0.0166,7,85.41,85.91,49.35,72.35,90.0,82.59,90.0,0.336,0.691,89.52,83.04,87.08
75,1,CA1-RSC,intermediate,10,-20,-200,5800,-0.0163,-0.0051,7,83.8,77.51,56.41,55.78,90.0,82.59,90.0,0.2395,0.6852,89.52,83.04,87.08
75,1,CA1-RSC,intermediate,10,25,250,5750,0.0073,0.0177,7,84.62,87.66,84.8,79.7,90.0,82.59,90.0,0.2799,0.6858,89.52,83.04,87.08
75,1,CA1-RSC,intermediate,10,-25,-250,5750,-0.0021,0.0141,7,79.3,88.92,62.03,71.13,90.0,82.59,90.0,0.3746,0.6954,89.52,83.04,87.08
75,1,CA1-DG,intermediate,10,0,0,6000,0.3454,0.2792,2,0.0,0.0,0.0,0.0,89.71,82.0,89.56,0.2851,0.4513,72.18,88.08,75.61
75,1,CA1-DG,intermediate,10,1,10,5990,0.0685,0.0428,2,82.31,81.46,82.45,70.16,89.71,82.0,89.56,0.2945,0.4542,72.18,88.08,75.61
75,1,CA1-DG,intermediate,10,-1,-10,5990,0.0963,0.0038,2,66.48,84.55,30.25,45.25,89.71,82.0,89.56,0.2742,0.4505,72.18,88.08,75.61
75,1,CA1-DG,intermediate,10,2,20,5980,0.0246,0.0252,2,80.83,78.76,71.01,81.21,89.71,82.0,89.56,0.3675,0.4885,72.18,88.08,75.61
75,1,CA1-DG,intermediate,10,-2,-20,5980,0.1047,0.0418,2,63.91,88.76,34.79,59.59,89.71,82.0,89.56,0.3501,0.4803,72.18,88.08,75.61
75,1,CA1-DG,intermediate,10,3,30,5970,0.0075,0.0141,2,81.7,87.03,74.69,84.19,89.71,82.0,89.56,0.2784,0.4704,72.18,88.08,75.61
75,1,CA1-DG,intermediate,10,-3,-30,5970,0.0528,0.0512,2,56.7,84.82,87.14,84.83,89.71,82.0,89.56,0.3982,0.5398,72.18,88.08,75.61
75,1,CA1-DG,intermediate,10,4,40,5960,0.0729,0.0273,2,85.15,85.84,28.7,86.34,89.71,82.0,89.56,0.3329,0.5044,72.18,88.08,75.61
75,1,CA1-DG,intermediate,10,-4,-40,5960,0.035,0.0464,2,84.61,86.57,86.14,88.84,89.71,82.0,89.56,0.3283,0.4965,72.18,88.08,75.61
75,1,CA1-DG,intermediate,10,5,50,5950,0.0649,0.0241,2,82.84,85.16,39.31,79.7,89.71,82.0,89.56,0.3304,0.5165,72.18,88.08,75.61
75,1,CA1-DG,intermediate,10,-5,-50,5950,0.0177,0.0063,2,75.42,82.43,82.69,67.11,89.71,82.0,89.56,0.3121,0.5023,72.18,88.08,75.61
75,1,CA1-DG,intermediate,10,7,70,5930,0.0168,0.0024,2,81.11,81.92,88.1,82.49,89.71,82.0,89.56,0.4148,0.5062,72.18,88.08,75.61
75,1,CA1-DG,intermediate,10,-7,-70,5930,0.0294,0.025,2,81.75,75.99,45.52,54.17,89.71,82.0,89.56,0.2841,0.4802,72.18,88.08,75.61
75,1,CA1-DG,intermediate,10,10,100,5900,0.0491,-0.0014,2,73.26,89.62,35.69,78.93,89.71,82.0,89.56,0.2861,0.4872,72.18,88.08,75.61
75,1,CA1-DG,intermediate,10,-10,-100,5900,0.0526,0.0331,2,89.47,89.34,83.84,78.42,89.71,82.0,89.56,0.4016,0.4935,72.18,88.08,75.61
75,1,CA1-DG,intermediate,10,15,150,5850,0.0111,0.0146,2,79.38,83.89,89.27,71.0,89.71,82.0,89.56,0.3692,0.4934,72.18,88.08,75.61
75,1,CA1-DG,intermediate,10,-15,-150,5850,0.0163,0.0087,2,84.34,87.87,57.24,73.6,89.71,82.0,89.56,0.3259,0.4828,72.18,88.08,75.61
75,1,CA1-DG,intermediate,10,20,200,5800,0.0387,0.0135,2,85.33,89.96,54.15,54.22,89.71,82.0,89.56,0.3058,0.4646,72.18,88.08,75.61
75,1,CA1-DG,intermediate,10,-20,-200,5800,0.0164,0.0064,2,83.16,80.85,88.81,81.17,89.71,82.0,89.56,0.33,0.5059,72.18,88.08,75.61
75,1,CA1-DG,intermediate,10,25,250,5750,0.0362,0.0085,2,75.44,84.1,45.51,64.18,89.71,82.0,89.56,0.3598,0.5023,72.18,88.08,75.61
75,1,CA1-DG,intermediate,10,-25,-250,5750,-0.0085,0.003,2,86.34,87.0,88.41,83.91,89.71,82.0,89.56,0.3787,0.4963,72.18,88.08,75.61
75,1,CA1-V1,intermediate,10,0,0,6000,-0.0193,-0.0366,0,0.0,0.0,0.0,0.0,84.56,84.82,76.39,0.3516,0.4689,84.62,87.86,70.76
75,1,CA1-V1,intermediate,10,1,10,5990,-0.0268,-0.0276,0,81.6,69.0,58.37,86.44,84.56,84.82,76.39,0.3889,0.4885,84.62,87.86,70.76
75,1,CA1-V1,intermediate,10,-1,-10,5990,0.0208,0.0066,0,77.44,76.92,46.36,55.54,84.56,84.82,76.39,0.2518,0.4754,84.62,87.86,70.76
75,1,CA1-V1,intermediate,10,2,20,5980,0.0216,0.0116,0,87.37,70.73,70.87,72.39,84.56,84.82,76.39,0.3132,0.4752,84.62,87.86,70.76
75,1,CA1-V1,intermediate,10,-2,-20,5980,0.0016,0.0011,0,77.4,87.2,79.36,73.9,84.56,84.82,76.39,0.3492,0.4975,84.62,87.86,70.76
75,1,CA1-V1,intermediate,10,3,30,5970,-0.0197,-0.0011,0,76.81,84.42,51.29,84.3,84.56,84.82,76.39,0.2751,0.4717,84.62,87.86,70.76
75,1,CA1-V1,intermediate,10,-3,-30,5970,0.0302,0.0169,0,88.81,84.24,80.49,86.9,84.56,84.82,76.39,0.2998,0.4925,84.62,87.86,70.76
75,1,CA1-V1,intermediate,10,4,40,5960,-0.0245,-0.0101,0,63.41,80.05,46.6,73.85,84.56,84.82,76.39,0.3257,0.5027,84.62,87.86,70.76
75,1,CA1-V1,intermediate,10,-4,-40,5960,0.0286,0.0222,0,76.2,88.77,50.77,61.05,84.56,84.82,76.39,0.3424,0.4899,84.62,87.86,70.76
75,1,CA1-V1,intermediate,10,5,50,5950,0.0033,0.0081,0,84.59,84.85,70.89,89.92,84.56,84.82,76.39,0.3584,0.5001,84.62,87.86,70.76
75,1,CA1-V1,intermediate,10,-5,-50,5950,0.0057,0.006,0,82.05,79.31,73.48,89.82,84.56,84.82,76.39,0.3239,0.4825,84.62,87.86,70.76
75,1,CA1-V1,intermediate,10,7,70,5930,0.0038,0.0025,0,76.18,80.01,89.75,75.59,84.56,84.82,76.39,0.3173,0.495,84.62,87.86,70.76
75,1,CA1-V1,intermediate,10,-7,-70,5930,-0.0109,0.0036,0,74.42,86.97,68.86,64.85,84.56,84.82,76.39,0.3356,0.4721,84.62,87.86,70.76
75,1,CA1-V1,intermediate,10,10,100,5900,-0.0055,0.0004,0,73.95,87.04,41.23,66.86,84.56,84.82,76.39,0.2358,0.4987,84.62,87.86,70.76
75,1,CA1-V1,intermediate,10,-10,-100,5900,0.0093,-0.0082,0,86.23,86.66,89.88,81.26,84.56,84.82,76.39,0.316,0.4729,84.62,87.86,70.76
75,1,CA1-V1,intermediate,10,15,150,5850,0.0147,0.0269,0,77.98,84.76,81.67,74.74,84.56,84.82,76.39,0.3225,0.4917,84.62,87.86,70.76
75,1,CA1-V1,intermediate,10,-15,-150,5850,0.0142,0.0151,0,77.63,87.32,78.63,82.37,84.56,84.82,76.39,0.3091,0.4892,84.62,87.86,70.76
75,1,CA1-V1,intermediate,10,20,200,5800,-0.0103,0.0091,0,75.31,87.67,50.56,84.64,84.56,84.82,76.39,0.2969,0.4936,84.62,87.86,70.76
75,1,CA1-V1,intermediate,10,-20,-200,5800,0.001,0.002,0,86.26,87.72,50.55,69.89,84.56,84.82,76.39,0.3895,0.491,84.62,87.86,70.76
75,1,CA1-V1,intermediate,10,25,250,5750,-0.0156,-0.0084,0,73.78,89.78,29.41,71.41,84.56,84.82,76.39,0.2907,0.4992,84.62,87.86,70.76
75,1,CA1-V1,intermediate,10,-25,-250,5750,0.0056,-0.0079,0,87.54,87.85,71.1,75.0,84.56,84.82,76.39,0.3088,0.4867,84.62,87.86,70.76
75,1,CA1-SUB,intermediate,10,0,0,6000,0.3044,0.1073,7,0.0,0.0,0.0,0.0,84.19,88.05,73.85,0.2713,0.1742,74.06,81.83,81.77
75,1,CA1-SUB,intermediate,10,1,10,5990,-0.0374,0.0222,7,74.69,84.46,78.97,54.86,84.19,88.05,73.85,0.3227,0.207,74.06,81.83,81.77
75,1,CA1-SUB,intermediate,10,-1,-10,5990,-0.036,-0.042,7,81.02,78.99,78.13,75.77,84.19,88.05,73.85,0.3142,0.1977,74.06,81.83,81.77
75,1,CA1-SUB,intermediate,10,2,20,5980,0.0008,-0.0021,7,68.51,89.85,83.59,79.98,84.19,88.05,73.85,0.3843,0.2592,74.06,81.83,81.77
75,1,CA1-SUB,intermediate,10,-2,-20,5980,0.0208,0.0144,7,71.28,85.43,56.91,67.81,84.19,88.05,73.85,0.3171,0.2187,74.06,81.83,81.77
75,1,CA1-SUB,intermediate,10,3,30,5970,-0.007,0.009,7,81.73,87.09,89.28,66.32,84.19,88.05,73.85,0.3316,0.2357,74.06,81.83,81.77
75,1,CA1-SUB,intermediate,10,-3,-30,5970,0.0268,0.0193,7,83.55,75.14,63.94,85.98,84.19,88.05,73.85,0.2827,0.225,74.06,81.83,81.77
75,1,CA1-SUB,intermediate,10,4,40,5960,0.01,0.0151,7,88.87,82.04,71.31,87.83,84.19,88.05,73.85,0.3099,0.2566,74.06,81.83,81.77
75,1,CA1-SUB,intermediate,10,-4,-40,5960,-0.0165,-0.0044,7,86.04,87.64,61.45,85.65,84.19,88.05,73.85,0.3133,0.2121,74.06,81.83,81.77
75,1,CA1-SUB,intermediate,10,5,50,5950,-0.0135,-0.0036,7,73.12,86.86,79.02,82.89,84.19,88.05,73.85,0.3202,0.221,74.06,81.83,81.77
75,1,CA1-SUB,intermediate,10,-5,-50,5950,0.0152,0.024,7,78.46,86.31,80.64,75.12,84.19,88.05,73.85,0.3215,0.2327,74.06,81.83,81.77
75,1,CA1-SUB,intermediate,10,7,70,5930,-0.0168,-0.0052,7,81.24,83.17,89.83,78.76,84.19,88.05,73.85,0.29,0.2343,74.06,81.83,81.77
75,1,CA1-SUB,intermediate,10,-7,-70,5930,-0.0073,0.0024,7,82.52,82.68,88.25,74.5,84.19,88.05,73.85,0.32,0.2589,74.06,81.83,81.77
75,1,CA1-SUB,intermediate,10,10,100,5900,0.0368,0.0127,7,70.45,84.01,59.91,82.74,84.19,88.05,73.85,0.3131,0.2501,74.06,81.83,81.77
75,1,CA1-SUB,intermediate,10,-10,-100,5900,0.0163,0.0126,7,81.73,88.15,80.06,78.56,84.19,88.05,73.85,0.3382,0.2558,74.06,81.83,81.77
75,1,CA1-SUB,intermediate,10,15,150,5850,0.0041,0.0243,7,84.91,84.16,66.87,55.2,84.19,88.05,73.85,0.3827,0.2709,74.06,81.83,81.77
75,1,CA1-SUB,intermediate,10,-15,-150,5850,0.0285,0.008,7,83.52,86.54,82.89,88.69,84.19,88.05,73.85,0.3469,0.2347,74.06,81.83,81.77
75,1,CA1-SUB,intermediate,10,20,200,5800,-0.0068,0.0051,7,82.65,85.74,77.61,56.94,84.19,88.05,73.85,0.3155,0.2357,74.06,81.83,81.77
75,1,CA1-SUB,intermediate,10,-20,-200,5800,-0.0191,-0.0084,7,79.98,84.18,79.73,80.78,84.19,88.05,73.85,0.3776,0.2164,74.06,81.83,81.77
75,1,CA1-SUB,intermediate,10,25,250,5750,-0.0062,-0.0046,7,77.46,88.6,61.07,71.66,84.19,88.05,73.85,0.3199,0.2448,74.06,81.83,81.77
75,1,CA1-SUB,intermediate,10,-25,-250,5750,0.0338,0.0176,7,77.83,87.92,83.76,72.96,84.19,88.05,73.85,0.3297,0.2417,74.06,81.83,81.77
75,1,RSC-SUB,intermediate,10,0,0,6000,-0.0809,0.0197,12,0.0,0.0,0.0,0.0,89.25,87.79,70.55,0.6709,0.162,88.51,88.57,43.7
75,1,RSC-SUB,intermediate,10,1,10,5990,0.0239,0.0433,12,72.11,80.79,33.24,38.89,89.25,87.79,70.55,0.6717,0.1748,88.51,88.57,43.7
75,1,RSC-SUB,intermediate,10,-1,-10,5990,0.0328,0.0338,12,56.62,55.51,71.65,71.21,89.25,87.79,70.55,0.6786,0.187,88.51,88.57,43.7
75,1,RSC-SUB,intermediate,10,2,20,5980,0.0581,0.0359,12,56.81,85.05,65.95,59.74,89.25,87.79,70.55,0.6673,0.2024,88.51,88.57,43.7
75,1,RSC-SUB,intermediate,10,-2,-20,5980,0.0386,0.0249,12,85.05,65.86,57.4,53.79,89.25,87.79,70.55,0.6661,0.229,88.51,88.57,43.7
75,1,RSC-SUB,intermediate,10,3,30,5970,0.048,0.0247,12,68.64,72.03,67.21,64.5,89.25,87.79,70.55,0.6704,0.2272,88.51,88.57,43.7
75,1,RSC-SUB,intermediate,10,-3,-30,5970,0.04,0.0304,12,89.8,79.14,50.78,53.63,89.25,87.79,70.55,0.671,0.211,88.51,88.57,43.7
75,1,RSC-SUB,intermediate,10,4,40,5960,0.0326,0.0299,12,84.51,88.32,51.66,62.78,89.25,87.79,70.55,0.6588,0.2126,88.51,88.57,43.7
75,1,RSC-SUB,intermediate,10,-4,-40,5960,0.0331,0.0298,12,72.12,64.36,48.64,57.51,89.25,87.79,70.55,0.6755,0.2049,88.51,88.57,43.7
75,1,RSC-SUB,intermediate,10,5,50,5950,0.0479,0.0238,12,69.33,77.62,57.48,57.77,89.25,87.79,70.55,0.6728,0.2131,88.51,88.57,43.7
75,1,RSC-SUB,intermediate,10,-5,-50,5950,0.0457,0.0197,12,80.2,65.03,44.35,54.68,89.25,87.79,70.55,0.6662,0.2098,88.51,88.57,43.7
75,1,RSC-SUB,intermediate,10,7,70,5930,0.042,0.0224,12,84.5,81.39,44.97,40.01,89.25,87.79,70.55,0.6769,0.2071,88.51,88.57,43.7
75,1,RSC-SUB,intermediate,10,-7,-70,5930,0.0419,0.0313,12,68.17,62.63,57.2,43.69,89.25,87.79,70.55,0.6903,0.232,88.51,88.57,43.7
75,1,RSC-SUB,intermediate,10,10,100,5900,0.0576,0.0344,12,82.82,89.04,49.79,54.15,89.25,87.79,70.55,0.674,0.2288,88.51,88.57,43.7
75,1,RSC-SUB,intermediate,10,-10,-100,5900,0.002,0.0042,12,89.77,86.54,48.51,42.67,89.25,87.79,70.55,0.6838,0.1956,88.51,88.57,43.7
75,1,RSC-SUB,intermediate,10,15,150,5850,0.0687,0.0235,12,86.4,76.44,51.36,55.44,89.25,87.79,70.55,0.6815,0.2694,88.51,88.57,43.7
75,1,RSC-SUB,intermediate,10,-15,-150,5850,0.0306,0.032,12,63.3,85.63,89.63,89.56,89.25,87.79,70.55,0.6937,0.2719,88.51,88.57,43.7
75,1,RSC-SUB,intermediate,10,20,200,5800,0.0394,0.0284,12,85.69,89.97,41.54,43.6,89.25,87.79,70.55,0.6788,0.1994,88.51,88.57,43.7
75,1,RSC-SUB,intermediate,10,-20,-200,5800,0.0641,0.0244,12,84.21,75.36,63.04,56.22,89.25,87.79,70.55,0.6781,0.2664,88.51,88.57,43.7
75,1,RSC-SUB,intermediate,10,25,250,5750,0.0439,0.0212,12,67.37,83.62,54.79,58.25,89.25,87.79,70.55,0.682,0.1886,88.51,88.57,43.7
75,1,RSC-SUB,intermediate,10,-25,-250,5750,0.0352,0.0223,12,73.39,89.07,81.45,85.89,89.25,87.79,70.55,0.6771,0.1831,88.51,88.57,43.7
75,1,V1-RSC,intermediate,10,0,0,6000,0.4858,0.2816,2,0.0,0.0,0.0,0.0,87.26,88.16,36.7,0.4966,0.6614,89.92,84.03,32.18
75,1,V1-RSC,intermediate,10,1,10,5990,0.2112,0.1504,2,54.3,59.22,40.03,32.02,87.26,88.16,36.7,0.4907,0.6602,89.92,84.03,32.18
75,1,V1-RSC,intermediate,10,-1,-10,5990,0.1939,0.0856,2,52.76,58.82,24.13,16.59,87.26,88.16,36.7,0.5104,0.6637,89.92,84.03,32.18
75,1,V1-RSC,intermediate,10,2,20,5980,0.1798,0.0891,2,78.29,51.95,49.01,40.98,87.26,88.16,36.7,0.513,0.6833,89.92,84.03,32.18
75,1,V1-RSC,intermediate,10,-2,-20,5980,0.0909,0.0537,2,86.03,64.29,29.31,24.96,87.26,88.16,36.7,0.4735,0.6624,89.92,84.03,32.18
75,1,V1-RSC,intermediate,10,3,30,5970,0.2417,0.1124,2,73.62,68.4,79.3,68.74,87.26,88.16,36.7,0.5369,0.695,89.92,84.03,32.18
75,1,V1-RSC,intermediate,10,-3,-30,5970,0.0991,0.0412,2,83.12,63.28,24.67,24.58,87.26,88.16,36.7,0.4959,0.6634,89.92,84.03,32.18
75,1,V1-RSC,intermediate,10,4,40,5960,0.1898,0.0892,2,82.04,80.19,72.98,61.61,87.26,88.16,36.7,0.5258,0.6872,89.92,84.03,32.18
75,1,V1-RSC,intermediate,10,-4,-40,5960,0.1014,0.0439,2,83.35,88.27,23.75,21.8,87.26,88.16,36.7,0.4886,0.6618,89.92,84.03,32.18
75,1,V1-RSC,intermediate,10,5,50,5950,0.0771,0.0509,2,69.42,66.46,33.04,29.16,87.26,88.16,36.7,0.5026,0.6658,89.92,84.03,32.18
75,1,V1-RSC,intermediate,10,-5,-50,5950,0.1063,0.0252,2,79.15,70.63,30.58,25.56,87.26,88.16,36.7,0.5083,0.666,89.92,84.03,32.18
75,1,V1-RSC,intermediate,10,7,70,5930,0.1036,0.0548,2,72.22,76.25,32.41,22.56,87.26,88.16,36.7,0.5071,0.6742,89.92,84.03,32.18
75,1,V1-RSC,intermediate,10,-7,-70,5930,0.1141,0.0462,2,77.82,75.39,40.63,26.32,87.26,88.16,36.7,0.5175,0.6581,89.92,84.03,32.18
75,1,V1-RSC,intermediate,10,10,100,5900,0.0969,0.0409,2,71.36,80.63,22.96,30.13,87.26,88.16,36.7,0.5091,0.6683,89.92,84.03,32.18
75,1,V1-RSC,intermediate,10,-10,-100,5900,0.0929,0.0338,2,77.65,64.02,30.16,28.11,87.26,88.16,36.7,0.5112,0.6571,89.92,84.03,32.18
75,1,V1-RSC,intermediate,10,15,150,5850,0.1245,0.0608,2,73.79,84.24,33.16,35.87,87.26,88.16,36.7,0.4899,0.6724,89.92,84.03,32.18
75,1,V1-RSC,intermediate,10,-15,-150,5850,0.1101,0.036,2,86.32,62.96,26.55,26.92,87.26,88.16,36.7,0.5239,0.6603,89.92,84.03,32.18
75,1,V1-RSC,intermediate,10,20,200,5800,0.1504,0.0498,2,84.65,88.2,39.4,32.01,87.26,88.16,36.7,0.5158,0.6819,89.92,84.03,32.18
75,1,V1-RSC,intermediate,10,-20,-200,5800,0.0872,0.0299,2,89.13,76.33,35.21,28.35,87.26,88.16,36.7,0.5195,0.6626,89.92,84.03,32.18
75,1,V1-RSC,intermediate,10,25,250,5750,0.1176,0.0597,2,89.56,88.75,35.78,38.19,87.26,88.16,36.7,0.5026,0.6736,89.92,84.03,32.18
75,1,V1-RSC,intermediate,10,-25,-250,5750,0.1225,0.0483,2,78.5,73.91,32.87,35.73,87.26,88.16,36.7,0.5096,0.6582,89.92,84.03,32.18
75,1,CA1-RSC,expert,10,0,0,6000,0.2963,0.1876,5,0.0,0.0,0.0,0.0,89.63,87.12,65.12,0.3745,0.6347,87.16,81.97,52.17
75,1,CA1-RSC,expert,10,1,10,5990,0.1151,0.0244,5,75.51,82.41,52.35,59.84,89.63,87.12,65.12,0.4346,0.6446,87.16,81.97,52.17
75,1,CA1-RSC,expert,10,-1,-10,5990,-0.0507,0.0113,5,83.63,89.83,85.7,85.55,89.63,87.12,65.12,0.3855,0.6519,87.16,81.97,52.17
75,1,CA1-RSC,expert,10,2,20,5980,0.0095,0.033,5,73.32,81.41,87.45,84.14,89.63,87.12,65.12,0.2919,0.6402,87.16,81.97,52.17
75,1,CA1-RSC,expert,10,-2,-20,5980,0.0317,0.0195,5,75.32,87.62,87.66,71.67,89.63,87.12,65.12,0.3353,0.6502,87.16,81.97,52.17
75,1,CA1-RSC,expert,10,3,30,5970,0.0672,0.0262,5,87.88,84.35,45.43,42.99,89.63,87.12,65.12,0.3289,0.6492,87.16,81.97,52.17
75,1,CA1-RSC,expert,10,-3,-30,5970,-0.0244,-0.0057,5,87.98,87.34,87.59,87.85,89.63,87.12,65.12,0.4041,0.6532,87.16,81.97,52.17
75,1,CA1-RSC,expert,10,4,40,5960,0.0261,0.0238,5,88.4,76.92,52.45,60.49,89.63,87.12,65.12,0.3066,0.6433,87.16,81.97,52.17
75,1,CA1-RSC,expert,10,-4,-40,5960,0.045,0.0178,5,85.11,87.58,67.87,50.91,89.63,87.12,65.12,0.3626,0.6431,87.16,81.97,52.17
75,1,CA1-RSC,expert,10,5,50,5950,0.0209,0.0253,5,83.65,82.2,63.22,51.28,89.63,87.12,65.12,0.3487,0.6482,87.16,81.97,52.17
75,1,CA1-RSC,expert,10,-5,-50,5950,0.0123,0.006,5,86.07,87.61,69.43,59.63,89.63,87.12,65.12,0.3885,0.6589,87.16,81.97,52.17
75,1,CA1-RSC,expert,10,7,70,5930,0.0186,0.017,5,85.19,66.9,68.69,89.29,89.63,87.12,65.12,0.3578,0.6226,87.16,81.97,52.17
75,1,CA1-RSC,expert,10,-7,-70,5930,0.0505,0.0345,5,88.96,88.18,76.63,71.72,89.63,87.12,65.12,0.3571,0.6362,87.16,81.97,52.17
75,1,CA1-RSC,expert,10,10,100,5900,0.0167,0.0296,5,89.78,84.42,63.77,68.87,89.63,87.12,65.12,0.3438,0.6604,87.16,81.97,52.17
75,1,CA1-RSC,expert,10,-10,-100,5900,0.0125,0.0066,5,84.99,87.9,62.63,44.51,89.63,87.12,65.12,0.3322,0.6563,87.16,81.97,52.17
75,1,CA1-RSC,expert,10,15,150,5850,0.0105,0.011,5,80.75,75.23,49.54,47.56,89.63,87.12,65.12,0.3754,0.655,87.16,81.97,52.17
75,1,CA1-RSC,expert,10,-15,-150,5850,0.0197,0.0193,5,85.17,88.79,49.53,47.64,89.63,87.12,65.12,0.3427,0.6365,87.16,81.97,52.17
75,1,CA1-RSC,expert,10,20,200,5800,0.0322,0.0297,5,78.21,86.26,58.91,72.42,89.63,87.12,65.12,0.3527,0.6418,87.16,81.97,52.17
75,1,CA1-RSC,expert,10,-20,-200,5800,0.0387,0.0283,5,67.2,75.96,55.5,45.97,89.63,87.12,65.12,0.4589,0.6429,87.16,81.97,52.17
75,1,CA1-RSC,expert,10,25,250,5750,-0.0072,0.0135,5,84.47,79.13,77.81,72.71,89.63,87.12,65.12,0.3092,0.6524,87.16,81.97,52.17
75,1,CA1-RSC,expert,10,-25,-250,5750,0.0434,0.0161,5,72.46,85.07,62.02,49.78,89.63,87.12,65.12,0.3262,0.6494,87.16,81.97,52.17
75,1,CA1-DG,expert,10,0,0,6000,0.2178,0.0749,0,0.0,0.0,0.0,0.0,81.13,87.73,85.64,0.3743,0.6178,79.29,81.33,79.35
75,1,CA1-DG,expert,10,1,10,5990,-0.0031,0.0058,0,87.78,81.2,75.04,82.64,81.13,87.73,85.64,0.3177,0.4976,79.29,81.33,79.35
75,1,CA1-DG,expert,10,-1,-10,5990,0.0938,0.0479,0,79.12,88.28,42.34,47.82,81.13,87.73,85.64,0.3089,0.5367,79.29,81.33,79.35
75,1,CA1-DG,expert,10,2,20,5980,0.023,0.0192,0,85.78,89.8,84.12,82.69,81.13,87.73,85.64,0.3842,0.4856,79.29,81.33,79.35
75,1,CA1-DG,expert,10,-2,-20,5980,-0.0039,0.0156,0,76.31,78.41,58.46,87.54,81.13,87.73,85.64,0.3426,0.5015,79.29,81.33,79.35
75,1,CA1-DG,expert,10,3,30,5970,0.0695,0.0272,0,79.36,89.62,59.49,75.59,81.13,87.73,85.64,0.384,0.5337,79.29,81.33,79.35
75,1,CA1-DG,expert,10,-3,-30,5970,0.0157,0.021,0,85.51,83.38,86.5,84.33,81.13,87.73,85.64,0.3586,0.4836,79.29,81.33,79.35
75,1,CA1-DG,expert,10,4,40,5960,0.0868,0.0353,0,70.86,73.01,57.73,77.67,81.13,87.73,85.64,0.3797,0.5453,79.29,81.33,79.35
75,1,CA1-DG,expert,10,-4,-40,5960,0.0077,0.0217,0,84.23,88.85,79.71,87.39,81.13,87.73,85.64,0.354,0.5249,79.29,81.33,79.35
75,1,CA1-DG,expert,10,5,50,5950,0.075,0.0392,0,87.3,89.44,64.32,86.99,81.13,87.73,85.64,0.369,0.5366,79.29,81.33,79.35
75,1,CA1-DG,expert,10,-5,-50,5950,0.0082,0.022,0,78.08,86.47,87.79,87.31,81.13,87.73,85.64,0.4007,0.5012,79.29,81.33,79.35
75,1,CA1-DG,expert,10,7,70,5930,0.0764,0.0125,0,86.3,80.84,67.6,80.91,81.13,87.73,85.64,0.3771,0.5306,79.29,81.33,79.35
75,1,CA1-DG,expert,10,-7,-70,5930,0.0662,0.02,0,78.33,85.8,56.38,88.12,81.13,87.73,85.64,0.4101,0.5308,79.29,81.33,79.35
75,1,CA1-DG,expert,10,10,100,5900,0.015,0.0188,0,87.94,88.31,78.08,78.72,81.13,87.73,85.64,0.383,0.5278,79.29,81.33,79.35
75,1,CA1-DG,expert,10,-10,-100,5900,-0.0185,0.0057,0,84.99,84.53,68.8,86.99,81.13,87.73,85.64,0.3466,0.5093,79.29,81.33,79.35
75,1,CA1-DG,expert,10,15,150,5850,0.0072,-0.0149,0,82.83,88.5,86.29,81.27,81.13,87.73,85.64,0.2971,0.5088,79.29,81.33,79.35
75,1,CA1-DG,expert,10,-15,-150,5850,-0.0039,0.0013,0,87.14,88.02,80.32,86.66,81.13,87.73,85.64,0.2779,0.5098,79.29,81.33,79.35
75,1,CA1-DG,expert,10,20,200,5800,0.0157,0.0142,0,87.53,83.38,88.11,82.98,81.13,87.73,85.64,0.3437,0.5148,79.29,81.33,79.35
75,1,CA1-DG,expert,10,-20,-200,5800,0.0253,0.0423,0,89.59,85.83,73.08,88.73,81.13,87.73,85.64,0.351,0.523,79.29,81.33,79.35
75,1,CA1-DG,expert,10,25,250,5750,0.0294,0.0123,0,87.42,83.73,64.24,77.74,81.13,87.73,85.64,0.3012,0.4907,79.29,81.33,79.35
75,1,CA1-DG,expert,10,-25,-250,5750,-0.0006,0.0052,0,88.24,83.05,83.6,82.04,81.13,87.73,85.64,0.3209,0.5151,79.29,81.33,79.35
75,1,CA1-V1,expert,10,0,0,6000,0.065,0.0562,0,0.0,0.0,0.0,0.0,80.29,88.7,76.24,0.3379,0.5026,87.28,79.34,83.16
75,1,CA1-V1,expert,10,1,10,5990,0.0313,0.0242,0,62.52,86.63,80.06,81.51,80.29,88.7,76.24,0.382,0.4943,87.28,79.34,83.16
75,1,CA1-V1,expert,10,-1,-10,5990,0.0038,0.0027,0,78.94,76.32,47.26,68.69,80.29,88.7,76.24,0.4251,0.4825,87.28,79.34,83.16
75,1,CA1-V1,expert,10,2,20,5980,0.0077,0.0095,0,78.77,86.51,79.52,87.04,80.29,88.7,76.24,0.3736,0.4927,87.28,79.34,83.16
75,1,CA1-V1,expert,10,-2,-20,5980,0.0021,0.0046,0,74.82,89.31,83.0,89.86,80.29,88.7,76.24,0.3685,0.4944,87.28,79.34,83.16
75,1,CA1-V1,expert,10,3,30,5970,-0.0101,-0.0036,0,76.06,83.27,74.68,88.48,80.29,88.7,76.24,0.4037,0.5069,87.28,79.34,83.16
75,1,CA1-V1,expert,10,-3,-30,5970,0.0236,-0.008,0,84.8,88.77,79.31,80.1,80.29,88.7,76.24,0.4187,0.5036,87.28,79.34,83.16
75,1,CA1-V1,expert,10,4,40,5960,0.0227,-0.0018,0,84.71,86.54,74.7,77.46,80.29,88.7,76.24,0.4237,0.4934,87.28,79.34,83.16
75,1,CA1-V1,expert,10,-4,-40,5960,-0.028,-0.0223,0,83.83,68.09,79.48,72.16,80.29,88.7,76.24,0.3681,0.476,87.28,79.34,83.16
75,1,CA1-V1,expert,10,5,50,5950,0.0148,0.0103,0,82.86,83.69,85.68,73.19,80.29,88.7,76.24,0.4109,0.4889,87.28,79.34,83.16
75,1,CA1-V1,expert,10,-5,-50,5950,-0.0043,-0.0129,0,77.7,85.23,87.6,85.06,80.29,88.7,76.24,0.3528,0.4825,87.28,79.34,83.16
75,1,CA1-V1,expert,10,7,70,5930,-0.021,0.0028,0,88.49,85.83,80.77,83.69,80.29,88.7,76.24,0.364,0.5069,87.28,79.34,83.16
75,1,CA1-V1,expert,10,-7,-70,5930,0.002,-0.0077,0,86.22,84.89,75.57,86.05,80.29,88.7,76.24,0.4091,0.5382,87.28,79.34,83.16
75,1,CA1-V1,expert,10,10,100,5900,-0.0106,0.0057,0,80.86,88.84,81.24,82.08,80.29,88.7,76.24,0.3619,0.4932,87.28,79.34,83.16
75,1,CA1-V1,expert,10,-10,-100,5900,0.0378,-0.0079,0,89.6,76.42,75.0,84.43,80.29,88.7,76.24,0.3735,0.4998,87.28,79.34,83.16
75,1,CA1-V1,expert,10,15,150,5850,0.0201,-0.0013,0,87.75,89.13,81.33,88.73,80.29,88.7,76.24,0.4153,0.4662,87.28,79.34,83.16
75,1,CA1-V1,expert,10,-15,-150,5850,0.0064,-0.0055,0,81.62,89.38,86.51,81.46,80.29,88.7,76.24,0.3986,0.5021,87.28,79.34,83.16
75,1,CA1-V1,expert,10,20,200,5800,-0.0169,-0.0156,0,83.24,86.04,74.43,76.29,80.29,88.7,76.24,0.377,0.4877,87.28,79.34,83.16
75,1,CA1-V1,expert,10,-20,-200,5800,0.0112,0.0004,0,84.52,89.65,88.96,79.11,80.29,88.7,76.24,0.4166,0.4813,87.28,79.34,83.16
75,1,CA1-V1,expert,10,25,250,5750,-0.022,-0.0175,0,76.19,83.57,77.47,73.39,80.29,88.7,76.24,0.3769,0.48,87.28,79.34,83.16
75,1,CA1-V1,expert,10,-25,-250,5750,-0.0112,-0.0035,0,78.15,82.31,85.81,77.11,80.29,88.7,76.24,0.4296,0.4861,87.28,79.34,83.16
75,1,CA1-SUB,expert,10,0,0,6000,0.1125,0.0497,0,0.0,0.0,0.0,0.0,79.88,89.98,81.16,0.3538,0.2971,83.16,83.99,78.72
75,1,CA1-SUB,expert,10,1,10,5990,0.0906,0.0288,0,89.01,88.1,41.98,47.98,79.88,89.98,81.16,0.345,0.3086,83.16,83.99,78.72
75,1,CA1-SUB,expert,10,-1,-10,5990,0.0779,0.0387,0,75.0,77.49,39.32,38.04,79.88,89.98,81.16,0.4165,0.2657,83.16,83.99,78.72
75,1,CA1-SUB,expert,10,2,20,5980,0.0064,0.0218,0,82.97,85.57,77.92,56.44,79.88,89.98,81.16,0.3984,0.277,83.16,83.99,78.72
75,1,CA1-SUB,expert,10,-2,-20,5980,0.0603,0.0492,0,73.06,70.42,45.32,57.12,79.88,89.98,81.16,0.35,0.2653,83.16,83.99,78.72
75,1,CA1-SUB,expert,10,3,30,5970,0.0112,0.0105,0,87.77,83.63,86.39,83.2,79.88,89.98,81.16,0.4259,0.3173,83.16,83.99,78.72
75,1,CA1-SUB,expert,10,-3,-30,5970,0.0467,0.0341,0,80.51,89.72,54.97,56.84,79.88,89.98,81.16,0.3424,0.2792,83.16,83.99,78.72
75,1,CA1-SUB,expert,10,4,40,5960,0.0174,0.0242,0,71.22,82.18,72.34,83.43,79.88,89.98,81.16,0.4061,0.2568,83.16,83.99,78.72
75,1,CA1-SUB,expert,10,-4,-40,5960,0.0506,0.0323,0,84.42,88.1,69.23,71.51,79.88,89.98,81.16,0.3598,0.2393,83.16,83.99,78.72
75,1,CA1-SUB,expert,10,5,50,5950,0.0045,0.0183,0,69.52,86.33,69.02,84.47,79.88,89.98,81.16,0.3413,0.2352,83.16,83.99,78.72
75,1,CA1-SUB,expert,10,-5,-50,5950,0.0243,0.0059,0,86.1,86.59,69.14,87.61,79.88,89.98,81.16,0.3858,0.2459,83.16,83.99,78.72
75,1,CA1-SUB,expert,10,7,70,5930,0.0248,0.0159,0,75.89,81.56,74.57,64.93,79.88,89.98,81.16,0.3995,0.2515,83.16,83.99,78.72
75,1,CA1-SUB,expert,10,-7,-70,5930,-0.0045,-0.0096,0,87.53,77.5,74.25,81.4,79.88,89.98,81.16,0.3645,0.256,83.16,83.99,78.72
75,1,CA1-SUB,expert,10,10,100,5900,0.0029,-0.009,0,88.41,79.31,68.43,67.81,79.88,89.98,81.16,0.3798,0.2559,83.16,83.99,78.72
75,1,CA1-SUB,expert,10,-10,-100,5900,0.0081,-0.001,0,77.53,89.54,87.62,78.41,79.88,89.98,81.16,0.4202,0.2606,83.16,83.99,78.72
75,1,CA1-SUB,expert,10,15,150,5850,0.0112,0.0056,0,79.66,88.63,72.33,83.85,79.88,89.98,81.16,0.4058,0.2987,83.16,83.99,78.72
75,1,CA1-SUB,expert,10,-15,-150,5850,0.0285,0.0177,0,83.3,84.91,72.68,70.59,79.88,89.98,81.16,0.4175,0.2612,83.16,83.99,78.72
75,1,CA1-SUB,expert,10,20,200,5800,-0.0146,-0.0068,0,81.43,83.16,78.15,84.06,79.88,89.98,81.16,0.4339,0.289,83.16,83.99,78.72
75,1,CA1-SUB,expert,10,-20,-200,5800,-0.0072,0.008,0,82.91,89.12,77.43,89.12,79.88,89.98,81.16,0.4137,0.2492,83.16,83.99,78.72
75,1,CA1-SUB,expert,10,25,250,5750,0.0031,0.0195,0,85.94,76.29,78.74,65.87,79.88,89.98,81.16,0.3886,0.2632,83.16,83.99,78.72
75,1,CA1-SUB,expert,10,-25,-250,5750,0.0167,0.0174,0,78.32,76.0,89.26,58.78,79.88,89.98,81.16,0.3752,0.2549,83.16,83.99,78.72
75,1,RSC-SUB,expert,10,0,0,6000,0.142,0.1152,0,0.0,0.0,0.0,0.0,88.01,79.31,50.15,0.6372,0.2333,68.63,56.59,47.1
75,1,RSC-SUB,expert,10,1,10,5990,0.1404,0.0876,0,78.98,86.88,71.54,73.1,88.01,79.31,50.15,0.6219,0.2793,68.63,56.59,47.1
75,1,RSC-SUB,expert,10,-1,-10,5990,0.1492,0.0849,0,67.12,74.89,62.26,58.54,88.01,79.31,50.15,0.6177,0.2792,68.63,56.59,47.1
75,1,RSC-SUB,expert,10,2,20,5980,0.1299,0.077,0,86.19,89.25,79.62,83.82,88.01,79.31,50.15,0.6227,0.3277,68.63,56.59,47.1
75,1,RSC-SUB,expert,10,-2,-20,5980,0.1412,0.0893,0,76.63,66.68,68.87,63.47,88.01,79.31,50.15,0.626,0.3367,68.63,56.59,47.1
75,1,RSC-SUB,expert,10,3,30,5970,0.1175,0.0606,0,83.84,83.02,84.12,80.1,88.01,79.31,50.15,0.6197,0.3389,68.63,56.59,47.1
75,1,RSC-SUB,expert,10,-3,-30,5970,0.0873,0.0817,0,84.66,76.83,64.87,53.99,88.01,79.31,50.15,0.6177,0.3486,68.63,56.59,47.1
75,1,RSC-SUB,expert,10,4,40,5960,0.1061,0.0763,0,88.74,74.24,80.56,80.52,88.01,79.31,50.15,0.616,0.3259,68.63,56.59,47.1
75,1,RSC-SUB,expert,10,-4,-40,5960,0.1161,0.0772,0,69.86,71.09,78.82,75.15,88.01,79.31,50.15,0.6113,0.3159,68.63,56.59,47.1
75,1,RSC-SUB,expert,10,5,50,5950,0.1078,0.0716,0,69.33,81.35,84.54,81.23,88.01,79.31,50.15,0.6129,0.3158,68.63,56.59,47.1
75,1,RSC-SUB,expert,10,-5,-50,5950,0.1151,0.0886,0,70.93,85.36,66.0,72.63,88.01,79.31,50.15,0.6134,0.3375,68.63,56.59,47.1
75,1,RSC-SUB,expert,10,7,70,5930,0.1284,0.1037,0,76.08,82.16,72.1,60.8,88.01,79.31,50.15,0.6186,0.33,68.63,56.59,47.1
75,1,RSC-SUB,expert,10,-7,-70,5930,0.1111,0.0847,0,89.03,86.93,87.96,85.12,88.01,79.31,50.15,0.6211,0.359,68.63,56.59,47.1
75,1,RSC-SUB,expert,10,10,100,5900,0.124,0.0732,0,88.87,85.23,89.1,87.45,88.01,79.31,50.15,0.6183,0.3161,68.63,56.59,47.1
75,1,RSC-SUB,expert,10,-10,-100,5900,0.0918,0.0742,0,86.6,82.66,76.94,74.55,88.01,79.31,50.15,0.6196,0.3463,68.63,56.59,47.1
75,1,RSC-SUB,expert,10,15,150,5850,0.0948,0.0678,0,86.09,67.93,72.33,64.54,88.01,79.31,50.15,0.6178,0.3197,68.63,56.59,47.1
75,1,RSC-SUB,expert,10,-15,-150,5850,0.1324,0.0647,0,74.42,72.29,76.87,76.25,88.01,79.31,50.15,0.6163,0.3312,68.63,56.59,47.1
75,1,RSC-SUB,expert,10,20,200,5800,0.0581,0.0582,0,86.09,89.08,58.91,53.36,88.01,79.31,50.15,0.6249,0.2992,68.63,56.59,47.1
75,1,RSC-SUB,expert,10,-20,-200,5800,0.1065,0.0764,0,85.18,79.27,82.97,80.31,88.01,79.31,50.15,0.6138,0.3207,68.63,56.59,47.1
75,1,RSC-SUB,expert,10,25,250,5750,0.058,0.0541,0,73.18,69.4,75.85,87.64,88.01,79.31,50.15,0.6244,0.3023,68.63,56.59,47.1
75,1,RSC-SUB,expert,10,-25,-250,5750,0.0937,0.0682,0,84.15,70.46,89.89,80.71,88.01,79.31,50.15,0.6176,0.2912,68.63,56.59,47.1
75,1,V1-RSC,expert,10,0,0,6000,0.7973,0.4364,6,0.0,0.0,0.0,0.0,80.79,81.61,41.16,0.4662,0.6287,69.24,75.34,33.95
75,1,V1-RSC,expert,10,1,10,5990,0.3018,0.2753,6,61.39,73.77,38.09,28.35,80.79,81.61,41.16,0.4578,0.6377,69.24,75.34,33.95
75,1,V1-RSC,expert,10,-1,-10,5990,0.3314,0.1915,6,52.51,39.8,18.71,19.78,80.79,81.61,41.16,0.4552,0.6357,69.24,75.34,33.95
75,1,V1-RSC,expert,10,2,20,5980,0.1276,0.0603,6,68.83,70.0,66.63,54.67,80.79,81.61,41.16,0.5146,0.6537,69.24,75.34,33.95
75,1,V1-RSC,expert,10,-2,-20,5980,0.0619,0.0413,6,60.78,62.24,24.37,22.34,80.79,81.61,41.16,0.4685,0.6318,69.24,75.34,33.95
75,1,V1-RSC,expert,10,3,30,5970,0.0617,0.04,6,65.99,64.24,32.16,31.29,80.79,81.61,41.16,0.4883,0.6362,69.24,75.34,33.95
75,1,V1-RSC,expert,10,-3,-30,5970,0.0395,0.0242,6,86.34,79.59,26.51,22.37,80.79,81.61,41.16,0.4438,0.6322,69.24,75.34,33.95
75,1,V1-RSC,expert,10,4,40,5960,0.0304,0.0196,6,79.51,62.85,32.4,24.76,80.79,81.61,41.16,0.4667,0.6336,69.24,75.34,33.95
75,1,V1-RSC,expert,10,-4,-40,5960,0.0285,0.0169,6,75.04,56.94,37.03,37.13,80.79,81.61,41.16,0.4627,0.6404,69.24,75.34,33.95
75,1,V1-RSC,expert,10,5,50,5950,0.0338,0.0165,6,57.27,67.72,25.91,22.54,80.79,81.61,41.16,0.4771,0.6423,69.24,75.34,33.95
75,1,V1-RSC,expert,10,-5,-50,5950,0.024,0.0093,6,64.11,75.29,26.82,27.38,80.79,81.61,41.16,0.452,0.6445,69.24,75.34,33.95
75,1,V1-RSC,expert,10,7,70,5930,0.024,0.0122,6,86.94,81.17,32.03,27.52,80.79,81.61,41.16,0.4763,0.6334,69.24,75.34,33.95
75,1,V1-RSC,expert,10,-7,-70,5930,0.0349,0.0221,6,84.45,82.58,25.94,25.54,80.79,81.61,41.16,0.4623,0.6423,69.24,75.34,33.95
75,1,V1-RSC,expert,10,10,100,5900,0.0333,0.0051,6,74.32,70.43,26.93,24.66,80.79,81.61,41.16,0.4667,0.6416,69.24,75.34,33.95
75,1,V1-RSC,expert,10,-10,-100,5900,0.0389,0.0187,6,62.89,65.45,30.03,27.4,80.79,81.61,41.16,0.4706,0.6415,69.24,75.34,33.95
75,1,V1-RSC,expert,10,15,150,5850,0.0402,0.0171,6,69.89,81.25,21.06,26.52,80.79,81.61,41.16,0.4686,0.64,69.24,75.34,33.95
75,1,V1-RSC,expert,10,-15,-150,5850,0.0355,0.015,6,88.14,82.16,32.42,27.73,80.79,81.61,41.16,0.4685,0.6425,69.24,75.34,33.95
75,1,V1-RSC,expert,10,20,200,5800,0.0164,-0.0008,6,83.2,87.35,38.93,34.17,80.79,81.61,41.16,0.485,0.6471,69.24,75.34,33.95
75,1,V1-RSC,expert,10,-20,-200,5800,0.0413,0.0079,6,78.94,88.7,26.35,31.73,80.79,81.61,41.16,0.468,0.6367,69.24,75.34,33.95
75,1,V1-RSC,expert,10,25,250,5750,0.0534,0.0152,6,72.27,88.41,31.28,28.31,80.79,81.61,41.16,0.4834,0.6456,69.24,75.34,33.95
75,1,V1-RSC,expert,10,-25,-250,5750,0.069,0.0167,6,80.69,83.07,37.04,31.54,80.79,81.61,41.16,0.5039,0.637,69.24,75.34,33.95
77,1,CA1-RSC,naive,10,0,0,6000,0.146,0.0514,0,0.0,0.0,0.0,0.0,54.46,81.2,57.22,0.1243,0.5584,89.53,84.04,27.65
77,1,CA1-RSC,naive,10,1,10,5990,0.1054,0.038,0,58.08,82.34,41.98,40.76,54.46,81.2,57.22,0.117,0.567,89.53,84.04,27.65
77,1,CA1-RSC,naive,10,-1,-10,5990,0.1143,0.0525,0,58.18,58.08,27.68,31.58,54.46,81.2,57.22,0.2384,0.5743,89.53,84.04,27.65
77,1,CA1-RSC,naive,10,2,20,5980,0.0262,0.0327,0,81.14,89.32,70.57,76.18,54.46,81.2,57.22,0.1811,0.5572,89.53,84.04,27.65
77,1,CA1-RSC,naive,10,-2,-20,5980,0.0872,0.0258,0,83.66,89.08,39.96,51.13,54.46,81.2,57.22,0.3045,0.5536,89.53,84.04,27.65
77,1,CA1-RSC,naive,10,3,30,5970,0.0393,0.0209,0,67.65,88.24,27.14,50.98,54.46,81.2,57.22,0.1429,0.5517,89.53,84.04,27.65
77,1,CA1-RSC,naive,10,-3,-30,5970,0.0056,0.001,0,88.31,88.49,68.7,76.76,54.46,81.2,57.22,0.2466,0.5807,89.53,84.04,27.65
77,1,CA1-RSC,naive,10,4,40,5960,0.0759,0.041,0,54.16,85.39,29.59,47.43,54.46,81.2,57.22,0.2478,0.5595,89.53,84.04,27.65
77,1,CA1-RSC,naive,10,-4,-40,5960,0.0653,0.0385,0,54.59,77.8,20.43,52.71,54.46,81.2,57.22,0.2415,0.5528,89.53,84.04,27.65
77,1,CA1-RSC,naive,10,5,50,5950,0.0428,0.0231,0,81.02,86.32,27.99,45.13,54.46,81.2,57.22,0.2297,0.5548,89.53,84.04,27.65
77,1,CA1-RSC,naive,10,-5,-50,5950,0.1088,0.0424,0,42.62,73.82,19.22,54.07,54.46,81.2,57.22,0.1996,0.5623,89.53,84.04,27.65
77,1,CA1-RSC,naive,10,7,70,5930,0.0585,0.0197,0,61.81,88.9,14.01,60.43,54.46,81.2,57.22,0.2321,0.5765,89.53,84.04,27.65
77,1,CA1-RSC,naive,10,-7,-70,5930,0.0972,0.041,0,78.37,78.59,17.56,42.25,54.46,81.2,57.22,0.2213,0.5562,89.53,84.04,27.65
77,1,CA1-RSC,naive,10,10,100,5900,0.0945,0.0313,0,66.5,78.58,24.17,55.49,54.46,81.2,57.22,0.1908,0.5743,89.53,84.04,27.65
77,1,CA1-RSC,naive,10,-10,-100,5900,0.0765,0.0352,0,73.48,89.29,14.58,45.8,54.46,81.2,57.22,0.1924,0.5558,89.53,84.04,27.65
77,1,CA1-RSC,naive,10,15,150,5850,0.0168,0.0285,0,64.94,85.47,50.84,57.25,54.46,81.2,57.22,0.4097,0.5707,89.53,84.04,27.65
77,1,CA1-RSC,naive,10,-15,-150,5850,0.0911,0.0444,0,60.32,83.41,26.6,63.2,54.46,81.2,57.22,0.2345,0.5586,89.53,84.04,27.65
77,1,CA1-RSC,naive,10,20,200,5800,0.042,0.041,0,86.56,86.12,73.47,60.75,54.46,81.2,57.22,0.4158,0.5791,89.53,84.04,27.65
77,1,CA1-RSC,naive,10,-20,-200,5800,0.0701,0.032,0,89.68,87.74,19.94,47.82,54.46,81.2,57.22,0.1451,0.573,89.53,84.04,27.65
77,1,CA1-RSC,naive,10,25,250,5750,0.0978,0.0381,0,73.48,70.57,12.42,34.35,54.46,81.2,57.22,0.2288,0.5741,89.53,84.04,27.65
77,1,CA1-RSC,naive,10,-25,-250,5750,0.0593,0.0342,0,66.66,85.09,34.86,39.02,54.46,81.2,57.22,0.2225,0.5498,89.53,84.04,27.65
77,1,CA1-DG,naive,10,0,0,6000,0.0784,-0.0756,1,0.0,0.0,0.0,0.0,82.2,64.83,86.43,0.491,0.5406,42.72,30.25,46.82
77,1,CA1-DG,naive,10,1,10,5990,0.1112,0.0247,1,67.77,74.25,54.37,57.5,82.2,64.83,86.43,0.2628,0.4809,42.72,30.25,46.82
77,1,CA1-DG,naive,10,-1,-10,5990,0.0752,0.0169,1,62.58,25.43,52.71,43.18,82.2,64.83,86.43,0.2772,0.4181,42.72,30.25,46.82
77,1,CA1-DG,naive,10,2,20,5980,0.0354,0.0159,1,88.26,80.5,84.61,71.55,82.2,64.83,86.43,0.3094,0.3871,42.72,30.25,46.82
77,1,CA1-DG,naive,10,-2,-20,5980,0.0379,0.0148,1,76.02,70.23,65.17,37.78,82.2,64.83,86.43,0.3509,0.5011,42.72,30.25,46.82
77,1,CA1-DG,naive,10,3,30,5970,0.0338,0.0104,1,86.59,76.51,78.81,67.19,82.2,64.83,86.43,0.3235,0.412,42.72,30.25,46.82
77,1,CA1-DG,naive,10,-3,-30,5970,0.0318,0.005,1,47.4,85.16,40.01,67.93,82.2,64.83,86.43,0.2614,0.4779,42.72,30.25,46.82
77,1,CA1-DG,naive,10,4,40,5960,-0.0009,-0.0005,1,82.65,56.24,52.84,77.18,82.2,64.83,86.43,0.2965,0.3683,42.72,30.25,46.82
77,1,CA1-DG,naive,10,-4,-40,5960,0.0084,0.0064,1,83.73,44.72,47.16,37.06,82.2,64.83,86.43,0.3364,0.4536,42.72,30.25,46.82
77,1,CA1-DG,naive,10,5,50,5950,0.021,-0.0065,1,74.16,54.63,84.0,30.67,82.2,64.83,86.43,0.2369,0.4987,42.72,30.25,46.82
77,1,CA1-DG,naive,10,-5,-50,5950,-0.0081,-0.0013,1,88.83,49.21,52.92,31.45,82.2,64.83,86.43,0.368,0.378,42.72,30.25,46.82
77,1,CA1-DG,naive,10,7,70,5930,-0.0286,0.0058,1,72.43,57.39,78.56,63.88,82.2,64.83,86.43,0.4782,0.4706,42.72,30.25,46.82
77,1,CA1-DG,naive,10,-7,-70,5930,-0.038,-0.0158,1,82.47,66.16,46.99,76.25,82.2,64.83,86.43,0.3313,0.4915,42.72,30.25,46.82
77,1,CA1-DG,naive,10,10,100,5900,0.0204,0.0169,1,54.16,54.89,58.47,54.59,82.2,64.83,86.43,0.1625,0.3733,42.72,30.25,46.82
77,1,CA1-DG,naive,10,-10,-100,5900,0.0261,0.019,1,80.3,57.09,59.57,57.49,82.2,64.83,86.43,0.2451,0.4372,42.72,30.25,46.82
77,1,CA1-DG,naive,10,15,150,5850,0.0134,-0.0045,1,86.78,54.41,61.17,49.14,82.2,64.83,86.43,0.1984,0.5365,42.72,30.25,46.82
77,1,CA1-DG,naive,10,-15,-150,5850,0.0322,0.002,1,80.18,63.9,67.76,82.48,82.2,64.83,86.43,0.2792,0.5067,42.72,30.25,46.82
77,1,CA1-DG,naive,10,20,200,5800,0.0005,0.0127,1,75.99,67.22,67.57,59.4,82.2,64.83,86.43,0.5068,0.5868,42.72,30.25,46.82
77,1,CA1-DG,naive,10,-20,-200,5800,-0.0043,0.0126,1,83.38,61.35,86.27,75.83,82.2,64.83,86.43,0.3529,0.4852,42.72,30.25,46.82
77,1,CA1-DG,naive,10,25,250,5750,0.0209,0.0089,1,81.49,88.33,80.35,76.73,82.2,64.83,86.43,0.1657,0.397,42.72,30.25,46.82
77,1,CA1-DG,naive,10,-25,-250,5750,0.0045,0.008,1,81.17,85.77,76.7,88.56,82.2,64.83,86.43,0.2418,0.5167,42.72,30.25,46.82
77,1,CA1-V1,naive,10,0,0,6000,-0.0702,-0.0308,1,0.0,0.0,0.0,0.0,77.27,77.9,53.87,0.2453,0.4418,76.0,78.6,76.86
77,1,CA1-V1,naive,10,1,10,5990,-0.0124,-0.0075,1,62.68,81.36,26.13,62.76,77.27,77.9,53.87,0.4329,0.2644,76.0,78.6,76.86
77,1,CA1-V1,naive,10,-1,-10,5990,0.0854,0.0137,1,81.11,58.84,51.12,79.59,77.27,77.9,53.87,0.3545,0.3852,76.0,78.6,76.86
77,1,CA1-V1,naive,10,2,20,5980,0.0115,0.0031,1,82.67,82.86,78.09,67.94,77.27,77.9,53.87,0.299,0.5309,76.0,78.6,76.86
77,1,CA1-V1,naive,10,-2,-20,5980,-0.0022,-0.0207,1,83.41,77.17,76.87,79.79,77.27,77.9,53.87,0.2381,0.4921,76.0,78.6,76.86
77,1,CA1-V1,naive,10,3,30,5970,-0.0165,-0.0096,1,82.64,88.1,77.27,75.13,77.27,77.9,53.87,0.2067,0.4718,76.0,78.6,76.86
77,1,CA1-V1,naive,10,-3,-30,5970,0.005,-0.0065,1,84.2,82.7,77.89,73.46,77.27,77.9,53.87,0.3102,0.4023,76.0,78.6,76.86
77,1,CA1-V1,naive,10,4,40,5960,0.0254,0.0022,1,85.06,78.85,78.79,68.82,77.27,77.9,53.87,0.1941,0.3943,76.0,78.6,76.86
77,1,CA1-V1,naive,10,-4,-40,5960,0.0297,0.0092,1,88.47,76.46,56.22,55.37,77.27,77.9,53.87,0.2583,0.4817,76.0,78.6,76.86
77,1,CA1-V1,naive,10,5,50,5950,0.0386,0.0057,1,64.25,59.77,51.72,77.64,77.27,77.9,53.87,0.3335,0.5121,76.0,78.6,76.86
77,1,CA1-V1,naive,10,-5,-50,5950,0.0352,0.014,1,82.35,67.3,81.61,56.66,77.27,77.9,53.87,0.3079,0.5494,76.0,78.6,76.86
77,1,CA1-V1,naive,10,7,70,5930,-0.0128,-0.0002,1,83.7,72.7,87.8,88.0,77.27,77.9,53.87,0.3662,0.4186,76.0,78.6,76.86
77,1,CA1-V1,naive,10,-7,-70,5930,0.0053,0.0093,1,86.66,49.05,78.56,37.59,77.27,77.9,53.87,0.2587,0.4692,76.0,78.6,76.86
77,1,CA1-V1,naive,10,10,100,5900,0.0242,0.0084,1,87.84,76.49,62.13,50.06,77.27,77.9,53.87,0.3034,0.4272,76.0,78.6,76.86
77,1,CA1-V1,naive,10,-10,-100,5900,-0.0076,-0.0127,1,84.43,82.03,52.51,79.92,77.27,77.9,53.87,0.2714,0.3644,76.0,78.6,76.86
77,1,CA1-V1,naive,10,15,150,5850,-0.0061,-0.004,1,76.93,80.09,66.75,54.87,77.27,77.9,53.87,0.2034,0.421,76.0,78.6,76.86
77,1,CA1-V1,naive,10,-15,-150,5850,-0.0121,-0.0051,1,82.31,59.5,74.5,75.54,77.27,77.9,53.87,0.3987,0.4194,76.0,78.6,76.86
77,1,CA1-V1,naive,10,20,200,5800,0.0362,0.0164,1,89.1,72.02,83.53,83.59,77.27,77.9,53.87,0.3673,0.4465,76.0,78.6,76.86
77,1,CA1-V1,naive,10,-20,-200,5800,-0.0058,0.007,1,88.58,88.26,62.21,75.32,77.27,77.9,53.87,0.2875,0.4295,76.0,78.6,76.86
77,1,CA1-V1,naive,10,25,250,5750,0.0066,-0.0054,1,81.58,71.98,67.66,55.51,77.27,77.9,53.87,0.2727,0.4322,76.0,78.6,76.86
77,1,CA1-V1,naive,10,-25,-250,5750,0.0235,0.0103,1,74.45,84.66,56.29,52.07,77.27,77.9,53.87,0.2666,0.4794,76.0,78.6,76.86
77,1,CA1-SUB,naive,10,0,0,6000,-0.0379,-0.0374,0,0.0,0.0,0.0,0.0,83.33,86.35,38.08,0.1682,0.3825,59.48,33.41,61.58
77,1,CA1-SUB,naive,10,1,10,5990,0.0231,-0.0003,0,87.48,76.96,53.56,19.27,83.33,86.35,38.08,0.3076,0.4826,59.48,33.41,61.58
77,1,CA1-SUB,naive,10,-1,-10,5990,-0.0053,-0.0084,0,67.75,69.21,67.71,28.22,83.33,86.35,38.08,0.3922,0.332,59.48,33.41,61.58
77,1,CA1-SUB,naive,10,2,20,5980,0.0172,-0.0039,0,88.06,81.38,83.34,28.76,83.33,86.35,38.08,0.154,0.2212,59.48,33.41,61.58
77,1,CA1-SUB,naive,10,-2,-20,5980,0.0036,-0.0022,0,82.87,71.88,53.87,22.77,83.33,86.35,38.08,0.3925,0.5367,59.48,33.41,61.58
77,1,CA1-SUB,naive,10,3,30,5970,0.0389,0.0173,0,81.2,61.37,76.81,86.11,83.33,86.35,38.08,0.2259,0.4235,59.48,33.41,61.58
77,1,CA1-SUB,naive,10,-3,-30,5970,-0.0166,-0.0018,0,87.49,76.59,76.61,84.66,83.33,86.35,38.08,0.2566,0.2367,59.48,33.41,61.58
77,1,CA1-SUB,naive,10,4,40,5960,-0.0155,0.0027,0,84.63,62.98,69.95,49.36,83.33,86.35,38.08,0.3156,0.5761,59.48,33.41,61.58
77,1,CA1-SUB,naive,10,-4,-40,5960,-0.0097,-0.0108,0,79.92,72.8,55.98,34.61,83.33,86.35,38.08,0.2976,0.3231,59.48,33.41,61.58
77,1,CA1-SUB,naive,10,5,50,5950,-0.0111,-0.0034,0,82.84,78.67,78.67,48.05,83.33,86.35,38.08,0.3475,0.4069,59.48,33.41,61.58
77,1,CA1-SUB,naive,10,-5,-50,5950,-0.0203,-0.005,0,69.32,81.53,41.61,32.19,83.33,86.35,38.08,0.4213,0.4205,59.48,33.41,61.58
77,1,CA1-SUB,naive,10,7,70,5930,-0.0386,-0.0109,0,74.4,72.28,76.3,45.92,83.33,86.35,38.08,0.4231,0.2501,59.48,33.41,61.58
77,1,CA1-SUB,naive,10,-7,-70,5930,-0.0286,-0.0082,0,69.12,82.44,76.29,52.23,83.33,86.35,38.08,0.313,0.3689,59.48,33.41,61.58
77,1,CA1-SUB,naive,10,10,100,5900,-0.0057,-0.005,0,80.2,73.61,88.55,67.0,83.33,86.35,38.08,0.1822,0.3365,59.48,33.41,61.58
77,1,CA1-SUB,naive,10,-10,-100,5900,-0.0245,-0.0169,0,72.87,62.05,88.04,19.65,83.33,86.35,38.08,0.2015,0.4635,59.48,33.41,61.58
77,1,CA1-SUB,naive,10,15,150,5850,0.004,-0.0057,0,58.67,72.31,48.93,30.2,83.33,86.35,38.08,0.3037,0.4164,59.48,33.41,61.58
77,1,CA1-SUB,naive,10,-15,-150,5850,0.0141,0.0045,0,68.35,88.61,84.2,89.91,83.33,86.35,38.08,0.2884,0.4555,59.48,33.41,61.58
77,1,CA1-SUB,naive,10,20,200,5800,-0.0097,0.0037,0,83.14,52.52,84.49,38.07,83.33,86.35,38.08,0.2518,0.3677,59.48,33.41,61.58
77,1,CA1-SUB,naive,10,-20,-200,5800,0.037,0.0137,0,67.05,83.22,60.68,38.7,83.33,86.35,38.08,0.3706,0.3342,59.48,33.41,61.58
77,1,CA1-SUB,naive,10,25,250,5750,0.0146,0.0062,0,68.45,54.98,61.1,71.11,83.33,86.35,38.08,0.2961,0.3357,59.48,33.41,61.58
77,1,CA1-SUB,naive,10,-25,-250,5750,0.0209,0.0153,0,69.02,64.7,86.17,74.47,83.33,86.35,38.08,0.4196,0.3254,59.48,33.41,61.58
77,1,RSC-SUB,naive,10,0,0,6000,0.1076,0.041,0,0.0,0.0,0.0,0.0,87.03,81.83,61.14,0.5746,0.4412,68.05,24.36,31.79
77,1,RSC-SUB,naive,10,1,10,5990,0.0723,0.0663,0,59.45,56.2,24.77,24.08,87.03,81.83,61.14,0.5664,0.3788,68.05,24.36,31.79
77,1,RSC-SUB,naive,10,-1,-10,5990,0.0981,0.0692,0,45.9,89.58,30.28,21.96,87.03,81.83,61.14,0.563,0.3067,68.05,24.36,31.79
77,1,RSC-SUB,naive,10,2,20,5980,0.1409,0.0765,0,63.04,62.89,35.32,29.02,87.03,81.83,61.14,0.5622,0.606,68.05,24.36,31.79
77,1,RSC-SUB,naive,10,-2,-20,5980,0.1151,0.0673,0,71.97,63.59,35.27,32.55,87.03,81.83,61.14,0.5755,0.255,68.05,24.36,31.79
77,1,RSC-SUB,naive,10,3,30,5970,0.1246,0.0521,0,73.91,57.08,33.23,28.7,87.03,81.83,61.14,0.5552,0.5069,68.05,24.36,31.79
77,1,RSC-SUB,naive,10,-3,-30,5970,0.0789,0.0574,0,66.98,81.39,33.93,28.17,87.03,81.83,61.14,0.6022,0.2682,68.05,24.36,31.79
77,1,RSC-SUB,naive,10,4,40,5960,0.091,0.0257,0,86.51,39.89,33.4,32.48,87.03,81.83,61.14,0.5571,0.4231,68.05,24.36,31.79
77,1,RSC-SUB,naive,10,-4,-40,5960,0.0838,0.0347,0,78.37,83.22,33.73,26.69,87.03,81.83,61.14,0.5814,0.4983,68.05,24.36,31.79
77,1,RSC-SUB,naive,10,5,50,5950,0.113,0.0516,0,65.51,60.87,32.64,36.64,87.03,81.83,61.14,0.57,0.5475,68.05,24.36,31.79
77,1,RSC-SUB,naive,10,-5,-50,5950,0.1216,0.0429,0,70.24,80.87,33.71,28.49,87.03,81.83,61.14,0.5832,0.4975,68.05,24.36,31.79
77,1,RSC-SUB,naive,10,7,70,5930,0.065,0.0179,0,67.35,49.37,26.07,7.96,87.03,81.83,61.14,0.5733,0.455,68.05,24.36,31.79
77,1,RSC-SUB,naive,10,-7,-70,5930,0.039,0.03,0,68.28,63.51,41.72,15.54,87.03,81.83,61.14,0.5548,0.3887,68.05,24.36,31.79
77,1,RSC-SUB,naive,10,10,100,5900,0.0382,0.0211,0,82.82,79.27,48.57,34.16,87.03,81.83,61.14,0.5901,0.2222,68.05,24.36,31.79
77,1,RSC-SUB,naive,10,-10,-100,5900,0.0804,0.0278,0,83.72,84.69,45.83,11.59,87.03,81.83,61.14,0.6054,0.4823,68.05,24.36,31.79
77,1,RSC-SUB,naive,10,15,150,5850,0.0368,0.029,0,70.83,51.29,33.33,54.81,87.03,81.83,61.14,0.559,0.4144,68.05,24.36,31.79
77,1,RSC-SUB,naive,10,-15,-150,5850,0.0311,0.018,0,83.4,89.34,36.04,33.67,87.03,81.83,61.14,0.5825,0.5403,68.05,24.36,31.79
77,1,RSC-SUB,naive,10,20,200,5800,0.0458,0.0137,0,77.86,56.32,57.89,25.14,87.03,81.83,61.14,0.5905,0.5127,68.05,24.36,31.79
77,1,RSC-SUB,naive,10,-20,-200,5800,0.0394,0.0094,0,73.46,48.74,55.56,47.12,87.03,81.83,61.14,0.5665,0.4388,68.05,24.36,31.79
77,1,RSC-SUB,naive,10,25,250,5750,0.0838,0.0139,0,77.59,42.5,65.5,29.47,87.03,81.83,61.14,0.5517,0.4712,68.05,24.36,31.79
77,1,RSC-SUB,naive,10,-25,-250,5750,0.0583,0.0225,0,80.36,50.66,71.04,30.29,87.03,81.83,61.14,0.554,0.5425,68.05,24.36,31.79
77,1,V1-RSC,naive,10,0,0,6000,0.316,0.2211,1,0.0,0.0,0.0,0.0,82.69,78.57,79.37,0.4348,0.5185,51.95,74.55,20.2
77,1,V1-RSC,naive,10,1,10,5990,0.2839,0.1578,1,38.83,51.99,32.19,11.04,82.69,78.57,79.37,0.4836,0.5323,51.95,74.55,20.2
77,1,V1-RSC,naive,10,-1,-10,5990,0.2203,0.1576,1,60.6,44.88,32.36,13.58,82.69,78.57,79.37,0.4754,0.5186,51.95,74.55,20.2
77,1,V1-RSC,naive,10,2,20,5980,0.2564,0.1645,1,54.81,39.23,52.86,15.38,82.69,78.57,79.37,0.455,0.5267,51.95,74.55,20.2
77,1,V1-RSC,naive,10,-2,-20,5980,0.1737,0.11,1,81.39,85.51,60.05,47.96,82.69,78.57,79.37,0.4683,0.5221,51.95,74.55,20.2
77,1,V1-RSC,naive,10,3,30,5970,0.1992,0.1181,1,60.94,51.16,57.46,30.39,82.69,78.57,79.37,0.4444,0.5146,51.95,74.55,20.2
77,1,V1-RSC,naive,10,-3,-30,5970,0.1523,0.0949,1,82.01,58.88,72.62,64.66,82.69,78.57,79.37,0.4198,0.522,51.95,74.55,20.2
77,1,V1-RSC,naive,10,4,40,5960,0.1869,0.1035,1,78.44,63.72,65.5,62.73,82.69,78.57,79.37,0.4482,0.4976,51.95,74.55,20.2
77,1,V1-RSC,naive,10,-4,-40,5960,0.1605,0.0782,1,65.0,56.84,73.91,58.43,82.69,78.57,79.37,0.3728,0.5172,51.95,74.55,20.2
77,1,V1-RSC,naive,10,5,50,5950,0.1812,0.0857,1,43.57,73.73,71.19,76.07,82.69,78.57,79.37,0.4548,0.5208,51.95,74.55,20.2
77,1,V1-RSC,naive,10,-5,-50,5950,0.1708,0.0975,1,61.23,81.37,79.75,53.21,82.69,78.57,79.37,0.4304,0.5219,51.95,74.55,20.2
77,1,V1-RSC,naive,10,7,70,5930,0.2024,0.091,1,43.9,77.54,69.18,78.1,82.69,78.57,79.37,0.4069,0.5269,51.95,74.55,20.2
77,1,V1-RSC,naive,10,-7,-70,5930,0.1633,0.0782,1,77.64,77.09,71.96,65.29,82.69,78.57,79.37,0.4799,0.5251,51.95,74.55,20.2
77,1,V1-RSC,naive,10,10,100,5900,0.182,0.0897,1,58.96,76.38,81.83,80.53,82.69,78.57,79.37,0.4755,0.5348,51.95,74.55,20.2
77,1,V1-RSC,naive,10,-10,-100,5900,0.1571,0.063,1,78.16,86.86,69.4,67.92,82.69,78.57,79.37,0.4588,0.5305,51.95,74.55,20.2
77,1,V1-RSC,naive,10,15,150,5850,0.2013,0.1072,1,64.87,89.89,70.87,73.59,82.69,78.57,79.37,0.4681,0.5348,51.95,74.55,20.2
77,1,V1-RSC,naive,10,-15,-150,5850,0.1351,0.0463,1,77.12,83.95,78.06,64.92,82.69,78.57,79.37,0.5955,0.5659,51.95,74.55,20.2
77,1,V1-RSC,naive,10,20,200,5800,0.1724,0.0551,1,88.9,85.19,78.62,77.4,82.69,78.57,79.37,0.4591,0.5385,51.95,74.55,20.2
77,1,V1-RSC,naive,10,-20,-200,5800,0.1442,0.0718,1,82.39,87.16,73.22,54.51,82.69,78.57,79.37,0.4378,0.5379,51.95,74.55,20.2
77,1,V1-RSC,naive,10,25,250,5750,0.175,0.0771,1,61.87,84.35,67.68,72.97,82.69,78.57,79.37,0.4341,0.5408,51.95,74.55,20.2
77,1,V1-RSC,naive,10,-25,-250,5750,0.1328,0.0638,1,76.15,89.04,67.41,57.92,82.69,78.57,79.37,0.4371,0.5235,51.95,74.55,20.2
77,1,CA1-RSC,intermediate,10,0,0,6000,0.0441,0.0328,0,0.0,0.0,0.0,0.0,86.02,81.59,70.27,0.177,0.5506,55.32,78.08,50.58
77,1,CA1-RSC,intermediate,10,1,10,5990,0.0374,0.0221,0,79.36,72.66,59.68,60.89,86.02,81.59,70.27,0.1791,0.5465,55.32,78.08,50.58
77,1,CA1-RSC,intermediate,10,-1,-10,5990,0.0457,0.0351,0,76.44,82.96,32.93,46.64,86.02,81.59,70.27,0.1585,0.5444,55.32,78.08,50.58
77,1,CA1-RSC,intermediate,10,2,20,5980,0.0539,0.0441,0,81.11,72.29,54.2,70.64,86.02,81.59,70.27,0.2222,0.5661,55.32,78.08,50.58
77,1,CA1-RSC,intermediate,10,-2,-20,5980,0.014,0.0197,0,55.58,83.9,33.44,55.67,86.02,81.59,70.27,0.1893,0.552,55.32,78.08,50.58
77,1,CA1-RSC,intermediate,10,3,30,5970,0.0514,0.0406,0,51.02,83.7,55.51,70.51,86.02,81.59,70.27,0.1769,0.5589,55.32,78.08,50.58
77,1,CA1-RSC,intermediate,10,-3,-30,5970,0.0502,0.0353,0,75.09,87.62,35.21,55.39,86.02,81.59,70.27,0.2394,0.5572,55.32,78.08,50.58
77,1,CA1-RSC,intermediate,10,4,40,5960,0.0184,0.0441,0,80.16,84.86,47.54,62.45,86.02,81.59,70.27,0.1512,0.5709,55.32,78.08,50.58
77,1,CA1-RSC,intermediate,10,-4,-40,5960,0.0108,0.0046,0,81.64,86.79,40.43,67.85,86.02,81.59,70.27,0.17,0.5712,55.32,78.08,50.58
77,1,CA1-RSC,intermediate,10,5,50,5950,0.0043,0.0078,0,87.54,79.57,32.39,57.63,86.02,81.59,70.27,0.277,0.5767,55.32,78.08,50.58
77,1,CA1-RSC,intermediate,10,-5,-50,5950,0.0452,0.0132,0,74.35,88.08,43.5,50.22,86.02,81.59,70.27,0.1905,0.5639,55.32,78.08,50.58
77,1,CA1-RSC,intermediate,10,7,70,5930,0.0816,0.0391,0,83.95,82.76,35.17,47.56,86.02,81.59,70.27,0.315,0.5587,55.32,78.08,50.58
77,1,CA1-RSC,intermediate,10,-7,-70,5930,0.0807,0.0396,0,54.66,89.24,52.48,43.42,86.02,81.59,70.27,0.3061,0.5657,55.32,78.08,50.58
77,1,CA1-RSC,intermediate,10,10,100,5900,0.0352,0.0155,0,75.89,87.9,45.57,64.82,86.02,81.59,70.27,0.1786,0.5697,55.32,78.08,50.58
77,1,CA1-RSC,intermediate,10,-10,-100,5900,0.0339,0.023,0,62.46,85.64,36.5,50.17,86.02,81.59,70.27,0.1472,0.5609,55.32,78.08,50.58
77,1,CA1-RSC,intermediate,10,15,150,5850,0.0469,0.0236,0,70.86,89.67,60.61,63.96,86.02,81.59,70.27,0.1958,0.5659,55.32,78.08,50.58
77,1,CA1-RSC,intermediate,10,-15,-150,5850,0.0554,0.023,0,63.38,81.9,48.85,51.28,86.02,81.59,70.27,0.2076,0.5539,55.32,78.08,50.58
77,1,CA1-RSC,intermediate,10,20,200,5800,0.0345,0.0412,0,64.45,85.12,63.31,63.31,86.02,81.59,70.27,0.2408,0.5683,55.32,78.08,50.58
77,1,CA1-RSC,intermediate,10,-20,-200,5800,0.0536,0.0238,0,89.05,88.87,50.98,57.56,86.02,81.59,70.27,0.2935,0.5631,55.32,78.08,50.58
77,1,CA1-RSC,intermediate,10,25,250,5750,0.0381,0.0107,0,87.86,85.41,48.48,65.57,86.02,81.59,70.27,0.2384,0.5455,55.32,78.08,50.58
77,1,CA1-RSC,intermediate,10,-25,-250,5750,0.0462,0.0264,0,62.32,86.08,22.75,47.52,86.02,81.59,70.27,0.1981,0.5531,55.32,78.08,50.58
77,1,CA1-DG,intermediate,10,0,0,6000,0.0028,0.0048,0,0.0,0.0,0.0,0.0,70.13,75.69,67.12,0.1415,0.1374,89.0,89.64,57.09
77,1,CA1-DG,intermediate,10,1,10,5990,0.0005,-0.0055,0,44.88,82.33,82.25,66.42,70.13,75.69,67.12,0.2399,0.3814,89.0,89.64,57.09
77,1,CA1-DG,intermediate,10,-1,-10,5990,0.0526,0.0201,0,70.99,42.82,51.69,66.14,70.13,75.69,67.12,0.3896,0.2116,89.0,89.64,57.09
77,1,CA1-DG,intermediate,10,2,20,5980,-0.0085,-0.0036,0,85.49,76.83,63.31,28.56,70.13,75.69,67.12,0.3344,0.1853,89.0,89.64,57.09
77,1,CA1-DG,intermediate,10,-2,-20,5980,0.0558,0.0139,0,85.82,74.14,76.27,75.09,70.13,75.69,67.12,0.3037,0.2407,89.0,89.64,57.09
77,1,CA1-DG,intermediate,10,3,30,5970,0.0027,-0.0022,0,75.38,78.07,24.46,84.25,70.13,75.69,67.12,0.2866,0.6297,89.0,89.64,57.09
77,1,CA1-DG,intermediate,10,-3,-30,5970,0.0518,0.012,0,73.72,88.37,38.21,59.39,70.13,75.69,67.12,0.2734,0.1594,89.0,89.64,57.09
77,1,CA1-DG,intermediate,10,4,40,5960,0.0221,0.0136,0,80.15,56.58,73.81,37.95,70.13,75.69,67.12,0.2732,0.1437,89.0,89.64,57.09
77,1,CA1-DG,intermediate,10,-4,-40,5960,0.0517,0.0082,0,75.53,66.9,60.81,59.59,70.13,75.69,67.12,0.3893,0.3575,89.0,89.64,57.09
77,1,CA1-DG,intermediate,10,5,50,5950,0.0229,0.0249,0,85.71,87.12,53.07,75.99,70.13,75.69,67.12,0.466,0.4176,89.0,89.64,57.09
77,1,CA1-DG,intermediate,10,-5,-50,5950,0.0143,-0.0035,0,85.41,85.6,38.51,89.28,70.13,75.69,67.12,0.2146,0.3723,89.0,89.64,57.09
77,1,CA1-DG,intermediate,10,7,70,5930,0.0283,-0.0014,0,69.27,89.51,74.36,40.38,70.13,75.69,67.12,0.2455,0.2768,89.0,89.64,57.09
77,1,CA1-DG,intermediate,10,-7,-70,5930,-0.0063,-0.0007,0,84.42,58.68,59.45,59.18,70.13,75.69,67.12,0.2495,0.4172,89.0,89.64,57.09
77,1,CA1-DG,intermediate,10,10,100,5900,0.0201,0.0146,0,66.46,49.94,80.91,55.05,70.13,75.69,67.12,0.2965,0.2212,89.0,89.64,57.09
77,1,CA1-DG,intermediate,10,-10,-100,5900,0.0081,0.0017,0,83.2,67.26,77.3,74.08,70.13,75.69,67.12,0.2852,0.2272,89.0,89.64,57.09
77,1,CA1-DG,intermediate,10,15,150,5850,0.0062,-0.0001,0,89.75,72.47,87.42,55.03,70.13,75.69,67.12,0.2102,0.1947,89.0,89.64,57.09
77,1,CA1-DG,intermediate,10,-15,-150,5850,0.0322,0.0128,0,79.22,50.25,45.92,46.15,70.13,75.69,67.12,0.2161,0.1675,89.0,89.64,57.09
77,1,CA1-DG,intermediate,10,20,200,5800,0.0235,0.011,0,81.63,80.15,41.84,63.23,70.13,75.69,67.12,0.2001,0.323,89.0,89.64,57.09
77,1,CA1-DG,intermediate,10,-20,-200,5800,-0.0168,0.0048,0,77.05,78.24,72.18,84.35,70.13,75.69,67.12,0.1781,0.3103,89.0,89.64,57.09
77,1,CA1-DG,intermediate,10,25,250,5750,-0.0046,-0.003,0,71.77,53.68,80.59,39.04,70.13,75.69,67.12,0.2652,0.1583,89.0,89.64,57.09
77,1,CA1-DG,intermediate,10,-25,-250,5750,-0.0085,-0.0048,0,81.95,74.18,82.83,72.96,70.13,75.69,67.12,0.3014,0.1748,89.0,89.64,57.09
77,1,CA1-V1,intermediate,10,0,0,6000,-0.0301,0.0504,2,0.0,0.0,0.0,0.0,66.78,87.34,70.31,0.2512,0.5163,64.63,74.72,74.02
77,1,CA1-V1,intermediate,10,1,10,5990,0.0003,0.0038,2,83.87,46.99,78.24,83.93,66.78,87.34,70.31,0.292,0.4952,64.63,74.72,74.02
77,1,CA1-V1,intermediate,10,-1,-10,5990,-0.0407,-0.0065,2,89.73,70.56,89.08,57.8,66.78,87.34,70.31,0.2406,0.5055,64.63,74.72,74.02
77,1,CA1-V1,intermediate,10,2,20,5980,0.0093,0.0037,2,78.78,86.11,87.79,89.46,66.78,87.34,70.31,0.3216,0.42,64.63,74.72,74.02
77,1,CA1-V1,intermediate,10,-2,-20,5980,0.009,0.0158,2,86.4,87.69,85.1,62.64,66.78,87.34,70.31,0.2027,0.395,64.63,74.72,74.02
77,1,CA1-V1,intermediate,10,3,30,5970,0.0258,0.0089,2,88.1,79.49,33.45,58.28,66.78,87.34,70.31,0.2915,0.4011,64.63,74.72,74.02
77,1,CA1-V1,intermediate,10,-3,-30,5970,-0.0219,-0.0144,2,80.22,85.97,79.16,55.11,66.78,87.34,70.31,0.2169,0.4205,64.63,74.72,74.02
77,1,CA1-V1,intermediate,10,4,40,5960,-0.0218,-0.008,2,70.73,68.08,58.68,57.71,66.78,87.34,70.31,0.1831,0.5439,64.63,74.72,74.02
77,1,CA1-V1,intermediate,10,-4,-40,5960,-0.0116,0.0003,2,79.05,83.91,60.37,71.2,66.78,87.34,70.31,0.3233,0.4033,64.63,74.72,74.02
77,1,CA1-V1,intermediate,10,5,50,5950,0.0019,0.004,2,50.13,84.87,77.22,54.33,66.78,87.34,70.31,0.3672,0.573,64.63,74.72,74.02
77,1,CA1-V1,intermediate,10,-5,-50,5950,-0.0075,-0.0033,2,77.54,88.15,79.5,71.57,66.78,87.34,70.31,0.1899,0.4873,64.63,74.72,74.02
77,1,CA1-V1,intermediate,10,7,70,5930,-0.0018,-0.0041,2,86.69,86.29,76.09,70.69,66.78,87.34,70.31,0.3942,0.4227,64.63,74.72,74.02
77,1,CA1-V1,intermediate,10,-7,-70,5930,-0.0365,-0.014,2,72.94,78.41,68.29,87.66,66.78,87.34,70.31,0.3104,0.426,64.63,74.72,74.02
77,1,CA1-V1,intermediate,10,10,100,5900,0.0079,0.0028,2,65.63,89.08,80.64,45.07,66.78,87.34,70.31,0.2864,0.4699,64.63,74.72,74.02
77,1,CA1-V1,intermediate,10,-10,-100,5900,-0.0044,0.0095,2,69.09,85.46,74.0,78.3,66.78,87.34,70.31,0.1561,0.4234,64.63,74.72,74.02
77,1,CA1-V1,intermediate,10,15,150,5850,-0.0096,-0.0086,2,72.76,74.28,67.04,73.41,66.78,87.34,70.31,0.1949,0.403,64.63,74.72,74.02
77,1,CA1-V1,intermediate,10,-15,-150,5850,-0.0075,0.0006,2,81.34,85.11,87.55,63.71,66.78,87.34,70.31,0.2098,0.5747,64.63,74.72,74.02
77,1,CA1-V1,intermediate,10,20,200,5800,-0.005,0.009,2,82.96,81.39,81.08,62.98,66.78,87.34,70.31,0.0827,0.4806,64.63,74.72,74.02
77,1,CA1-V1,intermediate,10,-20,-200,5800,0.0119,0.0253,2,62.91,60.76,87.28,78.71,66.78,87.34,70.31,0.1805,0.4724,64.63,74.72,74.02
77,1,CA1-V1,intermediate,10,25,250,5750,0.0141,0.0022,2,82.07,61.53,56.87,76.85,66.78,87.34,70.31,0.1622,0.4859,64.63,74.72,74.02
77,1,CA1-V1,intermediate,10,-25,-250,5750,0.0103,0.0014,2,74.38,74.43,52.73,71.69,66.78,87.34,70.31,0.2151,0.4502,64.63,74.72,74.02
77,1,CA1-SUB,intermediate,10,0,0,6000,0.0152,0.0482,1,0.0,0.0,0.0,0.0,81.13,42.69,70.68,0.1812,0.356,65.55,82.96,82.85
77,1,CA1-SUB,intermediate,10,1,10,5990,0.0375,0.0163,1,73.56,89.7,64.18,38.76,81.13,42.69,70.68,0.2895,0.547,65.55,82.96,82.85
77,1,CA1-SUB,intermediate,10,-1,-10,5990,0.0269,0.0141,1,64.73,51.54,48.19,53.73,81.13,42.69,70.68,0.1626,0.3041,65.55,82.96,82.85
77,1,CA1-SUB,intermediate,10,2,20,5980,0.027,-0.011,1,80.43,75.26,65.73,40.69,81.13,42.69,70.68,0.1622,0.3274,65.55,82.96,82.85
77,1,CA1-SUB,intermediate,10,-2,-20,5980,-0.0063,-0.0012,1,71.07,82.58,55.54,59.01,81.13,42.69,70.68,0.4068,0.5633,65.55,82.96,82.85
77,1,CA1-SUB,intermediate,10,3,30,5970,-0.0276,-0.0028,1,84.93,62.88,67.14,71.6,81.13,42.69,70.68,0.312,0.3346,65.55,82.96,82.85
77,1,CA1-SUB,intermediate,10,-3,-30,5970,-0.0171,-0.018,1,75.15,67.36,75.41,51.52,81.13,42.69,70.68,0.1908,0.3649,65.55,82.96,82.85
77,1,CA1-SUB,intermediate,10,4,40,5960,-0.0193,0.0041,1,84.71,74.72,87.0,59.55,81.13,42.69,70.68,0.1911,0.3688,65.55,82.96,82.85
77,1,CA1-SUB,intermediate,10,-4,-40,5960,-0.0075,-0.0041,1,78.84,45.32,77.48,69.89,81.13,42.69,70.68,0.2685,0.4343,65.55,82.96,82.85
77,1,CA1-SUB,intermediate,10,5,50,5950,-0.0146,0.0055,1,72.51,57.81,75.82,89.68,81.13,42.69,70.68,0.1633,0.4206,65.55,82.96,82.85
77,1,CA1-SUB,intermediate,10,-5,-50,5950,-0.0045,0.0023,1,80.02,84.29,87.9,14.6,81.13,42.69,70.68,0.233,0.4202,65.55,82.96,82.85
77,1,CA1-SUB,intermediate,10,7,70,5930,0.0061,-0.0076,1,87.22,72.54,78.66,69.37,81.13,42.69,70.68,0.1372,0.3899,65.55,82.96,82.85
77,1,CA1-SUB,intermediate,10,-7,-70,5930,-0.0339,-0.016,1,85.96,62.79,80.37,27.05,81.13,42.69,70.68,0.2577,0.5802,65.55,82.96,82.85
77,1,CA1-SUB,intermediate,10,10,100,5900,-0.0042,0.0056,1,80.13,62.31,87.15,69.02,81.13,42.69,70.68,0.2935,0.3613,65.55,82.96,82.85
77,1,CA1-SUB,intermediate,10,-10,-100,5900,0.0017,0.0011,1,76.46,77.93,81.65,55.6,81.13,42.69,70.68,0.3888,0.3528,65.55,82.96,82.85
77,1,CA1-SUB,intermediate,10,15,150,5850,-0.0237,-0.0139,1,85.31,74.56,80.28,73.76,81.13,42.69,70.68,0.2861,0.4535,65.55,82.96,82.85
77,1,CA1-SUB,intermediate,10,-15,-150,5850,-0.0269,-0.0109,1,81.7,79.54,73.19,66.86,81.13,42.69,70.68,0.3243,0.3554,65.55,82.96,82.85
77,1,CA1-SUB,intermediate,10,20,200,5800,0.0079,0.0024,1,84.2,81.91,74.66,73.34,81.13,42.69,70.68,0.2188,0.4389,65.55,82.96,82.85
77,1,CA1-SUB,intermediate,10,-20,-200,5800,-0.0056,-0.0006,1,77.56,76.62,58.11,61.69,81.13,42.69,70.68,0.2479,0.5281,65.55,82.96,82.85
77,1,CA1-SUB,intermediate,10,25,250,5750,-0.0289,-0.0164,1,79.34,87.52,54.77,40.22,81.13,42.69,70.68,0.3801,0.4217,65.55,82.96,82.85
77,1,CA1-SUB,intermediate,10,-25,-250,5750,0.028,0.0079,1,82.18,69.87,68.69,36.19,81.13,42.69,70.68,0.2359,0.3682,65.55,82.96,82.85
77,1,RSC-SUB,intermediate,10,0,0,6000,0.1436,0.0747,0,0.0,0.0,0.0,0.0,81.72,83.19,65.43,0.5859,0.499,74.38,79.8,54.67
77,1,RSC-SUB,intermediate,10,1,10,5990,0.103,0.0498,0,59.31,12.3,40.56,7.08,81.72,83.19,65.43,0.6054,0.4872,74.38,79.8,54.67
77,1,RSC-SUB,intermediate,10,-1,-10,5990,0.1283,0.0651,0,56.66,17.29,38.35,19.76,81.72,83.19,65.43,0.6113,0.5322,74.38,79.8,54.67
77,1,RSC-SUB,intermediate,10,2,20,5980,0.0868,0.0485,0,79.87,19.72,62.81,28.79,81.72,83.19,65.43,0.5941,0.4816,74.38,79.8,54.67
77,1,RSC-SUB,intermediate,10,-2,-20,5980,0.1172,0.0535,0,59.5,13.97,45.54,17.49,81.72,83.19,65.43,0.5973,0.5255,74.38,79.8,54.67
77,1,RSC-SUB,intermediate,10,3,30,5970,0.1402,0.0617,0,75.41,47.97,59.07,43.98,81.72,83.19,65.43,0.5809,0.5462,74.38,79.8,54.67
77,1,RSC-SUB,intermediate,10,-3,-30,5970,0.0352,0.0386,0,67.45,30.78,67.01,13.03,81.72,83.19,65.43,0.5584,0.3598,74.38,79.8,54.67
77,1,RSC-SUB,intermediate,10,4,40,5960,0.1185,0.0833,0,66.54,25.13,66.5,35.08,81.72,83.19,65.43,0.5845,0.4583,74.38,79.8,54.67
77,1,RSC-SUB,intermediate,10,-4,-40,5960,0.0718,0.0675,0,76.55,13.91,71.58,51.49,81.72,83.19,65.43,0.5619,0.4603,74.38,79.8,54.67
77,1,RSC-SUB,intermediate,10,5,50,5950,0.0994,0.0512,0,82.94,66.55,63.16,37.28,81.72,83.19,65.43,0.5816,0.495,74.38,79.8,54.67
77,1,RSC-SUB,intermediate,10,-5,-50,5950,0.0518,0.0422,0,86.86,15.1,54.3,52.77,81.72,83.19,65.43,0.5649,0.4092,74.38,79.8,54.67
77,1,RSC-SUB,intermediate,10,7,70,5930,0.0742,0.0402,0,81.86,32.27,69.3,60.81,81.72,83.19,65.43,0.5645,0.4469,74.38,79.8,54.67
77,1,RSC-SUB,intermediate,10,-7,-70,5930,0.0404,0.0311,0,77.72,55.04,60.04,55.02,81.72,83.19,65.43,0.5452,0.446,74.38,79.8,54.67
77,1,RSC-SUB,intermediate,10,10,100,5900,0.0518,0.0237,0,75.92,85.45,75.49,50.53,81.72,83.19,65.43,0.5758,0.4965,74.38,79.8,54.67
77,1,RSC-SUB,intermediate,10,-10,-100,5900,0.0352,0.0355,0,82.3,52.08,72.66,45.59,81.72,83.19,65.43,0.5506,0.3334,74.38,79.8,54.67
77,1,RSC-SUB,intermediate,10,15,150,5850,0.0654,0.0365,0,79.96,35.24,68.22,28.92,81.72,83.19,65.43,0.5971,0.5041,74.38,79.8,54.67
77,1,RSC-SUB,intermediate,10,-15,-150,5850,0.042,0.0291,0,81.53,29.59,84.09,53.34,81.72,83.19,65.43,0.5761,0.4138,74.38,79.8,54.67
77,1,RSC-SUB,intermediate,10,20,200,5800,0.0181,0.03,0,89.07,14.43,88.18,61.19,81.72,83.19,65.43,0.5822,0.4667,74.38,79.8,54.67
77,1,RSC-SUB,intermediate,10,-20,-200,5800,0.0787,0.0393,0,88.77,39.09,67.61,59.14,81.72,83.19,65.43,0.5906,0.4378,74.38,79.8,54.67
77,1,RSC-SUB,intermediate,10,25,250,5750,0.0572,0.0421,0,82.6,68.23,63.84,66.92,81.72,83.19,65.43,0.5583,0.4623,74.38,79.8,54.67
77,1,RSC-SUB,intermediate,10,-25,-250,5750,0.0693,0.0222,0,83.6,48.93,75.37,34.1,81.72,83.19,65.43,0.5865,0.4174,74.38,79.8,54.67
77,1,V1-RSC,intermediate,10,0,0,6000,0.2003,0.1201,0,0.0,0.0,0.0,0.0,71.07,87.38,32.77,0.4559,0.5075,49.21,88.62,23.35
77,1,V1-RSC,intermediate,10,1,10,5990,0.2079,0.1217,0,60.68,59.44,21.37,24.26,71.07,87.38,32.77,0.4631,0.5177,49.21,88.62,23.35
77,1,V1-RSC,intermediate,10,-1,-10,5990,0.1694,0.0974,0,51.33,70.73,23.53,15.5,71.07,87.38,32.77,0.4648,0.5106,49.21,88.62,23.35
77,1,V1-RSC,intermediate,10,2,20,5980,0.2063,0.1103,0,75.15,65.16,19.8,27.22,71.07,87.38,32.77,0.5311,0.5191,49.21,88.62,23.35
77,1,V1-RSC,intermediate,10,-2,-20,5980,0.1866,0.0874,0,85.43,74.99,19.23,16.54,71.07,87.38,32.77,0.5502,0.5396,49.21,88.62,23.35
77,1,V1-RSC,intermediate,10,3,30,5970,0.2015,0.1025,0,71.64,75.62,27.65,24.9,71.07,87.38,32.77,0.4976,0.5317,49.21,88.62,23.35
77,1,V1-RSC,intermediate,10,-3,-30,5970,0.1683,0.078,0,39.6,84.08,13.84,16.2,71.07,87.38,32.77,0.4686,0.538,49.21,88.62,23.35
77,1,V1-RSC,intermediate,10,4,40,5960,0.1818,0.1132,0,57.63,76.59,30.33,22.5,71.07,87.38,32.77,0.4796,0.5262,49.21,88.62,23.35
77,1,V1-RSC,intermediate,10,-4,-40,5960,0.1621,0.0824,0,60.34,88.77,21.93,17.33,71.07,87.38,32.77,0.495,0.528,49.21,88.62,23.35
77,1,V1-RSC,intermediate,10,5,50,5950,0.1972,0.0831,0,75.84,89.26,10.57,19.25,71.07,87.38,32.77,0.5429,0.551,49.21,88.62,23.35
77,1,V1-RSC,intermediate,10,-5,-50,5950,0.1703,0.0551,0,86.62,56.74,21.87,18.8,71.07,87.38,32.77,0.5334,0.5414,49.21,88.62,23.35
77,1,V1-RSC,intermediate,10,7,70,5930,0.177,0.0908,0,83.74,89.49,25.7,28.44,71.07,87.38,32.77,0.4528,0.5614,49.21,88.62,23.35
77,1,V1-RSC,intermediate,10,-7,-70,5930,0.1615,0.0538,0,80.71,85.55,14.1,16.76,71.07,87.38,32.77,0.5198,0.5428,49.21,88.62,23.35
77,1,V1-RSC,intermediate,10,10,100,5900,0.1782,0.0911,0,67.92,77.68,9.33,20.57,71.07,87.38,32.77,0.4944,0.5555,49.21,88.62,23.35
77,1,V1-RSC,intermediate,10,-10,-100,5900,0.1581,0.0609,0,72.24,86.47,16.42,21.24,71.07,87.38,32.77,0.5648,0.5594,49.21,88.62,23.35
77,1,V1-RSC,intermediate,10,15,150,5850,0.1866,0.079,0,66.86,79.31,18.6,21.23,71.07,87.38,32.77,0.5559,0.553,49.21,88.62,23.35
77,1,V1-RSC,intermediate,10,-15,-150,5850,0.1655,0.068,0,69.87,88.58,32.54,19.56,71.07,87.38,32.77,0.5106,0.546,49.21,88.62,23.35
77,1,V1-RSC,intermediate,10,20,200,5800,0.1759,0.0748,0,83.18,88.88,33.79,26.46,71.07,87.38,32.77,0.5738,0.5586,49.21,88.62,23.35
77,1,V1-RSC,intermediate,10,-20,-200,5800,0.169,0.0727,0,84.53,75.94,18.11,21.51,71.07,87.38,32.77,0.5302,0.5326,49.21,88.62,23.35
77,1,V1-RSC,intermediate,10,25,250,5750,0.1801,0.0613,0,77.51,86.28,30.08,25.1,71.07,87.38,32.77,0.6151,0.5645,49.21,88.62,23.35
77,1,V1-RSC,intermediate,10,-25,-250,5750,0.1607,0.064,0,82.22,82.45,23.39,30.98,71.07,87.38,32.77,0.5724,0.5616,49.21,88.62,23.35
77,1,CA1-RSC,expert,10,0,0,6000,0.0732,0.0508,0,0.0,0.0,0.0,0.0,89.56,88.79,68.21,0.1467,0.5147,71.49,68.46,40.88
77,1,CA1-RSC,expert,10,1,10,5990,0.0466,0.0499,0,44.75,55.41,46.75,54.01,89.56,88.79,68.21,0.148,0.5222,71.49,68.46,40.88
77,1,CA1-RSC,expert,10,-1,-10,5990,0.0203,0.0167,0,71.69,68.92,41.93,47.73,89.56,88.79,68.21,0.2376,0.5277,71.49,68.46,40.88
77,1,CA1-RSC,expert,10,2,20,5980,0.0803,0.053,0,70.64,79.91,43.9,63.84,89.56,88.79,68.21,0.1034,0.5066,71.49,68.46,40.88
77,1,CA1-RSC,expert,10,-2,-20,5980,0.0896,0.0402,0,86.18,65.25,63.37,56.65,89.56,88.79,68.21,0.3449,0.5535,71.49,68.46,40.88
77,1,CA1-RSC,expert,10,3,30,5970,0.0806,0.0698,0,42.43,81.93,57.68,73.01,89.56,88.79,68.21,0.1031,0.5176,71.49,68.46,40.88
77,1,CA1-RSC,expert,10,-3,-30,5970,0.0647,0.0303,0,82.17,84.6,63.47,64.4,89.56,88.79,68.21,0.2963,0.5409,71.49,68.46,40.88
77,1,CA1-RSC,expert,10,4,40,5960,0.0923,0.0723,0,58.58,75.65,35.1,56.88,89.56,88.79,68.21,0.1463,0.5164,71.49,68.46,40.88
77,1,CA1-RSC,expert,10,-4,-40,5960,0.0878,0.0297,0,88.57,79.71,46.62,71.03,89.56,88.79,68.21,0.3072,0.5363,71.49,68.46,40.88
77,1,CA1-RSC,expert,10,5,50,5950,0.0638,0.0581,0,75.77,70.55,43.7,60.54,89.56,88.79,68.21,0.2244,0.5326,71.49,68.46,40.88
77,1,CA1-RSC,expert,10,-5,-50,5950,0.0925,0.0335,0,81.57,68.15,52.83,55.87,89.56,88.79,68.21,0.2819,0.5243,71.49,68.46,40.88
77,1,CA1-RSC,expert,10,7,70,5930,0.0578,0.0286,0,75.82,70.96,58.72,56.93,89.56,88.79,68.21,0.1519,0.5158,71.49,68.46,40.88
77,1,CA1-RSC,expert,10,-7,-70,5930,0.0199,0.0254,0,69.47,77.18,46.72,68.16,89.56,88.79,68.21,0.1925,0.5325,71.49,68.46,40.88
77,1,CA1-RSC,expert,10,10,100,5900,0.0422,0.0352,0,72.59,78.66,89.31,84.96,89.56,88.79,68.21,0.2415,0.5249,71.49,68.46,40.88
77,1,CA1-RSC,expert,10,-10,-100,5900,0.0851,0.0567,0,63.23,83.26,52.06,64.81,89.56,88.79,68.21,0.2557,0.5378,71.49,68.46,40.88
77,1,CA1-RSC,expert,10,15,150,5850,0.0542,0.0298,0,63.7,87.63,45.37,72.19,89.56,88.79,68.21,0.2658,0.5153,71.49,68.46,40.88
77,1,CA1-RSC,expert,10,-15,-150,5850,0.0224,0.0318,0,84.16,85.37,49.07,53.05,89.56,88.79,68.21,0.3197,0.5517,71.49,68.46,40.88
77,1,CA1-RSC,expert,10,20,200,5800,0.0048,0.0218,0,89.56,87.52,41.57,61.69,89.56,88.79,68.21,0.2979,0.5199,71.49,68.46,40.88
77,1,CA1-RSC,expert,10,-20,-200,5800,0.0698,0.0366,0,80.79,82.04,50.75,58.27,89.56,88.79,68.21,0.2926,0.5248,71.49,68.46,40.88
77,1,CA1-RSC,expert,10,25,250,5750,0.048,0.0118,0,71.15,89.17,61.98,64.62,89.56,88.79,68.21,0.2959,0.518,71.49,68.46,40.88
77,1,CA1-RSC,expert,10,-25,-250,5750,0.0719,0.0304,0,58.1,86.81,53.82,57.08,89.56,88.79,68.21,0.2349,0.535,71.49,68.46,40.88
77,1,CA1-DG,expert,10,0,0,6000,0.0797,0.1677,3,0.0,0.0,0.0,0.0,70.93,49.78,51.56,0.2175,0.2879,79.95,80.43,89.41
77,1,CA1-DG,expert,10,1,10,5990,0.0359,0.0373,3,55.56,78.47,36.4,38.21,70.93,49.78,51.56,0.2451,0.1261,79.95,80.43,89.41
77,1,CA1-DG,expert,10,-1,-10,5990,0.0576,0.0309,3,70.38,82.26,37.93,25.17,70.93,49.78,51.56,0.2208,0.3999,79.95,80.43,89.41
77,1,CA1-DG,expert,10,2,20,5980,0.0234,0.0034,3,76.0,47.92,79.52,74.98,70.93,49.78,51.56,0.4282,0.5635,79.95,80.43,89.41
77,1,CA1-DG,expert,10,-2,-20,5980,0.031,0.0185,3,68.03,73.79,79.76,38.76,70.93,49.78,51.56,0.2186,0.2849,79.95,80.43,89.41
77,1,CA1-DG,expert,10,3,30,5970,-0.0,0.0163,3,65.8,82.13,78.12,62.0,70.93,49.78,51.56,0.1779,0.2932,79.95,80.43,89.41
77,1,CA1-DG,expert,10,-3,-30,5970,0.0361,0.0193,3,65.23,67.74,57.88,37.22,70.93,49.78,51.56,0.2205,0.3762,79.95,80.43,89.41
77,1,CA1-DG,expert,10,4,40,5960,-0.0137,-0.0052,3,82.91,89.83,54.17,89.09,70.93,49.78,51.56,0.2808,0.4066,79.95,80.43,89.41
77,1,CA1-DG,expert,10,-4,-40,5960,0.0326,0.0098,3,72.31,61.31,87.87,28.45,70.93,49.78,51.56,0.4583,0.3931,79.95,80.43,89.41
77,1,CA1-DG,expert,10,5,50,5950,0.0111,0.0114,3,79.14,39.85,64.67,14.76,70.93,49.78,51.56,0.1682,0.3251,79.95,80.43,89.41
77,1,CA1-DG,expert,10,-5,-50,5950,-0.0103,0.0017,3,89.96,85.14,75.41,78.66,70.93,49.78,51.56,0.2378,0.34,79.95,80.43,89.41
77,1,CA1-DG,expert,10,7,70,5930,-0.0219,-0.0118,3,84.5,64.52,54.41,72.5,70.93,49.78,51.56,0.2809,0.5174,79.95,80.43,89.41
77,1,CA1-DG,expert,10,-7,-70,5930,-0.0109,-0.0064,3,89.62,89.8,63.47,66.11,70.93,49.78,51.56,0.3705,0.417,79.95,80.43,89.41
77,1,CA1-DG,expert,10,10,100,5900,0.0227,0.0008,3,81.77,67.77,74.45,21.34,70.93,49.78,51.56,0.2091,0.3749,79.95,80.43,89.41
77,1,CA1-DG,expert,10,-10,-100,5900,-0.0189,0.0026,3,76.81,62.85,59.61,73.58,70.93,49.78,51.56,0.3787,0.1616,79.95,80.43,89.41
77,1,CA1-DG,expert,10,15,150,5850,-0.0151,-0.0041,3,77.96,58.05,84.38,77.54,70.93,49.78,51.56,0.2776,0.2844,79.95,80.43,89.41
77,1,CA1-DG,expert,10,-15,-150,5850,-0.0096,0.0034,3,89.88,78.56,56.86,86.03,70.93,49.78,51.56,0.3913,0.5014,79.95,80.43,89.41
77,1,CA1-DG,expert,10,20,200,5800,0.0134,0.0074,3,77.77,79.81,80.12,63.87,70.93,49.78,51.56,0.2875,0.3525,79.95,80.43,89.41
77,1,CA1-DG,expert,10,-20,-200,5800,-0.0,0.0052,3,76.98,80.35,71.45,76.77,70.93,49.78,51.56,0.2935,0.0913,79.95,80.43,89.41
77,1,CA1-DG,expert,10,25,250,5750,0.0252,0.0117,3,69.81,66.46,77.22,67.95,70.93,49.78,51.56,0.1933,0.3289,79.95,80.43,89.41
77,1,CA1-DG,expert,10,-25,-250,5750,0.0301,0.0084,3,82.57,85.39,77.34,54.29,70.93,49.78,51.56,0.2915,0.2776,79.95,80.43,89.41
77,1,CA1-V1,expert,10,0,0,6000,0.0851,0.1142,1,0.0,0.0,0.0,0.0,80.78,64.87,66.93,0.1841,0.5078,81.96,88.26,75.27
77,1,CA1-V1,expert,10,1,10,5990,0.0623,0.0246,1,87.18,84.5,81.93,31.17,80.78,64.87,66.93,0.2121,0.4615,81.96,88.26,75.27
77,1,CA1-V1,expert,10,-1,-10,5990,0.0194,0.0196,1,81.75,69.54,84.76,77.33,80.78,64.87,66.93,0.3854,0.4472,81.96,88.26,75.27
77,1,CA1-V1,expert,10,2,20,5980,0.0018,0.0058,1,83.49,83.71,68.74,87.42,80.78,64.87,66.93,0.29,0.4407,81.96,88.26,75.27
77,1,CA1-V1,expert,10,-2,-20,5980,-0.024,-0.0014,1,70.58,53.43,85.34,71.13,80.78,64.87,66.93,0.2991,0.4401,81.96,88.26,75.27
77,1,CA1-V1,expert,10,3,30,5970,-0.003,-0.0064,1,82.08,69.17,78.24,37.88,80.78,64.87,66.93,0.1753,0.4257,81.96,88.26,75.27
77,1,CA1-V1,expert,10,-3,-30,5970,0.0239,0.0141,1,85.14,81.24,87.93,61.29,80.78,64.87,66.93,0.3213,0.4852,81.96,88.26,75.27
77,1,CA1-V1,expert,10,4,40,5960,-0.009,-0.0027,1,89.27,67.65,85.51,21.61,80.78,64.87,66.93,0.26,0.4776,81.96,88.26,75.27
77,1,CA1-V1,expert,10,-4,-40,5960,0.009,-0.0072,1,82.77,86.02,84.91,82.0,80.78,64.87,66.93,0.2028,0.5184,81.96,88.26,75.27
77,1,CA1-V1,expert,10,5,50,5950,-0.0026,-0.0037,1,85.08,79.55,88.41,24.51,80.78,64.87,66.93,0.1902,0.4375,81.96,88.26,75.27
77,1,CA1-V1,expert,10,-5,-50,5950,0.0349,0.0089,1,89.86,65.61,65.97,52.43,80.78,64.87,66.93,0.1917,0.3586,81.96,88.26,75.27
77,1,CA1-V1,expert,10,7,70,5930,0.0103,-0.0076,1,78.6,77.5,51.01,68.87,80.78,64.87,66.93,0.3285,0.4024,81.96,88.26,75.27
77,1,CA1-V1,expert,10,-7,-70,5930,-0.0004,0.0106,1,81.25,67.83,67.05,46.01,80.78,64.87,66.93,0.338,0.4257,81.96,88.26,75.27
77,1,CA1-V1,expert,10,10,100,5900,0.0022,0.0046,1,88.52,89.07,85.79,74.88,80.78,64.87,66.93,0.3679,0.4088,81.96,88.26,75.27
77,1,CA1-V1,expert,10,-10,-100,5900,0.0087,0.0012,1,76.56,64.31,48.31,58.57,80.78,64.87,66.93,0.4865,0.5812,81.96,88.26,75.27
77,1,CA1-V1,expert,10,15,150,5850,-0.0028,-0.0131,1,78.65,58.81,88.96,87.24,80.78,64.87,66.93,0.2702,0.6229,81.96,88.26,75.27
77,1,CA1-V1,expert,10,-15,-150,5850,-0.0307,0.0006,1,87.81,87.25,66.43,75.77,80.78,64.87,66.93,0.305,0.4591,81.96,88.26,75.27
77,1,CA1-V1,expert,10,20,200,5800,-0.0025,0.0061,1,74.4,49.76,44.74,58.0,80.78,64.87,66.93,0.2929,0.5107,81.96,88.26,75.27
77,1,CA1-V1,expert,10,-20,-200,5800,-0.0029,0.0072,1,82.02,84.86,84.52,72.52,80.78,64.87,66.93,0.2454,0.4105,81.96,88.26,75.27
77,1,CA1-V1,expert,10,25,250,5750,0.0097,-0.0062,1,74.71,88.39,68.08,75.12,80.78,64.87,66.93,0.2515,0.4598,81.96,88.26,75.27
77,1,CA1-V1,expert,10,-25,-250,5750,-0.0148,0.0019,1,87.28,76.35,49.55,54.53,80.78,64.87,66.93,0.2112,0.4206,81.96,88.26,75.27
77,1,CA1-SUB,expert,10,0,0,6000,0.0285,0.002,1,0.0,0.0,0.0,0.0,77.64,70.33,88.62,0.3437,0.2535,79.24,55.64,89.63
77,1,CA1-SUB,expert,10,1,10,5990,0.0439,-0.005,1,75.89,26.07,36.18,20.16,77.64,70.33,88.62,0.3228,0.4691,79.24,55.64,89.63
77,1,CA1-SUB,expert,10,-1,-10,5990,-0.0044,-0.0179,1,64.89,75.59,17.63,26.21,77.64,70.33,88.62,0.3646,0.5305,79.24,55.64,89.63
77,1,CA1-SUB,expert,10,2,20,5980,0.0071,0.0087,1,84.29,77.41,77.05,47.92,77.64,70.33,88.62,0.3362,0.4987,79.24,55.64,89.63
77,1,CA1-SUB,expert,10,-2,-20,5980,-0.0092,0.0104,1,73.49,82.12,27.51,44.82,77.64,70.33,88.62,0.2735,0.5238,79.24,55.64,89.63
77,1,CA1-SUB,expert,10,3,30,5970,0.0344,0.0354,1,69.0,89.03,33.36,27.1,77.64,70.33,88.62,0.3301,0.3991,79.24,55.64,89.63
77,1,CA1-SUB,expert,10,-3,-30,5970,-0.0085,-0.0048,1,87.34,59.95,89.96,58.1,77.64,70.33,88.62,0.2366,0.4504,79.24,55.64,89.63
77,1,CA1-SUB,expert,10,4,40,5960,0.0254,0.0065,1,72.56,44.18,39.53,21.92,77.64,70.33,88.62,0.2473,0.5502,79.24,55.64,89.63
77,1,CA1-SUB,expert,10,-4,-40,5960,0.0211,0.0074,1,89.59,79.84,48.73,58.24,77.64,70.33,88.62,0.2412,0.3645,79.24,55.64,89.63
77,1,CA1-SUB,expert,10,5,50,5950,-0.0232,-0.0145,1,71.89,58.87,35.77,52.22,77.64,70.33,88.62,0.244,0.3863,79.24,55.64,89.63
77,1,CA1-SUB,expert,10,-5,-50,5950,0.0177,0.009,1,68.67,81.74,62.4,69.19,77.64,70.33,88.62,0.21,0.3749,79.24,55.64,89.63
77,1,CA1-SUB,expert,10,7,70,5930,0.0148,-0.004,1,88.51,84.32,72.99,83.1,77.64,70.33,88.62,0.2454,0.3384,79.24,55.64,89.63
77,1,CA1-SUB,expert,10,-7,-70,5930,-0.0096,-0.0005,1,61.96,63.18,47.89,25.15,77.64,70.33,88.62,0.1894,0.3998,79.24,55.64,89.63
77,1,CA1-SUB,expert,10,10,100,5900,0.0062,0.0088,1,75.1,76.4,75.04,73.12,77.64,70.33,88.62,0.3237,0.4392,79.24,55.64,89.63
77,1,CA1-SUB,expert,10,-10,-100,5900,-0.0226,-0.0036,1,79.95,88.32,67.62,28.04,77.64,70.33,88.62,0.2979,0.4965,79.24,55.64,89.63
77,1,CA1-SUB,expert,10,15,150,5850,-0.0065,-0.0093,1,84.05,65.61,81.73,37.25,77.64,70.33,88.62,0.267,0.3216,79.24,55.64,89.63
77,1,CA1-SUB,expert,10,-15,-150,5850,-0.0061,0.0004,1,86.17,78.41,75.66,50.0,77.64,70.33,88.62,0.333,0.304,79.24,55.64,89.63
77,1,CA1-SUB,expert,10,20,200,5800,0.0221,-0.0016,1,77.93,79.36,69.1,84.02,77.64,70.33,88.62,0.2715,0.4105,79.24,55.64,89.63
77,1,CA1-SUB,expert,10,-20,-200,5800,-0.0166,-0.0134,1,79.18,51.57,84.39,75.35,77.64,70.33,88.62,0.3591,0.413,79.24,55.64,89.63
77,1,CA1-SUB,expert,10,25,250,5750,-0.0135,-0.0088,1,70.5,89.63,63.85,16.79,77.64,70.33,88.62,0.2679,0.4704,79.24,55.64,89.63
77,1,CA1-SUB,expert,10,-25,-250,5750,0.0077,0.0121,1,72.13,59.67,58.48,87.6,77.64,70.33,88.62,0.3058,0.3863,79.24,55.64,89.63
77,1,RSC-SUB,expert,10,0,0,6000,0.2533,0.1928,2,0.0,0.0,0.0,0.0,76.25,82.33,61.59,0.5188,0.99,76.83,56.28,64.56
77,1,RSC-SUB,expert,10,1,10,5990,0.1841,0.1124,2,75.1,55.86,35.41,2.2,76.25,82.33,61.59,0.523,0.9581,76.83,56.28,64.56
77,1,RSC-SUB,expert,10,-1,-10,5990,0.2317,0.1162,2,81.45,53.85,38.13,6.9,76.25,82.33,61.59,0.5481,0.9535,76.83,56.28,64.56
77,1,RSC-SUB,expert,10,2,20,5980,0.1207,0.074,2,83.64,77.51,39.96,2.5,76.25,82.33,61.59,0.5102,0.9755,76.83,56.28,64.56
77,1,RSC-SUB,expert,10,-2,-20,5980,0.146,0.1003,2,83.12,46.14,51.87,1.86,76.25,82.33,61.59,0.5232,0.9755,76.83,56.28,64.56
77,1,RSC-SUB,expert,10,3,30,5970,0.1293,0.079,2,79.85,50.29,49.35,2.95,76.25,82.33,61.59,0.5297,0.962,76.83,56.28,64.56
77,1,RSC-SUB,expert,10,-3,-30,5970,0.1113,0.0789,2,77.53,69.11,44.04,1.67,76.25,82.33,61.59,0.5233,0.9686,76.83,56.28,64.56
77,1,RSC-SUB,expert,10,4,40,5960,0.1272,0.0597,2,89.13,72.74,51.83,10.26,76.25,82.33,61.59,0.5344,0.9605,76.83,56.28,64.56
77,1,RSC-SUB,expert,10,-4,-40,5960,0.1041,0.072,2,70.82,76.81,51.55,2.21,76.25,82.33,61.59,0.5335,0.9749,76.83,56.28,64.56
77,1,RSC-SUB,expert,10,5,50,5950,0.0711,0.0644,2,88.2,56.15,58.37,3.06,76.25,82.33,61.59,0.5099,0.9721,76.83,56.28,64.56
77,1,RSC-SUB,expert,10,-5,-50,5950,0.1124,0.0557,2,89.45,33.92,50.31,2.08,76.25,82.33,61.59,0.5427,0.9715,76.83,56.28,64.56
77,1,RSC-SUB,expert,10,7,70,5930,0.0604,0.0563,2,85.99,45.38,51.36,2.32,76.25,82.33,61.59,0.5409,0.9777,76.83,56.28,64.56
77,1,RSC-SUB,expert,10,-7,-70,5930,0.0638,0.0689,2,72.63,42.51,51.9,0.63,76.25,82.33,61.59,0.5281,0.9847,76.83,56.28,64.56
77,1,RSC-SUB,expert,10,10,100,5900,0.0484,0.0483,2,87.71,70.3,87.95,8.06,76.25,82.33,61.59,0.508,0.9802,76.83,56.28,64.56
77,1,RSC-SUB,expert,10,-10,-100,5900,0.0504,0.0605,2,85.86,46.78,67.69,2.83,76.25,82.33,61.59,0.5138,0.9913,76.83,56.28,64.56
77,1,RSC-SUB,expert,10,15,150,5850,0.0566,0.0388,2,70.76,56.71,73.18,1.26,76.25,82.33,61.59,0.5497,0.9772,76.83,56.28,64.56
77,1,RSC-SUB,expert,10,-15,-150,5850,0.0885,0.0425,2,86.46,46.66,83.94,1.2,76.25,82.33,61.59,0.514,0.9863,76.83,56.28,64.56
77,1,RSC-SUB,expert,10,20,200,5800,0.0633,0.048,2,87.2,58.18,80.12,1.17,76.25,82.33,61.59,0.5245,0.9845,76.83,56.28,64.56
77,1,RSC-SUB,expert,10,-20,-200,5800,0.0758,0.023,2,80.5,35.37,86.89,1.79,76.25,82.33,61.59,0.5611,0.9633,76.83,56.28,64.56
77,1,RSC-SUB,expert,10,25,250,5750,0.084,0.0279,2,74.68,67.19,67.14,1.2,76.25,82.33,61.59,0.5228,0.9797,76.83,56.28,64.56
77,1,RSC-SUB,expert,10,-25,-250,5750,0.0888,0.0672,2,88.69,68.11,70.26,1.64,76.25,82.33,61.59,0.5167,0.9617,76.83,56.28,64.56
77,1,V1-RSC,expert,10,0,0,6000,0.3239,0.1772,1,0.0,0.0,0.0,0.0,68.71,85.1,80.87,0.4087,0.5065,73.4,82.34,37.55
77,1,V1-RSC,expert,10,1,10,5990,0.3205,0.1598,1,28.65,53.31,24.68,12.51,68.71,85.1,80.87,0.3964,0.5093,73.4,82.34,37.55
77,1,V1-RSC,expert,10,-1,-10,5990,0.2922,0.1486,1,23.38,57.15,18.37,12.53,68.71,85.1,80.87,0.4284,0.5095,73.4,82.34,37.55
77,1,V1-RSC,expert,10,2,20,5980,0.2319,0.1341,1,35.58,64.38,43.19,26.36,68.71,85.1,80.87,0.3905,0.5082,73.4,82.34,37.55
77,1,V1-RSC,expert,10,-2,-20,5980,0.2248,0.1355,1,50.86,60.75,25.23,15.61,68.71,85.1,80.87,0.4257,0.504,73.4,82.34,37.55
77,1,V1-RSC,expert,10,3,30,5970,0.1822,0.1087,1,81.82,57.26,70.2,41.92,68.71,85.1,80.87,0.3755,0.513,73.4,82.34,37.55
77,1,V1-RSC,expert,10,-3,-30,5970,0.1115,0.0903,1,42.39,63.73,69.66,57.76,68.71,85.1,80.87,0.4111,0.4944,73.4,82.34,37.55
77,1,V1-RSC,expert,10,4,40,5960,0.1366,0.0986,1,40.01,88.85,87.23,67.9,68.71,85.1,80.87,0.4013,0.5116,73.4,82.34,37.55
77,1,V1-RSC,expert,10,-4,-40,5960,0.1232,0.0615,1,36.66,64.59,78.99,72.67,68.71,85.1,80.87,0.4827,0.5176,73.4,82.34,37.55
77,1,V1-RSC,expert,10,5,50,5950,0.1669,0.1003,1,86.96,80.92,71.21,83.97,68.71,85.1,80.87,0.4525,0.5197,73.4,82.34,37.55
77,1,V1-RSC,expert,10,-5,-50,5950,0.1322,0.0801,1,65.29,55.61,89.87,87.71,68.71,85.1,80.87,0.466,0.4949,73.4,82.34,37.55
77,1,V1-RSC,expert,10,7,70,5930,0.1256,0.0967,1,67.72,86.03,83.99,88.81,68.71,85.1,80.87,0.4724,0.5111,73.4,82.34,37.55
77,1,V1-RSC,expert,10,-7,-70,5930,0.068,0.0601,1,53.71,88.55,59.05,63.21,68.71,85.1,80.87,0.5119,0.4956,73.4,82.34,37.55
77,1,V1-RSC,expert,10,10,100,5900,0.0851,0.095,1,77.85,77.32,82.78,81.1,68.71,85.1,80.87,0.5786,0.5258,73.4,82.34,37.55
77,1,V1-RSC,expert,10,-10,-100,5900,0.1178,0.0615,1,76.78,67.19,86.79,77.25,68.71,85.1,80.87,0.4211,0.5083,73.4,82.34,37.55
77,1,V1-RSC,expert,10,15,150,5850,0.0708,0.0833,1,70.35,87.64,64.4,81.93,68.71,85.1,80.87,0.4923,0.5059,73.4,82.34,37.55
77,1,V1-RSC,expert,10,-15,-150,5850,0.103,0.0535,1,43.82,68.25,63.18,79.33,68.71,85.1,80.87,0.4003,0.5157,73.4,82.34,37.55
77,1,V1-RSC,expert,10,20,200,5800,0.1252,0.0513,1,85.26,85.4,67.31,84.15,68.71,85.1,80.87,0.4693,0.5116,73.4,82.34,37.55
77,1,V1-RSC,expert,10,-20,-200,5800,0.0723,0.0751,1,83.92,77.09,58.66,65.45,68.71,85.1,80.87,0.4408,0.5002,73.4,82.34,37.55
77,1,V1-RSC,expert,10,25,250,5750,0.1369,0.0834,1,50.73,88.87,55.77,87.98,68.71,85.1,80.87,0.3914,0.5139,73.4,82.34,37.55
77,1,V1-RSC,expert,10,-25,-250,5750,0.1031,0.0536,1,82.42,83.51,55.87,67.08,68.71,85.1,80.87,0.4345,0.5021,73.4,82.34,37.55
