tag,bin_ms,cca,krule,pair,n_cells_naive,frac_sig_naive,mean_n_sig_naive,median_cc_naive,max_cc_naive,frac_cc_ge_099_naive,median_ifi_naive,n_sig_dims_naive,n_cells_intermediate,frac_sig_intermediate,mean_n_sig_intermediate,median_cc_intermediate,max_cc_intermediate,frac_cc_ge_099_intermediate,median_ifi_intermediate,n_sig_dims_intermediate,n_cells_expert,frac_sig_expert,mean_n_sig_expert,median_cc_expert,max_cc_expert,frac_cc_ge_099_expert,median_ifi_expert,n_sig_dims_expert,delta_cc_expert_naive,delta_n_sig_expert_naive,cc_p_naive_vs0,cc_p_expert_vs0,cc_p_naive_vs_expert,ifi_p_naive_vs0,ifi_p_expert_vs0,ifi_p_naive_vs_expert,overfit_flag
landmark25_res_fix03,25,res,fix03,CA1-CA3,36,0.6111111111111112,0.8055555555555556,0.43650359002729083,0.576202443592814,0.0,-0.03409479739121288,29,36,0.6944444444444444,0.8055555555555556,0.4067459916507466,0.7190183151286921,0.0,-0.009345065585518734,29,36,0.6666666666666666,0.75,0.4161040531424172,0.6118426197099623,0.0,-0.009065884250272016,27,-0.020399536884873615,-0.05555555555555558,3.725290298461914e-09,1.4901161193847656e-08,0.2187729746579723,0.33573371544480324,0.8779177963733673,0.4217044888862306,False
landmark25_res_fix03,25,res,fix03,CA1-DG,48,0.4583333333333333,0.5208333333333334,0.4203475610698976,0.6338444967533581,0.0,-0.05205741672334281,25,48,0.6458333333333334,0.8125,0.40945419184946197,0.6970523601570927,0.0,-0.026063830764031064,39,48,0.6041666666666666,0.75,0.4218385307964331,0.5275798816308562,0.0,-0.07938913448702659,36,0.0014909697265354516,0.22916666666666663,5.960464477539063e-08,2.9103830456733704e-11,0.7749073226114355,0.05157625675201416,0.02096025293576531,0.8660765258340379,False
landmark25_res_fix03,25,res,fix03,CA1-RSC,48,0.22916666666666666,0.2708333333333333,0.40710662406834075,0.6789028557882688,0.0,0.09181948528843484,13,48,0.22916666666666666,0.22916666666666666,0.3890274549107668,0.5500722170911915,0.0,0.03015288362463413,11,48,0.25,0.25,0.36142287935665374,0.45157199841618134,0.0,-0.14921065354525692,12,-0.04568374471168701,-0.020833333333333315,0.000244140625,0.00048828125,0.2648277100467564,0.2734375,0.01220703125,0.009775828400024715,False
landmark25_res_fix03,25,res,fix03,CA1-SUB,24,0.2916666666666667,0.2916666666666667,0.40068563590665496,0.48474353015162386,0.0,0.05927595056523171,7,24,0.2916666666666667,0.4166666666666667,0.4528972227482298,0.5099488642328314,0.0,0.0694109478842658,10,24,0.4583333333333333,0.5,0.40281389947354773,0.5224068505716908,0.0,-0.05663374292866223,12,0.002128263566892774,0.20833333333333331,0.015625,0.00048828125,0.9018020163530999,0.46875,0.5693359375,0.5918075732317218,False
landmark25_res_fix03,25,res,fix03,CA1-V1,60,0.23333333333333334,0.23333333333333334,0.40460873121934404,0.4921539993902148,0.0,-0.04229529795711653,14,60,0.18333333333333332,0.18333333333333332,0.35616575884564117,0.5347503466053636,0.0,-0.18199708592823516,11,60,0.15,0.15,0.35822448887908764,0.41843525371511836,0.0,0.13767027083533376,9,-0.0463842423402564,-0.08333333333333334,0.0001220703125,0.00390625,0.08321354796087602,0.267578125,0.65234375,0.15637572175964462,False
landmark25_res_fix03,25,res,fix03,CA3-DG,24,0.4583333333333333,0.5416666666666666,0.40701340128913815,0.5506897272100031,0.0,-0.037668737067773295,13,24,0.875,1.1666666666666667,0.4272848676533685,0.7523632297200651,0.0,0.020554987476969287,28,24,0.8333333333333334,0.9166666666666666,0.42713773257309684,0.5463662311086483,0.0,0.02045988506678946,22,0.020124331283958685,0.375,0.000244140625,4.76837158203125e-07,0.48401570132552474,0.587890625,0.6101517677307129,0.5732301332745355,False
landmark25_res_fix03,25,res,fix03,RSC-SUB,24,0.25,0.25,0.3995325236855622,0.4273682824692741,0.0,-0.04471528673367968,6,24,0.375,0.4583333333333333,0.39519223953539895,0.5036244081488824,0.0,-0.081487537320054,11,24,0.375,0.5416666666666666,0.40678933143692453,0.6461699251188984,0.0,0.07266449122811776,13,0.0072568077513623375,0.29166666666666663,0.03125,0.000244140625,0.6388028895768834,0.84375,0.10986328125,0.6388028895768834,False
landmark25_res_fix03,25,res,fix03,V1-RSC,36,0.25,0.3055555555555556,0.44372127897995395,0.6638481752018185,0.0,0.1833265660096723,11,36,0.19444444444444445,0.2222222222222222,0.4310719221991648,0.678588665140007,0.0,0.11160783767180947,8,36,0.3055555555555556,0.3611111111111111,0.3956665394325275,0.6596508712896874,0.0,0.01668864874150461,13,-0.04805473954742645,0.055555555555555525,0.0009765625,0.000244140625,0.03700438758047722,0.365234375,1.0,0.3539344599024651,False
landmark25_res_fix05,25,res,fix05,CA1-CA3,36,0.75,1.1666666666666667,0.4311173232857284,0.7427633727829351,0.0,-0.021859648258645108,42,36,0.9166666666666666,1.5,0.4162081596055186,0.7228815949367813,0.0,-0.05877918411512237,54,36,0.7777777777777778,1.1111111111111112,0.4508712773644891,0.6319946628733487,0.0,-0.03158627935982707,40,0.019753954078760738,-0.05555555555555558,4.547473508864641e-13,1.8189894035458565e-12,0.12021793409924782,0.25288445331625553,0.27069234351074556,0.7559740331821937,False
landmark25_res_fix05,25,res,fix05,CA1-DG,48,0.75,1.125,0.428909198570143,0.6382675273595804,0.0,-0.00818928479614122,54,48,0.7708333333333334,1.125,0.42808030457539414,0.6456375822941719,0.0,0.0002946670447001891,54,48,0.7083333333333334,1.1041666666666667,0.44582529153315453,0.632069645943716,0.0,0.036565608980524036,53,0.016916092963011553,-0.02083333333333326,1.6256984569330967e-10,2.386484752546066e-10,0.21385127298143536,0.44605744211768084,0.4438166551373439,0.3053788146750145,False
landmark25_res_fix05,25,res,fix05,CA1-RSC,48,0.3958333333333333,0.4791666666666667,0.4113605723441571,0.6509452368829365,0.0,-0.17754716621934158,23,48,0.4791666666666667,0.5625,0.4237893153562979,0.5310711962012891,0.0,-0.012490493766098504,27,48,0.5416666666666666,0.6875,0.4070103547830242,0.5197673871986482,0.0,-0.03451632583701509,33,-0.0043502175611329075,0.20833333333333331,2.384185791015625e-07,2.3283064365386963e-10,0.5825941728999866,0.10454297065734863,0.8324509984813631,0.2436884822148886,False
landmark25_res_fix05,25,res,fix05,CA1-SUB,24,0.5416666666666666,0.625,0.396924069249151,0.6072580988672724,0.0,-0.047730463710443656,15,24,0.6666666666666666,0.9166666666666666,0.4373756999027828,0.64042008229845,0.0,0.0869586269352417,22,24,0.5416666666666666,0.875,0.44340573368325326,0.5534209082264621,0.0,0.08224172434605875,21,0.04648166443410223,0.25,6.103515625e-05,9.5367431640625e-07,0.11588506354907994,0.803955078125,0.026330947875976562,0.1579954706666462,False
landmark25_res_fix05,25,res,fix05,CA1-V1,60,0.43333333333333335,0.5666666666666667,0.4207709456477611,0.5791272817740366,0.0,-0.034543176657595674,34,60,0.3333333333333333,0.4166666666666667,0.39862871303720226,0.5587265066140422,0.0,-0.026033169224897873,25,60,0.4,0.5,0.42053361968446085,0.6537259155843473,0.0,-0.038375296994736935,30,-0.00023732596330022782,-0.06666666666666665,1.1641532182693481e-10,1.862645149230957e-09,0.6329365797914983,0.9059782412368804,0.5425279382616282,0.6522124341758286,False
landmark25_res_fix05,25,res,fix05,CA3-DG,24,0.8333333333333334,1.2916666666666667,0.44258854389294044,0.7212688621776648,0.0,0.020456416066696077,31,24,0.875,1.7083333333333333,0.45319540638665395,0.8178867997619284,0.0,-0.017382790542901913,41,24,0.875,1.75,0.438412757891228,0.5850865334038148,0.0,-0.028516924558941507,42,-0.004175786001712423,0.45833333333333326,9.313225746154785e-10,4.547473508864641e-13,0.8714461133168777,0.5167645234614611,0.12184976674507197,0.17158895519148354,False
landmark25_res_fix05,25,res,fix05,RSC-SUB,24,0.5833333333333334,0.625,0.4019883548260498,0.495849803338552,0.0,-0.06833002291340651,15,24,0.5,0.625,0.40212588913622727,0.4801621360502641,0.0,-0.02123061147536064,15,24,0.625,1.0,0.41573002495542644,0.6368667871960734,0.0,0.05500527492776717,24,0.01374167012937666,0.375,6.103515625e-05,1.1920928955078125e-07,0.5933076339858554,0.389404296875,0.15150094032287598,0.17948598170988095,False
landmark25_res_fix05,25,res,fix05,V1-RSC,36,0.4166666666666667,0.5,0.4529922617964687,0.6561754728435555,0.0,0.18747733104167624,18,36,0.3611111111111111,0.3611111111111111,0.3981194241188487,0.5733426365363102,0.0,-0.016487417955477385,13,36,0.3888888888888889,0.5833333333333334,0.42812176867923013,0.6453502528733205,0.0,0.03776648199823462,21,-0.024870493117238546,0.08333333333333337,7.62939453125e-06,9.5367431640625e-07,0.1317615132230886,0.24620819091796875,0.6578273773193359,0.2780923739633602,False
landmark25_res_fix10,25,res,fix10,CA1-CA3,36,0.9444444444444444,2.5555555555555554,0.43402392618722285,0.8053583555148295,0.0,-0.05963433245029013,92,36,0.9444444444444444,2.388888888888889,0.43082702693689645,0.996369755211251,0.011627906976744186,-0.03907128666274877,86,36,1.0,2.611111111111111,0.44561981610632695,0.999,0.010638297872340425,0.011740561196160067,94,0.011595889919104096,0.0555555555555558,8.149781597324954e-17,3.809731963383853e-17,0.7613340498325796,0.029214357754111412,0.8195362092082127,0.10831433766500492,False
landmark25_res_fix10,25,res,fix10,CA1-DG,48,0.8541666666666666,2.5416666666666665,0.44568329607586077,0.7778257610176188,0.0,-0.02059995861812576,122,48,0.8958333333333334,2.4791666666666665,0.4262395648628267,0.829945243907099,0.0,0.007517713027513365,119,48,0.8958333333333334,2.4583333333333335,0.43994206972980476,0.6703738447746401,0.0,0.05427846570032187,118,-0.005741226346056005,-0.08333333333333304,9.239952282714919e-22,4.209014223723733e-21,0.8956848319593838,0.2528889860413067,0.01606192771856237,0.014498127195632654,False
landmark25_res_fix10,25,res,fix10,CA1-RSC,48,0.8125,1.8541666666666667,0.433763591166911,0.9925306940876663,0.011235955056179775,-0.005712120413309734,89,48,0.7708333333333334,1.5416666666666667,0.4180686412173223,0.6677471484631274,0.0,0.12022641861972064,74,48,0.75,1.6875,0.4237338507778494,0.8151327105575142,0.0,0.03147412018531209,81,-0.01002974038906157,-0.16666666666666674,2.5509729516632515e-16,5.362626265112969e-15,0.18380791746439218,0.7295561126895325,0.31479188329569363,0.6132494534836284,False
landmark25_res_fix10,25,res,fix10,CA1-SUB,24,0.8333333333333334,1.75,0.41754548254133006,0.6072580988672724,0.0,0.04413935594349737,42,24,0.6666666666666666,1.5,0.4361634711773501,0.5614938996821129,0.0,0.06596452665820829,36,24,0.8333333333333334,1.8333333333333333,0.44011695194849737,0.5408295957620527,0.0,0.0488268678348464,44,0.02257146940716731,0.08333333333333326,4.547473508864641e-13,1.1368683772161603e-13,0.2248142805110881,0.42028029372841047,0.12283064355676743,0.7590746378922566,False
landmark25_res_fix10,25,res,fix10,CA1-V1,60,0.7833333333333333,1.7166666666666666,0.43016750242121654,0.9956192608408764,0.009708737864077669,0.06913836001295379,103,60,0.8,1.5333333333333334,0.411258520532486,0.6121746204120249,0.0,0.04157592016153105,92,60,0.8166666666666667,1.7833333333333334,0.4124410131593439,0.7935269266898543,0.0,-0.05577854427799611,107,-0.017726489261872647,0.06666666666666687,1.2469754626335515e-18,2.7312613078476504e-19,0.0033604670549495868,0.03439436037643696,0.4334985715571431,0.039362745948312586,False
landmark25_res_fix10,25,res,fix10,CA3-DG,24,0.875,2.625,0.4542228063899984,0.915254080163466,0.0,-0.06885874788309007,63,24,0.9166666666666666,3.0,0.44591044079516895,0.9106272012600728,0.0,0.043797463621091284,72,24,0.9166666666666666,2.9166666666666665,0.4357770231688356,0.7794562818324801,0.0,-0.006996621462164227,70,-0.018445783221162804,0.2916666666666665,5.16839481363226e-12,3.559469460061398e-13,0.6603984849956333,0.13379665267680627,0.6501569571269716,0.15773770430519374,False
landmark25_res_fix10,25,res,fix10,RSC-SUB,24,0.75,1.5416666666666667,0.4391790370066997,0.6484806043655049,0.0,-0.08345616376077823,37,24,0.6666666666666666,1.6666666666666667,0.4356294847123112,0.5361827384951664,0.0,0.011816438724632618,40,24,0.7083333333333334,1.4583333333333333,0.4288930379345601,0.669518730575831,0.0,0.029371094723684283,35,-0.010285999072139618,-0.08333333333333348,1.4551915228366852e-11,5.820766091346741e-11,0.8304955063623956,0.12485022521286737,0.3100773994810879,0.10471863788877173,False
landmark25_res_fix10,25,res,fix10,V1-RSC,36,0.8055555555555556,1.5555555555555556,0.41977642174658725,0.7726093341254787,0.0,0.021525964790495532,56,36,0.6666666666666666,1.2777777777777777,0.4446318955356646,0.7384762313420098,0.0,-0.0017345402790102963,46,36,0.6111111111111112,1.1944444444444444,0.4366404744376823,0.7213368343184446,0.0,0.020297924442976473,43,0.016864052691095033,-0.36111111111111116,7.547498213151496e-11,2.2737367544323206e-13,0.3010477128535337,0.33989189350707194,0.9001466806901135,0.6590631423989384,False
landmark25_res_fix20,25,res,fix20,CA1-CA3,36,0.9444444444444444,5.222222222222222,0.42182193053511163,0.9755573489467793,0.0,-0.016592854668816208,188,36,0.9444444444444444,4.638888888888889,0.4135430065931847,0.996369755211251,0.005988023952095809,-0.041442529828658335,167,36,1.0,4.25,0.42038449474281075,0.999,0.013071895424836602,0.0013318398401988272,153,-0.0014374357923008785,-0.9722222222222223,1.332786697634237e-32,7.393369592550106e-27,0.3838236820527534,0.24748407550620988,0.6273705966521039,0.6219103299341615,False
landmark25_res_fix20,25,res,fix20,CA1-DG,48,0.9166666666666666,5.875,0.4333286769883513,0.999,0.0070921985815602835,-0.01491419423332529,282,48,0.9375,5.583333333333333,0.41396905783120097,0.9976973509390028,0.007462686567164179,-0.019055870237871413,268,48,0.9166666666666666,5.166666666666667,0.409251674075076,0.9536835994769228,0.0,0.025953227173441937,248,-0.024077002913275303,-0.708333333333333,5.357315199339612e-48,1.9669537841275588e-42,0.00508482520800525,0.3498208915524673,0.05055975194469041,0.03698490787622441,False
landmark25_res_fix20,25,res,fix20,CA1-RSC,48,0.8541666666666666,3.7291666666666665,0.41535092606384044,0.999,0.0111731843575419,0.01080992780005894,179,48,0.9166666666666666,3.1875,0.4166199599854402,0.9254968995947215,0.0,0.06328865999534439,153,48,0.8333333333333334,3.4583333333333335,0.4194079437680014,0.942825135971263,0.0,0.019130852696800964,166,0.004057017704160948,-0.27083333333333304,3.990159344066362e-31,5.42345759856353e-29,0.4459405541853212,0.5970537949517136,0.3517720238335036,0.7380972594576294,False
landmark25_res_fix20,25,res,fix20,CA1-SUB,24,0.875,3.75,0.4185593729574674,0.6365389858360662,0.0,0.03666989973420809,90,24,0.75,3.5,0.4098536265164936,0.6313364370345911,0.0,0.007316529941142113,84,24,0.9166666666666666,3.75,0.4307357147699638,0.991837804966425,0.011111111111111112,0.019427481977879357,90,0.012176341812496383,0.0,1.7437900167092118e-16,1.7437900167092118e-16,0.7025091652303544,0.5582473832807224,0.5210171014424174,0.9942932980140673,False
landmark25_res_fix20,25,res,fix20,CA1-V1,60,0.9,6.116666666666666,0.4190903598490967,0.999,0.010899182561307902,0.005928922301694199,367,60,0.9166666666666666,4.933333333333334,0.3983205797584816,0.999,0.016891891891891893,0.03234065103197817,296,60,0.9833333333333333,5.45,0.3972564439083575,0.999,0.01529051987767584,0.01090803095137388,327,-0.02183391594073919,-0.6666666666666661,6.74706305408357e-62,2.3352927444057185e-55,3.809951701633885e-05,0.34866053667075236,0.489651915517754,0.9500963995970724,False
landmark25_res_fix20,25,res,fix20,CA3-DG,24,0.875,5.291666666666667,0.4378754216458172,0.999,0.015748031496062992,0.03705107012905666,127,24,0.9166666666666666,4.833333333333333,0.44412081046991514,0.9964360650370624,0.017241379310344827,0.00916721396881484,116,24,0.9166666666666666,4.708333333333333,0.4175345809339828,0.7897042773443695,0.0,-0.04345272730467266,113,-0.020340840711834396,-0.5833333333333339,1.389403006081708e-22,2.803208638992355e-20,0.06906601860403179,0.3443373438680005,0.09403206513893976,0.06654251865822719,False
landmark25_res_fix20,25,res,fix20,RSC-SUB,24,0.875,4.333333333333333,0.42205501383710353,0.7346010349369676,0.0,-0.04560185075087609,104,24,0.75,3.4166666666666665,0.41249087792536065,0.7526462988908901,0.0,-0.0022425966233888266,82,24,0.875,3.7083333333333335,0.4167451921514843,0.7298574239592052,0.0,0.008183230137388664,89,-0.00530982168561922,-0.6249999999999996,8.530137789278572e-19,2.5509729516632515e-16,0.4342180540209222,0.2378483565466054,0.29398387901064116,0.16389856333238395,False
landmark25_res_fix20,25,res,fix20,V1-RSC,36,0.8888888888888888,4.388888888888889,0.4279370459996362,0.9329557144449717,0.0,0.005456476873922143,158,36,0.8888888888888888,3.0,0.4098474712251233,0.8499909986386396,0.0,-0.021188246317286594,108,36,0.8888888888888888,3.5277777777777777,0.41037471418376337,0.9969035098628376,0.007874015748031496,-0.009354541047764965,127,-0.017562331815872856,-0.8611111111111116,1.1160816889616039e-27,1.3894515759554441e-22,0.18079851359809684,0.6448652490395146,0.24711937747003965,0.22147392052491255,False
landmark25_res_fix30,25,res,fix30,CA1-CA3,36,0.9444444444444444,7.25,0.43433141353443017,0.999,0.06130268199233716,-0.0192361319858711,261,36,0.9444444444444444,6.361111111111111,0.4119940705951411,0.996369755211251,0.004366812227074236,-0.0193920013022872,229,36,1.0,5.944444444444445,0.4058922915996934,0.999,0.009345794392523364,-0.02759032227662654,214,-0.028439121934736744,-1.3055555555555554,1.4561259726087896e-44,7.288869471238225e-37,0.00020375232498178304,0.06335514801721098,0.08650642680887773,0.9665071208977316,False
landmark25_res_fix30,25,res,fix30,CA1-DG,48,0.9166666666666666,7.041666666666667,0.43857081878366194,0.999,0.04142011834319527,0.006276840021492279,338,48,0.9375,6.979166666666667,0.41185904973624565,0.999,0.005970149253731343,-0.028761801066480467,335,48,0.9166666666666666,6.9375,0.3929954485775058,0.999,0.006006006006006006,0.030052895680436544,333,-0.04557537020615615,-0.10416666666666696,3.7084187393412835e-57,2.439558000863915e-56,5.341070487967864e-10,0.7632637980214231,0.000859799009681137,0.006162526849354744,False
landmark25_res_fix30,25,res,fix30,CA1-RSC,48,0.8541666666666666,4.5625,0.4186040221318016,0.999,0.0821917808219178,0.010331899559611458,219,48,0.9166666666666666,4.479166666666667,0.40678253706750606,0.999,0.03255813953488372,0.02527236924064724,215,48,0.8333333333333334,4.729166666666667,0.41773393728499303,0.999,0.07048458149779736,0.017770321039425708,227,-0.0008700848468085609,0.16666666666666696,1.0945921683788539e-37,5.365537057432526e-39,0.2395922411246878,0.2142187117673071,0.02204359603503025,0.43904746941722483,False
landmark25_res_fix30,25,res,fix30,CA1-SUB,24,0.875,3.75,0.4185593729574674,0.6365389858360662,0.0,0.03666989973420809,90,24,0.75,3.5,0.4098536265164936,0.6313364370345911,0.0,0.007316529941142113,84,24,0.9166666666666666,3.9166666666666665,0.4277009155397896,0.991837804966425,0.010638297872340425,0.026864677598058988,94,0.009141542582322193,0.16666666666666652,1.7437900167092118e-16,3.809731963383853e-17,0.9085143930864906,0.5582473832807224,0.2749713436290042,0.7344591737424547,False
landmark25_res_fix30,25,res,fix30,CA1-V1,60,0.9,8.283333333333333,0.4220068061086864,0.999,0.0744466800804829,-0.003134240407234958,497,60,0.9166666666666666,7.016666666666667,0.3989248136522079,0.999,0.030878859857482184,-0.0069897478717921195,421,60,0.9833333333333333,7.316666666666666,0.39753279856430906,0.999,0.05011389521640091,0.00964704427923327,439,-0.02447400754437734,-0.9666666666666668,3.838700241035808e-83,1.154275025961633e-73,5.722862947165848e-05,0.834202475415012,0.36568657655518155,0.42189098514108225,False
landmark25_res_fix30,25,res,fix30,CA3-DG,24,0.875,7.916666666666667,0.43561763670002507,0.999,0.08947368421052632,0.03646535355276138,190,24,0.9166666666666666,7.583333333333333,0.4243441429363958,0.997581392219802,0.02197802197802198,0.003515558822270545,182,24,0.9166666666666666,6.833333333333333,0.4027314430260285,0.9833370006167759,0.0,-0.022669090030071927,164,-0.03288619367399659,-1.083333333333334,6.20841411207248e-33,1.1550043594835776e-28,0.0003375819297084472,0.06995264525567699,0.27998060174086703,0.06547939332175699,False
landmark25_res_fix30,25,res,fix30,RSC-SUB,24,0.875,6.625,0.4172951458574359,0.9731529872445361,0.0,0.012590990907184359,159,24,0.75,4.833333333333333,0.39762887574968997,0.7526462988908901,0.0,0.000302917676562353,116,24,0.8333333333333334,5.208333333333333,0.40343140621318907,0.9855104074084872,0.0,0.006319566407593891,125,-0.013863739644246809,-1.416666666666667,7.6469844120372525e-28,2.9643799464905646e-22,0.3096557456647403,0.9835357402357967,0.46957934978524585,0.6507914142716057,False
landmark25_res_fix30,25,res,fix30,V1-RSC,36,0.8888888888888888,7.138888888888889,0.42550180409618554,0.999,0.0622568093385214,0.004052454634599134,257,36,0.8888888888888888,4.972222222222222,0.4148795756983585,0.999,0.03910614525139665,-0.0025764606877840763,179,36,0.8888888888888888,5.722222222222222,0.39670213986197744,0.999,0.0825242718446602,0.0014993821959124669,206,-0.0287996642342081,-1.416666666666667,6.574763722792362e-44,1.4783855395333178e-35,0.009453798975426196,0.6005916744472303,0.8231050884880773,0.5849208932789908,False
landmark25_res_samp15,25,res,samp15,CA1-CA3,36,0.8888888888888888,2.388888888888889,0.43688095746730227,0.8053583555148295,0.0,-0.06430518780112658,86,36,0.9444444444444444,3.0277777777777777,0.4139061828898642,0.996369755211251,0.009174311926605505,-0.05082616336536991,109,36,1.0,2.5833333333333335,0.43439229076801844,0.999,0.021505376344086023,-0.005444832718050086,93,-0.0024886666992838258,0.19444444444444464,7.989098714773313e-16,5.571601342024781e-17,0.9689094947017931,0.030153401932412224,0.795918762773074,0.09953799809511421,False
landmark25_res_samp15,25,res,samp15,CA1-DG,48,0.8541666666666666,2.8125,0.441621811788139,0.9971695889343519,0.007407407407407408,-0.06805807658755522,135,48,0.9166666666666666,3.4791666666666665,0.41512791387035014,0.9521926711682134,0.0,-0.032676009171169376,167,48,0.9166666666666666,3.5,0.4156398436082235,0.9041764810321287,0.0,0.012348621693856403,168,-0.025981968179915493,0.6875,6.714004954037857e-24,2.5468263428122084e-29,0.006854426060863437,0.0027184595657315344,0.16872941645207185,0.0011067414691205409,False
landmark25_res_samp15,25,res,samp15,CA1-RSC,48,0.8333333333333334,2.125,0.4292816262726327,0.9925306940876663,0.00980392156862745,0.0025000544926083346,102,48,0.8958333333333334,2.2291666666666665,0.408126053327085,0.8252316810850401,0.0,0.06804509975348942,107,48,0.8125,2.2083333333333335,0.4157918412718018,0.7783992732954826,0.0,0.003207040166999937,106,-0.013489785000830923,0.08333333333333348,1.8229684908388888e-18,3.9921703595194623e-19,0.062119737189749814,0.23010967922708203,0.683149088995799,0.5591030700358652,False
landmark25_res_samp15,25,res,samp15,CA1-SUB,24,0.875,2.0,0.4218560079838467,0.6072580988672724,0.0,0.034524448030222914,48,24,0.75,2.5416666666666665,0.4132889162649647,0.5870309670534066,0.0,-0.04550550527131707,61,24,0.875,2.7916666666666665,0.42602993101763353,0.8821296574621569,0.0,0.11126302087550521,67,0.0041739230337868305,0.7916666666666665,7.105427357601002e-15,1.119700309921998e-12,0.8448690106692325,0.8828604940043334,0.010622498572538568,0.20697569211103561,False
landmark25_res_samp15,25,res,samp15,CA1-V1,60,0.85,2.1166666666666667,0.4140926869371351,0.9977769711161719,0.007874015748031496,0.0575890551421881,127,60,0.9,2.15,0.41150501638028897,0.9979627145158746,0.007751937984496124,0.04385900766633845,129,60,0.9666666666666667,2.566666666666667,0.40645992976380874,0.9876523994257906,0.0,-0.016398377162934342,154,-0.007632757173326343,0.4500000000000002,1.3894515759554441e-22,5.0652871126008004e-27,0.028332806616260534,0.10536955371512786,0.5050773833839715,0.09747750405721717,False
landmark25_res_samp15,25,res,samp15,CA3-DG,24,0.875,2.4583333333333335,0.46285797967082015,0.9824579461897476,0.0,0.004386224498776585,59,24,0.9166666666666666,3.4166666666666665,0.44030463829020716,0.9750630544804029,0.0,0.027614097179285424,82,24,0.9166666666666666,3.7083333333333335,0.4082827006609584,0.7658471693205665,0.0,-0.009033914200355668,89,-0.054575279009861755,1.25,2.3900953516978203e-11,2.5509729516632515e-16,0.004411207890464221,0.6183667526000327,0.8491162752309247,0.6837908247997017,False
landmark25_res_samp15,25,res,samp15,RSC-SUB,24,0.75,1.625,0.4434534417801414,0.7302403231104732,0.0,-0.04197900456991374,39,24,0.7083333333333334,1.9166666666666667,0.427637847490086,0.7526462988908901,0.0,0.054072573463306024,46,24,0.75,2.125,0.4115693358622165,0.6793270029991805,0.0,0.04421837234517874,51,-0.0318841059179249,0.5,3.637978807091713e-12,5.145276051717656e-10,0.0025894438742104287,0.7985112731585104,0.12888798825236933,0.23452204700179036,False
landmark25_res_samp15,25,res,samp15,V1-RSC,36,0.8611111111111112,1.8333333333333333,0.40687743159223366,0.844292985209864,0.0,0.04775750395809112,66,36,0.8055555555555556,1.9444444444444444,0.4205012239683541,0.8499909986386396,0.0,-0.04033044655331752,70,36,0.7777777777777778,1.7777777777777777,0.39758625018480487,0.8397555700039112,0.0,0.0632006345870168,64,-0.009291181407428795,-0.05555555555555558,1.640948467627228e-12,3.5254980732707397e-12,0.022635452695846003,0.10264688851887019,0.09454874164886314,0.8504041695514695,False
landmark25_res_samp25,25,res,samp25,CA1-CA3,36,0.7777777777777778,1.6388888888888888,0.4196910329446648,0.7427633727829351,0.0,-0.030185536876606335,59,36,0.9166666666666666,1.9722222222222223,0.40883216137362866,0.7483089103105928,0.0,-0.021716702069796975,71,36,0.9444444444444444,2.111111111111111,0.422671237145898,0.7158303291845225,0.0,-0.03349725541746221,76,0.002980204201233183,0.4722222222222223,2.3900953516978203e-11,3.6060528034893936e-14,0.5716753349011171,0.8740569147949129,0.3987205489397251,0.6334571749793706,False
landmark25_res_samp25,25,res,samp25,CA1-DG,48,0.7708333333333334,1.4166666666666667,0.4247176924658627,0.6432311921755027,0.0,-0.07353170817866338,68,48,0.7916666666666666,1.6875,0.4150367205977067,0.6525708484446326,0.0,-0.012957194703607402,81,48,0.7708333333333334,1.75,0.4356533716195925,0.6126680888618575,0.0,-0.007517439053419624,84,0.010935679153729783,0.33333333333333326,7.64105456650688e-13,1.7106552178285207e-15,0.9100156595833993,0.08160459978070116,0.6620691657239504,0.10983439232953862,False
landmark25_res_samp25,25,res,samp25,CA1-RSC,48,0.5416666666666666,0.7291666666666666,0.42707963131912485,0.6423530324020699,0.0,0.09576905323671128,35,48,0.625,0.9791666666666666,0.4133840509204547,0.6677471484631274,0.0,0.19098770356000339,47,48,0.6041666666666666,1.0625,0.3960873277632996,0.5400718517103028,0.0,0.014066160567270995,51,-0.030992303555825274,0.33333333333333337,5.820766091346741e-11,5.145276051717656e-10,0.011071163053325818,0.5329034825554118,0.5485716297255758,0.7119789824756647,False
landmark25_res_samp25,25,res,samp25,CA1-SUB,24,0.6666666666666666,0.9166666666666666,0.4192147095959622,0.6072580988672724,0.0,-0.0011971909581249764,22,24,0.5833333333333334,1.0833333333333333,0.44978846551018176,0.5254442018474391,0.0,0.04712165681271081,26,24,0.75,1.5,0.4081632519978542,0.5720596043926923,0.0,0.04585417031676481,36,-0.011051457598107994,0.5833333333333334,4.76837158203125e-07,2.9103830456733704e-11,0.9936069596546084,0.8485937118530273,0.0667966004111804,0.4370291983536053,False
landmark25_res_samp25,25,res,samp25,CA1-V1,60,0.55,0.7,0.417936709602335,0.5113621148478216,0.0,0.05199291710296107,42,60,0.5666666666666667,0.8833333333333333,0.3933976520709822,0.7270020386660931,0.0,-0.021604670399011122,53,60,0.55,0.8166666666666667,0.38667902159210593,0.7064189737778462,0.0,0.04644349260448098,49,-0.031257688010229046,0.1166666666666667,4.547473508864641e-13,3.552713678800501e-15,0.027718405422932177,0.7382750756282803,0.8514308418474705,0.9397129793109372,False
landmark25_res_samp25,25,res,samp25,CA3-DG,24,0.7916666666666666,1.7083333333333333,0.4285445563821397,0.8048332761584667,0.0,0.0017011317293941532,41,24,0.9166666666666666,2.2916666666666665,0.4527333628169978,0.801000158435105,0.0,-0.010575455948674714,55,24,0.9166666666666666,2.9583333333333335,0.42985414286276774,0.7307662090521254,0.0,0.006676924790467639,71,0.0013095864806280666,1.2500000000000002,9.094947017729282e-13,2.429760002086979e-13,0.9662760040285898,0.7291827946046396,0.43582794211067,0.39442116061125865,False
landmark25_res_samp25,25,res,samp25,RSC-SUB,24,0.5416666666666666,0.875,0.4197945900598865,0.7467044548677336,0.0,-0.07077750283189468,21,24,0.5833333333333334,0.9166666666666666,0.4290595408719162,0.664747735355006,0.0,0.002245158144516172,22,24,0.7083333333333334,1.25,0.4225462794772301,0.7962627178692696,0.0,0.011325493797131624,30,0.0027516894173436057,0.375,9.5367431640625e-07,1.862645149230957e-09,0.9161660401775612,0.682713508605957,0.9838335812091827,0.5723460256736363,False
landmark25_res_samp25,25,res,samp25,V1-RSC,36,0.6111111111111112,0.8611111111111112,0.42633163152614106,0.7081074492951581,0.0,0.049603768174154496,31,36,0.6388888888888888,0.8055555555555556,0.40265903699593597,0.5982508911802034,0.0,-0.033876334242945026,29,36,0.6388888888888888,0.9722222222222222,0.40716808774525903,0.6551397537799186,0.0,0.0002818573820868475,35,-0.01916354378088203,0.11111111111111105,9.313225746154785e-10,5.820766091346741e-11,0.11403491159216117,0.31757172010838985,0.5436307483469136,0.22224965175140088,False
landmark25_res_samp40,25,res,samp40,CA1-CA3,36,0.6944444444444444,1.0833333333333333,0.40989119878947744,0.5957048984652463,0.0,-0.03428667956777547,39,36,0.75,1.2777777777777777,0.4243950167115677,0.7203927542545435,0.0,-0.043768480691826844,46,36,0.8888888888888888,1.5277777777777777,0.39930458384402423,0.6323676159035325,0.0,-0.008621685533941147,55,-0.01058661494545321,0.4444444444444444,3.637978807091713e-12,1.1076151546135735e-10,0.6842167362475726,0.3872309208345541,0.15925070288026355,0.8238915096475471,False
landmark25_res_samp40,25,res,samp40,CA1-DG,48,0.5208333333333334,0.9583333333333334,0.4124487056741394,0.6449798094101795,0.0,-0.03888351300516103,46,48,0.7916666666666666,1.25,0.4072998836180992,0.6661652658132071,0.0,-0.010051523762221933,60,48,0.6458333333333334,1.0208333333333333,0.4332465439051867,0.5792017227844748,0.0,-0.01808688978238651,49,0.020797838231047305,0.06249999999999989,2.842170943040401e-14,3.552713678800501e-15,0.9199206015610957,0.25854177177532733,0.8283069181203153,0.38563037722277005,False
landmark25_res_samp40,25,res,samp40,CA1-RSC,48,0.2916666666666667,0.3333333333333333,0.42044906247622504,0.6351748846736875,0.0,0.07608730745006709,16,48,0.3958333333333333,0.4375,0.3704196630937247,0.6677471484631274,0.0,-0.04809353202824655,21,48,0.4166666666666667,0.4791666666666667,0.36907547136174523,0.525260283677349,0.0,-0.033210890854159895,23,-0.05137359111447981,0.14583333333333337,3.0517578125e-05,2.384185791015625e-07,0.0007159077443047809,0.2978515625,0.6010458469390869,0.2716579607685422,False
landmark25_res_samp40,25,res,samp40,CA1-SUB,24,0.4583333333333333,0.5833333333333334,0.4055822762686415,0.6072580988672724,0.0,0.07109181656831295,14,24,0.5833333333333334,0.875,0.44222965604388903,0.5144252699834748,0.0,0.010497572015878122,21,24,0.625,0.8333333333333334,0.4135577679931396,0.5429359140147603,0.0,0.058543982395457356,20,0.007975491724498074,0.25,0.0001220703125,1.9073486328125e-06,0.7395640217749916,0.3258056640625,0.0758514404296875,0.7661321051695728,False
landmark25_res_samp40,25,res,samp40,CA1-V1,60,0.2833333333333333,0.3,0.410575280848559,0.4921539993902148,0.0,0.027996359422163494,18,60,0.36666666666666664,0.4166666666666667,0.37082612023088474,0.5147197063953505,0.0,-0.012323414393830844,25,60,0.3333333333333333,0.38333333333333336,0.3845796989131339,0.5386265319405321,0.0,-0.04192419510405132,23,-0.02599558193542506,0.08333333333333337,7.62939453125e-06,2.384185791015625e-07,0.1678351907328154,0.550872802734375,0.9643125534057617,0.608460823800517,False
landmark25_res_samp40,25,res,samp40,CA3-DG,24,0.625,0.875,0.4247198347478237,0.7340246768943592,0.0,0.05347208000644455,21,24,0.875,1.5833333333333333,0.4531873742199199,0.8265207720849486,0.0,-0.017813529932530558,38,24,0.9166666666666666,1.9166666666666667,0.43976008527980853,0.5884511519903554,0.0,0.008553808640664585,46,0.015040250531984822,1.0416666666666667,9.5367431640625e-07,2.842170943040401e-14,0.13530216748704657,0.8917322158813477,0.9396294242376939,0.8446244594462016,False
landmark25_res_samp40,25,res,samp40,RSC-SUB,24,0.4166666666666667,0.5416666666666666,0.4137652298929564,0.47448836208805617,0.0,0.05040262783717531,13,24,0.4166666666666667,0.5,0.4100583934058791,0.496598928252575,0.0,-0.012537505953822942,12,24,0.5833333333333334,0.7916666666666666,0.40221246286195045,0.6279527844007327,0.0,0.03126723579816058,19,-0.01155276703100594,0.25,0.000244140625,3.814697265625e-06,0.7588773816484746,0.946044921875,0.4180412292480469,0.9693931464041992,False
landmark25_res_samp40,25,res,samp40,V1-RSC,36,0.3611111111111111,0.4444444444444444,0.4313064981864554,0.6638481752018185,0.0,0.20649480883487736,16,36,0.4722222222222222,0.4722222222222222,0.36575938024508386,0.5305071756447551,0.0,0.002985066276965619,17,36,0.3611111111111111,0.3888888888888889,0.3528973386076162,0.6378538947507959,0.0,-0.008733128568017386,14,-0.0784091595788392,-0.055555555555555525,3.0517578125e-05,0.0001220703125,0.032283449587217156,0.104583740234375,0.9515380859375,0.22007405924801815,False
landmark25_res_var75,25,res,var75,CA1-CA3,36,0.9444444444444444,7.25,0.43433141353443017,0.999,0.06130268199233716,-0.0192361319858711,261,36,0.9444444444444444,6.361111111111111,0.4119940705951411,0.996369755211251,0.004366812227074236,-0.0193920013022872,229,36,1.0,5.944444444444445,0.4058922915996934,0.999,0.009345794392523364,-0.02759032227662654,214,-0.028439121934736744,-1.3055555555555554,1.4561259726087896e-44,7.288869471238225e-37,0.00020375232498178304,0.06335514801721098,0.08650642680887773,0.9665071208977316,False
landmark25_res_var75,25,res,var75,CA1-DG,48,0.9166666666666666,7.041666666666667,0.43857081878366194,0.999,0.04142011834319527,0.006276840021492279,338,48,0.9375,6.979166666666667,0.41185904973624565,0.999,0.005970149253731343,-0.028761801066480467,335,48,0.9166666666666666,6.9375,0.3929954485775058,0.999,0.006006006006006006,0.030052895680436544,333,-0.04557537020615615,-0.10416666666666696,3.7084187393412835e-57,2.439558000863915e-56,5.341070487967864e-10,0.7632637980214231,0.000859799009681137,0.006162526849354744,False
landmark25_res_var75,25,res,var75,CA1-RSC,48,0.8541666666666666,4.5625,0.4186040221318016,0.999,0.0821917808219178,0.010331899559611458,219,48,0.9166666666666666,4.479166666666667,0.40678253706750606,0.999,0.03255813953488372,0.02527236924064724,215,48,0.8333333333333334,4.729166666666667,0.41773393728499303,0.999,0.07048458149779736,0.017770321039425708,227,-0.0008700848468085609,0.16666666666666696,1.0945921683788539e-37,5.365537057432526e-39,0.2395922411246878,0.2142187117673071,0.02204359603503025,0.43904746941722483,False
landmark25_res_var75,25,res,var75,CA1-SUB,24,0.875,3.75,0.4185593729574674,0.6365389858360662,0.0,0.03666989973420809,90,24,0.75,3.5,0.4098536265164936,0.6313364370345911,0.0,0.007316529941142113,84,24,0.9166666666666666,3.9166666666666665,0.4277009155397896,0.991837804966425,0.010638297872340425,0.026864677598058988,94,0.009141542582322193,0.16666666666666652,1.7437900167092118e-16,3.809731963383853e-17,0.9085143930864906,0.5582473832807224,0.2749713436290042,0.7344591737424547,False
landmark25_res_var75,25,res,var75,CA1-V1,60,0.9,8.283333333333333,0.4220068061086864,0.999,0.0744466800804829,-0.003134240407234958,497,60,0.9166666666666666,7.016666666666667,0.3989248136522079,0.999,0.030878859857482184,-0.0069897478717921195,421,60,0.9833333333333333,7.316666666666666,0.39753279856430906,0.999,0.05011389521640091,0.00964704427923327,439,-0.02447400754437734,-0.9666666666666668,3.838700241035808e-83,1.154275025961633e-73,5.722862947165848e-05,0.834202475415012,0.36568657655518155,0.42189098514108225,False
landmark25_res_var75,25,res,var75,CA3-DG,24,0.875,7.916666666666667,0.43561763670002507,0.999,0.08947368421052632,0.03646535355276138,190,24,0.9166666666666666,7.583333333333333,0.4243441429363958,0.997581392219802,0.02197802197802198,0.003515558822270545,182,24,0.9166666666666666,6.833333333333333,0.4027314430260285,0.9833370006167759,0.0,-0.022669090030071927,164,-0.03288619367399659,-1.083333333333334,6.20841411207248e-33,1.1550043594835776e-28,0.0003375819297084472,0.06995264525567699,0.27998060174086703,0.06547939332175699,False
landmark25_res_var75,25,res,var75,RSC-SUB,24,0.875,6.625,0.4172951458574359,0.9731529872445361,0.0,0.012590990907184359,159,24,0.75,4.833333333333333,0.39762887574968997,0.7526462988908901,0.0,0.000302917676562353,116,24,0.8333333333333334,5.208333333333333,0.40343140621318907,0.9855104074084872,0.0,0.006319566407593891,125,-0.013863739644246809,-1.416666666666667,7.6469844120372525e-28,2.9643799464905646e-22,0.3096557456647403,0.9835357402357967,0.46957934978524585,0.6507914142716057,False
landmark25_res_var75,25,res,var75,V1-RSC,36,0.8888888888888888,7.138888888888889,0.42550180409618554,0.999,0.0622568093385214,0.004052454634599134,257,36,0.8888888888888888,4.972222222222222,0.4148795756983585,0.999,0.03910614525139665,-0.0025764606877840763,179,36,0.8888888888888888,5.722222222222222,0.39670213986197744,0.999,0.0825242718446602,0.0014993821959124669,206,-0.0287996642342081,-1.416666666666667,6.574763722792362e-44,1.4783855395333178e-35,0.009453798975426196,0.6005916744472303,0.8231050884880773,0.5849208932789908,False
landmark25_res_var85,25,res,var85,CA1-CA3,36,0.9444444444444444,7.25,0.43433141353443017,0.999,0.06130268199233716,-0.0192361319858711,261,36,0.9444444444444444,6.361111111111111,0.4119940705951411,0.996369755211251,0.004366812227074236,-0.0193920013022872,229,36,1.0,5.944444444444445,0.4058922915996934,0.999,0.009345794392523364,-0.02759032227662654,214,-0.028439121934736744,-1.3055555555555554,1.4561259726087896e-44,7.288869471238225e-37,0.00020375232498178304,0.06335514801721098,0.08650642680887773,0.9665071208977316,False
landmark25_res_var85,25,res,var85,CA1-DG,48,0.9166666666666666,7.041666666666667,0.43857081878366194,0.999,0.04142011834319527,0.006276840021492279,338,48,0.9375,6.979166666666667,0.41185904973624565,0.999,0.005970149253731343,-0.028761801066480467,335,48,0.9166666666666666,6.9375,0.3929954485775058,0.999,0.006006006006006006,0.030052895680436544,333,-0.04557537020615615,-0.10416666666666696,3.7084187393412835e-57,2.439558000863915e-56,5.341070487967864e-10,0.7632637980214231,0.000859799009681137,0.006162526849354744,False
landmark25_res_var85,25,res,var85,CA1-RSC,48,0.8541666666666666,4.5625,0.4186040221318016,0.999,0.0821917808219178,0.010331899559611458,219,48,0.9166666666666666,4.479166666666667,0.40678253706750606,0.999,0.03255813953488372,0.02527236924064724,215,48,0.8333333333333334,4.729166666666667,0.41773393728499303,0.999,0.07048458149779736,0.017770321039425708,227,-0.0008700848468085609,0.16666666666666696,1.0945921683788539e-37,5.365537057432526e-39,0.2395922411246878,0.2142187117673071,0.02204359603503025,0.43904746941722483,False
landmark25_res_var85,25,res,var85,CA1-SUB,24,0.875,3.75,0.4185593729574674,0.6365389858360662,0.0,0.03666989973420809,90,24,0.75,3.5,0.4098536265164936,0.6313364370345911,0.0,0.007316529941142113,84,24,0.9166666666666666,3.9166666666666665,0.4277009155397896,0.991837804966425,0.010638297872340425,0.026864677598058988,94,0.009141542582322193,0.16666666666666652,1.7437900167092118e-16,3.809731963383853e-17,0.9085143930864906,0.5582473832807224,0.2749713436290042,0.7344591737424547,False
landmark25_res_var85,25,res,var85,CA1-V1,60,0.9,8.283333333333333,0.4220068061086864,0.999,0.0744466800804829,-0.003134240407234958,497,60,0.9166666666666666,7.016666666666667,0.3989248136522079,0.999,0.030878859857482184,-0.0069897478717921195,421,60,0.9833333333333333,7.316666666666666,0.39753279856430906,0.999,0.05011389521640091,0.00964704427923327,439,-0.02447400754437734,-0.9666666666666668,3.838700241035808e-83,1.154275025961633e-73,5.722862947165848e-05,0.834202475415012,0.36568657655518155,0.42189098514108225,False
landmark25_res_var85,25,res,var85,CA3-DG,24,0.875,7.916666666666667,0.43561763670002507,0.999,0.08947368421052632,0.03646535355276138,190,24,0.9166666666666666,7.583333333333333,0.4243441429363958,0.997581392219802,0.02197802197802198,0.003515558822270545,182,24,0.9166666666666666,6.833333333333333,0.4027314430260285,0.9833370006167759,0.0,-0.022669090030071927,164,-0.03288619367399659,-1.083333333333334,6.20841411207248e-33,1.1550043594835776e-28,0.0003375819297084472,0.06995264525567699,0.27998060174086703,0.06547939332175699,False
landmark25_res_var85,25,res,var85,RSC-SUB,24,0.875,6.625,0.4172951458574359,0.9731529872445361,0.0,0.012590990907184359,159,24,0.75,4.833333333333333,0.39762887574968997,0.7526462988908901,0.0,0.000302917676562353,116,24,0.8333333333333334,5.208333333333333,0.40343140621318907,0.9855104074084872,0.0,0.006319566407593891,125,-0.013863739644246809,-1.416666666666667,7.6469844120372525e-28,2.9643799464905646e-22,0.3096557456647403,0.9835357402357967,0.46957934978524585,0.6507914142716057,False
landmark25_res_var85,25,res,var85,V1-RSC,36,0.8888888888888888,7.138888888888889,0.42550180409618554,0.999,0.0622568093385214,0.004052454634599134,257,36,0.8888888888888888,4.972222222222222,0.4148795756983585,0.999,0.03910614525139665,-0.0025764606877840763,179,36,0.8888888888888888,5.722222222222222,0.39670213986197744,0.999,0.0825242718446602,0.0014993821959124669,206,-0.0287996642342081,-1.416666666666667,6.574763722792362e-44,1.4783855395333178e-35,0.009453798975426196,0.6005916744472303,0.8231050884880773,0.5849208932789908,False
landmark25_res_var95,25,res,var95,CA1-CA3,36,0.9444444444444444,7.25,0.43433141353443017,0.999,0.06130268199233716,-0.0192361319858711,261,36,0.9444444444444444,6.361111111111111,0.4119940705951411,0.996369755211251,0.004366812227074236,-0.0193920013022872,229,36,1.0,5.944444444444445,0.4058922915996934,0.999,0.009345794392523364,-0.02759032227662654,214,-0.028439121934736744,-1.3055555555555554,1.4561259726087896e-44,7.288869471238225e-37,0.00020375232498178304,0.06335514801721098,0.08650642680887773,0.9665071208977316,False
landmark25_res_var95,25,res,var95,CA1-DG,48,0.9166666666666666,7.041666666666667,0.43857081878366194,0.999,0.04142011834319527,0.006276840021492279,338,48,0.9375,6.979166666666667,0.41185904973624565,0.999,0.005970149253731343,-0.028761801066480467,335,48,0.9166666666666666,6.9375,0.3929954485775058,0.999,0.006006006006006006,0.030052895680436544,333,-0.04557537020615615,-0.10416666666666696,3.7084187393412835e-57,2.439558000863915e-56,5.341070487967864e-10,0.7632637980214231,0.000859799009681137,0.006162526849354744,False
landmark25_res_var95,25,res,var95,CA1-RSC,48,0.8541666666666666,4.5625,0.4186040221318016,0.999,0.0821917808219178,0.010331899559611458,219,48,0.9166666666666666,4.479166666666667,0.40678253706750606,0.999,0.03255813953488372,0.02527236924064724,215,48,0.8333333333333334,4.729166666666667,0.41773393728499303,0.999,0.07048458149779736,0.017770321039425708,227,-0.0008700848468085609,0.16666666666666696,1.0945921683788539e-37,5.365537057432526e-39,0.2395922411246878,0.2142187117673071,0.02204359603503025,0.43904746941722483,False
landmark25_res_var95,25,res,var95,CA1-SUB,24,0.875,3.75,0.4185593729574674,0.6365389858360662,0.0,0.03666989973420809,90,24,0.75,3.5,0.4098536265164936,0.6313364370345911,0.0,0.007316529941142113,84,24,0.9166666666666666,3.9166666666666665,0.4277009155397896,0.991837804966425,0.010638297872340425,0.026864677598058988,94,0.009141542582322193,0.16666666666666652,1.7437900167092118e-16,3.809731963383853e-17,0.9085143930864906,0.5582473832807224,0.2749713436290042,0.7344591737424547,False
landmark25_res_var95,25,res,var95,CA1-V1,60,0.9,8.283333333333333,0.4220068061086864,0.999,0.0744466800804829,-0.003134240407234958,497,60,0.9166666666666666,7.016666666666667,0.3989248136522079,0.999,0.030878859857482184,-0.0069897478717921195,421,60,0.9833333333333333,7.316666666666666,0.39753279856430906,0.999,0.05011389521640091,0.00964704427923327,439,-0.02447400754437734,-0.9666666666666668,3.838700241035808e-83,1.154275025961633e-73,5.722862947165848e-05,0.834202475415012,0.36568657655518155,0.42189098514108225,False
landmark25_res_var95,25,res,var95,CA3-DG,24,0.875,7.916666666666667,0.43561763670002507,0.999,0.08947368421052632,0.03646535355276138,190,24,0.9166666666666666,7.583333333333333,0.4243441429363958,0.997581392219802,0.02197802197802198,0.003515558822270545,182,24,0.9166666666666666,6.833333333333333,0.4027314430260285,0.9833370006167759,0.0,-0.022669090030071927,164,-0.03288619367399659,-1.083333333333334,6.20841411207248e-33,1.1550043594835776e-28,0.0003375819297084472,0.06995264525567699,0.27998060174086703,0.06547939332175699,False
landmark25_res_var95,25,res,var95,RSC-SUB,24,0.875,6.625,0.4172951458574359,0.9731529872445361,0.0,0.012590990907184359,159,24,0.75,4.833333333333333,0.39762887574968997,0.7526462988908901,0.0,0.000302917676562353,116,24,0.8333333333333334,5.208333333333333,0.40343140621318907,0.9855104074084872,0.0,0.006319566407593891,125,-0.013863739644246809,-1.416666666666667,7.6469844120372525e-28,2.9643799464905646e-22,0.3096557456647403,0.9835357402357967,0.46957934978524585,0.6507914142716057,False
landmark25_res_var95,25,res,var95,V1-RSC,36,0.8888888888888888,7.138888888888889,0.42550180409618554,0.999,0.0622568093385214,0.004052454634599134,257,36,0.8888888888888888,4.972222222222222,0.4148795756983585,0.999,0.03910614525139665,-0.0025764606877840763,179,36,0.8888888888888888,5.722222222222222,0.39670213986197744,0.999,0.0825242718446602,0.0014993821959124669,206,-0.0287996642342081,-1.416666666666667,6.574763722792362e-44,1.4783855395333178e-35,0.009453798975426196,0.6005916744472303,0.8231050884880773,0.5849208932789908,False
landmark25_sig_fix03,25,sig,fix03,CA1-CA3,36,0.4166666666666667,0.5,0.42666055718823637,0.5549705974006213,0.0,-0.05208902409157111,18,36,0.5555555555555556,0.6944444444444444,0.39696192636245003,0.5591005579398951,0.0,-0.033910036371062,25,36,0.6111111111111112,0.75,0.417444028944682,0.5770644237290574,0.0,-0.057820357125550496,27,-0.009216528243554345,0.25,7.62939453125e-06,1.4901161193847656e-08,0.36011467650311346,0.1083831787109375,0.01738584041595459,0.862052500415977,False
landmark25_sig_fix03,25,sig,fix03,CA1-DG,48,0.4166666666666667,0.5,0.41596361285094074,0.5327169742310154,0.0,-0.07449126458784189,24,48,0.5,0.6666666666666666,0.41619487017500256,0.5992862914403047,0.0,-0.020852794442081893,32,48,0.6666666666666666,0.875,0.40492925967751614,0.5457723020659188,0.0,-0.04955069220894388,42,-0.011034353173424605,0.375,1.1920928955078125e-07,4.547473508864641e-13,0.4123407243987527,0.06464934349060059,0.2798322811518119,0.4513702814028977,False
landmark25_sig_fix03,25,sig,fix03,CA1-RSC,48,0.20833333333333334,0.25,0.39274242479582705,0.4775648061427735,0.0,0.22871349633644678,12,48,0.20833333333333334,0.20833333333333334,0.3814895035716112,0.4955678843252011,0.0,0.1525518181025303,10,48,0.1875,0.20833333333333334,0.3876137769795863,0.5403587065770952,0.0,-0.08804483705130381,10,-0.005128647816240728,-0.04166666666666666,0.00048828125,0.001953125,0.7666793603687381,0.10986328125,0.02734375,0.0321141793079075,False
landmark25_sig_fix03,25,sig,fix03,CA1-SUB,24,0.375,0.4166666666666667,0.38539387478375364,0.4547861566556408,0.0,0.04996818680826448,10,24,0.4166666666666667,0.5,0.40787189008030805,0.5368227616348482,0.0,0.024893361334874745,12,24,0.4166666666666667,0.5833333333333334,0.4185745828169253,0.5162801916884996,0.0,-0.033415776375414166,14,0.033180708033171635,0.16666666666666669,0.001953125,0.0001220703125,0.25353587959989776,0.431640625,0.9031982421875,0.5007112613753855,False
landmark25_sig_fix03,25,sig,fix03,CA1-V1,60,0.16666666666666666,0.16666666666666666,0.40799311618236433,0.5018000448150433,0.0,0.04077933287714387,10,60,0.13333333333333333,0.16666666666666666,0.3728559511945215,0.5311481266983804,0.0,0.10728808673245582,10,60,0.15,0.16666666666666666,0.36959783541096897,0.46648082237304384,0.0,0.0825944877759553,10,-0.03839528077139537,0.0,0.001953125,0.001953125,0.12122450301291662,1.0,0.431640625,0.6775849579524755,False
landmark25_sig_fix03,25,sig,fix03,CA3-DG,24,0.4583333333333333,0.625,0.3904637322159426,0.5173295356386257,0.0,0.0852099671487157,15,24,0.75,0.9166666666666666,0.38816646856258064,0.5344275620100591,0.0,0.021471978132175353,22,24,0.75,0.9166666666666666,0.41828388735951194,0.6015338237109293,0.0,-0.003175294284610262,22,0.027820155143569336,0.29166666666666663,6.103515625e-05,4.76837158203125e-07,0.3298411173544479,0.638671875,0.5879268646240234,0.8649006171360114,False
landmark25_sig_fix03,25,sig,fix03,RSC-SUB,24,0.20833333333333334,0.2916666666666667,0.40820014484936284,0.659684140035841,0.0,0.11383282670943785,7,24,0.3333333333333333,0.4166666666666667,0.471380842591098,0.7460977835527625,0.0,0.02851166641182782,10,24,0.3333333333333333,0.375,0.37292433531116786,0.595122494237666,0.0,0.02602700087755359,9,-0.03527580953819498,0.08333333333333331,0.015625,0.00390625,0.9181818181818182,0.9375,0.91015625,0.6064685314685315,False
landmark25_sig_fix03,25,sig,fix03,V1-RSC,36,0.2777777777777778,0.3333333333333333,0.4491666919957902,0.9073608248512157,0.0,0.21819956363011056,12,36,0.3611111111111111,0.4166666666666667,0.551058582860878,0.8246129225751805,0.0,0.06256298450927922,15,36,0.5,0.5833333333333334,0.4270486466696603,0.9369565765177591,0.0,0.002824211714157319,21,-0.022118045326129876,0.25000000000000006,0.00048828125,9.5367431640625e-07,0.37914898729389523,0.10986328125,0.8648872375488281,0.1604969288257052,False
landmark25_sig_fix05,25,sig,fix05,CA1-CA3,36,0.6944444444444444,0.9166666666666666,0.4285256699040953,0.5504852841490541,0.0,-0.0758116302729467,33,36,0.6111111111111112,0.8055555555555556,0.4132933881948408,0.6031236580652823,0.0,-0.047911597894615354,29,36,0.75,0.9166666666666666,0.40729081069026457,0.639458035934544,0.0,-0.04885921928229208,33,-0.021234859213830726,0.0,2.3283064365386963e-10,2.3283064365386963e-10,0.9284689869913695,0.04634791240096092,0.33921037591062486,0.4647824834721206,False
landmark25_sig_fix05,25,sig,fix05,CA1-DG,48,0.5208333333333334,0.6458333333333334,0.4194743827810361,0.5749126059608061,0.0,-0.06877752633287373,31,48,0.6458333333333334,0.9583333333333334,0.42889387508245075,0.6201057088948708,0.0,-0.00944907375372488,46,48,0.6458333333333334,0.8958333333333334,0.43105033144184535,0.5810678710036636,0.0,-0.03844785061663084,43,0.011575948660809243,0.25,9.313225746154785e-10,2.2737367544323206e-13,0.7590237881967034,0.12031982094049454,0.3051784201045393,0.6454125262158168,False
landmark25_sig_fix05,25,sig,fix05,CA1-RSC,48,0.3125,0.3125,0.39470837376617635,0.5717027467189022,0.0,-0.07306759874602049,15,48,0.2708333333333333,0.3541666666666667,0.4294655452935771,0.49712752518887476,0.0,-0.02601170976265553,17,48,0.3541666666666667,0.3958333333333333,0.39486349337313953,0.5372740228362962,0.0,-0.10808844690949541,19,0.00015511960696318328,0.08333333333333331,6.103515625e-05,3.814697265625e-06,0.6028782026438424,0.846923828125,0.156402587890625,0.6520636530815207,False
landmark25_sig_fix05,25,sig,fix05,CA1-SUB,24,0.375,0.4166666666666667,0.432582712234468,0.5113913948050461,0.0,0.05991148960003228,10,24,0.5,0.6666666666666666,0.4445844183309404,0.5369003244971263,0.0,0.10616625250959168,16,24,0.4583333333333333,0.5416666666666666,0.4197017160174504,0.540526699407034,0.0,0.05087672769324956,13,-0.012880996217017604,0.12499999999999994,0.001953125,0.000244140625,0.6418381810738645,0.76953125,0.146484375,1.0,False
landmark25_sig_fix05,25,sig,fix05,CA1-V1,60,0.15,0.16666666666666666,0.42370968108220985,0.5186825006434546,0.0,-0.06059701105607073,10,60,0.25,0.25,0.4102817837379698,0.47823993584581653,0.0,-0.06618314953156597,15,60,0.18333333333333332,0.2,0.4035684448082886,0.5356067437870101,0.0,-0.07109459490452938,12,-0.02014123627392128,0.033333333333333354,0.001953125,0.00048828125,0.7168594361961285,0.431640625,0.7333984375,0.9736992897368464,False
landmark25_sig_fix05,25,sig,fix05,CA3-DG,24,0.5833333333333334,0.9166666666666666,0.4162398459938512,0.5016333625983468,0.0,-0.026015134327832878,22,24,0.7916666666666666,1.3333333333333333,0.4187557322917637,0.5408651322533766,0.0,-0.056211305199175235,32,24,0.8333333333333334,1.5416666666666667,0.4533551105669787,0.5837231048903192,0.0,-0.010665796061561275,37,0.03711526457312747,0.6250000000000001,4.76837158203125e-07,1.4551915228366852e-11,0.10141761167951466,0.8485937118530273,0.6982056890265085,0.7243256261893343,False
landmark25_sig_fix05,25,sig,fix05,RSC-SUB,24,0.4166666666666667,0.4583333333333333,0.43242222208615977,0.6257317568587086,0.0,-0.17306288628522207,11,24,0.375,0.4583333333333333,0.4653497554662378,0.7342655454496448,0.0,-0.04924512347286817,11,24,0.5,0.6666666666666666,0.43390606542970495,0.6478512504454119,0.0,-0.036062080910177235,16,0.001483843343545177,0.20833333333333331,0.0009765625,3.0517578125e-05,0.9409948168019828,0.2783203125,0.668548583984375,0.266872579502037,False
landmark25_sig_fix05,25,sig,fix05,V1-RSC,36,0.3333333333333333,0.5,0.48761537540418975,0.911724606184901,0.0,0.1676211889612278,18,36,0.5555555555555556,0.6388888888888888,0.441308462295204,0.8236080515062338,0.0,0.08085725352954796,23,36,0.5,0.6111111111111112,0.42154953329936906,0.9311693488110591,0.0,-0.04995067003262964,22,-0.0660658421048207,0.11111111111111116,7.62939453125e-06,4.76837158203125e-07,0.07062314002844161,0.0065765380859375,0.2615199089050293,0.016128570589537847,False
landmark25_sig_fix10,25,sig,fix10,CA1-CA3,36,0.75,1.1944444444444444,0.4285256699040953,0.624435057943757,0.0,-0.08462436519895096,43,36,0.75,1.4166666666666667,0.40855861355958806,0.6245066924444809,0.0,-0.047911597894615354,51,36,0.8055555555555556,1.4722222222222223,0.4016621332406928,0.6874606166971142,0.0,-0.034392142433505815,53,-0.02686353666340252,0.2777777777777779,2.2737367544323206e-13,2.386484752546066e-10,0.0314468756845915,0.02325413936773657,0.22015807331573622,0.27068930159230686,False
landmark25_sig_fix10,25,sig,fix10,CA1-DG,48,0.6041666666666666,1.0416666666666667,0.4198556155901085,0.5339996998328077,0.0,-0.01896170459493788,50,48,0.6875,1.3125,0.4111072340568471,0.6377321432819757,0.0,-0.007729944183716019,63,48,0.5833333333333334,1.1875,0.40389949337934317,0.6287871103108819,0.0,-0.043868804657151074,57,-0.01595612221076531,0.14583333333333326,1.7763568394002505e-15,5.143753751233159e-11,0.11633551902239135,0.969474172425139,0.9524829312117657,0.9925272356618198,False
landmark25_sig_fix10,25,sig,fix10,CA1-RSC,48,0.5208333333333334,0.5416666666666666,0.404458253033659,0.49261598745981877,0.0,-0.019197991661737798,26,48,0.4791666666666667,0.6041666666666666,0.4183761968772706,0.5064090764938283,0.0,0.08461515618955204,29,48,0.3541666666666667,0.5,0.3913932162920877,0.5351558609756912,0.0,0.02863404576880794,24,-0.013065036741571334,-0.04166666666666663,2.9802322387695312e-08,1.1920928955078125e-07,0.49060122936372075,0.4524725079536438,0.8115357160568237,0.5799730116192569,False
landmark25_sig_fix10,25,sig,fix10,CA1-SUB,24,0.5416666666666666,0.7083333333333334,0.4114960603095108,0.5275675198711371,0.0,0.029154476155674583,17,24,0.5,0.7916666666666666,0.41767065651478286,0.533129628574484,0.0,0.05776916730598464,19,24,0.4583333333333333,0.6666666666666666,0.4326358916228236,0.5432436377881971,0.0,-0.032003491320559345,16,0.021139831313312818,-0.04166666666666674,1.52587890625e-05,3.0517578125e-05,0.6014491712483897,0.4585723876953125,0.93988037109375,0.48241278389343334,False
landmark25_sig_fix10,25,sig,fix10,CA1-V1,60,0.31666666666666665,0.35,0.4028218901614322,0.5202288021135264,0.0,0.00539391995810346,21,60,0.5166666666666667,0.6166666666666667,0.38859803411174665,0.5302358326989195,0.0,-0.05452583706426183,37,60,0.38333333333333336,0.43333333333333335,0.3875588994121123,0.5142653632545569,0.0,-0.27415743286783106,26,-0.015262990749319916,0.08333333333333337,9.5367431640625e-07,2.9802322387695312e-08,0.1954649863407455,0.945744514465332,0.035724371671676636,0.20295330131786893,False
landmark25_sig_fix10,25,sig,fix10,CA3-DG,24,0.7083333333333334,1.2083333333333333,0.43757135083728954,0.6139958568908825,0.0,-0.002880533873333976,29,24,0.7916666666666666,1.4166666666666667,0.42570743919613985,0.576825143776805,0.0,-0.049135268862450496,34,24,0.875,1.875,0.43219589482368964,0.5879990220518789,0.0,-0.010665796061561275,45,-0.0053754560135999,0.6666666666666667,3.725290298461914e-09,5.684341886080802e-14,0.8420209208078584,0.8983406014740467,0.8231113822151315,0.9470304040269161,False
landmark25_sig_fix10,25,sig,fix10,RSC-SUB,24,0.375,0.375,0.42597836615889356,0.7562159514961421,0.0,-0.1154744946160017,9,24,0.4583333333333333,0.7083333333333334,0.45969559436584506,0.6752823257205711,0.0,0.01631808175423862,17,24,0.5,0.875,0.3893049346291436,0.6135174834650904,0.0,0.015257277727327021,21,-0.036673431529749945,0.5,0.00390625,9.5367431640625e-07,0.13531752008080955,0.359375,0.945744514465332,0.36539882777678934,False
landmark25_sig_fix10,25,sig,fix10,V1-RSC,36,0.5,0.75,0.4213513338046405,0.9023920862577347,0.0,0.14172025746783945,27,36,0.5277777777777778,0.75,0.413961370208892,0.8391994517651297,0.0,0.09948318963193974,27,36,0.6666666666666666,0.9444444444444444,0.42115006610621997,0.9128328778763221,0.0,-0.005377417464686861,34,-0.0002012676984205486,0.19444444444444442,1.4901161193847656e-08,1.1641532182693481e-10,0.3876133970403479,0.2483380287885666,0.5656447277870029,0.5761420784868728,False
landmark25_sig_fix20,25,sig,fix20,CA1-CA3,36,0.75,1.3055555555555556,0.4221758644941894,0.624435057943757,0.0,-0.059624952610578145,47,36,0.75,1.4722222222222223,0.39547641838458486,0.6245066924444809,0.0,-0.009884710297699262,53,36,0.7777777777777778,1.4444444444444444,0.392650687698719,0.6874606166971142,0.0,-0.03186531433698807,52,-0.029525176795470398,0.13888888888888884,1.4210854715202004e-14,3.503864964208263e-10,0.1621365082630951,0.18949324780292898,0.5910548209539012,0.47911786930823674,False
landmark25_sig_fix20,25,sig,fix20,CA1-DG,48,0.4583333333333333,0.9166666666666666,0.4107775102112963,0.571555422425272,0.0,-0.05465999116909899,44,48,0.6666666666666666,1.5208333333333333,0.39010378750569946,0.6066739002991164,0.0,0.030856379255130933,73,48,0.7083333333333334,1.3541666666666667,0.3872455614854716,0.6194874454528658,0.0,0.06987843220104016,65,-0.023531948725824703,0.4375000000000001,1.1368683772161603e-13,2.4051050298460756e-12,0.0394258080262098,0.22958094061891643,0.30644145535053324,0.11386108683499195,False
landmark25_sig_fix20,25,sig,fix20,CA1-RSC,48,0.5208333333333334,0.6458333333333334,0.39444021122513756,0.49261598745981877,0.0,0.002578745367181412,31,48,0.5416666666666666,0.875,0.3938414861943794,0.5061106129424221,0.0,0.06685642849521892,42,48,0.4166666666666667,0.5416666666666666,0.39093647142164656,0.4769505835257209,0.0,0.12012957062932303,26,-0.0035037398034910017,-0.10416666666666674,9.313225746154785e-10,2.9802322387695312e-08,0.22032608818682142,0.6776954075321555,0.2798910140991211,1.0,False
landmark25_sig_fix20,25,sig,fix20,CA1-SUB,24,0.5833333333333334,0.625,0.4043702451642312,0.5105321869930604,0.0,0.018751816493169062,15,24,0.6666666666666666,1.2083333333333333,0.4018618810474736,0.5282230036222694,0.0,0.054397193127140746,29,24,0.5,0.7916666666666666,0.39636187777981713,0.5595582136092098,0.0,0.0019992713523921232,19,-0.008008367384414072,0.16666666666666663,6.103515625e-05,3.814697265625e-06,0.9723314014118226,0.97796630859375,0.4413337707519531,0.6772543048794241,False
landmark25_sig_fix20,25,sig,fix20,CA1-V1,60,0.5333333333333333,0.6666666666666666,0.37540564327010273,0.534940381661443,0.0,0.0579831350796856,40,60,0.55,0.7333333333333333,0.3550354084120977,0.4860777233297898,0.0,-0.07248940517918928,44,60,0.7166666666666667,1.1333333333333333,0.3477116535190011,0.7059910393437236,0.0,-0.03874912939448282,68,-0.027693989751101655,0.4666666666666667,1.8189894035458565e-12,7.64105456650688e-13,0.01603961505796281,0.5448004511072213,0.41290773918569545,0.3072062645622524,False
landmark25_sig_fix20,25,sig,fix20,CA3-DG,24,0.7083333333333334,1.5,0.38900096620329894,0.5631387988771652,0.0,-0.05811645013796427,36,24,0.7083333333333334,1.4166666666666667,0.4074172487766615,0.576825143776805,0.0,0.043226315033073975,34,24,0.875,1.6666666666666667,0.42113016965005345,0.5879990220518789,0.0,-0.012126901965268541,40,0.03212920344675452,0.16666666666666674,2.9103830456733704e-11,1.8189894035458565e-12,0.10350584537227044,0.3381495433568489,0.45981367328386114,0.5566820981542316,False
landmark25_sig_fix20,25,sig,fix20,RSC-SUB,24,0.4583333333333333,0.7083333333333334,0.42423054526304693,0.7287686554731917,0.0,0.04225747133266958,17,24,0.625,1.4583333333333333,0.4104893518733218,0.7116681688302892,0.0,-0.059351979739578044,35,24,0.6666666666666666,1.3333333333333333,0.38123891937609894,0.7678684513511127,0.0,0.0955576147034718,32,-0.04299162588694799,0.6249999999999999,1.52587890625e-05,4.656612873077393e-10,0.4686698793491999,0.8536376953125,0.06784779019653797,0.38338605586924646,False
landmark25_sig_fix20,25,sig,fix20,V1-RSC,36,0.4444444444444444,0.9166666666666666,0.39015896608871836,0.9056780237765572,0.0,0.11786433042942723,33,36,0.6666666666666666,1.2222222222222223,0.3908855761153763,0.8391994517651297,0.0,0.0853120344966446,44,36,0.7222222222222222,1.2222222222222223,0.40555135184946445,0.9239353961477348,0.0,0.04418209147814384,44,0.015392385760746086,0.3055555555555557,2.3283064365386963e-10,1.1368683772161603e-13,0.7613898962573541,0.12108809174969792,0.574901594198991,0.3900640564777619,False
landmark25_sig_fix30,25,sig,fix30,CA1-CA3,36,0.7777777777777778,1.4722222222222223,0.40202335650882565,0.624435057943757,0.0,-0.059624952610578145,53,36,0.8055555555555556,1.5277777777777777,0.38107709356963904,0.6245066924444809,0.0,-0.02382854790522861,55,36,0.9166666666666666,1.7222222222222223,0.38000248443477413,0.6874606166971142,0.0,-0.03186531433698807,62,-0.022020872074051512,0.25,2.386484752546066e-10,7.577765262336002e-12,0.34444119753235514,0.08039115196536493,0.765725597782665,0.29666206290774466,False
landmark25_sig_fix30,25,sig,fix30,CA1-DG,48,0.4583333333333333,0.9583333333333334,0.40809746324525087,0.571555422425272,0.0,-0.026015876374209053,46,48,0.75,1.6666666666666667,0.3877078032104727,0.7519965238270205,0.0,-0.000954094292147253,80,48,0.7083333333333334,1.3125,0.3872455614854716,0.6194874454528658,0.0,0.011969408427354677,63,-0.020851901759779246,0.35416666666666663,2.842170943040401e-14,5.16839481363226e-12,0.15021892581101232,0.5441216889665839,0.5652421002257548,0.3172729549187525,False
landmark25_sig_fix30,25,sig,fix30,CA1-RSC,48,0.5,0.6041666666666666,0.39444021122513756,0.49261598745981877,0.0,0.002578745367181412,29,48,0.5416666666666666,0.8958333333333334,0.39163831919749975,0.566668494082187,0.0,0.07441495465471569,43,48,0.4583333333333333,0.6041666666666666,0.37097433132139807,0.4964944372460609,0.0,0.07757133459957741,29,-0.023465879903739495,0.0,3.725290298461914e-09,3.725290298461914e-09,0.09005808582509914,0.9152156375348568,0.6544641703367233,0.9627890796374643,False
landmark25_sig_fix30,25,sig,fix30,CA1-SUB,24,0.5833333333333334,0.625,0.4043702451642312,0.5105321869930604,0.0,0.018751816493169062,15,24,0.6666666666666666,1.2083333333333333,0.4018618810474736,0.5282230036222694,0.0,0.054397193127140746,29,24,0.5416666666666666,0.8333333333333334,0.39607150462109303,0.5595582136092098,0.0,0.04246612333430473,20,-0.008298740543138172,0.20833333333333337,6.103515625e-05,1.9073486328125e-06,0.8545364813939189,0.97796630859375,0.2773551940917969,0.5374546118808793,False
landmark25_sig_fix30,25,sig,fix30,CA1-V1,60,0.5833333333333334,0.8,0.36153521923153886,0.534940381661443,0.0,0.0656763764354921,48,60,0.6333333333333333,0.9833333333333333,0.3283327305821213,0.4860777233297898,0.0,0.01873379140658871,59,60,0.6666666666666666,0.9833333333333333,0.34389960762462396,0.7059910393437236,0.0,-0.03775937305209223,59,-0.017635611606914903,0.18333333333333324,7.105427357601002e-15,2.3900953516978203e-11,0.07681046673202953,0.09581572393302196,0.3227684168117084,0.06600069925411105,False
landmark25_sig_fix30,25,sig,fix30,CA3-DG,24,0.625,1.2083333333333333,0.390236085439183,0.52062620282349,0.0,-0.056859288857956145,29,24,0.75,1.5833333333333333,0.39874781108502555,0.576825143776805,0.0,0.03142671537908013,38,24,0.875,1.9583333333333333,0.3815598110680855,0.5879990220518789,0.0,0.024290913227582516,47,-0.00867627437109747,0.75,3.725290298461914e-09,1.4210854715202004e-14,0.9914684268667788,0.23825867101550102,0.320421028219144,0.09743732357867434,False
landmark25_sig_fix30,25,sig,fix30,RSC-SUB,24,0.5,0.9166666666666666,0.35922447200902896,0.6902375033960433,0.0,-0.08627658322125709,22,24,0.5833333333333334,1.2916666666666667,0.37936757784188746,0.7116681688302892,0.0,0.04419632812838881,31,24,0.5833333333333334,1.5,0.34010701822857814,0.7585697365072782,0.0,0.09920879920130585,36,-0.01911745378045082,0.5833333333333334,4.76837158203125e-07,2.9103830456733704e-11,0.09090309090155727,0.9239659309387207,0.37916652829153463,0.4465409087307357,False
landmark25_sig_fix30,25,sig,fix30,V1-RSC,36,0.5555555555555556,1.1944444444444444,0.36787566902047153,0.9056780237765572,0.0,0.13764604699119026,43,36,0.6111111111111112,1.3888888888888888,0.39771962810973727,0.8391994517651297,0.0,0.036350821786231155,50,36,0.6666666666666666,1.1388888888888888,0.3916324587330467,0.9239353961477348,0.0,-0.008638646424250503,41,0.023756789712575166,-0.05555555555555558,2.2737367544323206e-13,9.094947017729282e-13,0.14466931486724305,0.08992955858843743,0.9693275504196208,0.20383506396539897,False
landmark25_sig_samp15,25,sig,samp15,CA1-CA3,36,0.7222222222222222,1.5277777777777777,0.41912725551458974,0.624435057943757,0.0,-0.06621061230490073,55,36,0.75,1.4166666666666667,0.3979820360890033,0.6245066924444809,0.0,-0.02382854790522861,51,36,0.8055555555555556,1.4444444444444444,0.4051547902245298,0.6874606166971142,0.0,-0.03186531433698807,52,-0.01397246529005991,-0.08333333333333326,1.1076151546135735e-10,3.503864964208263e-10,0.49491569826586135,0.1132971589539937,0.4021226274650649,0.31561378052636124,False
landmark25_sig_samp15,25,sig,samp15,CA1-DG,48,0.5625,1.1041666666666667,0.4146918475049208,0.5513050004833497,0.0,-0.06647216391612024,53,48,0.7291666666666666,1.5208333333333333,0.4015995405912533,0.630753171490831,0.0,0.029011269672002647,73,48,0.6875,1.3541666666666667,0.39161551630920666,0.6194874454528658,0.0,0.011969408427354677,65,-0.023076331195714117,0.25,2.386484752546066e-10,2.4051050298460756e-12,0.05827677482890501,0.40282517330769574,0.519775711342682,0.26738078251236486,False
landmark25_sig_samp15,25,sig,samp15,CA1-RSC,48,0.5208333333333334,0.6458333333333334,0.3899579480627868,0.513412554063255,0.0,0.002578745367181412,31,48,0.625,0.8958333333333334,0.3895530506190773,0.5061106129424221,0.0,-0.02601170976265553,43,48,0.3333333333333333,0.4583333333333333,0.39093647142164656,0.5114586499095839,0.0,-0.07800972054125319,22,0.0009785233588597841,-0.18750000000000006,9.313225746154785e-10,4.76837158203125e-07,0.4012605577427075,0.444234280847013,0.2615199089050293,0.14619419526250202,False
landmark25_sig_samp15,25,sig,samp15,CA1-SUB,24,0.5833333333333334,0.75,0.40751752159411725,0.513244655267273,0.0,0.10457510995876684,18,24,0.5833333333333334,1.0416666666666667,0.40331704945932706,0.5333013272515219,0.0,0.020949709929949163,25,24,0.625,1.0416666666666667,0.39636187777981713,0.5733618655233904,0.0,0.1023867892644402,25,-0.01115564381430012,0.29166666666666674,7.62939453125e-06,5.960464477539063e-08,0.950924583799356,0.28372955322265625,0.0801958441734314,0.931336013353411,False
landmark25_sig_samp15,25,sig,samp15,CA1-V1,60,0.45,0.6,0.4003771238292355,0.5647161798984389,0.0,-0.043898071826461674,36,60,0.5,0.6166666666666667,0.3861342609634315,0.5347119639437972,0.0,-0.18122320599946942,37,60,0.5666666666666667,0.7666666666666667,0.3745781549318485,0.7059910393437236,0.0,-0.054967290551968626,46,-0.02579896889738703,0.16666666666666674,2.9103830456733704e-11,2.842170943040401e-14,0.01060302409445325,0.4989104079431854,0.27264477041572377,0.9144294713978869,False
landmark25_sig_samp15,25,sig,samp15,CA3-DG,24,0.7083333333333334,1.3333333333333333,0.43092472650235386,0.5938157949246224,0.0,-0.05288486983028486,32,24,0.8333333333333334,1.7083333333333333,0.40567547271815574,0.576825143776805,0.0,0.05010755414792962,41,24,0.8333333333333334,1.9166666666666667,0.41919647970249485,0.5879990220518789,0.0,-0.012126901965268541,46,-0.01172824679985901,0.5833333333333335,4.656612873077393e-10,2.842170943040401e-14,0.2930798622449152,0.09081820072606206,0.6571383741117813,0.19878135502565497,False
landmark25_sig_samp15,25,sig,samp15,RSC-SUB,24,0.4583333333333333,0.5833333333333334,0.4300169243564341,0.7238019556670356,0.0,-0.0010547445736144804,14,24,0.5,1.0833333333333333,0.4426489586361919,0.7310759488937896,0.0,-0.008968816195409748,26,24,0.625,1.2083333333333333,0.403114150228938,0.7576193266281102,0.0,0.023848631574151662,29,-0.026902774127496143,0.6249999999999999,0.0001220703125,3.725290298461914e-09,0.1294682217052701,0.9031982421875,0.6544641703367233,0.6689082979913126,False
landmark25_sig_samp15,25,sig,samp15,V1-RSC,36,0.5,0.75,0.44006408373386996,0.9023920862577347,0.0,0.1775753063616305,27,36,0.5833333333333334,0.8333333333333334,0.43980692902121427,0.8391994517651297,0.0,0.0793573957410322,30,36,0.7222222222222222,1.1666666666666667,0.4182615238031189,0.9239353961477348,0.0,-0.034661686238142767,42,-0.021802559930751086,0.41666666666666674,1.4901161193847656e-08,4.547473508864641e-13,0.14175831391839303,0.014005735516548157,0.6030205487700186,0.021147134382484015,False
landmark25_sig_samp25,25,sig,samp25,CA1-CA3,36,0.6388888888888888,1.1388888888888888,0.44105615222121275,0.5627318449502172,0.0,-0.04108723158927734,41,36,0.6944444444444444,1.2222222222222223,0.4100031704389552,0.6245066924444809,0.0,-0.04406281390359533,44,36,0.8611111111111112,1.4166666666666667,0.4031480030256601,0.6466418405678788,0.0,-0.05275068365644291,51,-0.03790814919555263,0.2777777777777779,9.094947017729282e-13,5.145276051717656e-10,0.10393218443364471,0.32196494471736514,0.1219544135481769,0.7924278505834148,False
landmark25_sig_samp25,25,sig,samp25,CA1-DG,48,0.5833333333333334,0.9166666666666666,0.40927859271725986,0.5601892143086828,0.0,-0.028745366722992105,44,48,0.75,1.2291666666666667,0.3913420400462823,0.6366420460700843,0.0,0.1004674832264826,59,48,0.6041666666666666,1.0833333333333333,0.41190648370688254,0.6181179582604265,0.0,0.056173399345603045,52,0.002627890989622683,0.16666666666666663,1.1368683772161603e-13,3.503864964208263e-10,0.4510271972485309,0.44146738626943716,0.3672774926249832,0.22083574512257031,False
landmark25_sig_samp25,25,sig,samp25,CA1-RSC,48,0.3125,0.4166666666666667,0.3975468976690768,0.5383057518792032,0.0,-0.009560063964587045,20,48,0.4375,0.5416666666666666,0.41355085548807236,0.5061106129424221,0.0,0.04514150486978079,26,48,0.3125,0.3541666666666667,0.35634753148308573,0.49380013349522855,0.0,0.034456850060443994,17,-0.04119936618599107,-0.0625,1.9073486328125e-06,1.52587890625e-05,0.20595806245356263,0.7561664581298828,0.4585723876953125,0.9878422663352727,False
landmark25_sig_samp25,25,sig,samp25,CA1-SUB,24,0.3333333333333333,0.3333333333333333,0.3922388956552699,0.5078150332278438,0.0,-0.06258706626641769,8,24,0.4166666666666667,0.6666666666666666,0.43953635752493836,0.5833095588069395,0.0,0.05788931490766998,16,24,0.625,0.9166666666666666,0.4319851037068848,0.5443512743307611,0.0,-0.04334713603256815,22,0.039746208051614884,0.5833333333333333,0.0078125,4.76837158203125e-07,0.3932156998423865,0.9453125,0.5028400421142578,0.9816787332829311,False
landmark25_sig_samp25,25,sig,samp25,CA1-V1,60,0.36666666666666664,0.4666666666666667,0.420703303112534,0.5499352052724512,0.0,-0.05083641208903528,28,60,0.38333333333333336,0.45,0.34683816162442216,0.5719245722430075,0.0,-0.06286368958801418,27,60,0.35,0.45,0.4016287109057396,0.7043476072113514,0.0,0.04773185039048284,27,-0.019074592206794416,-0.016666666666666663,7.450580596923828e-09,1.4901161193847656e-08,0.25578015478737315,1.0,0.6616804599761963,0.768278203545834,False
landmark25_sig_samp25,25,sig,samp25,CA3-DG,24,0.5833333333333334,0.9166666666666666,0.4088667252881798,0.5283621535082228,0.0,0.01257974289251485,22,24,0.8333333333333334,1.4166666666666667,0.43391631795520014,0.576825143776805,0.0,-0.0024138070909540594,34,24,0.875,1.875,0.40361582589956946,0.6319962610620672,0.0,-0.013588007868975809,45,-0.005250899388610342,0.9583333333333334,4.76837158203125e-07,5.684341886080802e-14,0.6546848782298155,0.5235109329223633,0.7289109178315698,0.5172885856044621,False
landmark25_sig_samp25,25,sig,samp25,RSC-SUB,24,0.4166666666666667,0.5833333333333334,0.4414247422057589,0.7534104258304617,0.0,-0.15187271100695948,14,24,0.4583333333333333,0.7916666666666666,0.4602475273087373,0.7514191605628286,0.0,0.002871052025407394,19,24,0.4166666666666667,0.875,0.45244538419406605,0.781552281606868,0.0,0.016368296857537486,21,0.011020641988307156,0.29166666666666663,0.0001220703125,9.5367431640625e-07,0.44868185197701516,0.625732421875,1.0,0.32055565684897336,False
landmark25_sig_samp25,25,sig,samp25,V1-RSC,36,0.3333333333333333,0.4722222222222222,0.4627193520066102,0.9098651949004763,0.0,0.08330476873825061,17,36,0.7222222222222222,0.9166666666666666,0.41788136902944456,0.8063059284023929,0.0,0.04868691173550682,33,36,0.5833333333333334,0.8333333333333334,0.4209909036712304,0.9289992732767279,0.0,0.03382291518767511,30,-0.04172844833537981,0.36111111111111116,1.52587890625e-05,1.862645149230957e-09,0.07470032969867522,0.1593780517578125,0.5978077705949545,0.4717946575782499,False
landmark25_sig_samp40,25,sig,samp40,CA1-CA3,36,0.6111111111111112,0.8333333333333334,0.4224327012930138,0.5685376673946254,0.0,-0.09598305199152535,30,36,0.7222222222222222,1.1666666666666667,0.3998404522576571,0.6220546186759994,0.0,-0.015370080747020329,42,36,0.6666666666666666,0.9722222222222222,0.41079997153694414,0.6234033595498498,0.0,-0.029338486240470318,35,-0.01163272975606966,0.13888888888888884,1.862645149230957e-09,5.820766091346741e-11,0.649838421453908,0.054921628907322884,0.3944658192922361,0.3140952613425776,False
landmark25_sig_samp40,25,sig,samp40,CA1-DG,48,0.5,0.6666666666666666,0.42284982737174304,0.563041064107502,0.0,-0.06483277281326583,32,48,0.6458333333333334,0.9791666666666666,0.4123089441262702,0.5796901795159896,0.0,-0.032106055487986895,47,48,0.6458333333333334,0.9583333333333334,0.4103406271264463,0.588490312035966,0.0,-0.012317425618859573,46,-0.012509200245296725,0.29166666666666674,4.656612873077393e-10,2.842170943040401e-14,0.5388320099792332,0.637883335351944,0.42239009259347426,0.9231200390606837,False
landmark25_sig_samp40,25,sig,samp40,CA1-RSC,48,0.20833333333333334,0.20833333333333334,0.4042583576605907,0.48315653588818136,0.0,-0.009063565556039552,10,48,0.3125,0.3541666666666667,0.35365465783712624,0.5037677926578835,0.0,0.04725690512564516,17,48,0.3541666666666667,0.4166666666666667,0.39137391466390237,0.4970707867909514,0.0,0.005808497892454732,20,-0.012884442996688339,0.20833333333333334,0.001953125,1.9073486328125e-06,0.6759878582977128,1.0,0.40909767150878906,0.9473848301654796,False
landmark25_sig_samp40,25,sig,samp40,CA1-SUB,24,0.375,0.4166666666666667,0.38264548100893603,0.4325746975112421,0.0,-0.08187629191629854,10,24,0.5833333333333334,0.75,0.4020962331486657,0.5208891599634822,0.0,0.08454863575308233,18,24,0.5,0.8333333333333334,0.4393920852740716,0.5652101111784449,0.0,-0.038456497939873935,20,0.05674660426513556,0.4166666666666667,0.001953125,1.9073486328125e-06,0.005212047135633485,0.845703125,0.5705966949462891,0.9124210043205884,False
landmark25_sig_samp40,25,sig,samp40,CA1-V1,60,0.21666666666666667,0.26666666666666666,0.3963723654293478,0.5018000448150433,0.0,0.018047903051823543,16,60,0.21666666666666667,0.21666666666666667,0.3791593295904514,0.4754931608985292,0.0,-0.011535459077974201,13,60,0.21666666666666667,0.21666666666666667,0.3530639873741078,0.46590465122037816,0.0,-0.10603681967443274,13,-0.04330837805523996,-0.04999999999999999,3.0517578125e-05,0.000244140625,0.14181321192727894,0.860260009765625,0.414306640625,0.9127010310968687,False
landmark25_sig_samp40,25,sig,samp40,CA3-DG,24,0.5,0.7916666666666666,0.39490917829658173,0.5580784860821263,0.0,-0.027687916035884746,19,24,0.6666666666666666,1.125,0.4534334258099886,0.5294430304649215,0.0,-0.0037866068396874447,27,24,0.7916666666666666,1.625,0.4370830297221159,0.5852670912757301,0.0,-0.04810367527697894,39,0.04217385142553415,0.8333333333333334,3.814697265625e-06,3.637978807091713e-12,0.02998146386467208,0.9217147827148438,0.5949446441882174,0.855392904008758,False
landmark25_sig_samp40,25,sig,samp40,RSC-SUB,24,0.4166666666666667,0.5833333333333334,0.4085323036672444,0.659684140035841,0.0,-0.02582589826117956,14,24,0.2916666666666667,0.4583333333333333,0.4770704035906981,0.7597963194502295,0.0,0.010386583497091768,11,24,0.4166666666666667,0.625,0.44075371070937513,0.6573539205882591,0.0,0.05183877782122605,15,0.03222140704213072,0.04166666666666663,0.0001220703125,6.103515625e-05,0.8443001476220315,0.855224609375,0.5994873046875,0.7434206976952524,False
landmark25_sig_samp40,25,sig,samp40,V1-RSC,36,0.4722222222222222,0.4722222222222222,0.4132507661822531,0.9073608248512157,0.0,0.290379457307038,17,36,0.5,0.5277777777777778,0.4704343985015279,0.8272457882658981,0.0,0.016422345800537922,19,36,0.5555555555555556,0.6111111111111112,0.4288899124660669,0.9390504307097773,0.0,0.05697359972844042,22,0.0156391462838138,0.13888888888888895,1.52587890625e-05,4.76837158203125e-07,0.7661751731928962,0.0055694580078125,0.3880448341369629,0.03737249915713588,False
landmark25_sig_var75,25,sig,var75,CA1-CA3,36,0.7777777777777778,1.4722222222222223,0.40202335650882565,0.624435057943757,0.0,-0.059624952610578145,53,36,0.8055555555555556,1.5277777777777777,0.38107709356963904,0.6245066924444809,0.0,-0.02382854790522861,55,36,0.9166666666666666,1.7222222222222223,0.38000248443477413,0.6874606166971142,0.0,-0.03186531433698807,62,-0.022020872074051512,0.25,2.386484752546066e-10,7.577765262336002e-12,0.34444119753235514,0.08039115196536493,0.765725597782665,0.29666206290774466,False
landmark25_sig_var75,25,sig,var75,CA1-DG,48,0.4583333333333333,0.9583333333333334,0.40809746324525087,0.571555422425272,0.0,-0.026015876374209053,46,48,0.75,1.6666666666666667,0.3877078032104727,0.7519965238270205,0.0,-0.000954094292147253,80,48,0.7083333333333334,1.3125,0.3872455614854716,0.6194874454528658,0.0,0.011969408427354677,63,-0.020851901759779246,0.35416666666666663,2.842170943040401e-14,5.16839481363226e-12,0.15021892581101232,0.5441216889665839,0.5652421002257548,0.3172729549187525,False
landmark25_sig_var75,25,sig,var75,CA1-RSC,48,0.5,0.6041666666666666,0.39444021122513756,0.49261598745981877,0.0,0.002578745367181412,29,48,0.5416666666666666,0.8958333333333334,0.39163831919749975,0.566668494082187,0.0,0.07441495465471569,43,48,0.4583333333333333,0.6041666666666666,0.37097433132139807,0.4964944372460609,0.0,0.07757133459957741,29,-0.023465879903739495,0.0,3.725290298461914e-09,3.725290298461914e-09,0.09005808582509914,0.9152156375348568,0.6544641703367233,0.9627890796374643,False
landmark25_sig_var75,25,sig,var75,CA1-SUB,24,0.5833333333333334,0.625,0.4043702451642312,0.5105321869930604,0.0,0.018751816493169062,15,24,0.6666666666666666,1.2083333333333333,0.4018618810474736,0.5282230036222694,0.0,0.054397193127140746,29,24,0.5416666666666666,0.8333333333333334,0.39607150462109303,0.5595582136092098,0.0,0.04246612333430473,20,-0.008298740543138172,0.20833333333333337,6.103515625e-05,1.9073486328125e-06,0.8545364813939189,0.97796630859375,0.2773551940917969,0.5374546118808793,False
landmark25_sig_var75,25,sig,var75,CA1-V1,60,0.5833333333333334,0.8,0.36153521923153886,0.534940381661443,0.0,0.0656763764354921,48,60,0.6333333333333333,0.9833333333333333,0.3283327305821213,0.4860777233297898,0.0,0.01873379140658871,59,60,0.6666666666666666,0.9833333333333333,0.34389960762462396,0.7059910393437236,0.0,-0.03775937305209223,59,-0.017635611606914903,0.18333333333333324,7.105427357601002e-15,2.3900953516978203e-11,0.07681046673202953,0.09581572393302196,0.3227684168117084,0.06600069925411105,False
landmark25_sig_var75,25,sig,var75,CA3-DG,24,0.625,1.2083333333333333,0.390236085439183,0.52062620282349,0.0,-0.056859288857956145,29,24,0.75,1.5833333333333333,0.39874781108502555,0.576825143776805,0.0,0.03142671537908013,38,24,0.875,1.9583333333333333,0.3815598110680855,0.5879990220518789,0.0,0.024290913227582516,47,-0.00867627437109747,0.75,3.725290298461914e-09,1.4210854715202004e-14,0.9914684268667788,0.23825867101550102,0.320421028219144,0.09743732357867434,False
landmark25_sig_var75,25,sig,var75,RSC-SUB,24,0.5,0.9166666666666666,0.35922447200902896,0.6902375033960433,0.0,-0.08627658322125709,22,24,0.5833333333333334,1.2916666666666667,0.37936757784188746,0.7116681688302892,0.0,0.04419632812838881,31,24,0.5833333333333334,1.5,0.34010701822857814,0.7585697365072782,0.0,0.09920879920130585,36,-0.01911745378045082,0.5833333333333334,4.76837158203125e-07,2.9103830456733704e-11,0.09090309090155727,0.9239659309387207,0.37916652829153463,0.4465409087307357,False
landmark25_sig_var75,25,sig,var75,V1-RSC,36,0.5555555555555556,1.1944444444444444,0.36787566902047153,0.9056780237765572,0.0,0.13764604699119026,43,36,0.6111111111111112,1.3888888888888888,0.39771962810973727,0.8391994517651297,0.0,0.036350821786231155,50,36,0.6666666666666666,1.1388888888888888,0.3916324587330467,0.9239353961477348,0.0,-0.008638646424250503,41,0.023756789712575166,-0.05555555555555558,2.2737367544323206e-13,9.094947017729282e-13,0.14466931486724305,0.08992955858843743,0.9693275504196208,0.20383506396539897,False
landmark25_sig_var85,25,sig,var85,CA1-CA3,36,0.7777777777777778,1.4722222222222223,0.40202335650882565,0.624435057943757,0.0,-0.059624952610578145,53,36,0.8055555555555556,1.5277777777777777,0.38107709356963904,0.6245066924444809,0.0,-0.02382854790522861,55,36,0.9166666666666666,1.7222222222222223,0.38000248443477413,0.6874606166971142,0.0,-0.03186531433698807,62,-0.022020872074051512,0.25,2.386484752546066e-10,7.577765262336002e-12,0.34444119753235514,0.08039115196536493,0.765725597782665,0.29666206290774466,False
landmark25_sig_var85,25,sig,var85,CA1-DG,48,0.4583333333333333,0.9583333333333334,0.40809746324525087,0.571555422425272,0.0,-0.026015876374209053,46,48,0.75,1.6666666666666667,0.3877078032104727,0.7519965238270205,0.0,-0.000954094292147253,80,48,0.7083333333333334,1.3125,0.3872455614854716,0.6194874454528658,0.0,0.011969408427354677,63,-0.020851901759779246,0.35416666666666663,2.842170943040401e-14,5.16839481363226e-12,0.15021892581101232,0.5441216889665839,0.5652421002257548,0.3172729549187525,False
landmark25_sig_var85,25,sig,var85,CA1-RSC,48,0.5,0.6041666666666666,0.39444021122513756,0.49261598745981877,0.0,0.002578745367181412,29,48,0.5416666666666666,0.8958333333333334,0.39163831919749975,0.566668494082187,0.0,0.07441495465471569,43,48,0.4583333333333333,0.6041666666666666,0.37097433132139807,0.4964944372460609,0.0,0.07757133459957741,29,-0.023465879903739495,0.0,3.725290298461914e-09,3.725290298461914e-09,0.09005808582509914,0.9152156375348568,0.6544641703367233,0.9627890796374643,False
landmark25_sig_var85,25,sig,var85,CA1-SUB,24,0.5833333333333334,0.625,0.4043702451642312,0.5105321869930604,0.0,0.018751816493169062,15,24,0.6666666666666666,1.2083333333333333,0.4018618810474736,0.5282230036222694,0.0,0.054397193127140746,29,24,0.5416666666666666,0.8333333333333334,0.39607150462109303,0.5595582136092098,0.0,0.04246612333430473,20,-0.008298740543138172,0.20833333333333337,6.103515625e-05,1.9073486328125e-06,0.8545364813939189,0.97796630859375,0.2773551940917969,0.5374546118808793,False
landmark25_sig_var85,25,sig,var85,CA1-V1,60,0.5833333333333334,0.8,0.36153521923153886,0.534940381661443,0.0,0.0656763764354921,48,60,0.6333333333333333,0.9833333333333333,0.3283327305821213,0.4860777233297898,0.0,0.01873379140658871,59,60,0.6666666666666666,0.9833333333333333,0.34389960762462396,0.7059910393437236,0.0,-0.03775937305209223,59,-0.017635611606914903,0.18333333333333324,7.105427357601002e-15,2.3900953516978203e-11,0.07681046673202953,0.09581572393302196,0.3227684168117084,0.06600069925411105,False
landmark25_sig_var85,25,sig,var85,CA3-DG,24,0.625,1.2083333333333333,0.390236085439183,0.52062620282349,0.0,-0.056859288857956145,29,24,0.75,1.5833333333333333,0.39874781108502555,0.576825143776805,0.0,0.03142671537908013,38,24,0.875,1.9583333333333333,0.3815598110680855,0.5879990220518789,0.0,0.024290913227582516,47,-0.00867627437109747,0.75,3.725290298461914e-09,1.4210854715202004e-14,0.9914684268667788,0.23825867101550102,0.320421028219144,0.09743732357867434,False
landmark25_sig_var85,25,sig,var85,RSC-SUB,24,0.5,0.9166666666666666,0.35922447200902896,0.6902375033960433,0.0,-0.08627658322125709,22,24,0.5833333333333334,1.2916666666666667,0.37936757784188746,0.7116681688302892,0.0,0.04419632812838881,31,24,0.5833333333333334,1.5,0.34010701822857814,0.7585697365072782,0.0,0.09920879920130585,36,-0.01911745378045082,0.5833333333333334,4.76837158203125e-07,2.9103830456733704e-11,0.09090309090155727,0.9239659309387207,0.37916652829153463,0.4465409087307357,False
landmark25_sig_var85,25,sig,var85,V1-RSC,36,0.5555555555555556,1.1944444444444444,0.36787566902047153,0.9056780237765572,0.0,0.13764604699119026,43,36,0.6111111111111112,1.3888888888888888,0.39771962810973727,0.8391994517651297,0.0,0.036350821786231155,50,36,0.6666666666666666,1.1388888888888888,0.3916324587330467,0.9239353961477348,0.0,-0.008638646424250503,41,0.023756789712575166,-0.05555555555555558,2.2737367544323206e-13,9.094947017729282e-13,0.14466931486724305,0.08992955858843743,0.9693275504196208,0.20383506396539897,False
landmark25_sig_var95,25,sig,var95,CA1-CA3,36,0.7777777777777778,1.4722222222222223,0.40202335650882565,0.624435057943757,0.0,-0.059624952610578145,53,36,0.8055555555555556,1.5277777777777777,0.38107709356963904,0.6245066924444809,0.0,-0.02382854790522861,55,36,0.9166666666666666,1.7222222222222223,0.38000248443477413,0.6874606166971142,0.0,-0.03186531433698807,62,-0.022020872074051512,0.25,2.386484752546066e-10,7.577765262336002e-12,0.34444119753235514,0.08039115196536493,0.765725597782665,0.29666206290774466,False
landmark25_sig_var95,25,sig,var95,CA1-DG,48,0.4583333333333333,0.9583333333333334,0.40809746324525087,0.571555422425272,0.0,-0.026015876374209053,46,48,0.75,1.6666666666666667,0.3877078032104727,0.7519965238270205,0.0,-0.000954094292147253,80,48,0.7083333333333334,1.3125,0.3872455614854716,0.6194874454528658,0.0,0.011969408427354677,63,-0.020851901759779246,0.35416666666666663,2.842170943040401e-14,5.16839481363226e-12,0.15021892581101232,0.5441216889665839,0.5652421002257548,0.3172729549187525,False
landmark25_sig_var95,25,sig,var95,CA1-RSC,48,0.5,0.6041666666666666,0.39444021122513756,0.49261598745981877,0.0,0.002578745367181412,29,48,0.5416666666666666,0.8958333333333334,0.39163831919749975,0.566668494082187,0.0,0.07441495465471569,43,48,0.4583333333333333,0.6041666666666666,0.37097433132139807,0.4964944372460609,0.0,0.07757133459957741,29,-0.023465879903739495,0.0,3.725290298461914e-09,3.725290298461914e-09,0.09005808582509914,0.9152156375348568,0.6544641703367233,0.9627890796374643,False
landmark25_sig_var95,25,sig,var95,CA1-SUB,24,0.5833333333333334,0.625,0.4043702451642312,0.5105321869930604,0.0,0.018751816493169062,15,24,0.6666666666666666,1.2083333333333333,0.4018618810474736,0.5282230036222694,0.0,0.054397193127140746,29,24,0.5416666666666666,0.8333333333333334,0.39607150462109303,0.5595582136092098,0.0,0.04246612333430473,20,-0.008298740543138172,0.20833333333333337,6.103515625e-05,1.9073486328125e-06,0.8545364813939189,0.97796630859375,0.2773551940917969,0.5374546118808793,False
landmark25_sig_var95,25,sig,var95,CA1-V1,60,0.5833333333333334,0.8,0.36153521923153886,0.534940381661443,0.0,0.0656763764354921,48,60,0.6333333333333333,0.9833333333333333,0.3283327305821213,0.4860777233297898,0.0,0.01873379140658871,59,60,0.6666666666666666,0.9833333333333333,0.34389960762462396,0.7059910393437236,0.0,-0.03775937305209223,59,-0.017635611606914903,0.18333333333333324,7.105427357601002e-15,2.3900953516978203e-11,0.07681046673202953,0.09581572393302196,0.3227684168117084,0.06600069925411105,False
landmark25_sig_var95,25,sig,var95,CA3-DG,24,0.625,1.2083333333333333,0.390236085439183,0.52062620282349,0.0,-0.056859288857956145,29,24,0.75,1.5833333333333333,0.39874781108502555,0.576825143776805,0.0,0.03142671537908013,38,24,0.875,1.9583333333333333,0.3815598110680855,0.5879990220518789,0.0,0.024290913227582516,47,-0.00867627437109747,0.75,3.725290298461914e-09,1.4210854715202004e-14,0.9914684268667788,0.23825867101550102,0.320421028219144,0.09743732357867434,False
landmark25_sig_var95,25,sig,var95,RSC-SUB,24,0.5,0.9166666666666666,0.35922447200902896,0.6902375033960433,0.0,-0.08627658322125709,22,24,0.5833333333333334,1.2916666666666667,0.37936757784188746,0.7116681688302892,0.0,0.04419632812838881,31,24,0.5833333333333334,1.5,0.34010701822857814,0.7585697365072782,0.0,0.09920879920130585,36,-0.01911745378045082,0.5833333333333334,4.76837158203125e-07,2.9103830456733704e-11,0.09090309090155727,0.9239659309387207,0.37916652829153463,0.4465409087307357,False
landmark25_sig_var95,25,sig,var95,V1-RSC,36,0.5555555555555556,1.1944444444444444,0.36787566902047153,0.9056780237765572,0.0,0.13764604699119026,43,36,0.6111111111111112,1.3888888888888888,0.39771962810973727,0.8391994517651297,0.0,0.036350821786231155,50,36,0.6666666666666666,1.1388888888888888,0.3916324587330467,0.9239353961477348,0.0,-0.008638646424250503,41,0.023756789712575166,-0.05555555555555558,2.2737367544323206e-13,9.094947017729282e-13,0.14466931486724305,0.08992955858843743,0.9693275504196208,0.20383506396539897,False
landmark50_res_fix03,50,res,fix03,CA1-CA3,36,0.5833333333333334,0.6944444444444444,0.4968850660749844,0.6949763951132271,0.0,-0.012850207979658553,25,36,0.6666666666666666,0.8611111111111112,0.517625827201426,0.6647804626195292,0.0,0.007374385763914658,31,36,0.6111111111111112,0.75,0.5626068106668461,0.8135682139327296,0.0,-0.0034228123310365093,27,0.06572174459186175,0.05555555555555558,5.960464477539063e-08,1.4901161193847656e-08,0.11952912614379833,0.7509929537773132,0.9905734956264496,0.8979881732603695,False
landmark50_res_fix03,50,res,fix03,CA1-DG,48,0.4583333333333333,0.5,0.5145818322895102,0.7542839455290153,0.0,-0.036856978368559626,24,48,0.4583333333333333,0.6666666666666666,0.52738541915868,0.7379658703241001,0.0,0.032039757858668305,32,48,0.5625,0.7708333333333334,0.5226567226215046,0.6565184131726359,0.0,0.013531666034716394,37,0.008074890331994489,0.27083333333333337,1.1920928955078125e-07,1.4551915228366852e-11,0.9823321330519402,1.0,0.7769683328515384,0.842022779077224,False
landmark50_res_fix03,50,res,fix03,CA1-RSC,48,0.14583333333333334,0.14583333333333334,0.4281051541562553,0.6005970024784503,0.0,-0.020226228626466846,7,48,0.2916666666666667,0.3333333333333333,0.4650994303128569,0.6050129947663325,0.0,-0.054882042467283475,16,48,0.2916666666666667,0.3125,0.5043762496920751,0.6719836140789768,0.0,-0.03952935306225169,15,0.07627109553581979,0.16666666666666666,0.015625,6.103515625e-05,0.06591847265221877,0.9375,0.97796630859375,0.9999999999999998,False
landmark50_res_fix03,50,res,fix03,CA1-SUB,24,0.20833333333333334,0.25,0.542370391514645,0.5735227884148818,0.0,-0.023208151294211603,6,24,0.4166666666666667,0.4583333333333333,0.529800328802819,0.661039310131169,0.0,0.004239370689110205,11,24,0.5,0.5833333333333334,0.5200218244541379,0.6435925540622434,0.0,-0.018373353769273883,14,-0.02234856706050703,0.33333333333333337,0.03125,0.0001220703125,0.44416924664602686,0.84375,0.9515380859375,0.6589783281733748,False
landmark50_res_fix03,50,res,fix03,CA1-V1,60,0.2,0.25,0.4918474552765051,0.7760555010362057,0.0,0.2632571708980221,15,60,0.25,0.3,0.4822407976770656,0.6709964251448833,0.0,0.00219535575447106,18,60,0.16666666666666666,0.2,0.48741793315592,0.5551317448528674,0.0,0.005407565917503049,12,-0.004429522120585061,-0.04999999999999999,6.103515625e-05,0.00048828125,0.8643947798456604,0.389404296875,0.791015625,0.5100675275575344,False
landmark50_res_fix03,50,res,fix03,CA3-DG,24,0.5416666666666666,0.7083333333333334,0.48238535923229975,0.6189090770368953,0.0,0.1846806717132823,17,24,0.7916666666666666,1.0,0.5268569425735685,0.8404064736634209,0.0,-0.03817175607267523,24,24,0.7916666666666666,1.0416666666666667,0.5251124542654523,0.7432924763523808,0.0,-0.0387631064723865,25,0.04272709503315253,0.33333333333333337,1.52587890625e-05,5.960464477539063e-08,0.15872617668042444,0.10888671875,0.8948604464530945,0.07704133160902653,False
landmark50_res_fix03,50,res,fix03,RSC-SUB,24,0.3333333333333333,0.3333333333333333,0.4954911693840661,0.8371293607811253,0.0,0.11066511451759421,8,24,0.375,0.4166666666666667,0.5205150391010226,0.6955159299705947,0.0,-0.11096069878964136,10,24,0.2916666666666667,0.3333333333333333,0.5577339656016245,0.7679056784672121,0.0,-0.004310790293846532,8,0.06224279621755835,0.0,0.0078125,0.0078125,0.6453768453768453,0.640625,1.0,0.6453768453768453,False
landmark50_res_fix03,50,res,fix03,V1-RSC,36,0.3333333333333333,0.3611111111111111,0.4927344779552443,0.7569278591163255,0.0,0.15500425452831232,13,36,0.2777777777777778,0.2777777777777778,0.5426300996530442,0.8208469029156559,0.0,0.07290060696648885,10,36,0.4166666666666667,0.4722222222222222,0.4753693942347234,0.8003971842163616,0.0,-0.13344180456714586,17,-0.01736508372052087,0.1111111111111111,0.000244140625,1.52587890625e-05,0.4265068958101421,0.684814453125,0.243499755859375,0.45125071681861206,False
landmark50_res_fix05,50,res,fix05,CA1-CA3,36,0.7222222222222222,1.1388888888888888,0.5715379793274329,0.8392939712898867,0.0,-0.013547315329821652,41,36,0.7222222222222222,1.1388888888888888,0.5445932930839898,0.6846528799904449,0.0,0.057189482209154166,41,36,0.8611111111111112,1.1111111111111112,0.5543484227526163,0.8370304258830281,0.0,-0.058986516082002644,40,-0.017189556574816578,-0.02777777777777768,9.094947017729282e-13,1.8189894035458565e-12,0.3098783424564283,0.5723434113106123,0.18311741828802042,0.7805012533440785,False
landmark50_res_fix05,50,res,fix05,CA1-DG,48,0.6666666666666666,1.0625,0.5519203043530976,0.7942482569860598,0.0,0.0685318353822484,51,48,0.625,0.8541666666666666,0.5339995741979668,0.8257055396448834,0.0,0.03708628353820254,41,48,0.625,0.9791666666666666,0.5021292663785747,0.7995899496697737,0.0,-0.011032857017879951,47,-0.04979103797452289,-0.08333333333333337,5.145276051717656e-10,1.4210854715202004e-14,0.28612067117397344,0.02111773811698606,0.7892091820157958,0.17665830408616257,False
landmark50_res_fix05,50,res,fix05,CA1-RSC,48,0.3333333333333333,0.3958333333333333,0.5309408054562679,0.7076353654403477,0.0,-0.08572362987264037,19,48,0.22916666666666666,0.2708333333333333,0.5697403720916621,0.6673737792802741,0.0,0.1860406736363354,13,48,0.3125,0.4166666666666667,0.48963205204702176,0.6422005005364275,0.0,0.06362275446731148,20,-0.04130875340924611,0.02083333333333337,3.814697265625e-06,1.9073486328125e-06,0.2670618648911034,0.3320655822753906,0.6476554870605469,0.3323624528588456,False
landmark50_res_fix05,50,res,fix05,CA1-SUB,24,0.375,0.5,0.5613760814757116,0.702583346912726,0.0,-0.08699562959553926,12,24,0.5833333333333334,0.75,0.5432489310816928,0.7485938815733275,0.0,0.039689286211742586,18,24,0.4583333333333333,0.5,0.559179085658706,0.6734594802899576,0.0,0.009053591938516,12,-0.002196995817005609,0.0,0.00048828125,0.00048828125,0.7950121719642381,0.67724609375,0.791015625,0.8852339144732017,False
landmark50_res_fix05,50,res,fix05,CA1-V1,60,0.2833333333333333,0.31666666666666665,0.5260217870179658,0.6948907248570859,0.0,-0.058632280764623776,19,60,0.2833333333333333,0.31666666666666665,0.5210344913569955,0.6773245973637294,0.0,-0.08114483168799126,19,60,0.3,0.35,0.5093526945152809,0.7954950669118054,0.0,0.06570308671959366,21,-0.01666909250268489,0.033333333333333326,3.814697265625e-06,9.5367431640625e-07,0.12934192644802245,0.5412178039550781,0.9186935424804688,0.8496321822778166,False
landmark50_res_fix05,50,res,fix05,CA3-DG,24,0.625,0.9583333333333334,0.5552773997404188,0.7681343764678722,0.0,0.030856224510298503,23,24,0.875,1.5,0.5536768505947709,0.8286767095918446,0.0,0.008079036935796553,36,24,1.0,2.0416666666666665,0.5615291541739257,0.7356048479632665,0.0,-0.03866995046758306,49,0.006251754433506895,1.083333333333333,2.384185791015625e-07,3.552713678800501e-15,0.3586873146885565,0.5803380012512207,0.7005524457588166,0.6035370733401837,False
landmark50_res_fix05,50,res,fix05,RSC-SUB,24,0.375,0.4166666666666667,0.5434050546429008,0.6472519854517969,0.0,0.29570523211464633,10,24,0.5,0.6666666666666666,0.5219318727130089,0.7831872224060701,0.0,-0.06672824778735771,16,24,0.4166666666666667,0.5416666666666666,0.49577068789134937,0.725066196341253,0.0,0.05642011609660793,13,-0.047634366751551416,0.12499999999999994,0.001953125,0.000244140625,0.08810538637205476,0.083984375,0.2734375,0.22653276315984072,False
landmark50_res_fix05,50,res,fix05,V1-RSC,36,0.5277777777777778,0.6944444444444444,0.5013643292309967,0.7346526394997699,0.0,0.12820055604346997,25,36,0.2222222222222222,0.25,0.541637292505844,0.7106977838878943,0.0,0.2853779085899307,9,36,0.4444444444444444,0.5555555555555556,0.4790255106653573,0.7134128893871309,0.0,0.0369485571760588,20,-0.022338818565639407,-0.13888888888888884,5.960464477539063e-08,1.9073486328125e-06,0.45787390413750895,0.978915274143219,0.5705966949462891,0.5602561730006337,False
landmark50_res_fix10,50,res,fix10,CA1-CA3,36,0.8333333333333334,2.0555555555555554,0.554034493221355,0.999,0.013513513513513514,-0.03764807895237971,74,36,0.9166666666666666,2.1944444444444446,0.5382907206291373,0.999,0.0379746835443038,0.014556532083279134,79,36,0.9166666666666666,2.0277777777777777,0.533063595385845,0.999,0.0136986301369863,-0.07364731960629674,73,-0.020970897835509983,-0.02777777777777768,7.732733053009578e-14,1.1325002193757658e-13,0.18776134836898972,0.3611707614744546,0.031158232330392516,0.38021121731388774,False
landmark50_res_fix10,50,res,fix10,CA1-DG,48,0.875,2.0625,0.5546227100620894,0.7623600177835965,0.0,-0.023154180329466735,99,48,0.7291666666666666,1.6458333333333333,0.5663216391781727,0.7795970679145438,0.0,0.06509184844808863,79,48,0.875,1.9583333333333333,0.5438473964961941,0.7888364240221982,0.0,0.036122086560395075,94,-0.01077531356589534,-0.10416666666666674,5.697220948724935e-18,3.809731963383853e-17,0.24650568733286027,0.6984436969964295,0.4518698060064099,0.4159850778901658,False
landmark50_res_fix10,50,res,fix10,CA1-RSC,48,0.7291666666666666,1.3333333333333333,0.552527595721024,0.8376546059404156,0.0,-0.0030050492118470287,64,48,0.6666666666666666,1.2291666666666667,0.5384926935129245,0.8790491832682977,0.0,-0.0377948733627605,59,48,0.8125,1.3958333333333333,0.5247754796354087,0.8471874487102878,0.0,-0.10729894759860786,67,-0.02775211608561523,0.0625,3.5254980732707397e-12,1.119700309921998e-12,0.026307678764953015,0.8253356442371316,0.044944524304086186,0.13274939033178781,False
landmark50_res_fix10,50,res,fix10,CA1-SUB,24,0.7083333333333334,1.4166666666666667,0.5520824444706858,0.8380581503385461,0.0,-0.0654897989108288,34,24,0.7083333333333334,1.5,0.5373693792637699,0.8850913175015332,0.0,0.03516294373947253,36,24,0.625,1.1666666666666667,0.5732181562285545,0.8255164322635175,0.0,0.10667405199215277,28,0.02113571175786877,-0.25,1.1641532182693481e-10,7.450580596923828e-09,0.21063203706581146,0.5542359455721453,0.13146880269050598,0.20552226253903094,False
landmark50_res_fix10,50,res,fix10,CA1-V1,60,0.7833333333333333,1.5,0.5358902999548621,0.8670562467246907,0.0,0.04399749531656792,90,60,0.6833333333333333,1.2,0.5254797098746518,0.8049182948943487,0.0,-0.03813225148176072,72,60,0.7166666666666667,1.3,0.5246985977056217,0.9798826042922061,0.0,-0.018366975104527145,78,-0.011191702249240487,-0.19999999999999996,1.7437900167092118e-16,1.682175044870657e-14,0.08561542688818441,0.4037653303948012,0.8596521493472852,0.6075097629752666,False
landmark50_res_fix10,50,res,fix10,CA3-DG,24,0.7083333333333334,2.2083333333333335,0.5600560106303412,0.9357936803044152,0.0,0.070223209626219,53,24,0.9166666666666666,2.5416666666666665,0.5212811390871817,0.9555280634399688,0.0,0.012156939595614367,61,24,1.0,2.9583333333333335,0.5386332370612316,0.9198517931933438,0.0,0.032699365759559715,71,-0.0214227735691096,0.75,2.386484752546066e-10,2.429760002086979e-13,0.06824679624270236,0.5679973936337135,0.5512400775529677,0.9035155740680569,False
landmark50_res_fix10,50,res,fix10,RSC-SUB,24,0.625,1.1666666666666667,0.5383278858267313,0.8585196618902979,0.0,-0.015880378128167547,28,24,0.625,1.1666666666666667,0.5307415020484909,0.8332230374282602,0.0,-0.03530425498628025,28,24,0.75,1.4583333333333333,0.5186007852184222,0.9098104367426322,0.0,-0.004047242897786709,35,-0.019727100608309067,0.2916666666666665,7.450580596923828e-09,5.820766091346741e-11,0.6934227725739279,0.6781789660453796,0.9291296252049506,0.7139545537365035,False
landmark50_res_fix10,50,res,fix10,V1-RSC,36,0.6666666666666666,1.6388888888888888,0.5581538717150712,0.8681132846047753,0.0,0.07133790302761105,59,36,0.4444444444444444,0.9166666666666666,0.5096923383197873,0.8283513594454441,0.0,-0.007188361379807365,33,36,0.8611111111111112,1.6666666666666667,0.5281427865565996,0.8872607879687182,0.0,-0.07273530310789,60,-0.030011085158471618,0.0277777777777779,2.3900953516978203e-11,1.6295557943119345e-11,0.12130841356222444,0.1942008001302561,0.7853303789132676,0.29630696921347666,False
landmark50_res_fix20,50,res,fix20,CA1-CA3,36,0.8611111111111112,4.416666666666667,0.6440422120484015,0.999,0.25157232704402516,-0.029408546827222458,159,36,0.9166666666666666,4.472222222222222,0.5397951881006098,0.999,0.11801242236024845,-0.00042960338658526394,161,36,0.9722222222222222,3.888888888888889,0.5149150157846764,0.999,0.08571428571428572,-0.009731182102659835,140,-0.12912719626372515,-0.5277777777777781,6.233215883492262e-28,1.0031651977928962e-24,3.260032407138402e-06,0.005423369799249525,0.3633540584608417,0.38614233599679393,False
landmark50_res_fix20,50,res,fix20,CA1-DG,48,0.9375,5.833333333333333,0.5543119975408348,0.999,0.08928571428571429,-0.004298487306758675,280,48,0.8958333333333334,4.916666666666667,0.5434181899453612,0.999,0.1016949152542373,0.025960091104517642,236,48,0.9166666666666666,4.979166666666667,0.5433880885522338,0.999,0.0794979079497908,0.002935680842386834,239,-0.010923908988601072,-0.8541666666666661,1.1217160296638146e-47,5.788778850581828e-41,0.26239906830556226,0.7107100009759332,0.7791822454206974,0.9922691329508184,False
landmark50_res_fix20,50,res,fix20,CA1-RSC,48,0.7708333333333334,3.6041666666666665,0.5508616463796981,0.999,0.12138728323699421,0.028527778794220658,173,48,0.7708333333333334,3.1666666666666665,0.5297936149577824,0.999,0.10526315789473684,0.05572044003058513,152,48,0.8541666666666666,3.1875,0.5364152076294755,0.999,0.13725490196078433,-0.005883685376206031,153,-0.014446438750222668,-0.4166666666666665,3.754537226867849e-30,7.124259107462535e-27,0.13199061978198529,0.15751236147892222,0.37749612787413656,0.11206286339217902,False
landmark50_res_fix20,50,res,fix20,CA1-SUB,24,0.8333333333333334,4.041666666666667,0.5328799925014877,0.8876299472690621,0.0,0.055286013316602635,97,24,0.8333333333333334,3.4166666666666665,0.5306984592597338,0.999,0.036585365853658534,0.02973961457938768,82,24,0.7916666666666666,3.5833333333333335,0.5376800785967264,0.999,0.05813953488372093,0.029438978449348792,86,0.0048000860952387425,-0.4583333333333335,1.218119098708288e-17,7.97691552498857e-16,0.6738928955118022,0.30768134213124454,0.46547180199766247,0.7894508277803371,False
landmark50_res_fix20,50,res,fix20,CA1-V1,60,0.8833333333333333,6.466666666666667,0.5723072735472902,0.999,0.17525773195876287,-0.0030829703368818956,388,60,0.95,4.9,0.5372129299075473,0.999,0.11224489795918367,0.01798276113732854,294,60,0.95,5.283333333333333,0.5259892241304379,0.999,0.0946372239747634,-0.00045263193155390015,317,-0.04631804941685225,-1.1833333333333336,2.0680831942445654e-65,9.90150695720609e-54,1.7883709924467735e-05,0.7494375762612225,0.8984118053393866,0.7597884479934092,False
landmark50_res_fix20,50,res,fix20,CA3-DG,24,0.7916666666666666,5.291666666666667,0.5812168299665694,0.999,0.1889763779527559,0.009553514010270634,127,24,0.9166666666666666,4.125,0.5580450982436379,0.999,0.08080808080808081,0.004857153904903731,99,24,1.0,4.416666666666667,0.5162954252843699,0.999,0.02830188679245283,-0.012502643841796193,106,-0.06492140468219953,-0.875,1.2819408875203478e-22,3.9913688149290184e-19,5.751269870161325e-05,0.8928124983308795,0.5050116546120491,0.4889992170036799,False
landmark50_res_fix20,50,res,fix20,RSC-SUB,24,0.7916666666666666,4.875,0.578948425207016,0.999,0.13675213675213677,-0.003044052962422442,117,24,0.7916666666666666,3.125,0.5504401290026355,0.999,0.08,0.015378377437530916,75,24,0.7916666666666666,3.75,0.5722568641956132,0.999,0.18888888888888888,0.005795361132804771,90,-0.00669156101140278,-1.125,5.979589409901728e-21,1.6472748298416964e-16,0.653321257991853,0.9360509542452,0.8578951823756382,0.799522308867495,False
landmark50_res_fix20,50,res,fix20,V1-RSC,36,0.8333333333333334,5.305555555555555,0.5558089106508708,0.999,0.16230366492146597,-0.0049066917804142475,191,36,0.8055555555555556,3.6944444444444446,0.5385777532903415,0.999,0.09022556390977443,-0.002553623399612036,133,36,0.8611111111111112,3.8055555555555554,0.5512094648690977,0.999,0.1678832116788321,-0.023646035887725868,137,-0.0045994457817730705,-1.5,4.005123637710571e-33,2.962797080093578e-24,0.5182855326116362,0.47944832096499146,0.17690535561196719,0.48459202480989605,False
landmark50_res_fix30,50,res,fix30,CA1-CA3,36,0.8611111111111112,7.0,0.999,0.999,0.626984126984127,-0.0005749603211276128,252,36,0.9166666666666666,6.638888888888889,0.6514367000723161,0.999,0.4309623430962343,0.003018334792564288,239,36,0.9722222222222222,5.666666666666667,0.5696861561908109,0.999,0.37254901960784315,-0.026282363137185377,204,-0.42931384380918913,-1.333333333333333,9.916413466652527e-46,1.1638425022107904e-35,1.4684085141481311e-09,0.03391176523437918,0.09700520929480749,0.6466055214757567,True
landmark50_res_fix30,50,res,fix30,CA1-DG,48,0.9375,7.479166666666667,0.6267412057331551,0.999,0.34540389972144847,0.0,359,48,0.8958333333333334,6.729166666666667,0.5764907611323171,0.999,0.30959752321981426,0.020210617734432286,323,48,0.9166666666666666,6.416666666666667,0.5656861175239962,0.999,0.275974025974026,0.015943173888118695,308,-0.061055088209158836,-1.0625,3.605592103063595e-61,1.6233641803031417e-52,0.003770539729099011,0.8836424372167028,0.1530479854782439,0.22304039091863403,False
landmark50_res_fix30,50,res,fix30,CA1-RSC,48,0.7916666666666666,5.270833333333333,0.653902175881341,0.999,0.4505928853754941,0.0,253,48,0.7916666666666666,4.645833333333333,0.6278650903109844,0.999,0.43946188340807174,0.010110716387438304,223,48,0.8541666666666666,4.666666666666667,0.6006639079970353,0.999,0.36607142857142855,0.0,224,-0.053238267884305746,-0.6041666666666661,3.432270104848497e-44,5.899351750621165e-39,0.0196815004973334,0.5519492535290844,0.8684012232860476,0.8344327274020582,False
landmark50_res_fix30,50,res,fix30,CA1-SUB,24,0.8333333333333334,4.041666666666667,0.5328799925014877,0.8876299472690621,0.0,0.055286013316602635,97,24,0.8333333333333334,3.4166666666666665,0.5306984592597338,0.999,0.036585365853658534,0.02973961457938768,82,24,0.7916666666666666,3.7083333333333335,0.5348687804415888,0.999,0.056179775280898875,0.04341650025672758,89,0.0019887879401011554,-0.3333333333333335,1.218119098708288e-17,2.5473407814550427e-16,0.9717261147798374,0.30768134213124454,0.4454454312427233,0.7830350593320962,False
landmark50_res_fix30,50,res,fix30,CA1-V1,60,0.9,9.133333333333333,0.999,0.999,0.5091240875912408,-0.004538792559573691,548,60,0.95,7.783333333333333,0.7046701392566147,0.999,0.44967880085653106,-0.00019162078079495136,467,60,0.9666666666666667,7.783333333333333,0.5927025773039571,0.999,0.3468950749464668,0.007034011080024462,467,-0.40629742269604285,-1.3499999999999996,1.7879242474876739e-94,5.771405900238167e-79,2.9080177821365398e-09,0.013320051002056632,0.3465319320314991,0.014532627419154398,True
landmark50_res_fix30,50,res,fix30,CA3-DG,24,0.7916666666666666,8.083333333333334,0.999,0.999,0.634020618556701,0.0,194,24,0.9166666666666666,7.166666666666667,0.8793248141085674,0.999,0.47093023255813954,0.0018024210072401584,172,24,1.0,6.208333333333333,0.6203456375583782,0.999,0.4228187919463087,0.0036943866722945334,149,-0.37865436244162176,-1.8750000000000009,9.751742359169715e-36,1.1424471321938535e-26,3.2466364687133055e-05,0.5938784945462052,0.8653159541033176,0.6480629550682624,True
landmark50_res_fix30,50,res,fix30,RSC-SUB,24,0.7916666666666666,9.291666666666666,0.999,0.999,0.7892376681614349,0.009030955825586986,223,24,0.7916666666666666,6.625,0.999,0.999,0.7358490566037735,0.013134790390914721,159,24,0.8333333333333334,7.083333333333333,0.999,0.999,0.6882352941176471,0.003632267924764705,170,0.0,-2.208333333333333,1.989576951934938e-43,4.164847062748272e-32,0.008623538958267774,0.5311844349026,0.40559243920170196,0.8919847100169692,True
landmark50_res_fix30,50,res,fix30,V1-RSC,36,0.8333333333333334,9.11111111111111,0.999,0.999,0.6798780487804879,0.0,328,36,0.8055555555555556,6.777777777777778,0.999,0.999,0.7131147540983607,-0.00064865540991078,244,36,0.8611111111111112,6.888888888888889,0.999,0.999,0.6129032258064516,-0.010563679273218624,248,0.0,-2.2222222222222214,4.4499610399083585e-60,6.687936660105704e-45,0.10354756454788912,0.6106253711950476,0.04320688661795543,0.038641441196327495,True
landmark50_res_samp15,50,res,samp15,CA1-CA3,36,0.7222222222222222,1.3333333333333333,0.5548278856823652,0.8151495094034914,0.0,-0.046758172209027934,48,36,0.7777777777777778,1.3888888888888888,0.5176039582498716,0.7702601530617021,0.0,0.06820741369471653,50,36,0.9444444444444444,2.0,0.5287055976179253,0.836680890296597,0.0,-0.06531477665808957,72,-0.026122288064439836,0.6666666666666667,7.105427357601002e-15,1.6587518023763977e-13,0.1196675291301553,0.1044208094809278,0.05083508042739203,0.9423490479893124,False
landmark50_res_samp15,50,res,samp15,CA1-DG,48,0.7083333333333334,1.1666666666666667,0.5410282823580692,0.7812151208487634,0.0,0.0563102686979368,56,48,0.7708333333333334,1.4375,0.5256465021791235,0.8257055396448834,0.0,-0.009073960229779816,69,48,0.6875,1.125,0.5351222203015,0.7878388684072033,0.0,0.010345413048546213,54,-0.0059060620565691835,-0.04166666666666674,7.547498213151496e-11,1.6256984569330967e-10,0.4712260811429254,0.3524189144117005,0.8262134112544446,0.35872516837998214,False
landmark50_res_samp15,50,res,samp15,CA1-RSC,48,0.6041666666666666,0.8958333333333334,0.5189909111953904,0.7428617743278639,0.0,-0.12225608941282885,43,48,0.6041666666666666,0.7916666666666666,0.4832812750689831,0.6703206848868537,0.0,0.02777328764715838,38,48,0.6041666666666666,0.7708333333333334,0.4989837396813255,0.6218697291969464,0.0,-0.11622116083027505,37,-0.020007171514064948,-0.125,2.2737367544323206e-13,1.4551915228366852e-11,0.04272039902222539,0.32258346800858817,0.6119682093558367,0.6641172824372088,False
landmark50_res_samp15,50,res,samp15,CA1-SUB,24,0.625,1.0833333333333333,0.547954942002645,0.6714606157849234,0.0,-0.04497147558362869,26,24,0.5833333333333334,0.9166666666666666,0.5407429477266221,0.751606031271238,0.0,0.11720866772459893,22,24,0.5833333333333334,0.8333333333333334,0.5404480683698089,0.6856198174962822,0.0,0.10086120393834642,20,-0.007506873632836197,-0.2499999999999999,2.9802322387695312e-08,1.9073486328125e-06,0.5133210553447567,0.5482756793498993,0.5958194732666016,0.45790003333206075,False
landmark50_res_samp15,50,res,samp15,CA1-V1,60,0.45,0.5166666666666667,0.5073895013269647,0.7186640377795365,0.0,-0.09214103105716426,31,60,0.4,0.6,0.515732787118455,0.7011053685923988,0.0,-0.07651799661324368,36,60,0.43333333333333335,0.55,0.481613476430706,0.6706776331286302,0.0,-0.04481704534700264,33,-0.025776024896258687,0.033333333333333326,9.313225746154785e-10,2.3283064365386963e-10,0.06770199026919704,0.15165852662175894,0.3302670537959784,0.647853402387006,False
landmark50_res_samp15,50,res,samp15,CA3-DG,24,0.6666666666666666,1.2083333333333333,0.5630164294470084,0.7446703308004721,0.0,0.14634159000734018,29,24,0.875,1.5833333333333333,0.5116589317602378,0.8075441676007225,0.0,0.02742785403255696,38,24,1.0,2.2083333333333335,0.5470826562208032,0.8427805152838872,0.0,0.017701207765380724,53,-0.01593377322620515,1.0000000000000002,3.725290298461914e-09,2.386484752546066e-10,0.35181342730770715,0.09633177518844604,0.9470627659578066,0.10119565928280227,False
landmark50_res_samp15,50,res,samp15,RSC-SUB,24,0.5,0.6666666666666666,0.5466792290842185,0.8495923798006974,0.0,-0.16338501510633716,16,24,0.5,0.875,0.5107800101521355,0.6920278753706564,0.0,-0.2032568103017779,21,24,0.5833333333333334,0.8333333333333334,0.5044622095304945,0.9056077764346087,0.0,0.009125708534316037,20,-0.04221701955372403,0.16666666666666674,3.0517578125e-05,1.9073486328125e-06,0.3315534209342924,0.668548583984375,0.8694877624511719,0.3988668233382736,False
landmark50_res_samp15,50,res,samp15,V1-RSC,36,0.5277777777777778,0.7222222222222222,0.5170393422642386,0.6543258414362803,0.0,0.050147445172843565,26,36,0.4444444444444444,0.6111111111111112,0.49215026100135245,0.6784281589900887,0.0,0.009264273230886189,22,36,0.5555555555555556,0.8055555555555556,0.4957811264126756,0.8242953212135142,0.0,0.028784542243487594,29,-0.021258215851563067,0.08333333333333337,2.9802322387695312e-08,3.725290298461914e-09,0.4040103331136494,0.9006587266921997,0.5503522604703903,0.7808894390910125,False
landmark50_res_samp25,50,res,samp25,CA1-CA3,36,0.5,0.6944444444444444,0.5055959148849183,0.761295974840938,0.0,-0.04790159082123632,25,36,0.6666666666666666,0.9722222222222222,0.5277855055862021,0.712360551657029,0.0,0.017717254663378645,35,36,0.7222222222222222,0.9444444444444444,0.5187707600440241,0.8135682139327296,0.0,-0.026472353545961308,34,0.01317484515910583,0.25,5.960464477539063e-08,1.1641532182693481e-10,0.6073453007159823,0.457846462726593,0.35160549916327,0.8841397891731075,False
landmark50_res_samp25,50,res,samp25,CA1-DG,48,0.5,0.5833333333333334,0.516767456852499,0.7542839455290153,0.0,-0.0030747028660174066,28,48,0.6458333333333334,0.9166666666666666,0.5222039616313161,0.7338062835149322,0.0,0.08748455947996689,44,48,0.6041666666666666,0.8125,0.5214840858573438,0.6924709498950229,0.0,0.07752374780821622,39,0.004716629004844819,0.22916666666666663,7.450580596923828e-09,3.637978807091713e-12,0.974646856478701,0.9374814853072166,0.06609810993541032,0.3371658352153153,False
landmark50_res_samp25,50,res,samp25,CA1-RSC,48,0.14583333333333334,0.14583333333333334,0.4166516472691822,0.49897461604494003,0.0,-0.020226228626466846,7,48,0.3958333333333333,0.4166666666666667,0.5053616696722187,0.6257565638648175,0.0,0.06908062991760683,20,48,0.2916666666666667,0.3333333333333333,0.5013722820485369,0.6177446081940212,0.0,-0.12098205019237943,16,0.08472063477935471,0.18749999999999997,0.015625,3.0517578125e-05,0.002675836300819475,0.6875,0.528167724609375,0.5345880395012177,False
landmark50_res_samp25,50,res,samp25,CA1-SUB,24,0.2916666666666667,0.375,0.5248178409165111,0.605184365029353,0.0,-0.054130657644119964,9,24,0.5,0.6666666666666666,0.5131123344235303,0.7346030919323232,0.0,0.023495839355872426,16,24,0.5416666666666666,0.5833333333333334,0.5099281634448125,0.6126104263463926,0.0,-0.19990575782452366,14,-0.01488967747169856,0.20833333333333337,0.00390625,0.0001220703125,0.5923389514686113,0.8203125,0.090576171875,0.2438609777952615,False
landmark50_res_samp25,50,res,samp25,CA1-V1,60,0.21666666666666667,0.2833333333333333,0.4929635582031564,0.6505628905656451,0.0,0.1006051400484315,17,60,0.3,0.35,0.5071583266737206,0.7141160766088809,0.0,-0.04188999355647494,21,60,0.25,0.3,0.4916768161210521,0.677139666848093,0.0,0.10783697429794631,18,-0.0012867420821043307,0.016666666666666663,1.52587890625e-05,7.62939453125e-06,0.7289281824361975,0.7118988037109375,0.2645263671875,0.9080351775313281,False
landmark50_res_samp25,50,res,samp25,CA3-DG,24,0.5,0.7083333333333334,0.48238535923229975,0.6007276821880132,0.0,0.1701329031654188,17,24,0.875,1.2083333333333333,0.5354004936053032,0.83734688347997,0.0,0.007765714360516728,29,24,0.9166666666666666,1.6666666666666667,0.5148723372210555,0.7131438595024342,0.0,0.05994192118796514,40,0.03248697798875577,0.9583333333333334,1.52587890625e-05,1.8189894035458565e-12,0.11048027943020164,0.030517578125,0.443733318028535,0.06573290840792784,False
landmark50_res_samp25,50,res,samp25,RSC-SUB,24,0.2916666666666667,0.3333333333333333,0.48101018588623756,0.8667987085011323,0.0,0.11066511451759421,8,24,0.4166666666666667,0.4583333333333333,0.5148633299173255,0.6955159299705947,0.0,0.23532971332778574,11,24,0.4583333333333333,0.7083333333333334,0.4943500861757756,0.6138269837797539,0.0,0.05642011609660793,17,0.01333990028953802,0.37500000000000006,0.0078125,1.52587890625e-05,0.9318909923028919,0.4609375,0.5790557861328125,0.5875117305780921,False
landmark50_res_samp25,50,res,samp25,V1-RSC,36,0.25,0.2777777777777778,0.49082099675061225,0.6053654608948837,0.0,0.30275235854526983,10,36,0.3333333333333333,0.4166666666666667,0.548237970159677,0.7260151815894721,0.0,-0.029076546713506474,15,36,0.3333333333333333,0.4166666666666667,0.4760235654359864,0.6789863967622939,0.0,0.0385974144526214,15,-0.014797431314625853,0.1388888888888889,0.001953125,6.103515625e-05,0.4539504737647142,0.037109375,0.67877197265625,0.17414168321504309,False
landmark50_res_samp40,50,res,samp40,CA1-CA3,36,0.3611111111111111,0.4166666666666667,0.5120224512566404,0.6511205671238629,0.0,-0.025660555412222306,15,36,0.5833333333333334,0.6944444444444444,0.4796158328516803,0.6842924834137453,0.0,0.017926424957205735,25,36,0.5555555555555556,0.6111111111111112,0.5550175153624631,0.6651476496047919,0.0,-0.07194240630058762,22,0.04299506410582277,0.19444444444444448,6.103515625e-05,4.76837158203125e-07,0.6097587992244251,0.97796630859375,0.9746217727661133,0.9383562304304884,False
landmark50_res_samp40,50,res,samp40,CA1-DG,48,0.2708333333333333,0.2708333333333333,0.47217907713092316,0.6023624060366392,0.0,-0.06431724726565613,13,48,0.4375,0.4583333333333333,0.4847132434839305,0.7015292490805252,0.0,-0.0034052006562776717,22,48,0.5,0.6458333333333334,0.4973279926560131,0.6683068451872229,0.0,-0.06800066254363106,31,0.02514891552508991,0.37500000000000006,0.000244140625,9.313225746154785e-10,0.35442009873324676,0.497314453125,0.5682233804836869,0.9180467643346037,False
landmark50_res_samp40,50,res,samp40,CA1-RSC,48,0.16666666666666666,0.16666666666666666,0.448185609222155,0.6690232735833851,0.0,0.018538790236850983,8,48,0.22916666666666666,0.25,0.4115981691386297,0.6044179073258572,0.0,0.07919034700779604,12,48,0.14583333333333334,0.14583333333333334,0.44043269378579725,0.4974632853460411,0.0,-0.1617077280794858,7,-0.007752915436357755,-0.020833333333333315,0.0078125,0.015625,0.6125874125874127,1.0,0.578125,0.778865578865579,False
landmark50_res_samp40,50,res,samp40,CA1-SUB,24,0.16666666666666666,0.16666666666666666,0.4769053858541067,0.6002910365158547,0.0,0.14279632065844378,4,24,0.25,0.25,0.5182809798960495,0.5538093119943512,0.0,0.03630814258169007,6,24,0.375,0.4166666666666667,0.5141585240278072,0.6423166589782062,0.0,-0.04124406421154198,10,0.03725313817370046,0.25,nan,0.001953125,0.4535464535464536,nan,0.845703125,0.7332667332667333,False
landmark50_res_samp40,50,res,samp40,CA1-V1,60,0.16666666666666666,0.18333333333333332,0.46183710438357806,0.6699605317530537,0.0,0.1662923632327308,11,60,0.16666666666666666,0.18333333333333332,0.4843644406263987,0.5458694864134006,0.0,0.013103797260757796,11,60,0.11666666666666667,0.11666666666666667,0.3945321589665431,0.49879610031503263,0.0,0.5600161783964144,7,-0.06730494541703497,-0.06666666666666665,0.0009765625,0.015625,0.10419808949220714,0.3203125,0.296875,0.17911010558069382,False
landmark50_res_samp40,50,res,samp40,CA3-DG,24,0.2916666666666667,0.2916666666666667,0.45478189979578965,0.5492895191884447,0.0,-0.0454045963095694,7,24,0.75,0.875,0.5182501342301229,0.8433756426717036,0.0,0.029220856440808275,21,24,0.5833333333333334,0.7916666666666666,0.5436617188598047,0.6535020628831769,0.0,-0.0186614598469949,19,0.0888798190640151,0.49999999999999994,0.015625,3.814697265625e-06,0.15157190635451503,0.578125,0.6225624084472656,0.6108452417148068,False
landmark50_res_samp40,50,res,samp40,RSC-SUB,24,0.20833333333333334,0.20833333333333334,0.5059878905494255,0.8570474808098951,0.0,-0.031826229063710715,5,24,0.2916666666666667,0.375,0.47646152226661165,0.6125140553917946,0.0,-0.11263154522411263,9,24,0.08333333333333333,0.125,0.4174427185033309,0.7679056784672121,0.0,-0.0565908277126201,3,-0.08854517204609458,-0.08333333333333334,nan,nan,0.39285714285714285,nan,nan,0.7857142857142857,False
landmark50_res_samp40,50,res,samp40,V1-RSC,36,0.16666666666666666,0.16666666666666666,0.49646433517211846,0.7411023979841816,0.0,-0.14515540719814138,6,36,0.2222222222222222,0.2222222222222222,0.4932765011737349,0.7275316151573707,0.0,0.1822851422873235,8,36,0.2777777777777778,0.3055555555555556,0.4210920327995189,0.6219899661661864,0.0,-0.0932834225236986,11,-0.07537230237259956,0.13888888888888892,0.03125,0.0009765625,0.12152553329023917,0.4375,0.7646484375,0.9612152553329023,False
landmark50_res_var75,50,res,var75,CA1-CA3,36,0.8611111111111112,7.0,0.999,0.999,0.626984126984127,-0.0005749603211276128,252,36,0.9166666666666666,6.638888888888889,0.6514367000723161,0.999,0.4309623430962343,0.003018334792564288,239,36,0.9722222222222222,5.666666666666667,0.5696861561908109,0.999,0.37254901960784315,-0.026282363137185377,204,-0.42931384380918913,-1.333333333333333,9.916413466652527e-46,1.1638425022107904e-35,1.4684085141481311e-09,0.03391176523437918,0.09700520929480749,0.6466055214757567,True
landmark50_res_var75,50,res,var75,CA1-DG,48,0.9375,7.479166666666667,0.6267412057331551,0.999,0.34540389972144847,0.0,359,48,0.8958333333333334,6.729166666666667,0.5764907611323171,0.999,0.30959752321981426,0.020210617734432286,323,48,0.9166666666666666,6.416666666666667,0.5656861175239962,0.999,0.275974025974026,0.015943173888118695,308,-0.061055088209158836,-1.0625,3.605592103063595e-61,1.6233641803031417e-52,0.003770539729099011,0.8836424372167028,0.1530479854782439,0.22304039091863403,False
landmark50_res_var75,50,res,var75,CA1-RSC,48,0.7916666666666666,5.270833333333333,0.653902175881341,0.999,0.4505928853754941,0.0,253,48,0.7916666666666666,4.645833333333333,0.6278650903109844,0.999,0.43946188340807174,0.010110716387438304,223,48,0.8541666666666666,4.666666666666667,0.6006639079970353,0.999,0.36607142857142855,0.0,224,-0.053238267884305746,-0.6041666666666661,3.432270104848497e-44,5.899351750621165e-39,0.0196815004973334,0.5519492535290844,0.8684012232860476,0.8344327274020582,False
landmark50_res_var75,50,res,var75,CA1-SUB,24,0.8333333333333334,4.041666666666667,0.5328799925014877,0.8876299472690621,0.0,0.055286013316602635,97,24,0.8333333333333334,3.4166666666666665,0.5306984592597338,0.999,0.036585365853658534,0.02973961457938768,82,24,0.7916666666666666,3.7083333333333335,0.5348687804415888,0.999,0.056179775280898875,0.04341650025672758,89,0.0019887879401011554,-0.3333333333333335,1.218119098708288e-17,2.5473407814550427e-16,0.9717261147798374,0.30768134213124454,0.4454454312427233,0.7830350593320962,False
landmark50_res_var75,50,res,var75,CA1-V1,60,0.9,9.133333333333333,0.999,0.999,0.5091240875912408,-0.004538792559573691,548,60,0.95,7.783333333333333,0.7046701392566147,0.999,0.44967880085653106,-0.00019162078079495136,467,60,0.9666666666666667,7.783333333333333,0.5927025773039571,0.999,0.3468950749464668,0.007034011080024462,467,-0.40629742269604285,-1.3499999999999996,1.7879242474876739e-94,5.771405900238167e-79,2.9080177821365398e-09,0.013320051002056632,0.3465319320314991,0.014532627419154398,True
landmark50_res_var75,50,res,var75,CA3-DG,24,0.7916666666666666,8.083333333333334,0.999,0.999,0.634020618556701,0.0,194,24,0.9166666666666666,7.166666666666667,0.8793248141085674,0.999,0.47093023255813954,0.0018024210072401584,172,24,1.0,6.208333333333333,0.6203456375583782,0.999,0.4228187919463087,0.0036943866722945334,149,-0.37865436244162176,-1.8750000000000009,9.751742359169715e-36,1.1424471321938535e-26,3.2466364687133055e-05,0.5938784945462052,0.8653159541033176,0.6480629550682624,True
landmark50_res_var75,50,res,var75,RSC-SUB,24,0.7916666666666666,9.291666666666666,0.999,0.999,0.7892376681614349,0.009030955825586986,223,24,0.7916666666666666,6.625,0.999,0.999,0.7358490566037735,0.013134790390914721,159,24,0.8333333333333334,7.083333333333333,0.999,0.999,0.6882352941176471,0.003632267924764705,170,0.0,-2.208333333333333,1.989576951934938e-43,4.164847062748272e-32,0.008623538958267774,0.5311844349026,0.40559243920170196,0.8919847100169692,True
landmark50_res_var75,50,res,var75,V1-RSC,36,0.8333333333333334,9.11111111111111,0.999,0.999,0.6798780487804879,0.0,328,36,0.8055555555555556,6.777777777777778,0.999,0.999,0.7131147540983607,-0.00064865540991078,244,36,0.8611111111111112,6.888888888888889,0.999,0.999,0.6129032258064516,-0.010563679273218624,248,0.0,-2.2222222222222214,4.4499610399083585e-60,6.687936660105704e-45,0.10354756454788912,0.6106253711950476,0.04320688661795543,0.038641441196327495,True
landmark50_res_var85,50,res,var85,CA1-CA3,36,0.8611111111111112,7.0,0.999,0.999,0.626984126984127,-0.0005749603211276128,252,36,0.9166666666666666,6.638888888888889,0.6514367000723161,0.999,0.4309623430962343,0.003018334792564288,239,36,0.9722222222222222,5.666666666666667,0.5696861561908109,0.999,0.37254901960784315,-0.026282363137185377,204,-0.42931384380918913,-1.333333333333333,9.916413466652527e-46,1.1638425022107904e-35,1.4684085141481311e-09,0.03391176523437918,0.09700520929480749,0.6466055214757567,True
landmark50_res_var85,50,res,var85,CA1-DG,48,0.9375,7.479166666666667,0.6267412057331551,0.999,0.34540389972144847,0.0,359,48,0.8958333333333334,6.729166666666667,0.5764907611323171,0.999,0.30959752321981426,0.020210617734432286,323,48,0.9166666666666666,6.416666666666667,0.5656861175239962,0.999,0.275974025974026,0.015943173888118695,308,-0.061055088209158836,-1.0625,3.605592103063595e-61,1.6233641803031417e-52,0.003770539729099011,0.8836424372167028,0.1530479854782439,0.22304039091863403,False
landmark50_res_var85,50,res,var85,CA1-RSC,48,0.7916666666666666,5.270833333333333,0.653902175881341,0.999,0.4505928853754941,0.0,253,48,0.7916666666666666,4.645833333333333,0.6278650903109844,0.999,0.43946188340807174,0.010110716387438304,223,48,0.8541666666666666,4.666666666666667,0.6006639079970353,0.999,0.36607142857142855,0.0,224,-0.053238267884305746,-0.6041666666666661,3.432270104848497e-44,5.899351750621165e-39,0.0196815004973334,0.5519492535290844,0.8684012232860476,0.8344327274020582,False
landmark50_res_var85,50,res,var85,CA1-SUB,24,0.8333333333333334,4.041666666666667,0.5328799925014877,0.8876299472690621,0.0,0.055286013316602635,97,24,0.8333333333333334,3.4166666666666665,0.5306984592597338,0.999,0.036585365853658534,0.02973961457938768,82,24,0.7916666666666666,3.7083333333333335,0.5348687804415888,0.999,0.056179775280898875,0.04341650025672758,89,0.0019887879401011554,-0.3333333333333335,1.218119098708288e-17,2.5473407814550427e-16,0.9717261147798374,0.30768134213124454,0.4454454312427233,0.7830350593320962,False
landmark50_res_var85,50,res,var85,CA1-V1,60,0.9,9.133333333333333,0.999,0.999,0.5091240875912408,-0.004538792559573691,548,60,0.95,7.783333333333333,0.7046701392566147,0.999,0.44967880085653106,-0.00019162078079495136,467,60,0.9666666666666667,7.783333333333333,0.5927025773039571,0.999,0.3468950749464668,0.007034011080024462,467,-0.40629742269604285,-1.3499999999999996,1.7879242474876739e-94,5.771405900238167e-79,2.9080177821365398e-09,0.013320051002056632,0.3465319320314991,0.014532627419154398,True
landmark50_res_var85,50,res,var85,CA3-DG,24,0.7916666666666666,8.083333333333334,0.999,0.999,0.634020618556701,0.0,194,24,0.9166666666666666,7.166666666666667,0.8793248141085674,0.999,0.47093023255813954,0.0018024210072401584,172,24,1.0,6.208333333333333,0.6203456375583782,0.999,0.4228187919463087,0.0036943866722945334,149,-0.37865436244162176,-1.8750000000000009,9.751742359169715e-36,1.1424471321938535e-26,3.2466364687133055e-05,0.5938784945462052,0.8653159541033176,0.6480629550682624,True
landmark50_res_var85,50,res,var85,RSC-SUB,24,0.7916666666666666,9.291666666666666,0.999,0.999,0.7892376681614349,0.009030955825586986,223,24,0.7916666666666666,6.625,0.999,0.999,0.7358490566037735,0.013134790390914721,159,24,0.8333333333333334,7.083333333333333,0.999,0.999,0.6882352941176471,0.003632267924764705,170,0.0,-2.208333333333333,1.989576951934938e-43,4.164847062748272e-32,0.008623538958267774,0.5311844349026,0.40559243920170196,0.8919847100169692,True
landmark50_res_var85,50,res,var85,V1-RSC,36,0.8333333333333334,9.11111111111111,0.999,0.999,0.6798780487804879,0.0,328,36,0.8055555555555556,6.777777777777778,0.999,0.999,0.7131147540983607,-0.00064865540991078,244,36,0.8611111111111112,6.888888888888889,0.999,0.999,0.6129032258064516,-0.010563679273218624,248,0.0,-2.2222222222222214,4.4499610399083585e-60,6.687936660105704e-45,0.10354756454788912,0.6106253711950476,0.04320688661795543,0.038641441196327495,True
landmark50_res_var95,50,res,var95,CA1-CA3,36,0.8611111111111112,7.0,0.999,0.999,0.626984126984127,-0.0005749603211276128,252,36,0.9166666666666666,6.638888888888889,0.6514367000723161,0.999,0.4309623430962343,0.003018334792564288,239,36,0.9722222222222222,5.666666666666667,0.5696861561908109,0.999,0.37254901960784315,-0.026282363137185377,204,-0.42931384380918913,-1.333333333333333,9.916413466652527e-46,1.1638425022107904e-35,1.4684085141481311e-09,0.03391176523437918,0.09700520929480749,0.6466055214757567,True
landmark50_res_var95,50,res,var95,CA1-DG,48,0.9375,7.479166666666667,0.6267412057331551,0.999,0.34540389972144847,0.0,359,48,0.8958333333333334,6.729166666666667,0.5764907611323171,0.999,0.30959752321981426,0.020210617734432286,323,48,0.9166666666666666,6.416666666666667,0.5656861175239962,0.999,0.275974025974026,0.015943173888118695,308,-0.061055088209158836,-1.0625,3.605592103063595e-61,1.6233641803031417e-52,0.003770539729099011,0.8836424372167028,0.1530479854782439,0.22304039091863403,False
landmark50_res_var95,50,res,var95,CA1-RSC,48,0.7916666666666666,5.270833333333333,0.653902175881341,0.999,0.4505928853754941,0.0,253,48,0.7916666666666666,4.645833333333333,0.6278650903109844,0.999,0.43946188340807174,0.010110716387438304,223,48,0.8541666666666666,4.666666666666667,0.6006639079970353,0.999,0.36607142857142855,0.0,224,-0.053238267884305746,-0.6041666666666661,3.432270104848497e-44,5.899351750621165e-39,0.0196815004973334,0.5519492535290844,0.8684012232860476,0.8344327274020582,False
landmark50_res_var95,50,res,var95,CA1-SUB,24,0.8333333333333334,4.041666666666667,0.5328799925014877,0.8876299472690621,0.0,0.055286013316602635,97,24,0.8333333333333334,3.4166666666666665,0.5306984592597338,0.999,0.036585365853658534,0.02973961457938768,82,24,0.7916666666666666,3.7083333333333335,0.5348687804415888,0.999,0.056179775280898875,0.04341650025672758,89,0.0019887879401011554,-0.3333333333333335,1.218119098708288e-17,2.5473407814550427e-16,0.9717261147798374,0.30768134213124454,0.4454454312427233,0.7830350593320962,False
landmark50_res_var95,50,res,var95,CA1-V1,60,0.9,9.133333333333333,0.999,0.999,0.5091240875912408,-0.004538792559573691,548,60,0.95,7.783333333333333,0.7046701392566147,0.999,0.44967880085653106,-0.00019162078079495136,467,60,0.9666666666666667,7.783333333333333,0.5927025773039571,0.999,0.3468950749464668,0.007034011080024462,467,-0.40629742269604285,-1.3499999999999996,1.7879242474876739e-94,5.771405900238167e-79,2.9080177821365398e-09,0.013320051002056632,0.3465319320314991,0.014532627419154398,True
landmark50_res_var95,50,res,var95,CA3-DG,24,0.7916666666666666,8.083333333333334,0.999,0.999,0.634020618556701,0.0,194,24,0.9166666666666666,7.166666666666667,0.8793248141085674,0.999,0.47093023255813954,0.0018024210072401584,172,24,1.0,6.208333333333333,0.6203456375583782,0.999,0.4228187919463087,0.0036943866722945334,149,-0.37865436244162176,-1.8750000000000009,9.751742359169715e-36,1.1424471321938535e-26,3.2466364687133055e-05,0.5938784945462052,0.8653159541033176,0.6480629550682624,True
landmark50_res_var95,50,res,var95,RSC-SUB,24,0.7916666666666666,9.291666666666666,0.999,0.999,0.7892376681614349,0.009030955825586986,223,24,0.7916666666666666,6.625,0.999,0.999,0.7358490566037735,0.013134790390914721,159,24,0.8333333333333334,7.083333333333333,0.999,0.999,0.6882352941176471,0.003632267924764705,170,0.0,-2.208333333333333,1.989576951934938e-43,4.164847062748272e-32,0.008623538958267774,0.5311844349026,0.40559243920170196,0.8919847100169692,True
landmark50_res_var95,50,res,var95,V1-RSC,36,0.8333333333333334,9.11111111111111,0.999,0.999,0.6798780487804879,0.0,328,36,0.8055555555555556,6.777777777777778,0.999,0.999,0.7131147540983607,-0.00064865540991078,244,36,0.8611111111111112,6.888888888888889,0.999,0.999,0.6129032258064516,-0.010563679273218624,248,0.0,-2.2222222222222214,4.4499610399083585e-60,6.687936660105704e-45,0.10354756454788912,0.6106253711950476,0.04320688661795543,0.038641441196327495,True
landmark50_sig_fix03,50,sig,fix03,CA1-CA3,36,0.4444444444444444,0.5,0.5399906308856166,0.6998595366312012,0.0,0.01928548507888713,18,36,0.5277777777777778,0.6388888888888888,0.5148309573054204,0.6925502312468745,0.0,0.05115365656449962,23,36,0.5555555555555556,0.75,0.5203927521619054,0.749867430577073,0.0,-0.06388324801201264,27,-0.019597878723711215,0.25,7.62939453125e-06,1.4901161193847656e-08,0.6514265926479318,0.8650436401367188,0.29008127748966217,0.5546605733390789,False
landmark50_sig_fix03,50,sig,fix03,CA1-DG,48,0.3541666666666667,0.4791666666666667,0.5320350852355319,0.7603484089397617,0.0,0.03341726503313704,23,48,0.4166666666666667,0.5208333333333334,0.5065335961862407,0.723755285075821,0.0,-0.0069082312589184664,25,48,0.5,0.6041666666666666,0.4703081470506539,0.6673743168812352,0.0,-0.03220870874704392,29,-0.06172693818487801,0.12499999999999994,2.384185791015625e-07,3.725290298461914e-09,0.0709845464975456,0.8229274749755859,0.4548785090446472,0.712511657356875,False
landmark50_sig_fix03,50,sig,fix03,CA1-RSC,48,0.08333333333333333,0.08333333333333333,0.46149175015955657,0.5315750329199957,0.0,-0.6514576958732954,4,48,0.25,0.25,0.46883238315015086,0.5976722382695023,0.0,-0.07716694602497917,12,48,0.16666666666666666,0.16666666666666666,0.44281625159309235,0.5403569362151609,0.0,0.3832502384018912,8,-0.01867549856646422,0.08333333333333333,nan,0.0078125,0.8080808080808081,nan,0.078125,0.04848484848484849,False
landmark50_sig_fix03,50,sig,fix03,CA1-SUB,24,0.16666666666666666,0.16666666666666666,0.5601726448400878,0.6085717920335567,0.0,0.18155639316765154,4,24,0.375,0.5,0.5071704313494154,0.6434170555812577,0.0,-0.01406178503953444,12,24,0.4166666666666667,0.5,0.5060421968757762,0.653095865641243,0.0,-0.14651608960717888,12,-0.054130447964311545,0.33333333333333337,nan,0.00048828125,0.7703296703296703,nan,0.6220703125,0.4461538461538461,False
landmark50_sig_fix03,50,sig,fix03,CA1-V1,60,0.1,0.1,0.4613366295698795,0.529288317679963,0.0,0.16237029657808152,6,60,0.18333333333333332,0.2,0.4805006538993082,0.660926017293505,0.0,-0.12590852973246583,12,60,0.13333333333333333,0.13333333333333333,0.45406766881929117,0.764594380322764,0.0,0.14152219671910882,8,-0.007268960750588305,0.033333333333333326,0.03125,0.0078125,0.662004662004662,0.5625,0.3828125,0.7545787545787546,False
landmark50_sig_fix03,50,sig,fix03,CA3-DG,24,0.4583333333333333,0.4583333333333333,0.5017331558603957,0.6188271094537724,0.0,0.07258941891728256,11,24,0.625,0.8333333333333334,0.5186052718580301,0.6211265748274105,0.0,-0.041893874029722174,20,24,0.8333333333333334,1.125,0.5189836293074298,0.7588694728974373,0.0,-0.06972181888961135,27,0.01725047344703412,0.6666666666666667,0.0009765625,1.4901161193847656e-08,0.6065589460724163,0.123046875,0.4698396325111389,0.10068631071603046,False
landmark50_sig_fix03,50,sig,fix03,RSC-SUB,24,0.20833333333333334,0.25,0.48258925162268285,0.5923656693547815,0.0,0.17908483155346777,6,24,0.4583333333333333,0.4583333333333333,0.5328748757073957,0.7626995056154402,0.0,-0.14316588986075918,11,24,0.20833333333333334,0.25,0.6164014841103314,0.7343947844290121,0.0,0.07934866275295205,6,0.1338122324876485,0.0,0.03125,0.03125,0.17965367965367965,0.5625,0.4375,1.0,False
landmark50_sig_fix03,50,sig,fix03,V1-RSC,36,0.3888888888888889,0.3888888888888889,0.5153497464957973,0.8933979617516336,0.0,0.04416118146999204,14,36,0.5,0.5833333333333334,0.5782780171214799,0.8269873696122195,0.0,0.20570662116814625,21,36,0.4166666666666667,0.4722222222222222,0.6164769838724783,0.9311354585146192,0.0,0.05110377306373225,17,0.10112723737668095,0.08333333333333331,0.0001220703125,1.52587890625e-05,0.512497079202056,0.9031982421875,0.4585723876953125,0.735814797438752,False
landmark50_sig_fix05,50,sig,fix05,CA1-CA3,36,0.5833333333333334,0.6944444444444444,0.5579396137577998,0.7180843648997324,0.0,0.02257758154856848,25,36,0.7777777777777778,1.1111111111111112,0.5069717075636017,0.7048713321824953,0.0,0.04601785926941749,40,36,0.6944444444444444,0.8611111111111112,0.5298955549189768,0.8051440546257391,0.0,-0.014453073979566806,31,-0.028044058838822994,0.16666666666666674,5.960464477539063e-08,9.313225746154785e-10,0.3914177667227643,0.49078595638275146,0.2989572202786803,0.2103476089614249,False
landmark50_sig_fix05,50,sig,fix05,CA1-DG,48,0.4583333333333333,0.6666666666666666,0.5404787218074647,0.6733722295494832,0.0,-0.039594517455373665,32,48,0.5833333333333334,0.7083333333333334,0.5251865145918668,0.7278914387246542,0.0,0.05419137281416732,34,48,0.5416666666666666,0.7291666666666666,0.5601240770665671,0.6873578342451959,0.0,-0.07920537552786643,35,0.01964535525910238,0.0625,4.656612873077393e-10,5.820766091346741e-11,0.41097279293444955,0.7052542311139405,0.2317970542353578,0.4781934062899805,False
landmark50_sig_fix05,50,sig,fix05,CA1-RSC,48,0.16666666666666666,0.16666666666666666,0.51193488788074,0.6448156418786093,0.0,-0.2467862054094046,8,48,0.2916666666666667,0.2916666666666667,0.5250753090751696,0.6364910574959147,0.0,-0.00200377324902469,14,48,0.2708333333333333,0.2916666666666667,0.49721223286422395,0.5920573473461854,0.0,-0.04740847131342259,14,-0.014722655016516095,0.12500000000000003,0.0078125,0.0001220703125,0.23823998498921103,0.1484375,0.5416259765625,0.4821715608093317,False
landmark50_sig_fix05,50,sig,fix05,CA1-SUB,24,0.2916666666666667,0.375,0.5341031606637656,0.6085717920335567,0.0,0.2424706030007514,9,24,0.3333333333333333,0.375,0.5901246617744648,0.6435168344617324,0.0,-0.009575529017299403,9,24,0.4583333333333333,0.625,0.5360983793868253,0.7024378052354736,0.0,0.005299105205080442,15,0.001995218723059633,0.25,0.00390625,6.103515625e-05,0.6763863260009093,0.1640625,0.97796630859375,0.2572389851810263,False
landmark50_sig_fix05,50,sig,fix05,CA1-V1,60,0.2833333333333333,0.35,0.49406278928905034,0.5968362429148135,0.0,0.17911222472570168,21,60,0.3,0.3333333333333333,0.515866329406959,0.6481992067934939,0.0,-0.01279082477986387,20,60,0.23333333333333334,0.26666666666666666,0.5239018087880454,0.7965168825785456,0.0,-0.11543458290827198,16,0.029839019498995034,-0.08333333333333331,9.5367431640625e-07,3.0517578125e-05,0.22591449316010714,0.8648872375488281,0.433197021484375,0.6129690071590179,False
landmark50_sig_fix05,50,sig,fix05,CA3-DG,24,0.5,0.625,0.5603463418403107,0.6806904093603219,0.0,0.07258941891728256,15,24,0.75,1.1666666666666667,0.5484360519437486,0.7089451555089115,0.0,-0.020982702607447078,28,24,0.9583333333333334,1.5833333333333333,0.5272192590661445,0.7030919447556162,0.0,0.00915149789706256,38,-0.033127082774166206,0.9583333333333333,6.103515625e-05,7.275957614183426e-12,0.44714636477124614,0.42120361328125,0.7633568994206144,0.6146152080675783,False
landmark50_sig_fix05,50,sig,fix05,RSC-SUB,24,0.20833333333333334,0.2916666666666667,0.49954003251637935,0.6079011841067115,0.0,-0.21051709070908975,7,24,0.4166666666666667,0.5416666666666666,0.5734737317114925,0.7679258507426125,0.0,-0.052310017971836216,13,24,0.4166666666666667,0.5416666666666666,0.5526285074459245,0.7215671815945746,0.0,-0.06589439734276067,13,0.05308847492954516,0.24999999999999994,0.015625,0.000244140625,0.24135706914344687,0.21875,0.946044921875,0.5355521155830754,False
landmark50_sig_fix05,50,sig,fix05,V1-RSC,36,0.5,0.6388888888888888,0.5580153999143859,0.8866593957081539,0.0,-0.025904767524246752,23,36,0.4722222222222222,0.5277777777777778,0.6034986288186123,0.8220378856916688,0.0,0.06535284823662009,19,36,0.5,0.7222222222222222,0.5819238393228638,0.9452831391378962,0.0,0.1377442544059824,26,0.023908439408477977,0.08333333333333337,2.384185791015625e-07,2.9802322387695312e-08,0.9920079566245839,0.869666576385498,0.16508886218070984,0.5149909415534337,False
landmark50_sig_fix10,50,sig,fix10,CA1-CA3,36,0.6111111111111112,0.9444444444444444,0.5303276338123941,0.6777922583701308,0.0,-0.08979489616666317,34,36,0.6388888888888888,0.8888888888888888,0.5054251874586139,0.7667078555919138,0.0,0.06447813226904228,32,36,0.6944444444444444,1.0555555555555556,0.5170122157411052,0.7984644463814495,0.0,-0.06808696558307892,38,-0.013315418071288887,0.11111111111111116,1.1641532182693481e-10,7.275957614183426e-12,0.3944260853675353,0.2777551868930459,0.2674894785377546,0.9236178364914174,False
landmark50_sig_fix10,50,sig,fix10,CA1-DG,48,0.4583333333333333,0.6666666666666666,0.4997125085285024,0.7476906133094761,0.0,0.09610387204230764,32,48,0.5833333333333334,1.0208333333333333,0.5103094267145765,0.6538411323200066,0.0,0.04284971528663527,49,48,0.5833333333333334,0.9791666666666666,0.4834564472414633,0.641041669054206,0.0,-0.10879236071947306,47,-0.016256061287039103,0.3125,4.656612873077393e-10,1.4210854715202004e-14,0.16661672562151952,0.12877536239102483,0.3633418505970809,0.09242000089292415,False
landmark50_sig_fix10,50,sig,fix10,CA1-RSC,48,0.3541666666666667,0.5416666666666666,0.5078605215950494,0.7221386379381153,0.0,-0.2441199604784621,26,48,0.4791666666666667,0.625,0.5109093919815739,0.5931714430269578,0.0,0.0013589358465532046,30,48,0.5208333333333334,0.6458333333333334,0.5046871288994148,0.6695686726952805,0.0,-0.17265187910794047,31,-0.003173392695634547,0.10416666666666674,2.9802322387695312e-08,9.313225746154785e-10,0.8790242025525029,0.25782257318496704,0.635700810700655,0.35692052900774096,False
landmark50_sig_fix10,50,sig,fix10,CA1-SUB,24,0.4583333333333333,0.5416666666666666,0.5385078139856674,0.6790280288082291,0.0,0.014432601277151399,13,24,0.4583333333333333,0.7083333333333334,0.5520755298536416,0.6610522498934583,0.0,0.0415855545305455,17,24,0.625,0.9583333333333334,0.5274469172218115,0.6613556864798611,0.0,-0.10007203861340958,23,-0.01106089676385591,0.41666666666666674,0.000244140625,2.384185791015625e-07,0.12977296449469858,0.21630859375,0.6868791580200195,0.11390839251469817,False
landmark50_sig_fix10,50,sig,fix10,CA1-V1,60,0.4166666666666667,0.5166666666666667,0.5096764626258433,0.6308980634003396,0.0,-0.4613946230339699,31,60,0.4,0.48333333333333334,0.495556470705458,0.6385177625667378,0.0,0.1569212521692154,29,60,0.3333333333333333,0.4166666666666667,0.48199285537982633,0.5860975660339588,0.0,-0.08194923268638127,25,-0.027683607246016984,-0.10000000000000003,9.313225746154785e-10,5.960464477539063e-08,0.023945992171539896,0.005086471326649189,0.5249125957489014,0.14694268241240782,False
landmark50_sig_fix10,50,sig,fix10,CA3-DG,24,0.5833333333333334,0.75,0.5312821637036685,0.6222897424167031,0.0,-0.012253958325931364,18,24,0.75,1.375,0.561608489871455,0.6903149331100554,0.0,-0.030591767291499265,33,24,0.9166666666666666,1.7916666666666667,0.5184621713537493,0.7158039091572618,0.0,0.04590171136877313,43,-0.012819992349919263,1.0416666666666667,7.62939453125e-06,2.2737367544323206e-13,0.8930755253626367,0.550872802734375,0.32852326531519793,0.4431062812159148,False
landmark50_sig_fix10,50,sig,fix10,RSC-SUB,24,0.3333333333333333,0.5,0.5257844410236031,0.6457059694144511,0.0,-0.09240684343984679,12,24,0.5,1.0416666666666667,0.5539162017004362,0.7134491890106013,0.0,-0.061137050399792635,25,24,0.5833333333333334,0.9583333333333334,0.5417377135292554,0.8894765156406329,0.0,0.029903683279097575,23,0.01595327250565226,0.45833333333333337,0.00048828125,2.384185791015625e-07,0.8757289211111982,0.67724609375,0.7313888072967529,0.5202763724033406,False
landmark50_sig_fix10,50,sig,fix10,V1-RSC,36,0.3888888888888889,0.5277777777777778,0.545875080253331,0.8212470688641461,0.0,0.10990694774021796,19,36,0.5833333333333334,0.8611111111111112,0.5466317460768011,0.8005738474793445,0.0,-0.16077959104161768,31,36,0.6111111111111112,0.9166666666666666,0.5522818165326483,0.9314345181010171,0.0,0.01397433019824994,33,0.0064067362793173155,0.38888888888888884,3.814697265625e-06,2.3283064365386963e-10,0.894177559875398,0.14468765258789062,0.8600672783795744,0.25421487262636366,False
landmark50_sig_fix20,50,sig,fix20,CA1-CA3,36,0.6388888888888888,1.0,0.5219064417095899,0.6777922583701308,0.0,-0.05985444030570719,36,36,0.8055555555555556,1.3333333333333333,0.46888083120001117,0.7667078555919138,0.0,0.07353172422317128,48,36,0.6944444444444444,1.0277777777777777,0.5177718179931825,0.7984644463814495,0.0,-0.09467090670343811,37,-0.004134623716407382,0.02777777777777768,2.9103830456733704e-11,1.4551915228366852e-11,0.6079031970521043,0.8950681856949814,0.08552214417431969,0.38038771655204995,False
landmark50_sig_fix20,50,sig,fix20,CA1-DG,48,0.6458333333333334,1.0208333333333333,0.49724532902762253,0.6385831466855917,0.0,0.054222774997535805,49,48,0.7083333333333334,1.125,0.4800050201592754,0.6697508208244511,0.0,0.0822458227276773,54,48,0.6458333333333334,1.1666666666666667,0.4730279829234707,0.701342321533706,0.0,-0.09063335573379167,56,-0.024217346104151827,0.14583333333333348,3.552713678800501e-15,7.547498213151496e-11,0.1566886656143065,0.6859806141445262,0.2603019864392836,0.24110941370469052,False
landmark50_sig_fix20,50,sig,fix20,CA1-RSC,48,0.4583333333333333,0.6666666666666666,0.4629773644979933,0.7221386379381153,0.0,-0.11388295609220311,32,48,0.5,0.8541666666666666,0.49224083111951983,0.6335890380255004,0.0,0.008693390305638577,41,48,0.4791666666666667,0.75,0.4785352061502546,0.6688262323911089,0.0,-0.18952674344486892,36,0.015557841652261262,0.08333333333333337,4.656612873077393e-10,2.9103830456733704e-11,0.2714753828433981,0.1657568528316915,0.06442296883324161,0.7078476634536308,False
landmark50_sig_fix20,50,sig,fix20,CA1-SUB,24,0.5416666666666666,0.8333333333333334,0.5224157847738085,0.6530110929124295,0.0,-0.01929879830945424,20,24,0.5833333333333334,0.9583333333333334,0.45953654505637986,0.7402850168223314,0.0,0.1405049088122654,23,24,0.7083333333333334,1.1666666666666667,0.48536284760327036,0.6363992863731921,0.0,-0.1516822332802842,28,-0.03705293717053809,0.33333333333333337,1.9073486328125e-06,7.450580596923828e-09,0.02886545850424207,0.7285060882568359,0.5221440717577934,0.9084318104498197,False
landmark50_sig_fix20,50,sig,fix20,CA1-V1,60,0.5333333333333333,0.6833333333333333,0.4949425432263226,0.5914261374049247,0.0,0.045743298801855736,41,60,0.5666666666666667,0.9,0.4267434924146391,0.6492987395522372,0.0,0.08903032392754048,54,60,0.5,0.8833333333333333,0.44291773757412145,0.6226301056951503,0.0,0.09372190495033443,53,-0.052024805652201134,0.19999999999999996,9.094947017729282e-13,2.386484752546066e-10,0.012661882189621176,0.8374895854585702,0.42302114086161635,0.338635557080899,False
landmark50_sig_fix20,50,sig,fix20,CA3-DG,24,0.75,1.4583333333333333,0.47011796746339013,0.6222897424167031,0.0,-0.03821280646573849,35,24,0.75,1.3333333333333333,0.494740415158204,0.6903149331100554,0.0,-0.003700900841337453,32,24,0.9583333333333334,2.1666666666666665,0.4945548070186334,0.7158039091572618,0.0,0.04128545938023517,52,0.024436839555243284,0.7083333333333333,5.820766091346741e-11,3.503864964208263e-10,0.03816348076812722,0.25850554718635976,0.8022368985989758,0.27924562058190827,False
landmark50_sig_fix20,50,sig,fix20,RSC-SUB,24,0.4583333333333333,0.9166666666666666,0.4514850516569341,0.5780948022198651,0.0,-0.04025094329369518,22,24,0.5,1.0,0.5034890193644321,0.7365931874983364,0.0,0.19600114094100707,24,24,0.5416666666666666,0.7916666666666666,0.45926398156518633,0.8599561567300709,0.0,-0.23219220619485037,19,0.007778929908252241,-0.125,4.76837158203125e-07,3.814697265625e-06,0.5049759772618353,0.9746217727661133,0.104156494140625,0.21428947867143555,False
landmark50_sig_fix20,50,sig,fix20,V1-RSC,36,0.4444444444444444,0.7222222222222222,0.4717676426544809,0.8936340857052655,0.0,0.08111447666124856,26,36,0.7222222222222222,1.1944444444444444,0.48847348151922576,0.7990020587815339,0.0,-0.018204471567152387,43,36,0.6666666666666666,0.9722222222222222,0.4905996685988653,0.9378575694506041,0.0,0.09653539810779317,35,0.01883202594438438,0.25,2.9802322387695312e-08,5.820766091346741e-11,0.39357116737104914,0.7453929781913757,0.40358865744201466,0.8098383512068484,False
landmark50_sig_fix30,50,sig,fix30,CA1-CA3,36,0.6666666666666666,1.1388888888888888,0.5018188830598166,0.6777922583701308,0.0,-0.10215105296758066,41,36,0.7777777777777778,1.2222222222222223,0.48075165747730275,0.7667078555919138,0.0,0.06447813226904228,44,36,0.7222222222222222,1.2222222222222223,0.4898829875019085,0.7984644463814495,0.0,-0.05715142466660049,44,-0.011935895557908083,0.08333333333333348,9.094947017729282e-13,1.1368683772161603e-13,0.8088921943032832,0.1145819005305384,0.6068985537592653,0.36268524943406244,False
landmark50_sig_fix30,50,sig,fix30,CA1-DG,48,0.6458333333333334,1.0833333333333333,0.4900323593688396,0.6385831466855917,0.0,0.08016512263526918,52,48,0.7708333333333334,1.3333333333333333,0.4732985825112591,0.6697508208244511,0.0,0.09546883113601967,64,48,0.6666666666666666,1.1875,0.47238489416636015,0.7136479415328687,0.0,-0.11551021862952272,57,-0.01764746520247945,0.10416666666666674,3.503864964208263e-10,5.143753751233159e-11,0.1583872593041341,0.517896628355522,0.27114538517543607,0.21698541308154884,False
landmark50_sig_fix30,50,sig,fix30,CA1-RSC,48,0.5,0.7291666666666666,0.45844519360707675,0.7221386379381153,0.0,-0.08068286958138651,35,48,0.5416666666666666,0.9375,0.4630468490276324,0.6235119129988133,0.0,-0.0649746447588928,45,48,0.4791666666666667,0.8958333333333334,0.4735571356770034,0.6688262323911089,0.0,-0.1258085034234153,43,0.015111942069926665,0.16666666666666674,5.820766091346741e-11,2.2737367544323206e-13,0.6951999934624973,0.2191847647773102,0.1880619085429771,0.8722967708639937,False
landmark50_sig_fix30,50,sig,fix30,CA1-SUB,24,0.5416666666666666,0.8333333333333334,0.5224157847738085,0.6530110929124295,0.0,-0.01929879830945424,20,24,0.5833333333333334,0.9583333333333334,0.45953654505637986,0.7402850168223314,0.0,0.1405049088122654,23,24,0.6666666666666666,1.125,0.48756415184842894,0.6363992863731921,0.0,-0.13430589663223436,27,-0.034851632925379517,0.29166666666666663,1.9073486328125e-06,1.4901161193847656e-08,0.03786164703398924,0.7285060882568359,0.6276643574237823,0.9914162944249888,False
landmark50_sig_fix30,50,sig,fix30,CA1-V1,60,0.6333333333333333,0.8666666666666667,0.4539469769280143,0.8002930882518893,0.0,-0.1998457969740278,52,60,0.5666666666666667,1.0333333333333334,0.4148924859226305,0.6189003430778495,0.0,-0.09074846574858153,62,60,0.6166666666666667,1.15,0.42293876563697513,0.6226301056951503,0.0,0.09306630208456249,69,-0.031008211291039145,0.2833333333333332,3.503864964208263e-10,5.214926521052866e-13,0.08262158845247075,0.09926295203504665,0.2597249535854118,0.040890839915948704,False
landmark50_sig_fix30,50,sig,fix30,CA3-DG,24,0.75,1.3333333333333333,0.4744935496458634,0.6222897424167031,0.0,-0.25944999443381545,32,24,0.8333333333333334,1.4166666666666667,0.4737050844945996,0.6903149331100554,0.0,0.0204215429775516,34,24,0.9583333333333334,2.2083333333333335,0.4893210664147613,0.7158039091572618,0.0,0.04590171136877313,53,0.01482751676889793,0.8750000000000002,4.656612873077393e-10,2.386484752546066e-10,0.396389870906079,0.05448048235848546,0.8317351076722159,0.12417824470178987,False
landmark50_sig_fix30,50,sig,fix30,RSC-SUB,24,0.5416666666666666,1.0416666666666667,0.4511772305914389,0.5780948022198651,0.0,-0.24901782019710783,25,24,0.5833333333333334,1.2083333333333333,0.46008037316513184,0.7283403622234581,0.0,0.21988243017819392,29,24,0.625,1.2083333333333333,0.40112807064766776,0.7973027066450197,0.0,0.15297573253311048,29,-0.05004915994377113,0.16666666666666652,5.960464477539063e-08,3.725290298461914e-09,0.012487525511128155,0.3665854334831238,0.5940011255443096,0.3488757028696454,False
landmark50_sig_fix30,50,sig,fix30,V1-RSC,36,0.4722222222222222,0.8055555555555556,0.48894992823077754,0.8936340857052655,0.0,-0.10460806528542711,29,36,0.6666666666666666,1.0833333333333333,0.46281611060660904,0.7990020587815339,0.0,-0.10143230473500874,39,36,0.75,1.1388888888888888,0.44216260072518787,0.9378575694506041,0.0,-0.00522193356281434,41,-0.04678732750558967,0.33333333333333326,3.725290298461914e-09,9.094947017729282e-13,0.2940917352750644,0.3692382462322712,0.7195597712516246,0.7250487020641165,False
landmark50_sig_samp15,50,sig,samp15,CA1-CA3,36,0.6388888888888888,0.9722222222222222,0.5280393597294375,0.7204549181976257,0.0,-0.03242224265408814,35,36,0.6111111111111112,0.8888888888888888,0.4838137791906306,0.7303579270874534,0.0,0.06447813226904228,32,36,0.6944444444444444,0.9444444444444444,0.5652216547072263,0.7936510578082007,0.0,-0.029478827549518735,34,0.0371822949777888,-0.02777777777777779,5.820766091346741e-11,1.1641532182693481e-10,0.27210858084883227,0.9677533526555635,0.6853143798653036,0.8997119709050208,False
landmark50_sig_samp15,50,sig,samp15,CA1-DG,48,0.5625,0.7708333333333334,0.5371302325406899,0.7417842833967768,0.0,-0.07458902228368487,37,48,0.6041666666666666,0.9583333333333334,0.5289246873475161,0.7392283480882913,0.0,0.12634871521404661,46,48,0.6041666666666666,1.0625,0.5235231098340897,0.7335553631789485,0.0,-0.0433480247016287,51,-0.01360712270660025,0.29166666666666663,1.4551915228366852e-11,5.145276051717656e-10,0.3747761064996604,0.14906434384465683,0.5516974826637002,0.6359515883194402,False
landmark50_sig_samp15,50,sig,samp15,CA1-RSC,48,0.2916666666666667,0.3958333333333333,0.513096399433222,0.6672430867114597,0.0,-0.24256760827031254,19,48,0.375,0.4375,0.5107615398139534,0.6393384444533023,0.0,-0.050451628209295246,21,48,0.3125,0.375,0.5107509811051069,0.5895760704522337,0.0,0.13238442951288548,18,-0.0023454183281151897,-0.020833333333333315,3.814697265625e-06,7.62939453125e-06,0.7496795053676073,0.00823211669921875,0.4171142578125,0.043308142810791955,False
landmark50_sig_samp15,50,sig,samp15,CA1-SUB,24,0.375,0.5,0.516148072119756,0.6085717920335567,0.0,0.10257855797581933,12,24,0.5,0.8333333333333334,0.5424018669407813,0.6966035035601961,0.0,-0.03767347521817668,20,24,0.5416666666666666,0.75,0.5356202636330823,0.7131619847886332,0.0,0.1106116785467929,18,0.019472191513326353,0.25,0.00048828125,7.62939453125e-06,0.29965770663669156,0.6220703125,0.39273834228515625,0.9831126875838702,False
landmark50_sig_samp15,50,sig,samp15,CA1-V1,60,0.3333333333333333,0.36666666666666664,0.48338835922474366,0.617946231708156,0.0,0.04713568887777128,22,60,0.35,0.4166666666666667,0.5070422034392753,0.7141795812379296,0.0,0.1837939548178456,25,60,0.35,0.4666666666666667,0.500248026295808,0.6159164320241519,0.0,-0.27104351702223584,28,0.016859667071064344,0.10000000000000003,4.76837158203125e-07,7.450580596923828e-09,0.67434105752498,0.7023849487304688,0.08565542846918106,0.6460289262026475,False
landmark50_sig_samp15,50,sig,samp15,CA3-DG,24,0.5416666666666666,0.875,0.5114840614694267,0.6274366391973,0.0,-0.08323181733836456,21,24,0.75,1.3333333333333333,0.529798214646866,0.6509359672589717,0.0,0.024420537936079866,32,24,0.9166666666666666,1.4583333333333333,0.5184621713537493,0.7675362024191391,0.0,-0.01736284465147288,35,0.00697810988432257,0.5833333333333333,9.5367431640625e-07,5.820766091346741e-11,0.48774843596278705,0.45236778259277344,0.679870450810995,0.38806218202348985,False
landmark50_sig_samp15,50,sig,samp15,RSC-SUB,24,0.2916666666666667,0.4583333333333333,0.5592962799587843,0.7294221629947217,0.0,-0.016187864165575678,11,24,0.3333333333333333,0.4583333333333333,0.6041481006598313,0.7573231247562348,0.0,0.011960067533821693,11,24,0.4583333333333333,0.6666666666666666,0.5183036589262628,0.8775829311736624,0.0,0.10216716970846415,16,-0.04099262103252144,0.20833333333333331,0.0009765625,3.0517578125e-05,0.38782876662563726,0.46484375,0.09344482421875,0.15961376502653413,False
landmark50_sig_samp15,50,sig,samp15,V1-RSC,36,0.4444444444444444,0.6666666666666666,0.5637906239922295,0.8866593957081539,0.0,-0.011580343208293067,24,36,0.5,0.6111111111111112,0.5689432251515294,0.8149453275238709,0.0,0.05169144385760373,22,36,0.5555555555555556,0.7222222222222222,0.6002712822790477,0.9439295036789047,0.0,-0.05012718537184872,26,0.036480658286818235,0.05555555555555558,1.1920928955078125e-07,2.9802322387695312e-08,0.9458139986726618,0.8553357124328613,0.7265399694442749,0.8384370334626459,False
landmark50_sig_samp25,50,sig,samp25,CA1-CA3,36,0.4444444444444444,0.6388888888888888,0.47414088777320124,0.6998595366312012,0.0,-0.027968904394050583,23,36,0.5277777777777778,0.8333333333333334,0.5097619653897963,0.7186159528532267,0.0,-0.0016992540682430153,30,36,0.5833333333333334,0.8055555555555556,0.5338475814369724,0.7193452811082561,0.0,-0.060209696112599534,29,0.05970669366377118,0.16666666666666674,2.384185791015625e-07,3.725290298461914e-09,0.04867876532792195,0.21117830276489258,0.038631681352853775,0.712511657356875,False
landmark50_sig_samp25,50,sig,samp25,CA1-DG,48,0.3541666666666667,0.5416666666666666,0.5299978685069369,0.7603484089397617,0.0,-0.007914148046861549,26,48,0.5625,0.8125,0.5484252397490483,0.7179734018123894,0.0,0.005914475477332246,39,48,0.5416666666666666,0.6666666666666666,0.5051194296549593,0.6714314776126503,0.0,-0.10466119967799706,32,-0.024878438851977602,0.125,2.9802322387695312e-08,4.656612873077393e-10,0.7604529345134016,0.670972615480423,0.06784779019653797,0.3603711081459672,False
landmark50_sig_samp25,50,sig,samp25,CA1-RSC,48,0.08333333333333333,0.08333333333333333,0.4418526232058759,0.5315750329199957,0.0,-0.5324596628647299,4,48,0.375,0.375,0.4819507228341988,0.5872228448299442,0.0,0.142460698822137,18,48,0.1875,0.20833333333333334,0.5049192293272169,0.6263801350522852,0.0,0.10952546707454897,10,0.06306660612134096,0.125,nan,0.001953125,0.30369630369630374,nan,0.4921875,0.14185814185814188,False
landmark50_sig_samp25,50,sig,samp25,CA1-SUB,24,0.20833333333333334,0.25,0.5601726448400878,0.630409625284344,0.0,0.32712311264883037,6,24,0.5,0.625,0.5589535767146763,0.6898142085818794,0.0,0.20407697278350354,15,24,0.4583333333333333,0.5416666666666666,0.5537800907041182,0.6639431236058091,0.0,0.052514369788312434,13,-0.006392554135969619,0.29166666666666663,0.03125,0.000244140625,1.0,0.21875,0.684814453125,0.2818074598260357,False
landmark50_sig_samp25,50,sig,samp25,CA1-V1,60,0.11666666666666667,0.13333333333333333,0.46817714863305443,0.641040161429756,0.0,-0.056233626707530814,8,60,0.13333333333333333,0.15,0.5160199681230916,0.6824218199406544,0.0,0.3626660146455762,9,60,0.2,0.21666666666666667,0.48208814735673,0.5657770234257298,0.0,0.2555707438695815,13,0.013910998723675572,0.08333333333333334,0.0078125,0.000244140625,0.5950660966140843,0.84375,0.243896484375,0.33627205268072147,False
landmark50_sig_samp25,50,sig,samp25,CA3-DG,24,0.5,0.5833333333333334,0.5049509374988718,0.6188271094537724,0.0,0.013442716227403975,14,24,0.6666666666666666,0.7916666666666666,0.5458026882231087,0.6540213133837169,0.0,-0.05531265977158276,19,24,0.7916666666666666,1.2916666666666667,0.525197991363956,0.73445943787919,0.0,0.01388993730556477,31,0.020247053865084186,0.7083333333333334,0.0001220703125,9.313225746154785e-10,0.37085685189329776,0.9031982421875,0.7498410120606422,0.8349211319882504,False
landmark50_sig_samp25,50,sig,samp25,RSC-SUB,24,0.16666666666666666,0.20833333333333334,0.48531443459418333,0.5923656693547815,0.0,0.18348932209360824,5,24,0.2916666666666667,0.4166666666666667,0.6354051131512866,0.8063800091130188,0.0,-0.05352029436757384,10,24,0.5416666666666666,0.7083333333333334,0.5211670454037931,0.7250983897738806,0.0,0.11016835265154186,17,0.035852610809609775,0.5,nan,1.52587890625e-05,0.594592541960963,nan,0.1593780517578125,0.4455836561099719,False
landmark50_sig_samp25,50,sig,samp25,V1-RSC,36,0.3333333333333333,0.3333333333333333,0.5153497464957973,0.8933979617516336,0.0,0.04416118146999204,12,36,0.5555555555555556,0.5833333333333334,0.5502680855467406,0.8269873696122195,0.0,-0.013927569559732395,21,36,0.5555555555555556,0.75,0.5384781152716535,0.9311354585146192,0.0,0.030720368411405616,27,0.023128368775856112,0.4166666666666667,0.00048828125,1.4901161193847656e-08,0.6371766457300794,0.791015625,0.44104358553886414,0.8670803916697485,False
landmark50_sig_samp40,50,sig,samp40,CA1-CA3,36,0.3611111111111111,0.4444444444444444,0.5216473250130892,0.6307560697649943,0.0,0.03226150023478513,16,36,0.5277777777777778,0.6944444444444444,0.46441168386787834,0.7048713321824953,0.0,-0.05733527592755691,25,36,0.6388888888888888,0.7222222222222222,0.4894487600349613,0.6665679231931494,0.0,-0.09468699858730714,26,-0.0321985649781279,0.2777777777777778,3.0517578125e-05,2.9802322387695312e-08,0.9896674466438308,0.781951904296875,0.9601797163486481,0.765812434126265,False
landmark50_sig_samp40,50,sig,samp40,CA1-DG,48,0.2916666666666667,0.2916666666666667,0.5214454534848116,0.6088746422045611,0.0,-0.035644116149706445,14,48,0.3958333333333333,0.4375,0.516563691046068,0.6789052176057869,0.0,-0.05278655604222523,21,48,0.4791666666666667,0.6458333333333334,0.47133613547147607,0.6673743168812352,0.0,-0.03173410200801946,31,-0.05010931801333557,0.3541666666666667,0.0001220703125,9.313225746154785e-10,0.06416503097485317,0.855224609375,0.8091655615717173,0.9706640417196433,False
landmark50_sig_samp40,50,sig,samp40,CA1-RSC,48,0.10416666666666667,0.10416666666666667,0.4670625970130827,0.5459089044663737,0.0,0.09364510050752076,5,48,0.22916666666666666,0.3125,0.48941850040060475,0.6394701680329478,0.0,-0.034648817565199844,15,48,0.1875,0.1875,0.3999020895132114,0.4728156396231726,0.0,-0.07581317044148883,9,-0.06716050749987135,0.08333333333333333,nan,0.00390625,0.18981018981018982,nan,0.25,0.2977022977022977,False
landmark50_sig_samp40,50,sig,samp40,CA1-SUB,24,0.08333333333333333,0.08333333333333333,0.4100895064901371,0.45969247005356656,0.0,0.45821989251802026,2,24,0.5,0.5416666666666666,0.4937036045935397,0.5786605609793181,0.0,0.018489669927068415,13,24,0.4166666666666667,0.5,0.5010505676587697,0.7208520147799835,0.0,-0.035945836877025995,12,0.09096106116863256,0.4166666666666667,nan,0.00048828125,nan,nan,0.5693359375,nan,False
landmark50_sig_samp40,50,sig,samp40,CA1-V1,60,0.11666666666666667,0.11666666666666667,0.4870680717789495,0.5303406978780787,0.0,0.12705624555898545,7,60,0.1,0.1,0.4843101537082699,0.6378333908620197,0.0,0.20266764595676595,6,60,0.06666666666666667,0.06666666666666667,0.453889513575095,0.5655190960112788,0.0,0.11215602440351036,4,-0.033178558203854513,-0.05,0.015625,nan,1.0,0.9375,nan,0.7878787878787878,False
landmark50_sig_samp40,50,sig,samp40,CA3-DG,24,0.3333333333333333,0.375,0.46478479131313233,0.5949053948094221,0.0,-0.14754548650722712,9,24,0.625,0.75,0.5066765131299703,0.6365239870392037,0.0,0.06798369267117438,18,24,0.5833333333333334,0.75,0.533545122992679,0.6341989846678723,0.0,0.021497442386330848,18,0.06876033167954665,0.375,0.00390625,7.62939453125e-06,0.03279944722720241,1.0,0.39273834228515625,0.31587447983048955,False
landmark50_sig_samp40,50,sig,samp40,RSC-SUB,24,0.08333333333333333,0.08333333333333333,0.5539597703888364,0.6640562177147656,0.0,0.2630004636595894,2,24,0.4166666666666667,0.4166666666666667,0.5978332832864485,0.6873942486250512,0.0,-0.09079509623278682,10,24,0.2916666666666667,0.3333333333333333,0.5351404521268635,0.7075423915396746,0.0,0.06091567292159605,8,-0.018819318261972917,0.25,nan,0.0078125,nan,nan,0.7421875,nan,False
landmark50_sig_samp40,50,sig,samp40,V1-RSC,36,0.3055555555555556,0.3333333333333333,0.47614397067645425,0.9013581947228664,0.0,0.08009959569396356,12,36,0.4722222222222222,0.5277777777777778,0.624681973627548,0.8375507099017903,0.0,0.041813662289441986,19,36,0.3611111111111111,0.3888888888888889,0.5922105785686107,0.9219528630705344,0.0,-0.04466599499176186,14,0.11606660789215645,0.05555555555555558,0.00048828125,0.0001220703125,0.5891544654500582,0.7333984375,0.9031982421875,1.0,False
landmark50_sig_var75,50,sig,var75,CA1-CA3,36,0.6666666666666666,1.1388888888888888,0.5018188830598166,0.6777922583701308,0.0,-0.10215105296758066,41,36,0.7777777777777778,1.2222222222222223,0.48075165747730275,0.7667078555919138,0.0,0.06447813226904228,44,36,0.7222222222222222,1.2222222222222223,0.4898829875019085,0.7984644463814495,0.0,-0.05715142466660049,44,-0.011935895557908083,0.08333333333333348,9.094947017729282e-13,1.1368683772161603e-13,0.8088921943032832,0.1145819005305384,0.6068985537592653,0.36268524943406244,False
landmark50_sig_var75,50,sig,var75,CA1-DG,48,0.6458333333333334,1.0833333333333333,0.4900323593688396,0.6385831466855917,0.0,0.08016512263526918,52,48,0.7708333333333334,1.3333333333333333,0.4732985825112591,0.6697508208244511,0.0,0.09546883113601967,64,48,0.6666666666666666,1.1875,0.47238489416636015,0.7136479415328687,0.0,-0.11551021862952272,57,-0.01764746520247945,0.10416666666666674,3.503864964208263e-10,5.143753751233159e-11,0.1583872593041341,0.517896628355522,0.27114538517543607,0.21698541308154884,False
landmark50_sig_var75,50,sig,var75,CA1-RSC,48,0.5,0.7291666666666666,0.45844519360707675,0.7221386379381153,0.0,-0.08068286958138651,35,48,0.5416666666666666,0.9375,0.4630468490276324,0.6235119129988133,0.0,-0.0649746447588928,45,48,0.4791666666666667,0.8958333333333334,0.4735571356770034,0.6688262323911089,0.0,-0.1258085034234153,43,0.015111942069926665,0.16666666666666674,5.820766091346741e-11,2.2737367544323206e-13,0.6951999934624973,0.2191847647773102,0.1880619085429771,0.8722967708639937,False
landmark50_sig_var75,50,sig,var75,CA1-SUB,24,0.5416666666666666,0.8333333333333334,0.5224157847738085,0.6530110929124295,0.0,-0.01929879830945424,20,24,0.5833333333333334,0.9583333333333334,0.45953654505637986,0.7402850168223314,0.0,0.1405049088122654,23,24,0.6666666666666666,1.125,0.48756415184842894,0.6363992863731921,0.0,-0.13430589663223436,27,-0.034851632925379517,0.29166666666666663,1.9073486328125e-06,1.4901161193847656e-08,0.03786164703398924,0.7285060882568359,0.6276643574237823,0.9914162944249888,False
landmark50_sig_var75,50,sig,var75,CA1-V1,60,0.6333333333333333,0.8666666666666667,0.4539469769280143,0.8002930882518893,0.0,-0.1998457969740278,52,60,0.5666666666666667,1.0333333333333334,0.4148924859226305,0.6189003430778495,0.0,-0.09074846574858153,62,60,0.6166666666666667,1.15,0.42293876563697513,0.6226301056951503,0.0,0.09306630208456249,69,-0.031008211291039145,0.2833333333333332,3.503864964208263e-10,5.214926521052866e-13,0.08262158845247075,0.09926295203504665,0.2597249535854118,0.040890839915948704,False
landmark50_sig_var75,50,sig,var75,CA3-DG,24,0.75,1.3333333333333333,0.4744935496458634,0.6222897424167031,0.0,-0.25944999443381545,32,24,0.8333333333333334,1.4166666666666667,0.4737050844945996,0.6903149331100554,0.0,0.0204215429775516,34,24,0.9583333333333334,2.2083333333333335,0.4893210664147613,0.7158039091572618,0.0,0.04590171136877313,53,0.01482751676889793,0.8750000000000002,4.656612873077393e-10,2.386484752546066e-10,0.396389870906079,0.05448048235848546,0.8317351076722159,0.12417824470178987,False
landmark50_sig_var75,50,sig,var75,RSC-SUB,24,0.5416666666666666,1.0416666666666667,0.4511772305914389,0.5780948022198651,0.0,-0.24901782019710783,25,24,0.5833333333333334,1.2083333333333333,0.46008037316513184,0.7283403622234581,0.0,0.21988243017819392,29,24,0.625,1.2083333333333333,0.40112807064766776,0.7973027066450197,0.0,0.15297573253311048,29,-0.05004915994377113,0.16666666666666652,5.960464477539063e-08,3.725290298461914e-09,0.012487525511128155,0.3665854334831238,0.5940011255443096,0.3488757028696454,False
landmark50_sig_var75,50,sig,var75,V1-RSC,36,0.4722222222222222,0.8055555555555556,0.48894992823077754,0.8936340857052655,0.0,-0.10460806528542711,29,36,0.6666666666666666,1.0833333333333333,0.46281611060660904,0.7990020587815339,0.0,-0.10143230473500874,39,36,0.75,1.1388888888888888,0.44216260072518787,0.9378575694506041,0.0,-0.00522193356281434,41,-0.04678732750558967,0.33333333333333326,3.725290298461914e-09,9.094947017729282e-13,0.2940917352750644,0.3692382462322712,0.7195597712516246,0.7250487020641165,False
landmark50_sig_var85,50,sig,var85,CA1-CA3,36,0.6666666666666666,1.1388888888888888,0.5018188830598166,0.6777922583701308,0.0,-0.10215105296758066,41,36,0.7777777777777778,1.2222222222222223,0.48075165747730275,0.7667078555919138,0.0,0.06447813226904228,44,36,0.7222222222222222,1.2222222222222223,0.4898829875019085,0.7984644463814495,0.0,-0.05715142466660049,44,-0.011935895557908083,0.08333333333333348,9.094947017729282e-13,1.1368683772161603e-13,0.8088921943032832,0.1145819005305384,0.6068985537592653,0.36268524943406244,False
landmark50_sig_var85,50,sig,var85,CA1-DG,48,0.6458333333333334,1.0833333333333333,0.4900323593688396,0.6385831466855917,0.0,0.08016512263526918,52,48,0.7708333333333334,1.3333333333333333,0.4732985825112591,0.6697508208244511,0.0,0.09546883113601967,64,48,0.6666666666666666,1.1875,0.47238489416636015,0.7136479415328687,0.0,-0.11551021862952272,57,-0.01764746520247945,0.10416666666666674,3.503864964208263e-10,5.143753751233159e-11,0.1583872593041341,0.517896628355522,0.27114538517543607,0.21698541308154884,False
landmark50_sig_var85,50,sig,var85,CA1-RSC,48,0.5,0.7291666666666666,0.45844519360707675,0.7221386379381153,0.0,-0.08068286958138651,35,48,0.5416666666666666,0.9375,0.4630468490276324,0.6235119129988133,0.0,-0.0649746447588928,45,48,0.4791666666666667,0.8958333333333334,0.4735571356770034,0.6688262323911089,0.0,-0.1258085034234153,43,0.015111942069926665,0.16666666666666674,5.820766091346741e-11,2.2737367544323206e-13,0.6951999934624973,0.2191847647773102,0.1880619085429771,0.8722967708639937,False
landmark50_sig_var85,50,sig,var85,CA1-SUB,24,0.5416666666666666,0.8333333333333334,0.5224157847738085,0.6530110929124295,0.0,-0.01929879830945424,20,24,0.5833333333333334,0.9583333333333334,0.45953654505637986,0.7402850168223314,0.0,0.1405049088122654,23,24,0.6666666666666666,1.125,0.48756415184842894,0.6363992863731921,0.0,-0.13430589663223436,27,-0.034851632925379517,0.29166666666666663,1.9073486328125e-06,1.4901161193847656e-08,0.03786164703398924,0.7285060882568359,0.6276643574237823,0.9914162944249888,False
landmark50_sig_var85,50,sig,var85,CA1-V1,60,0.6333333333333333,0.8666666666666667,0.4539469769280143,0.8002930882518893,0.0,-0.1998457969740278,52,60,0.5666666666666667,1.0333333333333334,0.4148924859226305,0.6189003430778495,0.0,-0.09074846574858153,62,60,0.6166666666666667,1.15,0.42293876563697513,0.6226301056951503,0.0,0.09306630208456249,69,-0.031008211291039145,0.2833333333333332,3.503864964208263e-10,5.214926521052866e-13,0.08262158845247075,0.09926295203504665,0.2597249535854118,0.040890839915948704,False
landmark50_sig_var85,50,sig,var85,CA3-DG,24,0.75,1.3333333333333333,0.4744935496458634,0.6222897424167031,0.0,-0.25944999443381545,32,24,0.8333333333333334,1.4166666666666667,0.4737050844945996,0.6903149331100554,0.0,0.0204215429775516,34,24,0.9583333333333334,2.2083333333333335,0.4893210664147613,0.7158039091572618,0.0,0.04590171136877313,53,0.01482751676889793,0.8750000000000002,4.656612873077393e-10,2.386484752546066e-10,0.396389870906079,0.05448048235848546,0.8317351076722159,0.12417824470178987,False
landmark50_sig_var85,50,sig,var85,RSC-SUB,24,0.5416666666666666,1.0416666666666667,0.4511772305914389,0.5780948022198651,0.0,-0.24901782019710783,25,24,0.5833333333333334,1.2083333333333333,0.46008037316513184,0.7283403622234581,0.0,0.21988243017819392,29,24,0.625,1.2083333333333333,0.40112807064766776,0.7973027066450197,0.0,0.15297573253311048,29,-0.05004915994377113,0.16666666666666652,5.960464477539063e-08,3.725290298461914e-09,0.012487525511128155,0.3665854334831238,0.5940011255443096,0.3488757028696454,False
landmark50_sig_var85,50,sig,var85,V1-RSC,36,0.4722222222222222,0.8055555555555556,0.48894992823077754,0.8936340857052655,0.0,-0.10460806528542711,29,36,0.6666666666666666,1.0833333333333333,0.46281611060660904,0.7990020587815339,0.0,-0.10143230473500874,39,36,0.75,1.1388888888888888,0.44216260072518787,0.9378575694506041,0.0,-0.00522193356281434,41,-0.04678732750558967,0.33333333333333326,3.725290298461914e-09,9.094947017729282e-13,0.2940917352750644,0.3692382462322712,0.7195597712516246,0.7250487020641165,False
landmark50_sig_var95,50,sig,var95,CA1-CA3,36,0.6666666666666666,1.1388888888888888,0.5018188830598166,0.6777922583701308,0.0,-0.10215105296758066,41,36,0.7777777777777778,1.2222222222222223,0.48075165747730275,0.7667078555919138,0.0,0.06447813226904228,44,36,0.7222222222222222,1.2222222222222223,0.4898829875019085,0.7984644463814495,0.0,-0.05715142466660049,44,-0.011935895557908083,0.08333333333333348,9.094947017729282e-13,1.1368683772161603e-13,0.8088921943032832,0.1145819005305384,0.6068985537592653,0.36268524943406244,False
landmark50_sig_var95,50,sig,var95,CA1-DG,48,0.6458333333333334,1.0833333333333333,0.4900323593688396,0.6385831466855917,0.0,0.08016512263526918,52,48,0.7708333333333334,1.3333333333333333,0.4732985825112591,0.6697508208244511,0.0,0.09546883113601967,64,48,0.6666666666666666,1.1875,0.47238489416636015,0.7136479415328687,0.0,-0.11551021862952272,57,-0.01764746520247945,0.10416666666666674,3.503864964208263e-10,5.143753751233159e-11,0.1583872593041341,0.517896628355522,0.27114538517543607,0.21698541308154884,False
landmark50_sig_var95,50,sig,var95,CA1-RSC,48,0.5,0.7291666666666666,0.45844519360707675,0.7221386379381153,0.0,-0.08068286958138651,35,48,0.5416666666666666,0.9375,0.4630468490276324,0.6235119129988133,0.0,-0.0649746447588928,45,48,0.4791666666666667,0.8958333333333334,0.4735571356770034,0.6688262323911089,0.0,-0.1258085034234153,43,0.015111942069926665,0.16666666666666674,5.820766091346741e-11,2.2737367544323206e-13,0.6951999934624973,0.2191847647773102,0.1880619085429771,0.8722967708639937,False
landmark50_sig_var95,50,sig,var95,CA1-SUB,24,0.5416666666666666,0.8333333333333334,0.5224157847738085,0.6530110929124295,0.0,-0.01929879830945424,20,24,0.5833333333333334,0.9583333333333334,0.45953654505637986,0.7402850168223314,0.0,0.1405049088122654,23,24,0.6666666666666666,1.125,0.48756415184842894,0.6363992863731921,0.0,-0.13430589663223436,27,-0.034851632925379517,0.29166666666666663,1.9073486328125e-06,1.4901161193847656e-08,0.03786164703398924,0.7285060882568359,0.6276643574237823,0.9914162944249888,False
landmark50_sig_var95,50,sig,var95,CA1-V1,60,0.6333333333333333,0.8666666666666667,0.4539469769280143,0.8002930882518893,0.0,-0.1998457969740278,52,60,0.5666666666666667,1.0333333333333334,0.4148924859226305,0.6189003430778495,0.0,-0.09074846574858153,62,60,0.6166666666666667,1.15,0.42293876563697513,0.6226301056951503,0.0,0.09306630208456249,69,-0.031008211291039145,0.2833333333333332,3.503864964208263e-10,5.214926521052866e-13,0.08262158845247075,0.09926295203504665,0.2597249535854118,0.040890839915948704,False
landmark50_sig_var95,50,sig,var95,CA3-DG,24,0.75,1.3333333333333333,0.4744935496458634,0.6222897424167031,0.0,-0.25944999443381545,32,24,0.8333333333333334,1.4166666666666667,0.4737050844945996,0.6903149331100554,0.0,0.0204215429775516,34,24,0.9583333333333334,2.2083333333333335,0.4893210664147613,0.7158039091572618,0.0,0.04590171136877313,53,0.01482751676889793,0.8750000000000002,4.656612873077393e-10,2.386484752546066e-10,0.396389870906079,0.05448048235848546,0.8317351076722159,0.12417824470178987,False
landmark50_sig_var95,50,sig,var95,RSC-SUB,24,0.5416666666666666,1.0416666666666667,0.4511772305914389,0.5780948022198651,0.0,-0.24901782019710783,25,24,0.5833333333333334,1.2083333333333333,0.46008037316513184,0.7283403622234581,0.0,0.21988243017819392,29,24,0.625,1.2083333333333333,0.40112807064766776,0.7973027066450197,0.0,0.15297573253311048,29,-0.05004915994377113,0.16666666666666652,5.960464477539063e-08,3.725290298461914e-09,0.012487525511128155,0.3665854334831238,0.5940011255443096,0.3488757028696454,False
landmark50_sig_var95,50,sig,var95,V1-RSC,36,0.4722222222222222,0.8055555555555556,0.48894992823077754,0.8936340857052655,0.0,-0.10460806528542711,29,36,0.6666666666666666,1.0833333333333333,0.46281611060660904,0.7990020587815339,0.0,-0.10143230473500874,39,36,0.75,1.1388888888888888,0.44216260072518787,0.9378575694506041,0.0,-0.00522193356281434,41,-0.04678732750558967,0.33333333333333326,3.725290298461914e-09,9.094947017729282e-13,0.2940917352750644,0.3692382462322712,0.7195597712516246,0.7250487020641165,False
