animal,learner,pair,center_trial,trial_frac,performance,lp_rel,n_bins,cc1,n_sig,mi_sig,ifi,optimal_lag,gini_x,gini_y,gini_pearson_x,gini_pearson_y,rot_x,rot_y,rot_x_cc1,rot_y_cc1,jac_x,jac_y,sh_x,sh_y,sh_x_cc1,sh_y_cc1
28,1,CA1-CA3,8.0,0.0515,0.0162,-61.0,6000,0.2841,1,0.0421,-0.0905,-9,0.2312,0.639,0.3428,0.4184,nan,nan,nan,nan,,,89.67,88.88,58.94,77.69
28,1,CA1-CA3,13.0,0.0882,0.0162,-56.0,6000,0.2725,2,0.0737,0.0597,8,0.2369,0.6957,0.3391,0.4753,71.3,81.52,64.59,81.06,0.3333,0.6,81.67,87.26,74.19,80.38
28,1,CA1-CA3,18.0,0.125,0.0833,-51.0,6000,0.2531,1,0.0331,0.0388,0,0.2992,0.6309,0.2908,0.3864,80.33,88.58,48.63,47.44,0.4545,0.6,82.21,87.29,52.55,88.12
28,1,CA1-CA3,23.0,0.1618,0.1389,-46.0,6000,0.3584,3,0.111,0.0087,0,0.288,0.9432,0.249,0.2649,66.39,90.0,65.76,90.0,0.6,0.3333,70.07,77.07,89.58,0.0
28,1,CA1-CA3,28.0,0.1985,0.2667,-41.0,6000,0.3958,3,0.1385,-0.0139,0,0.2056,0.9432,0.2719,0.2887,26.12,54.09,25.03,0.01,0.6,1.0,47.64,70.54,31.91,0.0
28,1,CA1-CA3,33.0,0.2353,0.27,-36.0,6000,0.2374,3,0.0772,0.0306,0,0.2149,0.7901,0.2857,0.3264,34.13,86.92,26.34,89.84,0.6,0.6,56.97,71.03,87.69,8.44
28,1,CA1-CA3,38.0,0.2721,0.3182,-31.0,6000,0.3571,3,0.1264,0.049,0,0.2033,0.7929,0.2912,0.3279,36.0,40.09,29.18,2.56,0.7778,0.6,28.81,75.95,60.74,9.59
28,1,CA1-CA3,43.0,0.3088,0.3746,-26.0,6000,0.3671,2,0.1048,0.0134,0,0.2037,0.9377,0.3017,0.3038,57.32,86.89,33.64,38.26,0.6,0.6,31.74,87.17,41.45,0.0
28,1,CA1-CA3,48.0,0.3456,0.3465,-21.0,6000,0.2538,1,0.0333,0.014,0,0.2654,0.9377,0.3129,0.3124,38.09,81.95,11.98,0.0,0.6,1.0,37.36,58.5,74.93,0.0
28,1,CA1-CA3,53.0,0.3824,0.3593,-16.0,6000,0.1436,1,0.0218,-0.0127,0,0.2989,0.8392,0.3124,0.3285,29.47,80.31,23.67,49.54,0.4545,1.0,34.51,89.63,1.67,63.02
28,1,CA1-CA3,58.0,0.4191,0.3158,-11.0,6000,0.249,3,0.091,-0.0096,0,0.2437,0.9571,0.2762,0.3201,37.81,59.06,35.19,31.1,0.7778,0.6,49.51,76.73,69.47,0.0
28,1,CA1-CA3,63.0,0.4559,0.3796,-6.0,6000,0.3019,3,0.1151,0.0292,0,0.1541,0.9377,0.3075,0.3144,42.06,85.29,27.32,55.8,0.3333,1.0,38.79,72.82,86.93,0.0
28,1,CA1-CA3,68.0,0.4926,0.476,-1.0,6000,0.3121,7,0.2375,-0.0099,0,0.1743,0.8437,0.3073,0.378,21.83,86.55,21.35,37.9,0.7778,0.6,87.37,50.39,84.09,2.16
28,1,CA1-CA3,73.0,0.5294,0.5182,4.0,6000,0.3067,3,0.1027,-0.0076,0,0.1948,0.8134,0.275,0.3605,40.63,39.53,40.69,0.76,0.3333,1.0,81.33,51.04,80.15,6.31
28,1,CA1-CA3,78.0,0.5662,0.6613,9.0,6000,0.2374,2,0.056,-0.0115,0,0.2148,0.1557,0.2629,0.3297,88.87,86.94,74.74,86.37,0.6,0.3333,79.3,70.17,37.19,29.03
28,1,CA1-CA3,83.0,0.6029,0.7651,14.0,6000,0.3811,3,0.1742,0.0219,0,0.1719,0.1563,0.2623,0.3158,39.3,31.7,45.42,36.76,0.7778,1.0,57.41,41.41,39.93,30.49
28,1,CA1-CA3,88.0,0.6397,0.9155,19.0,6000,0.1968,4,0.1633,0.0316,0,0.2128,0.2225,0.2652,0.2637,46.16,42.9,30.43,23.33,0.6,0.6,84.26,82.64,34.92,29.79
28,1,CA1-CA3,93.0,0.6765,0.9833,24.0,6000,0.3812,2,0.1271,0.0118,0,0.2219,0.2249,0.2853,0.25,23.78,28.42,25.03,25.01,0.7778,0.6,71.46,54.17,33.06,31.28
28,1,CA1-CA3,98.0,0.7132,1.0,29.0,6000,0.3094,2,0.0959,0.0213,0,0.2568,0.18,0.2715,0.2111,40.36,50.85,29.42,27.76,0.4545,0.3333,66.77,80.09,78.05,84.86
28,1,CA1-CA3,103.0,0.75,0.9333,34.0,6000,0.3263,1,0.0563,-0.0302,0,0.2885,0.2013,0.2685,0.2702,42.23,31.65,36.26,22.0,0.6,0.6,81.98,88.33,31.74,31.21
28,1,CA1-CA3,108.0,0.7868,0.8565,39.0,6000,0.3057,2,0.0691,-0.0393,0,0.2495,0.2311,0.2919,0.2569,56.99,38.05,28.75,13.52,0.6,0.6,69.76,47.95,36.16,20.49
28,1,CA1-CA3,113.0,0.8235,0.7989,44.0,6000,0.3626,2,0.1006,-0.004,0,0.252,0.2342,0.2981,0.2944,57.37,57.19,23.35,9.34,0.4545,0.6,87.11,79.2,47.58,26.0
28,1,CA1-CA3,118.0,0.8603,0.7434,49.0,6000,0.3831,4,0.1551,-0.051,0,0.2579,0.3181,0.312,0.2264,44.19,41.7,19.41,14.25,0.4545,0.6,83.52,62.06,34.78,19.47
28,1,CA1-CA3,123.0,0.8971,0.7314,54.0,6000,0.3767,4,0.144,-0.0343,0,0.259,0.3415,0.2663,0.2431,40.35,23.35,21.98,12.64,0.6,0.6,59.15,52.1,42.47,19.9
28,1,CA1-CA3,128.0,0.9338,0.6867,59.0,6000,0.3789,1,0.0775,0.0235,0,0.3647,0.266,0.2455,0.2764,56.65,36.68,38.3,17.81,0.6,0.6,88.87,86.4,27.51,38.05
28,1,CA1-DG,8.0,0.0515,0.0162,-61.0,6000,0.4428,3,0.1748,-0.0096,0,0.275,0.2103,0.4483,0.347,nan,nan,nan,nan,,,83.93,75.34,51.96,15.09
28,1,CA1-DG,13.0,0.0882,0.0162,-56.0,6000,0.4087,3,0.1457,0.0352,0,0.2825,0.2466,0.4171,0.3529,27.46,18.85,25.32,16.13,0.4545,0.6,72.48,54.28,30.49,15.02
28,1,CA1-DG,18.0,0.125,0.0833,-51.0,6000,0.3679,2,0.1054,0.008,0,0.2675,0.5843,0.3562,0.2897,57.19,60.38,21.3,23.34,0.7778,0.6,81.93,78.45,38.27,79.31
28,1,CA1-DG,23.0,0.1618,0.1389,-46.0,6000,0.3425,3,0.113,0.0126,0,0.2713,0.5368,0.3662,0.3116,33.34,29.8,24.61,24.19,0.6,1.0,75.05,87.03,71.91,26.97
28,1,CA1-DG,28.0,0.1985,0.2667,-41.0,6000,0.3534,4,0.1343,0.0015,0,0.2383,0.358,0.3427,0.305,23.86,59.74,23.34,29.5,0.6,1.0,66.79,61.92,35.19,32.75
28,1,CA1-DG,33.0,0.2353,0.27,-36.0,6000,0.349,7,0.2221,-0.0108,0,0.2448,0.3415,0.3383,0.3036,24.79,18.72,16.56,14.05,0.4545,1.0,87.5,87.62,39.99,36.13
28,1,CA1-DG,38.0,0.2721,0.3182,-31.0,6000,0.3663,2,0.1097,0.0024,0,0.2231,0.4752,0.3547,0.2998,28.69,35.89,19.8,14.15,0.7778,0.6,68.92,68.6,33.0,87.27
28,1,CA1-DG,43.0,0.3088,0.3746,-26.0,6000,0.3436,3,0.1367,-0.0075,0,0.1812,0.5134,0.3622,0.2919,61.86,54.15,12.73,22.08,0.6,1.0,42.98,70.92,38.84,69.57
28,1,CA1-DG,48.0,0.3456,0.3465,-21.0,6000,0.3289,4,0.137,-0.0113,0,0.1757,0.659,0.3678,0.3124,35.53,57.33,72.28,74.85,0.4545,1.0,69.55,57.32,52.7,32.65
28,1,CA1-DG,53.0,0.3824,0.3593,-16.0,6000,0.2998,4,0.1257,-0.0315,0,0.1758,0.6783,0.3535,0.2809,30.31,26.64,19.91,22.86,0.4545,1.0,80.39,85.15,80.92,75.55
28,1,CA1-DG,58.0,0.4191,0.3158,-11.0,6000,0.2856,4,0.1303,-0.0332,0,0.1573,0.5509,0.3437,0.2691,26.11,30.1,70.56,71.35,0.4545,1.0,70.51,70.38,70.11,71.83
28,1,CA1-DG,63.0,0.4559,0.3796,-6.0,6000,0.3202,3,0.1134,0.0029,0,0.2252,0.1441,0.3395,0.2688,33.49,47.15,16.36,27.99,0.7778,0.6,72.04,63.11,42.71,28.6
28,1,CA1-DG,68.0,0.4926,0.476,-1.0,6000,0.5363,6,0.3203,0.0205,0,0.1702,0.1097,0.3342,0.2723,46.64,35.61,13.21,5.91,0.6,1.0,58.77,37.66,67.99,66.91
28,1,CA1-DG,73.0,0.5294,0.5182,4.0,6000,0.3948,4,0.1956,0.0264,0,0.163,0.1246,0.3537,0.2882,27.84,21.25,23.98,18.35,0.4545,0.6,64.9,24.8,83.0,63.74
28,1,CA1-DG,78.0,0.5662,0.6613,9.0,6000,0.237,4,0.1391,0.0376,0,0.2191,0.1956,0.3258,0.2527,26.78,18.34,33.36,41.69,0.4545,0.3333,38.58,31.93,80.52,81.11
28,1,CA1-DG,83.0,0.6029,0.7651,14.0,6000,0.2649,10,0.2516,0.0307,0,0.2307,0.2756,0.3462,0.2415,63.32,72.88,32.38,38.92,0.6,0.3333,62.34,41.52,37.44,34.84
28,1,CA1-DG,88.0,0.6397,0.9155,19.0,6000,0.3,5,0.1548,0.0254,0,0.2798,0.3021,0.364,0.2741,22.7,14.55,53.12,58.65,0.6,1.0,42.45,29.9,63.87,68.8
28,1,CA1-DG,93.0,0.6765,0.9833,24.0,6000,0.513,4,0.2478,0.0226,0,0.3045,0.3432,0.3649,0.3086,22.02,14.44,42.17,29.7,0.4545,1.0,44.82,45.84,5.4,1.14
28,1,CA1-DG,98.0,0.7132,1.0,29.0,6000,0.5893,4,0.33,0.0156,0,0.3148,0.3776,0.3598,0.3074,43.68,31.78,8.7,0.78,0.4545,1.0,66.37,57.93,8.93,1.16
28,1,CA1-DG,103.0,0.75,0.9333,34.0,6000,0.6051,5,0.3514,0.0059,0,0.4005,0.3502,0.3832,0.3022,40.16,28.43,22.75,0.7,0.6,1.0,64.16,78.75,4.43,1.72
28,1,CA1-DG,108.0,0.7868,0.8565,39.0,6000,0.5148,4,0.2747,0.0175,0,0.3102,0.3477,0.3619,0.2796,29.34,21.91,22.07,1.73,0.6,1.0,53.46,42.76,22.01,6.43
28,1,CA1-DG,113.0,0.8235,0.7989,44.0,6000,0.3689,4,0.2036,0.036,0,0.2647,0.3595,0.3496,0.2587,27.52,18.81,25.13,2.47,0.6,1.0,36.59,28.52,47.79,40.63
28,1,CA1-DG,118.0,0.8603,0.7434,49.0,6000,0.4761,4,0.243,0.0266,0,0.302,0.3529,0.3586,0.3041,23.04,14.15,18.22,2.95,0.4545,1.0,50.41,31.69,45.27,1.98
28,1,CA1-DG,123.0,0.8971,0.7314,54.0,6000,0.5663,5,0.325,0.0074,0,0.3393,0.3603,0.3856,0.3444,48.11,27.65,24.97,1.37,0.6,0.6,45.52,25.82,31.48,3.25
28,1,CA1-DG,128.0,0.9338,0.6867,59.0,6000,0.5009,5,0.282,0.024,0,0.3287,0.3645,0.3686,0.3125,31.68,17.18,32.43,2.03,0.7778,0.6,53.94,29.63,15.06,2.78
28,1,CA1-V1,8.0,0.0515,0.0162,-61.0,6000,0.3575,1,0.0684,-0.0153,-1,0.3351,0.3634,0.2489,0.281,nan,nan,nan,nan,,,85.62,86.43,87.64,44.53
28,1,CA1-V1,13.0,0.0882,0.0162,-56.0,6000,0.4239,1,0.0991,-0.0098,-1,0.297,0.37,0.2533,0.2798,61.39,71.03,31.95,31.38,0.4545,0.5,84.59,81.11,81.75,35.8
28,1,CA1-V1,18.0,0.125,0.0833,-51.0,6000,0.4262,1,0.1002,-0.0017,0,0.3011,0.3301,0.2747,0.2617,60.89,70.73,25.14,25.18,0.6,0.6364,88.04,83.79,37.24,37.26
28,1,CA1-V1,23.0,0.1618,0.1389,-46.0,6000,0.421,1,0.0976,0.0037,-3,0.2887,0.3191,0.2721,0.264,66.81,75.06,21.28,19.22,0.7778,0.5,87.6,83.03,79.05,36.61
28,1,CA1-V1,28.0,0.1985,0.2667,-41.0,6000,0.3672,1,0.0724,-0.0028,0,0.2534,0.3159,0.2467,0.2489,83.57,86.92,22.49,23.18,0.6,0.8,71.04,77.64,38.7,40.64
28,1,CA1-V1,33.0,0.2353,0.27,-36.0,6000,0.4917,1,0.1384,-0.0028,0,0.2206,0.3217,0.2173,0.2514,40.18,54.29,27.19,24.65,1.0,0.6364,56.17,56.68,33.74,46.86
28,1,CA1-V1,38.0,0.2721,0.3182,-31.0,6000,0.3946,1,0.0846,-0.0073,0,0.208,0.3008,0.2108,0.2466,38.72,53.77,20.44,25.02,0.7778,0.5652,47.94,58.72,47.98,66.63
28,1,CA1-V1,43.0,0.3088,0.3746,-26.0,6000,0.3567,1,0.0681,-0.0245,0,0.1795,0.298,0.2153,0.238,31.67,41.03,16.74,26.05,0.4545,0.5,39.2,61.51,27.82,38.85
28,1,CA1-V1,48.0,0.3456,0.3465,-21.0,6000,0.2766,2,0.0809,-0.0409,-10,0.1796,0.2874,0.2029,0.2297,39.57,43.18,31.49,35.05,0.6,0.5652,88.6,84.59,45.16,54.04
28,1,CA1-V1,53.0,0.3824,0.3593,-16.0,6000,0.2991,1,0.0469,-0.0205,-7,0.21,0.2852,0.1981,0.2141,66.6,65.11,40.64,36.62,0.4545,0.6364,80.11,83.65,52.01,51.58
28,1,CA1-V1,58.0,0.4191,0.3158,-11.0,6000,0.3183,1,0.0534,-0.0305,0,0.1748,0.279,0.1818,0.2069,38.16,51.11,24.0,28.54,0.7778,0.5652,74.56,84.08,40.93,42.04
28,1,CA1-V1,63.0,0.4559,0.3796,-6.0,6000,0.3105,1,0.0507,-0.0092,0,0.1678,0.2482,0.1667,0.1889,61.07,66.01,25.34,28.63,0.7778,0.5652,85.26,64.24,38.41,44.17
28,1,CA1-V1,68.0,0.4926,0.476,-1.0,6000,0.3049,1,0.0488,0.022,0,0.162,0.2567,0.1736,0.1839,71.61,74.08,23.41,33.12,0.7778,0.6364,89.05,72.55,75.16,55.86
28,1,CA1-V1,73.0,0.5294,0.5182,4.0,6000,0.4114,2,0.1579,0.0007,0,0.1814,0.2343,0.1947,0.1947,44.57,38.09,27.46,31.89,0.6,0.7143,76.04,88.18,67.46,69.43
28,1,CA1-V1,78.0,0.5662,0.6613,9.0,6000,0.2807,0,0.0,0.0049,0,0.2016,0.2376,0.2001,0.2089,63.63,57.57,33.7,24.75,0.6,0.5652,47.08,56.0,45.57,48.25
28,1,CA1-V1,83.0,0.6029,0.7651,14.0,6000,0.3189,1,0.0536,0.0393,0,0.1633,0.2518,0.1893,0.2235,38.62,35.25,26.63,31.66,0.4545,0.5652,66.48,58.25,27.49,41.26
28,1,CA1-V1,88.0,0.6397,0.9155,19.0,6000,0.3682,1,0.0729,0.0238,0,0.1705,0.2394,0.1882,0.2266,37.39,35.49,19.29,28.46,0.6,0.6364,69.54,58.25,30.69,37.88
28,1,CA1-V1,93.0,0.6765,0.9833,24.0,6000,0.3866,1,0.081,0.0113,0,0.2018,0.241,0.2118,0.2225,38.4,52.76,24.53,22.89,0.7778,0.44,65.17,68.9,44.66,40.48
28,1,CA1-V1,98.0,0.7132,1.0,29.0,6000,0.3755,1,0.076,-0.0086,0,0.2402,0.2515,0.2045,0.1958,29.89,37.53,16.29,22.16,0.7778,0.7143,74.22,76.62,25.94,38.49
28,1,CA1-V1,103.0,0.75,0.9333,34.0,6000,0.3367,1,0.0602,-0.0153,0,0.2817,0.2265,0.166,0.1877,86.8,86.26,19.23,26.83,0.7778,0.44,71.58,84.98,53.02,41.5
28,1,CA1-V1,108.0,0.7868,0.8565,39.0,6000,0.28,1,0.0408,-0.0011,0,0.2483,0.262,0.1694,0.1855,39.49,43.33,18.84,22.58,0.6,0.5652,77.72,86.13,45.7,37.61
28,1,CA1-V1,113.0,0.8235,0.7989,44.0,6000,0.1781,0,0.0,0.0083,0,0.2345,0.2872,0.1414,0.151,69.16,52.74,44.57,44.58,0.6,0.6364,82.4,75.8,63.43,51.7
28,1,CA1-V1,118.0,0.8603,0.7434,49.0,6000,0.275,2,0.0654,0.0106,0,0.2622,0.2478,0.2098,0.1901,64.61,60.25,41.77,38.29,0.6,0.5652,86.94,79.54,45.28,46.04
28,1,CA1-V1,123.0,0.8971,0.7314,54.0,6000,0.3079,2,0.0799,0.0123,0,0.3092,0.2461,0.2142,0.1931,47.44,45.33,31.16,28.96,0.7778,0.44,88.51,88.04,60.08,38.24
28,1,CA1-V1,128.0,0.9338,0.6867,59.0,6000,0.2414,1,0.03,0.0081,0,0.3119,0.2833,0.1711,0.1909,68.84,61.65,45.53,39.01,0.7778,0.3846,84.81,89.92,69.28,48.87
28,1,CA3-DG,8.0,0.0515,0.0162,-61.0,6000,0.6074,2,0.2429,-0.0212,0,0.6479,0.2049,0.6632,0.5106,nan,nan,nan,nan,,,84.25,53.71,89.45,7.75
28,1,CA3-DG,13.0,0.0882,0.0162,-56.0,6000,0.6256,2,0.2745,-0.0003,0,0.6814,0.2413,0.686,0.5271,63.31,51.74,25.83,9.81,0.6,0.6,83.3,83.37,71.89,10.53
28,1,CA3-DG,18.0,0.125,0.0833,-51.0,6000,0.648,3,0.3501,0.021,0,0.6352,0.556,0.6694,0.4366,86.6,89.81,25.0,15.13,0.6,0.3333,82.57,24.46,48.62,7.84
28,1,CA3-DG,23.0,0.1618,0.1389,-46.0,6000,0.5314,5,0.3971,0.0124,0,0.9432,0.4773,0.4737,0.4354,90.0,21.11,90.0,88.09,0.3333,0.6,72.24,15.25,0.0,38.54
28,1,CA3-DG,28.0,0.1985,0.2667,-41.0,6000,0.3806,5,0.2042,0.0075,0,0.9432,0.3434,0.4814,0.3834,73.35,15.44,0.0,58.47,1.0,1.0,72.99,20.51,0.0,8.88
28,1,CA3-DG,33.0,0.2353,0.27,-36.0,6000,0.4326,3,0.301,0.0071,0,0.7949,0.3202,0.4783,0.3913,88.98,8.86,89.99,5.74,0.6,1.0,89.38,19.62,12.19,79.11
28,1,CA3-DG,38.0,0.2721,0.3182,-31.0,6000,0.5708,3,0.479,-0.0101,0,0.7883,0.4112,0.4752,0.446,30.09,8.05,13.35,34.54,0.6,0.6,69.27,15.32,18.17,89.53
28,1,CA3-DG,43.0,0.3088,0.3746,-26.0,6000,0.5819,3,0.5145,-0.0356,0,0.9377,0.4553,0.5084,0.4603,84.39,14.9,39.67,11.24,0.6,1.0,51.88,19.25,0.0,57.23
28,1,CA3-DG,48.0,0.3456,0.3465,-21.0,6000,0.7122,3,0.5416,-0.0222,0,0.9377,0.5222,0.5219,0.4754,45.23,12.4,0.01,31.24,1.0,1.0,81.74,21.2,0.03,2.05
28,1,CA3-DG,53.0,0.3824,0.3593,-16.0,6000,0.694,6,0.5991,0.0006,0,0.8273,0.5485,0.5546,0.4325,89.07,8.84,52.29,0.25,1.0,1.0,51.44,17.22,0.94,1.34
28,1,CA3-DG,58.0,0.4191,0.3158,-11.0,6000,0.4892,3,0.4291,-0.0012,0,0.9571,0.4812,0.5082,0.4032,63.68,11.42,23.12,0.72,0.6,0.6,55.61,16.77,0.0,26.19
28,1,CA3-DG,63.0,0.4559,0.3796,-6.0,6000,0.5176,2,0.1811,0.0132,0,0.9377,0.1373,0.5035,0.398,88.01,85.16,55.8,88.23,1.0,0.6,86.04,72.62,0.0,10.77
28,1,CA3-DG,68.0,0.4926,0.476,-1.0,6000,0.4745,4,0.1728,0.0328,0,0.7786,0.1023,0.5042,0.4509,89.92,48.99,89.1,4.51,0.3333,1.0,81.83,86.41,64.21,10.56
28,1,CA3-DG,73.0,0.5294,0.5182,4.0,6000,0.515,4,0.2004,0.0369,0,0.8183,0.117,0.4625,0.398,80.77,67.2,52.52,6.24,0.6,0.6,70.04,58.23,25.79,8.47
28,1,CA3-DG,78.0,0.5662,0.6613,9.0,6000,0.6583,5,0.4282,0.0626,0,0.171,0.1937,0.5046,0.4354,60.9,84.39,48.54,4.73,0.3333,0.3333,73.31,52.94,15.48,13.76
28,1,CA3-DG,83.0,0.6029,0.7651,14.0,6000,0.4461,4,0.241,0.0228,0,0.1774,0.271,0.4982,0.4269,48.99,35.28,8.66,19.42,0.6,0.3333,70.45,55.24,13.35,32.6
28,1,CA3-DG,88.0,0.6397,0.9155,19.0,6000,0.4923,6,0.2664,0.0071,0,0.2192,0.2999,0.5585,0.432,71.85,65.34,7.33,4.48,0.6,0.6,68.44,44.79,8.28,18.9
28,1,CA3-DG,93.0,0.6765,0.9833,24.0,6000,0.6565,4,0.3399,0.02,0,0.2512,0.3533,0.5544,0.4099,31.55,16.94,5.12,6.01,0.6,0.6,40.87,21.23,9.17,17.73
28,1,CA3-DG,98.0,0.7132,1.0,29.0,6000,0.6239,3,0.2946,0.0017,0,0.189,0.4043,0.5606,0.4114,43.3,10.82,10.39,36.88,0.3333,0.6,34.11,18.69,12.22,27.94
28,1,CA3-DG,103.0,0.75,0.9333,34.0,6000,0.6257,3,0.2819,-0.0064,0,0.2088,0.3824,0.5511,0.4319,21.16,8.7,5.17,31.97,0.6,0.6,64.17,25.24,19.82,10.84
28,1,CA3-DG,108.0,0.7868,0.8565,39.0,6000,0.6342,2,0.2877,0.0056,0,0.221,0.3641,0.5493,0.4411,55.33,25.91,5.05,7.29,1.0,1.0,37.53,22.14,12.64,13.62
28,1,CA3-DG,113.0,0.8235,0.7989,44.0,6000,0.6687,2,0.3294,0.0259,0,0.2161,0.3707,0.5822,0.4293,19.11,11.83,4.69,6.35,0.6,1.0,26.47,44.77,5.44,18.33
28,1,CA3-DG,118.0,0.8603,0.7434,49.0,6000,0.6795,3,0.3581,0.026,0,0.2778,0.3715,0.5422,0.415,17.17,18.4,4.45,9.34,0.3333,0.6,40.94,34.3,6.88,39.71
28,1,CA3-DG,123.0,0.8971,0.7314,54.0,6000,0.6733,3,0.3483,-0.032,0,0.3141,0.3914,0.5677,0.4214,27.35,10.78,6.27,6.52,1.0,0.6,83.59,76.21,8.15,20.13
28,1,CA3-DG,128.0,0.9338,0.6867,59.0,6000,0.6583,2,0.3069,-0.0063,0,0.2781,0.384,0.552,0.4114,23.52,24.95,5.8,8.52,1.0,0.6,83.64,52.02,26.45,14.78
34,1,CA1-CA3,8.0,0.0933,0.1333,-40.0,6000,0.5022,2,0.1942,0.0008,0,0.1902,0.446,0.4894,0.3927,nan,nan,nan,nan,,,65.81,61.4,17.03,55.28
34,1,CA1-CA3,13.0,0.16,0.2667,-35.0,6000,0.5509,4,0.2994,0.0111,0,0.1999,0.6866,0.4657,0.3594,80.26,28.76,8.22,42.64,0.4,1.0,54.64,41.39,17.22,3.51
34,1,CA1-CA3,18.0,0.2267,0.3171,-30.0,6000,0.5624,3,0.2711,0.0076,0,0.3496,0.675,0.476,0.371,24.42,10.55,9.94,58.35,0.4,1.0,78.93,37.02,89.71,40.3
34,1,CA1-CA3,23.0,0.2933,0.3068,-25.0,6000,0.6603,3,0.434,0.0087,0,0.9111,0.7651,0.4684,0.3548,89.45,89.46,89.22,87.87,0.2727,0.6,24.89,80.72,0.0,0.0
34,1,CA1-CA3,28.0,0.36,0.2905,-20.0,6000,0.6509,4,0.4862,0.0089,0,0.9075,0.2555,0.4652,0.3788,24.78,76.67,12.52,87.8,0.75,1.0,50.8,27.62,3.52,14.84
34,1,CA1-CA3,33.0,0.4267,0.386,-15.0,6000,0.5343,3,0.2978,0.0091,0,0.9016,0.1166,0.4509,0.3884,19.61,71.67,8.16,8.26,0.75,0.6,75.09,36.75,4.04,10.06
34,1,CA1-CA3,38.0,0.4933,0.5303,-10.0,6000,0.6093,4,0.4292,0.0303,0,0.8609,0.0666,0.4532,0.3829,47.0,32.88,46.53,9.24,0.5556,0.1429,38.71,30.49,4.74,20.42
34,1,CA1-CA3,43.0,0.56,0.5344,-5.0,6000,0.5455,3,0.2939,0.0194,0,0.897,0.0445,0.4868,0.3847,43.1,11.86,56.32,16.67,0.4,0.6,28.84,21.91,47.53,7.7
34,1,CA1-CA3,48.0,0.6267,0.5781,0.0,6000,0.6765,4,0.5106,0.0278,0,0.8529,0.0773,0.4679,0.3838,49.12,26.09,65.2,5.56,0.2727,0.3333,29.02,44.92,4.24,12.66
34,1,CA1-CA3,53.0,0.6933,0.6539,5.0,6000,0.6805,5,0.5845,0.0124,0,0.9628,0.094,0.4806,0.3717,90.0,22.84,90.0,8.61,0.5556,1.0,80.98,24.76,0.0,12.51
34,1,CA1-CA3,58.0,0.76,0.8361,10.0,6000,0.6747,4,0.5097,0.0088,0,0.8778,0.0805,0.4618,0.3717,90.0,18.14,90.0,7.08,1.0,0.3333,26.04,35.2,1.29,14.13
34,1,CA1-CA3,63.0,0.8267,0.908,15.0,6000,0.6809,4,0.5156,0.0122,0,0.8742,0.0805,0.4896,0.3791,60.96,34.22,0.98,10.02,0.75,1.0,46.14,57.61,1.29,10.95
34,1,CA1-CA3,68.0,0.8933,0.9141,20.0,6000,0.5134,7,0.353,0.0207,0,0.9055,0.096,0.4881,0.3777,43.35,68.08,43.05,9.0,0.4,0.6,27.94,37.22,1.34,10.49
34,1,CA1-V1,8.0,0.0933,0.1333,-40.0,6000,0.291,1,0.0442,0.0356,2,0.2418,0.3376,0.2039,0.1959,nan,nan,nan,nan,,,84.99,63.3,42.13,52.24
34,1,CA1-V1,13.0,0.16,0.2667,-35.0,6000,0.324,1,0.0555,0.0214,2,0.2363,0.2768,0.2285,0.1982,66.57,72.23,28.51,31.84,1.0,0.5,79.09,89.43,64.95,48.18
34,1,CA1-V1,18.0,0.2267,0.3171,-30.0,6000,0.3195,1,0.0538,-0.0098,-3,0.37,0.2377,0.2158,0.2018,60.57,49.47,22.46,29.99,0.75,0.4634,84.73,62.95,62.95,47.37
34,1,CA1-V1,23.0,0.2933,0.3068,-25.0,6000,0.2443,0,0.0,-0.0214,0,0.4171,0.236,0.2218,0.1929,35.87,47.69,34.74,34.23,0.75,0.6667,84.4,85.46,72.89,66.2
34,1,CA1-V1,28.0,0.36,0.2905,-20.0,6000,0.1917,0,0.0,-0.0243,-7,0.8962,0.2331,0.1785,0.1884,89.06,58.71,89.06,45.2,0.5556,0.5789,85.21,59.02,5.07,76.37
34,1,CA1-V1,33.0,0.4267,0.386,-15.0,6000,0.1873,0,0.0,-0.0511,-10,0.9057,0.2351,0.1659,0.1929,67.04,41.32,1.12,40.38,0.4,0.4634,68.97,83.9,5.48,82.15
34,1,CA1-V1,38.0,0.4933,0.5303,-10.0,6000,0.184,0,0.0,-0.0394,-2,0.8548,0.2196,0.1668,0.1835,70.49,77.18,48.8,37.56,0.75,0.4286,85.4,77.07,8.12,86.28
34,1,CA1-V1,43.0,0.56,0.5344,-5.0,6000,0.2097,0,0.0,-0.0271,0,0.8957,0.2316,0.194,0.2076,80.47,68.78,44.4,37.48,0.5556,0.3636,89.83,87.63,12.86,54.96
34,1,CA1-V1,48.0,0.6267,0.5781,0.0,6000,0.4597,1,0.1187,-0.0262,0,0.8847,0.2874,0.2341,0.2682,68.57,63.86,43.35,37.03,0.4,0.25,67.95,67.73,25.74,35.04
34,1,CA1-V1,53.0,0.6933,0.6539,5.0,6000,0.539,1,0.1716,-0.0277,0,0.878,0.2741,0.2438,0.293,49.78,50.57,2.42,20.95,0.75,0.4634,57.76,67.99,6.59,25.32
34,1,CA1-V1,58.0,0.76,0.8361,10.0,6000,0.4826,1,0.1326,-0.019,0,0.8725,0.2585,0.2127,0.266,30.88,45.45,3.12,24.29,1.0,0.5385,70.61,65.09,17.99,35.37
34,1,CA1-V1,63.0,0.8267,0.908,15.0,6000,0.4836,1,0.1332,-0.0239,-5,0.8713,0.2768,0.2235,0.2665,33.3,41.46,3.04,25.48,0.75,0.6216,84.37,64.18,12.05,40.48
34,1,CA1-V1,68.0,0.8933,0.9141,20.0,6000,0.3999,1,0.0871,-0.0273,-7,0.8938,0.3126,0.2405,0.2584,43.09,51.11,42.84,26.33,0.75,0.6216,55.69,55.12,10.0,30.87
36,1,CA1-CA3,8.0,0.0909,0.1331,-20.0,6000,0.5009,3,0.2252,-0.0328,0,0.361,0.103,0.3887,0.2344,nan,nan,nan,nan,,,32.96,36.04,21.29,10.68
36,1,CA1-CA3,13.0,0.1558,0.1783,-15.0,6000,0.5021,3,0.2345,-0.0183,0,0.3334,0.0691,0.4058,0.2388,30.18,29.91,20.15,8.64,0.4286,1.0,47.45,26.99,21.37,7.85
36,1,CA1-CA3,18.0,0.2208,0.2431,-10.0,6000,0.5107,3,0.2358,-0.0282,0,0.317,0.0554,0.4172,0.2606,23.41,21.61,15.36,10.89,0.5385,1.0,55.39,35.38,26.49,11.87
36,1,CA1-CA3,23.0,0.2857,0.363,-5.0,6000,0.4972,4,0.2554,-0.0375,0,0.3126,0.0546,0.4228,0.2491,26.55,33.65,15.76,13.66,0.4286,0.5,59.81,78.01,29.37,14.19
36,1,CA1-CA3,28.0,0.3506,0.4762,0.0,6000,0.471,2,0.2075,-0.022,0,0.3088,0.044,0.4211,0.2598,24.49,36.39,16.43,7.11,0.1765,0.5,75.81,71.92,24.13,18.42
36,1,CA1-CA3,33.0,0.4156,0.5918,5.0,6000,0.4579,3,0.2242,-0.0216,0,0.2966,0.0444,0.3992,0.2551,37.18,34.94,23.31,24.66,0.3333,0.2,45.71,55.44,25.53,16.48
36,1,CA1-CA3,38.0,0.4805,0.6141,10.0,6000,0.468,3,0.2527,-0.0329,0,0.2539,0.0333,0.3817,0.2573,49.71,42.19,22.67,11.32,0.25,0.2,84.54,66.5,37.24,33.48
36,1,CA1-CA3,43.0,0.5455,0.7146,15.0,6000,0.4714,3,0.2577,-0.0199,0,0.2935,0.0432,0.4046,0.2714,48.42,28.55,25.83,20.82,0.25,0.2,51.49,45.6,35.53,34.62
36,1,CA1-CA3,48.0,0.6104,0.7232,20.0,6000,0.4757,4,0.2758,-0.0239,0,0.3288,0.0602,0.4085,0.2622,59.67,68.33,23.24,19.25,0.4286,1.0,87.18,79.12,86.72,82.85
36,1,CA1-CA3,53.0,0.6753,0.8064,25.0,6000,0.4662,4,0.2768,-0.0203,0,0.3191,0.0656,0.4046,0.263,57.98,47.42,27.14,18.1,0.4286,1.0,46.67,40.35,47.19,37.77
36,1,CA1-CA3,58.0,0.7403,0.7996,30.0,6000,0.4661,4,0.2495,-0.0101,0,0.321,0.0838,0.393,0.2468,70.44,60.64,10.28,15.26,0.6667,1.0,57.3,57.69,30.56,28.02
36,1,CA1-CA3,63.0,0.8052,0.895,35.0,6000,0.502,2,0.2461,-0.0149,0,0.2922,0.0819,0.4015,0.2362,32.9,28.94,17.15,15.11,0.3333,1.0,53.64,48.16,23.0,13.99
36,1,CA1-CA3,68.0,0.8701,0.9164,40.0,6000,0.5176,3,0.267,-0.0293,0,0.3215,0.0798,0.395,0.2544,36.1,27.72,12.96,6.19,0.5385,0.5,39.39,23.36,21.47,14.97
36,1,CA1-V1,8.0,0.0909,0.1331,-20.0,6000,0.2188,0,0.0,0.0055,4,0.309,0.0652,0.196,0.12,nan,nan,nan,nan,,,84.33,89.47,50.82,69.1
36,1,CA1-V1,13.0,0.1558,0.1783,-15.0,6000,0.2434,0,0.0,0.0173,6,0.2996,0.0735,0.2136,0.149,83.66,85.03,38.87,34.38,0.4286,0.7778,80.78,76.34,50.44,53.08
36,1,CA1-V1,18.0,0.2208,0.2431,-10.0,6000,0.1015,0,0.0,0.0291,8,0.2826,0.0727,0.1919,0.1308,52.04,40.93,41.1,51.52,0.25,0.4545,78.31,61.85,53.12,58.07
36,1,CA1-V1,23.0,0.2857,0.363,-5.0,6000,0.1368,0,0.0,0.028,6,0.2579,0.0728,0.1755,0.1103,61.53,56.75,30.33,26.66,0.8182,0.6,83.74,72.6,70.57,71.74
36,1,CA1-V1,28.0,0.3506,0.4762,0.0,6000,0.2353,0,0.0,0.0405,1,0.264,0.0563,0.2051,0.1239,62.31,61.28,35.05,43.74,0.25,0.6,71.16,85.08,51.74,68.39
36,1,CA1-V1,33.0,0.4156,0.5918,5.0,6000,0.1933,0,0.0,0.0134,5,0.2564,0.077,0.2016,0.1143,49.09,53.35,31.71,31.71,0.5385,0.7778,70.77,87.58,49.89,54.69
36,1,CA1-V1,38.0,0.4805,0.6141,10.0,6000,0.19,0,0.0,-0.0131,-10,0.2245,0.0905,0.1713,0.1258,73.0,73.98,35.53,30.52,0.4286,0.7778,85.14,77.45,46.54,58.77
36,1,CA1-V1,43.0,0.5455,0.7146,15.0,6000,0.1777,0,0.0,0.017,4,0.2377,0.0788,0.1565,0.1203,54.01,53.03,40.57,46.04,0.25,0.6,85.31,87.68,55.3,46.24
36,1,CA1-V1,48.0,0.6104,0.7232,20.0,6000,0.1922,0,0.0,-0.0167,-6,0.2613,0.0631,0.1368,0.088,70.4,67.7,42.53,36.44,0.25,0.6,86.57,85.45,59.3,62.15
36,1,CA1-V1,53.0,0.6753,0.8064,25.0,6000,0.1406,0,0.0,-0.0521,-6,0.2364,0.0667,0.1477,0.0891,56.96,49.33,38.05,31.89,0.25,0.6,70.7,76.85,69.33,84.08
36,1,CA1-V1,58.0,0.7403,0.7996,30.0,6000,0.1615,0,0.0,-0.0455,-6,0.24,0.0675,0.1648,0.0948,60.76,61.92,42.42,37.51,0.25,0.6,85.24,77.08,74.76,61.94
36,1,CA1-V1,63.0,0.8052,0.895,35.0,6000,0.1158,0,0.0,0.0057,8,0.2059,0.0748,0.1897,0.1267,67.78,63.91,43.09,39.16,0.3333,0.6,80.03,81.41,73.08,77.17
36,1,CA1-V1,68.0,0.8701,0.9164,40.0,6000,0.2087,0,0.0,-0.0273,-7,0.2622,0.0696,0.1923,0.1548,56.7,43.19,37.61,39.55,0.1765,0.6,64.4,56.74,76.04,73.38
41,1,CA1-CA3,23.0,0.2075,0.4475,-6.0,6000,0.803,4,0.8492,-0.0041,0,0.7712,0.9078,0.5166,0.461,nan,nan,nan,nan,,,31.35,32.42,0.0,0.0
41,1,CA1-CA3,28.0,0.2547,0.4754,-1.0,6000,0.8568,4,1.0229,0.0153,0,0.7707,0.8974,0.5027,0.4338,18.33,28.35,0.0,0.0,1.0,0.7143,42.28,47.4,0.0,0.0
41,1,CA1-CA3,33.0,0.3019,0.6452,4.0,6000,0.5548,4,0.5392,0.0148,0,0.2886,0.8927,0.5024,0.4569,50.13,35.58,89.21,2.57,1.0,0.5,55.27,46.28,60.83,18.74
41,1,CA1-CA3,38.0,0.3491,0.6686,9.0,6000,0.5553,4,0.5544,0.014,0,0.2871,0.8894,0.4965,0.4484,21.38,18.85,7.59,1.93,0.3333,0.7143,70.74,39.65,53.51,1.62
41,1,CA1-CA3,48.0,0.4434,0.7638,19.0,6000,0.4019,4,0.3383,0.0095,0,0.252,0.874,0.5054,0.4246,26.12,40.4,11.6,20.41,0.7143,0.7143,79.18,34.47,84.54,53.58
41,1,CA1-CA3,53.0,0.4906,0.8752,24.0,6000,0.4666,3,0.2572,0.0014,0,0.2133,0.1928,0.5326,0.4351,24.67,79.94,9.45,66.97,0.3333,0.7143,38.26,29.34,17.32,27.35
41,1,CA1-CA3,58.0,0.5377,0.8009,29.0,6000,0.6809,3,0.5887,0.0175,0,0.2234,0.1485,0.5333,0.4237,20.09,16.74,9.97,7.78,0.7143,0.7143,35.7,43.56,29.96,28.8
41,1,CA1-CA3,63.0,0.5849,0.7302,34.0,6000,0.677,3,0.5973,0.0126,0,0.1359,0.8758,0.5153,0.3857,22.66,85.86,12.1,85.11,0.2,0.7143,61.97,85.16,14.64,2.17
41,1,CA1-CA3,68.0,0.6321,0.6262,39.0,6000,0.5955,3,0.3979,-0.0095,0,0.1177,0.1477,0.5403,0.4229,19.82,86.29,6.44,82.32,0.5,0.5,27.72,34.93,10.87,16.67
41,1,CA1-CA3,73.0,0.6792,0.718,44.0,6000,0.5985,3,0.4069,0.0061,0,0.1403,0.1377,0.5261,0.421,7.54,23.5,6.65,9.49,0.7143,0.5,20.67,31.38,10.68,13.43
41,1,CA1-CA3,78.0,0.7264,0.8181,49.0,6000,0.5593,3,0.3746,0.0143,0,0.1114,0.1267,0.5332,0.4296,11.88,16.98,8.53,8.44,0.5,0.5,21.1,27.64,10.74,13.14
41,1,CA1-CA3,83.0,0.7736,0.8162,54.0,6000,0.6807,3,0.593,0.0096,0,0.1079,0.8652,0.5209,0.4214,11.6,88.9,5.88,84.87,0.5,0.7143,21.15,56.19,7.94,1.13
41,1,CA1-CA3,88.0,0.8208,0.718,59.0,6000,0.5341,3,0.3485,-0.0024,0,0.1039,0.1974,0.5218,0.4458,14.28,88.3,7.55,87.32,0.3333,0.3333,26.69,35.26,13.73,24.56
41,1,CA1-CA3,93.0,0.8679,0.6302,64.0,6000,0.5461,3,0.3421,-0.0138,0,0.1427,0.1869,0.5367,0.435,18.89,26.66,10.53,13.69,0.5,0.5,24.4,26.9,11.51,23.69
41,1,CA1-CA3,98.0,0.9151,0.765,69.0,6000,0.5345,3,0.4128,0.0045,0,0.1433,0.1669,0.5171,0.4508,22.36,35.13,9.01,15.28,0.3333,0.5,18.63,55.09,9.08,38.54
41,1,CA1-V1,8.0,0.066,0.0804,-21.0,6000,0.223,0,0.0,-0.0666,-9,0.2368,0.3084,0.2351,0.2079,nan,nan,nan,nan,,,60.09,81.07,75.25,76.01
41,1,CA1-V1,13.0,0.1132,0.2553,-16.0,6000,0.2396,0,0.0,-0.0736,-10,0.2167,0.2745,0.2606,0.2223,47.11,60.55,33.82,37.37,0.7143,0.5714,54.13,74.17,63.14,54.35
41,1,CA1-V1,18.0,0.1604,0.3587,-11.0,6000,0.1905,0,0.0,-0.0613,-6,0.2285,0.2565,0.2514,0.2072,45.67,38.65,52.4,52.21,0.7143,0.6296,63.22,70.91,64.15,77.52
41,1,CA1-V1,23.0,0.2075,0.4475,-6.0,6000,0.1789,0,0.0,-0.0301,-10,0.3147,0.2407,0.2295,0.1906,49.89,45.44,45.23,47.78,0.5,0.5439,66.71,79.44,77.69,65.18
41,1,CA1-V1,28.0,0.2547,0.4754,-1.0,6000,0.324,1,0.0554,-0.03,-10,0.4097,0.2303,0.2413,0.2041,73.03,84.31,60.34,47.06,1.0,0.4426,61.52,76.26,38.84,53.58
41,1,CA1-V1,33.0,0.3019,0.6452,4.0,6000,0.2925,0,0.0,-0.0218,0,0.2875,0.2352,0.1734,0.2096,74.04,61.84,37.68,29.01,0.7143,0.5439,78.44,81.82,81.54,49.85
41,1,CA1-V1,38.0,0.3491,0.6686,9.0,6000,0.2976,1,0.0464,-0.0076,0,0.2893,0.2291,0.1674,0.1912,86.27,80.98,25.19,31.99,0.3333,0.4915,72.22,78.26,78.54,52.01
41,1,CA1-V1,43.0,0.3962,0.7713,14.0,6000,0.2672,0,0.0,0.0147,10,0.2001,0.2238,0.2251,0.1895,71.51,69.98,24.36,33.9,0.7143,0.4426,86.71,80.88,36.0,54.09
41,1,CA1-V1,48.0,0.4434,0.7638,19.0,6000,0.2621,0,0.0,0.0,9,0.2529,0.2166,0.1938,0.1969,44.51,61.98,24.09,34.39,0.7143,0.5714,76.04,81.06,82.96,66.92
41,1,CA1-V1,53.0,0.4906,0.8752,24.0,6000,0.3759,2,0.1343,-0.006,0,0.2173,0.2115,0.2264,0.2083,49.59,57.21,18.32,36.9,0.3333,0.375,83.82,81.2,66.13,64.58
41,1,CA1-V1,58.0,0.5377,0.8009,29.0,6000,0.3169,1,0.0529,-0.0108,0,0.2288,0.2109,0.2266,0.2192,33.64,40.81,20.27,36.01,1.0,0.4667,83.39,82.82,48.41,46.61
41,1,CA1-V1,63.0,0.5849,0.7302,34.0,6000,0.3566,1,0.068,-0.0092,0,0.1462,0.2211,0.2439,0.2343,33.97,48.21,20.57,29.09,0.5,0.4667,88.44,62.49,86.91,43.3
41,1,CA1-V1,68.0,0.6321,0.6262,39.0,6000,0.5102,1,0.1508,-0.0098,0,0.1294,0.2136,0.2317,0.2271,37.33,42.49,22.39,30.42,0.7143,0.4426,86.98,79.17,35.29,49.7
41,1,CA1-V1,73.0,0.6792,0.718,44.0,6000,0.3841,2,0.1675,0.0031,0,0.1505,0.2056,0.1999,0.2241,26.81,29.77,12.74,25.3,0.7143,0.4426,84.74,81.22,29.09,45.66
41,1,CA1-V1,78.0,0.7264,0.8181,49.0,6000,0.0869,2,0.1891,0.0011,0,0.1245,0.236,0.2356,0.2322,28.99,40.62,23.72,37.26,0.7143,0.4915,58.31,67.84,47.72,44.74
41,1,CA1-V1,83.0,0.7736,0.8162,54.0,6000,0.3138,1,0.0641,-0.0357,-6,0.1221,0.262,0.2631,0.2271,30.52,45.03,30.68,38.05,0.5,0.4915,61.29,72.08,89.08,70.29
41,1,CA1-V1,88.0,0.8208,0.718,59.0,6000,0.3728,5,0.3124,-0.0087,-2,0.1169,0.2441,0.2117,0.2077,63.02,74.93,62.52,88.85,0.3333,0.4426,70.11,75.72,78.73,83.6
41,1,CA1-V1,93.0,0.8679,0.6302,64.0,6000,0.3496,5,0.2003,0.0016,0,0.149,0.2684,0.1579,0.1554,87.39,86.52,26.1,46.74,0.5,0.4667,85.68,87.59,42.33,63.17
41,1,CA1-V1,98.0,0.9151,0.765,69.0,6000,0.0725,1,0.0535,0.0132,0,0.1547,0.2603,0.1759,0.1709,74.7,70.0,47.06,56.07,0.3333,0.375,68.18,80.64,34.26,62.47
52,1,CA1-RSC,8.0,0.0787,0.1269,-28.0,6000,0.1097,1,0.0118,0.0544,0,0.3566,0.0919,0.1792,0.0686,nan,nan,nan,nan,,,81.17,86.63,72.32,52.07
52,1,CA1-RSC,13.0,0.1348,0.1211,-23.0,6000,0.2637,1,0.036,0.0036,0,0.3275,0.104,0.1983,0.0677,86.83,78.35,55.28,59.76,0.3043,0.5,85.44,71.98,59.82,32.79
52,1,CA1-RSC,18.0,0.191,0.1569,-18.0,6000,0.2554,4,0.1021,-0.0319,0,0.3258,0.0903,0.1904,0.0894,65.88,71.44,47.53,29.29,0.4286,0.5,88.08,89.38,65.72,60.32
52,1,CA1-RSC,23.0,0.2472,0.1896,-13.0,6000,-0.0167,2,0.0316,-0.0061,0,0.3205,0.0716,0.2028,0.085,88.54,85.77,41.23,21.11,0.4286,1.0,84.7,85.55,82.32,75.92
52,1,CA1-RSC,28.0,0.3034,0.2679,-8.0,6000,0.0275,2,0.0744,-0.0168,0,0.2644,0.0692,0.19,0.1102,67.56,45.07,45.57,28.3,0.25,0.5,77.83,77.3,64.09,52.59
52,1,CA1-RSC,33.0,0.3596,0.3874,-3.0,6000,0.0901,0,0.0,-0.0036,0,0.2308,0.0505,0.1785,0.078,63.41,55.62,60.77,59.22,0.2,1.0,79.61,71.19,69.87,60.98
52,1,CA1-RSC,38.0,0.4157,0.5985,2.0,6000,0.1499,1,0.0114,-0.0033,0,0.2561,0.0387,0.1674,0.1212,89.07,85.29,34.8,18.16,0.5,0.5,82.16,73.27,58.83,40.38
52,1,CA1-RSC,43.0,0.4719,0.7274,7.0,6000,0.0739,0,0.0,0.0033,0,0.2657,0.0243,0.1758,0.0824,74.78,68.81,67.82,52.33,0.4286,0.2,85.37,85.95,89.04,86.74
52,1,CA1-RSC,48.0,0.5281,0.8603,12.0,6000,0.0973,0,0.0,-0.0047,0,0.2785,0.0264,0.1479,0.1153,68.73,50.26,49.93,37.98,0.5,0.2,85.08,63.42,75.24,41.05
52,1,CA1-RSC,53.0,0.5843,0.8818,17.0,6000,0.2351,6,0.1398,0.0189,0,0.2423,0.0394,0.1613,0.1178,54.6,27.72,51.71,34.29,0.25,0.5,69.3,64.75,81.32,84.12
52,1,CA1-RSC,58.0,0.6404,0.8405,22.0,6000,0.3241,7,0.301,0.0031,0,0.2656,0.043,0.1718,0.1283,52.09,33.73,80.32,77.24,0.1538,1.0,67.44,64.11,75.42,70.63
52,1,CA1-RSC,63.0,0.6966,0.7694,27.0,6000,0.3078,2,0.0712,-0.0031,0,0.2582,0.0524,0.1841,0.1241,61.45,59.67,46.03,36.91,0.6667,1.0,75.39,65.83,65.48,56.88
52,1,CA1-RSC,68.0,0.7528,0.7018,32.0,6000,0.1312,1,0.0087,0.0253,0,0.245,0.0565,0.1927,0.1435,53.27,51.65,41.35,29.25,0.5,1.0,82.14,84.07,70.44,48.2
52,1,CA1-RSC,73.0,0.809,0.7008,37.0,6000,0.1338,1,0.009,0.0373,0,0.2477,0.0509,0.219,0.1169,63.3,50.07,39.88,24.34,0.3043,0.2,80.92,60.29,51.27,42.78
52,1,CA1-RSC,78.0,0.8652,0.5905,42.0,6000,0.0535,3,0.0778,-0.0088,0,0.2772,0.0717,0.2095,0.112,44.5,29.88,36.92,21.92,0.3043,1.0,79.96,79.51,71.37,52.29
52,1,CA1-RSC,83.0,0.9213,0.5162,47.0,6000,0.0586,1,0.0108,0.0178,0,0.362,0.0852,0.2134,0.0953,67.66,72.3,65.72,66.93,0.3636,0.5,84.55,79.04,60.84,42.37
52,1,CA1-CA3,8.0,0.0787,0.1269,-28.0,6000,0.3284,3,0.1219,0.0317,0,0.33,0.3046,0.2403,0.2452,nan,nan,nan,nan,,,42.81,50.81,34.22,33.01
52,1,CA1-CA3,13.0,0.1348,0.1211,-23.0,6000,0.3118,3,0.1169,0.0255,0,0.3117,0.3269,0.2064,0.2008,35.39,36.52,32.9,42.07,0.5,0.28,55.63,58.41,37.26,33.83
52,1,CA1-CA3,18.0,0.191,0.1569,-18.0,6000,0.3167,3,0.1002,0.0193,0,0.3136,0.3166,0.2059,0.2043,34.12,40.27,21.59,28.72,0.5789,0.3913,81.03,76.77,48.28,52.57
52,1,CA1-CA3,23.0,0.2472,0.1896,-13.0,6000,0.4365,7,0.2891,0.0398,0,0.3165,0.3367,0.2916,0.3211,63.01,63.17,24.73,30.13,0.3043,0.28,67.94,60.58,39.19,41.86
52,1,CA1-CA3,28.0,0.3034,0.2679,-8.0,6000,0.135,4,0.097,0.0302,0,0.2524,0.3124,0.1904,0.1871,40.02,47.9,28.02,31.12,0.3636,0.4545,56.51,73.45,37.63,57.45
52,1,CA1-CA3,33.0,0.3596,0.3874,-3.0,6000,0.2665,3,0.0782,0.0152,0,0.2209,0.3004,0.1833,0.1791,47.83,53.71,29.29,45.35,0.3636,0.4545,55.66,61.48,54.32,53.75
52,1,CA1-CA3,38.0,0.4157,0.5985,2.0,6000,0.2394,2,0.0541,0.0416,0,0.2422,0.2882,0.1917,0.1865,46.26,41.29,29.54,42.84,0.5,0.4545,63.79,63.33,65.46,74.47
52,1,CA1-CA3,43.0,0.4719,0.7274,7.0,6000,0.2664,2,0.0594,0.0191,0,0.2508,0.2731,0.2059,0.1908,56.42,62.08,47.84,53.4,0.5789,0.4545,66.09,74.02,40.24,50.86
52,1,CA1-CA3,48.0,0.5281,0.8603,12.0,6000,0.306,2,0.0795,0.0184,0,0.2675,0.2711,0.1921,0.1879,38.05,37.94,24.41,28.77,0.4286,0.6,75.22,88.52,43.47,42.75
52,1,CA1-CA3,53.0,0.5843,0.8818,17.0,6000,0.3247,2,0.0807,-0.0055,0,0.2375,0.2693,0.2129,0.2025,58.56,52.9,22.47,23.17,0.5,0.5238,57.98,61.43,30.81,30.89
52,1,CA1-CA3,58.0,0.6404,0.8405,22.0,6000,0.3224,3,0.0976,-0.0264,0,0.2493,0.3086,0.2239,0.2265,61.83,61.07,22.35,28.47,0.3636,0.3913,62.23,63.52,33.06,39.08
52,1,CA1-CA3,63.0,0.6966,0.7694,27.0,6000,0.2349,5,0.1171,-0.0069,0,0.2563,0.2816,0.2081,0.2117,38.38,37.28,19.11,21.12,0.5789,0.5238,80.91,68.49,53.69,56.77
52,1,CA1-CA3,68.0,0.7528,0.7018,32.0,6000,0.2978,3,0.0824,-0.012,0,0.2272,0.2971,0.2017,0.2168,45.9,42.33,24.26,22.86,0.6667,0.5238,80.43,75.55,45.54,49.37
52,1,CA1-CA3,73.0,0.809,0.7008,37.0,6000,0.3343,3,0.1048,0.002,0,0.2141,0.2946,0.2149,0.2187,36.28,41.95,30.55,36.47,0.3043,0.6842,58.18,72.56,41.82,38.7
52,1,CA1-CA3,78.0,0.8652,0.5905,42.0,6000,0.3242,3,0.1139,0.0222,0,0.2524,0.3307,0.2359,0.2396,65.86,59.79,33.48,24.88,0.3043,0.5238,53.91,54.64,34.06,31.09
52,1,CA1-CA3,83.0,0.9213,0.5162,47.0,6000,0.3093,5,0.1347,0.0126,0,0.3144,0.3308,0.3326,0.3271,33.57,40.24,28.59,30.34,0.5,0.4545,63.24,64.51,39.51,51.04
52,1,CA1-DG,8.0,0.0787,0.1269,-28.0,6000,0.3022,5,0.1103,0.0107,0,0.3344,0.1895,0.218,0.1773,nan,nan,nan,nan,,,62.34,69.73,39.06,39.17
52,1,CA1-DG,13.0,0.1348,0.1211,-23.0,6000,0.0387,9,0.1829,0.0106,0,0.3144,0.1749,0.1903,0.1387,59.63,59.88,29.95,23.13,0.5,0.5,88.71,78.75,44.38,45.58
52,1,CA1-DG,18.0,0.191,0.1569,-18.0,6000,0.0154,7,0.1546,0.0265,0,0.3135,0.1265,0.1833,0.127,67.82,72.63,23.4,24.9,0.5,0.5,89.34,76.8,48.72,44.16
52,1,CA1-DG,23.0,0.2472,0.1896,-13.0,6000,0.1453,0,0.0,0.0192,0,0.3119,0.1102,0.2128,0.1597,73.75,71.07,31.24,28.26,0.25,0.3846,73.3,79.72,42.57,48.97
52,1,CA1-DG,28.0,0.3034,0.2679,-8.0,6000,0.0415,9,0.1942,-0.0164,0,0.2516,0.1486,0.1941,0.1445,55.32,57.95,27.47,20.39,0.3043,0.6364,82.55,88.65,51.28,47.22
52,1,CA1-DG,33.0,0.3596,0.3874,-3.0,6000,0.216,1,0.0239,0.0236,0,0.2221,0.1396,0.196,0.143,75.95,78.04,32.85,29.3,0.3636,0.6364,75.39,84.63,47.67,48.82
52,1,CA1-DG,38.0,0.4157,0.5985,2.0,6000,0.2282,2,0.0418,0.0182,0,0.2437,0.1061,0.2024,0.1316,58.91,58.47,39.36,38.63,0.5789,0.125,66.28,58.26,44.8,45.57
52,1,CA1-DG,43.0,0.4719,0.7274,7.0,6000,0.2185,2,0.0414,0.0097,0,0.2507,0.108,0.187,0.1459,80.56,79.45,27.9,31.22,0.5,0.3846,85.58,73.82,52.62,45.57
52,1,CA1-DG,48.0,0.5281,0.8603,12.0,6000,0.1498,0,0.0,-0.0027,0,0.2682,0.102,0.1805,0.1378,62.71,71.95,32.47,32.68,0.4286,0.5,88.5,87.51,89.89,81.03
52,1,CA1-DG,53.0,0.5843,0.8818,17.0,6000,0.3301,12,0.3065,-0.0061,0,0.2391,0.1072,0.1888,0.1461,60.84,55.96,33.39,26.65,0.4286,0.6364,87.3,87.94,86.43,89.56
52,1,CA1-DG,58.0,0.6404,0.8405,22.0,6000,0.4709,8,0.2929,0.0095,0,0.2551,0.1157,0.1937,0.1626,56.2,47.43,42.01,29.47,0.3636,0.6364,83.14,89.37,75.48,78.99
52,1,CA1-DG,63.0,0.6966,0.7694,27.0,6000,0.2189,1,0.0245,0.0058,0,0.2592,0.1453,0.1863,0.1603,58.08,47.14,35.12,25.16,0.6667,0.8,83.71,88.21,64.8,70.05
52,1,CA1-DG,68.0,0.7528,0.7018,32.0,6000,0.2011,2,0.0386,0.0487,0,0.2333,0.1053,0.2034,0.2049,47.78,38.74,38.01,35.01,0.6667,0.5,69.53,60.52,62.49,69.22
52,1,CA1-DG,73.0,0.809,0.7008,37.0,6000,0.2418,2,0.0584,0.0266,0,0.2182,0.1087,0.2171,0.2277,37.46,26.86,49.43,45.23,0.3636,0.3846,67.56,67.65,63.3,60.54
52,1,CA1-DG,78.0,0.8652,0.5905,42.0,6000,0.0035,5,0.1591,0.047,0,0.2516,0.1177,0.2245,0.232,41.06,38.54,27.81,21.35,0.3043,0.2857,65.33,68.18,58.09,64.86
52,1,CA1-DG,83.0,0.9213,0.5162,47.0,6000,0.2071,2,0.0475,0.0355,0,0.3194,0.1293,0.2327,0.2149,45.92,47.68,52.02,45.38,0.5,0.3846,89.65,78.6,64.72,60.01
52,1,CA1-V1,8.0,0.0787,0.1269,-28.0,6000,0.3054,3,0.1576,-0.0181,0,0.3283,0.2503,0.1774,0.1523,nan,nan,nan,nan,,,58.72,73.06,86.27,87.95
52,1,CA1-V1,13.0,0.1348,0.1211,-23.0,6000,0.0741,1,0.0491,-0.0598,0,0.3136,0.2484,0.2199,0.1708,72.54,62.09,63.02,59.83,0.5,0.4359,58.27,71.33,50.22,47.97
52,1,CA1-V1,18.0,0.191,0.1569,-18.0,6000,0.0724,2,0.1362,-0.0762,0,0.3137,0.2535,0.2267,0.1704,39.59,39.76,37.49,31.42,0.5789,0.5135,53.66,56.95,38.84,41.97
52,1,CA1-V1,23.0,0.2472,0.1896,-13.0,6000,0.1081,1,0.0809,-0.0883,-10,0.3152,0.2697,0.2369,0.1816,40.29,32.97,22.68,28.32,0.25,0.5556,67.64,76.2,60.78,66.33
52,1,CA1-V1,28.0,0.3034,0.2679,-8.0,6000,0.0859,3,0.2316,-0.0708,0,0.2465,0.2359,0.2027,0.1829,29.07,35.95,34.35,37.56,0.3636,0.5556,54.44,64.95,51.17,47.88
52,1,CA1-V1,33.0,0.3596,0.3874,-3.0,6000,0.3675,2,0.1303,-0.082,0,0.2215,0.2271,0.2027,0.1708,76.99,63.34,24.37,28.01,0.3636,0.4737,80.96,75.83,40.45,48.44
52,1,CA1-V1,38.0,0.4157,0.5985,2.0,6000,0.3738,2,0.1244,-0.0353,0,0.2423,0.2164,0.2152,0.1819,75.52,71.63,51.96,47.53,0.5,0.4737,67.96,73.13,45.94,51.34
52,1,CA1-V1,43.0,0.4719,0.7274,7.0,6000,0.3968,2,0.161,-0.0171,0,0.2518,0.2145,0.235,0.2058,57.45,48.72,30.43,36.3,0.5789,0.3023,44.47,55.99,32.87,43.24
52,1,CA1-V1,48.0,0.5281,0.8603,12.0,6000,0.4097,2,0.1624,-0.0638,0,0.2709,0.2327,0.2364,0.195,28.75,42.41,41.16,38.19,0.4286,0.5135,44.85,53.04,36.37,54.28
52,1,CA1-V1,53.0,0.5843,0.8818,17.0,6000,0.1562,0,0.0,-0.0614,0,0.2371,0.236,0.2431,0.1942,39.38,35.45,32.04,35.49,0.3636,0.6,37.15,47.48,54.55,69.46
52,1,CA1-V1,58.0,0.6404,0.8405,22.0,6000,-0.0682,2,0.1364,-0.0294,0,0.2543,0.2602,0.2329,0.2009,37.22,28.97,44.08,44.26,0.3636,0.6,49.8,54.06,71.53,78.62
52,1,CA1-V1,63.0,0.6966,0.7694,27.0,6000,0.1446,1,0.0593,-0.0325,0,0.2536,0.2529,0.2187,0.1956,27.12,30.18,23.38,30.62,0.7647,0.6471,57.41,49.27,47.04,47.72
52,1,CA1-V1,68.0,0.7528,0.7018,32.0,6000,0.2634,1,0.045,-0.0367,0,0.2282,0.2471,0.2068,0.1785,31.77,37.1,33.68,35.3,0.5789,0.5556,86.26,88.99,83.67,87.37
52,1,CA1-V1,73.0,0.809,0.7008,37.0,6000,0.2711,2,0.0771,-0.0234,0,0.2174,0.234,0.21,0.1822,42.69,40.65,43.29,42.41,0.3636,0.4737,58.13,67.33,89.59,89.22
52,1,CA1-V1,78.0,0.8652,0.5905,42.0,6000,0.16,4,0.2881,-0.0387,0,0.2616,0.247,0.1886,0.1649,43.97,49.46,37.4,35.31,0.3043,0.5135,71.26,73.1,89.13,85.55
52,1,CA1-V1,83.0,0.9213,0.5162,47.0,6000,0.306,2,0.0933,-0.0216,0,0.3209,0.2732,0.2115,0.172,48.48,45.32,54.11,42.72,0.5789,0.6,63.95,60.18,54.56,48.99
52,1,CA3-DG,8.0,0.0787,0.1269,-28.0,6000,0.5996,8,0.9366,0.0087,0,0.3123,0.1835,0.402,0.3309,nan,nan,nan,nan,,,39.8,30.26,50.62,55.11
52,1,CA3-DG,13.0,0.1348,0.1211,-23.0,6000,0.7194,12,1.098,0.0108,0,0.3204,0.1701,0.4146,0.3561,36.09,28.81,19.59,14.77,0.28,0.6364,38.77,36.11,23.09,18.61
52,1,CA3-DG,18.0,0.191,0.1569,-18.0,6000,0.6958,11,1.1596,0.0201,0,0.3055,0.123,0.4153,0.3419,25.66,16.87,13.58,14.88,0.4545,0.5,27.74,24.05,50.03,49.0
52,1,CA3-DG,23.0,0.2472,0.1896,-13.0,6000,0.6242,7,0.7791,0.032,0,0.3428,0.1054,0.4387,0.3404,27.18,18.24,18.9,16.96,0.28,0.3846,31.1,31.61,24.63,23.55
52,1,CA3-DG,28.0,0.3034,0.2679,-8.0,6000,0.6165,8,0.804,0.0052,0,0.3188,0.1425,0.4097,0.3287,21.16,16.31,16.61,9.68,0.3913,0.5,31.75,28.46,48.74,48.51
52,1,CA3-DG,33.0,0.3596,0.3874,-3.0,6000,0.6409,7,0.8523,-0.0108,0,0.3125,0.133,0.3997,0.3276,21.28,14.58,31.09,29.76,0.3913,0.6364,31.43,18.73,24.33,21.15
52,1,CA3-DG,38.0,0.4157,0.5985,2.0,6000,0.6388,6,0.8193,0.0193,0,0.2891,0.1191,0.3901,0.3107,32.32,18.64,24.91,18.72,0.4545,0.2,40.81,27.61,50.46,45.88
52,1,CA3-DG,43.0,0.4719,0.7274,7.0,6000,0.6293,6,0.7318,0.0154,0,0.2772,0.1131,0.3921,0.3051,36.73,23.45,19.25,13.0,0.5238,0.3846,79.71,73.55,45.55,39.11
52,1,CA3-DG,48.0,0.5281,0.8603,12.0,6000,0.6443,6,0.75,0.0035,0,0.2763,0.1062,0.4097,0.3216,62.86,60.03,18.11,17.18,0.6,0.6364,83.48,77.12,35.56,27.86
52,1,CA3-DG,53.0,0.5843,0.8818,17.0,6000,0.6456,6,0.7771,0.0238,0,0.2805,0.1079,0.4054,0.3291,64.58,59.94,13.94,10.84,0.5238,0.5,87.6,88.8,27.89,20.11
52,1,CA3-DG,58.0,0.6404,0.8405,22.0,6000,0.6563,6,0.8261,0.0319,0,0.3101,0.117,0.3949,0.3271,57.07,43.94,19.01,13.73,0.3333,0.3846,52.2,46.52,22.6,19.17
52,1,CA3-DG,63.0,0.6966,0.7694,27.0,6000,0.7216,15,1.2728,0.0372,0,0.2928,0.146,0.3865,0.3306,21.42,13.19,18.98,15.41,0.4545,0.8,32.2,28.26,30.09,24.95
52,1,CA3-DG,68.0,0.7528,0.7018,32.0,6000,0.6981,11,1.1665,0.0371,0,0.3092,0.1179,0.3844,0.3367,27.26,23.62,17.05,16.57,0.5238,0.3846,40.34,26.08,39.64,27.11
52,1,CA3-DG,73.0,0.809,0.7008,37.0,6000,0.6975,14,1.2722,0.0522,0,0.2962,0.1109,0.3856,0.3315,26.98,16.89,38.02,32.02,0.6,0.3846,29.8,31.52,83.32,86.73
52,1,CA3-DG,78.0,0.8652,0.5905,42.0,6000,0.713,12,1.3006,0.031,0,0.3332,0.1233,0.3729,0.3362,22.02,16.57,21.37,11.73,0.3913,0.2,35.24,29.56,33.07,18.32
52,1,CA3-DG,83.0,0.9213,0.5162,47.0,6000,0.6768,5,0.8348,0.0203,0,0.3369,0.1279,0.3927,0.3557,29.38,20.84,26.38,11.43,0.5238,0.5,32.03,27.12,28.18,18.12
52,1,V1-RSC,8.0,0.0787,0.1269,-28.0,6000,0.2267,4,0.1343,-0.0006,0,0.2461,0.0941,0.2463,0.2336,nan,nan,nan,nan,,,77.73,78.29,50.24,25.38
52,1,V1-RSC,13.0,0.1348,0.1211,-23.0,6000,0.1007,2,0.0464,0.0158,0,0.2479,0.1092,0.2491,0.2081,58.76,54.96,44.65,39.58,0.3659,0.5,81.33,55.92,61.02,50.68
52,1,V1-RSC,18.0,0.191,0.1569,-18.0,6000,0.5849,3,0.3078,0.0079,0,0.2465,0.094,0.2649,0.2054,58.86,39.89,33.84,24.45,0.4359,0.5,87.22,89.21,49.5,36.05
52,1,V1-RSC,23.0,0.2472,0.1896,-13.0,6000,0.358,3,0.1197,0.0398,0,0.2567,0.0753,0.2689,0.2258,69.26,62.17,39.39,23.95,0.4,1.0,69.41,46.7,42.36,14.57
52,1,V1-RSC,28.0,0.3034,0.2679,-8.0,6000,0.3765,3,0.2646,0.007,0,0.2326,0.0711,0.2794,0.2575,73.89,61.15,30.11,17.24,0.3659,0.5,74.58,84.11,47.48,22.5
52,1,V1-RSC,33.0,0.3596,0.3874,-3.0,6000,0.3521,3,0.092,-0.0155,0,0.1903,0.0492,0.2835,0.2261,67.86,59.27,32.07,13.83,0.4,1.0,84.95,64.06,43.45,21.79
52,1,V1-RSC,38.0,0.4157,0.5985,2.0,6000,0.3101,4,0.1117,0.0325,0,0.2081,0.0383,0.2497,0.2143,57.08,39.73,35.63,11.96,0.4359,0.2,66.2,35.76,42.1,27.36
52,1,V1-RSC,43.0,0.4719,0.7274,7.0,6000,0.2932,4,0.1177,0.038,0,0.2228,0.026,0.2323,0.2178,36.53,27.91,72.68,66.02,0.2727,0.2,61.11,57.34,60.19,52.17
52,1,V1-RSC,48.0,0.5281,0.8603,12.0,6000,0.3207,5,0.1267,0.0141,0,0.2283,0.0255,0.2429,0.2186,41.18,29.94,35.13,17.01,0.3659,0.5,61.91,46.25,50.55,43.54
52,1,V1-RSC,53.0,0.5843,0.8818,17.0,6000,0.3861,3,0.1964,0.0029,0,0.2412,0.0382,0.2655,0.2227,37.76,15.69,25.61,12.1,0.4737,0.2,66.62,42.67,49.69,25.46
52,1,V1-RSC,58.0,0.6404,0.8405,22.0,6000,0.1857,5,0.155,0.014,0,0.268,0.0438,0.2914,0.2657,34.18,23.24,29.57,12.73,0.4737,1.0,58.21,34.65,45.76,23.41
52,1,V1-RSC,63.0,0.6966,0.7694,27.0,6000,0.4192,6,0.208,0.0274,0,0.2473,0.0491,0.2813,0.2732,36.48,16.01,22.47,7.01,0.5556,1.0,73.37,31.46,50.5,24.01
52,1,V1-RSC,68.0,0.7528,0.7018,32.0,6000,0.1869,4,0.1653,0.0281,0,0.2427,0.0549,0.2744,0.252,41.67,19.44,28.42,14.63,0.6,0.5,73.42,63.68,44.11,27.54
52,1,V1-RSC,73.0,0.809,0.7008,37.0,6000,0.0394,3,0.1259,0.0303,0,0.2312,0.0517,0.268,0.224,43.79,38.48,29.55,14.67,0.4,0.5,68.32,51.64,40.9,19.25
52,1,V1-RSC,78.0,0.8652,0.5905,42.0,6000,0.4377,5,0.2517,0.0514,0,0.2258,0.0717,0.2652,0.2235,44.28,35.9,27.48,10.2,0.4737,0.5,72.16,56.85,48.77,30.83
52,1,V1-RSC,83.0,0.9213,0.5162,47.0,6000,0.304,3,0.1053,0.0603,0,0.2647,0.0836,0.2388,0.1989,42.67,17.71,26.63,19.0,0.4737,0.5,65.23,62.64,47.0,25.39
61,1,CA1-RSC,8.0,0.066,0.0618,-80.0,6000,0.3198,1,0.0539,-0.0148,0,0.4101,0.2663,0.1457,0.1197,nan,nan,nan,nan,,,78.65,80.51,42.24,61.12
61,1,CA1-RSC,13.0,0.1132,0.0944,-75.0,6000,0.2678,2,0.0666,-0.0166,0,0.3747,0.2362,0.1363,0.117,68.4,77.43,38.67,48.09,0.3913,0.5263,72.57,70.8,52.26,64.81
61,1,CA1-RSC,18.0,0.1604,0.0714,-70.0,6000,0.2659,3,0.1022,0.0299,0,0.3711,0.2204,0.1486,0.1109,74.39,77.08,58.32,54.52,0.4545,0.4872,56.27,51.58,60.12,66.6
61,1,CA1-RSC,23.0,0.2075,0.09,-65.0,6000,0.3206,2,0.0882,0.0137,0,0.351,0.2092,0.187,0.1243,83.74,88.59,58.01,51.47,0.3333,0.6111,59.18,54.66,39.77,51.08
61,1,CA1-RSC,28.0,0.2547,0.0972,-60.0,6000,0.2852,1,0.0424,0.0552,0,0.3204,0.1817,0.1717,0.1246,89.83,86.8,41.95,39.67,0.5238,0.45,85.07,79.2,46.18,55.92
61,1,CA1-RSC,33.0,0.3019,0.2042,-55.0,6000,0.2097,1,0.0225,0.0104,0,0.3364,0.1779,0.1458,0.1267,58.53,59.15,48.25,46.34,0.4545,0.45,88.68,85.27,43.84,53.81
61,1,CA1-RSC,38.0,0.3491,0.2867,-50.0,6000,0.363,3,0.1789,0.0097,0,0.3251,0.2004,0.1688,0.1366,69.32,71.71,56.62,53.09,0.5238,0.381,43.83,50.67,40.33,45.29
61,1,CA1-RSC,43.0,0.3962,0.4267,-45.0,6000,0.4279,3,0.2553,0.0192,0,0.3231,0.2124,0.1856,0.1451,37.92,38.39,24.5,26.55,0.4545,0.5676,52.1,51.4,34.98,41.49
61,1,CA1-RSC,48.0,0.4434,0.441,-40.0,6000,0.401,4,0.2074,0.0315,0,0.3255,0.2097,0.1868,0.1407,47.81,39.47,17.08,19.94,0.5238,0.5263,69.31,60.93,39.27,43.78
61,1,CA1-RSC,53.0,0.4906,0.3487,-35.0,6000,0.4835,3,0.2534,0.0146,0,0.3005,0.2008,0.1559,0.1384,48.0,41.92,28.98,28.42,0.3913,0.45,56.96,56.62,65.69,68.35
61,1,CA1-RSC,58.0,0.5377,0.3673,-30.0,6000,0.3296,6,0.2706,0.0095,0,0.289,0.1985,0.1547,0.1371,42.71,50.09,84.88,85.75,0.3913,0.5263,67.24,73.05,57.69,60.57
61,1,CA1-RSC,63.0,0.5849,0.3872,-25.0,6000,0.1432,3,0.1663,0.017,0,0.2506,0.2029,0.1555,0.1335,50.98,53.84,49.89,47.63,0.4545,0.5676,58.5,53.12,60.91,60.61
61,1,CA1-RSC,68.0,0.6321,0.528,-20.0,6000,0.2407,3,0.0904,0.0183,0,0.2594,0.2104,0.1553,0.1323,34.8,39.99,48.19,42.96,0.4545,0.45,57.86,63.89,59.2,69.24
61,1,CA1-RSC,73.0,0.6792,0.4167,-15.0,6000,0.1511,6,0.4302,0.0349,0,0.2974,0.187,0.1453,0.1327,42.89,49.43,53.44,61.1,0.4545,0.5263,77.52,87.2,70.37,65.3
61,1,CA1-RSC,78.0,0.7264,0.4743,-10.0,6000,0.4389,8,0.4844,0.0551,0,0.3317,0.1593,0.1785,0.1366,56.08,65.67,41.14,44.54,0.3913,0.381,84.39,83.17,45.15,52.44
61,1,CA1-RSC,83.0,0.7736,0.4596,-5.0,6000,0.3346,3,0.1292,0.0635,0,0.3356,0.1858,0.1673,0.1428,39.2,42.33,29.53,34.41,0.4545,0.4872,88.71,73.19,63.68,63.1
61,1,CA1-RSC,88.0,0.8208,0.6552,0.0,6000,0.3568,5,0.1834,0.0172,0,0.3576,0.1869,0.1681,0.1335,53.39,48.74,63.56,60.62,0.6,0.4146,57.68,59.6,43.4,49.74
61,1,CA1-RSC,93.0,0.8679,0.5501,5.0,6000,0.3909,5,0.2137,-0.0019,0,0.3428,0.2002,0.1766,0.142,77.2,82.73,23.39,24.51,0.4545,0.5263,74.3,71.32,60.93,64.34
61,1,CA1-RSC,98.0,0.9151,0.639,10.0,6000,0.4092,3,0.1623,0.0126,0,0.3672,0.1968,0.1713,0.141,45.09,43.17,33.78,36.23,0.4545,0.4872,66.21,81.49,39.6,43.7
61,1,CA1-CA3,8.0,0.066,0.0618,-80.0,6000,0.3311,9,0.2597,-0.0399,0,0.4008,0.2384,0.2223,0.2468,nan,nan,nan,nan,,,86.16,83.37,32.56,43.88
61,1,CA1-CA3,13.0,0.1132,0.0944,-75.0,6000,0.3464,14,0.375,-0.0491,0,0.3809,0.2467,0.2274,0.2821,52.16,44.9,24.69,24.66,0.3333,0.6364,69.43,78.98,39.27,35.86
61,1,CA1-CA3,18.0,0.1604,0.0714,-70.0,6000,0.1229,10,0.2483,-0.0113,0,0.376,0.2829,0.2071,0.2997,64.85,62.23,26.08,23.93,0.4545,0.5,70.41,85.49,42.28,43.51
61,1,CA1-CA3,23.0,0.2075,0.09,-65.0,6000,0.2501,2,0.0539,0.0151,0,0.3453,0.2148,0.216,0.2367,68.57,80.87,20.86,19.66,0.3333,0.3846,86.81,82.46,45.4,40.48
61,1,CA1-CA3,28.0,0.2547,0.0972,-60.0,6000,0.2947,2,0.0726,0.0051,0,0.3191,0.1795,0.218,0.2229,77.24,81.41,26.67,17.51,0.3913,0.3846,88.52,86.84,49.62,37.61
61,1,CA1-CA3,33.0,0.3019,0.2042,-55.0,6000,0.2871,2,0.0651,0.0006,0,0.3347,0.1917,0.2219,0.2181,68.16,57.63,24.5,15.2,0.4545,0.5,79.75,84.64,43.37,38.97
61,1,CA1-CA3,38.0,0.3491,0.2867,-50.0,6000,0.2667,2,0.0531,-0.0124,0,0.3286,0.215,0.2243,0.2277,67.34,55.52,25.11,23.79,0.4545,0.3846,64.58,59.36,38.56,47.83
61,1,CA1-CA3,43.0,0.3962,0.4267,-45.0,6000,0.2969,3,0.0807,-0.0118,0,0.3243,0.2017,0.2195,0.2748,55.53,38.66,37.43,20.17,0.5238,0.6364,63.54,62.55,47.5,34.15
61,1,CA1-CA3,48.0,0.4434,0.441,-40.0,6000,0.2916,3,0.0919,0.006,0,0.3289,0.1888,0.2342,0.2708,39.04,22.71,28.06,15.59,0.5238,1.0,48.36,50.22,46.73,43.08
61,1,CA1-CA3,53.0,0.4906,0.3487,-35.0,6000,0.3249,3,0.1118,-0.0229,0,0.3012,0.1601,0.2249,0.2444,36.3,30.26,26.17,17.65,0.4545,0.6364,68.59,69.23,36.27,23.58
61,1,CA1-CA3,58.0,0.5377,0.3673,-30.0,6000,0.4073,7,0.2315,-0.0451,0,0.2904,0.1653,0.2048,0.2282,55.36,49.11,40.27,28.06,0.3333,0.3846,84.15,89.96,70.57,56.41
61,1,CA1-CA3,63.0,0.5849,0.3872,-25.0,6000,0.2153,7,0.331,-0.034,0,0.2516,0.1604,0.2111,0.2223,51.1,41.79,36.14,30.34,0.4545,0.5,89.15,81.33,42.41,36.85
61,1,CA1-CA3,68.0,0.6321,0.528,-20.0,6000,0.3459,2,0.1185,-0.0088,0,0.2618,0.2022,0.2416,0.2807,75.8,67.65,26.47,21.29,0.4545,0.6364,73.39,57.33,52.03,41.95
61,1,CA1-CA3,73.0,0.6792,0.4167,-15.0,6000,0.2704,9,0.3726,-0.0287,0,0.3032,0.2128,0.2476,0.2829,48.2,40.06,45.43,37.64,0.3913,0.6364,66.91,71.55,47.81,38.09
61,1,CA1-CA3,78.0,0.7264,0.4743,-10.0,6000,0.4964,13,0.5178,-0.0309,0,0.3381,0.1947,0.3414,0.4006,82.15,87.16,36.42,30.05,0.4545,0.5,86.05,89.12,47.26,47.46
61,1,CA1-CA3,83.0,0.7736,0.4596,-5.0,6000,0.5227,15,0.6094,-0.0007,0,0.3334,0.2022,0.2664,0.292,76.09,63.73,16.95,12.86,0.6,0.6364,60.68,50.31,31.95,25.16
61,1,CA1-CA3,88.0,0.8208,0.6552,0.0,6000,0.517,13,0.4421,-0.0139,0,0.3563,0.232,0.2596,0.3037,50.95,47.26,22.09,17.75,0.6,0.6364,65.71,68.18,27.13,26.68
61,1,CA1-CA3,93.0,0.8679,0.5501,5.0,6000,0.1586,9,0.2836,-0.0185,0,0.3422,0.2236,0.2653,0.2908,48.62,39.4,21.38,16.68,0.5238,0.6364,61.26,64.0,28.09,26.02
61,1,CA1-CA3,98.0,0.9151,0.639,10.0,6000,0.3075,3,0.1794,-0.0076,0,0.3681,0.1752,0.2568,0.2699,44.09,44.12,18.01,19.72,0.5238,0.5,85.9,84.0,29.11,27.91
61,1,CA1-DG,8.0,0.066,0.0618,-80.0,6000,0.3541,1,0.067,-0.0095,0,0.4079,0.1788,0.2643,0.2732,nan,nan,nan,nan,,,87.52,89.32,26.39,29.17
61,1,CA1-DG,13.0,0.1132,0.0944,-75.0,6000,0.3164,1,0.0527,-0.0564,0,0.3808,0.1645,0.2519,0.2738,78.15,67.03,20.7,13.46,0.28,0.5556,82.34,89.27,31.77,39.85
61,1,CA1-DG,18.0,0.1604,0.0714,-70.0,6000,0.3254,1,0.056,-0.0407,0,0.3807,0.1512,0.2583,0.2889,88.08,78.4,21.15,15.4,0.6,0.5556,79.82,83.93,37.39,23.43
61,1,CA1-DG,23.0,0.2075,0.09,-65.0,6000,0.3067,1,0.0494,-0.0157,0,0.3529,0.1969,0.2782,0.3186,69.09,85.16,25.34,9.45,0.28,0.2727,84.69,81.9,30.59,34.98
61,1,CA1-DG,28.0,0.2547,0.0972,-60.0,6000,0.3008,1,0.0474,-0.0354,0,0.3242,0.146,0.2735,0.2503,81.73,74.82,22.47,13.63,0.3333,0.5556,73.14,85.75,31.97,38.07
61,1,CA1-DG,33.0,0.3019,0.2042,-55.0,6000,0.2873,1,0.0431,-0.0265,0,0.3404,0.1044,0.2512,0.2567,70.11,72.43,19.6,16.25,0.3333,0.4,85.53,82.86,38.92,33.75
61,1,CA1-DG,38.0,0.3491,0.2867,-50.0,6000,0.2484,1,0.0319,-0.0216,0,0.3267,0.1738,0.2421,0.2648,89.45,83.1,27.67,17.71,0.3333,0.5556,86.22,77.19,36.43,37.46
61,1,CA1-DG,43.0,0.3962,0.4267,-45.0,6000,0.2582,1,0.0345,-0.0199,0,0.3325,0.1866,0.2115,0.2518,65.46,63.03,29.97,21.02,0.28,0.5556,77.78,82.32,42.19,40.64
61,1,CA1-DG,48.0,0.4434,0.441,-40.0,6000,0.2929,1,0.0449,0.0104,0,0.3293,0.1611,0.2098,0.2687,65.3,55.5,23.63,13.29,0.5238,0.75,86.1,87.89,29.66,29.86
61,1,CA1-DG,53.0,0.4906,0.3487,-35.0,6000,0.4709,9,0.3791,-0.018,0,0.3088,0.1774,0.2324,0.2766,62.81,67.39,28.27,19.85,0.4545,0.75,87.36,84.7,36.84,30.04
61,1,CA1-DG,58.0,0.5377,0.3673,-30.0,6000,0.3013,1,0.0476,0.0126,0,0.2945,0.1648,0.2552,0.2386,72.15,68.96,23.16,15.17,0.2308,0.5556,88.38,79.46,28.77,32.27
61,1,CA1-DG,63.0,0.5849,0.3872,-25.0,6000,0.345,1,0.0634,-0.0137,0,0.2548,0.1666,0.2389,0.2481,55.44,70.68,17.56,13.13,0.3913,0.2727,83.9,82.19,34.67,24.22
61,1,CA1-DG,68.0,0.6321,0.528,-20.0,6000,0.2872,1,0.043,0.0348,0,0.2676,0.2202,0.2211,0.321,86.76,72.19,25.23,19.5,0.28,0.2727,86.6,78.17,34.04,35.88
61,1,CA1-DG,73.0,0.6792,0.4167,-15.0,6000,0.2778,1,0.0402,0.0701,6,0.3055,0.157,0.2283,0.268,71.7,72.89,23.13,17.6,0.5238,0.5556,88.56,87.62,37.88,34.61
61,1,CA1-DG,78.0,0.7264,0.4743,-10.0,6000,0.3266,1,0.0564,0.0173,0,0.3386,0.1146,0.2495,0.2466,85.45,80.31,25.63,21.59,0.28,0.2727,81.25,81.35,36.31,37.48
61,1,CA1-DG,83.0,0.7736,0.4596,-5.0,6000,0.309,1,0.0502,-0.0154,0,0.3441,0.1464,0.2511,0.2605,53.46,68.52,19.53,13.98,0.5238,0.2727,88.5,75.16,32.03,29.08
61,1,CA1-DG,88.0,0.8208,0.6552,0.0,6000,0.3052,1,0.0489,-0.0067,0,0.3652,0.183,0.2648,0.2573,83.0,80.68,18.32,27.34,0.4545,0.5556,89.76,72.09,32.92,62.07
61,1,CA1-DG,93.0,0.8679,0.5501,5.0,6000,0.3128,1,0.0515,-0.0119,0,0.3454,0.1938,0.2677,0.2656,85.78,83.76,21.96,14.03,0.6842,0.4,85.1,75.84,29.86,39.03
61,1,CA1-DG,98.0,0.9151,0.639,10.0,6000,0.329,1,0.0573,-0.0248,0,0.3685,0.1894,0.2679,0.2594,79.67,67.59,24.36,36.49,0.5238,0.4,78.1,67.88,31.56,38.9
61,1,CA1-V1,8.0,0.066,0.0618,-80.0,6000,0.043,1,0.0203,-0.0262,-8,0.4062,0.3658,0.1412,0.1173,nan,nan,nan,nan,,,79.88,78.66,78.11,88.67
61,1,CA1-V1,13.0,0.1132,0.0944,-75.0,6000,0.1597,0,0.0,-0.0389,0,0.3797,0.3285,0.1363,0.1365,83.87,76.15,74.8,74.65,0.3913,0.7143,87.6,79.21,78.39,77.83
61,1,CA1-V1,18.0,0.1604,0.0714,-70.0,6000,0.2103,1,0.0226,-0.0139,0,0.3777,0.3057,0.1316,0.1374,65.46,64.38,60.63,50.4,0.3913,0.5484,70.46,66.32,56.26,43.95
61,1,CA1-V1,23.0,0.2075,0.09,-65.0,6000,0.2659,2,0.0661,-0.0221,0,0.3524,0.2764,0.1648,0.1509,60.44,55.41,39.2,41.33,0.3333,0.6,70.98,77.15,60.24,65.2
61,1,CA1-V1,28.0,0.2547,0.0972,-60.0,6000,-0.089,8,0.4171,-0.0313,0,0.3206,0.3074,0.1663,0.1539,64.74,54.63,50.98,44.32,0.3913,0.6,78.29,72.52,70.68,62.62
61,1,CA1-V1,33.0,0.3019,0.2042,-55.0,6000,-0.5225,11,1.4741,0.0328,0,0.3376,0.2993,0.1887,0.1936,87.5,83.99,69.03,58.18,0.3913,0.5,82.52,78.05,82.0,84.9
61,1,CA1-V1,38.0,0.3491,0.2867,-50.0,6000,0.1711,1,0.0245,0.0439,0,0.3304,0.3171,0.1224,0.1383,89.6,85.67,41.45,45.9,0.3913,0.6,77.09,83.48,73.43,75.28
61,1,CA1-V1,43.0,0.3962,0.4267,-45.0,6000,0.0096,4,0.1619,0.012,0,0.3276,0.3192,0.139,0.1414,85.86,82.83,48.19,45.45,0.4545,0.4545,89.03,86.19,67.41,63.04
61,1,CA1-V1,48.0,0.4434,0.441,-40.0,6000,0.1941,9,0.6238,0.0349,0,0.3285,0.3057,0.1217,0.1286,84.4,82.81,50.79,50.27,0.4545,0.6552,79.76,78.8,76.34,69.64
61,1,CA1-V1,53.0,0.4906,0.3487,-35.0,6000,0.2591,9,0.2535,0.0275,0,0.3047,0.287,0.121,0.126,80.37,87.56,53.48,45.79,0.4545,0.6552,85.6,70.32,75.2,60.88
61,1,CA1-V1,58.0,0.5377,0.3673,-30.0,6000,0.195,1,0.0298,0.0174,0,0.2925,0.2539,0.1083,0.1211,71.09,69.51,52.55,67.21,0.3333,0.6,85.94,83.56,74.6,66.18
61,1,CA1-V1,63.0,0.5849,0.3872,-25.0,6000,0.199,7,0.1569,0.0199,0,0.2527,0.2583,0.1132,0.1194,76.4,80.71,35.9,38.06,0.4545,0.5484,87.13,88.49,80.07,66.28
61,1,CA1-V1,68.0,0.6321,0.528,-20.0,6000,0.1423,0,0.0,0.0097,0,0.2634,0.2639,0.1205,0.1242,58.58,62.29,51.44,53.51,0.4545,0.4118,87.67,80.39,63.04,61.18
61,1,CA1-V1,73.0,0.6792,0.4167,-15.0,6000,0.1442,4,0.1791,-0.0083,0,0.2999,0.2625,0.1257,0.123,64.76,57.53,75.43,75.6,0.3913,0.6,89.53,86.59,70.97,59.83
61,1,CA1-V1,78.0,0.7264,0.4743,-10.0,6000,0.0346,4,0.2292,-0.0178,0,0.338,0.2706,0.1523,0.1264,79.71,86.0,47.33,47.21,0.4545,0.5484,83.6,87.74,66.31,61.36
61,1,CA1-V1,83.0,0.7736,0.4596,-5.0,6000,0.2015,1,0.0207,-0.0078,0,0.3403,0.2914,0.1456,0.1345,66.69,62.89,52.09,54.46,0.4545,0.5484,83.54,87.26,70.03,70.45
61,1,CA1-V1,88.0,0.8208,0.6552,0.0,6000,0.1829,1,0.0313,-0.0082,0,0.3581,0.3258,0.1283,0.1209,89.95,76.09,62.43,65.09,0.4545,0.5484,88.66,82.14,48.74,62.53
61,1,CA1-V1,93.0,0.8679,0.5501,5.0,6000,0.1216,1,0.0328,-0.0158,0,0.3413,0.3145,0.128,0.1302,56.62,54.77,49.53,44.49,0.6,0.7143,83.28,86.53,74.06,79.75
61,1,CA1-V1,98.0,0.9151,0.639,10.0,6000,0.1202,0,0.0,-0.0123,0,0.3677,0.3097,0.1362,0.1136,77.98,75.42,61.39,59.27,0.5238,0.4545,86.33,82.86,67.74,66.93
61,1,CA3-DG,8.0,0.066,0.0618,-80.0,6000,0.3865,4,0.2237,-0.0511,0,0.2323,0.9297,0.4426,0.4783,nan,nan,nan,nan,,,48.7,32.69,26.22,2.0
61,1,CA3-DG,13.0,0.1132,0.0944,-75.0,6000,0.3059,4,0.1993,-0.0284,0,0.2146,0.915,0.4497,0.5063,47.85,89.78,11.65,89.84,0.5,0.5556,37.56,56.62,49.27,17.36
61,1,CA3-DG,18.0,0.1604,0.0714,-70.0,6000,0.3983,5,0.2176,-0.0436,0,0.2475,0.9035,0.4342,0.4928,40.86,75.09,69.56,11.73,0.5,0.5556,54.35,78.35,38.48,15.02
61,1,CA3-DG,23.0,0.2075,0.09,-65.0,6000,0.473,5,0.3779,0.017,0,0.2128,0.1932,0.3779,0.4215,30.73,87.97,17.09,80.84,0.3846,0.2727,71.37,72.64,28.54,33.56
61,1,CA3-DG,28.0,0.2547,0.0972,-60.0,6000,0.5387,5,0.4721,-0.0202,0,0.2057,0.1455,0.3855,0.4097,16.44,19.24,47.48,52.74,0.3846,0.4,40.68,35.93,47.24,53.34
61,1,CA3-DG,33.0,0.3019,0.2042,-55.0,6000,0.5213,5,0.437,0.0004,0,0.1857,0.0995,0.3744,0.3954,29.05,33.16,11.86,12.62,0.8,0.4,34.28,38.3,41.26,37.93
61,1,CA3-DG,38.0,0.3491,0.2867,-50.0,6000,0.4676,5,0.3814,0.0259,0,0.185,0.1688,0.3675,0.3944,78.1,76.21,42.18,43.99,0.2857,0.5556,45.36,33.36,50.69,44.54
61,1,CA3-DG,43.0,0.3962,0.4267,-45.0,6000,0.4044,4,0.3423,0.0003,0,0.1774,0.1867,0.378,0.4249,20.95,17.46,76.6,77.99,0.6364,0.5556,54.69,51.5,81.9,80.54
61,1,CA3-DG,48.0,0.4434,0.441,-40.0,6000,0.458,4,0.4119,-0.0022,0,0.1847,0.1644,0.3521,0.4271,13.07,27.55,64.41,68.67,0.6364,0.5556,31.32,26.2,52.63,47.46
61,1,CA3-DG,53.0,0.4906,0.3487,-35.0,6000,0.5159,7,0.5349,-0.0207,0,0.1818,0.8474,0.3692,0.4375,26.58,87.18,72.38,86.68,0.6364,0.4,35.91,37.59,88.05,10.72
61,1,CA3-DG,58.0,0.5377,0.3673,-30.0,6000,0.6431,4,0.5723,0.0308,0,0.1655,0.169,0.3394,0.4337,83.96,88.61,13.61,77.93,0.2857,0.5556,52.04,54.28,18.01,26.23
61,1,CA3-DG,63.0,0.5849,0.3872,-25.0,6000,0.5148,7,0.4972,0.0222,0,0.1725,0.1702,0.3482,0.4303,63.91,64.02,14.99,16.13,0.3846,0.2727,74.96,72.49,59.69,59.65
61,1,CA3-DG,68.0,0.6321,0.528,-20.0,6000,0.4589,6,0.5501,0.0555,0,0.1924,0.925,0.4815,0.5289,45.27,88.76,27.91,88.96,0.2857,0.5556,88.51,7.89,87.69,57.16
61,1,CA3-DG,73.0,0.6792,0.4167,-15.0,6000,0.4125,7,0.3456,0.0581,0,0.2016,0.8503,0.437,0.4962,87.31,88.06,16.94,73.62,0.6364,1.0,82.72,86.78,75.26,6.67
61,1,CA3-DG,78.0,0.7264,0.4743,-10.0,6000,0.587,5,0.5657,0.0643,0,0.2148,0.1137,0.3978,0.4245,20.38,88.74,72.77,88.31,0.3846,0.2727,87.23,85.25,34.82,31.45
61,1,CA3-DG,83.0,0.7736,0.4596,-5.0,6000,0.3292,5,0.3445,0.0904,0,0.2122,0.1451,0.3586,0.419,89.45,84.05,62.98,59.02,0.6364,0.2727,18.15,45.82,85.32,89.14
61,1,CA3-DG,88.0,0.8208,0.6552,0.0,6000,0.425,4,0.3909,0.0884,0,0.2313,0.1784,0.3947,0.454,12.61,21.74,27.24,36.6,0.5,0.5556,21.18,28.33,89.9,87.66
61,1,CA3-DG,93.0,0.8679,0.5501,5.0,6000,0.5475,5,0.5533,0.0449,0,0.2392,0.1929,0.3729,0.4789,51.91,26.96,79.39,76.59,0.6364,0.4,69.15,30.0,79.96,71.64
61,1,CA3-DG,98.0,0.9151,0.639,10.0,6000,0.4583,4,0.381,0.0504,0,0.1801,0.1876,0.3798,0.4741,30.72,24.54,13.57,14.38,0.6364,0.5556,44.79,53.83,26.55,29.95
61,1,V1-RSC,8.0,0.066,0.0618,-80.0,6000,0.5183,3,0.3527,0.0366,0,0.3609,0.2595,0.21,0.1852,nan,nan,nan,nan,,,41.46,49.93,43.52,36.82
61,1,V1-RSC,13.0,0.1132,0.0944,-75.0,6000,0.5898,5,0.5411,0.0135,0,0.324,0.2309,0.222,0.1854,35.49,49.09,32.46,35.34,0.6552,0.5263,78.95,78.52,35.9,30.91
61,1,V1-RSC,18.0,0.1604,0.0714,-70.0,6000,0.5344,5,0.6629,0.0362,0,0.3024,0.2145,0.2284,0.1793,77.73,67.3,45.41,42.29,0.6,0.5676,57.3,55.06,53.07,67.11
61,1,V1-RSC,23.0,0.2075,0.09,-65.0,6000,0.5368,5,0.6458,0.0187,0,0.2795,0.2085,0.2254,0.184,27.41,33.42,28.91,32.14,0.6,0.6111,41.91,43.55,82.63,78.48
61,1,V1-RSC,28.0,0.2547,0.0972,-60.0,6000,0.5874,4,0.6711,-0.003,0,0.3042,0.1801,0.2335,0.2046,30.16,31.39,21.85,28.5,0.6,0.45,77.42,79.38,59.44,55.71
61,1,V1-RSC,33.0,0.3019,0.2042,-55.0,6000,0.7835,6,0.892,-0.0022,0,0.294,0.1789,0.231,0.1947,26.82,36.46,24.74,27.09,0.5,0.4872,77.02,86.14,70.77,64.93
61,1,V1-RSC,38.0,0.3491,0.2867,-50.0,6000,0.5734,5,0.5848,0.0182,0,0.3139,0.1962,0.238,0.1967,74.74,73.46,44.15,40.7,0.6,0.4146,75.82,77.62,52.99,44.73
61,1,V1-RSC,43.0,0.3962,0.4267,-45.0,6000,0.4385,5,0.5747,0.0288,0,0.3172,0.2107,0.258,0.2072,29.22,30.15,22.65,23.56,0.4545,0.4872,40.77,35.88,28.28,31.69
61,1,V1-RSC,48.0,0.4434,0.441,-40.0,6000,0.7067,7,1.2207,0.0041,0,0.3019,0.205,0.2565,0.1914,21.73,22.21,19.11,18.98,0.7143,0.6111,57.08,56.36,25.66,26.93
61,1,V1-RSC,53.0,0.4906,0.3487,-35.0,6000,0.6662,4,0.678,0.0155,0,0.2843,0.1983,0.2322,0.1896,34.85,30.69,16.61,23.58,0.6552,0.4872,73.26,74.93,35.45,36.61
61,1,V1-RSC,58.0,0.5377,0.3673,-30.0,6000,0.5692,4,0.4943,0.0281,0,0.2558,0.1967,0.212,0.1832,52.24,55.15,31.87,31.02,0.6,0.4146,63.54,78.6,31.79,30.62
61,1,V1-RSC,63.0,0.5849,0.3872,-25.0,6000,0.5797,6,0.6379,0.0221,0,0.2591,0.1914,0.2158,0.2008,30.97,37.12,17.52,22.74,0.6,0.5263,52.72,66.54,54.1,56.62
61,1,V1-RSC,68.0,0.6321,0.528,-20.0,6000,0.5796,3,0.4322,0.0341,0,0.2656,0.208,0.2132,0.1925,32.19,36.31,24.32,27.31,0.4545,0.5676,53.76,52.79,28.52,31.24
61,1,V1-RSC,73.0,0.6792,0.4167,-15.0,6000,0.6051,5,0.5886,0.0018,0,0.2663,0.1817,0.205,0.1922,39.65,38.63,24.5,27.3,0.5,0.5676,62.17,61.51,61.41,56.34
61,1,V1-RSC,78.0,0.7264,0.4743,-10.0,6000,0.6101,5,0.639,0.0026,0,0.2726,0.158,0.2234,0.2154,49.26,48.78,43.17,41.77,0.6,0.381,69.5,78.51,49.53,55.58
61,1,V1-RSC,83.0,0.7736,0.4596,-5.0,6000,0.5586,6,0.6203,0.0069,0,0.2894,0.1879,0.2287,0.217,31.61,27.79,30.53,28.66,0.5484,0.4872,64.46,66.31,54.74,44.01
61,1,V1-RSC,88.0,0.8208,0.6552,0.0,6000,0.5413,6,0.5527,0.0007,0,0.3283,0.1833,0.2188,0.1967,37.98,44.82,24.65,26.62,0.6,0.5263,56.4,60.28,33.34,33.59
61,1,V1-RSC,93.0,0.8679,0.5501,5.0,6000,0.5734,3,0.4083,-0.0003,0,0.3138,0.1949,0.2134,0.1964,23.05,28.04,14.95,21.43,0.6552,0.6111,47.27,51.92,30.8,37.38
61,1,V1-RSC,98.0,0.9151,0.639,10.0,6000,0.5941,5,0.5932,0.0104,0,0.3054,0.1906,0.2094,0.203,60.52,63.96,44.99,44.8,0.5,0.4872,43.0,39.84,34.42,38.44
63,1,CA1-RSC,8.0,0.0221,0.0997,-99.0,6000,0.2213,1,0.0251,0.0707,1,0.1077,0.2855,0.2176,0.2382,nan,nan,nan,nan,,,48.45,57.13,52.0,67.64
63,1,CA1-RSC,13.0,0.0379,0.0979,-94.0,6000,0.2106,1,0.0227,0.1151,1,0.1198,0.3034,0.2108,0.2608,49.11,57.11,33.56,36.14,0.6,0.4737,75.34,68.99,72.47,61.92
63,1,CA1-RSC,18.0,0.0536,0.0931,-89.0,6000,0.2551,1,0.0337,0.0774,0,0.1062,0.2494,0.2258,0.2333,33.93,43.94,30.35,36.26,0.3333,0.3333,87.91,81.99,43.18,40.2
63,1,CA1-RSC,23.0,0.0694,0.0861,-84.0,6000,0.2764,1,0.0397,0.0099,0,0.1192,0.2276,0.2411,0.2204,38.22,47.91,21.25,37.9,0.6,0.3333,62.48,69.28,35.06,35.21
63,1,CA1-RSC,28.0,0.0852,0.0901,-79.0,6000,0.2713,1,0.0382,0.04,0,0.154,0.2379,0.2228,0.2247,55.89,59.33,18.7,22.86,1.0,0.4737,45.91,79.43,30.28,38.43
63,1,CA1-RSC,33.0,0.1009,0.1041,-74.0,6000,0.2503,1,0.0323,0.0337,1,0.1777,0.2263,0.238,0.2144,49.28,40.7,15.52,29.84,0.6,0.3333,66.45,61.22,30.18,40.22
63,1,CA1-RSC,38.0,0.1167,0.1196,-69.0,6000,0.2555,1,0.0338,0.0139,1,0.1605,0.1983,0.2498,0.2299,39.96,41.16,33.4,35.29,1.0,0.2727,77.82,86.19,36.84,51.9
63,1,CA1-RSC,43.0,0.1325,0.1389,-64.0,6000,0.2618,1,0.0355,-0.0007,0,0.1587,0.2017,0.2422,0.2196,53.18,66.27,21.11,28.59,0.6,0.5556,88.76,81.51,30.96,44.0
63,1,CA1-RSC,48.0,0.1483,0.173,-59.0,6000,0.2597,1,0.0349,-0.0036,1,0.1468,0.2299,0.2314,0.2108,48.91,40.94,13.6,18.49,0.6,0.5556,51.6,61.3,28.39,47.88
63,1,CA1-RSC,53.0,0.164,0.1914,-54.0,6000,0.225,1,0.026,-0.0108,1,0.1461,0.2468,0.2079,0.204,29.97,32.21,19.66,22.48,0.6,0.4737,57.03,55.9,49.13,52.91
63,1,CA1-RSC,58.0,0.1798,0.2113,-49.0,6000,0.2503,1,0.0324,0.0054,1,0.1218,0.2745,0.1992,0.2101,31.66,34.84,9.08,26.01,0.6,0.5556,67.83,72.65,48.09,46.93
63,1,CA1-RSC,63.0,0.1956,0.2075,-44.0,6000,0.2591,1,0.0348,0.0196,1,0.1125,0.2398,0.2099,0.2067,85.3,84.47,13.07,24.0,1.0,0.75,66.38,83.61,36.41,40.05
63,1,CA1-RSC,68.0,0.2114,0.2273,-39.0,6000,0.2653,2,0.0576,0.0279,1,0.1156,0.2656,0.2295,0.228,87.84,85.61,17.31,25.54,1.0,0.4737,71.36,69.06,31.33,36.92
63,1,CA1-RSC,73.0,0.2271,0.2461,-34.0,6000,0.2545,2,0.0527,0.0166,1,0.1299,0.2467,0.2087,0.2374,24.43,32.36,16.4,26.34,0.6,0.4,65.66,88.53,45.69,46.51
63,1,CA1-RSC,78.0,0.2429,0.2788,-29.0,5931,0.2494,1,0.0321,0.0142,1,0.1426,0.2321,0.2107,0.2287,39.72,45.6,19.47,19.27,1.0,0.3333,44.88,52.79,35.24,45.68
63,1,CA1-RSC,83.0,0.2587,0.294,-24.0,6000,0.2464,1,0.0313,0.0222,1,0.1357,0.2442,0.2188,0.2181,51.3,48.84,14.16,19.87,1.0,0.5556,51.74,70.57,31.53,36.48
63,1,CA1-RSC,88.0,0.2744,0.334,-19.0,6000,0.2248,1,0.0259,0.0389,1,0.129,0.2593,0.1751,0.2354,20.05,30.22,21.18,26.05,0.6,0.6471,75.43,79.71,42.42,54.37
63,1,CA1-RSC,93.0,0.2902,0.3659,-14.0,6000,0.2299,2,0.0408,0.0309,1,0.1051,0.2405,0.1901,0.2196,25.37,31.13,10.66,18.4,0.6,0.3333,80.73,76.16,47.88,56.39
63,1,CA1-RSC,98.0,0.306,0.4889,-9.0,6000,0.2495,2,0.0494,0.0075,-2,0.104,0.2271,0.2091,0.2365,37.34,37.17,11.16,27.52,1.0,0.4,83.7,69.85,29.34,38.67
63,1,CA1-RSC,103.0,0.3218,0.4899,-4.0,5985,0.2603,1,0.0351,0.0089,1,0.0922,0.2265,0.2192,0.2229,28.29,35.44,11.11,22.81,0.6,0.5556,80.25,61.7,41.96,41.86
63,1,CA1-RSC,108.0,0.3375,0.6616,1.0,5800,0.2467,2,0.0445,0.0057,1,0.0883,0.2346,0.2227,0.2252,34.72,39.88,17.01,27.7,0.6,0.3333,85.49,79.22,42.36,41.95
63,1,CA1-RSC,113.0,0.3533,0.6989,6.0,5598,0.2488,1,0.032,0.0115,1,0.0722,0.2641,0.2077,0.2434,42.2,52.52,13.53,19.75,1.0,0.3333,80.11,89.71,33.41,46.81
63,1,CA1-RSC,118.0,0.3691,0.7657,11.0,5484,0.2747,1,0.0392,0.0113,0,0.1064,0.232,0.2017,0.2407,30.95,40.52,11.8,22.6,0.6,0.4737,83.13,79.06,39.03,46.3
63,1,CA1-RSC,123.0,0.3849,0.6291,16.0,5648,0.2946,1,0.0454,0.0199,0,0.1219,0.21,0.2005,0.2404,28.57,30.99,12.47,17.08,1.0,0.75,56.81,70.62,33.1,42.99
63,1,CA1-RSC,128.0,0.4006,0.5812,21.0,5704,0.3042,1,0.0486,0.0328,0,0.1164,0.2255,0.2173,0.2482,35.62,42.41,10.44,17.16,0.6,0.4,69.32,80.53,30.64,36.79
63,1,CA1-RSC,133.0,0.4164,0.5145,26.0,5825,0.3175,1,0.0531,0.0266,0,0.0994,0.2436,0.2354,0.251,42.38,43.9,10.59,16.78,0.6,0.6471,85.45,74.39,33.72,31.05
63,1,CA1-RSC,138.0,0.4322,0.3967,31.0,5807,0.2979,1,0.0465,0.0301,0,0.0659,0.2409,0.2357,0.2507,48.92,38.66,9.18,16.36,0.6,0.4,71.64,83.87,45.58,35.21
63,1,CA1-RSC,143.0,0.4479,0.2762,36.0,5854,0.3082,1,0.0499,0.035,0,0.0669,0.25,0.2277,0.2473,33.48,42.24,8.98,15.79,0.6,0.3333,65.18,76.44,32.06,36.43
63,1,CA1-RSC,148.0,0.4637,0.2163,41.0,5807,0.3013,2,0.0586,0.0209,0,0.062,0.2734,0.2162,0.235,25.64,41.53,11.04,20.85,0.6,0.4,64.91,73.57,28.57,37.81
63,1,CA1-RSC,153.0,0.4795,0.2377,46.0,5800,0.3063,2,0.0609,0.0093,0,0.0753,0.2494,0.2202,0.2188,27.5,43.47,5.89,19.84,0.6,0.4737,51.36,68.14,15.5,34.1
63,1,CA1-RSC,158.0,0.4953,0.2026,51.0,5964,0.29,1,0.0439,-0.0033,0,0.0801,0.266,0.2184,0.2257,24.82,40.83,9.97,17.55,0.6,0.6471,42.45,70.16,21.07,33.44
63,1,CA1-RSC,163.0,0.511,0.1625,56.0,6000,0.2616,1,0.0354,0.0017,1,0.0719,0.2404,0.222,0.2136,30.54,39.97,11.56,22.46,1.0,0.3333,84.01,81.0,16.64,41.58
63,1,CA1-RSC,168.0,0.5268,0.1111,61.0,6000,0.2436,1,0.0306,0.0013,1,0.0653,0.2519,0.223,0.2222,41.97,50.37,8.14,18.68,1.0,0.5556,72.18,84.93,29.35,44.52
63,1,CA1-RSC,173.0,0.5426,0.0622,66.0,6000,0.2425,1,0.0303,-0.0007,1,0.0593,0.2275,0.2128,0.2069,27.92,35.46,8.43,22.26,0.6,0.2727,58.32,80.21,18.39,36.56
63,1,CA1-RSC,178.0,0.5584,0.0322,71.0,6000,0.2285,1,0.0268,0.0086,1,0.0409,0.2286,0.1761,0.2217,31.78,43.41,11.67,22.24,0.6,0.4737,72.45,81.54,24.51,46.27
63,1,CA1-RSC,183.0,0.5741,0.047,76.0,6000,0.249,1,0.032,-0.0057,1,0.0523,0.233,0.1842,0.224,39.67,47.19,11.85,20.31,0.6,0.5556,84.48,84.24,32.37,35.69
63,1,CA1-RSC,188.0,0.5899,0.047,81.0,6000,0.289,1,0.0436,-0.004,0,0.0543,0.2292,0.2109,0.2369,41.64,47.86,15.89,26.5,0.6,0.4,89.19,80.86,22.02,36.96
63,1,CA1-RSC,193.0,0.6057,0.1336,86.0,6000,0.301,1,0.0475,0.0321,0,0.0608,0.2283,0.215,0.226,39.15,40.58,7.7,27.45,0.3333,0.4737,59.76,87.59,15.87,40.03
63,1,CA1-RSC,198.0,0.6215,0.1452,91.0,6000,0.2926,1,0.0448,0.023,0,0.0596,0.2218,0.2191,0.2264,83.79,85.74,11.76,26.97,0.3333,0.5556,82.26,88.49,17.36,36.94
63,1,CA1-RSC,203.0,0.6372,0.1995,96.0,6000,0.2823,1,0.0415,0.0206,0,0.0609,0.2197,0.2335,0.2292,31.5,44.84,9.41,21.47,1.0,0.4,73.41,70.19,25.95,44.85
63,1,CA1-RSC,208.0,0.653,0.1796,101.0,6000,0.2948,1,0.0455,0.0239,0,0.068,0.2328,0.2384,0.233,38.87,46.78,7.77,18.96,0.6,0.4,83.62,88.2,25.99,33.68
63,1,CA1-RSC,213.0,0.6688,0.1881,106.0,6000,0.3051,1,0.0489,0.0415,0,0.0596,0.2051,0.2322,0.232,63.14,60.41,6.35,17.11,1.0,0.4,62.12,77.04,18.66,37.01
63,1,CA1-RSC,218.0,0.6845,0.1531,111.0,6000,0.3059,1,0.0491,0.0021,0,0.0754,0.2211,0.2313,0.2477,54.31,66.05,8.99,18.56,0.6,0.4,74.67,88.83,19.06,34.49
63,1,CA1-RSC,223.0,0.7003,0.1371,116.0,6000,0.2767,1,0.0398,0.008,0,0.0737,0.2154,0.2192,0.246,62.65,64.25,8.32,24.24,1.0,0.3333,75.93,78.19,20.34,37.99
63,1,CA1-RSC,228.0,0.7161,0.0872,121.0,6000,0.2777,1,0.0401,-0.0084,0,0.0752,0.2121,0.2367,0.2532,49.15,49.55,9.49,24.62,0.6,0.4737,59.81,83.13,21.73,45.53
63,1,CA1-RSC,233.0,0.7319,0.0947,126.0,5844,0.2542,1,0.0334,0.0153,0,0.0713,0.2622,0.1991,0.2331,67.26,65.91,12.45,24.2,0.6,0.4737,78.23,88.23,25.01,40.16
63,1,CA1-RSC,238.0,0.7476,0.0974,131.0,5735,0.2654,1,0.0365,0.0234,0,0.0746,0.254,0.2074,0.2186,24.28,43.3,8.48,20.7,1.0,0.4,68.41,72.36,20.24,29.45
63,1,CA1-RSC,243.0,0.7634,0.1424,136.0,5875,0.2749,1,0.0393,0.0111,0,0.0841,0.2388,0.2135,0.2226,44.64,55.13,12.75,16.2,0.6,0.4737,68.53,62.34,24.67,37.25
63,1,CA1-RSC,248.0,0.7792,0.2306,141.0,6000,0.2968,1,0.0461,-0.001,0,0.0788,0.2345,0.2451,0.2258,25.28,34.71,10.59,19.75,1.0,0.4,83.83,84.02,18.97,31.34
63,1,CA1-RSC,253.0,0.795,0.2487,146.0,6000,0.3046,1,0.0487,0.0074,0,0.0754,0.2396,0.2448,0.2244,52.97,58.6,8.11,19.92,0.3333,0.5556,85.21,83.35,15.44,31.15
63,1,CA1-RSC,258.0,0.8107,0.2119,151.0,6000,0.2925,2,0.0536,0.0402,0,0.0767,0.2599,0.235,0.2156,78.72,82.79,8.24,17.09,1.0,0.4737,53.61,84.78,14.94,37.54
63,1,CA1-RSC,263.0,0.8265,0.1253,156.0,6000,0.2734,1,0.0388,0.0329,1,0.07,0.2378,0.1976,0.2131,35.22,48.76,10.8,17.71,0.6,0.4,59.85,74.81,22.37,35.33
63,1,CA1-RSC,268.0,0.8423,0.1065,161.0,6000,0.2426,2,0.0399,0.007,1,0.0704,0.2585,0.1819,0.2097,38.83,59.24,11.05,19.92,0.6,0.3333,87.87,79.02,21.27,44.75
63,1,CA1-RSC,273.0,0.858,0.2043,166.0,6000,0.2609,1,0.0353,0.0233,1,0.0836,0.2889,0.1959,0.2212,89.56,85.3,16.81,19.29,1.0,0.4,79.4,88.06,20.81,34.99
63,1,CA1-RSC,278.0,0.8738,0.236,171.0,6000,0.2718,1,0.0384,0.0237,1,0.0917,0.3078,0.1854,0.2169,82.62,85.9,9.84,19.24,1.0,0.4737,77.57,79.63,25.95,29.67
63,1,CA1-RSC,283.0,0.8896,0.2217,176.0,6000,0.2697,1,0.0378,0.0091,1,0.092,0.2494,0.1934,0.2184,30.65,36.82,7.94,25.1,0.3333,0.3333,84.56,82.23,30.22,42.92
63,1,CA1-RSC,288.0,0.9054,0.182,181.0,6000,0.2894,1,0.0437,0.0305,0,0.0942,0.2406,0.2072,0.1971,32.19,44.87,14.71,23.83,0.6,0.4,80.52,77.33,26.44,39.19
63,1,CA1-RSC,293.0,0.9211,0.1605,186.0,6000,0.2855,1,0.0425,0.0438,1,0.0996,0.2689,0.2159,0.1943,36.81,44.26,5.72,20.6,1.0,0.4737,49.55,80.7,15.77,39.09
63,1,CA1-RSC,298.0,0.9369,0.2189,191.0,6000,0.25,1,0.0323,0.0358,1,0.0907,0.2472,0.2131,0.2081,34.07,49.17,8.1,23.82,0.6,0.4,85.38,87.43,21.31,41.02
63,1,CA1-RSC,303.0,0.9527,0.2119,196.0,6000,0.2007,1,0.0206,-0.0092,1,0.0833,0.2775,0.1905,0.1947,68.77,77.76,18.05,27.6,1.0,0.4,83.93,81.97,25.82,48.83
63,1,CA1-RSC,308.0,0.9685,0.2146,201.0,6000,0.2082,1,0.0222,-0.0299,1,0.0703,0.2939,0.2053,0.1949,48.52,51.48,19.87,34.77,0.6,0.3333,67.77,76.75,36.8,58.14
66,1,CA1-RSC,8.0,0.04,0.0873,-20.0,6000,0.311,2,0.0761,0.0015,0,0.3475,0.2196,0.2143,0.2304,nan,nan,nan,nan,,,86.42,63.88,28.61,28.01
66,1,CA1-RSC,13.0,0.0686,0.1809,-15.0,6000,0.26,1,0.035,-0.0065,0,0.345,0.1408,0.1941,0.201,79.33,40.26,76.54,80.21,0.6,0.4286,57.72,67.42,46.29,64.41
66,1,CA1-RSC,18.0,0.0971,0.2378,-10.0,6000,0.1826,1,0.017,0.002,0,0.221,0.1036,0.1876,0.1745,74.81,50.73,53.46,22.68,0.4545,0.6667,87.72,66.62,69.19,73.82
66,1,CA1-RSC,23.0,0.1257,0.3668,-5.0,6000,0.1713,0,0.0,-0.0078,0,0.2191,0.1065,0.1743,0.1535,58.61,52.11,82.61,79.26,0.6,0.4286,78.62,81.04,47.12,48.74
66,1,CA1-RSC,28.0,0.1543,0.5437,0.0,6000,0.2382,1,0.0292,-0.0127,0,0.2959,0.1222,0.1668,0.1693,88.86,85.86,18.42,22.86,0.6,0.6667,85.83,68.6,48.6,36.39
66,1,CA1-RSC,33.0,0.1829,0.7337,5.0,6000,0.2301,1,0.0272,0.0263,0,0.2381,0.1103,0.1829,0.1655,63.02,62.61,25.29,30.83,0.6,1.0,85.8,68.31,54.43,23.79
66,1,CA1-RSC,38.0,0.2114,0.7044,10.0,6000,0.2244,1,0.0258,0.041,0,0.1674,0.0777,0.1966,0.1781,52.17,49.61,22.62,21.58,0.4545,0.6667,87.22,81.16,38.04,34.62
66,1,CA1-RSC,43.0,0.24,0.7428,15.0,6000,0.1712,0,0.0,0.0443,0,0.1639,0.0902,0.1814,0.1733,84.37,86.83,29.3,24.77,0.7778,0.6667,86.75,84.36,56.68,41.4
66,1,CA1-RSC,48.0,0.2686,0.8038,20.0,6000,0.1469,0,0.0,0.0192,0,0.142,0.1022,0.182,0.1794,54.79,36.64,28.99,30.01,0.4545,0.6667,89.66,81.23,86.41,84.08
66,1,CA1-RSC,53.0,0.2971,0.9917,25.0,6000,0.1926,1,0.0189,-0.0129,0,0.2307,0.1035,0.1904,0.1627,48.88,36.04,45.43,51.18,0.3333,1.0,80.62,87.82,67.34,66.04
66,1,CA1-RSC,58.0,0.3257,0.9917,30.0,6000,0.1692,0,0.0,0.0265,0,0.2284,0.1273,0.1704,0.1598,45.14,40.37,33.25,29.92,0.4545,1.0,78.48,77.85,55.02,55.83
66,1,CA1-RSC,63.0,0.3543,0.965,35.0,6000,0.2007,1,0.0205,0.0282,0,0.2015,0.1338,0.1787,0.1792,54.54,36.2,28.77,17.54,0.3333,1.0,63.22,76.92,49.72,37.6
66,1,CA1-RSC,68.0,0.3829,0.915,40.0,6000,0.1896,2,0.0382,0.0284,0,0.3414,0.1498,0.1812,0.1556,87.41,69.57,26.49,21.43,0.4545,1.0,82.03,67.06,63.96,80.82
66,1,CA1-RSC,73.0,0.4114,0.7755,45.0,6000,0.1599,0,0.0,0.0086,0,0.3639,0.1376,0.159,0.184,71.08,48.69,78.6,46.5,0.6,1.0,77.5,64.06,84.92,67.64
66,1,CA1-RSC,78.0,0.44,0.754,50.0,6000,0.1629,0,0.0,0.024,0,0.2039,0.0974,0.1551,0.2097,61.03,46.15,31.49,16.42,0.4545,0.6667,83.04,89.83,88.64,72.76
66,1,CA1-RSC,83.0,0.4686,0.722,55.0,6000,0.1976,1,0.0199,0.062,0,0.1303,0.0982,0.1574,0.2264,58.03,36.88,28.13,23.94,0.4545,0.4286,78.08,68.69,45.37,35.07
66,1,CA1-RSC,88.0,0.4971,0.7711,60.0,6000,0.2204,1,0.0249,0.0952,0,0.1491,0.0979,0.1693,0.208,50.66,47.6,24.81,17.58,0.6,0.6667,76.65,79.7,50.65,31.29
66,1,CA1-RSC,93.0,0.5257,0.8193,65.0,6000,0.209,1,0.0223,0.0889,0,0.332,0.1159,0.1784,0.2337,69.37,84.67,87.08,28.01,0.4545,0.25,88.45,85.97,26.59,35.8
66,1,CA1-RSC,98.0,0.5543,0.8782,70.0,6000,0.1955,1,0.0195,0.0613,0,0.1574,0.1011,0.1825,0.1843,85.34,88.61,68.44,25.97,0.6,0.25,87.12,78.35,57.4,35.9
66,1,CA1-RSC,103.0,0.5829,0.8685,75.0,6000,0.1692,0,0.0,0.0276,0,0.1355,0.1475,0.1828,0.2085,66.46,50.26,42.63,25.89,0.4545,0.4286,83.9,88.89,88.94,78.1
66,1,CA1-RSC,108.0,0.6114,0.7722,80.0,6000,0.1146,0,0.0,0.0716,0,0.1415,0.2079,0.1513,0.1643,43.35,43.12,23.89,32.64,0.4545,0.4286,85.06,68.8,73.56,55.98
66,1,CA1-RSC,113.0,0.64,0.6958,85.0,6000,0.1103,0,0.0,0.0596,1,0.1493,0.2338,0.1398,0.1779,60.97,85.13,52.62,73.8,0.3333,0.6667,80.7,84.55,82.85,73.7
66,1,CA1-RSC,118.0,0.6686,0.7958,90.0,6000,0.1247,0,0.0,0.0557,1,0.1927,0.1525,0.1404,0.1871,79.42,80.07,44.42,28.74,0.3333,1.0,74.9,70.45,59.53,57.97
66,1,CA1-RSC,123.0,0.6971,0.8921,95.0,6000,0.1708,0,0.0,0.0592,0,0.2035,0.1458,0.1717,0.185,34.9,42.35,25.11,19.97,0.4545,0.6667,62.5,86.47,64.72,50.72
66,1,CA1-RSC,128.0,0.7257,0.9333,100.0,6000,0.1783,1,0.0162,0.021,0,0.1845,0.1172,0.1537,0.1929,44.79,43.69,29.05,24.52,0.7778,0.6667,87.72,88.12,57.03,57.69
66,1,CA1-RSC,133.0,0.7543,0.6667,105.0,6000,0.1565,0,0.0,0.0007,0,0.1837,0.144,0.1604,0.1705,53.62,42.49,60.95,43.71,0.3333,0.4286,89.61,78.39,64.71,63.16
66,1,CA1-RSC,138.0,0.7829,0.5333,110.0,6000,0.1526,1,0.0157,0.02,0,0.198,0.1833,0.1699,0.1983,55.31,38.04,33.29,27.44,0.4545,1.0,55.15,59.65,73.51,69.01
66,1,CA1-RSC,143.0,0.8114,0.4,115.0,6000,0.1617,0,0.0,0.0387,0,0.2673,0.2077,0.1594,0.1923,34.57,22.8,31.51,18.74,0.7778,0.6667,85.91,84.84,83.88,33.43
66,1,CA1-RSC,148.0,0.84,0.3333,120.0,6000,0.1593,0,0.0,0.0475,0,0.2025,0.2368,0.1541,0.1902,55.86,39.86,33.05,28.54,0.6,1.0,86.07,52.13,71.7,31.49
66,1,CA1-RSC,153.0,0.8686,0.2,125.0,6000,0.1291,0,0.0,0.0517,0,0.1851,0.228,0.1667,0.1641,37.83,39.15,35.26,15.25,0.7778,0.6667,71.78,79.76,61.23,28.13
66,1,CA1-RSC,158.0,0.8971,0.0667,130.0,6000,0.1139,0,0.0,0.0286,0,0.2223,0.2996,0.1492,0.1513,76.84,69.23,46.37,19.52,0.6,0.6667,66.21,73.68,58.95,61.78
66,1,CA1-RSC,163.0,0.9257,0.0667,135.0,6000,0.1474,0,0.0,0.0373,0,0.247,0.1799,0.1575,0.1606,34.78,31.24,87.17,74.66,1.0,0.6667,77.97,74.28,71.21,53.6
66,1,CA1-RSC,168.0,0.9543,0.0667,140.0,6000,0.1321,0,0.0,0.0355,2,0.2686,0.1265,0.1744,0.2101,56.09,53.5,46.54,32.2,0.6,1.0,87.93,89.92,83.62,43.75
66,1,CA1-DG,8.0,0.04,0.0873,-20.0,6000,0.4417,3,0.2105,0.0244,0,0.386,0.1567,0.359,0.2994,nan,nan,nan,nan,,,82.33,34.03,60.6,34.52
66,1,CA1-DG,13.0,0.0686,0.1809,-15.0,6000,0.4357,2,0.1396,0.0313,0,0.359,0.1313,0.3598,0.3192,72.35,38.51,53.32,31.24,0.6,0.5,56.54,73.87,73.41,40.67
66,1,CA1-DG,18.0,0.0971,0.2378,-10.0,6000,0.4329,3,0.1641,0.0327,0,0.2398,0.1357,0.3607,0.3419,88.17,71.35,18.11,22.36,0.4545,0.5,58.71,54.0,20.65,28.93
66,1,CA1-DG,23.0,0.1257,0.3668,-5.0,6000,0.4227,2,0.1432,0.0071,0,0.242,0.1166,0.362,0.3304,37.03,48.15,23.86,27.4,0.6,0.5,65.97,74.47,38.61,39.61
66,1,CA1-DG,28.0,0.1543,0.5437,0.0,6000,0.4259,2,0.1505,0.004,0,0.275,0.1145,0.3603,0.3252,86.61,74.16,18.2,17.06,0.6,0.6364,69.99,88.26,34.4,31.03
66,1,CA1-DG,33.0,0.1829,0.7337,5.0,6000,0.4009,2,0.1328,-0.0029,0,0.2332,0.1016,0.3463,0.3269,42.0,44.43,13.11,23.84,0.6,0.6364,69.79,78.95,46.1,37.52
66,1,CA1-DG,38.0,0.2114,0.7044,10.0,6000,0.3691,2,0.1088,0.0312,0,0.1604,0.1737,0.3293,0.3102,37.47,43.47,9.99,18.75,0.6,0.3846,67.63,63.41,31.84,50.34
66,1,CA1-DG,43.0,0.24,0.7428,15.0,6000,0.3574,3,0.1261,0.0363,0,0.159,0.1532,0.3263,0.3108,23.17,21.53,18.11,27.33,0.6,0.3846,77.59,88.75,34.1,50.19
66,1,CA1-DG,48.0,0.2686,0.8038,20.0,6000,0.3555,2,0.1044,0.0732,0,0.1522,0.1055,0.3328,0.3032,55.76,67.47,16.82,23.05,0.6,0.5,66.93,67.12,34.73,38.13
66,1,CA1-DG,53.0,0.2971,0.9917,25.0,6000,0.3438,4,0.1389,0.0591,0,0.1953,0.1041,0.3314,0.2923,34.79,26.77,13.43,19.18,0.6,0.6364,65.0,61.44,59.43,60.83
66,1,CA1-DG,58.0,0.3257,0.9917,30.0,6000,0.363,4,0.1532,0.0492,0,0.1765,0.1089,0.325,0.2967,33.58,45.22,12.89,18.87,0.7778,0.8,72.12,61.44,37.31,34.79
66,1,CA1-DG,63.0,0.3543,0.965,35.0,6000,0.35,4,0.158,0.0499,0,0.2132,0.1258,0.3097,0.2997,28.56,33.33,21.07,29.86,0.6,0.5,57.57,59.08,31.28,43.58
66,1,CA1-DG,68.0,0.3829,0.915,40.0,6000,0.3448,4,0.1383,0.0605,0,0.3135,0.1263,0.2984,0.2949,35.31,24.33,33.98,30.68,0.6,0.6364,49.16,72.53,60.82,35.91
66,1,CA1-DG,73.0,0.4114,0.7755,45.0,6000,0.3622,3,0.1369,0.0386,0,0.3094,0.1183,0.3201,0.2898,45.6,35.96,36.32,49.51,0.4545,0.6364,75.86,53.91,47.71,48.35
66,1,CA1-DG,78.0,0.44,0.754,50.0,6000,0.3663,3,0.1325,0.0251,0,0.2204,0.1083,0.3274,0.3067,30.6,28.31,12.5,12.75,0.6,0.8,56.49,53.28,39.01,36.04
66,1,CA1-DG,83.0,0.4686,0.722,55.0,6000,0.3446,4,0.1516,0.0286,0,0.1432,0.1091,0.3158,0.2885,49.94,27.31,11.58,17.17,0.7778,1.0,49.77,51.52,34.88,41.18
66,1,CA1-DG,88.0,0.4971,0.7711,60.0,6000,0.358,3,0.132,0.0347,0,0.1411,0.1016,0.3247,0.3001,39.74,38.19,25.22,32.25,0.7778,0.6364,68.64,57.69,33.04,53.23
66,1,CA1-DG,93.0,0.5257,0.8193,65.0,6000,0.3848,2,0.1136,0.0422,0,0.302,0.0994,0.3185,0.2981,77.01,46.02,28.48,23.56,0.4545,0.3846,71.72,82.74,35.9,38.16
66,1,CA1-DG,98.0,0.5543,0.8782,70.0,6000,0.3698,2,0.1082,0.0254,0,0.1403,0.0836,0.3402,0.2982,63.19,30.95,26.14,18.74,0.4545,0.3846,61.81,51.77,38.04,47.89
66,1,CA1-DG,103.0,0.5829,0.8685,75.0,6000,0.3408,2,0.1171,0.0201,0,0.1364,0.1209,0.3699,0.2869,34.5,46.73,14.22,25.5,0.7778,0.2857,57.71,57.49,46.22,42.09
66,1,CA1-DG,108.0,0.6114,0.7722,80.0,6000,0.3242,3,0.143,0.0265,0,0.132,0.13,0.3686,0.3038,28.24,28.22,78.97,73.72,0.7778,0.8,65.35,85.67,87.69,83.83
66,1,CA1-DG,113.0,0.64,0.6958,85.0,6000,0.3818,3,0.1574,0.0606,0,0.1368,0.103,0.3384,0.3023,30.12,36.01,28.77,15.83,0.4545,0.2857,43.84,57.96,53.15,36.54
66,1,CA1-DG,118.0,0.6686,0.7958,90.0,6000,0.3325,3,0.1561,0.0678,0,0.158,0.1122,0.3559,0.2877,25.97,34.12,35.23,21.87,0.4545,0.2,41.04,47.35,75.12,64.33
66,1,CA1-DG,123.0,0.6971,0.8921,95.0,6000,0.33,3,0.1542,0.0706,0,0.1967,0.1382,0.3684,0.2803,32.65,21.67,37.0,26.43,0.7778,0.2857,51.13,46.86,48.61,62.61
66,1,CA1-DG,128.0,0.7257,0.9333,100.0,6000,0.3714,3,0.1604,0.0647,0,0.1944,0.1457,0.3527,0.2847,22.68,19.77,25.75,32.52,1.0,0.5,44.01,39.63,34.77,53.82
66,1,CA1-DG,133.0,0.7543,0.6667,105.0,6000,0.3433,3,0.1408,0.0556,0,0.1999,0.125,0.3461,0.2909,28.84,36.66,20.78,31.44,0.6,0.6364,55.71,59.57,45.81,36.98
66,1,CA1-DG,138.0,0.7829,0.5333,110.0,6000,0.3553,3,0.1425,0.051,0,0.2255,0.1294,0.3519,0.2999,29.53,22.62,23.24,25.4,1.0,0.6364,50.05,53.34,59.88,82.4
66,1,CA1-DG,143.0,0.8114,0.4,115.0,6000,0.3783,2,0.1431,0.0695,0,0.2504,0.1204,0.3513,0.3037,26.63,36.76,26.98,33.09,1.0,0.3846,80.74,63.27,75.46,47.19
66,1,CA1-DG,148.0,0.84,0.3333,120.0,6000,0.4124,3,0.1656,0.05,0,0.253,0.118,0.3634,0.3146,29.07,34.11,29.03,26.72,0.7778,0.5,54.01,54.61,30.1,41.23
66,1,CA1-DG,153.0,0.8686,0.2,125.0,6000,0.3977,4,0.1984,0.0608,0,0.2297,0.128,0.3625,0.3127,46.39,45.89,19.6,18.86,0.7778,0.3846,72.92,59.13,34.54,32.04
66,1,CA1-DG,158.0,0.8971,0.0667,130.0,6000,0.4073,4,0.1904,0.071,0,0.2088,0.1368,0.3653,0.3124,32.58,33.31,14.92,14.39,0.6,0.6364,74.74,68.22,44.43,36.88
66,1,CA1-DG,163.0,0.9257,0.0667,135.0,6000,0.388,3,0.1753,0.0577,0,0.2156,0.1382,0.3597,0.303,38.33,36.43,15.79,17.36,0.6,0.5,54.86,54.36,45.67,37.47
66,1,CA1-DG,168.0,0.9543,0.0667,140.0,6000,0.3625,3,0.1652,0.0368,0,0.2413,0.1591,0.357,0.3105,28.02,35.66,30.54,27.71,0.7778,0.5,68.82,52.04,89.11,81.19
66,1,CA1-V1,8.0,0.04,0.0873,-20.0,6000,0.191,0,0.0,0.0493,0,0.3753,0.079,0.1864,0.1754,nan,nan,nan,nan,,,87.55,89.13,83.59,88.09
66,1,CA1-V1,13.0,0.0686,0.1809,-15.0,6000,0.1432,0,0.0,0.0112,0,0.3702,0.0573,0.1571,0.1474,85.73,86.91,68.06,44.57,0.7778,0.5,88.95,70.14,40.34,52.26
66,1,CA1-V1,18.0,0.0971,0.2378,-10.0,6000,0.1886,0,0.0,-0.0208,0,0.2531,0.0617,0.1749,0.1692,50.98,41.1,83.94,85.45,0.3333,0.7143,66.35,62.52,48.98,49.37
66,1,CA1-V1,23.0,0.1257,0.3668,-5.0,6000,0.2275,1,0.0266,-0.0035,0,0.2247,0.0638,0.1692,0.1682,47.23,47.22,45.41,25.76,0.6,0.5,83.37,77.84,68.42,47.1
66,1,CA1-V1,28.0,0.1543,0.5437,0.0,6000,0.1875,1,0.0256,-0.0103,0,0.2738,0.0651,0.1957,0.1639,31.32,46.02,57.16,77.82,0.6,1.0,50.28,62.8,60.22,76.65
66,1,CA1-V1,33.0,0.1829,0.7337,5.0,6000,0.1879,0,0.0,-0.0181,0,0.2179,0.0563,0.2014,0.1794,31.16,27.41,30.48,32.95,0.4545,0.7143,61.52,62.46,58.91,58.05
66,1,CA1-V1,38.0,0.2114,0.7044,10.0,6000,0.1734,0,0.0,-0.0224,0,0.159,0.0476,0.194,0.178,52.67,52.29,57.2,41.58,0.6,0.7143,88.08,85.45,59.04,55.57
66,1,CA1-V1,43.0,0.24,0.7428,15.0,6000,0.1888,0,0.0,-0.0197,0,0.1628,0.042,0.2116,0.1763,38.53,27.06,37.19,22.07,0.7778,0.3333,70.67,61.22,49.42,48.7
66,1,CA1-V1,48.0,0.2686,0.8038,20.0,6000,0.2315,1,0.0275,-0.0303,0,0.1562,0.0461,0.22,0.1722,32.8,26.34,56.36,51.04,0.4545,1.0,83.64,62.73,56.43,39.73
66,1,CA1-V1,53.0,0.2971,0.9917,25.0,6000,0.2641,1,0.0361,0.0088,0,0.2047,0.0613,0.204,0.1855,47.99,42.48,38.92,27.49,0.4545,0.7143,81.59,87.93,85.04,86.77
66,1,CA1-V1,58.0,0.3257,0.9917,30.0,6000,0.2585,1,0.0346,0.0083,0,0.1885,0.0739,0.1737,0.197,33.99,30.79,34.67,26.45,0.4545,0.7143,81.25,59.77,62.87,51.09
66,1,CA1-V1,63.0,0.3543,0.965,35.0,6000,0.2656,1,0.0366,-0.0132,0,0.2153,0.0803,0.179,0.1894,41.23,45.97,22.91,19.19,0.4545,0.7143,72.07,67.02,42.59,52.86
66,1,CA1-V1,68.0,0.3829,0.915,40.0,6000,0.1979,1,0.0323,0.0036,0,0.3346,0.0877,0.1667,0.1509,48.3,56.87,37.06,20.34,0.4545,1.0,79.66,59.2,78.14,77.42
66,1,CA1-V1,73.0,0.4114,0.7755,45.0,6000,0.1939,0,0.0,-0.029,0,0.3343,0.0729,0.1888,0.1248,52.71,40.39,46.85,31.34,0.4545,1.0,71.81,68.11,66.54,63.7
66,1,CA1-V1,78.0,0.44,0.754,50.0,6000,0.2364,1,0.0288,-0.0269,0,0.2352,0.0705,0.1838,0.1364,32.89,33.93,34.18,33.33,0.4545,1.0,70.64,65.27,41.23,38.41
66,1,CA1-V1,83.0,0.4686,0.722,55.0,6000,0.2205,0,0.0,-0.0487,0,0.1395,0.0705,0.1932,0.156,63.07,37.36,33.24,16.01,0.7778,0.7143,69.11,62.15,47.13,32.09
66,1,CA1-V1,88.0,0.4971,0.7711,60.0,6000,0.1946,0,0.0,-0.0406,0,0.1414,0.0591,0.1964,0.1442,49.06,38.47,36.0,18.53,0.6,1.0,78.16,89.69,58.91,44.88
66,1,CA1-V1,93.0,0.5257,0.8193,65.0,6000,0.0839,0,0.0,-0.0653,-10,0.3072,0.0506,0.1618,0.1258,68.57,39.0,62.99,37.0,0.3333,0.7143,68.23,75.23,60.18,87.51
66,1,CA1-V1,98.0,0.5543,0.8782,70.0,6000,0.1191,0,0.0,-0.0036,0,0.134,0.0511,0.1444,0.1198,78.02,88.74,74.34,76.08,0.3333,0.7143,87.76,89.56,68.27,53.25
66,1,CA1-V1,103.0,0.5829,0.8685,75.0,6000,0.1332,0,0.0,-0.0228,0,0.1369,0.0776,0.1409,0.1018,46.16,36.53,43.18,35.91,0.6,0.3333,89.23,83.4,86.46,44.15
66,1,CA1-V1,108.0,0.6114,0.7722,80.0,6000,0.1154,0,0.0,-0.0317,0,0.1389,0.0768,0.1441,0.1149,53.91,53.79,36.65,26.84,0.6,1.0,83.75,77.46,67.73,47.59
66,1,CA1-V1,113.0,0.64,0.6958,85.0,6000,0.0384,0,0.0,-0.0346,-7,0.1327,0.0664,0.1204,0.1007,66.48,65.4,83.81,82.25,0.6,0.5,89.28,85.29,89.64,77.75
66,1,CA1-V1,118.0,0.6686,0.7958,90.0,6000,0.079,0,0.0,-0.0799,-2,0.1393,0.0628,0.1346,0.1111,82.35,86.42,54.31,55.99,0.3333,0.7143,76.94,76.83,89.01,71.45
66,1,CA1-V1,123.0,0.6971,0.8921,95.0,6000,0.0889,0,0.0,-0.0501,0,0.1762,0.0679,0.142,0.1479,60.5,54.87,41.68,35.49,0.6,1.0,78.22,84.37,72.06,71.57
66,1,CA1-V1,128.0,0.7257,0.9333,100.0,6000,0.0674,0,0.0,-0.04,-9,0.1801,0.0691,0.1393,0.1027,77.16,66.34,86.61,82.48,0.6,0.7143,88.69,89.2,84.97,89.23
66,1,CA1-V1,133.0,0.7543,0.6667,105.0,6000,0.0958,0,0.0,-0.0443,0,0.1959,0.0673,0.1533,0.1125,47.2,43.0,50.12,46.06,0.3333,0.7143,79.57,89.25,86.09,84.5
66,1,CA1-V1,138.0,0.7829,0.5333,110.0,6000,0.1095,0,0.0,-0.0066,0,0.2226,0.0789,0.1228,0.1411,42.85,56.14,57.25,35.66,0.4545,1.0,74.53,64.81,85.98,89.27
66,1,CA1-V1,143.0,0.8114,0.4,115.0,6000,0.1359,0,0.0,-0.0053,0,0.2457,0.0777,0.1471,0.1308,65.74,75.58,37.65,45.64,0.6,0.5,84.1,76.66,89.23,72.93
66,1,CA1-V1,148.0,0.84,0.3333,120.0,6000,0.144,0,0.0,-0.0359,0,0.244,0.0747,0.1435,0.1361,75.91,50.21,30.41,28.98,0.4545,0.7143,79.25,81.71,63.29,67.22
66,1,CA1-V1,153.0,0.8686,0.2,125.0,6000,0.1624,0,0.0,-0.0716,0,0.222,0.0795,0.1518,0.1367,79.52,77.61,31.32,23.44,1.0,0.7143,84.17,77.15,62.97,64.27
66,1,CA1-V1,158.0,0.8971,0.0667,130.0,6000,0.1329,0,0.0,-0.0294,0,0.2037,0.0835,0.1315,0.1266,83.52,75.65,80.01,87.42,0.7778,1.0,87.62,68.91,83.16,73.25
66,1,CA1-V1,163.0,0.9257,0.0667,135.0,6000,0.172,0,0.0,-0.0766,0,0.202,0.0779,0.1202,0.1547,41.68,32.1,69.35,89.46,0.6,0.5,82.68,61.42,89.54,82.83
66,1,CA1-V1,168.0,0.9543,0.0667,140.0,6000,0.2308,1,0.0274,-0.0335,0,0.2649,0.0851,0.1217,0.1615,58.79,70.27,21.28,22.31,0.7778,0.5,79.19,82.94,37.35,42.87
66,1,CA1-SUB,8.0,0.04,0.0873,-20.0,6000,0.2839,2,0.0625,-0.0012,0,0.3602,0.0649,0.2325,0.2106,nan,nan,nan,nan,,,74.63,53.93,29.61,46.05
66,1,CA1-SUB,13.0,0.0686,0.1809,-15.0,6000,0.2381,2,0.053,-0.0418,0,0.4218,0.0736,0.217,0.1891,89.69,71.66,79.79,55.67,0.4545,0.6,43.83,27.4,56.23,44.99
66,1,CA1-SUB,18.0,0.0971,0.2378,-10.0,6000,0.2785,2,0.0579,-0.0604,0,0.2473,0.057,0.2167,0.198,57.25,29.92,71.94,25.1,0.3333,0.6,84.43,74.83,34.62,18.6
66,1,CA1-SUB,23.0,0.1257,0.3668,-5.0,6000,0.2944,2,0.0631,-0.0417,0,0.2751,0.0512,0.2472,0.237,83.86,79.51,26.66,9.74,0.4545,1.0,87.69,52.55,40.36,19.88
66,1,CA1-SUB,28.0,0.1543,0.5437,0.0,6000,0.2887,3,0.0814,-0.0143,0,0.2862,0.0463,0.2439,0.2251,49.95,26.4,43.5,24.77,0.4545,1.0,85.43,64.42,51.76,36.22
66,1,CA1-SUB,33.0,0.1829,0.7337,5.0,6000,0.3056,3,0.0847,-0.0265,0,0.2511,0.0546,0.2708,0.2263,33.63,27.11,24.04,14.39,0.6,0.6,67.6,43.83,34.65,27.45
66,1,CA1-SUB,38.0,0.2114,0.7044,10.0,6000,0.2743,2,0.0629,-0.0388,0,0.1673,0.0537,0.2592,0.2068,54.75,31.95,22.6,19.97,0.7778,1.0,47.51,41.84,37.68,27.9
66,1,CA1-SUB,43.0,0.24,0.7428,15.0,6000,0.2197,3,0.0734,-0.0322,0,0.1822,0.0578,0.2581,0.2008,29.73,38.12,23.65,21.71,0.6,1.0,55.54,49.81,85.94,83.35
66,1,CA1-SUB,48.0,0.2686,0.8038,20.0,6000,0.2846,3,0.1001,0.0053,0,0.1773,0.0485,0.3047,0.2186,30.19,30.7,65.14,73.82,0.6,0.6,51.17,44.27,47.41,35.67
66,1,CA1-SUB,53.0,0.2971,0.9917,25.0,6000,0.3503,4,0.1408,0.0448,0,0.1741,0.0454,0.2937,0.2281,36.53,25.42,18.54,18.7,0.4545,1.0,61.64,49.65,37.18,23.01
66,1,CA1-SUB,58.0,0.3257,0.9917,30.0,6000,0.3051,4,0.1363,0.0525,0,0.1762,0.0471,0.2693,0.2148,76.76,80.49,18.22,14.96,0.3333,0.6,60.47,53.25,31.22,23.93
66,1,CA1-SUB,63.0,0.3543,0.965,35.0,6000,0.3415,3,0.1431,0.0387,0,0.2081,0.0467,0.2538,0.2112,37.73,32.18,28.57,16.82,0.6,1.0,57.36,34.77,39.26,23.93
66,1,CA1-SUB,68.0,0.3829,0.915,40.0,6000,0.3365,3,0.141,0.03,0,0.3037,0.0425,0.2413,0.2023,31.72,16.92,36.52,25.56,0.3333,0.3333,67.87,30.74,65.63,25.56
66,1,CA1-SUB,73.0,0.4114,0.7755,45.0,6000,0.2959,3,0.091,0.0347,0,0.3096,0.0283,0.2167,0.1962,88.62,65.59,24.13,21.4,0.6,0.6,82.39,83.14,58.11,31.83
66,1,CA1-SUB,78.0,0.44,0.754,50.0,6000,0.2613,2,0.0596,0.0149,0,0.2447,0.0285,0.233,0.2056,42.85,37.53,36.19,18.96,0.2308,0.6,89.34,88.59,61.33,55.63
66,1,CA1-SUB,83.0,0.4686,0.722,55.0,6000,0.19,3,0.06,0.0126,0,0.1765,0.0285,0.2574,0.1897,45.17,33.96,46.29,30.09,0.4545,0.3333,70.18,53.69,81.88,62.5
66,1,CA1-SUB,88.0,0.4971,0.7711,60.0,6000,0.202,3,0.0807,0.0044,0,0.1551,0.0371,0.2456,0.1767,28.98,28.51,80.98,68.89,0.4545,0.6,57.51,68.85,62.7,75.75
66,1,CA1-SUB,93.0,0.5257,0.8193,65.0,6000,0.1772,2,0.0409,-0.0235,0,0.3004,0.0306,0.2064,0.1848,66.23,37.02,58.0,21.37,0.4545,0.6,64.01,54.16,56.73,88.9
66,1,CA1-SUB,98.0,0.5543,0.8782,70.0,6000,0.206,2,0.0392,-0.0158,0,0.1434,0.0282,0.1856,0.1852,72.08,36.3,55.92,19.79,0.3333,0.3333,77.1,58.72,82.25,73.28
66,1,CA1-SUB,103.0,0.5829,0.8685,75.0,6000,0.2164,1,0.024,-0.0076,0,0.1556,0.0265,0.1845,0.1712,35.53,39.33,40.04,29.73,0.6,0.6,63.58,63.2,63.58,40.15
66,1,CA1-SUB,108.0,0.6114,0.7722,80.0,6000,0.2287,1,0.0269,-0.0207,0,0.1633,0.0345,0.2014,0.1902,36.3,31.85,20.53,16.8,0.4545,0.1429,72.4,69.99,56.68,50.53
66,1,CA1-SUB,113.0,0.64,0.6958,85.0,6000,0.2888,3,0.0715,0.0367,0,0.1898,0.0619,0.2455,0.2077,56.37,41.05,29.75,24.74,0.4545,0.6,63.01,49.44,36.25,19.34
66,1,CA1-SUB,118.0,0.6686,0.7958,90.0,6000,0.2519,3,0.0598,0.024,0,0.2193,0.0663,0.2521,0.1728,45.47,46.93,20.13,16.56,0.4545,0.6,53.12,56.14,38.35,28.01
66,1,CA1-SUB,123.0,0.6971,0.8921,95.0,6000,0.2125,2,0.0371,-0.0155,0,0.1928,0.0765,0.2087,0.1884,28.63,21.13,18.49,17.27,0.4545,0.6,69.71,67.64,41.66,37.66
66,1,CA1-SUB,128.0,0.7257,0.9333,100.0,6000,0.2216,2,0.0414,-0.0202,0,0.2032,0.0758,0.2114,0.1855,68.82,89.32,22.19,18.86,0.4545,0.6,89.19,84.28,55.0,36.63
66,1,CA1-SUB,133.0,0.7543,0.6667,105.0,6000,0.2581,2,0.0567,0.018,0,0.2528,0.0373,0.2416,0.186,39.94,26.79,25.45,20.44,0.4545,0.6,63.96,50.34,36.71,26.47
66,1,CA1-SUB,138.0,0.7829,0.5333,110.0,6000,0.1718,2,0.0439,0.0359,0,0.2611,0.0449,0.2535,0.1844,62.89,69.41,22.62,12.68,0.7778,0.6,77.43,59.46,46.31,31.08
66,1,CA1-SUB,143.0,0.8114,0.4,115.0,6000,0.2375,2,0.0422,0.0679,0,0.2689,0.0455,0.2167,0.1986,33.01,26.18,25.09,13.94,1.0,0.6,79.08,82.49,76.61,37.08
66,1,CA1-SUB,148.0,0.84,0.3333,120.0,6000,0.2117,1,0.0229,0.043,0,0.2557,0.0525,0.2098,0.1876,54.52,38.92,38.24,20.12,0.6,1.0,82.43,71.26,67.84,35.96
66,1,CA1-SUB,153.0,0.8686,0.2,125.0,6000,0.2347,1,0.0283,0.0512,0,0.2393,0.0517,0.2028,0.1657,74.69,70.41,25.36,17.18,0.7778,1.0,74.89,73.26,46.14,24.18
66,1,CA1-SUB,158.0,0.8971,0.0667,130.0,6000,0.1972,1,0.0198,0.0267,0,0.1751,0.0389,0.2261,0.1765,70.0,55.51,23.73,17.25,0.4545,0.6,87.42,77.56,64.03,48.18
66,1,CA1-SUB,163.0,0.9257,0.0667,135.0,6000,0.1566,2,0.0294,0.0318,0,0.1975,0.0491,0.1786,0.1878,70.27,65.72,75.26,74.43,0.6,0.6,65.0,62.68,67.0,68.01
66,1,CA1-SUB,168.0,0.9543,0.0667,140.0,6000,0.1999,2,0.0326,0.0058,0,0.2153,0.0717,0.1887,0.1772,88.39,78.91,25.77,23.2,0.4545,0.3333,80.63,82.19,40.17,29.8
66,1,RSC-SUB,8.0,0.04,0.0873,-20.0,6000,0.1518,1,0.0117,-0.0145,0,0.237,0.0667,0.1731,0.1702,nan,nan,nan,nan,,,85.14,77.04,60.36,54.16
66,1,RSC-SUB,13.0,0.0686,0.1809,-15.0,6000,0.1199,1,0.0113,0.028,0,0.1493,0.0736,0.1409,0.152,66.28,58.03,78.28,59.72,0.4286,0.6,82.09,64.99,59.18,63.32
66,1,RSC-SUB,18.0,0.0971,0.2378,-10.0,6000,0.138,1,0.0096,0.0216,0,0.1315,0.0587,0.1539,0.151,61.64,72.51,55.23,63.8,0.4286,0.6,78.74,78.64,59.82,37.69
66,1,RSC-SUB,23.0,0.1257,0.3668,-5.0,6000,0.1079,1,0.0088,0.0025,0,0.1016,0.0524,0.1627,0.1656,85.88,87.89,27.43,16.69,0.4286,1.0,64.02,62.15,83.9,89.57
66,1,RSC-SUB,28.0,0.1543,0.5437,0.0,6000,0.1311,2,0.0164,-0.0196,0,0.1232,0.0463,0.1521,0.1682,40.89,41.28,68.57,70.84,0.6667,1.0,56.12,50.33,82.13,74.38
66,1,RSC-SUB,33.0,0.1829,0.7337,5.0,6000,0.1858,1,0.0176,0.0431,0,0.1328,0.0563,0.1816,0.2021,52.49,48.46,22.87,20.37,0.6667,0.6,78.71,80.87,43.0,41.08
66,1,RSC-SUB,38.0,0.2114,0.7044,10.0,6000,0.191,1,0.0186,0.0727,0,0.1101,0.0551,0.1565,0.2043,41.01,39.37,19.52,22.85,0.4286,1.0,83.59,89.76,35.82,33.24
66,1,RSC-SUB,43.0,0.24,0.7428,15.0,6000,0.1629,3,0.0393,0.0494,0,0.108,0.0592,0.1561,0.2004,48.55,45.57,19.32,23.03,0.4286,1.0,70.93,59.09,63.86,56.25
66,1,RSC-SUB,48.0,0.2686,0.8038,20.0,6000,0.1494,2,0.0246,0.0136,0,0.0998,0.0495,0.1389,0.165,49.21,51.72,37.25,32.95,0.6667,0.6,84.77,71.88,70.23,71.01
66,1,RSC-SUB,53.0,0.2971,0.9917,25.0,6000,0.1733,1,0.0153,-0.034,0,0.1298,0.0457,0.1622,0.1718,29.39,29.4,23.86,19.69,0.6667,1.0,77.81,71.84,51.07,50.78
66,1,RSC-SUB,58.0,0.3257,0.9917,30.0,6000,0.1823,1,0.0169,-0.0199,0,0.1284,0.0476,0.1925,0.1667,78.97,83.77,23.28,21.7,0.6667,0.6,66.26,70.0,31.61,39.88
66,1,RSC-SUB,63.0,0.3543,0.965,35.0,6000,0.1678,2,0.0252,-0.0073,0,0.1248,0.0472,0.2009,0.185,27.07,30.65,26.23,16.54,1.0,0.6,81.74,62.53,53.12,41.21
66,1,RSC-SUB,68.0,0.3829,0.915,40.0,6000,0.1734,3,0.0387,-0.0255,0,0.1413,0.0445,0.2121,0.1903,63.0,56.84,14.69,19.87,0.4286,0.6,87.92,63.01,50.74,57.36
66,1,RSC-SUB,73.0,0.4114,0.7755,45.0,6000,0.1424,2,0.0195,-0.0421,0,0.1129,0.0299,0.2166,0.1858,55.91,49.32,74.37,75.87,0.4286,0.6,62.83,68.35,57.23,46.36
66,1,RSC-SUB,78.0,0.44,0.754,50.0,6000,0.1706,1,0.0148,-0.0432,0,0.125,0.0295,0.1965,0.19,50.26,54.59,26.8,25.66,0.25,0.6,80.99,83.75,47.75,47.07
66,1,RSC-SUB,83.0,0.4686,0.722,55.0,6000,0.1576,1,0.0126,-0.0362,0,0.1093,0.0296,0.1767,0.2032,54.69,51.48,26.06,20.97,0.6667,0.6,78.88,65.67,68.91,72.22
66,1,RSC-SUB,88.0,0.4971,0.7711,60.0,6000,0.1444,1,0.0105,0.0087,2,0.0942,0.0393,0.1823,0.1453,44.5,32.11,30.64,40.71,0.6667,0.6,76.84,62.63,58.92,76.12
66,1,RSC-SUB,93.0,0.5257,0.8193,65.0,6000,0.1167,0,0.0,0.0182,0,0.108,0.0317,0.1714,0.1485,66.66,58.33,34.35,25.74,0.4286,0.6,82.53,76.96,72.97,49.58
66,1,RSC-SUB,98.0,0.5543,0.8782,70.0,6000,0.1539,1,0.012,0.0094,0,0.1118,0.0292,0.1458,0.1269,54.92,72.02,23.09,24.21,0.25,0.3333,83.73,85.43,70.29,61.91
66,1,RSC-SUB,103.0,0.5829,0.8685,75.0,6000,0.1077,0,0.0,0.0304,0,0.1607,0.0272,0.1516,0.1054,57.38,55.11,40.14,45.5,0.6667,0.6,74.3,84.28,60.16,47.93
66,1,RSC-SUB,108.0,0.6114,0.7722,80.0,6000,0.1339,6,0.0765,0.0138,0,0.2082,0.0339,0.1391,0.1473,53.6,38.11,37.96,38.8,0.6667,0.1429,60.81,68.75,58.53,89.01
66,1,RSC-SUB,113.0,0.64,0.6958,85.0,6000,0.0658,0,0.0,0.0175,4,0.2296,0.0605,0.1772,0.1708,59.4,57.74,46.41,46.28,0.4286,0.6,89.19,82.82,82.59,84.64
66,1,RSC-SUB,118.0,0.6686,0.7958,90.0,6000,0.1096,1,0.0082,0.0273,0,0.1536,0.0647,0.1742,0.1546,38.93,54.81,71.42,66.31,0.25,0.6,76.94,85.56,89.2,74.07
66,1,RSC-SUB,123.0,0.6971,0.8921,95.0,6000,0.1064,0,0.0,0.0054,0,0.16,0.0756,0.1666,0.1492,48.92,46.11,28.4,26.62,0.4286,0.6,88.08,68.92,69.01,58.82
66,1,RSC-SUB,128.0,0.7257,0.9333,100.0,6000,0.1276,1,0.0082,-0.0215,0,0.1459,0.0748,0.1579,0.143,70.34,79.5,21.11,28.89,0.6667,0.6,83.99,83.33,49.76,49.08
66,1,RSC-SUB,133.0,0.7543,0.6667,105.0,6000,0.099,1,0.0097,0.0298,0,0.147,0.0362,0.144,0.1566,57.25,73.21,27.33,28.68,0.6667,0.6,88.05,85.84,87.35,89.17
66,1,RSC-SUB,138.0,0.7829,0.5333,110.0,6000,0.1264,2,0.0196,0.0347,0,0.1989,0.0439,0.171,0.1674,67.66,62.35,20.25,21.87,0.6667,0.6,86.39,83.76,85.23,68.37
66,1,RSC-SUB,143.0,0.8114,0.4,115.0,6000,0.0974,1,0.0115,0.0297,0,0.2622,0.0446,0.1485,0.152,70.7,69.64,24.58,24.85,1.0,0.6,73.96,67.38,85.97,85.21
66,1,RSC-SUB,148.0,0.84,0.3333,120.0,6000,0.1328,3,0.0251,-0.0108,0,0.285,0.0518,0.1253,0.1661,37.93,38.97,30.1,30.22,1.0,1.0,71.05,72.14,85.79,57.7
66,1,RSC-SUB,153.0,0.8686,0.2,125.0,6000,0.1466,1,0.0109,-0.0358,0,0.2816,0.0509,0.1688,0.1386,60.03,70.09,32.84,26.31,0.4286,1.0,73.05,84.59,70.51,46.24
66,1,RSC-SUB,158.0,0.8971,0.0667,130.0,6000,0.1678,2,0.0234,-0.0424,0,0.33,0.0378,0.1847,0.1589,30.16,38.23,84.42,66.44,1.0,0.6,49.22,56.02,23.63,43.78
66,1,RSC-SUB,163.0,0.9257,0.0667,135.0,6000,0.1166,2,0.0144,-0.0008,0,0.1919,0.0484,0.1753,0.1319,73.11,56.6,37.74,30.79,1.0,0.6,68.34,54.77,74.55,64.6
66,1,RSC-SUB,168.0,0.9543,0.0667,140.0,6000,0.1143,0,0.0,-0.0046,0,0.1441,0.0707,0.1482,0.1174,60.64,66.32,78.37,81.07,0.6667,0.3333,73.88,72.29,62.18,60.8
66,1,V1-RSC,8.0,0.04,0.0873,-20.0,6000,0.2868,2,0.0691,-0.0267,0,0.1042,0.2208,0.2275,0.2147,nan,nan,nan,nan,,,54.88,61.94,38.65,35.11
66,1,V1-RSC,13.0,0.0686,0.1809,-15.0,6000,0.2258,3,0.073,-0.0397,0,0.0688,0.1397,0.2169,0.2141,37.79,26.67,26.94,28.88,0.3333,0.4286,52.6,34.39,64.84,50.29
66,1,V1-RSC,18.0,0.0971,0.2378,-10.0,6000,0.2378,3,0.0823,-0.005,0,0.0739,0.1034,0.2284,0.1836,60.64,55.78,59.89,67.68,0.5,0.6667,70.84,80.1,58.27,48.62
66,1,V1-RSC,23.0,0.1257,0.3668,-5.0,6000,0.2459,3,0.0844,-0.0265,0,0.0794,0.1066,0.2495,0.1836,36.0,35.71,27.31,29.37,0.3333,0.4286,68.39,54.4,52.18,66.0
66,1,V1-RSC,28.0,0.1543,0.5437,0.0,6000,0.2534,3,0.0823,-0.0912,-1,0.0854,0.1221,0.2361,0.1741,31.83,29.13,79.6,88.43,0.5,0.6667,56.66,36.52,37.56,31.71
66,1,V1-RSC,33.0,0.1829,0.7337,5.0,6000,0.2914,3,0.0908,-0.1174,0,0.07,0.1094,0.2382,0.1834,31.06,37.74,20.93,14.33,0.3333,1.0,49.14,39.76,45.93,35.83
66,1,V1-RSC,38.0,0.2114,0.7044,10.0,6000,0.2654,3,0.0725,-0.0777,0,0.0751,0.0775,0.2371,0.1859,35.31,39.03,20.53,19.86,0.5,0.6667,55.48,45.79,46.31,35.8
66,1,V1-RSC,43.0,0.24,0.7428,15.0,6000,0.2146,3,0.0706,-0.0074,0,0.0576,0.0897,0.2367,0.201,27.88,21.68,53.57,52.6,0.5,0.6667,57.11,44.12,70.44,64.37
66,1,V1-RSC,48.0,0.2686,0.8038,20.0,6000,0.2393,4,0.083,0.0088,0,0.0844,0.1024,0.2247,0.2077,15.96,22.55,12.8,14.75,0.5,0.6667,68.55,53.26,77.61,71.03
66,1,V1-RSC,53.0,0.2971,0.9917,25.0,6000,0.2371,3,0.0787,-0.0045,0,0.0884,0.1033,0.1864,0.2136,89.36,79.33,21.65,19.94,0.5,1.0,53.34,51.38,45.84,41.08
66,1,V1-RSC,58.0,0.3257,0.9917,30.0,6000,0.2304,3,0.0819,0.0112,0,0.0966,0.1271,0.1903,0.1992,26.25,24.6,68.02,76.1,0.7143,1.0,40.24,39.16,47.33,46.98
66,1,V1-RSC,63.0,0.3543,0.965,35.0,6000,0.233,3,0.0725,-0.0147,0,0.0998,0.1334,0.1742,0.2049,21.44,23.25,20.11,19.74,0.7143,1.0,48.54,45.16,62.01,57.51
66,1,V1-RSC,68.0,0.3829,0.915,40.0,6000,0.2219,3,0.0654,0.0056,0,0.115,0.1496,0.1708,0.2171,18.36,25.07,23.2,22.87,1.0,1.0,57.12,45.13,77.23,67.77
66,1,V1-RSC,73.0,0.4114,0.7755,45.0,6000,0.2344,2,0.0547,-0.0364,0,0.0918,0.1371,0.2039,0.2451,33.15,29.96,69.33,73.74,0.7143,1.0,73.81,77.6,66.15,64.03
66,1,V1-RSC,78.0,0.44,0.754,50.0,6000,0.2538,3,0.068,-0.002,0,0.0761,0.0959,0.2158,0.2447,57.15,45.4,42.45,41.18,0.7143,1.0,82.93,85.48,52.59,55.54
66,1,V1-RSC,83.0,0.4686,0.722,55.0,6000,0.2269,3,0.0672,0.0033,0,0.0709,0.0972,0.2206,0.234,33.08,28.87,11.83,11.72,0.3333,0.6667,54.65,52.76,53.33,61.71
66,1,V1-RSC,88.0,0.4971,0.7711,60.0,6000,0.2447,3,0.0733,0.0052,0,0.0742,0.0973,0.2025,0.2021,36.99,37.6,18.7,21.44,0.7143,0.4286,74.22,64.1,51.88,54.92
66,1,V1-RSC,93.0,0.5257,0.8193,65.0,6000,0.2469,3,0.0585,0.0029,0,0.0752,0.1157,0.2184,0.1977,39.47,46.16,29.5,23.01,0.5,0.1111,56.84,65.99,29.95,35.73
66,1,V1-RSC,98.0,0.5543,0.8782,70.0,6000,0.2254,2,0.0455,-0.0633,0,0.086,0.1016,0.203,0.2024,44.59,64.89,57.21,36.88,0.7143,0.25,66.83,64.3,51.62,56.66
66,1,V1-RSC,103.0,0.5829,0.8685,75.0,6000,0.2424,2,0.0665,-0.1134,0,0.09,0.1486,0.2279,0.2453,37.13,48.59,49.61,56.81,0.2,0.4286,63.42,49.04,40.36,36.81
66,1,V1-RSC,108.0,0.6114,0.7722,80.0,6000,0.3232,5,0.1534,-0.0827,0,0.0859,0.2087,0.2071,0.2538,31.39,37.55,21.17,18.26,0.7143,0.4286,57.03,54.76,56.97,55.64
66,1,V1-RSC,113.0,0.64,0.6958,85.0,6000,0.2576,3,0.087,-0.0494,0,0.0852,0.2359,0.2202,0.2642,28.89,25.69,54.76,59.73,0.7143,0.6667,49.26,44.09,31.06,39.06
66,1,V1-RSC,118.0,0.6686,0.7958,90.0,6000,0.2354,3,0.0709,-0.0265,0,0.0791,0.1541,0.1865,0.2384,24.36,24.03,40.96,46.21,0.5,1.0,67.63,75.39,52.44,48.16
66,1,V1-RSC,123.0,0.6971,0.8921,95.0,6000,0.1891,2,0.0638,-0.0348,0,0.0901,0.1478,0.184,0.2162,37.78,36.63,27.21,28.34,0.3333,0.6667,75.26,76.13,83.07,81.71
66,1,V1-RSC,128.0,0.7257,0.9333,100.0,6000,0.2512,2,0.0738,-0.041,0,0.0935,0.1192,0.1731,0.2112,25.58,29.18,24.42,27.45,0.5,0.6667,68.45,72.83,45.37,52.48
66,1,V1-RSC,133.0,0.7543,0.6667,105.0,6000,0.2501,3,0.075,-0.0505,0,0.0809,0.1458,0.1649,0.2448,62.58,59.62,36.65,33.82,0.5,0.4286,53.48,62.13,45.53,51.12
66,1,V1-RSC,138.0,0.7829,0.5333,110.0,6000,0.3195,2,0.08,-0.0966,0,0.0911,0.1855,0.1824,0.2485,20.83,21.96,15.22,22.81,0.5,1.0,56.13,75.38,73.37,70.57
66,1,V1-RSC,143.0,0.8114,0.4,115.0,6000,0.3168,4,0.1138,-0.073,0,0.1088,0.2099,0.1609,0.2403,30.56,28.97,16.2,15.51,0.7143,0.6667,65.67,82.43,26.32,32.54
66,1,V1-RSC,148.0,0.84,0.3333,120.0,6000,0.287,4,0.0858,-0.0348,0,0.079,0.2384,0.1424,0.2292,30.53,32.14,22.7,29.58,0.3333,1.0,50.48,53.78,29.4,57.49
66,1,V1-RSC,153.0,0.8686,0.2,125.0,6000,0.2906,4,0.0846,-0.0439,0,0.0933,0.2282,0.1669,0.2251,81.08,59.94,23.52,27.43,0.5,0.6667,80.83,81.36,32.51,70.82
66,1,V1-RSC,158.0,0.8971,0.0667,130.0,6000,0.2464,4,0.0932,-0.0673,0,0.094,0.2954,0.1982,0.2694,72.51,54.89,52.8,80.12,0.3333,0.6667,73.76,59.06,83.65,50.04
66,1,V1-RSC,163.0,0.9257,0.0667,135.0,6000,0.2803,4,0.0851,-0.0345,0,0.1081,0.1809,0.1821,0.2117,31.94,29.38,58.94,72.58,0.3333,0.6667,87.33,79.43,43.84,42.01
66,1,V1-RSC,168.0,0.9543,0.0667,140.0,6000,0.2378,2,0.0431,-0.0008,0,0.1186,0.1275,0.1673,0.1807,38.62,56.51,18.78,16.54,0.5,1.0,68.15,68.64,34.68,38.99
68,1,CA1-RSC,8.0,0.028,0.0849,-34.0,6000,0.1451,0,0.0,-0.0253,0,0.1974,0.1235,0.1667,0.1908,nan,nan,nan,nan,,,71.53,88.22,69.87,85.99
68,1,CA1-RSC,13.0,0.048,0.082,-29.0,6000,0.1534,0,0.0,-0.0409,0,0.1694,0.1151,0.1417,0.194,81.88,89.66,31.29,27.5,1.0,0.5,78.25,75.28,63.57,50.28
68,1,CA1-RSC,18.0,0.068,0.0907,-24.0,6000,0.1505,0,0.0,0.0058,0,0.1609,0.0971,0.1753,0.2035,59.15,62.71,35.28,37.02,0.6667,0.5,77.84,88.37,64.05,62.37
68,1,CA1-RSC,23.0,0.088,0.1449,-19.0,6000,0.1533,0,0.0,0.0036,1,0.1539,0.1107,0.191,0.1868,78.8,72.1,67.67,60.36,1.0,0.5,84.04,66.21,67.72,81.38
68,1,CA1-RSC,28.0,0.108,0.2127,-14.0,6000,0.1894,1,0.0183,0.0022,1,0.1638,0.0962,0.2006,0.1881,41.0,40.19,12.87,23.84,0.6667,0.7143,60.41,80.19,62.09,69.98
68,1,CA1-RSC,33.0,0.128,0.3598,-9.0,6000,0.2111,1,0.0228,0.016,0,0.1484,0.0819,0.1999,0.177,41.97,49.66,18.25,16.92,0.6667,0.5,79.21,78.5,28.32,55.91
68,1,CA1-RSC,38.0,0.148,0.4977,-4.0,6000,0.2016,1,0.0207,0.0477,1,0.0998,0.0861,0.1577,0.1727,48.84,42.64,15.82,15.56,0.4286,0.5,79.54,78.08,40.48,50.87
68,1,CA1-RSC,43.0,0.168,0.6618,1.0,6000,0.1754,1,0.0156,0.014,1,0.1021,0.1051,0.1443,0.1803,82.8,76.38,18.89,31.88,0.6667,0.5,89.31,77.08,51.51,77.69
68,1,CA1-RSC,48.0,0.188,0.7524,6.0,6000,0.1648,0,0.0,0.022,7,0.1193,0.1116,0.1414,0.1656,59.37,58.76,26.73,40.48,1.0,0.7143,63.37,65.38,51.74,64.19
68,1,CA1-RSC,53.0,0.208,0.8476,11.0,6000,0.1854,0,0.0,0.0031,0,0.1083,0.0786,0.1501,0.1609,26.36,27.23,30.41,24.0,1.0,0.7143,57.75,59.12,60.33,53.66
68,1,CA1-RSC,58.0,0.228,0.7862,16.0,6000,0.161,0,0.0,-0.0199,-10,0.0891,0.0691,0.156,0.1743,25.85,35.08,47.27,54.16,0.6667,0.7143,65.65,67.0,61.56,70.68
68,1,CA1-RSC,63.0,0.248,0.8254,21.0,6000,0.1807,0,0.0,-0.0112,0,0.0929,0.0693,0.1775,0.19,57.71,55.61,25.76,30.85,0.6667,0.5,80.98,89.46,50.87,58.37
68,1,CA1-RSC,68.0,0.268,0.8268,26.0,6000,0.1767,0,0.0,0.0401,1,0.091,0.0771,0.1546,0.191,48.78,44.75,13.67,23.55,1.0,0.5,75.06,79.62,47.23,69.33
68,1,CA1-RSC,73.0,0.288,0.9473,31.0,6000,0.1674,0,0.0,0.0253,0,0.0939,0.095,0.1276,0.1505,50.92,52.12,22.25,32.23,0.4286,1.0,80.68,88.4,37.37,66.69
68,1,CA1-RSC,78.0,0.308,0.8775,36.0,6000,0.1105,0,0.0,0.0211,4,0.103,0.1111,0.1456,0.1404,28.3,38.37,25.12,32.7,0.6667,0.7143,72.85,69.49,72.27,77.67
68,1,CA1-RSC,83.0,0.328,0.8527,41.0,6000,0.1097,0,0.0,-0.0279,-9,0.097,0.0944,0.1498,0.1295,29.76,25.62,76.3,84.64,1.0,0.7143,73.51,84.8,89.02,83.31
68,1,CA1-RSC,88.0,0.348,0.8476,46.0,6000,0.1659,0,0.0,-0.0213,-9,0.1065,0.0885,0.1538,0.1406,42.11,47.37,34.05,28.5,1.0,0.7143,84.52,88.9,83.58,80.9
68,1,CA1-RSC,93.0,0.368,0.8757,51.0,6000,0.1488,0,0.0,-0.0448,-9,0.0992,0.0762,0.1662,0.1575,71.18,62.19,38.17,36.49,1.0,0.5,88.15,78.16,89.08,84.95
68,1,CA1-RSC,98.0,0.388,0.753,56.0,6000,0.0986,0,0.0,-0.0363,-9,0.105,0.073,0.1754,0.1713,80.81,67.3,50.86,62.77,0.6667,0.5,72.36,73.28,51.57,48.42
68,1,CA1-RSC,103.0,0.408,0.6312,61.0,6000,0.1002,1,0.0127,0.038,5,0.1032,0.1103,0.2178,0.1828,83.2,87.28,58.78,60.46,0.6667,0.3333,66.27,67.03,81.6,74.36
68,1,CA1-RSC,108.0,0.428,0.577,66.0,6000,0.1065,1,0.0126,0.0229,6,0.0958,0.1084,0.2462,0.1725,80.52,72.63,34.02,33.8,0.6667,0.7143,88.48,79.41,67.25,88.26
68,1,CA1-RSC,113.0,0.448,0.6865,71.0,6000,0.1277,0,0.0,0.0433,0,0.0934,0.1136,0.2035,0.1732,33.45,47.7,34.28,40.35,0.6667,0.7143,75.83,73.09,77.74,77.27
68,1,CA1-RSC,118.0,0.468,0.7575,76.0,6000,0.1089,0,0.0,0.0201,0,0.0846,0.0835,0.1572,0.1628,43.13,44.91,27.17,34.78,0.4286,0.2,75.12,60.77,43.08,61.63
68,1,CA1-RSC,123.0,0.488,0.7497,81.0,6000,0.0997,0,0.0,-0.0045,0,0.0939,0.1153,0.1466,0.1596,47.87,53.0,43.58,57.59,0.6667,0.5,78.23,79.56,73.1,71.28
68,1,CA1-RSC,128.0,0.508,0.7497,86.0,6000,0.1114,0,0.0,0.004,0,0.0979,0.1153,0.1658,0.1615,88.88,72.94,44.31,44.84,0.4286,0.7143,78.11,79.07,43.47,53.07
68,1,CA1-RSC,133.0,0.528,0.7301,91.0,6000,0.1449,0,0.0,-0.0041,0,0.1048,0.1684,0.161,0.1836,38.96,55.84,25.39,27.37,0.6667,0.5,88.83,72.27,54.09,72.52
68,1,CA1-RSC,138.0,0.548,0.731,96.0,6000,0.135,0,0.0,-0.0472,0,0.0791,0.161,0.1937,0.1736,39.33,37.95,25.55,49.28,0.6667,0.7143,88.11,81.92,79.67,88.95
68,1,CA1-RSC,143.0,0.568,0.7917,101.0,6000,0.1224,0,0.0,-0.0223,0,0.0801,0.1362,0.1906,0.1578,40.57,39.25,22.71,34.77,0.6667,1.0,87.23,83.0,64.67,64.43
68,1,CA1-RSC,148.0,0.588,0.8234,106.0,6000,0.0941,0,0.0,0.0086,0,0.0789,0.1237,0.1631,0.1588,53.42,47.24,25.46,43.83,0.6667,0.7143,83.16,87.08,75.59,75.5
68,1,CA1-RSC,153.0,0.608,0.834,111.0,6000,0.143,0,0.0,-0.0213,0,0.0849,0.0984,0.1566,0.1569,43.91,51.03,23.6,33.75,0.6667,0.5,79.97,85.83,54.59,64.7
68,1,CA1-RSC,158.0,0.628,0.634,116.0,6000,0.0701,0,0.0,-0.0156,0,0.0939,0.0878,0.1366,0.1441,67.67,67.63,24.34,31.47,0.6667,0.5,78.62,66.41,67.63,66.91
68,1,CA1-RSC,163.0,0.648,0.5078,121.0,6000,0.1093,0,0.0,0.0056,0,0.1094,0.0994,0.1695,0.1593,52.71,52.64,23.11,37.67,0.4286,0.5,74.44,70.4,78.94,71.02
68,1,CA1-RSC,168.0,0.668,0.3056,126.0,6000,0.1245,0,0.0,-0.0089,0,0.1072,0.0949,0.182,0.1644,38.01,49.43,87.12,57.14,0.6667,0.3333,89.06,73.24,66.02,51.29
68,1,CA1-RSC,173.0,0.688,0.3056,131.0,6000,0.0987,0,0.0,0.0137,0,0.0865,0.103,0.1883,0.1554,28.96,33.38,19.24,21.44,1.0,0.5,77.12,77.09,88.13,77.79
68,1,CA1-RSC,178.0,0.708,0.3222,136.0,6000,0.1557,1,0.0123,0.004,0,0.0949,0.0765,0.2058,0.1974,63.76,59.36,23.46,21.33,0.4286,0.5,71.41,80.84,42.46,41.66
68,1,CA1-RSC,183.0,0.728,0.3667,141.0,6000,0.1195,0,0.0,0.0193,5,0.1226,0.0904,0.1924,0.1936,85.48,65.15,34.0,35.95,1.0,0.3333,89.45,83.39,53.43,66.28
68,1,CA1-RSC,188.0,0.748,0.3,146.0,6000,0.1201,0,0.0,0.0423,0,0.0946,0.1088,0.1944,0.1746,66.75,53.55,28.8,19.5,0.6667,0.7143,86.65,81.27,85.38,74.05
68,1,CA1-RSC,193.0,0.768,0.1333,151.0,6000,0.1104,0,0.0,0.0129,0,0.0879,0.1237,0.188,0.1754,76.92,68.75,52.58,61.99,0.4286,0.7143,85.35,71.8,39.85,65.62
68,1,CA1-RSC,198.0,0.788,0.0833,156.0,6000,0.1227,0,0.0,0.0279,0,0.085,0.1238,0.1888,0.1931,59.24,71.81,17.91,31.99,0.6667,0.7143,80.86,79.53,34.04,73.32
68,1,CA1-RSC,203.0,0.808,0.0167,161.0,6000,0.1259,1,0.0105,-0.0111,0,0.0825,0.0827,0.1795,0.1913,87.75,86.2,48.05,66.05,0.6667,0.5,87.91,84.87,78.71,83.06
68,1,CA1-RSC,208.0,0.828,0.0167,166.0,6000,0.1293,0,0.0,0.0036,0,0.1041,0.0839,0.1897,0.1769,59.12,65.21,44.19,35.31,0.6667,0.3333,88.72,85.96,85.49,72.23
68,1,CA1-RSC,213.0,0.848,0.0,171.0,6000,0.1533,1,0.0119,0.026,0,0.1269,0.095,0.1818,0.1631,38.84,39.76,22.81,23.2,0.4286,0.5,82.79,79.22,56.75,67.37
68,1,CA1-RSC,218.0,0.868,0.0,176.0,6000,0.1608,2,0.0235,0.0535,0,0.1109,0.1003,0.2157,0.1607,85.03,89.89,23.95,25.51,0.6667,0.5,82.08,87.74,51.99,64.62
68,1,CA1-RSC,223.0,0.888,0.0,181.0,6000,0.1709,1,0.0148,0.0808,0,0.1377,0.1121,0.1932,0.1625,81.6,62.89,17.13,26.06,0.6667,0.7143,87.45,85.72,45.68,57.91
68,1,CA1-RSC,228.0,0.908,0.0519,186.0,6000,0.1417,1,0.0101,0.0918,0,0.1188,0.0985,0.1771,0.1407,39.86,45.61,14.35,25.76,1.0,1.0,76.05,78.73,63.44,55.27
68,1,CA1-RSC,233.0,0.928,0.1704,191.0,6000,0.1388,1,0.0097,0.046,0,0.1091,0.111,0.2028,0.1737,31.66,39.38,30.2,28.33,0.6667,0.7143,65.4,83.84,58.71,55.29
68,1,CA1-RSC,238.0,0.948,0.1704,196.0,6000,0.1859,1,0.0176,-0.0046,0,0.0699,0.0902,0.2318,0.2353,36.95,53.73,23.59,20.67,0.4286,0.5,65.93,75.3,46.42,39.63
68,1,CA1-RSC,243.0,0.968,0.1363,201.0,6000,0.1891,1,0.0182,-0.0134,0,0.0929,0.106,0.2115,0.1924,25.13,35.55,24.03,24.62,0.6667,0.5,83.98,73.79,59.16,50.81
68,1,CA1-CA3,8.0,0.028,0.0849,-34.0,6000,0.5303,3,0.2599,-0.0324,0,0.206,0.504,0.3817,0.4795,nan,nan,nan,nan,,,48.01,17.38,13.47,5.48
68,1,CA1-CA3,13.0,0.048,0.082,-29.0,6000,0.5237,2,0.1993,-0.0665,0,0.1788,0.0885,0.4507,0.4798,53.99,69.51,5.71,41.38,0.4286,0.5,36.22,37.68,19.9,8.9
68,1,CA1-CA3,18.0,0.068,0.0907,-24.0,6000,0.517,2,0.1888,-0.0825,0,0.1511,0.0856,0.4571,0.4795,17.81,18.62,7.53,5.04,0.6667,0.5,39.64,37.2,20.93,9.77
68,1,CA1-CA3,23.0,0.088,0.1449,-19.0,6000,0.5191,2,0.1876,-0.0437,0,0.1581,0.0759,0.4739,0.4741,21.96,8.81,8.65,9.43,0.4286,0.5,45.47,23.42,14.52,9.79
68,1,CA1-CA3,28.0,0.108,0.2127,-14.0,6000,0.5257,2,0.198,-0.0292,0,0.2179,0.0661,0.4985,0.4694,18.73,17.31,6.21,6.3,0.6667,0.5,38.61,33.75,22.07,11.59
68,1,CA1-CA3,33.0,0.128,0.3598,-9.0,6000,0.5237,2,0.2019,-0.0388,0,0.1757,0.0753,0.481,0.4774,16.09,24.1,6.79,5.85,0.6667,0.5,35.74,37.53,12.62,8.37
68,1,CA1-CA3,38.0,0.148,0.4977,-4.0,6000,0.5191,3,0.203,-0.0575,0,0.1416,0.094,0.4705,0.4718,16.15,18.34,6.8,4.49,0.6667,0.5,34.32,32.21,14.89,10.66
68,1,CA1-CA3,43.0,0.168,0.6618,1.0,6000,0.5345,2,0.2046,-0.0448,0,0.163,0.0842,0.4848,0.4734,22.4,21.23,7.06,6.07,0.6667,0.5,80.98,52.2,11.4,10.36
68,1,CA1-CA3,48.0,0.188,0.7524,6.0,6000,0.5328,2,0.1997,-0.0326,0,0.1647,0.1028,0.4996,0.4675,28.91,18.46,6.75,3.86,1.0,0.5,43.19,39.4,12.38,10.67
68,1,CA1-CA3,53.0,0.208,0.8476,11.0,6000,0.5231,3,0.1981,-0.0316,0,0.1574,0.0884,0.4629,0.4484,27.04,17.98,6.72,6.0,1.0,0.5,57.09,24.81,10.86,9.29
68,1,CA1-CA3,58.0,0.228,0.7862,16.0,6000,0.4993,2,0.1744,-0.0306,0,0.1687,0.131,0.4691,0.4627,33.65,25.05,4.16,5.42,0.6667,0.5,51.4,31.17,12.8,12.92
68,1,CA1-CA3,63.0,0.248,0.8254,21.0,6000,0.5001,2,0.1874,-0.0394,0,0.1557,0.1055,0.4743,0.4515,41.99,39.81,6.94,5.13,0.6667,1.0,56.42,46.13,12.82,13.02
68,1,CA1-CA3,68.0,0.268,0.8268,26.0,6000,0.4977,2,0.181,-0.046,0,0.1758,0.0787,0.4781,0.4359,22.17,21.45,3.73,4.15,0.6667,1.0,88.9,64.31,11.14,11.25
68,1,CA1-CA3,73.0,0.288,0.9473,31.0,6000,0.513,2,0.1867,-0.0661,0,0.1495,0.0793,0.469,0.4556,88.26,87.72,4.37,5.94,0.6667,0.5,53.3,70.56,9.55,8.39
68,1,CA1-CA3,78.0,0.308,0.8775,36.0,6000,0.4855,2,0.1661,-0.0666,0,0.1661,0.0906,0.4355,0.4412,20.95,27.68,6.78,5.15,1.0,0.5,58.47,51.61,14.1,12.12
68,1,CA1-CA3,83.0,0.328,0.8527,41.0,6000,0.4724,2,0.1555,-0.0735,0,0.15,0.11,0.4569,0.4494,33.33,44.57,6.79,5.69,1.0,1.0,39.87,50.42,12.22,12.86
68,1,CA1-CA3,88.0,0.348,0.8476,46.0,6000,0.4485,3,0.1456,-0.0887,0,0.1781,0.1249,0.4273,0.4327,46.0,36.72,6.2,8.85,0.6667,1.0,77.1,81.83,14.28,11.78
68,1,CA1-CA3,93.0,0.368,0.8757,51.0,6000,0.4573,2,0.1543,-0.0884,0,0.1849,0.0955,0.451,0.4422,66.4,77.38,8.13,8.28,0.6667,1.0,63.5,63.53,10.0,13.8
68,1,CA1-CA3,98.0,0.388,0.753,56.0,6000,0.4799,2,0.1753,-0.0845,0,0.1821,0.0741,0.4622,0.4682,23.38,21.7,9.34,7.98,0.6667,0.5,76.06,89.44,14.03,11.34
68,1,CA1-CA3,103.0,0.408,0.6312,61.0,6000,0.5006,2,0.1868,-0.0752,0,0.1486,0.1203,0.4552,0.4838,22.86,21.39,9.53,11.63,0.6667,0.5,43.74,44.72,8.13,12.1
68,1,CA1-CA3,108.0,0.428,0.577,66.0,6000,0.4989,2,0.1884,-0.0883,0,0.1763,0.0898,0.4571,0.503,21.49,22.34,6.28,5.72,0.6667,1.0,44.24,69.2,11.4,8.73
68,1,CA1-CA3,113.0,0.448,0.6865,71.0,6000,0.507,2,0.1845,-0.0864,0,0.1491,0.0763,0.4455,0.4903,21.44,22.1,9.22,8.5,0.6667,0.2,67.91,63.99,20.19,8.2
68,1,CA1-CA3,118.0,0.468,0.7575,76.0,6000,0.5,3,0.1945,-0.0586,0,0.1609,0.1088,0.4376,0.468,25.06,28.71,10.0,8.24,0.4286,0.5,40.37,39.25,16.99,7.15
68,1,CA1-CA3,123.0,0.488,0.7497,81.0,6000,0.4763,3,0.1771,-0.0584,0,0.1407,0.1062,0.4365,0.4592,14.87,18.98,8.49,7.79,0.4286,0.5,27.36,30.7,17.6,14.23
68,1,CA1-CA3,128.0,0.508,0.7497,86.0,6000,0.5172,2,0.1938,-0.0406,0,0.1642,0.0979,0.4586,0.4613,14.61,14.91,6.74,6.35,0.6667,1.0,35.54,27.45,15.72,14.07
68,1,CA1-CA3,133.0,0.528,0.7301,91.0,6000,0.5288,2,0.1998,-0.0473,0,0.1287,0.0876,0.4623,0.4781,23.29,15.15,10.49,7.45,0.6667,1.0,61.67,83.91,12.16,6.98
68,1,CA1-CA3,138.0,0.548,0.731,96.0,6000,0.5048,2,0.1906,-0.0774,0,0.1304,0.0763,0.4849,0.5036,29.72,25.75,8.46,6.13,1.0,0.5,52.31,59.3,12.09,10.35
68,1,CA1-CA3,143.0,0.568,0.7917,101.0,6000,0.4558,2,0.1505,-0.0683,0,0.1493,0.0943,0.4628,0.4717,26.19,22.47,6.46,4.38,0.6667,0.5,63.2,44.78,14.8,11.43
68,1,CA1-CA3,148.0,0.588,0.8234,106.0,6000,0.4814,2,0.1632,-0.0908,0,0.1583,0.0972,0.4796,0.4586,26.04,32.72,7.41,6.04,0.6667,1.0,47.81,81.24,15.54,12.81
68,1,CA1-CA3,153.0,0.608,0.834,111.0,6000,0.4718,2,0.1528,-0.0957,0,0.1455,0.0977,0.4698,0.4428,33.04,40.26,10.2,7.17,0.6667,1.0,50.03,31.24,17.16,11.99
68,1,CA1-CA3,158.0,0.628,0.634,116.0,6000,0.5083,3,0.1887,-0.0715,0,0.1266,0.079,0.4815,0.4626,28.85,22.25,6.81,5.74,0.4286,0.5,37.05,23.48,19.37,8.27
68,1,CA1-CA3,163.0,0.648,0.5078,121.0,6000,0.5108,3,0.1935,-0.0759,0,0.1879,0.0975,0.4872,0.4756,17.1,19.89,7.05,9.06,0.6667,0.2,34.73,35.56,12.43,13.41
68,1,CA1-CA3,168.0,0.668,0.3056,126.0,6000,0.5131,2,0.1846,-0.0785,0,0.149,0.0926,0.4877,0.5048,15.57,15.03,6.62,5.12,0.6667,1.0,40.2,44.77,15.37,11.66
68,1,CA1-CA3,173.0,0.688,0.3056,131.0,6000,0.5148,2,0.1842,-0.105,0,0.1735,0.1327,0.468,0.4741,20.15,9.74,7.7,4.29,1.0,1.0,54.39,54.93,17.63,10.55
68,1,CA1-CA3,178.0,0.708,0.3222,136.0,6000,0.4853,2,0.165,-0.088,0,0.1316,0.1503,0.4517,0.4419,28.09,16.8,8.98,7.21,0.25,0.5,48.58,36.99,21.54,10.08
68,1,CA1-CA3,183.0,0.728,0.3667,141.0,6000,0.4958,3,0.1832,-0.0495,0,0.1714,0.1808,0.4531,0.4465,18.94,23.04,5.48,6.11,0.4286,0.5,56.93,46.02,15.53,14.71
68,1,CA1-CA3,188.0,0.748,0.3,146.0,6000,0.5193,3,0.1967,-0.0556,0,0.1567,0.1321,0.4478,0.4506,17.86,25.36,6.62,7.12,0.6667,0.5,37.6,41.6,14.96,11.37
68,1,CA1-CA3,193.0,0.768,0.1333,151.0,6000,0.5341,3,0.2034,-0.0885,0,0.1347,0.0695,0.4942,0.4845,17.36,23.06,6.19,8.54,0.6667,0.5,53.33,33.79,12.63,5.45
68,1,CA1-CA3,198.0,0.788,0.0833,156.0,6000,0.5156,2,0.1862,-0.0898,0,0.1132,0.099,0.4865,0.4735,28.85,11.77,7.88,2.49,0.4286,0.5,52.91,53.51,12.72,7.87
68,1,CA1-CA3,203.0,0.808,0.0167,161.0,6000,0.495,2,0.1724,-0.0986,0,0.122,0.0906,0.4674,0.4435,21.91,11.13,9.36,4.0,0.4286,1.0,57.42,40.74,15.72,9.31
68,1,CA1-CA3,208.0,0.828,0.0167,166.0,6000,0.488,2,0.1592,-0.1317,0,0.1749,0.0855,0.5012,0.455,23.61,16.02,7.5,5.14,0.6667,0.5,40.1,35.15,18.05,9.36
68,1,CA1-CA3,213.0,0.848,0.0,171.0,6000,0.5182,3,0.1939,-0.1067,0,0.1363,0.0802,0.5115,0.5279,27.77,25.01,9.72,5.39,0.4286,0.2,35.67,33.52,17.78,9.37
68,1,CA1-CA3,218.0,0.868,0.0,176.0,6000,0.5544,2,0.2217,-0.0854,0,0.1405,0.0825,0.5298,0.5109,19.69,17.97,4.2,5.43,0.4286,0.2,86.0,77.19,12.46,8.9
68,1,CA1-CA3,223.0,0.888,0.0,181.0,6000,0.5451,2,0.214,-0.0766,0,0.1881,0.0852,0.5035,0.4804,38.77,47.26,7.18,6.59,0.6667,0.5,67.85,75.89,13.27,9.06
68,1,CA1-CA3,228.0,0.908,0.0519,186.0,6000,0.5313,2,0.2067,-0.0954,0,0.1372,0.0974,0.5099,0.4636,28.16,31.37,5.36,6.48,0.6667,0.2,54.08,35.34,14.19,9.73
68,1,CA1-CA3,233.0,0.928,0.1704,191.0,6000,0.5184,2,0.1955,-0.0681,0,0.1479,0.1064,0.4869,0.4758,18.07,27.81,6.83,4.83,0.6667,1.0,58.58,66.95,13.13,10.54
68,1,CA1-CA3,238.0,0.948,0.1704,196.0,6000,0.497,3,0.1887,-0.0637,0,0.154,0.0745,0.4864,0.4592,20.96,18.35,9.23,3.92,0.4286,0.5,39.52,29.52,8.41,9.35
68,1,CA1-CA3,243.0,0.968,0.1363,201.0,6000,0.5163,2,0.1902,-0.0662,0,0.1466,0.1084,0.4868,0.4736,13.72,25.72,6.98,4.33,0.6667,0.5,41.26,46.46,11.97,13.67
68,1,CA1-DG,8.0,0.028,0.0849,-34.0,6000,0.342,2,0.0826,-0.0139,0,0.1959,0.1588,0.3023,0.2757,nan,nan,nan,nan,,,85.92,75.91,22.07,17.54
68,1,CA1-DG,13.0,0.048,0.082,-29.0,6000,0.3922,2,0.1035,-0.0405,0,0.1675,0.1526,0.2999,0.3135,41.12,41.02,13.09,13.88,1.0,0.5,40.88,61.98,17.58,18.56
68,1,CA1-DG,18.0,0.068,0.0907,-24.0,6000,0.4004,2,0.1134,-0.0068,0,0.1584,0.1353,0.3444,0.343,34.6,29.03,9.27,10.48,0.6667,0.5,60.52,45.09,13.77,16.45
68,1,CA1-DG,23.0,0.088,0.1449,-19.0,6000,0.3779,2,0.1038,-0.0225,0,0.1515,0.141,0.3378,0.3451,15.52,26.93,9.13,11.49,1.0,1.0,50.54,69.82,15.03,21.88
68,1,CA1-DG,28.0,0.108,0.2127,-14.0,6000,0.3514,3,0.1007,-0.0333,0,0.1612,0.1397,0.2877,0.3232,37.35,28.7,10.12,9.63,0.6667,0.7143,40.43,46.81,28.14,24.65
68,1,CA1-DG,33.0,0.128,0.3598,-9.0,6000,0.3283,2,0.0814,-0.0466,0,0.1459,0.1028,0.2998,0.3021,21.95,27.79,11.65,16.73,0.6667,0.5,52.12,49.87,23.79,32.94
68,1,CA1-DG,38.0,0.148,0.4977,-4.0,6000,0.3446,2,0.0926,-0.0369,0,0.0964,0.1514,0.3116,0.3125,29.23,30.95,14.14,10.21,0.4286,0.5,46.59,41.32,14.9,26.38
68,1,CA1-DG,43.0,0.168,0.6618,1.0,6000,0.3778,2,0.1047,-0.0227,0,0.098,0.1133,0.3206,0.3154,26.18,31.56,6.91,14.42,0.6667,0.5,34.1,61.52,13.27,22.36
68,1,CA1-DG,48.0,0.188,0.7524,6.0,6000,0.3948,2,0.1161,-0.0415,0,0.1161,0.1119,0.2976,0.3266,35.74,39.46,9.08,10.26,1.0,0.5,56.64,53.96,18.76,19.33
68,1,CA1-DG,53.0,0.208,0.8476,11.0,6000,0.3873,2,0.1144,-0.0206,0,0.1051,0.1234,0.2763,0.3291,37.78,34.1,8.36,9.11,1.0,0.7143,80.38,70.76,21.63,28.7
68,1,CA1-DG,58.0,0.228,0.7862,16.0,6000,0.371,2,0.1065,-0.0249,0,0.085,0.1288,0.2847,0.3293,32.65,31.82,6.79,14.9,0.6667,0.7143,50.87,66.24,24.63,33.56
68,1,CA1-DG,63.0,0.248,0.8254,21.0,6000,0.3749,2,0.1034,-0.0614,0,0.0887,0.1254,0.3293,0.3391,26.06,40.02,10.67,10.54,0.6667,0.7143,61.24,76.6,16.62,25.24
68,1,CA1-DG,68.0,0.268,0.8268,26.0,6000,0.4049,2,0.1245,-0.0578,0,0.0866,0.1236,0.3399,0.3383,26.13,39.14,6.17,8.04,0.6667,0.5,72.88,80.47,13.36,18.21
68,1,CA1-DG,73.0,0.288,0.9473,31.0,6000,0.4021,2,0.1295,-0.0599,0,0.0902,0.1138,0.3211,0.3395,46.05,52.3,6.16,12.1,0.6667,0.3333,88.29,82.13,13.62,18.92
68,1,CA1-DG,78.0,0.308,0.8775,36.0,6000,0.3928,2,0.1343,-0.0207,0,0.0998,0.1151,0.3163,0.3313,26.1,36.25,11.68,12.04,0.6667,0.3333,88.91,88.06,18.4,24.27
68,1,CA1-DG,83.0,0.328,0.8527,41.0,6000,0.4119,2,0.1441,-0.0214,0,0.0936,0.124,0.3022,0.3441,28.91,26.49,6.13,7.35,1.0,0.3333,66.9,73.94,19.43,16.99
68,1,CA1-DG,88.0,0.348,0.8476,46.0,6000,0.4111,2,0.1352,-0.0114,0,0.1029,0.1309,0.3196,0.3576,17.53,16.88,7.59,10.74,1.0,0.5,37.32,47.06,17.66,19.03
68,1,CA1-DG,93.0,0.368,0.8757,51.0,6000,0.4267,3,0.1375,-0.024,0,0.0955,0.1195,0.3147,0.3399,34.63,34.0,8.62,11.26,1.0,0.7143,59.63,56.61,15.44,15.39
68,1,CA1-DG,98.0,0.388,0.753,56.0,6000,0.4279,2,0.1214,-0.0335,0,0.1008,0.124,0.346,0.3628,25.89,23.86,5.55,8.35,0.6667,0.3333,75.32,79.94,13.68,18.85
68,1,CA1-DG,103.0,0.408,0.6312,61.0,6000,0.4388,2,0.1312,-0.032,0,0.0984,0.1198,0.3599,0.3568,76.88,84.79,6.01,8.56,0.6667,0.0909,74.35,78.45,13.08,15.5
68,1,CA1-DG,108.0,0.428,0.577,66.0,6000,0.453,2,0.1384,-0.0222,0,0.0899,0.1215,0.3765,0.3791,62.77,55.81,8.96,8.85,0.6667,0.7143,67.77,81.01,10.65,18.52
68,1,CA1-DG,113.0,0.448,0.6865,71.0,6000,0.4647,2,0.1452,-0.0043,0,0.0879,0.1077,0.3849,0.3692,35.85,27.1,4.42,9.44,0.6667,0.5,61.81,88.55,17.64,19.17
68,1,CA1-DG,118.0,0.468,0.7575,76.0,6000,0.4472,2,0.1326,-0.0169,0,0.0802,0.0961,0.3588,0.3698,68.2,65.61,7.04,9.93,0.6667,0.3333,59.86,65.94,14.92,17.54
68,1,CA1-DG,123.0,0.488,0.7497,81.0,6000,0.4318,2,0.1323,-0.0216,0,0.0896,0.1113,0.3482,0.3672,31.79,33.39,7.24,7.39,0.6667,0.5,53.63,55.19,11.15,23.82
68,1,CA1-DG,128.0,0.508,0.7497,86.0,6000,0.4186,2,0.1229,-0.0342,0,0.0944,0.1021,0.3721,0.3417,22.72,41.45,10.07,9.67,0.4286,0.2,55.19,62.72,20.24,25.16
68,1,CA1-DG,133.0,0.528,0.7301,91.0,6000,0.414,2,0.1131,-0.0365,0,0.102,0.0898,0.3624,0.3499,24.22,28.65,7.43,8.9,0.6667,1.0,56.26,50.84,20.89,29.15
68,1,CA1-DG,138.0,0.548,0.731,96.0,6000,0.4264,2,0.1138,-0.0341,0,0.0758,0.0928,0.3484,0.3548,19.52,32.96,8.43,9.39,0.6667,0.3333,79.67,82.23,19.78,11.75
68,1,CA1-DG,143.0,0.568,0.7917,101.0,6000,0.4565,2,0.1389,-0.0206,0,0.0761,0.1167,0.3669,0.3758,26.26,28.8,8.05,11.53,0.6667,0.3333,63.57,53.72,18.28,22.48
68,1,CA1-DG,148.0,0.588,0.8234,106.0,6000,0.4635,2,0.147,-0.0201,0,0.0748,0.1318,0.3587,0.3893,33.35,44.26,5.63,9.59,0.6667,0.5,40.61,76.01,18.11,19.76
68,1,CA1-DG,153.0,0.608,0.834,111.0,6000,0.4875,3,0.1814,-0.0278,0,0.0808,0.1192,0.3684,0.3968,17.79,25.35,6.56,9.53,0.6667,0.5,40.72,60.31,14.84,15.96
68,1,CA1-DG,158.0,0.628,0.634,116.0,6000,0.4794,2,0.1605,-0.0269,0,0.0904,0.121,0.3734,0.3773,15.92,22.74,11.47,13.18,0.6667,0.5,39.17,56.5,16.97,12.93
68,1,CA1-DG,163.0,0.648,0.5078,121.0,6000,0.4682,2,0.1495,-0.0169,0,0.1058,0.1126,0.3741,0.3927,14.92,22.57,7.84,7.75,0.4286,0.5,43.35,64.24,16.84,17.45
68,1,CA1-DG,168.0,0.668,0.3056,126.0,6000,0.4628,3,0.149,-0.0449,0,0.1036,0.1434,0.3745,0.3955,19.47,27.94,7.05,8.21,0.6667,0.5,44.99,42.27,17.96,16.42
68,1,CA1-DG,173.0,0.688,0.3056,131.0,6000,0.4521,3,0.1473,-0.0462,0,0.0828,0.1078,0.3859,0.3923,20.47,20.05,8.93,12.84,1.0,0.3333,47.31,55.7,16.4,18.93
68,1,CA1-DG,178.0,0.708,0.3222,136.0,6000,0.4753,2,0.1549,-0.0161,0,0.0917,0.0999,0.3645,0.3913,22.99,32.82,9.88,12.9,0.4286,0.2,83.03,89.02,15.37,14.09
68,1,CA1-DG,183.0,0.728,0.3667,141.0,6000,0.467,2,0.1632,-0.0128,0,0.1198,0.1438,0.3846,0.3873,83.89,61.83,8.99,7.13,1.0,0.5,69.08,78.61,16.22,17.47
68,1,CA1-DG,188.0,0.748,0.3,146.0,6000,0.4696,2,0.1637,-0.0224,0,0.0908,0.1141,0.3423,0.3681,46.13,53.01,7.3,10.06,0.6667,0.5,72.57,81.6,11.25,15.18
68,1,CA1-DG,193.0,0.768,0.1333,151.0,6000,0.4544,2,0.1454,-0.0176,0,0.0845,0.0972,0.37,0.3823,85.4,84.78,4.57,7.9,0.6667,0.7143,68.74,87.55,15.49,18.62
68,1,CA1-DG,198.0,0.788,0.0833,156.0,6000,0.4332,2,0.1255,-0.0215,0,0.0822,0.0969,0.3582,0.3624,32.76,45.77,6.62,6.26,0.6667,0.2,41.86,65.35,12.75,20.6
68,1,CA1-DG,203.0,0.808,0.0167,161.0,6000,0.471,2,0.1543,-0.0436,0,0.0795,0.1228,0.3991,0.3844,31.83,54.66,7.38,12.57,0.6667,0.3333,52.31,57.2,16.04,18.91
68,1,CA1-DG,208.0,0.828,0.0167,166.0,6000,0.4691,2,0.1528,-0.0265,0,0.1009,0.1065,0.3831,0.3724,28.01,34.63,4.24,9.11,0.6667,0.2,64.31,55.56,12.25,16.56
68,1,CA1-DG,213.0,0.848,0.0,171.0,6000,0.4666,2,0.1479,-0.0368,0,0.1236,0.1486,0.4114,0.3873,40.41,51.78,6.17,7.09,0.4286,0.3333,80.32,70.23,15.15,15.81
68,1,CA1-DG,218.0,0.868,0.0,176.0,6000,0.4614,2,0.1374,-0.0495,0,0.1076,0.1127,0.3674,0.3873,61.9,59.82,8.68,9.47,0.6667,0.5,73.18,65.46,13.96,18.36
68,1,CA1-DG,223.0,0.888,0.0,181.0,6000,0.4627,2,0.1444,-0.0321,0,0.1355,0.1398,0.3281,0.3818,37.96,40.58,10.11,9.46,0.6667,0.3333,81.43,87.84,20.27,18.18
68,1,CA1-DG,228.0,0.908,0.0519,186.0,6000,0.4491,2,0.1326,-0.0129,0,0.1172,0.0981,0.3345,0.3773,46.45,48.84,6.91,10.13,1.0,0.3333,83.56,79.43,18.32,21.73
68,1,CA1-DG,233.0,0.928,0.1704,191.0,6000,0.4266,2,0.1206,-0.0067,0,0.1073,0.0844,0.3443,0.3734,54.58,68.99,9.46,9.92,0.6667,0.3333,65.75,75.41,14.27,17.03
68,1,CA1-DG,238.0,0.948,0.1704,196.0,6000,0.4236,2,0.1155,0.0074,0,0.0673,0.1176,0.3446,0.3575,40.4,51.68,9.49,10.96,0.4286,0.5,64.88,75.34,22.32,16.09
68,1,CA1-DG,243.0,0.968,0.1363,201.0,6000,0.441,2,0.1264,0.0005,0,0.0896,0.1357,0.3658,0.3678,24.5,25.13,7.52,10.42,0.6667,0.5,86.23,83.57,20.91,16.48
68,1,CA3-DG,8.0,0.028,0.0849,-34.0,6000,0.4642,3,0.2772,-0.0055,0,0.5009,0.2282,0.386,0.3208,nan,nan,nan,nan,,,14.66,30.26,4.17,27.15
68,1,CA3-DG,13.0,0.048,0.082,-29.0,6000,0.4669,3,0.2091,0.0079,0,0.0942,0.1917,0.3767,0.3511,42.49,71.47,84.3,23.7,0.5,0.7143,84.25,69.71,27.76,18.09
68,1,CA3-DG,18.0,0.068,0.0907,-24.0,6000,0.4863,3,0.2263,0.0443,0,0.0903,0.2047,0.358,0.3523,15.43,13.79,11.65,12.06,0.5,1.0,60.77,75.93,15.72,17.1
68,1,CA3-DG,23.0,0.088,0.1449,-19.0,6000,0.4844,3,0.2201,0.0096,0,0.0788,0.2065,0.367,0.3545,28.05,43.1,8.42,13.4,0.5,0.7143,59.27,68.92,21.56,25.93
68,1,CA3-DG,28.0,0.108,0.2127,-14.0,6000,0.4792,3,0.2268,0.0114,0,0.0691,0.1668,0.3792,0.368,21.81,22.35,6.11,8.63,0.5,0.5,51.65,48.4,13.33,18.88
68,1,CA3-DG,33.0,0.128,0.3598,-9.0,6000,0.4899,3,0.2407,0.0062,0,0.0787,0.1778,0.4093,0.3827,16.12,23.17,8.07,9.52,0.5,0.7143,27.8,38.44,12.44,18.44
68,1,CA3-DG,38.0,0.148,0.4977,-4.0,6000,0.5074,3,0.2717,0.0031,0,0.0952,0.1493,0.3977,0.3936,18.58,22.05,7.04,10.62,0.5,0.5,24.58,41.52,11.21,18.34
68,1,CA3-DG,43.0,0.168,0.6618,1.0,6000,0.5122,3,0.2633,0.0336,0,0.0862,0.1411,0.3933,0.3929,15.14,22.07,9.79,11.71,0.5,0.5,36.18,59.85,14.05,14.95
68,1,CA3-DG,48.0,0.188,0.7524,6.0,6000,0.5448,3,0.2888,0.0137,0,0.1036,0.1708,0.4005,0.4007,16.31,28.76,11.79,11.4,1.0,0.7143,28.95,44.61,18.37,16.87
68,1,CA3-DG,53.0,0.208,0.8476,11.0,6000,0.5478,3,0.2774,0.0252,0,0.0885,0.1893,0.3731,0.4089,14.88,23.86,7.29,5.78,0.5,0.5,41.33,61.64,17.05,17.96
68,1,CA3-DG,58.0,0.228,0.7862,16.0,6000,0.5305,3,0.2657,0.0336,0,0.1316,0.1856,0.398,0.3815,30.38,46.5,5.17,8.2,0.5,0.3333,37.41,55.85,17.99,13.39
68,1,CA3-DG,63.0,0.248,0.8254,21.0,6000,0.5056,3,0.2378,0.0317,0,0.1066,0.2058,0.3866,0.3563,13.21,14.58,6.37,9.16,1.0,0.3333,34.89,47.02,16.57,27.15
68,1,CA3-DG,68.0,0.268,0.8268,26.0,6000,0.4862,3,0.232,-0.0109,0,0.0813,0.1886,0.3881,0.3539,14.55,13.15,6.58,6.17,1.0,0.7143,36.81,51.42,15.22,19.6
68,1,CA3-DG,73.0,0.288,0.9473,31.0,6000,0.4865,3,0.2431,-0.0198,0,0.0818,0.1771,0.3836,0.3709,18.41,27.72,8.33,9.5,0.5,0.3333,34.95,58.23,20.36,20.32
68,1,CA3-DG,78.0,0.308,0.8775,36.0,6000,0.4786,3,0.2455,-0.024,0,0.0928,0.1661,0.3781,0.3912,12.18,21.54,5.66,9.4,0.5,0.7143,39.9,64.11,16.81,19.02
68,1,CA3-DG,83.0,0.328,0.8527,41.0,6000,0.5005,3,0.2588,-0.0083,0,0.1103,0.2004,0.3893,0.4079,14.93,18.7,10.42,9.34,1.0,0.5,42.3,51.58,13.96,19.86
68,1,CA3-DG,88.0,0.348,0.8476,46.0,6000,0.5139,2,0.2563,0.0025,0,0.1254,0.2181,0.3908,0.4157,25.46,32.21,7.11,9.12,1.0,0.3333,61.65,70.02,8.64,16.66
68,1,CA3-DG,93.0,0.368,0.8757,51.0,6000,0.5078,2,0.2407,-0.0076,0,0.0956,0.1925,0.3955,0.3962,21.39,28.28,10.69,11.89,1.0,0.5,67.59,83.43,18.3,20.36
68,1,CA3-DG,98.0,0.388,0.753,56.0,6000,0.486,3,0.2193,0.0129,0,0.075,0.1582,0.4074,0.3922,12.08,27.13,15.04,11.17,0.5,0.3333,37.82,50.45,16.77,16.73
68,1,CA3-DG,103.0,0.408,0.6312,61.0,6000,0.4788,3,0.2017,-0.0106,0,0.1217,0.1942,0.3987,0.3507,34.5,37.39,11.3,13.26,0.5,0.7143,44.79,43.45,12.19,16.93
68,1,CA3-DG,108.0,0.428,0.577,66.0,6000,0.4671,3,0.2077,0.0092,0,0.0923,0.195,0.3612,0.3561,11.77,15.22,9.77,9.54,1.0,0.5,29.69,31.98,17.3,17.85
68,1,CA3-DG,113.0,0.448,0.6865,71.0,6000,0.4576,3,0.224,-0.0024,0,0.078,0.2032,0.3389,0.3632,15.5,24.72,10.0,8.57,0.2,0.5,20.16,26.68,25.73,26.83
68,1,CA3-DG,118.0,0.468,0.7575,76.0,6000,0.4944,3,0.2626,0.007,0,0.1109,0.1682,0.3497,0.4026,16.21,15.66,15.2,15.23,0.5,0.5,22.03,25.27,10.26,16.36
68,1,CA3-DG,123.0,0.488,0.7497,81.0,6000,0.5073,3,0.2758,0.0482,0,0.1066,0.1651,0.3487,0.4021,13.26,14.89,6.6,10.39,1.0,0.5,24.44,33.71,10.66,17.75
68,1,CA3-DG,128.0,0.508,0.7497,86.0,6000,0.4976,3,0.2324,0.0387,0,0.0999,0.1852,0.3595,0.3938,14.2,17.39,6.78,9.15,0.5,0.3333,23.57,29.28,11.03,19.0
68,1,CA3-DG,133.0,0.528,0.7301,91.0,6000,0.5147,3,0.256,0.0302,0,0.0876,0.1581,0.3788,0.3912,11.19,14.86,4.99,8.04,0.5,0.5,27.09,37.39,13.34,16.39
68,1,CA3-DG,138.0,0.548,0.731,96.0,6000,0.5235,3,0.2543,0.0175,0,0.0763,0.1783,0.3873,0.3752,14.74,18.19,5.52,8.36,0.5,0.5,21.96,25.82,11.0,12.55
68,1,CA3-DG,143.0,0.568,0.7917,101.0,6000,0.5298,3,0.2843,0.0124,0,0.0903,0.1234,0.4157,0.3859,10.5,16.14,7.63,10.23,0.5,0.7143,24.8,32.41,9.63,19.26
68,1,CA3-DG,148.0,0.588,0.8234,106.0,6000,0.5365,3,0.28,0.0301,0,0.0944,0.1347,0.4178,0.3774,11.13,16.16,4.95,7.44,1.0,0.2,24.59,42.46,11.47,15.25
68,1,CA3-DG,153.0,0.608,0.834,111.0,6000,0.526,3,0.284,0.0436,0,0.0948,0.1665,0.4249,0.4028,13.69,23.21,11.93,9.78,1.0,0.2,20.48,45.44,16.03,20.55
68,1,CA3-DG,158.0,0.628,0.634,116.0,6000,0.5229,3,0.2528,0.041,0,0.0803,0.184,0.3978,0.3856,12.54,20.44,9.22,9.62,0.5,0.5,34.52,29.05,10.78,17.11
68,1,CA3-DG,163.0,0.648,0.5078,121.0,6000,0.5146,3,0.2411,0.0319,0,0.098,0.1726,0.3868,0.378,21.26,20.62,5.8,7.99,0.5,0.3333,37.79,36.19,10.14,19.81
68,1,CA3-DG,168.0,0.668,0.3056,126.0,6000,0.5084,3,0.2467,0.0285,0,0.0934,0.1816,0.3983,0.3858,17.39,18.36,9.76,12.62,1.0,0.7143,22.98,33.27,7.89,22.83
68,1,CA3-DG,173.0,0.688,0.3056,131.0,6000,0.5037,3,0.2537,0.0096,0,0.1334,0.1737,0.3993,0.3842,12.28,14.55,8.17,10.85,1.0,0.3333,21.82,29.54,19.1,25.58
68,1,CA3-DG,178.0,0.708,0.3222,136.0,6000,0.4836,3,0.2346,0.0009,0,0.1527,0.1517,0.3871,0.391,13.46,17.85,8.37,13.99,0.5,0.5,25.58,35.13,26.24,27.26
68,1,CA3-DG,183.0,0.728,0.3667,141.0,6000,0.4767,3,0.205,0.0227,0,0.1849,0.1733,0.3773,0.3633,30.26,20.39,8.09,11.67,1.0,0.5,54.55,51.23,16.86,23.25
68,1,CA3-DG,188.0,0.748,0.3,146.0,6000,0.4694,4,0.2261,0.0406,0,0.1379,0.1817,0.3313,0.3578,85.53,79.24,9.38,10.3,0.5,0.5,86.31,85.12,14.23,18.19
68,1,CA3-DG,193.0,0.768,0.1333,151.0,6000,0.4926,3,0.238,0.0524,0,0.0756,0.1454,0.3463,0.3509,59.38,54.55,10.14,13.45,0.5,0.3333,34.22,42.22,8.75,17.38
68,1,CA3-DG,198.0,0.788,0.0833,156.0,6000,0.4783,4,0.2751,0.0268,0,0.1,0.1836,0.352,0.3863,16.86,19.98,9.26,12.04,0.5,0.5,19.66,45.98,13.96,16.06
68,1,CA3-DG,203.0,0.808,0.0167,161.0,6000,0.5027,3,0.2735,0.0227,0,0.0908,0.1419,0.3603,0.367,17.82,22.56,14.74,17.97,1.0,0.0909,28.14,42.72,19.78,21.34
68,1,CA3-DG,208.0,0.828,0.0167,166.0,6000,0.4932,3,0.2419,0.0221,0,0.0872,0.1164,0.3551,0.3742,6.36,24.43,6.0,9.11,0.5,0.3333,36.12,51.63,16.91,16.86
68,1,CA3-DG,213.0,0.848,0.0,171.0,6000,0.4905,3,0.242,0.0489,0,0.0849,0.2026,0.3644,0.3572,16.42,22.95,8.79,10.83,0.5,0.7143,29.45,60.21,11.73,23.82
68,1,CA3-DG,218.0,0.868,0.0,176.0,6000,0.4905,4,0.2488,0.0384,0,0.0884,0.1868,0.3357,0.371,12.22,26.54,10.07,9.47,0.5,0.7143,34.79,43.32,12.14,17.01
68,1,CA3-DG,223.0,0.888,0.0,181.0,6000,0.4919,4,0.2291,0.0466,0,0.0905,0.1737,0.331,0.3732,14.48,17.75,8.89,7.52,1.0,0.5,30.12,44.46,15.68,18.73
68,1,CA3-DG,228.0,0.908,0.0519,186.0,6000,0.4952,3,0.2401,0.0385,0,0.102,0.1456,0.3333,0.3762,16.98,27.63,11.1,10.72,0.5,0.7143,41.99,40.78,22.67,27.56
68,1,CA3-DG,233.0,0.928,0.1704,191.0,6000,0.4774,3,0.2321,0.0043,0,0.1096,0.1611,0.3362,0.365,13.37,17.55,7.89,7.76,1.0,0.5,88.42,86.59,30.39,31.84
68,1,CA3-DG,238.0,0.948,0.1704,196.0,6000,0.4579,3,0.2166,-0.0048,0,0.0783,0.202,0.2883,0.3569,19.74,18.02,11.57,9.8,0.5,0.5,55.22,49.84,12.36,20.8
68,1,CA3-DG,243.0,0.968,0.1363,201.0,6000,0.4676,2,0.1672,0.0116,0,0.1123,0.2015,0.3044,0.3748,19.59,16.43,10.8,14.98,0.5,0.7143,84.46,88.27,22.51,23.11
70,0,CA1-RSC,8.0,0.2059,0.2572,,6000,0.2629,9,0.6635,-0.0168,0,0.3654,0.3841,0.1139,0.0809,nan,nan,nan,nan,,,87.27,85.66,87.97,74.4
70,0,CA1-RSC,13.0,0.3529,0.3525,,8000,0.1798,8,0.2704,0.0035,0,0.3044,0.2973,0.1199,0.0955,84.6,77.28,62.33,60.65,0.4,0.2157,87.17,77.33,81.91,78.51
70,0,CA1-RSC,18.0,0.5,0.3421,,6000,0.2553,6,0.2391,0.0277,0,0.2873,0.317,0.1008,0.1005,57.36,57.21,45.98,42.82,0.3125,0.3191,70.23,80.78,58.93,58.94
70,0,CA1-RSC,23.0,0.6471,0.3391,,6000,0.4359,8,0.4852,0.017,0,0.2626,0.3397,0.0976,0.0936,82.29,87.73,53.32,58.03,0.1667,0.1698,87.83,86.14,67.05,76.65
70,0,CA1-RSC,28.0,0.7941,0.418,,6000,-0.0519,10,0.3251,-0.0085,0,0.2905,0.3247,0.1058,0.0898,77.0,76.22,64.78,78.86,0.4,0.3478,77.83,85.75,86.79,84.17
70,0,CA1-DG,8.0,0.2059,0.2572,,6000,0.2437,5,0.5369,-0.1005,-2,0.3639,0.331,0.2762,0.3435,nan,nan,nan,nan,,,70.36,56.7,38.68,36.12
70,0,CA1-DG,13.0,0.3529,0.3525,,8000,0.1883,11,0.4426,0.0016,0,0.3074,0.2775,0.2957,0.337,79.31,89.8,35.94,39.36,0.4,0.1429,58.02,50.81,31.1,30.92
70,0,CA1-DG,18.0,0.5,0.3421,,6000,0.5235,6,0.3041,-0.0301,0,0.2855,0.2693,0.2878,0.3409,45.99,46.71,27.73,26.8,0.2727,0.2632,71.35,75.07,34.45,48.57
70,0,CA1-DG,23.0,0.6471,0.3391,,6000,0.723,8,0.874,-0.0414,0,0.2611,0.2957,0.2782,0.3212,79.89,85.3,31.52,37.67,0.1667,0.1429,71.69,74.62,34.19,34.02
70,0,CA1-DG,28.0,0.7941,0.418,,6000,0.569,5,0.3566,0.0005,0,0.291,0.3006,0.2746,0.3125,84.72,81.09,26.86,30.15,0.3548,0.2,74.14,73.2,38.28,36.22
70,0,CA1-V1,8.0,0.2059,0.2572,,6000,0.6941,15,1.305,0.0063,0,0.3549,0.2729,0.1887,0.1563,nan,nan,nan,nan,,,77.32,69.78,63.84,50.33
70,0,CA1-V1,13.0,0.3529,0.3525,,8000,0.3976,8,0.4169,0.0013,0,0.3005,0.2271,0.212,0.1532,80.32,56.58,62.21,44.04,0.4,0.3913,66.33,70.02,52.15,47.39
70,0,CA1-V1,18.0,0.5,0.3421,,6000,0.3504,4,0.238,0.0133,0,0.2889,0.2035,0.2028,0.1554,58.03,45.82,50.94,42.14,0.3548,0.3617,69.08,69.84,45.9,51.14
70,0,CA1-V1,23.0,0.6471,0.3391,,6000,0.5917,4,0.3795,0.0042,0,0.2592,0.2289,0.2135,0.174,56.03,47.29,39.61,44.36,0.1351,0.1228,58.64,65.85,47.68,39.84
70,0,CA1-V1,28.0,0.7941,0.418,,6000,0.4707,12,1.0391,0.0582,0,0.2844,0.2527,0.2135,0.1771,48.83,44.45,35.36,27.62,0.3548,0.3617,62.55,59.31,52.16,37.05
70,0,CA1-SUB,8.0,0.2059,0.2572,,6000,0.0981,4,0.2531,0.1003,5,0.3659,0.2877,0.198,0.2699,nan,nan,nan,nan,,,72.82,77.64,43.15,40.23
70,0,CA1-SUB,13.0,0.3529,0.3525,,8000,0.0484,10,0.2008,0.016,0,0.3081,0.2345,0.2365,0.3147,80.29,51.59,41.52,29.64,0.4,0.3333,55.87,46.77,34.99,30.45
70,0,CA1-SUB,18.0,0.5,0.3421,,6000,0.0392,4,0.0901,0.0121,0,0.2876,0.2277,0.1973,0.2849,65.52,58.94,35.42,25.43,0.3125,0.4286,77.49,87.99,53.09,33.89
70,0,CA1-SUB,23.0,0.6471,0.3391,,6000,-0.283,2,0.1477,0.0524,5,0.2622,0.2879,0.2119,0.2988,81.15,77.24,46.22,41.36,0.2,0.1765,87.96,89.08,89.68,82.79
70,0,CA1-SUB,28.0,0.7941,0.418,,6000,0.0006,7,0.1682,-0.0159,0,0.2908,0.2421,0.197,0.3093,70.9,61.63,42.69,36.48,0.3125,0.3333,87.66,83.24,42.8,30.06
70,0,RSC-SUB,8.0,0.2059,0.2572,,6000,0.6344,8,0.6072,0.038,0,0.3806,0.29,0.2,0.3046,nan,nan,nan,nan,,,67.53,60.5,34.26,20.9
70,0,RSC-SUB,13.0,0.3529,0.3525,,8000,0.4584,15,0.4059,-0.0067,0,0.2973,0.2344,0.2359,0.3139,78.74,73.77,33.94,24.22,0.1698,0.4286,82.18,83.67,88.51,82.87
70,0,RSC-SUB,18.0,0.5,0.3421,,6000,0.5868,6,0.3485,0.0224,0,0.3166,0.224,0.2296,0.3063,68.21,63.4,30.56,25.03,0.3191,0.3333,86.61,81.31,33.97,28.09
70,0,RSC-SUB,23.0,0.6471,0.3391,,6000,0.2658,5,0.2351,0.0208,0,0.3406,0.2867,0.1881,0.2796,77.41,83.44,30.43,27.17,0.1698,0.1765,78.81,68.98,42.42,37.99
70,0,RSC-SUB,28.0,0.7941,0.418,,6000,0.1872,11,0.2982,0.0623,0,0.3242,0.2438,0.1828,0.2683,87.19,89.56,30.26,27.06,0.3478,0.25,80.26,80.02,38.72,16.99
70,0,V1-RSC,8.0,0.2059,0.2572,,6000,-0.2332,5,0.3154,0.026,0,0.2719,0.3761,0.1909,0.2178,nan,nan,nan,nan,,,69.4,64.75,36.15,35.24
70,0,V1-RSC,13.0,0.3529,0.3525,,8000,0.5479,10,0.7961,0.0583,0,0.2238,0.2914,0.2026,0.2307,60.97,61.86,53.88,44.41,0.3617,0.2157,60.86,62.28,83.77,72.76
70,0,V1-RSC,18.0,0.5,0.3421,,6000,0.3492,6,0.4975,0.0764,0,0.2047,0.3121,0.1847,0.2203,43.14,35.6,53.12,40.9,0.3617,0.3478,52.17,47.23,51.04,38.73
70,0,V1-RSC,23.0,0.6471,0.3391,,6000,0.5026,7,0.484,0.0483,0,0.2264,0.3277,0.172,0.2083,66.06,61.86,58.31,46.7,0.1852,0.1698,70.8,76.0,44.11,42.94
70,0,V1-RSC,28.0,0.7941,0.418,,6000,0.5693,10,1.0612,0.0744,0,0.2526,0.3098,0.1653,0.1988,89.42,86.36,34.42,26.13,0.3617,0.3778,64.81,64.61,42.16,35.37
71,0,CA1-RSC,8.0,0.0337,0.1071,,6000,-0.1516,12,0.2871,0.0024,0,0.2972,0.4253,0.0851,0.1078,nan,nan,nan,nan,,,86.89,84.48,73.78,79.09
71,0,CA1-RSC,13.0,0.0577,0.1175,,6000,0.0269,0,0.0,0.0125,0,0.1934,0.4102,0.078,0.1135,85.55,80.53,48.73,59.07,0.7143,0.65,89.52,84.42,86.57,80.67
71,0,CA1-RSC,18.0,0.0817,0.1052,,6000,-0.0895,6,0.1092,-0.0016,0,0.1789,0.3701,0.0804,0.1055,56.64,70.38,42.61,57.91,0.7143,0.6923,77.92,88.2,68.34,66.5
71,0,CA1-RSC,23.0,0.1058,0.1173,,6000,-0.1132,8,0.1466,-0.0102,0,0.1654,0.3472,0.0794,0.1006,71.69,87.61,46.28,52.42,0.5,0.6098,86.07,80.24,52.72,72.34
71,0,CA1-RSC,28.0,0.1298,0.1241,,6000,0.2861,7,0.2022,-0.0035,0,0.1063,0.3212,0.0641,0.1061,80.86,86.99,46.33,62.96,1.0,0.5349,89.51,88.31,69.01,83.73
71,0,CA1-RSC,33.0,0.1538,0.1319,,6000,0.2566,14,0.916,0.0055,0,0.1824,0.3677,0.0701,0.1047,78.1,79.06,65.78,75.36,0.7143,0.2941,83.25,87.69,88.85,77.52
71,0,CA1-RSC,38.0,0.1779,0.1197,,6000,0.2356,13,0.3008,0.05,9,0.2127,0.4105,0.0526,0.1033,63.1,83.09,43.74,47.85,1.0,0.65,82.45,84.91,75.5,88.54
71,0,CA1-RSC,43.0,0.2019,0.1044,,6000,-0.1802,7,0.1625,0.0766,10,0.1648,0.3405,0.0569,0.1125,64.15,71.15,62.6,74.73,0.7143,0.5,87.68,85.51,88.54,86.92
71,0,CA1-RSC,48.0,0.226,0.1146,,6000,-0.0985,5,0.1343,-0.0052,0,0.1207,0.3378,0.0644,0.111,84.75,80.95,69.38,65.49,1.0,0.5,69.62,85.09,85.79,84.96
71,0,CA1-RSC,53.0,0.25,0.1443,,6000,-0.306,5,0.4146,0.0052,0,0.1076,0.3098,0.0484,0.1032,68.67,73.26,27.11,37.53,0.5,0.6923,78.34,89.51,78.2,70.41
71,0,CA1-RSC,58.0,0.274,0.1561,,6000,0.0228,6,0.1233,0.0078,0,0.1041,0.2884,0.0665,0.1065,86.11,89.75,27.22,41.07,0.7143,0.4667,86.3,84.54,72.31,72.45
71,0,CA1-RSC,63.0,0.2981,0.1682,,6000,0.5001,4,0.3618,0.0203,0,0.118,0.2937,0.0725,0.1131,61.2,68.05,22.67,39.39,1.0,0.6098,89.06,89.63,65.66,52.06
71,0,CA1-RSC,68.0,0.3221,0.1544,,6000,0.1026,0,0.0,-0.0122,0,0.104,0.3362,0.0707,0.1087,55.77,56.39,31.38,39.94,0.5,0.5349,73.33,84.84,62.52,77.1
71,0,CA1-RSC,73.0,0.3462,0.2076,,6000,0.229,13,0.2639,-0.0364,0,0.0941,0.3207,0.0455,0.106,72.7,82.46,54.75,65.57,1.0,0.5,87.77,87.57,80.66,84.89
71,0,CA1-RSC,78.0,0.3702,0.2329,,6000,0.0829,0,0.0,-0.0019,0,0.0878,0.3027,0.0599,0.1082,84.84,84.88,44.21,55.88,0.7143,0.5714,84.01,84.17,68.06,68.86
71,0,CA1-RSC,83.0,0.3942,0.2927,,6000,0.2827,12,0.2779,-0.001,0,0.0861,0.2732,0.0615,0.1142,70.32,76.2,25.82,40.04,0.5,0.5,89.79,87.51,71.43,75.24
71,0,CA1-RSC,88.0,0.4183,0.305,,6000,0.1342,0,0.0,-0.009,0,0.1058,0.2887,0.0655,0.1075,55.73,65.74,19.32,34.48,1.0,0.5714,82.86,87.53,69.54,59.71
71,0,CA1-RSC,93.0,0.4423,0.3096,,6000,0.1332,0,0.0,0.0063,0,0.1206,0.3077,0.0529,0.1014,89.36,83.49,34.83,41.29,0.7143,0.5714,84.79,87.14,63.2,58.22
71,0,CA1-RSC,98.0,0.4663,0.3513,,6000,-0.1087,8,0.1439,0.0256,0,0.1184,0.2946,0.062,0.1121,54.65,63.39,24.02,33.12,0.5,0.6098,76.75,88.93,55.64,65.04
71,0,CA1-RSC,103.0,0.4904,0.3188,,6000,0.0577,0,0.0,-0.0009,0,0.0867,0.3094,0.0559,0.1001,84.36,88.37,39.27,46.29,0.7143,0.5714,86.96,81.95,84.19,86.67
71,0,CA1-RSC,108.0,0.5144,0.2915,,6000,0.2012,13,0.2547,-0.0092,0,0.0854,0.2945,0.0593,0.1086,52.6,61.03,61.6,72.83,0.7143,0.5,89.09,89.76,76.7,87.75
71,0,CA1-RSC,113.0,0.5385,0.1958,,5842,0.0722,0,0.0,0.0081,0,0.0904,0.3183,0.0702,0.1034,66.82,72.18,44.03,58.27,0.5,0.65,87.22,86.34,76.31,88.94
71,0,CA1-RSC,118.0,0.5625,0.1816,,5921,0.0324,0,0.0,0.0049,0,0.0883,0.3279,0.0712,0.0976,65.22,58.36,30.32,43.73,0.5,0.6098,83.89,86.19,81.32,77.65
71,0,CA1-RSC,123.0,0.5865,0.2011,,5472,0.055,0,0.0,0.0015,0,0.1003,0.3143,0.0699,0.1085,58.84,60.15,74.39,77.97,0.5,0.5714,83.22,84.08,69.22,82.65
71,0,CA1-RSC,128.0,0.6106,0.1961,,6000,0.6356,11,0.7318,0.0074,0,0.0829,0.3163,0.0788,0.1159,85.47,89.05,41.67,64.59,0.5,0.4667,79.7,87.95,74.58,85.17
71,0,CA1-RSC,133.0,0.6346,0.2135,,6000,0.4309,13,0.9456,-0.0179,0,0.0835,0.3517,0.079,0.1065,60.8,68.72,62.86,57.52,0.5,0.5714,77.48,89.11,89.55,81.37
71,0,CA1-RSC,138.0,0.6587,0.1735,,6000,0.177,14,0.2911,0.0076,0,0.0964,0.3719,0.068,0.1042,73.46,75.31,34.83,41.34,0.7143,0.6923,81.44,80.8,80.95,72.77
71,0,CA1-RSC,143.0,0.6827,0.163,,6000,-0.3043,6,0.2132,0.0008,0,0.1218,0.3349,0.0614,0.1017,78.7,78.57,26.15,41.92,0.5,0.5714,87.85,85.18,44.2,67.55
71,0,CA1-RSC,148.0,0.7067,0.1074,,6000,-0.1459,3,0.0874,0.0075,0,0.1332,0.3159,0.0667,0.0853,72.74,78.69,28.05,37.07,1.0,0.6923,77.22,86.9,59.41,71.06
71,0,CA1-RSC,153.0,0.7308,0.1431,,6000,0.0153,9,0.1942,-0.012,0,0.1523,0.302,0.0472,0.0997,78.67,73.11,69.38,70.33,0.7143,0.5714,81.14,89.42,88.8,83.16
71,0,CA1-RSC,158.0,0.7548,0.1202,,6000,-0.1211,11,0.2229,-0.0055,0,0.1395,0.3159,0.0617,0.1158,70.93,75.07,28.63,48.75,1.0,0.65,80.05,88.75,74.33,72.39
71,0,CA1-RSC,163.0,0.7788,0.1288,,6000,-0.1124,9,0.1761,-0.0133,0,0.1483,0.3303,0.0655,0.1152,81.88,89.69,22.33,36.16,0.7143,0.6923,83.9,88.39,80.99,80.3
71,0,CA1-RSC,168.0,0.8029,0.0846,,6000,0.0743,0,0.0,-0.0135,0,0.1388,0.3291,0.0694,0.1159,87.18,84.9,32.56,60.26,0.7143,0.5349,67.22,87.38,58.47,74.36
71,0,CA1-RSC,173.0,0.8269,0.0848,,6000,0.3821,6,0.4431,0.0063,0,0.1119,0.311,0.0563,0.0922,60.37,74.1,45.29,54.48,0.7143,0.5349,71.16,85.8,79.27,76.19
71,0,CA1-RSC,178.0,0.851,0.1263,,5557,0.0053,0,0.0,-0.0012,0,0.1395,0.3453,0.0572,0.0969,51.47,64.75,44.4,56.46,0.7143,0.5714,71.3,80.19,72.64,79.29
71,0,CA1-RSC,183.0,0.875,0.1358,,4974,0.041,0,0.0,0.0186,0,0.1499,0.3553,0.0525,0.1111,86.55,88.96,57.8,59.43,0.7143,0.65,79.29,79.23,71.11,82.36
71,0,CA1-RSC,188.0,0.899,0.181,,5270,-0.1114,8,0.1668,0.0281,0,0.1338,0.3447,0.0653,0.1136,72.97,62.76,51.59,45.95,1.0,0.65,82.43,84.23,70.54,74.81
71,0,CA1-RSC,193.0,0.9231,0.1782,,4964,-0.0509,8,0.1852,0.0111,0,0.1439,0.355,0.0722,0.1181,80.2,70.64,52.02,54.82,0.7143,0.6098,89.36,87.31,76.67,77.47
71,0,CA1-RSC,198.0,0.9471,0.2372,,5835,0.1716,8,0.1647,-0.0294,0,0.1398,0.3359,0.0606,0.1199,81.03,76.85,50.01,55.31,0.7143,0.6098,88.28,84.85,59.33,75.26
71,0,CA1-CA3,8.0,0.0337,0.1071,,6000,0.1352,9,0.6672,-0.0481,0,0.2974,0.3285,0.2011,0.2089,nan,nan,nan,nan,,,67.5,82.9,24.77,32.32
71,0,CA1-CA3,13.0,0.0577,0.1175,,6000,0.3374,1,0.0604,-0.0149,0,0.1915,0.3568,0.2058,0.2302,68.92,44.42,18.39,26.65,0.7143,0.4167,67.56,74.7,26.78,38.7
71,0,CA1-CA3,18.0,0.0817,0.1052,,6000,0.4902,9,0.3466,-0.0149,0,0.1754,0.3508,0.2464,0.2427,45.8,35.3,17.34,30.98,0.7143,0.5455,73.6,61.87,15.04,37.11
71,0,CA1-CA3,23.0,0.1058,0.1173,,6000,0.4811,13,0.4054,0.0017,0,0.1616,0.3381,0.2616,0.2362,41.06,43.32,9.75,29.96,0.3333,0.4783,87.99,89.75,16.33,37.81
71,0,CA1-CA3,28.0,0.1298,0.1241,,6000,0.5091,3,0.1872,0.0076,0,0.1007,0.3105,0.2399,0.2248,41.99,46.26,12.5,24.37,1.0,0.4783,66.36,74.64,12.38,32.42
71,0,CA1-CA3,33.0,0.1538,0.1319,,6000,0.5832,12,1.7956,-0.0153,0,0.181,0.3032,0.2468,0.2269,70.78,85.73,12.22,29.29,0.7143,0.5455,85.18,83.32,18.6,30.1
71,0,CA1-CA3,38.0,0.1779,0.1197,,6000,0.1227,13,0.3027,-0.0169,0,0.2104,0.3261,0.2627,0.2597,51.36,62.04,8.84,23.22,1.0,0.36,75.92,89.48,20.0,35.98
71,0,CA1-CA3,43.0,0.2019,0.1044,,6000,0.1578,10,0.2346,0.0283,0,0.1609,0.2462,0.2886,0.2736,72.46,74.06,11.62,20.94,0.7143,0.3077,53.43,68.41,20.31,33.79
71,0,CA1-CA3,48.0,0.226,0.1146,,6000,0.3013,9,0.2615,0.025,0,0.1154,0.2713,0.2745,0.2725,24.78,50.14,7.96,31.44,1.0,0.36,46.96,58.27,27.83,46.82
71,0,CA1-CA3,53.0,0.25,0.1443,,6000,0.6198,7,0.5229,-0.0206,0,0.1037,0.2398,0.2775,0.2672,37.34,44.72,10.51,36.26,0.5,0.3077,63.01,77.37,23.79,49.24
71,0,CA1-CA3,58.0,0.274,0.1561,,6000,0.5192,10,0.3219,-0.0226,0,0.0993,0.2442,0.293,0.2694,25.93,35.71,7.32,29.79,0.7143,0.36,79.26,70.76,18.19,34.82
71,0,CA1-CA3,63.0,0.2981,0.1682,,6000,0.6645,6,0.5838,-0.0437,0,0.1135,0.2608,0.2814,0.2636,20.57,40.03,9.29,22.72,1.0,0.5455,53.58,71.87,14.38,36.55
71,0,CA1-CA3,68.0,0.3221,0.1544,,6000,0.4139,2,0.1166,-0.0173,0,0.0987,0.2718,0.2787,0.253,47.47,48.55,11.4,25.97,0.5,0.36,71.01,62.83,15.51,38.52
71,0,CA1-CA3,73.0,0.3462,0.2076,,6000,0.5178,9,0.3642,-0.0303,0,0.0877,0.3166,0.2759,0.2518,85.09,82.08,7.97,25.43,1.0,0.5455,75.73,89.71,19.3,34.0
71,0,CA1-CA3,78.0,0.3702,0.2329,,6000,0.3719,2,0.0956,-0.009,0,0.0827,0.297,0.2707,0.2527,81.34,77.18,8.09,22.73,0.7143,0.4783,78.25,85.23,20.3,37.95
71,0,CA1-CA3,83.0,0.3942,0.2927,,6000,0.4918,10,0.3766,-0.0154,0,0.0816,0.2599,0.2593,0.2351,40.47,46.14,10.49,24.23,0.5,0.36,70.28,71.58,19.2,31.1
71,0,CA1-CA3,88.0,0.4183,0.305,,6000,0.3707,2,0.0942,-0.0157,0,0.1037,0.2473,0.2807,0.262,38.49,56.37,10.42,26.04,1.0,0.4167,80.64,85.9,18.27,40.06
71,0,CA1-CA3,93.0,0.4423,0.3096,,6000,0.376,2,0.1005,0.0118,0,0.1174,0.2703,0.2707,0.2697,52.3,62.24,8.53,23.76,0.5,0.4167,83.03,76.93,20.23,34.76
71,0,CA1-CA3,98.0,0.4663,0.3513,,6000,0.503,8,0.3645,-0.0331,0,0.1148,0.2763,0.2507,0.2553,36.93,62.57,10.63,26.32,0.5,0.7,68.2,78.31,17.79,39.25
71,0,CA1-CA3,103.0,0.4904,0.3188,,6000,0.3758,2,0.099,-0.0217,0,0.0806,0.2684,0.2467,0.2462,56.37,62.89,6.73,21.85,0.7143,0.4167,53.56,61.39,10.29,39.64
71,0,CA1-CA3,108.0,0.5144,0.2915,,6000,0.4841,9,0.367,0.0021,0,0.08,0.2699,0.2441,0.2413,57.45,64.77,9.07,30.23,0.7143,0.4167,63.12,68.63,17.5,46.08
71,0,CA1-CA3,113.0,0.5385,0.1958,,5842,0.4767,5,0.2339,0.0124,0,0.0855,0.2881,0.2731,0.2473,42.57,48.93,9.26,23.61,0.5,0.36,51.18,63.57,25.85,42.37
71,0,CA1-CA3,118.0,0.5625,0.1816,,5921,0.3732,3,0.1264,0.003,0,0.0837,0.2704,0.2708,0.2562,18.55,27.66,7.02,14.72,0.5,0.5455,61.05,73.05,23.1,42.56
71,0,CA1-CA3,123.0,0.5865,0.2011,,5472,0.397,3,0.1416,-0.0036,0,0.0972,0.297,0.2508,0.2454,26.98,37.66,7.86,36.95,0.3333,0.4783,54.25,57.22,19.46,36.46
71,0,CA1-CA3,128.0,0.6106,0.1961,,6000,0.8516,6,1.1197,-0.0045,0,0.0778,0.3134,0.2669,0.261,35.72,41.31,11.01,25.8,0.7143,0.3077,41.65,57.0,15.16,38.07
71,0,CA1-CA3,133.0,0.6346,0.2135,,6000,0.6415,11,0.9753,-0.0038,0,0.0782,0.3501,0.26,0.2652,24.06,29.2,7.6,23.87,0.5,0.619,46.66,57.6,17.62,35.51
71,0,CA1-CA3,138.0,0.6587,0.1735,,6000,0.5331,8,0.3363,0.007,0,0.0906,0.3487,0.2671,0.2802,51.63,52.68,6.79,20.25,0.7143,0.619,79.18,75.56,8.57,38.36
71,0,CA1-CA3,143.0,0.6827,0.163,,6000,0.6285,6,0.4996,-0.0012,0,0.1169,0.3383,0.2576,0.2762,49.96,50.52,9.98,20.77,0.5,0.619,64.06,63.66,10.83,35.47
71,0,CA1-CA3,148.0,0.7067,0.1074,,6000,0.5317,8,0.3683,0.0115,0,0.1291,0.3242,0.273,0.2845,40.51,36.16,9.71,18.0,1.0,0.619,82.62,71.86,13.0,27.18
71,0,CA1-CA3,153.0,0.7308,0.1431,,6000,0.5581,13,0.4601,-0.007,0,0.1498,0.342,0.2811,0.2843,71.87,74.99,7.78,17.67,0.7143,0.619,73.66,59.26,11.39,28.0
71,0,CA1-CA3,158.0,0.7548,0.1202,,6000,0.5329,10,0.4186,-0.0144,0,0.1371,0.3499,0.2778,0.2879,84.16,77.33,7.98,17.38,1.0,0.5455,89.5,89.05,14.46,34.0
71,0,CA1-CA3,163.0,0.7788,0.1288,,6000,0.3951,10,0.3358,0.0004,0,0.1451,0.3641,0.2625,0.2962,22.13,35.56,10.4,27.64,0.7143,0.619,65.72,64.75,15.64,39.13
71,0,CA1-CA3,168.0,0.8029,0.0846,,6000,0.3966,2,0.1144,0.0024,0,0.1359,0.3066,0.2608,0.2753,43.05,49.97,8.99,28.53,0.7143,0.619,70.79,74.66,16.72,39.72
71,0,CA1-CA3,173.0,0.8269,0.0848,,6000,0.6383,6,0.6949,0.0291,0,0.1078,0.2741,0.2646,0.2815,67.34,76.3,9.56,25.41,0.7143,0.4167,77.85,73.43,16.56,37.99
71,0,CA1-CA3,178.0,0.851,0.1263,,5557,0.4259,3,0.1491,-0.0051,0,0.1375,0.2731,0.2856,0.2967,32.45,35.98,9.03,20.52,0.7143,0.4783,43.58,60.51,27.12,32.54
71,0,CA1-CA3,183.0,0.875,0.1358,,4974,0.5681,10,0.4796,0.0065,0,0.1485,0.2935,0.2729,0.2679,33.28,41.97,8.24,19.74,0.7143,0.36,63.5,69.33,16.85,36.44
71,0,CA1-CA3,188.0,0.899,0.181,,5270,0.5483,9,0.4627,-0.0022,0,0.132,0.3494,0.2637,0.2598,46.26,54.54,7.36,18.08,1.0,0.4167,79.01,63.09,12.73,35.8
71,0,CA1-CA3,193.0,0.9231,0.1782,,4964,0.5519,9,0.4105,0.0041,0,0.1411,0.3568,0.2411,0.2499,24.15,32.89,11.01,24.35,0.7143,0.7,69.36,68.32,15.27,32.13
71,0,CA1-CA3,198.0,0.9471,0.2372,,5835,0.5335,11,0.4603,0.0175,0,0.1374,0.3244,0.2355,0.2553,30.87,44.05,8.36,25.7,0.7143,0.7895,79.27,79.92,12.98,34.9
71,0,CA1-DG,8.0,0.0337,0.1071,,6000,0.3543,9,0.3565,0.0035,0,0.2976,0.4678,0.2498,0.2672,nan,nan,nan,nan,,,55.2,63.3,37.44,42.29
71,0,CA1-DG,13.0,0.0577,0.1175,,6000,0.3391,2,0.1079,0.0129,0,0.1928,0.4249,0.2429,0.2549,60.56,58.86,12.75,29.55,0.7143,0.5122,84.11,79.95,25.92,43.73
71,0,CA1-DG,18.0,0.0817,0.1052,,6000,0.2876,2,0.0953,0.011,0,0.1781,0.4029,0.2391,0.2585,40.97,50.21,16.29,25.97,0.5,0.5122,87.91,75.7,88.95,83.43
71,0,CA1-DG,23.0,0.1058,0.1173,,6000,0.2771,2,0.0976,-0.0022,0,0.1635,0.4273,0.2424,0.2631,48.59,50.32,76.57,70.46,0.5,0.55,70.28,72.25,83.27,78.27
71,0,CA1-DG,28.0,0.1298,0.1241,,6000,0.2968,2,0.0841,0.006,0,0.103,0.4028,0.2354,0.2586,85.04,75.48,60.21,55.44,1.0,0.6316,82.01,78.18,75.12,70.3
71,0,CA1-DG,33.0,0.1538,0.1319,,6000,0.2874,2,0.0791,0.0061,0,0.1812,0.3809,0.213,0.2309,82.74,81.78,16.54,37.58,0.7143,0.3478,60.86,87.02,44.06,41.68
71,0,CA1-DG,38.0,0.1779,0.1197,,6000,0.2854,2,0.0727,-0.0048,0,0.2116,0.3846,0.2207,0.2397,53.3,52.4,23.58,27.56,1.0,0.55,82.43,77.4,52.62,45.92
71,0,CA1-DG,43.0,0.2019,0.1044,,6000,0.2831,2,0.0642,-0.0164,0,0.1636,0.3637,0.2079,0.2414,56.37,49.59,18.7,31.19,0.7143,0.6316,78.89,89.29,41.78,53.84
71,0,CA1-DG,48.0,0.226,0.1146,,6000,0.2553,2,0.0486,-0.009,0,0.1198,0.3661,0.2149,0.2337,79.04,85.95,24.48,42.3,1.0,0.4762,87.37,89.75,40.67,62.24
71,0,CA1-DG,53.0,0.25,0.1443,,6000,0.2454,2,0.0522,0.0051,0,0.1066,0.3882,0.2081,0.2316,54.71,64.98,15.55,34.34,0.5,0.55,75.0,86.17,34.9,51.24
71,0,CA1-DG,58.0,0.274,0.1561,,6000,0.2018,3,0.0695,0.0074,0,0.1032,0.3694,0.1898,0.2247,31.05,58.76,33.63,50.57,0.7143,0.5897,54.38,72.35,55.78,66.71
71,0,CA1-DG,63.0,0.2981,0.1682,,6000,0.2301,2,0.0544,-0.0045,0,0.117,0.359,0.18,0.21,21.83,41.71,21.93,33.35,0.7143,0.5897,50.69,75.63,75.59,75.95
71,0,CA1-DG,68.0,0.3221,0.1544,,6000,0.2326,2,0.0421,-0.0173,0,0.102,0.3625,0.1938,0.2269,31.06,49.43,46.3,56.76,0.5,0.6316,82.6,80.67,30.7,70.6
71,0,CA1-DG,73.0,0.3462,0.2076,,6000,0.269,2,0.0548,-0.0352,0,0.0912,0.3458,0.2038,0.2325,29.54,47.12,14.25,39.31,1.0,0.5122,83.07,82.45,37.59,57.35
71,0,CA1-DG,78.0,0.3702,0.2329,,6000,0.287,2,0.0596,-0.0131,0,0.0851,0.3417,0.211,0.2478,66.54,86.12,17.86,35.79,0.7143,0.55,65.68,77.67,47.31,65.16
71,0,CA1-DG,83.0,0.3942,0.2927,,6000,0.2589,2,0.0569,-0.0068,0,0.0837,0.3259,0.2,0.2233,47.06,65.91,14.76,31.7,0.5,0.6316,64.04,77.04,30.72,58.52
71,0,CA1-DG,88.0,0.4183,0.305,,6000,0.2607,1,0.0352,0.0064,0,0.1038,0.3263,0.1753,0.2195,75.91,73.47,14.84,28.84,1.0,0.5897,77.63,87.78,31.7,55.69
71,0,CA1-DG,93.0,0.4423,0.3096,,6000,0.2343,1,0.0282,0.0724,0,0.1187,0.344,0.1731,0.2214,81.45,85.98,23.42,37.72,0.5,0.55,76.57,84.49,70.9,78.84
71,0,CA1-DG,98.0,0.4663,0.3513,,6000,0.1819,2,0.044,0.0702,0,0.1183,0.3269,0.2063,0.2409,76.81,73.92,43.75,46.06,0.5,0.5122,51.05,84.74,87.5,84.08
71,0,CA1-DG,103.0,0.4904,0.3188,,6000,0.2427,2,0.0633,0.0551,0,0.0852,0.3534,0.1968,0.2252,35.01,32.5,32.92,31.57,0.7143,0.6316,54.81,80.93,38.04,62.98
71,0,CA1-DG,108.0,0.5144,0.2915,,6000,0.2107,3,0.0788,-0.0071,0,0.0824,0.3364,0.1719,0.2159,41.09,62.88,50.96,51.15,0.5,0.4762,66.47,63.32,56.38,62.81
71,0,CA1-DG,113.0,0.5385,0.1958,,5842,0.4117,7,0.2777,-0.0,0,0.0875,0.3303,0.1827,0.227,62.64,64.46,57.1,57.21,0.5,0.5897,61.47,72.01,76.19,83.01
71,0,CA1-DG,118.0,0.5625,0.1816,,5921,0.2423,2,0.0589,-0.0168,0,0.0862,0.348,0.1794,0.219,43.72,54.45,17.9,35.6,0.3333,0.5122,65.52,75.98,59.88,73.56
71,0,CA1-DG,123.0,0.5865,0.2011,,5472,0.2146,2,0.0481,-0.0091,0,0.0997,0.3449,0.1616,0.199,74.46,73.92,33.13,45.31,0.5,0.55,88.5,83.57,65.61,79.35
71,0,CA1-DG,128.0,0.6106,0.1961,,6000,0.2248,9,0.2587,-0.0308,0,0.082,0.3405,0.1608,0.1849,64.69,71.33,75.92,88.16,0.5,0.4762,88.11,85.39,89.46,81.31
71,0,CA1-DG,133.0,0.6346,0.2135,,6000,0.1666,3,0.052,-0.0114,0,0.082,0.3407,0.1713,0.189,41.23,51.69,48.69,59.31,0.5,0.55,83.77,81.79,86.16,86.78
71,0,CA1-DG,138.0,0.6587,0.1735,,6000,0.2705,3,0.0853,0.0157,0,0.0939,0.3563,0.188,0.2061,20.07,37.75,31.75,31.72,0.7143,0.6757,70.17,77.68,80.95,83.29
71,0,CA1-DG,143.0,0.6827,0.163,,6000,0.4128,7,0.2773,0.0297,0,0.1186,0.3594,0.2075,0.2237,24.75,34.83,22.78,24.91,0.5,0.5122,55.9,66.91,64.86,69.25
71,0,CA1-DG,148.0,0.7067,0.1074,,6000,0.4568,12,0.4561,0.0285,0,0.1297,0.3731,0.2002,0.2297,20.12,42.93,34.94,33.12,1.0,0.5897,44.21,52.79,66.24,74.01
71,0,CA1-DG,153.0,0.7308,0.1431,,6000,0.2552,3,0.0804,0.0216,0,0.1473,0.3544,0.2042,0.2269,40.58,45.89,35.0,36.68,0.7143,0.6316,56.4,68.8,34.63,48.22
71,0,CA1-DG,158.0,0.7548,0.1202,,6000,0.2239,2,0.047,0.0051,0,0.1375,0.3554,0.1836,0.2135,25.56,42.09,25.0,39.86,1.0,0.55,67.75,76.79,48.44,62.76
71,0,CA1-DG,163.0,0.7788,0.1288,,6000,0.2305,3,0.0607,0.0045,0,0.1447,0.3787,0.1914,0.2368,27.34,52.62,24.91,32.64,0.7143,0.6316,85.08,88.75,43.94,60.5
71,0,CA1-DG,168.0,0.8029,0.0846,,6000,0.2279,2,0.0476,-0.0319,0,0.1356,0.3798,0.201,0.2497,26.22,48.24,52.14,63.37,0.7143,0.5897,69.92,75.47,37.21,61.69
71,0,CA1-DG,173.0,0.8269,0.0848,,6000,0.2698,5,0.1094,-0.0241,0,0.1088,0.3891,0.1961,0.2281,33.62,50.44,28.02,50.38,0.7143,0.4762,75.45,82.76,23.72,59.48
71,0,CA1-DG,178.0,0.851,0.1263,,5557,0.3201,3,0.092,-0.002,0,0.1374,0.3672,0.1822,0.2016,39.8,52.86,28.3,42.99,0.7143,0.6757,86.67,77.61,46.78,65.86
71,0,CA1-DG,183.0,0.875,0.1358,,4974,0.1686,3,0.0597,-0.0002,0,0.1474,0.3682,0.1697,0.1917,37.09,46.24,71.82,69.13,1.0,0.5897,77.77,70.15,59.05,57.14
71,0,CA1-DG,188.0,0.899,0.181,,5270,0.1914,2,0.0358,-0.0136,0,0.1324,0.3787,0.1587,0.1887,48.82,55.29,44.08,50.19,0.7143,0.6757,70.55,86.0,61.25,66.98
71,0,CA1-DG,193.0,0.9231,0.1782,,4964,0.1832,1,0.0205,-0.0085,0,0.1433,0.3838,0.1663,0.1971,41.54,51.16,52.09,52.25,0.7143,0.5897,76.55,67.14,70.67,68.98
71,0,CA1-DG,198.0,0.9471,0.2372,,5835,0.209,3,0.065,0.0099,0,0.1389,0.3765,0.1763,0.2082,28.34,45.48,30.73,48.79,0.7143,0.7222,88.92,75.28,82.45,85.32
71,0,CA1-V1,8.0,0.0337,0.1071,,6000,0.0627,5,0.3255,-0.0294,0,0.297,0.2423,0.1095,0.1173,nan,nan,nan,nan,,,81.14,86.42,52.92,72.37
71,0,CA1-V1,13.0,0.0577,0.1175,,6000,0.1395,0,0.0,0.01,0,0.1922,0.2454,0.15,0.1306,64.94,65.95,40.6,66.47,0.7143,0.3913,62.64,83.37,53.24,87.2
71,0,CA1-V1,18.0,0.0817,0.1052,,6000,-0.1268,10,0.2135,0.0436,10,0.1775,0.2405,0.1444,0.1289,49.56,55.99,17.49,35.4,0.7143,0.5238,87.62,86.95,35.07,59.02
71,0,CA1-V1,23.0,0.1058,0.1173,,6000,-0.1362,8,0.1531,0.0623,10,0.1637,0.2376,0.1407,0.1316,44.22,70.46,19.85,45.58,0.5,0.5238,85.03,87.65,60.49,74.74
71,0,CA1-V1,28.0,0.1298,0.1241,,6000,0.0667,5,0.1584,0.0068,0,0.1059,0.227,0.1163,0.1002,78.71,88.36,80.29,61.41,0.7143,0.5238,86.62,82.21,71.48,75.34
71,0,CA1-V1,33.0,0.1538,0.1319,,6000,-0.1434,5,0.1669,-0.0023,0,0.1829,0.2332,0.086,0.1069,88.17,85.21,87.13,82.82,0.7143,0.3333,85.65,86.07,67.43,77.4
71,0,CA1-V1,38.0,0.1779,0.1197,,6000,-0.0344,9,0.1909,0.0001,0,0.2131,0.2439,0.1054,0.1221,76.68,79.65,22.29,39.99,1.0,0.5238,86.18,86.62,35.64,59.23
71,0,CA1-V1,43.0,0.2019,0.1044,,6000,-0.0421,14,0.2805,0.0085,0,0.1642,0.2041,0.1042,0.1054,66.88,77.41,14.75,37.72,0.7143,0.3913,87.56,82.43,70.47,74.54
71,0,CA1-V1,48.0,0.226,0.1146,,6000,0.0774,7,0.1403,-0.0236,0,0.1208,0.1967,0.0942,0.0948,77.88,70.42,88.97,72.21,1.0,0.4545,81.02,87.66,84.51,75.72
71,0,CA1-V1,53.0,0.25,0.1443,,6000,0.3786,9,0.577,-0.0033,0,0.1079,0.195,0.0883,0.0927,85.16,80.82,73.0,76.75,0.5,0.4545,69.53,82.35,67.71,89.26
71,0,CA1-V1,58.0,0.274,0.1561,,6000,0.1877,7,0.1157,0.0166,0,0.1043,0.17,0.0885,0.1059,83.22,86.81,81.74,82.36,0.7143,0.3333,88.04,83.95,69.53,84.81
71,0,CA1-V1,63.0,0.2981,0.1682,,6000,0.4455,7,0.5289,-0.0285,0,0.1183,0.1523,0.1009,0.1018,58.52,62.43,84.29,82.94,1.0,0.3913,89.09,89.69,72.49,69.89
71,0,CA1-V1,68.0,0.3221,0.1544,,6000,0.0188,0,0.0,-0.036,-8,0.1043,0.1813,0.0857,0.1094,77.27,80.31,46.15,52.86,0.5,0.5238,82.49,88.97,75.5,89.4
71,0,CA1-V1,73.0,0.3462,0.2076,,6000,0.2069,11,0.2409,0.0015,0,0.0943,0.2023,0.086,0.1199,80.18,84.82,55.61,61.67,1.0,0.3913,87.04,87.56,89.65,83.5
71,0,CA1-V1,78.0,0.3702,0.2329,,6000,0.017,0,0.0,0.0069,0,0.0875,0.2067,0.0872,0.1093,80.82,88.7,85.91,82.43,0.7143,0.3333,76.19,88.68,86.99,87.14
71,0,CA1-V1,83.0,0.3942,0.2927,,6000,-0.091,9,0.1909,-0.0006,0,0.0858,0.2156,0.0933,0.1066,82.42,86.61,49.02,59.57,0.5,0.4545,84.68,88.95,62.24,85.69
71,0,CA1-V1,88.0,0.4183,0.305,,6000,0.0308,0,0.0,0.0069,0,0.1058,0.1995,0.1023,0.1048,84.93,86.55,73.64,69.59,1.0,0.28,76.97,79.49,88.01,85.85
71,0,CA1-V1,93.0,0.4423,0.3096,,6000,0.0463,0,0.0,-0.0181,0,0.1205,0.2158,0.0979,0.1142,52.89,55.84,66.29,67.44,0.5,0.6,86.66,84.02,72.79,71.7
71,0,CA1-V1,98.0,0.4663,0.3513,,6000,-0.0503,2,0.0356,-0.0253,0,0.1194,0.1914,0.1046,0.0982,88.92,87.21,74.91,79.01,0.5,0.28,81.47,84.07,82.66,83.2
71,0,CA1-V1,103.0,0.4904,0.3188,,6000,0.0322,0,0.0,0.0012,0,0.0871,0.1781,0.0959,0.0824,84.21,84.52,61.13,67.86,0.7143,0.6,84.9,86.05,89.29,79.18
71,0,CA1-V1,108.0,0.5144,0.2915,,6000,-0.1313,6,0.1057,0.0043,0,0.0858,0.1766,0.1165,0.1125,73.31,79.23,46.38,50.53,0.7143,0.28,81.83,83.92,59.19,68.7
71,0,CA1-V1,113.0,0.5385,0.1958,,5842,0.1286,6,0.1178,-0.0102,0,0.0903,0.2014,0.0921,0.1116,85.56,68.14,35.24,36.54,0.5,0.6,89.14,85.91,78.57,66.97
71,0,CA1-V1,118.0,0.5625,0.1816,,5921,0.0925,0,0.0,0.0031,0,0.0881,0.2122,0.0765,0.1059,84.5,89.56,35.16,44.59,0.5,0.4545,85.67,85.78,76.94,85.75
71,0,CA1-V1,123.0,0.5865,0.2011,,5472,0.0874,0,0.0,-0.0098,0,0.1011,0.2032,0.0964,0.114,81.78,81.93,24.9,35.63,0.5,0.4545,86.43,89.41,64.68,72.39
71,0,CA1-V1,128.0,0.6106,0.1961,,6000,-0.7512,5,0.2011,-0.0173,0,0.084,0.199,0.0885,0.1094,89.1,87.67,63.19,65.44,0.5,0.4545,88.35,88.83,70.47,80.09
71,0,CA1-V1,133.0,0.6346,0.2135,,6000,-0.3575,7,0.4023,0.008,0,0.0843,0.2027,0.1155,0.1154,79.14,80.81,44.93,47.69,0.5,0.3913,89.09,88.62,84.72,87.13
71,0,CA1-V1,138.0,0.6587,0.1735,,6000,0.2151,7,0.1304,0.004,0,0.0968,0.2167,0.1062,0.1051,50.87,49.03,35.33,40.88,0.7143,0.4545,87.87,83.67,85.88,72.18
71,0,CA1-V1,143.0,0.6827,0.163,,6000,0.0624,5,0.2217,0.0153,0,0.1224,0.2079,0.1437,0.1142,78.27,82.09,72.45,76.62,0.5,0.4545,88.99,84.87,87.63,76.57
71,0,CA1-V1,148.0,0.7067,0.1074,,6000,-0.1211,7,0.1358,0.0171,0,0.1339,0.2093,0.1173,0.1016,62.49,50.31,37.03,48.55,1.0,0.6,89.78,84.86,55.72,69.21
71,0,CA1-V1,153.0,0.7308,0.1431,,6000,-0.0362,7,0.15,-0.0168,0,0.1533,0.2022,0.0867,0.1078,80.79,89.68,83.9,81.63,0.7143,0.5238,84.56,88.89,79.87,62.19
71,0,CA1-V1,158.0,0.7548,0.1202,,6000,0.2189,8,0.1586,0.0064,0,0.1402,0.2249,0.1063,0.108,70.78,81.44,30.21,32.78,1.0,0.6,89.67,84.52,89.78,75.48
71,0,CA1-V1,163.0,0.7788,0.1288,,6000,-0.1156,10,0.213,0.0151,0,0.1487,0.2151,0.1065,0.1114,84.16,85.02,45.32,41.21,0.7143,0.5238,86.05,89.38,89.83,75.73
71,0,CA1-V1,168.0,0.8029,0.0846,,6000,0.0982,0,0.0,0.0145,0,0.1393,0.2102,0.1133,0.1329,44.52,60.91,32.36,35.61,0.7143,0.6,85.91,76.29,68.13,80.14
71,0,CA1-V1,173.0,0.8269,0.0848,,6000,-0.0442,9,0.5232,-0.0077,0,0.1125,0.1947,0.1371,0.1309,74.28,69.5,39.37,33.94,0.7143,0.3333,79.01,87.96,73.99,68.39
71,0,CA1-V1,178.0,0.851,0.1263,,5557,0.1547,0,0.0,-0.0107,0,0.1399,0.2285,0.0966,0.1327,72.79,72.5,43.69,30.34,0.7143,0.3913,87.9,88.33,60.62,60.63
71,0,CA1-V1,183.0,0.875,0.1358,,4974,0.1083,1,0.0173,-0.0167,0,0.1496,0.2352,0.1068,0.1077,50.57,53.77,28.41,43.92,0.7143,0.3333,77.3,78.1,69.08,86.15
71,0,CA1-V1,188.0,0.899,0.181,,5270,0.2567,9,0.1948,-0.0232,0,0.1336,0.2101,0.1019,0.1115,54.95,72.49,32.31,43.14,1.0,0.6,87.84,85.83,64.9,62.29
71,0,CA1-V1,193.0,0.9231,0.1782,,4964,-0.0698,6,0.1318,-0.0166,0,0.1434,0.226,0.1256,0.1102,70.08,67.22,29.95,33.7,0.7143,0.5238,87.24,85.63,64.95,61.96
71,0,CA1-V1,198.0,0.9471,0.2372,,5835,0.0015,12,0.2282,-0.0108,0,0.1401,0.2131,0.1082,0.1166,83.48,78.69,27.33,35.09,0.7143,0.6,87.87,87.81,67.84,65.38
71,0,CA3-DG,8.0,0.0337,0.1071,,6000,0.6353,10,0.6853,0.0048,0,0.3283,0.4697,0.2562,0.2827,nan,nan,nan,nan,,,75.58,77.26,30.0,36.61
71,0,CA3-DG,13.0,0.0577,0.1175,,6000,0.5704,5,0.4063,0.0227,0,0.3497,0.4233,0.2622,0.2926,39.93,38.85,25.29,28.22,0.36,0.55,57.66,49.88,23.28,41.51
71,0,CA3-DG,18.0,0.0817,0.1052,,6000,0.5688,5,0.459,0.0014,0,0.3457,0.4042,0.269,0.3077,39.3,36.49,20.15,25.73,0.619,0.5897,45.84,49.17,34.05,34.66
71,0,CA3-DG,23.0,0.1058,0.1173,,6000,0.5817,5,0.4317,0.012,0,0.3311,0.431,0.273,0.3101,41.14,41.61,32.92,28.3,0.619,0.55,50.23,47.19,26.61,31.92
71,0,CA3-DG,28.0,0.1298,0.1241,,6000,0.6175,5,0.4499,0.0233,0,0.2989,0.4036,0.2859,0.316,44.06,40.13,20.87,23.99,0.5455,0.7222,38.66,48.73,25.47,29.39
71,0,CA3-DG,33.0,0.1538,0.1319,,6000,0.6054,5,0.4594,0.0296,0,0.3011,0.3874,0.2865,0.3253,34.43,38.19,21.47,30.49,0.4167,0.3191,50.84,57.82,25.43,27.86
71,0,CA3-DG,38.0,0.1779,0.1197,,6000,0.5813,5,0.448,0.014,0,0.315,0.3809,0.2899,0.3111,32.05,36.3,15.6,19.6,0.619,0.5897,43.06,45.42,26.72,32.68
71,0,CA3-DG,43.0,0.2019,0.1044,,6000,0.5641,5,0.4054,0.0048,0,0.2597,0.3625,0.2759,0.2933,37.4,33.67,16.88,28.28,0.5455,0.55,58.46,58.35,29.08,32.26
71,0,CA3-DG,48.0,0.226,0.1146,,6000,0.5917,4,0.3929,0.0267,0,0.2815,0.373,0.2796,0.2979,31.88,31.7,15.02,24.27,0.619,0.4762,45.04,47.82,25.54,42.54
71,0,CA3-DG,53.0,0.25,0.1443,,6000,0.5996,4,0.4005,-0.0011,0,0.2451,0.3862,0.2904,0.3128,32.91,37.3,20.99,28.81,0.5455,0.55,56.83,58.67,28.89,43.23
71,0,CA3-DG,58.0,0.274,0.1561,,6000,0.6155,4,0.439,0.0083,0,0.2391,0.3666,0.2953,0.3174,37.83,35.26,17.61,27.35,0.36,0.6316,63.91,59.47,26.44,31.11
71,0,CA3-DG,63.0,0.2981,0.1682,,6000,0.6245,5,0.4652,0.0061,0,0.2686,0.3616,0.3096,0.3229,32.0,33.38,19.54,20.3,0.619,0.55,76.14,71.66,28.14,31.83
71,0,CA3-DG,68.0,0.3221,0.1544,,6000,0.6141,4,0.427,0.0247,0,0.26,0.3667,0.2985,0.3153,28.84,29.74,20.34,22.36,0.4167,0.5897,39.89,44.74,25.93,34.98
71,0,CA3-DG,73.0,0.3462,0.2076,,6000,0.6423,4,0.4573,0.0226,0,0.3102,0.3433,0.2938,0.3199,27.52,33.7,13.37,27.68,0.5455,0.55,42.85,59.29,22.25,33.35
71,0,CA3-DG,78.0,0.3702,0.2329,,6000,0.6326,4,0.4533,-0.0055,0,0.295,0.343,0.2976,0.3319,31.52,34.0,22.92,24.73,0.4783,0.5897,44.96,46.1,26.05,32.23
71,0,CA3-DG,83.0,0.3942,0.2927,,6000,0.6267,4,0.4316,-0.0101,0,0.2462,0.3217,0.2961,0.329,39.79,32.28,20.62,23.48,0.36,0.5897,68.37,72.31,27.47,41.68
71,0,CA3-DG,88.0,0.4183,0.305,,6000,0.6122,4,0.4376,-0.0261,0,0.2498,0.3202,0.2964,0.3204,35.34,30.79,15.18,26.82,0.5455,0.5897,85.62,76.64,28.34,39.12
71,0,CA3-DG,93.0,0.4423,0.3096,,6000,0.5928,6,0.4812,-0.0373,0,0.2803,0.3546,0.2929,0.3131,35.55,34.69,20.26,28.17,0.4167,0.5897,61.93,69.28,25.49,37.83
71,0,CA3-DG,98.0,0.4663,0.3513,,6000,0.6518,5,0.506,-0.0344,0,0.2806,0.3318,0.3125,0.3149,26.99,30.01,18.68,18.83,0.619,0.6316,52.58,55.5,24.04,28.9
71,0,CA3-DG,103.0,0.4904,0.3188,,6000,0.638,6,0.5423,-0.0296,0,0.2701,0.3622,0.3071,0.3148,55.02,68.41,12.61,22.58,0.5455,0.5897,52.64,63.22,25.32,25.86
71,0,CA3-DG,108.0,0.5144,0.2915,,6000,0.6556,5,0.4878,-0.0198,0,0.2693,0.3377,0.3067,0.3309,68.94,79.27,25.78,28.07,0.3077,0.4419,50.74,55.17,32.15,26.11
71,0,CA3-DG,113.0,0.5385,0.1958,,5842,0.7194,12,0.9103,-0.0598,0,0.2873,0.3358,0.311,0.3302,31.11,36.66,18.57,19.19,0.5455,0.5897,44.53,51.33,24.52,30.1
71,0,CA3-DG,118.0,0.5625,0.1816,,5921,0.6578,4,0.5009,-0.0393,0,0.2702,0.3585,0.3148,0.3356,26.72,30.44,10.29,13.21,0.5455,0.5122,46.65,46.22,25.29,26.39
71,0,CA3-DG,123.0,0.5865,0.2011,,5472,0.6019,4,0.4659,-0.0348,0,0.3042,0.3416,0.3079,0.3263,25.97,27.92,16.22,20.9,0.5455,0.5122,51.07,64.33,37.12,39.78
71,0,CA3-DG,128.0,0.6106,0.1961,,6000,0.6582,13,0.7715,-0.027,0,0.3159,0.3408,0.3014,0.3176,38.83,36.18,32.09,30.05,0.36,0.4762,53.36,65.63,33.03,31.49
71,0,CA3-DG,133.0,0.6346,0.2135,,6000,0.6067,6,0.5417,-0.0254,0,0.3348,0.3412,0.3089,0.3185,32.66,29.91,21.71,21.95,0.619,0.55,69.98,70.95,29.4,29.06
71,0,CA3-DG,138.0,0.6587,0.1735,,6000,0.5938,6,0.5356,-0.0078,0,0.3323,0.353,0.3032,0.3147,22.08,22.81,12.58,16.61,0.5455,0.6757,64.21,68.07,32.3,33.6
71,0,CA3-DG,143.0,0.6827,0.163,,6000,0.6534,12,0.8831,-0.0402,0,0.3274,0.3681,0.293,0.317,29.79,35.14,20.33,21.63,0.5455,0.55,50.69,49.15,32.59,25.2
71,0,CA3-DG,148.0,0.7067,0.1074,,6000,0.6259,14,0.7074,-0.0267,0,0.3203,0.3755,0.2869,0.3108,26.95,29.26,18.82,20.34,0.7,0.6316,38.73,32.2,31.69,33.38
71,0,CA3-DG,153.0,0.7308,0.1431,,6000,0.5763,5,0.5354,-0.0285,0,0.3343,0.3651,0.2918,0.3144,23.85,28.89,22.78,20.93,0.5455,0.6757,55.0,60.3,29.43,31.58
71,0,CA3-DG,158.0,0.7548,0.1202,,6000,0.5668,5,0.5404,-0.0147,0,0.3478,0.3623,0.2879,0.314,37.25,44.31,18.28,17.86,0.7,0.5897,38.64,48.49,30.08,32.7
71,0,CA3-DG,163.0,0.7788,0.1288,,6000,0.6016,6,0.6013,-0.0026,0,0.3555,0.3785,0.2836,0.3187,27.06,23.34,22.65,19.16,0.5455,0.6757,40.53,44.43,34.92,29.58
71,0,CA3-DG,168.0,0.8029,0.0846,,6000,0.6089,7,0.5915,0.0028,0,0.3092,0.3857,0.2893,0.3154,29.5,35.32,22.49,17.13,0.5455,0.6316,42.28,44.16,40.67,27.56
71,0,CA3-DG,173.0,0.8269,0.0848,,6000,0.6386,5,0.6027,-0.0045,0,0.2737,0.388,0.3048,0.325,28.76,34.24,21.17,19.27,0.4783,0.4762,33.96,37.07,26.06,26.87
71,0,CA3-DG,178.0,0.851,0.1263,,5557,0.647,6,0.6201,-0.0305,0,0.2752,0.3817,0.2971,0.3235,22.84,22.61,18.4,16.11,0.5455,0.6316,35.12,36.84,25.91,25.6
71,0,CA3-DG,183.0,0.875,0.1358,,4974,0.6375,6,0.6523,-0.0366,0,0.3021,0.3826,0.2908,0.3267,34.88,39.03,20.82,17.18,0.3077,0.55,38.91,32.35,31.03,29.81
71,0,CA3-DG,188.0,0.899,0.181,,5270,0.6271,5,0.6056,-0.0415,0,0.3362,0.3895,0.2862,0.3295,20.55,29.9,18.54,16.59,0.619,0.6757,39.79,36.49,37.04,35.18
71,0,CA3-DG,193.0,0.9231,0.1782,,4964,0.6017,4,0.5252,-0.0037,0,0.3455,0.3888,0.2654,0.3072,23.14,23.46,20.48,19.6,0.7,0.5897,44.83,38.09,36.26,31.79
71,0,CA3-DG,198.0,0.9471,0.2372,,5835,0.6158,7,0.6069,-0.008,0,0.3217,0.3888,0.2863,0.313,24.46,24.52,29.36,29.54,0.7,0.6757,44.6,44.83,29.78,24.66
71,0,CA1-SUB,8.0,0.0337,0.1071,,6000,0.4923,8,0.4922,0.0029,0,0.298,0.1546,0.1517,0.137,nan,nan,nan,nan,,,88.9,73.01,51.52,50.12
71,0,CA1-SUB,13.0,0.0577,0.1175,,6000,0.1615,1,0.0132,-0.0293,0,0.1929,0.1418,0.1669,0.1417,72.39,63.04,33.27,37.91,0.7143,0.375,74.78,77.19,39.82,43.17
71,0,CA1-SUB,18.0,0.0817,0.1052,,6000,-0.039,11,0.2604,-0.0299,0,0.1781,0.1354,0.154,0.1212,61.03,60.64,38.12,37.68,0.7143,0.2222,78.66,75.64,78.73,83.13
71,0,CA1-SUB,23.0,0.1058,0.1173,,6000,-0.1078,6,0.1359,-0.0244,0,0.1645,0.1278,0.1341,0.116,79.82,74.09,72.76,72.94,0.5,0.4667,78.2,82.7,81.91,83.97
71,0,CA1-SUB,28.0,0.1298,0.1241,,6000,-0.0407,5,0.1544,0.0036,0,0.1055,0.1284,0.1133,0.1131,79.09,82.63,23.66,37.79,1.0,0.375,80.94,80.99,68.59,70.95
71,0,CA1-SUB,33.0,0.1538,0.1319,,6000,0.4605,6,0.5859,-0.0222,0,0.1835,0.134,0.126,0.0958,87.7,88.98,33.45,44.21,0.7143,0.2222,83.54,83.48,47.15,67.28
71,0,CA1-SUB,38.0,0.1779,0.1197,,6000,0.2527,13,0.2739,-0.0278,0,0.2133,0.1288,0.1019,0.0978,67.0,67.54,32.02,40.23,1.0,0.1579,80.9,87.37,63.21,66.4
71,0,CA1-SUB,43.0,0.2019,0.1044,,6000,-0.0728,7,0.1454,-0.0059,0,0.1651,0.1132,0.11,0.1035,61.05,53.06,28.29,37.39,0.7143,0.2941,85.87,88.12,85.65,83.0
71,0,CA1-SUB,48.0,0.226,0.1146,,6000,-0.0864,10,0.2047,-0.0291,0,0.1203,0.1011,0.1252,0.1408,52.37,63.57,45.69,43.43,1.0,0.2222,88.53,69.54,60.35,72.03
71,0,CA1-SUB,53.0,0.25,0.1443,,6000,-0.3242,3,0.1976,0.0024,0,0.1077,0.1017,0.1099,0.1302,50.47,54.32,45.91,48.46,0.5,0.2941,77.2,82.98,86.78,89.56
71,0,CA1-SUB,58.0,0.274,0.1561,,6000,-0.1152,6,0.123,-0.004,0,0.1039,0.1077,0.1233,0.1062,65.5,60.03,28.33,38.93,0.7143,0.375,71.57,87.3,66.84,66.04
71,0,CA1-SUB,63.0,0.2981,0.1682,,6000,0.0761,4,0.2382,-0.0036,0,0.1181,0.099,0.1184,0.1051,79.11,72.07,36.33,49.91,1.0,0.2941,79.95,82.93,81.23,68.82
71,0,CA1-SUB,68.0,0.3221,0.1544,,6000,0.1019,0,0.0,0.0057,0,0.1038,0.1056,0.1402,0.1163,65.14,69.96,17.92,32.29,0.5,0.4667,83.6,84.23,45.9,67.24
71,0,CA1-SUB,73.0,0.3462,0.2076,,6000,0.3372,11,0.2728,-0.0165,0,0.0935,0.1084,0.1379,0.1028,84.41,80.09,18.48,32.59,1.0,0.375,80.07,74.34,32.79,39.91
71,0,CA1-SUB,78.0,0.3702,0.2329,,6000,0.1643,1,0.0137,-0.0055,0,0.0873,0.1019,0.128,0.0999,60.9,64.34,30.93,29.13,0.7143,0.2222,80.7,87.86,45.67,51.93
71,0,CA1-SUB,83.0,0.3942,0.2927,,6000,-0.0173,7,0.1522,-0.0179,0,0.0858,0.1013,0.1102,0.1069,54.1,50.06,23.87,34.65,0.5,0.375,86.81,89.65,61.63,53.55
71,0,CA1-SUB,88.0,0.4183,0.305,,6000,0.1108,0,0.0,-0.0385,0,0.106,0.1091,0.1026,0.1044,51.04,62.74,24.65,26.31,1.0,0.4667,88.21,86.99,59.78,67.02
71,0,CA1-SUB,93.0,0.4423,0.3096,,6000,0.0664,0,0.0,-0.0077,0,0.1205,0.1028,0.0948,0.1158,69.76,79.28,31.48,33.25,0.7143,0.375,72.06,87.61,85.55,76.56
71,0,CA1-SUB,98.0,0.4663,0.3513,,6000,0.1948,5,0.0897,0.0073,0,0.119,0.1232,0.1188,0.1394,84.54,88.91,51.11,47.96,0.5,0.4667,77.14,87.06,61.41,62.16
71,0,CA1-SUB,103.0,0.4904,0.3188,,6000,0.1379,0,0.0,-0.0026,0,0.0865,0.1196,0.1286,0.1368,55.79,61.37,33.17,22.35,0.7143,0.375,67.48,85.3,47.92,56.41
71,0,CA1-SUB,108.0,0.5144,0.2915,,6000,-0.0628,13,0.2323,0.0035,0,0.0855,0.1195,0.1119,0.1237,54.83,61.65,49.85,55.81,0.7143,0.2941,86.87,83.21,62.3,83.01
71,0,CA1-SUB,113.0,0.5385,0.1958,,5842,0.11,6,0.1054,0.0037,0,0.0903,0.1367,0.1163,0.1147,37.79,47.52,23.25,31.97,0.5,0.375,81.22,89.75,43.68,67.52
71,0,CA1-SUB,118.0,0.5625,0.1816,,5921,0.0246,0,0.0,0.0272,0,0.0881,0.1482,0.1027,0.1164,60.4,56.86,22.29,33.22,0.5,0.375,80.93,89.22,88.01,83.92
71,0,CA1-SUB,123.0,0.5865,0.2011,,5472,0.0687,0,0.0,-0.0192,0,0.101,0.122,0.0834,0.1073,70.15,81.94,53.91,66.07,0.5,0.2222,89.99,86.3,75.75,57.45
71,0,CA1-SUB,128.0,0.6106,0.1961,,6000,0.4252,8,0.89,-0.0125,0,0.084,0.123,0.1158,0.1128,41.25,57.55,40.54,57.07,0.5,0.2941,81.21,85.65,77.13,80.97
71,0,CA1-SUB,133.0,0.6346,0.2135,,6000,0.1867,5,0.3142,-0.0141,0,0.0844,0.1516,0.1268,0.1374,80.73,69.61,32.97,40.3,0.5,0.4667,83.67,87.4,79.69,69.47
71,0,CA1-SUB,138.0,0.6587,0.1735,,6000,0.2715,7,0.1561,0.0177,0,0.0964,0.1389,0.1309,0.1343,32.49,46.06,21.65,29.18,0.7143,0.2941,81.27,68.05,64.51,82.49
71,0,CA1-SUB,143.0,0.6827,0.163,,6000,0.1102,7,0.3113,0.0315,0,0.1219,0.1397,0.11,0.1192,46.09,48.65,66.58,70.18,0.5,0.375,77.53,87.43,77.12,81.48
71,0,CA1-SUB,148.0,0.7067,0.1074,,6000,0.2592,8,0.1965,-0.0034,0,0.1331,0.1472,0.1081,0.113,85.56,87.56,37.87,48.19,1.0,0.4667,83.83,89.42,46.83,54.33
71,0,CA1-SUB,153.0,0.7308,0.1431,,6000,0.3268,12,0.2938,0.0108,0,0.1528,0.1399,0.1087,0.1187,58.13,73.6,31.77,22.32,0.7143,0.375,73.33,85.85,54.88,61.96
71,0,CA1-SUB,158.0,0.7548,0.1202,,6000,0.2796,7,0.1696,0.0098,0,0.1397,0.1716,0.0859,0.1215,47.65,64.79,39.3,43.64,1.0,0.4667,70.09,77.69,80.19,82.94
71,0,CA1-SUB,163.0,0.7788,0.1288,,6000,-0.1069,9,0.1917,-0.0117,0,0.1486,0.1737,0.095,0.1236,58.07,63.98,34.43,42.39,0.7143,0.375,83.95,78.19,78.77,74.31
71,0,CA1-SUB,168.0,0.8029,0.0846,,6000,0.1162,0,0.0,0.0036,0,0.1388,0.1628,0.1084,0.1179,61.69,73.26,23.17,27.04,0.7143,0.5714,77.71,81.56,60.73,54.91
71,0,CA1-SUB,173.0,0.8269,0.0848,,6000,0.0944,4,0.2041,0.0061,0,0.112,0.1584,0.1159,0.1151,87.6,81.37,34.2,36.72,0.7143,0.2941,74.76,81.44,65.14,66.46
71,0,CA1-SUB,178.0,0.851,0.1263,,5557,0.2058,1,0.0216,0.003,0,0.1393,0.1554,0.1268,0.1178,79.6,84.31,28.57,27.59,0.7143,0.2222,82.52,82.85,59.55,58.97
71,0,CA1-SUB,183.0,0.875,0.1358,,4974,0.2077,2,0.0372,0.0064,0,0.1494,0.1605,0.1153,0.1025,56.31,62.28,23.69,32.94,0.7143,0.2222,81.12,85.92,51.77,61.45
71,0,CA1-SUB,188.0,0.899,0.181,,5270,-0.0888,9,0.1976,-0.0098,0,0.1338,0.1447,0.1148,0.1078,67.54,57.13,22.87,30.51,1.0,0.1579,79.94,86.7,48.7,53.79
71,0,CA1-SUB,193.0,0.9231,0.1782,,4964,0.1229,10,0.2055,0.0079,0,0.1436,0.1475,0.1024,0.1101,48.02,46.98,27.41,31.75,0.7143,0.2222,85.18,80.09,57.88,77.31
71,0,CA1-SUB,198.0,0.9471,0.2372,,5835,0.061,7,0.1212,-0.0126,0,0.1399,0.1618,0.1168,0.1031,49.38,50.42,26.18,36.96,0.7143,0.1579,77.74,87.65,81.29,88.93
71,0,RSC-SUB,8.0,0.0337,0.1071,,6000,0.4808,16,0.5573,-0.0099,0,0.4193,0.1539,0.1559,0.13,nan,nan,nan,nan,,,47.87,52.99,43.96,32.04
71,0,RSC-SUB,13.0,0.0577,0.1175,,6000,0.3118,3,0.1253,-0.0326,0,0.403,0.1357,0.1539,0.1235,38.82,26.69,38.76,34.82,0.65,0.5714,52.32,51.73,47.03,36.9
71,0,RSC-SUB,18.0,0.0817,0.1052,,6000,0.4821,16,0.5887,-0.0649,0,0.3716,0.1253,0.1485,0.1257,38.98,35.11,43.27,43.78,0.7368,0.6923,46.18,37.34,48.91,43.33
71,0,RSC-SUB,23.0,0.1058,0.1173,,6000,0.4882,13,0.5708,-0.063,0,0.3429,0.1189,0.157,0.1184,36.72,31.53,29.79,26.07,0.6098,0.6923,51.8,48.73,51.13,44.06
71,0,RSC-SUB,28.0,0.1298,0.1241,,6000,0.4614,9,0.4311,-0.059,0,0.3219,0.115,0.1633,0.1376,34.66,22.96,22.09,15.93,0.5,0.8333,59.7,53.72,59.7,54.1
71,0,RSC-SUB,33.0,0.1538,0.1319,,6000,0.5531,5,0.5687,-0.0329,0,0.3588,0.1201,0.152,0.1411,52.95,56.6,44.37,43.82,0.2941,0.375,79.25,70.05,37.72,38.47
71,0,RSC-SUB,38.0,0.1779,0.1197,,6000,0.3709,16,0.4152,-0.0454,0,0.4098,0.1169,0.1555,0.1552,56.57,57.01,37.39,25.98,0.6923,0.5714,77.01,65.53,44.29,40.76
71,0,RSC-SUB,43.0,0.2019,0.1044,,6000,0.2412,12,0.368,-0.0677,0,0.3323,0.0936,0.1596,0.1533,47.92,39.78,31.24,28.59,0.5349,0.8333,52.28,45.17,54.5,51.59
71,0,RSC-SUB,48.0,0.226,0.1146,,6000,0.3235,9,0.2837,-0.0259,0,0.341,0.0891,0.1555,0.1543,39.61,37.39,37.98,35.66,0.5349,0.4667,59.28,43.85,51.66,38.41
71,0,RSC-SUB,53.0,0.25,0.1443,,6000,0.1728,6,0.6412,-0.0581,0,0.3182,0.0907,0.1511,0.149,36.25,24.08,24.34,22.27,0.6923,0.4667,59.79,52.36,36.89,31.29
71,0,RSC-SUB,58.0,0.274,0.1561,,6000,0.4399,12,0.3382,-0.0647,0,0.2844,0.0989,0.1543,0.153,39.23,31.81,27.93,19.15,0.6098,0.6923,48.05,43.26,39.21,40.43
71,0,RSC-SUB,63.0,0.2981,0.1682,,6000,0.5548,11,0.7265,-0.023,0,0.2902,0.096,0.1465,0.1496,35.32,22.75,28.54,18.16,0.5714,0.5714,52.66,46.82,83.49,83.33
71,0,RSC-SUB,68.0,0.3221,0.1544,,6000,0.3263,3,0.1439,-0.0117,0,0.3217,0.0928,0.1485,0.1439,33.09,23.19,25.14,13.89,0.5349,0.4667,46.93,45.21,54.07,43.21
71,0,RSC-SUB,73.0,0.3462,0.2076,,6000,0.4807,12,0.3992,-0.063,0,0.3105,0.0939,0.1494,0.1383,35.16,29.93,24.19,19.32,0.6098,0.4667,65.84,68.17,43.14,39.14
71,0,RSC-SUB,78.0,0.3702,0.2329,,6000,0.3478,4,0.1357,-0.0316,0,0.2987,0.1015,0.142,0.1466,46.16,46.23,23.64,14.67,0.65,0.5714,81.15,85.53,46.15,37.21
71,0,RSC-SUB,83.0,0.3942,0.2927,,6000,0.1199,14,0.3311,-0.0444,0,0.2741,0.0912,0.1376,0.1387,36.02,31.77,23.82,15.98,0.5349,0.4667,70.8,66.58,46.74,48.95
71,0,RSC-SUB,88.0,0.4183,0.305,,6000,0.2931,3,0.0894,-0.0077,0,0.2868,0.0965,0.1447,0.1365,34.76,40.35,24.83,32.14,0.6098,0.5714,67.78,59.77,60.46,57.44
71,0,RSC-SUB,93.0,0.4423,0.3096,,6000,0.2786,3,0.085,-0.0513,0,0.3119,0.0942,0.1441,0.1235,33.55,26.94,40.19,33.72,0.5714,0.8333,63.02,64.01,43.18,48.75
71,0,RSC-SUB,98.0,0.4663,0.3513,,6000,0.4253,12,0.3462,-0.0193,0,0.2968,0.1021,0.1392,0.1399,89.12,86.7,23.1,28.4,0.65,0.5714,81.22,83.87,55.25,57.73
71,0,RSC-SUB,103.0,0.4904,0.3188,,6000,0.3458,2,0.0939,-0.017,0,0.3097,0.1163,0.1459,0.1458,74.08,74.56,21.43,30.27,0.65,0.4667,81.82,87.21,41.95,32.1
71,0,RSC-SUB,108.0,0.5144,0.2915,,6000,0.4896,9,0.3861,-0.0198,0,0.2888,0.1101,0.1509,0.1408,69.85,68.71,27.34,17.59,0.5,0.5714,86.19,88.48,37.93,40.1
71,0,RSC-SUB,113.0,0.5385,0.1958,,5842,0.3732,2,0.0965,-0.0161,0,0.3158,0.119,0.141,0.1373,45.05,40.74,23.99,16.07,0.6098,0.5714,70.64,73.82,36.62,31.91
71,0,RSC-SUB,118.0,0.5625,0.1816,,5921,0.3629,2,0.0866,-0.0308,0,0.3285,0.13,0.1398,0.1357,68.66,61.02,19.17,14.45,0.65,0.5714,84.52,87.15,42.72,34.33
71,0,RSC-SUB,123.0,0.5865,0.2011,,5472,0.3501,1,0.0654,0.0076,0,0.3136,0.1179,0.1292,0.1218,69.81,69.39,21.4,15.43,0.5349,0.5714,79.04,86.79,40.93,36.38
71,0,RSC-SUB,128.0,0.6106,0.1961,,6000,0.3842,11,0.6835,-0.0158,0,0.3187,0.1096,0.1502,0.1341,53.54,47.48,26.86,40.08,0.4667,0.375,86.75,80.44,41.9,38.29
71,0,RSC-SUB,133.0,0.6346,0.2135,,6000,0.5241,10,0.7288,0.0106,0,0.3525,0.1381,0.1405,0.1315,71.5,64.73,34.48,30.44,0.6098,0.2941,71.47,73.4,59.43,54.72
71,0,RSC-SUB,138.0,0.6587,0.1735,,6000,0.3819,12,0.3263,0.0094,0,0.3719,0.1261,0.152,0.1265,42.15,33.41,30.77,24.59,0.7368,0.375,64.89,63.61,70.21,66.14
71,0,RSC-SUB,143.0,0.6827,0.163,,6000,0.4814,8,0.4803,-0.0146,0,0.3255,0.1278,0.1482,0.1372,44.43,47.12,33.23,42.68,0.5714,0.4667,89.09,86.49,48.2,42.68
71,0,RSC-SUB,148.0,0.7067,0.1074,,6000,0.332,10,0.242,-0.0201,0,0.3137,0.1276,0.1483,0.1531,66.3,59.52,17.41,13.55,0.65,0.5714,68.99,63.24,44.99,47.37
71,0,RSC-SUB,153.0,0.7308,0.1431,,6000,0.4134,12,0.3568,-0.0312,0,0.3035,0.128,0.161,0.1553,42.71,39.97,21.5,14.85,0.6098,0.6923,85.68,79.11,35.63,46.27
71,0,RSC-SUB,158.0,0.7548,0.1202,,6000,0.404,13,0.3985,-0.0164,0,0.3187,0.1566,0.1428,0.1403,80.47,84.15,31.75,42.51,0.65,0.375,78.88,82.92,51.06,59.61
71,0,RSC-SUB,163.0,0.7788,0.1288,,6000,0.2396,11,0.2181,-0.0507,0,0.3227,0.1565,0.1267,0.1174,72.57,75.72,35.66,27.78,0.6923,0.6923,66.13,64.88,56.74,55.87
71,0,RSC-SUB,168.0,0.8029,0.0846,,6000,0.2197,2,0.0422,-0.05,0,0.3186,0.1466,0.1302,0.1172,54.41,55.13,45.33,41.55,0.5714,0.6923,80.97,85.1,58.24,48.77
71,0,RSC-SUB,173.0,0.8269,0.0848,,6000,0.1513,5,0.3387,-0.0434,0,0.309,0.1468,0.1279,0.1218,42.45,36.55,33.75,29.13,0.5714,0.4667,67.31,79.65,54.29,56.68
71,0,RSC-SUB,178.0,0.851,0.1263,,5557,0.2526,2,0.0557,-0.0199,0,0.3412,0.149,0.122,0.1089,49.54,46.26,51.79,45.84,0.65,0.6923,66.52,66.88,67.96,59.66
71,0,RSC-SUB,183.0,0.875,0.1358,,4974,0.2056,1,0.0216,-0.0218,0,0.3519,0.1435,0.1112,0.0873,52.87,61.06,47.38,43.34,0.6098,0.375,72.1,84.0,74.3,72.74
71,0,RSC-SUB,188.0,0.899,0.181,,5270,-0.007,8,0.2317,-0.0262,0,0.342,0.1404,0.1249,0.1029,44.61,45.48,39.89,38.85,0.65,0.5714,82.85,88.26,72.56,62.36
71,0,RSC-SUB,193.0,0.9231,0.1782,,4964,0.2908,12,0.2945,-0.0298,0,0.3559,0.1487,0.1191,0.109,75.9,73.59,70.9,70.66,0.6098,0.375,78.89,81.32,81.57,82.2
71,0,RSC-SUB,198.0,0.9471,0.2372,,5835,-0.0216,9,0.2216,-0.0265,0,0.3322,0.15,0.1323,0.1219,88.67,88.6,80.05,77.49,0.6098,0.375,79.67,80.7,57.16,51.27
71,0,V1-RSC,8.0,0.0337,0.1071,,6000,0.2004,9,0.3814,-0.0323,0,0.2246,0.411,0.1585,0.1983,nan,nan,nan,nan,,,85.6,80.54,40.61,44.07
71,0,V1-RSC,13.0,0.0577,0.1175,,6000,0.5024,6,0.372,-0.0453,0,0.2317,0.3904,0.1746,0.2083,60.35,58.62,29.49,31.57,0.5238,0.65,56.63,61.7,40.87,42.4
71,0,V1-RSC,18.0,0.0817,0.1052,,6000,0.6443,14,0.6748,-0.0051,0,0.2353,0.3678,0.1789,0.2196,29.7,34.71,19.03,25.99,0.5238,0.6923,56.51,51.4,41.07,39.95
71,0,V1-RSC,23.0,0.1058,0.1173,,6000,0.6424,9,0.7442,0.019,0,0.2308,0.3322,0.1873,0.2176,29.07,34.23,22.73,25.42,0.6,0.6923,42.53,48.99,34.5,32.76
71,0,V1-RSC,28.0,0.1298,0.1241,,6000,0.6785,6,0.4871,-0.0361,0,0.2209,0.311,0.1916,0.2127,29.57,33.06,18.82,21.54,0.6,0.5349,59.77,72.39,39.13,39.18
71,0,V1-RSC,33.0,0.1538,0.1319,,6000,0.7834,9,1.1401,-0.0207,0,0.2264,0.3499,0.1681,0.1939,46.84,63.22,32.29,40.09,0.6,0.32,59.06,59.88,31.21,41.72
71,0,V1-RSC,38.0,0.1779,0.1197,,6000,0.6051,6,0.5258,-0.017,0,0.2265,0.4094,0.1642,0.1974,35.82,33.94,25.13,27.72,0.7778,0.7368,66.29,69.5,46.36,46.95
71,0,V1-RSC,43.0,0.2019,0.1044,,6000,0.5926,10,0.6763,-0.0433,0,0.2024,0.3251,0.1694,0.2034,36.55,44.74,32.82,41.65,0.5238,0.5,62.49,64.46,76.53,72.24
71,0,V1-RSC,48.0,0.226,0.1146,,6000,0.5604,10,0.709,-0.0116,0,0.1969,0.3358,0.1795,0.2109,25.46,41.69,20.54,26.86,0.6,0.6098,56.02,57.54,40.72,39.4
71,0,V1-RSC,53.0,0.25,0.1443,,6000,0.6931,14,1.5939,-0.0165,0,0.1951,0.3099,0.173,0.2115,28.42,31.22,20.33,23.97,0.5238,0.65,55.67,67.23,32.72,39.32
71,0,V1-RSC,58.0,0.274,0.1561,,6000,0.6199,11,0.8152,0.0401,0,0.1653,0.2815,0.1783,0.2084,35.11,39.57,19.89,25.58,0.3913,0.5,47.32,51.59,31.79,36.84
71,0,V1-RSC,63.0,0.2981,0.1682,,6000,0.4851,12,1.087,0.0048,0,0.1594,0.29,0.1794,0.2096,26.98,32.43,16.32,20.92,0.4545,0.5714,89.28,87.71,27.44,32.99
71,0,V1-RSC,68.0,0.3221,0.1544,,6000,0.5102,5,0.3922,-0.0028,0,0.1802,0.3201,0.1764,0.2016,38.64,39.76,22.6,22.64,0.4545,0.5,62.23,64.55,30.59,34.79
71,0,V1-RSC,73.0,0.3462,0.2076,,6000,0.609,12,1.0005,-0.0042,0,0.2006,0.3081,0.1802,0.2083,27.76,38.22,25.51,30.75,0.5238,0.6098,44.64,50.34,38.55,40.3
71,0,V1-RSC,78.0,0.3702,0.2329,,6000,0.5246,6,0.4002,0.0001,0,0.2003,0.2953,0.186,0.2065,38.14,36.75,19.53,20.31,0.4545,0.5714,55.08,62.48,37.37,34.79
71,0,V1-RSC,83.0,0.3942,0.2927,,6000,0.5566,13,0.8432,-0.0086,0,0.2062,0.2702,0.1888,0.2075,42.53,46.46,23.61,21.5,0.4545,0.5349,77.61,85.54,31.24,33.5
71,0,V1-RSC,88.0,0.4183,0.305,,6000,0.4928,6,0.3841,-0.0192,0,0.1966,0.2743,0.1787,0.2043,40.62,46.5,22.91,24.68,0.3333,0.5714,51.63,59.85,35.13,40.65
71,0,V1-RSC,93.0,0.4423,0.3096,,6000,0.4842,7,0.4373,0.0028,0,0.2122,0.2988,0.1753,0.2166,63.52,63.71,21.51,23.31,0.6842,0.5349,82.78,86.3,29.82,30.67
71,0,V1-RSC,98.0,0.4663,0.3513,,6000,0.3833,7,0.4668,0.0184,0,0.1906,0.2866,0.1912,0.2219,80.14,73.94,21.07,22.26,0.5238,0.65,47.52,54.35,33.2,40.24
71,0,V1-RSC,103.0,0.4904,0.3188,,6000,0.5643,6,0.5055,0.004,0,0.1705,0.3033,0.1921,0.2243,25.03,24.1,22.53,19.81,0.3913,0.65,38.28,43.06,32.21,37.1
71,0,V1-RSC,108.0,0.5144,0.2915,,6000,0.6184,9,0.616,-0.0191,0,0.1764,0.2858,0.1849,0.2083,26.53,35.14,22.38,25.14,0.3913,0.5,71.81,66.02,35.4,35.8
71,0,V1-RSC,113.0,0.5385,0.1958,,5842,0.5503,6,0.4373,0.0115,0,0.1894,0.316,0.1749,0.1965,30.52,30.72,20.98,23.72,0.6,0.5714,57.01,62.26,24.28,35.16
71,0,V1-RSC,118.0,0.5625,0.1816,,5921,0.515,7,0.4579,-0.0235,0,0.1978,0.3268,0.1834,0.2049,37.98,37.77,21.72,19.81,0.4545,0.65,58.76,63.44,40.71,39.86
71,0,V1-RSC,123.0,0.5865,0.2011,,5472,0.4876,5,0.3878,0.0202,0,0.1975,0.3068,0.1688,0.2038,33.73,35.73,23.31,23.92,0.5238,0.6098,46.16,52.91,46.13,45.57
71,0,V1-RSC,128.0,0.6106,0.1961,,6000,0.748,8,1.7777,0.0107,0,0.1969,0.3184,0.1823,0.2145,65.14,61.02,29.66,33.62,0.5238,0.4348,77.68,79.24,49.41,53.68
71,0,V1-RSC,133.0,0.6346,0.2135,,6000,0.6371,11,1.0271,0.0025,0,0.1974,0.3466,0.1878,0.225,50.75,54.1,23.87,23.21,0.6,0.65,78.25,78.24,40.04,31.84
71,0,V1-RSC,138.0,0.6587,0.1735,,6000,0.6198,12,0.7866,-0.0116,0,0.2077,0.3693,0.1901,0.2342,28.77,31.69,24.81,21.95,0.6,0.6923,73.56,70.61,37.67,40.4
71,0,V1-RSC,143.0,0.6827,0.163,,6000,0.4072,10,0.9026,0.0123,0,0.2002,0.3263,0.1927,0.2305,37.47,39.03,22.99,22.49,0.5238,0.5714,58.5,58.67,33.53,32.27
71,0,V1-RSC,148.0,0.7067,0.1074,,6000,0.5845,10,0.6323,-0.0003,0,0.1986,0.3108,0.1888,0.2267,83.52,87.42,25.33,29.07,0.7778,0.7838,61.98,64.75,40.95,39.15
71,0,V1-RSC,153.0,0.7308,0.1431,,6000,0.3183,18,0.656,0.0115,0,0.1983,0.3013,0.1889,0.2123,39.28,43.16,32.58,28.14,0.7778,0.5349,59.76,59.63,48.61,45.97
71,0,V1-RSC,158.0,0.7548,0.1202,,6000,0.5703,13,0.7137,0.028,0,0.217,0.3121,0.1942,0.2134,34.42,36.67,29.96,29.32,0.6842,0.65,44.74,41.14,32.08,36.85
71,0,V1-RSC,163.0,0.7788,0.1288,,6000,0.326,10,0.5777,0.0291,0,0.2107,0.3165,0.1967,0.2182,35.77,37.88,16.66,20.67,0.6842,0.7368,49.12,49.96,38.78,40.71
71,0,V1-RSC,168.0,0.8029,0.0846,,6000,0.4746,6,0.4109,0.0323,0,0.2162,0.3105,0.19,0.2203,48.52,49.35,23.02,24.14,0.7778,0.6098,54.51,61.53,40.24,42.28
71,0,V1-RSC,173.0,0.8269,0.0848,,6000,0.3618,7,0.9413,0.0094,0,0.1919,0.3025,0.1771,0.213,35.07,36.5,79.37,70.24,0.4545,0.6098,40.85,53.17,55.93,56.29
71,0,V1-RSC,178.0,0.851,0.1263,,5557,0.4482,6,0.3746,-0.0224,0,0.2221,0.3301,0.1701,0.2098,33.45,41.03,33.24,34.22,0.5238,0.5714,52.83,52.61,45.6,49.61
71,0,V1-RSC,183.0,0.875,0.1358,,4974,0.4354,5,0.288,-0.0374,0,0.2319,0.3386,0.1648,0.2013,32.48,31.29,60.04,53.21,0.4545,0.6923,50.25,52.29,43.31,50.28
71,0,V1-RSC,188.0,0.899,0.181,,5270,0.5573,11,0.7069,-0.0278,0,0.2043,0.3296,0.1796,0.207,26.43,34.23,23.06,30.0,0.6,0.6923,56.57,63.81,56.07,52.81
71,0,V1-RSC,193.0,0.9231,0.1782,,4964,0.5584,10,0.6261,-0.007,0,0.2256,0.3463,0.1716,0.1934,59.19,54.36,27.4,30.12,0.6842,0.65,75.32,81.57,37.77,43.29
71,0,V1-RSC,198.0,0.9471,0.2372,,5835,0.5751,11,0.7799,-0.0228,0,0.2069,0.3265,0.1792,0.2204,58.06,59.08,38.51,36.77,0.5238,0.6098,46.78,54.76,81.93,87.14
73,1,CA1-RSC,8.0,0.0329,0.0677,-51.0,6000,0.2465,1,0.0313,0.0094,0,0.3792,0.3713,0.1812,0.2009,nan,nan,nan,nan,,,69.12,84.86,65.47,38.23
73,1,CA1-RSC,13.0,0.0563,0.0877,-46.0,6000,0.1938,1,0.0191,0.0572,1,0.3282,0.3955,0.2184,0.2401,60.74,87.24,29.47,37.33,0.75,0.28,72.33,84.56,82.93,50.88
73,1,CA1-RSC,18.0,0.0798,0.1051,-41.0,6000,0.2035,1,0.0211,0.043,1,0.3438,0.3891,0.2691,0.2928,88.1,83.24,65.16,34.88,0.75,0.6,70.22,85.59,72.14,62.81
73,1,CA1-RSC,23.0,0.1033,0.1377,-36.0,6000,-0.0189,5,0.1072,0.027,1,0.3273,0.3599,0.3211,0.3202,68.64,67.76,36.91,30.08,0.75,0.4545,78.56,84.97,72.68,56.15
73,1,CA1-RSC,28.0,0.1268,0.1529,-31.0,6000,0.1991,1,0.0202,0.0495,1,0.3694,0.3332,0.1743,0.1979,70.93,70.24,65.08,38.33,0.75,0.5238,84.51,84.93,51.65,51.42
73,1,CA1-RSC,33.0,0.1502,0.1893,-26.0,6000,-0.0393,8,0.2259,0.0692,1,0.3552,0.3105,0.3201,0.3132,85.77,85.35,67.63,32.56,0.5556,0.5238,74.49,70.21,47.84,81.22
73,1,CA1-RSC,38.0,0.1737,0.1801,-21.0,6000,0.1965,2,0.0365,0.0425,1,0.2947,0.3128,0.2278,0.2803,49.85,42.88,45.79,29.22,0.75,0.3913,73.7,68.18,62.49,76.67
73,1,CA1-RSC,43.0,0.1972,0.2297,-16.0,6000,0.166,0,0.0,0.0522,1,0.2199,0.2971,0.1542,0.2105,42.87,41.13,67.53,57.74,0.75,0.3913,85.24,86.81,73.15,87.68
73,1,CA1-RSC,48.0,0.2207,0.2669,-11.0,6000,0.1313,0,0.0,0.0157,1,0.2151,0.2782,0.1543,0.1953,75.73,62.6,78.96,80.02,0.75,0.4545,61.28,82.37,81.97,79.43
73,1,CA1-RSC,53.0,0.2441,0.4163,-6.0,6000,0.22,1,0.0248,-0.0152,0,0.2019,0.2949,0.1782,0.2067,53.59,63.01,65.66,58.78,0.5556,0.5238,81.77,70.36,64.2,49.65
73,1,CA1-RSC,58.0,0.2676,0.6087,-1.0,6000,0.227,1,0.0264,-0.0462,0,0.1572,0.293,0.1549,0.1913,86.8,89.26,50.19,30.12,0.5556,0.4545,67.71,88.76,42.98,43.59
73,1,CA1-RSC,63.0,0.2911,0.718,4.0,6000,-0.0108,4,0.0741,0.0043,0,0.1321,0.3035,0.1382,0.175,45.14,68.3,37.3,33.91,0.5556,0.3333,72.94,80.3,55.22,49.34
73,1,CA1-RSC,68.0,0.3146,0.6957,9.0,6000,0.1709,5,0.0888,0.0424,0,0.1353,0.3049,0.1221,0.1757,35.53,46.9,49.36,51.28,0.75,0.6,83.67,86.77,60.58,59.43
73,1,CA1-RSC,73.0,0.338,0.6492,14.0,6000,0.1493,1,0.0131,0.0217,0,0.1139,0.306,0.103,0.1893,47.51,48.71,19.31,31.12,0.5556,0.5238,85.4,87.59,58.22,58.79
73,1,CA1-RSC,78.0,0.3615,0.7139,19.0,6000,0.138,0,0.0,0.0213,0,0.1274,0.3106,0.0973,0.1398,53.5,53.83,28.06,39.03,0.5556,0.5238,70.07,70.43,76.36,67.73
73,1,CA1-RSC,83.0,0.385,0.8038,24.0,6000,0.2065,2,0.0375,0.017,0,0.1102,0.3123,0.1211,0.1319,71.14,79.13,37.11,41.15,0.5556,0.7778,71.55,81.76,48.73,58.63
73,1,CA1-RSC,88.0,0.4085,0.8539,29.0,6000,0.1258,8,0.1573,0.0232,0,0.1167,0.3307,0.1173,0.1679,60.19,67.14,36.37,39.66,0.5556,0.4545,82.5,79.66,53.5,50.17
73,1,CA1-RSC,93.0,0.4319,0.8429,34.0,6000,0.1087,0,0.0,-0.0216,0,0.1047,0.3269,0.1205,0.1698,46.97,45.93,46.54,46.8,1.0,0.3913,82.13,87.34,64.55,52.42
73,1,CA1-RSC,98.0,0.4554,0.6962,39.0,6000,0.181,1,0.0167,-0.0249,0,0.1013,0.2819,0.1435,0.171,31.44,40.31,25.75,28.17,0.75,0.5238,70.41,85.51,73.34,80.44
73,1,CA1-RSC,103.0,0.4789,0.7147,44.0,6000,0.234,1,0.0282,-0.0021,0,0.1019,0.289,0.142,0.1554,33.54,42.45,24.51,38.55,0.5556,0.3333,89.93,68.09,53.38,49.18
73,1,CA1-RSC,108.0,0.5023,0.6664,49.0,6000,0.2053,1,0.0215,-0.0017,0,0.1775,0.2833,0.1422,0.1544,56.75,38.86,18.23,25.32,0.75,0.4545,86.84,76.02,41.06,44.51
73,1,CA1-RSC,113.0,0.5258,0.6405,54.0,6000,0.2133,1,0.0233,-0.0118,0,0.1431,0.296,0.1513,0.1664,65.93,71.44,36.38,43.37,0.5556,0.2308,77.7,81.01,52.75,56.83
73,1,CA1-RSC,118.0,0.5493,0.66,59.0,6000,0.2001,1,0.0204,-0.027,0,0.1356,0.2862,0.1367,0.1607,53.35,50.82,27.32,33.4,1.0,0.28,75.63,80.58,51.43,55.1
73,1,CA1-RSC,123.0,0.5728,0.5536,64.0,6000,0.1538,0,0.0,-0.0158,0,0.0983,0.2691,0.1236,0.1355,87.04,87.59,25.74,33.44,0.4,0.3913,89.81,89.98,57.56,61.47
73,1,CA1-RSC,128.0,0.5962,0.7324,69.0,6000,0.1734,0,0.0,-0.0249,0,0.0911,0.3382,0.1341,0.1377,76.23,78.22,27.56,33.96,0.75,0.1852,78.87,82.88,51.63,49.2
73,1,CA1-RSC,133.0,0.6197,0.6769,74.0,6000,0.1683,1,0.0144,0.0281,0,0.0839,0.3548,0.1393,0.1673,48.45,50.06,22.57,25.18,0.75,0.3333,71.68,81.86,50.52,43.27
73,1,CA1-RSC,138.0,0.6432,0.8944,79.0,6000,0.1924,1,0.0189,0.0176,0,0.0881,0.3949,0.1618,0.1936,50.51,44.4,26.23,31.76,0.75,0.3913,85.42,77.23,49.45,37.59
73,1,CA1-RSC,143.0,0.6667,0.7278,84.0,6000,0.2021,1,0.0208,-0.0,0,0.0907,0.4046,0.1483,0.1805,65.34,68.1,26.68,31.09,0.5556,0.3913,81.79,89.3,62.18,55.07
73,1,CA1-RSC,148.0,0.6901,0.5407,89.0,6000,0.1804,1,0.0165,-0.0212,0,0.109,0.3652,0.16,0.157,68.64,75.26,27.22,29.64,0.5556,0.5238,84.73,89.86,52.69,60.88
73,1,CA1-RSC,153.0,0.7136,0.3515,94.0,6000,0.1397,0,0.0,0.0002,0,0.111,0.3539,0.1393,0.1597,45.9,51.22,34.34,35.59,0.5556,0.5238,87.4,73.25,62.5,53.8
73,1,CA1-RSC,158.0,0.7371,0.3623,99.0,6000,0.1548,0,0.0,-0.0028,0,0.1432,0.3452,0.147,0.1728,58.52,72.13,27.48,31.33,0.5556,0.6,80.57,87.84,67.75,51.68
73,1,CA1-RSC,163.0,0.7606,0.3449,104.0,6000,0.1811,1,0.0167,-0.0165,0,0.178,0.3478,0.1458,0.1599,67.96,73.31,30.09,25.32,0.5556,0.7778,80.55,80.97,44.99,49.43
73,1,CA1-RSC,168.0,0.784,0.2007,109.0,6000,0.1671,1,0.0142,-0.0245,0,0.1296,0.3146,0.1426,0.1525,70.31,76.25,29.77,42.71,0.4,0.4545,87.59,80.15,48.28,50.11
73,1,CA1-RSC,173.0,0.8075,0.0785,114.0,6000,0.1692,1,0.0145,-0.0335,0,0.1152,0.3182,0.1447,0.1608,70.59,57.94,38.13,31.51,0.5556,0.4545,75.98,87.21,52.79,63.21
73,1,CA1-RSC,178.0,0.831,0.0068,119.0,6000,0.1488,0,0.0,-0.0569,0,0.0947,0.3404,0.1332,0.1623,79.81,89.31,40.52,37.02,0.5556,0.6,82.28,88.12,50.72,50.09
73,1,CA1-RSC,183.0,0.8545,0.0734,124.0,6000,0.1152,1,0.0151,-0.042,0,0.1175,0.3078,0.1498,0.1475,79.72,81.78,15.03,34.57,0.5556,0.4545,82.57,88.14,81.58,74.86
73,1,CA1-RSC,188.0,0.8779,0.0683,129.0,6000,0.1082,1,0.0129,-0.0049,0,0.1387,0.3137,0.1429,0.1588,72.65,76.96,27.17,33.8,0.5556,0.4545,83.41,71.09,79.45,82.93
73,1,CA1-RSC,193.0,0.9014,0.1376,134.0,6000,0.107,0,0.0,0.0524,0,0.1297,0.308,0.1415,0.1468,41.84,57.77,86.93,85.21,0.75,0.4545,73.48,87.48,53.24,85.85
73,1,CA1-RSC,198.0,0.9249,0.2793,139.0,6000,0.1,0,0.0,0.0755,0,0.135,0.3661,0.1658,0.1614,68.95,76.71,23.83,40.83,0.5556,0.4545,83.57,88.16,41.12,82.32
73,1,CA1-RSC,203.0,0.9484,0.4396,144.0,6000,0.1199,0,0.0,0.0019,0,0.1786,0.3642,0.1967,0.1971,56.73,78.73,46.53,53.18,0.75,0.5238,86.78,81.59,79.43,81.2
73,1,CA1-DG,8.0,0.0329,0.0677,-51.0,6000,-0.0259,5,0.1703,0.0497,0,0.377,0.3584,0.2917,0.1881,nan,nan,nan,nan,,,61.01,89.8,8.07,43.74
73,1,CA1-DG,13.0,0.0563,0.0877,-46.0,6000,0.0064,7,0.353,-0.0239,0,0.3349,0.3345,0.2946,0.252,85.06,65.5,77.04,58.14,0.75,0.6,76.69,67.67,68.3,57.55
73,1,CA1-DG,18.0,0.0798,0.1051,-41.0,6000,0.3322,1,0.0585,-0.0047,0,0.3515,0.2976,0.301,0.2978,70.76,75.15,31.54,30.17,0.75,0.6,86.98,82.55,53.96,39.48
73,1,CA1-DG,23.0,0.1033,0.1377,-36.0,6000,-0.0573,3,0.1302,-0.0017,0,0.3511,0.2362,0.3039,0.3009,61.58,67.42,38.88,38.74,0.75,0.4545,88.0,81.52,45.06,46.51
73,1,CA1-DG,28.0,0.1268,0.1529,-31.0,6000,0.2028,1,0.021,-0.0043,0,0.3694,0.2581,0.277,0.2844,68.01,65.04,26.98,26.08,0.75,0.7778,85.32,86.46,45.17,38.35
73,1,CA1-DG,33.0,0.1502,0.1893,-26.0,6000,0.0988,4,0.0938,-0.0214,0,0.3672,0.1906,0.2797,0.2573,87.88,86.96,35.26,31.8,0.5556,0.6,80.22,76.91,54.76,50.61
73,1,CA1-DG,38.0,0.1737,0.1801,-21.0,6000,0.2799,1,0.0408,0.0165,0,0.2991,0.1624,0.2396,0.2168,67.98,48.13,28.59,31.7,0.75,0.6,89.66,88.61,40.73,42.64
73,1,CA1-DG,43.0,0.1972,0.2297,-16.0,6000,0.0541,7,0.1499,0.0475,0,0.2214,0.181,0.268,0.2501,57.31,57.25,22.59,18.71,1.0,0.4545,80.37,83.29,45.86,35.94
73,1,CA1-DG,48.0,0.2207,0.2669,-11.0,6000,0.0664,10,0.2006,-0.0208,0,0.218,0.2089,0.2923,0.2484,58.43,57.62,19.94,30.67,0.5556,0.4545,81.04,81.6,45.98,38.56
73,1,CA1-DG,53.0,0.2441,0.4163,-6.0,6000,-0.0028,7,0.1698,-0.0089,0,0.2049,0.1268,0.2379,0.2333,46.71,47.47,18.04,22.47,0.5556,0.4545,87.52,73.05,30.35,36.2
73,1,CA1-DG,58.0,0.2676,0.6087,-1.0,6000,-0.0009,6,0.1379,0.0021,0,0.1591,0.1601,0.2419,0.2228,62.59,57.87,22.28,31.9,0.5556,0.4545,76.7,65.57,34.24,31.05
73,1,CA1-DG,63.0,0.2911,0.718,4.0,6000,0.3444,1,0.0631,-0.0201,0,0.1334,0.1231,0.2337,0.2075,37.56,48.3,18.41,26.09,0.5556,0.3333,75.27,86.01,49.47,51.72
73,1,CA1-DG,68.0,0.3146,0.6957,9.0,6000,0.3401,1,0.0615,-0.0085,0,0.1356,0.1403,0.188,0.2028,49.32,42.21,26.54,39.81,0.75,0.4545,89.56,82.02,38.53,37.25
73,1,CA1-DG,73.0,0.338,0.6492,14.0,6000,0.2163,1,0.0239,0.0005,0,0.1137,0.1433,0.2116,0.2083,73.28,67.55,15.95,25.64,0.5556,0.6,67.05,88.5,46.17,67.53
73,1,CA1-DG,78.0,0.3615,0.7139,19.0,6000,0.3252,9,0.2545,0.0056,0,0.1271,0.1244,0.2219,0.2079,76.97,79.25,16.52,21.48,0.5556,0.6,74.99,73.61,48.39,51.49
73,1,CA1-DG,83.0,0.385,0.8038,24.0,6000,0.3451,6,0.1816,0.0088,0,0.1094,0.1266,0.2001,0.211,78.32,79.54,20.64,25.33,0.5556,0.6,85.29,87.34,89.43,86.11
73,1,CA1-DG,88.0,0.4085,0.8539,29.0,6000,0.2892,7,0.2035,-0.0213,0,0.1161,0.1221,0.1883,0.1906,24.05,51.82,16.81,24.0,0.5556,0.6,73.96,89.11,87.35,78.86
73,1,CA1-DG,93.0,0.4319,0.8429,34.0,6000,0.0983,0,0.0,-0.0126,0,0.1041,0.1282,0.1853,0.1696,33.75,63.34,71.64,73.61,1.0,1.0,78.88,84.31,42.41,60.36
73,1,CA1-DG,98.0,0.4554,0.6962,39.0,6000,0.1343,0,0.0,-0.0461,0,0.1004,0.1206,0.1676,0.1488,33.61,39.31,56.01,52.24,0.75,0.4545,81.27,87.4,88.56,79.78
73,1,CA1-DG,103.0,0.4789,0.7147,44.0,6000,0.1821,0,0.0,-0.0374,0,0.1009,0.1432,0.1853,0.1794,71.96,68.0,27.08,26.37,0.5556,0.4545,83.91,87.36,56.85,56.97
73,1,CA1-DG,108.0,0.5023,0.6664,49.0,6000,0.1443,1,0.0177,-0.0071,0,0.1787,0.1432,0.1936,0.1964,77.03,88.28,86.91,81.28,0.75,0.7778,89.93,80.29,79.22,76.4
73,1,CA1-DG,113.0,0.5258,0.6405,54.0,6000,0.1567,0,0.0,0.0044,0,0.1437,0.1318,0.2184,0.2215,89.68,88.41,68.93,83.48,0.5556,0.6,84.44,86.78,76.91,76.93
73,1,CA1-DG,118.0,0.5493,0.66,59.0,6000,0.205,2,0.0383,-0.0023,0,0.1352,0.1277,0.2198,0.2017,84.06,87.23,18.66,24.28,1.0,0.4545,70.96,89.92,50.87,59.22
73,1,CA1-DG,123.0,0.5728,0.5536,64.0,6000,0.4002,10,0.2992,-0.0218,0,0.097,0.1019,0.216,0.2174,84.0,77.41,29.98,38.2,0.4,0.2308,83.55,77.58,36.22,37.44
73,1,CA1-DG,128.0,0.5962,0.7324,69.0,6000,0.0133,11,0.2662,-0.0201,0,0.0901,0.1073,0.2407,0.2214,76.38,73.25,24.97,31.0,0.75,0.6,73.96,89.76,27.48,28.83
73,1,CA1-DG,133.0,0.6197,0.6769,74.0,6000,-0.0258,6,0.1502,-0.0297,0,0.0835,0.1049,0.2345,0.202,40.3,50.59,21.99,21.31,0.75,0.4545,80.9,86.0,36.62,33.42
73,1,CA1-DG,138.0,0.6432,0.8944,79.0,6000,0.1913,1,0.0186,0.0018,0,0.0882,0.1205,0.1927,0.1685,73.73,72.78,19.76,28.26,0.75,0.6,83.16,73.17,35.8,40.63
73,1,CA1-DG,143.0,0.6667,0.7278,84.0,6000,0.1214,1,0.0151,-0.0131,0,0.0909,0.1277,0.1725,0.1799,36.61,33.89,20.83,20.45,0.5556,0.7778,89.33,89.55,61.29,72.05
73,1,CA1-DG,148.0,0.6901,0.5407,89.0,6000,0.1706,1,0.0148,-0.0033,0,0.1098,0.1086,0.1849,0.1685,48.3,49.48,48.84,53.45,0.5556,0.7778,81.67,87.06,75.26,67.32
73,1,CA1-DG,153.0,0.7136,0.3515,94.0,6000,0.2357,1,0.0286,-0.0222,0,0.1117,0.0953,0.2083,0.1919,64.3,67.35,22.86,27.46,0.5556,0.6,65.82,84.17,32.56,29.97
73,1,CA1-DG,158.0,0.7371,0.3623,99.0,6000,0.2418,6,0.1688,0.0056,0,0.146,0.0931,0.1925,0.2036,66.25,71.92,24.1,16.46,0.5556,0.6,82.75,83.98,45.71,44.82
73,1,CA1-DG,163.0,0.7606,0.3449,104.0,6000,0.0571,4,0.1004,-0.0298,0,0.1799,0.116,0.2214,0.1988,78.79,78.67,17.86,22.3,0.5556,0.4545,69.77,77.8,41.22,28.74
73,1,CA1-DG,168.0,0.784,0.2007,109.0,6000,-0.2621,8,0.5263,-0.0216,0,0.1292,0.1215,0.1975,0.2111,66.58,71.15,32.14,32.44,0.4,0.4545,74.67,58.46,38.05,47.07
73,1,CA1-DG,173.0,0.8075,0.0785,114.0,6000,-0.0877,12,0.282,0.0117,0,0.1157,0.1349,0.2235,0.2437,44.83,41.01,29.22,25.0,0.5556,0.6,71.89,68.44,86.17,71.39
73,1,CA1-DG,178.0,0.831,0.0068,119.0,6000,0.1988,1,0.0202,0.0233,0,0.0953,0.1243,0.2187,0.235,53.03,57.71,43.71,29.17,0.5556,0.6,76.16,77.6,49.18,56.98
73,1,CA1-DG,183.0,0.8545,0.0734,124.0,6000,-0.0278,11,0.2594,-0.0109,0,0.1171,0.1174,0.2264,0.2371,41.73,46.07,25.74,25.17,0.5556,0.6,84.17,65.0,61.7,56.35
73,1,CA1-DG,188.0,0.8779,0.0683,129.0,6000,0.2018,1,0.0208,-0.0167,0,0.1381,0.1204,0.2195,0.2101,53.46,46.21,27.18,20.1,0.5556,0.6,86.22,79.34,42.79,41.99
73,1,CA1-DG,193.0,0.9014,0.1376,134.0,6000,0.2158,2,0.0431,-0.0316,0,0.1291,0.1255,0.218,0.2053,59.83,54.02,72.99,67.54,0.75,0.6,76.49,82.85,58.71,54.27
73,1,CA1-DG,198.0,0.9249,0.2793,139.0,6000,0.3367,5,0.1424,-0.0022,0,0.1363,0.1253,0.2123,0.1982,66.44,58.87,21.97,23.77,0.5556,0.4545,84.13,75.15,87.78,73.4
73,1,CA1-DG,203.0,0.9484,0.4396,144.0,6000,0.1707,0,0.0,-0.0112,0,0.1796,0.1432,0.2227,0.2114,58.17,56.41,36.63,29.45,0.75,0.6,89.26,78.67,51.95,37.78
73,1,CA1-V1,8.0,0.0329,0.0677,-51.0,6000,0.7966,11,0.7156,-0.0484,0,0.3897,0.4327,0.3015,0.3068,nan,nan,nan,nan,,,70.2,80.78,10.09,5.04
73,1,CA1-V1,13.0,0.0563,0.0877,-46.0,6000,-0.2021,3,0.1119,-0.0128,0,0.3171,0.3791,0.2037,0.203,74.45,75.69,33.68,37.36,0.75,0.6667,72.16,75.46,42.72,64.69
73,1,CA1-V1,18.0,0.0798,0.1051,-41.0,6000,0.0239,1,0.0123,0.0307,4,0.3677,0.324,0.2023,0.1821,84.53,62.2,83.24,72.33,0.75,0.6667,74.24,85.42,74.08,87.23
73,1,CA1-V1,23.0,0.1033,0.1377,-36.0,6000,0.2466,4,0.0797,0.0028,0,0.3535,0.2614,0.1701,0.1552,75.42,77.65,79.04,76.07,0.75,0.6667,78.03,85.21,43.73,75.45
73,1,CA1-V1,28.0,0.1268,0.1529,-31.0,6000,0.0922,2,0.026,-0.0196,0,0.3431,0.2603,0.2275,0.2107,77.66,55.83,49.17,68.01,0.75,0.6667,82.87,72.11,78.31,63.0
73,1,CA1-V1,33.0,0.1502,0.1893,-26.0,6000,0.197,1,0.0198,0.0722,6,0.3545,0.1949,0.2105,0.2004,72.56,67.83,61.13,20.01,0.75,0.6667,87.53,82.57,61.43,50.48
73,1,CA1-V1,38.0,0.1737,0.1801,-21.0,6000,0.2288,1,0.0269,-0.0291,0,0.2518,0.1528,0.2037,0.2128,75.37,62.25,32.22,24.06,0.5556,0.6667,76.18,78.71,43.11,33.07
73,1,CA1-V1,43.0,0.1972,0.2297,-16.0,6000,0.342,7,0.197,-0.0164,0,0.2223,0.147,0.1882,0.2332,85.78,84.21,27.25,18.1,0.75,0.6667,84.7,89.07,65.26,23.78
73,1,CA1-V1,48.0,0.2207,0.2669,-11.0,6000,0.3574,5,0.1485,-0.0002,0,0.204,0.1306,0.1903,0.212,88.24,59.21,30.68,15.82,0.5556,0.4286,87.15,71.29,39.87,40.24
73,1,CA1-V1,53.0,0.2441,0.4163,-6.0,6000,0.3332,9,0.2151,0.0075,0,0.1724,0.1046,0.1891,0.1813,57.87,54.7,33.74,20.86,0.5556,0.25,87.99,84.1,62.2,48.26
73,1,CA1-V1,58.0,0.2676,0.6087,-1.0,6000,0.2508,7,0.1481,0.025,0,0.1745,0.1071,0.194,0.2059,42.64,61.51,39.52,34.89,0.5556,0.4286,85.53,63.81,54.85,52.73
73,1,CA1-V1,63.0,0.2911,0.718,4.0,6000,0.1698,1,0.0146,0.0137,0,0.1601,0.1639,0.1827,0.2034,50.44,38.27,24.54,21.72,0.4,0.6667,73.47,79.32,46.87,49.9
73,1,CA1-V1,68.0,0.3146,0.6957,9.0,6000,0.1586,0,0.0,0.0028,0,0.1314,0.1618,0.1645,0.1885,78.92,72.74,24.02,25.47,0.75,0.6667,75.92,87.29,44.12,70.56
73,1,CA1-V1,73.0,0.338,0.6492,14.0,6000,0.1715,1,0.0149,-0.0265,0,0.1199,0.1217,0.1755,0.171,52.68,48.13,25.85,27.02,1.0,0.4286,78.05,87.18,63.42,74.38
73,1,CA1-V1,78.0,0.3615,0.7139,19.0,6000,-0.0161,10,0.2165,-0.0302,0,0.1627,0.1258,0.2027,0.1927,51.83,52.67,44.65,34.67,0.4,0.6667,81.54,83.61,79.72,78.29
73,1,CA1-V1,83.0,0.385,0.8038,24.0,6000,-0.0509,8,0.1792,-0.0074,0,0.1036,0.1701,0.2143,0.1879,70.33,76.83,26.82,24.62,0.5556,1.0,85.26,80.11,40.65,36.83
73,1,CA1-V1,88.0,0.4085,0.8539,29.0,6000,0.1096,0,0.0,-0.0491,-4,0.1116,0.1484,0.1846,0.1799,45.59,52.27,32.86,34.4,0.4,0.6667,73.04,85.7,73.73,69.04
73,1,CA1-V1,93.0,0.4319,0.8429,34.0,6000,0.1583,1,0.0127,-0.0739,0,0.1004,0.1311,0.1846,0.2035,40.34,34.58,35.45,34.82,0.75,0.6667,87.27,63.14,47.8,46.19
73,1,CA1-V1,98.0,0.4554,0.6962,39.0,6000,0.1524,0,0.0,-0.0972,-4,0.1115,0.1075,0.1906,0.1996,62.24,53.47,53.59,55.23,0.5556,0.6667,72.84,54.88,70.15,79.73
73,1,CA1-V1,103.0,0.4789,0.7147,44.0,6000,0.0907,0,0.0,-0.072,-4,0.1156,0.1216,0.1766,0.1923,51.49,48.3,28.17,31.7,0.5556,0.25,84.46,68.25,89.8,76.62
73,1,CA1-V1,108.0,0.5023,0.6664,49.0,6000,0.0797,0,0.0,-0.0343,0,0.1528,0.1056,0.147,0.1565,59.13,52.73,41.58,30.25,0.5556,0.4286,77.0,86.31,73.22,82.14
73,1,CA1-V1,113.0,0.5258,0.6405,54.0,6000,0.1093,0,0.0,-0.0163,0,0.1629,0.0951,0.1468,0.1485,67.49,77.95,60.1,54.51,0.5556,0.25,76.11,78.52,68.81,64.84
73,1,CA1-V1,118.0,0.5493,0.66,59.0,6000,0.1313,0,0.0,-0.0147,0,0.1363,0.1125,0.1539,0.1425,79.17,61.2,35.69,31.0,0.5556,0.6667,89.33,86.49,55.43,57.38
73,1,CA1-V1,123.0,0.5728,0.5536,64.0,6000,0.2364,8,0.1879,0.0025,-7,0.1231,0.1158,0.1362,0.1317,87.71,79.69,50.04,59.15,0.5556,1.0,88.88,85.25,71.44,73.73
73,1,CA1-V1,128.0,0.5962,0.7324,69.0,6000,-0.1603,10,0.2309,0.0063,-1,0.111,0.1329,0.1412,0.1186,77.86,87.18,79.06,78.06,0.4,0.6667,70.33,89.37,55.78,84.48
73,1,CA1-V1,133.0,0.6197,0.6769,74.0,6000,-0.105,7,0.1153,0.0092,0,0.0917,0.1393,0.1587,0.1542,80.21,75.02,70.44,62.3,0.4,0.6667,83.54,81.83,79.11,86.41
73,1,CA1-V1,138.0,0.6432,0.8944,79.0,6000,0.0909,0,0.0,0.0003,0,0.093,0.1486,0.156,0.1376,88.4,86.63,53.31,47.33,0.4,0.6667,81.32,75.69,85.21,61.04
73,1,CA1-V1,143.0,0.6667,0.7278,84.0,6000,0.0513,0,0.0,0.0041,-3,0.1062,0.1548,0.1351,0.1093,63.83,78.14,32.86,30.72,0.5556,1.0,87.81,89.86,61.19,81.79
73,1,CA1-V1,148.0,0.6901,0.5407,89.0,6000,0.1015,0,0.0,-0.0057,0,0.0953,0.1367,0.1455,0.1442,83.06,83.83,54.29,58.6,0.4,0.6667,81.86,78.69,67.78,70.04
73,1,CA1-V1,153.0,0.7136,0.3515,94.0,6000,0.0695,0,0.0,-0.0248,0,0.0944,0.1435,0.1571,0.1496,80.43,63.81,41.21,37.81,0.5556,1.0,89.5,87.61,76.53,56.81
73,1,CA1-V1,158.0,0.7371,0.3623,99.0,6000,0.2226,8,0.1928,0.0251,-4,0.1756,0.1387,0.1705,0.1602,73.28,78.16,67.76,49.02,0.5556,0.4286,74.29,87.54,83.75,76.64
73,1,CA1-V1,163.0,0.7606,0.3449,104.0,6000,0.1501,8,0.146,-0.0135,-10,0.1922,0.153,0.1592,0.1544,67.79,56.74,69.07,59.52,0.75,0.6667,77.6,85.81,80.27,85.64
73,1,CA1-V1,168.0,0.784,0.2007,109.0,6000,-0.0242,5,0.4059,0.0059,-7,0.1536,0.1751,0.1438,0.1271,85.7,71.55,72.41,83.31,0.4,0.6667,85.55,73.02,61.16,31.03
73,1,CA1-V1,173.0,0.8075,0.0785,114.0,6000,0.2939,12,0.2814,0.0401,0,0.1206,0.1977,0.1638,0.1323,67.04,43.9,52.5,13.04,0.4,0.6667,88.65,83.49,47.52,25.79
73,1,CA1-V1,178.0,0.831,0.0068,119.0,6000,0.0263,0,0.0,0.0168,0,0.1074,0.2065,0.1518,0.144,85.11,86.07,75.72,89.96,0.2727,0.6667,87.82,78.71,77.73,86.16
73,1,CA1-V1,183.0,0.8545,0.0734,124.0,6000,-0.1209,11,0.2741,-0.0282,0,0.1369,0.2071,0.138,0.1227,71.48,82.73,33.14,49.22,0.5556,1.0,85.43,73.19,89.19,45.62
73,1,CA1-V1,188.0,0.8779,0.0683,129.0,6000,0.0901,0,0.0,-0.0104,0,0.1512,0.2122,0.1484,0.1263,78.51,68.48,87.52,48.2,0.75,0.6667,87.29,88.59,52.48,38.19
73,1,CA1-V1,193.0,0.9014,0.1376,134.0,6000,0.0993,0,0.0,-0.0374,0,0.1495,0.1564,0.1321,0.1385,60.23,58.81,57.2,41.11,0.5556,0.4286,81.74,84.54,74.54,74.67
73,1,CA1-V1,198.0,0.9249,0.2793,139.0,6000,-0.0948,7,0.1181,0.0188,0,0.145,0.1513,0.1621,0.157,71.41,82.43,31.96,46.21,0.75,0.6667,85.83,84.33,66.73,52.42
73,1,CA1-V1,203.0,0.9484,0.4396,144.0,6000,0.0756,0,0.0,0.0057,10,0.2106,0.1566,0.1603,0.1288,59.72,68.02,44.43,36.97,0.5556,1.0,77.01,85.11,67.24,69.3
73,1,CA1-SUB,8.0,0.0329,0.0677,-51.0,6000,-0.0168,7,0.2129,0.0235,0,0.3803,0.1377,0.1723,0.1512,nan,nan,nan,nan,,,72.26,61.84,60.77,55.59
73,1,CA1-SUB,13.0,0.0563,0.0877,-46.0,6000,-0.1726,6,0.2073,0.0181,0,0.3346,0.1097,0.1835,0.1496,82.54,84.05,85.39,26.77,0.75,0.75,79.17,76.51,56.92,43.99
73,1,CA1-SUB,18.0,0.0798,0.1051,-41.0,6000,0.1008,1,0.0147,0.0128,0,0.3513,0.0949,0.146,0.1474,73.78,82.23,34.95,32.63,0.75,0.5556,74.93,87.35,75.33,79.71
73,1,CA1-SUB,23.0,0.1033,0.1377,-36.0,6000,0.2458,7,0.2178,-0.0053,0,0.3512,0.1024,0.1862,0.1772,53.96,62.93,41.98,43.89,0.75,0.75,85.49,84.0,86.89,58.97
73,1,CA1-SUB,28.0,0.1268,0.1529,-31.0,6000,0.1311,0,0.0,0.0014,0,0.3697,0.0895,0.2111,0.1629,78.62,47.04,46.11,33.61,0.75,0.75,88.87,84.67,51.24,51.49
73,1,CA1-SUB,33.0,0.1502,0.1893,-26.0,6000,0.2521,7,0.1534,0.0074,0,0.3673,0.0703,0.2017,0.1682,78.07,81.6,68.16,47.2,0.5556,0.75,73.96,85.65,46.94,58.37
73,1,CA1-SUB,38.0,0.1737,0.1801,-21.0,6000,0.1719,1,0.015,-0.0134,0,0.2997,0.0583,0.2022,0.1603,86.67,58.19,62.27,55.46,0.75,0.75,89.93,87.91,62.0,51.41
73,1,CA1-SUB,43.0,0.1972,0.2297,-16.0,6000,0.2959,10,0.2551,0.0148,0,0.2219,0.0637,0.21,0.1506,85.1,44.01,48.23,38.55,0.75,0.75,88.96,84.82,86.71,78.56
73,1,CA1-SUB,48.0,0.2207,0.2669,-11.0,6000,0.3789,12,0.3615,0.0041,0,0.2183,0.0714,0.1953,0.1486,77.98,65.91,64.14,59.69,0.75,0.5556,81.21,68.65,57.53,63.78
73,1,CA1-SUB,53.0,0.2441,0.4163,-6.0,6000,0.0123,12,0.3314,-0.0039,0,0.2055,0.0606,0.1887,0.1708,74.19,61.73,44.87,36.54,0.5556,0.4,73.66,63.55,58.63,50.87
73,1,CA1-SUB,58.0,0.2676,0.6087,-1.0,6000,-0.0636,8,0.2242,-0.0263,0,0.1601,0.0889,0.1992,0.1694,54.66,47.8,53.73,46.42,0.5556,0.2727,76.0,83.76,81.94,79.61
73,1,CA1-SUB,63.0,0.2911,0.718,4.0,6000,0.1905,8,0.1443,-0.0176,0,0.1336,0.0867,0.1937,0.175,42.46,43.35,50.38,56.71,0.5556,0.75,66.27,65.86,74.29,64.25
73,1,CA1-SUB,68.0,0.3146,0.6957,9.0,6000,0.1317,6,0.1151,0.0181,0,0.1356,0.0613,0.1947,0.1667,54.22,51.54,38.12,37.47,0.75,0.5556,81.53,81.06,48.26,32.46
73,1,CA1-SUB,73.0,0.338,0.6492,14.0,6000,0.1922,1,0.0188,0.0113,0,0.1135,0.0543,0.1854,0.1715,25.82,36.66,22.7,26.05,0.5556,0.4,65.94,75.36,72.84,67.53
73,1,CA1-SUB,78.0,0.3615,0.7139,19.0,6000,0.1172,11,0.3137,0.0371,0,0.1271,0.0468,0.1786,0.1511,60.59,62.75,33.11,36.86,0.5556,0.5556,79.78,59.15,67.17,71.43
73,1,CA1-SUB,83.0,0.385,0.8038,24.0,6000,0.3195,12,0.3036,0.0485,0,0.11,0.0474,0.201,0.1644,38.95,39.47,38.6,40.87,0.5556,0.4,69.52,69.42,80.69,78.02
73,1,CA1-SUB,88.0,0.4085,0.8539,29.0,6000,0.315,6,0.2055,0.0402,0,0.1165,0.0545,0.1781,0.1444,87.91,78.25,86.94,85.14,0.5556,0.4,77.0,76.72,43.12,62.32
73,1,CA1-SUB,93.0,0.4319,0.8429,34.0,6000,0.2046,1,0.0214,0.0246,0,0.1043,0.0526,0.1701,0.1464,89.36,81.51,28.08,28.51,1.0,0.5556,74.5,89.14,38.69,40.61
73,1,CA1-SUB,98.0,0.4554,0.6962,39.0,6000,0.1797,1,0.0164,0.0215,0,0.1005,0.0532,0.1837,0.1488,43.86,49.74,22.85,21.22,0.75,0.75,87.62,87.62,44.99,51.56
73,1,CA1-SUB,103.0,0.4789,0.7147,44.0,6000,0.1726,1,0.0151,0.0386,0,0.1009,0.0422,0.192,0.1616,34.33,46.0,48.34,49.45,0.5556,0.5556,80.0,79.82,64.65,55.85
73,1,CA1-SUB,108.0,0.5023,0.6664,49.0,6000,0.1457,1,0.0131,0.033,0,0.1787,0.0561,0.1805,0.1524,84.3,83.53,22.92,21.3,0.75,0.75,88.53,80.71,73.35,76.71
73,1,CA1-SUB,113.0,0.5258,0.6405,54.0,6000,0.1853,1,0.0175,0.0199,0,0.1439,0.0416,0.1812,0.1425,82.71,76.44,61.2,63.7,0.5556,0.75,86.82,83.05,65.93,56.67
73,1,CA1-SUB,118.0,0.5493,0.66,59.0,6000,0.1561,1,0.0182,0.0213,0,0.1355,0.0495,0.1828,0.1649,58.73,59.51,59.65,65.47,1.0,0.75,69.19,82.17,66.44,67.83
73,1,CA1-SUB,123.0,0.5728,0.5536,64.0,6000,0.3447,11,0.3134,0.0305,0,0.0975,0.052,0.2028,0.1601,42.6,44.67,50.1,42.17,0.4,0.5556,64.7,63.86,57.2,49.01
73,1,CA1-SUB,128.0,0.5962,0.7324,69.0,6000,-0.0471,10,0.2938,0.021,0,0.0907,0.057,0.1655,0.1597,52.51,58.25,36.75,46.94,0.75,0.75,62.78,67.25,50.68,44.29
73,1,CA1-SUB,133.0,0.6197,0.6769,74.0,6000,0.3188,8,0.2155,0.0072,0,0.0836,0.062,0.1507,0.1578,48.57,44.37,33.85,26.62,0.75,0.75,63.99,82.07,65.95,60.62
73,1,CA1-SUB,138.0,0.6432,0.8944,79.0,6000,0.1704,1,0.0147,-0.0039,0,0.0884,0.0576,0.1361,0.1373,69.66,70.52,30.76,31.5,0.75,0.75,68.79,81.67,60.85,71.49
73,1,CA1-SUB,143.0,0.6667,0.7278,84.0,6000,0.1652,2,0.0296,0.0034,0,0.0909,0.0516,0.1516,0.134,31.07,27.92,36.38,35.27,0.75,0.4,73.45,78.49,46.51,56.65
73,1,CA1-SUB,148.0,0.6901,0.5407,89.0,6000,0.1387,0,0.0,0.013,0,0.1098,0.0473,0.156,0.1493,42.62,37.92,35.68,31.23,0.75,0.4,81.12,63.8,63.83,48.92
73,1,CA1-SUB,153.0,0.7136,0.3515,94.0,6000,0.1529,0,0.0,-0.012,0,0.1118,0.0548,0.1496,0.1551,47.81,51.84,27.58,26.32,0.5556,0.4,70.25,74.9,39.79,50.86
73,1,CA1-SUB,158.0,0.7371,0.3623,99.0,6000,0.283,15,0.3132,0.0206,0,0.1462,0.0648,0.171,0.1365,30.91,36.49,30.83,29.27,0.5556,0.75,63.62,87.56,76.57,76.3
73,1,CA1-SUB,163.0,0.7606,0.3449,104.0,6000,0.0378,14,0.2692,0.0461,0,0.1803,0.0752,0.1846,0.146,62.74,67.68,54.23,58.02,0.5556,0.75,85.31,79.34,73.3,80.87
73,1,CA1-SUB,168.0,0.784,0.2007,109.0,6000,0.0215,9,0.5993,0.0142,0,0.1292,0.0607,0.1475,0.1445,84.6,86.31,59.93,37.44,0.4,0.5556,71.68,88.37,48.37,59.74
73,1,CA1-SUB,173.0,0.8075,0.0785,114.0,6000,-0.1292,12,0.2753,-0.0095,0,0.115,0.0819,0.153,0.155,77.63,86.75,31.05,24.26,0.5556,0.75,74.44,89.83,66.75,78.74
73,1,CA1-SUB,178.0,0.831,0.0068,119.0,6000,0.1542,0,0.0,0.0339,0,0.0947,0.0895,0.1838,0.1604,80.98,81.63,38.16,39.22,0.5556,1.0,87.64,82.07,53.37,55.21
73,1,CA1-SUB,183.0,0.8545,0.0734,124.0,6000,-0.1042,10,0.2292,0.0291,0,0.117,0.0737,0.168,0.1419,70.89,77.45,33.7,39.35,0.5556,0.75,87.6,89.95,68.18,71.73
73,1,CA1-SUB,188.0,0.8779,0.0683,129.0,6000,0.1519,0,0.0,0.0245,0,0.1381,0.0762,0.1853,0.1409,47.0,33.76,21.24,21.97,0.5556,0.75,76.53,85.87,38.43,62.24
73,1,CA1-SUB,193.0,0.9014,0.1376,134.0,6000,0.1721,1,0.015,0.0369,0,0.1291,0.076,0.177,0.1239,74.73,85.09,23.39,19.82,0.75,1.0,70.84,78.85,53.89,55.01
73,1,CA1-SUB,198.0,0.9249,0.2793,139.0,6000,0.2533,13,0.2793,0.0349,0,0.1363,0.0651,0.1562,0.1145,71.2,80.92,26.84,24.15,0.5556,0.75,89.15,73.65,52.37,66.43
73,1,CA1-SUB,203.0,0.9484,0.4396,144.0,6000,0.1616,1,0.0132,0.0087,0,0.1795,0.0597,0.1393,0.1195,51.21,61.0,23.03,33.55,0.75,0.5556,80.56,83.72,68.81,61.69
73,1,RSC-SUB,8.0,0.0329,0.0677,-51.0,6000,0.3133,2,0.0836,-0.0179,0,0.3627,0.1401,0.2144,0.2047,nan,nan,nan,nan,,,70.18,79.89,45.12,24.86
73,1,RSC-SUB,13.0,0.0563,0.0877,-46.0,6000,0.3348,2,0.0951,-0.01,0,0.3969,0.1052,0.2346,0.1942,66.51,73.11,35.25,29.35,0.3333,0.75,85.39,89.36,49.46,48.0
73,1,RSC-SUB,18.0,0.0798,0.1051,-41.0,6000,0.2506,2,0.0746,-0.0219,0,0.3869,0.0956,0.2129,0.1793,44.69,65.74,33.28,27.24,0.6,0.5556,80.72,83.77,85.91,89.77
73,1,RSC-SUB,23.0,0.1033,0.1377,-36.0,6000,0.4487,2,0.1938,-0.0361,0,0.3584,0.0978,0.2172,0.1865,35.48,33.06,37.96,33.4,0.5238,1.0,76.54,79.33,38.48,37.5
73,1,RSC-SUB,28.0,0.1268,0.1529,-31.0,6000,0.3075,2,0.0855,-0.0284,0,0.3352,0.0854,0.2277,0.1856,46.46,48.38,23.21,22.11,0.3913,1.0,81.48,85.04,30.26,28.96
73,1,RSC-SUB,33.0,0.1502,0.1893,-26.0,6000,0.1252,3,0.1124,-0.0115,0,0.3163,0.0693,0.2028,0.164,45.63,41.42,20.36,17.79,0.3333,0.75,59.19,66.12,50.82,51.3
73,1,RSC-SUB,38.0,0.1737,0.1801,-21.0,6000,0.2787,2,0.0573,0.0186,0,0.3166,0.0529,0.1849,0.1496,48.1,51.17,26.46,18.86,0.4545,0.75,66.52,45.75,39.95,31.24
73,1,RSC-SUB,43.0,0.1972,0.2297,-16.0,6000,0.3031,2,0.0717,-0.0392,0,0.2908,0.0628,0.202,0.1623,44.4,32.72,50.33,45.02,0.3913,0.75,64.93,56.92,45.42,48.24
73,1,RSC-SUB,48.0,0.2207,0.2669,-11.0,6000,0.2659,2,0.0574,-0.0275,0,0.276,0.0753,0.1942,0.1553,45.75,36.86,35.7,27.41,0.4545,1.0,73.45,60.8,61.45,48.62
73,1,RSC-SUB,53.0,0.2441,0.4163,-6.0,6000,0.2128,2,0.0578,0.0051,0,0.2828,0.0553,0.2003,0.1303,56.4,39.66,61.6,58.53,0.5238,0.2727,64.21,73.59,75.18,80.42
73,1,RSC-SUB,58.0,0.2676,0.6087,-1.0,6000,0.2407,2,0.0593,0.0209,0,0.2925,0.0808,0.1815,0.1358,51.42,46.0,45.51,37.16,0.3913,0.5556,77.21,79.46,76.47,68.97
73,1,RSC-SUB,63.0,0.2911,0.718,4.0,6000,0.3714,9,0.2756,0.0167,0,0.3002,0.082,0.1764,0.1276,63.83,69.66,43.26,40.59,0.3333,0.75,82.14,87.96,57.86,59.88
73,1,RSC-SUB,68.0,0.3146,0.6957,9.0,6000,0.2508,9,0.2004,0.0372,0,0.3081,0.0536,0.1866,0.1446,44.76,43.55,25.56,17.66,0.5238,0.5556,85.33,74.02,45.73,28.42
73,1,RSC-SUB,73.0,0.338,0.6492,14.0,6000,0.291,2,0.0653,0.043,0,0.3123,0.0475,0.2028,0.1725,88.62,89.34,29.28,26.78,0.4545,0.4,70.0,81.27,38.78,41.11
73,1,RSC-SUB,78.0,0.3615,0.7139,19.0,6000,0.2504,2,0.0508,0.0302,0,0.3055,0.0414,0.1579,0.1472,37.39,32.04,25.77,22.42,0.4545,0.4,85.87,87.83,42.36,46.09
73,1,RSC-SUB,83.0,0.385,0.8038,24.0,6000,0.1424,6,0.1203,0.0227,0,0.3143,0.0426,0.1609,0.1471,38.31,32.69,20.46,15.29,0.6,0.4,63.75,67.96,44.25,41.07
73,1,RSC-SUB,88.0,0.4085,0.8539,29.0,6000,0.3167,9,0.2012,0.0206,0,0.3275,0.0522,0.1839,0.1525,39.68,36.17,34.8,38.19,0.5238,0.5556,65.27,52.58,55.17,56.13
73,1,RSC-SUB,93.0,0.4319,0.8429,34.0,6000,0.2603,3,0.0623,0.0211,0,0.3228,0.0411,0.1754,0.1538,35.09,28.79,19.66,17.36,0.5238,0.75,55.93,54.17,42.96,31.38
73,1,RSC-SUB,98.0,0.4554,0.6962,39.0,6000,0.2512,1,0.0326,0.02,0,0.283,0.0433,0.1706,0.1638,37.42,42.31,32.18,29.92,0.3913,0.75,57.76,61.84,55.81,45.28
73,1,RSC-SUB,103.0,0.4789,0.7147,44.0,6000,0.2621,2,0.0514,-0.003,0,0.2882,0.0394,0.1759,0.1732,64.57,71.38,42.71,34.14,0.3913,0.4,73.87,72.07,52.33,48.69
73,1,RSC-SUB,108.0,0.5023,0.6664,49.0,6000,0.2364,2,0.0523,-0.0307,0,0.2789,0.0492,0.1609,0.1707,56.5,43.89,24.57,16.32,0.3913,0.75,86.58,75.82,68.0,61.82
73,1,RSC-SUB,113.0,0.5258,0.6405,54.0,6000,0.1333,1,0.0166,-0.0134,0,0.2936,0.0399,0.1655,0.1379,68.46,57.02,46.45,34.93,0.2308,0.4,75.27,70.35,83.54,89.32
73,1,RSC-SUB,118.0,0.5493,0.66,59.0,6000,0.1826,1,0.017,-0.0836,0,0.2819,0.0418,0.1607,0.1526,74.57,73.66,47.11,42.21,0.3913,0.75,82.13,82.72,77.94,83.4
73,1,RSC-SUB,123.0,0.5728,0.5536,64.0,6000,0.1913,1,0.0186,-0.0673,0,0.2678,0.0484,0.1239,0.148,58.35,49.92,29.26,19.34,0.4545,0.5556,78.31,86.46,49.23,47.84
73,1,RSC-SUB,128.0,0.5962,0.7324,69.0,6000,0.2081,1,0.0221,-0.0349,0,0.3385,0.0475,0.1695,0.1552,88.67,80.6,41.85,30.33,0.28,0.75,69.97,84.84,57.7,36.36
73,1,RSC-SUB,133.0,0.6197,0.6769,74.0,6000,0.2128,1,0.0232,-0.0333,0,0.3587,0.0559,0.186,0.1641,76.93,71.19,30.72,20.89,0.3333,0.5556,87.82,75.79,55.0,47.35
73,1,RSC-SUB,138.0,0.6432,0.8944,79.0,6000,0.1745,1,0.0155,-0.0197,0,0.3983,0.0532,0.1825,0.1644,58.81,50.63,41.64,31.28,0.4545,1.0,82.24,86.88,59.39,58.69
73,1,RSC-SUB,143.0,0.6667,0.7278,84.0,6000,0.1828,2,0.029,-0.0338,0,0.4032,0.0508,0.1822,0.1561,46.09,35.21,25.52,17.68,0.4545,0.75,74.67,67.3,61.68,54.66
73,1,RSC-SUB,148.0,0.6901,0.5407,89.0,6000,0.1596,1,0.0129,-0.0181,0,0.3639,0.0396,0.2067,0.1808,48.01,36.16,33.37,24.29,0.3333,0.4,77.06,80.91,76.59,70.36
73,1,RSC-SUB,153.0,0.7136,0.3515,94.0,6000,0.1214,0,0.0,-0.0259,0,0.3501,0.0522,0.2109,0.1975,66.8,57.53,49.94,36.33,0.28,0.5556,74.36,85.9,80.16,81.01
73,1,RSC-SUB,158.0,0.7371,0.3623,99.0,6000,0.167,2,0.0318,-0.0337,0,0.3406,0.0635,0.1939,0.1853,43.98,42.41,34.52,21.73,0.6,0.75,67.82,60.28,51.53,62.39
73,1,RSC-SUB,163.0,0.7606,0.3449,104.0,6000,0.1415,0,0.0,-0.0432,0,0.3415,0.0674,0.1819,0.1765,39.47,36.16,36.32,28.86,0.6,0.5556,73.32,76.83,55.32,46.85
73,1,RSC-SUB,168.0,0.784,0.2007,109.0,6000,0.1609,1,0.0131,-0.05,0,0.3113,0.06,0.1352,0.1538,49.28,37.23,54.52,38.16,0.5238,0.75,88.0,87.24,66.96,57.35
73,1,RSC-SUB,173.0,0.8075,0.0785,114.0,6000,0.189,1,0.0182,-0.071,0,0.3249,0.0793,0.1516,0.146,66.4,62.83,38.56,22.75,0.6,0.75,74.55,80.76,58.25,55.03
73,1,RSC-SUB,178.0,0.831,0.0068,119.0,6000,0.1656,2,0.0317,-0.0782,0,0.3379,0.0835,0.1754,0.1831,44.22,34.41,31.4,27.59,0.6,0.75,65.04,60.25,77.64,81.87
73,1,RSC-SUB,183.0,0.8545,0.0734,124.0,6000,0.1683,2,0.0305,-0.1076,0,0.3095,0.0779,0.1437,0.1586,37.78,30.11,39.1,36.25,0.3913,0.75,87.51,67.07,82.84,74.61
73,1,RSC-SUB,188.0,0.8779,0.0683,129.0,6000,0.2011,2,0.0416,-0.1105,0,0.3189,0.0806,0.1364,0.157,30.2,34.68,27.85,25.42,0.4545,0.75,63.81,64.7,48.88,40.61
73,1,RSC-SUB,193.0,0.9014,0.1376,134.0,6000,0.2012,2,0.035,-0.0932,0,0.308,0.0692,0.1374,0.1753,48.47,47.01,30.11,23.75,0.3333,1.0,67.3,67.98,61.67,53.09
73,1,RSC-SUB,198.0,0.9249,0.2793,139.0,6000,0.1533,0,0.0,-0.1008,0,0.3587,0.0565,0.1755,0.2083,51.37,42.19,31.06,17.04,0.3913,0.75,79.25,84.82,79.32,80.52
73,1,RSC-SUB,203.0,0.9484,0.4396,144.0,6000,0.1327,1,0.0134,-0.0965,-3,0.3652,0.0556,0.2295,0.2381,75.57,55.47,89.38,85.75,0.5238,0.75,82.94,85.27,71.0,73.91
73,1,V1-RSC,8.0,0.0329,0.0677,-51.0,6000,0.263,3,0.0711,0.0616,1,0.4425,0.3596,0.1507,0.2062,nan,nan,nan,nan,,,69.94,56.41,84.51,47.97
73,1,V1-RSC,13.0,0.0563,0.0877,-46.0,6000,0.2602,3,0.1123,0.0441,1,0.3561,0.3929,0.2375,0.2568,52.32,71.26,31.01,36.74,0.6667,0.2308,50.9,54.1,85.83,76.09
73,1,V1-RSC,18.0,0.0798,0.1051,-41.0,6000,0.2549,2,0.083,0.0395,1,0.314,0.3799,0.2542,0.2837,53.74,31.99,51.57,36.94,0.6667,0.4545,69.33,83.54,76.63,75.03
73,1,V1-RSC,23.0,0.1033,0.1377,-36.0,6000,0.2331,2,0.06,0.0251,0,0.2625,0.3536,0.2066,0.2563,48.98,56.86,72.55,72.93,0.6667,0.3913,80.17,71.55,85.89,48.04
73,1,V1-RSC,28.0,0.1268,0.1529,-31.0,6000,0.3327,2,0.099,0.0332,0,0.8427,0.3364,0.3668,0.3604,87.9,47.2,83.76,29.08,0.6667,0.28,67.3,55.76,8.22,42.32
73,1,V1-RSC,33.0,0.1502,0.1893,-26.0,6000,0.3259,2,0.078,0.0352,0,0.1968,0.305,0.2239,0.2629,82.78,52.57,81.49,30.38,0.6667,0.28,73.91,52.88,42.53,41.67
73,1,V1-RSC,38.0,0.1737,0.1801,-21.0,6000,0.3467,3,0.1382,0.0091,0,0.1543,0.3144,0.2157,0.2529,60.83,63.26,15.32,27.75,0.6667,0.3333,63.17,74.62,45.69,44.12
73,1,V1-RSC,43.0,0.1972,0.2297,-16.0,6000,0.3351,3,0.1572,0.0314,0,0.1461,0.2827,0.1981,0.2524,56.49,63.26,17.82,26.29,0.6667,0.3333,34.63,52.13,80.13,87.23
73,1,V1-RSC,48.0,0.2207,0.2669,-11.0,6000,0.4162,3,0.1926,0.0314,0,0.1292,0.2661,0.2218,0.2464,31.26,37.78,10.67,24.15,0.4286,0.3913,55.78,61.49,29.76,36.93
73,1,V1-RSC,53.0,0.2441,0.4163,-6.0,6000,0.3943,3,0.1909,0.0244,0,0.1056,0.2879,0.2016,0.2542,21.72,39.93,16.23,23.95,0.25,0.4545,37.92,50.89,54.83,47.73
73,1,V1-RSC,58.0,0.2676,0.6087,-1.0,6000,0.383,3,0.1523,0.0079,1,0.1083,0.2965,0.1944,0.2458,31.82,37.04,20.19,29.66,0.4286,0.6,52.86,52.49,61.99,53.87
73,1,V1-RSC,63.0,0.2911,0.718,4.0,6000,0.3734,1,0.0751,0.0024,0,0.1668,0.3034,0.2172,0.2581,42.92,45.1,20.15,24.06,0.4286,0.4545,82.18,72.49,61.96,34.38
73,1,V1-RSC,68.0,0.3146,0.6957,9.0,6000,0.3717,2,0.1073,0.0314,0,0.1634,0.3178,0.1894,0.2501,26.95,28.04,18.88,25.09,1.0,0.6,62.75,50.25,32.9,34.53
73,1,V1-RSC,73.0,0.338,0.6492,14.0,6000,0.4324,3,0.1884,0.053,0,0.1223,0.2964,0.1817,0.2526,33.34,37.89,19.47,24.93,0.4286,0.3913,60.87,67.18,34.08,37.06
73,1,V1-RSC,78.0,0.3615,0.7139,19.0,6000,0.4009,3,0.173,0.04,0,0.1264,0.3001,0.1865,0.2432,29.4,33.01,9.93,16.49,0.6667,0.3333,42.73,54.22,27.95,28.94
73,1,V1-RSC,83.0,0.385,0.8038,24.0,6000,0.341,2,0.0954,0.0253,0,0.1711,0.2994,0.1932,0.2382,23.21,28.42,17.26,21.44,1.0,0.3913,50.08,56.68,38.78,29.36
73,1,V1-RSC,88.0,0.4085,0.8539,29.0,6000,0.3492,3,0.1243,0.0272,0,0.1498,0.3248,0.2007,0.2669,32.45,32.47,24.74,17.26,0.6667,0.3333,73.44,49.19,26.83,28.6
73,1,V1-RSC,93.0,0.4319,0.8429,34.0,6000,0.4184,3,0.179,0.0305,0,0.1319,0.3167,0.2008,0.2541,18.31,32.19,10.92,15.65,1.0,0.3913,58.44,45.84,21.38,27.73
73,1,V1-RSC,98.0,0.4554,0.6962,39.0,6000,0.4036,3,0.1773,0.038,0,0.1071,0.2717,0.176,0.2438,14.99,25.27,13.94,16.7,0.4286,0.3333,47.19,58.09,31.88,29.16
73,1,V1-RSC,103.0,0.4789,0.7147,44.0,6000,0.3802,3,0.1674,0.0434,0,0.122,0.2675,0.1943,0.2469,37.74,48.9,87.19,85.0,0.25,0.1852,46.88,61.22,50.74,77.78
73,1,V1-RSC,108.0,0.5023,0.6664,49.0,6000,0.3876,2,0.1421,0.0486,0,0.1059,0.2773,0.2124,0.2296,30.99,32.04,22.23,28.92,0.4286,0.5238,66.2,57.91,52.11,65.93
73,1,V1-RSC,113.0,0.5258,0.6405,54.0,6000,0.359,3,0.1522,0.0423,1,0.0941,0.2829,0.2191,0.247,22.29,38.39,34.2,45.49,0.25,0.2308,38.83,44.04,20.08,37.24
73,1,V1-RSC,118.0,0.5493,0.66,59.0,6000,0.3681,4,0.1713,0.0464,0,0.1117,0.2721,0.1917,0.2351,20.51,32.95,49.25,59.17,0.4286,0.1852,58.83,51.14,45.43,50.77
73,1,V1-RSC,123.0,0.5728,0.5536,64.0,6000,0.3851,3,0.1576,0.0422,0,0.1152,0.2647,0.2078,0.2375,21.98,29.51,18.61,24.82,0.6667,0.3333,35.05,53.81,34.48,40.81
73,1,V1-RSC,128.0,0.5962,0.7324,69.0,6000,0.3587,3,0.1427,0.0508,1,0.1324,0.3322,0.1907,0.2464,26.59,35.29,73.15,71.9,0.4286,0.1429,48.45,41.91,33.02,43.63
73,1,V1-RSC,133.0,0.6197,0.6769,74.0,6000,0.3596,2,0.1302,0.0369,1,0.1377,0.3551,0.1899,0.25,22.54,31.38,19.61,30.93,0.4286,0.3333,48.85,55.96,68.18,54.54
73,1,V1-RSC,138.0,0.6432,0.8944,79.0,6000,0.4124,3,0.1758,0.0274,1,0.148,0.3943,0.2193,0.2801,60.19,63.31,19.7,19.79,0.6667,0.6,43.49,51.22,42.61,39.51
73,1,V1-RSC,143.0,0.6667,0.7278,84.0,6000,0.4168,2,0.1529,0.0455,1,0.1545,0.4035,0.2201,0.2807,37.66,41.85,15.22,13.56,1.0,0.4545,89.25,84.34,25.19,30.13
73,1,V1-RSC,148.0,0.6901,0.5407,89.0,6000,0.4052,3,0.1705,0.0395,0,0.1355,0.3605,0.2159,0.2685,70.35,74.38,10.03,17.6,1.0,0.4545,44.69,54.01,31.68,32.98
73,1,V1-RSC,153.0,0.7136,0.3515,94.0,6000,0.3491,3,0.1355,0.0512,0,0.1419,0.3416,0.2048,0.263,38.68,49.58,45.81,46.18,0.6667,0.2308,34.56,47.38,51.42,41.05
73,1,V1-RSC,158.0,0.7371,0.3623,99.0,6000,0.2928,3,0.1251,0.0249,0,0.1348,0.3367,0.2123,0.246,14.32,30.13,40.93,35.65,0.4286,0.3913,54.98,53.2,71.13,68.12
73,1,V1-RSC,163.0,0.7606,0.3449,104.0,6000,0.2891,3,0.1065,0.0353,1,0.1441,0.3305,0.2235,0.2443,20.42,31.79,41.67,44.42,0.6667,0.5238,49.42,58.31,49.11,47.34
73,1,V1-RSC,168.0,0.784,0.2007,109.0,6000,0.2991,3,0.0987,0.0552,1,0.1723,0.2978,0.1768,0.226,35.21,36.36,55.06,75.66,0.6667,0.3333,38.63,63.37,49.11,60.96
73,1,V1-RSC,173.0,0.8075,0.0785,114.0,6000,0.3089,3,0.1395,0.0332,0,0.1961,0.3043,0.188,0.241,25.41,35.41,21.53,32.07,0.6667,0.3333,44.06,55.88,56.38,55.36
73,1,V1-RSC,178.0,0.831,0.0068,119.0,6000,0.3362,3,0.1266,0.0289,1,0.1909,0.327,0.2111,0.2591,27.12,35.99,34.98,38.47,0.6667,0.3333,51.29,59.46,34.52,52.86
73,1,V1-RSC,183.0,0.8545,0.0734,124.0,6000,0.3329,3,0.1252,0.0618,1,0.2058,0.2993,0.1712,0.235,26.87,31.28,31.07,36.25,0.6667,0.5238,58.75,65.13,42.65,51.65
73,1,V1-RSC,188.0,0.8779,0.0683,129.0,6000,0.3318,3,0.1214,0.0905,1,0.2112,0.3138,0.1743,0.2286,16.88,28.76,13.51,21.61,0.6667,0.4545,53.7,51.11,24.05,30.52
73,1,V1-RSC,193.0,0.9014,0.1376,134.0,6000,0.3184,3,0.1126,0.0413,1,0.1548,0.3123,0.1733,0.2243,29.56,31.33,21.85,27.44,0.4286,0.5238,37.81,53.16,37.41,36.98
73,1,V1-RSC,198.0,0.9249,0.2793,139.0,6000,0.3701,3,0.1274,-0.0012,0,0.1452,0.3462,0.2167,0.2516,23.36,37.65,24.78,33.01,0.4286,0.3333,36.87,51.8,32.83,46.88
73,1,V1-RSC,203.0,0.9484,0.4396,144.0,6000,0.367,3,0.1292,0.0346,1,0.1507,0.3575,0.2338,0.2687,28.41,39.99,18.98,29.88,0.6667,0.3913,43.4,53.31,28.47,38.58
75,1,CA1-RSC,8.0,0.068,0.1592,-23.0,6000,0.0624,7,0.3631,-0.0149,0,0.2627,0.4873,0.1598,0.2057,nan,nan,nan,nan,,,83.67,73.47,41.51,53.18
75,1,CA1-RSC,13.0,0.1165,0.1579,-18.0,6000,0.0595,6,0.3494,0.0142,0,0.283,0.4513,0.1835,0.2048,75.73,73.35,30.73,39.97,0.75,0.6066,89.68,88.97,65.37,76.43
75,1,CA1-RSC,18.0,0.165,0.2708,-13.0,6000,0.446,8,0.495,-0.0026,0,0.2818,0.4427,0.181,0.2152,54.69,64.78,49.63,49.1,0.75,0.5077,73.97,81.93,41.3,51.0
75,1,CA1-RSC,23.0,0.2136,0.3267,-8.0,6000,0.109,7,0.685,0.038,0,0.229,0.4305,0.1791,0.2108,47.03,56.29,50.26,46.95,0.75,0.4848,59.93,61.02,86.3,71.49
75,1,CA1-RSC,28.0,0.2621,0.503,-3.0,6000,0.3768,7,0.4628,0.0445,0,0.249,0.399,0.1983,0.2183,28.35,51.19,51.13,55.17,1.0,0.5312,86.66,79.06,88.7,87.11
75,1,CA1-RSC,33.0,0.3107,0.588,2.0,6000,0.6857,9,0.7814,0.0137,0,0.1776,0.3666,0.1727,0.2347,33.64,42.96,53.35,62.39,0.75,0.6333,78.85,86.65,74.36,56.82
75,1,CA1-RSC,38.0,0.3592,0.6407,7.0,6000,0.4363,4,0.2019,0.0034,0,0.165,0.3692,0.1662,0.2213,86.7,89.95,26.03,38.13,1.0,0.3425,66.3,62.35,46.11,59.66
75,1,CA1-RSC,43.0,0.4078,0.544,12.0,6000,0.4238,8,0.3452,0.013,0,0.1953,0.3943,0.1649,0.2144,31.58,41.85,32.45,40.77,0.75,0.5077,58.15,59.78,36.29,53.34
75,1,CA1-RSC,48.0,0.4563,0.5135,17.0,6000,0.4273,9,0.3307,0.0483,0,0.1198,0.3809,0.1521,0.2116,39.85,49.15,59.46,69.66,0.4,0.4848,66.69,62.92,56.52,65.67
75,1,CA1-RSC,53.0,0.5049,0.5378,22.0,6000,0.3291,8,0.2409,0.004,0,0.0884,0.3727,0.1529,0.1945,29.57,48.79,45.36,62.56,0.75,0.4,56.73,76.8,76.87,87.55
75,1,CA1-RSC,58.0,0.5534,0.6868,27.0,6000,0.1988,8,0.2952,0.02,0,0.1256,0.3929,0.1666,0.2093,42.61,44.38,32.75,47.01,0.4,0.4848,78.61,79.31,88.93,80.85
75,1,CA1-RSC,63.0,0.6019,0.7177,32.0,6000,0.2165,2,0.1165,-0.0345,-10,0.1662,0.4209,0.1609,0.2269,62.29,60.39,19.03,36.79,0.5556,0.4203,82.55,88.66,46.54,54.38
75,1,CA1-RSC,68.0,0.6505,0.6889,37.0,6000,0.533,8,0.6554,-0.04,-10,0.118,0.4209,0.1712,0.225,37.87,39.08,28.55,36.84,0.5556,0.5556,58.79,69.37,85.93,89.62
75,1,CA1-RSC,73.0,0.699,0.6881,42.0,6000,0.2266,5,0.164,0.0024,0,0.1122,0.4159,0.1637,0.2202,31.63,46.18,84.75,71.42,0.5556,0.6066,76.96,74.07,49.24,57.96
75,1,CA1-RSC,78.0,0.7476,0.7021,47.0,6000,0.4217,10,0.8161,-0.0023,0,0.1473,0.43,0.1803,0.2368,33.33,41.85,32.6,38.13,0.75,0.6333,45.9,58.11,59.62,66.84
75,1,CA1-RSC,83.0,0.7961,0.7263,52.0,6000,-0.1725,6,0.2946,0.0106,0,0.1503,0.4182,0.1687,0.2178,23.21,37.4,47.55,56.8,0.75,0.5806,46.34,55.64,52.07,59.76
75,1,CA1-RSC,88.0,0.8447,0.5737,57.0,6000,0.0998,2,0.0586,0.0144,0,0.1265,0.4214,0.1379,0.2129,37.43,49.56,20.84,36.23,0.5556,0.5312,68.21,75.41,33.3,58.09
75,1,CA1-RSC,93.0,0.8932,0.4496,62.0,6000,0.0591,5,0.4705,-0.0092,0,0.1313,0.409,0.1229,0.198,62.11,55.04,30.56,42.99,0.5556,0.5556,85.12,78.69,70.58,69.28
75,1,CA1-DG,8.0,0.068,0.1592,-23.0,6000,0.7005,4,0.5217,0.0078,0,0.2613,0.3728,0.2985,0.3807,nan,nan,nan,nan,,,66.19,87.66,42.08,29.69
75,1,CA1-DG,13.0,0.1165,0.1579,-18.0,6000,0.2799,4,0.5764,0.0897,0,0.2803,0.4196,0.3064,0.4002,84.15,89.2,13.23,20.46,0.75,0.4545,87.03,89.39,62.38,51.57
75,1,CA1-DG,18.0,0.165,0.2708,-13.0,6000,0.1851,3,0.1606,0.0827,0,0.2799,0.4678,0.3099,0.3986,73.03,78.18,26.61,27.14,0.75,0.28,86.71,80.35,37.3,38.79
75,1,CA1-DG,23.0,0.2136,0.3267,-8.0,6000,-0.4216,4,0.3917,0.1107,6,0.2243,0.4756,0.3063,0.3686,52.81,46.23,81.64,76.68,0.75,0.5238,81.32,85.74,66.78,86.57
75,1,CA1-DG,28.0,0.2621,0.503,-3.0,6000,0.3397,3,0.1649,0.0253,0,0.2453,0.4451,0.2942,0.3398,77.2,80.54,87.44,78.74,1.0,0.3913,85.0,85.51,40.71,38.8
75,1,CA1-DG,33.0,0.3107,0.588,2.0,6000,0.3091,5,0.1713,-0.0177,0,0.1765,0.442,0.2824,0.3565,70.69,58.54,21.32,19.04,0.75,0.5238,84.63,79.51,35.11,51.27
75,1,CA1-DG,38.0,0.3592,0.6407,7.0,6000,0.275,8,0.3029,-0.0325,0,0.1621,0.4595,0.2505,0.3508,61.63,69.56,17.26,28.91,1.0,0.4545,87.44,89.08,36.98,46.37
75,1,CA1-DG,43.0,0.4078,0.544,12.0,6000,0.0021,9,0.6747,0.0679,10,0.1927,0.3934,0.2595,0.3261,75.77,78.52,14.7,23.91,0.75,0.3913,81.8,80.65,55.93,39.83
75,1,CA1-DG,48.0,0.4563,0.5135,17.0,6000,-0.0507,5,0.2409,-0.0891,0,0.1196,0.4062,0.2544,0.3606,55.74,76.23,17.95,25.47,0.4,0.3913,87.79,84.36,26.5,42.42
75,1,CA1-DG,53.0,0.5049,0.5378,22.0,6000,0.1243,7,0.573,-0.1175,-8,0.0881,0.3859,0.2559,0.3658,24.49,29.34,15.54,27.31,0.75,0.5238,77.66,88.86,32.12,44.44
75,1,CA1-DG,58.0,0.5534,0.6868,27.0,6000,-0.069,6,0.6512,0.0045,0,0.1236,0.4202,0.2305,0.3142,72.59,78.65,17.67,28.78,0.4,0.28,85.01,83.86,27.18,38.17
75,1,CA1-DG,63.0,0.6019,0.7177,32.0,6000,0.5299,7,0.5732,0.0091,0,0.1625,0.4222,0.2531,0.3218,86.98,80.87,29.03,33.48,0.5556,0.3333,85.6,88.09,59.37,71.79
75,1,CA1-DG,68.0,0.6505,0.6889,37.0,6000,-0.1373,5,0.3941,0.0141,0,0.1158,0.4035,0.262,0.3156,33.2,60.47,11.8,13.76,0.5556,0.4545,87.06,87.26,34.32,42.99
75,1,CA1-DG,73.0,0.699,0.6881,42.0,6000,-0.0273,4,0.1526,0.0712,0,0.1112,0.3759,0.2475,0.2806,81.23,74.51,15.36,23.59,0.5556,0.4545,85.89,88.53,27.33,48.63
75,1,CA1-DG,78.0,0.7476,0.7021,47.0,6000,0.1835,0,0.0,0.0726,0,0.1462,0.404,0.224,0.2951,78.22,72.23,16.86,26.42,0.75,0.3913,76.83,71.84,51.48,50.07
75,1,CA1-DG,83.0,0.7961,0.7263,52.0,6000,-0.1441,6,0.2153,0.0421,0,0.1497,0.3801,0.2038,0.3138,58.66,64.81,14.17,24.54,0.75,0.4545,62.77,64.6,33.69,35.2
75,1,CA1-DG,88.0,0.8447,0.5737,57.0,6000,-0.2999,10,0.7703,0.0492,0,0.1262,0.4011,0.2298,0.3402,48.89,50.07,25.14,29.13,0.5556,0.3333,69.98,75.03,36.34,38.6
75,1,CA1-DG,93.0,0.8932,0.4496,62.0,6000,-0.2098,6,0.3922,0.0113,0,0.1304,0.3985,0.2323,0.3435,33.49,44.61,16.65,24.39,0.75,0.5238,74.73,76.56,34.24,33.37
75,1,CA1-V1,8.0,0.068,0.1592,-23.0,6000,-0.1869,12,0.8304,0.0253,2,0.2603,0.2358,0.1134,0.11,nan,nan,nan,nan,,,85.46,87.74,88.77,83.07
75,1,CA1-V1,13.0,0.1165,0.1579,-18.0,6000,-0.2509,9,0.4103,-0.0127,2,0.2803,0.2102,0.1341,0.1189,72.34,82.79,21.91,35.97,0.75,0.5238,80.49,88.18,86.74,89.85
75,1,CA1-V1,18.0,0.165,0.2708,-13.0,6000,0.178,6,0.2728,-0.0081,0,0.2802,0.206,0.1491,0.119,77.09,67.83,64.11,45.86,0.75,0.6,89.9,85.27,73.76,81.59
75,1,CA1-V1,23.0,0.2136,0.3267,-8.0,6000,0.085,8,0.4524,0.0176,0,0.2273,0.209,0.1698,0.1375,56.71,78.33,44.29,44.11,0.75,0.4545,76.67,85.79,76.72,89.77
75,1,CA1-V1,28.0,0.2621,0.503,-3.0,6000,0.4196,5,0.2605,0.0213,0,0.2455,0.2252,0.1948,0.1464,85.08,78.75,24.17,30.2,1.0,0.4545,87.63,82.43,70.97,42.72
75,1,CA1-V1,33.0,0.3107,0.588,2.0,6000,-0.1355,3,0.1319,-0.0046,0,0.1768,0.2198,0.1438,0.1329,59.23,65.59,55.16,65.5,0.75,0.6,83.43,81.95,77.21,68.38
75,1,CA1-V1,38.0,0.3592,0.6407,7.0,6000,-0.1192,3,0.0488,0.0094,0,0.162,0.2332,0.121,0.1079,65.34,65.74,50.65,56.8,1.0,0.4545,79.62,76.59,67.05,65.77
75,1,CA1-V1,43.0,0.4078,0.544,12.0,6000,-0.42,8,0.6708,0.0013,0,0.193,0.2119,0.1483,0.1318,79.42,79.46,60.28,65.49,0.75,0.4545,85.54,77.41,59.46,67.29
75,1,CA1-V1,48.0,0.4563,0.5135,17.0,6000,0.1923,5,0.0949,0.0457,0,0.1192,0.2214,0.1145,0.1246,72.28,77.83,50.0,36.88,0.4,0.5238,86.39,75.54,54.71,74.55
75,1,CA1-V1,53.0,0.5049,0.5378,22.0,6000,0.0884,7,0.2818,0.0059,0,0.0878,0.2264,0.1233,0.1094,63.8,59.08,44.03,51.07,0.75,0.3913,71.54,74.79,82.47,79.31
75,1,CA1-V1,58.0,0.5534,0.6868,27.0,6000,0.1752,6,0.4319,-0.0217,0,0.1234,0.2049,0.1294,0.1061,77.16,84.83,53.15,61.88,0.4,0.5238,83.05,87.18,59.99,59.46
75,1,CA1-V1,63.0,0.6019,0.7177,32.0,6000,0.3224,8,0.2707,0.0035,0,0.1632,0.2058,0.1434,0.1343,54.89,58.93,70.19,76.64,0.5556,0.3913,77.34,77.52,64.45,76.64
75,1,CA1-V1,68.0,0.6505,0.6889,37.0,6000,0.5528,11,1.2126,-0.0032,0,0.1167,0.2092,0.1215,0.1362,64.98,68.3,47.15,47.42,0.5556,0.4545,86.07,84.43,63.09,61.89
75,1,CA1-V1,73.0,0.699,0.6881,42.0,6000,0.068,9,0.2972,0.0084,0,0.1117,0.2205,0.1111,0.1291,56.94,57.78,39.41,44.85,0.5556,0.4545,89.69,80.84,86.08,85.06
75,1,CA1-V1,78.0,0.7476,0.7021,47.0,6000,-0.284,6,0.3929,0.0069,0,0.1457,0.2351,0.1446,0.1437,50.62,45.03,42.09,39.21,0.75,0.4545,75.3,86.68,88.77,80.11
75,1,CA1-V1,83.0,0.7961,0.7263,52.0,6000,-0.3076,9,0.6198,-0.0051,0,0.1495,0.2332,0.1377,0.1284,40.15,42.84,57.05,58.16,0.75,0.4545,89.98,84.95,88.83,81.06
75,1,CA1-V1,88.0,0.8447,0.5737,57.0,6000,0.0298,7,0.2723,0.028,0,0.1263,0.2306,0.0875,0.1134,51.56,69.67,82.66,88.73,0.5556,0.4545,68.28,85.53,64.03,73.79
75,1,CA1-V1,93.0,0.8932,0.4496,62.0,6000,0.3507,8,0.4046,0.0031,0,0.1307,0.2383,0.0987,0.1236,66.12,64.4,36.27,38.04,0.75,0.4545,85.99,89.81,68.28,75.73
75,1,CA1-SUB,8.0,0.068,0.1592,-23.0,6000,0.6515,10,0.86,0.003,0,0.2608,0.1078,0.1687,0.1327,nan,nan,nan,nan,,,76.86,72.46,84.21,49.38
75,1,CA1-SUB,13.0,0.1165,0.1579,-18.0,6000,-0.0028,8,0.4209,0.0018,0,0.2806,0.1135,0.1511,0.1225,49.89,38.33,37.58,32.87,0.75,0.3333,89.26,79.23,88.94,56.69
75,1,CA1-SUB,18.0,0.165,0.2708,-13.0,6000,0.025,5,0.2527,0.0048,0,0.2798,0.1166,0.1585,0.1196,45.01,54.48,61.43,37.14,0.75,0.3333,82.83,71.92,54.84,58.16
75,1,CA1-SUB,23.0,0.2136,0.3267,-8.0,6000,-0.3914,7,0.2377,0.0097,0,0.2268,0.1241,0.1747,0.1352,61.61,77.02,48.45,55.5,0.75,0.4286,80.04,77.7,54.94,66.88
75,1,CA1-SUB,28.0,0.2621,0.503,-3.0,6000,0.3426,6,0.2611,0.0022,0,0.2452,0.136,0.1634,0.1148,56.91,39.69,57.39,65.55,1.0,0.4286,89.86,87.6,69.09,59.86
75,1,CA1-SUB,33.0,0.3107,0.588,2.0,6000,-0.0595,5,0.174,0.0049,0,0.1764,0.1365,0.1484,0.139,47.8,46.16,51.09,32.39,0.75,0.3333,78.05,76.08,56.5,60.38
75,1,CA1-SUB,38.0,0.3592,0.6407,7.0,6000,-0.0489,9,0.2315,0.0105,0,0.1621,0.1325,0.1627,0.1474,73.04,69.46,23.77,25.93,1.0,0.25,77.57,78.46,56.35,56.48
75,1,CA1-SUB,43.0,0.4078,0.544,12.0,6000,0.219,10,0.4701,-0.0041,0,0.1928,0.1466,0.1633,0.151,52.38,52.03,41.27,35.7,0.75,0.3333,76.32,81.13,71.79,55.34
75,1,CA1-SUB,48.0,0.4563,0.5135,17.0,6000,-0.0403,4,0.0964,0.0009,0,0.1191,0.1267,0.1419,0.1315,80.38,71.45,43.87,50.33,0.4,0.4286,86.36,87.9,76.7,76.76
75,1,CA1-SUB,53.0,0.5049,0.5378,22.0,6000,0.6241,2,0.2817,0.0078,0,0.0882,0.1156,0.1611,0.13,65.61,61.22,44.03,52.3,0.75,0.25,89.99,85.61,85.97,89.74
75,1,CA1-SUB,58.0,0.5534,0.6868,27.0,6000,-0.1409,6,0.3311,-0.0021,0,0.1241,0.1208,0.1802,0.1561,87.26,82.11,63.08,63.78,0.4,0.1111,84.48,71.12,86.04,75.52
75,1,CA1-SUB,63.0,0.6019,0.7177,32.0,6000,0.3116,8,0.1888,0.0049,0,0.1635,0.1284,0.1486,0.152,85.56,84.42,33.28,33.96,0.5556,0.1765,89.11,75.9,51.05,42.65
75,1,CA1-SUB,68.0,0.6505,0.6889,37.0,6000,-0.1471,9,1.5039,0.0034,0,0.1167,0.1436,0.1559,0.157,42.18,40.5,61.83,57.01,0.5556,0.5385,82.29,87.34,79.82,73.83
75,1,CA1-SUB,73.0,0.699,0.6881,42.0,6000,-0.1847,6,0.2728,0.0061,0,0.1114,0.1177,0.1641,0.1404,57.51,57.77,30.39,35.79,0.5556,0.3333,82.69,74.36,84.06,87.92
75,1,CA1-SUB,78.0,0.7476,0.7021,47.0,6000,0.5215,9,0.6511,-0.0037,0,0.1457,0.1245,0.1773,0.1369,68.3,61.43,89.8,83.47,0.75,0.3333,57.69,64.1,48.18,52.33
75,1,CA1-SUB,83.0,0.7961,0.7263,52.0,6000,0.6787,12,1.332,0.0011,0,0.1495,0.1086,0.1663,0.1306,47.28,58.43,22.83,25.82,0.75,0.3333,88.46,77.32,45.18,47.39
75,1,CA1-SUB,88.0,0.8447,0.5737,57.0,6000,0.3979,6,0.2968,-0.0005,0,0.1262,0.127,0.141,0.1243,59.35,67.97,20.99,32.35,0.5556,0.1765,82.52,76.79,31.67,48.83
75,1,CA1-SUB,93.0,0.8932,0.4496,62.0,6000,0.3844,7,0.3343,0.0003,0,0.131,0.1328,0.1467,0.1421,55.89,64.81,51.76,55.23,0.75,0.3333,83.39,87.88,69.14,87.6
75,1,RSC-SUB,8.0,0.068,0.1592,-23.0,6000,-0.1934,11,1.0278,0.0052,0,0.4846,0.1084,0.2342,0.128,nan,nan,nan,nan,,,61.97,59.53,44.2,39.6
75,1,RSC-SUB,13.0,0.1165,0.1579,-18.0,6000,0.0685,10,0.8789,0.0376,0,0.4568,0.1042,0.2238,0.1244,50.9,38.47,37.03,28.46,0.6066,0.6667,63.12,50.78,87.77,80.54
75,1,RSC-SUB,18.0,0.165,0.2708,-13.0,6000,-0.019,12,0.8793,0.0565,0,0.4489,0.1077,0.2363,0.1297,45.79,35.89,58.28,60.04,0.5077,0.4286,79.92,78.26,39.61,33.71
75,1,RSC-SUB,23.0,0.2136,0.3267,-8.0,6000,0.3579,12,2.3003,0.0537,0,0.433,0.1115,0.2407,0.1524,41.62,33.8,34.39,21.67,0.5077,0.5385,89.0,85.25,39.46,26.88
75,1,RSC-SUB,28.0,0.2621,0.503,-3.0,6000,0.4817,12,1.0703,0.0499,0,0.4036,0.1199,0.2558,0.1648,54.24,56.09,30.34,15.52,0.5556,0.5385,47.39,40.69,42.82,27.91
75,1,RSC-SUB,33.0,0.3107,0.588,2.0,6000,0.1648,10,1.1411,-0.0095,0,0.3704,0.1268,0.2658,0.1594,32.83,28.61,28.64,22.43,0.5806,0.5385,47.96,38.35,39.93,31.59
75,1,RSC-SUB,38.0,0.3592,0.6407,7.0,6000,0.5393,7,0.5344,0.0054,0,0.3693,0.1216,0.2613,0.1597,53.45,50.51,31.75,23.44,0.4,0.6667,65.07,59.63,39.99,32.35
75,1,RSC-SUB,43.0,0.4078,0.544,12.0,6000,0.5267,9,0.6534,0.0104,0,0.3958,0.1271,0.2541,0.1571,34.33,34.3,24.45,19.37,0.5312,0.5385,68.42,54.94,46.75,32.6
75,1,RSC-SUB,48.0,0.4563,0.5135,17.0,6000,0.3807,7,0.3472,0.0032,0,0.3846,0.1159,0.2543,0.1532,34.69,25.0,35.05,27.53,0.4848,0.4286,79.93,76.35,36.65,29.24
75,1,RSC-SUB,53.0,0.5049,0.5378,22.0,6000,0.3862,8,0.4406,0.0359,0,0.3699,0.1043,0.2407,0.1496,85.23,81.23,83.88,74.57,0.4,0.4286,71.68,66.02,87.04,89.46
75,1,RSC-SUB,58.0,0.5534,0.6868,27.0,6000,0.4872,12,0.7537,0.0256,0,0.3954,0.108,0.2567,0.1615,44.81,34.2,30.45,20.34,0.4848,0.6667,69.38,62.17,41.69,39.09
75,1,RSC-SUB,63.0,0.6019,0.7177,32.0,6000,0.4044,7,0.5921,0.0166,0,0.4178,0.1217,0.2565,0.1707,39.85,34.61,27.24,23.48,0.4203,0.6667,65.33,60.23,51.16,49.0
75,1,RSC-SUB,68.0,0.6505,0.6889,37.0,6000,0.374,9,0.9457,0.0382,0,0.4242,0.1181,0.2408,0.162,39.92,38.23,44.78,45.22,0.5806,0.5385,77.52,83.03,57.55,53.47
75,1,RSC-SUB,73.0,0.699,0.6881,42.0,6000,0.4672,8,0.4836,0.0521,0,0.4181,0.1071,0.248,0.1515,53.26,48.29,31.67,28.52,0.6066,0.5385,76.88,61.44,38.52,31.37
75,1,RSC-SUB,78.0,0.7476,0.7021,47.0,6000,0.1664,15,1.1369,0.0536,0,0.4333,0.103,0.2679,0.1549,64.23,65.26,21.11,16.7,0.6333,0.5385,64.4,60.53,40.01,33.5
75,1,RSC-SUB,83.0,0.7961,0.7263,52.0,6000,0.5544,11,0.7719,0.0347,0,0.4179,0.1063,0.2437,0.1547,63.31,55.97,19.31,17.35,0.5312,0.4286,74.99,69.73,31.57,31.68
75,1,RSC-SUB,88.0,0.8447,0.5737,57.0,6000,0.3995,6,0.2328,0.0565,0,0.4222,0.1176,0.2458,0.1484,67.47,70.33,26.32,24.15,0.5556,0.5385,58.43,52.61,39.84,39.45
75,1,RSC-SUB,93.0,0.8932,0.4496,62.0,6000,0.6181,5,0.4283,0.0913,0,0.4106,0.1237,0.2338,0.1388,87.04,76.51,25.7,18.45,0.5556,0.5385,77.35,78.23,38.88,29.67
75,1,V1-RSC,8.0,0.068,0.1592,-23.0,6000,0.7371,8,1.2832,0.0163,0,0.2295,0.4827,0.1876,0.3159,nan,nan,nan,nan,,,49.32,53.15,41.19,42.97
75,1,V1-RSC,13.0,0.1165,0.1579,-18.0,6000,0.6217,3,0.5034,0.0171,0,0.2115,0.4553,0.1847,0.3206,82.89,86.99,24.55,23.47,0.6,0.5312,88.41,87.67,79.75,83.64
75,1,V1-RSC,18.0,0.165,0.2708,-13.0,6000,0.7547,2,0.4759,0.0225,0,0.201,0.4485,0.1906,0.3277,48.72,59.25,19.27,22.77,0.8824,0.5312,87.93,88.3,87.17,85.97
75,1,V1-RSC,23.0,0.2136,0.3267,-8.0,6000,0.609,8,0.8951,0.0241,0,0.207,0.4307,0.1971,0.3241,89.94,88.9,18.91,20.79,0.6,0.5077,42.97,50.52,28.16,30.36
75,1,V1-RSC,28.0,0.2621,0.503,-3.0,6000,0.6505,6,1.088,0.0379,0,0.2172,0.399,0.208,0.3381,54.71,63.18,24.05,29.15,0.6,0.5556,39.89,43.96,25.08,34.12
75,1,V1-RSC,33.0,0.3107,0.588,2.0,6000,0.4608,6,1.3018,0.018,0,0.2174,0.3609,0.2115,0.3374,26.75,31.26,17.1,21.26,0.6842,0.5556,32.94,43.29,30.5,26.97
75,1,V1-RSC,38.0,0.3592,0.6407,7.0,6000,0.6446,7,1.0162,0.0,0,0.2258,0.3701,0.2166,0.3498,22.55,29.63,19.28,18.92,0.5238,0.4412,35.6,39.25,27.79,28.28
75,1,V1-RSC,43.0,0.4078,0.544,12.0,6000,0.3765,7,0.9411,-0.004,0,0.21,0.3966,0.2196,0.3505,22.64,28.2,22.54,21.19,0.6,0.5312,27.12,32.2,28.43,28.02
75,1,V1-RSC,48.0,0.4563,0.5135,17.0,6000,0.6826,7,1.0188,0.0122,0,0.2235,0.3816,0.2137,0.3397,28.59,35.54,19.54,21.2,0.4545,0.4848,37.56,38.03,26.82,30.73
75,1,V1-RSC,53.0,0.5049,0.5378,22.0,6000,0.4086,6,0.5779,0.0097,0,0.224,0.3679,0.2161,0.3185,30.3,31.61,20.75,24.92,0.5238,0.4,44.03,50.09,29.52,38.35
75,1,V1-RSC,58.0,0.5534,0.6868,27.0,6000,0.4719,5,0.8365,0.0116,0,0.1971,0.3974,0.2238,0.3311,32.66,41.2,17.67,25.28,0.5238,0.4627,37.54,39.91,27.71,27.26
75,1,V1-RSC,63.0,0.6019,0.7177,32.0,6000,0.5387,6,0.6842,0.0047,0,0.1999,0.4173,0.2212,0.3398,26.74,32.82,16.88,18.99,0.6,0.4412,47.38,45.05,28.09,25.11
75,1,V1-RSC,68.0,0.6505,0.6889,37.0,6000,0.3265,7,0.8263,-0.0012,0,0.2073,0.4251,0.2209,0.3335,27.52,28.5,14.26,15.87,0.6,0.5806,48.24,44.18,30.04,26.61
75,1,V1-RSC,73.0,0.699,0.6881,42.0,6000,0.4028,4,0.3357,0.0252,0,0.2134,0.4161,0.2091,0.3278,28.91,32.68,22.78,19.79,0.6842,0.6066,43.98,46.3,31.42,32.68
75,1,V1-RSC,78.0,0.7476,0.7021,47.0,6000,0.6487,5,0.8233,0.0399,0,0.2388,0.4292,0.209,0.3435,26.83,31.37,24.4,22.24,0.6,0.6066,37.01,36.71,30.14,30.1
75,1,V1-RSC,83.0,0.7961,0.7263,52.0,6000,0.306,5,0.2695,0.0367,0,0.2333,0.4111,0.215,0.331,21.94,22.55,20.31,15.71,0.6,0.5556,37.66,42.35,34.5,32.14
75,1,V1-RSC,88.0,0.8447,0.5737,57.0,6000,0.49,4,0.3441,0.0119,0,0.223,0.4178,0.2159,0.3219,26.59,36.07,21.67,22.04,0.6,0.5077,42.56,43.65,27.28,36.85
75,1,V1-RSC,93.0,0.8932,0.4496,62.0,6000,0.3076,5,0.2511,0.011,0,0.2331,0.4092,0.206,0.3042,22.68,28.7,21.52,27.17,0.6,0.5556,64.25,62.07,37.62,36.78
77,1,CA1-RSC,8.0,0.0407,0.0973,-41.0,6000,0.2143,1,0.0235,0.0016,0,0.1624,0.3887,0.1545,0.216,nan,nan,nan,nan,,,84.43,87.28,41.29,59.79
77,1,CA1-RSC,13.0,0.0698,0.1004,-36.0,6000,0.2645,1,0.0363,-0.0093,0,0.2057,0.371,0.1849,0.2346,54.46,71.36,23.25,40.75,1.0,0.5405,43.4,64.38,35.51,55.07
77,1,CA1-RSC,18.0,0.0988,0.1395,-31.0,6000,0.4535,3,0.1641,-0.0226,0,0.1907,0.335,0.2363,0.2811,24.35,49.2,50.72,71.05,1.0,0.443,45.34,58.51,6.66,40.8
77,1,CA1-RSC,23.0,0.1279,0.1748,-26.0,6000,0.3843,3,0.1092,0.0072,0,0.1756,0.3212,0.2439,0.2857,58.86,67.27,7.48,34.72,1.0,0.4615,68.21,75.59,15.31,34.92
77,1,CA1-RSC,28.0,0.157,0.2549,-21.0,6000,0.2391,2,0.0485,0.0206,0,0.1607,0.3195,0.1641,0.2192,70.9,72.59,9.57,33.02,1.0,0.4074,59.95,75.2,39.77,60.57
77,1,CA1-RSC,33.0,0.186,0.2799,-16.0,6000,0.219,2,0.042,0.0382,0,0.1241,0.3112,0.1805,0.208,66.12,81.43,88.34,87.15,1.0,0.425,53.64,59.66,69.19,69.25
77,1,CA1-RSC,38.0,0.2151,0.3503,-11.0,6000,0.2329,1,0.0279,-0.0084,0,0.1014,0.3039,0.15,0.2092,24.32,53.84,36.56,39.25,1.0,0.4074,32.06,69.91,54.31,52.94
77,1,CA1-RSC,43.0,0.2442,0.4091,-6.0,6000,0.2156,1,0.0238,-0.0335,0,0.0814,0.2932,0.1157,0.2002,39.69,49.12,39.1,41.96,1.0,0.425,81.56,81.25,79.85,89.13
77,1,CA1-RSC,48.0,0.2733,0.5284,-1.0,6000,0.1593,4,0.1471,-0.0375,0,0.0745,0.2974,0.1049,0.2015,30.76,45.99,22.39,42.92,1.0,0.4615,72.08,80.43,54.45,69.62
77,1,CA1-RSC,53.0,0.3023,0.6026,4.0,6000,0.1407,4,0.1445,-0.0327,0,0.0523,0.2902,0.1093,0.2032,84.88,84.0,30.22,39.0,0.5,0.52,36.56,67.02,21.27,46.96
77,1,CA1-RSC,58.0,0.3314,0.7004,9.0,6000,0.4172,4,0.2027,-0.0213,0,0.0567,0.2804,0.1165,0.2103,42.65,45.73,25.76,34.7,1.0,0.5,42.01,65.05,21.99,47.37
77,1,CA1-RSC,63.0,0.3605,0.6528,14.0,6000,0.269,1,0.0376,-0.0344,0,0.0537,0.2835,0.1372,0.2031,22.51,37.52,15.37,27.53,1.0,0.4805,60.76,70.54,23.61,47.6
77,1,CA1-RSC,68.0,0.3895,0.6444,19.0,6000,0.2243,1,0.0258,-0.0291,0,0.0413,0.283,0.1319,0.2057,44.34,50.14,22.54,37.16,0.5,0.4615,53.36,60.76,57.54,62.09
77,1,CA1-RSC,73.0,0.4186,0.5559,24.0,6000,0.2695,1,0.0377,-0.0216,0,0.0402,0.2718,0.1207,0.2059,24.23,44.22,16.04,30.53,1.0,0.3412,30.36,61.3,36.78,56.51
77,1,CA1-RSC,78.0,0.4477,0.6248,29.0,6000,0.2492,1,0.0321,0.0022,0,0.0433,0.2753,0.0992,0.2088,58.18,67.34,16.93,35.97,0.5,0.5,77.86,78.97,42.09,56.21
77,1,CA1-RSC,83.0,0.4767,0.6979,34.0,6000,0.2425,1,0.0303,0.0303,0,0.0435,0.2921,0.109,0.2189,26.43,43.01,30.49,39.28,1.0,0.52,81.71,70.98,32.6,52.42
77,1,CA1-RSC,88.0,0.5058,0.7147,39.0,6000,0.4287,5,0.2999,0.0279,0,0.044,0.2962,0.114,0.2242,41.34,61.49,26.28,36.06,0.5,0.4615,80.83,87.12,43.54,58.07
77,1,CA1-RSC,93.0,0.5349,0.7421,44.0,6000,0.4106,6,0.3024,0.0283,0,0.0603,0.2657,0.0954,0.2126,25.02,44.68,10.48,29.96,0.5,0.4615,54.91,63.73,39.06,49.25
77,1,CA1-RSC,98.0,0.564,0.7778,49.0,6000,0.2974,1,0.0463,0.0384,0,0.0629,0.2733,0.1171,0.2216,46.93,56.12,17.37,32.7,1.0,0.4805,64.13,71.16,30.53,42.97
77,1,CA1-RSC,103.0,0.593,0.8654,54.0,6000,0.3193,1,0.0538,0.0318,1,0.0535,0.2903,0.1333,0.2363,26.2,37.8,27.02,29.56,0.2,0.5405,31.11,63.21,40.23,51.97
77,1,CA1-RSC,108.0,0.6221,0.7919,59.0,6000,0.3271,1,0.0566,0.0277,1,0.0397,0.2934,0.1189,0.2421,27.94,47.94,13.76,24.75,0.5,0.52,65.58,83.88,31.81,46.06
77,1,CA1-RSC,113.0,0.6512,0.706,64.0,6000,0.2774,1,0.04,0.06,1,0.0495,0.3058,0.1064,0.2216,68.38,74.13,9.8,28.04,0.5,0.5,29.58,66.29,15.5,45.12
77,1,CA1-RSC,118.0,0.6802,0.5711,69.0,6000,0.2186,1,0.0245,0.0711,1,0.0521,0.2864,0.0878,0.2186,25.86,40.44,39.66,43.34,0.5,0.5833,52.46,68.37,86.03,82.65
77,1,CA1-RSC,123.0,0.7093,0.619,74.0,6000,0.284,1,0.042,0.0341,0,0.0489,0.2915,0.1024,0.2151,25.2,46.62,10.06,30.41,1.0,0.4805,54.99,63.22,24.26,51.25
77,1,CA1-RSC,128.0,0.7384,0.6043,79.0,6000,0.2597,2,0.0631,0.0267,1,0.0405,0.2761,0.1001,0.2264,27.53,45.52,10.68,31.17,0.5,0.5833,43.59,65.32,49.23,53.77
77,1,CA1-RSC,133.0,0.7674,0.6724,84.0,6000,0.4335,5,0.3458,0.0195,1,0.0405,0.2809,0.1033,0.236,20.81,47.24,69.27,64.28,0.5,0.5,27.48,63.51,60.32,66.56
77,1,CA1-RSC,138.0,0.7965,0.6747,89.0,6000,0.3041,2,0.0992,-0.001,0,0.061,0.2932,0.1213,0.2439,25.39,43.54,28.12,36.12,1.0,0.443,57.39,67.6,78.61,89.93
77,1,CA1-RSC,143.0,0.8256,0.5894,94.0,6000,0.3557,3,0.1366,-0.0143,0,0.0743,0.2921,0.1293,0.2402,53.45,59.55,64.03,56.22,1.0,0.425,25.97,59.37,18.19,48.76
77,1,CA1-RSC,148.0,0.8547,0.5604,99.0,6000,-0.0056,3,0.1459,-0.0007,0,0.0579,0.3024,0.1108,0.2082,18.07,54.24,34.23,50.5,0.5,0.3412,78.33,77.37,87.29,84.25
77,1,CA1-RSC,153.0,0.8837,0.6351,104.0,6000,0.1768,0,0.0,0.0264,1,0.0646,0.3129,0.1178,0.1945,58.74,76.26,46.37,57.53,1.0,0.5,68.48,82.3,42.37,63.37
77,1,CA1-RSC,158.0,0.9128,0.7699,109.0,6000,0.3079,1,0.0498,-0.0048,0,0.0837,0.3184,0.1456,0.2249,64.6,67.65,31.47,43.1,0.5,0.3902,74.9,78.15,17.81,39.97
77,1,CA1-RSC,163.0,0.9419,0.8881,114.0,6000,0.3749,1,0.0757,-0.0151,0,0.0976,0.3355,0.1785,0.2436,81.54,83.09,6.6,21.89,1.0,0.5405,77.44,78.09,10.28,44.12
77,1,CA1-DG,8.0,0.0407,0.0973,-41.0,6000,-0.0468,3,0.0656,-0.0384,0,0.2611,0.6277,0.392,0.4107,nan,nan,nan,nan,,,86.66,67.3,18.88,3.03
77,1,CA1-DG,13.0,0.0698,0.1004,-36.0,6000,-0.0045,3,0.088,-0.0716,0,0.2967,0.6465,0.3167,0.4035,88.76,66.68,14.77,2.01,0.5,1.0,75.54,89.28,14.32,2.1
77,1,CA1-DG,18.0,0.0988,0.1395,-31.0,6000,-0.1114,2,0.072,-0.0693,0,0.2849,0.4837,0.2839,0.2345,28.2,21.63,14.81,15.25,0.2,1.0,73.08,89.43,35.81,30.04
77,1,CA1-DG,23.0,0.1279,0.1748,-26.0,6000,0.0828,1,0.0034,-0.107,-2,0.1768,0.3741,0.2258,0.2833,84.48,77.88,72.35,75.54,0.2,1.0,87.14,65.87,64.02,74.28
77,1,CA1-DG,28.0,0.157,0.2549,-21.0,6000,0.0729,1,0.0027,-0.1068,-1,0.1926,0.2621,0.2435,0.2837,84.6,71.49,22.55,47.31,0.5,1.0,76.08,65.63,66.47,16.64
77,1,CA1-DG,33.0,0.186,0.2799,-16.0,6000,0.072,0,0.0,-0.0975,0,0.1788,0.2291,0.2673,0.3248,42.79,43.76,31.33,25.85,0.5,1.0,61.54,71.29,40.31,30.58
77,1,CA1-DG,38.0,0.2151,0.3503,-11.0,6000,0.2898,4,0.1058,-0.0821,0,0.1701,0.1221,0.2702,0.2817,86.95,71.14,26.63,18.81,0.5,1.0,87.76,81.01,33.79,45.15
77,1,CA1-DG,43.0,0.2442,0.4091,-6.0,6000,0.1267,1,0.0081,-0.0625,0,0.1286,0.0858,0.2908,0.2798,46.74,42.15,25.3,23.56,0.5,1.0,76.19,79.97,41.4,29.28
77,1,CA1-DG,48.0,0.2733,0.5284,-1.0,6000,0.2802,1,0.0409,-0.0828,0,0.1723,0.1531,0.3597,0.3105,55.34,76.5,30.97,46.71,0.2,0.3333,81.33,62.75,51.13,57.32
77,1,CA1-DG,53.0,0.3023,0.6026,4.0,6000,0.3246,3,0.1258,-0.0394,0,0.213,0.138,0.3554,0.3292,33.37,22.82,10.71,13.35,1.0,1.0,72.3,49.46,38.74,22.79
77,1,CA1-DG,58.0,0.3314,0.7004,9.0,6000,0.2748,2,0.0589,-0.0278,0,0.1687,0.1348,0.2978,0.341,52.4,34.69,16.81,7.01,1.0,1.0,79.35,67.24,33.78,40.58
77,1,CA1-DG,63.0,0.3605,0.6528,14.0,6000,0.2734,4,0.0924,0.0052,0,0.1308,0.1823,0.2906,0.3266,51.18,54.17,18.32,19.58,0.2,1.0,89.96,57.06,27.44,28.27
77,1,CA1-DG,68.0,0.3895,0.6444,19.0,6000,0.2582,3,0.0738,-0.0004,0,0.1238,0.2583,0.2313,0.2612,52.27,64.82,26.22,4.74,0.2,1.0,83.69,35.73,36.48,22.25
77,1,CA1-DG,73.0,0.4186,0.5559,24.0,6000,0.1046,1,0.0055,0.0138,0,0.1412,0.0745,0.1864,0.3079,47.31,34.54,14.11,13.23,0.2,1.0,88.91,70.42,28.89,41.29
77,1,CA1-DG,78.0,0.4477,0.6248,29.0,6000,0.0904,1,0.0041,0.0061,0,0.0958,0.0175,0.1484,0.2265,49.26,21.87,26.34,13.42,1.0,1.0,83.29,69.3,40.3,33.97
77,1,CA1-DG,83.0,0.4767,0.6979,34.0,6000,0.2172,5,0.1075,-0.0037,-1,0.1044,0.0412,0.1615,0.1282,37.79,33.77,41.85,21.39,0.2,0.3333,59.51,45.6,87.26,59.19
77,1,CA1-DG,88.0,0.5058,0.7147,39.0,6000,-0.3562,2,0.1374,-0.0625,-1,0.0963,0.0639,0.1175,0.0908,36.04,30.68,55.02,42.71,0.5,1.0,79.92,61.16,51.53,30.91
77,1,CA1-DG,93.0,0.5349,0.7421,44.0,6000,-0.1291,1,0.0178,-0.0837,-1,0.1505,0.0684,0.1875,0.1614,70.36,53.87,33.27,26.77,0.5,0.3333,76.54,72.43,57.45,28.56
77,1,CA1-DG,98.0,0.564,0.7778,49.0,6000,0.0248,1,0.0027,-0.096,-1,0.1053,0.0892,0.1365,0.1828,43.04,28.42,35.83,28.16,0.5,1.0,73.04,38.08,88.17,82.7
77,1,CA1-DG,103.0,0.593,0.8654,54.0,6000,0.0769,1,0.003,-0.0375,0,0.1391,0.0683,0.2265,0.2802,35.81,30.28,69.63,71.98,0.2,0.3333,87.51,18.58,83.28,81.58
77,1,CA1-DG,108.0,0.6221,0.7919,59.0,6000,0.1689,4,0.0537,0.0069,-1,0.1139,0.0928,0.2076,0.2937,32.44,18.34,25.23,21.33,0.5,0.3333,62.81,70.87,54.33,42.31
77,1,CA1-DG,113.0,0.6512,0.706,64.0,6000,-0.1051,1,0.0142,-0.0446,-1,0.1231,0.0852,0.197,0.2531,83.27,86.4,53.97,60.69,0.2,1.0,85.18,59.57,65.78,59.82
77,1,CA1-DG,118.0,0.6802,0.5711,69.0,6000,0.253,3,0.0747,-0.0176,-2,0.2412,0.1101,0.2815,0.1946,71.92,68.98,18.29,8.34,0.5,1.0,81.95,84.55,46.01,41.42
77,1,CA1-DG,123.0,0.7093,0.619,74.0,6000,0.281,1,0.0411,0.0128,0,0.1531,0.1753,0.256,0.2205,69.45,66.56,22.84,39.47,0.5,1.0,77.39,22.42,50.9,34.56
77,1,CA1-DG,128.0,0.7384,0.6043,79.0,6000,-0.143,2,0.046,-0.0008,-1,0.2087,0.1352,0.29,0.1553,63.02,36.58,17.71,21.65,0.5,1.0,73.95,74.72,57.66,39.18
77,1,CA1-DG,133.0,0.7674,0.6724,84.0,6000,-0.3544,2,0.0949,0.0281,0,0.2028,0.1509,0.2962,0.2315,42.05,38.4,30.84,42.07,0.5,1.0,73.52,55.95,61.5,55.23
77,1,CA1-DG,138.0,0.7965,0.6747,89.0,6000,0.2915,5,0.1337,-0.0452,0,0.1941,0.2054,0.249,0.2599,38.95,25.05,15.02,17.02,1.0,1.0,80.32,34.02,31.79,52.37
77,1,CA1-DG,143.0,0.8256,0.5894,94.0,6000,0.0337,2,0.0272,0.0006,-2,0.2083,0.2036,0.2506,0.2735,56.62,27.86,20.51,7.0,0.5,1.0,71.8,62.46,53.79,69.85
77,1,CA1-DG,148.0,0.8547,0.5604,99.0,6000,-0.3077,0,0.0,-0.0134,-2,0.1468,0.1894,0.2451,0.2189,86.38,31.21,45.34,27.52,0.2,1.0,85.59,55.24,46.6,41.9
77,1,CA1-DG,153.0,0.8837,0.6351,104.0,6000,-0.1273,1,0.0222,-0.0634,-1,0.1814,0.1652,0.2925,0.2607,60.19,72.96,20.78,7.29,1.0,1.0,88.05,67.08,57.2,38.47
77,1,CA1-DG,158.0,0.9128,0.7699,109.0,6000,0.04,1,0.0026,-0.0327,-1,0.2145,0.1941,0.2187,0.2399,52.51,43.0,43.35,27.8,0.2,1.0,48.5,35.88,45.4,81.68
77,1,CA1-DG,163.0,0.9419,0.8881,114.0,6000,0.0652,1,0.0035,-0.0638,-2,0.1937,0.1972,0.2896,0.2863,77.51,86.3,29.19,31.79,0.2,1.0,71.45,81.17,72.59,62.51
77,1,CA1-V1,8.0,0.0407,0.0973,-41.0,6000,-0.1567,6,0.1215,-0.0119,0,0.1623,0.0862,0.1487,0.2128,nan,nan,nan,nan,,,57.0,82.08,35.08,50.85
77,1,CA1-V1,13.0,0.0698,0.1004,-36.0,6000,0.2551,5,0.1279,-0.0031,0,0.2091,0.1216,0.1832,0.233,56.08,72.76,15.3,56.63,1.0,0.5,71.96,72.35,47.78,70.26
77,1,CA1-V1,18.0,0.0988,0.1395,-31.0,6000,-0.1748,6,0.1303,0.0422,5,0.205,0.1354,0.1347,0.1127,69.94,64.59,46.81,57.46,1.0,0.5,74.88,67.94,54.86,71.35
77,1,CA1-V1,23.0,0.1279,0.1748,-26.0,6000,0.0423,0,0.0,-0.0122,0,0.1932,0.1106,0.1447,0.1017,65.15,78.6,52.63,80.02,1.0,1.0,54.81,74.35,43.58,57.3
77,1,CA1-V1,28.0,0.157,0.2549,-21.0,6000,0.0713,0,0.0,-0.0472,0,0.1623,0.1132,0.1613,0.1558,78.39,83.8,20.76,22.04,1.0,0.5,85.82,69.75,65.66,52.33
77,1,CA1-V1,33.0,0.186,0.2799,-16.0,6000,0.0273,0,0.0,-0.0156,0,0.1213,0.1089,0.1405,0.1589,49.05,58.87,20.84,23.86,1.0,1.0,68.86,85.83,63.98,70.64
77,1,CA1-V1,38.0,0.2151,0.3503,-11.0,6000,0.1351,7,0.1351,0.0399,10,0.0981,0.0697,0.1665,0.195,65.02,78.61,56.54,60.75,1.0,0.2,78.39,80.44,63.02,80.82
77,1,CA1-V1,43.0,0.2442,0.4091,-6.0,6000,0.0661,0,0.0,0.0251,0,0.078,0.0783,0.1848,0.2262,41.77,49.27,77.02,88.72,1.0,0.5,84.9,88.06,82.54,46.75
77,1,CA1-V1,48.0,0.2733,0.5284,-1.0,6000,-0.1528,3,0.0552,0.0388,6,0.0707,0.0684,0.1499,0.2046,86.17,82.74,17.48,24.19,1.0,0.2,80.8,81.69,85.89,84.03
77,1,CA1-V1,53.0,0.3023,0.6026,4.0,6000,0.0145,1,0.0233,0.0453,0,0.0486,0.0982,0.132,0.1724,44.47,41.1,25.46,24.91,0.5,1.0,64.88,83.92,57.61,50.19
77,1,CA1-V1,58.0,0.3314,0.7004,9.0,6000,0.2803,5,0.1116,0.0211,0,0.0531,0.1264,0.169,0.2357,88.21,89.93,28.49,18.08,1.0,0.0,74.4,74.77,26.8,36.03
77,1,CA1-V1,63.0,0.3605,0.6528,14.0,6000,-0.0496,4,0.0681,0.0075,0,0.0487,0.1097,0.1472,0.2177,46.29,54.59,10.6,19.33,1.0,0.2,89.17,77.91,38.7,34.79
77,1,CA1-V1,68.0,0.3895,0.6444,19.0,6000,0.1788,2,0.0295,0.0087,0,0.0358,0.0867,0.1418,0.2358,44.14,40.8,30.47,27.65,1.0,0.2,68.23,64.72,49.91,52.18
77,1,CA1-V1,73.0,0.4186,0.5559,24.0,6000,0.1082,1,0.0059,-0.0053,0,0.0342,0.09,0.1478,0.2326,61.21,60.51,26.73,25.01,0.2,0.5,78.02,82.55,60.6,62.98
77,1,CA1-V1,78.0,0.4477,0.6248,29.0,6000,0.128,1,0.0083,0.0488,0,0.04,0.0847,0.168,0.3022,89.03,87.23,25.14,14.71,0.5,0.5,81.25,81.33,37.04,50.08
77,1,CA1-V1,83.0,0.4767,0.6979,34.0,6000,0.1895,5,0.1067,0.039,0,0.0404,0.0971,0.2032,0.2683,60.53,58.65,31.14,28.95,1.0,0.5,80.83,76.95,44.6,75.93
77,1,CA1-V1,88.0,0.5058,0.7147,39.0,6000,-0.3121,4,0.2588,0.0288,0,0.0426,0.099,0.2144,0.2293,30.72,37.62,22.2,35.81,0.2,0.5,67.3,59.31,44.81,32.7
77,1,CA1-V1,93.0,0.5349,0.7421,44.0,6000,-0.0794,4,0.0786,0.0498,0,0.0588,0.1011,0.2441,0.2433,23.88,28.98,26.65,30.84,0.5,0.5,72.63,83.97,43.2,36.18
77,1,CA1-V1,98.0,0.564,0.7778,49.0,6000,0.1397,1,0.0098,0.0351,0,0.0615,0.1041,0.2897,0.2433,38.79,34.3,26.88,27.37,1.0,1.0,47.41,89.74,23.61,43.8
77,1,CA1-V1,103.0,0.593,0.8654,54.0,6000,0.1566,2,0.0172,-0.0032,0,0.0496,0.1352,0.2694,0.2412,32.68,51.57,25.43,23.99,0.5,0.5,47.48,56.95,33.36,22.59
77,1,CA1-V1,108.0,0.6221,0.7919,59.0,6000,-0.0318,0,0.0,-0.0592,0,0.0378,0.1068,0.2524,0.2539,28.01,28.37,20.18,17.54,0.5,0.5,41.1,47.13,26.56,33.63
77,1,CA1-V1,113.0,0.6512,0.706,64.0,6000,-0.0438,3,0.0477,-0.0365,0,0.0478,0.0912,0.2653,0.2579,72.14,79.72,10.3,12.23,0.5,0.5,68.74,85.46,35.97,21.24
77,1,CA1-V1,118.0,0.6802,0.5711,69.0,6000,-0.0888,5,0.1018,-0.0259,0,0.0513,0.0678,0.2248,0.245,69.21,80.78,12.2,16.07,0.5,1.0,85.39,63.54,45.96,46.24
77,1,CA1-V1,123.0,0.7093,0.619,74.0,6000,-0.0759,5,0.0956,-0.0129,0,0.0503,0.0863,0.2241,0.2255,33.94,31.05,17.83,19.94,1.0,0.5,64.47,87.18,31.07,42.46
77,1,CA1-V1,128.0,0.7384,0.6043,79.0,6000,-0.088,7,0.1663,-0.0212,0,0.0422,0.0813,0.1866,0.1573,42.41,36.57,11.95,20.28,0.2,0.2,76.44,77.09,43.24,35.66
77,1,CA1-V1,133.0,0.7674,0.6724,84.0,6000,-0.1221,3,0.2191,-0.0157,0,0.0406,0.1246,0.1823,0.2158,54.38,51.5,16.51,23.48,0.5,0.5,68.59,80.06,46.45,39.56
77,1,CA1-V1,138.0,0.7965,0.6747,89.0,6000,-0.0954,3,0.0648,0.0105,0,0.0584,0.1072,0.2128,0.2378,31.96,30.12,14.21,14.93,1.0,1.0,65.97,85.71,35.31,36.0
77,1,CA1-V1,143.0,0.8256,0.5894,94.0,6000,0.1101,2,0.016,0.0582,0,0.0754,0.1352,0.1965,0.261,74.57,89.61,13.12,21.37,0.5,1.0,60.52,84.9,31.18,41.26
77,1,CA1-V1,148.0,0.8547,0.5604,99.0,6000,0.4697,4,0.232,0.0074,0,0.0589,0.1268,0.1902,0.211,40.09,68.41,23.83,24.24,0.5,1.0,86.17,78.06,39.82,28.19
77,1,CA1-V1,153.0,0.8837,0.6351,104.0,6000,0.2867,3,0.0779,-0.0123,0,0.0676,0.1195,0.2035,0.2326,55.34,43.2,16.46,24.36,1.0,1.0,79.19,76.27,51.74,34.28
77,1,CA1-V1,158.0,0.9128,0.7699,109.0,6000,0.1068,1,0.0057,0.0102,0,0.0866,0.1595,0.1941,0.156,64.97,59.03,22.53,30.71,0.5,1.0,65.36,75.12,46.47,40.37
77,1,CA1-V1,163.0,0.9419,0.8881,114.0,6000,0.1138,1,0.0065,0.065,0,0.1003,0.1811,0.1577,0.1718,23.32,41.14,28.77,32.35,1.0,0.5,54.3,50.19,40.85,46.71
77,1,CA1-SUB,8.0,0.0407,0.0973,-41.0,6000,-0.1948,2,0.0401,-0.0105,-7,0.2247,0.2714,0.2727,0.0888,nan,nan,nan,nan,,,89.85,89.96,70.68,89.37
77,1,CA1-SUB,13.0,0.0698,0.1004,-36.0,6000,-0.1273,3,0.0546,-0.0068,9,0.1911,0.1755,0.2189,0.1742,86.81,65.37,48.13,60.57,0.2,1.0,88.1,64.24,71.4,44.66
77,1,CA1-SUB,18.0,0.0988,0.1395,-31.0,6000,0.1932,3,0.0652,0.0047,9,0.2122,0.0952,0.1641,0.1122,82.0,64.1,86.93,66.02,0.5,1.0,89.94,88.87,77.95,60.15
77,1,CA1-SUB,23.0,0.1279,0.1748,-26.0,6000,0.0129,0,0.0,0.0398,6,0.2094,0.078,0.1237,0.1033,81.18,57.75,89.09,83.87,1.0,0.3333,84.9,78.12,69.59,56.85
77,1,CA1-SUB,28.0,0.157,0.2549,-21.0,6000,-0.02,0,0.0,-0.0096,-6,0.171,0.0705,0.2247,0.083,84.67,69.15,85.74,79.75,0.5,0.3333,75.01,88.84,59.26,62.72
77,1,CA1-SUB,33.0,0.186,0.2799,-16.0,6000,-0.0316,0,0.0,0.009,4,0.1397,0.1233,0.1424,0.1778,64.02,76.1,46.6,46.33,0.5,0.3333,73.11,71.49,78.98,71.27
77,1,CA1-SUB,38.0,0.2151,0.3503,-11.0,6000,0.2011,3,0.0581,0.068,10,0.1402,0.1479,0.1295,0.1494,83.3,53.96,55.42,22.26,0.5,1.0,79.37,78.84,54.77,79.31
77,1,CA1-SUB,43.0,0.2442,0.4091,-6.0,6000,0.0198,0,0.0,-0.0074,-1,0.1084,0.1394,0.2052,0.1131,45.17,25.1,46.5,35.25,0.5,0.3333,88.38,75.6,75.89,59.89
77,1,CA1-SUB,48.0,0.2733,0.5284,-1.0,6000,0.0091,0,0.0,0.0848,1,0.0773,0.1955,0.2212,0.2,89.2,82.86,48.46,51.82,0.2,0.3333,89.38,77.56,81.57,68.96
77,1,CA1-SUB,53.0,0.3023,0.6026,4.0,6000,0.1314,2,0.0175,0.0949,1,0.085,0.1193,0.2411,0.2851,51.31,46.23,76.36,70.76,0.2,1.0,62.9,82.82,71.05,64.19
77,1,CA1-SUB,58.0,0.3314,0.7004,9.0,6000,0.1507,4,0.0635,0.0048,2,0.1424,0.1879,0.1658,0.1929,62.66,88.22,23.41,33.03,0.2,1.0,87.54,76.31,89.97,76.98
77,1,CA1-SUB,63.0,0.3605,0.6528,14.0,6000,-0.1871,2,0.0114,-0.0012,-1,0.1397,0.1595,0.2176,0.1251,45.51,42.53,69.69,82.0,1.0,1.0,84.1,80.26,88.94,86.36
77,1,CA1-SUB,68.0,0.3895,0.6444,19.0,6000,-0.1118,1,0.0184,0.0147,10,0.1302,0.1449,0.1877,0.1743,76.74,48.82,84.99,84.37,0.2,0.3333,81.62,72.61,67.49,45.45
77,1,CA1-SUB,73.0,0.4186,0.5559,24.0,6000,0.0177,0,0.0,0.0475,6,0.1289,0.0941,0.2016,0.1525,54.34,40.0,52.63,36.41,0.2,1.0,86.31,75.29,75.93,56.55
77,1,CA1-SUB,78.0,0.4477,0.6248,29.0,6000,0.0387,0,0.0,0.0167,0,0.093,0.0541,0.1784,0.2317,74.6,87.77,32.66,21.57,0.5,1.0,71.09,59.53,85.39,89.64
77,1,CA1-SUB,83.0,0.4767,0.6979,34.0,6000,-0.1688,3,0.0484,-0.0098,2,0.0974,0.0749,0.1662,0.2049,63.58,55.38,56.4,60.57,0.5,0.3333,74.96,74.72,77.65,48.98
77,1,CA1-SUB,88.0,0.5058,0.7147,39.0,6000,-0.1964,2,0.0382,-0.0111,-8,0.0984,0.1165,0.1814,0.222,60.69,42.33,61.42,75.33,0.5,0.3333,69.78,82.31,82.2,75.49
77,1,CA1-SUB,93.0,0.5349,0.7421,44.0,6000,0.0269,0,0.0,0.0194,0,0.1421,0.1026,0.1693,0.1297,36.35,46.91,84.03,76.45,0.5,0.3333,63.5,53.74,89.25,76.08
77,1,CA1-SUB,98.0,0.564,0.7778,49.0,6000,0.0446,0,0.0,0.0477,0,0.092,0.1063,0.2101,0.1806,54.18,24.03,34.1,21.83,0.5,0.3333,62.52,42.31,52.94,45.87
77,1,CA1-SUB,103.0,0.593,0.8654,54.0,6000,0.0508,0,0.0,0.0179,0,0.1708,0.1221,0.1727,0.2758,49.82,54.32,20.4,32.37,0.5,1.0,55.87,68.01,87.83,80.59
77,1,CA1-SUB,108.0,0.6221,0.7919,59.0,6000,0.0215,2,0.027,0.0056,8,0.096,0.073,0.1982,0.185,51.11,43.65,49.12,33.54,0.2,1.0,86.13,78.09,86.56,87.53
77,1,CA1-SUB,113.0,0.6512,0.706,64.0,6000,-0.0966,1,0.0078,0.0377,1,0.1123,0.0918,0.1138,0.098,69.84,85.69,51.65,46.55,0.0,0.0,87.41,84.67,89.17,88.93
77,1,CA1-SUB,118.0,0.6802,0.5711,69.0,6000,-0.1489,2,0.0204,0.0452,0,0.1649,0.0843,0.2873,0.2352,54.35,84.6,81.38,66.95,0.5,0.3333,73.47,52.12,65.6,26.83
77,1,CA1-SUB,123.0,0.7093,0.619,74.0,6000,0.1993,6,0.1403,-0.0004,0,0.1461,0.1157,0.1601,0.1552,77.92,56.6,21.0,25.88,0.5,0.3333,67.09,78.77,60.1,68.86
77,1,CA1-SUB,128.0,0.7384,0.6043,79.0,6000,-0.1593,2,0.0333,0.0359,0,0.1539,0.1312,0.2726,0.2196,65.82,62.21,89.42,77.37,0.2,1.0,81.6,60.64,55.02,79.19
77,1,CA1-SUB,133.0,0.7674,0.6724,84.0,6000,0.22,2,0.0388,-0.0163,-3,0.1104,0.1067,0.2194,0.2174,61.09,81.39,35.32,51.54,0.5,1.0,84.99,78.22,86.67,67.5
77,1,CA1-SUB,138.0,0.7965,0.6747,89.0,6000,0.1763,2,0.0346,-0.0622,0,0.2075,0.118,0.2212,0.2041,85.68,54.41,32.68,37.59,0.5,1.0,88.37,83.54,51.61,88.85
77,1,CA1-SUB,143.0,0.8256,0.5894,94.0,6000,-0.0542,1,0.0135,-0.0138,-10,0.1155,0.1175,0.1689,0.1503,71.12,55.89,82.06,69.74,0.2,1.0,80.82,84.88,80.46,68.72
77,1,CA1-SUB,148.0,0.8547,0.5604,99.0,6000,0.1768,3,0.0408,-0.0252,-4,0.1113,0.1691,0.1675,0.1229,62.2,69.23,53.13,31.44,0.5,0.3333,82.56,72.1,69.32,67.34
77,1,CA1-SUB,153.0,0.8837,0.6351,104.0,6000,-0.0311,2,0.0376,0.0078,0,0.1155,0.966,0.3334,0.4164,52.42,69.78,78.94,44.52,0.2,1.0,76.83,63.5,18.61,0.08
77,1,CA1-SUB,158.0,0.9128,0.7699,109.0,6000,0.0124,0,0.0,0.0246,4,0.1358,0.1524,0.1407,0.1857,53.15,66.98,80.29,78.62,0.2,0.3333,83.92,88.7,79.7,60.29
77,1,CA1-SUB,163.0,0.9419,0.8881,114.0,6000,-0.0384,0,0.0,-0.0053,3,0.2051,0.2343,0.1388,0.1066,66.45,49.16,62.94,60.19,1.0,0.3333,87.33,79.48,55.71,88.79
77,1,RSC-SUB,8.0,0.0407,0.0973,-41.0,6000,0.1535,3,0.0498,0.0334,0,0.3958,0.2681,0.2861,0.1384,nan,nan,nan,nan,,,64.57,68.53,77.4,80.51
77,1,RSC-SUB,13.0,0.0698,0.1004,-36.0,6000,0.1968,2,0.0379,0.0868,0,0.377,0.1703,0.2722,0.1533,45.42,22.72,70.44,58.02,0.443,1.0,70.17,46.18,61.8,46.6
77,1,RSC-SUB,18.0,0.0988,0.1395,-31.0,6000,0.1787,1,0.0162,0.0871,0,0.374,0.092,0.2337,0.1489,54.56,25.43,51.79,24.87,0.4615,1.0,73.57,49.95,61.64,35.67
77,1,RSC-SUB,23.0,0.1279,0.1748,-26.0,6000,0.2273,2,0.0418,0.0619,0,0.3514,0.0827,0.267,0.1219,73.79,57.7,41.78,30.62,0.425,0.3333,65.66,36.53,66.88,41.97
77,1,RSC-SUB,28.0,0.157,0.2549,-21.0,6000,0.2845,2,0.055,0.0619,0,0.34,0.0669,0.2538,0.1421,50.51,21.77,39.5,19.14,0.5405,0.3333,72.0,53.38,40.81,16.96
77,1,RSC-SUB,33.0,0.186,0.2799,-16.0,6000,0.3416,3,0.097,0.0299,0,0.3341,0.1254,0.2816,0.1602,64.43,51.57,34.6,12.8,0.4615,0.3333,71.49,41.94,41.3,16.82
77,1,RSC-SUB,38.0,0.2151,0.3503,-11.0,6000,0.3267,2,0.0829,0.044,0,0.3319,0.1479,0.2819,0.1406,51.26,44.05,22.27,9.14,0.5,1.0,69.68,42.59,38.11,18.4
77,1,RSC-SUB,43.0,0.2442,0.4091,-6.0,6000,0.247,3,0.0692,0.0388,0,0.3333,0.1336,0.2919,0.1546,48.78,34.31,38.89,30.6,0.5616,0.3333,62.15,27.23,65.9,40.34
77,1,RSC-SUB,48.0,0.2733,0.5284,-1.0,6000,0.1981,2,0.0371,0.1262,2,0.3262,0.1977,0.2734,0.185,37.88,11.43,25.65,9.97,0.4805,0.3333,62.26,83.1,83.05,86.16
77,1,RSC-SUB,53.0,0.3023,0.6026,4.0,6000,0.2004,2,0.0347,0.0724,2,0.3152,0.1177,0.2698,0.207,39.28,19.69,26.42,9.7,0.5616,1.0,72.92,47.23,64.71,58.68
77,1,RSC-SUB,58.0,0.3314,0.7004,9.0,6000,0.2445,1,0.0308,0.0186,0,0.3209,0.1929,0.2765,0.1776,52.12,31.59,36.96,28.2,0.5,1.0,66.52,63.4,46.09,41.89
77,1,RSC-SUB,63.0,0.3605,0.6528,14.0,6000,0.2331,2,0.0521,0.0244,1,0.3197,0.1639,0.2692,0.1566,41.0,22.56,28.7,16.17,0.4805,1.0,70.38,34.62,50.58,34.13
77,1,RSC-SUB,68.0,0.3895,0.6444,19.0,6000,0.194,2,0.049,0.0145,1,0.333,0.1476,0.2672,0.1648,45.12,36.61,30.57,20.99,0.52,0.3333,72.01,42.66,54.46,29.07
77,1,RSC-SUB,73.0,0.4186,0.5559,24.0,6000,0.2044,2,0.0368,0.0087,0,0.3063,0.094,0.2674,0.131,48.2,29.02,63.35,52.23,0.443,1.0,81.37,74.2,86.45,79.24
77,1,RSC-SUB,78.0,0.4477,0.6248,29.0,6000,0.2085,2,0.0322,0.0509,0,0.2929,0.0535,0.266,0.142,50.16,38.86,36.72,25.52,0.443,1.0,76.72,61.41,56.35,35.24
77,1,RSC-SUB,83.0,0.4767,0.6979,34.0,6000,0.1709,2,0.028,0.074,0,0.3084,0.0786,0.2697,0.136,44.4,13.16,40.71,17.36,0.425,0.3333,75.19,80.63,63.22,43.72
77,1,RSC-SUB,88.0,0.5058,0.7147,39.0,6000,0.1578,1,0.0126,0.0406,0,0.3045,0.1202,0.2621,0.1319,51.15,33.2,43.37,22.51,0.3902,0.3333,78.1,74.88,50.73,42.92
77,1,RSC-SUB,93.0,0.5349,0.7421,44.0,6000,0.141,0,0.0,0.0464,0,0.2904,0.1091,0.2495,0.1924,51.68,34.78,41.9,26.78,0.425,0.3333,70.02,58.26,56.96,50.24
77,1,RSC-SUB,98.0,0.564,0.7778,49.0,6000,0.1785,1,0.0162,0.0521,0,0.2964,0.106,0.2671,0.1706,45.99,17.08,36.18,29.44,0.4805,0.0,79.73,65.22,54.54,64.9
77,1,RSC-SUB,103.0,0.593,0.8654,54.0,6000,0.1727,2,0.0273,0.016,-3,0.3051,0.1237,0.2426,0.14,48.93,17.71,39.92,17.16,0.3735,1.0,77.24,73.18,73.53,81.74
77,1,RSC-SUB,108.0,0.6221,0.7919,59.0,6000,0.1795,2,0.0301,0.0005,-3,0.3225,0.0722,0.2499,0.1299,42.69,15.7,51.59,32.44,0.3902,1.0,67.47,63.87,61.17,41.1
77,1,RSC-SUB,113.0,0.6512,0.706,64.0,6000,0.1671,3,0.0418,0.0004,-3,0.3153,0.0966,0.2541,0.1895,45.54,32.13,44.48,31.92,0.5833,0.0,73.97,60.31,86.24,87.18
77,1,RSC-SUB,118.0,0.6802,0.5711,69.0,6000,0.1894,1,0.0183,0.0344,0,0.3119,0.0922,0.2313,0.2081,40.67,30.61,31.66,16.72,0.52,0.3333,71.55,44.44,62.81,41.76
77,1,RSC-SUB,123.0,0.7093,0.619,74.0,6000,0.1723,1,0.0151,0.0318,0,0.3188,0.1142,0.2295,0.2041,57.54,32.93,34.9,12.25,0.5,0.3333,63.47,41.24,54.11,45.82
77,1,RSC-SUB,128.0,0.7384,0.6043,79.0,6000,0.1917,2,0.0302,0.035,0,0.2975,0.1368,0.224,0.2245,53.43,22.48,35.84,13.25,0.5405,1.0,73.16,42.0,60.42,48.06
77,1,RSC-SUB,133.0,0.7674,0.6724,84.0,6000,0.1613,1,0.0132,0.0119,0,0.2844,0.1094,0.2261,0.1636,64.74,71.25,34.35,11.81,0.3571,1.0,86.14,69.94,54.64,51.58
77,1,RSC-SUB,138.0,0.7965,0.6747,89.0,6000,0.1734,1,0.0153,0.001,-1,0.2899,0.1182,0.2261,0.1449,51.52,26.11,38.64,20.78,0.4074,1.0,83.2,89.05,68.99,60.28
77,1,RSC-SUB,143.0,0.8256,0.5894,94.0,6000,0.1207,0,0.0,0.0159,0,0.3169,0.1223,0.216,0.1474,69.57,51.4,42.18,28.32,0.4074,1.0,77.54,80.65,76.53,45.86
77,1,RSC-SUB,148.0,0.8547,0.5604,99.0,6000,0.1061,0,0.0,-0.0331,0,0.3138,0.1747,0.2313,0.1737,64.88,40.62,65.33,34.99,0.3256,0.3333,78.43,85.42,72.11,86.59
77,1,RSC-SUB,153.0,0.8837,0.6351,104.0,6000,0.5609,1,0.1889,-0.0231,0,0.3122,0.9533,0.2963,0.3709,86.42,76.48,70.42,79.58,0.4615,1.0,72.84,43.1,43.33,0.06
77,1,RSC-SUB,158.0,0.9128,0.7699,109.0,6000,0.1984,1,0.0201,-0.0171,0,0.3302,0.1606,0.2265,0.2002,78.85,89.84,83.11,89.84,0.4615,0.3333,82.45,61.75,60.29,33.05
77,1,RSC-SUB,163.0,0.9419,0.8881,114.0,6000,0.1862,1,0.0176,0.0056,0,0.3409,0.2378,0.2282,0.1761,53.97,31.12,44.1,11.38,0.4805,0.3333,81.59,84.39,69.54,47.6
77,1,V1-RSC,8.0,0.0407,0.0973,-41.0,6000,0.5204,2,0.2342,0.0438,0,0.1276,0.3922,0.2475,0.2841,nan,nan,nan,nan,,,65.48,66.07,21.9,43.51
77,1,V1-RSC,13.0,0.0698,0.1004,-36.0,6000,0.5759,2,0.3135,0.0196,0,0.1087,0.3744,0.2627,0.3118,15.16,42.23,9.6,28.87,1.0,0.4615,51.77,57.84,20.66,34.16
77,1,V1-RSC,18.0,0.0988,0.1395,-31.0,6000,0.6012,2,0.3567,0.0092,0,0.0847,0.3659,0.2596,0.3237,32.64,50.53,25.14,29.63,0.5,0.4805,24.41,57.47,17.94,32.64
77,1,V1-RSC,23.0,0.1279,0.1748,-26.0,6000,0.5927,2,0.3754,0.0124,0,0.0834,0.3369,0.2619,0.3273,16.01,43.17,8.81,22.01,0.5,0.443,30.16,51.67,16.54,30.65
77,1,V1-RSC,28.0,0.157,0.2549,-21.0,6000,0.5776,2,0.3525,0.0091,0,0.0685,0.3081,0.2451,0.3295,22.06,44.57,9.71,21.01,1.0,0.4805,53.76,65.86,16.77,30.62
77,1,V1-RSC,33.0,0.186,0.2799,-16.0,6000,0.5411,2,0.3176,0.0118,0,0.079,0.3142,0.2196,0.3089,26.2,41.46,8.3,26.01,0.5,0.4615,41.19,58.58,15.79,41.75
77,1,V1-RSC,38.0,0.2151,0.3503,-11.0,6000,0.5321,2,0.3083,-0.0053,0,0.0704,0.3179,0.227,0.3044,70.04,63.54,10.35,30.33,1.0,0.4074,69.07,83.58,23.03,45.11
77,1,V1-RSC,43.0,0.2442,0.4091,-6.0,6000,0.5447,2,0.3136,-0.0078,0,0.0675,0.292,0.2381,0.3069,59.83,56.88,16.5,29.86,0.5,0.4805,85.71,75.1,13.06,37.0
77,1,V1-RSC,48.0,0.2733,0.5284,-1.0,6000,0.2603,4,0.3733,0.0155,0,0.0668,0.2997,0.2389,0.3025,41.75,51.42,21.07,35.55,1.0,0.443,35.76,57.26,21.33,31.24
77,1,V1-RSC,53.0,0.3023,0.6026,4.0,6000,0.2795,0,0.0,0.0494,0,0.073,0.2813,0.2125,0.2942,25.77,29.07,8.24,20.7,0.5,0.5616,27.12,49.34,14.25,37.39
77,1,V1-RSC,58.0,0.3314,0.7004,9.0,6000,0.3152,0,0.0,0.0492,0,0.056,0.2761,0.2037,0.2968,36.3,46.02,9.53,24.0,1.0,0.5405,71.11,74.31,15.83,34.55
77,1,V1-RSC,63.0,0.3605,0.6528,14.0,6000,0.518,2,0.2725,0.049,9,0.0265,0.277,0.1934,0.295,15.89,33.89,8.34,25.51,0.2,0.6056,28.52,53.99,38.14,51.15
77,1,V1-RSC,68.0,0.3895,0.6444,19.0,6000,0.4904,2,0.2428,0.0299,10,0.0467,0.2703,0.1975,0.2858,26.45,36.53,10.43,25.27,0.5,0.4615,53.95,61.53,45.86,56.14
77,1,V1-RSC,73.0,0.4186,0.5559,24.0,6000,0.511,2,0.2761,0.0239,8,0.0738,0.2518,0.188,0.2933,24.25,43.33,12.38,26.75,0.5,0.5,61.78,71.94,17.65,40.83
77,1,V1-RSC,78.0,0.4477,0.6248,29.0,6000,0.5077,2,0.2659,0.0251,9,0.0666,0.2619,0.1868,0.2904,22.17,37.67,9.62,23.58,0.2,0.4805,34.71,57.48,25.36,52.18
77,1,V1-RSC,83.0,0.4767,0.6979,34.0,6000,0.504,2,0.2694,0.0398,9,0.0705,0.2841,0.1858,0.3045,19.34,34.93,19.43,35.71,1.0,0.6765,39.35,57.51,19.8,40.37
77,1,V1-RSC,88.0,0.5058,0.7147,39.0,6000,0.35,3,0.332,0.0287,0,0.0536,0.288,0.1909,0.3021,34.98,41.04,9.14,27.7,1.0,0.4805,79.26,79.69,27.41,45.87
77,1,V1-RSC,93.0,0.5349,0.7421,44.0,6000,0.5936,4,0.5112,0.0355,0,0.0316,0.2648,0.1898,0.2979,43.16,47.73,9.42,25.6,1.0,0.4805,37.75,53.67,20.19,43.0
77,1,V1-RSC,98.0,0.564,0.7778,49.0,6000,0.5172,2,0.2438,0.0263,0,0.0349,0.2598,0.1836,0.2983,12.74,35.73,6.74,25.1,0.5,0.5,45.03,56.93,11.22,36.57
77,1,V1-RSC,103.0,0.593,0.8654,54.0,6000,0.5227,2,0.2646,0.0155,0,0.0457,0.2818,0.1861,0.2966,19.72,39.28,9.05,26.71,0.5,0.5,46.55,50.63,21.31,39.76
77,1,V1-RSC,108.0,0.6221,0.7919,59.0,6000,0.4783,2,0.229,0.0029,0,0.0442,0.2893,0.1939,0.2803,15.34,35.8,9.13,26.88,1.0,0.52,45.05,57.13,20.8,41.14
77,1,V1-RSC,113.0,0.6512,0.706,64.0,6000,0.4565,3,0.2735,-0.003,0,0.0502,0.2794,0.2033,0.2807,18.46,29.83,16.98,31.07,0.5,0.6056,52.49,57.97,22.29,43.48
77,1,V1-RSC,118.0,0.6802,0.5711,69.0,6000,0.4663,3,0.2789,0.0102,0,0.0582,0.2768,0.1991,0.2773,11.55,28.56,14.14,29.12,1.0,0.5,30.32,59.32,42.93,59.0
77,1,V1-RSC,123.0,0.7093,0.619,74.0,6000,0.5119,2,0.2781,0.024,0,0.0272,0.2816,0.2108,0.2891,18.41,35.04,8.03,25.56,0.5,0.5405,19.53,45.85,15.75,37.76
77,1,V1-RSC,128.0,0.7384,0.6043,79.0,6000,0.538,2,0.282,0.0271,0,0.0576,0.2867,0.2071,0.2943,18.36,39.36,15.66,30.07,0.5,0.5,45.73,57.89,7.45,36.85
77,1,V1-RSC,133.0,0.7674,0.6724,84.0,6000,0.6412,4,0.5496,0.0245,0,0.0728,0.2663,0.2239,0.2895,11.19,29.5,9.97,26.0,0.5,0.5833,40.66,55.56,12.37,40.93
77,1,V1-RSC,138.0,0.7965,0.6747,89.0,6000,0.5716,2,0.315,0.0098,0,0.0568,0.2632,0.2384,0.2924,20.13,36.84,10.45,20.89,0.5,0.5616,58.74,64.51,15.33,39.45
77,1,V1-RSC,143.0,0.8256,0.5894,94.0,6000,0.5628,2,0.2955,0.0141,0,0.0679,0.2732,0.2111,0.2893,17.53,32.31,8.11,27.0,0.5,0.4805,42.87,54.95,22.07,40.94
77,1,V1-RSC,148.0,0.8547,0.5604,99.0,6000,0.1331,2,0.1523,0.0464,0,0.0973,0.3024,0.178,0.2689,33.39,47.39,20.84,39.89,1.0,0.3735,48.77,69.1,24.59,50.32
77,1,V1-RSC,153.0,0.8837,0.6351,104.0,6000,0.402,2,0.1598,0.0595,10,0.1002,0.3115,0.1796,0.2715,27.49,42.18,13.48,36.55,1.0,0.5833,44.3,62.04,41.64,54.47
77,1,V1-RSC,158.0,0.9128,0.7699,109.0,6000,0.4652,2,0.1978,0.0467,10,0.1035,0.3066,0.1858,0.2815,42.28,58.76,17.3,36.92,0.2,0.52,53.37,61.45,20.51,43.24
77,1,V1-RSC,163.0,0.9419,0.8881,114.0,6000,0.4747,2,0.22,0.0238,10,0.1037,0.3217,0.1953,0.2788,17.18,41.79,12.74,27.28,1.0,0.6056,27.18,52.42,33.66,46.29
98,0,CA1-RSC,8.0,0.0722,0.1732,,6000,0.4045,8,0.2915,0.0564,1,0.3531,0.1954,0.2039,0.2142,nan,nan,nan,nan,,,68.81,69.41,75.31,56.37
98,0,CA1-RSC,13.0,0.1237,0.1927,,6000,0.3181,2,0.0744,0.0199,1,0.3234,0.1645,0.2579,0.2508,51.03,48.78,38.16,33.06,1.0,0.2857,74.01,58.73,39.22,35.64
98,0,CA1-RSC,18.0,0.1753,0.1913,,6000,0.3891,1,0.0821,0.0373,1,0.3875,0.2068,0.297,0.2599,73.72,43.09,31.76,29.64,1.0,0.0588,83.71,66.92,64.8,35.62
98,0,CA1-RSC,23.0,0.2268,0.2079,,6000,0.3551,1,0.0674,0.011,1,0.1909,0.1672,0.268,0.2534,56.49,47.73,36.7,23.68,0.7143,0.2857,70.66,87.02,28.33,31.61
98,0,CA1-RSC,28.0,0.2784,0.2064,,6000,0.3555,1,0.0676,0.0144,1,0.164,0.1532,0.242,0.2551,74.34,44.14,14.37,23.83,0.5,0.2857,69.87,75.23,28.83,34.81
98,0,CA1-RSC,33.0,0.3299,0.1978,,6000,0.3412,1,0.0619,0.0171,1,0.1915,0.1487,0.2399,0.2487,38.25,37.26,26.07,27.99,0.7143,0.125,60.93,82.35,20.85,33.16
98,0,CA1-RSC,38.0,0.3814,0.1971,,6000,0.3161,1,0.0526,0.0172,1,0.1843,0.1613,0.2151,0.2353,43.85,41.96,17.99,23.76,1.0,0.3846,64.31,76.51,26.29,37.25
98,0,CA1-RSC,43.0,0.433,0.1825,,6000,0.2714,1,0.0383,0.0363,1,0.1094,0.1618,0.18,0.2128,81.82,77.03,16.42,21.86,0.2,0.125,61.66,89.8,28.33,35.49
98,0,CA1-RSC,48.0,0.4845,0.1623,,6000,0.3211,1,0.0544,0.026,1,0.1384,0.168,0.2231,0.2188,47.28,50.94,19.27,26.46,0.5,0.5,63.86,56.39,32.83,38.59
98,0,CA1-RSC,53.0,0.5361,0.174,,6000,0.3203,1,0.0541,-0.0082,1,0.1382,0.1594,0.2408,0.2355,82.39,82.8,13.61,18.48,1.0,0.2857,68.07,84.06,23.4,40.92
98,0,CA1-RSC,58.0,0.5876,0.1459,,6000,0.397,11,0.3276,-0.0493,-2,0.1532,0.1854,0.1962,0.2066,67.77,86.09,22.3,35.12,0.7143,0.2,87.69,78.04,34.98,35.1
98,0,CA1-RSC,63.0,0.6392,0.1683,,6000,0.3831,9,0.2427,-0.0328,-2,0.1363,0.1913,0.1707,0.179,36.02,40.51,15.81,16.73,1.0,0.2857,82.75,83.79,32.72,33.62
98,0,CA1-RSC,68.0,0.6907,0.1513,,6000,-0.0171,8,0.2041,-0.0323,-2,0.1049,0.194,0.1631,0.1816,32.8,46.72,17.39,30.48,0.7143,0.3846,52.45,63.47,35.34,47.76
98,0,CA1-RSC,73.0,0.7423,0.1738,,6000,0.2514,1,0.0326,-0.0229,0,0.1286,0.2113,0.1683,0.1855,86.47,86.78,19.84,35.07,0.7143,0.3846,87.33,85.7,29.65,47.44
98,0,CA1-RSC,78.0,0.7938,0.1596,,6000,0.2787,1,0.0404,-0.0153,1,0.1309,0.2078,0.1705,0.1926,63.04,61.8,11.37,14.06,0.7143,0.5,79.47,86.67,28.99,38.23
98,0,CA1-RSC,83.0,0.8454,0.1867,,6000,0.2791,1,0.0406,-0.0072,1,0.128,0.1799,0.19,0.1822,40.16,44.74,16.92,23.54,0.7143,0.5,77.33,74.87,26.2,33.28
98,0,CA1-RSC,88.0,0.8969,0.2005,,6000,0.2327,1,0.0278,-0.0033,1,0.1574,0.2048,0.1767,0.1775,50.16,61.98,11.14,21.41,0.5,0.2857,52.36,55.37,34.39,34.13
98,0,CA1-CA3,8.0,0.0722,0.1732,,6000,0.5242,3,0.2442,-0.0148,0,0.3188,0.1296,0.5296,0.4167,nan,nan,nan,nan,,,75.35,28.53,43.95,27.73
98,0,CA1-CA3,13.0,0.1237,0.1927,,6000,0.6375,3,0.3678,0.0136,0,0.336,0.0815,0.5174,0.4405,38.13,6.41,17.72,7.13,0.5,1.0,82.01,14.3,20.56,8.27
98,0,CA1-CA3,18.0,0.1753,0.1913,,6000,0.6513,3,0.3896,0.0166,0,0.2739,0.0577,0.5275,0.4616,33.44,6.1,10.24,2.44,0.3333,1.0,75.25,16.8,59.77,3.81
98,0,CA1-CA3,23.0,0.2268,0.2079,,6000,0.6396,3,0.3702,0.01,0,0.2634,0.0417,0.5292,0.4511,29.86,3.02,10.91,4.4,0.7143,0.3333,53.96,9.1,36.46,4.21
98,0,CA1-CA3,28.0,0.2784,0.2064,,6000,0.6326,3,0.3368,-0.0029,0,0.2137,0.0376,0.5226,0.4738,24.03,1.99,9.53,4.64,0.3333,1.0,50.53,10.38,19.33,10.93
98,0,CA1-CA3,33.0,0.3299,0.1978,,6000,0.6148,3,0.3303,-0.0058,0,0.2513,0.0644,0.5206,0.4352,29.38,5.28,13.0,6.97,0.2,1.0,43.23,17.18,18.41,7.19
98,0,CA1-CA3,38.0,0.3814,0.1971,,6000,0.6103,3,0.3224,-0.0022,0,0.3213,0.1448,0.5181,0.4242,37.68,3.61,10.29,3.85,0.5,1.0,54.74,25.47,24.12,3.7
98,0,CA1-CA3,43.0,0.433,0.1825,,6000,0.6181,3,0.3163,-0.0041,0,0.2814,0.0737,0.5134,0.4613,26.02,5.44,14.88,8.36,0.3333,0.3333,53.23,28.33,13.5,8.14
98,0,CA1-CA3,48.0,0.4845,0.1623,,6000,0.6442,3,0.3415,0.0069,0,0.3482,0.0339,0.5056,0.4346,33.61,9.87,13.41,4.98,0.3333,0.0,40.82,13.37,17.64,7.96
98,0,CA1-CA3,53.0,0.5361,0.174,,6000,0.6399,3,0.3399,0.0,0,0.3285,0.1002,0.5026,0.4168,18.93,2.57,11.85,1.06,0.5,0.3333,31.12,17.97,17.78,3.87
98,0,CA1-CA3,58.0,0.5876,0.1459,,6000,0.542,3,0.2256,0.0023,0,0.3707,0.0962,0.514,0.4251,23.75,8.56,8.1,3.8,0.5,1.0,23.43,62.05,14.3,24.64
98,0,CA1-CA3,63.0,0.6392,0.1683,,6000,0.571,3,0.2468,0.0026,0,0.365,0.0872,0.5034,0.4344,19.53,1.29,8.29,1.03,0.5,1.0,29.49,72.41,15.13,9.36
98,0,CA1-CA3,68.0,0.6907,0.1513,,6000,0.5771,3,0.249,-0.0212,0,0.3841,0.072,0.4994,0.445,20.86,1.33,7.36,2.85,0.7143,1.0,38.88,72.26,15.28,23.03
98,0,CA1-CA3,73.0,0.7423,0.1738,,6000,0.6698,3,0.4264,-0.0182,0,0.392,0.9293,0.4682,0.3105,40.37,89.0,10.95,74.66,0.5,1.0,23.89,2.74,14.14,4.53
98,0,CA1-CA3,78.0,0.7938,0.1596,,6000,0.6615,4,0.396,0.0018,0,0.3866,0.9293,0.4706,0.3216,12.75,5.66,8.74,5.91,0.7143,1.0,23.35,4.98,15.61,10.66
98,0,CA1-CA3,83.0,0.8454,0.1867,,6000,0.6668,4,0.4031,-0.0066,0,0.3827,0.9322,0.4708,0.3154,12.69,4.06,6.48,14.96,0.5,1.0,21.54,9.74,17.59,81.28
98,0,CA1-CA3,88.0,0.8969,0.2005,,6000,0.6664,4,0.4206,0.003,0,0.3187,0.9355,0.4535,0.2936,19.56,8.39,7.12,51.22,0.7143,1.0,33.53,10.3,15.13,11.71
100,0,CA1-RSC,8.0,0.0412,0.0667,,6000,0.2953,3,0.0751,0.0107,0,0.2908,0.3365,0.0856,0.0778,nan,nan,nan,nan,,,89.37,81.76,61.06,52.67
100,0,CA1-RSC,13.0,0.0706,0.0991,,6000,0.1249,0,0.0,-0.0027,0,0.2967,0.3275,0.0681,0.0804,70.42,71.81,65.88,64.35,0.6364,0.5385,83.34,81.62,77.09,72.95
100,0,CA1-RSC,18.0,0.1,0.1052,,6000,0.1574,1,0.0125,0.0042,0,0.2937,0.321,0.0725,0.0778,89.08,76.45,37.96,34.2,0.6364,0.5385,82.67,80.59,66.95,66.29
100,0,CA1-RSC,23.0,0.1294,0.1117,,6000,0.071,0,0.0,0.0023,0,0.2815,0.3018,0.0662,0.0744,86.49,79.98,78.47,68.87,0.7143,0.4286,89.1,87.87,85.27,85.21
100,0,CA1-RSC,28.0,0.1588,0.0962,,6000,0.0757,0,0.0,0.0048,0,0.2758,0.2938,0.0703,0.0758,47.73,61.53,57.22,57.37,0.5652,0.5385,84.49,88.92,81.16,81.11
100,0,CA1-RSC,33.0,0.1882,0.0899,,6000,0.0979,0,0.0,0.0136,0,0.3111,0.2767,0.0787,0.0867,79.96,78.26,49.78,50.18,0.6364,0.7391,85.92,81.85,58.46,70.32
100,0,CA1-RSC,38.0,0.2176,0.1103,,6000,0.0711,0,0.0,-0.0162,0,0.2982,0.2752,0.0692,0.0749,87.6,87.72,89.08,89.29,0.6364,0.4286,86.71,85.2,78.34,80.73
100,0,CA1-RSC,43.0,0.2471,0.1145,,6000,0.0587,0,0.0,-0.0037,0,0.2925,0.2812,0.0688,0.0655,71.5,64.1,57.83,58.42,0.6364,0.6,84.94,88.24,86.28,87.59
100,0,CA1-RSC,48.0,0.2765,0.1515,,6000,0.0511,0,0.0,0.0157,0,0.2574,0.2883,0.0698,0.0707,77.53,83.87,71.9,75.7,0.6364,0.6667,89.92,81.83,75.43,81.34
100,0,CA1-RSC,53.0,0.3059,0.1706,,6000,0.076,0,0.0,0.0154,0,0.2412,0.2695,0.0727,0.0769,82.68,77.08,42.17,43.52,0.5652,0.3793,87.16,83.15,67.54,64.95
100,0,CA1-RSC,58.0,0.3353,0.1662,,6000,0.1341,0,0.0,0.0082,0,0.2385,0.259,0.0659,0.0748,88.49,87.94,45.74,36.1,0.5,0.6667,81.12,86.44,75.16,66.46
100,0,CA1-RSC,63.0,0.3647,0.1375,,6000,0.1333,0,0.0,-0.0026,0,0.2405,0.2393,0.0691,0.0751,62.97,68.9,45.47,39.63,0.7143,0.5385,88.0,75.18,87.86,89.97
100,0,CA1-RSC,68.0,0.3941,0.112,,6000,0.1316,0,0.0,0.0283,0,0.2358,0.2496,0.0601,0.0732,72.3,69.04,42.95,45.35,0.5652,0.6667,88.78,80.11,65.73,80.44
100,0,CA1-RSC,73.0,0.4235,0.171,,6000,0.0868,0,0.0,0.0075,0,0.2234,0.2492,0.0624,0.0728,77.55,79.64,48.74,43.68,0.44,0.6,78.28,79.16,74.99,72.58
100,0,CA1-RSC,78.0,0.4529,0.145,,6000,0.1066,0,0.0,0.0167,0,0.2584,0.2844,0.0688,0.0732,84.29,84.16,46.53,50.71,0.5652,0.6,72.94,75.03,63.91,71.29
100,0,CA1-RSC,83.0,0.4824,0.2107,,6000,0.1304,0,0.0,0.0236,0,0.2759,0.2753,0.0667,0.069,71.35,65.62,38.13,46.75,0.5,0.4815,83.22,87.87,66.79,59.62
100,0,CA1-RSC,88.0,0.5118,0.1446,,6000,0.1044,0,0.0,-0.0082,0,0.2608,0.2731,0.0676,0.0698,86.2,85.91,53.14,62.27,0.44,0.6667,88.7,81.84,72.79,71.64
100,0,CA1-RSC,93.0,0.5412,0.1787,,6000,0.0933,0,0.0,0.0016,0,0.2516,0.2774,0.065,0.067,55.14,53.97,47.12,47.88,0.5,0.5385,89.1,83.72,67.58,83.14
100,0,CA1-RSC,98.0,0.5706,0.1419,,6000,0.0849,0,0.0,0.01,0,0.2556,0.2743,0.0785,0.0722,61.07,59.83,45.47,48.99,0.5652,0.5385,87.92,86.92,80.07,84.16
100,0,CA1-RSC,103.0,0.6,0.1262,,6000,0.1287,0,0.0,0.0235,0,0.2479,0.2546,0.076,0.0677,78.29,81.66,34.43,40.25,0.5,0.5385,88.72,82.42,65.21,67.99
100,0,CA1-RSC,108.0,0.6294,0.1841,,6000,0.1044,0,0.0,0.0217,0,0.2539,0.2432,0.0791,0.0813,76.67,75.63,41.61,44.07,0.6364,0.4286,76.41,85.54,62.06,72.51
100,0,CA1-RSC,113.0,0.6588,0.209,,6000,0.1149,0,0.0,-0.0021,0,0.2626,0.2686,0.0717,0.0726,84.73,78.83,32.99,40.86,0.5,0.4815,80.75,83.29,72.08,63.56
100,0,CA1-RSC,118.0,0.6882,0.1979,,6000,0.111,0,0.0,0.0026,0,0.2588,0.2816,0.0728,0.0728,88.69,84.96,27.36,33.68,0.5652,0.4815,80.77,82.7,68.17,59.74
100,0,CA1-RSC,123.0,0.7176,0.1243,,6000,0.1495,0,0.0,-0.0057,0,0.2635,0.289,0.0742,0.0751,64.02,65.07,36.96,41.23,0.5652,0.6667,88.64,84.05,71.28,67.4
100,0,CA1-RSC,128.0,0.7471,0.0813,,6000,0.1941,1,0.0192,-0.0255,0,0.2626,0.2395,0.0821,0.0857,71.71,81.14,50.88,51.82,0.3846,0.2903,82.09,88.28,54.96,66.95
100,0,CA1-RSC,133.0,0.7765,0.0813,,6000,0.1833,1,0.0171,0.0024,0,0.2665,0.2693,0.0807,0.0777,72.94,77.61,36.85,35.7,0.5652,0.4286,85.07,89.77,46.64,56.52
100,0,CA1-RSC,138.0,0.8059,0.1324,,6000,0.1699,1,0.0146,-0.0065,0,0.2895,0.2728,0.0825,0.0849,59.41,54.54,26.48,28.36,0.6364,0.6667,89.46,76.9,58.66,67.85
100,0,CA1-RSC,143.0,0.8353,0.1061,,6000,0.3997,6,0.1994,0.0018,0,0.2985,0.2457,0.0695,0.0619,79.08,77.24,61.4,63.85,0.44,0.3333,81.92,85.64,69.39,71.78
100,0,CA1-RSC,148.0,0.8647,0.1211,,6000,0.1161,0,0.0,0.0042,0,0.2764,0.2764,0.0603,0.0699,78.37,83.44,57.14,46.94,0.44,0.6,88.32,80.81,67.23,68.16
100,0,CA1-RSC,153.0,0.8941,0.0433,,6000,0.3572,8,0.2117,0.0026,0,0.268,0.302,0.0652,0.0643,84.52,82.16,43.71,47.91,0.44,0.4286,89.53,86.39,55.31,68.4
100,0,CA1-RSC,158.0,0.9235,0.015,,6000,0.288,8,0.1524,-0.0001,0,0.2717,0.2987,0.0686,0.07,89.81,88.88,32.54,40.52,0.6364,0.5385,88.67,89.53,61.54,74.21
100,0,CA1-RSC,163.0,0.9529,0.0333,,6000,0.2701,8,0.161,0.0205,0,0.2895,0.3088,0.0769,0.066,78.7,73.97,44.66,49.23,0.3846,0.3793,82.55,84.1,66.82,67.43
100,0,CA1-DG,8.0,0.0412,0.0667,,6000,0.5953,2,0.2854,-0.0398,0,0.2946,0.4031,0.3426,0.3636,nan,nan,nan,nan,,,59.81,62.25,26.25,27.93
100,0,CA1-DG,13.0,0.0706,0.0991,,6000,0.5841,2,0.2788,-0.022,0,0.303,0.3967,0.3449,0.3522,52.32,53.52,17.53,23.15,0.6364,0.5625,67.01,67.15,25.75,33.67
100,0,CA1-DG,18.0,0.1,0.1052,,6000,0.6079,9,0.4547,-0.0261,0,0.2897,0.4006,0.3274,0.3335,57.17,65.74,19.2,25.39,0.5652,0.5625,50.09,47.39,25.13,34.94
100,0,CA1-DG,23.0,0.1294,0.1117,,6000,0.5165,3,0.2274,-0.0399,0,0.2797,0.3692,0.3032,0.3159,43.91,52.71,17.08,29.42,0.5652,0.6129,64.27,74.7,26.64,31.07
100,0,CA1-DG,28.0,0.1588,0.0962,,6000,0.5263,3,0.2268,-0.0356,0,0.2713,0.366,0.3186,0.3203,39.36,42.55,22.16,19.2,0.5,0.5152,56.34,56.5,29.1,34.84
100,0,CA1-DG,33.0,0.1882,0.0899,,6000,0.5465,3,0.2453,-0.0225,0,0.3021,0.3854,0.3231,0.3276,41.1,41.64,17.21,19.71,0.5652,0.6667,48.43,63.29,27.3,35.36
100,0,CA1-DG,38.0,0.2176,0.1103,,6000,0.5142,3,0.2336,-0.0189,0,0.2932,0.3549,0.328,0.328,30.44,38.99,21.92,22.89,0.5,0.6667,61.82,73.46,27.74,31.9
100,0,CA1-DG,43.0,0.2471,0.1145,,6000,0.5273,3,0.2431,-0.0211,0,0.2858,0.3531,0.3335,0.3366,26.41,30.1,21.36,23.04,0.6364,0.5625,53.7,54.22,28.54,33.17
100,0,CA1-DG,48.0,0.2765,0.1515,,6000,0.5474,2,0.2391,-0.0455,0,0.254,0.3602,0.3264,0.3371,37.29,41.85,19.76,22.41,0.6364,0.6667,54.16,57.33,25.22,28.06
100,0,CA1-DG,53.0,0.3059,0.1706,,6000,0.5624,2,0.2636,-0.0473,0,0.2462,0.3688,0.325,0.3292,39.29,44.94,17.06,17.97,0.6364,0.5625,85.98,82.26,21.78,33.71
100,0,CA1-DG,58.0,0.3353,0.1662,,6000,0.5537,2,0.2627,-0.048,0,0.2377,0.3886,0.3273,0.3262,79.33,80.03,14.4,18.32,0.5,0.6129,63.79,73.26,23.75,37.18
100,0,CA1-DG,63.0,0.3647,0.1375,,6000,0.5484,2,0.2511,-0.0238,0,0.2381,0.3584,0.328,0.329,35.53,36.73,18.72,20.92,0.6364,0.6129,57.63,61.27,28.17,30.29
100,0,CA1-DG,68.0,0.3941,0.112,,6000,0.5497,2,0.2377,-0.031,0,0.2359,0.3667,0.3244,0.3227,54.43,64.29,18.87,18.92,0.5652,0.4286,68.26,74.69,30.65,27.44
100,0,CA1-DG,73.0,0.4235,0.171,,6000,0.5492,4,0.2516,-0.0244,0,0.2243,0.3663,0.3181,0.3297,39.05,48.28,18.0,22.43,0.44,0.6129,56.89,50.16,32.08,30.91
100,0,CA1-DG,78.0,0.4529,0.145,,6000,0.5599,3,0.2457,-0.047,0,0.2588,0.3896,0.3275,0.3348,40.39,36.16,20.24,20.16,0.5652,0.4706,70.11,72.19,25.42,32.82
100,0,CA1-DG,83.0,0.4824,0.2107,,6000,0.5547,3,0.2357,-0.033,0,0.2745,0.3877,0.3223,0.3306,33.68,37.74,17.04,19.05,0.5652,0.5152,55.15,62.66,25.27,28.16
100,0,CA1-DG,88.0,0.5118,0.1446,,6000,0.5353,2,0.2081,-0.0183,0,0.2595,0.38,0.3126,0.3176,62.31,63.75,14.59,17.63,0.5652,0.5625,87.05,82.15,26.89,30.29
100,0,CA1-DG,93.0,0.5412,0.1787,,6000,0.5498,3,0.2414,-0.017,0,0.2506,0.3837,0.322,0.3198,53.0,52.49,16.35,17.41,0.5652,0.6129,62.61,62.74,23.41,23.67
100,0,CA1-DG,98.0,0.5706,0.1419,,6000,0.5468,4,0.2739,-0.0129,0,0.2529,0.3431,0.3176,0.3258,43.69,47.3,14.86,19.0,0.44,0.5625,53.9,66.21,26.02,24.48
100,0,CA1-DG,103.0,0.6,0.1262,,6000,0.5418,3,0.247,-0.0075,0,0.248,0.3624,0.3027,0.3196,28.58,30.27,15.69,18.05,0.6364,0.6129,87.82,89.7,25.15,30.4
100,0,CA1-DG,108.0,0.6294,0.1841,,6000,0.5402,3,0.2335,-0.0086,0,0.2502,0.3947,0.3158,0.3255,31.93,40.89,16.1,22.55,0.6364,0.5625,74.05,64.06,24.18,25.86
100,0,CA1-DG,113.0,0.6588,0.209,,6000,0.5419,2,0.2256,-0.0334,0,0.26,0.3812,0.3238,0.3184,61.89,56.06,19.45,21.91,0.5652,0.7241,72.27,77.25,27.48,24.43
100,0,CA1-DG,118.0,0.6882,0.1979,,6000,0.5315,2,0.2184,-0.0139,0,0.2614,0.3698,0.3259,0.3248,43.13,48.18,16.47,17.36,0.5652,0.6667,77.04,71.5,28.81,26.99
100,0,CA1-DG,123.0,0.7176,0.1243,,6000,0.5324,2,0.2149,-0.0222,0,0.2595,0.3619,0.3062,0.3212,33.84,36.44,16.02,18.91,0.5652,0.5625,81.07,77.43,27.01,26.88
100,0,CA1-DG,128.0,0.7471,0.0813,,6000,0.538,4,0.2462,-0.0157,0,0.2591,0.374,0.3136,0.3208,32.9,36.45,19.6,16.44,0.44,0.6667,89.3,82.22,29.67,29.01
100,0,CA1-DG,133.0,0.7765,0.0813,,6000,0.5369,3,0.2332,-0.0178,0,0.2661,0.3958,0.3096,0.3228,39.79,45.19,17.56,15.38,0.5652,0.5625,72.07,60.7,24.91,31.85
100,0,CA1-DG,138.0,0.8059,0.1324,,6000,0.537,3,0.2438,-0.0176,0,0.2863,0.4029,0.3114,0.3294,37.98,37.33,15.34,18.54,0.7143,0.6129,85.99,76.74,27.39,35.57
100,0,CA1-DG,143.0,0.8353,0.1061,,6000,0.5502,4,0.2617,-0.0023,0,0.2913,0.3937,0.3156,0.3337,72.9,64.49,17.61,23.23,0.3846,0.4286,87.05,83.17,25.6,27.72
100,0,CA1-DG,148.0,0.8647,0.1211,,6000,0.5327,4,0.2503,-0.0209,0,0.2751,0.429,0.2936,0.3156,36.38,39.96,15.09,18.63,0.5,0.5152,51.03,49.57,26.64,30.38
100,0,CA1-DG,153.0,0.8941,0.0433,,6000,0.5524,3,0.2431,-0.0062,0,0.2646,0.3887,0.317,0.3326,39.51,42.84,18.35,27.61,0.3846,0.5625,55.48,43.04,26.05,26.54
100,0,CA1-DG,158.0,0.9235,0.015,,6000,0.5527,4,0.2607,0.0227,0,0.2681,0.3877,0.3219,0.3429,47.94,41.22,16.78,18.28,0.6364,0.5625,59.28,57.05,28.39,31.5
100,0,CA1-DG,163.0,0.9529,0.0333,,6000,0.5227,3,0.2304,-0.0138,0,0.2866,0.3811,0.305,0.3253,33.26,34.59,18.38,24.93,0.3846,0.4286,59.71,55.64,27.05,26.52
100,0,CA1-V1,8.0,0.0412,0.0667,,6000,0.1552,1,0.0165,-0.0439,0,0.2954,0.2861,0.1288,0.1289,nan,nan,nan,nan,,,72.22,77.43,44.85,48.73
100,0,CA1-V1,13.0,0.0706,0.0991,,6000,0.3637,2,0.0953,-0.0827,0,0.2941,0.249,0.13,0.1452,49.73,61.14,36.32,33.27,0.5652,0.6735,62.8,64.96,34.28,40.59
100,0,CA1-V1,18.0,0.1,0.1052,,6000,0.3325,8,0.2845,-0.088,0,0.2924,0.2403,0.1423,0.1384,40.99,50.06,24.24,30.97,0.6364,0.6078,55.38,77.86,42.61,47.65
100,0,CA1-V1,23.0,0.1294,0.1117,,6000,0.328,2,0.0785,-0.113,0,0.2826,0.2494,0.1447,0.1385,46.91,53.4,24.21,33.25,0.7143,0.64,59.14,66.02,36.32,41.85
100,0,CA1-V1,28.0,0.1588,0.0962,,6000,0.3419,2,0.0881,-0.1137,0,0.2706,0.25,0.1493,0.1395,39.44,50.64,25.13,26.91,0.5,0.7447,85.31,88.81,38.22,52.18
100,0,CA1-V1,33.0,0.1882,0.0899,,6000,0.3476,1,0.0644,-0.0965,0,0.3044,0.2423,0.1509,0.1323,49.75,63.03,29.99,28.2,0.5652,0.7083,75.71,82.91,39.48,49.85
100,0,CA1-V1,38.0,0.2176,0.1103,,6000,0.2936,1,0.0451,-0.093,0,0.2897,0.2282,0.1478,0.1265,42.87,50.69,26.53,28.64,0.5,0.5472,82.21,88.04,47.24,47.16
100,0,CA1-V1,43.0,0.2471,0.1145,,6000,0.3224,1,0.0549,-0.0967,0,0.2842,0.2393,0.1539,0.1359,38.47,48.2,22.05,27.42,0.7143,0.5185,87.5,88.72,48.42,41.2
100,0,CA1-V1,48.0,0.2765,0.1515,,6000,0.2841,1,0.0421,-0.0928,0,0.2519,0.2446,0.1359,0.1247,44.41,45.71,22.43,24.13,0.5652,0.6078,77.98,70.84,43.12,49.18
100,0,CA1-V1,53.0,0.3059,0.1706,,6000,0.2873,1,0.0431,-0.087,0,0.2342,0.2412,0.131,0.1288,66.41,72.99,26.93,31.56,0.5652,0.5185,86.52,73.49,43.99,57.47
100,0,CA1-V1,58.0,0.3353,0.1662,,6000,0.2832,1,0.0418,-0.0807,0,0.2326,0.23,0.1425,0.1294,46.04,44.0,29.25,32.93,0.5652,0.6735,86.48,87.32,42.84,49.68
100,0,CA1-V1,63.0,0.3647,0.1375,,6000,0.3335,2,0.0748,-0.0874,0,0.2394,0.2024,0.1398,0.1301,73.2,72.51,30.63,30.3,0.6364,0.5185,84.01,72.27,50.42,46.28
100,0,CA1-V1,68.0,0.3941,0.112,,6000,0.3045,2,0.0681,-0.0903,0,0.2324,0.2024,0.1376,0.1277,57.34,56.47,26.3,22.79,0.5652,0.6078,86.25,79.19,41.57,45.64
100,0,CA1-V1,73.0,0.4235,0.171,,6000,0.2951,2,0.072,-0.0747,0,0.2217,0.2076,0.1251,0.1264,71.4,56.51,27.13,22.35,0.44,0.6078,86.24,88.57,38.65,44.38
100,0,CA1-V1,78.0,0.4529,0.145,,6000,0.3102,2,0.0711,-0.0782,0,0.2588,0.2003,0.1329,0.1303,49.31,54.17,25.73,23.03,0.5652,0.5769,85.05,83.67,40.49,50.31
100,0,CA1-V1,83.0,0.4824,0.2107,,6000,0.31,2,0.0692,-0.0646,0,0.275,0.198,0.1338,0.1288,83.41,81.76,23.6,30.57,0.5,0.5769,87.77,81.8,42.01,38.91
100,0,CA1-V1,88.0,0.5118,0.1446,,6000,0.3464,2,0.0878,-0.0861,0,0.256,0.1974,0.1488,0.136,52.08,59.43,27.39,31.79,0.5,0.5472,87.93,85.51,36.42,47.76
100,0,CA1-V1,93.0,0.5412,0.1787,,6000,0.3814,2,0.0999,-0.0684,0,0.2478,0.2037,0.1479,0.1396,60.37,51.45,18.02,22.24,0.5652,0.5185,69.23,83.22,41.58,38.79
100,0,CA1-V1,98.0,0.5706,0.1419,,6000,0.3144,2,0.0716,-0.0904,0,0.2513,0.2099,0.1415,0.1347,58.7,63.67,28.55,22.53,0.5,0.5769,82.65,85.62,48.39,45.58
100,0,CA1-V1,103.0,0.6,0.1262,,6000,0.2977,2,0.0656,-0.0999,0,0.2537,0.2079,0.1369,0.134,61.02,60.51,29.33,25.48,0.6364,0.5472,89.99,80.99,42.44,41.09
100,0,CA1-V1,108.0,0.6294,0.1841,,6000,0.2815,1,0.0413,-0.0812,0,0.2505,0.1917,0.1285,0.122,64.15,65.44,26.19,26.97,0.6364,0.4909,69.1,79.89,46.86,53.87
100,0,CA1-V1,113.0,0.6588,0.209,,6000,0.3166,1,0.0528,-0.0533,0,0.2568,0.1995,0.1321,0.1307,66.95,72.13,25.15,28.79,0.5652,0.5185,79.92,70.98,44.98,44.97
100,0,CA1-V1,118.0,0.6882,0.1979,,6000,0.3642,1,0.0711,-0.0694,0,0.256,0.2107,0.1519,0.1437,72.65,76.73,24.01,21.0,0.6364,0.5185,81.21,82.66,44.43,44.34
100,0,CA1-V1,123.0,0.7176,0.1243,,6000,0.353,2,0.0836,-0.0738,0,0.2612,0.2116,0.1479,0.1437,73.87,72.59,28.57,26.67,0.5652,0.4909,76.38,89.18,37.79,40.81
100,0,CA1-V1,128.0,0.7471,0.0813,,6000,0.3269,1,0.0565,-0.0776,0,0.2607,0.2187,0.128,0.1346,47.92,49.11,26.04,28.36,0.44,0.6078,73.85,79.8,34.23,46.71
100,0,CA1-V1,133.0,0.7765,0.0813,,6000,0.2566,2,0.0567,-0.0834,0,0.2624,0.2347,0.1132,0.1213,81.97,82.32,30.02,36.99,0.5652,0.5472,66.6,65.45,45.49,47.93
100,0,CA1-V1,138.0,0.8059,0.1324,,6000,0.2672,1,0.037,-0.0652,0,0.2887,0.2379,0.1214,0.1256,46.1,50.93,22.46,25.12,0.5652,0.6735,89.67,79.31,51.31,57.61
100,0,CA1-V1,143.0,0.8353,0.1061,,6000,0.1307,3,0.1055,-0.0843,0,0.2985,0.2448,0.1202,0.1198,88.77,83.79,30.91,35.24,0.44,0.5769,74.36,71.3,41.5,39.79
100,0,CA1-V1,148.0,0.8647,0.1211,,6000,0.2889,1,0.0436,-0.0855,0,0.2709,0.2337,0.1225,0.1235,69.58,75.6,25.83,24.33,0.44,0.6735,86.53,87.52,52.03,54.06
100,0,CA1-V1,153.0,0.8941,0.0433,,6000,0.4368,5,0.2647,-0.0835,0,0.2653,0.2512,0.1255,0.1181,50.76,57.72,34.74,34.78,0.3846,0.5472,89.79,84.31,34.9,40.01
100,0,CA1-V1,158.0,0.9235,0.015,,6000,0.157,4,0.1321,-0.0825,0,0.2729,0.2615,0.1471,0.1263,48.61,54.78,28.05,32.05,0.7143,0.5472,70.68,66.47,48.08,39.63
100,0,CA1-V1,163.0,0.9529,0.0333,,6000,0.1165,3,0.0563,-0.0867,0,0.2864,0.2809,0.1494,0.1357,42.46,44.73,33.09,28.93,0.3846,0.5769,88.91,88.0,49.39,42.4
100,0,CA1-SUB,8.0,0.0412,0.0667,,6000,0.3063,6,0.1303,0.0149,0,0.2904,0.3168,0.0921,0.095,nan,nan,nan,nan,,,89.2,89.35,58.46,67.51
100,0,CA1-SUB,13.0,0.0706,0.0991,,6000,0.1989,1,0.0202,0.0151,0,0.2963,0.3117,0.095,0.0908,71.47,68.24,33.0,31.2,0.6364,0.4737,81.94,76.27,46.65,42.64
100,0,CA1-SUB,18.0,0.1,0.1052,,6000,0.3027,4,0.0988,0.0087,0,0.2924,0.301,0.0861,0.0931,61.54,61.23,35.15,36.55,0.6364,0.5556,87.59,76.3,58.74,48.02
100,0,CA1-SUB,23.0,0.1294,0.1117,,6000,0.1698,1,0.0146,-0.0056,0,0.2817,0.2736,0.0879,0.0879,67.57,73.13,33.28,41.79,0.7143,0.4,88.98,78.65,70.64,60.78
100,0,CA1-SUB,28.0,0.1588,0.0962,,6000,0.1337,0,0.0,0.0034,0,0.27,0.2818,0.0883,0.065,82.07,85.03,52.12,49.62,0.5652,0.4737,79.79,89.56,64.25,61.11
100,0,CA1-SUB,33.0,0.1882,0.0899,,6000,0.0834,0,0.0,-0.0081,0,0.3098,0.2801,0.075,0.0633,53.35,65.97,69.64,72.63,0.5652,0.4,84.66,82.34,85.78,83.14
100,0,CA1-SUB,38.0,0.2176,0.1103,,6000,0.0676,0,0.0,0.0015,0,0.2994,0.281,0.0711,0.0721,80.89,82.17,40.58,31.57,0.5652,0.4737,86.04,78.63,82.16,80.75
100,0,CA1-SUB,43.0,0.2471,0.1145,,6000,0.1046,0,0.0,0.0019,0,0.2913,0.2951,0.0818,0.0848,51.35,58.93,51.86,48.57,0.5,0.4,88.68,78.77,73.52,86.69
100,0,CA1-SUB,48.0,0.2765,0.1515,,6000,0.1075,0,0.0,-0.0358,0,0.2574,0.2857,0.0974,0.0747,65.06,66.03,51.18,51.39,0.6364,0.6471,87.37,88.26,82.2,67.24
100,0,CA1-SUB,53.0,0.3059,0.1706,,6000,0.1077,0,0.0,-0.0138,0,0.241,0.2682,0.0998,0.086,49.16,49.78,41.88,34.78,0.5652,0.5556,80.18,82.99,70.75,65.73
100,0,CA1-SUB,58.0,0.3353,0.1662,,6000,0.1119,0,0.0,-0.0017,0,0.2418,0.2737,0.0961,0.1038,56.53,48.79,68.96,54.53,0.5,0.4737,80.4,86.33,79.29,77.91
100,0,CA1-SUB,63.0,0.3647,0.1375,,6000,0.0955,0,0.0,-0.0032,0,0.2422,0.262,0.0937,0.1015,64.35,68.75,44.64,35.84,0.6364,0.4737,83.52,76.55,80.56,76.2
100,0,CA1-SUB,68.0,0.3941,0.112,,6000,0.1081,0,0.0,0.0109,0,0.237,0.2451,0.085,0.0916,52.84,53.12,46.75,48.61,0.6364,0.4737,85.52,76.1,70.57,71.9
100,0,CA1-SUB,73.0,0.4235,0.171,,6000,0.1373,0,0.0,0.0301,0,0.2203,0.2687,0.0921,0.0878,63.31,57.46,45.23,36.93,0.44,0.4,86.5,86.41,68.35,77.52
100,0,CA1-SUB,78.0,0.4529,0.145,,6000,0.1332,0,0.0,-0.0122,0,0.2589,0.2543,0.0919,0.0822,87.95,75.34,45.49,47.11,0.5652,0.4737,84.33,79.11,50.32,64.81
100,0,CA1-SUB,83.0,0.4824,0.2107,,6000,0.118,0,0.0,0.0066,0,0.2753,0.2345,0.089,0.0837,68.85,63.98,51.6,42.98,0.44,0.4737,75.47,79.96,76.94,84.16
100,0,CA1-SUB,88.0,0.5118,0.1446,,6000,0.0971,0,0.0,-0.0017,0,0.2616,0.234,0.0824,0.0883,49.65,49.74,33.9,34.45,0.5652,0.6471,66.69,70.37,51.07,55.61
100,0,CA1-SUB,93.0,0.5412,0.1787,,6000,0.1633,1,0.0135,-0.0082,0,0.2515,0.2523,0.0841,0.0917,70.35,72.03,28.1,29.6,0.44,0.4737,75.95,81.54,48.01,56.38
100,0,CA1-SUB,98.0,0.5706,0.1419,,6000,0.1606,1,0.0131,0.0079,0,0.2541,0.2382,0.0858,0.0876,85.77,78.53,31.36,24.29,0.5652,0.5556,84.67,76.4,51.14,55.13
100,0,CA1-SUB,103.0,0.6,0.1262,,6000,0.1407,0,0.0,0.0057,0,0.2489,0.244,0.0815,0.0759,64.32,58.01,33.85,27.91,0.5,0.6471,86.08,83.59,72.0,64.44
100,0,CA1-SUB,108.0,0.6294,0.1841,,6000,0.1566,1,0.0124,0.0118,0,0.2557,0.2454,0.0956,0.0872,81.58,88.66,33.77,30.79,0.6364,0.4737,79.94,71.85,62.6,65.12
100,0,CA1-SUB,113.0,0.6588,0.209,,6000,0.1172,0,0.0,0.0038,0,0.2627,0.2411,0.0859,0.0975,79.01,83.62,39.52,27.98,0.5652,0.5556,78.76,89.46,68.05,71.49
100,0,CA1-SUB,118.0,0.6882,0.1979,,6000,0.1811,1,0.0167,0.003,0,0.2594,0.2232,0.088,0.0962,64.82,72.62,39.12,38.74,0.5652,0.4737,85.17,80.8,58.07,54.71
100,0,CA1-SUB,123.0,0.7176,0.1243,,6000,0.1066,0,0.0,0.0004,0,0.2648,0.2386,0.0818,0.0869,83.4,84.88,28.74,38.43,0.5652,0.4,84.29,69.61,67.38,66.8
100,0,CA1-SUB,128.0,0.7471,0.0813,,6000,0.1213,0,0.0,0.0141,0,0.2614,0.252,0.074,0.0794,49.93,44.11,41.03,39.34,0.44,0.4737,76.76,77.36,77.48,67.22
100,0,CA1-SUB,133.0,0.7765,0.0813,,6000,0.077,0,0.0,0.0011,0,0.2653,0.2178,0.0716,0.0805,83.72,86.48,46.19,38.99,0.5652,0.2727,85.99,88.68,75.03,82.72
100,0,CA1-SUB,138.0,0.8059,0.1324,,6000,0.0843,0,0.0,-0.0098,0,0.2897,0.2487,0.0792,0.082,48.85,50.4,39.21,34.9,0.5652,0.4737,70.51,81.32,72.35,81.9
100,0,CA1-SUB,143.0,0.8353,0.1061,,6000,-0.1796,7,0.1547,0.0204,0,0.2962,0.2538,0.0719,0.076,63.17,67.63,61.55,60.52,0.44,0.4737,86.16,84.95,89.9,80.39
100,0,CA1-SUB,148.0,0.8647,0.1211,,6000,0.0846,0,0.0,0.0184,0,0.2727,0.2581,0.0836,0.0837,62.18,59.98,43.5,43.54,0.44,0.4737,87.5,79.9,83.07,59.43
100,0,CA1-SUB,153.0,0.8941,0.0433,,6000,0.1124,10,0.2543,-0.0052,0,0.2677,0.264,0.0825,0.0847,73.5,72.99,46.67,47.82,0.44,0.5556,85.03,89.79,72.2,75.32
100,0,CA1-SUB,158.0,0.9235,0.015,,6000,0.2527,6,0.1209,0.0013,0,0.2711,0.2767,0.0926,0.0837,64.9,64.15,56.61,53.85,0.7143,0.5556,75.98,85.59,70.82,79.93
100,0,CA1-SUB,163.0,0.9529,0.0333,,6000,0.2465,9,0.2047,-0.0054,0,0.2883,0.259,0.0945,0.0975,63.83,63.09,43.77,49.17,0.3846,0.4,87.07,81.66,52.24,63.92
100,0,RSC-SUB,8.0,0.0412,0.0667,,6000,0.3672,4,0.1451,0.0315,0,0.3327,0.3165,0.1054,0.1057,nan,nan,nan,nan,,,86.34,87.66,51.61,48.91
100,0,RSC-SUB,13.0,0.0706,0.0991,,6000,0.289,1,0.0436,0.0123,0,0.3249,0.3088,0.1171,0.1091,64.35,60.02,42.41,38.42,0.4815,0.4737,76.96,85.6,44.72,38.06
100,0,RSC-SUB,18.0,0.1,0.1052,,6000,0.2857,1,0.0426,0.0048,0,0.3195,0.2965,0.1181,0.1073,61.07,60.85,31.06,24.91,0.5385,0.4737,87.72,83.15,55.83,48.96
100,0,RSC-SUB,23.0,0.1294,0.1117,,6000,0.2283,1,0.0268,0.006,0,0.3011,0.2725,0.1042,0.0954,76.47,70.92,29.02,27.22,0.4815,0.4,86.64,89.49,48.81,46.22
100,0,RSC-SUB,28.0,0.1588,0.0962,,6000,0.1522,1,0.0117,-0.0096,0,0.2935,0.2797,0.1098,0.0864,68.76,70.72,39.44,40.09,0.5385,0.4737,77.1,87.36,63.22,59.24
100,0,RSC-SUB,33.0,0.1882,0.0899,,6000,0.1706,1,0.0148,-0.0037,0,0.2761,0.2784,0.1056,0.0795,57.4,54.72,35.81,40.05,0.7391,0.4,82.25,79.18,52.07,43.57
100,0,RSC-SUB,38.0,0.2176,0.1103,,6000,0.185,1,0.0174,-0.0066,0,0.2736,0.2817,0.1046,0.0817,78.62,85.83,39.83,37.9,0.4286,0.4737,88.64,78.81,65.05,70.4
100,0,RSC-SUB,43.0,0.2471,0.1145,,6000,0.1709,2,0.0311,0.009,0,0.2815,0.2953,0.0945,0.0812,78.17,86.97,43.14,40.15,0.5385,0.4,80.28,88.78,88.67,87.93
100,0,RSC-SUB,48.0,0.2765,0.1515,,6000,0.1932,2,0.0312,-0.014,0,0.2854,0.2886,0.094,0.0798,69.42,69.47,29.2,31.21,0.7391,0.6471,74.47,67.51,57.97,60.37
100,0,RSC-SUB,53.0,0.3059,0.1706,,6000,0.2261,1,0.0262,-0.0073,0,0.2686,0.2687,0.0995,0.0835,67.23,68.64,55.86,63.67,0.3793,0.5556,80.9,83.09,47.16,46.2
100,0,RSC-SUB,58.0,0.3353,0.1662,,6000,0.2472,1,0.0315,-0.0091,0,0.2566,0.2754,0.0985,0.0906,68.45,64.59,29.77,25.18,0.6667,0.4,79.55,65.31,44.2,38.91
100,0,RSC-SUB,63.0,0.3647,0.1375,,6000,0.1999,1,0.0204,-0.0293,0,0.2378,0.2641,0.0893,0.0879,57.05,53.21,31.58,25.22,0.6,0.4737,82.87,78.84,64.75,59.03
100,0,RSC-SUB,68.0,0.3941,0.112,,6000,0.2028,1,0.021,-0.0185,0,0.2518,0.247,0.1058,0.1052,60.98,61.84,29.48,20.08,0.7391,0.4,88.0,89.34,57.72,45.34
100,0,RSC-SUB,73.0,0.4235,0.171,,6000,0.229,2,0.0395,0.0118,0,0.2469,0.2736,0.1023,0.1018,48.27,58.03,39.4,36.67,0.6,0.4,80.32,71.6,46.62,52.91
100,0,RSC-SUB,78.0,0.4529,0.145,,6000,0.2407,1,0.0298,-0.006,0,0.2821,0.2555,0.0958,0.1012,84.63,89.27,34.77,31.32,0.6,0.4737,80.35,83.05,46.86,45.87
100,0,RSC-SUB,83.0,0.4824,0.2107,,6000,0.216,2,0.0397,-0.0065,0,0.2758,0.2378,0.0856,0.0939,48.27,52.25,36.06,26.96,0.4815,0.5556,88.9,89.33,64.9,64.31
100,0,RSC-SUB,88.0,0.5118,0.1446,,6000,0.1971,2,0.0325,-0.0118,0,0.274,0.2345,0.1008,0.0814,70.27,69.04,38.62,32.64,0.6667,0.6471,89.75,85.53,65.08,67.34
100,0,RSC-SUB,93.0,0.5412,0.1787,,6000,0.1761,2,0.0286,0.0121,0,0.2747,0.2503,0.0934,0.08,56.99,51.66,34.29,34.76,0.6,0.4737,87.55,86.82,69.12,62.97
100,0,RSC-SUB,98.0,0.5706,0.1419,,6000,0.1986,2,0.0341,-0.0187,0,0.2745,0.2385,0.0976,0.0886,80.34,81.24,38.28,28.97,0.4815,0.5556,86.43,82.85,59.04,54.13
100,0,RSC-SUB,103.0,0.6,0.1262,,6000,0.1893,2,0.031,-0.0089,0,0.2552,0.2426,0.0955,0.0867,49.44,47.94,32.52,22.99,0.4815,0.6471,88.24,80.2,54.29,45.82
100,0,RSC-SUB,108.0,0.6294,0.1841,,6000,0.1378,1,0.0157,-0.0132,0,0.2437,0.2445,0.0973,0.0782,65.63,70.79,79.33,76.44,0.4815,0.4,83.71,85.71,58.29,52.9
100,0,RSC-SUB,113.0,0.6588,0.209,,6000,0.1433,0,0.0,-0.0037,0,0.2711,0.2402,0.0914,0.0738,78.3,77.87,71.74,78.11,0.3793,0.5556,77.62,89.88,87.13,88.11
100,0,RSC-SUB,118.0,0.6882,0.1979,,6000,0.169,1,0.0145,0.0158,0,0.2781,0.2226,0.0966,0.0918,73.78,73.56,33.01,32.64,0.4286,0.5556,86.77,84.31,88.21,79.33
100,0,RSC-SUB,123.0,0.7176,0.1243,,6000,0.2009,1,0.0206,-0.0083,0,0.2856,0.2394,0.1093,0.0924,75.42,72.94,30.34,34.37,0.4815,0.4737,82.43,77.45,55.11,50.64
100,0,RSC-SUB,128.0,0.7471,0.0813,,6000,0.2197,2,0.0363,-0.0168,0,0.2424,0.2514,0.1159,0.0958,75.33,67.31,38.97,35.74,0.2903,0.5556,79.04,63.37,65.34,63.8
100,0,RSC-SUB,133.0,0.7765,0.0813,,6000,0.2084,1,0.0222,-0.0246,0,0.2664,0.2212,0.1155,0.0867,58.3,50.26,44.02,34.96,0.4286,0.2727,69.39,88.08,50.0,43.4
100,0,RSC-SUB,138.0,0.8059,0.1324,,6000,0.2199,1,0.0248,-0.0246,0,0.2706,0.249,0.1098,0.0744,45.76,45.43,26.85,25.18,0.6667,0.4737,76.53,69.93,66.27,63.86
100,0,RSC-SUB,143.0,0.8353,0.1061,,6000,0.3894,2,0.0976,-0.01,0,0.2444,0.2539,0.085,0.0818,66.43,62.88,34.43,37.49,0.3333,0.5556,72.86,80.34,54.95,51.15
100,0,RSC-SUB,148.0,0.8647,0.1211,,6000,0.2038,1,0.0212,-0.0217,0,0.2735,0.2567,0.0891,0.0845,62.47,59.75,26.28,25.62,0.5385,0.4737,87.65,78.0,51.19,58.13
100,0,RSC-SUB,153.0,0.8941,0.0433,,6000,-0.0327,7,0.2294,-0.0392,0,0.3019,0.2673,0.1194,0.1126,85.58,85.5,38.33,39.0,0.5385,0.5556,75.75,72.92,42.39,48.01
100,0,RSC-SUB,158.0,0.9235,0.015,,6000,0.2843,6,0.1637,0.0132,0,0.299,0.2747,0.118,0.0993,67.68,72.73,38.5,31.0,0.4815,0.4737,65.23,52.52,71.28,71.67
100,0,RSC-SUB,163.0,0.9529,0.0333,,6000,0.0132,8,0.171,0.016,0,0.306,0.2594,0.0997,0.0905,66.37,70.55,72.02,56.84,0.4286,0.4,87.32,85.93,53.7,51.26
100,0,V1-RSC,8.0,0.0412,0.0667,,6000,0.4591,6,0.5459,0.0253,0,0.2699,0.3206,0.1926,0.1912,nan,nan,nan,nan,,,42.28,44.21,85.96,76.87
100,0,V1-RSC,13.0,0.0706,0.0991,,6000,0.5291,5,0.5726,0.0249,0,0.247,0.3073,0.2007,0.2134,50.94,37.52,85.77,81.73,0.5472,0.4286,43.1,40.78,65.2,77.35
100,0,V1-RSC,18.0,0.1,0.1052,,6000,0.5183,8,0.6012,0.0119,0,0.2368,0.3001,0.2078,0.2134,30.18,27.82,24.5,28.71,0.6735,0.6,62.13,43.61,82.2,78.72
100,0,V1-RSC,23.0,0.1294,0.1117,,6000,0.5416,5,0.498,-0.0036,0,0.2444,0.2794,0.208,0.2227,44.68,32.99,52.46,49.16,0.6078,0.4815,41.97,43.52,43.07,41.64
100,0,V1-RSC,28.0,0.1588,0.0962,,6000,0.5282,4,0.4625,-0.0159,0,0.2445,0.2729,0.2019,0.2227,34.89,37.75,21.26,20.55,0.7083,0.5385,82.03,87.73,55.29,50.49
100,0,V1-RSC,33.0,0.1882,0.0899,,6000,0.5698,4,0.5046,-0.0265,0,0.2382,0.2666,0.2056,0.2223,55.53,50.26,28.74,22.69,0.7083,0.6667,48.6,46.48,32.51,30.53
100,0,V1-RSC,38.0,0.2176,0.1103,,6000,0.5552,5,0.5099,-0.01,0,0.2263,0.2564,0.2136,0.215,42.45,44.37,19.53,17.6,0.5472,0.4815,54.92,53.51,29.71,31.53
100,0,V1-RSC,43.0,0.2471,0.1145,,6000,0.545,4,0.4678,-0.0144,0,0.2369,0.2643,0.2108,0.2207,23.58,25.13,22.77,17.48,0.5185,0.6,48.75,48.98,47.91,46.3
100,0,V1-RSC,48.0,0.2765,0.1515,,6000,0.5284,5,0.4689,-0.0057,0,0.2441,0.2666,0.2115,0.226,24.5,29.15,22.33,23.72,0.5769,0.6667,48.23,44.7,36.66,40.22
100,0,V1-RSC,53.0,0.3059,0.1706,,6000,0.5062,6,0.4628,0.0021,0,0.2365,0.2561,0.2033,0.2223,41.39,40.25,19.05,22.54,0.6078,0.3333,34.58,45.91,48.91,44.48
100,0,V1-RSC,58.0,0.3353,0.1662,,6000,0.5078,5,0.4802,-0.0025,0,0.2284,0.236,0.2159,0.225,38.88,37.63,28.91,25.83,0.5769,0.6667,78.44,73.1,80.31,82.15
100,0,V1-RSC,63.0,0.3647,0.1375,,6000,0.4619,5,0.4815,-0.0034,0,0.2034,0.2203,0.2119,0.2138,57.26,56.56,77.47,70.74,0.5472,0.7391,67.85,63.51,64.68,74.16
100,0,V1-RSC,68.0,0.3941,0.112,,6000,0.4963,5,0.4806,-0.0058,0,0.2041,0.2288,0.2102,0.2134,24.22,28.24,20.63,20.96,0.64,0.6,53.79,51.43,45.11,46.45
100,0,V1-RSC,73.0,0.4235,0.171,,6000,0.5068,5,0.4521,0.0105,0,0.2066,0.2373,0.2015,0.2026,26.9,27.24,22.81,22.96,0.6078,0.5385,45.47,47.16,37.52,37.24
100,0,V1-RSC,78.0,0.4529,0.145,,6000,0.4806,5,0.4489,0.0121,0,0.2,0.2564,0.203,0.2146,27.93,27.47,36.31,46.22,0.64,0.6,48.36,48.5,76.97,73.24
100,0,V1-RSC,83.0,0.4824,0.2107,,6000,0.4403,6,0.4551,0.0126,0,0.198,0.2454,0.1939,0.2143,27.78,27.22,30.32,33.8,0.5472,0.3793,48.49,48.82,46.36,49.02
100,0,V1-RSC,88.0,0.5118,0.1446,,6000,0.4486,6,0.4324,-0.0008,0,0.1954,0.2457,0.1985,0.206,29.68,28.6,41.59,41.16,0.6078,0.6,51.88,50.13,55.2,54.81
100,0,V1-RSC,93.0,0.5412,0.1787,,6000,0.4436,6,0.3982,0.0037,0,0.2029,0.2525,0.1992,0.2073,29.82,25.99,29.87,21.71,0.5185,0.5385,51.82,49.27,55.77,50.47
100,0,V1-RSC,98.0,0.5706,0.1419,,6000,0.4521,5,0.3824,-0.0028,0,0.2027,0.2491,0.2028,0.2037,31.53,29.56,25.85,24.46,0.6078,0.5385,54.11,52.76,46.62,42.42
100,0,V1-RSC,103.0,0.6,0.1262,,6000,0.389,6,0.3484,-0.0099,0,0.2044,0.2279,0.1906,0.195,29.66,29.68,35.28,42.81,0.5472,0.5385,51.0,55.64,54.3,56.6
100,0,V1-RSC,108.0,0.6294,0.1841,,6000,0.4073,5,0.3324,0.0059,0,0.1912,0.227,0.1911,0.2017,30.26,32.84,25.48,23.64,0.4909,0.4815,48.95,44.43,75.42,81.49
100,0,V1-RSC,113.0,0.6588,0.209,,6000,0.372,5,0.2964,0.0065,0,0.193,0.2566,0.1836,0.2053,35.59,35.33,64.07,56.19,0.4643,0.3793,54.89,48.88,64.18,73.86
100,0,V1-RSC,118.0,0.6882,0.1979,,6000,0.3957,6,0.3317,0.0017,0,0.201,0.2567,0.1823,0.1992,27.22,25.99,88.23,84.83,0.5185,0.5385,56.04,57.62,75.77,83.41
100,0,V1-RSC,123.0,0.7176,0.1243,,6000,0.3705,6,0.2946,-0.0042,0,0.2068,0.2727,0.1824,0.1927,30.46,29.74,79.84,81.01,0.5185,0.7391,59.17,58.66,64.98,70.29
100,0,V1-RSC,128.0,0.7471,0.0813,,6000,0.4218,5,0.2985,0.0353,0,0.214,0.2335,0.1824,0.1892,56.92,59.5,64.14,64.73,0.5769,0.3333,74.11,76.05,44.3,32.36
100,0,V1-RSC,133.0,0.7765,0.0813,,6000,0.5681,5,0.4058,0.0148,0,0.2302,0.2642,0.1891,0.2013,42.38,47.63,33.46,35.77,0.64,0.4286,83.01,79.28,30.9,28.14
100,0,V1-RSC,138.0,0.8059,0.1324,,6000,0.5967,5,0.4417,-0.0087,0,0.2366,0.2676,0.1821,0.2107,50.68,53.3,13.5,13.24,0.5769,0.7391,71.73,65.23,31.8,28.52
100,0,V1-RSC,143.0,0.8353,0.1061,,6000,0.6989,8,0.823,0.0124,0,0.2438,0.229,0.1894,0.2085,78.96,79.68,24.61,24.92,0.6078,0.3333,62.31,54.44,33.87,28.32
100,0,V1-RSC,148.0,0.8647,0.1211,,6000,0.515,5,0.3558,0.0174,0,0.2334,0.2533,0.1853,0.202,34.96,32.89,21.11,20.14,0.64,0.6,67.13,65.97,44.47,39.89
100,0,V1-RSC,153.0,0.8941,0.0433,,6000,0.6253,7,0.6415,0.0028,0,0.2503,0.281,0.1852,0.188,32.41,36.97,21.56,24.89,0.5185,0.4286,58.84,56.97,41.62,46.59
100,0,V1-RSC,158.0,0.9235,0.015,,6000,0.2619,6,0.2375,0.0525,0,0.2596,0.2856,0.1964,0.2041,34.51,37.51,82.53,82.42,0.5769,0.4286,51.29,48.25,52.88,40.24
100,0,V1-RSC,163.0,0.9529,0.0333,,6000,0.4912,9,0.5944,0.0251,0,0.2793,0.2904,0.1909,0.1951,40.15,39.4,60.15,56.07,0.5472,0.3793,75.28,68.46,84.84,87.36
