animal,learner,pair,center_trial,trial_frac,performance,lp_rel,n_bins,cc1,n_sig,mi_sig,ifi,optimal_lag,gini_x,gini_y,gini_pearson_x,gini_pearson_y,rot_x,rot_y,jac_x,jac_y,sh_x,sh_y
28,1,CA1-CA3,8.0,0.0515,0.0162,-61.0,6000,0.0228,0,0.0,0.0828,6,0.3239,0.6875,0.3469,0.5503,nan,nan,,,82.5,85.94
28,1,CA1-CA3,13.0,0.0882,0.0162,-56.0,6000,0.0756,0,0.0,-0.0711,-2,0.2291,0.7666,0.2712,0.5637,81.08,87.38,0.3333,0.0,82.69,40.91
28,1,CA1-CA3,18.0,0.125,0.0833,-51.0,6000,0.1337,0,0.0,-0.0323,0,0.3549,0.6326,0.2919,0.4225,83.26,65.86,0.5,0.2,82.96,81.71
28,1,CA1-CA3,23.0,0.1618,0.1389,-46.0,6000,0.0874,0,0.0,0.0465,10,0.1841,0.6476,0.3227,0.4047,83.46,76.09,0.5,0.5,86.37,89.44
28,1,CA1-CA3,28.0,0.1985,0.2667,-41.0,6000,0.0911,0,0.0,0.0419,0,0.2703,0.5691,0.3809,0.3912,54.57,74.4,0.3333,0.5,84.38,77.62
28,1,CA1-CA3,33.0,0.2353,0.27,-36.0,6000,-0.2966,0,0.0,-0.0309,0,0.2181,0.8686,0.2904,0.3499,78.9,90.0,0.2,0.0,89.18,75.97
28,1,CA1-CA3,38.0,0.2721,0.3182,-31.0,6000,0.1741,1,0.0154,0.103,10,0.1849,0.5883,0.3056,0.5113,79.11,89.78,0.2,0.2,77.32,89.25
28,1,CA1-CA3,43.0,0.3088,0.3746,-26.0,6000,0.2286,1,0.0268,0.0568,10,0.1798,0.6641,0.3126,0.6108,73.62,58.26,0.3333,0.5,87.4,71.5
28,1,CA1-CA3,48.0,0.3456,0.3465,-21.0,6000,0.2106,1,0.0227,0.0057,0,0.1979,0.6786,0.3018,0.5229,85.9,73.83,0.3333,0.5,89.85,42.88
28,1,CA1-CA3,53.0,0.3824,0.3593,-16.0,6000,0.2123,2,0.0414,0.0007,0,0.2945,0.7521,0.4319,0.5678,89.63,76.81,0.3333,1.0,64.49,58.42
28,1,CA1-CA3,58.0,0.4191,0.3158,-11.0,6000,0.0399,0,0.0,-0.0309,0,0.3149,0.9485,0.3083,0.354,77.11,83.96,0.2,0.2,69.03,67.4
28,1,CA1-CA3,63.0,0.4559,0.3796,-6.0,6000,0.3689,3,0.1035,0.0524,0,0.1732,0.8647,0.2949,0.3347,86.34,87.89,0.3333,1.0,81.55,48.45
28,1,CA1-CA3,68.0,0.4926,0.476,-1.0,6000,0.2358,2,0.0423,0.0231,0,0.1729,0.7005,0.302,0.4956,83.52,90.0,0.0909,0.2,89.8,88.8
28,1,CA1-CA3,73.0,0.5294,0.5182,4.0,6000,0.1281,1,0.0495,0.0168,0,0.1853,0.9585,0.2849,0.3784,76.89,89.84,0.2,0.2,84.79,88.33
28,1,CA1-CA3,78.0,0.5662,0.6613,9.0,6000,0.3628,3,0.1435,-0.0052,0,0.1868,0.9223,0.3615,0.4212,71.33,72.48,0.2,0.5,86.53,58.75
28,1,CA1-CA3,83.0,0.6029,0.7651,14.0,6000,0.216,3,0.0661,0.0065,0,0.6966,0.1283,0.2681,0.2795,87.18,89.19,0.3333,0.2,86.63,82.94
28,1,CA1-CA3,88.0,0.6397,0.9155,19.0,6000,0.1731,0,0.0,0.072,2,0.2136,0.2851,0.3147,0.2681,86.75,82.53,0.5,0.5,71.08,84.23
28,1,CA1-CA3,93.0,0.6765,0.9833,24.0,6000,0.0359,3,0.1442,0.0065,1,0.3144,0.2807,0.329,0.2713,64.35,56.26,0.2,0.5,89.61,74.72
28,1,CA1-CA3,98.0,0.7132,1.0,29.0,6000,0.3109,1,0.0508,0.0257,0,0.2461,0.2531,0.338,0.2951,80.8,71.95,0.5,0.5,89.64,82.54
28,1,CA1-CA3,103.0,0.75,0.9333,34.0,6000,-0.0601,1,0.018,-0.005,0,0.3054,0.2205,0.2344,0.2136,87.97,68.91,0.5,0.2,80.76,84.82
28,1,CA1-CA3,108.0,0.7868,0.8565,39.0,6000,0.0749,0,0.0,-0.0126,-1,0.2463,0.2214,0.2447,0.2866,81.92,75.03,0.5,0.5,82.08,70.5
28,1,CA1-CA3,113.0,0.8235,0.7989,44.0,8000,0.1143,1,0.0117,-0.0143,-1,0.2131,0.2246,0.2797,0.3154,65.39,36.13,0.5,0.5,64.75,78.76
28,1,CA1-CA3,118.0,0.8603,0.7434,49.0,8000,0.1713,1,0.0149,-0.0368,-7,0.2479,0.3319,0.3091,0.2036,64.11,42.76,0.3333,0.5,79.61,77.49
28,1,CA1-CA3,123.0,0.8971,0.7314,54.0,6000,-0.0758,6,0.162,-0.0245,0,0.3422,0.3806,0.3001,0.2656,65.07,49.72,0.3333,0.5,83.1,70.88
28,1,CA1-CA3,128.0,0.9338,0.6867,59.0,6000,0.0683,0,0.0,0.0185,2,0.2746,0.3175,0.2709,0.2471,87.37,84.12,0.3333,0.5,86.69,83.24
28,1,CA1-DG,8.0,0.0515,0.0162,-61.0,6000,0.2307,2,0.0433,0.001,1,0.3791,0.2264,0.3674,0.3251,nan,nan,,,89.02,52.37
28,1,CA1-DG,13.0,0.0882,0.0162,-56.0,6000,0.3095,2,0.068,-0.0085,1,0.3078,0.2412,0.3624,0.3762,83.25,71.74,0.3333,0.6,83.77,53.8
28,1,CA1-DG,18.0,0.125,0.0833,-51.0,6000,0.2894,1,0.0437,0.0224,1,0.2684,0.2407,0.3981,0.3382,75.37,44.34,0.5,0.6,88.83,63.98
28,1,CA1-DG,23.0,0.1618,0.1389,-46.0,6000,0.2232,3,0.0636,0.0191,1,0.3261,0.5177,0.3516,0.3224,85.6,78.19,0.7143,0.3333,89.71,82.85
28,1,CA1-DG,28.0,0.1985,0.2667,-41.0,6000,0.2698,2,0.0596,0.0172,1,0.3055,0.5517,0.3896,0.2992,49.08,61.57,0.5,0.6,61.36,86.35
28,1,CA1-DG,33.0,0.2353,0.27,-36.0,6000,0.3201,2,0.072,0.0245,1,0.2617,0.279,0.3472,0.2555,45.18,73.48,0.3333,0.6,82.9,62.87
28,1,CA1-DG,38.0,0.2721,0.3182,-31.0,6000,0.3146,2,0.0642,0.0109,0,0.1829,0.3802,0.3614,0.3019,59.87,58.31,0.5,0.6,80.65,63.85
28,1,CA1-DG,43.0,0.3088,0.3746,-26.0,6000,0.3132,1,0.0516,0.0237,1,0.184,0.4533,0.3691,0.2849,89.41,78.76,0.3333,0.6,88.19,76.89
28,1,CA1-DG,48.0,0.3456,0.3465,-21.0,6000,0.2854,2,0.0613,0.0127,1,0.1412,0.5429,0.3594,0.3251,41.47,85.06,0.3333,0.6,65.86,79.33
28,1,CA1-DG,53.0,0.3824,0.3593,-16.0,6000,0.2951,2,0.0556,0.0263,0,0.2056,0.2128,0.3852,0.3134,73.97,38.14,0.3333,0.3333,81.56,67.77
28,1,CA1-DG,58.0,0.4191,0.3158,-11.0,6000,0.294,2,0.0583,0.0193,1,0.1789,0.5784,0.3668,0.3028,68.05,38.84,0.3333,0.3333,60.2,66.84
28,1,CA1-DG,63.0,0.4559,0.3796,-6.0,6000,0.2786,1,0.0404,0.0065,1,0.1959,0.5022,0.3164,0.2914,42.59,57.62,0.3333,0.6,82.65,70.1
28,1,CA1-DG,68.0,0.4926,0.476,-1.0,6000,0.2673,2,0.0527,0.0247,1,0.1349,0.1175,0.3413,0.3008,55.69,59.02,0.3333,0.6,74.15,70.44
28,1,CA1-DG,73.0,0.5294,0.5182,4.0,6000,0.2559,1,0.0339,0.049,1,0.2076,0.1024,0.3493,0.3222,79.29,70.71,0.7143,0.3333,85.78,83.73
28,1,CA1-DG,78.0,0.5662,0.6613,9.0,6000,0.1302,2,0.0533,0.0648,1,0.1988,0.1871,0.3176,0.2907,87.29,61.68,0.5,0.6,84.87,56.87
28,1,CA1-DG,83.0,0.6029,0.7651,14.0,6000,0.4957,7,0.5131,0.0548,0,0.7788,0.2615,0.3708,0.2766,88.28,80.72,0.7143,1.0,43.49,26.12
28,1,CA1-DG,88.0,0.6397,0.9155,19.0,6000,0.2187,1,0.0245,0.03,1,0.1522,0.3603,0.3201,0.2528,86.75,83.23,0.5,0.3333,76.52,85.78
28,1,CA1-DG,93.0,0.6765,0.9833,24.0,6000,0.1517,3,0.0487,0.0671,1,0.2865,0.3349,0.3084,0.2678,84.73,82.86,0.7143,0.6,73.8,85.95
28,1,CA1-DG,98.0,0.7132,1.0,29.0,6000,0.1904,2,0.0503,0.0534,1,0.2477,0.1754,0.2743,0.3113,77.88,89.51,0.5,0.6,75.79,73.94
28,1,CA1-DG,103.0,0.75,0.9333,34.0,6000,0.5677,8,0.4249,0.0433,0,0.378,0.4131,0.3271,0.269,75.36,89.93,0.5,0.6,54.73,45.65
28,1,CA1-DG,108.0,0.7868,0.8565,39.0,6000,0.3954,3,0.1212,0.0426,0,0.3269,0.3679,0.2927,0.2569,50.45,25.99,0.3333,0.6,45.93,81.1
28,1,CA1-DG,113.0,0.8235,0.7989,44.0,8000,0.2101,3,0.05,0.0479,1,0.245,0.3579,0.2668,0.2351,43.61,25.53,0.3333,0.6,58.12,52.34
28,1,CA1-DG,118.0,0.8603,0.7434,49.0,8000,0.1717,2,0.0535,0.0271,1,0.2579,0.3444,0.2525,0.2429,29.32,30.61,0.7143,0.6,69.67,46.93
28,1,CA1-DG,123.0,0.8971,0.7314,54.0,6000,0.0961,5,0.2439,0.0222,0,0.3404,0.4431,0.3439,0.3612,41.68,38.64,0.5,0.6,61.37,49.97
28,1,CA1-DG,128.0,0.9338,0.6867,59.0,6000,0.4987,5,0.2255,0.0094,0,0.317,0.3727,0.2683,0.2458,38.96,35.84,1.0,0.6,57.93,31.59
28,1,CA1-V1,8.0,0.0515,0.0162,-61.0,6000,0.1702,0,0.0,-0.0269,2,0.4005,0.4094,0.2278,0.2465,nan,nan,,,87.64,87.29
28,1,CA1-V1,13.0,0.0882,0.0162,-56.0,6000,0.2735,0,0.0,-0.0029,-2,0.3295,0.4263,0.2172,0.2859,79.52,89.05,0.5,0.2593,77.93,79.36
28,1,CA1-V1,18.0,0.125,0.0833,-51.0,6000,0.2541,1,0.0334,-0.0254,-2,0.345,0.3722,0.2038,0.2191,83.96,84.73,0.7143,0.36,88.22,82.32
28,1,CA1-V1,23.0,0.1618,0.1389,-46.0,6000,0.1813,0,0.0,-0.0038,0,0.3477,0.3676,0.2319,0.2189,69.07,68.01,0.5,0.3077,81.81,72.39
28,1,CA1-V1,28.0,0.1985,0.2667,-41.0,6000,0.2718,1,0.0384,-0.0001,-4,0.2995,0.3516,0.2372,0.2267,58.79,88.1,0.5,0.4167,77.13,78.53
28,1,CA1-V1,33.0,0.2353,0.27,-36.0,6000,0.2738,1,0.039,-0.0162,-6,0.2729,0.3735,0.2045,0.2285,63.01,83.83,0.7143,0.3077,83.78,87.66
28,1,CA1-V1,38.0,0.2721,0.3182,-31.0,6000,0.2482,1,0.0318,0.001,10,0.2588,0.3278,0.2012,0.2257,55.82,80.59,0.7143,0.4783,89.12,74.87
28,1,CA1-V1,43.0,0.3088,0.3746,-26.0,6000,0.2299,0,0.0,-0.0056,-6,0.2416,0.3442,0.1858,0.2195,55.12,60.05,0.5,0.5455,89.95,72.51
28,1,CA1-V1,48.0,0.3456,0.3465,-21.0,6000,0.2359,0,0.0,-0.0006,5,0.192,0.304,0.1802,0.2036,40.81,54.64,0.3333,0.4167,81.36,77.97
28,1,CA1-V1,53.0,0.3824,0.3593,-16.0,6000,0.2269,1,0.0264,-0.0307,-5,0.2449,0.321,0.1697,0.1973,50.17,62.6,0.3333,0.4783,76.01,75.99
28,1,CA1-V1,58.0,0.4191,0.3158,-11.0,6000,0.1631,0,0.0,-0.0207,-8,0.208,0.3241,0.1412,0.1808,60.54,64.23,0.2,0.4783,69.97,78.98
28,1,CA1-V1,63.0,0.4559,0.3796,-6.0,6000,0.1685,0,0.0,-0.0292,-2,0.2318,0.3015,0.1586,0.1788,84.25,85.53,0.5,0.36,89.09,79.44
28,1,CA1-V1,68.0,0.4926,0.476,-1.0,6000,0.1426,0,0.0,-0.0012,-9,0.1677,0.282,0.1337,0.1647,61.44,66.97,0.7143,0.4783,79.6,83.44
28,1,CA1-V1,73.0,0.5294,0.5182,4.0,6000,0.251,1,0.0325,0.0078,-1,0.2109,0.2956,0.1268,0.162,69.88,75.35,0.7143,0.4167,89.27,87.05
28,1,CA1-V1,78.0,0.5662,0.6613,9.0,6000,0.1943,1,0.0284,-0.0222,-8,0.2141,0.2636,0.177,0.1683,77.18,61.76,1.0,0.4783,88.68,82.88
28,1,CA1-V1,83.0,0.6029,0.7651,14.0,6000,0.3297,1,0.0575,0.0193,0,0.7005,0.2915,0.1641,0.1676,89.5,81.1,0.7143,0.36,80.7,78.52
28,1,CA1-V1,88.0,0.6397,0.9155,19.0,6000,0.2989,2,0.0806,0.0419,8,0.1738,0.2531,0.1691,0.2144,88.42,60.88,0.3333,0.3077,81.95,70.47
28,1,CA1-V1,93.0,0.6765,0.9833,24.0,6000,0.2244,0,0.0,0.0107,0,0.2198,0.2543,0.173,0.1909,77.79,83.26,0.7143,0.36,88.55,86.13
28,1,CA1-V1,98.0,0.7132,1.0,29.0,6000,0.2433,0,0.0,0.0155,0,0.2467,0.2946,0.1495,0.1795,76.19,82.27,0.7143,0.2593,64.89,77.77
28,1,CA1-V1,103.0,0.75,0.9333,34.0,6000,0.2233,0,0.0,-0.0055,-6,0.2713,0.2938,0.1555,0.1691,83.79,74.79,0.7143,0.4167,85.72,80.15
28,1,CA1-V1,108.0,0.7868,0.8565,39.0,6000,0.2318,1,0.0276,-0.0035,0,0.2583,0.2442,0.166,0.1844,61.93,86.63,0.5,0.4167,85.84,81.59
28,1,CA1-V1,113.0,0.8235,0.7989,44.0,8000,0.1129,0,0.0,0.0339,5,0.224,0.3169,0.1371,0.1631,89.38,86.54,0.3333,0.1333,72.58,86.88
28,1,CA1-V1,118.0,0.8603,0.7434,49.0,8000,0.1566,0,0.0,0.0047,1,0.2349,0.2869,0.1436,0.1496,75.72,67.91,0.5,0.2593,80.94,80.1
28,1,CA1-V1,123.0,0.8971,0.7314,54.0,6000,0.3216,2,0.0811,-0.0114,-4,0.3301,0.2721,0.1813,0.1819,87.28,80.54,0.7143,0.2143,77.07,70.22
28,1,CA1-V1,128.0,0.9338,0.6867,59.0,6000,0.1825,3,0.067,0.0078,-5,0.2906,0.2825,0.1525,0.1646,87.57,78.94,1.0,0.3077,82.21,77.36
28,1,CA3-DG,8.0,0.0515,0.0162,-61.0,6000,0.1643,1,0.0137,0.0186,10,0.6873,0.2806,0.5285,0.2771,nan,nan,,,74.32,76.87
28,1,CA3-DG,13.0,0.0882,0.0162,-56.0,6000,0.174,1,0.0154,-0.0583,0,0.7672,0.3399,0.727,0.4154,89.73,70.21,0.0,0.3333,89.4,82.84
28,1,CA3-DG,18.0,0.125,0.0833,-51.0,6000,0.2305,1,0.0273,-0.044,-9,0.6331,0.2694,0.5637,0.4456,78.55,67.76,0.2,0.3333,85.49,89.47
28,1,CA3-DG,23.0,0.1618,0.1389,-46.0,6000,0.3454,2,0.106,0.0329,0,0.654,0.5143,0.6774,0.5154,81.03,89.91,0.5,0.3333,89.17,75.8
28,1,CA3-DG,28.0,0.1985,0.2667,-41.0,6000,0.2286,1,0.0268,0.03,0,0.5708,0.597,0.5793,0.4483,84.81,75.91,0.5,0.6,75.94,67.17
28,1,CA3-DG,33.0,0.2353,0.27,-36.0,6000,-0.048,3,0.1194,-0.0099,0,0.8371,0.293,0.3504,0.4031,90.0,46.22,0.0,0.6,4.34,61.02
28,1,CA3-DG,38.0,0.2721,0.3182,-31.0,6000,0.1292,2,0.0265,-0.097,-1,0.5903,0.4746,0.5824,0.4032,89.77,54.24,0.2,1.0,82.35,69.94
28,1,CA3-DG,43.0,0.3088,0.3746,-26.0,6000,0.1867,1,0.0177,-0.0857,-1,0.6638,0.5359,0.612,0.348,74.3,80.89,0.5,0.3333,74.74,68.03
28,1,CA3-DG,48.0,0.3456,0.3465,-21.0,6000,-0.0343,1,0.0273,-0.0355,-3,0.68,0.6026,0.608,0.4311,84.58,61.18,0.5,0.6,87.45,86.46
28,1,CA3-DG,53.0,0.3824,0.3593,-16.0,6000,0.2061,3,0.1035,0.0268,0,0.7515,0.2702,0.5173,0.4619,87.28,89.54,1.0,0.6,75.06,80.85
28,1,CA3-DG,58.0,0.4191,0.3158,-11.0,6000,0.5756,2,0.2109,0.0348,0,0.9485,0.5507,0.5432,0.5213,89.96,89.92,0.2,0.6,64.76,76.33
28,1,CA3-DG,63.0,0.4559,0.3796,-6.0,6000,0.4269,2,0.2073,-0.0468,0,0.8853,0.474,0.4072,0.5166,89.18,86.58,1.0,0.3333,5.72,89.52
28,1,CA3-DG,68.0,0.4926,0.476,-1.0,6000,0.2112,1,0.0228,0.0214,0,0.7003,0.1407,0.4539,0.2767,90.0,79.64,0.2,0.3333,55.58,67.68
28,1,CA3-DG,73.0,0.5294,0.5182,4.0,6000,-0.0303,1,0.0331,-0.0273,0,0.9585,0.1099,0.1305,0.2638,89.74,78.88,0.2,0.1429,86.31,86.55
28,1,CA3-DG,78.0,0.5662,0.6613,9.0,6000,-0.0466,4,0.099,0.0333,0,0.9223,0.199,0.3341,0.3638,87.98,89.42,0.5,0.6,64.84,55.29
28,1,CA3-DG,83.0,0.6029,0.7651,14.0,6000,0.1489,1,0.0184,0.0814,0,0.1283,0.2888,0.2281,0.3796,85.31,54.64,0.5,0.6,87.89,79.25
28,1,CA3-DG,88.0,0.6397,0.9155,19.0,6000,0.2218,1,0.0252,0.0274,0,0.285,0.3354,0.3218,0.3022,81.24,54.93,0.5,0.6,63.06,76.47
28,1,CA3-DG,93.0,0.6765,0.9833,24.0,6000,-0.038,2,0.0459,0.0526,0,0.2792,0.3427,0.2707,0.2454,44.63,66.85,0.5,0.6,81.14,82.04
28,1,CA3-DG,98.0,0.7132,1.0,29.0,6000,0.166,1,0.014,0.0262,1,0.2514,0.1759,0.2766,0.3133,81.59,81.12,0.5,0.6,86.36,69.83
28,1,CA3-DG,103.0,0.75,0.9333,34.0,6000,-0.0461,3,0.0558,0.011,1,0.2206,0.3984,0.2847,0.2314,72.17,87.08,0.2,0.3333,84.57,63.1
28,1,CA3-DG,108.0,0.7868,0.8565,39.0,6000,0.1671,0,0.0,-0.0103,-1,0.2211,0.3655,0.2686,0.2089,63.18,38.9,0.5,0.6,81.38,74.07
28,1,CA3-DG,113.0,0.8235,0.7989,44.0,8000,0.2183,1,0.0244,-0.0304,-1,0.2236,0.381,0.3312,0.2849,38.62,87.64,0.5,0.6,81.35,63.5
28,1,CA3-DG,118.0,0.8603,0.7434,49.0,8000,0.1844,1,0.0173,0.0038,0,0.3309,0.3675,0.2355,0.2655,77.99,49.76,0.5,0.6,86.79,71.98
28,1,CA3-DG,123.0,0.8971,0.7314,54.0,6000,0.1979,4,0.1201,-0.0143,1,0.3786,0.4613,0.2043,0.2368,85.45,73.82,0.5,1.0,48.61,81.32
28,1,CA3-DG,128.0,0.9338,0.6867,59.0,6000,0.1434,1,0.0104,-0.0273,1,0.319,0.391,0.2958,0.2902,57.08,62.77,0.5,0.3333,89.96,83.92
34,1,CA1-CA3,8.0,0.0933,0.1333,-40.0,6000,0.3821,2,0.134,0.0129,0,0.9012,0.4714,0.4885,0.3934,nan,nan,,,71.75,63.07
34,1,CA1-CA3,13.0,0.16,0.2667,-35.0,6000,0.2558,1,0.0338,0.0264,0,0.3508,0.5067,0.5019,0.5298,87.11,87.12,0.0909,0.3333,87.19,33.15
34,1,CA1-CA3,18.0,0.2267,0.3171,-30.0,6000,0.4406,1,0.1079,0.0219,0,0.2573,0.3245,0.5277,0.5357,68.8,85.94,0.3333,1.0,88.18,61.29
34,1,CA1-CA3,23.0,0.2933,0.3068,-25.0,6000,0.8017,4,0.6135,-0.0035,0,0.9087,0.8831,0.627,0.6036,89.6,90.0,0.3333,0.3333,73.97,14.54
34,1,CA1-CA3,28.0,0.36,0.2905,-20.0,8000,0.194,3,0.0514,-0.0276,0,0.9504,0.4361,0.4802,0.4417,75.53,40.9,0.5,1.0,53.13,66.38
34,1,CA1-CA3,33.0,0.4267,0.386,-15.0,8000,0.3788,2,0.0853,-0.0081,0,0.9338,0.1548,0.4738,0.5057,66.4,75.68,0.5,0.3333,74.47,89.05
34,1,CA1-CA3,38.0,0.4933,0.5303,-10.0,8000,0.2969,1,0.0461,0.0106,0,0.9052,0.1488,0.4354,0.4571,79.73,29.14,0.3333,0.3333,87.85,87.87
34,1,CA1-CA3,43.0,0.56,0.5344,-5.0,8000,0.3141,1,0.0519,0.0281,0,0.932,0.0563,0.4746,0.4577,79.87,24.34,0.2,0.0,80.95,87.14
34,1,CA1-CA3,48.0,0.6267,0.5781,0.0,8000,0.4001,2,0.0993,-0.0051,0,0.8907,0.1069,0.4311,0.4739,77.87,34.69,0.3333,0.0,89.94,89.42
34,1,CA1-CA3,53.0,0.6933,0.6539,5.0,6000,0.4069,2,0.1018,0.0013,0,0.2898,0.1727,0.5164,0.4528,88.3,29.18,0.2,0.3333,82.36,77.38
34,1,CA1-CA3,58.0,0.76,0.8361,10.0,6000,0.338,3,0.1166,-0.0099,0,0.9086,0.1154,0.4504,0.4652,89.56,33.63,0.3333,0.3333,40.07,64.36
34,1,CA1-CA3,63.0,0.8267,0.908,15.0,6000,0.4116,2,0.1103,-0.017,0,0.899,0.1744,0.3687,0.3987,52.43,24.31,0.7143,0.3333,83.91,52.06
34,1,CA1-CA3,68.0,0.8933,0.9141,20.0,6000,0.3836,3,0.1044,-0.0022,0,0.2708,0.1631,0.5074,0.445,89.8,41.14,0.0909,0.3333,63.36,59.12
34,1,CA1-V1,8.0,0.0933,0.1333,-40.0,6000,0.1662,0,0.0,0.0228,0,0.8856,0.401,0.2094,0.2038,nan,nan,,,82.18,77.79
34,1,CA1-V1,13.0,0.16,0.2667,-35.0,6000,0.2142,0,0.0,0.0304,4,0.29,0.3747,0.1853,0.1878,89.74,77.95,0.5,0.4857,78.23,73.24
34,1,CA1-V1,18.0,0.2267,0.3171,-30.0,6000,0.1094,1,0.0417,-0.0031,8,0.3973,0.3057,0.2004,0.1844,65.46,62.2,0.5,0.3,89.23,81.4
34,1,CA1-V1,23.0,0.2933,0.3068,-25.0,6000,0.0917,0,0.0,0.0025,9,0.5049,0.2758,0.2234,0.1883,65.21,89.15,0.7143,0.3333,86.68,81.87
34,1,CA1-V1,28.0,0.36,0.2905,-20.0,8000,0.0754,0,0.0,-0.0,-7,0.9357,0.2783,0.176,0.1663,89.95,84.69,0.5,0.3333,86.71,88.45
34,1,CA1-V1,33.0,0.4267,0.386,-15.0,8000,0.0826,0,0.0,-0.0335,-3,0.9731,0.2941,0.1696,0.1854,57.36,72.78,0.5,0.3,89.2,78.92
34,1,CA1-V1,38.0,0.4933,0.5303,-10.0,8000,0.0961,0,0.0,-0.0036,2,0.925,0.2816,0.1669,0.184,88.94,62.9,0.7143,0.3,80.37,76.13
34,1,CA1-V1,43.0,0.56,0.5344,-5.0,8000,0.0824,0,0.0,-0.0808,-2,0.979,0.2544,0.2024,0.1991,81.51,87.94,0.5,0.1818,71.9,81.66
34,1,CA1-V1,48.0,0.6267,0.5781,0.0,8000,0.2622,1,0.0356,-0.0101,-9,0.9231,0.2956,0.1957,0.2161,76.63,77.42,0.5,0.2093,81.95,66.88
34,1,CA1-V1,53.0,0.6933,0.6539,5.0,6000,0.378,1,0.0771,-0.0023,-10,0.9189,0.344,0.4722,0.4307,57.19,85.55,0.5,0.3333,61.75,86.36
34,1,CA1-V1,58.0,0.76,0.8361,10.0,6000,0.3425,1,0.0624,-0.0113,-7,0.9071,0.2997,0.1688,0.2282,50.61,63.81,0.7143,0.4444,50.32,72.55
34,1,CA1-V1,63.0,0.8267,0.908,15.0,6000,0.1609,0,0.0,-0.0203,-9,0.9125,0.2689,0.1529,0.198,50.57,50.29,0.7143,0.3684,85.98,86.89
34,1,CA1-V1,68.0,0.8933,0.9141,20.0,6000,0.2855,0,0.0,-0.0186,-8,0.9081,0.3502,0.3462,0.3042,54.05,62.94,0.7143,0.2683,62.34,68.8
36,1,CA1-V1,8.0,0.0909,0.1331,-20.0,8000,0.0438,0,0.0,0.0042,6,0.3155,0.0753,0.1694,0.1031,nan,nan,,,84.4,74.57
36,1,CA1-V1,13.0,0.1558,0.1783,-15.0,6000,0.1779,0,0.0,-0.006,-5,0.421,0.0809,0.2919,0.1573,82.63,73.6,0.3333,0.5556,80.11,84.87
36,1,CA1-V1,18.0,0.2208,0.2431,-10.0,6000,0.1216,0,0.0,0.0259,2,0.3182,0.0848,0.2114,0.134,87.79,82.19,0.4545,0.75,87.02,78.43
36,1,CA1-V1,23.0,0.2857,0.363,-5.0,8000,0.0836,0,0.0,-0.0051,-7,0.2351,0.0856,0.1458,0.1146,82.31,83.16,0.4545,0.4,88.61,84.67
36,1,CA1-V1,28.0,0.3506,0.4762,0.0,6000,0.1152,0,0.0,0.0135,3,0.2718,0.0721,0.1581,0.1204,84.59,79.84,0.2308,0.5556,84.9,68.33
36,1,CA1-V1,33.0,0.4156,0.5918,5.0,6000,0.1663,0,0.0,0.0237,10,0.2464,0.0768,0.2126,0.1204,82.81,75.04,0.3333,0.75,81.21,83.98
36,1,CA1-V1,38.0,0.4805,0.6141,10.0,6000,0.0776,0,0.0,-0.017,-9,0.2029,0.1068,0.1924,0.1439,74.97,64.04,0.2308,0.5556,86.28,88.1
36,1,CA1-V1,43.0,0.5455,0.7146,15.0,6000,0.0705,0,0.0,-0.0092,-5,0.1671,0.0971,0.1257,0.1335,77.86,77.8,0.2308,0.4,85.9,80.31
36,1,CA1-V1,48.0,0.6104,0.7232,20.0,8000,0.0919,0,0.0,0.0111,2,0.1736,0.0612,0.1371,0.0942,86.51,89.46,0.2308,0.4,75.16,89.98
36,1,CA1-V1,53.0,0.6753,0.8064,25.0,6000,0.0854,0,0.0,-0.0075,-10,0.2584,0.0699,0.1384,0.1038,86.63,89.9,0.6,0.2727,84.97,79.56
36,1,CA1-V1,58.0,0.7403,0.7996,30.0,8000,0.1111,0,0.0,-0.0293,-8,0.2226,0.0603,0.1673,0.1332,75.03,54.21,0.3333,0.4,86.89,73.13
36,1,CA1-V1,63.0,0.8052,0.895,35.0,8000,0.1253,0,0.0,0.0041,0,0.206,0.0809,0.1418,0.1219,73.42,70.43,0.3333,0.75,85.61,89.06
36,1,CA1-V1,68.0,0.8701,0.9164,40.0,8000,0.1246,0,0.0,0.0117,9,0.2123,0.0609,0.1586,0.1292,66.37,65.87,0.4545,0.75,80.11,72.85
41,1,CA1-CA3,13.0,0.1132,0.2553,-16.0,6000,0.8088,2,0.55,-0.0116,0,0.8436,0.9389,0.5726,0.5108,nan,nan,,,80.45,51.83
41,1,CA1-CA3,23.0,0.2075,0.4475,-6.0,8000,0.8008,3,0.5634,-0.0179,0,0.8053,0.9251,0.5609,0.5095,37.6,44.63,0.3333,0.6,32.34,55.89
41,1,CA1-CA3,28.0,0.2547,0.4754,-1.0,6000,0.8061,3,0.6028,-0.0042,0,0.8254,0.9282,0.5632,0.4904,45.98,30.6,1.0,0.6,72.69,38.06
41,1,CA1-CA3,38.0,0.3491,0.6686,9.0,6000,0.3224,2,0.0881,-0.0243,0,0.2533,0.9356,0.4182,0.36,49.74,47.46,0.3333,0.6,59.95,57.25
41,1,CA1-CA3,48.0,0.4434,0.7638,19.0,8000,0.9137,4,1.0012,-0.0004,0,0.8246,0.9368,0.5758,0.5248,50.04,30.87,0.3333,0.6,33.24,20.58
41,1,CA1-CA3,53.0,0.4906,0.8752,24.0,8000,0.3642,2,0.0932,-0.032,0,0.3145,0.1428,0.5104,0.3885,34.74,77.4,0.3333,0.6,72.24,75.75
41,1,CA1-CA3,58.0,0.5377,0.8009,29.0,8000,0.38,2,0.0943,0.0017,0,0.2801,0.1438,0.4886,0.3678,79.54,46.92,1.0,0.6,65.86,57.74
41,1,CA1-CA3,63.0,0.5849,0.7302,34.0,8000,0.3424,2,0.0928,0.0085,0,0.2504,0.1415,0.5438,0.3734,61.29,58.58,0.6,0.6,70.9,73.14
41,1,CA1-CA3,68.0,0.6321,0.6262,39.0,8000,0.2596,2,0.0505,0.0001,0,0.1784,0.1193,0.5252,0.3966,18.38,28.14,0.6,0.6,82.18,48.52
41,1,CA1-CA3,73.0,0.6792,0.718,44.0,8000,0.2566,2,0.0498,0.0058,0,0.1284,0.1454,0.4884,0.3646,70.03,72.76,0.6,0.6,85.71,83.99
41,1,CA1-CA3,78.0,0.7264,0.8181,49.0,8000,0.334,2,0.0842,0.0101,0,0.3009,0.1369,0.5101,0.3607,84.76,57.11,1.0,0.6,28.47,78.18
41,1,CA1-CA3,83.0,0.7736,0.8162,54.0,6000,0.4195,3,0.1632,-0.0016,0,0.0944,0.9249,0.4664,0.3223,79.39,88.35,0.6,1.0,64.79,62.72
41,1,CA1-CA3,88.0,0.8208,0.718,59.0,6000,0.5186,5,0.299,-0.0087,0,0.1388,0.9209,0.4063,0.3627,62.69,45.64,0.3333,0.6,75.93,33.1
41,1,CA1-CA3,93.0,0.8679,0.6302,64.0,10000,0.2055,2,0.0333,-0.058,0,0.1591,0.2764,0.4341,0.3292,77.18,88.95,0.1429,0.3333,66.26,68.87
41,1,CA1-CA3,98.0,0.9151,0.765,69.0,8000,0.2076,2,0.0325,0.0273,0,0.155,0.1712,0.4377,0.3433,76.46,84.42,0.3333,0.3333,89.71,46.66
41,1,CA1-V1,8.0,0.066,0.0804,-21.0,8000,0.0962,0,0.0,-0.0408,-1,0.2709,0.3568,0.2089,0.1945,nan,nan,,,57.54,88.67
41,1,CA1-V1,13.0,0.1132,0.2553,-16.0,6000,0.2726,0,0.0,-0.0308,-8,0.5481,0.3537,0.2013,0.1941,89.54,65.08,0.6,0.4444,75.99,80.97
41,1,CA1-V1,18.0,0.1604,0.3587,-11.0,8000,0.0685,0,0.0,-0.094,-9,0.2636,0.3173,0.2267,0.1865,67.05,87.03,0.1429,0.3929,68.33,89.05
41,1,CA1-V1,23.0,0.2075,0.4475,-6.0,8000,-0.1091,0,0.0,-0.0138,1,0.3685,0.2787,0.2406,0.1845,52.65,72.29,0.6,0.4444,67.62,75.83
41,1,CA1-V1,28.0,0.2547,0.4754,-1.0,6000,0.2821,1,0.0415,-0.0303,-10,0.5159,0.2768,0.2238,0.196,85.51,81.03,0.6,0.322,77.31,85.6
41,1,CA1-V1,33.0,0.3019,0.6452,4.0,6000,0.1806,0,0.0,0.0124,9,0.4778,0.2682,0.2453,0.211,69.47,86.37,1.0,0.3448,79.07,86.23
41,1,CA1-V1,38.0,0.3491,0.6686,9.0,6000,0.0876,0,0.0,-0.002,-9,0.2475,0.2605,0.1177,0.1952,87.53,75.17,0.3333,0.3,85.72,87.67
41,1,CA1-V1,43.0,0.3962,0.7713,14.0,6000,0.1256,0,0.0,0.0284,8,0.2164,0.269,0.2148,0.1728,80.59,87.36,0.1429,0.3,83.65,82.83
41,1,CA1-V1,48.0,0.4434,0.7638,19.0,8000,0.1252,0,0.0,0.0475,10,0.2387,0.2372,0.1924,0.1991,74.04,85.51,0.6,0.3929,82.11,89.84
41,1,CA1-V1,53.0,0.4906,0.8752,24.0,8000,0.2854,1,0.0425,-0.0276,-10,0.3126,0.2356,0.1519,0.191,52.4,66.27,0.3333,0.3684,88.87,81.97
41,1,CA1-V1,58.0,0.5377,0.8009,29.0,8000,0.1164,0,0.0,-0.0299,-2,0.2784,0.2566,0.1309,0.1944,63.58,65.6,1.0,0.3929,80.54,81.55
41,1,CA1-V1,63.0,0.5849,0.7302,34.0,8000,-0.0972,7,0.2088,-0.0139,-6,0.2464,0.2528,0.1598,0.1859,63.19,72.76,0.6,0.3448,83.14,79.14
41,1,CA1-V1,68.0,0.6321,0.6262,39.0,8000,-0.1329,4,0.1367,-0.0161,-10,0.1799,0.2556,0.1966,0.2005,59.59,78.75,0.3333,0.2787,89.43,87.49
41,1,CA1-V1,73.0,0.6792,0.718,44.0,8000,-0.0137,2,0.0664,-0.0277,-7,0.1309,0.2313,0.1689,0.1995,89.69,88.31,0.6,0.4182,64.45,86.02
41,1,CA1-V1,78.0,0.7264,0.8181,49.0,8000,-0.1188,5,0.1584,-0.0177,-8,0.3034,0.2731,0.1337,0.2013,56.09,74.75,1.0,0.322,80.55,84.06
41,1,CA1-V1,83.0,0.7736,0.8162,54.0,6000,0.1958,0,0.0,0.0152,0,0.098,0.2963,0.1758,0.2139,56.83,57.02,0.6,0.3684,75.17,80.44
41,1,CA1-V1,88.0,0.8208,0.718,59.0,6000,0.1282,0,0.0,0.0031,0,0.1462,0.3004,0.2123,0.1997,50.5,64.69,0.3333,0.4182,78.21,74.78
41,1,CA1-V1,93.0,0.8679,0.6302,64.0,10000,-0.172,6,0.1132,-0.0242,-6,0.1618,0.3142,0.1128,0.152,77.66,79.97,0.1429,0.3,89.37,87.22
41,1,CA1-V1,98.0,0.9151,0.765,69.0,8000,-0.3673,5,0.4181,0.0445,4,0.1594,0.2963,0.1256,0.168,80.32,86.1,0.3333,0.3929,79.9,88.43
52,1,CA1-RSC,8.0,0.0787,0.1269,-28.0,8000,0.0345,2,0.0163,0.0509,1,0.4236,0.1446,0.201,0.054,nan,nan,,,88.05,83.11
52,1,CA1-RSC,13.0,0.1348,0.1211,-23.0,8000,0.0043,0,0.0,-0.0109,-9,0.3951,0.1165,0.1708,0.0885,86.63,81.01,0.1667,0.3333,84.97,68.24
52,1,CA1-RSC,18.0,0.191,0.1569,-18.0,8000,-0.1548,0,0.0,-0.0145,0,0.3653,0.1426,0.2096,0.0875,88.36,57.3,0.2727,0.3333,84.0,73.91
52,1,CA1-RSC,23.0,0.2472,0.1896,-13.0,8000,0.0102,4,0.077,0.0123,0,0.3875,0.0903,0.2445,0.1202,82.83,65.2,0.2727,1.0,89.98,77.55
52,1,CA1-RSC,28.0,0.3034,0.2679,-8.0,8000,-0.1344,1,0.0066,-0.0108,2,0.3447,0.0779,0.189,0.0794,89.87,85.15,0.2727,0.3333,85.23,78.67
52,1,CA1-RSC,33.0,0.3596,0.3874,-3.0,8000,-0.1422,4,0.0599,-0.0003,10,0.2969,0.0668,0.2485,0.0717,81.67,76.73,0.1667,1.0,85.16,87.9
52,1,CA1-RSC,38.0,0.4157,0.5985,2.0,8000,-0.0375,1,0.0471,-0.0239,0,0.294,0.0553,0.1953,0.1269,79.02,71.69,0.3333,0.3333,82.38,84.08
52,1,CA1-RSC,43.0,0.4719,0.7274,7.0,6000,0.2433,6,0.5508,-0.0112,0,0.3088,0.0465,0.2001,0.065,86.46,86.11,0.2727,1.0,83.83,81.3
52,1,CA1-RSC,48.0,0.5281,0.8603,12.0,6000,0.229,3,0.051,-0.0066,-10,0.3389,0.0411,0.1796,0.071,83.83,80.23,0.2727,0.0,88.68,77.84
52,1,CA1-RSC,53.0,0.5843,0.8818,17.0,6000,0.1913,2,0.0293,0.0236,5,0.3263,0.05,0.1975,0.0507,84.21,75.8,0.2727,0.0,89.03,79.31
52,1,CA1-RSC,58.0,0.6404,0.8405,22.0,6000,0.0771,1,0.0186,-0.0028,0,0.3013,0.0545,0.1976,0.1301,83.52,83.47,0.2174,1.0,88.64,89.34
52,1,CA1-RSC,63.0,0.6966,0.7694,27.0,6000,-0.1551,2,0.0243,0.0186,0,0.3071,0.0526,0.197,0.0799,83.98,87.75,0.1667,1.0,88.38,75.85
52,1,CA1-RSC,68.0,0.7528,0.7018,32.0,6000,0.4334,3,0.3274,-0.0161,3,0.288,0.0604,0.1694,0.1042,89.95,82.68,0.3333,0.3333,81.12,87.82
52,1,CA1-RSC,73.0,0.809,0.7008,37.0,6000,0.4265,3,0.1663,0.0455,0,0.2859,0.0915,0.2359,0.1328,82.5,41.71,0.1667,1.0,85.04,78.36
52,1,CA1-RSC,78.0,0.8652,0.5905,42.0,6000,0.2732,6,0.1495,-0.0003,0,0.2545,0.0763,0.2091,0.0687,78.77,81.46,0.2174,0.3333,77.86,79.29
52,1,CA1-RSC,83.0,0.9213,0.5162,47.0,8000,0.0421,0,0.0,-0.0093,-9,0.371,0.0887,0.2289,0.0985,89.92,86.31,0.1667,1.0,86.36,81.75
52,1,CA1-CA3,8.0,0.0787,0.1269,-28.0,8000,0.2436,2,0.0493,-0.0617,-5,0.352,0.3318,0.2715,0.292,nan,nan,,,87.82,81.63
52,1,CA1-CA3,13.0,0.1348,0.1211,-23.0,8000,0.2077,2,0.0363,-0.0086,0,0.3565,0.3363,0.2845,0.2928,63.7,63.99,0.2727,0.4,55.89,57.09
52,1,CA1-CA3,18.0,0.191,0.1569,-18.0,8000,0.1937,2,0.0295,-0.0005,0,0.3284,0.3278,0.1847,0.1912,52.22,66.29,0.4737,0.4737,58.29,65.85
52,1,CA1-CA3,23.0,0.2472,0.1896,-13.0,8000,0.3172,10,0.2547,0.019,0,0.3338,0.3467,0.3201,0.3586,59.57,62.83,0.2727,0.4,77.58,88.41
52,1,CA1-CA3,28.0,0.3034,0.2679,-8.0,8000,0.2012,13,0.2674,-0.0065,0,0.2954,0.3139,0.1544,0.1803,84.36,65.76,0.3333,0.4,75.83,69.4
52,1,CA1-CA3,33.0,0.3596,0.3874,-3.0,8000,0.1691,1,0.0145,0.001,0,0.2608,0.2931,0.1845,0.157,60.95,69.59,0.4,0.3333,86.92,86.28
52,1,CA1-CA3,38.0,0.4157,0.5985,2.0,8000,0.2383,6,0.1447,0.0366,0,0.2632,0.2671,0.1777,0.1502,68.01,74.34,0.2727,0.2727,75.82,89.3
52,1,CA1-CA3,43.0,0.4719,0.7274,7.0,6000,0.2025,5,0.1191,0.018,0,0.2548,0.3043,0.1669,0.1501,57.85,64.39,0.4,0.3333,80.61,76.99
52,1,CA1-CA3,48.0,0.5281,0.8603,12.0,6000,0.1241,0,0.0,-0.0008,0,0.2934,0.2982,0.1948,0.1677,87.27,78.48,0.4,0.3333,83.54,89.0
52,1,CA1-CA3,53.0,0.5843,0.8818,17.0,6000,0.2061,1,0.0217,0.0208,0,0.2706,0.2745,0.1502,0.1578,61.71,68.9,0.2174,0.3333,82.94,79.36
52,1,CA1-CA3,58.0,0.6404,0.8405,22.0,6000,0.2966,6,0.2352,0.0091,0,0.2667,0.3304,0.2072,0.2095,79.95,81.06,0.4737,0.3333,87.76,88.04
52,1,CA1-CA3,63.0,0.6966,0.7694,27.0,6000,0.383,3,0.1336,-0.0178,0,0.2827,0.3179,0.189,0.2075,81.77,70.4,0.4,0.5556,81.25,86.14
52,1,CA1-CA3,68.0,0.7528,0.7018,32.0,6000,0.0428,5,0.2245,-0.0018,0,0.2657,0.2701,0.1942,0.1869,79.11,81.13,0.4,0.4737,87.62,89.03
52,1,CA1-CA3,73.0,0.809,0.7008,37.0,6000,0.2722,1,0.0385,0.0188,0,0.2395,0.3046,0.1938,0.1697,88.05,75.4,0.3333,0.2727,85.47,86.96
52,1,CA1-CA3,78.0,0.8652,0.5905,42.0,6000,0.2964,1,0.046,0.0089,0,0.2257,0.3191,0.1992,0.2056,79.37,87.63,0.4737,0.2174,86.31,80.64
52,1,CA1-CA3,83.0,0.9213,0.5162,47.0,8000,0.2409,3,0.0566,0.0258,0,0.316,0.3477,0.3568,0.4137,51.24,66.11,0.1667,0.2727,59.94,57.2
52,1,CA1-DG,8.0,0.0787,0.1269,-28.0,8000,0.294,4,0.0789,-0.0032,0,0.3508,0.187,0.229,0.1841,nan,nan,,,80.42,75.01
52,1,CA1-DG,13.0,0.1348,0.1211,-23.0,8000,0.3286,5,0.1195,-0.0071,0,0.3597,0.1671,0.2369,0.1798,83.95,80.2,0.2727,0.5,75.96,77.53
52,1,CA1-DG,18.0,0.191,0.1569,-18.0,8000,0.0222,15,0.2961,-0.0027,0,0.3285,0.1366,0.2131,0.1501,86.38,76.9,0.4737,0.3846,79.09,81.91
52,1,CA1-DG,23.0,0.2472,0.1896,-13.0,8000,0.1033,1,0.0121,0.0132,0,0.3338,0.1336,0.2219,0.169,84.66,88.62,0.2727,0.2857,73.35,81.25
52,1,CA1-DG,28.0,0.3034,0.2679,-8.0,8000,0.2207,1,0.025,-0.0021,0,0.2967,0.1152,0.2106,0.1463,78.67,73.84,0.3333,0.2857,72.09,85.43
52,1,CA1-DG,33.0,0.3596,0.3874,-3.0,8000,-0.015,10,0.2393,-0.0485,0,0.2631,0.1491,0.2297,0.147,77.7,60.79,0.4,0.5,79.0,83.76
52,1,CA1-DG,38.0,0.4157,0.5985,2.0,8000,0.5228,12,0.6639,0.0016,0,0.26,0.1056,0.2249,0.1544,70.02,75.79,0.2727,0.2,78.64,80.02
52,1,CA1-DG,43.0,0.4719,0.7274,7.0,6000,0.5281,10,0.5133,0.001,0,0.2549,0.128,0.1999,0.1413,74.15,60.34,0.3333,0.5,85.56,86.76
52,1,CA1-DG,48.0,0.5281,0.8603,12.0,6000,0.4369,3,0.1586,-0.0172,0,0.2921,0.1364,0.2014,0.1511,84.87,88.39,0.4,0.3846,82.19,83.48
52,1,CA1-DG,53.0,0.5843,0.8818,17.0,6000,0.3642,12,0.3061,-0.0172,0,0.2684,0.1167,0.1897,0.1484,66.73,73.58,0.2174,0.3846,86.81,85.36
52,1,CA1-DG,58.0,0.6404,0.8405,22.0,6000,0.3824,3,0.1193,0.0062,0,0.2692,0.1372,0.2035,0.1598,57.41,63.01,0.4737,0.6364,80.72,74.14
52,1,CA1-DG,63.0,0.6966,0.7694,27.0,6000,0.48,1,0.131,-0.013,0,0.2813,0.1407,0.1886,0.1528,88.69,84.67,0.4,0.6364,86.22,86.13
52,1,CA1-DG,68.0,0.7528,0.7018,32.0,6000,0.6587,6,0.7786,0.0168,0,0.2663,0.1415,0.2189,0.1672,54.9,63.11,0.4,0.3846,83.09,75.64
52,1,CA1-DG,73.0,0.809,0.7008,37.0,6000,0.272,7,0.3573,0.0008,0,0.2429,0.1024,0.2243,0.1928,74.11,72.02,0.3333,0.2,67.71,75.99
52,1,CA1-DG,78.0,0.8652,0.5905,42.0,6000,0.1843,6,0.1122,0.0092,0,0.2294,0.1171,0.204,0.2025,67.89,64.24,0.4737,0.2857,62.61,77.33
52,1,CA1-DG,83.0,0.9213,0.5162,47.0,8000,0.3034,3,0.0709,0.0112,0,0.3132,0.1633,0.2381,0.1891,55.59,67.61,0.1667,0.3846,79.87,84.69
52,1,CA1-V1,8.0,0.0787,0.1269,-28.0,8000,0.1835,1,0.0197,-0.024,-4,0.3516,0.2907,0.1525,0.1306,nan,nan,,,66.66,64.95
52,1,CA1-V1,13.0,0.1348,0.1211,-23.0,8000,0.1173,1,0.0245,-0.0248,0,0.3559,0.26,0.1834,0.1358,81.31,65.04,0.2727,0.3684,79.32,75.2
52,1,CA1-V1,18.0,0.191,0.1569,-18.0,8000,0.0383,4,0.1328,-0.0546,-10,0.3301,0.2693,0.1799,0.1436,59.67,53.94,0.4,0.4444,58.73,69.05
52,1,CA1-V1,23.0,0.2472,0.1896,-13.0,8000,-0.095,0,0.0,-0.046,-9,0.3355,0.2938,0.2224,0.1605,49.46,53.1,0.2727,0.4857,75.85,69.96
52,1,CA1-V1,28.0,0.3034,0.2679,-8.0,8000,0.1106,1,0.0464,-0.0385,-10,0.2956,0.2802,0.177,0.1625,56.17,45.7,0.4,0.4857,56.15,54.84
52,1,CA1-V1,33.0,0.3596,0.3874,-3.0,8000,0.1601,2,0.1203,-0.0561,0,0.2613,0.2397,0.1815,0.161,50.19,35.2,0.4,0.4444,64.04,68.79
52,1,CA1-V1,38.0,0.4157,0.5985,2.0,8000,0.2322,5,0.3276,-0.0352,0,0.26,0.2526,0.1998,0.1587,77.32,72.13,0.2727,0.4054,79.25,64.55
52,1,CA1-V1,43.0,0.4719,0.7274,7.0,6000,-0.4388,3,0.272,0.0098,0,0.2568,0.2344,0.1909,0.1567,71.5,67.38,0.3333,0.3,67.55,70.89
52,1,CA1-V1,48.0,0.5281,0.8603,12.0,6000,-0.1787,6,0.5874,-0.0165,0,0.2928,0.2949,0.2432,0.2083,47.67,50.52,0.4,0.4054,42.31,54.73
52,1,CA1-V1,53.0,0.5843,0.8818,17.0,6000,0.1257,1,0.0398,-0.0314,-10,0.2657,0.254,0.1941,0.1553,56.94,47.93,0.2174,0.3333,54.48,68.56
52,1,CA1-V1,58.0,0.6404,0.8405,22.0,6000,0.1623,0,0.0,-0.0116,0,0.2715,0.2561,0.2092,0.156,49.04,45.57,0.4737,0.3684,54.43,71.44
52,1,CA1-V1,63.0,0.6966,0.7694,27.0,6000,-0.0729,0,0.0,0.0045,0,0.2815,0.2678,0.1977,0.1683,52.6,46.41,0.3333,0.4857,81.37,82.37
52,1,CA1-V1,68.0,0.7528,0.7018,32.0,6000,-0.2777,3,0.1645,0.0168,0,0.2636,0.2773,0.1498,0.129,60.16,54.76,0.4,0.4444,87.41,77.9
52,1,CA1-V1,73.0,0.809,0.7008,37.0,6000,-0.1759,4,0.2204,-0.0097,0,0.2417,0.2358,0.1796,0.148,53.09,51.27,0.4,0.4054,86.41,78.82
52,1,CA1-V1,78.0,0.8652,0.5905,42.0,6000,-0.1585,7,0.3333,-0.0294,0,0.2303,0.2441,0.1468,0.1308,59.59,65.61,0.4737,0.3684,82.2,82.02
52,1,CA1-V1,83.0,0.9213,0.5162,47.0,8000,0.2555,2,0.0741,-0.0212,0,0.3182,0.2991,0.1682,0.1444,80.06,77.74,0.1667,0.3,64.14,68.31
52,1,CA3-DG,8.0,0.0787,0.1269,-28.0,8000,0.6446,18,1.0884,0.0187,0,0.3352,0.1848,0.3932,0.3205,nan,nan,,,64.66,69.85
52,1,CA3-DG,13.0,0.1348,0.1211,-23.0,8000,0.5879,5,0.448,0.0126,0,0.3394,0.1647,0.4297,0.3536,74.17,66.66,0.4,0.5,70.39,58.95
52,1,CA3-DG,18.0,0.191,0.1569,-18.0,8000,0.6311,19,0.8924,0.0338,0,0.3319,0.1331,0.4098,0.3411,47.08,41.86,0.4,0.3846,66.37,65.38
52,1,CA3-DG,23.0,0.2472,0.1896,-13.0,8000,0.5745,8,0.5402,0.034,0,0.3537,0.1354,0.4467,0.358,39.78,32.63,0.3333,0.2857,51.88,52.29
52,1,CA3-DG,28.0,0.3034,0.2679,-8.0,8000,0.6135,7,0.5611,0.0203,0,0.3123,0.1112,0.3847,0.3163,71.96,61.29,0.4,0.2,38.33,33.16
52,1,CA3-DG,33.0,0.3596,0.3874,-3.0,8000,0.6054,5,0.539,-0.0007,0,0.2978,0.1469,0.4089,0.3461,30.29,33.93,0.3333,0.3846,51.87,56.0
52,1,CA3-DG,38.0,0.4157,0.5985,2.0,8000,0.5818,6,0.5198,0.0098,0,0.2667,0.1182,0.389,0.3173,32.33,24.8,0.3333,0.3846,50.13,41.32
52,1,CA3-DG,43.0,0.4719,0.7274,7.0,6000,0.5499,5,0.4647,0.0142,0,0.3055,0.1307,0.3681,0.2744,27.07,24.67,0.3333,0.3846,83.08,84.2
52,1,CA3-DG,48.0,0.5281,0.8603,12.0,6000,0.577,5,0.436,0.0261,0,0.2994,0.1322,0.3993,0.3049,80.42,84.85,0.3333,0.3846,86.86,83.32
52,1,CA3-DG,53.0,0.5843,0.8818,17.0,6000,0.294,16,0.7618,0.0331,0,0.2754,0.1194,0.412,0.3172,26.86,20.14,0.3333,0.2857,76.48,76.3
52,1,CA3-DG,58.0,0.6404,0.8405,22.0,6000,0.3168,9,0.716,0.03,0,0.3324,0.138,0.3686,0.2947,57.08,59.17,0.4,0.3846,57.59,57.73
52,1,CA3-DG,63.0,0.6966,0.7694,27.0,6000,0.6719,10,0.8289,0.0367,0,0.3191,0.1354,0.3721,0.298,31.86,33.7,0.5556,0.5,83.68,79.89
52,1,CA3-DG,68.0,0.7528,0.7018,32.0,6000,0.5816,9,0.4995,0.0312,0,0.2761,0.1458,0.3707,0.3277,29.35,28.24,0.6471,0.3846,30.1,30.53
52,1,CA3-DG,73.0,0.809,0.7008,37.0,6000,0.5977,4,0.5325,0.0482,0,0.3051,0.108,0.3622,0.331,61.67,66.9,0.2727,0.2857,59.84,51.73
52,1,CA3-DG,78.0,0.8652,0.5905,42.0,6000,0.2794,14,0.9496,0.0226,0,0.3112,0.1224,0.3841,0.3239,29.23,23.17,0.2174,0.3846,61.0,51.32
52,1,CA3-DG,83.0,0.9213,0.5162,47.0,8000,0.6153,5,0.5627,0.0392,0,0.3801,0.1628,0.4074,0.3709,68.67,58.07,0.2174,0.3846,26.99,29.39
52,1,V1-RSC,8.0,0.0787,0.1269,-28.0,8000,0.3023,3,0.094,0.0121,-3,0.2903,0.1464,0.2409,0.1982,nan,nan,,,76.69,73.48
52,1,V1-RSC,13.0,0.1348,0.1211,-23.0,8000,0.0377,3,0.0602,0.0671,10,0.2779,0.1203,0.2524,0.2009,63.92,45.46,0.4054,0.3333,66.32,32.14
52,1,V1-RSC,18.0,0.191,0.1569,-18.0,8000,-0.0291,2,0.0448,0.0204,1,0.2715,0.1439,0.2445,0.1634,53.86,41.37,0.3684,0.3333,79.84,47.11
52,1,V1-RSC,23.0,0.2472,0.1896,-13.0,8000,0.1358,2,0.0212,0.0608,0,0.2862,0.0922,0.2283,0.1415,76.84,62.76,0.3684,1.0,85.71,68.31
52,1,V1-RSC,28.0,0.3034,0.2679,-8.0,8000,0.0757,2,0.0573,0.0541,0,0.2871,0.0792,0.2313,0.139,75.61,78.99,0.3333,0.3333,88.8,71.52
52,1,V1-RSC,33.0,0.3596,0.3874,-3.0,8000,0.2222,2,0.0359,-0.0121,0,0.2548,0.0669,0.2534,0.127,73.74,64.83,0.2683,1.0,87.23,50.48
52,1,V1-RSC,38.0,0.4157,0.5985,2.0,8000,0.0548,3,0.283,0.0365,0,0.254,0.0554,0.2296,0.0953,81.51,52.15,0.2381,0.3333,73.81,64.04
52,1,V1-RSC,43.0,0.4719,0.7274,7.0,6000,0.487,3,0.4198,0.0693,0,0.2584,0.0472,0.1989,0.0855,68.46,59.06,0.2683,1.0,67.31,56.36
52,1,V1-RSC,48.0,0.5281,0.8603,12.0,6000,-0.2117,2,0.0665,0.041,5,0.3031,0.042,0.2125,0.1498,74.2,40.16,0.1818,0.3333,86.21,50.95
52,1,V1-RSC,53.0,0.5843,0.8818,17.0,6000,0.0633,4,0.2719,0.0411,0,0.2956,0.0502,0.2345,0.1275,76.28,39.2,0.1818,0.3333,75.22,65.55
52,1,V1-RSC,58.0,0.6404,0.8405,22.0,6000,0.0968,1,0.0154,0.1343,7,0.2982,0.0556,0.2314,0.1646,58.66,43.23,0.3684,0.3333,80.92,72.68
52,1,V1-RSC,63.0,0.6966,0.7694,27.0,6000,-0.2219,2,0.0296,0.0984,0,0.2831,0.0534,0.2269,0.1769,64.44,30.7,0.2093,0.3333,85.93,66.64
52,1,V1-RSC,68.0,0.7528,0.7018,32.0,6000,-0.0118,3,0.1081,0.0485,8,0.3063,0.0606,0.2256,0.1268,87.3,80.78,0.3333,0.3333,85.62,86.59
52,1,V1-RSC,73.0,0.809,0.7008,37.0,6000,-0.2319,2,0.0993,0.089,0,0.2457,0.093,0.2213,0.1612,81.49,69.0,0.3333,1.0,88.77,87.74
52,1,V1-RSC,78.0,0.8652,0.5905,42.0,6000,0.4949,4,0.3504,0.0457,7,0.2475,0.0768,0.2043,0.0969,66.68,40.12,0.3,0.3333,86.59,79.78
52,1,V1-RSC,83.0,0.9213,0.5162,47.0,8000,0.0783,1,0.007,-0.0078,0,0.3034,0.087,0.2026,0.1054,67.7,52.75,0.2683,1.0,77.93,48.58
61,1,CA1-RSC,8.0,0.066,0.0618,-80.0,6000,0.0755,0,0.0,0.0111,3,0.4359,0.3078,0.0954,0.0842,nan,nan,,,80.29,82.76
61,1,CA1-RSC,13.0,0.1132,0.0944,-75.0,6000,0.2008,1,0.0206,0.0114,0,0.3937,0.2888,0.099,0.1007,87.47,89.43,0.4286,0.4444,79.87,86.3
61,1,CA1-RSC,18.0,0.1604,0.0714,-70.0,8000,0.1562,0,0.0,0.005,0,0.3761,0.2668,0.1209,0.103,85.8,79.87,0.3043,0.4054,76.13,64.94
61,1,CA1-RSC,23.0,0.2075,0.09,-65.0,8000,0.1727,1,0.0151,0.0221,0,0.3541,0.2638,0.1208,0.0929,67.45,57.45,0.2,0.625,77.08,77.74
61,1,CA1-RSC,28.0,0.2547,0.0972,-60.0,6000,0.1994,1,0.0203,0.0088,0,0.359,0.2377,0.1389,0.0935,80.67,81.57,0.4286,0.4444,88.68,86.3
61,1,CA1-RSC,33.0,0.3019,0.2042,-55.0,8000,0.1568,0,0.0,-0.0012,0,0.3024,0.2245,0.1267,0.0913,86.13,87.14,0.3636,0.2381,81.58,89.98
61,1,CA1-RSC,38.0,0.3491,0.2867,-50.0,8000,0.2062,2,0.043,0.0238,0,0.343,0.2244,0.1262,0.117,86.17,71.28,0.3043,0.3,83.69,60.6
61,1,CA1-RSC,43.0,0.3962,0.4267,-45.0,6000,0.3291,1,0.0573,0.0156,0,0.3143,0.2181,0.1644,0.1316,70.76,59.38,0.4286,0.3333,42.77,46.36
61,1,CA1-RSC,48.0,0.4434,0.441,-40.0,6000,0.3257,2,0.0939,0.0264,0,0.3319,0.2332,0.1538,0.1293,36.23,42.04,0.4286,0.5294,66.82,65.5
61,1,CA1-RSC,53.0,0.4906,0.3487,-35.0,6000,0.2226,2,0.0521,0.0212,0,0.3192,0.2186,0.1271,0.1171,75.18,73.71,0.5,0.625,88.8,89.71
61,1,CA1-RSC,58.0,0.5377,0.3673,-30.0,6000,0.1889,2,0.0484,-0.0069,0,0.3028,0.2143,0.1229,0.1042,62.81,65.37,0.3043,0.5294,81.53,80.96
61,1,CA1-RSC,63.0,0.5849,0.3872,-25.0,8000,0.2103,4,0.2066,0.0196,2,0.3077,0.2192,0.107,0.0911,74.85,75.1,0.3043,0.2381,81.83,86.61
61,1,CA1-RSC,68.0,0.6321,0.528,-20.0,6000,0.2364,1,0.0288,0.0023,0,0.3209,0.2393,0.1187,0.1166,70.75,62.89,0.2,0.3333,66.52,78.05
61,1,CA1-RSC,73.0,0.6792,0.4167,-15.0,10000,0.3066,6,0.1437,-0.0005,3,0.3391,0.2158,0.1091,0.1111,83.33,85.1,0.3043,0.2381,82.44,85.76
61,1,CA1-RSC,78.0,0.7264,0.4743,-10.0,6000,0.3414,5,0.2726,0.0406,2,0.3817,0.2229,0.1507,0.106,88.69,85.45,0.3043,0.2093,87.6,85.59
61,1,CA1-RSC,83.0,0.7736,0.4596,-5.0,8000,0.2986,2,0.0626,-0.007,0,0.38,0.2338,0.1312,0.1054,89.16,89.01,0.25,0.1556,86.31,79.35
61,1,CA1-RSC,88.0,0.8208,0.6552,0.0,6000,0.1411,0,0.0,0.0197,0,0.3486,0.2296,0.1187,0.1027,76.59,77.35,0.25,0.3,68.38,66.21
61,1,CA1-RSC,93.0,0.8679,0.5501,5.0,8000,0.0217,1,0.0236,-0.0012,0,0.38,0.2271,0.1247,0.1149,84.23,89.6,0.25,0.4054,81.28,81.99
61,1,CA1-RSC,98.0,0.9151,0.639,10.0,8000,0.2362,1,0.0287,0.008,0,0.3848,0.2246,0.16,0.1214,62.3,68.19,0.5,0.4857,70.7,70.25
61,1,CA1-CA3,8.0,0.066,0.0618,-80.0,6000,0.2183,1,0.0244,-0.0778,0,0.4351,0.2954,0.1966,0.2497,nan,nan,,,78.75,85.53
61,1,CA1-CA3,13.0,0.1132,0.0944,-75.0,6000,0.0851,7,0.4324,-0.0549,-2,0.4013,0.4145,0.2012,0.2685,86.72,85.85,0.3636,0.7778,77.67,67.28
61,1,CA1-CA3,18.0,0.1604,0.0714,-70.0,8000,0.3687,8,0.2204,-0.033,0,0.3767,0.3005,0.2142,0.2758,84.22,89.2,0.3043,0.6,71.69,86.04
61,1,CA1-CA3,23.0,0.2075,0.09,-65.0,8000,0.1476,0,0.0,-0.0251,-1,0.3508,0.2733,0.1806,0.2525,89.01,78.84,0.2,0.3333,86.85,82.01
61,1,CA1-CA3,28.0,0.2547,0.0972,-60.0,6000,0.1885,1,0.0181,-0.0173,-1,0.3614,0.2226,0.1863,0.1996,89.9,83.58,0.3636,0.4545,87.66,87.13
61,1,CA1-CA3,33.0,0.3019,0.2042,-55.0,8000,0.183,1,0.017,-0.0144,-1,0.3031,0.221,0.2205,0.2036,88.54,86.73,0.3043,0.4545,73.39,65.2
61,1,CA1-CA3,38.0,0.3491,0.2867,-50.0,8000,0.1596,1,0.0129,0.0011,-1,0.3433,0.235,0.2125,0.233,66.01,69.11,0.3043,0.6,74.64,81.27
61,1,CA1-CA3,43.0,0.3962,0.4267,-45.0,6000,0.149,0,0.0,-0.0206,0,0.3159,0.2576,0.2049,0.2335,68.32,58.7,0.3043,0.4545,81.29,75.3
61,1,CA1-CA3,48.0,0.4434,0.441,-40.0,6000,0.1697,2,0.0296,-0.0057,0,0.3325,0.2309,0.1878,0.2712,58.93,57.72,0.2,0.4545,87.95,87.69
61,1,CA1-CA3,53.0,0.4906,0.3487,-35.0,6000,0.2069,1,0.0219,-0.0195,0,0.3217,0.2487,0.1907,0.2499,51.69,59.48,0.3636,0.6,69.83,69.39
61,1,CA1-CA3,58.0,0.5377,0.3673,-30.0,6000,0.2097,1,0.0225,-0.0332,0,0.3026,0.1724,0.2158,0.223,57.88,51.22,0.3636,0.3333,81.92,84.85
61,1,CA1-CA3,63.0,0.5849,0.3872,-25.0,8000,0.441,7,0.2639,0.0016,4,0.3084,0.8945,0.2165,0.1915,88.65,89.96,0.3636,0.3333,89.01,88.67
61,1,CA1-CA3,68.0,0.6321,0.528,-20.0,6000,0.211,1,0.0228,-0.0076,0,0.3178,0.2909,0.1802,0.2504,89.34,88.68,0.2,0.2308,89.93,86.57
61,1,CA1-CA3,73.0,0.6792,0.4167,-15.0,10000,0.4016,7,0.1764,-0.0308,0,0.3412,0.2791,0.2291,0.2555,84.12,66.48,0.25,0.2308,86.56,89.48
61,1,CA1-CA3,78.0,0.7264,0.4743,-10.0,6000,0.5096,11,0.6486,-0.0423,0,0.3881,0.3414,0.2343,0.2723,58.62,60.04,0.2,0.2308,78.85,79.08
61,1,CA1-CA3,83.0,0.7736,0.4596,-5.0,8000,0.5181,9,0.7663,-0.0109,0,0.3801,0.9841,0.3742,0.4491,78.6,89.78,0.3043,0.2308,88.76,37.28
61,1,CA1-CA3,88.0,0.8208,0.6552,0.0,6000,0.2078,2,0.0412,0.0086,0,0.3472,0.2529,0.186,0.2968,79.11,90.0,0.2,0.3333,81.5,68.49
61,1,CA1-CA3,93.0,0.8679,0.5501,5.0,8000,-0.3222,6,0.6491,0.0188,0,0.3811,0.9841,0.2932,0.3173,61.1,90.0,0.2,0.6,81.13,90.0
61,1,CA1-CA3,98.0,0.9151,0.639,10.0,8000,0.3992,11,0.2969,-0.0171,0,0.3918,0.2413,0.2313,0.2843,38.14,90.0,0.3636,0.4545,85.31,87.09
61,1,CA1-DG,8.0,0.066,0.0618,-80.0,6000,0.2203,1,0.0249,0.014,0,0.4365,0.2168,0.2389,0.2895,nan,nan,,,85.92,81.21
61,1,CA1-DG,13.0,0.1132,0.0944,-75.0,6000,0.2244,1,0.0258,-0.008,0,0.3969,0.2475,0.2014,0.2491,87.88,80.06,0.4286,0.4,79.53,80.21
61,1,CA1-DG,18.0,0.1604,0.0714,-70.0,8000,0.2153,1,0.0237,-0.033,0,0.3808,0.1545,0.2021,0.2525,86.38,82.27,0.25,0.4,67.84,77.34
61,1,CA1-DG,23.0,0.2075,0.09,-65.0,8000,0.21,1,0.0226,-0.0275,0,0.3605,0.1779,0.2273,0.3036,85.61,85.16,0.3043,0.4,87.46,88.84
61,1,CA1-DG,28.0,0.2547,0.0972,-60.0,6000,0.2403,1,0.0297,-0.0143,0,0.3672,0.3115,0.2399,0.3184,83.07,76.29,0.5,0.2727,81.51,77.72
61,1,CA1-DG,33.0,0.3019,0.2042,-55.0,8000,0.2435,1,0.0306,0.0065,0,0.3063,0.1248,0.2667,0.2322,86.59,86.0,0.4286,0.2727,85.4,79.33
61,1,CA1-DG,38.0,0.3491,0.2867,-50.0,8000,0.2167,1,0.024,-0.0198,0,0.3454,0.1664,0.235,0.2771,88.73,73.34,0.3043,0.2727,88.95,85.18
61,1,CA1-DG,43.0,0.3962,0.4267,-45.0,6000,0.1647,1,0.0137,0.0202,0,0.3185,0.2098,0.2075,0.2539,87.03,88.79,0.1111,0.5556,89.1,75.65
61,1,CA1-DG,48.0,0.4434,0.441,-40.0,6000,0.2296,1,0.0271,-0.0168,0,0.3321,0.1752,0.1982,0.2269,87.72,85.35,0.2,0.4,86.5,88.34
61,1,CA1-DG,53.0,0.4906,0.3487,-35.0,6000,0.2407,1,0.0298,-0.0119,0,0.3341,0.1782,0.1903,0.2391,78.26,70.33,0.3043,0.4,84.74,85.47
61,1,CA1-DG,58.0,0.5377,0.3673,-30.0,6000,0.5099,5,0.241,0.0213,0,0.3162,0.3259,0.2319,0.2922,85.01,82.64,0.25,0.0769,79.92,88.37
61,1,CA1-DG,63.0,0.5849,0.3872,-25.0,8000,0.2601,3,0.0647,0.017,0,0.3184,0.1888,0.2474,0.2564,83.94,84.62,0.3636,0.1667,76.37,79.0
61,1,CA1-DG,68.0,0.6321,0.528,-20.0,6000,0.1686,1,0.0144,-0.013,0,0.3306,0.2849,0.1958,0.3189,87.7,83.16,0.2,0.4,76.77,81.14
61,1,CA1-DG,73.0,0.6792,0.4167,-15.0,10000,0.2041,1,0.0213,-0.0083,0,0.3548,0.1741,0.2208,0.2678,83.03,73.77,0.2,0.2727,80.05,83.78
61,1,CA1-DG,78.0,0.7264,0.4743,-10.0,6000,0.2145,1,0.0236,0.0044,0,0.3838,0.2234,0.2289,0.2533,87.17,75.86,0.3043,0.0769,80.11,89.03
61,1,CA1-DG,83.0,0.7736,0.4596,-5.0,8000,0.2592,1,0.0348,0.073,6,0.3945,0.1424,0.2319,0.2451,79.91,78.97,0.25,0.1667,77.93,89.36
61,1,CA1-DG,88.0,0.8208,0.6552,0.0,6000,0.211,1,0.0228,-0.0454,0,0.3573,0.2913,0.239,0.2287,84.79,85.88,0.25,0.2727,83.03,71.17
61,1,CA1-DG,93.0,0.8679,0.5501,5.0,8000,0.1323,0,0.0,-0.051,0,0.3957,0.1811,0.2771,0.2635,88.53,86.22,0.3043,0.4,84.09,85.75
61,1,CA1-DG,98.0,0.9151,0.639,10.0,8000,0.2193,1,0.0246,-0.0403,0,0.3894,0.2776,0.2379,0.2701,84.93,74.34,0.3636,0.4,80.63,87.65
61,1,CA1-V1,8.0,0.066,0.0618,-80.0,6000,0.1963,0,0.0,-0.0362,0,0.4373,0.4019,0.1151,0.1089,nan,nan,,,85.47,70.86
61,1,CA1-V1,13.0,0.1132,0.0944,-75.0,6000,0.1841,0,0.0,-0.046,0,0.397,0.3737,0.124,0.1281,86.64,86.14,0.4286,0.5556,85.78,88.45
61,1,CA1-V1,18.0,0.1604,0.0714,-70.0,8000,0.1875,1,0.0179,-0.0258,0,0.3775,0.3365,0.1325,0.144,80.9,68.79,0.3043,0.3548,85.39,86.84
61,1,CA1-V1,23.0,0.2075,0.09,-65.0,8000,0.2571,1,0.0342,-0.0524,0,0.3476,0.3005,0.1723,0.1658,78.93,68.07,0.2,0.4483,83.7,85.07
61,1,CA1-V1,28.0,0.2547,0.0972,-60.0,6000,0.4507,7,0.2801,-0.0757,0,0.3578,0.3274,0.1921,0.1901,78.7,70.78,0.4286,0.3125,81.2,81.27
61,1,CA1-V1,33.0,0.3019,0.2042,-55.0,8000,0.3943,9,0.3671,-0.0078,0,0.3036,0.3242,0.1497,0.1594,73.3,84.33,0.3636,0.5,87.61,86.76
61,1,CA1-V1,38.0,0.3491,0.2867,-50.0,8000,0.3729,8,0.3294,-0.0084,0,0.344,0.3506,0.1551,0.1622,78.81,73.73,0.3636,0.3548,84.01,89.65
61,1,CA1-V1,43.0,0.3962,0.4267,-45.0,6000,0.2242,1,0.0258,-0.0094,0,0.3141,0.3463,0.1315,0.1425,86.16,89.08,0.25,0.3548,89.91,83.77
61,1,CA1-V1,48.0,0.4434,0.441,-40.0,6000,0.3667,3,0.146,0.009,0,0.3331,0.3474,0.126,0.1222,64.4,64.23,0.4286,0.3548,85.23,83.93
61,1,CA1-V1,53.0,0.4906,0.3487,-35.0,6000,0.3128,3,0.1371,0.0268,0,0.3199,0.3213,0.0923,0.1253,74.02,71.45,0.3636,0.3125,85.72,80.44
61,1,CA1-V1,58.0,0.5377,0.3673,-30.0,6000,0.1889,0,0.0,0.0125,0,0.3083,0.3052,0.1342,0.1172,75.61,78.86,0.25,0.4483,86.66,87.26
61,1,CA1-V1,63.0,0.5849,0.3872,-25.0,8000,0.152,1,0.0302,0.0157,0,0.3071,0.2904,0.1119,0.122,83.25,79.96,0.3636,0.2727,87.73,77.91
61,1,CA1-V1,68.0,0.6321,0.528,-20.0,6000,0.1459,0,0.0,-0.0074,0,0.3213,0.3269,0.1313,0.1461,86.52,85.34,0.1538,0.3125,82.27,75.91
61,1,CA1-V1,73.0,0.6792,0.4167,-15.0,10000,0.2724,4,0.1087,0.0071,0,0.3393,0.2861,0.1033,0.1196,79.96,81.46,0.3043,0.3548,81.67,88.07
61,1,CA1-V1,78.0,0.7264,0.4743,-10.0,6000,0.3992,9,0.4411,-0.0052,0,0.3817,0.3282,0.1553,0.137,84.42,83.61,0.3043,0.3125,87.19,82.82
61,1,CA1-V1,83.0,0.7736,0.4596,-5.0,8000,0.3757,3,0.1395,0.0033,0,0.3793,0.3277,0.148,0.1293,87.44,87.77,0.3043,0.2727,75.08,84.0
61,1,CA1-V1,88.0,0.8208,0.6552,0.0,6000,0.231,2,0.0646,0.0089,0,0.3487,0.32,0.1366,0.1446,80.28,62.01,0.25,0.4,78.78,89.92
61,1,CA1-V1,93.0,0.8679,0.5501,5.0,8000,0.4203,3,0.1505,0.0087,0,0.3833,0.3281,0.1175,0.1274,82.0,64.88,0.2,0.5556,82.5,80.4
61,1,CA1-V1,98.0,0.9151,0.639,10.0,8000,0.1189,0,0.0,-0.0194,0,0.3854,0.3291,0.1373,0.1313,73.96,65.17,0.4286,0.5,83.38,68.49
61,1,CA3-DG,8.0,0.066,0.0618,-80.0,6000,0.2755,4,0.2034,0.0301,0,0.2971,0.2088,0.4095,0.4418,nan,nan,,,84.7,67.36
61,1,CA3-DG,13.0,0.1132,0.0944,-75.0,6000,0.0344,4,0.4473,-0.1644,0,0.9624,0.8863,0.5572,0.602,89.99,89.67,0.3333,0.2727,90.0,90.0
61,1,CA3-DG,18.0,0.1604,0.0714,-70.0,8000,0.4474,9,0.7106,-0.0834,0,0.9932,0.9161,0.4714,0.5282,61.84,43.08,0.7778,0.2727,52.74,58.13
61,1,CA3-DG,23.0,0.2075,0.09,-65.0,8000,0.8002,3,0.8204,-0.0251,0,0.9932,0.9598,0.4899,0.5659,75.34,89.23,0.6,0.2727,39.23,41.03
61,1,CA3-DG,28.0,0.2547,0.0972,-60.0,6000,0.4612,4,0.2869,-0.0062,0,0.2302,0.3108,0.3746,0.4637,90.0,90.0,0.4545,0.0769,63.33,40.25
61,1,CA3-DG,33.0,0.3019,0.2042,-55.0,8000,0.3754,4,0.2372,-0.0067,0,0.1958,0.1234,0.3651,0.4077,30.99,20.4,0.2308,0.2727,85.38,88.73
61,1,CA3-DG,38.0,0.3491,0.2867,-50.0,8000,0.3166,4,0.1479,-0.015,0,0.2315,0.1631,0.3749,0.3942,71.72,54.5,0.4545,0.2727,89.07,87.85
61,1,CA3-DG,43.0,0.3962,0.4267,-45.0,6000,0.331,4,0.2206,-0.0374,0,0.2175,0.211,0.3754,0.4244,69.44,55.38,0.6,0.4,60.29,77.97
61,1,CA3-DG,48.0,0.4434,0.441,-40.0,6000,0.3485,4,0.1931,-0.0162,0,0.2156,0.176,0.4021,0.3997,25.55,35.86,0.3333,0.2727,36.5,41.23
61,1,CA3-DG,53.0,0.4906,0.3487,-35.0,6000,0.3267,3,0.1911,-0.0011,0,0.2223,0.1768,0.3822,0.4299,25.66,29.15,0.6,0.4,61.7,48.89
61,1,CA3-DG,58.0,0.5377,0.3673,-30.0,6000,0.3623,3,0.182,-0.0368,0,0.1678,0.3307,0.3607,0.4508,65.74,72.63,0.2308,0.1667,57.75,64.54
61,1,CA3-DG,63.0,0.5849,0.3872,-25.0,8000,0.1686,5,0.2729,-0.0198,0,0.9019,0.1904,0.3597,0.4394,89.51,48.04,0.2308,0.1667,56.24,81.3
61,1,CA3-DG,68.0,0.6321,0.528,-20.0,6000,0.4645,5,0.3689,-0.0031,0,0.2745,0.2887,0.4573,0.5015,89.96,85.17,0.2308,0.4,44.81,38.85
61,1,CA3-DG,73.0,0.6792,0.4167,-15.0,10000,0.6884,5,0.4905,-0.0206,0,0.8584,0.8858,0.4761,0.5432,90.0,90.0,0.2308,0.2727,57.56,36.96
61,1,CA3-DG,78.0,0.7264,0.4743,-10.0,6000,0.5092,4,0.3138,0.062,0,0.3038,0.225,0.4176,0.4634,90.0,90.0,0.2308,0.0769,81.46,78.44
61,1,CA3-DG,83.0,0.7736,0.4596,-5.0,8000,0.5238,5,0.3436,0.0612,0,0.1954,0.1437,0.4048,0.4152,78.02,82.26,0.2308,0.1667,85.97,88.93
61,1,CA3-DG,88.0,0.8208,0.6552,0.0,6000,0.2975,6,0.4404,0.1146,0,0.2519,0.2936,0.4831,0.5098,59.39,65.41,0.4545,0.2727,81.66,74.72
61,1,CA3-DG,93.0,0.8679,0.5501,5.0,8000,0.479,4,0.4107,-0.0114,0,0.9841,0.1794,0.3978,0.4553,90.0,83.49,0.6,0.4,77.47,74.36
61,1,CA3-DG,98.0,0.9151,0.639,10.0,8000,0.502,6,0.5119,0.0871,0,0.2494,0.2832,0.4485,0.5026,90.0,86.88,0.4545,0.4,49.87,49.87
61,1,V1-RSC,8.0,0.066,0.0618,-80.0,6000,0.1641,0,0.0,0.0336,0,0.3991,0.3085,0.1665,0.1294,nan,nan,,,59.9,58.53
61,1,V1-RSC,13.0,0.1132,0.0944,-75.0,6000,0.074,0,0.0,0.0477,0,0.3725,0.2829,0.1693,0.1401,46.78,75.41,0.5556,0.4054,60.18,63.97
61,1,V1-RSC,18.0,0.1604,0.0714,-70.0,8000,0.3361,2,0.1054,0.0221,0,0.3341,0.2612,0.1954,0.1464,67.83,66.8,0.3548,0.4054,83.76,86.48
61,1,V1-RSC,23.0,0.2075,0.09,-65.0,8000,0.3717,4,0.2607,0.0063,0,0.2963,0.262,0.2048,0.1622,70.27,60.39,0.4483,0.625,57.81,57.82
61,1,V1-RSC,28.0,0.2547,0.0972,-60.0,6000,0.4252,5,0.3461,-0.0144,0,0.3249,0.2348,0.197,0.1578,77.92,70.48,0.3125,0.4857,60.11,64.7
61,1,V1-RSC,33.0,0.3019,0.2042,-55.0,8000,0.2372,3,0.1156,0.0148,0,0.3218,0.2245,0.2138,0.1696,86.95,76.47,0.5,0.2683,70.67,75.4
61,1,V1-RSC,38.0,0.3491,0.2867,-50.0,8000,0.1061,4,0.2984,-0.0172,0,0.3484,0.2229,0.2069,0.1658,88.8,76.12,0.3548,0.3,44.89,50.35
61,1,V1-RSC,43.0,0.3962,0.4267,-45.0,6000,0.4154,2,0.168,0.0048,0,0.3454,0.217,0.2213,0.178,84.41,85.08,0.3125,0.3333,55.51,61.92
61,1,V1-RSC,48.0,0.4434,0.441,-40.0,6000,0.4276,3,0.3102,0.0096,0,0.3455,0.2298,0.2179,0.1721,32.66,28.65,0.4,0.4857,44.14,41.41
61,1,V1-RSC,53.0,0.4906,0.3487,-35.0,6000,0.19,1,0.0896,-0.0015,0,0.3172,0.2188,0.2028,0.1681,31.96,29.52,0.3548,0.5758,88.29,87.37
61,1,V1-RSC,58.0,0.5377,0.3673,-30.0,6000,0.3511,1,0.0658,0.011,0,0.3054,0.2109,0.1655,0.1409,46.25,46.47,0.4,0.5294,77.99,76.07
61,1,V1-RSC,63.0,0.5849,0.3872,-25.0,8000,-0.1119,8,0.5187,0.0152,0,0.2886,0.2145,0.1758,0.1498,54.02,61.58,0.2353,0.2381,66.63,80.49
61,1,V1-RSC,68.0,0.6321,0.528,-20.0,6000,0.5313,3,0.3103,0.0066,0,0.3277,0.2343,0.1982,0.1864,54.88,67.54,0.2353,0.3684,43.28,40.04
61,1,V1-RSC,73.0,0.6792,0.4167,-15.0,10000,0.1761,2,0.1195,0.0206,0,0.285,0.2121,0.1721,0.1586,64.68,65.56,0.2727,0.3,59.72,67.02
61,1,V1-RSC,78.0,0.7264,0.4743,-10.0,6000,0.3746,3,0.2934,-0.0158,0,0.3279,0.2209,0.1964,0.1824,59.73,62.88,0.3125,0.2093,86.53,77.32
61,1,V1-RSC,83.0,0.7736,0.4596,-5.0,8000,0.3254,4,0.1981,0.0216,0,0.3265,0.2281,0.1837,0.1708,72.07,77.26,0.3125,0.1556,88.87,87.84
61,1,V1-RSC,88.0,0.8208,0.6552,0.0,6000,0.4238,3,0.2638,0.0045,0,0.3198,0.2289,0.1995,0.1684,72.31,81.42,0.4,0.2683,52.8,50.0
61,1,V1-RSC,93.0,0.8679,0.5501,5.0,8000,0.4695,2,0.2114,0.006,0,0.3297,0.2215,0.1875,0.1683,44.39,42.91,0.5,0.3684,54.29,62.38
61,1,V1-RSC,98.0,0.9151,0.639,10.0,8000,0.3466,2,0.1382,0.0036,0,0.3287,0.2185,0.1914,0.1708,41.83,39.32,0.5556,0.4857,69.26,54.62
63,1,CA1-RSC,8.0,0.0221,0.0997,-99.0,8000,0.1063,0,0.0,0.0365,1,0.1161,0.3273,0.1897,0.1865,nan,nan,,,72.18,86.79
63,1,CA1-RSC,13.0,0.0379,0.0979,-94.0,6000,0.1373,1,0.0095,0.0347,5,0.1392,0.3219,0.1318,0.1724,58.76,70.31,0.5,0.3684,88.59,82.47
63,1,CA1-RSC,18.0,0.0536,0.0931,-89.0,8000,0.1812,1,0.0167,0.0407,0,0.1287,0.3107,0.1757,0.1747,74.3,84.36,0.2,0.3,68.91,82.81
63,1,CA1-RSC,23.0,0.0694,0.0861,-84.0,6000,0.1432,1,0.0104,0.0224,0,0.1166,0.2511,0.1895,0.182,78.35,80.12,1.0,0.3,74.65,75.84
63,1,CA1-RSC,28.0,0.0852,0.0901,-79.0,6000,0.1212,0,0.0,0.0131,0,0.1473,0.272,0.1574,0.2088,83.18,70.31,0.5,0.1818,88.27,83.23
63,1,CA1-RSC,33.0,0.1009,0.1041,-74.0,6000,0.1584,1,0.0127,0.0146,0,0.2031,0.2462,0.1589,0.1787,79.79,72.12,0.5,0.3,81.2,88.17
63,1,CA1-RSC,38.0,0.1167,0.1196,-69.0,6000,0.1244,0,0.0,0.0166,2,0.2044,0.2481,0.1519,0.1675,50.78,84.69,1.0,0.3,83.45,88.43
63,1,CA1-RSC,43.0,0.1325,0.1389,-64.0,6000,0.0758,0,0.0,-0.0048,2,0.1696,0.2647,0.1239,0.1514,54.33,60.42,1.0,0.4444,84.71,88.62
63,1,CA1-RSC,48.0,0.1483,0.173,-59.0,6000,0.1603,1,0.013,0.006,0,0.1684,0.2636,0.1852,0.1788,86.52,80.51,1.0,0.2381,75.64,77.39
63,1,CA1-RSC,53.0,0.164,0.1914,-54.0,6000,0.1459,1,0.0108,0.0465,0,0.1813,0.2322,0.1891,0.1781,51.81,62.81,0.2,0.2381,64.99,72.03
63,1,CA1-RSC,58.0,0.1798,0.2113,-49.0,6000,0.0797,0,0.0,0.0173,1,0.1633,0.305,0.1464,0.168,70.58,70.85,0.5,0.5294,76.09,87.83
63,1,CA1-RSC,63.0,0.1956,0.2075,-44.0,6000,0.1291,1,0.0084,0.0007,1,0.1561,0.2749,0.1465,0.1639,68.82,73.78,0.5,0.3,88.61,84.4
63,1,CA1-RSC,68.0,0.2114,0.2273,-39.0,6000,0.1482,1,0.0111,0.0174,2,0.1245,0.299,0.199,0.181,82.23,85.43,1.0,0.5294,68.15,85.74
63,1,CA1-RSC,73.0,0.2271,0.2461,-34.0,6000,0.1665,1,0.0141,0.0103,2,0.1293,0.2891,0.1924,0.1953,82.57,83.92,0.5,0.2381,86.9,89.81
63,1,CA1-RSC,78.0,0.2429,0.2788,-29.0,6000,0.1507,1,0.0115,0.0048,2,0.1533,0.2579,0.1936,0.1765,57.95,71.48,0.5,0.1818,80.61,85.89
63,1,CA1-RSC,83.0,0.2587,0.294,-24.0,6000,0.1187,0,0.0,0.0064,2,0.1805,0.239,0.1611,0.1803,66.21,71.46,0.5,0.3684,84.42,83.06
63,1,CA1-RSC,88.0,0.2744,0.334,-19.0,6000,0.1437,1,0.0104,0.0419,2,0.152,0.2629,0.1408,0.1593,85.53,78.5,1.0,0.1304,85.36,71.33
63,1,CA1-RSC,93.0,0.2902,0.3659,-14.0,6000,0.1325,1,0.0089,0.0508,2,0.179,0.2755,0.1309,0.1742,55.44,59.56,0.5,0.3,78.19,79.69
63,1,CA1-RSC,98.0,0.306,0.4889,-9.0,6000,0.1108,0,0.0,0.0245,4,0.1149,0.2445,0.1512,0.182,49.66,71.88,1.0,0.4444,80.19,87.8
63,1,CA1-RSC,103.0,0.3218,0.4899,-4.0,6000,0.1206,0,0.0,0.0194,2,0.1211,0.244,0.1569,0.1724,79.81,74.55,1.0,0.2381,84.01,84.97
63,1,CA1-RSC,108.0,0.3375,0.6616,1.0,6000,0.0789,0,0.0,0.0218,1,0.1294,0.2586,0.1852,0.1644,73.18,77.27,0.5,0.2381,77.87,73.01
63,1,CA1-RSC,113.0,0.3533,0.6989,6.0,6000,0.0378,0,0.0,-0.0099,-5,0.0725,0.2794,0.1523,0.1408,83.79,87.08,0.5,0.1818,70.59,86.86
63,1,CA1-RSC,118.0,0.3691,0.7657,11.0,6000,0.122,1,0.0075,0.0155,2,0.1188,0.3033,0.1619,0.204,73.25,71.73,0.5,0.3684,76.72,83.55
63,1,CA1-RSC,123.0,0.3849,0.6291,16.0,6000,0.1388,1,0.0097,0.0184,0,0.1201,0.2651,0.1694,0.2011,88.46,88.18,0.5,0.3,82.29,88.59
63,1,CA1-RSC,128.0,0.4006,0.5812,21.0,6000,0.1218,0,0.0,0.047,2,0.1814,0.2615,0.1743,0.1684,82.2,68.14,1.0,0.3,81.68,74.93
63,1,CA1-RSC,133.0,0.4164,0.5145,26.0,6000,0.1309,1,0.0086,0.0542,0,0.1694,0.2498,0.1572,0.1835,88.48,82.62,1.0,0.2381,70.33,84.14
63,1,CA1-RSC,138.0,0.4322,0.3967,31.0,6000,0.1105,0,0.0,0.0345,0,0.098,0.2903,0.1653,0.1679,89.63,88.93,0.5,0.3684,81.18,81.16
63,1,CA1-RSC,143.0,0.4479,0.2762,36.0,6000,0.11,0,0.0,0.0305,0,0.0796,0.2995,0.1805,0.1996,66.39,85.02,0.2,0.3,86.94,88.16
63,1,CA1-RSC,148.0,0.4637,0.2163,41.0,6000,0.1336,1,0.009,-0.0025,-2,0.0811,0.2904,0.1892,0.1922,74.77,79.64,0.5,0.3,85.94,74.88
63,1,CA1-RSC,153.0,0.4795,0.2377,46.0,6000,0.1177,0,0.0,0.0084,5,0.0994,0.2976,0.1556,0.1776,56.64,71.57,0.5,0.625,85.06,87.3
63,1,CA1-RSC,158.0,0.4953,0.2026,51.0,6000,0.1531,1,0.0119,-0.0017,0,0.1094,0.2768,0.1663,0.1756,50.49,62.81,0.5,0.3,76.75,75.13
63,1,CA1-RSC,163.0,0.511,0.1625,56.0,6000,0.1393,1,0.0098,-0.0016,0,0.1152,0.2929,0.1583,0.1879,45.85,57.14,0.5,0.5294,41.67,85.87
63,1,CA1-RSC,168.0,0.5268,0.1111,61.0,6000,0.1425,1,0.0103,0.0003,-3,0.104,0.2927,0.1301,0.1645,86.77,89.94,1.0,0.3,82.32,82.03
63,1,CA1-RSC,173.0,0.5426,0.0622,66.0,6000,0.1026,0,0.0,0.0143,2,0.0879,0.2709,0.1318,0.1522,81.35,89.86,0.5,0.2381,72.49,88.03
63,1,CA1-RSC,178.0,0.5584,0.0322,71.0,6000,0.1173,0,0.0,0.0125,0,0.0512,0.267,0.1552,0.1803,68.36,87.77,0.2,0.3,60.55,84.52
63,1,CA1-RSC,183.0,0.5741,0.047,76.0,6000,0.127,1,0.0081,0.0087,-6,0.0487,0.275,0.1328,0.1701,71.06,81.4,0.2,0.3,81.63,89.13
63,1,CA1-RSC,188.0,0.5899,0.047,81.0,6000,0.1142,0,0.0,0.0109,-3,0.0708,0.2738,0.1594,0.2034,89.63,86.08,0.2,0.1818,87.85,84.86
63,1,CA1-RSC,193.0,0.6057,0.1336,86.0,6000,0.1183,1,0.0071,0.046,0,0.05,0.283,0.136,0.1812,80.85,87.88,0.2,0.2381,89.24,87.37
63,1,CA1-RSC,198.0,0.6215,0.1452,91.0,6000,0.139,1,0.0098,0.0066,0,0.0762,0.2551,0.1718,0.1603,85.72,86.95,0.5,0.3684,86.7,79.56
63,1,CA1-RSC,203.0,0.6372,0.1995,96.0,6000,0.1016,0,0.0,-0.01,-3,0.0675,0.2208,0.1578,0.171,62.85,69.78,0.5,0.2381,77.59,89.29
63,1,CA1-RSC,208.0,0.653,0.1796,101.0,6000,0.1326,1,0.0089,0.0034,-3,0.0563,0.2486,0.1294,0.1678,79.18,81.41,0.2,0.1818,73.85,86.73
63,1,CA1-RSC,213.0,0.6688,0.1881,106.0,6000,0.1346,1,0.0091,-0.0133,0,0.0561,0.2597,0.1692,0.1818,65.79,73.91,0.2,0.3,78.95,77.96
63,1,CA1-RSC,218.0,0.6845,0.1531,111.0,6000,0.1299,1,0.0085,0.0341,2,0.0584,0.2477,0.1607,0.1923,50.46,62.82,0.2,0.3,81.98,86.99
63,1,CA1-RSC,223.0,0.7003,0.1371,116.0,6000,0.1307,1,0.0086,0.0221,2,0.0918,0.269,0.1357,0.1873,47.71,81.45,1.0,0.3,51.68,85.03
63,1,CA1-RSC,228.0,0.7161,0.0872,121.0,6000,0.0838,0,0.0,0.0164,3,0.1018,0.2638,0.1558,0.1747,87.54,82.58,1.0,0.3,60.06,87.96
63,1,CA1-RSC,233.0,0.7319,0.0947,126.0,6000,0.1356,1,0.0093,0.0422,0,0.0669,0.2281,0.1613,0.1699,72.4,75.18,0.2,0.3684,89.49,82.04
63,1,CA1-RSC,238.0,0.7476,0.0974,131.0,6000,0.1088,0,0.0,-0.0135,2,0.071,0.2921,0.1344,0.147,54.55,73.79,0.2,0.4444,82.69,78.5
63,1,CA1-RSC,243.0,0.7634,0.1424,136.0,6000,0.1138,0,0.0,-0.0138,2,0.1046,0.3016,0.1389,0.1506,86.95,85.02,0.2,0.3,68.58,80.27
63,1,CA1-RSC,248.0,0.7792,0.2306,141.0,6000,0.1452,1,0.0107,-0.0197,-3,0.0892,0.2279,0.1712,0.1894,87.29,86.87,0.2,0.1818,85.49,81.0
63,1,CA1-RSC,253.0,0.795,0.2487,146.0,6000,0.1447,1,0.0106,0.0335,3,0.0863,0.2413,0.1575,0.1833,79.94,85.82,0.5,0.3,84.13,89.86
63,1,CA1-RSC,258.0,0.8107,0.2119,151.0,6000,0.0975,0,0.0,0.0242,0,0.081,0.2489,0.1347,0.1351,66.65,79.32,0.5,0.3684,81.61,80.29
63,1,CA1-RSC,263.0,0.8265,0.1253,156.0,6000,0.1556,1,0.0123,0.0221,2,0.0605,0.2787,0.1418,0.1612,55.98,65.33,1.0,0.3684,66.56,79.62
63,1,CA1-RSC,268.0,0.8423,0.1065,161.0,6000,0.099,0,0.0,0.0127,2,0.0566,0.2788,0.1417,0.1363,75.1,83.06,1.0,0.3,72.03,87.61
63,1,CA1-RSC,273.0,0.858,0.2043,166.0,6000,0.1047,0,0.0,-0.0089,-3,0.0807,0.293,0.0872,0.1582,70.81,87.57,0.2,0.3,82.34,78.4
63,1,CA1-RSC,278.0,0.8738,0.236,171.0,6000,0.1368,1,0.0094,0.0229,2,0.095,0.3531,0.1256,0.1848,82.83,73.02,0.2,0.2381,89.9,85.46
63,1,CA1-RSC,283.0,0.8896,0.2217,176.0,6000,0.1208,1,0.0073,0.0009,2,0.0841,0.3143,0.1371,0.1524,61.11,79.34,1.0,0.3684,88.25,84.89
63,1,CA1-RSC,288.0,0.9054,0.182,181.0,6000,0.1138,0,0.0,-0.028,0,0.0974,0.3166,0.1124,0.1803,56.2,77.08,0.5,0.1818,83.77,76.09
63,1,CA1-RSC,293.0,0.9211,0.1605,186.0,6000,0.1607,1,0.0131,0.0098,0,0.0924,0.2734,0.1249,0.1656,71.17,89.67,1.0,0.3,82.07,82.57
63,1,CA1-RSC,298.0,0.9369,0.2189,191.0,6000,0.1477,1,0.011,0.0127,0,0.0883,0.3126,0.1483,0.1434,84.56,78.99,0.5,0.3,66.71,87.44
63,1,CA1-RSC,303.0,0.9527,0.2119,196.0,6000,0.1117,0,0.0,-0.0026,2,0.1121,0.2896,0.1385,0.1583,87.63,85.72,1.0,0.3,79.64,87.25
63,1,CA1-RSC,308.0,0.9685,0.2146,201.0,6000,0.0811,0,0.0,-0.0058,-1,0.0705,0.3236,0.1198,0.1469,88.32,83.37,0.5,0.4444,76.83,79.97
66,1,CA1-RSC,8.0,0.04,0.0873,-20.0,6000,0.2317,1,0.0276,-0.0259,0,0.4027,0.3035,0.2401,0.1983,nan,nan,,,78.21,68.38
66,1,CA1-RSC,13.0,0.0686,0.1809,-15.0,6000,0.26,1,0.035,0.0383,0,0.7924,0.2162,0.3465,0.3156,82.17,51.41,0.4,0.6,70.76,88.98
66,1,CA1-RSC,18.0,0.0971,0.2378,-10.0,6000,0.1347,0,0.0,0.0187,0,0.3119,0.1203,0.2123,0.1852,78.47,81.9,0.2727,0.3333,84.61,71.87
66,1,CA1-RSC,23.0,0.1257,0.3668,-5.0,6000,0.0207,0,0.0,0.0227,4,0.228,0.1208,0.1586,0.111,82.58,77.6,0.5556,0.3333,86.85,73.74
66,1,CA1-RSC,28.0,0.1543,0.5437,0.0,6000,0.0673,0,0.0,0.0329,5,0.2878,0.1301,0.1585,0.1196,85.9,49.0,0.4,0.6,88.15,64.71
66,1,CA1-RSC,33.0,0.1829,0.7337,5.0,6000,0.118,0,0.0,0.018,5,0.2863,0.1613,0.1489,0.1118,66.77,85.7,0.5556,1.0,80.93,76.49
66,1,CA1-RSC,38.0,0.2114,0.7044,10.0,6000,0.0893,0,0.0,0.0114,0,0.2091,0.1085,0.1415,0.1213,59.89,53.57,0.5556,0.6,85.02,83.29
66,1,CA1-RSC,43.0,0.24,0.7428,15.0,6000,0.0881,0,0.0,0.0128,10,0.1898,0.1011,0.18,0.1493,77.64,76.57,0.75,0.1429,84.55,88.06
66,1,CA1-RSC,48.0,0.2686,0.8038,20.0,6000,-0.0746,3,0.0456,0.0278,4,0.1404,0.1106,0.1844,0.1663,73.28,68.74,0.4,0.3333,80.46,89.62
66,1,CA1-RSC,53.0,0.2971,0.9917,25.0,6000,0.1152,0,0.0,0.0654,10,0.3085,0.1125,0.1821,0.1523,71.93,87.04,0.4,0.3333,88.35,81.2
66,1,CA1-RSC,58.0,0.3257,0.9917,30.0,6000,0.0816,0,0.0,0.0066,2,0.2302,0.1347,0.1985,0.1747,57.97,82.25,0.4,0.6,87.07,86.68
66,1,CA1-RSC,63.0,0.3543,0.965,35.0,6000,0.0621,4,0.0729,0.0261,4,0.1894,0.1363,0.1537,0.1239,62.18,57.92,0.4,1.0,86.65,85.02
66,1,CA1-RSC,68.0,0.3829,0.915,40.0,6000,0.1372,2,0.0476,0.0226,2,0.2845,0.1815,0.1613,0.1741,70.64,71.35,0.4,0.6,76.76,75.76
66,1,CA1-RSC,73.0,0.4114,0.7755,45.0,6000,0.1589,0,0.0,-0.0104,0,0.6285,0.1713,0.2148,0.139,73.08,70.37,0.4,0.6,85.62,77.95
66,1,CA1-RSC,78.0,0.44,0.754,50.0,6000,0.037,0,0.0,-0.0198,0,0.2568,0.138,0.1758,0.1602,68.66,68.53,0.2727,0.6,85.42,76.35
66,1,CA1-RSC,83.0,0.4686,0.722,55.0,6000,0.0453,0,0.0,0.0367,8,0.2651,0.1105,0.1304,0.1565,83.81,82.69,0.2727,1.0,86.46,85.96
66,1,CA1-RSC,88.0,0.4971,0.7711,60.0,6000,0.0488,0,0.0,0.004,-2,0.1394,0.1344,0.1421,0.1674,86.78,73.08,0.5556,0.3333,82.21,89.96
66,1,CA1-RSC,93.0,0.5257,0.8193,65.0,6000,0.0299,0,0.0,0.043,-3,0.2592,0.1801,0.1305,0.1545,76.89,86.27,0.5556,0.3333,80.75,61.33
66,1,CA1-RSC,98.0,0.5543,0.8782,70.0,6000,0.0661,9,0.1702,0.0629,0,0.6449,0.1381,0.2155,0.2132,79.84,74.5,0.1667,0.1429,77.14,81.2
66,1,CA1-RSC,103.0,0.5829,0.8685,75.0,6000,0.0517,0,0.0,0.0494,9,0.1783,0.1411,0.1663,0.1628,83.46,79.36,0.4,0.1429,89.73,88.11
66,1,CA1-RSC,108.0,0.6114,0.7722,80.0,8000,0.0686,0,0.0,0.0339,2,0.1728,0.2281,0.1718,0.1539,81.59,73.5,0.4,0.3333,82.91,74.49
66,1,CA1-RSC,113.0,0.64,0.6958,85.0,6000,-0.0024,0,0.0,-0.0104,1,0.1828,0.299,0.13,0.1222,85.12,84.51,0.2727,0.3333,88.44,81.33
66,1,CA1-RSC,118.0,0.6686,0.7958,90.0,6000,0.0414,0,0.0,0.0436,8,0.1769,0.2189,0.1164,0.1385,81.49,82.35,0.2727,0.6,89.27,81.1
66,1,CA1-RSC,123.0,0.6971,0.8921,95.0,6000,0.0291,0,0.0,0.0083,-4,0.2241,0.2014,0.1239,0.1314,77.11,89.57,0.2727,1.0,87.66,83.87
66,1,CA1-RSC,128.0,0.7257,0.9333,100.0,6000,0.0285,0,0.0,0.0022,7,0.2317,0.1477,0.1423,0.117,84.91,70.9,0.2727,0.3333,85.05,78.26
66,1,CA1-RSC,133.0,0.7543,0.6667,105.0,6000,0.0453,0,0.0,-0.0017,-2,0.1742,0.1672,0.1755,0.1359,87.39,80.66,0.2727,0.1429,76.01,84.74
66,1,CA1-RSC,138.0,0.7829,0.5333,110.0,6000,-0.0895,5,0.0884,-0.0381,-7,0.1719,0.1839,0.1627,0.1222,80.98,58.24,0.5556,0.6,87.2,79.61
66,1,CA1-RSC,143.0,0.8114,0.4,115.0,6000,0.0317,0,0.0,0.0224,0,0.2757,0.2468,0.1723,0.179,70.44,66.48,0.5556,0.6,88.78,69.4
66,1,CA1-RSC,148.0,0.84,0.3333,120.0,6000,0.0406,0,0.0,0.0212,0,0.2717,0.2813,0.1614,0.1357,77.36,69.06,0.2727,0.6,84.29,84.25
66,1,CA1-RSC,153.0,0.8686,0.2,125.0,6000,0.0983,0,0.0,-0.0055,0,0.2068,0.1909,0.1654,0.156,74.44,76.86,0.75,0.6,87.68,87.43
66,1,CA1-RSC,158.0,0.8971,0.0667,130.0,6000,0.0465,1,0.0138,-0.0099,-8,0.2324,0.2873,0.1336,0.1268,88.4,67.95,0.5556,0.6,83.96,79.46
66,1,CA1-RSC,163.0,0.9257,0.0667,135.0,6000,0.0374,0,0.0,0.0076,-8,0.2132,0.2624,0.1744,0.15,74.06,89.62,0.4,0.3333,81.64,81.45
66,1,CA1-RSC,168.0,0.9543,0.0667,140.0,6000,0.0855,0,0.0,0.0302,4,0.2876,0.2375,0.1985,0.2186,89.92,80.54,0.2727,0.6,86.11,73.86
66,1,CA1-DG,8.0,0.04,0.0873,-20.0,6000,0.3508,3,0.1849,0.0221,0,0.3871,0.1655,0.3259,0.2705,nan,nan,,,87.76,44.11
66,1,CA1-DG,13.0,0.0686,0.1809,-15.0,6000,0.2894,2,0.079,0.0061,0,0.7506,0.151,0.3601,0.2802,85.19,43.42,0.4,0.5,73.47,45.53
66,1,CA1-DG,18.0,0.0971,0.2378,-10.0,6000,0.3152,2,0.0805,0.0139,0,0.3508,0.1705,0.3503,0.3194,68.03,84.91,0.4,0.2,82.5,49.26
66,1,CA1-DG,23.0,0.1257,0.3668,-5.0,6000,0.3523,2,0.0945,0.0235,0,0.2168,0.1195,0.3222,0.3041,73.39,59.13,0.5556,0.2857,72.23,70.18
66,1,CA1-DG,28.0,0.1543,0.5437,0.0,6000,0.3393,2,0.1039,0.009,0,0.3047,0.1079,0.3378,0.2984,61.64,41.57,0.5556,0.3846,81.81,80.84
66,1,CA1-DG,33.0,0.1829,0.7337,5.0,6000,0.3205,2,0.0799,0.0131,0,0.2919,0.1003,0.3487,0.3244,59.09,41.36,0.4,0.5,53.99,69.68
66,1,CA1-DG,38.0,0.2114,0.7044,10.0,6000,0.2835,2,0.0746,0.0419,0,0.2147,0.1576,0.3059,0.302,79.33,87.36,0.75,0.2,69.71,89.27
66,1,CA1-DG,43.0,0.24,0.7428,15.0,6000,0.3002,2,0.072,0.0205,0,0.1584,0.1848,0.3012,0.2961,60.86,49.45,0.75,0.3846,74.37,76.15
66,1,CA1-DG,48.0,0.2686,0.8038,20.0,6000,0.3002,1,0.0472,0.0322,0,0.1235,0.1395,0.3068,0.276,39.45,56.51,0.2727,0.2857,75.59,83.71
66,1,CA1-DG,53.0,0.2971,0.9917,25.0,6000,0.2674,1,0.0371,0.0745,0,0.2689,0.1136,0.317,0.2791,71.03,89.7,0.5556,0.2857,85.21,68.27
66,1,CA1-DG,58.0,0.3257,0.9917,30.0,6000,0.2495,2,0.0554,0.0587,0,0.1986,0.1104,0.3281,0.2736,48.78,53.97,0.4,0.5,84.1,80.29
66,1,CA1-DG,63.0,0.3543,0.965,35.0,6000,0.2628,3,0.0699,0.0451,0,0.1861,0.1301,0.3053,0.2629,54.42,48.61,0.5556,0.2857,84.91,87.36
66,1,CA1-DG,68.0,0.3829,0.915,40.0,6000,0.2571,1,0.0342,0.0717,1,0.2624,0.1311,0.2839,0.2879,65.99,44.22,0.4,0.2857,83.27,78.66
66,1,CA1-DG,73.0,0.4114,0.7755,45.0,6000,0.2752,3,0.0922,0.0564,0,0.5571,0.1261,0.2805,0.271,81.48,41.61,0.2727,0.5,54.1,48.7
66,1,CA1-DG,78.0,0.44,0.754,50.0,6000,0.2445,1,0.0308,0.039,1,0.2674,0.1245,0.2687,0.2584,78.02,43.34,0.4,0.6364,68.56,56.02
66,1,CA1-DG,83.0,0.4686,0.722,55.0,6000,0.2244,2,0.0466,0.0326,1,0.2464,0.1214,0.2692,0.2472,51.31,41.11,0.5556,0.5,78.13,76.22
66,1,CA1-DG,88.0,0.4971,0.7711,60.0,6000,0.2737,1,0.0389,0.0428,0,0.1492,0.1099,0.2901,0.2629,84.32,86.95,0.5556,0.5,62.62,81.7
66,1,CA1-DG,93.0,0.5257,0.8193,65.0,6000,0.2702,2,0.0579,0.05,1,0.2684,0.1131,0.2962,0.2796,79.43,87.05,0.75,0.3846,87.02,82.26
66,1,CA1-DG,98.0,0.5543,0.8782,70.0,6000,0.3033,2,0.0809,0.0463,1,0.5636,0.1267,0.2932,0.2796,61.46,88.59,0.1667,0.2857,80.5,73.74
66,1,CA1-DG,103.0,0.5829,0.8685,75.0,6000,0.2339,1,0.0281,0.0535,0,0.1698,0.1362,0.3312,0.2607,83.79,68.36,0.4,0.5,88.73,85.4
66,1,CA1-DG,108.0,0.6114,0.7722,80.0,8000,0.2412,2,0.0582,0.0374,0,0.1602,0.14,0.3674,0.2924,45.68,55.21,0.4,0.3846,74.55,63.63
66,1,CA1-DG,113.0,0.64,0.6958,85.0,6000,0.2701,1,0.0379,0.0581,0,0.1603,0.1463,0.3023,0.2819,47.74,41.71,0.4,0.2857,76.11,69.51
66,1,CA1-DG,118.0,0.6686,0.7958,90.0,6000,0.2422,2,0.0597,0.092,0,0.1514,0.0935,0.2835,0.255,40.27,42.71,0.1667,0.2,68.7,64.75
66,1,CA1-DG,123.0,0.6971,0.8921,95.0,6000,0.2234,2,0.0604,0.067,0,0.2211,0.1266,0.321,0.2821,35.59,47.81,0.5556,0.3846,87.4,60.13
66,1,CA1-DG,128.0,0.7257,0.9333,100.0,6000,0.2615,2,0.0604,0.0634,0,0.2351,0.1415,0.3607,0.2757,57.2,33.96,0.5556,0.3846,77.86,61.8
66,1,CA1-DG,133.0,0.7543,0.6667,105.0,6000,0.2691,2,0.0769,0.0796,1,0.1743,0.1374,0.3166,0.2703,41.08,39.16,0.2727,0.6364,53.33,55.69
66,1,CA1-DG,138.0,0.7829,0.5333,110.0,6000,0.2379,2,0.0702,0.0745,0,0.2122,0.1291,0.328,0.2748,44.18,49.19,0.5556,0.6364,88.76,64.39
66,1,CA1-DG,143.0,0.8114,0.4,115.0,6000,0.2133,2,0.0497,0.0768,0,0.2609,0.1488,0.3133,0.2604,45.8,37.48,0.2727,0.6364,80.02,62.0
66,1,CA1-DG,148.0,0.84,0.3333,120.0,6000,0.2721,2,0.0676,0.0973,0,0.2636,0.1272,0.3152,0.2776,40.76,44.42,0.4,0.6364,73.82,55.63
66,1,CA1-DG,153.0,0.8686,0.2,125.0,6000,0.2703,2,0.0706,0.0741,0,0.2221,0.153,0.3193,0.2735,53.96,39.14,0.75,0.5,78.59,67.14
66,1,CA1-DG,158.0,0.8971,0.0667,130.0,6000,0.2312,2,0.0497,0.0884,0,0.2398,0.1079,0.3353,0.2811,72.29,65.15,0.75,0.2,79.41,79.8
66,1,CA1-DG,163.0,0.9257,0.0667,135.0,6000,0.2461,2,0.0569,0.0749,0,0.2175,0.153,0.3173,0.2859,81.14,81.3,0.75,0.2,80.71,62.64
66,1,CA1-DG,168.0,0.9543,0.0667,140.0,6000,0.2572,2,0.0789,0.0373,0,0.2439,0.1542,0.3122,0.2851,47.42,55.56,0.75,0.5,82.98,76.77
66,1,CA1-V1,8.0,0.04,0.0873,-20.0,6000,0.1835,1,0.0171,-0.0125,0,0.3654,0.0821,0.1463,0.1257,nan,nan,,,77.26,89.52
66,1,CA1-V1,13.0,0.0686,0.1809,-15.0,6000,0.1841,1,0.0172,0.0205,0,0.7147,0.0772,0.2419,0.1713,78.58,59.28,0.5556,0.4286,83.24,87.75
66,1,CA1-V1,18.0,0.0971,0.2378,-10.0,6000,0.0991,0,0.0,-0.0135,0,0.3762,0.0599,0.1657,0.0885,86.62,74.11,0.4,0.4286,88.63,88.48
66,1,CA1-V1,23.0,0.1257,0.3668,-5.0,6000,0.1562,0,0.0,0.0041,0,0.2438,0.0439,0.1528,0.1494,87.17,86.2,0.5556,0.6667,82.59,89.12
66,1,CA1-V1,28.0,0.1543,0.5437,0.0,6000,0.1149,0,0.0,0.0076,0,0.329,0.0597,0.151,0.1193,78.47,81.52,0.5556,0.4286,87.8,65.77
66,1,CA1-V1,33.0,0.1829,0.7337,5.0,6000,0.0597,0,0.0,-0.0191,-7,0.3027,0.0599,0.1574,0.1142,67.89,70.4,0.5556,0.4286,80.79,67.72
66,1,CA1-V1,38.0,0.2114,0.7044,10.0,6000,0.0643,0,0.0,0.0025,0,0.2159,0.0579,0.1426,0.1086,79.33,89.73,0.5556,0.25,79.94,86.49
66,1,CA1-V1,43.0,0.24,0.7428,15.0,6000,0.0798,0,0.0,-0.032,0,0.1692,0.0533,0.1515,0.1368,68.5,67.42,0.5556,0.6667,74.99,84.63
66,1,CA1-V1,48.0,0.2686,0.8038,20.0,6000,0.1773,4,0.0772,-0.0117,0,0.1303,0.0432,0.1929,0.1285,74.8,68.96,0.5556,0.25,89.37,75.72
66,1,CA1-V1,53.0,0.2971,0.9917,25.0,6000,0.1316,0,0.0,-0.008,0,0.252,0.0595,0.1938,0.1287,79.84,84.72,0.4,0.25,84.5,89.0
66,1,CA1-V1,58.0,0.3257,0.9917,30.0,6000,0.1029,0,0.0,0.0026,0,0.1931,0.0644,0.1824,0.1068,81.65,75.61,0.5556,0.6667,89.44,73.16
66,1,CA1-V1,63.0,0.3543,0.965,35.0,6000,0.2415,3,0.0771,-0.0041,-4,0.2003,0.0834,0.1419,0.1286,76.32,85.75,0.4,0.4286,81.72,76.71
66,1,CA1-V1,68.0,0.3829,0.915,40.0,6000,0.0225,2,0.0467,0.0001,0,0.299,0.0919,0.1506,0.1094,73.96,77.11,0.5556,0.6667,87.44,87.68
66,1,CA1-V1,73.0,0.4114,0.7755,45.0,6000,0.2399,1,0.0296,-0.0174,0,0.6143,0.0813,0.218,0.1294,73.02,67.21,0.5556,0.6667,82.92,65.25
66,1,CA1-V1,78.0,0.44,0.754,50.0,6000,0.0524,0,0.0,0.0362,4,0.2738,0.0759,0.1199,0.0883,79.44,64.64,0.2727,0.6667,80.66,81.41
66,1,CA1-V1,83.0,0.4686,0.722,55.0,6000,0.024,0,0.0,-0.0429,-10,0.2756,0.0637,0.1546,0.1307,68.86,84.69,0.4,0.6667,78.54,80.61
66,1,CA1-V1,88.0,0.4971,0.7711,60.0,6000,0.143,0,0.0,-0.0077,0,0.1572,0.0691,0.1653,0.1252,86.57,79.33,0.1667,0.6667,78.07,72.2
66,1,CA1-V1,93.0,0.5257,0.8193,65.0,6000,0.0861,0,0.0,-0.0118,0,0.2455,0.0649,0.144,0.098,73.77,68.97,0.1667,0.4286,85.71,86.19
66,1,CA1-V1,98.0,0.5543,0.8782,70.0,6000,-0.0639,6,0.1244,-0.0062,0,0.5883,0.0369,0.1504,0.0912,69.76,66.68,0.2727,0.4286,86.03,80.14
66,1,CA1-V1,103.0,0.5829,0.8685,75.0,6000,0.0307,0,0.0,-0.018,-6,0.1806,0.066,0.1399,0.0955,85.39,57.37,0.2727,0.25,77.99,86.86
66,1,CA1-V1,108.0,0.6114,0.7722,80.0,8000,0.0091,0,0.0,-0.032,-7,0.1659,0.1045,0.1215,0.0939,87.33,83.25,0.5556,0.4286,89.94,83.61
66,1,CA1-V1,113.0,0.64,0.6958,85.0,6000,0.01,0,0.0,-0.0164,-10,0.1508,0.0469,0.1357,0.0909,81.43,76.28,0.4,0.25,89.07,84.54
66,1,CA1-V1,118.0,0.6686,0.7958,90.0,6000,0.0556,0,0.0,-0.0513,-4,0.1682,0.0472,0.131,0.1362,79.9,83.98,0.2727,0.25,80.34,78.86
66,1,CA1-V1,123.0,0.6971,0.8921,95.0,6000,0.0516,0,0.0,-0.0274,1,0.2076,0.0357,0.127,0.1138,83.19,85.94,0.5556,0.4286,85.49,78.16
66,1,CA1-V1,128.0,0.7257,0.9333,100.0,6000,0.05,0,0.0,-0.0237,0,0.2178,0.0512,0.1774,0.1413,89.91,87.31,0.2727,0.4286,82.09,86.14
66,1,CA1-V1,133.0,0.7543,0.6667,105.0,6000,0.0563,0,0.0,-0.0015,0,0.1832,0.0365,0.1387,0.1184,86.7,81.0,0.4,0.25,88.92,88.79
66,1,CA1-V1,138.0,0.7829,0.5333,110.0,6000,-0.0889,4,0.0901,-0.0053,0,0.2019,0.0435,0.166,0.148,83.86,72.16,0.4,0.25,81.75,89.64
66,1,CA1-V1,143.0,0.8114,0.4,115.0,6000,0.0445,0,0.0,-0.0204,0,0.271,0.0604,0.1166,0.1244,88.29,87.55,0.2727,0.25,85.66,89.05
66,1,CA1-V1,148.0,0.84,0.3333,120.0,6000,0.0691,0,0.0,0.0,8,0.2859,0.0651,0.1216,0.0967,84.58,79.26,0.4,0.4286,81.93,88.42
66,1,CA1-V1,153.0,0.8686,0.2,125.0,6000,0.1225,0,0.0,0.0164,0,0.2083,0.0461,0.1648,0.1311,67.21,60.19,0.75,0.6667,83.3,82.5
66,1,CA1-V1,158.0,0.8971,0.0667,130.0,6000,0.0903,0,0.0,-0.0172,-10,0.2557,0.0574,0.1615,0.1036,83.32,78.93,0.5556,0.25,89.04,63.41
66,1,CA1-V1,163.0,0.9257,0.0667,135.0,6000,0.0508,0,0.0,-0.0102,0,0.2129,0.0614,0.1289,0.1224,86.82,89.68,0.5556,0.25,87.56,86.63
66,1,CA1-V1,168.0,0.9543,0.0667,140.0,6000,0.0473,0,0.0,-0.0096,0,0.2576,0.0639,0.1232,0.0914,77.22,72.5,0.5556,0.6667,89.09,86.0
66,1,CA1-SUB,8.0,0.04,0.0873,-20.0,6000,0.2967,2,0.0569,0.0199,0,0.3666,0.048,0.225,0.2404,nan,nan,,,79.12,82.02
66,1,CA1-SUB,13.0,0.0686,0.1809,-15.0,6000,0.2586,2,0.0476,-0.0281,0,0.7673,0.0758,0.2818,0.2139,75.73,42.92,0.4,0.6,87.81,73.98
66,1,CA1-SUB,18.0,0.0971,0.2378,-10.0,6000,0.1567,1,0.0124,-0.055,0,0.3632,0.0493,0.2461,0.177,87.67,79.56,0.5556,0.3333,77.2,50.92
66,1,CA1-SUB,23.0,0.1257,0.3668,-5.0,6000,0.2242,1,0.0258,-0.026,0,0.2467,0.0481,0.2291,0.2085,77.41,82.16,0.1667,1.0,81.66,84.92
66,1,CA1-SUB,28.0,0.1543,0.5437,0.0,6000,0.2218,1,0.0252,-0.0674,0,0.3463,0.041,0.2332,0.2385,55.5,39.05,0.4,0.6,72.05,73.15
66,1,CA1-SUB,33.0,0.1829,0.7337,5.0,6000,0.1731,1,0.0152,-0.0103,0,0.2622,0.0419,0.2281,0.2081,55.38,55.72,0.5556,0.6,71.16,88.75
66,1,CA1-SUB,38.0,0.2114,0.7044,10.0,6000,0.1237,0,0.0,-0.0171,-1,0.2311,0.0476,0.2162,0.1808,38.86,33.95,0.5556,0.6,68.0,68.86
66,1,CA1-SUB,43.0,0.24,0.7428,15.0,6000,0.153,0,0.0,-0.0535,-7,0.1866,0.0549,0.2204,0.1805,57.12,27.64,0.5556,0.6,67.79,69.07
66,1,CA1-SUB,48.0,0.2686,0.8038,20.0,6000,-0.0155,2,0.0434,-0.0101,0,0.1313,0.0434,0.2217,0.1654,34.88,32.69,0.5556,1.0,77.03,62.96
66,1,CA1-SUB,53.0,0.2971,0.9917,25.0,6000,0.2081,2,0.0485,0.0054,0,0.2391,0.0461,0.3113,0.2047,51.2,46.07,0.5556,0.6,81.14,39.31
66,1,CA1-SUB,58.0,0.3257,0.9917,30.0,6000,0.2071,2,0.0602,0.0218,0,0.1882,0.0308,0.2817,0.2119,49.77,33.21,0.4,0.6,72.19,47.28
66,1,CA1-SUB,63.0,0.3543,0.965,35.0,6000,0.1723,4,0.1438,0.0053,0,0.195,0.0558,0.2492,0.1914,58.77,53.16,0.75,1.0,61.69,46.57
66,1,CA1-SUB,68.0,0.3829,0.915,40.0,6000,0.2429,5,0.2046,-0.0102,0,0.2507,0.0472,0.2332,0.1936,42.9,40.57,0.2727,0.6,69.01,49.18
66,1,CA1-SUB,73.0,0.4114,0.7755,45.0,6000,0.2418,2,0.0459,0.0004,0,0.6103,0.0335,0.2168,0.2018,60.35,41.77,0.4,0.6,79.23,74.35
66,1,CA1-SUB,78.0,0.44,0.754,50.0,6000,0.1832,1,0.0171,-0.0015,0,0.23,0.0256,0.1604,0.1565,81.98,78.67,0.2727,0.6,82.08,83.52
66,1,CA1-SUB,83.0,0.4686,0.722,55.0,6000,0.0695,0,0.0,-0.0044,0,0.2091,0.0366,0.2112,0.1856,71.49,56.79,0.2727,0.6,85.57,55.38
66,1,CA1-SUB,88.0,0.4971,0.7711,60.0,6000,0.1344,0,0.0,-0.0225,0,0.1687,0.0301,0.2231,0.1691,72.41,44.8,0.2727,0.3333,87.14,82.63
66,1,CA1-SUB,93.0,0.5257,0.8193,65.0,6000,0.1295,0,0.0,-0.0355,0,0.2168,0.0526,0.2297,0.1991,64.1,45.16,0.2727,0.6,72.06,65.2
66,1,CA1-SUB,98.0,0.5543,0.8782,70.0,6000,-0.0444,3,0.0819,-0.04,0,0.5677,0.0305,0.1982,0.1797,62.04,62.34,0.4,0.6,81.71,63.87
66,1,CA1-SUB,103.0,0.5829,0.8685,75.0,6000,0.1011,0,0.0,0.0099,0,0.201,0.0395,0.1744,0.1538,86.34,53.17,0.2727,0.3333,75.31,70.83
66,1,CA1-SUB,108.0,0.6114,0.7722,80.0,8000,0.1346,1,0.0091,-0.0213,0,0.1747,0.0342,0.1964,0.1838,71.54,48.02,0.4,0.3333,76.78,79.72
66,1,CA1-SUB,113.0,0.64,0.6958,85.0,6000,0.1915,1,0.0187,-0.014,0,0.1808,0.0585,0.2182,0.1802,78.59,82.12,0.5556,0.3333,82.99,75.83
66,1,CA1-SUB,118.0,0.6686,0.7958,90.0,6000,0.2098,1,0.0225,0.0144,0,0.2109,0.0738,0.2227,0.1827,55.29,50.16,0.5556,0.6,81.21,73.82
66,1,CA1-SUB,123.0,0.6971,0.8921,95.0,6000,0.13,0,0.0,0.0112,0,0.2554,0.0533,0.2108,0.1615,56.38,32.79,0.1667,0.3333,60.97,72.1
66,1,CA1-SUB,128.0,0.7257,0.9333,100.0,6000,0.0951,0,0.0,-0.0129,0,0.2236,0.0904,0.1926,0.2086,50.12,42.65,0.2727,1.0,80.67,72.47
66,1,CA1-SUB,133.0,0.7543,0.6667,105.0,6000,0.189,1,0.0182,-0.0093,0,0.1897,0.0594,0.2319,0.1684,83.47,80.56,0.1667,0.6,89.91,89.08
66,1,CA1-SUB,138.0,0.7829,0.5333,110.0,6000,0.1778,7,0.1868,-0.009,0,0.2188,0.0576,0.2322,0.1706,85.33,88.26,0.4,0.3333,85.48,60.92
66,1,CA1-SUB,143.0,0.8114,0.4,115.0,6000,0.0799,1,0.0116,0.0025,-2,0.2582,0.0404,0.1901,0.1854,78.7,74.11,0.5556,0.6,79.04,75.09
66,1,CA1-SUB,148.0,0.84,0.3333,120.0,6000,0.09,1,0.0162,0.0076,0,0.23,0.0517,0.2054,0.2124,68.57,60.07,0.4,0.6,83.18,69.14
66,1,CA1-SUB,153.0,0.8686,0.2,125.0,6000,0.1784,1,0.0162,0.0221,0,0.2129,0.0792,0.1971,0.1638,75.04,65.78,0.4,1.0,79.24,77.44
66,1,CA1-SUB,158.0,0.8971,0.0667,130.0,6000,0.2171,3,0.0555,-0.0027,0,0.2231,0.0534,0.1917,0.1549,89.88,82.19,0.5556,1.0,75.32,81.34
66,1,CA1-SUB,163.0,0.9257,0.0667,135.0,6000,0.1168,0,0.0,0.0014,0,0.1527,0.042,0.2086,0.181,71.37,89.72,0.4,0.6,87.9,54.97
66,1,CA1-SUB,168.0,0.9543,0.0667,140.0,6000,0.1497,1,0.0113,0.0274,0,0.2348,0.0525,0.1711,0.1502,78.32,53.29,0.2727,1.0,89.13,79.27
66,1,RSC-SUB,8.0,0.04,0.0873,-20.0,6000,0.1,0,0.0,-0.0154,4,0.3077,0.0498,0.1294,0.1603,nan,nan,,,83.25,83.66
66,1,RSC-SUB,13.0,0.0686,0.1809,-15.0,6000,0.0509,1,0.0098,-0.0065,0,0.2098,0.0774,0.0978,0.1056,89.01,68.08,0.3333,0.6,86.59,81.96
66,1,RSC-SUB,18.0,0.0971,0.2378,-10.0,6000,0.0781,0,0.0,-0.0032,-5,0.1367,0.0499,0.1543,0.0866,87.03,84.2,0.3333,0.3333,88.35,79.8
66,1,RSC-SUB,23.0,0.1257,0.3668,-5.0,6000,0.0865,0,0.0,0.0266,0,0.1227,0.0497,0.1488,0.159,86.58,81.62,0.1429,1.0,74.02,63.38
66,1,RSC-SUB,28.0,0.1543,0.5437,0.0,6000,0.099,0,0.0,-0.0129,0,0.1326,0.0403,0.185,0.1514,68.68,63.44,0.6,0.6,63.54,81.48
66,1,RSC-SUB,33.0,0.1829,0.7337,5.0,6000,-0.0177,1,0.0087,0.0035,1,0.1582,0.0418,0.1573,0.1462,71.22,88.79,0.6,0.6,71.17,80.07
66,1,RSC-SUB,38.0,0.2114,0.7044,10.0,6000,0.0834,0,0.0,-0.0058,0,0.1147,0.0488,0.1505,0.1804,60.06,51.28,0.6,0.6,86.83,86.11
66,1,RSC-SUB,43.0,0.24,0.7428,15.0,6000,0.1159,0,0.0,0.0228,1,0.1325,0.0552,0.1865,0.173,74.77,58.27,0.1429,0.6,53.57,84.21
66,1,RSC-SUB,48.0,0.2686,0.8038,20.0,6000,0.0574,4,0.0677,-0.0113,0,0.1253,0.0438,0.1445,0.1625,57.86,59.75,0.6,1.0,71.37,64.51
66,1,RSC-SUB,53.0,0.2971,0.9917,25.0,6000,0.0484,0,0.0,-0.0174,2,0.1111,0.0475,0.1342,0.1212,82.69,88.06,0.6,0.6,74.97,80.58
66,1,RSC-SUB,58.0,0.3257,0.9917,30.0,6000,0.1118,0,0.0,-0.0072,0,0.1233,0.0317,0.1823,0.1704,79.54,84.05,0.3333,0.6,80.27,63.2
66,1,RSC-SUB,63.0,0.3543,0.965,35.0,6000,0.2265,5,0.098,-0.0125,-5,0.1255,0.0561,0.1446,0.1268,86.37,89.86,1.0,1.0,76.11,86.21
66,1,RSC-SUB,68.0,0.3829,0.915,40.0,6000,0.0646,1,0.01,-0.0099,-10,0.1774,0.0471,0.1534,0.152,70.62,87.17,0.6,0.6,78.69,89.97
66,1,RSC-SUB,73.0,0.4114,0.7755,45.0,6000,0.0706,0,0.0,-0.0376,0,0.1734,0.035,0.1594,0.1319,74.9,71.82,0.6,0.6,69.67,61.83
66,1,RSC-SUB,78.0,0.44,0.754,50.0,6000,0.0949,0,0.0,0.0015,1,0.1433,0.0257,0.1246,0.1567,58.89,55.13,0.3333,0.6,71.76,71.97
66,1,RSC-SUB,83.0,0.4686,0.722,55.0,6000,0.0924,0,0.0,0.0181,1,0.118,0.0361,0.1645,0.125,74.5,88.26,0.3333,0.6,85.97,73.28
66,1,RSC-SUB,88.0,0.4971,0.7711,60.0,6000,0.084,0,0.0,-0.0249,0,0.1312,0.0311,0.1553,0.1333,63.8,54.84,0.3333,0.3333,89.29,86.05
66,1,RSC-SUB,93.0,0.5257,0.8193,65.0,6000,0.0232,0,0.0,0.0175,-6,0.1631,0.0533,0.1557,0.1686,81.01,86.37,0.6,0.6,83.51,82.89
66,1,RSC-SUB,98.0,0.5543,0.8782,70.0,6000,0.0579,0,0.0,0.0304,7,0.1645,0.0314,0.1081,0.1359,81.04,67.23,0.1429,0.6,89.68,80.17
66,1,RSC-SUB,103.0,0.5829,0.8685,75.0,6000,-0.1107,5,0.0649,-0.0007,1,0.1496,0.0403,0.1319,0.1282,87.84,86.0,0.1429,0.3333,76.83,72.06
66,1,RSC-SUB,108.0,0.6114,0.7722,80.0,8000,0.1806,2,0.0282,0.0101,-5,0.2165,0.0336,0.1654,0.0931,77.84,79.34,0.3333,0.3333,83.56,88.57
66,1,RSC-SUB,113.0,0.64,0.6958,85.0,6000,-0.1786,7,0.113,0.004,3,0.2943,0.0577,0.1376,0.1382,80.86,84.74,0.3333,0.3333,71.36,82.54
66,1,RSC-SUB,118.0,0.6686,0.7958,90.0,6000,0.0364,0,0.0,0.0284,6,0.2126,0.0729,0.1679,0.1685,70.82,84.18,0.3333,0.6,79.9,84.84
66,1,RSC-SUB,123.0,0.6971,0.8921,95.0,6000,0.0781,5,0.0689,0.0242,1,0.1948,0.0532,0.1299,0.1481,88.56,71.2,0.6,0.3333,89.19,73.3
66,1,RSC-SUB,128.0,0.7257,0.9333,100.0,6000,0.1716,3,0.0499,0.0502,1,0.1746,0.0897,0.1494,0.0899,83.5,67.49,0.3333,1.0,75.9,77.47
66,1,RSC-SUB,133.0,0.7543,0.6667,105.0,6000,0.0493,0,0.0,0.0007,-5,0.1966,0.0588,0.1482,0.1071,83.41,84.82,0.1429,0.6,87.85,64.38
66,1,RSC-SUB,138.0,0.7829,0.5333,110.0,6000,0.0243,4,0.0574,0.0103,-8,0.2123,0.0568,0.1137,0.1519,88.97,61.95,1.0,0.3333,83.5,80.48
66,1,RSC-SUB,143.0,0.8114,0.4,115.0,6000,0.0368,2,0.0293,0.013,5,0.2645,0.0397,0.1372,0.1316,63.57,67.42,0.6,0.6,84.32,80.15
66,1,RSC-SUB,148.0,0.84,0.3333,120.0,6000,0.0867,0,0.0,0.0126,0,0.2965,0.0512,0.1597,0.1555,60.76,75.69,0.6,0.6,78.21,78.18
66,1,RSC-SUB,153.0,0.8686,0.2,125.0,6000,0.0845,0,0.0,0.0303,6,0.2292,0.0783,0.1394,0.1481,75.92,77.45,0.6,0.6,89.82,81.92
66,1,RSC-SUB,158.0,0.8971,0.0667,130.0,6000,-0.069,3,0.0599,-0.0001,-3,0.3143,0.0531,0.1657,0.1136,85.6,75.59,0.6,1.0,88.18,75.5
66,1,RSC-SUB,163.0,0.9257,0.0667,135.0,6000,-0.0647,5,0.0995,0.004,-5,0.2757,0.0419,0.154,0.1267,72.62,85.85,0.1429,0.6,76.15,78.69
66,1,RSC-SUB,168.0,0.9543,0.0667,140.0,6000,0.0609,0,0.0,0.0437,0,0.2337,0.0523,0.1626,0.1065,76.96,89.07,0.6,1.0,85.08,79.2
66,1,V1-RSC,8.0,0.04,0.0873,-20.0,6000,0.1224,0,0.0,-0.0305,1,0.0793,0.3053,0.2068,0.2246,nan,nan,,,83.78,76.18
66,1,V1-RSC,13.0,0.0686,0.1809,-15.0,6000,0.1682,1,0.0144,0.0331,1,0.0864,0.218,0.1692,0.1635,81.74,61.34,0.6667,0.6,74.45,88.79
66,1,V1-RSC,18.0,0.0971,0.2378,-10.0,6000,0.1431,1,0.0103,0.0221,1,0.0512,0.1197,0.1612,0.1899,72.29,86.32,0.1111,0.3333,83.99,80.92
66,1,V1-RSC,23.0,0.1257,0.3668,-5.0,6000,0.155,2,0.0214,-0.0339,-1,0.0563,0.121,0.1887,0.141,74.76,84.55,0.25,0.3333,63.65,60.7
66,1,V1-RSC,28.0,0.1543,0.5437,0.0,6000,0.1369,1,0.0095,-0.011,1,0.0784,0.1306,0.1805,0.1476,70.78,62.89,0.4286,0.6,88.08,84.59
66,1,V1-RSC,33.0,0.1829,0.7337,5.0,6000,0.1447,1,0.0106,-0.1095,-2,0.0751,0.1611,0.204,0.1687,55.21,67.48,0.25,1.0,85.59,86.69
66,1,V1-RSC,38.0,0.2114,0.7044,10.0,6000,0.1118,0,0.0,-0.0982,-2,0.0797,0.1087,0.2002,0.1465,84.55,70.09,0.25,0.6,62.3,79.16
66,1,V1-RSC,43.0,0.24,0.7428,15.0,6000,0.0847,0,0.0,-0.0204,0,0.0728,0.1012,0.173,0.1419,73.86,79.99,0.6667,0.1429,82.74,88.72
66,1,V1-RSC,48.0,0.2686,0.8038,20.0,6000,-0.027,4,0.0615,-0.0023,0,0.0619,0.1111,0.1629,0.1988,81.25,82.32,0.1111,0.3333,85.2,87.38
66,1,V1-RSC,53.0,0.2971,0.9917,25.0,6000,0.1303,0,0.0,0.0571,0,0.0947,0.1125,0.1312,0.2026,61.65,66.59,0.1111,0.6,86.38,83.98
66,1,V1-RSC,58.0,0.3257,0.9917,30.0,6000,0.0778,0,0.0,-0.0086,-4,0.088,0.135,0.1193,0.1388,45.71,47.68,0.4286,0.6,89.08,87.12
66,1,V1-RSC,63.0,0.3543,0.965,35.0,6000,0.1032,6,0.1004,0.0284,1,0.0955,0.1362,0.1269,0.1254,64.99,67.56,0.4286,1.0,80.29,88.87
66,1,V1-RSC,68.0,0.3829,0.915,40.0,6000,0.236,5,0.0913,0.0457,0,0.0937,0.1813,0.1651,0.1691,59.15,53.93,0.6667,0.6,63.58,51.33
66,1,V1-RSC,73.0,0.4114,0.7755,45.0,6000,0.1385,1,0.0097,0.0214,1,0.0961,0.1712,0.1086,0.182,47.75,63.19,0.6667,0.6,85.24,86.97
66,1,V1-RSC,78.0,0.44,0.754,50.0,6000,0.1043,0,0.0,-0.0001,1,0.0916,0.1381,0.149,0.1913,70.24,49.07,0.4286,0.6,85.21,78.21
66,1,V1-RSC,83.0,0.4686,0.722,55.0,6000,0.1362,1,0.0094,-0.0323,0,0.0712,0.1104,0.1467,0.2123,58.19,39.72,0.25,1.0,88.53,66.39
66,1,V1-RSC,88.0,0.4971,0.7711,60.0,6000,0.1279,0,0.0,0.0247,0,0.0843,0.1342,0.1711,0.1648,85.67,75.65,1.0,0.3333,81.9,86.82
66,1,V1-RSC,93.0,0.5257,0.8193,65.0,6000,0.0776,0,0.0,-0.0461,0,0.0824,0.18,0.1544,0.1541,86.47,86.48,0.4286,0.3333,78.48,75.6
66,1,V1-RSC,98.0,0.5543,0.8782,70.0,6000,0.2636,1,0.036,-0.0392,0,0.0755,0.1408,0.1939,0.185,74.82,67.54,0.4286,0.1429,79.19,80.81
66,1,V1-RSC,103.0,0.5829,0.8685,75.0,6000,-0.0736,4,0.0708,-0.014,0,0.0655,0.1409,0.1536,0.1588,81.41,85.46,0.4286,0.1429,87.44,72.45
66,1,V1-RSC,108.0,0.6114,0.7722,80.0,8000,0.3131,8,0.1601,-0.0477,0,0.101,0.2289,0.1876,0.2598,81.08,76.01,0.1111,0.3333,70.57,72.99
66,1,V1-RSC,113.0,0.64,0.6958,85.0,6000,0.2504,4,0.0862,-0.0649,-5,0.0574,0.2995,0.1901,0.2296,89.19,89.67,0.25,0.3333,71.53,55.4
66,1,V1-RSC,118.0,0.6686,0.7958,90.0,6000,0.1356,1,0.0093,-0.0721,0,0.0545,0.2191,0.174,0.2097,63.07,74.35,0.25,0.6,74.92,65.91
66,1,V1-RSC,123.0,0.6971,0.8921,95.0,6000,0.0584,2,0.0317,-0.047,-4,0.0611,0.2015,0.1614,0.1623,53.48,56.34,0.1111,1.0,83.93,75.07
66,1,V1-RSC,128.0,0.7257,0.9333,100.0,6000,0.2512,2,0.0435,-0.0162,0,0.0488,0.1485,0.1289,0.1643,69.68,70.57,0.0,0.3333,75.18,64.03
66,1,V1-RSC,133.0,0.7543,0.6667,105.0,6000,0.002,0,0.0,-0.0651,-3,0.0576,0.1672,0.117,0.1435,75.17,86.83,0.1111,0.1429,88.79,89.68
66,1,V1-RSC,138.0,0.7829,0.5333,110.0,6000,0.1284,5,0.0976,-0.0785,-3,0.0504,0.1844,0.1693,0.1897,59.76,52.46,0.1111,0.6,77.95,76.53
66,1,V1-RSC,143.0,0.8114,0.4,115.0,6000,0.1165,2,0.0364,-0.0884,0,0.0573,0.2474,0.1592,0.2317,38.5,52.51,0.25,0.6,83.14,83.09
66,1,V1-RSC,148.0,0.84,0.3333,120.0,6000,0.1129,0,0.0,-0.0156,0,0.0779,0.2822,0.1344,0.2304,71.48,80.21,0.25,0.6,69.64,49.55
66,1,V1-RSC,153.0,0.8686,0.2,125.0,6000,0.1217,0,0.0,0.0044,0,0.064,0.1916,0.1424,0.1983,39.54,51.69,0.4286,0.6,89.32,63.09
66,1,V1-RSC,158.0,0.8971,0.0667,130.0,6000,0.0645,1,0.0386,-0.0203,0,0.0708,0.2876,0.1275,0.1648,87.69,80.16,0.25,0.6,85.99,88.77
66,1,V1-RSC,163.0,0.9257,0.0667,135.0,6000,-0.0181,8,0.1303,0.0078,0,0.0912,0.2625,0.1535,0.1717,81.63,59.16,0.4286,0.3333,83.21,73.54
66,1,V1-RSC,168.0,0.9543,0.0667,140.0,6000,0.0983,0,0.0,0.0115,0,0.0924,0.2379,0.15,0.1831,52.75,58.94,0.4286,0.6,75.96,89.89
68,1,CA1-RSC,8.0,0.028,0.0849,-34.0,6000,0.0533,0,0.0,0.0016,-6,0.4756,0.089,0.1024,0.1259,nan,nan,,,79.54,77.69
68,1,CA1-RSC,13.0,0.048,0.082,-29.0,6000,0.0834,0,0.0,-0.0521,-10,0.1784,0.1235,0.178,0.1568,80.03,80.05,0.6,0.2,84.35,71.13
68,1,CA1-RSC,18.0,0.068,0.0907,-24.0,6000,0.0124,0,0.0,-0.0227,-9,0.2242,0.1386,0.1087,0.0916,71.06,79.61,0.6,0.5,82.3,78.52
68,1,CA1-RSC,23.0,0.088,0.1449,-19.0,6000,0.0493,0,0.0,-0.0293,9,0.1549,0.0958,0.134,0.177,87.73,86.68,1.0,0.5,89.93,84.75
68,1,CA1-RSC,28.0,0.108,0.2127,-14.0,6000,0.0547,0,0.0,-0.0589,-9,0.1319,0.0964,0.1594,0.1215,88.42,77.75,0.3333,0.5,88.06,53.45
68,1,CA1-RSC,33.0,0.128,0.3598,-9.0,6000,0.0239,0,0.0,-0.0222,-8,0.1444,0.0786,0.172,0.0961,73.73,86.54,0.6,0.5,80.6,85.36
68,1,CA1-RSC,38.0,0.148,0.4977,-4.0,6000,0.0255,0,0.0,-0.0165,-6,0.1384,0.1406,0.1127,0.1609,70.89,70.93,0.6,0.5,87.05,73.2
68,1,CA1-RSC,43.0,0.168,0.6618,1.0,6000,0.0584,0,0.0,-0.0219,2,0.1176,0.0698,0.1621,0.1147,77.35,77.94,0.6,0.2,87.3,65.16
68,1,CA1-RSC,48.0,0.188,0.7524,6.0,6000,0.0411,0,0.0,0.0266,8,0.1163,0.0828,0.1753,0.1723,77.28,68.55,0.6,0.2,85.58,74.92
68,1,CA1-RSC,53.0,0.208,0.8476,11.0,6000,0.0835,0,0.0,-0.01,2,0.1503,0.106,0.1386,0.1134,55.2,58.21,0.3333,0.5,87.82,87.46
68,1,CA1-RSC,58.0,0.228,0.7862,16.0,6000,0.0687,0,0.0,-0.0579,-3,0.1403,0.0871,0.1637,0.1094,88.03,74.81,0.6,0.2,81.61,86.28
68,1,CA1-RSC,63.0,0.248,0.8254,21.0,6000,0.0634,0,0.0,-0.0162,-3,0.1054,0.0641,0.1615,0.1584,56.19,72.92,0.1429,0.2,88.38,89.98
68,1,CA1-RSC,68.0,0.268,0.8268,26.0,6000,0.0687,0,0.0,0.0393,2,0.1409,0.1223,0.1258,0.1172,72.26,76.88,0.6,0.5,75.6,75.67
68,1,CA1-RSC,73.0,0.288,0.9473,31.0,6000,0.0384,0,0.0,-0.0001,-4,0.1345,0.0477,0.0775,0.0883,67.51,62.95,0.3333,0.5,78.96,75.67
68,1,CA1-RSC,78.0,0.308,0.8775,36.0,6000,0.0483,0,0.0,0.0092,9,0.1038,0.1005,0.1297,0.172,73.26,69.97,0.3333,0.5,83.03,64.13
68,1,CA1-RSC,83.0,0.328,0.8527,41.0,6000,0.0195,0,0.0,0.0047,8,0.1396,0.0632,0.1428,0.101,81.54,75.89,0.1429,0.5,70.68,82.65
68,1,CA1-RSC,88.0,0.348,0.8476,46.0,6000,0.0351,0,0.0,0.0238,8,0.142,0.0804,0.1481,0.1755,86.89,87.2,0.3333,0.5,67.92,88.89
68,1,CA1-RSC,93.0,0.368,0.8757,51.0,6000,0.0905,0,0.0,0.006,-4,0.132,0.0553,0.1479,0.1226,58.95,71.37,0.6,1.0,86.7,85.47
68,1,CA1-RSC,98.0,0.388,0.753,56.0,6000,0.0057,0,0.0,-0.0215,-10,0.1265,0.0618,0.1325,0.1691,70.45,87.94,0.6,0.5,77.84,88.09
68,1,CA1-RSC,103.0,0.408,0.6312,61.0,6000,0.0203,0,0.0,0.0026,-10,0.1185,0.0515,0.1491,0.1594,70.7,83.75,0.6,0.2,63.7,77.56
68,1,CA1-RSC,108.0,0.428,0.577,66.0,6000,0.0358,0,0.0,-0.007,-7,0.1194,0.1099,0.183,0.1225,59.39,50.15,0.3333,0.5,82.2,74.67
68,1,CA1-RSC,113.0,0.448,0.6865,71.0,6000,0.0396,0,0.0,0.041,1,0.1199,0.1898,0.117,0.1393,69.86,65.27,0.6,0.5,89.73,62.11
68,1,CA1-RSC,118.0,0.468,0.7575,76.0,6000,0.0224,0,0.0,0.0104,10,0.1323,0.1199,0.1552,0.1132,81.99,70.85,0.1429,1.0,86.2,89.29
68,1,CA1-RSC,123.0,0.488,0.7497,81.0,6000,0.044,0,0.0,-0.0044,0,0.1066,0.0691,0.1528,0.1047,62.19,52.28,0.3333,0.2,78.4,88.05
68,1,CA1-RSC,128.0,0.508,0.7497,86.0,6000,0.0649,0,0.0,0.0667,1,0.1411,0.1775,0.2063,0.184,71.72,85.42,0.1429,1.0,88.57,81.96
68,1,CA1-RSC,133.0,0.528,0.7301,91.0,6000,0.0437,0,0.0,0.0144,0,0.1372,0.1958,0.1595,0.1337,58.01,51.9,0.0,1.0,70.71,88.64
68,1,CA1-RSC,138.0,0.548,0.731,96.0,6000,0.0032,0,0.0,-0.0054,3,0.1017,0.1883,0.1584,0.1151,74.68,74.4,0.1429,0.5,86.78,87.98
68,1,CA1-RSC,143.0,0.568,0.7917,101.0,6000,-0.1514,6,0.0795,-0.0028,-2,0.1114,0.1287,0.1852,0.0642,77.29,86.08,0.3333,0.2,79.88,88.56
68,1,CA1-RSC,148.0,0.588,0.8234,106.0,6000,0.0477,0,0.0,0.0077,-6,0.1157,0.0929,0.1537,0.1208,80.06,58.72,0.6,0.5,81.53,74.66
68,1,CA1-RSC,153.0,0.608,0.834,111.0,6000,0.0624,0,0.0,-0.0079,6,0.1272,0.0804,0.1757,0.1487,56.8,55.58,0.1429,0.5,83.71,82.34
68,1,CA1-RSC,158.0,0.628,0.634,116.0,6000,0.0474,0,0.0,-0.0057,2,0.1128,0.0615,0.157,0.105,74.58,70.91,0.1429,1.0,89.36,83.26
68,1,CA1-RSC,163.0,0.648,0.5078,121.0,6000,-0.0144,0,0.0,0.0157,2,0.1785,0.0779,0.1656,0.0911,88.8,87.66,0.1429,0.5,86.66,86.47
68,1,CA1-RSC,168.0,0.668,0.3056,126.0,6000,0.0355,0,0.0,-0.0096,-10,0.1249,0.101,0.1774,0.1351,85.99,81.83,0.3333,0.2,79.54,82.75
68,1,CA1-RSC,173.0,0.688,0.3056,131.0,6000,0.0064,0,0.0,-0.0297,-7,0.1337,0.0699,0.1594,0.0693,81.25,81.21,0.6,0.5,89.35,73.31
68,1,CA1-RSC,178.0,0.708,0.3222,136.0,6000,-0.012,0,0.0,0.0409,9,0.121,0.0701,0.1425,0.0709,79.1,85.83,0.6,0.5,83.1,73.91
68,1,CA1-RSC,183.0,0.728,0.3667,141.0,6000,0.055,0,0.0,0.0179,0,0.2067,0.077,0.197,0.1525,78.18,57.96,0.3333,0.2,88.76,69.75
68,1,CA1-RSC,188.0,0.748,0.3,146.0,6000,0.0811,0,0.0,-0.0202,0,0.1488,0.1179,0.1767,0.0871,61.59,79.51,0.6,1.0,85.93,85.71
68,1,CA1-RSC,193.0,0.768,0.1333,151.0,6000,0.0565,0,0.0,-0.0213,-1,0.1172,0.1414,0.156,0.0616,83.38,73.76,0.6,1.0,89.42,76.74
68,1,CA1-RSC,198.0,0.788,0.0833,156.0,6000,0.0067,0,0.0,0.0137,-1,0.085,0.1075,0.1745,0.0863,80.94,87.68,0.6,0.5,78.71,82.47
68,1,CA1-RSC,203.0,0.808,0.0167,161.0,6000,-0.0102,0,0.0,0.0239,-2,0.1028,0.0912,0.1186,0.1324,87.38,83.58,0.1429,1.0,82.26,83.38
68,1,CA1-RSC,208.0,0.828,0.0167,166.0,6000,0.0309,0,0.0,-0.0039,-2,0.089,0.0776,0.1338,0.1535,80.37,75.34,0.3333,1.0,78.52,81.37
68,1,CA1-RSC,213.0,0.848,0.0,171.0,6000,-0.0132,0,0.0,0.0097,4,0.1338,0.1205,0.1095,0.0955,73.69,58.1,0.3333,0.5,83.69,75.59
68,1,CA1-RSC,218.0,0.868,0.0,176.0,6000,0.0427,0,0.0,-0.0236,-4,0.128,0.1254,0.1406,0.1199,86.83,66.69,0.6,1.0,82.8,80.44
68,1,CA1-RSC,223.0,0.888,0.0,181.0,6000,-0.0164,0,0.0,-0.0108,-4,0.166,0.096,0.1404,0.0561,78.51,67.59,0.1429,0.5,78.91,89.27
68,1,CA1-RSC,228.0,0.908,0.0519,186.0,6000,0.0489,0,0.0,0.0349,7,0.1307,0.0989,0.1533,0.1364,87.89,82.07,0.6,1.0,78.98,68.32
68,1,CA1-RSC,233.0,0.928,0.1704,191.0,6000,0.0394,0,0.0,0.0062,9,0.1063,0.1113,0.1258,0.1218,73.11,82.67,0.1429,1.0,76.61,85.51
68,1,CA1-RSC,238.0,0.948,0.1704,196.0,6000,-0.1111,4,0.0854,-0.028,-7,0.1177,0.0853,0.1783,0.144,77.45,84.21,0.3333,1.0,77.04,79.06
68,1,CA1-RSC,243.0,0.968,0.1363,201.0,6000,0.0192,0,0.0,0.0161,5,0.0978,0.0789,0.1679,0.1169,76.99,81.75,0.1429,1.0,88.0,88.43
68,1,CA1-CA3,8.0,0.028,0.0849,-34.0,6000,0.4178,3,0.3014,-0.054,0,0.5123,0.5989,0.4374,0.5098,nan,nan,,,24.51,21.67
68,1,CA1-CA3,13.0,0.048,0.082,-29.0,6000,0.4886,3,0.1712,-0.0387,0,0.1808,0.5944,0.4312,0.5156,67.54,16.08,0.6,0.5,48.07,13.16
68,1,CA1-CA3,18.0,0.068,0.0907,-24.0,6000,0.4384,2,0.1178,-0.0848,0,0.1807,0.1179,0.5037,0.5123,61.65,81.54,0.3333,0.5,86.83,57.02
68,1,CA1-CA3,23.0,0.088,0.1449,-19.0,6000,0.4466,2,0.1186,-0.0604,0,0.1545,0.0768,0.4756,0.4873,58.65,68.22,0.6,0.5,88.04,87.91
68,1,CA1-CA3,28.0,0.108,0.2127,-14.0,6000,0.4734,2,0.1399,-0.0521,0,0.196,0.0515,0.513,0.5079,68.69,24.89,0.6,1.0,69.99,76.74
68,1,CA1-CA3,33.0,0.128,0.3598,-9.0,6000,0.4789,2,0.1503,-0.0484,0,0.2508,0.0696,0.5133,0.5394,44.87,56.35,0.6,0.2,86.35,65.69
68,1,CA1-CA3,38.0,0.148,0.4977,-4.0,6000,0.4682,2,0.1417,-0.0597,0,0.2454,0.0689,0.5003,0.5419,46.81,38.74,0.6,0.2,82.23,55.24
68,1,CA1-CA3,43.0,0.168,0.6618,1.0,6000,0.4261,2,0.1124,-0.0623,0,0.144,0.0753,0.4881,0.5265,30.4,31.88,0.3333,1.0,41.45,64.31
68,1,CA1-CA3,48.0,0.188,0.7524,6.0,6000,0.4744,2,0.1428,-0.0551,0,0.1393,0.0784,0.5159,0.5153,44.47,22.68,0.6,0.5,82.78,57.73
68,1,CA1-CA3,53.0,0.208,0.8476,11.0,6000,0.457,2,0.1333,-0.0416,0,0.1397,0.1079,0.5294,0.535,48.79,54.17,0.6,0.2,47.45,54.78
68,1,CA1-CA3,58.0,0.228,0.7862,16.0,6000,0.4323,2,0.1132,-0.0482,0,0.1809,0.1365,0.5117,0.4817,42.28,33.77,0.6,0.0,76.64,89.9
68,1,CA1-CA3,63.0,0.248,0.8254,21.0,6000,0.4521,2,0.1279,-0.0546,0,0.1762,0.1456,0.4901,0.5232,33.56,26.88,0.6,0.2,63.87,33.08
68,1,CA1-CA3,68.0,0.268,0.8268,26.0,6000,0.4386,3,0.1231,-0.0648,0,0.141,0.1012,0.4711,0.4803,46.28,37.58,0.6,0.5,51.56,43.59
68,1,CA1-CA3,73.0,0.288,0.9473,31.0,6000,0.4545,2,0.126,-0.0449,0,0.1748,0.0555,0.4982,0.4821,41.27,60.07,0.6,0.2,80.35,84.01
68,1,CA1-CA3,78.0,0.308,0.8775,36.0,6000,0.4413,2,0.12,-0.0702,0,0.158,0.0949,0.5018,0.5242,43.97,50.01,0.6,0.2,79.38,72.66
68,1,CA1-CA3,83.0,0.328,0.8527,41.0,6000,0.4493,2,0.1266,-0.0962,0,0.1403,0.0981,0.5007,0.5211,25.68,26.21,0.6,1.0,64.5,51.05
68,1,CA1-CA3,88.0,0.348,0.8476,46.0,6000,0.3916,2,0.0915,-0.062,0,0.1379,0.1647,0.4443,0.4578,44.39,47.86,0.6,1.0,65.24,56.81
68,1,CA1-CA3,93.0,0.368,0.8757,51.0,6000,0.4169,3,0.1107,-0.0756,0,0.1807,0.1401,0.4673,0.4801,23.87,21.65,1.0,0.5,26.36,35.67
68,1,CA1-CA3,98.0,0.388,0.753,56.0,6000,0.4086,2,0.1016,-0.0884,0,0.1872,0.121,0.4645,0.4621,27.68,23.38,0.6,0.5,71.92,56.85
68,1,CA1-CA3,103.0,0.408,0.6312,61.0,6000,0.4551,2,0.1232,-0.0566,0,0.1442,0.1694,0.4601,0.5237,44.02,53.16,1.0,0.5,65.06,79.82
68,1,CA1-CA3,108.0,0.428,0.577,66.0,6000,0.4629,2,0.1321,-0.0694,0,0.171,0.0938,0.5161,0.5407,38.88,36.4,1.0,1.0,86.41,66.35
68,1,CA1-CA3,113.0,0.448,0.6865,71.0,6000,0.4673,2,0.141,-0.0939,0,0.1741,0.0956,0.4937,0.5444,62.9,89.88,0.6,0.5,88.26,62.62
68,1,CA1-CA3,118.0,0.468,0.7575,76.0,6000,0.4547,2,0.1265,-0.0595,0,0.1185,0.1059,0.496,0.5622,78.6,79.38,0.6,0.2,85.43,64.85
68,1,CA1-CA3,123.0,0.488,0.7497,81.0,6000,0.4173,2,0.1047,-0.077,0,0.1369,0.1056,0.4716,0.4854,81.61,84.84,0.6,0.5,78.31,66.13
68,1,CA1-CA3,128.0,0.508,0.7497,86.0,6000,0.4187,2,0.1018,-0.0736,0,0.1159,0.0961,0.4839,0.5248,60.63,59.25,1.0,0.5,74.26,85.76
68,1,CA1-CA3,133.0,0.528,0.7301,91.0,6000,0.461,2,0.1255,-0.0769,0,0.1534,0.1002,0.5099,0.4769,87.93,81.26,0.3333,0.2,79.7,85.23
68,1,CA1-CA3,138.0,0.548,0.731,96.0,6000,0.4624,2,0.1263,-0.0726,0,0.1543,0.0806,0.5093,0.5529,80.14,74.99,0.3333,0.2,66.6,82.87
68,1,CA1-CA3,143.0,0.568,0.7917,101.0,6000,0.4672,4,0.1577,-0.0969,0,0.1393,0.0893,0.4983,0.5577,71.41,56.93,0.3333,0.2,82.08,52.78
68,1,CA1-CA3,148.0,0.588,0.8234,106.0,6000,0.4241,2,0.1067,-0.0692,0,0.1635,0.067,0.4581,0.5169,53.78,55.17,0.6,0.5,88.28,64.57
68,1,CA1-CA3,153.0,0.608,0.834,111.0,6000,0.3962,2,0.0919,-0.1118,0,0.1417,0.0945,0.4814,0.5188,82.07,78.4,1.0,1.0,66.46,74.96
68,1,CA1-CA3,158.0,0.628,0.634,116.0,6000,0.4496,2,0.1282,-0.1071,0,0.118,0.1066,0.5016,0.5407,43.56,65.32,0.6,0.2,83.96,87.7
68,1,CA1-CA3,163.0,0.648,0.5078,121.0,6000,0.4419,2,0.1228,-0.0597,0,0.1522,0.0844,0.5118,0.4922,46.89,67.03,0.6,0.2,87.79,74.65
68,1,CA1-CA3,168.0,0.668,0.3056,126.0,6000,0.4611,2,0.1305,-0.0686,0,0.1485,0.1041,0.5103,0.5052,43.19,51.1,0.6,0.2,39.19,40.74
68,1,CA1-CA3,173.0,0.688,0.3056,131.0,6000,0.4487,2,0.1215,-0.105,0,0.1386,0.0806,0.4826,0.5375,64.59,85.79,0.6,0.2,86.41,57.05
68,1,CA1-CA3,178.0,0.708,0.3222,136.0,6000,0.4597,2,0.1301,-0.1049,0,0.139,0.0792,0.5053,0.5493,53.56,72.76,0.1429,0.5,88.27,70.22
68,1,CA1-CA3,183.0,0.728,0.3667,141.0,6000,0.4662,2,0.1421,-0.0669,0,0.1894,0.2477,0.4727,0.4883,72.54,52.59,0.3333,0.5,87.4,80.4
68,1,CA1-CA3,188.0,0.748,0.3,146.0,6000,0.4351,2,0.1205,-0.0455,0,0.195,0.2916,0.4903,0.4983,75.5,74.87,0.6,0.5,82.62,65.48
68,1,CA1-CA3,193.0,0.768,0.1333,151.0,6000,0.4927,2,0.1537,-0.0423,0,0.1733,0.1306,0.5016,0.5362,41.96,39.23,0.3333,0.5,87.04,87.63
68,1,CA1-CA3,198.0,0.788,0.0833,156.0,6000,0.4747,2,0.1412,-0.0888,0,0.1706,0.1034,0.4992,0.5364,53.61,62.01,0.6,0.2,64.96,79.27
68,1,CA1-CA3,203.0,0.808,0.0167,161.0,6000,0.4391,2,0.1137,-0.0938,0,0.1677,0.1023,0.4648,0.4802,71.17,69.57,0.3333,0.5,62.97,79.76
68,1,CA1-CA3,208.0,0.828,0.0167,166.0,6000,0.4368,2,0.115,-0.103,0,0.1473,0.0988,0.4808,0.4471,81.49,64.92,0.3333,0.5,66.48,87.34
68,1,CA1-CA3,213.0,0.848,0.0,171.0,6000,0.4175,2,0.106,-0.1049,0,0.1689,0.124,0.4779,0.5135,83.81,61.36,0.6,0.2,85.77,70.52
68,1,CA1-CA3,218.0,0.868,0.0,176.0,6000,0.4605,2,0.131,-0.0679,0,0.1834,0.0942,0.5324,0.5356,66.97,75.74,1.0,0.5,82.15,88.84
68,1,CA1-CA3,223.0,0.888,0.0,181.0,6000,0.5051,1,0.1473,-0.0798,0,0.1614,0.0858,0.5368,0.5508,70.97,87.04,0.3333,0.5,70.33,80.93
68,1,CA1-CA3,228.0,0.908,0.0519,186.0,6000,0.4808,2,0.1451,-0.0665,0,0.1484,0.1045,0.5321,0.5415,88.14,68.98,0.6,0.5,66.43,89.83
68,1,CA1-CA3,233.0,0.928,0.1704,191.0,6000,0.467,2,0.1328,-0.0357,0,0.1416,0.0952,0.5159,0.4813,53.06,49.3,1.0,0.5,79.0,82.61
68,1,CA1-CA3,238.0,0.948,0.1704,196.0,6000,0.4373,5,0.2026,-0.0873,0,0.1443,0.1331,0.4911,0.4569,33.24,17.33,0.6,0.5,43.36,54.47
68,1,CA1-CA3,243.0,0.968,0.1363,201.0,6000,0.4689,2,0.1402,-0.058,0,0.152,0.1569,0.5035,0.5654,48.63,53.98,0.3333,0.2,50.14,60.03
68,1,CA1-DG,8.0,0.028,0.0849,-34.0,6000,0.3718,2,0.0929,-0.0204,0,0.4403,0.1713,0.3627,0.3282,nan,nan,,,59.15,56.14
68,1,CA1-DG,13.0,0.048,0.082,-29.0,6000,0.3174,2,0.0668,-0.0348,0,0.1757,0.1923,0.2894,0.2999,79.83,86.06,1.0,0.7143,85.4,77.89
68,1,CA1-DG,18.0,0.068,0.0907,-24.0,6000,0.3892,2,0.0958,-0.0502,0,0.1863,0.1539,0.3504,0.3497,34.66,55.1,0.6,0.7143,76.31,89.14
68,1,CA1-DG,23.0,0.088,0.1449,-19.0,6000,0.3812,2,0.0954,-0.0264,0,0.1594,0.171,0.3823,0.3604,34.02,49.01,1.0,0.5,55.0,60.78
68,1,CA1-DG,28.0,0.108,0.2127,-14.0,6000,0.3771,2,0.0922,-0.0308,0,0.1384,0.1805,0.336,0.3182,57.53,61.87,0.6,0.7143,88.71,81.39
68,1,CA1-DG,33.0,0.128,0.3598,-9.0,6000,0.372,2,0.0866,-0.0418,0,0.1582,0.1135,0.3626,0.3547,78.05,76.69,0.6,0.3333,60.32,63.82
68,1,CA1-DG,38.0,0.148,0.4977,-4.0,6000,0.3264,2,0.069,-0.0551,0,0.1404,0.1435,0.3125,0.3179,46.18,46.92,0.6,0.5,58.58,73.98
68,1,CA1-DG,43.0,0.168,0.6618,1.0,6000,0.3518,2,0.0766,-0.0485,0,0.085,0.1227,0.3357,0.3427,35.75,63.77,0.6,0.3333,48.41,84.99
68,1,CA1-DG,48.0,0.188,0.7524,6.0,6000,0.3452,2,0.0772,-0.0579,0,0.0995,0.1334,0.3336,0.3315,37.64,62.79,0.6,0.2,83.83,65.62
68,1,CA1-DG,53.0,0.208,0.8476,11.0,6000,0.353,2,0.0823,-0.0448,0,0.1309,0.0862,0.3193,0.3233,36.21,41.76,1.0,0.3333,56.62,52.99
68,1,CA1-DG,58.0,0.228,0.7862,16.0,6000,0.3607,2,0.0858,-0.0382,0,0.0929,0.1273,0.3126,0.3407,35.07,49.39,1.0,0.3333,82.24,84.26
68,1,CA1-DG,63.0,0.248,0.8254,21.0,6000,0.325,2,0.0699,-0.0501,0,0.0816,0.1713,0.2787,0.322,32.07,48.33,0.6,0.2,73.8,86.2
68,1,CA1-DG,68.0,0.268,0.8268,26.0,6000,0.4037,1,0.089,-0.0498,0,0.0808,0.1309,0.3503,0.3249,58.54,75.65,0.6,0.2,52.56,83.65
68,1,CA1-DG,73.0,0.288,0.9473,31.0,6000,0.3885,2,0.0953,-0.0736,0,0.0753,0.126,0.3413,0.3184,60.43,85.54,0.6,0.2,85.23,89.76
68,1,CA1-DG,78.0,0.308,0.8775,36.0,6000,0.3657,2,0.085,-0.0692,0,0.1016,0.1388,0.3138,0.3201,25.67,47.19,0.6,0.5,37.27,85.03
68,1,CA1-DG,83.0,0.328,0.8527,41.0,6000,0.3704,1,0.0738,-0.077,0,0.102,0.1536,0.3228,0.3366,35.22,56.53,0.3333,0.3333,82.9,85.73
68,1,CA1-DG,88.0,0.348,0.8476,46.0,6000,0.3823,2,0.0897,-0.0684,0,0.0848,0.1247,0.3343,0.3339,50.03,63.67,0.1429,0.2,72.39,63.36
68,1,CA1-DG,93.0,0.368,0.8757,51.0,6000,0.3659,1,0.0719,-0.0356,0,0.1017,0.1289,0.3033,0.325,45.55,57.46,1.0,0.7143,73.44,86.25
68,1,CA1-DG,98.0,0.388,0.753,56.0,6000,0.3852,1,0.0803,-0.0322,0,0.111,0.1103,0.3567,0.3354,67.16,60.21,0.6,0.2,57.59,69.16
68,1,CA1-DG,103.0,0.408,0.6312,61.0,6000,0.4509,2,0.1315,-0.0296,0,0.0884,0.1426,0.4033,0.3592,83.97,71.42,0.6,0.3333,87.14,85.16
68,1,CA1-DG,108.0,0.428,0.577,66.0,6000,0.436,2,0.127,-0.0469,0,0.0886,0.1841,0.3673,0.3794,62.64,66.11,1.0,0.3333,80.89,75.26
68,1,CA1-DG,113.0,0.448,0.6865,71.0,6000,0.4598,2,0.141,-0.0448,0,0.0826,0.1506,0.4149,0.3894,50.83,37.55,0.3333,0.3333,74.43,73.86
68,1,CA1-DG,118.0,0.468,0.7575,76.0,6000,0.4334,2,0.126,-0.0288,0,0.0789,0.0883,0.4058,0.3693,74.69,74.56,0.6,0.5,77.72,65.06
68,1,CA1-DG,123.0,0.488,0.7497,81.0,6000,0.4243,2,0.1193,-0.05,0,0.0789,0.0883,0.3724,0.3671,34.37,64.05,0.3333,0.3333,80.66,85.19
68,1,CA1-DG,128.0,0.508,0.7497,86.0,6000,0.4095,2,0.1078,-0.0196,0,0.1025,0.1373,0.364,0.368,26.78,40.87,0.6,0.3333,75.74,74.02
68,1,CA1-DG,133.0,0.528,0.7301,91.0,6000,0.409,2,0.1102,-0.0439,0,0.1096,0.085,0.3829,0.3523,43.77,52.58,0.3333,0.5,68.93,62.48
68,1,CA1-DG,138.0,0.548,0.731,96.0,6000,0.4128,2,0.1082,-0.0316,0,0.0828,0.1409,0.3689,0.3397,61.01,82.22,0.3333,0.2,68.8,78.31
68,1,CA1-DG,143.0,0.568,0.7917,101.0,6000,0.382,1,0.0788,-0.0472,0,0.089,0.1688,0.3649,0.3483,50.31,62.33,0.1429,0.3333,55.49,70.78
68,1,CA1-DG,148.0,0.588,0.8234,106.0,6000,0.4436,2,0.1296,-0.0374,0,0.0661,0.1139,0.3933,0.3835,37.87,47.46,0.3333,0.3333,69.77,85.65
68,1,CA1-DG,153.0,0.608,0.834,111.0,6000,0.4386,3,0.1337,-0.0581,0,0.0768,0.1563,0.4065,0.371,27.69,41.3,0.6,0.3333,45.22,59.84
68,1,CA1-DG,158.0,0.628,0.634,116.0,6000,0.4188,3,0.1175,-0.0513,0,0.0874,0.1792,0.3909,0.3813,27.18,49.46,0.6,0.5,48.08,49.89
68,1,CA1-DG,163.0,0.648,0.5078,121.0,6000,0.4425,2,0.1198,-0.0449,0,0.1096,0.1436,0.4142,0.3906,26.95,38.26,0.3333,0.5,78.8,72.45
68,1,CA1-DG,168.0,0.668,0.3056,126.0,6000,0.436,2,0.1218,-0.0516,0,0.1024,0.1654,0.4049,0.4026,77.28,81.94,0.3333,0.2,87.89,82.12
68,1,CA1-DG,173.0,0.688,0.3056,131.0,6000,0.4078,2,0.1076,-0.0538,0,0.1181,0.1334,0.3868,0.3776,66.63,87.54,0.3333,0.3333,45.02,83.63
68,1,CA1-DG,178.0,0.708,0.3222,136.0,6000,0.3805,3,0.1078,-0.0511,0,0.0788,0.1374,0.396,0.3734,32.47,48.54,0.6,0.3333,77.25,84.54
68,1,CA1-DG,183.0,0.728,0.3667,141.0,6000,0.4522,2,0.1327,-0.0261,0,0.1338,0.1099,0.3916,0.3737,41.22,61.59,0.6,0.5,79.44,89.24
68,1,CA1-DG,188.0,0.748,0.3,146.0,6000,0.4843,2,0.1616,-0.0284,0,0.1266,0.1651,0.4005,0.3795,66.29,84.37,0.6,0.2,80.97,76.71
68,1,CA1-DG,193.0,0.768,0.1333,151.0,6000,0.4658,2,0.14,-0.0427,0,0.0874,0.1697,0.4394,0.4061,25.26,55.72,0.3333,0.5,67.02,81.96
68,1,CA1-DG,198.0,0.788,0.0833,156.0,6000,0.3953,2,0.0975,-0.0476,0,0.0979,0.1004,0.4022,0.3774,33.94,75.17,0.3333,0.2,80.16,87.52
68,1,CA1-DG,203.0,0.808,0.0167,161.0,6000,0.4079,2,0.1111,-0.0422,0,0.1064,0.0963,0.4027,0.3867,44.74,53.52,0.6,0.3333,56.35,76.24
68,1,CA1-DG,208.0,0.828,0.0167,166.0,6000,0.4103,2,0.1089,-0.009,0,0.083,0.1096,0.3975,0.3751,28.65,41.22,0.6,0.5,58.42,76.73
68,1,CA1-DG,213.0,0.848,0.0,171.0,6000,0.4436,2,0.1275,-0.0327,0,0.1036,0.1934,0.4164,0.3961,84.99,77.58,0.6,0.0909,64.33,67.92
68,1,CA1-DG,218.0,0.868,0.0,176.0,6000,0.4393,2,0.1191,-0.0432,0,0.1114,0.1797,0.4148,0.3909,69.18,79.05,0.6,0.2,89.75,88.84
68,1,CA1-DG,223.0,0.888,0.0,181.0,6000,0.4528,2,0.1259,-0.0354,0,0.1299,0.1276,0.3734,0.3817,88.22,87.01,0.1429,0.3333,78.44,84.42
68,1,CA1-DG,228.0,0.908,0.0519,186.0,6000,0.4472,1,0.1115,-0.0206,0,0.1513,0.1743,0.3478,0.3677,50.56,63.6,0.3333,0.5,56.63,76.39
68,1,CA1-DG,233.0,0.928,0.1704,191.0,6000,0.4168,2,0.1115,-0.034,0,0.1366,0.0948,0.4162,0.4098,53.64,71.35,0.6,0.3333,89.03,85.89
68,1,CA1-DG,238.0,0.948,0.1704,196.0,6000,0.332,1,0.0584,-0.0618,0,0.1006,0.0995,0.4027,0.3753,70.74,89.02,0.6,0.3333,54.73,86.68
68,1,CA1-DG,243.0,0.968,0.1363,201.0,6000,0.417,2,0.1128,-0.0292,0,0.0888,0.2188,0.3838,0.3855,60.97,69.64,0.0,0.0909,83.79,87.22
68,1,CA3-DG,8.0,0.028,0.0849,-34.0,6000,0.2658,3,0.1126,0.0193,0,0.5967,0.2428,0.4094,0.2681,nan,nan,,,15.05,34.01
68,1,CA3-DG,13.0,0.048,0.082,-29.0,6000,0.3223,3,0.1385,0.0056,0,0.6056,0.2213,0.366,0.305,12.71,45.5,0.5,0.7143,36.7,41.36
68,1,CA3-DG,18.0,0.068,0.0907,-24.0,6000,0.3318,2,0.0867,0.0252,0,0.1228,0.1786,0.3803,0.3067,20.78,89.56,0.5,1.0,86.5,84.7
68,1,CA3-DG,23.0,0.088,0.1449,-19.0,6000,0.3637,2,0.0956,0.0421,0,0.08,0.2003,0.3207,0.3017,73.83,70.26,0.5,0.5,84.88,88.05
68,1,CA3-DG,28.0,0.108,0.2127,-14.0,6000,0.3646,3,0.113,0.0341,0,0.0545,0.1895,0.3484,0.3185,27.54,36.01,0.5,0.5,41.65,54.84
68,1,CA3-DG,33.0,0.128,0.3598,-9.0,6000,0.3548,2,0.0963,0.0093,0,0.0736,0.1785,0.4117,0.3327,41.39,39.69,0.2,0.3333,53.53,76.31
68,1,CA3-DG,38.0,0.148,0.4977,-4.0,6000,0.3733,2,0.1191,0.0242,0,0.0719,0.168,0.3977,0.3597,19.69,31.8,0.5,0.5,37.7,73.24
68,1,CA3-DG,43.0,0.168,0.6618,1.0,6000,0.3532,2,0.1129,0.0345,0,0.0753,0.1529,0.381,0.3665,43.06,62.73,0.5,0.3333,46.28,78.7
68,1,CA3-DG,48.0,0.188,0.7524,6.0,6000,0.3983,2,0.1223,0.051,0,0.0808,0.1937,0.3528,0.3686,25.14,52.35,0.5,0.3333,82.12,84.46
68,1,CA3-DG,53.0,0.208,0.8476,11.0,6000,0.4025,2,0.1297,0.0383,0,0.1102,0.1498,0.3426,0.3747,56.57,42.04,0.5,0.3333,84.12,77.61
68,1,CA3-DG,58.0,0.228,0.7862,16.0,6000,0.4236,2,0.1432,0.0203,0,0.1382,0.2253,0.4086,0.3817,56.51,51.66,0.2,0.2,76.23,78.06
68,1,CA3-DG,63.0,0.248,0.8254,21.0,6000,0.3566,2,0.1072,0.023,0,0.147,0.1821,0.3766,0.3621,31.14,49.31,0.5,0.2,58.64,88.61
68,1,CA3-DG,68.0,0.268,0.8268,26.0,6000,0.402,2,0.1221,0.0361,0,0.1035,0.1984,0.3937,0.3408,41.76,43.59,0.5,0.5,52.35,58.89
68,1,CA3-DG,73.0,0.288,0.9473,31.0,6000,0.4072,3,0.1348,0.035,0,0.0585,0.2181,0.3384,0.3232,66.17,67.17,0.2,0.3333,82.63,57.73
68,1,CA3-DG,78.0,0.308,0.8775,36.0,6000,0.3696,2,0.1128,0.0126,0,0.0968,0.1724,0.3889,0.3648,46.03,54.51,0.2,0.3333,72.85,88.34
68,1,CA3-DG,83.0,0.328,0.8527,41.0,6000,0.3886,2,0.1235,0.0405,0,0.0999,0.1708,0.3633,0.3718,41.85,72.35,0.5,0.0909,49.79,64.36
68,1,CA3-DG,88.0,0.348,0.8476,46.0,6000,0.3829,2,0.1191,0.039,0,0.1649,0.1499,0.3633,0.3763,78.8,85.02,0.5,0.3333,83.07,80.53
68,1,CA3-DG,93.0,0.368,0.8757,51.0,6000,0.3998,2,0.1334,0.0462,0,0.1432,0.2022,0.3857,0.3746,55.36,63.31,0.5,0.3333,73.57,75.24
68,1,CA3-DG,98.0,0.388,0.753,56.0,6000,0.3584,2,0.1144,0.0025,0,0.1217,0.1765,0.4065,0.3808,62.95,84.59,0.2,0.2,87.88,81.43
68,1,CA3-DG,103.0,0.408,0.6312,61.0,6000,0.3558,2,0.0952,0.0639,0,0.1706,0.1673,0.4042,0.3162,43.32,49.5,0.5,0.3333,85.63,75.13
68,1,CA3-DG,108.0,0.428,0.577,66.0,6000,0.3432,2,0.0986,0.0659,0,0.0952,0.2877,0.3662,0.3079,38.64,54.74,1.0,0.5,43.76,65.23
68,1,CA3-DG,113.0,0.448,0.6865,71.0,6000,0.3166,2,0.0818,0.0632,0,0.0981,0.1733,0.3549,0.3157,15.75,38.45,0.5,0.3333,49.94,41.17
68,1,CA3-DG,118.0,0.468,0.7575,76.0,6000,0.3286,3,0.1107,0.0391,0,0.1077,0.2088,0.3162,0.3535,27.33,45.35,0.2,0.7143,42.86,40.74
68,1,CA3-DG,123.0,0.488,0.7497,81.0,6000,0.3664,3,0.1335,0.0435,0,0.1062,0.2349,0.3225,0.3692,28.63,38.03,1.0,0.2,46.19,50.41
68,1,CA3-DG,128.0,0.508,0.7497,86.0,6000,0.3897,3,0.1406,0.0612,0,0.0966,0.1816,0.312,0.3739,27.82,22.42,0.5,0.3333,52.56,50.07
68,1,CA3-DG,133.0,0.528,0.7301,91.0,6000,0.3569,3,0.1152,0.0699,0,0.1034,0.1966,0.3556,0.3917,29.78,30.23,0.2,0.3333,25.91,44.97
68,1,CA3-DG,138.0,0.548,0.731,96.0,6000,0.3758,3,0.1054,0.0487,0,0.0815,0.1812,0.3408,0.3451,37.5,35.09,0.5,0.5,82.49,89.89
68,1,CA3-DG,143.0,0.568,0.7917,101.0,6000,0.3537,2,0.1059,0.0748,0,0.0897,0.1758,0.3639,0.3646,34.41,39.18,0.2,0.3333,50.2,74.91
68,1,CA3-DG,148.0,0.588,0.8234,106.0,6000,0.3833,3,0.1266,0.0641,0,0.0675,0.1613,0.3784,0.3202,21.32,34.36,0.5,0.7143,24.85,49.43
68,1,CA3-DG,153.0,0.608,0.834,111.0,6000,0.4037,3,0.1484,0.0537,0,0.0924,0.1431,0.4139,0.3578,15.91,28.87,1.0,0.5,36.08,60.55
68,1,CA3-DG,158.0,0.628,0.634,116.0,6000,0.4003,3,0.1489,0.0544,0,0.1089,0.1879,0.4073,0.3865,23.7,26.71,0.2,0.5,27.83,73.11
68,1,CA3-DG,163.0,0.648,0.5078,121.0,6000,0.4209,3,0.1408,0.0734,0,0.0866,0.2228,0.3779,0.3598,27.54,29.75,0.2,0.3333,57.39,41.57
68,1,CA3-DG,168.0,0.668,0.3056,126.0,6000,0.4089,2,0.1215,0.0654,0,0.1069,0.1633,0.4132,0.3684,25.78,37.14,0.5,0.5,42.65,44.87
68,1,CA3-DG,173.0,0.688,0.3056,131.0,6000,0.3901,3,0.133,0.053,0,0.0819,0.2111,0.3611,0.3606,29.41,43.41,0.5,0.2,89.95,87.76
68,1,CA3-DG,178.0,0.708,0.3222,136.0,6000,0.3648,4,0.1399,0.0561,0,0.0812,0.134,0.3842,0.3671,18.16,28.89,0.5,0.3333,29.87,54.94
68,1,CA3-DG,183.0,0.728,0.3667,141.0,6000,0.3655,2,0.0992,0.0673,0,0.2508,0.1613,0.3811,0.3574,21.99,39.78,1.0,0.5,44.78,72.86
68,1,CA3-DG,188.0,0.748,0.3,146.0,6000,0.3555,2,0.1019,0.0676,0,0.293,0.2166,0.4086,0.3545,49.79,49.13,0.5,0.2,84.25,68.75
68,1,CA3-DG,193.0,0.768,0.1333,151.0,6000,0.3484,2,0.0929,0.0508,0,0.1328,0.1772,0.3143,0.3121,85.21,78.99,0.5,0.5,59.22,85.01
68,1,CA3-DG,198.0,0.788,0.0833,156.0,6000,0.3491,3,0.1207,0.0368,0,0.1068,0.188,0.347,0.3559,70.82,72.5,0.2,0.7143,43.91,54.58
68,1,CA3-DG,203.0,0.808,0.0167,161.0,6000,0.3949,3,0.1454,0.0653,0,0.1054,0.2413,0.3469,0.3759,27.92,40.75,0.2,0.2,23.13,53.48
68,1,CA3-DG,208.0,0.828,0.0167,166.0,6000,0.3948,3,0.146,0.0649,0,0.1004,0.1572,0.3491,0.3757,21.51,33.64,0.5,0.5,29.93,51.77
68,1,CA3-DG,213.0,0.848,0.0,171.0,6000,0.3536,2,0.1032,0.1005,0,0.1262,0.2607,0.3398,0.3325,40.35,47.68,0.2,0.5,39.95,85.73
68,1,CA3-DG,218.0,0.868,0.0,176.0,6000,0.369,3,0.1216,0.094,0,0.0992,0.2438,0.3721,0.3644,37.65,33.65,0.5,0.7143,36.28,62.47
68,1,CA3-DG,223.0,0.888,0.0,181.0,6000,0.4051,3,0.1433,0.0812,0,0.093,0.1998,0.3406,0.3607,21.14,31.09,0.5,0.5,47.84,71.59
68,1,CA3-DG,228.0,0.908,0.0519,186.0,6000,0.3811,3,0.1212,0.0867,0,0.1092,0.2384,0.4009,0.355,14.23,40.18,0.5,0.2,28.98,57.6
68,1,CA3-DG,233.0,0.928,0.1704,191.0,6000,0.3771,3,0.12,0.0504,0,0.1026,0.191,0.3328,0.3466,22.21,31.89,0.5,0.3333,34.8,81.97
68,1,CA3-DG,238.0,0.948,0.1704,196.0,6000,0.3516,2,0.0985,0.0425,0,0.1349,0.2033,0.3146,0.3649,30.12,49.01,0.5,0.5,53.59,65.62
68,1,CA3-DG,243.0,0.968,0.1363,201.0,6000,0.313,1,0.0516,0.0399,0,0.1616,0.2124,0.3572,0.3432,80.88,63.79,0.2,0.5,73.87,88.61
70,0,CA1-RSC,8.0,0.2059,0.2572,,12000,-0.3489,12,0.6391,-0.0337,-8,0.4,0.4619,0.1035,0.0764,nan,nan,,,84.32,89.91
70,0,CA1-RSC,13.0,0.3529,0.3525,,14000,-0.0643,11,0.1428,0.0062,0,0.3467,0.3673,0.109,0.0859,88.3,70.77,0.3793,0.2444,89.93,88.29
70,0,CA1-RSC,18.0,0.5,0.3421,,12000,-0.1723,13,0.3456,0.0264,0,0.3279,0.3717,0.0954,0.0951,77.87,85.86,0.2903,0.2174,84.44,89.9
70,0,CA1-RSC,23.0,0.6471,0.3391,,10000,0.4245,16,2.0256,0.016,0,0.3367,0.402,0.0911,0.0799,86.61,86.7,0.25,0.1429,84.77,82.49
70,0,CA1-RSC,28.0,0.7941,0.418,,10000,0.3895,15,1.3542,-0.0206,0,0.3201,0.3862,0.093,0.0827,89.31,87.5,0.25,0.2444,80.96,83.69
70,0,CA1-DG,8.0,0.2059,0.2572,,12000,-0.4294,8,0.3,-0.0626,0,0.3979,0.367,0.2707,0.3544,nan,nan,,,85.44,74.07
70,0,CA1-DG,13.0,0.3529,0.3525,,14000,0.323,11,0.257,-0.0796,0,0.3463,0.2971,0.2926,0.3263,73.37,78.63,0.3793,0.1429,61.16,46.67
70,0,CA1-DG,18.0,0.5,0.3421,,12000,0.3305,6,0.1592,-0.0535,0,0.3306,0.2755,0.2915,0.3388,62.13,66.85,0.25,0.2632,78.42,86.78
70,0,CA1-DG,23.0,0.6471,0.3391,,10000,0.5497,11,1.1268,-0.0446,0,0.3363,0.2873,0.2722,0.3122,66.69,77.77,0.25,0.3333,70.17,72.0
70,0,CA1-DG,28.0,0.7941,0.418,,10000,0.6697,9,0.7792,-0.0094,2,0.3204,0.2726,0.2709,0.3051,83.47,87.99,0.2903,0.2,87.51,77.23
70,0,CA1-V1,8.0,0.2059,0.2572,,12000,0.6718,11,0.6442,-0.0144,0,0.3927,0.3141,0.1873,0.1518,nan,nan,,,71.16,75.91
70,0,CA1-V1,13.0,0.3529,0.3525,,14000,0.2848,8,0.1786,-0.0098,0,0.3429,0.2595,0.1901,0.1294,88.91,64.73,0.3793,0.4146,67.84,77.01
70,0,CA1-V1,18.0,0.5,0.3421,,12000,0.2805,6,0.1715,-0.0129,0,0.3269,0.2346,0.1955,0.144,62.4,55.29,0.2903,0.234,56.68,67.74
70,0,CA1-V1,23.0,0.6471,0.3391,,10000,0.0882,9,0.9686,-0.0105,0,0.3343,0.2694,0.1937,0.1595,48.28,51.42,0.2121,0.16,53.23,49.04
70,0,CA1-V1,28.0,0.7941,0.418,,10000,0.5831,15,1.5906,-0.0034,0,0.3161,0.2835,0.1946,0.1575,63.56,51.27,0.2121,0.3182,55.12,56.69
70,0,CA1-SUB,8.0,0.2059,0.2572,,12000,0.0947,5,0.1983,0.1032,9,0.3995,0.2994,0.2132,0.2866,nan,nan,,,73.23,60.47
70,0,CA1-SUB,13.0,0.3529,0.3525,,14000,0.0507,6,0.0916,0.0231,0,0.3466,0.2468,0.2411,0.3234,69.01,45.09,0.3793,0.25,62.72,48.54
70,0,CA1-SUB,18.0,0.5,0.3421,,12000,-0.0405,7,0.1023,0.0207,0,0.3292,0.2289,0.2095,0.2839,53.92,49.08,0.2121,0.4286,61.55,64.16
70,0,CA1-SUB,23.0,0.6471,0.3391,,10000,0.4876,8,0.7269,-0.0067,0,0.3344,0.2861,0.228,0.3415,73.05,66.26,0.2903,0.25,89.73,88.98
70,0,CA1-SUB,28.0,0.7941,0.418,,10000,-0.2273,7,0.3541,-0.021,10,0.319,0.2488,0.2187,0.325,86.9,81.04,0.25,0.3333,86.44,84.95
70,0,RSC-SUB,8.0,0.2059,0.2572,,12000,0.4779,9,0.4997,0.0553,0,0.4617,0.2995,0.2047,0.2995,nan,nan,,,70.14,66.32
70,0,RSC-SUB,13.0,0.3529,0.3525,,14000,0.1024,10,0.2005,0.0403,0,0.3672,0.2481,0.2317,0.3101,81.5,81.5,0.3023,0.3333,81.01,79.9
70,0,RSC-SUB,18.0,0.5,0.3421,,12000,0.5081,7,0.3624,0.064,0,0.3693,0.2299,0.2545,0.3262,65.54,65.69,0.2174,0.5385,89.36,77.01
70,0,RSC-SUB,23.0,0.6471,0.3391,,10000,0.4266,13,0.9765,0.0347,0,0.4028,0.2851,0.1996,0.2861,69.92,78.38,0.12,0.3333,74.89,85.99
70,0,RSC-SUB,28.0,0.7941,0.418,,10000,-0.121,10,0.2655,0.0737,0,0.3852,0.2476,0.1808,0.2623,87.31,84.6,0.2174,0.4286,73.2,74.11
70,0,V1-RSC,8.0,0.2059,0.2572,,12000,-0.0722,13,0.4356,0.0421,0,0.316,0.4596,0.1889,0.1995,nan,nan,,,81.37,74.91
70,0,V1-RSC,13.0,0.3529,0.3525,,14000,0.4372,7,0.3138,0.05,0,0.2591,0.3631,0.1854,0.2164,59.35,63.9,0.4146,0.2444,49.63,55.68
70,0,V1-RSC,18.0,0.5,0.3421,,12000,0.1822,7,0.3179,0.0776,0,0.2351,0.3643,0.1751,0.2037,42.5,46.88,0.234,0.2444,51.23,47.2
70,0,V1-RSC,23.0,0.6471,0.3391,,10000,0.4213,14,1.2668,0.004,0,0.2706,0.3937,0.1494,0.183,69.14,67.61,0.1837,0.12,69.58,83.08
70,0,V1-RSC,28.0,0.7941,0.418,,10000,-0.2057,8,0.6106,0.0329,0,0.2824,0.3851,0.1514,0.174,87.29,86.86,0.3182,0.2444,62.26,74.58
71,0,CA1-RSC,8.0,0.0337,0.1071,,6000,0.1475,3,0.0625,0.0153,0,0.2925,0.4877,0.0846,0.1218,nan,nan,,,88.3,89.82
71,0,CA1-RSC,13.0,0.0577,0.1175,,6000,-0.3361,3,0.2362,-0.0107,0,0.3194,0.4772,0.0828,0.1369,64.49,87.95,0.6667,0.4286,83.15,85.69
71,0,CA1-RSC,18.0,0.0817,0.1052,,6000,-0.2731,6,0.1788,0.0326,5,0.1946,0.4486,0.0672,0.1044,87.91,76.06,0.4286,0.3953,88.08,84.53
71,0,CA1-RSC,23.0,0.1058,0.1173,,6000,-0.3386,8,0.2393,-0.0037,-7,0.1912,0.4282,0.0673,0.1279,79.71,84.07,0.4286,0.4286,77.87,89.63
71,0,CA1-RSC,28.0,0.1298,0.1241,,6000,-0.2995,6,0.2639,0.0055,0,0.2441,0.3928,0.0593,0.1166,89.31,88.14,0.25,0.3953,74.97,89.45
71,0,CA1-RSC,33.0,0.1538,0.1319,,6000,-0.0655,4,0.1335,0.0088,2,0.1801,0.3729,0.0398,0.1058,88.35,89.83,0.25,0.3333,78.7,88.98
71,0,CA1-RSC,38.0,0.1779,0.1197,,6000,-0.1657,6,0.1825,-0.0223,0,0.239,0.4885,0.0875,0.1323,88.61,83.3,0.6667,0.2766,85.34,87.35
71,0,CA1-RSC,43.0,0.2019,0.1044,,6000,0.0175,5,0.1176,-0.0164,-2,0.2631,0.4422,0.0874,0.1239,81.46,87.19,1.0,0.6667,73.79,86.93
71,0,CA1-RSC,48.0,0.226,0.1146,,6000,-0.158,13,0.328,-0.0045,9,0.2107,0.3984,0.0572,0.1084,88.12,86.71,0.6667,0.3636,80.92,80.86
71,0,CA1-RSC,53.0,0.25,0.1443,,6000,-0.0712,3,0.0646,-0.0133,-8,0.1204,0.4156,0.0565,0.1208,84.68,86.93,0.25,0.3953,89.33,86.02
71,0,CA1-RSC,58.0,0.274,0.1561,,6000,0.1964,10,0.1698,-0.0051,0,0.1122,0.3624,0.0451,0.1002,87.47,86.49,0.6667,0.3636,89.08,84.35
71,0,CA1-RSC,63.0,0.2981,0.1682,,6000,-0.3694,6,0.4172,0.0099,0,0.1133,0.3788,0.0525,0.1046,77.1,86.55,0.6667,0.3953,86.48,86.97
71,0,CA1-RSC,68.0,0.3221,0.1544,,6000,0.2173,10,0.2229,-0.0052,0,0.1373,0.3634,0.1114,0.1475,86.9,89.97,1.0,0.3333,87.29,86.62
71,0,CA1-RSC,73.0,0.3462,0.2076,,6000,-0.6568,6,0.5369,0.0013,0,0.1133,0.4002,0.0522,0.1131,81.77,84.31,0.6667,0.3043,73.47,86.14
71,0,CA1-RSC,78.0,0.3702,0.2329,,6000,0.1661,4,0.0688,-0.015,-7,0.087,0.3877,0.0569,0.1063,84.89,85.53,0.6667,0.4286,88.84,86.78
71,0,CA1-RSC,83.0,0.3942,0.2927,,6000,0.4092,6,0.3427,0.0011,0,0.0909,0.3553,0.0566,0.1076,76.86,88.08,0.4286,0.3953,80.44,87.86
71,0,CA1-RSC,88.0,0.4183,0.305,,6000,0.0231,5,0.3778,0.0119,3,0.1113,0.3326,0.0759,0.1071,79.77,81.59,0.4286,0.3636,87.08,88.29
71,0,CA1-RSC,93.0,0.4423,0.3096,,6000,0.0045,10,0.2541,0.0044,0,0.1162,0.3569,0.0826,0.1389,72.48,88.24,0.6667,0.5,86.55,80.16
71,0,CA1-RSC,98.0,0.4663,0.3513,,6000,-0.5158,6,0.3758,-0.0013,9,0.1431,0.3462,0.0475,0.1027,81.87,77.74,0.4286,0.3636,81.26,81.58
71,0,CA1-RSC,103.0,0.4904,0.3188,,6000,0.0809,4,0.1531,0.0068,0,0.1387,0.4178,0.0529,0.1054,62.71,81.26,0.6667,0.3043,83.85,85.49
71,0,CA1-RSC,108.0,0.5144,0.2915,,6000,0.1536,9,0.1852,-0.0056,2,0.0722,0.3377,0.0632,0.1142,88.22,87.18,0.4286,0.3953,77.95,88.9
71,0,CA1-RSC,113.0,0.5385,0.1958,,6000,0.3341,7,0.3729,0.0105,0,0.1078,0.3513,0.0529,0.1103,85.28,83.53,0.4286,0.3953,87.93,84.29
71,0,CA1-RSC,118.0,0.5625,0.1816,,6000,0.1998,9,0.168,0.0004,0,0.1183,0.393,0.0716,0.1287,87.79,89.0,0.4286,0.4286,89.59,83.95
71,0,CA1-RSC,123.0,0.5865,0.2011,,6000,0.187,9,0.197,0.013,0,0.103,0.3846,0.0564,0.1092,62.51,89.75,0.4286,0.5,79.71,85.39
71,0,CA1-RSC,128.0,0.6106,0.1961,,6000,0.4059,8,0.627,0.0204,0,0.1322,0.3642,0.0581,0.1021,84.5,87.15,0.4286,0.3953,88.22,87.97
71,0,CA1-RSC,133.0,0.6346,0.2135,,6000,-0.1824,8,1.0291,-0.0098,0,0.1163,0.3983,0.079,0.1166,73.72,84.79,0.4286,0.3333,68.36,87.44
71,0,CA1-RSC,138.0,0.6587,0.1735,,6000,0.1402,8,0.1243,-0.0414,0,0.0891,0.4154,0.0619,0.1029,67.33,89.25,0.4286,0.6667,87.57,89.27
71,0,CA1-RSC,143.0,0.6827,0.163,,6000,0.1331,12,0.2435,-0.0323,0,0.1122,0.4091,0.0512,0.1108,84.33,85.47,0.4286,0.5789,84.8,89.81
71,0,CA1-RSC,148.0,0.7067,0.1074,,6000,-0.0335,9,0.2038,0.0137,0,0.123,0.383,0.0441,0.1075,86.46,87.0,0.4286,0.4286,89.72,83.28
71,0,CA1-RSC,153.0,0.7308,0.1431,,6000,0.0843,0,0.0,0.0073,0,0.248,0.3609,0.0677,0.1152,75.99,87.74,0.6667,0.5385,74.57,87.44
71,0,CA1-RSC,158.0,0.7548,0.1202,,6000,0.4116,6,0.4265,-0.008,0,0.164,0.3763,0.0566,0.1108,81.4,89.97,1.0,0.3636,85.04,88.83
71,0,CA1-RSC,163.0,0.7788,0.1288,,6000,0.2016,10,0.2021,0.0027,0,0.1416,0.383,0.0559,0.1082,61.02,85.52,0.6667,0.6216,88.61,86.57
71,0,CA1-RSC,168.0,0.8029,0.0846,,6000,0.0849,0,0.0,-0.0042,0,0.1913,0.3968,0.0633,0.12,72.44,78.15,0.6667,0.4286,88.28,82.35
71,0,CA1-RSC,173.0,0.8269,0.0848,,6000,0.0701,0,0.0,0.0105,0,0.152,0.3852,0.0421,0.106,89.26,89.53,0.4286,0.3953,75.39,88.96
71,0,CA1-RSC,178.0,0.851,0.1263,,6000,0.1543,9,0.1516,-0.006,9,0.1586,0.3741,0.0472,0.1037,84.78,85.09,0.25,0.2766,84.63,87.74
71,0,CA1-RSC,183.0,0.875,0.1358,,6000,0.226,6,0.1785,0.0111,-8,0.1535,0.3989,0.059,0.1119,84.37,89.54,1.0,0.3953,82.76,83.25
71,0,CA1-RSC,188.0,0.899,0.181,,6000,0.0972,2,0.0235,0.0047,0,0.1691,0.3979,0.0674,0.1111,85.99,82.8,0.6667,0.5,83.46,81.4
71,0,CA1-RSC,193.0,0.9231,0.1782,,6000,0.0356,0,0.0,0.0088,0,0.149,0.4284,0.0552,0.1066,87.47,82.48,0.6667,0.5385,79.55,83.77
71,0,CA1-RSC,198.0,0.9471,0.2372,,6000,0.0266,0,0.0,0.0048,0,0.1617,0.3878,0.0454,0.1217,85.51,85.61,0.6667,0.5789,89.86,88.43
71,0,CA1-CA3,8.0,0.0337,0.1071,,6000,-0.0315,6,0.4209,-0.0107,0,0.2932,0.3397,0.2113,0.2098,nan,nan,,,84.92,89.99
71,0,CA1-CA3,13.0,0.0577,0.1175,,6000,0.3489,5,0.3138,-0.0042,0,0.3209,0.3801,0.1868,0.217,86.63,86.05,0.6667,0.3333,83.62,79.91
71,0,CA1-CA3,18.0,0.0817,0.1052,,6000,-0.1128,10,0.8704,-0.0116,0,0.1937,0.3535,0.2119,0.221,79.25,72.57,0.4286,0.5238,75.33,86.66
71,0,CA1-CA3,23.0,0.1058,0.1173,,6000,-0.2379,10,0.8805,-0.0243,0,0.1911,0.3569,0.2584,0.2315,70.65,75.68,0.4286,0.3333,88.62,81.11
71,0,CA1-CA3,28.0,0.1298,0.1241,,6000,0.5287,8,0.4209,0.0127,0,0.241,0.3225,0.2408,0.235,73.74,86.98,0.25,0.28,87.36,82.17
71,0,CA1-CA3,33.0,0.1538,0.1319,,6000,0.221,2,0.0438,-0.018,0,0.1785,0.3187,0.2346,0.2111,82.3,89.83,0.25,0.28,80.19,88.53
71,0,CA1-CA3,38.0,0.1779,0.1197,,6000,0.0263,5,0.1777,-0.0032,0,0.239,0.3481,0.2135,0.2225,78.68,83.26,0.6667,0.3333,82.49,84.93
71,0,CA1-CA3,43.0,0.2019,0.1044,,6000,0.2807,6,0.1503,-0.008,0,0.2634,0.3137,0.2842,0.2509,78.65,88.86,0.6667,0.3333,72.46,80.15
71,0,CA1-CA3,48.0,0.226,0.1146,,6000,0.5049,10,0.4004,0.03,0,0.2099,0.2969,0.2837,0.2706,46.71,79.96,0.6667,0.3913,71.95,89.56
71,0,CA1-CA3,53.0,0.25,0.1443,,6000,0.3963,7,0.2947,-0.0028,0,0.1183,0.2548,0.2773,0.2548,49.38,57.62,0.25,0.4545,45.18,76.4
71,0,CA1-CA3,58.0,0.274,0.1561,,6000,0.367,2,0.083,-0.0028,0,0.1112,0.2656,0.2799,0.2657,60.56,80.8,0.6667,0.1852,67.5,78.11
71,0,CA1-CA3,63.0,0.2981,0.1682,,6000,0.2115,10,0.6624,-0.0043,0,0.111,0.2395,0.2837,0.2673,71.05,74.48,0.6667,0.3333,58.06,87.7
71,0,CA1-CA3,68.0,0.3221,0.1544,,6000,0.6065,7,0.7556,-0.024,0,0.139,0.29,0.2783,0.2653,42.16,59.49,1.0,0.2308,57.12,75.91
71,0,CA1-CA3,73.0,0.3462,0.2076,,6000,-0.0254,8,0.4427,-0.0123,0,0.1105,0.3247,0.2606,0.2548,58.5,62.2,0.6667,0.1429,82.3,77.95
71,0,CA1-CA3,78.0,0.3702,0.2329,,6000,0.0995,9,0.2373,0.0013,0,0.0819,0.321,0.2705,0.2434,59.23,71.6,0.6667,0.3333,84.14,86.76
71,0,CA1-CA3,83.0,0.3942,0.2927,,6000,0.2451,7,0.2895,-0.0159,0,0.0883,0.2781,0.2793,0.2388,61.05,63.4,0.4286,0.4545,57.97,69.95
71,0,CA1-CA3,88.0,0.4183,0.305,,6000,0.7191,9,0.8897,0.0003,0,0.1095,0.2768,0.2502,0.2267,71.02,77.43,0.4286,0.28,65.82,82.68
71,0,CA1-CA3,93.0,0.4423,0.3096,,6000,0.4101,10,0.2542,0.0147,0,0.1154,0.293,0.2589,0.2592,77.76,79.84,0.6667,0.3333,77.56,84.98
71,0,CA1-CA3,98.0,0.4663,0.3513,,6000,0.2343,10,0.4083,-0.0175,0,0.1414,0.2733,0.258,0.2565,70.84,72.96,0.4286,0.3333,83.2,86.22
71,0,CA1-CA3,103.0,0.4904,0.3188,,6000,-0.1539,1,0.0205,-0.0107,0,0.1359,0.3008,0.256,0.2685,79.01,79.24,0.6667,0.2308,82.06,87.74
71,0,CA1-CA3,108.0,0.5144,0.2915,,6000,0.4722,10,0.3387,0.0095,0,0.0674,0.3009,0.2368,0.2428,72.7,72.32,0.4286,0.3913,85.62,74.65
71,0,CA1-CA3,113.0,0.5385,0.1958,,6000,0.463,7,0.4346,-0.0165,0,0.1047,0.2967,0.2665,0.2549,77.41,75.31,0.4286,0.3333,45.12,71.61
71,0,CA1-CA3,118.0,0.5625,0.1816,,6000,0.0885,3,0.1088,0.0025,0,0.1152,0.3167,0.2734,0.2727,44.35,56.63,0.4286,0.28,75.6,78.32
71,0,CA1-CA3,123.0,0.5865,0.2011,,6000,0.4705,8,0.5453,0.002,0,0.0999,0.2851,0.2736,0.2573,50.64,56.46,0.4286,0.3333,60.99,78.03
71,0,CA1-CA3,128.0,0.6106,0.1961,,6000,0.6482,5,0.6119,0.008,0,0.1303,0.3202,0.2743,0.2691,57.87,60.04,0.4286,0.3333,73.26,66.88
71,0,CA1-CA3,133.0,0.6346,0.2135,,6000,0.7354,7,0.9209,-0.0031,0,0.1137,0.3292,0.2658,0.2629,41.66,52.55,0.4286,0.4545,51.95,61.72
71,0,CA1-CA3,138.0,0.6587,0.1735,,6000,0.4965,7,0.3125,0.0101,0,0.0845,0.2931,0.2654,0.2513,48.15,61.67,0.4286,0.5238,77.27,70.63
71,0,CA1-CA3,143.0,0.6827,0.163,,6000,0.5893,6,0.507,0.002,0,0.1083,0.3405,0.2596,0.2643,67.06,67.61,0.6667,0.3913,65.13,79.88
71,0,CA1-CA3,148.0,0.7067,0.1074,,6000,0.4829,10,0.3373,0.0171,0,0.1193,0.3133,0.2658,0.2544,45.95,50.86,0.4286,0.5238,78.17,65.26
71,0,CA1-CA3,153.0,0.7308,0.1431,,6000,0.5229,9,0.3591,0.0158,0,0.2476,0.3359,0.3018,0.2778,32.86,44.68,0.6667,0.3913,75.43,75.94
71,0,CA1-CA3,158.0,0.7548,0.1202,,6000,0.5779,7,0.3444,0.0138,0,0.1623,0.362,0.2689,0.2514,46.76,53.85,0.6667,0.6,80.47,82.6
71,0,CA1-CA3,163.0,0.7788,0.1288,,6000,0.4586,6,0.197,0.0255,0,0.1412,0.3722,0.262,0.2638,66.31,60.53,0.6667,0.3333,68.53,86.64
71,0,CA1-CA3,168.0,0.8029,0.0846,,6000,0.4507,3,0.145,0.0106,0,0.1912,0.3911,0.2598,0.2789,89.0,85.76,0.6667,0.4545,77.63,88.51
71,0,CA1-CA3,173.0,0.8269,0.0848,,6000,0.4941,4,0.2406,0.022,0,0.1485,0.3603,0.2289,0.2483,76.7,85.16,0.4286,0.6,63.48,88.72
71,0,CA1-CA3,178.0,0.851,0.1263,,6000,0.4481,8,0.2722,-0.0097,0,0.1577,0.2865,0.2895,0.2885,82.84,84.53,0.25,0.28,58.14,66.04
71,0,CA1-CA3,183.0,0.875,0.1358,,6000,0.6163,8,0.7751,0.004,0,0.1527,0.3083,0.2706,0.2702,39.72,51.44,0.6667,0.3333,63.9,67.75
71,0,CA1-CA3,188.0,0.899,0.181,,6000,0.7213,6,0.7284,0.0248,0,0.1684,0.3713,0.2857,0.2875,29.59,39.88,0.4286,0.3913,88.23,76.72
71,0,CA1-CA3,193.0,0.9231,0.1782,,6000,0.4938,10,0.3416,-0.0009,0,0.147,0.3882,0.2664,0.2645,50.96,63.26,0.6667,0.3333,64.36,77.36
71,0,CA1-CA3,198.0,0.9471,0.2372,,6000,0.367,2,0.0864,-0.0212,0,0.1608,0.3531,0.2514,0.2596,40.57,40.55,0.4286,0.6,68.19,85.43
71,0,CA1-DG,8.0,0.0337,0.1071,,6000,0.371,8,0.2728,-0.0029,0,0.2929,0.4951,0.1836,0.2359,nan,nan,,,83.08,86.02
71,0,CA1-DG,13.0,0.0577,0.1175,,6000,0.4,5,0.16,0.026,0,0.3213,0.5049,0.2079,0.2288,82.87,71.98,0.6667,0.5122,72.69,60.09
71,0,CA1-DG,18.0,0.0817,0.1052,,6000,0.1406,9,0.1757,0.0206,1,0.1941,0.4331,0.1817,0.2076,69.79,72.78,0.4286,0.5122,82.2,89.21
71,0,CA1-DG,23.0,0.1058,0.1173,,6000,0.3795,13,0.37,0.0336,0,0.1909,0.4642,0.1674,0.1956,56.76,89.24,0.4286,0.4091,65.66,74.68
71,0,CA1-DG,28.0,0.1298,0.1241,,6000,0.2768,1,0.0399,0.0264,0,0.2377,0.4485,0.224,0.2425,52.79,69.65,0.25,0.5122,57.07,74.47
71,0,CA1-DG,33.0,0.1538,0.1319,,6000,0.2431,1,0.0305,0.0106,0,0.1779,0.3961,0.189,0.2268,72.85,82.45,0.25,0.2917,43.82,83.68
71,0,CA1-DG,38.0,0.1779,0.1197,,6000,0.2019,3,0.1282,-0.025,0,0.2397,0.4311,0.1756,0.2214,74.23,85.64,0.6667,0.3191,87.27,89.13
71,0,CA1-DG,43.0,0.2019,0.1044,,6000,0.1477,2,0.0447,0.0033,0,0.262,0.4193,0.1855,0.2192,81.35,80.78,0.6667,0.4419,87.28,90.0
71,0,CA1-DG,48.0,0.226,0.1146,,6000,0.3342,6,0.1813,-0.0069,1,0.2091,0.391,0.16,0.2214,79.65,89.2,0.6667,0.3478,84.39,82.1
71,0,CA1-DG,53.0,0.25,0.1443,,6000,0.2414,2,0.0596,-0.0268,0,0.1204,0.3993,0.1676,0.2039,86.29,89.88,0.25,0.2157,89.26,86.41
71,0,CA1-DG,58.0,0.274,0.1561,,6000,0.2979,3,0.0945,0.0297,0,0.1118,0.401,0.1791,0.2064,44.91,71.27,0.6667,0.4419,69.19,78.22
71,0,CA1-DG,63.0,0.2981,0.1682,,6000,0.1357,1,0.0129,0.0053,0,0.1131,0.4035,0.1804,0.201,47.5,61.02,0.6667,0.55,89.87,85.05
71,0,CA1-DG,68.0,0.3221,0.1544,,6000,-0.0321,7,0.1531,0.0286,0,0.1407,0.3924,0.1441,0.1788,47.65,68.94,1.0,0.4091,85.15,86.19
71,0,CA1-DG,73.0,0.3462,0.2076,,6000,0.3363,11,0.3524,-0.0051,0,0.1131,0.3684,0.166,0.1891,59.6,78.01,0.6667,0.2917,89.52,87.48
71,0,CA1-DG,78.0,0.3702,0.2329,,6000,0.267,1,0.037,0.0028,0,0.0861,0.3564,0.1693,0.1997,85.87,83.77,0.6667,0.5122,68.45,80.38
71,0,CA1-DG,83.0,0.3942,0.2927,,6000,0.3282,7,0.211,0.0318,0,0.0898,0.3667,0.1721,0.201,60.43,84.63,0.4286,0.4762,80.24,84.18
71,0,CA1-DG,88.0,0.4183,0.305,,6000,-0.0701,11,0.2685,0.004,0,0.1104,0.3352,0.1639,0.204,87.12,81.25,0.4286,0.4091,83.5,86.82
71,0,CA1-DG,93.0,0.4423,0.3096,,6000,0.1219,0,0.0,-0.009,1,0.1168,0.3666,0.1502,0.1878,80.2,86.93,0.6667,0.5122,72.59,89.67
71,0,CA1-DG,98.0,0.4663,0.3513,,6000,0.1205,1,0.0163,0.0126,1,0.142,0.3626,0.1514,0.191,59.19,83.18,0.4286,0.4091,81.25,80.6
71,0,CA1-DG,103.0,0.4904,0.3188,,6000,-0.0617,9,0.2711,0.0276,0,0.1389,0.3823,0.1745,0.2294,86.48,85.05,0.6667,0.3778,77.19,87.03
71,0,CA1-DG,108.0,0.5144,0.2915,,6000,0.1885,2,0.0457,0.0108,0,0.0718,0.3622,0.1677,0.2045,89.46,86.65,0.6667,0.4091,54.12,68.41
71,0,CA1-DG,113.0,0.5385,0.1958,,6000,0.3245,10,0.2302,0.0351,1,0.1083,0.3736,0.1713,0.1956,55.26,56.8,0.6667,0.4419,64.42,77.47
71,0,CA1-DG,118.0,0.5625,0.1816,,6000,0.1918,1,0.0187,0.0109,0,0.1175,0.3909,0.1828,0.2165,52.29,61.1,0.4286,0.3191,75.82,89.41
71,0,CA1-DG,123.0,0.5865,0.2011,,6000,0.2301,7,0.207,-0.0046,0,0.1018,0.3884,0.1781,0.2137,61.46,73.2,0.4286,0.3478,66.58,78.06
71,0,CA1-DG,128.0,0.6106,0.1961,,6000,0.1534,0,0.0,0.0135,0,0.1255,0.3637,0.1732,0.199,59.0,70.13,0.4286,0.3478,86.78,83.8
71,0,CA1-DG,133.0,0.6346,0.2135,,6000,-0.1181,4,0.1061,-0.0131,0,0.1161,0.355,0.1319,0.1608,59.56,79.23,0.4286,0.5897,87.16,87.59
71,0,CA1-DG,138.0,0.6587,0.1735,,6000,0.0492,3,0.056,-0.0115,0,0.0888,0.3588,0.1385,0.1751,36.85,54.47,0.4286,0.4762,89.6,86.49
71,0,CA1-DG,143.0,0.6827,0.163,,6000,-0.0239,12,0.2755,0.0363,1,0.11,0.3462,0.1687,0.1953,58.25,61.74,0.4286,0.4419,72.04,88.36
71,0,CA1-DG,148.0,0.7067,0.1074,,6000,0.2571,1,0.0342,0.0101,0,0.1235,0.3773,0.1858,0.1988,33.6,54.68,0.4286,0.4419,76.53,88.15
71,0,CA1-DG,153.0,0.7308,0.1431,,6000,0.5223,10,0.5416,0.0331,0,0.2304,0.3942,0.2621,0.2807,64.91,66.28,0.6667,0.55,68.69,67.24
71,0,CA1-DG,158.0,0.7548,0.1202,,6000,0.1555,1,0.0159,0.0088,1,0.1636,0.3819,0.1307,0.1815,74.8,66.6,1.0,0.3778,81.96,75.59
71,0,CA1-DG,163.0,0.7788,0.1288,,6000,0.3316,3,0.1276,0.0342,1,0.1412,0.3985,0.1545,0.2056,58.8,67.2,0.6667,0.3478,75.55,82.59
71,0,CA1-DG,168.0,0.8029,0.0846,,6000,0.2173,3,0.0627,0.0216,0,0.189,0.3915,0.1721,0.2298,49.79,56.14,0.6667,0.55,87.48,84.79
71,0,CA1-DG,173.0,0.8269,0.0848,,6000,0.3987,4,0.1587,0.0185,0,0.1479,0.4016,0.1799,0.2346,85.9,86.66,0.4286,0.3778,78.87,88.76
71,0,CA1-DG,178.0,0.851,0.1263,,6000,0.3366,1,0.0601,0.0157,0,0.1574,0.4357,0.171,0.2177,54.49,74.84,0.25,0.3478,82.19,87.95
71,0,CA1-DG,183.0,0.875,0.1358,,6000,0.4818,11,0.5915,0.0518,0,0.1519,0.3857,0.1515,0.1748,72.59,80.44,1.0,0.4091,83.53,87.44
71,0,CA1-DG,188.0,0.899,0.181,,6000,0.2523,2,0.0523,0.0219,0,0.168,0.4021,0.141,0.1857,86.12,88.63,0.6667,0.55,82.93,80.02
71,0,CA1-DG,193.0,0.9231,0.1782,,6000,0.3044,11,0.3056,0.027,1,0.1471,0.4422,0.178,0.1999,68.75,54.43,0.6667,0.5122,77.09,86.97
71,0,CA1-DG,198.0,0.9471,0.2372,,6000,0.2006,1,0.0205,0.0288,0,0.1613,0.4163,0.1772,0.2135,60.27,70.9,0.6667,0.7222,82.04,89.26
71,0,CA1-V1,8.0,0.0337,0.1071,,6000,-0.2654,9,0.3761,0.0108,0,0.2921,0.2916,0.0932,0.1354,nan,nan,,,85.79,88.51
71,0,CA1-V1,13.0,0.0577,0.1175,,6000,0.3145,8,0.3621,-0.0168,1,0.3205,0.2704,0.1073,0.1286,71.46,87.13,0.6667,0.2727,82.72,89.08
71,0,CA1-V1,18.0,0.0817,0.1052,,6000,-0.3943,8,0.5501,0.0434,0,0.1934,0.2678,0.1352,0.1336,68.92,76.65,0.4286,0.12,83.94,85.38
71,0,CA1-V1,23.0,0.1058,0.1173,,6000,-0.4735,6,0.409,0.0378,0,0.1902,0.2731,0.132,0.1671,83.35,82.16,0.4286,0.2174,89.35,89.78
71,0,CA1-V1,28.0,0.1298,0.1241,,6000,-0.1089,3,0.1406,-0.0275,-10,0.2449,0.24,0.1177,0.1308,86.09,85.5,0.25,0.1667,75.39,88.57
71,0,CA1-V1,33.0,0.1538,0.1319,,6000,-0.0799,3,0.0594,-0.0044,-10,0.1795,0.2728,0.0956,0.1137,77.29,86.66,0.25,0.1667,84.52,86.84
71,0,CA1-V1,38.0,0.1779,0.1197,,6000,-0.2105,2,0.0686,0.0031,0,0.2396,0.3049,0.1352,0.1551,74.85,86.11,0.6667,0.2727,76.43,86.73
71,0,CA1-V1,43.0,0.2019,0.1044,,6000,-0.2405,4,0.0669,0.0234,0,0.2635,0.2838,0.0942,0.1382,77.77,78.64,1.0,0.3333,86.74,89.77
71,0,CA1-V1,48.0,0.226,0.1146,,6000,-0.2174,6,0.1289,-0.0291,-1,0.2114,0.2246,0.1012,0.1023,85.43,82.45,0.6667,0.2174,85.69,86.95
71,0,CA1-V1,53.0,0.25,0.1443,,6000,0.1861,8,0.2969,-0.015,-7,0.1212,0.2077,0.0765,0.1049,89.1,86.36,0.25,0.3333,87.79,82.21
71,0,CA1-V1,58.0,0.274,0.1561,,6000,-0.0104,3,0.0395,0.0067,9,0.1124,0.2219,0.0656,0.1104,86.69,87.31,0.6667,0.12,84.71,88.89
71,0,CA1-V1,63.0,0.2981,0.1682,,6000,-0.1037,7,0.3544,0.0131,2,0.1131,0.1911,0.0806,0.1195,83.23,89.04,0.6667,0.2174,86.34,82.07
71,0,CA1-V1,68.0,0.3221,0.1544,,6000,0.3932,5,0.4549,0.0098,7,0.142,0.1844,0.0768,0.1064,82.19,89.04,1.0,0.1667,88.4,88.8
71,0,CA1-V1,73.0,0.3462,0.2076,,6000,-0.1878,6,0.2517,-0.0107,4,0.1145,0.2403,0.0842,0.1145,85.65,77.7,0.6667,0.12,89.47,89.21
71,0,CA1-V1,78.0,0.3702,0.2329,,6000,-0.0902,3,0.0451,-0.0088,-9,0.0874,0.2406,0.0725,0.0992,87.58,85.52,0.6667,0.2727,72.09,88.92
71,0,CA1-V1,83.0,0.3942,0.2927,,6000,-0.0599,11,0.5295,-0.0028,0,0.0906,0.2424,0.0888,0.1074,87.0,84.14,0.4286,0.4737,86.54,81.61
71,0,CA1-V1,88.0,0.4183,0.305,,6000,-0.5556,4,0.1582,-0.0152,0,0.111,0.2495,0.0809,0.0979,84.64,80.62,0.4286,0.3333,80.82,82.89
71,0,CA1-V1,93.0,0.4423,0.3096,,6000,0.2041,7,0.1256,-0.0344,0,0.117,0.242,0.1069,0.1009,75.64,81.47,0.6667,0.1667,78.2,88.13
71,0,CA1-V1,98.0,0.4663,0.3513,,6000,-0.0178,9,0.6154,0.0085,0,0.1433,0.2342,0.0965,0.1292,86.45,86.15,0.4286,0.6471,81.71,85.74
71,0,CA1-V1,103.0,0.4904,0.3188,,6000,-0.2584,3,0.0612,0.0141,0,0.1387,0.2155,0.0782,0.1135,83.6,87.82,0.6667,0.1667,86.09,88.99
71,0,CA1-V1,108.0,0.5144,0.2915,,6000,-0.1178,10,0.172,-0.0037,0,0.0727,0.1965,0.0993,0.1036,83.24,84.38,0.4286,0.1667,87.99,88.16
71,0,CA1-V1,113.0,0.5385,0.1958,,6000,-0.3758,6,0.3296,0.0237,10,0.1087,0.1871,0.0925,0.1105,85.31,87.57,0.4286,0.4,85.84,88.82
71,0,CA1-V1,118.0,0.5625,0.1816,,6000,0.1976,3,0.0471,0.0042,0,0.1178,0.2033,0.0886,0.1182,83.07,86.12,0.4286,0.3333,81.8,84.36
71,0,CA1-V1,123.0,0.5865,0.2011,,6000,0.409,6,0.3425,-0.0237,0,0.1033,0.2327,0.079,0.1116,86.51,73.76,0.4286,0.2727,88.84,84.49
71,0,CA1-V1,128.0,0.6106,0.1961,,6000,-0.3939,4,0.2923,-0.0136,1,0.1324,0.2198,0.0572,0.1134,83.68,89.25,0.4286,0.3333,78.31,88.48
71,0,CA1-V1,133.0,0.6346,0.2135,,6000,-0.531,8,0.7344,0.0108,0,0.1179,0.2287,0.0952,0.1335,84.66,87.41,0.4286,0.3333,81.09,86.71
71,0,CA1-V1,138.0,0.6587,0.1735,,6000,0.0776,5,0.1204,-0.0055,0,0.0897,0.2062,0.058,0.1265,75.31,78.77,0.4286,0.2727,80.25,89.51
71,0,CA1-V1,143.0,0.6827,0.163,,6000,-0.259,3,0.1401,0.0216,0,0.1127,0.2243,0.1097,0.0924,89.37,79.2,0.4286,0.2727,87.33,88.38
71,0,CA1-V1,148.0,0.7067,0.1074,,6000,-0.1858,4,0.0611,0.0271,4,0.1233,0.2189,0.1191,0.1176,86.64,89.93,0.4286,0.3333,73.47,82.26
71,0,CA1-V1,153.0,0.7308,0.1431,,6000,-0.1993,3,0.0723,-0.0079,-7,0.2485,0.2081,0.0848,0.1029,88.7,88.63,0.6667,0.4,89.3,87.36
71,0,CA1-V1,158.0,0.7548,0.1202,,6000,0.013,2,0.0293,-0.0117,0,0.1643,0.2136,0.1165,0.1257,85.38,72.77,1.0,0.2174,87.28,89.92
71,0,CA1-V1,163.0,0.7788,0.1288,,6000,0.0725,0,0.0,-0.0191,0,0.1419,0.239,0.1059,0.1248,72.86,88.1,0.6667,0.4,82.5,89.99
71,0,CA1-V1,168.0,0.8029,0.0846,,6000,0.1354,1,0.0168,0.0118,0,0.1914,0.2754,0.0798,0.1189,89.86,76.77,0.6667,0.2727,73.46,88.13
71,0,CA1-V1,173.0,0.8269,0.0848,,6000,0.0848,0,0.0,0.0102,0,0.1522,0.2064,0.1086,0.1158,75.58,84.71,0.4286,0.2727,85.29,82.31
71,0,CA1-V1,178.0,0.851,0.1263,,6000,0.3111,8,0.2135,-0.0114,0,0.1586,0.2532,0.1037,0.118,82.29,80.81,0.25,0.2727,88.99,85.68
71,0,CA1-V1,183.0,0.875,0.1358,,6000,0.4414,4,0.2626,-0.006,0,0.1533,0.2417,0.1029,0.1094,85.95,87.12,1.0,0.4,87.4,87.74
71,0,CA1-V1,188.0,0.899,0.181,,6000,0.1043,0,0.0,-0.0098,0,0.1686,0.2454,0.0907,0.0976,89.65,88.01,0.6667,0.2727,81.01,83.0
71,0,CA1-V1,193.0,0.9231,0.1782,,6000,-0.1276,7,0.1419,-0.0217,0,0.1483,0.2479,0.092,0.1166,81.5,75.06,0.6667,0.4737,76.36,88.83
71,0,CA1-V1,198.0,0.9471,0.2372,,6000,0.1316,0,0.0,-0.0297,0,0.1613,0.2571,0.1095,0.1162,82.45,84.22,0.6667,0.3333,89.93,82.98
71,0,CA3-DG,8.0,0.0337,0.1071,,6000,0.5275,6,0.3581,0.0015,0,0.3391,0.491,0.2,0.2297,nan,nan,,,55.28,61.82
71,0,CA3-DG,13.0,0.0577,0.1175,,6000,0.2226,9,0.2939,0.0152,0,0.379,0.5004,0.2209,0.2439,51.06,46.15,0.28,0.4419,48.27,56.79
71,0,CA3-DG,18.0,0.0817,0.1052,,6000,0.5325,9,0.3974,-0.0097,0,0.3483,0.4334,0.2261,0.2885,44.22,46.12,0.3913,0.4762,83.29,83.92
71,0,CA3-DG,23.0,0.1058,0.1173,,6000,0.1604,11,0.3666,0.0014,0,0.3488,0.4598,0.2168,0.259,70.69,57.26,0.3913,0.4091,83.37,76.01
71,0,CA3-DG,28.0,0.1298,0.1241,,6000,0.5309,4,0.2927,0.0244,0,0.3264,0.4482,0.237,0.2782,58.04,49.69,0.3913,0.5122,81.61,84.32
71,0,CA3-DG,33.0,0.1538,0.1319,,6000,0.5142,3,0.2843,0.0424,0,0.3157,0.3972,0.2365,0.2877,71.02,72.33,0.3333,0.2917,60.59,62.26
71,0,CA3-DG,38.0,0.1779,0.1197,,6000,0.4769,7,0.3437,0.0121,0,0.3417,0.4283,0.2505,0.2874,37.87,49.9,0.4545,0.3478,55.45,56.99
71,0,CA3-DG,43.0,0.2019,0.1044,,6000,0.3911,5,0.2413,0.0107,0,0.3191,0.4139,0.2432,0.2753,41.82,37.96,0.4545,0.5122,46.36,45.35
71,0,CA3-DG,48.0,0.226,0.1146,,6000,0.5742,17,0.6766,0.0259,0,0.3007,0.3881,0.2258,0.2656,35.6,45.15,0.4545,0.2917,50.15,50.65
71,0,CA3-DG,53.0,0.25,0.1443,,6000,0.4985,4,0.2621,0.0168,0,0.263,0.3958,0.2442,0.2742,41.83,44.05,0.4545,0.24,50.01,64.22
71,0,CA3-DG,58.0,0.274,0.1561,,6000,0.5881,2,0.2559,0.0042,0,0.2772,0.397,0.2394,0.2875,48.49,49.91,0.28,0.4091,79.78,73.55
71,0,CA3-DG,63.0,0.2981,0.1682,,6000,0.5682,4,0.3588,0.0308,0,0.2513,0.4011,0.2707,0.3151,46.74,42.8,0.1852,0.6316,45.35,46.75
71,0,CA3-DG,68.0,0.3221,0.1544,,6000,0.5968,17,0.8493,0.0247,0,0.2921,0.393,0.2632,0.2855,68.54,69.54,0.28,0.4762,50.98,67.52
71,0,CA3-DG,73.0,0.3462,0.2076,,6000,0.702,10,0.744,0.0286,0,0.3306,0.3682,0.2521,0.2852,80.52,81.55,0.1429,0.3191,49.19,50.78
71,0,CA3-DG,78.0,0.3702,0.2329,,6000,0.4936,5,0.4035,0.0188,0,0.3321,0.3591,0.2469,0.2891,33.38,40.52,0.3333,0.4762,68.35,75.05
71,0,CA3-DG,83.0,0.3942,0.2927,,6000,0.6399,9,0.6072,-0.0104,0,0.2734,0.3597,0.2615,0.2966,38.56,50.76,0.5238,0.4762,44.03,48.89
71,0,CA3-DG,88.0,0.4183,0.305,,6000,0.2551,6,0.3345,-0.0213,0,0.274,0.3391,0.2595,0.2951,37.74,39.0,0.4545,0.4419,57.9,53.37
71,0,CA3-DG,93.0,0.4423,0.3096,,6000,0.4869,4,0.2748,-0.0157,0,0.298,0.3684,0.254,0.2909,38.59,42.73,0.4545,0.4762,69.72,65.45
71,0,CA3-DG,98.0,0.4663,0.3513,,6000,0.5019,4,0.2937,-0.0273,0,0.2749,0.365,0.2636,0.2825,65.73,57.48,0.6,0.4091,74.5,77.46
71,0,CA3-DG,103.0,0.4904,0.3188,,6000,0.6387,12,0.8615,-0.0213,0,0.3081,0.3934,0.28,0.2929,54.91,61.32,0.3333,0.3478,65.12,71.41
71,0,CA3-DG,108.0,0.5144,0.2915,,6000,0.5671,4,0.3432,-0.0337,0,0.2891,0.3719,0.2769,0.2952,46.0,57.19,0.28,0.4091,88.16,83.69
71,0,CA3-DG,113.0,0.5385,0.1958,,6000,0.6016,11,0.6112,-0.0225,0,0.2909,0.3694,0.2654,0.3035,69.43,82.27,0.28,0.4419,76.39,78.16
71,0,CA3-DG,118.0,0.5625,0.1816,,6000,0.5943,3,0.3471,-0.0212,0,0.3196,0.3889,0.2765,0.319,42.22,43.2,0.3333,0.4091,45.41,49.31
71,0,CA3-DG,123.0,0.5865,0.2011,,6000,0.5955,12,0.7296,-0.0296,0,0.2865,0.3876,0.2767,0.3058,35.24,42.8,0.3333,0.3478,44.09,49.62
71,0,CA3-DG,128.0,0.6106,0.1961,,6000,0.5316,4,0.3322,-0.0205,0,0.3296,0.3711,0.259,0.3042,49.08,47.94,0.28,0.3478,59.15,67.07
71,0,CA3-DG,133.0,0.6346,0.2135,,6000,0.2978,8,0.4196,-0.0056,0,0.334,0.3658,0.2646,0.2869,51.59,50.5,0.3333,0.6316,73.62,70.83
71,0,CA3-DG,138.0,0.6587,0.1735,,6000,0.6183,13,0.7039,-0.0002,0,0.2948,0.3555,0.2421,0.274,35.46,40.66,0.6,0.4419,71.07,71.68
71,0,CA3-DG,143.0,0.6827,0.163,,6000,0.6181,15,0.8582,-0.0253,0,0.348,0.3621,0.2589,0.2923,40.6,41.95,0.6,0.4762,54.66,54.05
71,0,CA3-DG,148.0,0.7067,0.1074,,6000,0.4824,4,0.3175,-0.0029,0,0.3154,0.3814,0.2529,0.2938,48.78,43.56,0.4545,0.4419,75.18,75.91
71,0,CA3-DG,153.0,0.7308,0.1431,,6000,0.6293,11,0.6743,-0.0086,0,0.3321,0.4058,0.2475,0.2822,58.62,57.38,0.5238,0.5897,71.44,63.72
71,0,CA3-DG,158.0,0.7548,0.1202,,6000,0.5485,5,0.3844,-0.0197,0,0.3512,0.3869,0.2701,0.2908,68.31,66.7,0.5238,0.5122,68.73,66.24
71,0,CA3-DG,163.0,0.7788,0.1288,,6000,0.2974,4,0.1902,-0.0018,0,0.3645,0.4033,0.2538,0.3069,34.42,37.82,0.6842,0.3478,50.42,45.61
71,0,CA3-DG,168.0,0.8029,0.0846,,6000,0.5167,4,0.352,-0.0128,0,0.3776,0.4015,0.243,0.2966,33.51,38.37,0.6842,0.55,80.09,77.69
71,0,CA3-DG,173.0,0.8269,0.0848,,6000,0.4403,12,0.5152,-0.0029,0,0.3436,0.4088,0.2403,0.296,55.78,58.34,0.3333,0.4419,48.94,48.74
71,0,CA3-DG,178.0,0.851,0.1263,,6000,0.5522,4,0.364,-0.0126,0,0.2959,0.4338,0.2677,0.3108,41.51,41.69,0.2308,0.3191,50.07,62.36
71,0,CA3-DG,183.0,0.875,0.1358,,6000,0.2682,10,0.5098,-0.0337,0,0.3116,0.3897,0.2611,0.3017,53.18,58.88,0.2308,0.4091,40.4,47.66
71,0,CA3-DG,188.0,0.899,0.181,,6000,0.5667,6,0.5231,-0.0357,0,0.3633,0.4168,0.2826,0.3251,50.14,50.23,0.6,0.55,69.0,67.34
71,0,CA3-DG,193.0,0.9231,0.1782,,6000,0.6348,14,1.0194,-0.0131,0,0.3703,0.4417,0.2388,0.3093,54.8,55.57,0.2308,0.5122,71.26,71.04
71,0,CA3-DG,198.0,0.9471,0.2372,,6000,0.5444,4,0.3727,0.0052,0,0.3244,0.4229,0.2396,0.3,33.44,25.76,0.4545,0.6757,59.82,59.74
71,0,CA1-SUB,8.0,0.0337,0.1071,,6000,-0.4351,5,0.226,-0.0243,0,0.2933,0.1763,0.122,0.104,nan,nan,,,84.15,86.65
71,0,CA1-SUB,13.0,0.0577,0.1175,,6000,-0.0085,9,0.6008,-0.0042,0,0.3211,0.1482,0.1562,0.1269,69.94,78.28,0.6667,0.1579,84.05,72.01
71,0,CA1-SUB,18.0,0.0817,0.1052,,6000,0.0375,8,0.3624,-0.0191,0,0.1947,0.1365,0.1534,0.1493,83.41,82.28,0.4286,0.1,83.5,88.9
71,0,CA1-SUB,23.0,0.1058,0.1173,,6000,0.1187,6,0.4525,-0.0276,-8,0.1908,0.1461,0.1307,0.139,88.14,81.39,0.4286,0.2941,87.86,87.6
71,0,CA1-SUB,28.0,0.1298,0.1241,,6000,0.3186,3,0.1518,-0.0053,0,0.2449,0.1239,0.1357,0.1067,73.58,83.44,0.25,0.375,89.4,87.11
71,0,CA1-SUB,33.0,0.1538,0.1319,,6000,0.079,4,0.1626,0.0099,0,0.1804,0.1402,0.1083,0.0846,87.51,82.78,0.25,0.375,89.67,89.57
71,0,CA1-SUB,38.0,0.1779,0.1197,,6000,-0.2652,5,0.2486,-0.0141,0,0.2402,0.1497,0.1221,0.1054,85.43,81.93,0.6667,0.1579,80.71,87.56
71,0,CA1-SUB,43.0,0.2019,0.1044,,6000,0.0783,5,0.0826,-0.0043,0,0.2648,0.1573,0.1182,0.1098,70.74,76.63,1.0,0.2222,73.33,82.66
71,0,CA1-SUB,48.0,0.226,0.1146,,6000,-0.1234,9,0.2824,0.003,0,0.2111,0.1163,0.113,0.117,86.6,88.0,0.6667,0.2941,86.95,89.0
71,0,CA1-SUB,53.0,0.25,0.1443,,6000,0.2995,9,0.4031,-0.0397,0,0.1204,0.121,0.1252,0.1237,58.35,69.12,0.25,0.2222,72.05,80.75
71,0,CA1-SUB,58.0,0.274,0.1561,,6000,-0.0169,2,0.026,0.0088,-1,0.1124,0.1101,0.1253,0.0828,84.28,84.29,0.6667,0.2941,85.39,85.33
71,0,CA1-SUB,63.0,0.2981,0.1682,,6000,0.0628,7,0.341,-0.0136,0,0.1135,0.1222,0.1171,0.1245,83.79,87.63,0.6667,0.2941,86.27,82.32
71,0,CA1-SUB,68.0,0.3221,0.1544,,6000,0.4362,6,0.621,0.0125,0,0.1417,0.0995,0.1373,0.1177,76.99,88.45,1.0,0.2941,74.4,82.67
71,0,CA1-SUB,73.0,0.3462,0.2076,,6000,0.364,11,0.6379,0.0035,0,0.114,0.1148,0.1209,0.1038,87.45,81.76,0.6667,0.1579,89.91,84.09
71,0,CA1-SUB,78.0,0.3702,0.2329,,6000,0.3661,9,0.2273,0.0039,0,0.0871,0.11,0.1053,0.0861,69.24,74.75,0.6667,0.1,84.47,85.41
71,0,CA1-SUB,83.0,0.3942,0.2927,,6000,-0.4264,4,0.1678,0.0102,0,0.0907,0.1258,0.1044,0.1004,62.15,58.26,0.4286,0.2222,75.13,73.25
71,0,CA1-SUB,88.0,0.4183,0.305,,6000,-0.4895,8,0.7627,-0.0127,0,0.1109,0.1234,0.0891,0.1203,83.33,77.74,0.4286,0.375,87.32,83.63
71,0,CA1-SUB,93.0,0.4423,0.3096,,6000,-0.0482,6,0.0982,-0.0561,0,0.1167,0.1223,0.1012,0.0996,88.2,79.56,0.6667,0.4667,87.67,81.67
71,0,CA1-SUB,98.0,0.4663,0.3513,,6000,0.0052,6,0.2557,-0.008,0,0.1434,0.1591,0.1205,0.1178,76.45,72.53,0.4286,0.375,66.33,85.6
71,0,CA1-SUB,103.0,0.4904,0.3188,,6000,-0.0884,6,0.1525,0.007,0,0.1387,0.134,0.1163,0.1161,81.28,72.76,0.6667,0.1579,85.02,86.78
71,0,CA1-SUB,108.0,0.5144,0.2915,,6000,-0.0362,10,0.204,-0.0041,0,0.0722,0.1433,0.1088,0.1145,79.91,84.36,0.4286,0.1579,80.37,88.92
71,0,CA1-SUB,113.0,0.5385,0.1958,,6000,-0.108,7,0.3708,0.0272,0,0.1086,0.1376,0.1099,0.1026,85.78,88.67,0.4286,0.375,58.76,83.17
71,0,CA1-SUB,118.0,0.5625,0.1816,,6000,-0.0568,7,0.1035,-0.0076,0,0.1179,0.1413,0.1092,0.1323,78.24,82.23,0.4286,0.2222,81.41,89.27
71,0,CA1-SUB,123.0,0.5865,0.2011,,6000,0.4065,2,0.1871,0.0068,0,0.103,0.1375,0.0898,0.0921,81.49,79.36,0.4286,0.2222,86.18,88.56
71,0,CA1-SUB,128.0,0.6106,0.1961,,6000,0.3935,5,0.4442,-0.0043,0,0.1321,0.141,0.0773,0.0928,58.29,80.3,0.4286,0.1579,83.26,86.44
71,0,CA1-SUB,133.0,0.6346,0.2135,,6000,0.1138,7,0.2795,0.0021,0,0.1177,0.1733,0.1064,0.1447,80.01,89.58,0.4286,0.2941,79.06,83.34
71,0,CA1-SUB,138.0,0.6587,0.1735,,6000,0.1088,4,0.1561,-0.0082,0,0.0895,0.1607,0.1202,0.1275,46.25,56.36,0.4286,0.2222,62.26,82.09
71,0,CA1-SUB,143.0,0.6827,0.163,,6000,0.0323,5,0.2486,0.0089,0,0.1124,0.1619,0.1043,0.1225,81.06,83.44,0.4286,0.2222,87.07,79.9
71,0,CA1-SUB,148.0,0.7067,0.1074,,6000,0.0704,4,0.095,-0.0158,0,0.1224,0.1571,0.1042,0.0866,83.78,68.15,0.4286,0.375,71.68,80.8
71,0,CA1-SUB,153.0,0.7308,0.1431,,6000,0.2582,5,0.1859,-0.0267,-1,0.2481,0.1534,0.1007,0.1069,65.8,80.05,0.6667,0.375,80.92,83.76
71,0,CA1-SUB,158.0,0.7548,0.1202,,6000,0.1268,1,0.0176,0.0167,0,0.1641,0.1994,0.0863,0.1188,73.14,70.28,1.0,0.1,77.17,85.03
71,0,CA1-SUB,163.0,0.7788,0.1288,,6000,0.211,2,0.0356,-0.0073,0,0.1423,0.206,0.0859,0.1043,76.05,82.7,0.6667,0.2222,75.14,87.37
71,0,CA1-SUB,168.0,0.8029,0.0846,,6000,-0.0219,0,0.0,0.0075,0,0.1913,0.1961,0.0851,0.1158,81.34,86.67,0.6667,0.1579,79.33,87.21
71,0,CA1-SUB,173.0,0.8269,0.0848,,6000,0.139,1,0.0127,0.0124,0,0.1518,0.1776,0.0945,0.1132,71.51,85.67,0.4286,0.375,89.21,80.92
71,0,CA1-SUB,178.0,0.851,0.1263,,6000,0.0729,4,0.1073,0.0053,0,0.1581,0.19,0.1071,0.1365,81.37,89.64,0.25,0.2941,64.42,76.29
71,0,CA1-SUB,183.0,0.875,0.1358,,6000,0.0525,4,0.1459,0.0216,0,0.1532,0.1776,0.1034,0.1141,84.47,77.38,1.0,0.1579,78.3,81.81
71,0,CA1-SUB,188.0,0.899,0.181,,6000,0.1881,3,0.0397,0.0165,0,0.1687,0.1535,0.1237,0.1117,82.59,89.61,0.6667,0.2222,77.81,86.7
71,0,CA1-SUB,193.0,0.9231,0.1782,,6000,0.0443,8,0.1635,-0.0319,0,0.1485,0.1908,0.1012,0.1113,79.97,72.27,0.6667,0.2941,84.65,82.69
71,0,CA1-SUB,198.0,0.9471,0.2372,,6000,0.092,0,0.0,-0.0079,0,0.1617,0.1719,0.0922,0.1156,52.09,49.19,0.6667,0.2222,73.6,82.51
71,0,RSC-SUB,8.0,0.0337,0.1071,,6000,0.4747,4,0.2599,0.001,0,0.484,0.1683,0.1156,0.0782,nan,nan,,,81.52,87.8
71,0,RSC-SUB,13.0,0.0577,0.1175,,6000,0.0557,8,0.4285,0.0146,0,0.4688,0.1456,0.1147,0.096,66.72,46.82,0.4286,0.5714,54.97,63.88
71,0,RSC-SUB,18.0,0.0817,0.1052,,6000,0.3465,14,0.476,-0.0019,0,0.4414,0.134,0.1097,0.0901,48.17,45.6,0.5385,0.375,81.35,87.75
71,0,RSC-SUB,23.0,0.1058,0.1173,,6000,0.3884,11,0.401,-0.0454,0,0.4236,0.1389,0.1138,0.0825,55.64,46.84,0.4286,0.4667,66.32,57.61
71,0,RSC-SUB,28.0,0.1298,0.1241,,6000,0.1539,9,0.485,-0.0044,0,0.3919,0.115,0.1064,0.0898,53.74,42.05,0.3636,0.5714,54.51,58.1
71,0,RSC-SUB,33.0,0.1538,0.1319,,6000,0.1303,4,0.1123,-0.0263,0,0.3682,0.1187,0.107,0.089,64.05,55.92,0.3333,0.4667,74.8,75.14
71,0,RSC-SUB,38.0,0.1779,0.1197,,6000,0.1502,11,0.2928,-0.0239,0,0.4845,0.1284,0.1042,0.0924,85.86,85.23,0.25,0.4667,82.29,83.96
71,0,RSC-SUB,43.0,0.2019,0.1044,,6000,0.3108,4,0.096,-0.0584,0,0.444,0.1324,0.1322,0.1138,86.51,84.1,0.5789,0.2941,86.0,84.26
71,0,RSC-SUB,48.0,0.226,0.1146,,6000,0.3011,7,0.2326,-0.0309,0,0.3916,0.0993,0.1252,0.1153,71.3,73.86,0.3333,0.2941,69.24,84.24
71,0,RSC-SUB,53.0,0.25,0.1443,,6000,-0.14,7,0.2737,-0.0175,0,0.4168,0.0943,0.1024,0.0858,53.12,59.11,0.4286,0.2941,80.77,63.2
71,0,RSC-SUB,58.0,0.274,0.1561,,6000,0.3598,7,0.2012,-0.0442,0,0.3586,0.097,0.1241,0.1059,68.78,63.04,0.3333,0.4667,85.97,82.93
71,0,RSC-SUB,63.0,0.2981,0.1682,,6000,0.3779,13,0.7529,-0.0218,0,0.3752,0.0955,0.1205,0.0962,61.38,58.73,0.3333,0.375,76.0,75.93
71,0,RSC-SUB,68.0,0.3221,0.1544,,6000,0.0372,17,0.4162,-0.013,0,0.3603,0.0939,0.117,0.1125,56.15,56.95,0.3636,0.375,76.6,78.66
71,0,RSC-SUB,73.0,0.3462,0.2076,,6000,0.7328,8,1.5319,-0.0382,0,0.3949,0.0983,0.1124,0.09,58.26,43.62,0.3333,0.2941,89.67,81.64
71,0,RSC-SUB,78.0,0.3702,0.2329,,6000,-0.0219,5,0.087,-0.025,0,0.3817,0.111,0.1127,0.1005,52.06,53.13,0.4634,0.375,83.87,85.61
71,0,RSC-SUB,83.0,0.3942,0.2927,,6000,0.2209,11,0.5026,-0.0121,0,0.3593,0.114,0.1176,0.1034,63.29,52.4,0.4286,0.2941,82.33,81.47
71,0,RSC-SUB,88.0,0.4183,0.305,,6000,-0.2093,6,0.2741,-0.0094,0,0.3293,0.0998,0.1167,0.1055,73.38,61.13,0.3333,0.2222,80.91,83.07
71,0,RSC-SUB,93.0,0.4423,0.3096,,6000,0.3688,14,0.3457,-0.0092,0,0.3563,0.0907,0.109,0.098,83.31,78.55,0.4634,0.375,89.49,85.82
71,0,RSC-SUB,98.0,0.4663,0.3513,,6000,0.2837,10,0.4289,0.0057,0,0.3385,0.1292,0.1127,0.0909,82.31,86.47,0.4634,0.375,87.0,85.44
71,0,RSC-SUB,103.0,0.4904,0.3188,,6000,0.1872,11,0.3557,0.0138,0,0.4085,0.1149,0.1118,0.0974,82.57,83.18,0.3333,0.375,88.45,89.58
71,0,RSC-SUB,108.0,0.5144,0.2915,,6000,0.3461,15,0.3607,-0.0192,0,0.3379,0.1178,0.1033,0.0941,87.14,85.91,0.4286,0.375,85.58,83.92
71,0,RSC-SUB,113.0,0.5385,0.1958,,6000,0.4132,11,0.6006,-0.0335,0,0.3442,0.1136,0.1058,0.0939,79.92,80.32,0.4286,0.2941,89.72,84.67
71,0,RSC-SUB,118.0,0.5625,0.1816,,6000,0.3958,12,0.3005,-0.0196,0,0.388,0.1244,0.1145,0.1083,71.01,74.53,0.3953,0.2941,76.6,78.04
71,0,RSC-SUB,123.0,0.5865,0.2011,,6000,0.2828,16,0.3485,-0.0074,0,0.3809,0.1228,0.11,0.1026,77.42,87.05,0.5385,0.2941,89.8,85.49
71,0,RSC-SUB,128.0,0.6106,0.1961,,6000,0.3747,5,0.2641,-0.0154,0,0.3656,0.1153,0.1185,0.1019,88.54,84.96,0.3953,0.375,86.29,86.88
71,0,RSC-SUB,133.0,0.6346,0.2135,,6000,0.2177,9,0.5173,-0.0008,0,0.3934,0.1417,0.1097,0.0945,81.39,77.27,0.3636,0.2941,82.94,87.74
71,0,RSC-SUB,138.0,0.6587,0.1735,,6000,0.1365,3,0.0502,0.0027,0,0.4134,0.1369,0.1124,0.096,78.85,85.55,0.6667,0.375,83.59,89.17
71,0,RSC-SUB,143.0,0.6827,0.163,,6000,0.0568,5,0.0929,-0.0199,0,0.402,0.1491,0.0943,0.0698,85.98,77.43,0.5789,0.375,71.96,86.03
71,0,RSC-SUB,148.0,0.7067,0.1074,,6000,0.3616,9,0.2655,-0.0183,0,0.3775,0.1444,0.1261,0.1002,83.74,87.84,0.4286,0.375,89.73,87.85
71,0,RSC-SUB,153.0,0.7308,0.1431,,6000,0.2872,1,0.043,-0.0123,0,0.3498,0.1302,0.124,0.1196,62.24,56.5,0.5385,0.375,75.1,68.71
71,0,RSC-SUB,158.0,0.7548,0.1202,,6000,0.1718,8,0.3333,-0.005,0,0.3731,0.1638,0.1306,0.101,65.69,61.13,0.4286,0.375,89.09,88.34
71,0,RSC-SUB,163.0,0.7788,0.1288,,6000,0.2833,15,0.3207,0.0053,0,0.382,0.1841,0.1076,0.0871,67.21,77.13,0.6216,0.375,86.24,87.12
71,0,RSC-SUB,168.0,0.8029,0.0846,,6000,0.0364,0,0.0,-0.006,0,0.3993,0.1659,0.1027,0.0817,84.31,85.62,0.5,0.375,88.66,89.29
71,0,RSC-SUB,173.0,0.8269,0.0848,,6000,0.0451,0,0.0,-0.0135,0,0.3774,0.1499,0.0997,0.0802,85.41,89.87,0.4634,0.375,86.67,74.32
71,0,RSC-SUB,178.0,0.851,0.1263,,6000,0.1455,8,0.2494,-0.0134,0,0.3723,0.1647,0.0957,0.0807,75.24,77.66,0.3333,0.2941,88.23,85.06
71,0,RSC-SUB,183.0,0.875,0.1358,,6000,0.405,9,0.3132,0.0063,0,0.4016,0.1491,0.0921,0.083,85.34,67.72,0.4286,0.4667,89.01,83.08
71,0,RSC-SUB,188.0,0.899,0.181,,6000,0.0115,0,0.0,-0.0015,0,0.3938,0.151,0.0927,0.0628,78.35,67.17,0.5,0.4667,86.64,81.34
71,0,RSC-SUB,193.0,0.9231,0.1782,,6000,0.0758,0,0.0,0.0048,0,0.4265,0.1688,0.0941,0.0724,67.83,66.21,0.5789,0.375,88.69,82.88
71,0,RSC-SUB,198.0,0.9471,0.2372,,6000,0.1198,0,0.0,0.0064,0,0.3858,0.155,0.1078,0.0863,69.6,70.9,0.6216,0.375,85.63,89.78
71,0,V1-RSC,8.0,0.0337,0.1071,,6000,0.2658,4,0.1905,-0.0033,0,0.2869,0.4792,0.1106,0.1521,nan,nan,,,67.36,63.99
71,0,V1-RSC,13.0,0.0577,0.1175,,6000,0.2556,6,0.4197,-0.0143,0,0.2716,0.4661,0.123,0.1629,74.23,62.16,0.2727,0.4286,58.92,56.41
71,0,V1-RSC,18.0,0.0817,0.1052,,6000,0.4472,12,0.5446,-0.0262,0,0.2585,0.4352,0.1313,0.1704,83.73,77.2,0.4737,0.5,72.13,84.75
71,0,V1-RSC,23.0,0.1058,0.1173,,6000,0.5466,10,0.6414,0.0011,0,0.2632,0.4179,0.1348,0.1746,62.17,69.49,0.4737,0.4286,79.8,76.08
71,0,V1-RSC,28.0,0.1298,0.1241,,6000,0.3925,7,0.3316,-0.0246,0,0.234,0.3856,0.1448,0.1691,69.62,64.88,0.1667,0.4286,56.25,59.11
71,0,V1-RSC,33.0,0.1538,0.1319,,6000,0.3947,8,0.3463,-0.0608,0,0.253,0.3616,0.1367,0.164,78.87,87.17,0.2727,0.3043,76.28,80.17
71,0,V1-RSC,38.0,0.1779,0.1197,,6000,0.4297,7,0.3542,-0.017,0,0.2991,0.4808,0.1184,0.1385,67.32,68.82,0.4,0.2766,86.23,86.28
71,0,V1-RSC,43.0,0.2019,0.1044,,6000,0.5346,3,0.2128,0.0116,0,0.2768,0.444,0.1084,0.1424,56.48,60.95,0.2174,0.6216,84.5,88.87
71,0,V1-RSC,48.0,0.226,0.1146,,6000,0.3316,7,0.2293,-0.0383,0,0.2209,0.3868,0.1297,0.1643,83.99,82.72,0.2727,0.3333,88.2,83.74
71,0,V1-RSC,53.0,0.25,0.1443,,6000,0.2161,10,0.5466,-0.0412,0,0.2033,0.4153,0.1327,0.1654,57.13,69.12,0.4,0.4286,86.94,89.6
71,0,V1-RSC,58.0,0.274,0.1561,,6000,0.4748,13,0.4298,0.0102,0,0.208,0.3546,0.1261,0.146,69.7,76.96,0.3333,0.3043,85.16,89.37
71,0,V1-RSC,63.0,0.2981,0.1682,,6000,0.1551,6,0.4671,-0.0102,0,0.1757,0.3724,0.1193,0.1675,58.44,65.17,0.3333,0.3636,61.66,66.17
71,0,V1-RSC,68.0,0.3221,0.1544,,6000,0.4927,12,0.5416,-0.0298,0,0.1687,0.3595,0.137,0.1552,82.04,77.3,0.2727,0.3636,80.79,84.91
71,0,V1-RSC,73.0,0.3462,0.2076,,6000,0.301,9,0.7464,-0.0001,0,0.2025,0.3898,0.1229,0.145,89.43,87.6,0.2727,0.3333,54.89,65.87
71,0,V1-RSC,78.0,0.3702,0.2329,,6000,0.4195,6,0.2758,-0.0138,0,0.2261,0.3813,0.1278,0.1481,82.02,89.3,0.3333,0.4286,76.19,72.54
71,0,V1-RSC,83.0,0.3942,0.2927,,6000,-0.1337,11,0.5269,-0.0244,0,0.229,0.3574,0.1281,0.1567,60.08,57.75,0.4,0.3953,82.94,81.02
71,0,V1-RSC,88.0,0.4183,0.305,,6000,-0.1847,8,0.6083,-0.0398,0,0.2297,0.3255,0.1245,0.1524,56.14,59.51,0.2727,0.3333,76.38,79.25
71,0,V1-RSC,93.0,0.4423,0.3096,,6000,0.4418,10,0.3965,-0.0461,0,0.2316,0.3551,0.115,0.1593,52.78,56.58,0.2727,0.4634,76.05,72.38
71,0,V1-RSC,98.0,0.4663,0.3513,,6000,0.5526,11,0.9075,-0.0021,0,0.2301,0.3357,0.1362,0.1676,51.03,52.36,0.4,0.4286,78.69,80.03
71,0,V1-RSC,103.0,0.4904,0.3188,,6000,0.4284,7,0.5586,-0.0167,0,0.1984,0.409,0.153,0.1773,82.64,82.83,0.4,0.3333,68.81,72.46
71,0,V1-RSC,108.0,0.5144,0.2915,,6000,0.4309,15,0.4814,-0.0143,0,0.1852,0.3351,0.1459,0.172,37.51,43.59,0.2174,0.4634,64.1,61.01
71,0,V1-RSC,113.0,0.5385,0.1958,,6000,0.2094,11,0.7848,-0.0221,0,0.1799,0.3431,0.1342,0.156,34.29,44.72,0.4,0.4634,82.02,77.15
71,0,V1-RSC,118.0,0.5625,0.1816,,6000,0.4154,14,0.4246,-0.0236,0,0.1936,0.389,0.1338,0.1576,52.68,48.55,0.4737,0.3953,78.88,86.84
71,0,V1-RSC,123.0,0.5865,0.2011,,6000,0.4951,9,0.359,-0.0285,0,0.2199,0.3802,0.12,0.1606,67.15,61.28,0.4737,0.5385,89.67,88.0
71,0,V1-RSC,128.0,0.6106,0.1961,,6000,0.5902,5,0.6235,-0.0339,0,0.2119,0.3608,0.1325,0.1663,48.62,46.1,0.3333,0.3636,72.07,63.59
71,0,V1-RSC,133.0,0.6346,0.2135,,6000,0.6952,5,0.7803,0.0062,0,0.2087,0.3951,0.1408,0.1752,82.68,80.27,0.3333,0.3636,68.43,67.22
71,0,V1-RSC,138.0,0.6587,0.1735,,6000,0.3626,9,0.2793,-0.0095,0,0.1995,0.4131,0.1269,0.1676,44.36,47.83,0.3333,0.6667,72.43,84.23
71,0,V1-RSC,143.0,0.6827,0.163,,6000,0.1344,11,0.3185,0.0023,0,0.2163,0.4006,0.1359,0.1775,88.34,83.45,0.5556,0.5789,71.06,85.01
71,0,V1-RSC,148.0,0.7067,0.1074,,6000,0.1975,10,0.3818,-0.0148,0,0.2139,0.3776,0.1366,0.1852,75.71,87.06,0.4,0.4286,87.8,85.43
71,0,V1-RSC,153.0,0.7308,0.1431,,6000,0.3033,2,0.0673,-0.0008,0,0.2082,0.3505,0.131,0.1708,65.96,73.94,0.3333,0.5,79.86,73.86
71,0,V1-RSC,158.0,0.7548,0.1202,,6000,0.0637,14,0.9717,-0.0048,0,0.2117,0.3749,0.1111,0.1484,43.67,51.98,0.3333,0.3953,86.15,84.41
71,0,V1-RSC,163.0,0.7788,0.1288,,6000,0.3523,13,0.513,0.0301,1,0.229,0.3762,0.1271,0.1599,57.76,53.74,0.2727,0.5789,84.91,86.77
71,0,V1-RSC,168.0,0.8029,0.0846,,6000,0.1761,4,0.0868,0.0659,0,0.2695,0.3955,0.1307,0.1701,61.45,61.61,0.4737,0.4286,46.79,52.03
71,0,V1-RSC,173.0,0.8269,0.0848,,6000,0.3283,3,0.119,-0.0266,0,0.2063,0.3741,0.1244,0.1657,45.72,55.97,0.2174,0.4286,74.45,76.13
71,0,V1-RSC,178.0,0.851,0.1263,,6000,0.4438,12,0.4449,-0.0593,0,0.2321,0.3675,0.1253,0.1577,88.06,88.55,0.2727,0.3636,78.11,83.48
71,0,V1-RSC,183.0,0.875,0.1358,,6000,0.1168,8,0.2822,-0.0071,0,0.2272,0.3959,0.1299,0.1707,61.4,57.81,0.3333,0.4286,61.11,60.37
71,0,V1-RSC,188.0,0.899,0.181,,6000,0.2943,3,0.0847,-0.0092,0,0.2367,0.3867,0.1351,0.1642,41.4,40.82,0.4,0.5,63.66,66.87
71,0,V1-RSC,193.0,0.9231,0.1782,,6000,0.2678,3,0.065,0.0312,0,0.2284,0.4218,0.132,0.1607,57.61,63.78,0.5556,0.5789,76.92,85.77
71,0,V1-RSC,198.0,0.9471,0.2372,,6000,0.2057,3,0.0735,-0.0186,0,0.2436,0.381,0.1361,0.1554,48.66,57.21,0.5556,0.6216,85.49,87.53
73,1,CA1-RSC,8.0,0.0329,0.0677,-51.0,10000,0.1452,1,0.0107,-0.0039,0,0.5504,0.4387,0.2233,0.2352,nan,nan,,,77.94,89.46
73,1,CA1-RSC,13.0,0.0563,0.0877,-46.0,10000,0.1709,1,0.0148,0.1687,3,0.3534,0.4294,0.305,0.3065,87.21,72.41,0.7143,0.2174,83.57,87.07
73,1,CA1-RSC,18.0,0.0798,0.1051,-41.0,8000,0.058,0,0.0,0.0141,0,0.3771,0.3929,0.3785,0.3902,81.09,81.56,0.7143,0.3333,79.26,89.38
73,1,CA1-RSC,23.0,0.1033,0.1377,-36.0,8000,0.1904,10,0.1776,-0.0318,-3,0.3243,0.3843,0.3842,0.3538,82.16,89.07,0.7143,0.2174,88.51,89.59
73,1,CA1-RSC,28.0,0.1268,0.1529,-31.0,8000,0.0099,0,0.0,0.0271,4,0.3629,0.365,0.1116,0.168,85.29,87.89,0.5,0.2727,80.05,86.08
73,1,CA1-RSC,33.0,0.1502,0.1893,-26.0,8000,0.3173,8,0.2099,-0.0002,0,0.433,0.3737,0.4581,0.4075,78.65,86.89,0.7143,0.3333,83.95,80.17
73,1,CA1-RSC,38.0,0.1737,0.1801,-21.0,8000,0.0116,0,0.0,-0.0065,2,0.351,0.3599,0.2768,0.2847,81.61,75.37,0.7143,0.3333,87.99,75.6
73,1,CA1-RSC,43.0,0.1972,0.2297,-16.0,8000,0.0992,0,0.0,0.0267,0,0.2879,0.3175,0.2394,0.2647,84.93,85.3,0.7143,0.2727,75.54,83.0
73,1,CA1-RSC,48.0,0.2207,0.2669,-11.0,8000,0.0559,0,0.0,-0.0008,-4,0.2224,0.3043,0.1648,0.1887,77.35,76.57,0.7143,0.3333,66.34,88.03
73,1,CA1-RSC,53.0,0.2441,0.4163,-6.0,8000,0.0858,0,0.0,0.0115,0,0.2657,0.3284,0.2278,0.2371,80.24,81.09,0.7143,0.3333,70.55,84.77
73,1,CA1-RSC,58.0,0.2676,0.6087,-1.0,6000,0.0724,0,0.0,-0.0289,0,0.2054,0.3291,0.1649,0.1861,79.1,67.96,0.5,0.4,80.04,83.25
73,1,CA1-RSC,63.0,0.2911,0.718,4.0,6000,0.0605,5,0.0931,-0.0175,0,0.151,0.3311,0.1346,0.1605,81.14,88.58,0.7143,0.4,80.97,75.83
73,1,CA1-RSC,68.0,0.3146,0.6957,9.0,6000,0.0396,0,0.0,0.0713,9,0.1658,0.3169,0.0794,0.1183,85.43,86.45,0.7143,0.3333,86.8,82.34
73,1,CA1-RSC,73.0,0.338,0.6492,14.0,6000,0.0334,7,0.1263,0.0021,7,0.1462,0.3279,0.1353,0.1753,73.74,76.83,0.5,0.2727,77.33,83.17
73,1,CA1-RSC,78.0,0.3615,0.7139,19.0,6000,0.0794,0,0.0,-0.0088,-6,0.1299,0.3668,0.1033,0.147,88.97,89.43,0.3333,0.3333,87.82,83.0
73,1,CA1-RSC,83.0,0.385,0.8038,24.0,6000,-0.009,4,0.081,-0.0204,1,0.1606,0.3239,0.0838,0.1215,84.36,89.69,0.5,0.12,89.28,78.96
73,1,CA1-RSC,88.0,0.4085,0.8539,29.0,6000,0.0581,0,0.0,-0.0015,0,0.1167,0.3854,0.0955,0.137,75.85,81.66,0.7143,0.1667,78.91,87.78
73,1,CA1-RSC,93.0,0.4319,0.8429,34.0,6000,0.0364,0,0.0,-0.0131,-10,0.1444,0.3619,0.0817,0.1254,88.47,86.81,0.7143,0.3333,76.03,84.84
73,1,CA1-RSC,98.0,0.4554,0.6962,39.0,6000,-0.0074,9,0.1729,-0.009,9,0.1212,0.3198,0.0932,0.1253,83.73,84.49,0.7143,0.3333,89.71,82.02
73,1,CA1-RSC,103.0,0.4789,0.7147,44.0,6000,0.04,0,0.0,-0.0164,-2,0.0879,0.3069,0.1002,0.1224,85.12,89.79,0.5,0.2727,86.31,89.18
73,1,CA1-RSC,108.0,0.5023,0.6664,49.0,8000,0.073,0,0.0,-0.0176,-3,0.195,0.3097,0.1083,0.1378,75.01,84.93,0.5,0.3333,89.79,87.79
73,1,CA1-RSC,113.0,0.5258,0.6405,54.0,6000,0.0061,0,0.0,0.0076,6,0.1962,0.364,0.0834,0.1247,88.88,84.71,0.5,0.2174,88.86,88.48
73,1,CA1-RSC,118.0,0.5493,0.66,59.0,6000,0.0537,0,0.0,-0.0242,-1,0.2059,0.3,0.1248,0.1527,89.1,89.0,0.5,0.3333,83.28,89.74
73,1,CA1-RSC,123.0,0.5728,0.5536,64.0,8000,0.0212,0,0.0,-0.0054,-4,0.1734,0.3519,0.0698,0.1013,82.79,84.36,0.3333,0.1667,80.72,86.86
73,1,CA1-RSC,128.0,0.5962,0.7324,69.0,6000,0.0018,0,0.0,-0.0103,-4,0.1115,0.3718,0.083,0.1042,79.74,88.64,0.5,0.2174,87.74,86.64
73,1,CA1-RSC,133.0,0.6197,0.6769,74.0,6000,0.0219,0,0.0,-0.0107,8,0.0852,0.3801,0.1069,0.1226,87.89,86.91,0.5,0.2727,78.69,88.76
73,1,CA1-RSC,138.0,0.6432,0.8944,79.0,6000,-0.0138,0,0.0,0.0084,3,0.101,0.4356,0.0998,0.1252,85.09,89.74,0.3333,0.2727,84.95,84.25
73,1,CA1-RSC,143.0,0.6667,0.7278,84.0,6000,0.0382,0,0.0,-0.0156,-4,0.0983,0.4445,0.1063,0.1569,66.98,73.93,0.3333,0.2727,87.19,85.36
73,1,CA1-RSC,148.0,0.6901,0.5407,89.0,6000,0.0234,0,0.0,-0.0102,-7,0.1356,0.414,0.1296,0.1645,80.9,79.63,0.5,0.4,86.16,89.27
73,1,CA1-RSC,153.0,0.7136,0.3515,94.0,6000,0.0327,0,0.0,0.0088,10,0.1159,0.3779,0.0927,0.1488,87.42,85.8,0.7143,0.3333,73.58,87.5
73,1,CA1-RSC,158.0,0.7371,0.3623,99.0,8000,0.0333,0,0.0,-0.0148,-1,0.1482,0.3958,0.179,0.2004,76.73,80.48,0.3333,0.2174,75.81,80.08
73,1,CA1-RSC,163.0,0.7606,0.3449,104.0,8000,0.0258,0,0.0,-0.0086,0,0.1958,0.3848,0.1471,0.1599,70.12,89.01,0.5,0.4737,86.55,88.75
73,1,CA1-RSC,168.0,0.784,0.2007,109.0,8000,0.0437,0,0.0,0.0045,0,0.1748,0.359,0.1583,0.1536,84.62,87.22,0.5,0.3333,76.05,85.17
73,1,CA1-RSC,173.0,0.8075,0.0785,114.0,6000,-0.2125,4,0.0682,0.0136,2,0.1336,0.3234,0.1082,0.1107,87.25,87.67,0.3333,0.4,83.53,86.92
73,1,CA1-RSC,178.0,0.831,0.0068,119.0,6000,0.0033,0,0.0,-0.0007,4,0.1355,0.3644,0.0737,0.1243,87.82,72.54,0.5,0.4737,85.85,87.77
73,1,CA1-RSC,183.0,0.8545,0.0734,124.0,6000,0.0507,0,0.0,-0.0035,10,0.1304,0.3593,0.1049,0.1492,87.22,80.66,0.5,0.2727,79.88,86.35
73,1,CA1-RSC,188.0,0.8779,0.0683,129.0,6000,0.0273,0,0.0,0.0312,0,0.1508,0.3389,0.1467,0.1495,89.14,86.51,0.5,0.2727,86.25,85.1
73,1,CA1-RSC,193.0,0.9014,0.1376,134.0,6000,0.0094,0,0.0,0.0124,0,0.1545,0.3421,0.1175,0.1163,85.72,75.41,0.5,0.2727,89.42,82.34
73,1,CA1-RSC,198.0,0.9249,0.2793,139.0,6000,-0.0085,0,0.0,0.0181,1,0.1584,0.3843,0.1486,0.1384,83.47,88.03,0.3333,0.2174,81.32,82.61
73,1,CA1-RSC,203.0,0.9484,0.4396,144.0,6000,-0.2069,8,0.1329,-0.0031,-8,0.171,0.3923,0.16,0.1883,84.94,80.16,0.3333,0.3333,88.16,89.22
73,1,CA1-DG,8.0,0.0329,0.0677,-51.0,10000,0.6958,2,0.3734,0.003,0,0.5342,0.3499,0.3805,0.2813,nan,nan,,,89.15,82.97
73,1,CA1-DG,13.0,0.0563,0.0877,-46.0,10000,0.3582,6,0.2829,0.0152,0,0.3629,0.3451,0.1571,0.1245,87.86,82.17,0.7143,0.6,87.86,84.98
73,1,CA1-DG,18.0,0.0798,0.1051,-41.0,8000,0.0465,0,0.0,-0.0481,-5,0.3837,0.327,0.1097,0.1092,86.81,68.68,0.7143,0.4545,87.68,89.44
73,1,CA1-DG,23.0,0.1033,0.1377,-36.0,8000,0.1434,2,0.0565,0.0559,10,0.342,0.2331,0.1742,0.1999,75.51,81.0,0.7143,0.4545,88.94,89.0
73,1,CA1-DG,28.0,0.1268,0.1529,-31.0,8000,0.0118,0,0.0,-0.0185,-1,0.3631,0.2628,0.1793,0.1514,85.36,88.11,0.5,0.4545,88.92,77.22
73,1,CA1-DG,33.0,0.1502,0.1893,-26.0,8000,-0.2992,6,0.2525,-0.0235,-1,0.4511,0.2254,0.1597,0.1366,81.92,85.37,0.7143,0.6,88.01,82.52
73,1,CA1-DG,38.0,0.1737,0.1801,-21.0,8000,0.091,0,0.0,-0.1492,-4,0.3587,0.1999,0.1587,0.1216,86.85,75.36,0.7143,0.7778,72.82,89.6
73,1,CA1-DG,43.0,0.1972,0.2297,-16.0,8000,0.0743,0,0.0,0.0621,8,0.2906,0.1886,0.1044,0.153,79.92,85.54,0.7143,0.4545,86.58,88.68
73,1,CA1-DG,48.0,0.2207,0.2669,-11.0,8000,0.0474,8,0.147,0.0148,1,0.2248,0.2239,0.1296,0.1309,80.11,84.29,0.7143,0.4545,88.12,80.05
73,1,CA1-DG,53.0,0.2441,0.4163,-6.0,8000,0.0595,0,0.0,-0.0109,1,0.2688,0.112,0.13,0.1158,82.94,84.63,0.7143,0.4545,84.63,82.35
73,1,CA1-DG,58.0,0.2676,0.6087,-1.0,6000,0.0752,13,0.2635,0.0007,0,0.2082,0.1738,0.111,0.105,79.96,85.15,0.5,0.3333,87.66,85.15
73,1,CA1-DG,63.0,0.2911,0.718,4.0,6000,0.0721,4,0.2098,0.0009,0,0.1529,0.1419,0.1329,0.1165,69.07,87.53,0.7143,0.2308,74.95,82.56
73,1,CA1-DG,68.0,0.3146,0.6957,9.0,6000,0.0336,0,0.0,0.0523,7,0.1658,0.1556,0.1031,0.1399,76.36,83.26,0.7143,0.2308,88.63,88.51
73,1,CA1-DG,73.0,0.338,0.6492,14.0,6000,-0.1379,1,0.0196,0.0519,2,0.1468,0.1516,0.1117,0.1381,72.49,77.02,0.5,0.6,78.62,81.13
73,1,CA1-DG,78.0,0.3615,0.7139,19.0,6000,0.0403,0,0.0,-0.0452,-9,0.1303,0.1775,0.1364,0.121,75.54,89.77,0.3333,0.4545,88.63,84.21
73,1,CA1-DG,83.0,0.385,0.8038,24.0,6000,0.1647,5,0.2447,-0.0044,0,0.1608,0.1469,0.1318,0.1592,59.58,79.9,0.5,0.3333,80.43,80.25
73,1,CA1-DG,88.0,0.4085,0.8539,29.0,6000,-0.106,5,0.0884,-0.0261,0,0.1169,0.1419,0.1,0.1146,80.97,89.98,0.7143,0.4545,88.29,79.29
73,1,CA1-DG,93.0,0.4319,0.8429,34.0,6000,0.0246,2,0.0537,0.0202,1,0.1446,0.1501,0.1537,0.1774,82.69,86.29,0.7143,0.4545,84.31,87.81
73,1,CA1-DG,98.0,0.4554,0.6962,39.0,6000,0.4217,6,0.4683,-0.0269,-5,0.121,0.1302,0.1235,0.1132,83.41,86.18,0.7143,0.2308,86.92,86.17
73,1,CA1-DG,103.0,0.4789,0.7147,44.0,6000,0.025,0,0.0,-0.0508,-9,0.0871,0.1447,0.1127,0.1264,87.23,84.73,0.5,0.3333,81.69,84.89
73,1,CA1-DG,108.0,0.5023,0.6664,49.0,8000,0.1075,0,0.0,-0.0125,0,0.1961,0.1511,0.1355,0.1799,84.16,78.54,0.5,0.4545,87.44,82.78
73,1,CA1-DG,113.0,0.5258,0.6405,54.0,6000,0.1828,6,0.0986,-0.0104,-4,0.1962,0.1302,0.1194,0.1522,86.91,89.23,0.5,0.3333,89.7,82.32
73,1,CA1-DG,118.0,0.5493,0.66,59.0,6000,0.0603,0,0.0,-0.0218,0,0.2073,0.156,0.1176,0.115,84.91,88.78,0.5,0.6,88.06,84.65
73,1,CA1-DG,123.0,0.5728,0.5536,64.0,8000,0.2476,13,0.2935,0.0085,1,0.1731,0.1256,0.1174,0.111,83.01,75.51,0.3333,0.4545,78.74,82.45
73,1,CA1-DG,128.0,0.5962,0.7324,69.0,6000,0.2241,9,0.2073,-0.0171,0,0.1118,0.1046,0.1312,0.1411,79.71,87.34,0.5,0.2308,77.08,81.39
73,1,CA1-DG,133.0,0.6197,0.6769,74.0,6000,-0.1134,4,0.0947,0.0033,0,0.0853,0.0973,0.129,0.1285,78.25,86.47,0.5,0.6,88.82,80.64
73,1,CA1-DG,138.0,0.6432,0.8944,79.0,6000,0.0326,0,0.0,-0.0075,0,0.1013,0.1079,0.1404,0.1278,87.89,87.69,0.3333,0.3333,82.41,76.2
73,1,CA1-DG,143.0,0.6667,0.7278,84.0,6000,0.0707,0,0.0,-0.0148,0,0.0984,0.1115,0.1108,0.1215,43.96,61.23,0.5,0.6,86.34,88.06
73,1,CA1-DG,148.0,0.6901,0.5407,89.0,6000,0.045,0,0.0,0.0127,0,0.1366,0.1242,0.1024,0.1424,63.53,78.61,0.5,0.6,87.45,79.68
73,1,CA1-DG,153.0,0.7136,0.3515,94.0,6000,0.0698,0,0.0,-0.004,0,0.1168,0.1005,0.1403,0.1268,63.74,75.56,0.7143,0.6,75.68,88.84
73,1,CA1-DG,158.0,0.7371,0.3623,99.0,8000,0.1308,0,0.0,-0.0013,0,0.1502,0.082,0.1178,0.1627,72.76,89.4,0.3333,0.4545,86.46,68.62
73,1,CA1-DG,163.0,0.7606,0.3449,104.0,8000,-0.0951,7,0.1272,-0.0102,0,0.1979,0.1294,0.1622,0.1504,88.4,81.32,0.5,0.2308,78.57,88.53
73,1,CA1-DG,168.0,0.784,0.2007,109.0,8000,-0.0473,6,0.113,-0.0112,0,0.1756,0.1282,0.0775,0.1864,83.13,81.22,0.5,0.2308,85.93,88.77
73,1,CA1-DG,173.0,0.8075,0.0785,114.0,6000,0.6362,13,1.2968,-0.0167,0,0.1339,0.1442,0.1314,0.1661,61.11,77.43,0.3333,0.3333,88.05,83.41
73,1,CA1-DG,178.0,0.831,0.0068,119.0,6000,0.2547,7,0.1464,-0.0291,0,0.1357,0.1273,0.1471,0.1678,88.81,83.58,0.5,0.4545,77.9,80.79
73,1,CA1-DG,183.0,0.8545,0.0734,124.0,6000,0.0193,0,0.0,0.0053,-1,0.1306,0.132,0.101,0.1446,86.48,69.33,0.5,0.3333,89.28,86.15
73,1,CA1-DG,188.0,0.8779,0.0683,129.0,6000,0.2618,12,0.2742,-0.0039,-1,0.1516,0.1153,0.1526,0.1449,81.27,83.2,0.5,0.3333,87.24,88.31
73,1,CA1-DG,193.0,0.9014,0.1376,134.0,6000,0.0608,0,0.0,0.0133,0,0.1543,0.145,0.1196,0.1338,75.11,88.37,0.5,0.6,86.64,89.84
73,1,CA1-DG,198.0,0.9249,0.2793,139.0,6000,-0.1306,4,0.0714,-0.0044,0,0.1603,0.1501,0.1351,0.1143,58.65,84.68,0.3333,0.7778,65.11,89.43
73,1,CA1-DG,203.0,0.9484,0.4396,144.0,6000,0.2053,3,0.0623,-0.0183,0,0.1724,0.1262,0.1046,0.1268,85.57,80.56,0.3333,0.2308,73.5,84.8
73,1,CA1-V1,8.0,0.0329,0.0677,-51.0,10000,0.858,7,0.808,-0.0279,0,0.5383,0.4131,0.4107,0.4455,nan,nan,,,88.23,62.92
73,1,CA1-V1,13.0,0.0563,0.0877,-46.0,10000,-0.1125,4,0.1135,0.0237,-2,0.3384,0.3587,0.2021,0.1835,78.96,86.84,0.7143,0.6667,82.77,85.42
73,1,CA1-V1,18.0,0.0798,0.1051,-41.0,8000,0.0127,0,0.0,0.0947,7,0.3941,0.2999,0.2615,0.2522,82.85,78.11,0.7143,1.0,86.28,83.39
73,1,CA1-V1,23.0,0.1033,0.1377,-36.0,8000,0.3266,5,0.1874,0.0058,-10,0.3434,0.234,0.1741,0.1939,73.56,85.26,0.7143,1.0,84.58,79.38
73,1,CA1-V1,28.0,0.1268,0.1529,-31.0,8000,0.0683,0,0.0,-0.0169,0,0.3525,0.2747,0.1931,0.254,81.26,81.29,0.5,0.6667,75.5,83.79
73,1,CA1-V1,33.0,0.1502,0.1893,-26.0,8000,0.1356,3,0.0332,-0.013,-10,0.4397,0.1923,0.2356,0.1919,89.64,74.72,0.5,0.4286,86.32,88.63
73,1,CA1-V1,38.0,0.1737,0.1801,-21.0,8000,0.1868,1,0.0178,0.0043,0,0.3601,0.142,0.2199,0.1979,83.32,68.35,0.7143,0.4286,85.8,87.94
73,1,CA1-V1,43.0,0.1972,0.2297,-16.0,8000,0.1748,1,0.0155,-0.0028,0,0.2574,0.1386,0.2367,0.2388,71.87,63.71,0.7143,0.4286,78.38,83.41
73,1,CA1-V1,48.0,0.2207,0.2669,-11.0,8000,0.0338,4,0.068,0.0075,0,0.209,0.1618,0.1984,0.2522,83.12,74.99,0.7143,0.4286,84.86,83.98
73,1,CA1-V1,53.0,0.2441,0.4163,-6.0,8000,0.1274,0,0.0,0.0013,0,0.2538,0.1295,0.2173,0.2209,69.52,73.6,0.5,0.25,78.68,86.32
73,1,CA1-V1,58.0,0.2676,0.6087,-1.0,6000,-0.1263,6,0.1098,-0.0049,0,0.1736,0.134,0.1748,0.1982,62.63,79.34,0.5,0.4286,85.51,77.88
73,1,CA1-V1,63.0,0.2911,0.718,4.0,6000,-0.0253,5,0.0842,0.0466,0,0.1639,0.1371,0.2253,0.2047,66.05,81.58,0.7143,0.4286,85.31,74.8
73,1,CA1-V1,68.0,0.3146,0.6957,9.0,6000,0.1076,0,0.0,0.0208,0,0.1718,0.176,0.146,0.1947,76.57,82.03,0.5,0.25,89.34,83.83
73,1,CA1-V1,73.0,0.338,0.6492,14.0,6000,0.0551,0,0.0,0.0038,0,0.1496,0.138,0.1525,0.1368,73.73,75.97,0.5,0.4286,87.69,88.49
73,1,CA1-V1,78.0,0.3615,0.7139,19.0,6000,0.1144,0,0.0,0.0069,9,0.1048,0.12,0.1883,0.1395,70.97,64.39,0.3333,0.4286,69.04,88.1
73,1,CA1-V1,83.0,0.385,0.8038,24.0,6000,0.087,5,0.0961,0.0263,9,0.1669,0.1472,0.1806,0.1623,76.14,59.26,0.3333,0.6667,86.12,81.14
73,1,CA1-V1,88.0,0.4085,0.8539,29.0,6000,-0.1241,8,0.164,0.0112,0,0.1172,0.1868,0.1782,0.2235,85.72,64.38,0.3333,0.25,88.65,71.27
73,1,CA1-V1,93.0,0.4319,0.8429,34.0,6000,0.1545,6,0.1071,-0.0726,-9,0.1418,0.1827,0.1738,0.197,83.6,80.18,0.5,0.4286,75.57,87.53
73,1,CA1-V1,98.0,0.4554,0.6962,39.0,6000,0.2566,5,0.106,-0.0356,-10,0.1226,0.1441,0.1816,0.2224,59.02,49.56,0.5,0.4286,76.85,85.48
73,1,CA1-V1,103.0,0.4789,0.7147,44.0,6000,0.0372,0,0.0,-0.0608,-4,0.0961,0.1137,0.1588,0.169,69.33,49.0,0.3333,0.4286,81.06,84.89
73,1,CA1-V1,108.0,0.5023,0.6664,49.0,8000,0.0796,0,0.0,-0.006,0,0.2,0.1598,0.1397,0.1403,88.4,61.41,0.3333,0.4286,87.62,77.91
73,1,CA1-V1,113.0,0.5258,0.6405,54.0,6000,0.2179,9,0.1735,-0.0544,-9,0.1882,0.1585,0.1338,0.1629,74.19,86.06,0.5,0.25,85.3,85.1
73,1,CA1-V1,118.0,0.5493,0.66,59.0,6000,0.0532,0,0.0,0.0244,-5,0.1973,0.0979,0.1499,0.1555,81.01,74.2,0.3333,0.6667,86.29,75.38
73,1,CA1-V1,123.0,0.5728,0.5536,64.0,8000,-0.1854,12,0.2673,-0.0583,-3,0.1896,0.1275,0.1133,0.114,71.12,89.68,0.5,0.4286,88.23,82.87
73,1,CA1-V1,128.0,0.5962,0.7324,69.0,6000,-0.1878,10,0.2566,0.0024,4,0.1239,0.1592,0.1829,0.1568,87.49,76.92,0.5,0.1111,84.11,85.3
73,1,CA1-V1,133.0,0.6197,0.6769,74.0,6000,-0.0819,3,0.0507,0.0333,9,0.0991,0.1127,0.1438,0.1573,85.55,88.82,0.5,0.6667,80.12,77.16
73,1,CA1-V1,138.0,0.6432,0.8944,79.0,6000,0.0199,0,0.0,-0.0339,-10,0.0989,0.1623,0.1399,0.1579,88.49,86.89,0.5,0.4286,73.53,84.12
73,1,CA1-V1,143.0,0.6667,0.7278,84.0,6000,0.0706,0,0.0,-0.0159,-7,0.0976,0.1457,0.1303,0.1124,66.71,73.76,0.7143,1.0,85.61,81.39
73,1,CA1-V1,148.0,0.6901,0.5407,89.0,6000,0.0364,0,0.0,-0.0127,0,0.1168,0.1443,0.1853,0.1525,79.83,85.66,0.5,1.0,81.55,81.88
73,1,CA1-V1,153.0,0.7136,0.3515,94.0,6000,0.0338,0,0.0,-0.0065,8,0.1211,0.138,0.1271,0.1389,86.0,84.33,0.7143,0.4286,86.53,88.4
73,1,CA1-V1,158.0,0.7371,0.3623,99.0,8000,0.0393,0,0.0,0.0289,5,0.1814,0.1416,0.1961,0.1849,85.53,87.75,0.3333,0.6667,89.12,86.1
73,1,CA1-V1,163.0,0.7606,0.3449,104.0,8000,-0.1752,6,0.1102,-0.0043,7,0.1853,0.1533,0.136,0.1371,88.79,70.61,0.5,0.6667,89.52,89.99
73,1,CA1-V1,168.0,0.784,0.2007,109.0,8000,-0.1734,9,0.173,0.01,0,0.1903,0.1748,0.118,0.1401,86.75,87.31,0.7143,0.6667,87.37,81.72
73,1,CA1-V1,173.0,0.8075,0.0785,114.0,6000,0.0102,5,0.3345,0.0172,0,0.1322,0.2346,0.1828,0.1242,88.53,70.8,0.2,0.4286,83.76,68.31
73,1,CA1-V1,178.0,0.831,0.0068,119.0,6000,-0.0431,9,0.1833,0.0241,7,0.1376,0.2394,0.1279,0.0834,82.95,73.82,0.5,0.6667,82.42,83.36
73,1,CA1-V1,183.0,0.8545,0.0734,124.0,6000,0.0667,0,0.0,-0.0115,-2,0.1095,0.1921,0.1423,0.1348,80.6,80.87,0.5,0.6667,86.28,75.76
73,1,CA1-V1,188.0,0.8779,0.0683,129.0,6000,-0.1637,8,0.1742,-0.0418,-2,0.1556,0.2421,0.1363,0.1421,82.63,84.05,0.5,0.25,86.68,88.1
73,1,CA1-V1,193.0,0.9014,0.1376,134.0,6000,0.0846,0,0.0,-0.0993,-8,0.1728,0.2083,0.1593,0.1327,81.32,83.06,0.7143,0.4286,83.09,87.32
73,1,CA1-V1,198.0,0.9249,0.2793,139.0,6000,0.2193,9,0.1865,0.0477,-9,0.1809,0.1574,0.2083,0.1873,76.03,74.2,0.5,0.25,86.76,88.54
73,1,CA1-V1,203.0,0.9484,0.4396,144.0,6000,0.0168,0,0.0,0.0277,0,0.1935,0.1609,0.1546,0.1235,88.2,80.99,0.5,0.6667,81.66,84.96
73,1,CA1-SUB,8.0,0.0329,0.0677,-51.0,10000,0.1683,8,0.2169,0.0071,0,0.5546,0.1531,0.2363,0.1796,nan,nan,,,79.31,76.25
73,1,CA1-SUB,13.0,0.0563,0.0877,-46.0,10000,0.3024,9,0.2365,0.0165,0,0.3627,0.1196,0.1232,0.1094,83.64,81.47,0.7143,0.4,80.4,80.93
73,1,CA1-SUB,18.0,0.0798,0.1051,-41.0,8000,0.0349,0,0.0,0.0203,0,0.3842,0.101,0.1108,0.126,80.58,71.49,0.7143,0.4,78.58,87.47
73,1,CA1-SUB,23.0,0.1033,0.1377,-36.0,8000,-0.0297,3,0.0703,0.0003,0,0.3421,0.1039,0.1291,0.1516,89.7,74.19,0.7143,0.5556,88.71,87.46
73,1,CA1-SUB,28.0,0.1268,0.1529,-31.0,8000,0.1114,0,0.0,0.0089,0,0.3631,0.0804,0.1817,0.1437,84.14,67.15,0.5,0.75,78.2,87.96
73,1,CA1-SUB,33.0,0.1502,0.1893,-26.0,8000,-0.068,9,0.297,-0.0058,0,0.4515,0.0701,0.1713,0.1432,88.23,67.53,0.7143,0.75,82.07,74.12
73,1,CA1-SUB,38.0,0.1737,0.1801,-21.0,8000,0.1145,0,0.0,-0.0284,0,0.3589,0.0648,0.1936,0.1575,82.91,79.33,0.7143,0.1667,86.29,80.23
73,1,CA1-SUB,43.0,0.1972,0.2297,-16.0,8000,0.0972,0,0.0,-0.0367,0,0.2912,0.0741,0.1579,0.1644,82.52,69.71,0.7143,0.2727,84.09,88.79
73,1,CA1-SUB,48.0,0.2207,0.2669,-11.0,8000,-0.0593,12,0.2533,-0.0279,0,0.2252,0.1003,0.1728,0.1453,85.21,69.26,0.7143,0.5556,85.0,71.84
73,1,CA1-SUB,53.0,0.2441,0.4163,-6.0,8000,0.1527,1,0.0118,-0.0055,0,0.2692,0.0708,0.1803,0.1453,74.92,59.49,0.7143,0.5556,89.64,68.84
73,1,CA1-SUB,58.0,0.2676,0.6087,-1.0,6000,-0.1394,7,0.1497,-0.0152,-1,0.2089,0.0747,0.1461,0.1275,64.31,58.72,0.5,0.2727,89.24,88.69
73,1,CA1-SUB,63.0,0.2911,0.718,4.0,6000,-0.2934,3,0.105,-0.0175,0,0.1529,0.1018,0.146,0.1412,74.62,73.4,0.7143,0.75,83.44,79.16
73,1,CA1-SUB,68.0,0.3146,0.6957,9.0,6000,0.0684,0,0.0,0.0071,5,0.166,0.0829,0.123,0.1308,75.51,87.89,0.7143,0.5556,87.26,89.53
73,1,CA1-SUB,73.0,0.338,0.6492,14.0,6000,-0.0496,3,0.0449,-0.0062,9,0.1463,0.0469,0.1092,0.1079,79.83,87.72,0.5,0.2727,83.45,83.93
73,1,CA1-SUB,78.0,0.3615,0.7139,19.0,6000,0.1163,0,0.0,0.0016,0,0.1296,0.0686,0.1258,0.1392,75.2,67.21,0.3333,0.2727,83.0,82.93
73,1,CA1-SUB,83.0,0.385,0.8038,24.0,6000,0.4442,4,0.2787,0.0171,0,0.1607,0.0633,0.0994,0.1279,88.38,86.32,0.5,0.5556,74.3,88.77
73,1,CA1-SUB,88.0,0.4085,0.8539,29.0,6000,0.2817,4,0.091,0.0227,-7,0.1171,0.0575,0.1319,0.1078,55.71,64.33,0.7143,0.4,70.59,88.0
73,1,CA1-SUB,93.0,0.4319,0.8429,34.0,6000,0.1451,8,0.1357,0.0119,0,0.1446,0.0611,0.12,0.1292,70.88,77.09,0.7143,0.2727,70.75,74.68
73,1,CA1-SUB,98.0,0.4554,0.6962,39.0,6000,-0.3493,4,0.2586,0.0193,0,0.1209,0.0582,0.0971,0.1282,84.35,79.16,0.7143,0.1667,87.42,78.66
73,1,CA1-SUB,103.0,0.4789,0.7147,44.0,6000,0.0953,0,0.0,0.0048,0,0.0878,0.064,0.1048,0.1108,61.33,65.85,0.5,0.4,88.35,79.46
73,1,CA1-SUB,108.0,0.5023,0.6664,49.0,8000,0.0896,0,0.0,0.0109,0,0.196,0.0661,0.1405,0.13,76.45,84.57,0.5,0.5556,84.53,86.51
73,1,CA1-SUB,113.0,0.5258,0.6405,54.0,6000,0.1944,4,0.068,-0.0234,0,0.1963,0.0532,0.126,0.0903,80.75,84.91,0.5,0.2727,81.34,77.28
73,1,CA1-SUB,118.0,0.5493,0.66,59.0,6000,0.0874,0,0.0,-0.0027,0,0.2075,0.0455,0.1724,0.1142,83.34,81.33,0.5,0.1667,85.98,88.36
73,1,CA1-SUB,123.0,0.5728,0.5536,64.0,8000,0.2876,10,0.2571,0.0046,0,0.1734,0.0592,0.1402,0.1404,68.43,85.01,0.3333,0.1667,82.05,84.46
73,1,CA1-SUB,128.0,0.5962,0.7324,69.0,6000,0.2586,10,0.2387,0.0125,0,0.1117,0.0583,0.1174,0.1234,79.34,89.12,0.5,0.4,83.77,85.87
73,1,CA1-SUB,133.0,0.6197,0.6769,74.0,6000,0.244,9,0.1871,0.0025,0,0.0846,0.0692,0.1357,0.148,86.67,74.49,0.5,0.4,84.73,75.27
73,1,CA1-SUB,138.0,0.6432,0.8944,79.0,6000,0.1121,0,0.0,0.0243,4,0.101,0.0981,0.0636,0.117,87.45,84.71,0.3333,0.4,86.33,86.36
73,1,CA1-SUB,143.0,0.6667,0.7278,84.0,6000,0.0838,0,0.0,0.0054,0,0.0986,0.0551,0.1146,0.1171,81.88,85.71,0.3333,0.4,86.32,76.53
73,1,CA1-SUB,148.0,0.6901,0.5407,89.0,6000,0.0463,0,0.0,0.0118,0,0.1364,0.054,0.0856,0.112,82.62,76.58,0.5,0.4,86.06,76.93
73,1,CA1-SUB,153.0,0.7136,0.3515,94.0,6000,0.0379,0,0.0,-0.0077,0,0.1163,0.0498,0.0715,0.1156,87.18,82.67,0.7143,0.2727,87.38,81.54
73,1,CA1-SUB,158.0,0.7371,0.3623,99.0,8000,0.0921,0,0.0,0.0273,0,0.15,0.0697,0.1049,0.1259,88.69,81.03,0.3333,0.4,83.72,88.89
73,1,CA1-SUB,163.0,0.7606,0.3449,104.0,8000,-0.0291,11,0.2188,0.0109,0,0.1977,0.0777,0.1102,0.1313,88.01,87.93,0.5,0.4,77.26,70.31
73,1,CA1-SUB,168.0,0.784,0.2007,109.0,8000,0.1444,12,0.2178,0.0135,0,0.1757,0.0676,0.091,0.1186,74.31,84.82,0.5,0.5556,87.81,88.55
73,1,CA1-SUB,173.0,0.8075,0.0785,114.0,6000,-0.2039,10,0.7101,-0.0002,2,0.1337,0.0784,0.1098,0.1075,73.44,76.88,0.3333,0.5556,88.3,83.47
73,1,CA1-SUB,178.0,0.831,0.0068,119.0,6000,-0.1019,11,0.2081,0.0018,0,0.1352,0.0984,0.101,0.1316,87.96,89.76,0.5,0.4,85.87,83.7
73,1,CA1-SUB,183.0,0.8545,0.0734,124.0,6000,0.0281,0,0.0,-0.0243,0,0.1305,0.0809,0.094,0.124,85.28,77.35,0.5,0.5556,86.95,84.66
73,1,CA1-SUB,188.0,0.8779,0.0683,129.0,6000,0.272,9,0.2052,0.0252,0,0.1514,0.0791,0.1273,0.1309,83.86,86.38,0.3333,0.5556,87.24,88.89
73,1,CA1-SUB,193.0,0.9014,0.1376,134.0,6000,0.005,0,0.0,0.0167,5,0.1543,0.0847,0.0841,0.0866,88.6,84.14,0.5,0.4,89.77,88.12
73,1,CA1-SUB,198.0,0.9249,0.2793,139.0,6000,0.1639,8,0.1615,0.0133,0,0.1605,0.0834,0.1415,0.0753,82.64,80.64,0.3333,0.4,71.93,83.79
73,1,CA1-SUB,203.0,0.9484,0.4396,144.0,6000,-0.0726,6,0.1202,0.0119,-2,0.1721,0.0632,0.1078,0.0938,86.1,81.36,0.3333,0.5556,85.61,83.7
73,1,RSC-SUB,8.0,0.0329,0.0677,-51.0,10000,0.1083,0,0.0,-0.0382,0,0.4309,0.1486,0.1639,0.148,nan,nan,,,89.64,79.5
73,1,RSC-SUB,13.0,0.0563,0.0877,-46.0,10000,0.1383,2,0.0211,-0.0064,0,0.4292,0.1095,0.1983,0.1592,79.8,71.24,0.2174,0.5556,76.43,67.25
73,1,RSC-SUB,18.0,0.0798,0.1051,-41.0,8000,0.1271,0,0.0,0.0018,0,0.3924,0.0933,0.2142,0.1708,85.85,71.53,0.4,0.75,84.34,79.42
73,1,RSC-SUB,23.0,0.1033,0.1377,-36.0,8000,0.0983,9,0.1917,-0.0245,0,0.3791,0.0984,0.1909,0.1486,83.44,75.95,0.4,0.75,86.69,79.83
73,1,RSC-SUB,28.0,0.1268,0.1529,-31.0,8000,0.2124,1,0.0231,-0.0118,0,0.3614,0.0886,0.1771,0.1323,81.33,78.66,0.2727,0.75,88.74,81.68
73,1,RSC-SUB,33.0,0.1502,0.1893,-26.0,8000,0.1545,1,0.0121,-0.0129,0,0.3619,0.0824,0.1746,0.144,67.2,76.33,0.2727,0.75,85.17,87.34
73,1,RSC-SUB,38.0,0.1737,0.1801,-21.0,8000,0.1389,1,0.0097,0.0075,0,0.3541,0.0508,0.1787,0.1467,71.69,81.21,0.2727,0.4,87.26,78.52
73,1,RSC-SUB,43.0,0.1972,0.2297,-16.0,8000,0.1745,1,0.0155,-0.0171,0,0.3114,0.0537,0.1791,0.1318,70.64,51.46,0.2174,0.75,86.11,73.65
73,1,RSC-SUB,48.0,0.2207,0.2669,-11.0,8000,0.1437,1,0.0104,-0.0096,0,0.3017,0.0886,0.1531,0.1549,59.65,61.52,0.12,0.75,88.06,89.76
73,1,RSC-SUB,53.0,0.2441,0.4163,-6.0,8000,0.1623,1,0.0133,0.0007,0,0.3291,0.0508,0.1677,0.1255,79.43,66.27,0.4,0.5556,84.64,84.76
73,1,RSC-SUB,58.0,0.2676,0.6087,-1.0,6000,0.114,0,0.0,-0.0026,0,0.3229,0.0466,0.1453,0.1006,77.13,86.29,0.3333,0.4,89.37,87.72
73,1,RSC-SUB,63.0,0.2911,0.718,4.0,6000,0.0089,7,0.1223,-0.0022,0,0.3205,0.0862,0.1404,0.1029,80.01,64.75,0.4,0.75,83.73,82.82
73,1,RSC-SUB,68.0,0.3146,0.6957,9.0,6000,0.146,0,0.0,-0.0003,0,0.3133,0.06,0.1409,0.0912,75.74,79.1,0.2727,0.5556,77.34,88.57
73,1,RSC-SUB,73.0,0.338,0.6492,14.0,6000,-0.0509,11,0.2353,-0.0113,0,0.3145,0.0423,0.1592,0.136,67.39,72.46,0.2174,0.4,88.31,89.65
73,1,RSC-SUB,78.0,0.3615,0.7139,19.0,6000,0.1088,0,0.0,0.0158,2,0.3582,0.0545,0.1433,0.1324,83.83,80.84,0.4,0.5556,89.95,75.38
73,1,RSC-SUB,83.0,0.385,0.8038,24.0,6000,-0.0287,8,0.1588,-0.0117,0,0.3216,0.0373,0.1198,0.113,80.79,79.91,0.12,0.2727,87.57,80.13
73,1,RSC-SUB,88.0,0.4085,0.8539,29.0,6000,0.1063,0,0.0,-0.0216,0,0.3774,0.0452,0.1091,0.0882,77.7,86.02,0.12,0.4,82.22,88.59
73,1,RSC-SUB,93.0,0.4319,0.8429,34.0,6000,0.1113,0,0.0,0.0041,0,0.3526,0.0395,0.1227,0.0962,56.89,54.96,0.2727,0.4,80.5,67.82
73,1,RSC-SUB,98.0,0.4554,0.6962,39.0,6000,0.2139,9,0.1827,0.0146,0,0.3207,0.0452,0.1294,0.0991,72.98,83.22,0.1667,0.4,80.33,74.9
73,1,RSC-SUB,103.0,0.4789,0.7147,44.0,6000,0.0966,0,0.0,0.0168,3,0.3024,0.0374,0.13,0.1147,66.83,55.96,0.4,0.5556,78.96,80.97
73,1,RSC-SUB,108.0,0.5023,0.6664,49.0,8000,0.1398,1,0.0099,0.0037,0,0.3134,0.053,0.1588,0.1396,88.48,80.68,0.1667,0.5556,83.71,86.38
73,1,RSC-SUB,113.0,0.5258,0.6405,54.0,6000,0.0962,0,0.0,0.0018,0,0.3572,0.0411,0.1108,0.0886,78.47,73.88,0.12,0.75,83.24,77.7
73,1,RSC-SUB,118.0,0.5493,0.66,59.0,6000,0.0516,0,0.0,-0.0028,-3,0.2956,0.0345,0.123,0.0843,75.54,81.91,0.2174,0.2727,86.98,89.62
73,1,RSC-SUB,123.0,0.5728,0.5536,64.0,8000,0.108,0,0.0,-0.0297,0,0.3369,0.0405,0.0925,0.1107,84.45,87.76,0.1667,0.4,87.82,78.9
73,1,RSC-SUB,128.0,0.5962,0.7324,69.0,6000,0.0531,0,0.0,-0.0122,-1,0.3604,0.0505,0.0977,0.0871,83.16,82.18,0.2174,0.4,87.21,89.28
73,1,RSC-SUB,133.0,0.6197,0.6769,74.0,6000,0.0706,0,0.0,-0.0016,0,0.3756,0.0441,0.1332,0.1223,85.51,75.3,0.2727,0.75,77.56,89.26
73,1,RSC-SUB,138.0,0.6432,0.8944,79.0,6000,0.0341,0,0.0,-0.01,-1,0.4317,0.0751,0.1663,0.1339,89.83,86.12,0.5556,0.5556,86.18,82.42
73,1,RSC-SUB,143.0,0.6667,0.7278,84.0,6000,0.0292,0,0.0,0.0177,2,0.4352,0.0453,0.1401,0.1311,84.55,80.67,0.3333,0.75,86.81,85.81
73,1,RSC-SUB,148.0,0.6901,0.5407,89.0,6000,0.0645,0,0.0,-0.0045,-1,0.404,0.0412,0.1476,0.1142,71.4,60.11,0.3333,0.5556,88.59,81.26
73,1,RSC-SUB,153.0,0.7136,0.3515,94.0,6000,0.064,0,0.0,-0.0079,-10,0.3801,0.0431,0.1714,0.1519,70.83,61.38,0.3333,0.4,89.27,81.94
73,1,RSC-SUB,158.0,0.7371,0.3623,99.0,8000,0.0856,0,0.0,-0.0293,0,0.3945,0.0519,0.1993,0.1777,76.68,70.14,0.2174,0.4,89.06,85.94
73,1,RSC-SUB,163.0,0.7606,0.3449,104.0,8000,0.0857,0,0.0,-0.0019,0,0.3771,0.0605,0.1671,0.1617,78.51,70.62,0.4,0.75,87.41,85.51
73,1,RSC-SUB,168.0,0.784,0.2007,109.0,8000,0.0941,0,0.0,-0.0082,0,0.3427,0.0528,0.1785,0.1628,79.3,88.01,0.4,0.75,87.15,87.38
73,1,RSC-SUB,173.0,0.8075,0.0785,114.0,6000,0.1729,11,0.1847,-0.0037,0,0.3245,0.0761,0.1191,0.1084,87.25,85.21,0.4,0.5556,81.91,88.47
73,1,RSC-SUB,178.0,0.831,0.0068,119.0,6000,0.0929,0,0.0,-0.0296,0,0.3645,0.0963,0.1729,0.1368,88.74,72.25,0.4737,0.75,86.62,76.66
73,1,RSC-SUB,183.0,0.8545,0.0734,124.0,6000,0.0735,0,0.0,-0.0259,-1,0.3601,0.0613,0.1372,0.1459,77.22,76.82,0.4,0.75,85.48,75.84
73,1,RSC-SUB,188.0,0.8779,0.0683,129.0,6000,0.0896,0,0.0,-0.0188,0,0.3315,0.0694,0.1611,0.1705,85.7,88.84,0.2727,0.75,73.42,84.29
73,1,RSC-SUB,193.0,0.9014,0.1376,134.0,6000,0.0695,0,0.0,-0.0175,0,0.3384,0.0785,0.0928,0.1112,83.3,75.21,0.2727,0.5556,78.73,83.33
73,1,RSC-SUB,198.0,0.9249,0.2793,139.0,6000,0.0835,0,0.0,-0.037,0,0.3774,0.0616,0.1458,0.1728,69.36,82.76,0.3333,0.75,84.7,89.72
73,1,RSC-SUB,203.0,0.9484,0.4396,144.0,6000,-0.1514,10,0.1942,0.0077,0,0.379,0.0475,0.2033,0.2066,85.99,75.14,0.3333,0.5556,81.87,82.18
73,1,V1-RSC,8.0,0.0329,0.0677,-51.0,10000,0.1251,1,0.0079,0.069,2,0.4457,0.4395,0.1219,0.1869,nan,nan,,,83.03,82.75
73,1,V1-RSC,13.0,0.0563,0.0877,-46.0,10000,0.1421,2,0.0205,0.0801,2,0.3435,0.4376,0.2392,0.2638,87.59,89.8,0.6667,0.2174,76.51,83.69
73,1,V1-RSC,18.0,0.0798,0.1051,-41.0,8000,0.0928,0,0.0,0.0356,2,0.2902,0.3975,0.3013,0.3445,74.56,68.96,1.0,0.5556,58.01,69.16
73,1,V1-RSC,23.0,0.1033,0.1377,-36.0,8000,0.1517,1,0.0116,0.0157,0,0.2341,0.3816,0.1799,0.2341,85.76,77.68,1.0,0.4,50.66,87.93
73,1,V1-RSC,28.0,0.1268,0.1529,-31.0,8000,0.2166,1,0.024,0.008,0,0.8599,0.3711,0.4963,0.4984,72.15,78.36,1.0,0.3333,86.53,88.2
73,1,V1-RSC,33.0,0.1502,0.1893,-26.0,8000,0.1996,1,0.0203,0.0554,2,0.1931,0.3686,0.1671,0.2038,87.58,84.52,0.6667,0.3333,82.76,81.98
73,1,V1-RSC,38.0,0.1737,0.1801,-21.0,8000,0.196,1,0.0196,0.065,3,0.1421,0.3612,0.165,0.2447,58.54,64.5,0.4286,0.4,85.88,89.0
73,1,V1-RSC,43.0,0.1972,0.2297,-16.0,8000,0.211,2,0.0345,0.0347,3,0.1383,0.3084,0.1672,0.2303,63.49,76.08,0.4286,0.2727,67.15,64.25
73,1,V1-RSC,48.0,0.2207,0.2669,-11.0,8000,0.2477,1,0.0317,0.0366,2,0.161,0.3048,0.1777,0.2307,52.92,47.35,0.4286,0.3333,43.29,52.18
73,1,V1-RSC,53.0,0.2441,0.4163,-6.0,8000,0.2492,1,0.032,0.0242,0,0.13,0.3472,0.1607,0.2432,36.33,54.36,0.25,0.4,88.13,63.77
73,1,V1-RSC,58.0,0.2676,0.6087,-1.0,6000,0.2489,1,0.032,0.0279,3,0.1338,0.3368,0.1568,0.2328,41.3,52.87,0.4286,0.3333,63.68,73.78
73,1,V1-RSC,63.0,0.2911,0.718,4.0,6000,0.2362,1,0.0287,0.0219,2,0.1379,0.3383,0.1727,0.2075,63.37,62.5,0.4286,0.2727,88.64,88.6
73,1,V1-RSC,68.0,0.3146,0.6957,9.0,6000,0.2884,1,0.0434,-0.0087,0,0.8264,0.3212,0.3535,0.3129,87.29,73.54,0.4286,0.3333,81.71,85.4
73,1,V1-RSC,73.0,0.338,0.6492,14.0,6000,0.2448,1,0.0309,0.0039,2,0.1391,0.3181,0.1923,0.2178,85.22,62.23,0.6667,0.2727,78.21,87.74
73,1,V1-RSC,78.0,0.3615,0.7139,19.0,6000,0.2901,1,0.044,0.0423,2,0.1206,0.3647,0.1671,0.2217,69.45,65.49,0.4286,0.2174,80.02,65.14
73,1,V1-RSC,83.0,0.385,0.8038,24.0,6000,0.201,1,0.0206,0.031,0,0.1465,0.3299,0.2089,0.2271,77.06,82.04,0.6667,0.3333,79.91,85.86
73,1,V1-RSC,88.0,0.4085,0.8539,29.0,6000,0.2486,1,0.0319,0.0307,2,0.8247,0.3911,0.3671,0.3459,80.34,82.51,0.4286,0.4,80.15,81.93
73,1,V1-RSC,93.0,0.4319,0.8429,34.0,6000,0.2838,2,0.0636,0.031,2,0.8311,0.3581,0.3692,0.3354,60.76,79.76,0.6667,0.4737,65.94,78.16
73,1,V1-RSC,98.0,0.4554,0.6962,39.0,6000,0.1923,0,0.0,0.0255,0,0.1442,0.325,0.187,0.2057,89.41,67.78,0.6667,0.3333,84.06,68.59
73,1,V1-RSC,103.0,0.4789,0.7147,44.0,6000,0.2298,1,0.0271,0.0865,2,0.113,0.3051,0.1658,0.1972,73.31,71.87,0.4286,0.4737,76.22,83.04
73,1,V1-RSC,108.0,0.5023,0.6664,49.0,8000,0.1084,0,0.0,0.0766,2,0.16,0.3059,0.1784,0.1837,87.31,89.81,0.4286,0.0769,78.98,88.62
73,1,V1-RSC,113.0,0.5258,0.6405,54.0,6000,0.1819,2,0.0375,0.091,2,0.8308,0.3681,0.3526,0.3105,88.24,89.97,0.1111,0.0769,75.12,75.99
73,1,V1-RSC,118.0,0.5493,0.66,59.0,6000,0.1921,1,0.0188,0.0177,1,0.0978,0.3068,0.1569,0.1835,87.04,68.55,0.6667,0.1667,61.13,76.08
73,1,V1-RSC,123.0,0.5728,0.5536,64.0,8000,0.1431,0,0.0,0.0708,1,0.1281,0.3537,0.1564,0.1685,41.48,52.91,0.4286,0.2174,78.0,81.78
73,1,V1-RSC,128.0,0.5962,0.7324,69.0,6000,0.1497,0,0.0,0.0782,2,0.1597,0.3736,0.1762,0.1978,82.17,84.34,0.25,0.2174,82.16,83.79
73,1,V1-RSC,133.0,0.6197,0.6769,74.0,6000,0.1438,0,0.0,0.0641,1,0.1122,0.3811,0.1577,0.2223,58.31,65.37,0.6667,0.2727,89.2,78.43
73,1,V1-RSC,138.0,0.6432,0.8944,79.0,6000,0.222,1,0.0253,0.0278,2,0.1622,0.4341,0.1716,0.2337,78.47,77.37,0.4286,0.4737,80.78,84.15
73,1,V1-RSC,143.0,0.6667,0.7278,84.0,6000,0.231,1,0.0274,0.0565,1,0.146,0.4501,0.1687,0.2272,50.0,55.39,1.0,0.4,83.4,89.2
73,1,V1-RSC,148.0,0.6901,0.5407,89.0,6000,0.2777,1,0.0401,0.021,0,0.145,0.4216,0.2019,0.2276,65.98,76.29,1.0,0.2727,88.08,86.97
73,1,V1-RSC,153.0,0.7136,0.3515,94.0,6000,0.1942,1,0.0192,0.0791,2,0.138,0.3809,0.1778,0.1962,71.38,82.85,0.4286,0.3333,83.47,76.34
73,1,V1-RSC,158.0,0.7371,0.3623,99.0,8000,0.0945,1,0.011,0.0672,2,0.1398,0.4063,0.2017,0.2439,61.26,78.89,0.6667,0.2174,83.47,81.67
73,1,V1-RSC,163.0,0.7606,0.3449,104.0,8000,0.1476,1,0.0158,0.0444,2,0.1485,0.3861,0.2269,0.2255,64.55,72.68,0.6667,0.3333,88.71,83.2
73,1,V1-RSC,168.0,0.784,0.2007,109.0,8000,0.103,0,0.0,0.0858,1,0.1689,0.3323,0.1966,0.2204,67.63,72.65,0.6667,0.2727,72.02,79.63
73,1,V1-RSC,173.0,0.8075,0.0785,114.0,6000,0.1227,0,0.0,0.0737,3,0.2338,0.3256,0.1409,0.1934,47.55,63.84,0.4286,0.1667,69.16,80.0
73,1,V1-RSC,178.0,0.831,0.0068,119.0,6000,0.2033,1,0.0211,0.0336,3,0.2265,0.3669,0.229,0.2439,58.64,64.07,0.6667,0.3333,75.99,80.97
73,1,V1-RSC,183.0,0.8545,0.0734,124.0,6000,0.1557,1,0.0123,0.0538,2,0.1847,0.3659,0.1934,0.2255,87.17,74.95,0.6667,0.2174,89.11,81.73
73,1,V1-RSC,188.0,0.8779,0.0683,129.0,6000,0.1399,0,0.0,0.0684,2,0.2256,0.3414,0.2108,0.2111,86.32,89.0,0.25,0.4,89.86,87.79
73,1,V1-RSC,193.0,0.9014,0.1376,134.0,6000,0.0608,0,0.0,0.0655,2,0.208,0.3373,0.1271,0.1603,70.52,79.72,0.4286,0.3333,89.7,88.07
73,1,V1-RSC,198.0,0.9249,0.2793,139.0,6000,0.1686,1,0.0144,0.0137,3,0.1528,0.3907,0.1843,0.2006,35.83,58.0,0.25,0.1667,86.96,88.18
73,1,V1-RSC,203.0,0.9484,0.4396,144.0,6000,0.1418,1,0.0101,0.028,4,0.1579,0.3929,0.1806,0.2133,69.66,54.98,0.6667,0.2727,69.57,88.52
75,1,CA1-RSC,8.0,0.068,0.1592,-23.0,6000,0.6149,10,0.7975,0.0193,-2,0.3444,0.5629,0.0967,0.2054,nan,nan,,,81.68,85.47
75,1,CA1-RSC,13.0,0.1165,0.1579,-18.0,6000,0.3986,4,0.2117,0.0011,-3,0.2402,0.5544,0.1332,0.2161,84.01,79.61,0.5,0.2857,89.29,88.31
75,1,CA1-RSC,18.0,0.165,0.2708,-13.0,6000,0.4833,6,0.7969,0.0138,-1,0.4497,0.5275,0.1352,0.1967,68.91,87.93,0.7143,0.4062,80.0,89.09
75,1,CA1-RSC,23.0,0.2136,0.3267,-8.0,6000,0.044,2,0.0584,-0.0744,-6,0.2424,0.4963,0.1388,0.2372,88.34,78.67,1.0,0.4286,80.34,81.46
75,1,CA1-RSC,28.0,0.2621,0.503,-3.0,6000,0.1101,6,0.5366,0.0107,2,0.271,0.5143,0.1795,0.217,74.05,80.7,0.5,0.2162,82.25,85.22
75,1,CA1-RSC,33.0,0.3107,0.588,2.0,6000,0.2621,1,0.0356,0.0386,0,0.2521,0.4624,0.1321,0.2272,55.12,71.94,0.5,0.4516,86.19,81.7
75,1,CA1-RSC,38.0,0.3592,0.6407,7.0,6000,0.3621,9,0.5494,0.0367,0,0.1905,0.4414,0.1122,0.2353,68.67,88.33,1.0,0.3433,82.52,86.75
75,1,CA1-RSC,43.0,0.4078,0.544,12.0,6000,0.2763,2,0.0562,-0.0255,0,0.1798,0.437,0.1188,0.2201,87.19,83.45,0.7143,0.3235,89.95,79.85
75,1,CA1-RSC,48.0,0.4563,0.5135,17.0,6000,0.7423,7,0.7213,0.0196,-10,0.2006,0.4656,0.1927,0.2429,69.61,71.7,0.5,0.4754,80.25,65.75
75,1,CA1-RSC,53.0,0.5049,0.5378,22.0,6000,0.204,4,0.0829,0.0119,0,0.0977,0.4575,0.0947,0.2019,78.4,72.89,0.2,0.3235,86.77,87.3
75,1,CA1-RSC,58.0,0.5534,0.6868,27.0,6000,-0.0897,7,0.2785,0.0138,0,0.1474,0.4526,0.119,0.1853,88.8,87.87,0.3333,0.2162,85.04,82.65
75,1,CA1-RSC,63.0,0.6019,0.7177,32.0,6000,0.0443,10,0.2947,0.0526,2,0.1988,0.471,0.1179,0.211,66.35,82.63,0.7143,0.3043,76.26,86.86
75,1,CA1-RSC,68.0,0.6505,0.6889,37.0,6000,0.3,3,0.1292,0.0343,2,0.2147,0.5096,0.1159,0.2131,56.81,53.28,0.7143,0.6071,79.08,82.6
75,1,CA1-RSC,73.0,0.699,0.6881,42.0,6000,0.3147,4,0.1452,-0.0037,10,0.134,0.4641,0.1114,0.1894,81.26,86.04,0.5,0.4516,84.52,83.83
75,1,CA1-RSC,78.0,0.7476,0.7021,47.0,6000,-0.1672,5,0.2249,0.0045,-8,0.151,0.4974,0.1155,0.2283,53.75,60.99,0.3333,0.4062,80.01,89.35
75,1,CA1-RSC,83.0,0.7961,0.7263,52.0,6000,0.1512,10,0.7148,0.0341,0,0.1597,0.4948,0.1361,0.2295,56.81,66.73,0.3333,0.4062,85.72,85.75
75,1,CA1-RSC,88.0,0.8447,0.5737,57.0,6000,0.1443,0,0.0,-0.0052,-10,0.1964,0.4825,0.1132,0.2026,67.37,73.12,0.5,0.3636,86.98,89.72
75,1,CA1-RSC,93.0,0.8932,0.4496,62.0,6000,0.1851,6,0.1626,0.0175,0,0.1271,0.4743,0.0966,0.2058,63.28,74.85,0.2,0.4062,72.22,84.31
75,1,CA1-DG,8.0,0.068,0.1592,-23.0,6000,0.8133,6,0.8547,-0.1298,-2,0.3439,0.4505,0.2876,0.4038,nan,nan,,,87.48,88.71
75,1,CA1-DG,13.0,0.1165,0.1579,-18.0,6000,0.37,12,0.4986,0.0154,0,0.2402,0.4314,0.2703,0.3798,88.21,83.91,0.5,0.3913,89.69,72.75
75,1,CA1-DG,18.0,0.165,0.2708,-13.0,6000,0.2643,3,0.1154,0.0044,0,0.4476,0.4947,0.3036,0.4231,70.75,89.02,0.7143,0.3333,78.05,85.06
75,1,CA1-DG,23.0,0.2136,0.3267,-8.0,6000,0.2811,2,0.117,0.0671,0,0.2419,0.4944,0.3052,0.4729,88.44,82.4,1.0,0.2308,80.59,87.29
75,1,CA1-DG,28.0,0.2621,0.503,-3.0,6000,0.7203,2,0.3869,0.0218,0,0.2682,0.4931,0.2755,0.3476,88.3,88.62,0.5,0.3333,82.87,83.23
75,1,CA1-DG,33.0,0.3107,0.588,2.0,6000,0.4955,4,0.2989,-0.0099,0,0.2504,0.4561,0.2758,0.4224,80.76,77.29,0.5,0.28,87.65,88.1
75,1,CA1-DG,38.0,0.3592,0.6407,7.0,6000,0.289,3,0.1292,-0.0218,-2,0.1893,0.4756,0.2179,0.3451,88.23,85.73,1.0,0.3913,85.46,82.73
75,1,CA1-DG,43.0,0.4078,0.544,12.0,6000,0.2386,1,0.0293,0.0263,0,0.1794,0.4568,0.2116,0.3332,73.31,85.94,0.7143,0.4545,82.99,88.79
75,1,CA1-DG,48.0,0.4563,0.5135,17.0,6000,0.3424,3,0.0935,-0.0013,0,0.21,0.4522,0.2372,0.3383,69.51,77.58,0.5,0.3913,85.25,85.8
75,1,CA1-DG,53.0,0.5049,0.5378,22.0,6000,0.4335,7,0.2327,-0.0013,0,0.0982,0.4297,0.2113,0.3243,71.02,85.75,0.2,0.4545,84.14,88.07
75,1,CA1-DG,58.0,0.5534,0.6868,27.0,6000,0.0095,7,0.7542,-0.0233,0,0.1469,0.4409,0.2106,0.3455,81.99,89.63,0.3333,0.28,82.02,83.63
75,1,CA1-DG,63.0,0.6019,0.7177,32.0,6000,0.2952,5,0.3144,0.0023,0,0.1969,0.4793,0.2336,0.3495,72.52,89.18,0.7143,0.4545,83.71,81.22
75,1,CA1-DG,68.0,0.6505,0.6889,37.0,6000,0.1898,6,0.351,0.0698,0,0.2131,0.5061,0.2139,0.3831,75.39,73.82,0.7143,0.3913,79.51,89.58
75,1,CA1-DG,73.0,0.699,0.6881,42.0,6000,0.2217,6,0.2986,0.0399,0,0.1325,0.4013,0.2013,0.3097,79.6,77.73,0.5,0.3333,82.6,87.98
75,1,CA1-DG,78.0,0.7476,0.7021,47.0,6000,0.1798,0,0.0,0.0444,0,0.1504,0.4239,0.2256,0.3049,84.09,87.86,0.3333,0.2308,83.75,86.98
75,1,CA1-DG,83.0,0.7961,0.7263,52.0,6000,0.1701,3,0.1062,0.055,8,0.1588,0.4147,0.209,0.3389,80.17,85.14,0.3333,0.4545,69.77,66.31
75,1,CA1-DG,88.0,0.8447,0.5737,57.0,6000,0.1811,2,0.1039,-0.0174,0,0.1962,0.4451,0.1698,0.3561,70.3,79.16,0.5,0.3913,84.35,72.71
75,1,CA1-DG,93.0,0.8932,0.4496,62.0,6000,0.0247,5,0.2514,-0.0139,0,0.1261,0.411,0.1649,0.3356,75.49,76.61,0.2,0.2308,73.11,76.68
75,1,CA1-V1,8.0,0.068,0.1592,-23.0,6000,0.2902,6,0.287,-0.031,-9,0.343,0.2318,0.0968,0.0881,nan,nan,,,81.45,78.3
75,1,CA1-V1,13.0,0.1165,0.1579,-18.0,6000,0.1317,3,0.1384,0.0443,5,0.2397,0.2319,0.0971,0.1275,80.77,89.08,0.5,0.3636,89.35,83.54
75,1,CA1-V1,18.0,0.165,0.2708,-13.0,6000,0.0331,8,0.3239,-0.0448,0,0.4472,0.2047,0.1389,0.1311,74.56,85.64,0.7143,0.3043,68.43,87.52
75,1,CA1-V1,23.0,0.2136,0.3267,-8.0,6000,0.0679,0,0.0,0.0389,0,0.244,0.1884,0.1573,0.1248,83.8,82.51,1.0,0.3636,89.97,89.48
75,1,CA1-V1,28.0,0.2621,0.503,-3.0,6000,-0.3822,2,0.0556,0.0482,8,0.2686,0.2292,0.1598,0.1299,82.4,86.93,0.5,0.3043,84.76,75.72
75,1,CA1-V1,33.0,0.3107,0.588,2.0,6000,-0.0468,0,0.0,-0.008,0,0.2508,0.2167,0.1749,0.1495,60.66,77.72,0.5,0.3043,80.78,75.23
75,1,CA1-V1,38.0,0.3592,0.6407,7.0,6000,-0.38,3,0.0488,0.0016,0,0.1892,0.2182,0.1307,0.1221,54.28,66.95,1.0,0.3636,81.9,87.09
75,1,CA1-V1,43.0,0.4078,0.544,12.0,6000,0.0819,2,0.0263,-0.0045,0,0.1789,0.2354,0.1221,0.146,83.59,78.75,0.7143,0.3043,81.41,84.76
75,1,CA1-V1,48.0,0.4563,0.5135,17.0,6000,-0.4596,4,0.2667,0.0251,0,0.2109,0.2026,0.1563,0.1448,59.08,80.47,0.5,0.3043,82.37,70.28
75,1,CA1-V1,53.0,0.5049,0.5378,22.0,6000,0.1606,4,0.078,-0.0002,-2,0.0971,0.2061,0.1047,0.1237,79.93,78.3,0.2,0.3636,74.04,84.36
75,1,CA1-V1,58.0,0.5534,0.6868,27.0,6000,0.0757,3,0.1011,-0.0221,0,0.1463,0.2052,0.1202,0.1022,83.79,78.47,0.3333,0.2,82.21,74.93
75,1,CA1-V1,63.0,0.6019,0.7177,32.0,6000,-0.2065,1,0.0212,-0.0046,0,0.1969,0.1661,0.133,0.1185,86.58,87.35,0.7143,0.25,83.1,86.32
75,1,CA1-V1,68.0,0.6505,0.6889,37.0,6000,0.0832,2,0.1245,0.0299,0,0.2132,0.2379,0.1537,0.1709,67.64,68.9,0.7143,0.5789,87.94,88.23
75,1,CA1-V1,73.0,0.699,0.6881,42.0,6000,0.0415,2,0.0478,0.0259,0,0.133,0.2173,0.1111,0.1549,75.8,73.89,0.5,0.25,87.74,89.46
75,1,CA1-V1,78.0,0.7476,0.7021,47.0,6000,0.0815,3,0.0419,0.0025,0,0.1502,0.2081,0.1353,0.1504,85.37,81.97,0.3333,0.4286,75.78,81.97
75,1,CA1-V1,83.0,0.7961,0.7263,52.0,6000,-0.3448,5,0.1631,-0.01,0,0.1585,0.2319,0.1525,0.1658,85.26,89.61,0.3333,0.3636,83.33,89.1
75,1,CA1-V1,88.0,0.8447,0.5737,57.0,6000,0.2505,6,0.1458,0.0048,0,0.1953,0.2342,0.1173,0.1264,87.25,80.84,0.5,0.3043,84.37,84.14
75,1,CA1-V1,93.0,0.8932,0.4496,62.0,6000,-0.0587,6,0.2213,0.0119,0,0.1261,0.2262,0.0914,0.1356,89.47,82.93,0.2,0.2,86.87,88.04
75,1,CA1-SUB,8.0,0.068,0.1592,-23.0,6000,0.0568,5,0.3194,-0.0062,0,0.3432,0.1349,0.1691,0.1206,nan,nan,,,73.8,85.8
75,1,CA1-SUB,13.0,0.1165,0.1579,-18.0,6000,0.0738,4,0.2375,-0.0029,0,0.2397,0.1057,0.1773,0.1425,81.29,84.09,0.5,0.4286,87.82,87.26
75,1,CA1-SUB,18.0,0.165,0.2708,-13.0,6000,0.0768,9,0.3549,-0.0069,0,0.4475,0.1255,0.1459,0.0901,89.38,77.38,0.7143,0.25,83.31,83.37
75,1,CA1-SUB,23.0,0.2136,0.3267,-8.0,6000,0.1481,1,0.0111,-0.0177,0,0.2436,0.1566,0.1191,0.1268,89.45,78.69,1.0,0.25,79.46,87.38
75,1,CA1-SUB,28.0,0.2621,0.503,-3.0,6000,-0.0453,5,0.257,0.0116,0,0.2688,0.1219,0.1668,0.1424,70.89,86.96,0.5,0.25,89.29,89.4
75,1,CA1-SUB,33.0,0.3107,0.588,2.0,6000,0.0585,4,0.0952,0.0008,0,0.2501,0.1385,0.1243,0.1159,87.22,80.95,0.5,0.25,78.09,85.12
75,1,CA1-SUB,38.0,0.3592,0.6407,7.0,6000,0.2162,3,0.0666,-0.0056,0,0.1891,0.1225,0.1194,0.1419,71.17,76.36,1.0,0.4286,77.12,78.67
75,1,CA1-SUB,43.0,0.4078,0.544,12.0,6000,0.1242,1,0.0153,-0.0076,0,0.1791,0.1597,0.1522,0.1559,75.7,71.29,0.7143,0.1765,86.38,88.06
75,1,CA1-SUB,48.0,0.4563,0.5135,17.0,6000,0.1966,6,0.4626,0.0113,0,0.2108,0.1524,0.164,0.1426,73.43,61.81,0.5,0.3333,74.52,82.46
75,1,CA1-SUB,53.0,0.5049,0.5378,22.0,6000,0.3674,7,0.2488,0.0216,0,0.0976,0.1353,0.1258,0.1206,62.74,70.97,0.2,0.25,87.49,73.69
75,1,CA1-SUB,58.0,0.5534,0.6868,27.0,6000,0.601,4,0.4548,-0.0048,0,0.1468,0.1306,0.1682,0.1586,62.52,72.46,0.3333,0.4286,81.56,61.02
75,1,CA1-SUB,63.0,0.6019,0.7177,32.0,6000,0.2842,5,0.1915,0.0095,0,0.1974,0.1694,0.1546,0.1436,87.37,68.97,0.7143,0.1765,83.82,80.16
75,1,CA1-SUB,68.0,0.6505,0.6889,37.0,6000,0.6204,9,0.4439,-0.0004,0,0.213,0.1472,0.1303,0.1468,68.76,67.88,0.7143,0.5385,76.32,88.47
75,1,CA1-SUB,73.0,0.699,0.6881,42.0,6000,-0.3094,7,0.2768,-0.006,0,0.1329,0.1309,0.1388,0.1357,81.94,88.67,0.5,0.3333,85.26,80.57
75,1,CA1-SUB,78.0,0.7476,0.7021,47.0,6000,0.0412,4,0.1348,-0.0019,0,0.1505,0.1314,0.1527,0.1409,67.79,51.98,0.3333,0.1765,78.34,87.72
75,1,CA1-SUB,83.0,0.7961,0.7263,52.0,6000,0.3455,6,0.1404,-0.0237,0,0.1586,0.1081,0.1565,0.1633,67.44,79.12,0.3333,0.0526,86.45,86.86
75,1,CA1-SUB,88.0,0.8447,0.5737,57.0,6000,0.2838,4,0.1024,0.0155,0,0.1953,0.1414,0.1665,0.1436,60.85,54.99,0.5,0.1765,85.86,78.71
75,1,CA1-SUB,93.0,0.8932,0.4496,62.0,6000,-0.0434,8,0.2633,-0.0162,0,0.1263,0.1277,0.1626,0.1452,84.4,74.81,0.2,0.3333,81.22,74.79
75,1,RSC-SUB,8.0,0.068,0.1592,-23.0,6000,0.4575,5,0.4412,-0.0044,0,0.5694,0.1153,0.1731,0.0971,nan,nan,,,79.34,72.15
75,1,RSC-SUB,13.0,0.1165,0.1579,-18.0,6000,0.4714,10,0.6206,0.0047,0,0.5545,0.0933,0.1841,0.0933,87.15,82.11,0.3043,0.3333,75.33,62.71
75,1,RSC-SUB,18.0,0.165,0.2708,-13.0,6000,-0.1703,12,1.1771,0.0077,0,0.5323,0.0983,0.1874,0.0962,62.6,46.95,0.4516,0.3333,64.1,60.73
75,1,RSC-SUB,23.0,0.2136,0.3267,-8.0,6000,0.2625,5,0.3036,-0.0178,0,0.5075,0.1383,0.2019,0.1013,61.01,52.61,0.3636,0.3333,60.0,54.68
75,1,RSC-SUB,28.0,0.2621,0.503,-3.0,6000,0.1136,11,1.109,0.0333,0,0.5145,0.1053,0.2076,0.1217,83.1,75.52,0.2329,0.3333,72.18,76.36
75,1,RSC-SUB,33.0,0.3107,0.588,2.0,6000,0.2918,3,0.1559,0.0152,0,0.4705,0.1295,0.2163,0.1246,66.66,61.71,0.4516,0.3333,83.24,87.32
75,1,RSC-SUB,38.0,0.3592,0.6407,7.0,6000,0.4244,11,0.7266,0.0041,0,0.4467,0.1159,0.2265,0.1238,76.1,76.27,0.3043,0.6667,73.43,74.44
75,1,RSC-SUB,43.0,0.4078,0.544,12.0,6000,0.2848,2,0.0798,0.0384,0,0.4429,0.129,0.206,0.1085,76.94,70.0,0.3433,0.3333,83.05,88.06
75,1,RSC-SUB,48.0,0.4563,0.5135,17.0,6000,0.5157,2,0.2496,0.0223,0,0.4723,0.1276,0.2085,0.1223,76.22,70.8,0.4286,0.4286,83.83,74.88
75,1,RSC-SUB,53.0,0.5049,0.5378,22.0,6000,0.3618,3,0.1195,0.0018,0,0.4632,0.1222,0.1963,0.0919,61.15,48.23,0.3433,0.3333,70.18,70.12
75,1,RSC-SUB,58.0,0.5534,0.6868,27.0,6000,0.2258,5,0.1899,0.0206,0,0.4635,0.1098,0.1878,0.0961,67.33,54.6,0.2,0.25,58.97,61.02
75,1,RSC-SUB,63.0,0.6019,0.7177,32.0,6000,-0.0374,2,0.0854,-0.0114,0,0.4762,0.1479,0.2046,0.1233,52.51,54.11,0.3043,0.25,69.51,66.77
75,1,RSC-SUB,68.0,0.6505,0.6889,37.0,6000,0.3176,5,0.417,0.0098,0,0.5091,0.1256,0.1955,0.1115,48.14,44.58,0.6071,0.3333,79.31,77.04
75,1,RSC-SUB,73.0,0.699,0.6881,42.0,6000,0.0823,6,0.2644,0.0303,0,0.474,0.1092,0.1841,0.1022,82.62,89.98,0.4754,0.1765,84.11,86.72
75,1,RSC-SUB,78.0,0.7476,0.7021,47.0,6000,0.4068,5,0.4274,0.0235,0,0.4901,0.116,0.231,0.1038,85.7,70.56,0.4286,0.4286,85.68,87.85
75,1,RSC-SUB,83.0,0.7961,0.7263,52.0,6000,-0.0311,9,0.5769,0.0191,0,0.498,0.1043,0.2022,0.108,81.08,89.56,0.4286,0.4286,62.2,55.75
75,1,RSC-SUB,88.0,0.8447,0.5737,57.0,6000,0.1716,2,0.0454,0.0246,0,0.4875,0.1292,0.1963,0.1129,70.49,84.18,0.3636,0.4286,68.07,55.62
75,1,RSC-SUB,93.0,0.8932,0.4496,62.0,6000,0.3314,5,0.2122,0.0474,0,0.4835,0.1048,0.1918,0.0996,55.96,50.0,0.4062,0.5385,70.64,58.2
75,1,V1-RSC,8.0,0.068,0.1592,-23.0,6000,0.0101,3,0.1476,0.0155,0,0.2242,0.5627,0.1492,0.2559,nan,nan,,,70.22,59.6
75,1,V1-RSC,13.0,0.1165,0.1579,-18.0,6000,0.0369,7,0.428,0.0255,0,0.2265,0.5538,0.153,0.2654,79.34,89.21,0.3636,0.3235,67.82,80.78
75,1,V1-RSC,18.0,0.165,0.2708,-13.0,6000,-0.3092,10,1.1043,-0.0197,-1,0.1958,0.5286,0.1502,0.2813,65.09,67.78,0.3636,0.4516,72.45,76.44
75,1,V1-RSC,23.0,0.2136,0.3267,-8.0,6000,0.3127,3,0.1939,0.025,0,0.1787,0.5018,0.1576,0.2772,51.39,57.52,0.4286,0.3433,60.35,59.36
75,1,V1-RSC,28.0,0.2621,0.503,-3.0,6000,-0.31,7,0.8531,0.0261,0,0.2185,0.5048,0.1764,0.2972,65.68,63.08,0.5,0.25,63.35,56.23
75,1,V1-RSC,33.0,0.3107,0.588,2.0,6000,0.4071,4,0.2637,0.0431,0,0.213,0.4665,0.1771,0.2909,46.31,50.54,0.5789,0.4516,56.7,63.83
75,1,V1-RSC,38.0,0.3592,0.6407,7.0,6000,0.6426,5,0.7214,0.0057,0,0.1971,0.4425,0.1844,0.306,40.94,49.06,0.5789,0.3636,73.18,72.29
75,1,V1-RSC,43.0,0.4078,0.544,12.0,6000,0.4205,4,0.3282,0.0117,0,0.2244,0.4436,0.1943,0.3181,39.18,42.81,0.5789,0.3433,53.43,51.25
75,1,V1-RSC,48.0,0.4563,0.5135,17.0,6000,0.6639,3,0.518,0.0216,0,0.2058,0.4716,0.1956,0.3183,34.56,36.88,0.5,0.4286,37.47,38.65
75,1,V1-RSC,53.0,0.5049,0.5378,22.0,6000,0.5922,3,0.3213,0.0178,0,0.2051,0.4626,0.1794,0.285,46.7,51.34,0.3636,0.3433,46.12,57.13
75,1,V1-RSC,58.0,0.5534,0.6868,27.0,6000,0.021,3,0.186,0.0292,0,0.2024,0.4649,0.1902,0.2696,51.44,54.86,0.25,0.2162,56.52,45.8
75,1,V1-RSC,63.0,0.6019,0.7177,32.0,6000,0.5927,5,0.8429,0.0197,0,0.1726,0.4721,0.1928,0.3029,41.65,49.97,0.3043,0.3235,39.48,36.68
75,1,V1-RSC,68.0,0.6505,0.6889,37.0,6000,0.4235,4,0.4401,0.0293,0,0.2222,0.5077,0.2041,0.3077,32.26,35.88,0.4286,0.5517,36.8,39.37
75,1,V1-RSC,73.0,0.699,0.6881,42.0,6000,0.2795,1,0.0511,0.0383,0,0.2131,0.4693,0.1847,0.2791,34.13,39.31,0.3636,0.4516,57.91,64.16
75,1,V1-RSC,78.0,0.7476,0.7021,47.0,6000,0.5354,8,0.6501,0.0253,0,0.2117,0.4867,0.1847,0.3096,37.35,42.48,0.5,0.4286,41.87,48.98
75,1,V1-RSC,83.0,0.7961,0.7263,52.0,6000,0.3005,8,0.7234,0.026,0,0.2386,0.4926,0.1813,0.3052,34.28,38.77,0.5789,0.3846,37.34,38.69
75,1,V1-RSC,88.0,0.8447,0.5737,57.0,6000,0.4699,2,0.1956,0.0125,0,0.233,0.4828,0.1882,0.2769,32.27,39.3,0.5789,0.3846,42.24,46.26
75,1,V1-RSC,93.0,0.8932,0.4496,62.0,6000,0.4326,4,0.2303,0.0322,0,0.2184,0.4828,0.1771,0.2727,34.2,44.47,0.4286,0.3636,49.63,50.53
77,1,CA1-RSC,8.0,0.0407,0.0973,-41.0,8000,0.1447,1,0.0106,-0.0076,0,0.1566,0.4805,0.1799,0.2314,nan,nan,,,62.77,70.29
77,1,CA1-RSC,13.0,0.0698,0.1004,-36.0,8000,0.3446,3,0.1077,-0.0237,0,0.2311,0.4736,0.1872,0.2259,82.13,80.32,0.3333,0.36,62.3,82.72
77,1,CA1-RSC,18.0,0.0988,0.1395,-31.0,8000,0.4301,6,0.2787,-0.0049,0,0.2278,0.4238,0.2498,0.2886,72.65,70.38,1.0,0.4571,56.66,77.55
77,1,CA1-RSC,23.0,0.1279,0.1748,-26.0,8000,0.365,5,0.2025,0.0064,0,0.1806,0.4036,0.2209,0.2719,27.94,58.87,0.3333,0.4366,66.34,72.83
77,1,CA1-RSC,28.0,0.157,0.2549,-21.0,8000,0.0934,0,0.0,-0.01,-8,0.187,0.3941,0.1018,0.1859,43.56,73.36,1.0,0.5455,55.02,82.3
77,1,CA1-RSC,33.0,0.186,0.2799,-16.0,8000,0.1251,1,0.0079,0.0386,1,0.1416,0.3946,0.1258,0.1897,63.7,83.9,0.3333,0.4366,68.08,72.24
77,1,CA1-RSC,38.0,0.2151,0.3503,-11.0,6000,-0.0842,3,0.0901,0.0008,3,0.1175,0.3678,0.1327,0.2086,40.14,64.94,1.0,0.4167,58.26,67.51
77,1,CA1-RSC,43.0,0.2442,0.4091,-6.0,6000,0.1252,0,0.0,-0.0137,0,0.1004,0.3513,0.0691,0.1847,35.17,63.13,1.0,0.3784,68.14,75.27
77,1,CA1-RSC,48.0,0.2733,0.5284,-1.0,6000,0.1435,0,0.0,-0.0172,0,0.0822,0.3525,0.097,0.1808,60.72,84.37,0.3333,0.3247,81.23,86.68
77,1,CA1-RSC,53.0,0.3023,0.6026,4.0,6000,-0.0972,6,0.1446,-0.0137,-1,0.0676,0.3773,0.0797,0.1671,74.42,79.52,1.0,0.3247,79.44,84.35
77,1,CA1-RSC,58.0,0.3314,0.7004,9.0,6000,0.0438,4,0.0994,-0.0291,0,0.0592,0.3565,0.101,0.1881,62.23,76.65,0.3333,0.4167,68.89,82.75
77,1,CA1-RSC,63.0,0.3605,0.6528,14.0,6000,0.3303,4,0.1367,-0.0086,0,0.0881,0.3443,0.1072,0.178,87.88,71.29,0.3333,0.4366,78.91,89.13
77,1,CA1-RSC,68.0,0.3895,0.6444,19.0,6000,-0.0563,3,0.0613,0.0074,1,0.0386,0.353,0.0973,0.1825,89.09,84.04,0.3333,0.3077,78.75,85.06
77,1,CA1-RSC,73.0,0.4186,0.5559,24.0,6000,0.1188,0,0.0,0.0073,2,0.0631,0.315,0.0995,0.1794,88.52,82.9,0.3333,0.2911,66.92,80.98
77,1,CA1-RSC,78.0,0.4477,0.6248,29.0,6000,0.1397,0,0.0,-0.0088,0,0.0427,0.3096,0.0772,0.1883,46.24,62.41,0.3333,0.275,63.6,83.86
77,1,CA1-RSC,83.0,0.4767,0.6979,34.0,6000,-0.1417,3,0.0915,0.0106,-5,0.0858,0.3432,0.0554,0.1783,57.93,79.04,0.3333,0.3247,86.12,85.77
77,1,CA1-RSC,88.0,0.5058,0.7147,39.0,6000,0.3428,6,0.1878,0.0191,7,0.0458,0.3265,0.0984,0.1971,81.42,85.0,0.3333,0.2911,88.6,74.18
77,1,CA1-RSC,93.0,0.5349,0.7421,44.0,6000,0.1327,0,0.0,0.0248,1,0.0489,0.3497,0.0893,0.188,68.2,79.4,0.3333,0.3784,50.87,87.68
77,1,CA1-RSC,98.0,0.564,0.7778,49.0,6000,-0.0881,3,0.0485,0.0304,-9,0.0708,0.3157,0.0638,0.1687,52.78,79.58,0.3333,0.2439,79.57,86.68
77,1,CA1-RSC,103.0,0.593,0.8654,54.0,6000,0.3535,5,0.2111,0.0341,-4,0.0791,0.3482,0.0899,0.2067,59.15,82.39,0.3333,0.3247,56.31,73.79
77,1,CA1-RSC,108.0,0.6221,0.7919,59.0,6000,0.2043,1,0.0213,0.0195,1,0.06,0.3402,0.0854,0.1997,49.13,65.16,0.3333,0.4783,45.95,74.21
77,1,CA1-RSC,113.0,0.6512,0.706,64.0,6000,0.2981,2,0.1034,0.0222,2,0.0406,0.3473,0.09,0.1951,51.38,56.5,0.3333,0.4366,66.41,85.77
77,1,CA1-RSC,118.0,0.6802,0.5711,69.0,6000,0.0417,0,0.0,0.0265,2,0.0646,0.3371,0.0562,0.1828,72.47,78.65,0.3333,0.3421,58.78,77.18
77,1,CA1-RSC,123.0,0.7093,0.619,74.0,6000,0.0869,0,0.0,0.0454,1,0.0544,0.3602,0.0545,0.1774,54.53,84.32,0.3333,0.3973,89.13,87.22
77,1,CA1-RSC,128.0,0.7384,0.6043,79.0,6000,0.1524,0,0.0,0.0132,0,0.0505,0.3427,0.0776,0.1756,83.76,85.6,0.3333,0.3421,60.01,78.55
77,1,CA1-RSC,133.0,0.7674,0.6724,84.0,6000,0.3284,5,0.1748,-0.0045,-4,0.0454,0.3204,0.0864,0.1902,55.34,66.47,0.3333,0.3973,70.73,89.29
77,1,CA1-RSC,138.0,0.7965,0.6747,89.0,6000,0.1676,0,0.0,0.0052,-2,0.0581,0.3415,0.0925,0.1976,74.88,81.29,0.3333,0.3973,59.86,87.76
77,1,CA1-RSC,143.0,0.8256,0.5894,94.0,6000,0.0307,3,0.0874,-0.0044,-5,0.0861,0.3512,0.0759,0.2042,36.73,60.23,1.0,0.36,81.96,89.14
77,1,CA1-RSC,148.0,0.8547,0.5604,99.0,6000,0.3154,4,0.1288,0.0168,3,0.0657,0.3784,0.0779,0.1964,62.35,74.76,1.0,0.3421,72.5,79.68
77,1,CA1-RSC,153.0,0.8837,0.6351,104.0,6000,0.0604,0,0.0,0.0072,2,0.0671,0.4466,0.0782,0.1659,85.71,76.85,0.3333,0.2593,54.3,80.51
77,1,CA1-RSC,158.0,0.9128,0.7699,109.0,6000,0.0554,0,0.0,0.0136,1,0.0881,0.3826,0.0897,0.1727,75.81,89.41,0.3333,0.2593,55.23,88.54
77,1,CA1-RSC,163.0,0.9419,0.8881,114.0,6000,0.2231,1,0.0255,-0.0041,1,0.1132,0.4,0.1414,0.197,80.65,76.24,1.0,0.4366,88.92,87.77
77,1,CA1-DG,8.0,0.0407,0.0973,-41.0,8000,-0.1659,1,0.0057,-0.0755,-1,0.1335,0.6546,0.1726,0.0625,nan,nan,,,80.45,60.92
77,1,CA1-DG,13.0,0.0698,0.1004,-36.0,8000,-0.2149,0,0.0,-0.0601,0,0.2577,0.7378,0.4725,0.5456,43.94,73.52,0.3333,0.3333,87.61,47.74
77,1,CA1-DG,18.0,0.0988,0.1395,-31.0,8000,-0.3484,2,0.166,0.0158,0,0.2972,0.4946,0.3285,0.1739,77.88,64.04,1.0,1.0,51.43,87.02
77,1,CA1-DG,23.0,0.1279,0.1748,-26.0,8000,0.2223,5,0.0946,-0.0638,-1,0.2065,0.4197,0.1477,0.2851,67.08,78.86,1.0,1.0,84.44,82.1
77,1,CA1-DG,28.0,0.157,0.2549,-21.0,8000,0.2564,1,0.034,-0.0587,-4,0.205,0.2909,0.1715,0.2038,79.7,88.2,1.0,1.0,77.45,39.44
77,1,CA1-DG,33.0,0.186,0.2799,-16.0,8000,0.0572,0,0.0,-0.1029,-1,0.2417,0.1982,0.2475,0.2008,65.47,55.2,0.3333,1.0,81.55,66.29
77,1,CA1-DG,38.0,0.2151,0.3503,-11.0,6000,0.0212,2,0.0234,0.0408,0,0.1811,0.2158,0.1879,0.2398,77.58,47.27,1.0,1.0,77.36,37.7
77,1,CA1-DG,43.0,0.2442,0.4091,-6.0,6000,0.0343,1,0.0804,0.0329,5,0.125,0.0752,0.2566,0.291,69.89,58.18,0.0,1.0,65.55,63.84
77,1,CA1-DG,48.0,0.2733,0.5284,-1.0,6000,0.2312,2,0.0467,0.0114,5,0.1394,0.1506,0.2554,0.1875,87.39,43.14,0.0,0.3333,78.69,73.02
77,1,CA1-DG,53.0,0.3023,0.6026,4.0,6000,-0.1621,1,0.0233,-0.0189,-4,0.1321,0.1788,0.2466,0.1926,71.96,62.83,0.3333,0.3333,87.54,40.24
77,1,CA1-DG,58.0,0.3314,0.7004,9.0,6000,-0.1244,3,0.0395,-0.0504,-1,0.1984,0.1567,0.2826,0.1956,88.49,63.95,0.0,1.0,56.27,58.42
77,1,CA1-DG,63.0,0.3605,0.6528,14.0,6000,0.2527,3,0.0638,0.0162,0,0.1031,0.1101,0.2463,0.3176,78.04,88.9,0.3333,1.0,77.01,70.43
77,1,CA1-DG,68.0,0.3895,0.6444,19.0,6000,0.2004,4,0.0409,-0.0093,3,0.1498,0.3369,0.2949,0.1323,80.53,34.36,0.3333,1.0,71.64,64.04
77,1,CA1-DG,73.0,0.4186,0.5559,24.0,6000,0.0361,0,0.0,0.0177,2,0.0766,0.2008,0.1994,0.2565,70.97,86.91,0.0,1.0,85.03,75.29
77,1,CA1-DG,78.0,0.4477,0.6248,29.0,6000,0.185,1,0.0174,-0.0257,-5,0.1332,0.0758,0.1249,0.0842,66.84,64.26,0.3333,0.3333,78.26,77.18
77,1,CA1-DG,83.0,0.4767,0.6979,34.0,6000,-0.042,3,0.0309,0.071,9,0.1187,0.0424,0.1839,0.2085,70.26,60.95,0.3333,0.3333,68.89,43.89
77,1,CA1-DG,88.0,0.5058,0.7147,39.0,6000,0.33,4,0.2751,-0.0516,0,0.1166,0.0654,0.2203,0.3227,47.56,59.71,1.0,0.0,70.55,86.46
77,1,CA1-DG,93.0,0.5349,0.7421,44.0,6000,-0.0309,2,0.0267,-0.0054,-1,0.2041,0.0429,0.1686,0.1213,86.55,58.95,0.3333,1.0,70.74,65.23
77,1,CA1-DG,98.0,0.564,0.7778,49.0,6000,0.2151,2,0.0411,0.0133,3,0.137,0.1879,0.2008,0.112,88.15,48.97,0.0,0.3333,85.94,47.15
77,1,CA1-DG,103.0,0.593,0.8654,54.0,6000,-0.1693,2,0.1436,-0.0929,-4,0.0837,0.0876,0.2204,0.1969,73.94,28.57,0.0,0.3333,89.83,79.42
77,1,CA1-DG,108.0,0.6221,0.7919,59.0,6000,0.0481,0,0.0,0.0045,0,0.1329,0.0528,0.2074,0.3264,69.95,83.2,0.3333,0.3333,80.23,84.7
77,1,CA1-DG,113.0,0.6512,0.706,64.0,6000,0.1672,2,0.0178,0.0365,0,0.0971,0.1234,0.2205,0.3054,60.73,69.44,0.0,0.3333,66.28,51.08
77,1,CA1-DG,118.0,0.6802,0.5711,69.0,6000,0.1282,3,0.0422,0.0119,-6,0.1233,0.0713,0.1703,0.1917,89.42,41.82,0.0,0.3333,62.12,89.19
77,1,CA1-DG,123.0,0.7093,0.619,74.0,6000,0.2033,2,0.027,-0.0681,-6,0.111,0.1803,0.2572,0.094,73.99,60.7,0.3333,1.0,85.36,49.52
77,1,CA1-DG,128.0,0.7384,0.6043,79.0,6000,0.2608,4,0.0811,-0.0564,0,0.1259,0.2007,0.2104,0.2311,62.08,40.24,0.3333,1.0,72.5,70.41
77,1,CA1-DG,133.0,0.7674,0.6724,84.0,6000,-0.1663,2,0.0281,0.0456,0,0.1426,0.1092,0.329,0.2203,54.78,89.38,0.3333,1.0,86.83,89.46
77,1,CA1-DG,138.0,0.7965,0.6747,89.0,6000,0.2694,2,0.0581,0.0041,0,0.2165,0.3011,0.2941,0.2549,70.11,87.65,0.3333,0.3333,68.46,56.56
77,1,CA1-DG,143.0,0.8256,0.5894,94.0,6000,0.3355,2,0.0646,0.0364,0,0.2119,0.1909,0.2306,0.1882,87.48,71.45,0.3333,0.3333,86.72,86.94
77,1,CA1-DG,148.0,0.8547,0.5604,99.0,6000,0.6042,3,0.2532,0.0277,0,0.1165,0.3787,0.3494,0.2455,79.2,73.49,0.3333,1.0,81.84,81.46
77,1,CA1-DG,153.0,0.8837,0.6351,104.0,6000,-0.0981,2,0.0456,-0.0483,-2,0.0928,0.1561,0.2235,0.2552,76.7,80.42,1.0,1.0,60.64,76.59
77,1,CA1-DG,158.0,0.9128,0.7699,109.0,6000,0.0424,0,0.0,0.0069,8,0.1647,0.2333,0.2196,0.1744,79.98,78.83,1.0,1.0,73.0,87.4
77,1,CA1-DG,163.0,0.9419,0.8881,114.0,6000,-0.0893,2,0.0332,-0.009,-3,0.2351,0.1993,0.2055,0.2548,75.48,83.58,0.3333,1.0,80.77,81.49
77,1,CA1-V1,8.0,0.0407,0.0973,-41.0,8000,0.1485,4,0.0344,-0.013,0,0.1613,0.1029,0.1989,0.2235,nan,nan,,,84.78,71.54
77,1,CA1-V1,13.0,0.0698,0.1004,-36.0,8000,0.4143,4,0.25,-0.0168,0,0.23,0.1557,0.1153,0.2066,86.32,88.68,0.3333,0.5,60.08,82.21
77,1,CA1-V1,18.0,0.0988,0.1395,-31.0,8000,-0.3473,2,0.1915,0.0516,0,0.2393,0.0739,0.1988,0.1619,81.29,68.05,1.0,0.5,79.47,55.51
77,1,CA1-V1,23.0,0.1279,0.1748,-26.0,8000,0.1595,5,0.0876,-0.0027,-8,0.1895,0.1536,0.1382,0.1671,64.51,86.22,0.3333,0.2,69.42,89.29
77,1,CA1-V1,28.0,0.157,0.2549,-21.0,8000,0.2255,6,0.1283,-0.0608,-6,0.1841,0.102,0.1581,0.1407,81.41,88.41,1.0,0.2,78.75,89.94
77,1,CA1-V1,33.0,0.186,0.2799,-16.0,8000,0.0726,0,0.0,-0.0587,-9,0.1396,0.1283,0.2031,0.2298,87.98,83.45,0.3333,0.2,88.09,82.59
77,1,CA1-V1,38.0,0.2151,0.3503,-11.0,6000,0.0076,1,0.0141,-0.045,-1,0.1175,0.1164,0.18,0.2236,69.52,84.04,1.0,0.5,84.9,88.58
77,1,CA1-V1,43.0,0.2442,0.4091,-6.0,6000,0.0807,2,0.118,0.011,0,0.0995,0.1227,0.2169,0.2746,73.71,83.83,1.0,0.2,63.34,73.93
77,1,CA1-V1,48.0,0.2733,0.5284,-1.0,6000,-0.1979,1,0.0445,0.0059,0,0.0806,0.1212,0.1878,0.1788,66.06,62.49,0.3333,0.5,66.85,83.66
77,1,CA1-V1,53.0,0.3023,0.6026,4.0,6000,-0.0346,4,0.0658,0.0678,0,0.067,0.1513,0.145,0.1698,53.28,76.69,1.0,0.5,77.65,88.45
77,1,CA1-V1,58.0,0.3314,0.7004,9.0,6000,0.2638,5,0.0956,0.0264,0,0.0572,0.1301,0.2215,0.2795,77.23,66.61,0.3333,0.2,78.29,84.17
77,1,CA1-V1,63.0,0.3605,0.6528,14.0,6000,0.2828,5,0.1087,0.0234,0,0.0854,0.1093,0.2114,0.2267,87.08,75.19,0.3333,0.2,86.2,81.54
77,1,CA1-V1,68.0,0.3895,0.6444,19.0,6000,0.0562,1,0.0101,-0.0098,0,0.0378,0.0907,0.1599,0.2329,83.7,72.9,0.3333,0.2,55.61,69.22
77,1,CA1-V1,73.0,0.4186,0.5559,24.0,6000,0.0612,0,0.0,0.0317,0,0.0599,0.0981,0.1258,0.2687,86.8,81.33,0.3333,0.5,64.2,60.39
77,1,CA1-V1,78.0,0.4477,0.6248,29.0,6000,-0.139,2,0.0209,0.0097,0,0.0416,0.1163,0.1479,0.1879,60.81,74.17,0.3333,0.2,88.25,87.27
77,1,CA1-V1,83.0,0.4767,0.6979,34.0,6000,0.25,4,0.071,0.0594,0,0.0847,0.0644,0.2626,0.285,55.63,74.2,0.3333,0.0,85.39,88.47
77,1,CA1-V1,88.0,0.5058,0.7147,39.0,6000,-0.3911,4,0.1519,-0.0063,-6,0.0446,0.1143,0.1766,0.2355,73.45,64.4,0.3333,0.2,60.46,71.53
77,1,CA1-V1,93.0,0.5349,0.7421,44.0,6000,0.2552,3,0.0542,0.0222,0,0.0474,0.0984,0.2187,0.219,37.31,40.64,1.0,0.5,88.77,83.81
77,1,CA1-V1,98.0,0.564,0.7778,49.0,6000,-0.0909,4,0.0738,0.0171,0,0.0703,0.062,0.235,0.2574,47.68,66.7,0.3333,0.5,74.62,68.95
77,1,CA1-V1,103.0,0.593,0.8654,54.0,6000,-0.3033,3,0.1619,0.0527,0,0.0776,0.1202,0.2911,0.2317,36.94,67.06,0.3333,0.5,65.35,85.89
77,1,CA1-V1,108.0,0.6221,0.7919,59.0,6000,0.03,0,0.0,0.0344,0,0.0588,0.1033,0.2174,0.2582,53.14,48.93,0.3333,0.5,85.64,72.17
77,1,CA1-V1,113.0,0.6512,0.706,64.0,6000,-0.0284,4,0.0632,-0.0519,0,0.0406,0.0917,0.2739,0.2914,59.54,84.4,0.3333,0.5,84.75,68.23
77,1,CA1-V1,118.0,0.6802,0.5711,69.0,6000,0.1055,3,0.0276,-0.0374,0,0.0645,0.1156,0.1839,0.195,76.99,62.71,0.3333,0.5,86.31,77.85
77,1,CA1-V1,123.0,0.7093,0.619,74.0,6000,-0.0988,2,0.0261,-0.0076,0,0.0553,0.1301,0.1977,0.1984,89.52,82.02,0.3333,0.5,60.03,76.04
77,1,CA1-V1,128.0,0.7384,0.6043,79.0,6000,-0.1252,5,0.0998,-0.0251,-3,0.0504,0.0726,0.1725,0.1964,84.01,76.39,0.3333,0.2,60.99,83.49
77,1,CA1-V1,133.0,0.7674,0.6724,84.0,6000,-0.1109,4,0.0808,-0.0225,0,0.0456,0.1636,0.2117,0.2228,84.33,61.27,0.3333,0.5,81.89,79.4
77,1,CA1-V1,138.0,0.7965,0.6747,89.0,6000,0.2503,4,0.0991,0.0342,4,0.0594,0.1029,0.1424,0.1823,66.64,74.48,0.3333,0.5,89.58,80.74
77,1,CA1-V1,143.0,0.8256,0.5894,94.0,6000,0.0006,0,0.0,0.0193,0,0.0872,0.1244,0.1954,0.2154,60.1,54.94,1.0,0.5,83.25,68.67
77,1,CA1-V1,148.0,0.8547,0.5604,99.0,6000,-0.5411,1,0.0049,-0.0201,-1,0.0669,0.1325,0.1377,0.1896,49.85,71.89,1.0,1.0,80.51,76.29
77,1,CA1-V1,153.0,0.8837,0.6351,104.0,6000,0.1593,3,0.0464,0.0011,-1,0.0679,0.1173,0.2255,0.1434,69.5,84.12,0.3333,0.5,68.29,85.47
77,1,CA1-V1,158.0,0.9128,0.7699,109.0,6000,0.0876,0,0.0,-0.0185,0,0.0899,0.1084,0.2177,0.1799,45.4,64.08,0.3333,0.2,86.4,79.67
77,1,CA1-V1,163.0,0.9419,0.8881,114.0,6000,-0.1056,3,0.0246,0.0132,0,0.1117,0.1274,0.1754,0.1384,61.71,75.11,1.0,0.2,73.29,71.17
77,1,CA1-SUB,8.0,0.0407,0.0973,-41.0,8000,0.1274,2,0.0198,0.0228,-4,0.1954,0.2727,0.1945,0.1679,nan,nan,,,86.03,63.89
77,1,CA1-SUB,13.0,0.0698,0.1004,-36.0,8000,-0.1759,1,0.0233,-0.0356,-8,0.2142,0.1793,0.2216,0.1482,79.52,87.73,0.3333,1.0,89.96,42.5
77,1,CA1-SUB,18.0,0.0988,0.1395,-31.0,8000,-0.1879,2,0.0401,-0.098,-6,0.1817,0.1263,0.2348,0.1645,84.9,53.08,0.3333,1.0,82.07,70.02
77,1,CA1-SUB,23.0,0.1279,0.1748,-26.0,8000,0.0013,0,0.0,-0.0133,-1,0.2081,0.0912,0.2187,0.2031,76.38,75.37,0.3333,0.3333,68.94,75.42
77,1,CA1-SUB,28.0,0.157,0.2549,-21.0,8000,-0.2059,3,0.0573,0.0291,9,0.2715,0.0643,0.1905,0.1664,88.16,81.43,0.3333,0.0,69.43,77.01
77,1,CA1-SUB,33.0,0.186,0.2799,-16.0,8000,0.0079,0,0.0,-0.0678,-9,0.15,0.1079,0.1852,0.2369,85.57,81.28,1.0,0.3333,78.6,71.69
77,1,CA1-SUB,38.0,0.2151,0.3503,-11.0,6000,0.0043,0,0.0,0.12,4,0.1718,0.1516,0.261,0.109,88.15,77.99,0.3333,0.3333,66.59,67.46
77,1,CA1-SUB,43.0,0.2442,0.4091,-6.0,6000,0.3589,3,0.2182,0.0488,1,0.1328,0.1445,0.1495,0.1456,84.98,86.6,0.3333,0.3333,85.31,49.74
77,1,CA1-SUB,48.0,0.2733,0.5284,-1.0,6000,-0.3018,2,0.0696,-0.0726,0,0.1161,0.3438,0.24,0.3977,73.44,75.43,0.3333,0.3333,72.06,64.46
77,1,CA1-SUB,53.0,0.3023,0.6026,4.0,6000,-0.2054,2,0.0251,0.0742,3,0.1244,0.0935,0.2259,0.1009,72.81,69.2,0.3333,0.3333,86.29,85.61
77,1,CA1-SUB,58.0,0.3314,0.7004,9.0,6000,-0.1793,1,0.0198,0.0655,6,0.0931,0.1926,0.179,0.2166,89.57,65.21,0.0,1.0,85.89,75.81
77,1,CA1-SUB,63.0,0.3605,0.6528,14.0,6000,0.0142,0,0.0,0.0122,4,0.1362,0.1663,0.1313,0.1363,80.78,73.06,0.0,1.0,55.74,65.22
77,1,CA1-SUB,68.0,0.3895,0.6444,19.0,6000,0.0185,0,0.0,-0.0231,-9,0.0821,0.1409,0.2108,0.0925,82.16,79.53,0.0,1.0,75.8,51.08
77,1,CA1-SUB,73.0,0.4186,0.5559,24.0,6000,-0.0225,0,0.0,0.005,3,0.1319,0.151,0.1747,0.1541,88.57,88.48,0.0,0.3333,75.35,55.73
77,1,CA1-SUB,78.0,0.4477,0.6248,29.0,6000,0.1787,3,0.0355,0.0171,1,0.08,0.0802,0.1441,0.1349,85.26,79.29,0.3333,0.3333,82.37,82.81
77,1,CA1-SUB,83.0,0.4767,0.6979,34.0,6000,0.0067,0,0.0,-0.051,-4,0.1528,0.0613,0.1385,0.1521,73.37,64.64,0.3333,0.0,79.02,78.93
77,1,CA1-SUB,88.0,0.5058,0.7147,39.0,6000,0.0117,2,0.0353,0.0051,-9,0.1121,0.0832,0.2683,0.2323,79.77,56.55,0.3333,1.0,82.96,73.87
77,1,CA1-SUB,93.0,0.5349,0.7421,44.0,6000,-0.1831,0,0.0,-0.0167,-4,0.1328,0.2453,0.1703,0.2405,83.56,74.18,0.0,0.0,64.52,72.32
77,1,CA1-SUB,98.0,0.564,0.7778,49.0,6000,0.0103,0,0.0,0.006,-6,0.112,0.0447,0.1529,0.124,81.13,60.49,0.0,0.0,83.52,81.07
77,1,CA1-SUB,103.0,0.593,0.8654,54.0,6000,-0.1444,3,0.0545,-0.0002,0,0.1097,0.1244,0.1728,0.1637,84.45,56.21,0.3333,0.0,81.56,75.88
77,1,CA1-SUB,108.0,0.6221,0.7919,59.0,6000,0.0017,0,0.0,-0.0088,0,0.1668,0.1091,0.1719,0.2391,81.35,44.42,0.3333,0.3333,51.15,75.2
77,1,CA1-SUB,113.0,0.6512,0.706,64.0,6000,0.0117,0,0.0,0.0518,9,0.1049,0.0796,0.2072,0.176,82.09,65.96,0.3333,0.0,55.95,66.24
77,1,CA1-SUB,118.0,0.6802,0.5711,69.0,6000,-0.1792,0,0.0,-0.0487,-9,0.1628,0.2923,0.2218,0.2638,81.06,79.81,0.0,0.3333,81.81,67.82
77,1,CA1-SUB,123.0,0.7093,0.619,74.0,6000,0.1741,2,0.0296,0.0376,1,0.137,0.1573,0.2362,0.1482,88.65,59.21,0.3333,1.0,75.51,87.24
77,1,CA1-SUB,128.0,0.7384,0.6043,79.0,6000,-0.2219,2,0.0439,0.0466,5,0.1409,0.1707,0.1774,0.1064,76.49,55.0,0.0,1.0,69.44,79.21
77,1,CA1-SUB,133.0,0.7674,0.6724,84.0,6000,-0.1863,4,0.0564,0.0376,6,0.0551,0.1082,0.2278,0.1845,87.65,67.57,0.3333,1.0,73.75,70.82
77,1,CA1-SUB,138.0,0.7965,0.6747,89.0,6000,-0.1384,2,0.0308,-0.0399,-6,0.0915,0.1453,0.2038,0.1521,86.37,61.61,0.0,1.0,83.31,61.95
77,1,CA1-SUB,143.0,0.8256,0.5894,94.0,6000,0.1481,2,0.0176,0.002,0,0.1479,0.1219,0.1967,0.2171,81.91,89.27,0.3333,1.0,87.16,85.19
77,1,CA1-SUB,148.0,0.8547,0.5604,99.0,6000,0.0006,0,0.0,0.0326,8,0.1032,0.1383,0.1253,0.2024,88.11,68.55,0.3333,1.0,73.31,89.64
77,1,CA1-SUB,153.0,0.8837,0.6351,104.0,6000,0.3877,2,0.1027,-0.0125,0,0.0932,0.9666,0.3645,0.4454,86.01,76.26,0.3333,0.3333,72.17,77.58
77,1,CA1-SUB,158.0,0.9128,0.7699,109.0,6000,0.0188,0,0.0,0.0126,6,0.154,0.3438,0.2459,0.3633,86.79,89.95,0.3333,0.3333,50.71,73.14
77,1,CA1-SUB,163.0,0.9419,0.8881,114.0,6000,-0.1711,2,0.0381,0.0051,-2,0.1714,0.2399,0.1527,0.1474,82.46,89.26,0.3333,1.0,86.35,74.32
77,1,RSC-SUB,8.0,0.0407,0.0973,-41.0,8000,0.0729,0,0.0,0.0094,1,0.484,0.2694,0.2685,0.1007,nan,nan,,,77.37,55.31
77,1,RSC-SUB,13.0,0.0698,0.1004,-36.0,8000,0.0835,0,0.0,0.0364,-1,0.4555,0.178,0.2715,0.0905,76.19,41.21,0.4167,1.0,84.46,79.97
77,1,RSC-SUB,18.0,0.0988,0.1395,-31.0,8000,0.0604,0,0.0,0.0429,1,0.4425,0.1247,0.2368,0.1109,75.19,72.89,0.3784,1.0,87.6,56.38
77,1,RSC-SUB,23.0,0.1279,0.1748,-26.0,8000,0.0548,0,0.0,0.0261,1,0.4207,0.094,0.2499,0.1326,75.11,55.65,0.3421,0.3333,81.5,85.93
77,1,RSC-SUB,28.0,0.157,0.2549,-21.0,8000,0.1603,1,0.013,0.0445,0,0.4012,0.0649,0.2623,0.1096,87.99,89.33,0.4366,0.0,74.31,56.47
77,1,RSC-SUB,33.0,0.186,0.2799,-16.0,8000,0.1521,1,0.0117,0.0788,1,0.4147,0.1064,0.2608,0.0793,64.03,33.67,0.4167,0.3333,87.28,83.72
77,1,RSC-SUB,38.0,0.2151,0.3503,-11.0,6000,0.1744,1,0.0154,0.1189,2,0.3773,0.1568,0.282,0.1309,69.63,57.54,0.3421,0.3333,83.8,89.44
77,1,RSC-SUB,43.0,0.2442,0.4091,-6.0,6000,0.1454,0,0.0,-0.006,0,0.3736,0.1425,0.2667,0.073,61.93,47.45,0.3973,0.3333,89.68,53.43
77,1,RSC-SUB,48.0,0.2733,0.5284,-1.0,6000,0.1769,1,0.0159,0.0172,0,0.3759,0.9713,0.3165,0.3713,84.9,84.75,0.36,0.3333,88.86,81.76
77,1,RSC-SUB,53.0,0.3023,0.6026,4.0,6000,0.0911,1,0.025,0.1038,4,0.4009,0.0943,0.2617,0.1232,82.28,85.35,0.4783,1.0,77.86,81.33
77,1,RSC-SUB,58.0,0.3314,0.7004,9.0,6000,0.1347,0,0.0,0.0095,0,0.3558,0.1929,0.248,0.1478,71.21,32.76,0.3077,1.0,78.55,89.29
77,1,RSC-SUB,63.0,0.3605,0.6528,14.0,6000,0.1288,0,0.0,-0.0038,0,0.3521,0.1662,0.2348,0.0481,82.73,74.63,0.3247,1.0,88.49,76.99
77,1,RSC-SUB,68.0,0.3895,0.6444,19.0,6000,0.1063,0,0.0,0.1043,2,0.33,0.1444,0.2398,0.1361,87.43,83.06,0.3077,1.0,87.35,87.8
77,1,RSC-SUB,73.0,0.4186,0.5559,24.0,6000,0.0858,1,0.007,-0.0406,-1,0.3325,0.1532,0.2496,0.083,76.35,88.17,0.3247,0.3333,86.76,71.03
77,1,RSC-SUB,78.0,0.4477,0.6248,29.0,6000,0.1137,0,0.0,0.0049,0,0.3346,0.0782,0.238,0.1148,81.64,78.73,0.3247,1.0,84.93,58.82
77,1,RSC-SUB,83.0,0.4767,0.6979,34.0,6000,0.0821,0,0.0,0.0036,-1,0.3225,0.0635,0.2353,0.1167,89.62,83.31,0.3077,0.3333,80.64,89.03
77,1,RSC-SUB,88.0,0.5058,0.7147,39.0,6000,0.0559,0,0.0,0.0069,0,0.3446,0.0832,0.2374,0.0846,74.66,62.81,0.2289,1.0,80.64,65.6
77,1,RSC-SUB,93.0,0.5349,0.7421,44.0,6000,0.1598,1,0.0129,0.0109,0,0.362,0.9693,0.3081,0.4015,80.26,85.06,0.36,0.3333,87.47,62.58
77,1,RSC-SUB,98.0,0.564,0.7778,49.0,6000,0.048,0,0.0,0.0101,0,0.3483,0.0471,0.2137,0.1294,80.24,89.92,0.2593,0.3333,88.2,71.59
77,1,RSC-SUB,103.0,0.593,0.8654,54.0,6000,0.0912,0,0.0,0.0228,0,0.3697,0.1263,0.2463,0.1091,85.16,33.04,0.2911,0.0,84.42,76.09
77,1,RSC-SUB,108.0,0.6221,0.7919,59.0,6000,0.0622,0,0.0,-0.0904,-7,0.3549,0.1118,0.2422,0.0835,88.42,84.08,0.36,0.3333,78.37,80.5
77,1,RSC-SUB,113.0,0.6512,0.706,64.0,6000,0.0764,0,0.0,-0.1196,-7,0.3836,0.0786,0.2431,0.0387,68.58,54.35,0.4366,0.0,89.32,37.15
77,1,RSC-SUB,118.0,0.6802,0.5711,69.0,6000,0.1659,1,0.014,0.0275,2,0.3761,0.9702,0.2961,0.4265,83.98,51.28,0.3077,1.0,82.38,72.07
77,1,RSC-SUB,123.0,0.7093,0.619,74.0,6000,0.079,0,0.0,0.0049,0,0.3798,0.1575,0.2143,0.0706,77.97,89.67,0.36,0.3333,86.67,83.84
77,1,RSC-SUB,128.0,0.7384,0.6043,79.0,6000,0.0593,0,0.0,-0.0211,-6,0.3526,0.1696,0.2353,0.1123,67.1,38.03,0.36,1.0,83.76,72.39
77,1,RSC-SUB,133.0,0.7674,0.6724,84.0,6000,0.0756,0,0.0,0.044,10,0.3566,0.1096,0.2082,0.115,81.01,64.67,0.275,1.0,79.22,78.83
77,1,RSC-SUB,138.0,0.7965,0.6747,89.0,6000,0.0926,0,0.0,0.0026,0,0.3511,0.1452,0.2021,0.092,81.55,45.97,0.3077,1.0,82.72,69.85
77,1,RSC-SUB,143.0,0.8256,0.5894,94.0,6000,0.0126,0,0.0,0.0547,4,0.3593,0.1231,0.2283,0.0458,85.48,81.82,0.36,1.0,86.64,77.12
77,1,RSC-SUB,148.0,0.8547,0.5604,99.0,6000,0.0678,0,0.0,-0.0068,0,0.3801,0.1402,0.2022,0.101,87.41,84.1,0.36,1.0,88.1,82.1
77,1,RSC-SUB,153.0,0.8837,0.6351,104.0,6000,0.4158,1,0.0949,0.0141,0,0.4255,0.9656,0.2869,0.3389,89.98,88.58,0.275,0.3333,84.67,36.75
77,1,RSC-SUB,158.0,0.9128,0.7699,109.0,6000,0.2974,1,0.0463,-0.0004,0,0.4215,0.9691,0.3264,0.4688,82.71,37.87,0.275,0.3333,83.23,78.12
77,1,RSC-SUB,163.0,0.9419,0.8881,114.0,6000,0.0902,0,0.0,0.0256,6,0.4085,0.2427,0.2261,0.1206,83.25,88.28,0.4167,0.3333,83.43,81.47
77,1,V1-RSC,8.0,0.0407,0.0973,-41.0,8000,0.2639,2,0.0831,0.0279,0,0.143,0.4801,0.2065,0.2538,nan,nan,,,39.61,57.56
77,1,V1-RSC,13.0,0.0698,0.1004,-36.0,8000,0.5286,2,0.2882,0.0197,0,0.1188,0.4674,0.2462,0.2841,20.29,49.0,1.0,0.4366,44.28,52.47
77,1,V1-RSC,18.0,0.0988,0.1395,-31.0,8000,0.4586,2,0.2487,-0.0027,0,0.0799,0.4404,0.2485,0.2988,20.56,53.54,0.5,0.3784,27.16,54.48
77,1,V1-RSC,23.0,0.1279,0.1748,-26.0,8000,0.5352,1,0.1688,0.0241,0,0.1113,0.4164,0.2411,0.2961,27.14,52.38,0.5,0.4366,38.3,56.42
77,1,V1-RSC,28.0,0.157,0.2549,-21.0,8000,0.4132,2,0.1746,-0.0016,0,0.0586,0.3936,0.2348,0.2909,32.05,57.27,1.0,0.5224,38.56,66.52
77,1,V1-RSC,33.0,0.186,0.2799,-16.0,8000,0.3567,2,0.1484,-0.0168,0,0.0755,0.3851,0.2043,0.2904,31.87,53.89,1.0,0.4571,72.45,75.45
77,1,V1-RSC,38.0,0.2151,0.3503,-11.0,6000,0.5145,2,0.2095,0.0279,9,0.0871,0.3647,0.1872,0.2545,36.81,54.01,1.0,0.3973,46.55,69.67
77,1,V1-RSC,43.0,0.2442,0.4091,-6.0,6000,0.4155,2,0.1455,0.025,0,0.0636,0.3518,0.1978,0.266,54.78,71.05,1.0,0.3784,43.44,71.88
77,1,V1-RSC,48.0,0.2733,0.5284,-1.0,6000,0.4064,2,0.145,0.0224,0,0.0739,0.3394,0.2051,0.2688,72.72,85.74,0.5,0.3247,39.19,60.88
77,1,V1-RSC,53.0,0.3023,0.6026,4.0,6000,0.2583,1,0.0684,0.054,0,0.0849,0.3458,0.191,0.264,41.32,59.55,1.0,0.275,39.52,58.59
77,1,V1-RSC,58.0,0.3314,0.7004,9.0,6000,0.2413,1,0.0474,0.0498,0,0.0941,0.3216,0.1933,0.2586,43.68,59.98,1.0,0.3784,43.33,67.99
77,1,V1-RSC,63.0,0.3605,0.6528,14.0,6000,0.3122,1,0.0513,0.0512,5,0.0358,0.3225,0.1696,0.2671,43.3,49.7,0.2,0.4167,79.21,82.78
77,1,V1-RSC,68.0,0.3895,0.6444,19.0,6000,0.1701,3,0.1955,0.047,7,0.0297,0.3222,0.1568,0.2398,33.76,55.52,0.2,0.2289,61.54,75.75
77,1,V1-RSC,73.0,0.4186,0.5559,24.0,6000,0.3604,2,0.1178,0.0337,10,0.1042,0.3111,0.1686,0.253,31.17,57.89,0.2,0.3421,43.64,70.74
77,1,V1-RSC,78.0,0.4477,0.6248,29.0,6000,0.3607,2,0.123,0.0224,9,0.0743,0.3,0.1661,0.2433,34.49,61.86,0.5,0.2593,79.69,83.02
77,1,V1-RSC,83.0,0.4767,0.6979,34.0,6000,0.1341,0,0.0,0.0458,10,0.0649,0.3257,0.1655,0.2516,49.41,63.56,0.5,0.2593,40.79,70.4
77,1,V1-RSC,88.0,0.5058,0.7147,39.0,6000,0.11,2,0.1146,0.031,10,0.0582,0.3536,0.1673,0.2682,45.65,58.12,1.0,0.3421,24.26,52.77
77,1,V1-RSC,93.0,0.5349,0.7421,44.0,6000,0.374,1,0.0753,0.0294,9,0.0376,0.3477,0.1628,0.2521,74.61,77.3,1.0,0.5224,56.07,69.4
77,1,V1-RSC,98.0,0.564,0.7778,49.0,6000,0.4205,3,0.2299,0.0272,9,0.0451,0.3,0.1762,0.2566,24.57,50.58,0.5,0.275,86.37,89.49
77,1,V1-RSC,103.0,0.593,0.8654,54.0,6000,0.5151,3,0.3029,0.0175,10,0.0569,0.3384,0.1617,0.2638,30.76,54.5,0.2,0.2593,62.55,72.87
77,1,V1-RSC,108.0,0.6221,0.7919,59.0,6000,0.3445,0,0.0,0.0262,8,0.0591,0.326,0.1616,0.2466,30.47,46.22,0.0,0.5,43.16,72.71
77,1,V1-RSC,113.0,0.6512,0.706,64.0,6000,0.4749,3,0.271,0.0272,9,0.0393,0.3514,0.1711,0.2542,18.46,41.9,0.2,0.4783,65.49,71.32
77,1,V1-RSC,118.0,0.6802,0.5711,69.0,6000,0.2321,0,0.0,-0.0054,0,0.0598,0.343,0.1859,0.2444,33.09,60.62,0.2,0.3421,53.3,74.82
77,1,V1-RSC,123.0,0.7093,0.619,74.0,6000,0.2587,0,0.0,0.0312,10,0.0579,0.3445,0.1779,0.2436,27.38,66.52,0.5,0.3784,48.85,71.94
77,1,V1-RSC,128.0,0.7384,0.6043,79.0,6000,0.2812,1,0.0649,0.014,0,0.0468,0.3341,0.2076,0.263,30.56,57.82,0.2,0.4366,25.93,56.95
77,1,V1-RSC,133.0,0.7674,0.6724,84.0,6000,0.4843,4,0.3501,0.0295,0,0.0794,0.3129,0.1778,0.256,47.23,59.81,0.0,0.3247,41.9,66.51
77,1,V1-RSC,138.0,0.7965,0.6747,89.0,6000,0.3474,1,0.0643,0.0079,7,0.0613,0.3236,0.2093,0.2462,41.7,54.67,0.5,0.3973,51.14,65.6
77,1,V1-RSC,143.0,0.8256,0.5894,94.0,6000,0.4249,2,0.1616,0.0066,0,0.0672,0.3349,0.2005,0.2471,56.21,60.73,0.5,0.4167,53.76,69.77
77,1,V1-RSC,148.0,0.8547,0.5604,99.0,6000,0.453,2,0.1557,0.0219,9,0.077,0.3547,0.1601,0.2414,45.92,59.38,0.5,0.4167,60.92,68.22
77,1,V1-RSC,153.0,0.8837,0.6351,104.0,6000,0.2561,1,0.0339,0.0566,2,0.0925,0.443,0.1555,0.22,47.37,71.76,1.0,0.3077,60.17,75.42
77,1,V1-RSC,158.0,0.9128,0.7699,109.0,6000,0.2536,1,0.0332,0.0481,9,0.0911,0.3916,0.1664,0.235,34.4,71.86,0.5,0.2289,88.62,87.16
77,1,V1-RSC,163.0,0.9419,0.8881,114.0,6000,0.2261,0,0.0,0.0196,10,0.1096,0.3894,0.164,0.2274,40.31,60.6,0.5,0.4167,64.29,77.13
98,0,CA1-RSC,8.0,0.0722,0.1732,,10000,0.1051,0,0.0,0.0947,1,0.3746,0.2017,0.1831,0.1812,nan,nan,,,84.18,84.74
98,0,CA1-RSC,13.0,0.1237,0.1927,,10000,0.1718,1,0.015,0.0706,1,0.3526,0.1493,0.1957,0.1913,89.11,63.33,1.0,0.1429,71.91,84.16
98,0,CA1-RSC,18.0,0.1753,0.1913,,8000,0.2304,1,0.0273,0.0341,1,0.4689,0.1532,0.2411,0.2425,51.78,61.45,1.0,0.2308,78.69,73.07
98,0,CA1-RSC,23.0,0.2268,0.2079,,8000,0.2238,1,0.0257,0.0147,1,0.2439,0.142,0.2236,0.1902,77.47,75.96,1.0,0.2308,84.81,85.3
98,0,CA1-RSC,28.0,0.2784,0.2064,,8000,0.1678,1,0.0143,0.0234,1,0.1563,0.1151,0.2007,0.2286,84.68,81.2,0.6667,0.0667,72.43,69.44
98,0,CA1-RSC,33.0,0.3299,0.1978,,8000,0.1584,1,0.0127,0.036,1,0.1925,0.118,0.1741,0.1631,83.25,75.0,0.6667,0.0667,75.57,81.18
98,0,CA1-RSC,38.0,0.3814,0.1971,,8000,0.1899,1,0.0184,0.012,1,0.2564,0.1231,0.1777,0.1966,75.74,73.16,0.6667,0.2308,79.07,72.4
98,0,CA1-RSC,43.0,0.433,0.1825,,8000,0.1354,1,0.0093,0.0274,1,0.1634,0.1416,0.1509,0.182,80.46,89.66,0.6667,0.2308,69.19,79.4
98,0,CA1-RSC,48.0,0.4845,0.1623,,6000,0.1139,0,0.0,0.0082,1,0.1751,0.1655,0.1291,0.1651,72.22,72.81,0.1111,0.3333,67.17,88.39
98,0,CA1-RSC,53.0,0.5361,0.174,,6000,0.1566,0,0.0,0.0001,1,0.1473,0.1504,0.1736,0.1769,64.59,70.54,0.4286,0.2308,77.67,85.75
98,0,CA1-RSC,58.0,0.5876,0.1459,,6000,0.1557,0,0.0,-0.0257,0,0.1602,0.1837,0.1559,0.1864,87.83,71.99,0.25,0.3333,77.65,86.85
98,0,CA1-RSC,63.0,0.6392,0.1683,,6000,0.0982,0,0.0,-0.0256,-3,0.1654,0.1727,0.1239,0.1661,85.44,84.79,0.4286,0.2308,81.55,82.97
98,0,CA1-RSC,68.0,0.6907,0.1513,,6000,0.098,0,0.0,-0.0058,-1,0.1432,0.1274,0.1111,0.1203,86.47,89.14,0.6667,0.4545,89.67,85.4
98,0,CA1-RSC,73.0,0.7423,0.1738,,6000,0.1237,0,0.0,-0.0041,-3,0.0898,0.1683,0.1526,0.1585,74.91,85.19,0.4286,0.4545,71.05,80.44
98,0,CA1-RSC,78.0,0.7938,0.1596,,6000,0.1071,0,0.0,-0.0046,-1,0.1807,0.2069,0.1322,0.1818,68.9,87.52,0.4286,0.3333,79.61,88.85
98,0,CA1-RSC,83.0,0.8454,0.1867,,6000,0.1531,0,0.0,0.025,1,0.1131,0.1719,0.1583,0.1451,83.61,89.7,0.6667,0.4545,74.05,88.57
98,0,CA1-RSC,88.0,0.8969,0.2005,,6000,0.1092,0,0.0,0.0007,-5,0.158,0.1895,0.1367,0.1369,84.2,76.09,0.6667,0.6,88.86,88.94
100,0,CA1-RSC,8.0,0.0412,0.0667,,6000,0.4703,6,0.2966,-0.0008,0,0.3258,0.3842,0.0727,0.0625,nan,nan,,,89.51,87.46
100,0,CA1-RSC,13.0,0.0706,0.0991,,6000,0.0003,0,0.0,0.02,0,0.3428,0.3719,0.0611,0.0659,89.38,78.06,0.36,0.2258,83.02,89.46
100,0,CA1-RSC,18.0,0.1,0.1052,,6000,0.0822,0,0.0,-0.0099,0,0.3177,0.359,0.0618,0.0827,89.59,81.05,0.36,0.3571,89.37,87.92
100,0,CA1-RSC,23.0,0.1294,0.1117,,6000,-0.0136,1,0.0198,0.003,0,0.3318,0.3464,0.0527,0.0628,85.68,89.13,0.4783,0.3103,84.03,84.36
100,0,CA1-RSC,28.0,0.1588,0.0962,,6000,-0.139,4,0.0788,0.0072,5,0.3037,0.303,0.0678,0.075,81.59,83.94,0.4167,0.4615,85.74,88.81
100,0,CA1-RSC,33.0,0.1882,0.0899,,6000,-0.1467,8,0.1511,0.0,0,0.3258,0.3146,0.0602,0.0661,84.19,88.76,0.4167,0.4074,88.49,76.77
100,0,CA1-RSC,38.0,0.2176,0.1103,,6000,0.0217,0,0.0,0.0225,0,0.3077,0.2991,0.0693,0.0712,87.59,81.2,0.4167,0.2667,86.58,86.41
100,0,CA1-RSC,43.0,0.2471,0.1145,,6000,-0.0397,9,0.3088,-0.0108,-7,0.3252,0.2925,0.0667,0.0642,88.71,83.32,0.4783,0.2258,88.61,86.44
100,0,CA1-RSC,48.0,0.2765,0.1515,,6000,-0.0159,0,0.0,0.0194,9,0.2964,0.3085,0.0645,0.0677,85.34,87.1,0.619,0.4615,86.76,88.44
100,0,CA1-RSC,53.0,0.3059,0.1706,,6000,0.0441,0,0.0,0.0069,0,0.2702,0.306,0.0679,0.0718,82.66,84.09,0.4167,0.3103,78.42,88.6
100,0,CA1-RSC,58.0,0.3353,0.1662,,6000,0.0129,0,0.0,0.0314,7,0.2725,0.2847,0.0561,0.0513,73.84,74.83,0.36,0.3103,86.43,84.31
100,0,CA1-RSC,63.0,0.3647,0.1375,,6000,-0.0371,1,0.0121,0.0136,0,0.2757,0.2861,0.0689,0.0619,75.08,87.79,0.4783,0.3571,79.83,86.64
100,0,CA1-RSC,68.0,0.3941,0.112,,6000,0.2487,10,0.2084,-0.0047,0,0.2815,0.2767,0.0632,0.0618,80.18,84.65,0.5455,0.3571,88.78,86.93
100,0,CA1-RSC,73.0,0.4235,0.171,,6000,0.404,10,0.3799,0.0257,0,0.2788,0.2708,0.059,0.0614,86.21,82.22,0.2143,0.2258,89.92,85.78
100,0,CA1-RSC,78.0,0.4529,0.145,,6000,-0.073,4,0.0631,0.0105,4,0.2831,0.2775,0.0581,0.0597,88.96,81.53,0.2143,0.3571,87.4,85.95
100,0,CA1-RSC,83.0,0.4824,0.2107,,6000,0.0577,0,0.0,0.0311,0,0.2874,0.2991,0.0587,0.0645,78.24,83.31,0.2593,0.4074,89.24,88.42
100,0,CA1-RSC,88.0,0.5118,0.1446,,6000,-0.0262,4,0.0573,-0.0193,0,0.3096,0.2838,0.0527,0.0693,89.92,88.52,0.36,0.3571,87.69,87.69
100,0,CA1-RSC,93.0,0.5412,0.1787,,6000,-0.0372,0,0.0,-0.0155,-2,0.2764,0.2718,0.0539,0.0578,79.72,85.79,0.5455,0.4615,88.15,83.67
100,0,CA1-RSC,98.0,0.5706,0.1419,,6000,-0.0113,3,0.0436,0.0067,0,0.2924,0.3218,0.0593,0.069,80.75,87.53,0.619,0.3103,87.09,85.18
100,0,CA1-RSC,103.0,0.6,0.1262,,6000,-0.1339,6,0.1017,0.0011,0,0.2894,0.2696,0.0572,0.052,85.43,85.7,0.5455,0.4615,89.63,89.47
100,0,CA1-RSC,108.0,0.6294,0.1841,,6000,0.2131,7,0.1416,0.013,5,0.29,0.2912,0.0635,0.0656,85.97,85.96,0.4783,0.3103,83.94,85.01
100,0,CA1-RSC,113.0,0.6588,0.209,,6000,0.1219,0,0.0,0.0059,0,0.2599,0.2819,0.0643,0.0677,83.68,88.85,0.3077,0.2667,89.49,89.31
100,0,CA1-RSC,118.0,0.6882,0.1979,,6000,0.1272,1,0.013,-0.0115,0,0.2833,0.2875,0.0699,0.0614,88.46,86.74,0.5455,0.4074,86.02,81.73
100,0,CA1-RSC,123.0,0.7176,0.1243,,6000,0.0744,0,0.0,-0.005,0,0.2591,0.298,0.0611,0.054,87.9,83.34,0.4167,0.3571,86.13,83.89
100,0,CA1-RSC,128.0,0.7471,0.0813,,6000,0.1871,9,0.2421,0.0078,0,0.2998,0.3286,0.0683,0.0604,83.49,87.0,0.619,0.52,89.87,84.66
100,0,CA1-RSC,133.0,0.7765,0.0813,,6000,0.1555,1,0.0122,-0.0022,0,0.2908,0.2936,0.0656,0.0629,80.03,79.03,0.4167,0.3571,89.06,78.05
100,0,CA1-RSC,138.0,0.8059,0.1324,,8000,0.2709,8,0.1562,0.0101,0,0.3154,0.3301,0.0745,0.0657,89.6,84.66,0.2143,0.2258,88.4,85.99
100,0,CA1-RSC,143.0,0.8353,0.1061,,6000,0.1334,4,0.0672,0.007,0,0.3025,0.3158,0.0532,0.0641,89.54,86.33,0.3077,0.1515,88.1,88.86
100,0,CA1-RSC,148.0,0.8647,0.1211,,8000,-0.0353,6,0.0935,-0.0025,0,0.3214,0.3121,0.0698,0.0582,75.51,85.32,0.36,0.2667,86.9,84.49
100,0,CA1-RSC,153.0,0.8941,0.0433,,6000,0.071,0,0.0,-0.0082,-5,0.302,0.3126,0.0581,0.0534,88.95,85.8,0.3077,0.3103,88.02,89.47
100,0,CA1-RSC,158.0,0.9235,0.015,,6000,0.005,0,0.0,-0.0332,-8,0.2837,0.3542,0.0671,0.0678,87.58,86.62,0.36,0.4074,86.65,85.1
100,0,CA1-RSC,163.0,0.9529,0.0333,,6000,-0.0086,2,0.0304,0.0086,0,0.3257,0.3503,0.0601,0.0724,80.76,84.26,0.2593,0.3103,88.62,87.41
100,0,CA1-DG,8.0,0.0412,0.0667,,6000,0.4861,2,0.1681,-0.0453,0,0.3249,0.4199,0.2855,0.3153,nan,nan,,,89.92,89.68
100,0,CA1-DG,13.0,0.0706,0.0991,,6000,0.4916,2,0.1743,-0.0252,0,0.342,0.382,0.2874,0.3269,79.62,80.56,0.36,0.5152,80.35,80.34
100,0,CA1-DG,18.0,0.1,0.1052,,6000,0.2277,6,0.1728,-0.0182,0,0.3203,0.3964,0.2816,0.3045,87.93,83.08,0.4167,0.3514,70.39,70.93
100,0,CA1-DG,23.0,0.1294,0.1117,,6000,0.2949,5,0.156,-0.0242,0,0.331,0.4051,0.2573,0.2864,56.2,49.25,0.4167,0.5152,63.1,74.76
100,0,CA1-DG,28.0,0.1588,0.0962,,6000,0.5042,2,0.1682,-0.0275,0,0.305,0.3903,0.2572,0.2692,66.05,54.48,0.36,0.4286,79.03,89.47
100,0,CA1-DG,33.0,0.1882,0.0899,,6000,0.4773,2,0.1546,0.0171,0,0.3287,0.3845,0.2744,0.2868,56.88,60.15,0.4167,0.5152,76.89,72.83
100,0,CA1-DG,38.0,0.2176,0.1103,,6000,0.4105,2,0.1232,-0.0369,0,0.3046,0.3777,0.2738,0.2686,43.7,57.78,0.4167,0.5152,67.77,76.56
100,0,CA1-DG,43.0,0.2471,0.1145,,6000,0.4281,2,0.1372,-0.026,0,0.3218,0.3659,0.2595,0.2803,46.69,56.68,0.4783,0.4286,82.76,84.49
100,0,CA1-DG,48.0,0.2765,0.1515,,6000,0.4383,2,0.1267,-0.0391,0,0.2901,0.3663,0.2711,0.2839,87.56,77.56,0.4783,0.4286,75.25,76.93
100,0,CA1-DG,53.0,0.3059,0.1706,,6000,0.4881,3,0.1671,-0.0402,0,0.2691,0.3364,0.258,0.2756,81.96,84.87,0.4783,0.5152,88.03,87.38
100,0,CA1-DG,58.0,0.3353,0.1662,,6000,0.424,2,0.1353,-0.0619,0,0.2719,0.3774,0.2649,0.2829,89.42,87.41,0.4167,0.3889,80.07,89.84
100,0,CA1-DG,63.0,0.3647,0.1375,,6000,0.4407,2,0.1476,-0.049,0,0.2685,0.4045,0.2784,0.2881,65.36,68.14,0.4167,0.6129,81.33,85.74
100,0,CA1-DG,68.0,0.3941,0.112,,6000,0.4154,2,0.1284,-0.0505,0,0.2694,0.3853,0.2601,0.2796,55.73,66.22,0.4783,0.3514,76.64,85.99
100,0,CA1-DG,73.0,0.4235,0.171,,6000,0.4195,2,0.1287,-0.0191,0,0.2714,0.3756,0.2566,0.275,51.65,58.18,0.2593,0.4286,66.7,78.02
100,0,CA1-DG,78.0,0.4529,0.145,,6000,0.4376,2,0.1256,-0.0246,0,0.2741,0.3956,0.26,0.2899,71.05,70.01,0.2593,0.4706,76.13,72.34
100,0,CA1-DG,83.0,0.4824,0.2107,,6000,0.4309,2,0.1218,-0.0378,0,0.2864,0.3929,0.261,0.276,74.16,73.92,0.2593,0.4286,82.04,84.28
100,0,CA1-DG,88.0,0.5118,0.1446,,6000,0.4378,2,0.1302,-0.0371,0,0.3078,0.3948,0.249,0.2709,71.88,65.58,0.36,0.4706,76.31,74.88
100,0,CA1-DG,93.0,0.5412,0.1787,,6000,0.4126,2,0.1108,-0.0404,0,0.2724,0.3838,0.2377,0.2692,85.64,84.58,0.5455,0.4286,84.66,82.88
100,0,CA1-DG,98.0,0.5706,0.1419,,6000,0.4211,2,0.1166,-0.0274,0,0.2895,0.3488,0.2504,0.267,62.36,62.35,0.619,0.25,60.94,77.96
100,0,CA1-DG,103.0,0.6,0.1262,,6000,0.4459,2,0.1391,-0.0367,0,0.2877,0.3685,0.2531,0.2724,70.48,71.78,0.619,0.4286,71.49,66.04
100,0,CA1-DG,108.0,0.6294,0.1841,,6000,0.4262,2,0.1312,-0.0466,0,0.288,0.3717,0.2287,0.2584,52.93,69.48,0.4783,0.2821,87.61,80.35
100,0,CA1-DG,113.0,0.6588,0.209,,6000,0.3932,2,0.1171,-0.0258,0,0.2566,0.4043,0.2519,0.2702,82.02,81.27,0.3077,0.3889,86.3,86.89
100,0,CA1-DG,118.0,0.6882,0.1979,,6000,0.2113,5,0.1593,-0.0095,0,0.2727,0.3936,0.2764,0.2811,77.8,88.55,0.5455,0.5625,78.54,83.76
100,0,CA1-DG,123.0,0.7176,0.1243,,6000,0.4225,2,0.1276,-0.0274,0,0.2599,0.3515,0.2595,0.2753,74.1,79.57,0.3077,0.6129,89.52,85.26
100,0,CA1-DG,128.0,0.7471,0.0813,,6000,0.4189,2,0.1326,-0.0184,0,0.2937,0.3586,0.2562,0.279,54.76,69.5,0.4783,0.4286,68.19,85.55
100,0,CA1-DG,133.0,0.7765,0.0813,,6000,0.4297,2,0.1272,-0.0361,0,0.2864,0.3925,0.2634,0.2751,72.65,85.31,0.4783,0.3889,73.54,78.18
100,0,CA1-DG,138.0,0.8059,0.1324,,8000,0.4123,2,0.1263,-0.0327,0,0.3099,0.4176,0.2723,0.2938,59.31,53.14,0.2143,0.4706,82.13,85.16
100,0,CA1-DG,143.0,0.8353,0.1061,,6000,0.4216,2,0.1376,-0.0002,0,0.2993,0.4108,0.2662,0.3027,83.02,79.27,0.36,0.3514,80.39,80.98
100,0,CA1-DG,148.0,0.8647,0.1211,,8000,0.4168,2,0.1233,-0.0356,0,0.3238,0.4321,0.2558,0.2867,63.52,69.23,0.4167,0.2821,58.19,71.03
100,0,CA1-DG,153.0,0.8941,0.0433,,6000,0.4252,4,0.1597,-0.0426,0,0.2964,0.4271,0.2397,0.2639,40.73,45.95,0.3077,0.6129,79.91,77.24
100,0,CA1-DG,158.0,0.9235,0.015,,6000,0.4311,2,0.1222,-0.0328,0,0.2708,0.3973,0.2599,0.2939,62.31,61.93,0.3077,0.3889,74.03,60.65
100,0,CA1-DG,163.0,0.9529,0.0333,,6000,0.3951,2,0.1208,0.0009,0,0.3181,0.397,0.249,0.2854,64.08,68.36,0.3077,0.4286,85.95,77.17
100,0,CA1-V1,8.0,0.0412,0.0667,,6000,0.4359,4,0.2342,-0.0361,0,0.3264,0.3393,0.0995,0.0958,nan,nan,,,77.09,84.77
100,0,CA1-V1,13.0,0.0706,0.0991,,6000,0.2592,1,0.0348,-0.0368,0,0.3401,0.3163,0.1058,0.1229,79.41,87.32,0.4167,0.4231,86.62,80.54
100,0,CA1-V1,18.0,0.1,0.1052,,6000,0.3066,3,0.0944,-0.051,0,0.32,0.2794,0.1079,0.1167,60.1,75.29,0.4167,0.5102,71.0,71.37
100,0,CA1-V1,23.0,0.1294,0.1117,,6000,0.2143,1,0.0235,-0.038,0,0.3307,0.2975,0.1209,0.1159,57.63,65.4,0.4783,0.3455,75.88,81.14
100,0,CA1-V1,28.0,0.1588,0.0962,,6000,0.3065,8,0.4718,-0.0516,0,0.3012,0.2889,0.1042,0.1174,58.89,67.66,0.4167,0.5417,73.71,80.77
100,0,CA1-V1,33.0,0.1882,0.0899,,6000,0.2093,8,0.1806,-0.0476,0,0.3228,0.2973,0.1255,0.1071,56.46,62.96,0.4167,0.48,83.14,88.86
100,0,CA1-V1,38.0,0.2176,0.1103,,6000,0.2497,1,0.0322,-0.0441,0,0.3095,0.2797,0.1056,0.1057,76.67,85.78,0.4167,0.5745,89.8,82.98
100,0,CA1-V1,43.0,0.2471,0.1145,,6000,0.3129,11,0.5163,-0.0423,0,0.3223,0.2632,0.1026,0.1003,68.2,74.88,0.4783,0.3962,83.72,84.6
100,0,CA1-V1,48.0,0.2765,0.1515,,6000,0.222,1,0.0253,-0.0436,0,0.2962,0.3034,0.1113,0.113,80.43,83.83,0.619,0.48,79.63,67.49
100,0,CA1-V1,53.0,0.3059,0.1706,,6000,0.0969,0,0.0,-0.0496,0,0.2692,0.3075,0.0963,0.0992,53.76,61.13,0.4167,0.451,74.58,69.55
100,0,CA1-V1,58.0,0.3353,0.1662,,6000,0.1448,0,0.0,-0.0628,0,0.2729,0.2927,0.1054,0.1038,66.17,71.99,0.4167,0.5102,63.96,78.16
100,0,CA1-V1,63.0,0.3647,0.1375,,6000,0.3483,3,0.1314,-0.0343,0,0.2745,0.2648,0.1057,0.1001,71.83,77.25,0.4783,0.5102,80.88,87.13
100,0,CA1-V1,68.0,0.3941,0.112,,6000,0.0636,6,0.1168,-0.0511,0,0.2741,0.2483,0.0925,0.0992,88.47,89.0,0.5455,0.2982,77.63,84.03
100,0,CA1-V1,73.0,0.4235,0.171,,6000,0.235,9,0.3078,-0.0499,0,0.2788,0.2508,0.0883,0.1019,59.12,61.24,0.2143,0.3962,80.15,89.19
100,0,CA1-V1,78.0,0.4529,0.145,,6000,-0.0011,1,0.0474,-0.0452,0,0.2816,0.2352,0.1065,0.1055,88.83,76.43,0.2593,0.3214,77.77,81.82
100,0,CA1-V1,83.0,0.4824,0.2107,,6000,0.1995,1,0.0203,-0.0305,0,0.289,0.2251,0.105,0.1143,80.65,82.86,0.2143,0.3214,67.58,74.59
100,0,CA1-V1,88.0,0.5118,0.1446,,6000,0.3902,3,0.1385,-0.0218,0,0.3095,0.2142,0.105,0.1101,71.09,77.19,0.36,0.3214,85.98,88.73
100,0,CA1-V1,93.0,0.5412,0.1787,,6000,0.2805,1,0.041,-0.0473,0,0.2784,0.2295,0.1044,0.1097,75.11,86.2,0.5455,0.6087,80.8,75.58
100,0,CA1-V1,98.0,0.5706,0.1419,,6000,0.3695,2,0.1197,-0.0665,0,0.2933,0.2304,0.1283,0.1161,80.96,77.14,0.7,0.3704,71.28,82.11
100,0,CA1-V1,103.0,0.6,0.1262,,6000,0.4,2,0.1147,-0.0583,0,0.2875,0.2528,0.1115,0.113,79.55,79.14,0.5455,0.48,87.44,83.16
100,0,CA1-V1,108.0,0.6294,0.1841,,6000,0.0092,9,0.1825,-0.0425,0,0.2871,0.2553,0.0982,0.1081,80.71,76.54,0.5455,0.4231,81.83,81.09
100,0,CA1-V1,113.0,0.6588,0.209,,6000,0.2873,2,0.0639,-0.0634,0,0.2606,0.2308,0.0985,0.097,88.83,88.26,0.36,0.2542,80.98,77.14
100,0,CA1-V1,118.0,0.6882,0.1979,,6000,0.3327,1,0.0586,-0.0362,0,0.282,0.2527,0.108,0.1042,71.95,74.77,0.5455,0.3704,78.84,88.26
100,0,CA1-V1,123.0,0.7176,0.1243,,6000,0.2998,1,0.0471,-0.0394,0,0.2599,0.251,0.1183,0.1224,63.53,62.21,0.36,0.451,78.43,73.02
100,0,CA1-V1,128.0,0.7471,0.0813,,6000,-0.0304,8,0.4533,-0.0158,0,0.2965,0.2675,0.1291,0.1277,78.53,79.4,0.4783,0.3455,69.51,77.98
100,0,CA1-V1,133.0,0.7765,0.0813,,6000,0.1392,0,0.0,-0.0312,0,0.2881,0.2728,0.0893,0.1082,50.84,55.8,0.4783,0.48,73.22,87.02
100,0,CA1-V1,138.0,0.8059,0.1324,,8000,0.2602,2,0.0484,-0.0272,0,0.312,0.288,0.0964,0.1086,74.2,83.66,0.2593,0.451,87.2,88.02
100,0,CA1-V1,143.0,0.8353,0.1061,,6000,0.0411,2,0.0444,-0.0243,0,0.3024,0.2971,0.1002,0.1098,87.37,88.72,0.36,0.4231,85.41,84.53
100,0,CA1-V1,148.0,0.8647,0.1211,,8000,0.1571,7,0.1236,-0.0157,0,0.323,0.2815,0.11,0.1063,79.34,86.95,0.4167,0.3704,87.0,85.88
100,0,CA1-V1,153.0,0.8941,0.0433,,6000,0.0181,0,0.0,-0.0104,5,0.3015,0.2692,0.0911,0.0898,71.8,75.0,0.36,0.4231,80.82,87.01
100,0,CA1-V1,158.0,0.9235,0.015,,6000,0.2701,2,0.0829,-0.0142,0,0.2827,0.2858,0.1056,0.1014,65.48,71.36,0.36,0.2759,80.89,79.0
100,0,CA1-V1,163.0,0.9529,0.0333,,6000,0.1806,5,0.1361,-0.0515,0,0.3259,0.3151,0.1373,0.1219,75.43,67.93,0.36,0.4231,67.93,85.37
100,0,CA1-SUB,8.0,0.0412,0.0667,,6000,0.0606,13,0.5406,0.0092,0,0.326,0.3507,0.0847,0.0809,nan,nan,,,87.25,78.97
100,0,CA1-SUB,13.0,0.0706,0.0991,,6000,0.2771,6,0.1263,-0.0132,0,0.3471,0.3408,0.0718,0.0789,81.84,78.11,0.4167,0.4737,77.06,79.7
100,0,CA1-SUB,18.0,0.1,0.1052,,6000,0.2551,7,0.1303,-0.0003,0,0.3185,0.3517,0.0751,0.0788,76.6,72.6,0.4167,0.4737,75.34,88.15
100,0,CA1-SUB,23.0,0.1294,0.1117,,6000,0.354,4,0.1078,-0.0212,0,0.3316,0.3048,0.0699,0.0756,83.98,87.49,0.4783,0.3333,85.31,69.13
100,0,CA1-SUB,28.0,0.1588,0.0962,,6000,0.2913,10,0.4963,-0.0001,0,0.3002,0.3071,0.0696,0.0658,87.71,87.98,0.4167,0.3333,84.63,89.23
100,0,CA1-SUB,33.0,0.1882,0.0899,,6000,0.2248,11,0.2175,0.0015,0,0.3247,0.3185,0.0825,0.0674,82.85,83.33,0.4167,0.3333,78.63,88.97
100,0,CA1-SUB,38.0,0.2176,0.1103,,6000,0.0507,0,0.0,-0.0077,0,0.305,0.2967,0.0717,0.0689,77.32,82.04,0.4167,0.4,88.26,85.51
100,0,CA1-SUB,43.0,0.2471,0.1145,,6000,0.0887,11,0.4169,0.0104,0,0.3246,0.3005,0.0702,0.0768,85.04,78.75,0.4783,0.4,89.85,87.21
100,0,CA1-SUB,48.0,0.2765,0.1515,,6000,0.0569,0,0.0,0.0139,0,0.2967,0.3301,0.0718,0.0668,77.34,85.65,0.5455,0.4,89.05,87.63
100,0,CA1-SUB,53.0,0.3059,0.1706,,6000,0.0983,0,0.0,-0.0155,0,0.2703,0.3082,0.0868,0.0742,84.92,88.83,0.4167,0.4,87.35,87.41
100,0,CA1-SUB,58.0,0.3353,0.1662,,6000,0.0345,0,0.0,-0.0132,0,0.2735,0.3048,0.0682,0.0748,73.8,79.35,0.4167,0.2727,89.9,87.9
100,0,CA1-SUB,63.0,0.3647,0.1375,,6000,-0.0026,4,0.0489,-0.0098,0,0.2733,0.3043,0.0813,0.0821,81.19,83.63,0.4783,0.4,88.35,77.34
100,0,CA1-SUB,68.0,0.3941,0.112,,6000,-0.0864,5,0.0703,0.0057,0,0.2793,0.2897,0.0777,0.0816,88.34,82.06,0.5455,0.4,89.58,78.54
100,0,CA1-SUB,73.0,0.4235,0.171,,6000,-0.1844,9,0.2279,-0.002,0,0.2783,0.287,0.0765,0.0673,73.48,83.23,0.2143,0.3333,88.0,79.3
100,0,CA1-SUB,78.0,0.4529,0.145,,6000,0.0954,1,0.012,-0.0055,0,0.2802,0.2995,0.0712,0.0823,86.77,82.0,0.2143,0.4,85.27,76.0
100,0,CA1-SUB,83.0,0.4824,0.2107,,6000,0.1084,0,0.0,-0.0123,0,0.2881,0.266,0.0756,0.0745,85.72,84.49,0.2593,0.5556,79.79,89.42
100,0,CA1-SUB,88.0,0.5118,0.1446,,6000,0.2478,5,0.1038,0.0136,0,0.3102,0.2518,0.0704,0.069,77.72,83.48,0.36,0.4737,88.33,88.74
100,0,CA1-SUB,93.0,0.5412,0.1787,,6000,0.2159,1,0.0239,-0.0003,0,0.2759,0.2658,0.0799,0.083,68.13,60.42,0.5455,0.4,83.45,85.34
100,0,CA1-SUB,98.0,0.5706,0.1419,,6000,0.2547,4,0.083,-0.0061,0,0.294,0.2274,0.083,0.0808,64.34,71.91,0.619,0.1667,89.13,87.49
100,0,CA1-SUB,103.0,0.6,0.1262,,6000,-0.0215,4,0.0708,-0.0054,0,0.2888,0.2483,0.0718,0.0761,80.39,89.04,0.619,0.3333,87.45,88.34
100,0,CA1-SUB,108.0,0.6294,0.1841,,6000,0.2642,18,0.3839,-0.0097,0,0.2896,0.2301,0.0816,0.071,89.25,86.71,0.5455,0.4737,89.45,85.82
100,0,CA1-SUB,113.0,0.6588,0.209,,6000,0.1909,4,0.0682,0.0025,0,0.2597,0.2584,0.0699,0.0739,85.19,81.75,0.36,0.4,86.85,81.35
100,0,CA1-SUB,118.0,0.6882,0.1979,,6000,0.1068,0,0.0,0.0035,0,0.2814,0.2607,0.0691,0.0714,86.5,81.65,0.5455,0.4,88.47,84.57
100,0,CA1-SUB,123.0,0.7176,0.1243,,6000,0.0806,0,0.0,-0.0004,0,0.2624,0.2678,0.0717,0.0788,67.75,85.45,0.3077,0.2727,89.56,87.29
100,0,CA1-SUB,128.0,0.7471,0.0813,,6000,0.0889,8,0.3148,-0.0018,0,0.2969,0.3062,0.0697,0.0805,83.67,79.55,0.5455,0.3333,89.16,87.82
100,0,CA1-SUB,133.0,0.7765,0.0813,,6000,0.0599,1,0.0231,0.0003,0,0.291,0.2706,0.0787,0.0735,83.4,79.26,0.4167,0.4737,86.06,78.83
100,0,CA1-SUB,138.0,0.8059,0.1324,,8000,0.2476,5,0.0827,0.0026,0,0.3147,0.2865,0.07,0.0719,85.86,74.83,0.2143,0.2727,88.26,89.67
100,0,CA1-SUB,143.0,0.8353,0.1061,,6000,0.1731,2,0.0343,0.0139,0,0.3045,0.2907,0.0645,0.0676,84.24,88.02,0.36,0.4737,84.2,85.22
100,0,CA1-SUB,148.0,0.8647,0.1211,,8000,0.2504,10,0.1797,-0.0016,0,0.3224,0.2555,0.0805,0.0795,73.48,72.6,0.4167,0.3333,72.4,84.31
100,0,CA1-SUB,153.0,0.8941,0.0433,,6000,0.1508,2,0.0416,0.0316,0,0.2989,0.2883,0.0722,0.0845,74.2,71.74,0.3077,0.3333,88.58,89.32
100,0,CA1-SUB,158.0,0.9235,0.015,,6000,0.0029,2,0.0261,-0.0119,0,0.2806,0.2993,0.062,0.0714,72.02,75.22,0.3077,0.4,81.23,84.05
100,0,CA1-SUB,163.0,0.9529,0.0333,,6000,0.2531,4,0.0837,0.0147,0,0.3241,0.3186,0.0783,0.0825,89.79,85.91,0.3077,0.3333,85.77,89.13
100,0,RSC-SUB,8.0,0.0412,0.0667,,6000,0.5549,9,0.6071,0.0139,0,0.3817,0.3503,0.0798,0.0786,nan,nan,,,87.1,89.92
100,0,RSC-SUB,13.0,0.0706,0.0991,,6000,0.3505,2,0.0781,0.0127,0,0.3703,0.3405,0.065,0.0619,81.56,80.23,0.2258,0.4737,86.52,89.93
100,0,RSC-SUB,18.0,0.1,0.1052,,6000,0.1109,3,0.059,-0.004,0,0.3579,0.35,0.0902,0.0677,82.52,78.65,0.3571,0.4737,79.8,81.65
100,0,RSC-SUB,23.0,0.1294,0.1117,,6000,0.3579,2,0.0915,-0.0346,0,0.3452,0.3059,0.0743,0.0769,79.45,89.5,0.3103,0.2727,85.15,87.06
100,0,RSC-SUB,28.0,0.1588,0.0962,,6000,0.2601,11,0.2226,0.0052,0,0.3033,0.3086,0.0686,0.0687,85.63,89.78,0.4615,0.2727,85.24,89.15
100,0,RSC-SUB,33.0,0.1882,0.0899,,6000,0.1206,8,0.1415,-0.0202,0,0.3139,0.3178,0.0728,0.0633,86.37,88.86,0.4074,0.2727,88.76,83.89
100,0,RSC-SUB,38.0,0.2176,0.1103,,6000,0.0951,0,0.0,-0.0261,0,0.2979,0.2966,0.0867,0.0574,83.3,85.95,0.2667,0.3333,82.77,87.51
100,0,RSC-SUB,43.0,0.2471,0.1145,,6000,-0.1379,5,0.156,-0.0109,0,0.2925,0.2972,0.0807,0.0632,74.41,75.75,0.2258,0.4,88.42,89.05
100,0,RSC-SUB,48.0,0.2765,0.1515,,6000,0.1053,0,0.0,-0.0121,0,0.3089,0.331,0.07,0.0643,87.34,77.2,0.4615,0.3333,88.88,82.48
100,0,RSC-SUB,53.0,0.3059,0.1706,,6000,0.1251,0,0.0,0.0058,0,0.3051,0.3075,0.0786,0.0729,86.57,89.41,0.4074,0.4,81.3,82.87
100,0,RSC-SUB,58.0,0.3353,0.1662,,6000,0.1018,0,0.0,0.0144,0,0.2858,0.306,0.0794,0.0697,83.02,77.45,0.2667,0.3333,86.86,82.52
100,0,RSC-SUB,63.0,0.3647,0.1375,,6000,0.4727,7,0.2595,-0.0234,0,0.2857,0.3171,0.0701,0.0741,80.56,67.95,0.3571,0.4737,89.2,79.17
100,0,RSC-SUB,68.0,0.3941,0.112,,6000,0.3168,10,0.2095,0.0021,0,0.2812,0.2927,0.0768,0.0629,78.04,79.92,0.3103,0.3333,83.92,88.67
100,0,RSC-SUB,73.0,0.4235,0.171,,6000,0.4524,7,0.2953,0.0028,0,0.2711,0.2833,0.0759,0.0675,84.92,74.62,0.2258,0.3333,86.49,85.86
100,0,RSC-SUB,78.0,0.4529,0.145,,6000,0.0317,2,0.0359,-0.0089,0,0.2763,0.3013,0.0759,0.0791,85.27,88.48,0.3571,0.4,86.14,87.02
100,0,RSC-SUB,83.0,0.4824,0.2107,,6000,0.2325,3,0.0641,-0.003,0,0.2975,0.2651,0.0766,0.0763,80.81,73.61,0.3571,0.4737,84.48,83.43
100,0,RSC-SUB,88.0,0.5118,0.1446,,6000,0.2529,5,0.1171,-0.0308,0,0.2856,0.2517,0.057,0.0572,87.91,81.01,0.3571,0.4,89.1,88.84
100,0,RSC-SUB,93.0,0.5412,0.1787,,6000,0.0877,0,0.0,-0.0083,0,0.2702,0.2665,0.0742,0.0537,87.76,86.83,0.52,0.3333,89.15,84.49
100,0,RSC-SUB,98.0,0.5706,0.1419,,6000,-0.0049,1,0.0194,0.0157,0,0.3243,0.2277,0.0793,0.0673,79.14,77.14,0.3571,0.2174,88.14,84.62
100,0,RSC-SUB,103.0,0.6,0.1262,,6000,-0.0743,1,0.0153,-0.0091,0,0.2693,0.2468,0.072,0.0565,77.42,67.99,0.4074,0.4,84.43,86.56
100,0,RSC-SUB,108.0,0.6294,0.1841,,6000,-0.1271,15,0.3094,-0.0124,0,0.2893,0.2309,0.0635,0.0638,76.3,72.83,0.3103,0.4737,88.16,84.98
100,0,RSC-SUB,113.0,0.6588,0.209,,6000,0.1473,3,0.0433,-0.0085,0,0.2826,0.2595,0.0614,0.0506,81.96,78.37,0.2667,0.4,81.23,82.99
100,0,RSC-SUB,118.0,0.6882,0.1979,,6000,0.0524,1,0.0146,0.0051,0,0.2865,0.2627,0.0646,0.0603,74.9,76.91,0.4615,0.4,78.39,76.73
100,0,RSC-SUB,123.0,0.7176,0.1243,,6000,0.1009,0,0.0,-0.0072,0,0.2981,0.2664,0.0765,0.0594,83.96,80.26,0.4074,0.2727,81.77,88.0
100,0,RSC-SUB,128.0,0.7471,0.0813,,6000,-0.1265,9,0.3839,-0.0074,0,0.3289,0.3061,0.0739,0.0686,83.31,85.87,0.52,0.4,86.49,72.2
100,0,RSC-SUB,133.0,0.7765,0.0813,,6000,0.281,2,0.0592,-0.0036,0,0.2926,0.2671,0.0904,0.0657,82.29,72.5,0.3571,0.3333,87.41,89.41
100,0,RSC-SUB,138.0,0.8059,0.1324,,8000,0.1455,8,0.334,-0.0247,0,0.3292,0.2844,0.0911,0.0779,89.58,77.83,0.2258,0.1667,89.15,84.79
100,0,RSC-SUB,143.0,0.8353,0.1061,,6000,-0.0992,2,0.0265,-0.0082,0,0.3152,0.297,0.0661,0.062,83.67,72.87,0.1875,0.4,88.92,86.56
100,0,RSC-SUB,148.0,0.8647,0.1211,,8000,0.3215,10,0.2026,0.0066,0,0.3118,0.255,0.0767,0.0752,80.82,87.17,0.2667,0.3333,89.97,88.74
100,0,RSC-SUB,153.0,0.8941,0.0433,,6000,0.0839,1,0.0172,-0.0117,0,0.3119,0.2885,0.0818,0.0654,87.17,83.56,0.3103,0.3333,85.07,88.92
100,0,RSC-SUB,158.0,0.9235,0.015,,6000,0.2293,1,0.027,0.0128,0,0.3525,0.3001,0.0832,0.0674,82.69,88.79,0.3571,0.4737,87.92,84.74
100,0,RSC-SUB,163.0,0.9529,0.0333,,6000,0.0491,3,0.0911,0.0048,0,0.3505,0.3199,0.0701,0.0566,76.87,85.44,0.3103,0.4,88.57,73.82
100,0,V1-RSC,8.0,0.0412,0.0667,,6000,0.3325,9,0.727,0.041,0,0.3332,0.3626,0.1587,0.1469,nan,nan,,,56.35,54.79
100,0,V1-RSC,13.0,0.0706,0.0991,,6000,0.4217,1,0.0979,-0.0118,0,0.3067,0.3544,0.1727,0.1838,66.61,71.61,0.451,0.2667,82.86,88.77
100,0,V1-RSC,18.0,0.1,0.1052,,6000,0.5491,4,0.3533,0.015,0,0.2787,0.3505,0.1713,0.1831,79.54,71.11,0.48,0.3571,88.31,84.24
100,0,V1-RSC,23.0,0.1294,0.1117,,6000,0.3386,2,0.1121,0.0006,0,0.2924,0.3352,0.1787,0.1782,59.5,50.24,0.3704,0.3571,67.8,72.83
100,0,V1-RSC,28.0,0.1588,0.0962,,6000,0.1646,3,0.1233,-0.0023,0,0.2825,0.2882,0.1648,0.1687,48.7,50.89,0.5102,0.3571,67.23,64.19
100,0,V1-RSC,33.0,0.1882,0.0899,,6000,0.4254,5,0.3165,0.0178,0,0.2956,0.3032,0.1645,0.1744,35.17,47.2,0.451,0.4074,53.35,58.64
100,0,V1-RSC,38.0,0.2176,0.1103,,6000,0.4164,2,0.1623,0.0064,0,0.2777,0.2904,0.1737,0.1659,42.05,41.45,0.6087,0.3103,74.01,74.67
100,0,V1-RSC,43.0,0.2471,0.1145,,6000,0.5043,6,0.4948,0.0047,0,0.2634,0.2818,0.166,0.1565,35.47,36.78,0.3704,0.2258,64.58,66.55
100,0,V1-RSC,48.0,0.2765,0.1515,,6000,0.3332,2,0.1135,-0.0002,0,0.3026,0.2987,0.1556,0.1597,35.85,37.32,0.451,0.4615,68.39,60.55
100,0,V1-RSC,53.0,0.3059,0.1706,,6000,0.3514,2,0.1256,0.0043,0,0.3058,0.2931,0.1619,0.1619,43.12,47.25,0.4231,0.4074,64.1,71.38
100,0,V1-RSC,58.0,0.3353,0.1662,,6000,0.3288,2,0.0917,-0.001,0,0.2898,0.2769,0.1603,0.1623,61.53,63.5,0.5417,0.2667,87.49,82.9
100,0,V1-RSC,63.0,0.3647,0.1375,,6000,0.0635,6,0.3133,0.0024,0,0.2613,0.2798,0.1695,0.1601,56.11,73.43,0.5102,0.3103,78.06,78.17
100,0,V1-RSC,68.0,0.3941,0.112,,6000,0.5902,5,0.4092,0.0018,0,0.2469,0.2779,0.1686,0.1636,49.57,54.86,0.2982,0.3571,89.22,86.59
100,0,V1-RSC,73.0,0.4235,0.171,,6000,0.6187,5,0.4774,0.0084,0,0.2511,0.2694,0.159,0.1433,43.29,48.15,0.3704,0.3103,67.07,63.62
100,0,V1-RSC,78.0,0.4529,0.145,,6000,0.1553,1,0.1104,0.0089,0,0.234,0.2633,0.1645,0.1464,52.46,50.3,0.2982,0.4074,61.07,58.56
100,0,V1-RSC,83.0,0.4824,0.2107,,6000,0.5051,3,0.2759,0.004,0,0.2272,0.2893,0.1623,0.1618,75.49,75.7,0.3214,0.4074,77.44,69.28
100,0,V1-RSC,88.0,0.5118,0.1446,,6000,0.2985,6,0.3337,-0.0222,0,0.2132,0.2749,0.1506,0.1492,51.97,45.75,0.3214,0.3103,67.54,65.98
100,0,V1-RSC,93.0,0.5412,0.1787,,6000,0.3288,4,0.1619,0.0113,0,0.2291,0.2595,0.1564,0.1511,49.3,49.74,0.6087,0.4074,67.78,66.98
100,0,V1-RSC,98.0,0.5706,0.1419,,6000,0.3583,2,0.162,-0.0002,0,0.2322,0.3151,0.1641,0.1526,39.49,48.01,0.451,0.3103,65.46,57.49
100,0,V1-RSC,103.0,0.6,0.1262,,6000,0.1571,1,0.0332,-0.0036,0,0.2511,0.2558,0.1636,0.1598,46.4,49.24,0.5102,0.52,67.86,70.66
100,0,V1-RSC,108.0,0.6294,0.1841,,6000,0.4213,12,0.5023,0.015,0,0.2546,0.2803,0.1532,0.1458,75.52,72.13,0.4231,0.2667,89.7,82.91
100,0,V1-RSC,113.0,0.6588,0.209,,6000,0.3409,2,0.0917,0.0163,0,0.2252,0.2713,0.1439,0.1479,52.15,66.06,0.2759,0.3103,71.41,70.5
100,0,V1-RSC,118.0,0.6882,0.1979,,6000,0.1658,2,0.051,0.0141,0,0.2496,0.2741,0.1592,0.1494,48.16,47.27,0.3455,0.4615,86.81,82.01
100,0,V1-RSC,123.0,0.7176,0.1243,,6000,0.2733,2,0.055,0.0036,0,0.2484,0.2937,0.1385,0.1251,41.88,50.06,0.4231,0.3571,77.98,80.25
100,0,V1-RSC,128.0,0.7471,0.0813,,6000,-0.095,11,0.5196,0.0225,0,0.2638,0.3182,0.141,0.1318,61.04,58.25,0.3704,0.52,77.5,77.42
100,0,V1-RSC,133.0,0.7765,0.0813,,6000,0.1839,5,0.1805,0.0361,0,0.2694,0.2861,0.1391,0.1353,64.83,61.67,0.5102,0.3571,77.46,70.44
100,0,V1-RSC,138.0,0.8059,0.1324,,8000,0.6926,8,0.7585,-0.0013,0,0.2878,0.3297,0.1586,0.1655,72.35,74.89,0.451,0.2667,81.04,78.22
100,0,V1-RSC,143.0,0.8353,0.1061,,6000,0.7141,5,0.5924,0.0063,0,0.2958,0.3104,0.1512,0.1632,58.96,58.76,0.3704,0.1875,87.39,85.04
100,0,V1-RSC,148.0,0.8647,0.1211,,8000,0.5753,4,0.3556,0.0048,0,0.2791,0.3055,0.1613,0.1653,64.64,63.12,0.3704,0.2667,81.01,77.52
100,0,V1-RSC,153.0,0.8941,0.0433,,6000,0.3646,5,0.1822,-0.0058,0,0.2694,0.3065,0.1398,0.1436,51.6,53.29,0.4231,0.3571,63.58,55.3
100,0,V1-RSC,158.0,0.9235,0.015,,6000,0.3698,2,0.0929,0.0042,0,0.2852,0.3493,0.1372,0.1278,55.93,53.02,0.2982,0.3571,88.06,85.38
100,0,V1-RSC,163.0,0.9529,0.0333,,6000,-0.0344,6,0.1699,0.0259,0,0.3105,0.3416,0.146,0.1428,61.44,64.96,0.451,0.3103,84.6,85.03
