animal,learner,pair,center_trial,trial_frac,performance,lp_rel,n_bins,cc1,n_sig,mi_sig,ifi,optimal_lag,gini_x,gini_y,gini_x_conn,gini_y_conn,gini_x_sig,gini_y_sig,gini_pearson_x,gini_pearson_y,rot_x,rot_y,rot_x_cc1,rot_y_cc1,jac_x,jac_y,sh_x,sh_y,sh_x_cc1,sh_y_cc1
28,1,CA1-CA3,8.0,0.0515,0.0162,-61.0,16000,0.1968,4,0.0666,0.0313,0,0.3454,0.6506,0.4311,0.6742,0.4257,0.6266,0.4115,0.5971,nan,nan,nan,nan,,,82.6,88.45,65.02,79.11
28,1,CA1-CA3,13.0,0.0882,0.0162,-56.0,16000,0.2265,2,0.0406,0.0354,0,0.1975,0.6532,0.4572,0.6518,0.4675,0.6754,0.4065,0.5993,86.94,84.43,26.94,41.66,0.3333,0.0,88.98,88.56,47.88,82.3
28,1,CA1-CA3,18.0,0.125,0.0833,-51.0,14000,0.2181,2,0.0374,0.0062,0,0.3279,0.6778,0.4359,0.5714,0.4645,0.5656,0.3335,0.4808,77.69,70.56,27.82,37.61,0.4545,0.6,85.27,85.2,53.94,84.09
28,1,CA1-CA3,23.0,0.1618,0.1389,-46.0,12000,0.2054,2,0.0372,0.0127,5,0.2511,0.6244,0.3498,0.5046,0.4631,0.521,0.3351,0.4631,60.64,77.82,32.93,25.74,0.6,1.0,86.83,73.6,85.22,84.83
28,1,CA1-CA3,28.0,0.1985,0.2667,-41.0,12000,0.1909,2,0.0351,-0.0178,0,0.2483,0.555,0.4209,0.4096,0.4825,0.4348,0.4082,0.458,76.06,81.69,24.78,18.31,0.4545,0.6,83.96,88.5,43.58,88.1
28,1,CA1-CA3,33.0,0.2353,0.27,-36.0,14000,0.4,4,0.2325,0.0238,0,0.8161,0.8908,0.9477,0.922,0.9296,0.9181,0.5408,0.5502,90.0,90.0,90.0,79.22,0.4545,0.1429,37.66,0.0,0.0,23.23
28,1,CA1-CA3,38.0,0.2721,0.3182,-31.0,12000,0.2438,2,0.0599,-0.0553,0,0.1667,0.5982,0.3716,0.549,0.4792,0.5863,0.3794,0.5325,86.44,90.0,88.1,86.93,0.3333,0.3333,87.0,77.62,27.49,76.29
28,1,CA1-CA3,43.0,0.3088,0.3746,-26.0,14000,0.2319,2,0.0536,-0.0484,0,0.2036,0.5952,0.3971,0.5313,0.4454,0.5418,0.3659,0.5574,59.66,34.23,27.21,31.94,0.4545,0.3333,80.71,84.4,69.7,63.76
28,1,CA1-CA3,48.0,0.3456,0.3465,-21.0,14000,0.2413,2,0.0531,-0.0685,0,0.1947,0.6114,0.3727,0.582,0.4391,0.557,0.3468,0.5098,59.84,38.17,25.14,29.01,0.7778,0.6,87.41,68.01,64.18,56.82
28,1,CA1-CA3,53.0,0.3824,0.3593,-16.0,14000,0.2491,2,0.0546,-0.0811,0,0.2041,0.6459,0.4261,0.5099,0.5044,0.5731,0.4016,0.5388,40.9,37.65,19.76,18.43,0.3333,0.6,88.27,89.09,69.16,58.72
28,1,CA1-CA3,58.0,0.4191,0.3158,-11.0,14000,0.2201,6,0.1365,0.0746,2,0.2233,0.9612,0.2715,0.9612,0.2882,0.9612,0.2849,0.3475,78.96,89.98,31.69,83.49,0.2308,0.3333,75.44,84.38,85.94,0.0
28,1,CA1-CA3,63.0,0.4559,0.3796,-6.0,14000,0.0288,3,0.0786,-0.0371,0,0.1989,0.9008,0.3095,0.9008,0.3268,0.9008,0.2934,0.3235,43.96,56.88,28.27,21.3,0.4545,0.6,80.7,53.81,74.41,6.75
28,1,CA1-CA3,68.0,0.4926,0.476,-1.0,14000,0.2,4,0.0562,-0.0726,0,0.1824,0.6163,0.276,0.466,0.3275,0.4837,0.3413,0.5043,85.33,89.24,40.48,82.12,0.6,0.3333,46.71,61.46,44.21,84.13
28,1,CA1-CA3,73.0,0.5294,0.5182,4.0,14000,-0.0626,4,0.1861,-0.0263,0,0.212,0.9697,0.2922,0.9697,0.2711,0.9697,0.2589,0.3673,87.45,89.14,25.89,84.99,0.4545,0.6,56.42,57.66,37.13,0.0
28,1,CA1-CA3,78.0,0.5662,0.6613,9.0,14000,-0.0507,4,0.1205,-0.0306,0,0.205,0.94,0.2867,0.94,0.2914,0.94,0.3016,0.3845,51.76,89.53,73.8,38.57,0.4545,0.6,85.82,73.26,87.26,0.0
28,1,CA1-CA3,83.0,0.6029,0.7651,14.0,16000,-0.0478,5,0.1222,-0.0672,0,0.7681,0.1231,0.7105,0.209,0.718,0.218,0.2892,0.3366,83.82,84.07,87.32,84.56,0.3333,0.1429,74.97,50.14,2.16,33.29
28,1,CA1-CA3,88.0,0.6397,0.9155,19.0,14000,0.1577,2,0.0248,0.0688,0,0.1913,0.2297,0.3128,0.3771,0.3756,0.5373,0.2834,0.3232,85.23,47.86,88.07,81.3,0.3333,0.3333,85.01,88.15,61.25,58.04
28,1,CA1-CA3,93.0,0.6765,0.9833,24.0,14000,0.0004,2,0.0463,0.0052,0,0.2489,0.2534,0.3777,0.253,0.4221,0.436,0.3107,0.2434,67.72,64.26,35.63,42.43,0.4545,0.3333,65.1,64.42,51.66,36.21
28,1,CA1-CA3,98.0,0.7132,1.0,29.0,14000,0.2648,2,0.0575,-0.0224,0,0.2436,0.2125,0.3432,0.3827,0.4074,0.5119,0.2929,0.2813,51.78,45.19,48.8,39.24,0.6,0.6,82.52,87.29,60.75,56.3
28,1,CA1-CA3,103.0,0.75,0.9333,34.0,14000,0.327,5,0.1458,-0.0328,0,0.3318,0.2134,0.4083,0.3068,0.4076,0.3086,0.2582,0.2139,66.45,57.56,61.63,65.87,0.4545,0.6,76.8,84.92,81.28,78.11
28,1,CA1-CA3,108.0,0.7868,0.8565,39.0,14000,0.1968,1,0.0197,-0.0091,0,0.3185,0.2002,0.3704,0.455,0.5167,0.6851,0.2449,0.2594,61.57,70.55,17.88,18.79,0.4545,0.3333,79.67,79.02,61.44,29.96
28,1,CA1-CA3,113.0,0.8235,0.7989,44.0,18000,0.1945,2,0.0279,-0.0114,0,0.2466,0.186,0.3855,0.4402,0.4166,0.5836,0.2906,0.3033,77.04,45.51,33.93,18.97,0.6,0.6,88.09,84.54,81.3,78.98
28,1,CA1-CA3,118.0,0.8603,0.7434,49.0,16000,0.2296,1,0.0271,-0.0121,0,0.2389,0.2802,0.3878,0.3981,0.6175,0.5332,0.3221,0.2399,47.79,44.68,32.72,13.62,0.3333,0.6,61.49,52.56,44.61,17.34
28,1,CA1-CA3,123.0,0.8971,0.7314,54.0,14000,0.2368,4,0.0721,-0.0536,0,0.2801,0.3363,0.2929,0.3492,0.3096,0.3483,0.2874,0.2545,62.26,45.32,37.19,29.85,0.4545,1.0,89.05,81.39,41.24,23.3
28,1,CA1-CA3,128.0,0.9338,0.6867,59.0,14000,0.1654,1,0.0139,0.0497,0,0.3155,0.273,0.3459,0.3682,0.5522,0.5506,0.2088,0.2741,68.52,40.08,47.65,27.9,0.6,0.3333,78.13,85.55,56.47,71.81
28,1,CA1-DG,8.0,0.0515,0.0162,-61.0,16000,0.2899,2,0.0545,-0.1042,0,0.2954,0.2222,0.4348,0.4573,0.469,0.4711,0.4502,0.3723,nan,nan,nan,nan,,,81.2,26.86,29.55,9.45
28,1,CA1-DG,13.0,0.0882,0.0162,-56.0,16000,0.2698,2,0.0507,-0.0521,0,0.2645,0.2432,0.4007,0.4341,0.4546,0.4832,0.4199,0.3685,51.2,29.52,22.84,18.38,0.4545,0.6,84.74,59.85,37.46,18.04
28,1,CA1-DG,18.0,0.125,0.0833,-51.0,14000,0.2981,2,0.0549,-0.0236,0,0.267,0.2498,0.4355,0.4299,0.4536,0.4625,0.4168,0.36,67.31,73.81,21.19,18.08,0.6,0.6,88.24,73.83,60.42,19.05
28,1,CA1-DG,23.0,0.1618,0.1389,-46.0,12000,0.3268,4,0.0824,-0.0046,0,0.268,0.4574,0.3698,0.3231,0.3363,0.3218,0.3628,0.3435,84.26,84.2,21.85,20.22,0.4545,0.3333,89.16,70.75,63.76,18.01
28,1,CA1-DG,28.0,0.1985,0.2667,-41.0,12000,0.2737,2,0.056,0.0069,0,0.3163,0.1818,0.4265,0.3223,0.4933,0.4438,0.3624,0.3174,53.23,60.24,17.46,23.87,0.4545,0.3333,89.97,88.56,57.26,32.55
28,1,CA1-DG,33.0,0.2353,0.27,-36.0,14000,0.2219,5,0.0908,-0.0111,0,0.2795,0.2644,0.3798,0.3177,0.3986,0.2723,0.3687,0.2937,42.54,29.2,26.14,23.96,0.6,0.3333,73.93,80.4,34.66,25.06
28,1,CA1-DG,38.0,0.2721,0.3182,-31.0,12000,0.2233,2,0.0369,-0.0196,0,0.2159,0.4164,0.3917,0.4042,0.4499,0.4549,0.3399,0.3061,62.6,74.68,29.45,39.69,0.6,0.6,74.9,67.89,32.8,26.47
28,1,CA1-DG,43.0,0.3088,0.3746,-26.0,14000,0.2343,2,0.0367,-0.0003,0,0.2169,0.4182,0.3697,0.4843,0.439,0.4981,0.328,0.2719,58.56,40.35,24.12,44.66,0.6,0.3333,80.66,83.54,53.78,61.59
28,1,CA1-DG,48.0,0.3456,0.3465,-21.0,14000,0.2301,2,0.0453,0.0295,0,0.188,0.496,0.3998,0.3544,0.4796,0.4089,0.3577,0.3216,81.02,84.27,21.57,28.58,0.6,0.3333,82.76,78.45,66.2,46.45
28,1,CA1-DG,53.0,0.3824,0.3593,-16.0,14000,0.2133,2,0.0374,0.0364,0,0.2341,0.2048,0.3716,0.3975,0.4986,0.5301,0.3498,0.3077,72.82,27.59,34.71,26.3,0.4545,0.1429,82.31,46.04,44.44,26.6
28,1,CA1-DG,58.0,0.4191,0.3158,-11.0,14000,0.2018,2,0.0286,0.0098,0,0.1972,0.5303,0.2778,0.2907,0.5454,0.4716,0.3194,0.2738,74.83,45.4,28.45,34.38,0.3333,0.3333,89.51,50.13,73.8,72.98
28,1,CA1-DG,63.0,0.4559,0.3796,-6.0,14000,0.1936,2,0.027,-0.0243,0,0.2317,0.5567,0.3601,0.4105,0.4676,0.3878,0.3224,0.2397,34.98,54.38,22.98,16.56,0.3333,0.6,71.72,48.53,89.8,70.57
28,1,CA1-DG,68.0,0.4926,0.476,-1.0,14000,0.2173,2,0.0368,-0.0047,0,0.1656,0.1066,0.3825,0.376,0.4875,0.4606,0.342,0.2606,72.69,73.95,16.69,27.67,0.6,0.6,53.21,39.54,41.69,37.08
28,1,CA1-DG,73.0,0.5294,0.5182,4.0,14000,0.2342,2,0.0337,-0.0052,0,0.1391,0.0965,0.3732,0.3727,0.4631,0.4362,0.3266,0.2717,49.33,25.02,24.32,15.53,0.4545,0.3333,58.63,51.64,50.9,31.29
28,1,CA1-DG,78.0,0.5662,0.6613,9.0,14000,0.2008,5,0.126,0.0288,0,0.1735,0.1694,0.2385,0.1726,0.2189,0.1982,0.3371,0.2713,47.01,28.55,28.45,22.65,0.6,0.6,74.86,34.29,70.23,30.29
28,1,CA1-DG,83.0,0.6029,0.7651,14.0,16000,0.1491,8,0.4149,-0.0006,0,0.8284,0.2729,0.7645,0.268,0.8631,0.3388,0.3491,0.2698,83.73,70.94,89.37,85.34,0.7778,1.0,41.44,42.58,0.49,8.0
28,1,CA1-DG,88.0,0.6397,0.9155,19.0,14000,0.185,2,0.0251,-0.0309,0,0.1926,0.3435,0.3558,0.3421,0.4582,0.4835,0.3286,0.276,87.31,83.96,86.87,63.8,0.6,0.6,83.54,76.28,75.25,62.62
28,1,CA1-DG,93.0,0.6765,0.9833,24.0,14000,0.0689,6,0.073,0.0302,0,0.3095,0.3482,0.4034,0.4623,0.3983,0.4568,0.3021,0.2248,79.9,87.72,49.56,75.05,0.6,0.6,76.05,62.67,59.86,58.52
28,1,CA1-DG,98.0,0.7132,1.0,29.0,14000,0.3385,3,0.1305,-0.0554,0,0.3081,0.5686,0.5824,0.8642,0.5924,0.8637,0.3214,0.3041,35.39,20.14,54.89,40.45,0.4545,0.6,49.78,51.85,10.6,0.75
28,1,CA1-DG,103.0,0.75,0.9333,34.0,14000,0.4675,4,0.1681,-0.0598,0,0.3415,0.4806,0.6477,0.8931,0.4692,0.7872,0.3517,0.2986,43.31,24.15,28.97,0.38,0.6,0.3333,56.84,38.33,30.51,1.39
28,1,CA1-DG,108.0,0.7868,0.8565,39.0,14000,0.2196,3,0.0674,-0.0807,0,0.3493,0.3754,0.6107,0.7084,0.651,0.7327,0.3255,0.2484,45.41,15.66,14.39,8.04,0.7778,0.6,45.56,41.99,61.57,60.09
28,1,CA1-DG,113.0,0.8235,0.7989,44.0,18000,0.2247,3,0.0601,-0.0286,0,0.2708,0.3749,0.534,0.68,0.5713,0.7228,0.3207,0.2573,39.19,28.7,70.07,73.66,0.6,1.0,44.34,26.65,50.89,80.19
28,1,CA1-DG,118.0,0.8603,0.7434,49.0,16000,0.2284,3,0.0661,-0.0109,0,0.2648,0.3411,0.5089,0.6885,0.5236,0.7171,0.328,0.2396,31.51,14.69,18.02,14.01,0.7778,0.6,43.91,24.72,32.7,79.15
28,1,CA1-DG,123.0,0.8971,0.7314,54.0,14000,0.3535,6,0.1461,-0.0545,0,0.3515,0.4782,0.5674,0.7856,0.4424,0.6473,0.3886,0.352,57.01,59.45,75.2,79.58,0.6,0.6,57.96,37.18,31.49,1.71
28,1,CA1-DG,128.0,0.9338,0.6867,59.0,14000,-0.026,5,0.124,-0.0439,0,0.3253,0.3728,0.4633,0.6162,0.4184,0.5671,0.3291,0.2687,53.83,56.1,46.24,20.66,0.7778,0.6,65.09,35.53,40.25,17.18
28,1,CA1-V1,8.0,0.0515,0.0162,-61.0,16000,0.1481,0,0.0,-0.0171,0,0.3582,0.4439,0.3666,0.4782,nan,nan,0.2294,0.2311,nan,nan,nan,nan,,,86.12,86.17,71.73,43.47
28,1,CA1-V1,13.0,0.0882,0.0162,-56.0,16000,0.2291,1,0.0269,-0.0398,-5,0.2952,0.457,0.3107,0.5172,0.4451,0.5877,0.2089,0.2442,66.37,65.22,48.51,40.05,0.3333,0.3333,60.31,60.28,88.8,29.75
28,1,CA1-V1,18.0,0.125,0.0833,-51.0,14000,0.1534,0,0.0,-0.0226,-5,0.3122,0.421,0.319,0.442,nan,nan,0.1792,0.1967,89.39,86.21,31.13,21.4,0.7778,0.3333,88.68,87.63,73.16,37.06
28,1,CA1-V1,23.0,0.1618,0.1389,-46.0,12000,0.0865,0,0.0,-0.0093,-1,0.2995,0.4149,0.3017,0.437,nan,nan,0.1922,0.2036,80.48,79.25,34.41,30.21,0.7778,0.44,88.93,85.32,75.36,28.23
28,1,CA1-V1,28.0,0.1985,0.2667,-41.0,12000,0.1201,0,0.0,0.0007,2,0.2684,0.401,0.3494,0.4312,nan,nan,0.1978,0.195,89.18,70.57,33.91,28.58,0.6,0.5,72.91,86.9,61.56,43.33
28,1,CA1-V1,33.0,0.2353,0.27,-36.0,14000,0.2082,1,0.0222,-0.023,-2,0.2404,0.3964,0.3339,0.4585,0.4667,0.548,0.2019,0.1786,59.74,87.95,42.95,39.16,0.7778,0.5,78.1,87.52,55.4,50.71
28,1,CA1-V1,38.0,0.2721,0.3182,-31.0,12000,0.2535,1,0.0332,-0.0179,-5,0.2495,0.3687,0.2952,0.4083,0.4263,0.5148,0.1771,0.1905,64.27,75.04,28.52,35.83,0.6,0.44,64.82,86.67,47.22,59.86
28,1,CA1-V1,43.0,0.3088,0.3746,-26.0,14000,0.1734,0,0.0,-0.0134,-3,0.2281,0.3753,0.2706,0.4271,nan,nan,0.1658,0.1861,62.21,69.15,35.44,30.11,0.3333,0.44,83.2,62.93,85.55,62.03
28,1,CA1-V1,48.0,0.3456,0.3465,-21.0,14000,0.1516,0,0.0,0.0007,0,0.1826,0.3355,0.2475,0.3498,nan,nan,0.1574,0.1838,63.41,61.0,35.33,27.67,0.4545,0.44,66.99,60.87,77.94,39.56
28,1,CA1-V1,53.0,0.3824,0.3593,-16.0,14000,0.1341,0,0.0,-0.0212,-3,0.1912,0.3564,0.3408,0.4076,nan,nan,0.1836,0.1757,60.19,63.41,52.36,47.51,0.3333,0.44,89.79,84.3,87.9,51.95
28,1,CA1-V1,58.0,0.4191,0.3158,-11.0,14000,0.0922,0,0.0,0.0253,1,0.1796,0.3616,0.1939,0.3707,nan,nan,0.1359,0.1584,73.19,63.26,45.42,37.29,0.4545,0.5652,77.13,85.4,56.42,61.23
28,1,CA1-V1,63.0,0.4559,0.3796,-6.0,14000,0.141,0,0.0,-0.0172,-4,0.2042,0.3529,0.2588,0.3725,nan,nan,0.1547,0.1483,83.97,71.44,50.25,41.1,0.6,0.3333,85.79,82.83,71.9,40.83
28,1,CA1-V1,68.0,0.4926,0.476,-1.0,14000,0.1059,0,0.0,0.0224,3,0.1448,0.3321,0.2501,0.3742,nan,nan,0.118,0.1561,71.52,68.44,30.1,36.23,0.4545,0.2,75.21,87.2,58.17,59.56
28,1,CA1-V1,73.0,0.5294,0.5182,4.0,14000,0.2138,1,0.0234,-0.0287,-3,0.1977,0.3547,0.2914,0.4213,0.4251,0.5315,0.1328,0.1323,63.94,66.18,51.99,46.21,0.4545,0.2857,82.03,87.6,37.44,38.41
28,1,CA1-V1,78.0,0.5662,0.6613,9.0,14000,0.1796,0,0.0,0.0071,0,0.1848,0.3114,0.1959,0.3211,nan,nan,0.1587,0.1701,82.8,84.02,69.42,50.47,0.7778,0.6364,85.19,87.48,80.8,74.12
28,1,CA1-V1,83.0,0.6029,0.7651,14.0,16000,0.2809,4,0.0971,0.0014,2,0.7163,0.3316,0.6287,0.3484,0.5654,0.3788,0.1645,0.1466,84.85,67.05,55.2,39.01,0.6,0.3846,76.34,86.98,56.91,43.84
28,1,CA1-V1,88.0,0.6397,0.9155,19.0,14000,0.1449,0,0.0,0.0159,2,0.1539,0.2879,0.2783,0.337,nan,nan,0.1544,0.1744,89.42,57.72,49.71,25.11,0.2308,0.5,86.04,82.01,40.12,56.69
28,1,CA1-V1,93.0,0.6765,0.9833,24.0,14000,0.1517,0,0.0,-0.0004,3,0.1874,0.3078,0.2753,0.3422,nan,nan,0.1459,0.1593,86.52,83.64,30.98,34.84,0.6,0.44,80.9,89.0,49.54,49.57
28,1,CA1-V1,98.0,0.7132,1.0,29.0,14000,0.1626,0,0.0,-0.001,-3,0.207,0.3311,0.3183,0.3753,nan,nan,0.1378,0.1494,76.81,88.14,34.94,34.06,0.6,0.3846,73.02,80.95,42.02,47.28
28,1,CA1-V1,103.0,0.75,0.9333,34.0,14000,0.297,6,0.1532,-0.029,-5,0.2673,0.3192,0.3013,0.3421,0.3117,0.379,0.1375,0.1526,75.35,81.65,30.91,34.86,0.7778,0.3333,72.16,80.69,75.77,84.08
28,1,CA1-V1,108.0,0.7868,0.8565,39.0,14000,0.2083,1,0.0222,0.0138,0,0.274,0.2925,0.4091,0.3676,0.4928,0.5167,0.161,0.1567,81.59,80.8,40.92,31.32,0.7778,0.44,84.65,86.77,44.05,44.28
28,1,CA1-V1,113.0,0.8235,0.7989,44.0,18000,0.0904,0,0.0,-0.0055,0,0.2434,0.3498,0.349,0.3356,nan,nan,0.1227,0.1444,87.84,87.13,86.83,46.46,0.4545,0.2,76.56,80.05,60.22,56.5
28,1,CA1-V1,118.0,0.8603,0.7434,49.0,16000,0.0539,0,0.0,-0.008,-4,0.2406,0.3499,0.278,0.333,nan,nan,0.1044,0.1336,79.5,89.92,46.93,48.66,0.4545,0.3846,88.23,87.96,57.38,61.3
28,1,CA1-V1,123.0,0.8971,0.7314,54.0,14000,0.1067,2,0.0625,-0.0147,-4,0.33,0.3127,0.3833,0.3226,0.4697,0.4062,0.1806,0.1505,80.71,83.17,53.9,57.07,0.7778,0.2414,62.22,77.46,46.38,46.58
28,1,CA1-V1,128.0,0.9338,0.6867,59.0,14000,0.1987,7,0.1313,0.0395,0,0.2945,0.3267,0.2821,0.3134,0.2958,0.337,0.1288,0.1398,70.36,65.99,61.37,49.82,0.7778,0.2,82.57,73.38,84.53,61.93
28,1,CA3-DG,8.0,0.0515,0.0162,-61.0,16000,0.507,3,0.1763,-0.0167,0,0.6526,0.2409,0.5581,0.4779,0.5139,0.3655,0.7327,0.4887,nan,nan,nan,nan,,,89.71,46.11,65.83,10.24
28,1,CA3-DG,13.0,0.0882,0.0162,-56.0,16000,0.5287,3,0.1823,-0.0096,0,0.6558,0.2338,0.6455,0.5275,0.6077,0.4611,0.7618,0.5646,71.49,32.71,9.64,13.1,0.0,0.6,79.73,52.29,22.66,6.3
28,1,CA3-DG,18.0,0.125,0.0833,-51.0,14000,0.5455,2,0.1928,-0.0156,0,0.6792,0.2472,0.6234,0.6464,0.568,0.5619,0.7157,0.561,53.03,34.33,15.15,10.23,0.6,0.6,82.58,51.24,68.98,10.27
28,1,CA3-DG,23.0,0.1618,0.1389,-46.0,12000,0.4791,3,0.1929,0.0035,0,0.6284,0.4327,0.5629,0.7725,0.5903,0.8201,0.6631,0.4593,84.96,89.74,7.01,43.97,1.0,0.3333,88.8,25.49,87.66,32.56
28,1,CA3-DG,28.0,0.1985,0.2667,-41.0,12000,0.5029,2,0.1601,-0.0074,0,0.5489,0.1796,0.5392,0.6289,0.5196,0.6054,0.6954,0.5274,86.49,89.9,13.7,43.28,0.6,0.3333,85.13,73.61,66.97,14.12
28,1,CA3-DG,33.0,0.2353,0.27,-36.0,14000,0.5189,6,0.2161,0.0098,0,0.6378,0.2592,0.5717,0.2963,0.6469,0.1932,0.6938,0.4471,80.18,87.95,10.58,7.77,1.0,0.3333,84.3,77.88,42.56,14.88
28,1,CA3-DG,38.0,0.2721,0.3182,-31.0,12000,0.5292,3,0.1801,-0.1432,0,0.6012,0.4343,0.5812,0.4543,0.5634,0.3825,0.6267,0.4211,34.74,13.81,13.05,19.75,0.3333,0.6,86.85,86.78,87.22,72.87
28,1,CA3-DG,43.0,0.3088,0.3746,-26.0,14000,0.5281,3,0.2031,-0.0443,0,0.5961,0.46,0.6615,0.7336,0.7599,0.8199,0.7184,0.4918,89.86,14.58,7.27,6.06,0.3333,0.3333,43.58,17.88,15.27,61.74
28,1,CA3-DG,48.0,0.3456,0.3465,-21.0,14000,0.5646,3,0.2189,0.0312,0,0.6136,0.5076,0.665,0.4793,0.7046,0.4467,0.6714,0.4499,89.4,17.88,9.04,26.02,0.3333,0.3333,88.23,23.67,23.74,84.61
28,1,CA3-DG,53.0,0.3824,0.3593,-16.0,14000,0.5984,2,0.2418,-0.0095,0,0.6469,0.2006,0.6913,0.6342,0.6245,0.5578,0.7098,0.5111,88.49,89.73,14.37,12.42,0.6,0.1429,81.67,80.69,13.14,6.62
28,1,CA3-DG,58.0,0.4191,0.3158,-11.0,14000,0.5112,5,0.4645,-0.0074,0,0.9612,0.5067,0.9612,0.7829,0.9612,0.6756,0.5757,0.4227,89.54,90.0,85.86,59.15,0.3333,0.6,83.19,11.1,0.08,57.02
28,1,CA3-DG,63.0,0.4559,0.3796,-6.0,14000,0.2099,5,0.3951,0.0194,0,0.9106,0.514,0.9201,0.74,0.9202,0.7187,0.4627,0.4447,87.64,11.66,70.61,32.62,1.0,0.6,2.34,18.74,72.32,24.22
28,1,CA3-DG,68.0,0.4926,0.476,-1.0,14000,0.5646,3,0.2184,0.007,0,0.618,0.1027,0.5746,0.4822,0.5323,0.4287,0.672,0.4527,90.0,82.21,85.17,88.78,0.3333,0.6,86.08,52.86,18.27,10.84
28,1,CA3-DG,73.0,0.5294,0.5182,4.0,14000,0.5704,8,0.3719,0.0159,0,0.9697,0.0939,0.9697,0.2503,0.9697,0.1687,0.4591,0.3996,82.39,86.65,86.21,5.07,0.6,0.3333,45.36,42.75,0.0,18.32
28,1,CA3-DG,78.0,0.5662,0.6613,9.0,14000,0.507,7,0.3279,0.0221,0,0.94,0.1675,0.94,0.2903,0.94,0.225,0.5111,0.383,85.95,85.11,38.57,9.05,0.6,0.6,52.91,33.7,0.0,13.68
28,1,CA3-DG,83.0,0.6029,0.7651,14.0,16000,0.4916,4,0.1836,0.0423,0,0.1618,0.2796,0.385,0.3743,0.3338,0.3725,0.5161,0.4609,84.98,71.42,88.18,18.82,0.1429,1.0,81.59,76.61,7.79,18.63
28,1,CA3-DG,88.0,0.6397,0.9155,19.0,14000,0.5236,2,0.1808,-0.01,0,0.2247,0.3439,0.6321,0.484,0.6707,0.4456,0.6027,0.4833,89.49,81.13,6.69,32.62,0.1429,0.6,65.42,70.21,8.6,26.61
28,1,CA3-DG,93.0,0.6765,0.9833,24.0,14000,0.6103,6,0.3544,-0.0179,0,0.2829,0.3382,0.3828,0.4866,0.2865,0.4763,0.5485,0.4684,52.66,72.89,3.5,39.71,0.1429,0.6,86.61,78.36,8.54,41.65
28,1,CA3-DG,98.0,0.7132,1.0,29.0,14000,0.5902,5,0.2873,0.0134,0,0.2059,0.5195,0.4739,0.5025,0.3323,0.401,0.5705,0.417,51.28,21.67,5.46,24.59,0.6,0.6,86.02,24.05,19.84,14.6
28,1,CA3-DG,103.0,0.75,0.9333,34.0,14000,0.585,6,0.2963,0.0221,0,0.2049,0.4561,0.3781,0.4928,0.2395,0.4897,0.5783,0.4375,54.15,12.05,6.31,14.79,0.3333,0.6,80.16,32.08,15.34,45.39
28,1,CA3-DG,108.0,0.7868,0.8565,39.0,14000,0.4884,2,0.1479,0.0499,0,0.1959,0.3682,0.6628,0.5681,0.6945,0.5813,0.5638,0.4535,77.33,33.91,7.17,15.57,0.6,0.6,84.28,68.14,15.93,19.48
28,1,CA3-DG,113.0,0.8235,0.7989,44.0,18000,0.5194,3,0.1814,0.0371,0,0.2236,0.3755,0.6412,0.4901,0.5623,0.4788,0.5815,0.4426,66.43,55.17,5.01,8.88,0.6,1.0,52.39,30.19,13.03,8.11
28,1,CA3-DG,118.0,0.8603,0.7434,49.0,16000,0.5295,3,0.1829,0.0307,0,0.2649,0.3391,0.5851,0.4912,0.476,0.4828,0.5622,0.4441,32.06,20.88,5.57,17.11,0.3333,0.6,68.7,23.75,6.66,20.89
28,1,CA3-DG,123.0,0.8971,0.7314,54.0,14000,0.4537,3,0.1672,0.0011,0,0.357,0.4732,0.5358,0.7028,0.5668,0.7931,0.544,0.4229,71.08,37.13,5.52,14.34,0.6,0.6,40.47,26.33,71.94,46.86
28,1,CA3-DG,128.0,0.9338,0.6867,59.0,14000,0.4372,2,0.1172,0.0414,0,0.2442,0.3729,0.5861,0.5009,0.6011,0.5456,0.5869,0.4235,61.89,32.39,9.29,15.63,0.6,0.6,85.46,82.7,43.48,51.17
34,1,CA1-CA3,8.0,0.0933,0.1333,-40.0,14000,0.4576,7,0.2653,-0.0132,0,0.9671,0.3385,0.9672,0.3246,0.9673,0.2628,0.5454,0.451,nan,nan,nan,nan,,,57.17,73.78,24.18,72.91
34,1,CA1-CA3,13.0,0.16,0.2667,-35.0,14000,0.4345,5,0.1751,0.0072,5,0.2631,0.3603,0.384,0.4399,0.3148,0.4146,0.5036,0.4411,90.0,44.85,89.77,7.38,0.1667,0.6,68.88,63.63,17.87,40.1
34,1,CA1-CA3,18.0,0.2267,0.3171,-30.0,14000,0.608,9,0.5012,-0.0056,0,0.3817,0.1976,0.3554,0.2666,0.3181,0.2305,0.536,0.4381,64.66,23.97,15.08,9.43,0.2727,0.6,74.44,55.55,39.2,10.56
34,1,CA1-CA3,23.0,0.2933,0.3068,-25.0,16000,0.8588,6,0.7893,-0.0018,0,0.9137,0.9316,0.957,0.9316,0.9367,0.9316,0.6042,0.5449,89.65,90.0,89.32,89.71,0.4,0.6,63.17,22.3,0.0,5.84
34,1,CA1-CA3,28.0,0.36,0.2905,-20.0,18000,0.2205,3,0.1131,0.0068,0,0.9487,0.3333,0.9862,0.5305,0.9894,0.5658,0.4844,0.3791,44.6,89.7,51.05,88.06,0.5556,0.6,32.0,89.46,0.3,89.44
34,1,CA1-CA3,33.0,0.4267,0.386,-15.0,16000,0.313,3,0.1009,0.0223,0,0.9538,0.1934,0.9735,0.3334,0.9866,0.4054,0.469,0.3885,39.46,39.52,31.63,8.99,0.4,0.6,61.33,65.04,1.9,10.91
34,1,CA1-CA3,38.0,0.4933,0.5303,-10.0,18000,0.3654,4,0.1567,0.0121,0,0.9122,0.1037,0.939,0.3878,0.9426,0.3571,0.4443,0.3933,44.61,38.49,44.49,11.6,0.4,0.3333,63.38,37.46,4.38,16.7
34,1,CA1-CA3,43.0,0.56,0.5344,-5.0,18000,0.3732,3,0.1206,0.029,0,0.9455,0.0423,0.9611,0.4106,0.9789,0.4679,0.4807,0.388,45.43,44.92,45.43,22.42,0.5556,0.3333,41.09,61.65,13.74,10.95
34,1,CA1-CA3,48.0,0.6267,0.5781,0.0,16000,0.5248,7,0.3017,0.0408,0,0.8945,0.0679,0.8986,0.2357,0.9072,0.1744,0.4506,0.3946,45.44,35.59,46.26,10.04,0.5556,0.3333,53.33,66.95,1.7,14.62
34,1,CA1-CA3,53.0,0.6933,0.6539,5.0,14000,0.4415,3,0.2005,0.0528,0,0.2804,0.117,0.485,0.3822,0.4232,0.3236,0.5094,0.3854,89.92,85.88,83.43,7.03,0.2727,0.6,70.37,65.82,15.48,11.31
34,1,CA1-CA3,58.0,0.76,0.8361,10.0,12000,0.6868,6,0.7719,0.0267,0,0.9074,0.1516,0.9214,0.2112,0.9145,0.2009,0.4534,0.3515,89.77,63.72,88.11,10.06,0.4,1.0,35.53,80.22,0.72,42.89
34,1,CA1-CA3,63.0,0.8267,0.908,15.0,16000,0.5064,4,0.27,0.0308,0,0.9136,0.1122,0.8992,0.3332,0.8711,0.3327,0.4619,0.3724,29.58,38.02,0.5,10.3,0.5556,0.1429,28.66,48.17,0.92,8.74
34,1,CA1-CA3,68.0,0.8933,0.9141,20.0,14000,0.5991,6,0.4649,0.0428,0,0.255,0.1221,0.3876,0.295,0.3311,0.2456,0.538,0.402,89.14,36.53,87.8,17.06,0.2727,0.3333,70.51,72.63,17.38,9.02
34,1,CA1-V1,8.0,0.0933,0.1333,-40.0,14000,0.2728,1,0.0387,-0.0007,0,0.8837,0.445,0.942,0.4127,0.9577,0.5318,0.2532,0.2141,nan,nan,nan,nan,,,76.37,69.7,0.89,39.87
34,1,CA1-V1,13.0,0.16,0.2667,-35.0,14000,0.1875,0,0.0,-0.0031,-4,0.2932,0.4313,0.3261,0.4242,nan,nan,0.2069,0.1878,89.82,65.91,89.14,61.15,0.4,0.5789,75.91,73.17,73.37,44.27
34,1,CA1-V1,18.0,0.2267,0.3171,-30.0,14000,0.1633,0,0.0,0.01,5,0.3765,0.3502,0.4521,0.3467,nan,nan,0.1916,0.1779,77.97,76.32,42.87,46.83,0.75,0.4634,79.6,83.63,69.91,58.28
34,1,CA1-V1,23.0,0.2933,0.3068,-25.0,16000,0.1236,0,0.0,0.0251,1,0.4436,0.3217,0.3923,0.3183,nan,nan,0.2014,0.1713,55.75,63.1,37.97,44.16,0.75,0.4286,89.13,75.71,64.65,66.53
34,1,CA1-V1,28.0,0.36,0.2905,-20.0,18000,-0.0834,5,0.1319,0.0052,-2,0.9459,0.3201,0.9641,0.3469,0.9629,0.3536,0.1564,0.1524,89.91,77.61,89.66,67.77,0.5556,0.3636,87.89,88.06,1.77,78.61
34,1,CA1-V1,33.0,0.4267,0.386,-15.0,16000,0.154,0,0.0,-0.045,-5,0.9497,0.3362,0.9493,0.3597,nan,nan,0.1477,0.1774,73.28,87.69,2.19,81.56,0.5556,0.2245,81.7,75.94,4.92,76.82
34,1,CA1-V1,38.0,0.4933,0.5303,-10.0,18000,0.1208,0,0.0,0.0031,4,0.9119,0.3305,0.9157,0.3459,nan,nan,0.1507,0.1698,84.61,88.77,45.82,87.54,0.5556,0.3333,83.31,74.36,16.25,55.08
34,1,CA1-V1,43.0,0.56,0.5344,-5.0,18000,0.0392,0,0.0,-0.0814,-4,0.9561,0.3013,0.929,0.3258,nan,nan,0.1766,0.1931,63.53,73.81,46.56,53.8,0.4,0.2,76.35,86.7,3.96,87.49
34,1,CA1-V1,48.0,0.6267,0.5781,0.0,16000,0.1977,0,0.0,-0.0065,-5,0.9268,0.3493,0.8947,0.3931,nan,nan,0.1736,0.2079,87.59,76.62,45.8,50.48,0.4,0.2245,75.25,86.33,4.61,42.87
34,1,CA1-V1,53.0,0.6933,0.6539,5.0,14000,0.3418,1,0.0621,0.0016,-5,0.9318,0.4017,0.9123,0.4411,0.9234,0.5426,0.5052,0.4601,39.04,62.39,0.78,34.68,0.5556,0.3043,69.9,79.86,2.06,22.7
34,1,CA1-V1,58.0,0.76,0.8361,10.0,12000,0.4158,1,0.0949,-0.0061,-3,0.9222,0.3597,0.9094,0.3551,0.9263,0.541,0.2013,0.2347,60.56,50.16,0.61,23.3,0.75,0.5,88.28,78.78,1.59,33.08
34,1,CA1-V1,63.0,0.8267,0.908,15.0,16000,0.2117,1,0.0229,0.0023,5,0.9256,0.3366,0.8921,0.3393,0.9008,0.5089,0.1708,0.2081,57.79,66.13,1.84,33.92,0.75,0.3043,66.89,73.74,3.09,42.09
34,1,CA1-V1,68.0,0.8933,0.9141,20.0,14000,0.2614,1,0.0354,-0.008,-2,0.9134,0.3987,0.915,0.387,0.9183,0.5132,0.3775,0.3187,70.54,73.67,1.36,39.08,0.5556,0.3333,62.18,62.39,3.25,38.39
36,1,CA1-CA3,8.0,0.0909,0.1331,-20.0,16000,0.3167,2,0.0666,0.0403,2,0.3778,0.124,0.5646,0.3209,0.5979,0.3264,0.3999,0.2291,nan,nan,nan,nan,,,72.35,47.75,22.14,15.65
36,1,CA1-CA3,13.0,0.1558,0.1783,-15.0,14000,0.3097,2,0.0677,-0.0108,-5,0.3571,0.07,0.5561,0.3209,0.6062,0.3729,0.383,0.2628,35.4,31.38,21.75,19.34,0.3333,1.0,63.04,53.02,24.23,14.63
36,1,CA1-CA3,18.0,0.2208,0.2431,-10.0,14000,0.3362,2,0.0768,0.0357,0,0.3486,0.0574,0.5503,0.3278,0.6119,0.3574,0.4072,0.2676,40.61,42.84,18.08,7.75,0.25,0.5,61.55,54.38,22.57,11.46
36,1,CA1-CA3,23.0,0.2857,0.363,-5.0,18000,0.3381,2,0.082,0.0255,1,0.3503,0.039,0.569,0.3175,0.6167,0.3488,0.4223,0.2814,44.57,42.18,18.53,14.42,0.25,0.5,67.06,74.86,20.44,12.05
36,1,CA1-CA3,28.0,0.3506,0.4762,0.0,16000,0.2731,2,0.0627,0.05,2,0.3614,0.0401,0.5492,0.2946,0.5892,0.3613,0.3927,0.2443,36.93,47.29,18.54,11.37,0.4286,0.2,61.77,57.76,33.16,11.98
36,1,CA1-CA3,33.0,0.4156,0.5918,5.0,16000,0.3019,2,0.0672,0.0251,1,0.3362,0.0399,0.5468,0.3134,0.6042,0.3642,0.3961,0.2684,49.32,40.47,16.66,10.96,0.4286,0.5,89.01,62.81,22.58,13.12
36,1,CA1-CA3,38.0,0.4805,0.6141,10.0,16000,0.3249,3,0.0904,0.0303,1,0.3419,0.0402,0.5032,0.3177,0.504,0.3212,0.3925,0.2946,79.04,73.93,18.39,11.37,0.4286,0.5,83.67,85.09,20.2,12.11
36,1,CA1-CA3,43.0,0.5455,0.7146,15.0,16000,0.302,3,0.0778,0.0273,1,0.3317,0.0332,0.5006,0.3456,0.5123,0.3381,0.3632,0.2839,85.38,88.84,15.54,11.46,0.4286,0.2,58.08,49.37,20.23,17.12
36,1,CA1-CA3,48.0,0.6104,0.7232,20.0,16000,0.297,3,0.0763,0.0051,0,0.3508,0.0522,0.5415,0.3411,0.5601,0.4095,0.393,0.2697,41.32,39.52,17.01,12.22,0.6667,0.2,68.13,64.83,30.76,27.07
36,1,CA1-CA3,53.0,0.6753,0.8064,25.0,14000,0.3214,4,0.1198,0.0164,0,0.3529,0.0478,0.5466,0.3525,0.5268,0.3395,0.427,0.3066,75.8,69.8,21.57,13.53,0.5385,0.5,53.1,51.1,80.94,79.49
36,1,CA1-CA3,58.0,0.7403,0.7996,30.0,16000,0.2839,2,0.0686,0.0388,0,0.332,0.0631,0.5127,0.3313,0.5949,0.4498,0.3704,0.2756,73.87,75.16,23.35,14.41,0.5385,0.5,60.24,70.64,25.02,14.83
36,1,CA1-CA3,63.0,0.8052,0.895,35.0,18000,0.2974,2,0.0798,0.0189,0,0.3164,0.0848,0.5492,0.413,0.5709,0.4936,0.4262,0.299,71.5,69.53,20.15,12.81,0.4286,0.5,53.49,47.3,30.4,30.46
36,1,CA1-CA3,68.0,0.8701,0.9164,40.0,18000,0.3286,2,0.0834,0.0009,0,0.3013,0.0771,0.5701,0.3916,0.6329,0.4617,0.425,0.3068,52.36,57.04,19.11,10.9,0.5385,0.5,61.62,38.95,25.01,14.52
36,1,CA1-V1,8.0,0.0909,0.1331,-20.0,16000,0.0168,0,0.0,0.0034,-1,0.3416,0.0757,0.371,0.1707,nan,nan,0.1777,0.1232,nan,nan,nan,nan,,,78.81,81.97,83.97,84.73
36,1,CA1-V1,13.0,0.1558,0.1783,-15.0,14000,0.1363,0,0.0,-0.0017,4,0.3264,0.0734,0.4745,0.2682,nan,nan,0.2441,0.1548,78.37,73.68,62.25,62.29,0.25,0.3333,88.95,73.79,49.47,63.18
36,1,CA1-V1,18.0,0.2208,0.2431,-10.0,14000,0.0658,0,0.0,0.0366,5,0.3115,0.0792,0.4345,0.2422,nan,nan,0.1827,0.1278,87.11,80.46,59.91,39.61,0.1765,0.6,88.72,89.0,74.8,78.76
36,1,CA1-V1,23.0,0.2857,0.363,-5.0,18000,0.0271,0,0.0,0.0081,5,0.312,0.081,0.4118,0.2115,nan,nan,0.1404,0.1045,87.12,74.75,68.68,80.25,0.25,0.3333,87.3,82.71,78.92,76.68
36,1,CA1-V1,28.0,0.3506,0.4762,0.0,16000,0.0712,0,0.0,0.0005,-5,0.2984,0.0663,0.4453,0.2114,nan,nan,0.1734,0.1211,82.02,65.26,54.81,59.84,0.25,0.6,77.5,62.14,67.84,81.79
36,1,CA1-V1,33.0,0.4156,0.5918,5.0,16000,0.0882,0,0.0,0.0217,5,0.302,0.0697,0.4131,0.1872,nan,nan,0.1869,0.1117,76.64,66.59,45.2,57.16,0.25,0.6,77.4,75.22,64.09,66.29
36,1,CA1-V1,38.0,0.4805,0.6141,10.0,16000,0.0636,0,0.0,-0.0214,-3,0.2835,0.091,0.3665,0.1947,nan,nan,0.1748,0.1265,74.62,83.15,80.36,70.71,0.1765,0.7778,87.1,77.26,71.75,58.07
36,1,CA1-V1,43.0,0.5455,0.7146,15.0,16000,0.0491,0,0.0,0.017,2,0.2594,0.0897,0.3462,0.2125,nan,nan,0.1376,0.1299,70.32,85.28,69.29,67.57,0.3333,0.3333,80.66,73.09,53.83,59.42
36,1,CA1-V1,48.0,0.6104,0.7232,20.0,16000,0.053,0,0.0,0.003,2,0.2899,0.0647,0.3575,0.1918,nan,nan,0.1301,0.1199,80.8,88.9,40.54,43.89,0.1111,0.6,82.91,86.33,83.91,86.47
36,1,CA1-V1,53.0,0.6753,0.8064,25.0,14000,0.0672,0,0.0,-0.0157,0,0.2933,0.0637,0.3825,0.1643,nan,nan,0.1562,0.1097,77.44,73.75,49.78,37.81,0.1111,0.1429,80.13,89.53,78.63,55.24
36,1,CA1-V1,58.0,0.7403,0.7996,30.0,16000,0.0355,0,0.0,0.0149,3,0.2433,0.0601,0.2973,0.1251,nan,nan,0.1428,0.1206,77.17,66.37,57.46,44.72,0.0,0.4545,79.99,81.39,89.25,59.91
36,1,CA1-V1,63.0,0.8052,0.895,35.0,18000,0.0647,0,0.0,0.0014,0,0.2215,0.0751,0.3441,0.1957,nan,nan,0.1347,0.1362,84.2,79.2,78.85,56.74,0.1111,0.3333,88.88,75.97,58.06,51.9
36,1,CA1-V1,68.0,0.8701,0.9164,40.0,18000,0.0719,0,0.0,0.002,-1,0.2502,0.0581,0.361,0.1962,nan,nan,0.1722,0.1216,84.41,80.8,53.56,63.92,0.3333,0.4545,85.64,77.62,74.43,63.75
41,1,CA1-CA3,13.0,0.1132,0.2553,-16.0,14000,0.6046,3,0.3076,0.0317,0,0.8654,0.9497,0.9918,0.9974,0.987,0.996,0.5647,0.5274,nan,nan,nan,nan,,,60.13,41.74,0.0,0.0
41,1,CA1-CA3,18.0,0.1604,0.3587,-11.0,16000,0.8047,3,0.6824,0.024,0,0.8115,0.9296,0.9883,0.9958,0.9837,0.9938,0.5612,0.5074,41.13,14.08,0.0,0.0,0.2,0.7143,44.76,25.12,0.0,0.0
41,1,CA1-CA3,23.0,0.2075,0.4475,-6.0,16000,0.803,3,0.6592,0.0266,0,0.9592,0.9107,0.9592,0.9953,0.9592,0.9924,0.5593,0.5232,89.92,15.9,34.97,0.0,0.7143,0.7143,51.35,30.36,0.2,0.0
41,1,CA1-CA3,28.0,0.2547,0.4754,-1.0,14000,0.4072,2,0.1097,0.0379,0,0.8203,0.9873,0.985,0.9873,0.9875,0.9873,0.566,0.5163,88.51,89.99,34.97,35.48,0.7143,0.7143,57.5,68.88,0.0,1.05
41,1,CA1-CA3,33.0,0.3019,0.6452,4.0,14000,0.6216,3,0.3237,0.0236,0,0.7933,0.9,0.9835,0.9938,0.9761,0.9906,0.503,0.4604,33.07,79.86,0.0,35.48,0.7143,0.5,25.81,62.6,0.0,0.0
41,1,CA1-CA3,38.0,0.3491,0.6686,9.0,14000,0.2839,3,0.1476,0.0214,2,0.2169,0.91,0.4537,0.9628,0.5561,0.9466,0.4971,0.4643,68.58,31.42,87.26,5.86,0.5,0.5,71.31,25.72,48.26,5.22
41,1,CA1-CA3,43.0,0.3962,0.7713,14.0,14000,0.8031,3,0.6538,0.0335,0,0.7908,0.914,0.984,0.9947,0.9752,0.9919,0.5162,0.4716,67.67,27.17,87.26,5.86,0.5,0.7143,79.9,23.5,0.0,0.0
41,1,CA1-CA3,48.0,0.4434,0.7638,19.0,18000,0.7023,6,0.5679,0.0404,0,0.7963,0.9163,0.9778,0.9913,0.9264,0.9686,0.5433,0.4739,16.31,17.97,0.0,0.0,0.5,0.5,26.71,63.89,0.0,0.0
41,1,CA1-CA3,53.0,0.4906,0.8752,24.0,16000,0.6188,4,0.367,0.0369,0,0.8595,0.9268,0.9903,0.9939,0.9827,0.9862,0.5531,0.4619,89.9,16.52,90.0,0.0,0.2,0.7143,62.61,60.9,0.0,0.0
41,1,CA1-CA3,58.0,0.5377,0.8009,29.0,18000,0.3646,3,0.1267,0.0392,2,0.1877,0.1379,0.5247,0.4308,0.5846,0.4475,0.5241,0.4312,86.85,86.38,88.56,89.68,0.5,0.5,59.11,29.5,26.96,10.62
41,1,CA1-CA3,63.0,0.5849,0.7302,34.0,16000,0.3697,3,0.1235,0.0478,2,0.2073,0.9113,0.5017,0.9332,0.608,0.8681,0.4885,0.3861,65.99,89.16,17.23,87.42,0.7143,0.5,87.87,39.18,86.71,2.17
41,1,CA1-CA3,68.0,0.6321,0.6262,39.0,16000,0.2312,2,0.0405,0.0498,2,0.1628,0.1088,0.5403,0.3924,0.6193,0.4758,0.5404,0.4437,68.56,87.68,13.2,87.63,0.3333,0.5,80.09,44.83,46.99,35.55
41,1,CA1-CA3,73.0,0.6792,0.718,44.0,18000,0.3888,3,0.1649,0.0489,2,0.1073,0.1073,0.5666,0.374,0.6177,0.3727,0.525,0.4308,16.73,22.97,8.15,12.76,0.2,0.7143,23.96,40.91,18.58,14.24
41,1,CA1-CA3,78.0,0.7264,0.8181,49.0,20000,0.3665,3,0.1453,0.0491,2,0.243,0.1115,0.5808,0.4175,0.6062,0.4188,0.5178,0.4224,37.68,26.53,8.98,9.89,0.3333,0.5,75.68,41.92,53.62,16.24
41,1,CA1-CA3,83.0,0.7736,0.8162,54.0,16000,0.478,3,0.2315,0.0388,2,0.0944,0.9001,0.5609,0.915,0.6293,0.8853,0.5036,0.4265,34.65,87.78,6.37,86.46,0.2,0.3333,24.92,43.62,9.97,1.42
41,1,CA1-CA3,88.0,0.8208,0.718,59.0,16000,0.269,9,0.2273,0.0456,2,0.1884,0.8987,0.2912,0.9379,0.2802,0.9321,0.5035,0.4404,15.73,28.33,7.23,0.87,0.3333,0.5,87.33,40.91,36.87,1.18
41,1,CA1-CA3,93.0,0.8679,0.6302,64.0,26000,0.3799,3,0.129,0.0429,2,0.154,0.2169,0.6128,0.4453,0.6164,0.4643,0.5552,0.4675,25.27,89.46,16.87,87.31,0.0909,0.5,20.11,44.64,12.12,15.64
41,1,CA1-CA3,98.0,0.9151,0.765,69.0,20000,0.3034,3,0.1223,0.0404,2,0.1728,0.1215,0.5847,0.3773,0.6433,0.4,0.5189,0.4456,16.08,29.04,9.58,16.11,0.2,0.5,69.76,35.43,31.71,20.61
41,1,CA1-V1,8.0,0.066,0.0804,-21.0,16000,0.0524,0,0.0,-0.0271,-5,0.2191,0.4358,0.2964,0.3947,nan,nan,0.2002,0.1914,nan,nan,nan,nan,,,61.35,84.62,47.89,86.08
41,1,CA1-V1,13.0,0.1132,0.2553,-16.0,14000,0.3375,4,0.162,-0.027,0,0.4646,0.4022,0.4498,0.3799,0.4136,0.3947,0.2322,0.1948,76.49,87.65,85.16,73.61,0.3333,0.5714,89.88,73.75,81.88,49.64
41,1,CA1-V1,18.0,0.1604,0.3587,-11.0,16000,-0.0909,4,0.0922,-0.0269,-1,0.2161,0.359,0.2512,0.3794,0.2642,0.4028,0.2232,0.2004,86.65,74.56,51.68,50.89,0.2,0.4426,66.04,86.82,59.76,79.32
41,1,CA1-V1,23.0,0.2075,0.4475,-6.0,16000,0.176,2,0.0401,0.013,4,0.3296,0.3499,0.4318,0.3613,0.6212,0.4384,0.2429,0.1767,61.71,75.66,68.47,68.55,0.7143,0.5439,77.16,73.46,74.69,84.75
41,1,CA1-V1,28.0,0.2547,0.4754,-1.0,14000,0.1754,0,0.0,0.0051,4,0.4324,0.3257,0.4189,0.3589,nan,nan,0.2119,0.1886,79.69,69.94,87.35,73.95,0.7143,0.5172,84.16,87.04,87.51,55.48
41,1,CA1-V1,33.0,0.3019,0.6452,4.0,14000,0.3803,8,0.338,0.0062,-1,0.369,0.3182,0.3733,0.3346,0.3997,0.3499,0.2126,0.1999,77.93,89.16,32.87,36.17,0.7143,0.4194,87.44,82.25,63.12,49.96
41,1,CA1-V1,38.0,0.3491,0.6686,9.0,14000,0.1323,0,0.0,-0.0027,3,0.2138,0.2968,0.3143,0.3639,nan,nan,0.1186,0.1944,85.54,88.96,42.1,44.42,0.3333,0.3538,88.06,86.84,67.08,69.81
41,1,CA1-V1,43.0,0.3962,0.7713,14.0,14000,0.1531,0,0.0,0.0078,0,0.3063,0.3223,0.3168,0.335,nan,nan,0.2379,0.1716,87.99,86.29,28.95,41.31,0.3333,0.3333,89.84,81.96,68.8,55.74
41,1,CA1-V1,48.0,0.4434,0.7638,19.0,18000,0.1239,0,0.0,0.0048,2,0.1617,0.2845,0.3104,0.3329,nan,nan,0.1834,0.1656,59.63,62.91,51.64,44.93,0.5,0.3538,83.79,83.99,64.34,53.59
41,1,CA1-V1,53.0,0.4906,0.8752,24.0,16000,0.2676,1,0.0371,-0.002,-5,0.2861,0.3014,0.2961,0.3487,0.4007,0.4806,0.1904,0.1723,66.85,80.05,40.23,44.28,0.3333,0.3333,88.34,86.62,77.68,58.94
41,1,CA1-V1,58.0,0.5377,0.8009,29.0,18000,0.1511,0,0.0,-0.0031,0,0.1882,0.3147,0.2536,0.345,nan,nan,0.164,0.2037,56.19,70.88,37.27,44.56,0.5,0.4194,89.77,87.84,88.56,50.39
41,1,CA1-V1,63.0,0.5849,0.7302,34.0,16000,0.1033,0,0.0,-0.0351,-2,0.2092,0.2992,0.2694,0.3156,nan,nan,0.1779,0.2004,62.73,80.2,32.5,48.25,0.7143,0.2754,85.77,83.52,76.99,54.45
41,1,CA1-V1,68.0,0.6321,0.6262,39.0,16000,0.4589,7,0.5502,-0.0007,1,0.1639,0.3025,0.2136,0.3283,0.2287,0.3344,0.231,0.2137,72.18,79.19,28.12,43.32,0.3333,0.2571,88.16,89.7,87.45,48.3
41,1,CA1-V1,73.0,0.6792,0.718,44.0,18000,0.375,2,0.1133,-0.0089,0,0.1119,0.2773,0.222,0.2898,0.3178,0.3865,0.1812,0.213,69.37,87.85,25.32,28.86,0.2,0.3333,78.69,83.7,69.95,36.67
41,1,CA1-V1,78.0,0.7264,0.8181,49.0,20000,-0.0325,5,0.1562,-0.0173,0,0.245,0.3099,0.2511,0.3237,0.2905,0.3498,0.1911,0.2191,79.66,87.45,23.41,33.32,0.5,0.3968,88.34,71.12,78.6,46.67
41,1,CA1-V1,83.0,0.7736,0.8162,54.0,16000,0.1737,0,0.0,0.0003,-2,0.0991,0.3414,0.2589,0.3644,nan,nan,0.2048,0.2081,38.03,54.57,39.38,50.19,0.3333,0.4194,41.44,52.88,42.11,56.89
41,1,CA1-V1,88.0,0.8208,0.718,59.0,16000,0.1071,0,0.0,0.0211,2,0.1921,0.3569,0.2069,0.3645,nan,nan,0.2159,0.2029,50.58,53.21,39.53,70.35,0.3333,0.5439,85.61,65.47,73.98,74.45
41,1,CA1-V1,93.0,0.8679,0.6302,64.0,26000,-0.1622,14,0.2874,-0.0211,-3,0.1547,0.3524,0.1975,0.3495,0.1843,0.3532,0.129,0.1505,83.66,85.18,55.25,72.3,0.0909,0.2941,89.22,88.27,60.12,86.36
41,1,CA1-V1,98.0,0.9151,0.765,69.0,20000,-0.1071,9,0.1861,-0.0012,-4,0.177,0.3478,0.1891,0.3474,0.1334,0.3466,0.1563,0.1651,65.59,76.9,64.1,56.84,0.2,0.3333,88.9,85.8,88.14,80.86
52,1,CA1-RSC,8.0,0.0787,0.1269,-28.0,20000,-0.0502,3,0.0316,0.1303,3,0.4051,0.121,0.4705,0.2984,0.4749,0.2995,0.1767,0.0563,nan,nan,nan,nan,,,86.07,85.42,74.7,61.3
52,1,CA1-RSC,13.0,0.1348,0.1211,-23.0,18000,0.1823,2,0.0213,0.0976,4,0.4113,0.0833,0.5339,0.2883,0.5157,0.1936,0.173,0.0704,77.92,78.71,64.12,48.24,0.3636,0.5,76.52,88.45,65.69,62.4
52,1,CA1-RSC,18.0,0.191,0.1569,-18.0,18000,0.203,2,0.0276,-0.0429,-4,0.3858,0.1138,0.4901,0.1999,0.501,0.1819,0.1743,0.0883,81.14,87.88,89.8,86.54,0.25,1.0,85.33,84.73,83.38,68.95
52,1,CA1-RSC,23.0,0.2472,0.1896,-13.0,18000,0.1709,4,0.1296,0.0582,4,0.3743,0.0702,0.4687,0.1937,0.4356,0.179,0.2148,0.0994,89.49,74.32,70.92,55.01,0.2,0.5,79.27,68.83,78.86,75.36
52,1,CA1-RSC,28.0,0.3034,0.2679,-8.0,16000,0.0548,0,0.0,0.0671,3,0.3607,0.0585,0.423,0.2818,nan,nan,0.1873,0.0938,80.68,75.08,88.58,75.98,0.3636,0.5,86.88,83.89,82.29,32.7
52,1,CA1-RSC,33.0,0.3596,0.3874,-3.0,18000,-0.322,1,0.0131,0.1089,4,0.2897,0.0686,0.424,0.3405,0.5307,0.4303,0.2104,0.0669,82.53,67.2,82.72,71.32,0.1538,0.5,80.98,61.76,82.43,51.06
52,1,CA1-RSC,38.0,0.4157,0.5985,2.0,16000,-0.1427,2,0.0732,0.0461,3,0.2994,0.0414,0.3864,0.3038,0.3572,0.266,0.1751,0.083,84.75,75.43,82.82,77.81,0.3636,0.2,88.27,81.29,66.47,24.24
52,1,CA1-RSC,43.0,0.4719,0.7274,7.0,14000,0.2761,6,0.3533,0.0707,3,0.3386,0.0529,0.3778,0.1492,0.3502,0.1285,0.1607,0.0649,89.67,82.81,61.01,69.37,0.3636,0.2,88.26,72.37,88.19,74.25
52,1,CA1-RSC,48.0,0.5281,0.8603,12.0,12000,0.0638,0,0.0,0.0621,0,0.3578,0.0347,0.3867,0.1443,nan,nan,0.2017,0.0589,89.4,83.34,72.75,45.42,0.3636,0.0,87.42,86.04,87.12,87.75
52,1,CA1-RSC,53.0,0.5843,0.8818,17.0,12000,0.3463,3,0.1105,0.0635,0,0.3288,0.0484,0.3886,0.1888,0.3949,0.1256,0.1695,0.0704,75.02,86.77,86.87,79.2,0.3043,0.2,68.11,73.14,69.63,71.96
52,1,CA1-RSC,58.0,0.6404,0.8405,22.0,12000,-0.0776,2,0.0522,0.0193,0,0.3158,0.0413,0.4024,0.1847,0.4098,0.1935,0.1513,0.0853,82.74,80.31,89.19,79.47,0.3043,0.5,87.45,71.7,89.1,61.07
52,1,CA1-RSC,63.0,0.6966,0.7694,27.0,12000,0.0298,3,0.0467,0.0231,0,0.3173,0.041,0.3921,0.1429,0.3903,0.1545,0.1775,0.0846,85.95,85.38,66.91,57.24,0.3043,0.5,82.25,51.74,78.55,45.08
52,1,CA1-RSC,68.0,0.7528,0.7018,32.0,14000,0.2485,7,0.34,0.0557,1,0.3362,0.0407,0.3886,0.1992,0.3618,0.0978,0.155,0.0981,81.63,89.89,59.98,26.25,0.3636,0.5,82.5,85.08,87.87,72.91
52,1,CA1-RSC,73.0,0.809,0.7008,37.0,14000,0.3545,5,0.1015,0.1063,0,0.3661,0.0716,0.3972,0.24,0.3894,0.1455,0.215,0.1283,88.47,78.29,68.53,54.7,0.3636,0.5,81.65,80.89,73.35,63.11
52,1,CA1-RSC,78.0,0.8652,0.5905,42.0,16000,0.1809,7,0.159,0.0421,2,0.307,0.0621,0.349,0.1551,0.341,0.12,0.198,0.0964,83.15,77.55,67.09,58.97,0.2,0.5,87.88,77.14,85.41,84.52
52,1,CA1-RSC,83.0,0.9213,0.5162,47.0,16000,-0.0368,3,0.0429,0.0775,4,0.3938,0.0729,0.4285,0.1986,0.4226,0.2185,0.1696,0.0827,85.44,89.94,50.87,34.86,0.3636,1.0,85.44,78.17,84.83,85.89
52,1,CA1-CA3,8.0,0.0787,0.1269,-28.0,20000,0.2199,2,0.0341,-0.0529,0,0.3787,0.3612,0.4884,0.4236,0.5417,0.4849,0.2844,0.305,nan,nan,nan,nan,,,71.49,76.66,33.15,39.07
52,1,CA1-CA3,13.0,0.1348,0.1211,-23.0,18000,0.1817,2,0.0323,0.0021,0,0.3884,0.3652,0.4851,0.4347,0.5477,0.496,0.3068,0.3077,67.84,66.77,42.04,41.81,0.25,0.3333,49.74,57.07,45.41,31.68
52,1,CA1-CA3,18.0,0.191,0.1569,-18.0,18000,0.1942,2,0.0318,-0.0649,0,0.3563,0.3558,0.4378,0.4172,0.483,0.4804,0.1962,0.2113,44.39,50.74,35.31,41.13,0.4286,0.3913,83.85,85.09,37.51,37.17
52,1,CA1-CA3,23.0,0.2472,0.1896,-13.0,18000,0.5278,13,0.7882,-0.0593,0,0.3513,0.3699,0.3767,0.35,0.3672,0.361,0.3569,0.4041,56.95,57.02,31.95,40.85,0.3043,0.3913,62.2,47.43,34.54,35.53
52,1,CA1-CA3,28.0,0.3034,0.2679,-8.0,16000,0.1998,2,0.031,-0.0588,0,0.317,0.3432,0.4094,0.3984,0.4739,0.4786,0.1984,0.2106,70.7,55.33,24.77,31.54,0.5,0.3913,77.89,71.97,42.79,41.69
52,1,CA1-CA3,33.0,0.3596,0.3874,-3.0,18000,0.2536,10,0.1677,-0.0541,0,0.2781,0.329,0.301,0.3597,0.312,0.3663,0.1978,0.1924,68.82,71.43,33.68,40.27,0.25,0.3333,67.99,60.61,49.6,52.69
52,1,CA1-CA3,38.0,0.4157,0.5985,2.0,16000,-0.0108,4,0.0524,-0.0739,0,0.2864,0.3161,0.343,0.3647,0.3716,0.3857,0.1903,0.1645,71.13,67.58,32.81,36.86,0.3636,0.3333,71.97,73.25,38.05,43.9
52,1,CA1-CA3,43.0,0.4719,0.7274,7.0,14000,-0.0349,14,0.2432,-0.0206,0,0.3002,0.3244,0.3308,0.3532,0.3412,0.3569,0.1858,0.1709,63.47,60.39,39.45,39.87,0.3636,0.4545,83.64,75.62,42.62,49.52
52,1,CA1-CA3,48.0,0.5281,0.8603,12.0,12000,0.0911,1,0.0121,-0.0341,0,0.3299,0.3328,0.3705,0.3928,0.5468,0.5144,0.2003,0.2008,79.7,80.41,32.85,44.26,0.4286,0.4545,86.1,74.28,76.09,77.73
52,1,CA1-CA3,53.0,0.5843,0.8818,17.0,12000,0.1949,2,0.038,0.0623,0,0.3103,0.3121,0.3914,0.3768,0.4653,0.4649,0.1962,0.1807,72.79,69.91,30.87,36.71,0.25,0.6,88.21,86.81,55.23,48.47
52,1,CA1-CA3,58.0,0.6404,0.8405,22.0,12000,0.2607,4,0.2201,0.041,0,0.2994,0.3449,0.3835,0.3847,0.3994,0.3853,0.2074,0.2186,67.72,69.9,29.75,36.15,0.3043,0.28,78.05,78.84,54.79,41.83
52,1,CA1-CA3,63.0,0.6966,0.7694,27.0,12000,0.0279,7,0.2333,0.0687,0,0.3037,0.3283,0.331,0.3516,0.3376,0.3519,0.1914,0.2074,83.5,76.18,22.32,32.42,0.5,0.4545,83.03,87.22,32.47,44.42
52,1,CA1-CA3,68.0,0.7528,0.7018,32.0,14000,0.1334,6,0.1942,0.0442,0,0.2986,0.2862,0.3706,0.3537,0.3732,0.3802,0.2051,0.2113,68.43,76.76,37.51,49.71,0.4286,0.3333,78.58,75.2,48.11,54.99
52,1,CA1-CA3,73.0,0.809,0.7008,37.0,14000,0.2445,1,0.0308,0.0803,0,0.3207,0.3454,0.4296,0.4129,0.5868,0.5534,0.2221,0.209,74.29,68.55,35.03,39.75,0.4286,0.3913,89.91,84.94,41.58,51.22
52,1,CA1-CA3,78.0,0.8652,0.5905,42.0,16000,0.2572,2,0.0421,0.0025,0,0.2925,0.3429,0.3961,0.4402,0.452,0.5077,0.2259,0.2382,58.16,48.28,32.5,38.22,0.3043,0.28,70.9,85.24,33.55,40.86
52,1,CA1-CA3,83.0,0.9213,0.5162,47.0,16000,0.1923,3,0.0357,-0.0216,0,0.3509,0.3917,0.4016,0.4654,0.4621,0.5143,0.3856,0.4009,50.35,55.23,27.67,33.83,0.3636,0.2308,51.27,54.12,29.71,30.11
52,1,CA1-DG,8.0,0.0787,0.1269,-28.0,20000,0.32,2,0.0589,-0.0254,0,0.3798,0.166,0.4315,0.2721,0.5214,0.4026,0.2531,0.2197,nan,nan,nan,nan,,,75.73,75.19,33.76,24.89
52,1,CA1-DG,13.0,0.1348,0.1211,-23.0,18000,0.1442,11,0.1418,-0.0056,0,0.3896,0.1513,0.4208,0.2042,0.4159,0.2116,0.2577,0.2014,72.85,74.28,26.17,27.65,0.2,0.5,81.64,66.22,25.47,22.88
52,1,CA1-DG,18.0,0.191,0.1569,-18.0,18000,0.01,15,0.2815,0.0152,0,0.3565,0.1343,0.394,0.1689,0.3925,0.1628,0.2247,0.1556,54.67,45.65,25.36,22.89,0.3636,0.2857,78.21,85.19,26.86,37.4
52,1,CA1-DG,23.0,0.2472,0.1896,-13.0,18000,-0.1579,11,0.1326,0.0491,0,0.3511,0.1191,0.3986,0.1809,0.4015,0.1624,0.234,0.1846,77.62,70.31,28.11,25.38,0.3043,0.3846,88.75,81.62,32.81,36.3
52,1,CA1-DG,28.0,0.3034,0.2679,-8.0,16000,0.182,1,0.0168,0.032,0,0.3178,0.1305,0.4304,0.3049,0.6518,0.5153,0.2286,0.185,80.39,78.35,28.12,31.68,0.5,0.3846,71.1,88.37,30.08,36.03
52,1,CA1-DG,33.0,0.3596,0.3874,-3.0,18000,-0.0483,11,0.1473,-0.0136,0,0.2783,0.1521,0.3162,0.2223,0.3113,0.1889,0.2358,0.1592,77.97,74.64,32.91,39.74,0.25,0.5,75.16,83.8,50.76,50.38
52,1,CA1-DG,38.0,0.4157,0.5985,2.0,16000,0.1826,12,0.1561,0.0119,0,0.2873,0.1146,0.2944,0.1432,0.303,0.1541,0.2162,0.1611,68.08,68.73,32.69,28.91,0.3636,0.5,83.16,84.95,39.01,41.58
52,1,CA1-DG,43.0,0.4719,0.7274,7.0,14000,0.5033,12,0.798,0.0047,0,0.3007,0.0944,0.3122,0.1604,0.3175,0.1451,0.1912,0.1522,73.79,81.82,31.44,34.29,0.3636,0.125,89.56,86.81,42.4,45.55
52,1,CA1-DG,48.0,0.5281,0.8603,12.0,12000,0.3087,5,0.0923,-0.0234,0,0.3318,0.1316,0.3606,0.2177,0.3657,0.2119,0.2108,0.147,81.2,73.37,29.99,43.28,0.4286,0.125,75.13,77.69,56.93,53.29
52,1,CA1-DG,53.0,0.5843,0.8818,17.0,12000,0.5072,7,0.3036,-0.0457,-4,0.3117,0.1269,0.3511,0.2204,0.3367,0.2021,0.1885,0.1364,80.51,79.7,35.85,39.5,0.25,0.2857,88.46,87.17,45.43,42.74
52,1,CA1-DG,58.0,0.6404,0.8405,22.0,12000,0.4939,14,0.4372,0.0192,0,0.3002,0.1198,0.3065,0.187,0.3095,0.177,0.2139,0.1668,78.54,89.96,35.47,32.24,0.3043,0.5,78.92,74.44,43.54,47.4
52,1,CA1-DG,63.0,0.6966,0.7694,27.0,12000,0.4595,7,0.3053,0.0501,0,0.3065,0.1197,0.3531,0.2288,0.3521,0.2256,0.2051,0.1564,71.36,60.13,39.66,38.08,0.5,0.5,87.57,77.57,48.26,50.86
52,1,CA1-DG,68.0,0.7528,0.7018,32.0,14000,0.63,7,0.3753,0.0368,0,0.2983,0.1489,0.373,0.2904,0.345,0.2223,0.2297,0.1691,85.81,80.57,37.31,32.23,0.4286,0.2,89.91,87.02,37.42,39.54
52,1,CA1-DG,73.0,0.809,0.7008,37.0,14000,0.3352,5,0.1802,-0.0028,0,0.3254,0.111,0.3741,0.2438,0.3993,0.2701,0.2273,0.2082,69.66,62.07,37.1,31.94,0.4286,0.2857,81.29,85.8,40.03,32.69
52,1,CA1-DG,78.0,0.8652,0.5905,42.0,16000,-0.0039,9,0.1597,-0.0274,0,0.2945,0.1162,0.3356,0.1794,0.3436,0.1836,0.2152,0.2136,66.05,58.37,41.26,34.27,0.3043,0.5,69.86,73.07,43.04,40.85
52,1,CA1-DG,83.0,0.9213,0.5162,47.0,16000,0.3576,6,0.172,-0.0158,0,0.3539,0.1405,0.3809,0.2615,0.3944,0.2573,0.2498,0.2051,57.45,54.18,42.19,34.5,0.3636,0.2857,83.35,83.36,41.55,39.11
52,1,CA1-V1,8.0,0.0787,0.1269,-28.0,20000,0.2074,2,0.036,-0.0082,0,0.3791,0.3389,0.4335,0.2911,0.5367,0.4076,0.1675,0.1609,nan,nan,nan,nan,,,70.47,63.23,82.74,85.84
52,1,CA1-V1,13.0,0.1348,0.1211,-23.0,18000,0.2886,7,0.1636,-0.0028,0,0.3892,0.302,0.4234,0.2789,0.4295,0.2841,0.1936,0.1574,60.77,61.99,66.77,68.35,0.25,0.3023,84.69,84.8,38.8,44.4
52,1,CA1-V1,18.0,0.191,0.1569,-18.0,18000,-0.0523,5,0.1048,-0.0069,0,0.357,0.3249,0.3936,0.3625,0.4015,0.383,0.1805,0.1577,69.56,64.88,81.95,60.64,0.3636,0.4359,58.84,65.03,58.68,55.86
52,1,CA1-V1,23.0,0.2472,0.1896,-13.0,18000,-0.0826,3,0.1632,-0.0121,0,0.3522,0.345,0.4053,0.3588,0.4751,0.4056,0.2184,0.17,46.2,41.73,58.87,57.35,0.3043,0.4359,73.59,75.67,57.04,55.2
52,1,CA1-V1,28.0,0.3034,0.2679,-8.0,16000,0.1981,0,0.0,-0.0173,-3,0.3158,0.3095,0.4148,0.3139,nan,nan,0.1903,0.166,53.29,44.49,36.76,41.98,0.5,0.4737,67.06,56.9,49.62,45.43
52,1,CA1-V1,33.0,0.3596,0.3874,-3.0,18000,-0.1243,4,0.2201,-0.0029,0,0.2766,0.3008,0.3454,0.2914,0.361,0.3107,0.1721,0.1638,55.25,41.94,40.89,40.09,0.25,0.4737,57.04,57.69,41.2,50.35
52,1,CA1-V1,38.0,0.4157,0.5985,2.0,16000,-0.1109,7,0.2588,-0.0065,0,0.2863,0.302,0.3124,0.3101,0.3307,0.3165,0.1809,0.1519,68.87,57.02,36.96,46.5,0.3636,0.4359,81.94,75.33,46.86,49.49
52,1,CA1-V1,43.0,0.4719,0.7274,7.0,14000,-0.4449,6,0.395,-0.0214,0,0.3037,0.2971,0.3666,0.3108,0.377,0.301,0.198,0.1692,74.41,67.56,88.68,87.77,0.4286,0.2444,71.23,72.19,54.98,67.59
52,1,CA1-V1,48.0,0.5281,0.8603,12.0,12000,-0.0411,1,0.0393,-0.0187,0,0.3312,0.3341,0.3385,0.3227,0.5015,0.4905,0.2069,0.1895,54.19,54.59,56.48,62.62,0.4286,0.4,61.68,58.17,40.88,49.99
52,1,CA1-V1,53.0,0.5843,0.8818,17.0,12000,0.3958,3,0.1576,0.0059,0,0.3127,0.3003,0.3766,0.3002,0.4252,0.3561,0.1884,0.1688,66.6,52.67,71.76,72.08,0.25,0.4359,62.35,68.79,59.59,63.98
52,1,CA1-V1,58.0,0.6404,0.8405,22.0,12000,0.0707,0,0.0,-0.0229,0,0.298,0.3189,0.3217,0.3291,nan,nan,0.1922,0.1704,62.81,57.95,35.51,39.16,0.3043,0.3333,50.55,61.48,48.84,51.8
52,1,CA1-V1,63.0,0.6966,0.7694,27.0,12000,0.0421,6,0.2755,-0.0251,0,0.3052,0.3214,0.3359,0.3467,0.3509,0.3542,0.1914,0.178,52.0,48.2,46.55,49.63,0.5789,0.4737,82.06,87.69,50.02,46.82
52,1,CA1-V1,68.0,0.7528,0.7018,32.0,14000,-0.2689,10,0.4967,-0.0031,0,0.2955,0.3164,0.3462,0.3303,0.3488,0.3341,0.1682,0.162,47.4,60.87,43.2,47.58,0.3636,0.4737,86.47,85.61,59.45,44.39
52,1,CA1-V1,73.0,0.809,0.7008,37.0,14000,-0.1734,0,0.0,-0.0025,0,0.3246,0.2913,0.3678,0.2965,nan,nan,0.196,0.1728,63.93,58.63,41.87,37.37,0.4286,0.5135,70.42,73.22,58.78,42.5
52,1,CA1-V1,78.0,0.8652,0.5905,42.0,16000,0.1094,5,0.1447,-0.0178,0,0.293,0.2652,0.3133,0.2845,0.327,0.3198,0.1638,0.149,49.55,49.37,65.89,75.73,0.3636,0.3659,86.59,70.34,71.58,67.04
52,1,CA1-V1,83.0,0.9213,0.5162,47.0,16000,0.2081,4,0.1,-0.0069,0,0.3559,0.3322,0.392,0.3166,0.4352,0.338,0.1618,0.1458,58.75,59.48,64.61,68.97,0.3636,0.2174,76.53,56.84,60.87,65.51
52,1,CA3-DG,8.0,0.0787,0.1269,-28.0,20000,0.2062,17,0.7713,-0.0005,0,0.3605,0.1604,0.3692,0.2541,0.3653,0.1945,0.3962,0.3248,nan,nan,nan,nan,,,52.36,49.95,27.32,22.34
52,1,CA3-DG,13.0,0.1348,0.1211,-23.0,18000,0.5444,5,0.3682,0.0423,0,0.3662,0.1497,0.4788,0.4088,0.5044,0.4111,0.4316,0.3566,22.99,20.75,23.05,17.0,0.3333,0.5,21.97,19.34,20.26,19.25
52,1,CA3-DG,18.0,0.191,0.1569,-18.0,18000,0.602,17,0.6665,-0.0042,0,0.3513,0.1314,0.335,0.2216,0.3478,0.1763,0.419,0.3479,25.04,15.72,21.66,17.25,0.3913,0.2857,26.78,20.33,24.69,19.6
52,1,CA3-DG,23.0,0.2472,0.1896,-13.0,18000,0.5499,13,0.6549,-0.016,0,0.3726,0.1197,0.3801,0.2161,0.3713,0.1854,0.4458,0.3544,31.62,19.17,26.19,14.02,0.3913,0.3846,27.65,22.53,19.19,19.89
52,1,CA3-DG,28.0,0.3034,0.2679,-8.0,16000,0.4808,7,0.344,-0.0176,0,0.3454,0.1289,0.4587,0.3312,0.4455,0.3276,0.4216,0.3423,22.58,22.17,21.5,18.66,0.3913,0.3846,25.23,19.48,21.18,15.01
52,1,CA3-DG,33.0,0.3596,0.3874,-3.0,18000,0.5531,8,0.4374,-0.0103,0,0.3333,0.1502,0.4134,0.3533,0.3811,0.3413,0.4154,0.3425,18.88,19.43,13.12,12.66,0.3333,0.5,27.21,27.03,20.72,18.25
52,1,CA3-DG,38.0,0.4157,0.5985,2.0,16000,0.5259,5,0.3852,-0.0125,0,0.3158,0.1122,0.4384,0.3598,0.4696,0.373,0.4097,0.3357,28.26,18.49,29.29,28.5,0.3913,0.5,31.03,27.92,26.09,16.63
52,1,CA3-DG,43.0,0.4719,0.7274,7.0,14000,0.5306,5,0.3791,-0.002,0,0.3289,0.1106,0.4278,0.3631,0.4803,0.407,0.3967,0.3045,32.9,19.27,30.27,25.8,0.4545,0.125,31.26,24.32,22.11,17.8
52,1,CA3-DG,48.0,0.5281,0.8603,12.0,12000,0.6339,5,0.5406,-0.0193,0,0.333,0.1281,0.4367,0.3131,0.4474,0.2952,0.4083,0.325,25.59,15.94,16.38,12.25,0.4545,0.2857,32.09,23.3,32.55,19.49
52,1,CA3-DG,53.0,0.5843,0.8818,17.0,12000,0.4815,14,0.6887,-0.0244,0,0.3069,0.1272,0.3273,0.2094,0.3238,0.1602,0.4148,0.3153,52.32,43.42,31.25,26.04,0.6,0.2857,71.93,78.06,22.76,16.54
52,1,CA3-DG,58.0,0.6404,0.8405,22.0,12000,0.4485,10,0.8192,-0.0058,0,0.3388,0.1212,0.3969,0.2579,0.377,0.1986,0.3773,0.3251,50.7,42.29,29.5,18.86,0.3913,0.5,44.36,37.48,27.41,24.99
52,1,CA3-DG,63.0,0.6966,0.7694,27.0,12000,0.6369,8,0.9334,0.0085,0,0.3323,0.1201,0.381,0.2745,0.3885,0.2435,0.3746,0.3133,30.71,17.76,27.52,19.44,0.3913,0.5,36.02,30.0,27.73,18.01
52,1,CA3-DG,68.0,0.7528,0.7018,32.0,14000,0.3575,7,0.5109,0.0236,0,0.2905,0.1475,0.3633,0.346,0.3181,0.3128,0.3857,0.3399,26.77,18.58,24.93,19.52,0.3913,0.2857,28.26,23.04,26.05,20.23
52,1,CA3-DG,73.0,0.809,0.7008,37.0,14000,0.5357,6,0.4083,0.0319,0,0.3461,0.114,0.4504,0.4039,0.4819,0.422,0.3889,0.3392,29.94,18.78,22.0,18.96,0.5238,0.3846,36.37,23.59,30.12,19.83
52,1,CA3-DG,78.0,0.8652,0.5905,42.0,16000,0.6147,16,0.9673,-0.006,0,0.3461,0.1205,0.3565,0.2132,0.3581,0.1309,0.3925,0.3384,22.39,16.82,17.22,11.53,0.3333,0.3846,59.07,48.82,25.33,17.32
52,1,CA3-DG,83.0,0.9213,0.5162,47.0,16000,0.5831,5,0.4356,0.0006,0,0.392,0.1392,0.4972,0.3971,0.5073,0.4115,0.408,0.3747,43.03,26.09,23.78,12.58,0.1852,0.2857,31.95,28.48,22.15,13.73
52,1,V1-RSC,8.0,0.0787,0.1269,-28.0,20000,-0.0905,4,0.1362,-0.0006,0,0.3076,0.122,0.3648,0.2166,0.3735,0.1908,0.2869,0.2832,nan,nan,nan,nan,,,83.05,69.18,45.75,18.94
52,1,V1-RSC,13.0,0.1348,0.1211,-23.0,18000,0.2872,2,0.0526,0.0058,0,0.2904,0.0852,0.3631,0.1899,0.4387,0.287,0.2505,0.1647,81.21,82.58,64.76,55.56,0.3023,0.5,68.37,46.79,66.41,47.79
52,1,V1-RSC,18.0,0.191,0.1569,-18.0,18000,0.342,4,0.1191,0.018,0,0.3061,0.1147,0.3522,0.2353,0.3465,0.2474,0.2564,0.1752,59.56,42.8,43.47,21.74,0.3333,1.0,86.57,86.75,53.23,20.01
52,1,V1-RSC,23.0,0.2472,0.1896,-13.0,18000,0.1801,3,0.0536,0.0171,0,0.319,0.071,0.3569,0.1747,0.3764,0.2044,0.2666,0.1895,78.97,86.78,49.22,41.07,0.4,0.5,84.63,82.99,51.61,29.72
52,1,V1-RSC,28.0,0.3034,0.2679,-8.0,16000,0.1941,1,0.0192,0.0147,0,0.3052,0.0589,0.3665,0.3411,0.4835,0.5736,0.2766,0.2528,86.7,61.15,42.68,24.81,0.3333,0.5,86.09,88.16,46.1,24.37
52,1,V1-RSC,33.0,0.3596,0.3874,-3.0,18000,0.1001,5,0.132,-0.0179,0,0.2817,0.069,0.3173,0.1718,0.2938,0.2005,0.294,0.2356,62.71,42.48,46.67,21.72,0.4,0.5,88.01,67.77,44.91,26.12
52,1,V1-RSC,38.0,0.4157,0.5985,2.0,16000,0.0843,3,0.1199,0.0087,0,0.2738,0.0408,0.3197,0.204,0.3402,0.2764,0.2685,0.2242,70.13,67.69,35.55,4.77,0.3333,0.2,86.74,88.73,49.03,24.93
52,1,V1-RSC,43.0,0.4719,0.7274,7.0,14000,-0.1187,7,0.5593,0.0316,0,0.278,0.0536,0.3035,0.1901,0.2941,0.1256,0.2345,0.1881,75.01,74.0,37.37,16.67,0.2174,0.2,66.27,32.51,56.63,27.49
52,1,V1-RSC,48.0,0.5281,0.8603,12.0,12000,0.3165,4,0.1701,0.0072,0,0.3291,0.0344,0.3234,0.2852,0.3344,0.2791,0.2439,0.1952,56.25,38.9,53.48,39.54,0.3333,0.0,69.03,50.2,67.18,39.9
52,1,V1-RSC,53.0,0.5843,0.8818,17.0,12000,0.2241,6,0.2692,0.0119,0,0.3021,0.0479,0.3393,0.1475,0.3067,0.0883,0.2335,0.1557,59.42,50.68,45.7,20.14,0.3023,0.2,76.76,56.89,67.83,52.08
52,1,V1-RSC,58.0,0.6404,0.8405,22.0,12000,-0.0018,5,0.0744,-0.0176,0,0.3161,0.042,0.3242,0.101,0.3387,0.1277,0.2644,0.2403,64.27,40.21,41.48,13.67,0.2174,0.5,82.26,87.76,51.27,21.69
52,1,V1-RSC,63.0,0.6966,0.7694,27.0,12000,0.0159,1,0.0089,0.0084,0,0.3192,0.0407,0.435,0.4957,0.4864,0.6338,0.247,0.254,56.11,40.67,52.74,28.6,0.4359,0.5,71.55,32.96,42.21,15.36
52,1,V1-RSC,68.0,0.7528,0.7018,32.0,14000,0.1397,3,0.1909,0.0468,0,0.3318,0.0399,0.4143,0.2363,0.4128,0.2673,0.2604,0.2283,60.31,61.18,34.54,19.33,0.3659,0.5,71.9,76.79,39.71,27.04
52,1,V1-RSC,73.0,0.809,0.7008,37.0,14000,-0.1772,0,0.0,-0.01,0,0.2795,0.0718,0.3547,0.2355,nan,nan,0.2708,0.2258,53.19,40.84,32.44,18.85,0.4359,0.5,67.51,69.16,43.08,17.52
52,1,V1-RSC,78.0,0.8652,0.5905,42.0,16000,0.2111,4,0.1648,0.0109,0,0.2309,0.062,0.2952,0.2948,0.2851,0.2943,0.2437,0.1851,57.31,46.22,34.86,29.84,0.1915,0.5,85.59,57.9,64.41,52.74
52,1,V1-RSC,83.0,0.9213,0.5162,47.0,16000,0.1155,5,0.0637,-0.0087,-1,0.2967,0.0728,0.3106,0.1806,0.2904,0.2276,0.2403,0.1871,69.75,49.81,40.23,29.0,0.2174,1.0,78.49,84.6,75.24,74.95
61,1,CA1-RSC,8.0,0.066,0.0618,-80.0,16000,0.1503,1,0.0114,0.0769,0,0.4632,0.3845,0.4742,0.4022,0.5587,0.5132,0.1137,0.1138,nan,nan,nan,nan,,,82.88,80.5,42.67,48.89
61,1,CA1-RSC,13.0,0.1132,0.0944,-75.0,14000,0.1698,3,0.0406,0.0797,0,0.4466,0.3655,0.4478,0.3569,0.4937,0.405,0.1261,0.1171,85.71,77.6,32.9,38.61,0.5238,0.5263,63.75,71.86,43.32,48.38
61,1,CA1-RSC,18.0,0.1604,0.0714,-70.0,16000,0.0379,2,0.0288,0.0503,0,0.4417,0.3448,0.4589,0.3606,0.5246,0.4475,0.1259,0.1047,77.55,87.13,51.63,59.55,0.28,0.5676,88.99,84.06,78.23,82.55
61,1,CA1-RSC,23.0,0.2075,0.09,-65.0,16000,0.1494,2,0.0328,0.0778,3,0.4083,0.3239,0.4406,0.3217,0.5451,0.3992,0.1323,0.1163,75.09,75.45,69.68,71.86,0.3333,0.5676,83.97,83.76,48.65,47.42
61,1,CA1-RSC,28.0,0.2547,0.0972,-60.0,14000,0.1947,2,0.0332,0.0898,4,0.4191,0.2954,0.4425,0.3048,0.5153,0.3788,0.143,0.1175,59.07,59.84,47.46,55.34,0.3333,0.45,88.19,85.2,68.39,66.65
61,1,CA1-RSC,33.0,0.3019,0.2042,-55.0,18000,0.1162,0,0.0,0.1587,5,0.3706,0.2737,0.3817,0.283,nan,nan,0.1252,0.1114,85.12,89.58,63.45,67.37,0.3333,0.3182,79.62,82.56,70.42,69.42
61,1,CA1-RSC,38.0,0.3491,0.2867,-50.0,16000,0.1662,1,0.014,0.073,0,0.4102,0.2573,0.4354,0.2802,0.5625,0.4919,0.1527,0.1331,85.29,68.6,43.87,51.69,0.2308,0.2609,70.73,73.95,52.93,54.3
61,1,CA1-RSC,43.0,0.3962,0.4267,-45.0,14000,0.1657,1,0.0229,0.0331,0,0.3847,0.2434,0.4079,0.2879,0.5184,0.5364,0.1543,0.1408,73.07,53.01,48.21,52.12,0.3333,0.381,61.55,50.52,44.39,50.65
61,1,CA1-RSC,48.0,0.4434,0.441,-40.0,14000,0.3168,2,0.0769,0.0693,4,0.3962,0.2792,0.4235,0.2851,0.499,0.361,0.1608,0.1331,67.13,66.52,40.02,40.09,0.3913,0.4872,83.55,86.32,63.79,68.63
61,1,CA1-RSC,53.0,0.4906,0.3487,-35.0,14000,0.1893,1,0.0183,0.0603,0,0.3627,0.2531,0.3835,0.2709,0.5347,0.4648,0.1235,0.1219,77.17,74.97,36.61,42.01,0.28,0.6111,83.65,70.64,59.42,68.78
61,1,CA1-RSC,58.0,0.5377,0.3673,-30.0,14000,0.1836,1,0.0171,0.0816,4,0.3523,0.2609,0.3612,0.2865,0.5094,0.4795,0.1384,0.1239,68.39,65.62,52.41,60.3,0.3913,0.5676,81.81,78.72,81.73,79.87
61,1,CA1-RSC,63.0,0.5849,0.3872,-25.0,18000,0.5847,14,0.7842,0.144,4,0.365,0.2763,0.3838,0.2961,0.3708,0.2909,0.1254,0.1168,84.14,82.44,53.48,49.21,0.3333,0.2609,84.68,85.2,41.11,53.63
61,1,CA1-RSC,68.0,0.6321,0.528,-20.0,14000,0.1499,0,0.0,0.0425,0,0.3674,0.2682,0.3974,0.2669,nan,nan,0.1403,0.1326,83.45,84.73,58.46,59.74,0.1429,0.3182,73.12,76.15,84.44,77.81
61,1,CA1-RSC,73.0,0.6792,0.4167,-15.0,22000,0.406,3,0.1139,0.0469,4,0.3998,0.2866,0.4186,0.3023,0.4399,0.3171,0.1201,0.128,87.71,87.03,49.65,52.14,0.2308,0.2609,87.46,82.88,70.44,87.54
61,1,CA1-RSC,78.0,0.7264,0.4743,-10.0,14000,0.0899,6,0.1579,0.0845,4,0.439,0.277,0.4722,0.2976,0.4861,0.3091,0.1795,0.1188,87.6,85.88,63.16,70.71,0.28,0.234,81.16,79.58,53.6,55.7
61,1,CA1-RSC,83.0,0.7736,0.4596,-5.0,20000,0.4069,7,0.1871,0.0718,0,0.4162,0.2787,0.4586,0.286,0.4639,0.2959,0.1443,0.135,79.85,87.47,72.44,78.48,0.2308,0.2609,87.02,86.76,73.76,83.64
61,1,CA1-RSC,88.0,0.8208,0.6552,0.0,16000,0.1494,4,0.0617,0.0439,0,0.4011,0.269,0.4194,0.2748,0.4574,0.3104,0.1233,0.1126,60.56,58.68,82.87,81.67,0.1429,0.3488,68.14,67.84,72.47,70.26
61,1,CA1-RSC,93.0,0.8679,0.5501,5.0,18000,0.296,3,0.0755,0.0639,0,0.4194,0.2627,0.4335,0.2646,0.4875,0.3375,0.125,0.1284,85.25,66.08,65.46,68.04,0.3333,0.4872,87.1,83.8,67.01,72.99
61,1,CA1-RSC,98.0,0.9151,0.639,10.0,16000,0.204,6,0.1012,0.0743,0,0.4247,0.2972,0.4257,0.2797,0.433,0.2824,0.1512,0.1289,63.74,70.44,37.01,45.22,0.3333,0.5263,69.96,64.95,52.15,59.35
61,1,CA1-CA3,8.0,0.066,0.0618,-80.0,16000,0.1287,1,0.0084,-0.0481,-2,0.4641,0.255,0.4473,0.3005,0.5944,0.6143,0.2135,0.2577,nan,nan,nan,nan,,,89.52,73.54,88.79,83.99
61,1,CA1-CA3,13.0,0.1132,0.0944,-75.0,14000,0.3009,11,0.5469,-0.0619,-4,0.4483,0.3907,0.4616,0.4361,0.459,0.4284,0.2245,0.2616,78.63,87.72,39.77,52.71,0.5238,0.5,71.47,86.24,45.9,74.93
61,1,CA1-CA3,18.0,0.1604,0.0714,-70.0,16000,-0.0357,19,0.4036,-0.007,4,0.4417,0.2412,0.4536,0.2685,0.4566,0.2719,0.236,0.2821,82.7,85.45,24.94,48.97,0.2308,0.6364,81.32,69.68,31.77,50.68
61,1,CA1-CA3,23.0,0.2075,0.09,-65.0,16000,0.1597,1,0.0129,-0.0329,0,0.4077,0.3119,0.4348,0.4238,0.6448,0.5894,0.2194,0.2477,89.43,79.25,31.37,32.79,0.3333,0.3846,81.11,88.32,41.48,69.16
61,1,CA1-CA3,28.0,0.2547,0.0972,-60.0,14000,0.1241,1,0.0078,-0.0168,-2,0.4203,0.2056,0.471,0.4431,0.6056,0.6179,0.2069,0.23,70.27,64.08,30.32,33.78,0.3333,0.5,67.2,71.73,46.04,39.63
61,1,CA1-CA3,33.0,0.3019,0.2042,-55.0,18000,0.1978,1,0.0199,0.0091,0,0.3766,0.1969,0.4569,0.4113,0.6027,0.5711,0.2473,0.2254,82.8,89.2,28.77,21.43,0.28,0.5,89.45,85.03,36.54,32.11
61,1,CA1-CA3,38.0,0.3491,0.2867,-50.0,16000,0.2173,1,0.0242,0.0267,0,0.4108,0.2154,0.4618,0.4155,0.5945,0.5887,0.2633,0.2427,80.93,87.88,25.51,25.36,0.28,0.125,89.52,87.77,33.7,34.12
61,1,CA1-CA3,43.0,0.3962,0.4267,-45.0,14000,0.1735,1,0.0153,0.0047,0,0.3864,0.2361,0.4452,0.4328,0.5586,0.6048,0.2377,0.2577,69.48,62.47,27.66,24.17,0.3913,0.2,87.29,79.21,42.2,41.73
61,1,CA1-CA3,48.0,0.4434,0.441,-40.0,14000,0.2024,1,0.0209,-0.0076,0,0.3976,0.2105,0.4493,0.367,0.6168,0.532,0.2303,0.2954,60.5,60.64,28.59,24.31,0.3913,0.5,78.63,77.19,42.08,53.01
61,1,CA1-CA3,53.0,0.4906,0.3487,-35.0,14000,0.196,1,0.0196,0.0182,0,0.3626,0.2325,0.4159,0.349,0.5544,0.5402,0.2364,0.288,62.35,55.46,26.82,22.28,0.28,0.3846,71.49,78.88,34.61,38.91
61,1,CA1-CA3,58.0,0.5377,0.3673,-30.0,14000,0.2063,2,0.0292,-0.0056,0,0.3529,0.1755,0.462,0.4074,0.5032,0.4764,0.2668,0.2313,63.69,59.01,28.2,25.4,0.3913,0.2,70.0,79.19,26.77,35.35
61,1,CA1-CA3,63.0,0.5849,0.3872,-25.0,18000,0.3377,9,0.2706,0.005,0,0.3668,0.1625,0.3775,0.2434,0.3777,0.2359,0.3818,0.3994,86.92,86.89,36.6,26.98,0.28,0.3846,78.27,83.51,35.14,27.37
61,1,CA1-CA3,68.0,0.6321,0.528,-20.0,14000,0.1968,2,0.032,-0.0151,0,0.3687,0.2764,0.423,0.3956,0.5096,0.5236,0.2235,0.2692,88.94,77.8,43.88,34.41,0.1429,0.125,81.28,86.12,36.44,57.61
61,1,CA1-CA3,73.0,0.6792,0.4167,-15.0,22000,0.4463,11,0.4427,0.0203,0,0.4022,0.1853,0.4146,0.2814,0.4192,0.2353,0.2738,0.2979,85.27,75.89,49.35,41.25,0.2308,0.2,83.47,81.11,32.11,27.68
61,1,CA1-CA3,78.0,0.7264,0.4743,-10.0,14000,0.3721,16,0.437,-0.0417,0,0.44,0.3236,0.4374,0.2928,0.4455,0.2739,0.2978,0.2917,82.17,76.37,35.89,22.62,0.28,0.125,57.76,83.76,32.58,60.83
61,1,CA1-CA3,83.0,0.7736,0.4596,-5.0,20000,0.5627,6,0.681,0.0283,0,0.416,0.1996,0.5007,0.3884,0.4964,0.3693,0.4178,0.506,85.43,88.86,30.62,22.3,0.2308,0.125,86.06,81.16,31.69,35.15
61,1,CA1-CA3,88.0,0.8208,0.6552,0.0,16000,0.4245,9,0.4476,0.0657,0,0.4006,0.229,0.4262,0.3352,0.4133,0.294,0.2572,0.3493,84.64,77.43,26.19,17.09,0.1429,0.3846,86.61,75.55,26.49,24.14
61,1,CA1-CA3,93.0,0.8679,0.5501,5.0,18000,0.6948,17,1.3532,0.0439,0,0.4197,0.2811,0.4575,0.3803,0.4401,0.3185,0.3224,0.3562,83.27,88.01,23.72,24.7,0.3333,0.3846,87.39,86.66,38.38,40.74
61,1,CA1-CA3,98.0,0.9151,0.639,10.0,16000,0.4945,8,0.3773,0.06,0,0.4253,0.2192,0.4428,0.3146,0.4457,0.2959,0.2784,0.3187,87.9,85.81,22.88,22.71,0.3333,0.3846,81.08,86.79,28.52,26.36
61,1,CA1-DG,8.0,0.066,0.0618,-80.0,16000,0.2101,1,0.0226,-0.0323,0,0.4706,0.208,0.5401,0.4309,0.6809,0.5692,0.2948,0.3348,nan,nan,nan,nan,,,73.54,84.48,23.15,25.7
61,1,CA1-DG,13.0,0.1132,0.0944,-75.0,14000,0.2275,1,0.0266,-0.0679,0,0.4495,0.2434,0.5944,0.5104,0.677,0.6373,0.2968,0.3207,85.44,78.91,23.19,13.65,0.3913,0.4,83.38,75.49,24.82,28.39
61,1,CA1-DG,18.0,0.1604,0.0714,-70.0,16000,0.2048,1,0.0214,-0.0369,0,0.4493,0.1478,0.453,0.2726,0.6335,0.6634,0.3151,0.3059,81.29,69.25,22.86,13.35,0.3333,0.2727,89.98,89.3,21.54,36.35
61,1,CA1-DG,23.0,0.2075,0.09,-65.0,16000,0.2341,1,0.0282,-0.0015,0,0.4037,0.1823,0.4932,0.4216,0.6399,0.6485,0.2821,0.3542,78.78,80.47,23.94,13.6,0.4545,0.4,77.55,80.64,24.4,22.25
61,1,CA1-DG,28.0,0.2547,0.0972,-60.0,14000,0.237,1,0.0289,-0.0104,0,0.4285,0.2927,0.5117,0.5196,0.6307,0.7204,0.2974,0.3914,86.24,84.42,22.8,15.96,0.2308,0.4,85.32,81.38,35.93,35.21
61,1,CA1-DG,33.0,0.3019,0.2042,-55.0,18000,0.206,1,0.0217,-0.0163,0,0.3805,0.13,0.5089,0.4343,0.6057,0.6381,0.3199,0.3112,85.31,76.51,24.25,16.53,0.4545,0.2727,84.28,83.61,81.46,76.5
61,1,CA1-DG,38.0,0.3491,0.2867,-50.0,16000,0.2103,1,0.0226,-0.0363,0,0.4114,0.1576,0.4822,0.4498,0.6117,0.6809,0.3171,0.3125,86.63,84.2,25.98,21.48,0.1429,0.0769,89.6,74.55,26.78,25.62
61,1,CA1-DG,43.0,0.3962,0.4267,-45.0,14000,0.2,1,0.0204,0.0038,0,0.3857,0.2077,0.4528,0.4477,0.587,0.6039,0.2569,0.2634,86.48,82.33,23.66,24.99,0.2308,0.4,84.65,78.81,34.52,44.43
61,1,CA1-DG,48.0,0.4434,0.441,-40.0,14000,0.276,1,0.0396,0.0176,0,0.4021,0.1865,0.466,0.3502,0.6108,0.6162,0.2757,0.2499,88.28,87.38,24.67,24.99,0.2308,0.2727,89.31,84.91,29.16,39.8
61,1,CA1-DG,53.0,0.4906,0.3487,-35.0,14000,0.2391,1,0.0294,-0.0935,0,0.3697,0.1705,0.4209,0.3719,0.5847,0.6284,0.2611,0.3019,75.96,64.75,24.31,15.83,0.3913,0.2727,84.11,88.4,27.33,43.0
61,1,CA1-DG,58.0,0.5377,0.3673,-30.0,14000,0.2489,1,0.032,-0.0272,0,0.3632,0.3058,0.4978,0.4962,0.5663,0.6864,0.317,0.3561,89.81,80.95,25.79,20.85,0.1852,0.1667,89.98,84.19,28.96,59.27
61,1,CA1-DG,63.0,0.5849,0.3872,-25.0,18000,-0.0107,3,0.0919,-0.0045,0,0.3684,0.1911,0.4574,0.2835,0.47,0.2975,0.3445,0.3376,88.73,74.46,25.13,17.51,0.28,0.1667,79.24,88.69,27.14,74.92
61,1,CA1-DG,68.0,0.6321,0.528,-20.0,14000,0.212,1,0.023,-0.0283,0,0.3718,0.3164,0.4594,0.4538,0.5791,0.7099,0.2721,0.3803,84.37,88.18,24.96,18.05,0.2308,0.5556,88.0,88.75,33.13,42.96
61,1,CA1-DG,73.0,0.6792,0.4167,-15.0,22000,0.2129,1,0.0232,-0.0177,0,0.4094,0.2278,0.496,0.4618,0.6242,0.65,0.2931,0.3413,89.33,80.73,25.52,18.64,0.1034,0.1667,85.89,67.36,32.21,46.83
61,1,CA1-DG,78.0,0.7264,0.4743,-10.0,14000,0.1835,1,0.0171,-0.0181,0,0.4478,0.2057,0.4623,0.2689,0.6567,0.6746,0.315,0.3141,81.47,70.28,27.9,16.78,0.2308,0.2727,82.51,88.32,27.04,18.4
61,1,CA1-DG,83.0,0.7736,0.4596,-5.0,20000,0.2337,1,0.0281,-0.0125,0,0.4202,0.1514,0.499,0.3201,0.6635,0.6473,0.312,0.2739,87.61,87.71,28.57,20.86,0.2308,0.2727,88.16,88.32,31.42,47.0
61,1,CA1-DG,88.0,0.8208,0.6552,0.0,16000,0.1987,1,0.0201,-0.0891,0,0.4073,0.2665,0.4766,0.3526,0.6057,0.6206,0.3165,0.2692,82.72,87.84,18.69,27.77,0.2308,0.4,69.94,74.03,30.96,59.86
61,1,CA1-DG,93.0,0.8679,0.5501,5.0,18000,0.2183,1,0.0244,-0.0056,0,0.4269,0.1831,0.4899,0.2896,0.6903,0.6317,0.3302,0.3148,79.75,85.9,25.28,28.4,0.28,0.5556,86.0,80.35,33.21,58.04
61,1,CA1-DG,98.0,0.9151,0.639,10.0,16000,0.2294,1,0.027,-0.0224,0,0.4337,0.3331,0.5475,0.4605,0.6383,0.6214,0.3226,0.3055,86.88,80.16,26.19,25.24,0.4545,0.4,83.81,89.37,30.58,42.82
61,1,CA1-V1,8.0,0.066,0.0618,-80.0,16000,0.1018,0,0.0,0.0607,0,0.4638,0.4557,0.4734,0.4564,nan,nan,0.1209,0.1242,nan,nan,nan,nan,,,81.41,84.16,83.24,72.55
61,1,CA1-V1,13.0,0.1132,0.0944,-75.0,14000,0.1149,2,0.0252,-0.0161,0,0.4491,0.4213,0.4817,0.4236,0.5397,0.5086,0.1172,0.1246,86.12,80.47,60.83,49.11,0.5238,0.5,86.02,85.26,76.99,68.95
61,1,CA1-V1,18.0,0.1604,0.0714,-70.0,16000,0.0537,0,0.0,0.0165,0,0.4471,0.3752,0.4744,0.3763,nan,nan,0.149,0.137,64.56,67.63,62.05,49.06,0.28,0.5,75.06,81.22,65.77,56.16
61,1,CA1-V1,23.0,0.2075,0.09,-65.0,16000,0.1675,1,0.0142,0.0017,0,0.4085,0.361,0.5033,0.3533,0.65,0.4899,0.1579,0.1459,85.81,80.38,70.5,39.81,0.3333,0.5484,83.95,65.81,40.31,49.58
61,1,CA1-V1,28.0,0.2547,0.0972,-60.0,14000,0.4364,4,0.1679,-0.057,0,0.4202,0.4014,0.4572,0.4559,0.469,0.4684,0.1872,0.1968,66.51,74.65,42.68,41.78,0.3333,0.2,72.34,64.9,35.51,40.89
61,1,CA1-V1,33.0,0.3019,0.2042,-55.0,18000,0.1374,8,0.424,0.0056,0,0.3736,0.3618,0.3995,0.3661,0.4048,0.3726,0.1312,0.1521,73.08,74.48,58.77,44.24,0.3333,0.2973,79.6,87.12,77.53,53.04
61,1,CA1-V1,38.0,0.3491,0.2867,-50.0,16000,0.2931,7,0.3517,-0.0338,0,0.4121,0.4225,0.4446,0.4436,0.4475,0.4458,0.1708,0.1662,85.23,77.57,57.98,52.91,0.2308,0.2973,85.76,78.76,76.2,80.54
61,1,CA1-V1,43.0,0.3962,0.4267,-45.0,14000,0.2114,1,0.0229,-0.0361,0,0.3858,0.4119,0.4162,0.3896,0.5793,0.5416,0.1436,0.1473,86.42,85.99,58.02,53.27,0.3333,0.2632,78.05,89.66,67.09,63.55
61,1,CA1-V1,48.0,0.4434,0.441,-40.0,14000,0.3054,7,0.3462,0.0032,0,0.3971,0.3868,0.4215,0.3879,0.4324,0.3856,0.1348,0.1256,73.5,71.21,51.21,42.45,0.3913,0.5,85.99,77.79,58.46,58.11
61,1,CA1-V1,53.0,0.4906,0.3487,-35.0,14000,-0.0291,7,0.1912,-0.01,0,0.3617,0.3528,0.4121,0.3548,0.4375,0.3598,0.1012,0.1208,79.08,77.73,63.03,67.19,0.28,0.2632,85.86,84.51,85.53,88.97
61,1,CA1-V1,58.0,0.5377,0.3673,-30.0,14000,0.1408,7,0.0996,-0.0061,0,0.354,0.3587,0.3653,0.357,0.378,0.3678,0.1279,0.1265,78.11,84.18,75.05,70.44,0.3913,0.3714,79.4,83.02,73.95,77.74
61,1,CA1-V1,63.0,0.5849,0.3872,-25.0,18000,-0.0346,10,0.2959,0.0104,0,0.3641,0.3383,0.3913,0.3387,0.3828,0.3364,0.1226,0.1242,85.02,83.38,73.78,73.93,0.28,0.2,83.21,84.33,76.64,69.24
61,1,CA1-V1,68.0,0.6321,0.528,-20.0,14000,0.0863,0,0.0,0.0392,4,0.3696,0.3645,0.3963,0.3608,nan,nan,0.129,0.1272,84.29,74.83,83.19,74.21,0.1429,0.2308,80.12,74.4,83.88,68.96
61,1,CA1-V1,73.0,0.6792,0.4167,-15.0,22000,0.3062,6,0.1089,0.0039,0,0.4002,0.3189,0.4038,0.2887,0.4179,0.3028,0.1065,0.1236,86.64,84.69,76.9,83.94,0.2308,0.2632,87.58,77.78,69.08,53.4
61,1,CA1-V1,78.0,0.7264,0.4743,-10.0,14000,0.2648,10,0.245,-0.0197,0,0.4397,0.3826,0.4553,0.4012,0.4599,0.4094,0.1766,0.1277,81.36,80.4,75.05,61.08,0.28,0.2308,75.6,74.64,40.25,61.78
61,1,CA1-V1,83.0,0.7736,0.4596,-5.0,20000,0.1889,3,0.0734,-0.0072,0,0.4164,0.3885,0.4376,0.3777,0.501,0.4016,0.1229,0.1131,87.73,82.47,62.7,52.1,0.2308,0.2632,80.94,88.39,85.42,86.68
61,1,CA1-V1,88.0,0.8208,0.6552,0.0,16000,0.2735,3,0.0622,0.0206,0,0.402,0.3886,0.4281,0.3548,0.4778,0.368,0.1335,0.141,70.29,71.35,60.25,42.27,0.1429,0.4118,89.43,89.0,85.18,85.84
61,1,CA1-V1,93.0,0.8679,0.5501,5.0,18000,0.0864,2,0.0774,0.0215,0,0.4206,0.3861,0.4515,0.3832,0.5151,0.4695,0.1192,0.1188,72.82,84.14,56.59,52.26,0.3333,0.5484,85.35,76.54,75.8,65.55
61,1,CA1-V1,98.0,0.9151,0.639,10.0,16000,0.053,2,0.043,-0.0083,0,0.4247,0.3974,0.4668,0.3928,0.5305,0.4332,0.1307,0.121,71.65,60.22,35.91,42.26,0.3913,0.4545,71.69,79.0,58.48,55.51
61,1,CA3-DG,8.0,0.066,0.0618,-80.0,16000,0.2887,3,0.1562,-0.0887,0,0.2763,0.2046,0.5202,0.5777,0.5898,0.6383,0.4262,0.467,nan,nan,nan,nan,,,61.39,68.2,49.2,24.27
61,1,CA3-DG,13.0,0.1132,0.0944,-75.0,14000,0.1308,7,0.162,-0.0274,0,0.373,0.2451,0.371,0.368,0.3496,0.4003,0.4592,0.494,44.58,20.55,19.71,18.86,0.5,0.4,67.7,61.96,83.28,86.21
61,1,CA3-DG,18.0,0.1604,0.0714,-70.0,16000,0.2632,8,0.341,-0.0555,0,0.227,0.1445,0.3658,0.3676,0.3577,0.3398,0.4533,0.4512,45.63,27.98,15.97,19.03,0.6364,0.4,44.06,42.37,29.79,33.86
61,1,CA3-DG,23.0,0.2075,0.09,-65.0,16000,0.2594,3,0.1863,-0.0653,0,0.292,0.1814,0.4118,0.4285,0.4701,0.485,0.3675,0.4448,86.17,87.01,75.04,72.22,0.2857,0.4,71.96,56.25,43.7,18.61
61,1,CA3-DG,28.0,0.2547,0.0972,-60.0,14000,0.4391,5,0.2641,0.0162,0,0.2472,0.2933,0.4548,0.5287,0.4443,0.5119,0.4121,0.4816,87.59,89.07,72.23,72.09,0.3846,0.4,51.51,65.18,34.31,41.62
61,1,CA3-DG,33.0,0.3019,0.2042,-55.0,18000,0.3227,6,0.1996,-0.0766,0,0.1998,0.1285,0.445,0.5039,0.4511,0.4846,0.3948,0.4084,39.58,21.39,34.22,26.2,0.5,0.4,63.21,69.65,59.94,61.09
61,1,CA3-DG,38.0,0.3491,0.2867,-50.0,16000,0.2639,4,0.1298,0.0097,0,0.1753,0.1567,0.4068,0.4898,0.4507,0.5184,0.387,0.4293,37.37,27.2,17.51,18.96,0.125,0.0769,85.1,82.8,71.39,70.4
61,1,CA3-DG,43.0,0.3962,0.4267,-45.0,14000,0.2623,4,0.1411,-0.0456,0,0.2038,0.2084,0.4393,0.4693,0.4808,0.4879,0.4012,0.4452,32.69,39.58,33.77,37.31,0.2857,0.4,67.54,72.0,65.61,74.26
61,1,CA3-DG,48.0,0.4434,0.441,-40.0,14000,0.2986,5,0.1586,-0.0334,0,0.1954,0.1877,0.3898,0.4167,0.428,0.4634,0.4097,0.413,21.59,39.29,40.48,39.83,0.2857,0.2727,50.84,52.13,34.67,43.38
61,1,CA3-DG,53.0,0.4906,0.3487,-35.0,14000,0.3137,4,0.1625,-0.0034,0,0.2038,0.1685,0.3801,0.4708,0.4376,0.5461,0.4101,0.4569,25.29,26.44,86.77,89.4,0.2,0.2727,45.09,65.17,39.37,23.23
61,1,CA3-DG,58.0,0.5377,0.3673,-30.0,14000,0.3005,5,0.1589,-0.0644,0,0.1854,0.3088,0.4304,0.4385,0.4647,0.4879,0.38,0.4583,35.09,35.16,85.86,83.3,0.2,0.1667,62.47,70.22,29.89,30.92
61,1,CA3-DG,63.0,0.5849,0.3872,-25.0,18000,0.3164,6,0.3072,-0.0527,0,0.1618,0.1913,0.3974,0.4196,0.3697,0.3911,0.3851,0.4357,85.75,78.65,21.86,17.23,0.3846,0.1667,54.53,63.72,25.21,31.44
61,1,CA3-DG,68.0,0.6321,0.528,-20.0,14000,0.4438,5,0.2939,-0.0459,0,0.2761,0.3207,0.4998,0.5217,0.4692,0.4747,0.4813,0.5275,88.36,86.24,85.0,84.66,0.2,0.5556,42.42,63.82,13.77,10.41
61,1,CA3-DG,73.0,0.6792,0.4167,-15.0,22000,0.0841,14,0.4733,-0.1104,0,0.2139,0.8711,0.3099,0.8682,0.2629,0.8858,0.5613,0.6125,86.25,89.8,87.42,89.72,0.2,0.1667,77.1,60.11,73.36,5.19
61,1,CA3-DG,78.0,0.7264,0.4743,-10.0,14000,0.2767,3,0.1671,-0.024,0,0.2557,0.208,0.4686,0.496,0.5751,0.5823,0.4378,0.4562,82.12,89.54,12.04,83.1,0.2,0.1667,75.91,80.74,88.34,89.33
61,1,CA3-DG,83.0,0.7736,0.4596,-5.0,20000,0.436,5,0.2268,0.0661,0,0.2128,0.1524,0.4757,0.4824,0.4773,0.5258,0.3975,0.4075,75.79,83.15,8.71,14.11,0.0588,0.2727,86.33,89.93,20.06,25.38
61,1,CA3-DG,88.0,0.8208,0.6552,0.0,16000,0.3796,10,0.3729,0.0631,0,0.2378,0.2694,0.4316,0.3644,0.3737,0.3213,0.4969,0.5098,56.83,61.11,86.02,89.31,0.3846,0.2727,67.96,82.54,88.47,89.66
61,1,CA3-DG,93.0,0.8679,0.5501,5.0,18000,0.3968,6,0.2832,-0.0137,0,0.3091,0.1821,0.4805,0.316,0.4574,0.2878,0.4187,0.4727,23.06,39.39,82.78,86.97,0.3846,0.4,57.23,76.36,26.54,39.36
61,1,CA3-DG,98.0,0.9151,0.639,10.0,16000,0.2846,12,0.4332,-0.0057,0,0.2326,0.3363,0.3022,0.3569,0.2579,0.3662,0.4588,0.5067,34.44,41.28,79.03,75.25,0.3846,0.4,43.95,71.62,40.79,67.5
61,1,V1-RSC,8.0,0.066,0.0618,-80.0,16000,0.3612,2,0.1002,0.0182,0,0.4501,0.3835,0.4281,0.3764,0.4892,0.4393,0.1864,0.168,nan,nan,nan,nan,,,64.74,64.33,45.07,51.43
61,1,V1-RSC,13.0,0.1132,0.0944,-75.0,14000,0.4004,1,0.0874,0.0164,0,0.4172,0.3649,0.4039,0.3469,0.5596,0.4855,0.1929,0.1844,42.37,67.58,68.27,69.73,0.5,0.4872,52.95,52.76,34.85,28.52
61,1,V1-RSC,18.0,0.1604,0.0714,-70.0,16000,0.3883,3,0.1847,0.0166,0,0.3713,0.3397,0.3728,0.3296,0.4144,0.3768,0.1955,0.1758,57.37,65.44,34.65,36.51,0.5,0.5676,76.39,77.23,44.0,40.04
61,1,V1-RSC,23.0,0.2075,0.09,-65.0,16000,0.3713,5,0.2608,0.0188,0,0.3582,0.319,0.3369,0.302,0.3944,0.3298,0.2017,0.1811,85.74,75.98,46.42,44.0,0.5,0.5676,54.19,59.16,37.3,39.62
61,1,V1-RSC,28.0,0.2547,0.0972,-60.0,14000,-0.1452,6,1.0845,-0.0059,0,0.4014,0.292,0.4209,0.3254,0.4309,0.3236,0.2091,0.1786,82.62,89.46,58.11,50.91,0.2,0.45,51.52,51.44,58.2,49.98
61,1,V1-RSC,33.0,0.3019,0.2042,-55.0,18000,0.3838,7,0.3796,0.0165,0,0.3596,0.2723,0.3397,0.2696,0.3668,0.2876,0.2217,0.2046,87.28,85.66,74.82,68.33,0.2632,0.3182,60.51,61.52,73.09,81.01
61,1,V1-RSC,38.0,0.3491,0.2867,-50.0,16000,0.2476,3,0.1307,0.0041,0,0.4178,0.2562,0.3632,0.2512,0.419,0.3288,0.1964,0.1723,77.97,89.58,77.19,67.98,0.2973,0.2609,46.07,45.66,36.47,38.62
61,1,V1-RSC,43.0,0.3962,0.4267,-45.0,14000,0.4204,2,0.1523,0.0006,0,0.4087,0.2422,0.3757,0.2663,0.4871,0.4266,0.2218,0.1912,80.71,89.19,30.61,35.03,0.2632,0.4146,37.85,45.33,31.24,34.99
61,1,V1-RSC,48.0,0.4434,0.441,-40.0,14000,0.3694,3,0.2227,0.0127,0,0.383,0.2777,0.373,0.2752,0.4358,0.3537,0.2181,0.1893,39.69,35.75,24.24,24.65,0.4545,0.5263,49.94,43.9,32.14,30.5
61,1,V1-RSC,53.0,0.4906,0.3487,-35.0,14000,0.2091,1,0.0816,0.0067,0,0.3474,0.2521,0.3676,0.2754,0.4863,0.4326,0.211,0.1866,32.26,33.67,27.21,29.1,0.2632,0.4872,88.4,86.03,31.21,37.05
61,1,V1-RSC,58.0,0.5377,0.3673,-30.0,14000,0.4524,3,0.2011,0.0149,0,0.3574,0.2574,0.3583,0.2769,0.4063,0.3235,0.196,0.1767,35.46,38.97,29.93,33.88,0.3714,0.5676,70.43,69.72,42.17,48.5
61,1,V1-RSC,63.0,0.5849,0.3872,-25.0,18000,0.2288,6,0.2889,0.0145,0,0.3364,0.2693,0.2954,0.272,0.3091,0.2926,0.1717,0.1707,63.06,69.31,52.2,45.42,0.2308,0.2609,62.83,84.42,61.95,63.74
61,1,V1-RSC,68.0,0.6321,0.528,-20.0,14000,0.4539,1,0.1154,0.0146,0,0.3652,0.2642,0.3575,0.2637,0.5192,0.4859,0.2,0.2145,59.36,68.59,61.45,60.82,0.2308,0.3182,44.49,38.7,68.11,65.48
61,1,V1-RSC,73.0,0.6792,0.4167,-15.0,22000,0.0983,1,0.025,0.0034,0,0.3174,0.2806,0.3064,0.2605,0.5623,0.4779,0.1732,0.1819,57.92,62.5,41.05,49.72,0.2632,0.2609,44.02,60.32,39.45,55.83
61,1,V1-RSC,78.0,0.7264,0.4743,-10.0,14000,0.3533,2,0.1432,0.0034,0,0.3804,0.2744,0.3788,0.3199,0.4909,0.4026,0.2012,0.204,59.93,65.4,35.55,47.97,0.2632,0.234,54.55,55.74,48.87,48.42
61,1,V1-RSC,83.0,0.7736,0.4596,-5.0,20000,0.2751,5,0.2265,0.0051,0,0.3871,0.2735,0.3352,0.2711,0.3719,0.2866,0.1952,0.1979,61.61,67.71,53.74,60.82,0.2973,0.2889,83.22,77.8,72.84,87.41
61,1,V1-RSC,88.0,0.8208,0.6552,0.0,16000,0.406,2,0.1312,0.0098,0,0.3858,0.2641,0.3416,0.2466,0.4361,0.3981,0.2115,0.1911,50.94,64.5,34.05,45.03,0.4118,0.3488,47.26,42.42,31.16,37.92
61,1,V1-RSC,93.0,0.8679,0.5501,5.0,18000,0.2313,1,0.0826,0.0072,0,0.3859,0.2596,0.3344,0.2914,0.5155,0.4962,0.1908,0.1887,39.53,42.57,28.4,33.56,0.5484,0.5263,51.74,58.34,66.84,62.98
61,1,V1-RSC,98.0,0.9151,0.639,10.0,16000,0.2735,3,0.1271,-0.0041,0,0.3973,0.2902,0.3757,0.2679,0.4202,0.3126,0.1845,0.1814,39.14,43.11,35.36,42.53,0.4545,0.5263,53.67,52.02,49.13,50.28
63,1,CA1-RSC,8.0,0.0221,0.0997,-99.0,16000,0.0739,0,0.0,0.0893,3,0.0871,0.3413,0.2903,0.3975,nan,nan,0.1828,0.1916,nan,nan,nan,nan,,,49.95,59.47,89.56,80.07
63,1,CA1-RSC,13.0,0.0379,0.0979,-94.0,16000,0.1448,1,0.0106,0.0389,0,0.1251,0.3533,0.3054,0.4581,0.4734,0.6419,0.1704,0.2257,66.8,79.95,59.83,53.37,0.3333,0.3333,74.78,86.89,27.76,34.92
63,1,CA1-RSC,18.0,0.0536,0.0931,-89.0,16000,0.1161,1,0.0068,0.0739,1,0.1197,0.3589,0.2525,0.4591,0.4209,0.6293,0.1743,0.2226,73.17,77.42,29.48,39.23,1.0,0.6471,87.43,82.93,27.68,42.12
63,1,CA1-RSC,23.0,0.0694,0.0861,-84.0,14000,0.1027,1,0.0053,0.0497,1,0.104,0.3258,0.1998,0.4213,0.4148,0.5419,0.1704,0.1781,51.12,72.08,24.59,42.7,0.3333,0.4737,69.51,87.52,48.69,53.93
63,1,CA1-RSC,28.0,0.0852,0.0901,-79.0,14000,0.119,1,0.0071,0.0466,0,0.1254,0.3229,0.3385,0.4149,0.4905,0.4887,0.1822,0.218,57.18,75.38,34.47,43.49,0.6,0.4,77.84,83.23,37.93,51.4
63,1,CA1-RSC,33.0,0.1009,0.1041,-74.0,14000,0.1115,1,0.0063,0.0422,5,0.1616,0.3046,0.2,0.38,0.381,0.4586,0.1312,0.1954,85.67,75.92,27.64,48.11,0.6,0.3333,79.56,84.78,44.96,50.54
63,1,CA1-RSC,38.0,0.1167,0.1196,-69.0,12000,0.0768,0,0.0,0.0373,4,0.1802,0.2501,0.2803,0.3687,nan,nan,0.1684,0.1842,89.35,76.3,45.31,36.59,1.0,0.2174,75.04,88.04,51.58,58.7
63,1,CA1-RSC,43.0,0.1325,0.1389,-64.0,12000,0.0989,1,0.0049,-0.0007,4,0.1814,0.2881,0.2783,0.3663,0.5379,0.5448,0.1555,0.1632,73.82,87.12,35.59,55.25,1.0,0.2727,71.14,80.14,51.81,66.59
63,1,CA1-RSC,48.0,0.1483,0.173,-59.0,12000,0.1222,1,0.0075,0.0099,5,0.1363,0.3055,0.2958,0.4288,0.4655,0.5132,0.1494,0.1902,71.13,66.41,35.08,45.38,0.6,0.4,82.46,81.33,38.01,45.4
63,1,CA1-RSC,53.0,0.164,0.1914,-54.0,12000,0.1195,0,0.0,0.0338,3,0.1385,0.2589,0.2939,0.3528,nan,nan,0.1632,0.1822,59.22,76.2,27.67,51.89,0.6,0.3333,83.26,70.64,79.25,49.23
63,1,CA1-RSC,58.0,0.1798,0.2113,-49.0,12000,0.1113,1,0.0062,0.0276,5,0.1241,0.3367,0.2617,0.4063,0.3953,0.5006,0.1493,0.1928,66.35,77.69,32.66,46.65,0.6,0.3333,85.12,78.96,42.02,56.19
63,1,CA1-RSC,63.0,0.1956,0.2075,-44.0,12000,0.1164,1,0.0068,0.0421,5,0.1248,0.3325,0.3321,0.44,0.6232,0.5297,0.1329,0.1974,71.58,81.27,29.12,38.82,0.3333,0.4,88.76,87.23,38.66,45.28
63,1,CA1-RSC,68.0,0.2114,0.2273,-39.0,10000,0.1523,1,0.0117,-0.0022,-2,0.1216,0.336,0.2477,0.4315,0.603,0.5621,0.159,0.1889,54.03,83.21,18.92,38.38,0.6,0.3333,72.12,72.53,41.95,41.0
63,1,CA1-RSC,73.0,0.2271,0.2461,-34.0,12000,0.1384,1,0.0097,0.033,5,0.09,0.3259,0.3473,0.4441,0.491,0.5382,0.1625,0.1746,59.53,68.36,18.16,34.79,0.6,0.4,86.86,78.62,32.64,47.53
63,1,CA1-RSC,78.0,0.2429,0.2788,-29.0,10000,0.1237,1,0.0077,0.0024,4,0.1259,0.3047,0.258,0.4098,0.515,0.558,0.1661,0.1701,49.89,64.1,30.79,41.19,0.3333,0.4737,89.54,83.26,51.66,58.73
63,1,CA1-RSC,83.0,0.2587,0.294,-24.0,12000,0.1269,1,0.0081,0.0383,5,0.1411,0.2572,0.3518,0.4332,0.6272,0.5572,0.1305,0.2122,72.01,80.56,45.96,47.81,0.6,0.3333,73.31,86.68,25.19,56.97
63,1,CA1-RSC,88.0,0.2744,0.334,-19.0,10000,0.1141,0,0.0,0.0886,3,0.1524,0.3176,0.271,0.4158,nan,nan,0.1527,0.1761,79.84,80.64,36.21,45.83,0.6,0.2727,81.66,85.18,62.33,59.39
63,1,CA1-RSC,93.0,0.2902,0.3659,-14.0,12000,0.1222,1,0.0075,0.0158,4,0.13,0.3191,0.2842,0.4076,0.4744,0.5076,0.1461,0.1711,59.59,85.13,34.17,49.11,0.6,0.2174,89.1,76.32,56.88,54.08
63,1,CA1-RSC,98.0,0.306,0.4889,-9.0,12000,0.079,0,0.0,0.0035,3,0.0914,0.2715,0.2907,0.3366,nan,nan,0.1321,0.1909,78.98,86.13,37.78,51.14,1.0,0.2727,66.74,77.22,60.5,79.15
63,1,CA1-RSC,103.0,0.3218,0.4899,-4.0,10000,0.1398,1,0.0099,-0.0564,-1,0.0996,0.3099,0.1819,0.35,0.5417,0.5749,0.1531,0.1982,85.57,88.7,37.63,55.65,0.6,0.3333,69.24,81.73,34.64,56.42
63,1,CA1-RSC,108.0,0.3375,0.6616,1.0,12000,0.1203,1,0.0073,0.0022,5,0.1073,0.3115,0.3402,0.4285,0.4997,0.5524,0.164,0.1827,80.81,79.58,34.14,40.85,0.6,0.1667,83.87,78.51,35.96,49.76
63,1,CA1-RSC,113.0,0.3533,0.6989,6.0,10000,0.0969,0,0.0,-0.0004,5,0.09,0.3136,0.1906,0.3881,nan,nan,0.1146,0.1454,71.79,89.62,29.68,34.24,0.6,0.1667,66.98,83.76,48.89,63.08
63,1,CA1-RSC,118.0,0.3691,0.7657,11.0,10000,0.1226,1,0.0076,-0.0223,5,0.0929,0.3293,0.3162,0.4492,0.5567,0.5616,0.1287,0.1879,73.18,79.84,37.11,45.95,0.3333,0.2174,83.88,89.82,49.6,54.77
63,1,CA1-RSC,123.0,0.3849,0.6291,16.0,10000,0.127,1,0.0081,-0.024,-1,0.0954,0.3066,0.2922,0.4535,0.4971,0.5472,0.1308,0.1802,64.52,78.17,25.61,36.85,1.0,0.2727,80.16,83.05,42.11,47.37
63,1,CA1-RSC,128.0,0.4006,0.5812,21.0,10000,0.1461,1,0.0108,0.0506,5,0.1471,0.3061,0.3084,0.4029,0.4901,0.5377,0.1506,0.1645,82.6,88.78,18.43,40.1,1.0,0.2727,85.49,77.76,44.85,50.6
63,1,CA1-RSC,133.0,0.4164,0.5145,26.0,10000,0.1285,1,0.0083,-0.0097,5,0.1435,0.3051,0.2973,0.3883,0.4495,0.4761,0.1209,0.1738,61.53,77.36,30.62,38.74,0.6,0.4,72.06,84.09,36.6,48.1
63,1,CA1-RSC,138.0,0.4322,0.3967,31.0,10000,0.1333,1,0.009,-0.0079,-2,0.0874,0.2799,0.3458,0.4054,0.5525,0.5228,0.1327,0.1716,55.88,89.59,27.64,41.88,0.6,0.1667,82.95,86.41,32.56,58.78
63,1,CA1-RSC,143.0,0.4479,0.2762,36.0,10000,0.1564,1,0.0124,0.0037,-2,0.1104,0.2909,0.2697,0.4202,0.4454,0.5426,0.1552,0.2193,80.84,83.78,24.02,45.88,0.3333,0.3333,83.43,87.78,68.32,77.66
63,1,CA1-RSC,148.0,0.4637,0.2163,41.0,10000,0.1266,1,0.0081,0.0463,5,0.0827,0.3216,0.3345,0.4184,0.5651,0.5155,0.1506,0.1706,77.47,71.22,35.57,52.0,0.6,0.12,80.6,81.5,74.15,69.87
63,1,CA1-RSC,153.0,0.4795,0.2377,46.0,10000,0.1534,1,0.0119,0.03,0,0.0883,0.3075,0.3883,0.4622,0.5752,0.5333,0.1509,0.1921,85.28,89.62,29.93,47.98,0.3333,0.2174,71.55,83.42,30.92,46.37
63,1,CA1-RSC,158.0,0.4953,0.2026,51.0,10000,0.1343,1,0.0091,-0.0292,-2,0.1035,0.2815,0.3494,0.3827,0.5247,0.4586,0.1315,0.159,80.73,83.25,16.39,32.83,0.3333,0.3333,82.96,74.66,44.86,50.1
63,1,CA1-RSC,163.0,0.511,0.1625,56.0,10000,0.1314,1,0.0087,-0.0129,-1,0.086,0.2606,0.3661,0.4081,0.5665,0.4885,0.1436,0.1723,53.31,73.69,21.75,37.62,0.3333,0.3333,86.95,84.66,42.23,42.62
63,1,CA1-RSC,168.0,0.5268,0.1111,61.0,12000,0.1171,1,0.0069,-0.0095,5,0.0803,0.3074,0.4116,0.4892,0.5835,0.5553,0.1297,0.1754,80.28,81.65,18.83,34.93,0.1429,0.3333,56.95,86.04,44.75,51.57
63,1,CA1-RSC,173.0,0.5426,0.0622,66.0,12000,0.1156,1,0.0067,0.0216,5,0.069,0.2863,0.3809,0.4541,0.588,0.5347,0.1418,0.1589,83.07,83.35,32.36,37.68,0.3333,0.2174,87.39,87.53,43.99,51.98
63,1,CA1-RSC,178.0,0.5584,0.0322,71.0,10000,0.1093,1,0.006,0.0196,4,0.0498,0.2761,0.1515,0.329,0.6429,0.4881,0.1295,0.1722,79.45,82.41,24.9,42.5,0.1429,0.2727,79.04,87.03,74.59,83.66
63,1,CA1-RSC,183.0,0.5741,0.047,76.0,12000,0.0998,1,0.005,0.0162,5,0.0469,0.2782,0.4013,0.4585,0.5491,0.5561,0.1248,0.1732,82.54,89.38,29.78,40.13,0.1429,0.2727,87.24,81.36,55.11,54.54
63,1,CA1-RSC,188.0,0.5899,0.047,81.0,14000,0.1307,1,0.0086,-0.0329,-2,0.0605,0.2915,0.4871,0.4485,0.656,0.5239,0.1481,0.191,75.8,89.19,23.52,51.29,0.3333,0.2174,85.19,88.54,38.46,54.85
63,1,CA1-RSC,193.0,0.6057,0.1336,86.0,12000,0.1527,1,0.0118,0.0345,0,0.0677,0.2969,0.3309,0.4015,0.519,0.5223,0.1365,0.2049,87.36,88.75,19.4,37.21,0.3333,0.4,87.88,86.0,25.33,48.69
63,1,CA1-RSC,198.0,0.6215,0.1452,91.0,12000,0.092,0,0.0,0.004,0,0.0732,0.3065,0.3107,0.4023,nan,nan,0.1438,0.1617,86.46,79.16,20.73,37.51,0.3333,0.1667,69.14,86.97,53.05,53.02
63,1,CA1-RSC,203.0,0.6372,0.1995,96.0,12000,0.1304,1,0.0086,0.0643,0,0.0597,0.2521,0.3808,0.3642,0.5055,0.4611,0.1599,0.178,66.51,80.37,23.07,34.46,0.3333,0.2727,70.05,79.93,30.46,59.05
63,1,CA1-RSC,208.0,0.653,0.1796,101.0,12000,0.1381,1,0.0096,0.0657,5,0.0457,0.2659,0.4091,0.4732,0.6043,0.6216,0.1496,0.2073,56.97,68.29,23.77,45.51,0.3333,0.12,71.23,79.19,30.09,49.2
63,1,CA1-RSC,213.0,0.6688,0.1881,106.0,12000,0.1362,1,0.0094,0.0035,0,0.0495,0.2836,0.4194,0.4257,0.6059,0.5455,0.1679,0.1825,86.02,86.03,24.65,42.81,0.3333,0.4,78.65,80.73,38.2,44.41
63,1,CA1-RSC,218.0,0.6845,0.1531,111.0,12000,0.1308,1,0.0086,0.0194,-1,0.0468,0.275,0.4017,0.4525,0.4831,0.5063,0.1349,0.1851,50.19,78.03,18.8,39.03,0.1429,0.1667,74.32,82.22,33.26,50.74
63,1,CA1-RSC,223.0,0.7003,0.1371,116.0,12000,0.1386,1,0.0097,0.0434,5,0.0675,0.3092,0.5448,0.5266,0.5888,0.5458,0.1394,0.1738,75.96,88.66,22.39,39.29,0.6,0.12,84.77,82.45,25.91,37.37
63,1,CA1-RSC,228.0,0.7161,0.0872,121.0,12000,0.1428,1,0.0103,0.0013,-1,0.0994,0.2931,0.4134,0.5002,0.5466,0.6345,0.1632,0.1844,66.62,75.15,23.89,30.49,0.6,0.2727,79.54,86.6,21.92,36.14
63,1,CA1-RSC,233.0,0.7319,0.0947,126.0,12000,0.1135,1,0.0065,0.013,5,0.0636,0.2779,0.4324,0.4597,0.5751,0.5428,0.1431,0.1758,53.54,68.4,23.34,36.95,0.1429,0.3333,83.81,85.5,29.05,51.88
63,1,CA1-RSC,238.0,0.7476,0.0974,131.0,10000,0.132,1,0.0088,-0.0134,5,0.0724,0.3033,0.4067,0.4487,0.5156,0.5613,0.1513,0.1622,73.04,76.32,22.37,40.18,0.3333,0.3333,88.58,88.46,35.0,50.96
63,1,CA1-RSC,243.0,0.7634,0.1424,136.0,10000,0.0883,0,0.0,-0.0065,4,0.0756,0.3084,0.268,0.3805,nan,nan,0.1055,0.1393,79.65,85.15,23.2,49.99,0.3333,0.2174,86.2,80.23,51.6,63.78
63,1,CA1-RSC,248.0,0.7792,0.2306,141.0,10000,0.1188,1,0.0071,0.0097,5,0.0855,0.2538,0.3704,0.3939,0.5466,0.5692,0.1681,0.1925,64.24,83.65,26.67,53.86,0.6,0.2174,87.04,86.78,46.82,59.98
63,1,CA1-RSC,253.0,0.795,0.2487,146.0,12000,0.1283,1,0.0083,0.0095,5,0.0675,0.2503,0.4263,0.4037,0.5999,0.5032,0.1675,0.1808,84.76,86.96,20.77,43.51,0.3333,0.1667,86.63,87.81,38.23,48.12
63,1,CA1-RSC,258.0,0.8107,0.2119,151.0,12000,0.1017,1,0.0052,-0.0044,-1,0.0703,0.2464,0.3362,0.3711,0.5602,0.5068,0.1265,0.1514,62.58,86.41,26.86,40.18,0.3333,0.2727,62.89,85.71,40.8,50.93
63,1,CA1-RSC,263.0,0.8265,0.1253,156.0,10000,0.128,1,0.0083,0.0086,5,0.0666,0.2987,0.3298,0.3823,0.6846,0.563,0.1112,0.1805,88.24,88.97,20.67,35.63,0.3333,0.4737,65.84,80.23,59.55,65.61
63,1,CA1-RSC,268.0,0.8423,0.1065,161.0,12000,0.1012,1,0.0052,-0.0272,5,0.0495,0.3215,0.374,0.4268,0.6015,0.5262,0.122,0.1726,78.02,89.0,23.24,34.49,0.3333,0.2174,80.74,76.08,42.33,57.68
63,1,CA1-RSC,273.0,0.858,0.2043,166.0,12000,0.0988,1,0.0049,0.0352,5,0.0686,0.3007,0.3422,0.4607,0.4435,0.5587,0.0993,0.1365,87.22,87.0,31.63,37.25,0.6,0.2727,83.09,85.43,33.43,58.37
63,1,CA1-RSC,278.0,0.8738,0.236,171.0,12000,0.1222,1,0.0075,-0.005,5,0.0697,0.3784,0.4421,0.4945,0.6138,0.5558,0.1056,0.1843,81.27,84.48,22.71,38.85,0.1429,0.2727,74.58,85.32,41.18,47.11
63,1,CA1-RSC,283.0,0.8896,0.2217,176.0,12000,0.1274,1,0.0082,-0.062,-2,0.0743,0.3395,0.4087,0.5061,0.5652,0.6265,0.123,0.1654,85.53,70.95,18.53,31.97,1.0,0.4,78.87,87.33,28.74,42.88
63,1,CA1-RSC,288.0,0.9054,0.182,181.0,12000,0.1218,1,0.0075,-0.008,4,0.0789,0.353,0.4115,0.4714,0.5939,0.5633,0.1314,0.1598,68.69,82.01,22.42,41.6,0.6,0.2727,83.34,83.81,40.41,55.39
63,1,CA1-RSC,293.0,0.9211,0.1605,186.0,12000,0.1258,1,0.008,0.0209,0,0.0821,0.2777,0.4263,0.4258,0.5344,0.4808,0.1241,0.1823,57.46,86.38,19.86,42.51,0.3333,0.3333,81.76,78.65,33.69,49.89
63,1,CA1-RSC,298.0,0.9369,0.2189,191.0,12000,0.1323,1,0.0088,0.0409,5,0.0648,0.2956,0.4592,0.4582,0.6502,0.5471,0.1428,0.1622,74.09,83.61,18.18,45.49,0.6,0.1667,61.56,89.66,28.23,41.81
63,1,CA1-RSC,303.0,0.9527,0.2119,196.0,12000,0.1054,1,0.0056,-0.0195,5,0.092,0.3048,0.3252,0.3764,0.5075,0.4955,0.1091,0.1388,75.74,84.76,35.72,42.25,0.3333,0.3333,73.81,89.94,61.24,59.96
63,1,CA1-RSC,308.0,0.9685,0.2146,201.0,12000,0.0902,0,0.0,0.0205,5,0.0525,0.3089,0.3037,0.3961,nan,nan,0.0968,0.156,75.2,85.36,18.18,50.99,0.6,0.2174,64.39,80.1,66.66,62.05
66,1,CA1-RSC,8.0,0.04,0.0873,-20.0,16000,0.232,1,0.0277,-0.0138,0,0.3829,0.2815,0.7223,0.5923,0.7998,0.6759,0.258,0.2404,nan,nan,nan,nan,,,85.37,72.66,85.78,16.14
66,1,CA1-RSC,13.0,0.0686,0.1809,-15.0,14000,0.1718,1,0.015,0.0293,0,0.8108,0.197,0.9288,0.4914,0.9793,0.5655,0.3667,0.3288,74.77,75.24,77.16,50.54,0.4545,0.4286,65.12,86.28,14.29,17.54
66,1,CA1-RSC,18.0,0.0971,0.2378,-10.0,16000,0.1105,0,0.0,0.0281,0,0.2798,0.1097,0.3594,0.2314,nan,nan,0.1924,0.1888,84.11,88.19,69.41,76.94,0.6,0.6667,87.16,59.22,89.87,60.7
66,1,CA1-RSC,23.0,0.1257,0.3668,-5.0,14000,0.0332,0,0.0,0.0469,3,0.2294,0.1129,0.2751,0.1989,nan,nan,0.1526,0.1385,72.97,78.52,86.68,80.37,0.6,0.4286,79.35,73.85,72.33,70.06
66,1,CA1-RSC,28.0,0.1543,0.5437,0.0,12000,0.0873,0,0.0,0.1061,0,0.6773,0.1171,0.8278,0.3403,nan,nan,0.1985,0.2094,79.72,77.46,71.85,83.68,0.7778,0.4286,87.27,74.89,6.01,80.25
66,1,CA1-RSC,33.0,0.1829,0.7337,5.0,12000,0.0638,0,0.0,0.0419,0,0.2967,0.1648,0.3459,0.2921,nan,nan,0.1642,0.147,84.77,86.61,56.84,84.0,0.6,0.4286,89.8,78.96,90.0,17.7
66,1,CA1-RSC,38.0,0.2114,0.7044,10.0,12000,0.082,0,0.0,0.0393,0,0.2585,0.1175,0.2729,0.2493,nan,nan,0.1772,0.1485,68.75,85.44,66.82,53.17,0.3333,1.0,78.23,68.82,69.63,51.12
66,1,CA1-RSC,43.0,0.24,0.7428,15.0,12000,0.0539,2,0.0227,0.0616,0,0.2158,0.0973,0.2697,0.276,0.3415,0.4546,0.1702,0.1295,82.55,82.03,67.05,65.15,0.6,0.25,88.56,75.71,73.43,80.87
66,1,CA1-RSC,48.0,0.2686,0.8038,20.0,12000,-0.0868,4,0.0582,0.1092,4,0.1443,0.1238,0.1876,0.1456,0.2696,0.2245,0.2031,0.1949,78.61,75.8,37.68,50.55,0.3333,0.6667,84.72,83.54,67.05,54.62
66,1,CA1-RSC,53.0,0.2971,0.9917,25.0,12000,0.0618,0,0.0,0.041,4,0.6566,0.0933,0.8758,0.2666,nan,nan,0.1987,0.1625,79.95,79.93,85.46,54.85,0.4545,0.6667,88.7,84.56,3.82,78.24
66,1,CA1-RSC,58.0,0.3257,0.9917,30.0,12000,0.0478,0,0.0,0.0383,5,0.2268,0.1269,0.2941,0.1771,nan,nan,0.1697,0.181,73.4,74.51,66.15,47.77,0.3333,0.4286,80.57,78.44,64.31,76.98
66,1,CA1-RSC,63.0,0.3543,0.965,35.0,12000,-0.1052,8,0.1222,0.0531,0,0.1914,0.1169,0.1994,0.1561,0.2238,0.1622,0.1673,0.1727,88.6,80.39,68.83,75.39,0.4545,0.6667,81.42,68.36,82.08,66.59
66,1,CA1-RSC,68.0,0.3829,0.915,40.0,12000,0.0857,0,0.0,0.1223,4,0.2167,0.1525,0.1776,0.1886,nan,nan,0.1534,0.1673,83.93,86.69,48.97,42.97,0.4545,0.6667,87.72,73.39,89.84,40.74
66,1,CA1-RSC,73.0,0.4114,0.7755,45.0,12000,0.1174,0,0.0,0.0618,0,0.6637,0.202,0.9136,0.3372,nan,nan,0.2157,0.1301,72.23,73.04,89.64,89.13,0.4545,0.6667,89.1,88.28,1.46,59.59
66,1,CA1-RSC,78.0,0.44,0.754,50.0,12000,0.043,0,0.0,0.0159,1,0.1567,0.1218,0.2264,0.2186,nan,nan,0.1744,0.1868,82.37,72.62,82.53,78.72,0.4545,0.6667,81.84,79.83,57.86,66.4
66,1,CA1-RSC,83.0,0.4686,0.722,55.0,12000,0.3357,7,0.1368,0.0598,0,0.2627,0.1008,0.3076,0.1833,0.3232,0.1686,0.1576,0.2103,85.82,75.38,73.96,50.22,0.2308,0.6667,82.54,80.15,64.63,57.39
66,1,CA1-RSC,88.0,0.4971,0.7711,60.0,12000,0.0668,0,0.0,0.0214,-4,0.1517,0.1162,0.2135,0.264,nan,nan,0.1848,0.2133,84.91,61.43,74.49,42.55,0.2308,0.25,86.1,88.19,76.89,70.68
66,1,CA1-RSC,93.0,0.5257,0.8193,65.0,12000,0.0468,0,0.0,0.0526,5,0.2365,0.1746,0.3305,0.3176,nan,nan,0.1621,0.1973,87.52,86.57,82.28,34.77,0.4545,0.4286,70.76,83.89,62.82,35.06
66,1,CA1-RSC,98.0,0.5543,0.8782,70.0,14000,0.382,9,0.2271,0.1241,0,0.7092,0.1522,0.8585,0.3018,0.7656,0.2173,0.2339,0.2414,79.22,79.46,48.79,41.77,0.2308,0.4286,83.77,86.48,0.91,23.87
66,1,CA1-RSC,103.0,0.5829,0.8685,75.0,12000,0.0724,0,0.0,0.1112,3,0.1576,0.1083,0.2351,0.258,nan,nan,0.1858,0.2182,85.4,89.89,83.19,68.14,0.3333,0.25,86.46,67.9,78.18,54.7
66,1,CA1-RSC,108.0,0.6114,0.7722,80.0,16000,0.0316,0,0.0,0.0256,3,0.1658,0.1967,0.2923,0.246,nan,nan,0.1481,0.1511,89.1,66.79,68.7,75.57,0.4545,0.6667,86.19,79.55,78.07,84.12
66,1,CA1-RSC,113.0,0.64,0.6958,85.0,14000,0.0224,0,0.0,0.0698,4,0.1583,0.3543,0.1854,0.3975,nan,nan,0.1453,0.1295,76.33,84.82,74.06,52.12,0.7778,0.25,89.02,83.49,86.32,76.82
66,1,CA1-RSC,118.0,0.6686,0.7958,90.0,12000,0.0555,0,0.0,0.0934,4,0.1619,0.2214,0.2116,0.2429,nan,nan,0.1221,0.1642,86.41,77.85,85.73,74.75,0.2308,0.4286,88.71,85.25,77.7,66.23
66,1,CA1-RSC,123.0,0.6971,0.8921,95.0,12000,0.0262,0,0.0,0.0701,4,0.2099,0.2355,0.2842,0.2984,nan,nan,0.131,0.1393,75.18,85.13,70.2,47.17,0.3333,0.6667,83.53,69.9,89.04,36.57
66,1,CA1-RSC,128.0,0.7257,0.9333,100.0,14000,0.0673,0,0.0,0.0627,4,0.2085,0.1476,0.2841,0.279,nan,nan,0.1576,0.177,75.93,70.94,57.18,57.64,0.3333,0.4286,86.15,89.53,83.17,68.27
66,1,CA1-RSC,133.0,0.7543,0.6667,105.0,12000,0.035,0,0.0,0.0199,4,0.1757,0.1605,0.2713,0.2594,nan,nan,0.1558,0.1992,80.15,86.77,82.52,79.62,0.1429,0.25,86.78,84.24,75.35,80.55
66,1,CA1-RSC,138.0,0.7829,0.5333,110.0,12000,-0.0043,6,0.1081,0.0333,5,0.1654,0.1515,0.2373,0.2307,0.249,0.2377,0.1987,0.1483,72.52,83.41,89.65,88.79,0.3333,0.6667,84.7,76.68,72.71,62.36
66,1,CA1-RSC,143.0,0.8114,0.4,115.0,14000,0.1863,10,0.1726,0.1076,4,0.2399,0.2433,0.2748,0.2616,0.2644,0.2723,0.1692,0.2118,62.76,88.51,57.65,34.98,0.4545,1.0,87.29,89.98,83.43,39.03
66,1,CA1-RSC,148.0,0.84,0.3333,120.0,10000,0.954,5,1.2913,0.0282,0,0.7491,0.6042,0.9635,0.9315,0.8618,0.7822,0.4093,0.4894,86.28,66.56,84.94,60.83,0.3333,0.6667,85.5,80.81,0.12,0.04
66,1,CA1-RSC,153.0,0.8686,0.2,125.0,12000,0.0563,1,0.0107,0.0401,4,0.1841,0.172,0.2583,0.3535,0.4868,0.6093,0.1744,0.1404,89.19,67.27,84.55,38.94,0.6,1.0,86.74,88.55,89.77,83.39
66,1,CA1-RSC,158.0,0.8971,0.0667,130.0,14000,0.1372,3,0.0271,0.1096,5,0.2091,0.3386,0.2602,0.4651,0.2764,0.4428,0.1651,0.2109,88.1,70.31,65.13,27.19,0.4545,0.6667,82.43,79.99,72.39,8.42
66,1,CA1-RSC,163.0,0.9257,0.0667,135.0,14000,0.1864,6,0.0975,0.0226,5,0.1812,0.2855,0.1951,0.3964,0.2007,0.3723,0.1882,0.1633,77.78,82.49,57.45,39.53,0.6,0.6667,89.79,67.14,84.26,87.29
66,1,CA1-RSC,168.0,0.9543,0.0667,140.0,14000,0.0686,0,0.0,0.0325,5,0.2403,0.2416,0.3176,0.3482,nan,nan,0.1794,0.2173,83.37,70.52,83.64,76.64,0.4545,0.4286,85.19,80.45,79.35,87.47
66,1,CA1-DG,8.0,0.04,0.0873,-20.0,16000,0.2937,3,0.0913,-0.0092,0,0.3816,0.1585,0.579,0.3676,0.598,0.3916,0.3626,0.3191,nan,nan,nan,nan,,,89.22,38.32,82.77,45.29
66,1,CA1-DG,13.0,0.0686,0.1809,-15.0,14000,0.1895,2,0.0299,-0.0889,0,0.7725,0.1415,0.8997,0.3127,0.9341,0.3872,0.3833,0.3072,79.97,44.74,83.98,49.85,0.4545,0.2857,35.82,44.77,3.31,33.0
66,1,CA1-DG,18.0,0.0971,0.2378,-10.0,16000,0.2808,2,0.0522,-0.074,0,0.3173,0.1736,0.3906,0.3513,0.4514,0.4321,0.3834,0.3562,82.23,86.75,86.01,37.58,0.4545,0.2857,86.47,52.84,89.43,26.76
66,1,CA1-DG,23.0,0.1257,0.3668,-5.0,14000,0.3155,2,0.0659,-0.0582,0,0.204,0.125,0.3405,0.3465,0.4489,0.4598,0.3334,0.3206,64.57,45.77,23.49,26.92,0.6,0.3846,65.43,57.17,35.64,28.31
66,1,CA1-DG,28.0,0.1543,0.5437,0.0,12000,0.3314,3,0.0902,-0.0593,0,0.6285,0.1114,0.8547,0.329,0.9103,0.4113,0.3391,0.3129,64.97,89.52,88.1,36.46,0.7778,0.6364,36.6,48.44,3.3,34.02
66,1,CA1-DG,33.0,0.1829,0.7337,5.0,12000,0.2351,1,0.0284,-0.043,0,0.3137,0.1015,0.3661,0.3107,0.4401,0.4859,0.3756,0.3511,65.14,87.54,76.21,30.69,0.6,0.3846,89.91,47.5,82.14,32.74
66,1,CA1-DG,38.0,0.2114,0.7044,10.0,12000,0.2306,1,0.0273,-0.0144,0,0.2553,0.1743,0.3911,0.3674,0.5169,0.545,0.3428,0.3174,78.98,81.78,28.45,26.68,0.4545,0.2,61.41,80.59,78.06,37.83
66,1,CA1-DG,43.0,0.24,0.7428,15.0,12000,0.2502,1,0.0323,-0.039,0,0.2435,0.1717,0.3382,0.3564,0.5044,0.537,0.3282,0.3434,87.14,85.0,20.54,34.7,0.4545,0.6364,84.36,56.35,76.47,49.91
66,1,CA1-DG,48.0,0.2686,0.8038,20.0,12000,0.2692,1,0.0376,-0.0423,0,0.1323,0.1594,0.2688,0.2856,0.4422,0.5684,0.3146,0.2921,76.79,88.93,27.25,36.18,0.3333,0.5,81.11,79.79,29.25,46.3
66,1,CA1-DG,53.0,0.2971,0.9917,25.0,12000,0.1948,2,0.0281,0.0034,0,0.6253,0.1021,0.7833,0.2711,0.8534,0.4174,0.3301,0.2918,35.71,88.1,77.86,24.08,0.4545,0.2,85.32,71.31,32.59,29.51
66,1,CA1-DG,58.0,0.3257,0.9917,30.0,12000,0.2447,2,0.0449,-0.0028,0,0.1926,0.102,0.3501,0.2581,0.4492,0.3582,0.3469,0.3022,89.23,82.77,84.36,31.27,0.4545,0.2857,88.86,66.24,41.24,45.26
66,1,CA1-DG,63.0,0.3543,0.965,35.0,12000,0.2442,2,0.0405,0.0112,0,0.1834,0.1405,0.3241,0.3186,0.4575,0.4068,0.3275,0.2849,46.4,44.72,22.25,38.07,0.4545,0.3846,79.25,71.42,36.57,36.58
66,1,CA1-DG,68.0,0.3829,0.915,40.0,12000,0.2047,1,0.0214,0.0053,2,0.232,0.1493,0.2993,0.3259,0.5646,0.5599,0.3018,0.3022,59.38,53.85,26.49,26.67,0.3333,0.5,89.26,65.99,89.14,38.14
66,1,CA1-DG,73.0,0.4114,0.7755,45.0,12000,0.2082,1,0.0222,0.0119,0,0.6135,0.149,0.8263,0.3365,0.7953,0.5025,0.3112,0.3033,89.37,70.29,83.71,40.91,0.3333,0.6364,88.57,85.45,7.4,40.47
66,1,CA1-DG,78.0,0.44,0.754,50.0,12000,0.2156,1,0.0238,0.0521,0,0.2333,0.1125,0.3639,0.3088,0.5082,0.5276,0.3057,0.2976,86.01,61.17,73.82,31.72,0.4545,0.2857,86.5,73.11,70.83,45.4
66,1,CA1-DG,83.0,0.4686,0.722,55.0,12000,0.1335,4,0.0673,0.0348,0,0.2314,0.1135,0.2316,0.1565,0.3045,0.241,0.2908,0.266,54.05,46.62,19.99,37.72,0.3333,0.8,85.17,86.99,82.58,47.07
66,1,CA1-DG,88.0,0.4971,0.7711,60.0,12000,0.228,1,0.0267,-0.0047,0,0.1437,0.1306,0.3282,0.2982,0.5081,0.4925,0.3177,0.3022,73.72,61.87,23.91,35.33,0.3333,0.3846,62.5,71.36,37.63,50.53
66,1,CA1-DG,93.0,0.5257,0.8193,65.0,12000,0.2201,1,0.0248,0.0286,0,0.2547,0.1202,0.4331,0.2782,0.5056,0.4655,0.3126,0.3219,71.83,52.92,42.73,33.43,0.6,0.125,73.93,79.7,81.17,55.74
66,1,CA1-DG,98.0,0.5543,0.8782,70.0,14000,0.2549,2,0.0527,0.0577,2,0.6113,0.12,0.8128,0.3005,0.8115,0.3956,0.3214,0.3177,52.18,64.43,88.46,43.64,0.2308,0.125,78.99,70.67,46.01,42.38
66,1,CA1-DG,103.0,0.5829,0.8685,75.0,12000,0.1988,1,0.0202,0.069,0,0.1514,0.1314,0.3305,0.2473,0.5287,0.4627,0.3418,0.2693,88.36,82.65,67.62,32.83,0.4545,0.2,85.34,78.94,50.39,53.8
66,1,CA1-DG,108.0,0.6114,0.7722,80.0,16000,0.1913,2,0.03,0.0162,0,0.1453,0.1142,0.3605,0.3205,0.4763,0.3882,0.378,0.3196,73.16,74.93,33.46,35.23,0.4545,0.2,74.07,76.88,68.61,52.07
66,1,CA1-DG,113.0,0.64,0.6958,85.0,14000,0.201,3,0.0752,0.0214,0,0.1503,0.113,0.2834,0.2635,0.3904,0.3524,0.354,0.3194,44.95,42.57,38.65,51.78,0.6,0.2857,87.52,76.32,67.03,64.8
66,1,CA1-DG,118.0,0.6686,0.7958,90.0,12000,0.2064,2,0.0396,0.0551,0,0.1418,0.1048,0.3316,0.2656,0.4216,0.3599,0.3153,0.2793,54.27,50.23,44.39,52.89,0.2308,0.5,73.82,76.81,63.9,59.83
66,1,CA1-DG,123.0,0.6971,0.8921,95.0,12000,0.221,1,0.025,-0.025,0,0.1961,0.1278,0.3493,0.2938,0.5367,0.4994,0.3399,0.3066,40.56,41.84,36.3,48.99,0.4545,0.5,79.48,72.7,74.91,32.35
66,1,CA1-DG,128.0,0.7257,0.9333,100.0,14000,0.2428,2,0.0461,0.0478,0,0.2183,0.136,0.38,0.2979,0.4735,0.3809,0.3798,0.3038,46.44,49.88,42.14,59.4,0.4545,0.3846,86.31,71.62,55.65,40.07
66,1,CA1-DG,133.0,0.7543,0.6667,105.0,12000,0.2697,2,0.0568,-0.0091,0,0.1719,0.1341,0.3386,0.275,0.4741,0.3986,0.3576,0.2811,43.94,54.04,34.21,48.52,0.2308,0.3846,77.24,71.52,72.22,42.75
66,1,CA1-DG,138.0,0.7829,0.5333,110.0,12000,0.2502,2,0.0495,0.0453,0,0.1837,0.1315,0.3313,0.2952,0.4396,0.4121,0.3647,0.3283,49.47,43.74,27.31,33.8,0.6,0.3846,89.43,70.45,78.38,52.7
66,1,CA1-DG,143.0,0.8114,0.4,115.0,14000,0.2178,2,0.036,-0.0193,0,0.2382,0.15,0.3319,0.2702,0.4662,0.373,0.346,0.3079,59.7,59.41,30.29,33.34,0.4545,0.3846,75.9,73.55,65.33,39.77
66,1,CA1-DG,148.0,0.84,0.3333,120.0,10000,0.2856,2,0.0611,0.0189,0,0.8819,0.1502,0.7753,0.3423,0.7033,0.3816,0.3497,0.3236,80.11,72.4,83.28,33.59,0.4545,0.2857,87.12,75.96,8.14,46.9
66,1,CA1-DG,153.0,0.8686,0.2,125.0,12000,0.2535,1,0.0332,0.0073,0,0.2353,0.1405,0.3599,0.3069,0.5644,0.4816,0.3608,0.3125,87.92,52.29,82.63,30.98,0.6,0.2857,63.05,59.01,38.47,37.28
66,1,CA1-DG,158.0,0.8971,0.0667,130.0,14000,0.2262,1,0.0263,0.0171,0,0.2356,0.1354,0.3024,0.2313,0.4799,0.4095,0.3688,0.3157,79.59,71.22,24.67,24.84,0.6,0.2857,89.2,82.8,83.36,33.6
66,1,CA1-DG,163.0,0.9257,0.0667,135.0,14000,0.2392,2,0.0398,0.0424,0,0.1963,0.151,0.313,0.3065,0.4611,0.4252,0.3574,0.3197,83.45,73.46,19.46,25.35,0.7778,0.2,77.14,80.41,45.91,43.48
66,1,CA1-DG,168.0,0.9543,0.0667,140.0,14000,0.2499,2,0.0547,0.0198,0,0.2322,0.1559,0.2988,0.3671,0.3827,0.4539,0.357,0.3269,40.98,47.41,31.2,25.87,0.4545,0.3846,85.13,72.76,77.27,74.16
66,1,CA1-V1,8.0,0.04,0.0873,-20.0,16000,0.1308,0,0.0,0.024,0,0.3706,0.0748,0.5298,0.2776,nan,nan,0.1794,0.1641,nan,nan,nan,nan,,,84.44,81.96,85.05,44.12
66,1,CA1-V1,13.0,0.0686,0.1809,-15.0,14000,0.1371,0,0.0,0.0227,0,0.7204,0.0689,0.9202,0.3505,nan,nan,0.2308,0.2233,77.11,44.11,77.3,52.49,0.4545,0.5,83.95,65.92,8.11,24.53
66,1,CA1-V1,18.0,0.0971,0.2378,-10.0,16000,0.0681,0,0.0,0.0102,0,0.3108,0.0628,0.4036,0.24,nan,nan,0.1712,0.1566,66.52,61.62,65.35,62.04,0.6,0.3333,89.18,66.84,89.01,25.51
66,1,CA1-V1,23.0,0.1257,0.3668,-5.0,14000,0.128,0,0.0,-0.0263,0,0.2,0.0565,0.2947,0.2818,nan,nan,0.1527,0.2047,82.76,78.96,74.7,36.87,0.4545,0.7143,78.66,79.78,57.17,44.74
66,1,CA1-V1,28.0,0.1543,0.5437,0.0,12000,0.2117,1,0.0229,0.04,0,0.6722,0.0637,0.9248,0.3551,0.9724,0.6151,0.2161,0.2356,75.65,80.2,65.48,89.46,0.6,0.3333,77.51,71.38,0.95,29.48
66,1,CA1-V1,33.0,0.1829,0.7337,5.0,12000,0.1009,0,0.0,-0.016,0,0.293,0.0645,0.3802,0.2169,nan,nan,0.1764,0.1704,57.43,59.53,43.17,57.07,0.4545,0.3333,85.05,54.08,89.38,18.19
66,1,CA1-V1,38.0,0.2114,0.7044,10.0,12000,0.0604,0,0.0,-0.0018,0,0.2695,0.0618,0.3153,0.2476,nan,nan,0.1887,0.1613,61.2,77.46,49.96,61.77,0.4545,0.2,81.3,80.73,87.84,83.02
66,1,CA1-V1,43.0,0.24,0.7428,15.0,12000,-0.0182,2,0.0355,-0.0311,-2,0.2717,0.0523,0.3245,0.151,0.4437,0.3196,0.1678,0.1782,78.11,81.6,75.46,86.71,0.6,0.5,80.06,73.31,63.98,72.26
66,1,CA1-V1,48.0,0.2686,0.8038,20.0,12000,-0.1252,5,0.0882,0.0263,0,0.1363,0.0486,0.2159,0.1096,0.2559,0.137,0.1833,0.1525,83.06,81.66,72.76,65.99,0.4545,0.2,87.02,81.08,66.96,72.76
66,1,CA1-V1,53.0,0.2971,0.9917,25.0,12000,0.0987,0,0.0,-0.0313,0,0.6612,0.0521,0.8838,0.3063,nan,nan,0.2491,0.2245,77.32,84.85,89.57,58.99,0.2308,0.3333,81.61,52.66,13.46,49.32
66,1,CA1-V1,58.0,0.3257,0.9917,30.0,12000,0.1034,0,0.0,0.0661,0,0.1866,0.0606,0.2306,0.2802,nan,nan,0.1836,0.2052,83.39,73.09,77.04,78.87,0.6,0.5,74.86,87.89,64.91,54.19
66,1,CA1-V1,63.0,0.3543,0.965,35.0,12000,-0.104,4,0.0809,-0.0198,0,0.168,0.0639,0.187,0.148,0.2204,0.2331,0.1884,0.188,76.02,78.48,61.66,43.82,0.7778,0.5,82.96,67.44,63.2,87.65
66,1,CA1-V1,68.0,0.3829,0.915,40.0,12000,0.121,0,0.0,-0.0034,0,0.2478,0.0906,0.3056,0.2566,nan,nan,0.1392,0.1823,80.53,80.85,46.31,50.34,0.3333,0.7143,69.9,85.91,87.61,87.96
66,1,CA1-V1,73.0,0.4114,0.7755,45.0,12000,0.1116,0,0.0,-0.0069,0,0.6484,0.0729,0.8582,0.2289,nan,nan,0.2118,0.1497,66.25,84.45,80.64,85.82,0.4545,0.7143,68.29,78.6,79.24,74.78
66,1,CA1-V1,78.0,0.44,0.754,50.0,12000,0.0663,0,0.0,0.0167,0,0.2088,0.0694,0.2345,0.1187,nan,nan,0.1639,0.1135,89.82,87.82,74.26,74.31,0.4545,0.7143,85.8,77.09,79.71,85.56
66,1,CA1-V1,83.0,0.4686,0.722,55.0,12000,0.1524,5,0.1137,-0.01,-2,0.2554,0.0563,0.4142,0.1992,0.3826,0.2437,0.1353,0.1649,83.69,72.61,58.91,32.83,0.3333,0.7143,86.71,64.74,39.78,70.32
66,1,CA1-V1,88.0,0.4971,0.7711,60.0,12000,0.118,0,0.0,0.0543,4,0.1627,0.0667,0.2234,0.2574,nan,nan,0.1867,0.1755,87.34,54.63,68.29,30.19,0.2308,0.7143,89.59,80.67,83.09,77.07
66,1,CA1-V1,93.0,0.5257,0.8193,65.0,12000,0.086,0,0.0,-0.0242,0,0.2426,0.0711,0.303,0.2446,nan,nan,0.1691,0.1472,76.55,76.67,41.73,27.88,0.6,0.5,88.49,80.74,87.35,72.7
66,1,CA1-V1,98.0,0.5543,0.8782,70.0,14000,0.2689,9,0.1907,-0.0124,0,0.6236,0.037,0.734,0.1386,0.6955,0.1366,0.1594,0.1465,89.65,82.2,86.45,89.23,0.2308,0.2,73.87,86.85,3.54,64.21
66,1,CA1-V1,103.0,0.5829,0.8685,75.0,12000,0.0161,0,0.0,0.0087,4,0.1461,0.0653,0.1883,0.1235,nan,nan,0.1393,0.1038,89.33,82.97,84.52,75.24,0.4545,0.5,88.63,88.5,88.7,76.75
66,1,CA1-V1,108.0,0.6114,0.7722,80.0,16000,0.0361,0,0.0,0.0082,0,0.1725,0.1011,0.2231,0.155,nan,nan,0.125,0.1427,83.04,74.55,63.93,71.79,0.6,0.2,86.63,86.36,86.74,71.7
66,1,CA1-V1,113.0,0.64,0.6958,85.0,14000,0.0602,0,0.0,-0.0118,-3,0.1671,0.05,0.2064,0.1195,nan,nan,0.1255,0.1394,84.66,77.97,78.8,81.31,0.4545,0.2,81.7,86.35,65.73,77.45
66,1,CA1-V1,118.0,0.6686,0.7958,90.0,12000,0.0112,0,0.0,0.0033,2,0.1505,0.0576,0.1915,0.1329,nan,nan,0.1365,0.1161,75.56,88.09,82.46,78.16,0.2308,0.5,79.34,87.03,77.82,82.01
66,1,CA1-V1,123.0,0.6971,0.8921,95.0,12000,0.0309,0,0.0,0.0033,1,0.2031,0.0463,0.2155,0.1664,nan,nan,0.1421,0.1501,89.49,80.38,88.09,80.32,0.2308,0.5,83.06,76.72,79.47,49.32
66,1,CA1-V1,128.0,0.7257,0.9333,100.0,14000,0.0632,0,0.0,-0.0009,0,0.1933,0.0584,0.1897,0.2122,nan,nan,0.1836,0.1619,80.17,83.18,63.13,46.98,0.2308,0.3333,89.0,75.09,78.63,60.93
66,1,CA1-V1,133.0,0.7543,0.6667,105.0,12000,0.0453,0,0.0,0.0143,0,0.1716,0.0484,0.1734,0.116,nan,nan,0.1473,0.0936,77.83,88.16,87.86,66.77,0.1429,0.7143,82.55,84.41,88.22,83.72
66,1,CA1-V1,138.0,0.7829,0.5333,110.0,12000,-0.1781,7,0.1403,0.0071,0,0.1856,0.0626,0.2344,0.1581,0.2368,0.1467,0.1702,0.1576,85.26,85.06,87.28,89.94,0.4545,0.3333,89.66,86.04,89.13,66.7
66,1,CA1-V1,143.0,0.8114,0.4,115.0,14000,-0.1514,5,0.0691,0.0026,0,0.2491,0.0759,0.251,0.1338,0.2654,0.1519,0.1304,0.1229,77.09,79.68,66.27,74.89,0.3333,0.5,88.86,82.4,82.17,55.89
66,1,CA1-V1,148.0,0.84,0.3333,120.0,10000,-0.0519,0,0.0,-0.0123,-5,0.877,0.0732,0.9384,0.2414,nan,nan,0.1518,0.132,89.69,83.27,80.39,45.37,0.3333,0.3333,82.37,88.73,22.16,88.6
66,1,CA1-V1,153.0,0.8686,0.2,125.0,12000,0.1699,5,0.0762,0.0465,0,0.2294,0.068,0.2939,0.1532,0.3225,0.2029,0.1659,0.1586,84.82,83.57,83.95,54.62,0.6,0.7143,76.02,83.63,86.04,79.49
66,1,CA1-V1,158.0,0.8971,0.0667,130.0,14000,-0.1071,2,0.0236,0.0382,5,0.2279,0.0785,0.2212,0.183,0.295,0.2898,0.1456,0.1111,80.9,79.67,53.83,38.15,0.6,0.5,88.07,89.8,88.25,74.46
66,1,CA1-V1,163.0,0.9257,0.0667,135.0,14000,0.0459,8,0.1397,-0.0121,0,0.1675,0.0732,0.1846,0.1044,0.1834,0.1205,0.156,0.1779,79.35,67.69,67.54,46.47,0.7778,0.3333,78.99,58.88,60.45,54.75
66,1,CA1-V1,168.0,0.9543,0.0667,140.0,14000,0.1334,1,0.009,-0.0238,0,0.2468,0.0831,0.5674,0.4442,0.6934,0.6302,0.1538,0.1552,68.1,56.79,87.06,88.06,0.4545,0.3333,83.08,77.34,85.68,66.29
66,1,CA1-SUB,8.0,0.04,0.0873,-20.0,16000,0.1812,2,0.0221,-0.0387,0,0.3791,0.0559,0.5772,0.4045,0.6038,0.4717,0.2209,0.2212,nan,nan,nan,nan,,,77.26,63.09,89.18,42.07
66,1,CA1-SUB,13.0,0.0686,0.1809,-15.0,14000,0.1468,1,0.0109,-0.072,0,0.7549,0.0754,0.9043,0.3242,0.9697,0.676,0.3019,0.2145,84.08,41.54,84.87,28.21,0.3333,0.6,82.93,80.12,4.34,15.19
66,1,CA1-SUB,18.0,0.0971,0.2378,-10.0,16000,0.1394,1,0.0098,-0.117,0,0.3031,0.0494,0.3606,0.2665,0.5789,0.5053,0.2461,0.201,78.4,82.9,85.49,88.53,0.4545,0.6,87.09,84.45,89.01,40.15
66,1,CA1-SUB,23.0,0.1257,0.3668,-5.0,14000,0.1543,1,0.012,-0.0556,0,0.204,0.0456,0.2669,0.2658,0.5776,0.5995,0.2321,0.1892,81.31,55.42,66.53,29.17,0.4545,0.6,89.56,64.9,32.8,26.03
66,1,CA1-SUB,28.0,0.1543,0.5437,0.0,12000,0.1493,2,0.0195,-0.0499,0,0.712,0.0375,0.8349,0.2713,0.8991,0.4661,0.2399,0.2298,83.82,59.65,80.54,28.69,0.4545,1.0,82.2,86.42,12.02,45.28
66,1,CA1-SUB,33.0,0.1829,0.7337,5.0,12000,0.1069,0,0.0,0.0065,0,0.3007,0.0423,0.37,0.2191,nan,nan,0.2268,0.2122,77.05,78.3,57.41,19.41,0.4545,0.6,88.58,83.77,84.36,28.89
66,1,CA1-SUB,38.0,0.2114,0.7044,10.0,12000,0.1248,1,0.0078,-0.0763,0,0.2651,0.0462,0.3272,0.2544,0.553,0.5388,0.2352,0.2092,61.46,56.75,41.14,22.95,0.2308,0.6,56.69,80.16,63.57,38.93
66,1,CA1-SUB,43.0,0.24,0.7428,15.0,12000,-0.0786,1,0.0194,-0.1112,-3,0.2354,0.0516,0.3286,0.2627,0.5259,0.4838,0.2276,0.1929,60.2,43.83,41.22,27.38,0.6,0.6,76.55,86.54,73.98,35.94
66,1,CA1-SUB,48.0,0.2686,0.8038,20.0,12000,-0.1083,6,0.0684,-0.093,0,0.1487,0.0405,0.1889,0.1141,0.1862,0.1032,0.1885,0.1726,84.7,80.88,53.13,43.07,0.4545,0.6,89.63,88.27,86.89,75.58
66,1,CA1-SUB,53.0,0.2971,0.9917,25.0,12000,0.1468,1,0.0109,-0.0732,0,0.6861,0.0431,0.7912,0.2435,0.8909,0.5172,0.2865,0.2112,75.44,89.45,88.4,71.0,0.4545,0.6,72.85,50.14,77.31,51.56
66,1,CA1-SUB,58.0,0.3257,0.9917,30.0,12000,0.1712,2,0.0274,-0.0414,0,0.1762,0.0266,0.2945,0.2998,0.4118,0.4594,0.2889,0.2311,66.44,31.52,79.06,61.08,0.6,0.6,87.43,73.69,45.02,23.21
66,1,CA1-SUB,63.0,0.3543,0.965,35.0,12000,0.1938,5,0.114,-0.097,0,0.1811,0.0489,0.193,0.1885,0.215,0.2316,0.2344,0.1852,83.36,71.01,68.6,59.78,0.4545,1.0,72.16,59.35,57.29,47.1
66,1,CA1-SUB,68.0,0.3829,0.915,40.0,12000,0.1168,0,0.0,-0.0589,0,0.2457,0.04,0.2496,0.1793,nan,nan,0.2003,0.1537,46.42,40.19,48.28,23.81,0.3333,0.6,58.78,39.66,68.14,57.31
66,1,CA1-SUB,73.0,0.4114,0.7755,45.0,12000,0.1154,0,0.0,-0.0592,0,0.6452,0.0317,0.7391,0.2448,nan,nan,0.2261,0.2022,71.25,31.82,84.79,30.07,0.6,0.6,68.44,69.14,7.89,41.67
66,1,CA1-SUB,78.0,0.44,0.754,50.0,12000,0.1044,0,0.0,-0.0528,0,0.1603,0.017,0.2106,0.2633,nan,nan,0.1752,0.1867,74.85,77.94,78.32,33.0,0.4545,0.6,80.69,76.25,75.59,38.06
66,1,CA1-SUB,83.0,0.4686,0.722,55.0,12000,-0.2296,3,0.1483,-0.0997,-3,0.228,0.0305,0.3994,0.2226,0.3751,0.1847,0.1712,0.152,64.09,61.31,83.91,83.51,0.3333,0.6,88.65,69.61,62.86,83.98
66,1,CA1-SUB,88.0,0.4971,0.7711,60.0,12000,0.0836,0,0.0,-0.0731,0,0.1578,0.0255,0.177,0.1922,nan,nan,0.2094,0.1673,74.17,48.99,62.59,56.16,0.3333,0.3333,86.04,56.66,85.12,60.44
66,1,CA1-SUB,93.0,0.5257,0.8193,65.0,12000,0.0699,0,0.0,-0.1057,-1,0.2468,0.0429,0.3118,0.1895,nan,nan,0.2039,0.1636,72.09,53.65,73.29,55.23,0.3333,0.3333,72.34,81.67,84.47,59.32
66,1,CA1-SUB,98.0,0.5543,0.8782,70.0,14000,-0.12,3,0.0576,-0.0797,0,0.65,0.037,0.5629,0.1488,0.4535,0.1509,0.1977,0.1962,61.35,62.49,82.83,21.64,0.2308,0.6,74.35,73.37,15.87,59.28
66,1,CA1-SUB,103.0,0.5829,0.8685,75.0,12000,0.0702,0,0.0,-0.055,1,0.1749,0.0334,0.181,0.1732,nan,nan,0.1651,0.1345,89.65,56.91,89.93,89.56,0.2308,0.3333,84.24,85.9,75.89,76.33
66,1,CA1-SUB,108.0,0.6114,0.7722,80.0,16000,0.0696,0,0.0,-0.0082,0,0.134,0.0398,0.2042,0.1919,nan,nan,0.1843,0.1738,62.39,57.57,89.78,82.86,0.4545,0.3333,87.25,88.76,78.04,43.9
66,1,CA1-SUB,113.0,0.64,0.6958,85.0,14000,0.1418,1,0.0102,-0.1183,0,0.1945,0.0609,0.2478,0.2022,0.4314,0.4842,0.2037,0.1767,77.55,64.24,45.95,29.47,0.3333,0.1429,88.17,86.87,54.96,27.34
66,1,CA1-SUB,118.0,0.6686,0.7958,90.0,12000,0.1164,1,0.0068,-0.0778,0,0.1761,0.0687,0.2699,0.1937,0.471,0.3719,0.2287,0.1901,66.11,89.86,42.16,25.38,0.2308,0.6,86.1,61.04,71.11,55.35
66,1,CA1-SUB,123.0,0.6971,0.8921,95.0,12000,0.102,0,0.0,-0.0619,0,0.1853,0.053,0.3483,0.2885,nan,nan,0.2128,0.1869,72.04,65.5,38.78,24.49,0.3333,0.3333,81.42,67.97,57.98,58.32
66,1,CA1-SUB,128.0,0.7257,0.9333,100.0,14000,0.0671,1,0.0052,-0.0564,0,0.1853,0.11,0.2666,0.3438,0.5112,0.5863,0.1967,0.2258,74.03,73.65,68.99,49.76,0.6,0.6,83.96,89.07,78.27,70.47
66,1,CA1-SUB,133.0,0.7543,0.6667,105.0,12000,0.1013,0,0.0,-0.063,0,0.1921,0.063,0.2674,0.1812,nan,nan,0.2259,0.1869,88.94,87.6,73.88,66.64,0.4545,0.6,87.59,85.32,82.86,36.18
66,1,CA1-SUB,138.0,0.7829,0.5333,110.0,12000,-0.0008,5,0.113,-0.0592,0,0.1982,0.0568,0.282,0.1224,0.2956,0.1434,0.1965,0.1525,89.28,86.43,69.56,58.61,0.3333,0.6,81.65,44.29,88.63,84.42
66,1,CA1-SUB,143.0,0.8114,0.4,115.0,14000,0.2198,6,0.1185,-0.0523,0,0.1924,0.042,0.2506,0.1406,0.2537,0.1321,0.1986,0.1741,87.69,66.89,67.02,53.49,0.3333,0.6,77.51,70.75,79.74,76.11
66,1,CA1-SUB,148.0,0.84,0.3333,120.0,10000,0.0891,1,0.0131,-0.0254,0,0.8146,0.0466,0.8291,0.1911,0.8869,0.523,0.1934,0.1894,85.65,55.53,81.56,33.82,0.3333,1.0,68.25,58.4,5.43,59.0
66,1,CA1-SUB,153.0,0.8686,0.2,125.0,12000,-0.0533,2,0.0175,-0.0002,0,0.22,0.0722,0.215,0.1705,0.2522,0.3106,0.196,0.1625,63.26,67.31,89.49,37.91,0.3333,1.0,85.49,68.22,68.84,54.1
66,1,CA1-SUB,158.0,0.8971,0.0667,130.0,14000,0.085,3,0.0411,-0.0794,-2,0.2195,0.0511,0.2693,0.1543,0.3246,0.2461,0.1996,0.1764,73.82,59.15,45.66,39.33,0.3333,0.6,87.38,85.64,89.91,78.42
66,1,CA1-SUB,163.0,0.9257,0.0667,135.0,14000,-0.0718,6,0.1114,-0.1231,0,0.1817,0.0392,0.1876,0.1973,0.1873,0.1872,0.2009,0.2013,82.37,81.94,40.04,24.35,0.4545,0.3333,85.74,62.39,61.4,39.87
66,1,CA1-SUB,168.0,0.9543,0.0667,140.0,14000,0.0698,0,0.0,0.031,0,0.2226,0.0498,0.2713,0.178,nan,nan,0.1655,0.1111,83.49,68.15,85.94,88.45,0.4545,0.6,87.34,71.85,86.02,56.72
66,1,RSC-SUB,8.0,0.04,0.0873,-20.0,16000,0.0808,1,0.0033,-0.0325,0,0.2961,0.0565,0.4147,0.2818,0.5584,0.5102,0.1579,0.1923,nan,nan,nan,nan,,,79.04,87.96,63.61,85.44
66,1,RSC-SUB,13.0,0.0686,0.1809,-15.0,14000,0.112,2,0.0124,0.0581,3,0.195,0.0759,0.2144,0.1515,0.32,0.3179,0.1188,0.1235,75.23,83.82,61.59,40.15,0.4286,0.6,87.19,82.87,72.24,79.83
66,1,RSC-SUB,18.0,0.0971,0.2378,-10.0,16000,0.0237,0,0.0,0.0172,3,0.1539,0.0497,0.2038,0.2093,nan,nan,0.1428,0.0904,76.41,78.39,55.09,51.92,0.4286,0.6,77.41,67.22,63.39,75.48
66,1,RSC-SUB,23.0,0.1257,0.3668,-5.0,14000,0.0259,0,0.0,0.0476,3,0.1272,0.0463,0.1988,0.1359,nan,nan,0.1315,0.1255,87.6,79.73,74.1,66.25,0.4286,0.6,86.22,87.85,80.55,82.35
66,1,RSC-SUB,28.0,0.1543,0.5437,0.0,12000,0.0467,0,0.0,0.021,-1,0.1216,0.0372,0.2615,0.2135,nan,nan,0.1555,0.1361,72.63,86.29,55.04,56.75,0.6667,1.0,84.9,88.68,59.24,55.46
66,1,RSC-SUB,33.0,0.1829,0.7337,5.0,12000,0.0392,3,0.0231,0.1686,2,0.2036,0.0422,0.3441,0.1431,0.3821,0.1894,0.1267,0.1146,85.43,69.55,69.68,79.35,0.4286,0.6,72.97,80.64,85.27,84.28
66,1,RSC-SUB,38.0,0.2114,0.7044,10.0,12000,0.0024,1,0.0096,0.0526,1,0.1382,0.0468,0.303,0.2925,0.5226,0.4271,0.1443,0.1669,86.33,78.64,57.43,66.71,0.6667,0.6,77.28,87.89,80.31,55.47
66,1,RSC-SUB,43.0,0.24,0.7428,15.0,12000,0.0337,1,0.0181,0.0583,3,0.134,0.0515,0.2425,0.1995,0.362,0.2636,0.1752,0.1528,87.26,72.2,79.14,84.75,0.6667,0.6,86.13,87.52,55.07,76.8
66,1,RSC-SUB,48.0,0.2686,0.8038,20.0,12000,-0.0973,3,0.0506,0.0167,2,0.1244,0.0406,0.2457,0.2424,0.2735,0.3107,0.116,0.0799,77.59,77.85,42.1,46.99,0.25,0.6,86.11,68.85,73.53,70.4
66,1,RSC-SUB,53.0,0.2971,0.9917,25.0,12000,0.0258,0,0.0,0.0551,3,0.1099,0.0436,0.1401,0.1016,nan,nan,0.1364,0.0934,83.14,89.83,71.95,62.78,0.25,0.6,78.42,80.31,81.78,77.74
66,1,RSC-SUB,58.0,0.3257,0.9917,30.0,12000,0.0278,0,0.0,-0.0189,5,0.1431,0.0271,0.2138,0.1832,nan,nan,0.1519,0.1169,80.03,72.65,76.09,74.71,0.25,0.6,81.49,82.56,66.38,89.75
66,1,RSC-SUB,63.0,0.3543,0.965,35.0,12000,-0.1077,4,0.0367,-0.0116,-3,0.1007,0.0491,0.2045,0.2194,0.2048,0.1941,0.1621,0.1317,59.05,64.58,86.13,68.74,0.1111,1.0,80.21,85.68,89.3,89.34
66,1,RSC-SUB,68.0,0.3829,0.915,40.0,12000,0.047,0,0.0,0.0174,3,0.1504,0.0403,0.2187,0.1836,nan,nan,0.1653,0.1371,89.74,88.27,52.12,66.78,0.25,0.6,74.82,85.19,83.61,72.81
66,1,RSC-SUB,73.0,0.4114,0.7755,45.0,12000,0.0597,1,0.0053,-0.0318,0,0.214,0.0321,0.2319,0.1735,0.5017,0.4648,0.1332,0.0922,76.43,86.1,86.38,87.81,0.6667,0.6,85.82,84.56,84.28,57.18
66,1,RSC-SUB,78.0,0.44,0.754,50.0,12000,0.0241,0,0.0,0.0339,3,0.1214,0.0171,0.2273,0.138,nan,nan,0.1246,0.1272,80.33,78.23,75.71,53.92,0.25,0.6,73.51,77.92,85.34,83.12
66,1,RSC-SUB,83.0,0.4686,0.722,55.0,12000,0.1875,4,0.0762,0.0373,0,0.1378,0.0304,0.2462,0.2588,0.2384,0.2231,0.1557,0.1316,89.31,85.67,51.49,34.5,0.25,0.6,81.7,78.22,53.67,59.53
66,1,RSC-SUB,88.0,0.4971,0.7711,60.0,12000,0.0299,0,0.0,0.035,4,0.12,0.0259,0.1758,0.1375,nan,nan,0.1578,0.1313,81.64,82.6,56.24,53.67,0.4286,0.3333,89.59,74.69,80.66,80.8
66,1,RSC-SUB,93.0,0.5257,0.8193,65.0,12000,-0.0169,0,0.0,-0.0182,-3,0.1367,0.0432,0.1979,0.2355,nan,nan,0.174,0.1258,72.7,85.13,61.86,69.82,0.4286,0.3333,88.08,85.19,86.73,88.19
66,1,RSC-SUB,98.0,0.5543,0.8782,70.0,14000,0.0326,1,0.0045,0.0446,0,0.1926,0.0374,0.2192,0.1771,0.4279,0.4679,0.1487,0.1327,89.28,74.89,71.15,52.5,0.4286,0.6,78.96,83.96,53.77,58.34
66,1,RSC-SUB,103.0,0.5829,0.8685,75.0,12000,0.0308,2,0.0183,0.0136,1,0.1104,0.0339,0.1779,0.175,0.2853,0.2514,0.1224,0.1151,88.27,66.75,38.67,45.98,0.4286,0.3333,88.45,86.95,75.77,79.93
66,1,RSC-SUB,108.0,0.6114,0.7722,80.0,16000,0.2383,4,0.0682,0.0142,0,0.1762,0.0398,0.3525,0.1811,0.3529,0.1712,0.1479,0.0962,77.19,73.56,80.06,85.45,0.4286,0.3333,88.01,86.41,79.33,73.15
66,1,RSC-SUB,113.0,0.64,0.6958,85.0,14000,-0.0144,7,0.1036,-0.0116,-5,0.3669,0.0607,0.4134,0.1406,0.4213,0.1428,0.1137,0.1439,87.89,80.04,84.9,68.32,0.4286,0.1429,70.55,85.14,63.09,77.04
66,1,RSC-SUB,118.0,0.6686,0.7958,90.0,12000,0.0257,0,0.0,-0.0411,-3,0.1922,0.068,0.2513,0.2208,nan,nan,0.1693,0.1262,83.27,86.17,82.47,53.97,0.6667,0.6,89.96,82.85,78.45,64.19
66,1,RSC-SUB,123.0,0.6971,0.8921,95.0,12000,0.0908,4,0.0295,0.0418,3,0.2245,0.0529,0.3132,0.1255,0.3857,0.1755,0.1666,0.1412,86.39,88.89,65.48,83.37,0.4286,0.3333,74.62,72.08,66.03,74.4
66,1,RSC-SUB,128.0,0.7257,0.9333,100.0,14000,0.1459,6,0.0605,0.0617,3,0.1597,0.1092,0.231,0.229,0.2161,0.2187,0.1741,0.1429,72.74,68.65,57.6,69.48,0.25,0.6,82.69,78.84,80.27,79.17
66,1,RSC-SUB,133.0,0.7543,0.6667,105.0,12000,0.0511,0,0.0,0.007,0,0.1567,0.0627,0.2072,0.1461,nan,nan,0.1646,0.1143,85.09,84.17,87.39,79.07,0.4286,0.6,76.89,84.53,78.24,45.28
66,1,RSC-SUB,138.0,0.7829,0.5333,110.0,12000,-0.1609,5,0.0562,0.0298,0,0.1529,0.0565,0.242,0.1834,0.2144,0.1557,0.1193,0.1361,72.66,66.61,82.93,82.96,0.6667,0.3333,87.8,85.65,86.01,80.03
66,1,RSC-SUB,143.0,0.8114,0.4,115.0,14000,-0.0746,2,0.0232,-0.021,0,0.2398,0.0417,0.2958,0.2713,0.32,0.3561,0.1699,0.1537,77.67,75.68,69.48,49.5,1.0,0.6,77.85,87.44,85.11,49.19
66,1,RSC-SUB,148.0,0.84,0.3333,120.0,10000,0.1602,4,0.0557,-0.0014,1,0.8367,0.0464,0.8956,0.1511,0.9009,0.1608,0.136,0.1595,81.24,72.3,72.25,66.4,0.6667,0.6,89.53,78.45,29.98,80.29
66,1,RSC-SUB,153.0,0.8686,0.2,125.0,12000,-0.0987,8,0.0674,0.0,3,0.1631,0.0719,0.1909,0.1615,0.1761,0.1359,0.153,0.1332,64.41,88.98,58.44,66.07,1.0,0.6,88.07,88.87,73.86,83.86
66,1,RSC-SUB,158.0,0.8971,0.0667,130.0,14000,0.0673,5,0.0711,0.0025,0,0.3699,0.0507,0.3944,0.164,0.332,0.1901,0.1744,0.0841,84.48,85.07,64.98,81.36,0.6667,0.6,89.5,87.69,62.85,78.15
66,1,RSC-SUB,163.0,0.9257,0.0667,135.0,14000,0.2465,7,0.2222,-0.006,2,0.3089,0.0392,0.3432,0.1132,0.3583,0.1001,0.1678,0.1465,62.32,57.21,19.86,67.66,0.6667,0.3333,84.17,74.15,62.89,80.48
66,1,RSC-SUB,168.0,0.9543,0.0667,140.0,14000,0.0234,0,0.0,-0.001,0,0.2792,0.0497,0.3433,0.2097,nan,nan,0.192,0.1244,87.4,62.86,74.23,69.73,0.6667,1.0,79.85,74.25,72.23,74.88
66,1,V1-RSC,8.0,0.04,0.0873,-20.0,16000,0.1289,1,0.0084,0.0448,3,0.0776,0.2821,0.1744,0.3111,0.4205,0.506,0.2017,0.2099,nan,nan,nan,nan,,,63.47,88.85,49.86,42.41
66,1,V1-RSC,13.0,0.0686,0.1809,-15.0,14000,-0.0333,0,0.0,0.0628,2,0.0736,0.1981,0.2563,0.311,nan,nan,0.2025,0.1511,48.03,68.74,83.77,50.78,0.5,0.4286,88.47,89.07,86.54,89.58
66,1,V1-RSC,18.0,0.0971,0.2378,-10.0,16000,0.09,1,0.0066,0.0285,1,0.0592,0.1093,0.1891,0.2173,0.4666,0.5902,0.2164,0.2002,71.78,53.01,60.19,35.53,0.3333,0.6667,89.87,77.35,73.61,38.84
66,1,V1-RSC,23.0,0.1257,0.3668,-5.0,14000,0.1505,1,0.0115,0.0258,0,0.0722,0.1129,0.2381,0.2047,0.4124,0.345,0.2291,0.1427,56.49,48.25,37.9,37.42,0.5,0.4286,58.3,69.51,49.26,32.34
66,1,V1-RSC,28.0,0.1543,0.5437,0.0,12000,0.0918,0,0.0,0.0167,5,0.0704,0.1182,0.3037,0.2547,nan,nan,0.2258,0.1801,55.1,57.64,86.18,79.61,0.0909,0.4286,75.63,65.74,68.79,76.66
66,1,V1-RSC,33.0,0.1829,0.7337,5.0,12000,-0.0647,3,0.0414,-0.0371,0,0.0843,0.1646,0.1325,0.2628,0.2045,0.3073,0.2253,0.1581,66.54,71.69,71.64,77.12,0.2,0.4286,76.62,72.31,65.08,48.49
66,1,V1-RSC,38.0,0.2114,0.7044,10.0,12000,0.1116,0,0.0,-0.0536,-4,0.0837,0.1176,0.1974,0.1814,nan,nan,0.1984,0.1583,56.66,43.91,39.84,22.78,0.0909,1.0,62.01,84.84,59.36,50.12
66,1,V1-RSC,43.0,0.24,0.7428,15.0,12000,0.1398,3,0.0285,0.0029,0,0.0684,0.0972,0.1948,0.2307,0.2541,0.3185,0.2075,0.1811,65.2,64.55,42.38,44.54,0.3333,0.25,87.75,86.3,63.81,75.24
66,1,V1-RSC,48.0,0.2686,0.8038,20.0,12000,-0.099,5,0.0986,0.0184,-3,0.0459,0.1237,0.1099,0.1773,0.1323,0.1892,0.1892,0.1746,55.49,55.67,70.33,73.76,0.3333,0.6667,79.22,83.77,72.29,69.57
66,1,V1-RSC,53.0,0.2971,0.9917,25.0,12000,0.075,1,0.0098,0.0193,0,0.0689,0.0935,0.1817,0.2322,0.4043,0.5291,0.1858,0.2274,79.85,60.9,83.35,88.75,0.2,0.6667,65.68,64.94,38.09,33.99
66,1,V1-RSC,58.0,0.3257,0.9917,30.0,12000,0.1037,0,0.0,0.0345,0,0.0617,0.1269,0.2424,0.2538,nan,nan,0.2061,0.1918,57.62,44.2,84.11,89.3,0.5,0.4286,65.99,65.64,68.42,61.36
66,1,V1-RSC,63.0,0.3543,0.965,35.0,12000,0.1939,6,0.1012,0.0061,0,0.086,0.1166,0.1688,0.1806,0.1973,0.1751,0.1482,0.1349,60.98,71.65,31.21,22.52,0.5,0.6667,78.5,87.59,44.57,41.43
66,1,V1-RSC,68.0,0.3829,0.915,40.0,12000,0.1032,0,0.0,0.0224,0,0.1087,0.1524,0.1477,0.1769,nan,nan,0.1405,0.1513,61.5,59.13,59.37,49.75,0.7143,0.6667,60.38,54.02,74.9,89.78
66,1,V1-RSC,73.0,0.4114,0.7755,45.0,12000,0.0944,1,0.0122,0.0209,0,0.0869,0.202,0.26,0.2914,0.4631,0.4291,0.1839,0.2093,52.93,40.13,50.13,56.34,1.0,0.6667,65.53,66.0,56.56,61.5
66,1,V1-RSC,78.0,0.44,0.754,50.0,12000,0.0685,0,0.0,0.052,2,0.0848,0.1219,0.2017,0.2062,nan,nan,0.1521,0.1773,68.19,65.89,46.2,52.34,0.7143,0.6667,71.78,87.85,76.97,76.19
66,1,V1-RSC,83.0,0.4686,0.722,55.0,12000,0.3849,8,0.2012,0.0221,0,0.1055,0.1006,0.1746,0.2233,0.1311,0.157,0.1742,0.1758,88.68,76.59,51.33,55.26,0.5,0.6667,85.47,86.32,87.66,71.26
66,1,V1-RSC,88.0,0.4971,0.7711,60.0,12000,0.0575,0,0.0,0.0354,0,0.0819,0.1163,0.1735,0.2239,nan,nan,0.1638,0.1526,86.74,86.88,50.18,56.95,0.5,0.25,80.91,64.92,52.25,67.13
66,1,V1-RSC,93.0,0.5257,0.8193,65.0,12000,-0.0007,0,0.0,-0.0192,-4,0.095,0.1747,0.2069,0.2452,nan,nan,0.1713,0.1502,59.81,77.64,49.01,40.52,0.7143,0.4286,85.92,77.13,64.26,81.6
66,1,V1-RSC,98.0,0.5543,0.8782,70.0,14000,0.2592,3,0.0513,0.022,0,0.0691,0.1534,0.2209,0.2431,0.3011,0.2922,0.1888,0.1959,78.78,80.26,48.11,54.19,0.2,0.4286,69.86,83.21,46.6,46.31
66,1,V1-RSC,103.0,0.5829,0.8685,75.0,12000,-0.0646,4,0.065,-0.0359,-2,0.0982,0.1079,0.1755,0.2511,0.186,0.2619,0.1408,0.1427,74.68,74.24,50.14,52.73,0.2,0.25,66.11,80.77,72.03,69.89
66,1,V1-RSC,108.0,0.6114,0.7722,80.0,16000,0.245,6,0.0844,-0.0318,-1,0.1087,0.197,0.2673,0.2479,0.2136,0.2435,0.2068,0.2424,60.23,79.01,56.44,61.73,0.3333,0.6667,73.56,88.6,58.76,63.11
66,1,V1-RSC,113.0,0.64,0.6958,85.0,14000,-0.1406,6,0.0712,-0.0396,-5,0.0681,0.3547,0.1547,0.4055,0.1606,0.3946,0.1983,0.2436,85.2,83.43,59.68,52.63,0.3333,0.25,60.28,87.97,51.62,84.77
66,1,V1-RSC,118.0,0.6686,0.7958,90.0,12000,0.0842,0,0.0,-0.0056,0,0.0795,0.2215,0.1932,0.2466,nan,nan,0.1737,0.1892,51.4,65.59,85.64,78.99,0.5,0.4286,78.54,88.54,55.23,74.73
66,1,V1-RSC,123.0,0.6971,0.8921,95.0,12000,-0.0464,2,0.0233,0.0233,0,0.0653,0.2359,0.198,0.3089,0.3049,0.3018,0.2181,0.2392,55.15,72.54,63.97,66.73,0.3333,0.6667,62.35,79.31,39.85,37.47
66,1,V1-RSC,128.0,0.7257,0.9333,100.0,14000,0.1382,4,0.0699,0.0304,0,0.0619,0.1481,0.1872,0.2171,0.2067,0.2506,0.1953,0.1963,73.62,63.66,61.39,57.48,0.3333,0.4286,75.63,72.65,71.86,71.54
66,1,V1-RSC,133.0,0.7543,0.6667,105.0,12000,0.1334,1,0.009,0.0013,0,0.0539,0.1607,0.2584,0.2575,0.5652,0.5203,0.1813,0.2025,67.69,64.89,56.02,53.16,0.3333,0.25,71.22,85.64,46.42,55.48
66,1,V1-RSC,138.0,0.7829,0.5333,110.0,12000,0.0318,4,0.0808,0.0251,0,0.0879,0.1519,0.255,0.2221,0.2692,0.2312,0.1582,0.1916,43.78,60.69,46.05,54.95,0.3333,0.6667,71.28,78.49,73.75,49.73
66,1,V1-RSC,143.0,0.8114,0.4,115.0,14000,0.1456,4,0.0467,0.0113,1,0.088,0.244,0.1838,0.2183,0.2401,0.2848,0.2028,0.2747,48.38,55.97,24.4,27.17,0.5,1.0,77.28,64.66,37.93,36.22
66,1,V1-RSC,148.0,0.84,0.3333,120.0,10000,0.2734,8,0.1583,0.0126,0,0.0896,0.8218,0.1681,0.8697,0.1512,0.8599,0.1794,0.233,77.0,70.84,38.52,83.49,0.3333,0.6667,87.22,80.91,37.8,7.64
66,1,V1-RSC,153.0,0.8686,0.2,125.0,12000,0.1869,5,0.0565,-0.0401,0,0.0898,0.1723,0.1649,0.3056,0.1531,0.3275,0.1595,0.1936,80.84,74.51,36.11,73.9,0.5,1.0,75.56,87.21,42.96,65.98
66,1,V1-RSC,158.0,0.8971,0.0667,130.0,14000,-0.2064,4,0.1276,0.0255,0,0.0883,0.3392,0.2366,0.5608,0.2601,0.5364,0.1835,0.209,72.87,70.39,33.15,27.74,0.7143,0.6667,46.13,75.03,85.48,83.45
66,1,V1-RSC,163.0,0.9257,0.0667,135.0,14000,-0.2774,6,0.1855,0.021,0,0.0857,0.2861,0.2123,0.2456,0.1759,0.2507,0.1647,0.2231,49.4,65.23,35.9,77.7,0.5,0.6667,74.72,79.86,88.3,77.29
66,1,V1-RSC,168.0,0.9543,0.0667,140.0,14000,0.1356,1,0.0093,-0.001,0,0.1094,0.2416,0.3269,0.3784,0.5405,0.4865,0.2031,0.1722,69.78,74.5,39.37,88.47,0.5,0.4286,86.5,68.74,58.17,84.28
68,1,CA1-RSC,8.0,0.028,0.0849,-34.0,14000,0.0672,0,0.0,0.105,1,0.3626,0.0888,0.3139,0.218,nan,nan,0.1586,0.1499,nan,nan,nan,nan,,,85.26,65.86,72.89,63.97
68,1,CA1-RSC,13.0,0.048,0.082,-29.0,12000,0.0909,0,0.0,0.0242,0,0.1749,0.1287,0.2397,0.2176,nan,nan,0.1638,0.1811,87.55,77.77,65.43,60.6,0.6667,0.5,77.32,88.22,51.15,56.53
68,1,CA1-RSC,18.0,0.068,0.0907,-24.0,14000,0.0427,0,0.0,0.0372,0,0.1677,0.1374,0.2389,0.2372,nan,nan,0.154,0.2095,89.05,80.67,69.23,58.06,0.6667,0.3333,78.53,89.09,82.34,83.59
68,1,CA1-RSC,23.0,0.088,0.1449,-19.0,12000,0.047,0,0.0,0.0067,-1,0.1369,0.1127,0.1698,0.2259,nan,nan,0.1455,0.1436,72.86,86.63,72.7,65.5,0.6667,0.5,62.68,72.48,83.1,79.79
68,1,CA1-RSC,28.0,0.108,0.2127,-14.0,14000,0.0662,0,0.0,0.0472,3,0.1274,0.0893,0.1919,0.1987,nan,nan,0.1629,0.1425,60.77,59.77,57.34,58.7,1.0,0.5,77.15,66.15,49.37,81.06
68,1,CA1-RSC,33.0,0.128,0.3598,-9.0,14000,0.0872,0,0.0,0.0845,5,0.1397,0.0766,0.257,0.2248,nan,nan,0.1599,0.1711,82.73,60.53,33.76,36.75,0.4286,0.3333,86.24,61.82,56.58,55.19
68,1,CA1-RSC,38.0,0.148,0.4977,-4.0,14000,0.1026,1,0.0053,0.0768,5,0.1426,0.0825,0.2858,0.268,0.5159,0.5062,0.1626,0.1853,73.6,86.76,26.63,37.11,0.6667,0.5,88.26,85.41,48.78,53.53
68,1,CA1-RSC,43.0,0.168,0.6618,1.0,12000,0.1221,1,0.0075,0.0844,4,0.0807,0.0963,0.2918,0.3306,0.5706,0.5242,0.1745,0.178,87.85,80.1,37.5,36.66,0.4286,0.3333,87.36,82.21,51.37,57.32
68,1,CA1-RSC,48.0,0.188,0.7524,6.0,12000,0.0586,0,0.0,0.0269,3,0.0834,0.1204,0.147,0.1829,nan,nan,0.1097,0.1415,87.12,85.05,36.08,37.65,0.4286,0.5,84.09,82.76,59.94,77.8
68,1,CA1-RSC,53.0,0.208,0.8476,11.0,12000,0.0878,0,0.0,0.0485,0,0.1152,0.0962,0.2382,0.227,nan,nan,0.136,0.1696,89.78,75.07,32.94,44.5,0.6667,0.5,80.38,87.15,53.76,44.84
68,1,CA1-RSC,58.0,0.228,0.7862,16.0,12000,0.0585,0,0.0,-0.006,5,0.0929,0.0854,0.2442,0.1621,nan,nan,0.1371,0.1346,88.03,89.52,78.5,68.83,1.0,0.5,82.35,71.57,83.8,85.73
68,1,CA1-RSC,63.0,0.248,0.8254,21.0,12000,0.0563,0,0.0,0.0459,5,0.0672,0.0536,0.1664,0.1879,nan,nan,0.1264,0.1487,88.53,84.01,55.2,56.89,0.4286,0.5,63.77,79.63,62.34,69.85
68,1,CA1-RSC,68.0,0.268,0.8268,26.0,12000,0.0997,0,0.0,0.0674,5,0.0744,0.0997,0.252,0.3132,nan,nan,0.1468,0.1973,83.92,85.24,72.85,83.31,0.4286,0.5,83.74,87.76,80.55,74.81
68,1,CA1-RSC,73.0,0.288,0.9473,31.0,12000,0.0462,0,0.0,0.0453,4,0.0572,0.0844,0.1745,0.2294,nan,nan,0.1071,0.1512,87.29,75.61,37.58,42.57,0.4286,0.3333,66.71,65.89,81.42,79.32
68,1,CA1-RSC,78.0,0.308,0.8775,36.0,12000,0.0489,5,0.0686,0.0087,-2,0.0923,0.0979,0.1392,0.1762,0.1742,0.1905,0.1227,0.1588,71.05,47.46,39.77,51.46,0.25,0.3333,70.78,88.55,64.95,78.73
68,1,CA1-RSC,83.0,0.328,0.8527,41.0,12000,0.0848,0,0.0,0.0531,4,0.075,0.127,0.1867,0.1794,nan,nan,0.1236,0.1327,75.47,78.09,42.63,40.86,0.25,0.5,74.05,72.06,72.21,65.86
68,1,CA1-RSC,88.0,0.348,0.8476,46.0,12000,0.0496,0,0.0,0.0228,4,0.0652,0.0913,0.1625,0.2055,nan,nan,0.1225,0.1489,78.53,80.01,49.67,32.46,0.25,0.5,84.87,84.87,84.59,84.35
68,1,CA1-RSC,93.0,0.368,0.8757,51.0,12000,0.1109,0,0.0,0.051,1,0.089,0.0518,0.226,0.2325,nan,nan,0.1403,0.1561,85.56,82.01,50.87,57.68,0.6667,0.2,74.54,88.94,49.16,60.24
68,1,CA1-RSC,98.0,0.388,0.753,56.0,10000,0.1273,0,0.0,0.0468,0,0.1239,0.1036,0.2456,0.2475,nan,nan,0.1455,0.1454,81.0,77.93,30.78,45.98,0.4286,0.3333,81.88,87.65,43.79,58.26
68,1,CA1-RSC,103.0,0.408,0.6312,61.0,12000,0.0278,0,0.0,-0.0463,-2,0.0795,0.1069,0.2912,0.2356,nan,nan,0.1776,0.1618,83.13,81.68,74.75,83.63,0.4286,0.0909,87.91,87.65,81.49,89.1
68,1,CA1-RSC,108.0,0.428,0.577,66.0,12000,0.0512,0,0.0,-0.0126,-2,0.0784,0.1236,0.1626,0.1864,nan,nan,0.1648,0.1407,64.63,72.58,69.61,70.08,1.0,0.2,83.78,85.19,61.21,79.42
68,1,CA1-RSC,113.0,0.448,0.6865,71.0,14000,0.0664,0,0.0,0.0096,0,0.0705,0.157,0.204,0.2059,nan,nan,0.141,0.1475,73.86,86.05,74.08,87.72,0.25,0.7143,67.57,76.93,42.81,67.72
68,1,CA1-RSC,118.0,0.468,0.7575,76.0,12000,0.0555,0,0.0,-0.0197,1,0.0618,0.0935,0.203,0.2528,nan,nan,0.1301,0.1263,73.86,80.18,42.07,40.65,0.4286,0.7143,89.09,69.77,86.78,87.19
68,1,CA1-RSC,123.0,0.488,0.7497,81.0,12000,0.0182,0,0.0,-0.0135,-1,0.0689,0.0968,0.2618,0.2242,nan,nan,0.1407,0.1516,76.12,78.29,89.34,85.66,0.6667,0.0909,82.24,82.92,81.09,79.97
68,1,CA1-RSC,128.0,0.508,0.7497,86.0,12000,0.0282,0,0.0,0.064,0,0.0794,0.1188,0.2108,0.1362,nan,nan,0.1604,0.1381,88.34,88.34,61.25,56.21,0.6667,0.3333,63.65,71.91,65.92,89.94
68,1,CA1-RSC,133.0,0.528,0.7301,91.0,14000,0.0727,0,0.0,0.0214,2,0.0906,0.1784,0.2582,0.2943,nan,nan,0.1453,0.162,76.61,78.28,82.32,79.92,0.25,0.5,73.83,79.61,88.99,80.25
68,1,CA1-RSC,138.0,0.548,0.731,96.0,12000,0.0278,0,0.0,0.0256,0,0.0916,0.1373,0.242,0.225,nan,nan,0.1679,0.158,76.06,80.61,60.8,59.79,0.25,0.5,79.67,81.25,65.38,68.63
68,1,CA1-RSC,143.0,0.568,0.7917,101.0,12000,0.0574,0,0.0,-0.014,0,0.0826,0.161,0.1969,0.2312,nan,nan,0.1677,0.1528,72.05,76.98,82.8,78.93,0.25,0.3333,64.83,80.48,73.11,64.83
68,1,CA1-RSC,148.0,0.588,0.8234,106.0,12000,0.0558,0,0.0,0.0045,0,0.06,0.1948,0.2494,0.3788,nan,nan,0.1441,0.1496,71.64,74.32,78.52,82.02,0.1111,0.5,86.31,89.15,79.12,61.42
68,1,CA1-RSC,153.0,0.608,0.834,111.0,12000,0.0521,0,0.0,0.0227,3,0.0775,0.1046,0.1876,0.269,nan,nan,0.1152,0.1688,73.7,61.83,74.25,75.46,0.25,0.2,83.4,78.78,89.77,67.29
68,1,CA1-RSC,158.0,0.628,0.634,116.0,12000,0.066,0,0.0,0.0135,0,0.0772,0.1159,0.2528,0.1763,nan,nan,0.1532,0.128,76.23,84.15,53.97,67.72,0.4286,0.3333,82.95,73.99,67.96,61.67
68,1,CA1-RSC,163.0,0.648,0.5078,121.0,12000,0.0174,0,0.0,-0.0133,-3,0.1079,0.1064,0.2917,0.2998,nan,nan,0.1246,0.1621,64.66,70.01,52.4,59.18,0.25,0.5,85.62,89.52,83.51,72.97
68,1,CA1-RSC,168.0,0.668,0.3056,126.0,12000,0.1123,1,0.0063,0.0466,0,0.0997,0.084,0.3945,0.2862,0.5418,0.4776,0.2038,0.1465,77.99,78.24,75.23,64.73,0.6667,0.3333,83.59,87.98,67.98,60.02
68,1,CA1-RSC,173.0,0.688,0.3056,131.0,12000,0.0678,0,0.0,-0.0027,0,0.1006,0.1089,0.2847,0.2881,nan,nan,0.1882,0.1738,73.77,82.74,87.54,75.01,0.25,0.3333,89.82,75.04,76.14,76.66
68,1,CA1-RSC,178.0,0.708,0.3222,136.0,12000,0.0189,0,0.0,0.0062,1,0.1024,0.1242,0.2402,0.1738,nan,nan,0.131,0.1421,74.21,78.37,74.67,80.47,0.6667,0.5,81.68,70.34,74.21,88.37
68,1,CA1-RSC,183.0,0.728,0.3667,141.0,12000,0.0286,0,0.0,0.0296,2,0.1141,0.0742,0.2596,0.1954,nan,nan,0.1217,0.1339,70.41,85.9,85.85,65.22,0.4286,0.5,78.51,89.81,80.69,89.34
68,1,CA1-RSC,188.0,0.748,0.3,146.0,12000,0.0936,0,0.0,-0.0279,0,0.1206,0.09,0.2359,0.2091,nan,nan,0.1591,0.1736,85.95,62.74,67.62,73.36,0.4286,0.3333,78.39,85.8,49.3,57.17
68,1,CA1-RSC,193.0,0.768,0.1333,151.0,12000,0.0811,0,0.0,-0.0198,0,0.1336,0.1209,0.2538,0.2631,nan,nan,0.1487,0.1598,76.96,71.08,41.46,33.24,0.4286,0.5,76.91,79.78,65.44,52.26
68,1,CA1-RSC,198.0,0.788,0.0833,156.0,14000,0.0522,0,0.0,0.0565,5,0.0781,0.1281,0.2048,0.2214,nan,nan,0.1765,0.1548,78.34,80.24,52.63,63.84,0.1111,0.3333,77.54,89.05,78.5,79.59
68,1,CA1-RSC,203.0,0.808,0.0167,161.0,10000,0.0077,0,0.0,0.0179,3,0.1037,0.1092,0.3212,0.2523,nan,nan,0.1631,0.1425,85.58,66.57,59.9,85.05,0.4286,0.3333,76.02,81.26,77.79,80.42
68,1,CA1-RSC,208.0,0.828,0.0167,166.0,12000,0.0598,0,0.0,0.0446,0,0.0898,0.097,0.2315,0.21,nan,nan,0.1854,0.1831,87.02,69.4,60.92,70.14,0.4286,0.2,65.82,79.32,57.21,59.99
68,1,CA1-RSC,213.0,0.848,0.0,171.0,14000,0.0719,0,0.0,0.0024,1,0.0912,0.0882,0.2269,0.2477,nan,nan,0.153,0.1744,71.63,72.47,63.85,78.07,0.4286,0.3333,76.67,58.31,52.58,59.6
68,1,CA1-RSC,218.0,0.868,0.0,176.0,12000,0.0613,0,0.0,0.0125,-1,0.1026,0.1039,0.259,0.3037,nan,nan,0.1518,0.1485,83.74,70.26,29.86,26.4,0.6667,0.5,72.33,80.95,52.24,60.03
68,1,CA1-RSC,223.0,0.888,0.0,181.0,12000,0.1058,1,0.0056,0.0591,0,0.1233,0.1077,0.2818,0.2593,0.5509,0.4977,0.1672,0.1304,89.85,72.49,43.22,36.66,0.4286,0.7143,83.86,76.82,48.9,67.27
68,1,CA1-RSC,228.0,0.908,0.0519,186.0,10000,0.0923,0,0.0,0.0181,0,0.1278,0.0766,0.2358,0.2139,nan,nan,0.1891,0.1504,81.86,60.81,35.44,42.38,0.6667,0.5,83.91,84.89,86.83,68.27
68,1,CA1-RSC,233.0,0.928,0.1704,191.0,12000,0.0738,0,0.0,0.0417,0,0.1177,0.1018,0.3147,0.3065,nan,nan,0.1782,0.1459,84.69,82.75,56.15,48.42,0.4286,0.5,79.33,89.59,66.23,70.23
68,1,CA1-RSC,238.0,0.948,0.1704,196.0,14000,0.2298,8,0.1695,0.0115,1,0.0934,0.0895,0.1988,0.1769,0.1514,0.1637,0.1738,0.1643,79.07,83.33,75.2,78.15,0.6667,0.3333,80.43,85.48,75.68,68.19
68,1,CA1-RSC,243.0,0.968,0.1363,201.0,14000,0.0919,1,0.0042,-0.0087,0,0.0853,0.1017,0.3469,0.3222,0.6017,0.5094,0.1805,0.1785,78.38,75.96,81.01,73.64,0.1111,0.3333,77.2,88.24,62.56,41.83
68,1,CA1-CA3,8.0,0.028,0.0849,-34.0,14000,0.3621,3,0.193,-0.0143,0,0.4294,0.6121,0.7242,0.9399,0.6963,0.9264,0.4099,0.4825,nan,nan,nan,nan,,,25.64,15.61,70.88,24.65
68,1,CA1-CA3,13.0,0.048,0.082,-29.0,12000,0.4385,3,0.1475,-0.0137,0,0.1615,0.6112,0.4322,0.8519,0.335,0.9087,0.3939,0.4711,53.99,14.52,34.68,33.58,0.6667,0.5,40.47,31.17,11.03,9.17
68,1,CA1-CA3,18.0,0.068,0.0907,-24.0,14000,0.4094,2,0.1122,-0.0361,0,0.1736,0.0941,0.5328,0.5623,0.5569,0.633,0.475,0.4889,56.39,85.34,11.71,38.72,0.6667,0.5,33.21,30.59,12.33,9.4
68,1,CA1-CA3,23.0,0.088,0.1449,-19.0,12000,0.3597,2,0.0851,-0.0053,0,0.148,0.0757,0.5416,0.5512,0.5187,0.5868,0.4855,0.5002,27.51,26.59,8.01,10.02,0.6667,0.5,37.17,37.86,10.92,7.78
68,1,CA1-CA3,28.0,0.108,0.2127,-14.0,14000,0.4228,3,0.1214,-0.0113,0,0.1385,0.041,0.5628,0.5523,0.4983,0.4935,0.4987,0.4885,32.75,33.19,8.22,6.94,0.4286,0.5,35.53,15.49,9.92,8.7
68,1,CA1-CA3,33.0,0.128,0.3598,-9.0,14000,0.4302,3,0.1289,-0.0098,0,0.1875,0.0936,0.5356,0.5762,0.4779,0.5544,0.4928,0.5005,41.54,21.08,8.73,4.95,0.4286,0.5,33.66,34.6,11.78,6.58
68,1,CA1-CA3,38.0,0.148,0.4977,-4.0,14000,0.4215,3,0.1211,-0.0057,0,0.1973,0.0561,0.5784,0.599,0.5105,0.5222,0.4879,0.4842,30.59,25.6,9.72,7.47,0.6667,0.2,40.81,19.69,17.32,7.05
68,1,CA1-CA3,43.0,0.168,0.6618,1.0,12000,0.359,2,0.0806,0.0122,0,0.1457,0.0559,0.4681,0.5084,0.5158,0.5824,0.4447,0.4615,21.82,28.76,6.78,5.51,0.4286,0.5,39.38,21.69,10.06,10.65
68,1,CA1-CA3,48.0,0.188,0.7524,6.0,12000,0.4161,3,0.1113,-0.014,0,0.1212,0.0639,0.5832,0.5422,0.4708,0.5004,0.4858,0.4568,35.42,29.98,9.63,8.82,0.4286,0.2,36.89,31.2,8.73,11.39
68,1,CA1-CA3,53.0,0.208,0.8476,11.0,12000,0.3992,2,0.1037,-0.0187,0,0.1458,0.0853,0.5908,0.57,0.5822,0.6055,0.5083,0.4788,32.25,29.62,9.01,5.24,0.4286,0.2,41.96,31.87,11.58,7.58
68,1,CA1-CA3,58.0,0.228,0.7862,16.0,12000,0.3852,2,0.0918,-0.0345,0,0.1459,0.104,0.5963,0.5918,0.591,0.5927,0.508,0.5044,35.0,28.62,5.05,7.17,0.4286,0.2,47.6,40.27,13.24,12.09
68,1,CA1-CA3,63.0,0.248,0.8254,21.0,12000,0.3984,2,0.1025,-0.0082,0,0.1401,0.114,0.5572,0.5805,0.5651,0.6166,0.4671,0.4785,36.42,15.94,8.77,8.97,0.4286,0.5,50.65,47.28,12.85,13.6
68,1,CA1-CA3,68.0,0.268,0.8268,26.0,12000,0.4084,2,0.1096,-0.0415,0,0.1271,0.1283,0.5402,0.5356,0.5328,0.5708,0.482,0.4724,47.07,28.72,7.5,11.15,0.4286,0.5,34.3,37.47,14.93,11.22
68,1,CA1-CA3,73.0,0.288,0.9473,31.0,12000,0.4118,2,0.1098,-0.029,0,0.1231,0.0383,0.5786,0.5259,0.6013,0.5499,0.479,0.4575,41.08,34.61,9.82,8.16,0.6667,0.2,44.35,41.08,9.48,10.05
68,1,CA1-CA3,78.0,0.308,0.8775,36.0,12000,0.4691,5,0.2202,-0.0333,0,0.1281,0.0718,0.3902,0.3684,0.3155,0.2447,0.4519,0.4639,33.8,27.47,9.78,5.9,0.4286,0.2,41.62,60.6,12.35,11.35
68,1,CA1-CA3,83.0,0.328,0.8527,41.0,12000,0.4092,2,0.1069,-0.0187,0,0.1297,0.0779,0.5439,0.5663,0.5672,0.5868,0.4889,0.4801,44.36,26.59,10.68,5.68,0.4286,0.5,49.27,27.4,12.3,10.99
68,1,CA1-CA3,88.0,0.348,0.8476,46.0,12000,0.3515,2,0.0778,-0.039,0,0.1042,0.1416,0.5239,0.5201,0.5177,0.5371,0.4246,0.4482,33.88,32.87,5.59,8.19,0.4286,0.5,68.15,63.69,14.59,10.92
68,1,CA1-CA3,93.0,0.368,0.8757,51.0,12000,0.3545,2,0.0765,-0.0503,0,0.1381,0.1006,0.5091,0.5267,0.5296,0.6209,0.4301,0.4383,39.56,44.58,9.65,12.54,0.4286,0.5,76.17,88.6,14.93,13.9
68,1,CA1-CA3,98.0,0.388,0.753,56.0,10000,0.3681,2,0.085,-0.037,0,0.2057,0.1124,0.5239,0.5324,0.5132,0.6067,0.4443,0.4325,48.24,53.36,7.6,8.1,0.4286,0.5,78.89,88.38,16.51,13.72
68,1,CA1-CA3,103.0,0.408,0.6312,61.0,12000,0.4021,2,0.1043,-0.0117,0,0.1492,0.1711,0.5549,0.5324,0.5212,0.5188,0.4597,0.4883,38.93,41.94,14.9,21.02,0.1111,0.2,41.78,53.94,15.24,19.79
68,1,CA1-CA3,108.0,0.428,0.577,66.0,12000,0.4179,2,0.1138,-0.0118,0,0.1281,0.0916,0.5821,0.5624,0.5503,0.5716,0.4802,0.4725,34.15,32.03,7.57,9.55,0.4286,1.0,85.61,85.12,16.56,12.92
68,1,CA1-CA3,113.0,0.448,0.6865,71.0,14000,0.4027,2,0.1086,0.0092,0,0.1179,0.1013,0.5562,0.6118,0.5289,0.613,0.4779,0.516,40.48,50.0,10.33,9.7,0.4286,0.5,55.89,22.42,10.43,9.72
68,1,CA1-CA3,118.0,0.468,0.7575,76.0,12000,0.4095,2,0.1166,0.0003,0,0.1254,0.1107,0.5513,0.5657,0.5433,0.5931,0.4762,0.5254,41.58,42.75,8.09,6.46,0.6667,0.2,56.28,45.04,12.18,10.48
68,1,CA1-CA3,123.0,0.488,0.7497,81.0,12000,0.3583,2,0.089,-0.0283,0,0.1158,0.1067,0.5063,0.5439,0.5416,0.6095,0.4315,0.4438,40.45,14.11,9.29,9.47,0.4286,0.5,53.41,58.72,15.07,10.41
68,1,CA1-CA3,128.0,0.508,0.7497,86.0,12000,0.4068,2,0.1121,-0.0041,0,0.1154,0.0748,0.4854,0.5319,0.4901,0.616,0.4357,0.4417,40.1,31.87,12.31,8.04,0.6667,0.5,80.9,82.56,15.68,18.33
68,1,CA1-CA3,133.0,0.528,0.7301,91.0,14000,0.3965,2,0.0996,-0.0414,0,0.1001,0.091,0.5536,0.5433,0.5619,0.5612,0.4855,0.4695,40.46,43.37,11.59,13.47,0.6667,0.2,51.07,29.45,11.19,9.02
68,1,CA1-CA3,138.0,0.548,0.731,96.0,12000,0.398,2,0.1076,-0.0157,0,0.0932,0.0718,0.5521,0.5734,0.5271,0.5801,0.4774,0.5111,76.2,66.73,8.94,10.92,0.4286,0.2,77.2,73.51,15.49,13.73
68,1,CA1-CA3,143.0,0.568,0.7917,101.0,12000,0.3393,2,0.0753,-0.0494,0,0.128,0.071,0.5469,0.5523,0.5806,0.5832,0.4669,0.4835,88.44,77.58,11.86,9.26,0.25,0.0,79.43,71.65,18.51,25.29
68,1,CA1-CA3,148.0,0.588,0.8234,106.0,12000,0.3637,2,0.0913,-0.0315,0,0.1332,0.056,0.4547,0.5869,0.4713,0.6631,0.4322,0.4824,41.32,31.48,18.6,12.59,0.4286,0.5,76.13,87.93,18.0,8.43
68,1,CA1-CA3,153.0,0.608,0.834,111.0,12000,0.3401,2,0.0751,-0.0241,0,0.1076,0.0823,0.5395,0.6032,0.5995,0.627,0.4494,0.4686,41.7,39.68,17.51,18.1,0.25,0.5,75.49,87.51,19.69,12.82
68,1,CA1-CA3,158.0,0.628,0.634,116.0,12000,0.368,2,0.0843,-0.0409,0,0.1177,0.0966,0.5589,0.5961,0.5805,0.5987,0.4866,0.4882,52.26,48.66,12.12,7.75,0.25,0.0,86.21,81.76,12.53,9.22
68,1,CA1-CA3,163.0,0.648,0.5078,121.0,12000,0.3548,2,0.0872,-0.0144,0,0.1693,0.0796,0.5165,0.5469,0.5644,0.6025,0.4591,0.4686,47.28,41.18,12.83,10.19,0.25,0.2,38.51,47.0,12.75,13.54
68,1,CA1-CA3,168.0,0.668,0.3056,126.0,12000,0.3614,2,0.0896,-0.0235,0,0.1091,0.0824,0.6111,0.5461,0.6286,0.5472,0.5081,0.483,27.52,22.33,7.84,9.79,0.6667,0.5,61.85,43.59,18.75,14.13
68,1,CA1-CA3,173.0,0.688,0.3056,131.0,12000,0.3765,2,0.0862,-0.0063,0,0.126,0.0935,0.5356,0.5801,0.5433,0.5767,0.4525,0.485,54.71,41.28,10.91,13.05,0.6667,0.5,78.86,78.23,21.14,20.43
68,1,CA1-CA3,178.0,0.708,0.3222,136.0,12000,0.372,2,0.0866,-0.0449,0,0.1456,0.0629,0.545,0.5917,0.5462,0.6044,0.4837,0.5146,58.73,30.35,9.39,7.64,0.25,0.5,88.73,88.45,16.38,10.6
68,1,CA1-CA3,183.0,0.728,0.3667,141.0,12000,0.3673,2,0.0866,-0.0252,0,0.1622,0.1971,0.4994,0.5539,0.5531,0.6326,0.4507,0.4512,53.48,34.38,12.96,11.32,0.25,1.0,66.52,76.24,16.45,11.77
68,1,CA1-CA3,188.0,0.748,0.3,146.0,12000,0.371,2,0.0928,-0.0038,0,0.1627,0.2714,0.542,0.5314,0.5245,0.5804,0.4778,0.5088,55.48,47.19,7.73,13.76,0.6667,0.5,57.04,64.53,15.17,55.37
68,1,CA1-CA3,193.0,0.768,0.1333,151.0,12000,0.4115,2,0.1129,0.0085,0,0.1724,0.1541,0.545,0.5504,0.5524,0.6186,0.4979,0.5115,37.92,14.32,8.43,13.85,0.6667,1.0,35.88,37.99,16.03,11.18
68,1,CA1-CA3,198.0,0.788,0.0833,156.0,14000,0.3897,2,0.0984,-0.0461,0,0.1362,0.1149,0.5743,0.5827,0.6108,0.6349,0.4819,0.4865,49.01,59.16,9.2,6.1,0.4286,0.2,52.2,42.49,15.01,11.74
68,1,CA1-CA3,203.0,0.808,0.0167,161.0,10000,0.4025,2,0.1072,-0.0281,0,0.1533,0.09,0.4712,0.5696,0.5516,0.6271,0.4518,0.4813,43.32,49.21,15.33,7.97,0.25,0.2,65.64,81.8,19.97,12.59
68,1,CA1-CA3,208.0,0.828,0.0167,166.0,12000,0.3646,2,0.0846,-0.0328,0,0.0969,0.0943,0.5636,0.5938,0.5531,0.5948,0.4674,0.4404,47.06,36.21,14.81,9.94,0.25,0.2,62.87,51.94,16.94,11.54
68,1,CA1-CA3,213.0,0.848,0.0,171.0,14000,0.3625,2,0.0873,-0.0402,0,0.1237,0.1346,0.5067,0.5166,0.5466,0.5793,0.456,0.5091,57.93,60.82,7.85,13.96,0.25,0.2,78.91,82.01,15.83,10.26
68,1,CA1-CA3,218.0,0.868,0.0,176.0,12000,0.3932,2,0.1051,-0.0185,0,0.1439,0.0794,0.599,0.5881,0.5953,0.6006,0.4942,0.5155,65.02,50.33,11.16,8.48,0.4286,0.5,71.92,66.3,19.11,6.64
68,1,CA1-CA3,223.0,0.888,0.0,181.0,12000,0.4079,2,0.1099,-0.0302,0,0.117,0.0923,0.5463,0.55,0.5773,0.5837,0.4821,0.4751,52.9,23.71,12.29,8.01,0.6667,0.5,62.86,57.5,16.84,12.86
68,1,CA1-CA3,228.0,0.908,0.0519,186.0,10000,0.3968,2,0.1089,-0.012,0,0.1478,0.1189,0.514,0.5391,0.5735,0.616,0.5079,0.4918,38.23,30.41,11.09,8.24,0.4286,0.5,83.28,63.89,14.56,17.36
68,1,CA1-CA3,233.0,0.928,0.1704,191.0,12000,0.4066,2,0.1108,0.0203,0,0.1453,0.0756,0.5197,0.5374,0.561,0.6063,0.5025,0.4767,36.74,53.04,12.4,17.15,0.4286,0.5,61.82,59.84,19.23,12.44
68,1,CA1-CA3,238.0,0.948,0.1704,196.0,14000,0.283,5,0.1169,-0.0362,0,0.13,0.1187,0.2694,0.1872,0.224,0.1849,0.4922,0.4399,40.45,20.57,10.11,10.7,0.6667,0.2,51.36,43.37,15.77,10.05
68,1,CA1-CA3,243.0,0.968,0.1363,201.0,14000,0.4109,2,0.1053,-0.0027,0,0.1281,0.1338,0.578,0.606,0.588,0.6772,0.486,0.5245,28.7,38.41,11.25,9.58,0.25,0.0,46.61,38.45,15.56,8.38
68,1,CA1-DG,8.0,0.028,0.0849,-34.0,14000,0.2777,2,0.0564,-0.0029,0,0.3627,0.1852,0.4884,0.4952,0.5496,0.5326,0.3552,0.3293,nan,nan,nan,nan,,,84.42,77.13,74.4,21.4
68,1,CA1-DG,13.0,0.048,0.082,-29.0,12000,0.2342,2,0.043,-0.0804,0,0.1745,0.1953,0.4769,0.4316,0.56,0.5105,0.3091,0.2982,75.48,71.37,20.59,25.18,0.6667,0.5,84.45,84.45,21.49,29.44
68,1,CA1-DG,18.0,0.068,0.0907,-24.0,14000,0.2885,2,0.0564,-0.0251,0,0.1673,0.1287,0.537,0.4758,0.5657,0.5072,0.3694,0.3498,67.83,50.18,13.82,21.63,0.6667,0.7143,62.59,47.27,14.15,14.15
68,1,CA1-DG,23.0,0.088,0.1449,-19.0,12000,0.283,2,0.0516,-0.1052,0,0.1361,0.161,0.4377,0.427,0.5606,0.5382,0.3701,0.3519,40.61,44.68,14.45,14.26,0.6667,0.7143,53.19,67.17,21.43,53.19
68,1,CA1-DG,28.0,0.108,0.2127,-14.0,14000,0.2753,2,0.0541,-0.0855,0,0.1262,0.172,0.498,0.4293,0.5386,0.4791,0.3361,0.3332,57.8,55.56,13.06,19.22,1.0,0.7143,81.77,70.75,13.28,18.26
68,1,CA1-DG,33.0,0.128,0.3598,-9.0,14000,0.262,2,0.0516,-0.0896,0,0.1389,0.1232,0.4645,0.4454,0.5212,0.5329,0.3569,0.3572,37.7,48.67,13.01,20.0,0.4286,0.5,86.24,83.57,19.17,17.22
68,1,CA1-DG,38.0,0.148,0.4977,-4.0,14000,0.2533,2,0.047,-0.0865,0,0.1415,0.1203,0.4669,0.4314,0.5691,0.541,0.3337,0.3425,41.89,49.11,12.59,15.6,0.6667,0.3333,56.52,41.97,22.87,29.24
68,1,CA1-DG,43.0,0.168,0.6618,1.0,12000,0.2511,2,0.0417,-0.0906,0,0.0797,0.115,0.357,0.3032,0.5748,0.4969,0.3376,0.3485,35.73,39.56,18.77,20.45,0.4286,0.5,53.44,75.66,19.44,41.86
68,1,CA1-DG,48.0,0.188,0.7524,6.0,12000,0.2506,2,0.0537,-0.0726,0,0.0822,0.1873,0.5085,0.4517,0.5588,0.5004,0.3314,0.3284,54.43,48.42,17.78,26.96,0.4286,0.5,71.37,78.36,25.43,21.4
68,1,CA1-DG,53.0,0.208,0.8476,11.0,12000,0.2735,2,0.0552,-0.0625,0,0.1148,0.0847,0.4759,0.4255,0.5352,0.4553,0.3237,0.3185,61.49,80.25,12.87,15.11,0.6667,0.5,79.77,77.22,22.42,22.54
68,1,CA1-DG,58.0,0.228,0.7862,16.0,12000,0.2742,2,0.0576,-0.0568,0,0.0925,0.1294,0.4594,0.4471,0.5113,0.5392,0.3183,0.3648,83.97,84.4,15.78,20.93,0.6667,0.3333,88.76,76.67,22.86,24.38
68,1,CA1-DG,63.0,0.248,0.8254,21.0,12000,0.2738,2,0.0585,-0.0856,0,0.0654,0.1967,0.479,0.4158,0.5389,0.4963,0.316,0.3395,42.56,54.02,14.11,11.76,0.4286,0.3333,76.78,77.95,14.93,56.06
68,1,CA1-DG,68.0,0.268,0.8268,26.0,12000,0.2992,2,0.064,-0.0705,0,0.0725,0.1342,0.5173,0.4765,0.5885,0.5098,0.3574,0.3405,86.92,84.26,12.53,18.75,0.4286,0.2,85.69,84.32,18.82,23.15
68,1,CA1-DG,73.0,0.288,0.9473,31.0,12000,0.2919,2,0.0645,-0.0674,0,0.0556,0.1089,0.4678,0.4305,0.5401,0.5003,0.3272,0.3225,70.4,58.77,13.9,14.05,0.4286,0.3333,58.25,80.55,18.18,23.09
68,1,CA1-DG,78.0,0.308,0.8775,36.0,12000,0.2726,2,0.0506,-0.095,0,0.0914,0.1313,0.4906,0.4376,0.5417,0.5241,0.3353,0.3407,42.64,50.53,11.45,15.99,0.25,0.5,45.39,60.32,19.1,37.37
68,1,CA1-DG,83.0,0.328,0.8527,41.0,12000,0.254,2,0.0521,-0.1176,0,0.0744,0.1397,0.5078,0.4284,0.5602,0.507,0.3337,0.3448,40.36,53.13,13.28,17.59,0.25,0.5,85.54,76.04,23.39,26.87
68,1,CA1-DG,88.0,0.348,0.8476,46.0,12000,0.2944,2,0.0715,-0.0667,0,0.0637,0.1162,0.5144,0.4291,0.5507,0.4697,0.3557,0.3493,47.02,66.94,9.28,20.31,0.25,0.2,81.8,75.93,31.61,31.12
68,1,CA1-DG,93.0,0.368,0.8757,51.0,12000,0.2931,2,0.0642,-0.0254,0,0.088,0.109,0.4841,0.4407,0.5472,0.5386,0.3495,0.3542,50.9,54.08,12.82,19.32,0.6667,0.3333,68.52,63.98,20.18,24.54
68,1,CA1-DG,98.0,0.388,0.753,56.0,10000,0.2866,2,0.07,-0.0181,0,0.1233,0.1544,0.473,0.4233,0.544,0.4944,0.3432,0.3521,42.94,61.44,12.22,19.37,0.4286,0.3333,85.35,74.8,19.47,38.76
68,1,CA1-DG,103.0,0.408,0.6312,61.0,12000,0.3145,2,0.0706,-0.078,0,0.0774,0.1428,0.5497,0.449,0.5738,0.4773,0.3573,0.326,61.39,73.67,16.66,26.6,0.4286,0.0909,80.65,83.34,14.09,19.27
68,1,CA1-DG,108.0,0.428,0.577,66.0,12000,0.3018,2,0.0662,-0.0973,0,0.0762,0.181,0.5343,0.4975,0.5795,0.5342,0.3531,0.3742,68.32,69.42,8.21,14.09,1.0,0.2,83.78,88.69,21.79,30.46
68,1,CA1-DG,113.0,0.448,0.6865,71.0,14000,0.3239,2,0.0731,-0.0794,0,0.0682,0.1305,0.5452,0.5005,0.5974,0.5235,0.3742,0.3673,49.08,42.31,10.06,14.23,0.25,0.2,54.66,62.81,12.85,13.16
68,1,CA1-DG,118.0,0.468,0.7575,76.0,12000,0.2968,2,0.0612,-0.0699,0,0.0608,0.1063,0.5074,0.4872,0.5414,0.4971,0.3365,0.328,31.29,42.4,8.26,15.23,0.4286,0.0909,89.27,78.3,18.0,21.73
68,1,CA1-DG,123.0,0.488,0.7497,81.0,12000,0.3139,2,0.0694,-0.0771,0,0.0679,0.0908,0.4619,0.4347,0.5081,0.4998,0.3472,0.3636,71.0,66.8,10.27,12.14,0.6667,0.2,74.49,79.51,18.06,24.58
68,1,CA1-DG,128.0,0.508,0.7497,86.0,12000,0.2863,2,0.0524,-0.1031,0,0.079,0.14,0.3419,0.3358,0.5436,0.5467,0.3441,0.3619,44.18,58.47,12.12,17.55,0.4286,0.0909,71.85,83.96,26.1,22.58
68,1,CA1-DG,133.0,0.528,0.7301,91.0,14000,0.2776,2,0.0597,-0.1015,0,0.0901,0.0876,0.4969,0.4261,0.5786,0.4702,0.3674,0.3484,38.74,51.78,11.79,16.45,0.4286,0.3333,78.16,85.68,28.63,30.61
68,1,CA1-DG,138.0,0.548,0.731,96.0,12000,0.291,2,0.0612,-0.0771,0,0.091,0.1063,0.502,0.499,0.5547,0.5098,0.3509,0.3306,44.88,39.92,13.62,15.0,0.25,0.3333,59.53,66.74,16.77,24.01
68,1,CA1-DG,143.0,0.568,0.7917,101.0,12000,0.321,4,0.0862,-0.065,0,0.0817,0.7749,0.3954,0.8577,0.4282,0.9218,0.3376,0.3128,53.0,82.46,18.25,74.2,0.25,0.2,88.95,61.06,22.38,10.45
68,1,CA1-DG,148.0,0.588,0.8234,106.0,12000,0.3172,2,0.0712,-0.0823,0,0.0589,0.1089,0.4977,0.4618,0.5819,0.5007,0.3634,0.374,68.78,85.23,16.47,74.63,0.25,0.2,79.83,74.29,16.3,19.88
68,1,CA1-DG,153.0,0.608,0.834,111.0,12000,0.3125,3,0.071,-0.0635,0,0.0771,0.1014,0.4671,0.4273,0.4498,0.3918,0.3764,0.3592,78.58,76.54,12.06,15.32,0.4286,0.2,44.46,59.4,18.23,23.66
68,1,CA1-DG,158.0,0.628,0.634,116.0,12000,0.3205,3,0.0763,-0.0458,0,0.0776,0.1559,0.5058,0.4663,0.5148,0.4285,0.3882,0.3764,24.49,52.62,14.24,17.2,0.4286,0.2,29.31,52.77,23.0,18.78
68,1,CA1-DG,163.0,0.648,0.5078,121.0,12000,0.3219,2,0.07,-0.1115,0,0.1081,0.134,0.5198,0.4953,0.5559,0.5389,0.3773,0.3632,27.64,59.56,10.11,13.97,0.25,0.3333,78.77,84.99,17.93,21.61
68,1,CA1-DG,168.0,0.668,0.3056,126.0,12000,0.3296,2,0.0704,-0.0995,0,0.0995,0.1546,0.5015,0.4801,0.5692,0.5093,0.3754,0.3753,46.66,53.85,12.45,18.11,0.6667,0.2,75.56,85.27,20.73,17.08
68,1,CA1-DG,173.0,0.688,0.3056,131.0,12000,0.2973,3,0.0747,-0.0944,0,0.1007,0.1108,0.452,0.3887,0.4783,0.4208,0.383,0.3695,49.54,55.39,17.84,15.83,0.25,0.5,34.95,58.69,21.35,57.8
68,1,CA1-DG,178.0,0.708,0.3222,136.0,12000,0.3042,3,0.0679,-0.101,0,0.1029,0.1595,0.4683,0.4246,0.5219,0.4493,0.3959,0.3646,23.1,39.82,11.31,11.1,0.4286,0.5,35.34,55.95,29.1,24.38
68,1,CA1-DG,183.0,0.728,0.3667,141.0,12000,0.2949,2,0.0632,-0.044,0,0.1138,0.1053,0.506,0.45,0.567,0.514,0.3838,0.3701,26.76,37.92,9.72,16.66,0.4286,0.5,67.43,68.8,25.97,23.13
68,1,CA1-DG,188.0,0.748,0.3,146.0,12000,0.3193,2,0.0722,-0.0676,0,0.1197,0.1576,0.532,0.4778,0.6347,0.5197,0.3474,0.3283,71.57,83.55,18.4,19.87,0.4286,0.2,80.41,71.42,21.53,14.97
68,1,CA1-DG,193.0,0.768,0.1333,151.0,12000,0.3443,2,0.0838,-0.059,0,0.1338,0.1654,0.551,0.5171,0.6161,0.5259,0.4112,0.3805,64.98,48.86,9.04,14.49,0.4286,0.5,83.19,74.06,18.02,17.41
68,1,CA1-DG,198.0,0.788,0.0833,156.0,14000,0.2791,2,0.0553,-0.0883,0,0.0776,0.1105,0.529,0.4548,0.5939,0.4935,0.3859,0.3657,60.05,69.85,21.53,19.38,0.1111,0.2,82.64,87.21,18.74,34.96
68,1,CA1-DG,203.0,0.808,0.0167,161.0,10000,0.3227,2,0.0658,-0.0809,0,0.1038,0.1183,0.4267,0.3903,0.5011,0.46,0.3466,0.3483,89.58,80.05,16.09,24.29,0.4286,0.3333,85.62,73.05,16.48,26.34
68,1,CA1-DG,208.0,0.828,0.0167,166.0,12000,0.2862,2,0.0588,-0.0222,0,0.0902,0.1432,0.4874,0.4072,0.5474,0.4795,0.3793,0.3604,80.91,74.46,13.43,17.41,0.4286,0.5,80.12,88.83,25.96,37.67
68,1,CA1-DG,213.0,0.848,0.0,171.0,14000,0.3363,2,0.0768,-0.0501,0,0.0915,0.1663,0.5192,0.4859,0.5965,0.5177,0.4001,0.3804,68.77,57.33,18.28,17.15,0.4286,0.0909,86.27,79.19,7.95,18.31
68,1,CA1-DG,218.0,0.868,0.0,176.0,12000,0.3053,2,0.0584,-0.0606,0,0.1025,0.1525,0.5405,0.4925,0.5778,0.5158,0.3695,0.3452,56.25,52.16,11.69,17.07,0.6667,0.0909,81.49,79.68,17.8,21.09
68,1,CA1-DG,223.0,0.888,0.0,181.0,12000,0.3222,2,0.0706,-0.0572,0,0.1243,0.14,0.4834,0.4861,0.5629,0.5219,0.3906,0.3859,71.01,73.77,14.02,15.35,0.4286,0.2,89.15,88.09,21.27,22.06
68,1,CA1-DG,228.0,0.908,0.0519,186.0,10000,0.2937,2,0.0623,-0.0567,0,0.1281,0.2191,0.3774,0.3916,0.6092,0.4301,0.3135,0.311,67.11,73.76,14.25,15.65,0.6667,0.5,86.23,55.58,22.89,28.09
68,1,CA1-DG,233.0,0.928,0.1704,191.0,12000,0.3095,2,0.0635,-0.0744,0,0.1179,0.1457,0.4605,0.4916,0.5713,0.5605,0.3734,0.3767,73.48,81.34,19.4,15.85,0.4286,0.5,76.05,88.53,21.83,60.93
68,1,CA1-DG,238.0,0.948,0.1704,196.0,14000,0.2322,2,0.0345,-0.0744,0,0.0942,0.1003,0.4261,0.4484,0.5165,0.5379,0.391,0.3832,57.12,78.12,10.33,16.54,0.6667,0.2,49.57,69.79,18.7,44.88
68,1,CA1-DG,243.0,0.968,0.1363,201.0,14000,0.3097,2,0.0622,-0.0346,0,0.0846,0.1966,0.5252,0.497,0.5809,0.4782,0.3605,0.3752,84.99,83.82,11.17,13.85,0.1111,0.0,86.74,83.91,15.18,59.46
68,1,CA3-DG,8.0,0.028,0.0849,-34.0,14000,0.3628,4,0.1305,-0.022,0,0.6113,0.2303,0.8781,0.3671,0.8671,0.3917,0.4164,0.2748,nan,nan,nan,nan,,,14.43,20.59,5.82,17.8
68,1,CA3-DG,13.0,0.048,0.082,-29.0,12000,0.3141,3,0.1139,-0.0133,0,0.6185,0.2028,0.8658,0.403,0.899,0.4431,0.3855,0.322,16.64,45.13,2.27,30.3,0.5,0.3333,27.92,30.97,4.36,31.25
68,1,CA3-DG,18.0,0.068,0.0907,-24.0,14000,0.3211,2,0.0857,-0.0152,0,0.0974,0.1762,0.4583,0.4363,0.5153,0.4651,0.4106,0.3491,30.79,89.53,88.91,36.34,0.5,0.7143,46.87,62.5,15.64,23.82
68,1,CA3-DG,23.0,0.088,0.1449,-19.0,12000,0.3205,3,0.1007,0.0198,0,0.0781,0.1942,0.3786,0.4014,0.3787,0.4598,0.3447,0.3429,46.64,61.06,12.08,15.03,0.5,0.5,87.86,88.35,11.86,66.18
68,1,CA3-DG,28.0,0.108,0.2127,-14.0,14000,0.347,3,0.1073,0.0185,0,0.0439,0.1663,0.4347,0.4173,0.4674,0.4319,0.3564,0.3623,31.98,39.77,17.11,17.92,0.2,0.3333,30.12,44.66,13.85,17.55
68,1,CA3-DG,33.0,0.128,0.3598,-9.0,14000,0.3426,3,0.1028,0.0159,0,0.0963,0.1458,0.4633,0.4463,0.4259,0.4668,0.4253,0.3858,32.37,27.48,12.97,15.12,0.5,0.3333,46.82,68.15,16.49,20.62
68,1,CA3-DG,38.0,0.148,0.4977,-4.0,14000,0.3648,3,0.1221,0.0116,0,0.0585,0.1471,0.4765,0.4271,0.4916,0.4554,0.4036,0.3811,16.49,27.34,10.54,16.07,0.2,0.2,24.43,51.98,15.79,23.02
68,1,CA3-DG,43.0,0.168,0.6618,1.0,12000,0.3143,3,0.0965,0.0084,0,0.0567,0.1329,0.4769,0.4065,0.4899,0.4188,0.3879,0.4025,24.1,41.36,8.04,13.93,1.0,0.0909,38.29,74.8,15.87,24.73
68,1,CA3-DG,48.0,0.188,0.7524,6.0,12000,0.348,3,0.1194,-0.0052,0,0.066,0.1873,0.4791,0.3917,0.5067,0.368,0.3939,0.365,19.59,43.99,21.9,29.55,0.5,0.3333,29.0,58.16,11.6,17.08
68,1,CA3-DG,53.0,0.208,0.8476,11.0,12000,0.3402,2,0.1031,0.0147,0,0.0866,0.1372,0.4487,0.4482,0.4576,0.4949,0.3598,0.3795,31.55,31.98,8.93,18.16,0.5,0.2,44.14,57.88,16.84,24.88
68,1,CA3-DG,58.0,0.228,0.7862,16.0,12000,0.3457,2,0.1068,-0.0022,0,0.1052,0.1802,0.4555,0.4491,0.5026,0.4986,0.3898,0.4097,40.09,30.74,14.49,15.45,0.2,0.2,45.79,58.76,17.87,21.98
68,1,CA3-DG,63.0,0.248,0.8254,21.0,12000,0.3495,2,0.1065,0.0146,0,0.1153,0.1839,0.4503,0.4276,0.4848,0.4966,0.3806,0.3912,30.34,44.81,10.95,14.1,0.5,0.3333,67.22,78.81,11.15,40.92
68,1,CA3-DG,68.0,0.268,0.8268,26.0,12000,0.3228,3,0.0979,0.0525,0,0.1299,0.2063,0.484,0.4323,0.5205,0.4348,0.4098,0.3467,33.48,37.8,13.07,14.02,0.5,0.5,40.08,54.78,16.73,30.64
68,1,CA3-DG,73.0,0.288,0.9473,31.0,12000,0.3255,3,0.1082,0.0224,0,0.0399,0.1764,0.4102,0.3757,0.3528,0.3908,0.3406,0.3232,32.36,42.34,22.94,27.13,0.5,0.5,79.54,85.08,19.4,26.34
68,1,CA3-DG,78.0,0.308,0.8775,36.0,12000,0.2784,2,0.0646,0.0048,0,0.0741,0.1604,0.4561,0.4167,0.5147,0.4514,0.3946,0.3882,50.11,66.57,13.76,16.63,0.5,0.5,41.3,83.78,15.97,53.93
68,1,CA3-DG,83.0,0.328,0.8527,41.0,12000,0.3474,3,0.1101,0.0205,0,0.079,0.1341,0.4546,0.4042,0.4531,0.4102,0.3927,0.377,15.91,35.65,12.28,15.53,0.5,0.2,33.23,57.12,24.4,57.06
68,1,CA3-DG,88.0,0.348,0.8476,46.0,12000,0.3188,2,0.1025,0.0399,0,0.1426,0.1562,0.4199,0.4561,0.4799,0.5225,0.3624,0.4151,58.81,57.66,14.14,16.46,0.5,0.3333,27.06,84.75,22.99,34.76
68,1,CA3-DG,93.0,0.368,0.8757,51.0,12000,0.3401,2,0.1129,0.0093,0,0.1028,0.178,0.4384,0.4644,0.476,0.5354,0.3676,0.3871,80.09,63.64,31.16,39.01,0.5,0.5,88.73,67.5,54.84,51.98
68,1,CA3-DG,98.0,0.388,0.753,56.0,10000,0.3143,2,0.0936,-0.019,0,0.1133,0.196,0.374,0.41,0.4831,0.4766,0.3448,0.3883,18.51,43.81,32.19,35.87,0.5,0.5,65.85,66.18,24.86,37.26
68,1,CA3-DG,103.0,0.408,0.6312,61.0,12000,0.3151,2,0.0801,0.0405,0,0.1722,0.1679,0.4459,0.426,0.488,0.4498,0.3998,0.3271,39.62,34.72,28.33,36.52,0.2,0.2,59.53,53.69,31.58,30.31
68,1,CA3-DG,108.0,0.428,0.577,66.0,12000,0.3367,3,0.0956,0.0736,0,0.0932,0.2147,0.4191,0.4344,0.4072,0.4473,0.3532,0.3407,30.59,30.71,14.86,15.72,1.0,0.5,47.3,40.76,15.99,19.5
68,1,CA3-DG,113.0,0.448,0.6865,71.0,14000,0.3419,3,0.1007,0.0601,0,0.1033,0.1763,0.451,0.4446,0.4247,0.4473,0.3913,0.3489,18.95,27.39,12.14,20.56,0.5,0.3333,23.72,38.62,20.05,16.16
68,1,CA3-DG,118.0,0.468,0.7575,76.0,12000,0.3267,3,0.0989,0.0512,0,0.1107,0.1814,0.4409,0.4731,0.4433,0.4804,0.3829,0.3994,22.36,38.66,12.49,16.48,0.2,0.3333,23.95,35.03,27.34,22.26
68,1,CA3-DG,123.0,0.488,0.7497,81.0,12000,0.3427,3,0.1129,0.0351,0,0.1075,0.1561,0.432,0.428,0.4168,0.4322,0.3358,0.3969,20.75,32.88,11.67,13.98,0.5,0.3333,37.96,45.64,15.64,32.05
68,1,CA3-DG,128.0,0.508,0.7497,86.0,12000,0.267,4,0.117,0.0665,0,0.0756,0.1801,0.3287,0.3489,0.3065,0.3781,0.3404,0.3759,22.38,20.16,10.1,15.01,1.0,0.5,28.65,37.09,12.16,30.7
68,1,CA3-DG,133.0,0.528,0.7301,91.0,14000,0.3394,3,0.1062,0.0454,0,0.0914,0.152,0.4623,0.4541,0.4636,0.4792,0.3757,0.4253,24.5,25.27,7.7,15.93,0.0,0.2,24.87,31.09,23.11,34.39
68,1,CA3-DG,138.0,0.548,0.731,96.0,12000,0.3215,3,0.0889,0.0271,0,0.0705,0.1709,0.4392,0.4287,0.4428,0.4486,0.3677,0.3726,21.33,30.4,12.85,17.77,0.2,0.5,46.73,60.37,14.17,18.59
68,1,CA3-DG,143.0,0.568,0.7917,101.0,12000,0.3976,3,0.1368,-0.0048,0,0.0701,0.8137,0.4446,0.8566,0.4899,0.7524,0.3723,0.4058,18.85,84.76,19.07,83.33,0.0,0.2,31.01,81.17,22.04,5.64
68,1,CA3-DG,148.0,0.588,0.8234,106.0,12000,0.3652,3,0.1175,0.0355,0,0.0554,0.116,0.4363,0.3935,0.4652,0.4689,0.3774,0.3727,23.33,86.51,15.64,84.42,0.5,0.3333,23.21,40.26,12.52,22.52
68,1,CA3-DG,153.0,0.608,0.834,111.0,12000,0.3636,3,0.1259,0.0177,0,0.0808,0.1661,0.496,0.4268,0.4783,0.4674,0.4005,0.3896,17.27,27.74,11.99,10.15,0.5,0.3333,38.28,39.9,8.55,21.8
68,1,CA3-DG,158.0,0.628,0.634,116.0,12000,0.3464,3,0.1235,0.0315,0,0.0973,0.1836,0.4883,0.4603,0.4861,0.4879,0.4071,0.4002,19.88,27.94,7.64,11.77,0.0,0.7143,23.73,41.84,11.2,24.07
68,1,CA3-DG,163.0,0.648,0.5078,121.0,12000,0.3413,3,0.1169,0.0579,0,0.0794,0.1809,0.4703,0.4625,0.4598,0.4849,0.4018,0.4007,21.34,31.08,11.84,19.16,0.2,0.5,43.37,37.17,10.04,19.43
68,1,CA3-DG,168.0,0.668,0.3056,126.0,12000,0.3813,3,0.1192,0.0415,0,0.0821,0.1509,0.4802,0.4588,0.4744,0.4603,0.3859,0.4083,14.86,27.22,9.51,16.09,0.2,0.2,21.22,48.97,13.59,25.67
68,1,CA3-DG,173.0,0.688,0.3056,131.0,12000,0.3705,3,0.1155,0.0086,0,0.0935,0.2032,0.4155,0.4105,0.4255,0.444,0.3609,0.3842,32.02,37.87,20.18,26.27,0.5,0.2,28.38,84.15,12.36,42.61
68,1,CA3-DG,178.0,0.708,0.3222,136.0,12000,0.3619,3,0.1252,0.0086,0,0.0628,0.1692,0.4974,0.4626,0.4951,0.4823,0.4059,0.4111,28.5,26.98,11.36,18.18,0.5,0.2,24.11,37.82,17.06,22.01
68,1,CA3-DG,183.0,0.728,0.3667,141.0,12000,0.3207,3,0.1066,0.0397,0,0.1986,0.1653,0.4656,0.401,0.481,0.445,0.3664,0.3775,19.45,28.68,29.47,39.52,0.5,0.2,18.96,42.65,32.23,33.54
68,1,CA3-DG,188.0,0.748,0.3,146.0,12000,0.3171,2,0.078,0.0578,0,0.2719,0.1919,0.4512,0.4742,0.489,0.5073,0.4109,0.4072,30.42,44.66,13.41,17.69,0.5,0.0909,87.36,73.41,74.94,24.37
68,1,CA3-DG,193.0,0.768,0.1333,151.0,12000,0.3324,2,0.0886,0.0643,0,0.1541,0.1747,0.4517,0.4026,0.5238,0.4253,0.3903,0.3654,30.86,41.92,10.3,12.19,1.0,0.5,60.63,63.5,16.75,18.45
68,1,CA3-DG,198.0,0.788,0.0833,156.0,14000,0.3512,3,0.1054,0.0074,0,0.1155,0.1445,0.4338,0.4236,0.4395,0.4447,0.3589,0.4184,23.99,42.98,26.1,30.72,0.2,0.3333,32.93,36.82,15.81,25.6
68,1,CA3-DG,203.0,0.808,0.0167,161.0,10000,0.3551,2,0.1156,0.0649,0,0.0905,0.1943,0.4185,0.3345,0.5402,0.403,0.3465,0.3819,22.29,36.87,17.55,21.06,0.5,0.2,27.03,70.61,17.68,24.31
68,1,CA3-DG,208.0,0.828,0.0167,166.0,12000,0.3208,3,0.115,0.061,0,0.0943,0.147,0.4473,0.3467,0.4558,0.3673,0.3424,0.384,27.11,39.26,21.79,34.78,0.5,0.3333,26.96,41.28,14.08,36.47
68,1,CA3-DG,213.0,0.848,0.0,171.0,14000,0.2972,3,0.0981,0.0549,0,0.1349,0.1685,0.3958,0.3927,0.3997,0.4485,0.3593,0.3678,38.07,38.73,44.2,57.36,0.2,0.0909,42.03,51.6,38.23,45.07
68,1,CA3-DG,218.0,0.868,0.0,176.0,12000,0.3237,3,0.1025,0.058,0,0.0793,0.1871,0.4637,0.4185,0.4569,0.4263,0.3687,0.3702,36.75,25.91,9.07,22.09,0.5,0.3333,30.5,43.87,14.95,29.89
68,1,CA3-DG,223.0,0.888,0.0,181.0,12000,0.3316,3,0.1116,0.075,0,0.092,0.1792,0.385,0.3991,0.404,0.4172,0.3343,0.3777,18.05,40.03,10.92,22.33,0.5,0.3333,43.26,39.93,20.55,35.58
68,1,CA3-DG,228.0,0.908,0.0519,186.0,10000,0.3193,3,0.0929,0.0659,0,0.1185,0.2426,0.4302,0.4483,0.4226,0.4939,0.353,0.394,20.81,30.46,10.66,18.69,0.5,0.2,30.09,58.85,26.9,35.68
68,1,CA3-DG,233.0,0.928,0.1704,191.0,12000,0.3238,3,0.0921,0.0535,0,0.0756,0.1922,0.45,0.3979,0.4682,0.406,0.361,0.3688,22.48,36.35,16.21,18.74,0.5,0.3333,29.94,77.65,16.84,66.78
68,1,CA3-DG,238.0,0.948,0.1704,196.0,14000,0.264,3,0.0811,0.0268,0,0.1188,0.1385,0.4456,0.4421,0.4908,0.4592,0.3444,0.4029,20.18,24.29,42.84,48.92,0.2,0.5,34.03,56.5,78.37,83.62
68,1,CA3-DG,243.0,0.968,0.1363,201.0,14000,0.2782,2,0.0693,0.0288,0,0.136,0.1713,0.4394,0.4098,0.5123,0.4597,0.3676,0.3785,78.11,75.44,55.24,64.15,0.0,0.3333,79.56,75.11,10.17,70.33
70,0,CA1-RSC,8.0,0.2059,0.2572,,30000,0.0943,14,0.5885,-0.0105,-2,0.4392,0.5199,0.4874,0.5476,0.4431,0.5259,0.1112,0.0894,nan,nan,nan,nan,,,85.4,80.98,61.69,60.2
70,0,CA1-RSC,13.0,0.3529,0.3525,,32000,-0.0779,11,0.1033,0.1032,5,0.3744,0.426,0.4129,0.4752,0.4062,0.4727,0.1084,0.1022,80.05,81.49,55.63,60.36,0.3125,0.3478,86.47,86.83,65.33,65.89
70,0,CA1-RSC,18.0,0.5,0.3421,,30000,0.0299,5,0.078,0.0404,0,0.3638,0.4428,0.4435,0.5079,0.4168,0.4932,0.1105,0.1059,73.42,82.53,49.3,44.31,0.2727,0.24,84.91,84.41,65.09,64.08
70,0,CA1-RSC,23.0,0.6471,0.3391,,22000,-0.0612,9,0.1881,0.0178,0,0.3772,0.4552,0.4173,0.46,0.4197,0.4643,0.0918,0.0806,88.08,89.22,50.78,46.29,0.3125,0.1923,86.14,87.45,67.89,65.94
70,0,CA1-RSC,28.0,0.7941,0.418,,22000,-0.0747,8,0.4012,0.0878,3,0.3588,0.4318,0.3903,0.4755,0.3752,0.4651,0.0944,0.0884,83.68,81.51,68.49,46.57,0.2727,0.24,88.65,88.2,69.45,72.49
70,0,CA1-DG,8.0,0.2059,0.2572,,30000,-0.4967,8,0.526,-0.0752,0,0.4381,0.3829,0.4805,0.4505,0.4863,0.4092,0.3107,0.3929,nan,nan,nan,nan,,,81.54,74.37,26.16,26.13
70,0,CA1-DG,13.0,0.3529,0.3525,,32000,0.4235,14,0.321,-0.027,0,0.3761,0.3233,0.3676,0.3401,0.3835,0.3282,0.3081,0.3459,65.21,69.28,31.34,22.71,0.2727,0.2,62.26,38.77,24.47,17.44
70,0,CA1-DG,18.0,0.5,0.3421,,30000,0.2723,8,0.1184,-0.0415,0,0.3635,0.3073,0.3823,0.3793,0.3893,0.3765,0.3226,0.3797,53.58,60.91,25.15,19.4,0.2727,0.3333,86.44,79.23,23.07,26.38
70,0,CA1-DG,23.0,0.6471,0.3391,,22000,0.3866,7,0.3528,-0.0162,0,0.3762,0.3077,0.3824,0.406,0.3799,0.3914,0.2922,0.3436,82.54,87.87,25.43,20.84,0.3125,0.2,58.5,57.62,30.91,28.65
70,0,CA1-DG,28.0,0.7941,0.418,,22000,0.6744,11,0.9398,-0.0287,0,0.3572,0.3003,0.3798,0.3236,0.3763,0.3171,0.2871,0.3187,87.81,79.9,32.01,22.88,0.2727,0.1429,81.08,87.67,40.3,31.46
70,0,CA1-V1,8.0,0.2059,0.2572,,30000,0.3734,15,1.1048,-0.0129,0,0.4366,0.3621,0.4621,0.3757,0.4374,0.3562,0.2011,0.1735,nan,nan,nan,nan,,,84.59,84.6,72.04,61.36
70,0,CA1-V1,13.0,0.3529,0.3525,,32000,0.1473,9,0.0991,-0.0199,0,0.3719,0.311,0.3942,0.3094,0.3859,0.3015,0.1956,0.1522,88.81,79.44,75.61,58.88,0.3125,0.3333,64.25,79.23,57.56,52.91
70,0,CA1-V1,18.0,0.5,0.3421,,30000,0.2924,9,0.1925,-0.0106,0,0.3602,0.2768,0.3658,0.2524,0.3691,0.2707,0.2144,0.1637,68.63,51.1,54.13,41.93,0.2727,0.3061,59.91,64.56,45.62,48.42
70,0,CA1-V1,23.0,0.6471,0.3391,,22000,0.0313,11,0.2985,0.0007,0,0.3768,0.2937,0.4002,0.3103,0.3998,0.3092,0.2074,0.176,60.29,53.73,43.62,44.35,0.3125,0.1852,49.36,49.92,69.56,77.69
70,0,CA1-V1,28.0,0.7941,0.418,,22000,0.4009,18,0.9287,-0.0175,0,0.3553,0.3003,0.3735,0.3026,0.3629,0.298,0.1982,0.1629,64.23,56.84,46.49,42.1,0.2727,0.2075,68.12,74.03,57.5,58.9
70,0,CA1-SUB,8.0,0.2059,0.2572,,30000,0.1121,13,0.5232,-0.0195,0,0.4383,0.3146,0.4638,0.3486,0.4504,0.3402,0.2215,0.3139,nan,nan,nan,nan,,,85.38,73.9,46.25,42.17
70,0,CA1-SUB,13.0,0.3529,0.3525,,32000,0.0785,10,0.1249,-0.0326,0,0.3744,0.2679,0.4118,0.3244,0.4178,0.3286,0.2615,0.3303,70.95,44.35,52.16,39.89,0.3125,0.1765,75.64,70.73,35.73,22.46
70,0,CA1-SUB,18.0,0.5,0.3421,,30000,0.0059,8,0.1459,-0.0707,0,0.3636,0.2766,0.3978,0.3463,0.3958,0.3558,0.2402,0.2897,56.26,37.89,36.11,22.49,0.2727,0.4286,66.65,66.2,40.49,31.16
70,0,CA1-SUB,23.0,0.6471,0.3391,,22000,-0.0052,10,0.1896,-0.0871,0,0.377,0.312,0.3991,0.3596,0.4038,0.3587,0.2045,0.3365,52.58,44.9,49.09,29.78,0.3125,0.0526,77.76,64.26,76.78,64.32
70,0,CA1-SUB,28.0,0.7941,0.418,,22000,-0.1603,4,0.0823,-0.1072,0,0.3583,0.2546,0.3629,0.3172,0.4176,0.3733,0.2002,0.2935,66.71,55.19,53.83,43.98,0.2727,0.3333,89.27,88.34,71.64,62.42
70,0,RSC-SUB,8.0,0.2059,0.2572,,30000,0.4998,12,0.7684,0.0088,0,0.518,0.3155,0.4841,0.3479,0.5127,0.3351,0.2424,0.336,nan,nan,nan,nan,,,51.24,42.0,89.58,89.15
70,0,RSC-SUB,13.0,0.3529,0.3525,,32000,0.0347,8,0.1585,0.0067,0,0.426,0.2662,0.3933,0.3671,0.4147,0.3467,0.2607,0.3058,76.09,77.5,48.71,43.14,0.3778,0.1765,80.19,86.61,37.39,29.39
70,0,RSC-SUB,18.0,0.5,0.3421,,30000,0.2043,8,0.2173,0.0295,0,0.4427,0.2762,0.4157,0.4219,0.4281,0.3543,0.2805,0.3486,64.65,54.51,24.09,20.99,0.24,0.3333,87.56,86.54,31.22,29.1
70,0,RSC-SUB,23.0,0.6471,0.3391,,22000,0.3835,14,0.3286,0.0797,0,0.4543,0.3116,0.4475,0.4207,0.4533,0.3787,0.2355,0.3379,59.44,59.94,27.65,22.89,0.1923,0.1111,84.06,89.48,40.04,29.53
70,0,RSC-SUB,28.0,0.7941,0.418,,22000,0.0888,8,0.1506,0.0289,0,0.4323,0.254,0.4443,0.3162,0.4537,0.3356,0.2132,0.2751,70.92,66.43,35.36,28.73,0.24,0.3333,88.7,88.85,44.05,38.44
70,0,V1-RSC,8.0,0.2059,0.2572,,30000,-0.4375,9,0.8225,0.1107,1,0.3642,0.5155,0.359,0.4723,0.3823,0.5107,0.1963,0.2078,nan,nan,nan,nan,,,70.83,65.75,37.51,38.5
70,0,V1-RSC,13.0,0.3529,0.3525,,32000,0.1174,10,0.208,0.0264,0,0.3105,0.4209,0.3224,0.404,0.3362,0.435,0.1876,0.2051,71.96,73.39,72.55,66.62,0.3061,0.3191,88.12,79.06,42.6,42.99
70,0,V1-RSC,18.0,0.5,0.3421,,30000,0.1605,7,0.2607,0.0623,0,0.2762,0.4376,0.3002,0.4222,0.3036,0.4334,0.1842,0.2044,41.85,55.59,48.69,40.11,0.3061,0.2157,50.86,52.91,48.87,30.41
70,0,V1-RSC,23.0,0.6471,0.3391,,22000,0.4022,6,0.2819,-0.0119,0,0.2931,0.4506,0.3244,0.4601,0.3219,0.4534,0.1566,0.1764,70.01,77.26,54.11,53.15,0.1852,0.1923,74.87,84.18,33.7,33.44
70,0,V1-RSC,28.0,0.7941,0.418,,22000,-0.0225,7,0.3716,0.0184,0,0.3004,0.4276,0.3348,0.4318,0.3441,0.4286,0.1526,0.1766,85.69,78.58,32.84,34.46,0.2308,0.24,68.8,73.65,43.41,40.79
71,0,CA1-RSC,8.0,0.0337,0.1071,,16000,-0.0303,8,0.227,-0.0109,0,0.2647,0.5348,0.3173,0.5661,0.3067,0.5646,0.1123,0.1371,nan,nan,nan,nan,,,86.39,88.97,69.61,89.1
71,0,CA1-RSC,13.0,0.0577,0.1175,,14000,-0.7305,7,0.5519,0.0044,0,0.2951,0.5359,0.3908,0.5595,0.3554,0.5509,0.0888,0.1308,69.63,82.73,48.84,68.56,0.7143,0.5349,84.83,89.29,74.89,88.63
71,0,CA1-RSC,18.0,0.0817,0.1052,,16000,-0.1597,9,0.185,0.0439,0,0.1729,0.4991,0.1996,0.5146,0.2077,0.5151,0.0642,0.1106,61.67,80.04,68.14,71.21,0.5,0.4667,77.59,85.14,72.28,75.2
71,0,CA1-RSC,23.0,0.1058,0.1173,,14000,-0.3574,7,0.2939,0.009,0,0.2146,0.4951,0.2566,0.492,0.2403,0.4918,0.0635,0.1113,80.67,87.96,55.31,76.48,0.5,0.5349,85.32,79.12,70.13,86.53
71,0,CA1-RSC,28.0,0.1298,0.1241,,16000,0.1946,12,0.9018,0.035,0,0.1961,0.4539,0.2197,0.4643,0.1615,0.4575,0.0572,0.1,75.73,84.51,56.32,66.15,0.3333,0.375,84.14,80.69,46.2,78.84
71,0,CA1-RSC,33.0,0.1538,0.1319,,14000,0.3912,11,0.4228,-0.0017,0,0.1541,0.4342,0.2334,0.4392,0.2172,0.4349,0.0549,0.1144,87.79,78.53,74.85,70.53,0.3333,0.375,87.6,89.08,87.65,72.56
71,0,CA1-RSC,38.0,0.1779,0.1197,,12000,-0.0054,6,0.4779,-0.0826,-1,0.2142,0.5271,0.2378,0.5414,0.2375,0.5415,0.0553,0.1217,65.35,88.34,83.21,87.66,0.5,0.2941,79.53,81.79,72.61,81.12
71,0,CA1-RSC,43.0,0.2019,0.1044,,12000,0.4384,10,0.6732,-0.0814,-5,0.2259,0.4933,0.2762,0.5005,0.2598,0.5051,0.08,0.1284,87.19,88.78,57.41,84.32,0.7143,0.6098,89.49,77.08,88.74,77.17
71,0,CA1-RSC,48.0,0.226,0.1146,,14000,-0.1383,16,0.3847,0.028,2,0.1944,0.4597,0.221,0.469,0.2049,0.4664,0.0535,0.1067,89.72,87.04,83.59,89.88,0.5,0.32,78.3,89.28,67.08,87.0
71,0,CA1-RSC,53.0,0.25,0.1443,,14000,0.3728,5,0.1334,0.0095,0,0.1169,0.4821,0.2221,0.4866,0.1563,0.5009,0.0616,0.1197,83.8,83.46,78.88,89.41,0.3333,0.4348,83.16,89.78,68.83,78.68
71,0,CA1-RSC,58.0,0.274,0.1561,,12000,0.0765,0,0.0,-0.0005,0,0.1154,0.4344,0.2476,0.4619,nan,nan,0.0647,0.1143,81.47,83.26,82.51,70.96,0.5,0.2941,73.3,84.82,57.14,71.26
71,0,CA1-RSC,63.0,0.2981,0.1682,,14000,0.0549,7,0.0864,0.0255,0,0.099,0.4328,0.1914,0.4508,0.2016,0.4598,0.06,0.1119,78.99,85.76,74.7,69.81,0.5,0.2453,70.21,77.42,58.1,68.01
71,0,CA1-RSC,68.0,0.3221,0.1544,,12000,-0.028,4,0.1531,-0.0172,-1,0.1384,0.4134,0.2038,0.4543,0.2223,0.4509,0.0562,0.1123,78.75,86.74,50.54,62.78,0.7143,0.3469,86.86,89.12,79.39,88.38
71,0,CA1-RSC,73.0,0.3462,0.2076,,12000,-0.0603,4,0.2347,0.0721,1,0.099,0.4459,0.2165,0.4428,0.219,0.4601,0.0754,0.1255,80.54,84.61,67.56,86.41,0.5,0.2453,77.7,83.2,72.76,83.71
71,0,CA1-RSC,78.0,0.3702,0.2329,,12000,-0.086,9,0.1446,0.0082,2,0.0852,0.4221,0.1352,0.4372,0.1311,0.4381,0.0431,0.1044,87.9,85.59,85.43,86.24,0.5,0.4667,77.3,88.36,71.7,78.89
71,0,CA1-RSC,83.0,0.3942,0.2927,,10000,-0.0628,8,0.4151,0.0105,2,0.0979,0.4241,0.1974,0.4466,0.1868,0.444,0.0413,0.1025,86.5,88.36,59.64,72.66,0.2,0.4043,76.86,86.3,85.34,75.46
71,0,CA1-RSC,88.0,0.4183,0.305,,10000,-0.0422,4,0.1792,0.029,2,0.1079,0.3751,0.2214,0.432,0.2056,0.4268,0.0511,0.1023,82.27,87.46,49.75,66.46,0.2,0.3469,86.82,80.16,88.61,71.53
71,0,CA1-RSC,93.0,0.4423,0.3096,,12000,0.21,6,0.0878,0.0344,0,0.0998,0.4147,0.2205,0.4484,0.2234,0.4527,0.0659,0.119,86.83,87.29,57.0,66.03,0.3333,0.2941,86.79,83.06,74.05,82.15
71,0,CA1-RSC,98.0,0.4663,0.3513,,10000,-0.057,7,0.2371,0.0051,1,0.1091,0.4346,0.1844,0.4517,0.1898,0.4549,0.0642,0.1065,72.19,74.64,59.13,66.67,0.7143,0.2941,86.67,89.9,81.21,81.2
71,0,CA1-RSC,103.0,0.4904,0.3188,,14000,-0.3066,6,0.1589,0.0212,0,0.1331,0.4747,0.2578,0.4774,0.2345,0.4815,0.0595,0.1103,89.5,76.11,61.47,66.93,0.3333,0.2222,79.51,83.95,53.55,69.01
71,0,CA1-RSC,108.0,0.5144,0.2915,,12000,-0.0211,6,0.3728,-0.039,-1,0.0653,0.39,0.1905,0.4281,0.1419,0.3971,0.0519,0.1124,89.02,88.73,63.58,66.52,0.3333,0.4667,89.15,88.32,79.12,79.35
71,0,CA1-RSC,113.0,0.5385,0.1958,,10000,0.1103,5,0.2937,0.0305,0,0.0987,0.3831,0.2425,0.4238,0.2197,0.4291,0.0648,0.1186,87.59,88.61,50.06,64.69,0.3333,0.4667,85.47,88.0,78.64,79.83
71,0,CA1-RSC,118.0,0.5625,0.1816,,12000,-0.1624,14,0.2815,0.028,0,0.1235,0.4463,0.1512,0.4559,0.1654,0.4606,0.084,0.1259,83.27,76.27,73.28,78.08,0.5,0.32,87.63,82.64,88.37,88.37
71,0,CA1-RSC,123.0,0.5865,0.2011,,10000,-0.3582,4,0.2119,0.027,0,0.0972,0.4207,0.2507,0.4443,0.2236,0.4356,0.0725,0.1206,86.54,85.01,82.75,85.22,0.3333,0.5714,74.65,85.9,67.57,79.75
71,0,CA1-RSC,128.0,0.6106,0.1961,,10000,-0.33,8,0.3602,0.0144,-1,0.1187,0.4397,0.1672,0.4605,0.1387,0.4468,0.0426,0.1032,66.69,86.79,73.98,77.47,0.5,0.4043,82.32,86.19,80.54,84.08
71,0,CA1-RSC,133.0,0.6346,0.2135,,10000,-0.2291,6,0.1236,0.0152,-1,0.1575,0.4279,0.2986,0.4472,0.3084,0.4494,0.0581,0.1128,88.13,83.55,88.01,82.42,0.3333,0.2,69.76,86.39,70.86,78.36
71,0,CA1-RSC,138.0,0.6587,0.1735,,12000,-0.2646,6,0.1422,-0.0245,0,0.0795,0.4858,0.2179,0.513,0.1686,0.4903,0.0575,0.1127,79.23,89.55,86.98,77.36,0.3333,0.4667,81.23,85.61,72.95,70.43
71,0,CA1-RSC,143.0,0.6827,0.163,,12000,0.1054,0,0.0,-0.0069,0,0.1055,0.467,0.2343,0.4675,nan,nan,0.0529,0.1074,80.16,82.13,46.67,55.7,0.5,0.5714,87.04,85.9,55.53,65.45
71,0,CA1-RSC,148.0,0.7067,0.1074,,12000,0.198,13,0.2518,0.0092,0,0.1075,0.4244,0.1594,0.4292,0.1521,0.4248,0.0585,0.1122,78.81,76.75,51.64,72.72,0.5,0.4667,87.5,85.87,78.45,84.7
71,0,CA1-RSC,153.0,0.7308,0.1431,,12000,0.0494,0,0.0,-0.0096,0,0.2379,0.4156,0.2743,0.4247,nan,nan,0.0612,0.1171,83.48,81.4,51.02,70.95,0.7143,0.4043,67.27,82.37,81.58,88.44
71,0,CA1-RSC,158.0,0.7548,0.1202,,12000,0.2224,7,0.0798,0.0295,1,0.1461,0.4331,0.195,0.4318,0.2267,0.4389,0.0532,0.1065,69.77,82.48,85.39,77.66,0.7143,0.4348,87.5,88.85,71.29,80.81
71,0,CA1-RSC,163.0,0.7788,0.1288,,10000,0.4141,9,0.6861,0.0506,5,0.185,0.4329,0.2465,0.4466,0.2548,0.4485,0.0537,0.1168,81.69,84.97,68.99,81.76,0.7143,0.5349,86.71,84.11,89.25,87.85
71,0,CA1-RSC,168.0,0.8029,0.0846,,12000,0.1093,1,0.006,0.0087,0,0.173,0.4484,0.2138,0.4524,0.4575,0.5656,0.054,0.1223,80.6,87.05,55.97,77.08,0.7143,0.375,87.09,89.98,76.75,81.45
71,0,CA1-RSC,173.0,0.8269,0.0848,,14000,0.1501,1,0.0114,0.0499,2,0.1399,0.4465,0.2605,0.4408,0.5174,0.5532,0.0554,0.1131,88.38,88.25,65.22,65.13,0.5,0.4667,87.8,89.13,87.52,65.75
71,0,CA1-RSC,178.0,0.851,0.1263,,12000,0.0817,0,0.0,0.0069,0,0.134,0.4347,0.2,0.4518,nan,nan,0.0546,0.0979,87.19,85.03,70.31,80.9,0.2,0.2941,84.7,89.56,72.57,88.41
71,0,CA1-RSC,183.0,0.875,0.1358,,8000,0.3184,9,0.3287,0.0253,0,0.2185,0.432,0.2355,0.4615,0.2689,0.4557,0.0475,0.1135,81.13,89.31,73.99,70.65,0.5,0.3469,87.85,85.73,74.4,72.82
71,0,CA1-RSC,188.0,0.899,0.181,,10000,0.0065,0,0.0,0.0071,0,0.1381,0.4361,0.1919,0.4947,nan,nan,0.0646,0.1284,87.45,81.58,73.21,83.88,0.5,0.375,82.95,87.77,61.56,81.43
71,0,CA1-RSC,193.0,0.9231,0.1782,,8000,0.0257,6,0.1595,0.0621,0,0.1567,0.4516,0.2191,0.4818,0.215,0.4825,0.0576,0.1089,85.38,83.3,76.43,71.65,0.5,0.5714,85.23,87.07,88.99,83.83
71,0,CA1-RSC,198.0,0.9471,0.2372,,10000,0.0079,0,0.0,-0.0105,0,0.1404,0.435,0.2587,0.4747,nan,nan,0.0515,0.1117,82.35,89.43,86.25,74.35,0.5,0.5,82.21,85.47,77.05,77.63
71,0,CA1-CA3,8.0,0.0337,0.1071,,16000,0.5338,10,0.7007,-0.0471,0,0.2663,0.356,0.3258,0.3352,0.2996,0.3495,0.2484,0.2387,nan,nan,nan,nan,,,89.47,78.8,46.52,44.47
71,0,CA1-CA3,13.0,0.0577,0.1175,,14000,0.6795,11,1.5042,-0.0307,0,0.2957,0.3911,0.3103,0.3856,0.3213,0.3892,0.2172,0.225,58.2,59.82,20.86,32.5,0.7143,0.2593,84.28,77.2,29.56,33.55
71,0,CA1-CA3,18.0,0.0817,0.1052,,16000,0.4261,13,0.3505,-0.0804,0,0.1725,0.3685,0.2533,0.3374,0.2113,0.3635,0.2328,0.2408,56.58,56.63,39.79,39.48,0.5,0.36,84.38,73.14,28.93,38.09
71,0,CA1-CA3,23.0,0.1058,0.1173,,14000,-0.0834,9,0.7423,-0.0214,0,0.2146,0.376,0.2703,0.4138,0.2693,0.4029,0.2508,0.239,67.33,63.44,13.3,34.57,0.5,0.5455,82.52,86.16,14.48,30.48
71,0,CA1-CA3,28.0,0.1298,0.1241,,16000,0.5593,8,0.5838,-0.029,0,0.1957,0.3461,0.3153,0.3636,0.2765,0.3531,0.2844,0.2557,52.81,61.39,11.62,25.39,0.3333,0.36,67.66,83.12,13.7,30.35
71,0,CA1-CA3,33.0,0.1538,0.1319,,14000,-0.0219,5,0.1965,-0.0434,0,0.1543,0.3195,0.2153,0.3747,0.2276,0.3857,0.2468,0.2396,84.95,82.25,12.12,30.59,0.3333,0.36,85.02,83.34,26.58,32.19
71,0,CA1-CA3,38.0,0.1779,0.1197,,12000,0.3414,12,0.6028,-0.0258,0,0.2138,0.3421,0.2829,0.3571,0.2466,0.3518,0.2399,0.2378,87.22,77.04,14.29,32.59,0.5,0.2143,88.38,85.62,19.05,28.34
71,0,CA1-CA3,43.0,0.2019,0.1044,,12000,0.4293,12,0.8909,-0.02,0,0.2261,0.339,0.3234,0.3493,0.3024,0.3566,0.2758,0.247,89.22,84.99,19.9,21.98,0.7143,0.2593,71.5,88.64,33.02,33.92
71,0,CA1-CA3,48.0,0.226,0.1146,,14000,0.4309,12,0.388,0.0012,0,0.1943,0.3279,0.2925,0.3097,0.2614,0.3191,0.2923,0.2755,59.88,64.61,20.78,27.85,0.5,0.36,79.84,82.45,17.86,27.56
71,0,CA1-CA3,53.0,0.25,0.1443,,14000,0.297,7,0.2238,0.0068,0,0.1161,0.3029,0.255,0.3196,0.2249,0.3153,0.2808,0.267,38.33,60.27,14.75,38.24,0.3333,0.4783,34.63,77.08,27.33,44.44
71,0,CA1-CA3,58.0,0.274,0.1561,,12000,0.3206,2,0.0685,0.0019,0,0.115,0.3073,0.3022,0.3223,0.5563,0.4095,0.2856,0.2664,58.97,72.17,13.26,37.36,0.5,0.1724,88.82,81.13,14.91,39.07
71,0,CA1-CA3,63.0,0.2981,0.1682,,14000,0.4368,9,0.237,0.0164,0,0.0972,0.2927,0.2092,0.2954,0.1639,0.3013,0.2862,0.2724,68.88,79.56,14.97,35.47,0.5,0.2593,62.75,72.44,12.49,38.09
71,0,CA1-CA3,68.0,0.3221,0.1544,,12000,-0.0817,14,0.6434,-0.0085,0,0.1367,0.3188,0.1752,0.334,0.1687,0.331,0.273,0.2727,46.92,57.57,12.02,37.01,0.7143,0.3077,74.9,85.23,12.85,35.51
71,0,CA1-CA3,73.0,0.3462,0.2076,,12000,0.0945,12,0.6939,-0.0088,0,0.097,0.3513,0.164,0.3522,0.1494,0.3681,0.2878,0.2693,58.54,68.89,16.71,41.73,0.7143,0.2143,81.1,80.08,23.33,31.57
71,0,CA1-CA3,78.0,0.3702,0.2329,,12000,-0.0564,11,0.2903,0.014,0,0.0828,0.3487,0.1765,0.3778,0.1437,0.3822,0.2822,0.2534,38.18,61.42,12.01,27.24,0.5,0.2593,89.78,87.59,23.28,37.59
71,0,CA1-CA3,83.0,0.3942,0.2927,,10000,0.6582,7,0.7614,-0.0148,0,0.0973,0.3102,0.259,0.3479,0.2028,0.3487,0.2621,0.242,69.27,73.47,15.21,26.97,0.2,0.5455,86.59,89.61,55.41,46.04
71,0,CA1-CA3,88.0,0.4183,0.305,,10000,0.6341,5,0.3276,-0.0397,0,0.1083,0.3119,0.3726,0.4146,0.2855,0.3732,0.2565,0.24,81.48,82.17,18.41,28.69,0.2,0.3077,82.32,71.33,19.85,38.03
71,0,CA1-CA3,93.0,0.4423,0.3096,,12000,0.465,10,0.3752,0.0186,0,0.0988,0.3202,0.1939,0.324,0.1495,0.3227,0.2669,0.2655,68.43,89.91,15.72,30.15,0.3333,0.2143,89.91,83.8,18.79,39.45
71,0,CA1-CA3,98.0,0.4663,0.3513,,10000,0.2325,10,0.3959,-0.0182,0,0.1084,0.31,0.1545,0.3058,0.1756,0.3091,0.2544,0.2634,63.33,63.53,12.32,35.21,0.5,0.36,79.6,87.75,24.12,36.47
71,0,CA1-CA3,103.0,0.4904,0.3188,,14000,0.0869,4,0.2198,-0.0106,0,0.132,0.3372,0.2089,0.4085,0.2284,0.4138,0.2687,0.2925,63.22,89.54,12.2,36.11,0.3333,0.2593,78.4,64.78,24.75,43.97
71,0,CA1-CA3,108.0,0.5144,0.2915,,12000,0.3089,10,0.751,0.0024,0,0.0626,0.3075,0.1792,0.3369,0.1562,0.3389,0.2422,0.2618,86.97,85.7,10.41,34.05,0.3333,0.2593,70.21,79.38,20.16,44.11
71,0,CA1-CA3,113.0,0.5385,0.1958,,10000,0.4866,7,0.5275,-0.0019,0,0.0975,0.3236,0.3493,0.3859,0.2312,0.3388,0.2404,0.2439,44.8,58.8,13.83,35.73,0.3333,0.3077,70.42,83.51,26.1,39.17
71,0,CA1-CA3,118.0,0.5625,0.1816,,12000,0.0289,10,0.1817,-0.0454,0,0.122,0.3524,0.1745,0.3713,0.203,0.3843,0.2769,0.2919,64.2,81.27,16.99,49.69,0.2,0.2593,86.96,74.74,26.61,38.65
71,0,CA1-CA3,123.0,0.5865,0.2011,,10000,0.0565,7,0.1304,-0.0968,0,0.0969,0.3414,0.1658,0.3839,0.1897,0.401,0.2704,0.2542,76.16,84.06,19.41,35.87,0.3333,0.4783,43.71,68.96,24.96,41.82
71,0,CA1-CA3,128.0,0.6106,0.1961,,10000,0.5164,9,0.5022,-0.0194,0,0.1177,0.3425,0.2373,0.3906,0.2158,0.3706,0.2659,0.2542,57.33,59.77,16.06,39.78,0.3333,0.3077,63.43,70.08,16.23,37.36
71,0,CA1-CA3,133.0,0.6346,0.2135,,10000,0.6666,5,1.0216,-0.0133,0,0.157,0.3624,0.3611,0.4577,0.2789,0.4241,0.2535,0.2801,53.09,68.19,11.84,32.36,0.3333,0.36,46.02,58.03,26.47,31.66
71,0,CA1-CA3,138.0,0.6587,0.1735,,12000,-0.0928,9,0.4487,0.0004,0,0.077,0.3265,0.1769,0.3891,0.1342,0.3961,0.2766,0.273,50.42,51.01,14.01,24.64,0.2,0.4167,65.65,67.46,16.89,37.98
71,0,CA1-CA3,143.0,0.6827,0.163,,12000,0.4665,8,0.3872,0.0377,0,0.1037,0.3631,0.2373,0.4152,0.1577,0.3923,0.26,0.2806,56.97,64.43,11.69,25.32,0.3333,0.36,81.88,84.04,16.65,35.98
71,0,CA1-CA3,148.0,0.7067,0.1074,,12000,0.4087,9,0.2327,-0.0118,0,0.1057,0.3256,0.2259,0.3368,0.1762,0.351,0.2529,0.2589,86.19,87.14,14.64,37.94,0.7143,0.3077,87.74,88.17,10.87,32.71
71,0,CA1-CA3,153.0,0.7308,0.1431,,12000,0.4465,10,0.302,0.0133,0,0.2384,0.3428,0.3007,0.3881,0.2404,0.3576,0.2862,0.2779,60.52,66.87,12.19,26.51,0.5,0.3077,70.8,74.58,17.87,38.25
71,0,CA1-CA3,158.0,0.7548,0.1202,,12000,0.6398,5,0.4396,0.02,0,0.1461,0.3749,0.3377,0.4096,0.2945,0.4179,0.2849,0.2852,43.49,52.23,14.51,26.61,0.7143,0.3077,58.26,82.73,24.59,35.22
71,0,CA1-CA3,163.0,0.7788,0.1288,,10000,0.1726,8,0.6079,0.0722,0,0.1843,0.4021,0.2714,0.4186,0.2686,0.4148,0.2432,0.2677,80.79,83.34,19.63,31.71,0.7143,0.4783,80.64,88.02,27.33,38.09
71,0,CA1-CA3,168.0,0.8029,0.0846,,12000,0.5009,5,0.2167,0.0464,0,0.1729,0.3967,0.275,0.4311,0.2658,0.415,0.2601,0.2884,68.36,64.75,19.54,27.9,0.7143,0.5455,75.3,83.38,23.77,41.27
71,0,CA1-CA3,173.0,0.8269,0.0848,,14000,0.4379,10,0.3069,0.0468,0,0.1389,0.3749,0.2566,0.3771,0.1907,0.3677,0.2557,0.28,76.86,78.58,14.3,32.08,0.5,0.4783,55.78,72.72,36.73,32.91
71,0,CA1-CA3,178.0,0.851,0.1263,,12000,-0.1576,4,0.192,0.0313,0,0.134,0.3293,0.2766,0.4106,0.2744,0.3851,0.2806,0.296,65.12,68.24,14.16,40.27,0.2,0.1333,79.82,77.19,16.32,36.4
71,0,CA1-CA3,183.0,0.875,0.1358,,8000,0.5797,10,0.829,0.0342,0,0.2198,0.3257,0.2801,0.3593,0.2685,0.3482,0.2505,0.2525,39.03,50.78,13.75,31.1,0.5,0.3077,57.71,71.63,29.18,44.21
71,0,CA1-CA3,188.0,0.899,0.181,,10000,0.4785,6,0.241,0.0168,0,0.1386,0.377,0.2916,0.4431,0.2767,0.4446,0.2759,0.2779,64.39,67.02,15.9,28.48,0.5,0.36,83.55,86.88,26.04,37.61
71,0,CA1-CA3,193.0,0.9231,0.1782,,8000,0.4835,12,0.3785,0.0426,0,0.157,0.4509,0.2776,0.4934,0.2406,0.4867,0.2534,0.262,48.25,60.17,16.07,36.61,0.3333,0.4783,81.57,76.97,16.28,27.93
71,0,CA1-CA3,198.0,0.9471,0.2372,,10000,0.503,7,0.2589,0.0543,0,0.1408,0.39,0.2439,0.4242,0.2147,0.4106,0.2319,0.2518,63.75,80.55,10.09,35.27,0.5,0.4167,63.47,79.86,24.4,44.07
71,0,CA1-DG,8.0,0.0337,0.1071,,16000,0.3677,11,0.2911,0.0156,0,0.2652,0.5454,0.2944,0.5214,0.3096,0.5402,0.2564,0.3031,nan,nan,nan,nan,,,79.99,85.48,36.93,43.99
71,0,CA1-DG,13.0,0.0577,0.1175,,14000,0.2145,8,0.3318,0.0673,0,0.2942,0.5402,0.3514,0.5409,0.2825,0.5358,0.301,0.3044,88.1,84.63,17.3,32.03,0.7143,0.55,45.5,52.27,54.51,46.03
71,0,CA1-DG,18.0,0.0817,0.1052,,16000,0.249,2,0.0517,0.0762,0,0.1726,0.495,0.4208,0.5166,0.5181,0.5673,0.2731,0.2756,89.02,86.16,21.86,25.93,0.5,0.55,71.33,86.32,25.44,33.63
71,0,CA1-DG,23.0,0.1058,0.1173,,14000,0.3921,14,0.3945,0.0533,0,0.2151,0.4927,0.2374,0.4689,0.2468,0.4903,0.2511,0.2557,75.98,83.13,28.84,35.05,0.5,0.4419,70.35,78.75,46.98,31.08
71,0,CA1-DG,28.0,0.1298,0.1241,,16000,0.2275,2,0.0487,0.0761,0,0.1932,0.4912,0.4689,0.5153,0.5375,0.5511,0.2861,0.2934,51.98,66.24,34.56,45.98,0.3333,0.4091,71.5,85.95,21.52,44.56
71,0,CA1-DG,33.0,0.1538,0.1319,,14000,0.2342,2,0.0471,0.0133,0,0.1541,0.4509,0.4332,0.4701,0.527,0.503,0.2378,0.2607,53.65,81.0,22.07,33.17,0.3333,0.3191,52.87,88.71,28.93,45.79
71,0,CA1-DG,38.0,0.1779,0.1197,,12000,0.2244,4,0.0706,0.0634,0,0.2155,0.4641,0.2611,0.4535,0.2999,0.4912,0.2455,0.2644,83.19,79.82,21.1,29.56,0.5,0.4419,86.99,85.69,26.28,38.47
71,0,CA1-DG,43.0,0.2019,0.1044,,12000,0.1601,3,0.066,0.0612,0,0.2252,0.4662,0.3389,0.4745,0.4264,0.4864,0.2319,0.2738,66.74,82.84,20.73,31.91,0.7143,0.4419,81.14,85.14,38.14,56.45
71,0,CA1-DG,48.0,0.226,0.1146,,14000,0.4352,12,0.5964,0.0585,0,0.1933,0.4487,0.2742,0.4238,0.2291,0.4446,0.2249,0.2732,53.42,68.8,23.29,31.73,0.5,0.3778,84.61,70.58,36.56,41.93
71,0,CA1-DG,53.0,0.25,0.1443,,14000,0.267,5,0.105,0.0099,0,0.1169,0.447,0.1839,0.4203,0.2193,0.4398,0.2243,0.2669,82.08,83.47,26.53,36.47,0.3333,0.2157,54.04,68.61,26.85,39.47
71,0,CA1-DG,58.0,0.274,0.1561,,12000,0.1888,3,0.06,0.0814,0,0.115,0.4263,0.2972,0.4073,0.3576,0.4398,0.204,0.252,37.33,57.75,31.83,41.7,0.5,0.4762,67.07,73.1,34.12,51.66
71,0,CA1-DG,63.0,0.2981,0.1682,,14000,0.1819,2,0.0262,0.0422,0,0.0986,0.4197,0.3431,0.4039,0.4646,0.4456,0.2136,0.2381,38.57,55.16,33.86,52.05,0.5,0.4091,61.46,72.42,41.43,54.98
71,0,CA1-DG,68.0,0.3221,0.1544,,12000,0.1496,7,0.1102,0.1114,0,0.1379,0.4229,0.1983,0.4037,0.204,0.4106,0.2098,0.2214,41.35,58.58,33.43,44.4,0.7143,0.3478,88.97,80.76,77.83,75.16
71,0,CA1-DG,73.0,0.3462,0.2076,,12000,0.1976,4,0.0686,0.0308,0,0.0983,0.4253,0.1881,0.4096,0.3008,0.4184,0.2197,0.2315,67.78,87.32,12.52,39.25,0.5,0.2653,70.27,88.17,31.74,52.03
71,0,CA1-DG,78.0,0.3702,0.2329,,12000,0.3646,2,0.081,0.0628,0,0.0846,0.3928,0.2778,0.3827,0.3723,0.4723,0.2193,0.2395,88.55,88.5,16.36,44.62,0.5,0.2917,84.18,84.23,31.13,53.38
71,0,CA1-DG,83.0,0.3942,0.2927,,10000,0.6484,12,0.6722,0.0877,0,0.0982,0.3859,0.1879,0.3698,0.1579,0.3771,0.217,0.245,73.74,73.59,14.96,40.04,0.2,0.3191,86.97,86.72,39.44,48.91
71,0,CA1-DG,88.0,0.4183,0.305,,10000,0.3157,6,0.1837,0.0931,0,0.1071,0.3963,0.2047,0.3948,0.2088,0.4084,0.2073,0.2405,89.51,72.33,34.35,49.54,0.2,0.4419,76.78,79.87,52.22,61.74
71,0,CA1-DG,93.0,0.4423,0.3096,,12000,0.2505,2,0.06,0.0659,0,0.0997,0.4005,0.2789,0.3498,0.4531,0.3947,0.2096,0.241,72.39,73.21,22.68,36.21,0.3333,0.24,74.22,86.63,44.12,40.64
71,0,CA1-DG,98.0,0.4663,0.3513,,10000,0.3617,10,0.2634,0.0952,0,0.1085,0.4003,0.1601,0.3909,0.1606,0.4074,0.1918,0.2275,82.95,89.37,21.54,38.67,0.7143,0.2157,67.26,89.99,43.16,49.91
71,0,CA1-DG,103.0,0.4904,0.3188,,14000,-0.0101,10,0.1824,0.0648,0,0.1328,0.4227,0.1844,0.4339,0.1703,0.4324,0.2127,0.2643,74.58,82.59,33.06,52.17,0.3333,0.24,50.4,72.87,28.7,34.11
71,0,CA1-DG,108.0,0.5144,0.2915,,12000,0.2292,2,0.0366,0.1011,0,0.0648,0.3913,0.2932,0.3831,0.4286,0.4429,0.2029,0.2298,61.88,77.91,22.18,38.04,0.3333,0.3191,77.82,84.28,82.99,83.76
71,0,CA1-DG,113.0,0.5385,0.1958,,10000,0.3511,13,0.3277,0.0758,0,0.0994,0.3886,0.1298,0.3752,0.1272,0.3911,0.198,0.2239,82.91,88.95,17.69,28.31,0.3333,0.55,84.01,74.52,38.47,59.26
71,0,CA1-DG,118.0,0.5625,0.1816,,12000,0.1959,1,0.0196,0.0514,0,0.1236,0.4139,0.3065,0.3491,0.5465,0.4457,0.1991,0.2219,56.86,68.84,33.98,53.84,0.5,0.2653,78.66,88.29,76.31,79.86
71,0,CA1-DG,123.0,0.5865,0.2011,,10000,0.2237,1,0.0257,0.0664,0,0.0974,0.4308,0.3488,0.4326,0.5753,0.5443,0.1905,0.2266,63.21,75.74,22.7,53.04,0.3333,0.3191,67.04,76.53,49.62,62.31
71,0,CA1-DG,128.0,0.6106,0.1961,,10000,0.2148,1,0.0236,0.0647,0,0.1159,0.4125,0.2763,0.3961,0.436,0.5255,0.2029,0.2433,38.51,65.02,22.28,48.31,0.5,0.3191,75.03,82.46,34.78,58.56
71,0,CA1-DG,133.0,0.6346,0.2135,,10000,0.1308,0,0.0,0.0446,0,0.1568,0.386,0.1934,0.407,nan,nan,0.161,0.2106,69.49,78.94,43.09,47.41,0.3333,0.3478,72.72,86.82,67.09,74.6
71,0,CA1-DG,138.0,0.6587,0.1735,,12000,0.3329,12,0.3108,0.0629,0,0.079,0.3969,0.1835,0.3589,0.1506,0.3879,0.1903,0.2087,67.27,89.57,45.67,59.09,0.3333,0.2917,89.62,86.4,40.64,67.63
71,0,CA1-DG,143.0,0.6827,0.163,,12000,-0.0013,10,0.267,0.0853,0,0.1046,0.369,0.1862,0.3759,0.1751,0.3789,0.2145,0.2326,49.2,52.79,42.47,64.8,0.5,0.3478,89.86,81.96,36.14,46.43
71,0,CA1-DG,148.0,0.7067,0.1074,,12000,0.2066,2,0.0402,0.0078,0,0.1076,0.4053,0.2761,0.3447,0.4495,0.4126,0.2238,0.2372,46.59,64.53,26.39,39.87,0.5,0.3191,86.2,89.67,42.44,53.53
71,0,CA1-DG,153.0,0.7308,0.1431,,12000,0.3834,11,0.4393,0.0811,0,0.2287,0.4282,0.3353,0.3917,0.2851,0.4145,0.2724,0.2982,78.61,72.21,62.03,50.02,0.5,0.4762,66.14,76.35,81.15,84.03
71,0,CA1-DG,158.0,0.7548,0.1202,,12000,0.2047,1,0.0214,0.121,0,0.1458,0.4162,0.3254,0.3859,0.5388,0.5146,0.1897,0.2224,80.51,87.44,76.0,56.52,0.7143,0.3778,73.89,81.53,47.03,64.47
71,0,CA1-DG,163.0,0.7788,0.1288,,10000,0.2619,1,0.0355,0.0874,0,0.1832,0.4197,0.2515,0.4106,0.4537,0.546,0.1954,0.2401,89.13,89.34,33.19,38.94,0.7143,0.4091,71.39,77.41,51.44,51.16
71,0,CA1-DG,168.0,0.8029,0.0846,,12000,0.3089,9,0.1971,0.0903,0,0.1718,0.4376,0.2417,0.4287,0.2396,0.4486,0.2225,0.2665,75.07,79.19,33.63,48.04,0.7143,0.4762,88.91,73.18,32.36,58.29
71,0,CA1-DG,173.0,0.8269,0.0848,,14000,0.218,9,0.1881,0.0694,0,0.1374,0.4515,0.2468,0.417,0.2354,0.4316,0.2361,0.2742,66.72,76.5,30.03,39.58,0.5,0.3191,83.27,88.67,83.05,76.83
71,0,CA1-DG,178.0,0.851,0.1263,,12000,0.2558,1,0.0338,0.0774,0,0.134,0.4471,0.2753,0.4309,0.5358,0.4952,0.1994,0.24,79.08,79.99,33.02,42.85,0.2,0.2917,67.15,89.54,27.84,51.81
71,0,CA1-DG,183.0,0.875,0.1358,,8000,0.2229,10,0.7686,0.0758,0,0.2157,0.4016,0.2645,0.4089,0.2606,0.3979,0.2068,0.2269,81.59,79.03,24.68,37.0,0.5,0.5122,76.07,89.1,76.39,81.6
71,0,CA1-DG,188.0,0.899,0.181,,10000,0.174,2,0.029,0.1134,0,0.1389,0.4422,0.2632,0.4437,0.4391,0.4919,0.1778,0.2162,83.08,71.66,27.65,48.54,0.3333,0.3191,80.19,89.36,59.67,65.48
71,0,CA1-DG,193.0,0.9231,0.1782,,8000,0.3462,4,0.1728,0.0843,0,0.1572,0.4439,0.2225,0.436,0.2806,0.4491,0.1872,0.2245,87.48,79.21,70.91,76.71,0.3333,0.4762,66.3,80.45,67.58,77.31
71,0,CA1-DG,198.0,0.9471,0.2372,,10000,-0.0256,8,0.1798,0.0855,0,0.1409,0.4499,0.1872,0.4906,0.196,0.4899,0.212,0.2558,68.69,77.7,44.84,45.9,0.5,0.4091,82.81,86.98,47.97,53.67
71,0,CA1-V1,8.0,0.0337,0.1071,,16000,-0.357,6,0.362,0.0254,4,0.2655,0.3333,0.3101,0.4137,0.3049,0.4096,0.1049,0.1436,nan,nan,nan,nan,,,85.92,87.91,54.58,71.11
71,0,CA1-V1,13.0,0.0577,0.1175,,14000,0.7462,9,0.8608,0.0864,4,0.2954,0.3164,0.293,0.3414,0.2863,0.3287,0.1247,0.1294,69.3,88.62,55.06,66.04,0.7143,0.28,64.02,80.32,48.9,86.0
71,0,CA1-V1,18.0,0.0817,0.1052,,16000,-0.1469,9,0.1687,0.0494,0,0.1725,0.296,0.1754,0.323,0.1804,0.3235,0.1387,0.1188,69.58,71.26,45.18,84.7,0.5,0.2308,84.91,83.96,87.2,73.55
71,0,CA1-V1,23.0,0.1058,0.1173,,14000,-0.4747,7,0.667,0.0499,0,0.2139,0.3106,0.2605,0.3487,0.2315,0.3395,0.1462,0.1652,81.76,87.66,16.06,30.8,0.5,0.3913,83.52,87.52,36.8,70.27
71,0,CA1-V1,28.0,0.1298,0.1241,,16000,-0.2287,13,0.8277,-0.0307,0,0.1963,0.2877,0.2649,0.321,0.2551,0.3079,0.1107,0.1235,84.15,89.37,40.01,58.49,0.3333,0.2308,73.8,81.45,71.99,78.26
71,0,CA1-V1,33.0,0.1538,0.1319,,14000,0.105,8,0.3168,0.036,0,0.1542,0.2983,0.2205,0.3282,0.2,0.3171,0.1184,0.1405,85.27,80.43,77.68,81.61,0.3333,0.28,86.88,77.73,78.58,69.04
71,0,CA1-V1,38.0,0.1779,0.1197,,12000,0.3007,8,0.2408,0.0168,0,0.2146,0.3396,0.2422,0.3711,0.2141,0.3813,0.0928,0.1126,88.16,75.94,87.63,72.8,0.5,0.1852,82.12,88.64,50.33,78.59
71,0,CA1-V1,43.0,0.2019,0.1044,,12000,-0.2709,6,0.256,0.0607,0,0.2255,0.314,0.2266,0.3723,0.2157,0.3609,0.122,0.1469,80.84,88.78,31.15,56.08,0.7143,0.28,89.4,78.37,88.5,87.58
71,0,CA1-V1,48.0,0.226,0.1146,,14000,0.0699,13,0.2249,-0.0154,-2,0.1944,0.2746,0.2091,0.3006,0.2158,0.2907,0.0999,0.0977,80.41,85.69,86.79,72.69,0.5,0.28,80.33,89.74,79.41,74.54
71,0,CA1-V1,53.0,0.25,0.1443,,14000,-0.0197,9,0.1659,0.0001,5,0.1172,0.2499,0.1353,0.273,0.147,0.2756,0.0699,0.1096,81.1,88.55,81.98,79.59,0.3333,0.2308,78.52,85.12,87.08,87.7
71,0,CA1-V1,58.0,0.274,0.1561,,12000,0.0062,0,0.0,-0.0054,4,0.1154,0.2561,0.2638,0.2975,nan,nan,0.0926,0.1123,86.14,89.25,71.95,84.06,0.5,0.28,83.7,88.57,71.52,85.36
71,0,CA1-V1,63.0,0.2981,0.1682,,14000,0.1808,8,0.1124,0.0432,4,0.0987,0.2404,0.1146,0.2794,0.1201,0.2818,0.0869,0.098,86.68,86.65,74.93,81.68,0.5,0.3333,85.84,88.63,88.57,86.99
71,0,CA1-V1,68.0,0.3221,0.1544,,12000,-0.0041,5,0.1778,-0.0162,0,0.1385,0.2209,0.2323,0.274,0.2806,0.2812,0.0807,0.1074,77.19,88.74,71.08,78.58,0.7143,0.1429,83.14,87.59,89.42,87.65
71,0,CA1-V1,73.0,0.3462,0.2076,,12000,0.2469,10,0.3602,-0.0301,0,0.0995,0.2444,0.1425,0.2735,0.1445,0.2641,0.0844,0.1361,85.74,86.89,89.78,84.22,0.5,0.1852,88.22,86.57,78.33,85.2
71,0,CA1-V1,78.0,0.3702,0.2329,,12000,0.026,9,0.2127,-0.0187,0,0.0853,0.2947,0.1336,0.3261,0.1295,0.3247,0.0818,0.1175,88.22,88.02,88.57,74.9,0.5,0.28,82.08,85.91,72.8,79.49
71,0,CA1-V1,83.0,0.3942,0.2927,,10000,0.4638,11,0.8339,-0.0085,0,0.098,0.2962,0.1674,0.3123,0.1368,0.3085,0.0828,0.11,81.65,89.24,74.07,77.88,0.2,0.28,79.48,89.55,71.87,71.49
71,0,CA1-V1,88.0,0.4183,0.305,,10000,0.2174,8,0.3116,0.0104,0,0.1081,0.2782,0.1632,0.3067,0.1306,0.3052,0.0874,0.0974,75.28,79.61,86.84,75.82,0.2,0.2308,79.72,89.63,81.64,89.08
71,0,CA1-V1,93.0,0.4423,0.3096,,12000,-0.0852,5,0.0816,-0.0247,0,0.0997,0.2865,0.2142,0.3457,0.2113,0.3462,0.1162,0.1055,85.16,87.8,81.97,75.15,0.3333,0.3333,81.81,86.34,60.32,63.46
71,0,CA1-V1,98.0,0.4663,0.3513,,10000,-0.0089,4,0.1799,-0.0345,0,0.1094,0.2584,0.1633,0.3473,0.1872,0.368,0.0958,0.1032,82.28,82.66,43.75,69.46,0.7143,0.3333,83.66,84.31,82.91,84.69
71,0,CA1-V1,103.0,0.4904,0.3188,,14000,-0.1235,5,0.1837,-0.0295,-4,0.1331,0.2512,0.1614,0.3153,0.1641,0.3271,0.0703,0.1106,88.49,84.16,75.19,89.37,0.3333,0.3333,84.24,88.94,71.38,89.71
71,0,CA1-V1,108.0,0.5144,0.2915,,12000,-0.0366,10,0.7359,0.027,0,0.0654,0.244,0.1198,0.2702,0.0984,0.2622,0.0942,0.1326,81.12,82.07,85.31,73.8,0.3333,0.3333,77.39,85.33,80.27,75.49
71,0,CA1-V1,113.0,0.5385,0.1958,,10000,-0.0975,9,0.4183,-0.0067,0,0.0994,0.2524,0.1865,0.3007,0.1841,0.2845,0.0988,0.1082,89.42,89.49,60.03,65.2,0.3333,0.28,81.42,89.2,73.62,83.13
71,0,CA1-V1,118.0,0.5625,0.1816,,12000,-0.1578,8,0.142,0.0161,0,0.1237,0.238,0.1864,0.2713,0.2046,0.2653,0.1053,0.1083,88.93,80.46,59.48,63.56,0.3333,0.1852,89.0,88.71,61.84,74.72
71,0,CA1-V1,123.0,0.5865,0.2011,,10000,-0.0999,7,0.1062,0.002,0,0.0977,0.2543,0.1676,0.2836,0.155,0.2817,0.0808,0.1184,78.52,78.42,82.65,87.16,0.3333,0.3333,88.57,87.42,84.39,73.29
71,0,CA1-V1,128.0,0.6106,0.1961,,10000,-0.0523,8,0.3961,0.0056,0,0.1187,0.2649,0.2122,0.3048,0.1918,0.3005,0.0825,0.1029,85.42,88.86,66.53,57.16,0.5,0.3913,87.21,83.16,83.08,68.62
71,0,CA1-V1,133.0,0.6346,0.2135,,10000,0.2017,3,0.058,0.0114,4,0.1576,0.2801,0.2132,0.3032,0.2751,0.3562,0.0715,0.0962,85.59,85.13,80.01,83.56,0.3333,0.1034,83.38,87.73,74.12,76.46
71,0,CA1-V1,138.0,0.6587,0.1735,,12000,-0.0234,6,0.1359,0.0192,0,0.0796,0.2405,0.1687,0.2793,0.1408,0.2617,0.0841,0.1216,86.2,82.12,61.75,74.77,0.3333,0.3333,79.99,88.3,70.3,89.25
71,0,CA1-V1,143.0,0.6827,0.163,,12000,-0.1427,7,0.1281,-0.0061,0,0.1054,0.2465,0.1569,0.2911,0.1773,0.3068,0.0991,0.1151,78.21,79.25,59.97,75.57,0.5,0.3333,77.38,85.13,86.61,86.15
71,0,CA1-V1,148.0,0.7067,0.1074,,12000,-0.1103,5,0.1021,-0.0128,0,0.1075,0.2652,0.2034,0.308,0.2123,0.3167,0.1112,0.1142,85.8,82.99,55.83,61.46,0.7143,0.3913,78.93,85.88,71.24,75.43
71,0,CA1-V1,153.0,0.7308,0.1431,,12000,0.146,6,0.0944,-0.0276,0,0.2384,0.2538,0.2519,0.2853,0.2675,0.2847,0.0876,0.0997,78.25,89.76,70.53,81.5,0.7143,0.3913,70.21,88.14,78.11,86.08
71,0,CA1-V1,158.0,0.7548,0.1202,,12000,0.168,4,0.0644,0.002,0,0.1463,0.2343,0.2633,0.3008,0.2896,0.3186,0.1176,0.1083,84.71,81.99,81.91,64.58,0.7143,0.3333,82.94,83.75,69.79,77.84
71,0,CA1-V1,163.0,0.7788,0.1288,,10000,0.435,10,0.7723,-0.0043,-3,0.1848,0.2648,0.2149,0.3093,0.2106,0.3024,0.0997,0.1288,69.61,82.15,70.24,55.83,0.7143,0.2308,89.42,87.97,77.59,87.92
71,0,CA1-V1,168.0,0.8029,0.0846,,12000,-0.0161,6,0.0855,0.0052,0,0.1728,0.3146,0.2512,0.3418,0.2908,0.3493,0.0772,0.1201,77.55,85.71,81.44,77.61,0.7143,0.3333,85.27,85.87,89.93,78.44
71,0,CA1-V1,173.0,0.8269,0.0848,,14000,0.0564,0,0.0,-0.0223,0,0.14,0.2589,0.2352,0.2825,nan,nan,0.1391,0.125,71.52,85.56,88.47,83.62,0.5,0.3913,88.87,82.37,57.35,61.49
71,0,CA1-V1,178.0,0.851,0.1263,,12000,0.1619,3,0.035,-0.0063,0,0.134,0.2803,0.2002,0.3061,0.2883,0.3578,0.0929,0.127,66.72,88.72,55.62,49.04,0.2,0.1852,73.49,79.88,74.02,77.45
71,0,CA1-V1,183.0,0.875,0.1358,,8000,0.2623,13,1.2639,-0.0036,0,0.2187,0.3369,0.2188,0.3669,0.1854,0.3437,0.1245,0.1189,81.74,88.06,50.03,44.72,0.5,0.2308,73.86,86.63,61.04,54.76
71,0,CA1-V1,188.0,0.899,0.181,,10000,0.0778,0,0.0,0.0131,0,0.1381,0.2898,0.2949,0.3309,nan,nan,0.0819,0.0986,84.51,80.35,79.36,78.32,0.5,0.28,84.03,83.84,66.78,64.46
71,0,CA1-V1,193.0,0.9231,0.1782,,8000,-0.1135,7,0.247,-0.0107,-4,0.156,0.2942,0.2505,0.3259,0.2717,0.3385,0.1364,0.1282,86.65,88.24,84.89,63.9,0.5,0.28,82.8,89.24,69.08,74.08
71,0,CA1-V1,198.0,0.9471,0.2372,,10000,0.1088,8,0.2588,0.0074,0,0.1402,0.2921,0.2095,0.3269,0.1953,0.3189,0.1015,0.122,89.41,88.15,51.22,75.12,0.5,0.28,76.61,86.36,80.37,75.77
71,0,CA3-DG,8.0,0.0337,0.1071,,16000,0.4788,15,0.5427,0.0191,0,0.3565,0.5455,0.3377,0.5192,0.3629,0.5463,0.2478,0.2698,nan,nan,nan,nan,,,38.92,49.62,35.31,33.02
71,0,CA3-DG,13.0,0.0577,0.1175,,14000,0.4195,12,0.539,-0.0417,0,0.3817,0.542,0.3859,0.5489,0.399,0.5457,0.2567,0.2645,47.75,46.78,32.81,24.44,0.36,0.55,44.44,46.45,33.06,28.26
71,0,CA3-DG,18.0,0.0817,0.1052,,16000,0.4003,4,0.2306,-0.028,0,0.365,0.4982,0.4556,0.5352,0.4458,0.5458,0.2617,0.3042,39.5,37.65,33.46,25.5,0.4167,0.55,46.76,52.37,72.47,70.21
71,0,CA3-DG,23.0,0.1058,0.1173,,14000,0.3217,10,0.3357,-0.0038,0,0.3708,0.4963,0.3673,0.4818,0.3751,0.4917,0.2557,0.2903,56.01,50.66,54.85,65.42,0.4783,0.4419,49.12,52.01,29.45,31.7
71,0,CA3-DG,28.0,0.1298,0.1241,,16000,0.4779,5,0.2772,0.0086,0,0.3336,0.4937,0.4307,0.4968,0.4032,0.5047,0.2712,0.3132,48.9,41.47,49.62,70.14,0.36,0.4762,58.84,51.27,30.85,33.25
71,0,CA3-DG,33.0,0.1538,0.1319,,14000,0.4302,4,0.2491,0.0325,0,0.3198,0.4537,0.3732,0.4919,0.3646,0.5052,0.2598,0.3029,54.96,52.47,38.88,38.62,0.4783,0.3478,60.25,51.72,31.65,28.81
71,0,CA3-DG,38.0,0.1779,0.1197,,12000,0.2864,4,0.244,-0.0113,0,0.342,0.4622,0.3442,0.4672,0.3674,0.4927,0.2856,0.3112,46.53,44.67,31.98,32.77,0.36,0.4091,43.37,46.49,50.12,51.03
71,0,CA3-DG,43.0,0.2019,0.1044,,12000,0.3651,5,0.2919,-0.0074,0,0.3336,0.4621,0.337,0.4479,0.3988,0.4716,0.2743,0.2953,39.43,35.95,57.52,65.88,0.4783,0.4419,53.23,50.62,47.23,46.32
71,0,CA3-DG,48.0,0.226,0.1146,,14000,0.5831,20,1.161,-0.0068,0,0.3217,0.4426,0.2989,0.4325,0.3196,0.4468,0.2667,0.2894,54.01,51.1,39.1,42.49,0.4167,0.2917,56.78,57.93,55.59,57.89
71,0,CA3-DG,53.0,0.25,0.1443,,14000,0.4565,6,0.2861,0.0104,0,0.3036,0.4417,0.3189,0.403,0.3291,0.4132,0.2754,0.2892,39.99,48.85,68.61,63.86,0.4167,0.2157,54.29,64.51,33.15,40.6
71,0,CA3-DG,58.0,0.274,0.1561,,12000,0.4853,3,0.2193,0.0024,0,0.3107,0.4234,0.3239,0.3954,0.3875,0.4426,0.249,0.2849,58.9,62.92,26.74,37.37,0.2593,0.4091,71.15,58.8,64.13,56.37
71,0,CA3-DG,63.0,0.2981,0.1682,,14000,0.4824,4,0.2791,0.0137,0,0.2967,0.4285,0.3834,0.4321,0.349,0.4265,0.2944,0.328,49.47,48.14,28.25,30.49,0.2593,0.4419,58.16,54.83,26.73,30.29
71,0,CA3-DG,68.0,0.3221,0.1544,,12000,0.3882,9,0.3487,-0.0175,0,0.3041,0.4198,0.3051,0.3688,0.302,0.3902,0.2831,0.2999,51.31,56.55,48.67,40.46,0.3077,0.3478,50.68,49.22,34.53,27.43
71,0,CA3-DG,73.0,0.3462,0.2076,,12000,0.5261,7,0.3714,0.0475,0,0.3504,0.4348,0.3493,0.3923,0.3551,0.3964,0.2737,0.2951,72.94,76.0,59.89,49.82,0.1724,0.2917,56.38,71.44,29.39,39.8
71,0,CA3-DG,78.0,0.3702,0.2329,,12000,0.4753,8,0.3661,0.0289,0,0.3461,0.3934,0.3332,0.3654,0.3549,0.3678,0.267,0.2903,43.2,47.13,26.78,27.18,0.3077,0.3191,42.31,58.77,22.0,26.72
71,0,CA3-DG,83.0,0.3942,0.2927,,10000,0.0237,9,0.7561,-0.0025,0,0.3102,0.3914,0.3716,0.3875,0.3504,0.4033,0.2632,0.2916,43.41,51.6,24.66,33.93,0.4783,0.3478,73.51,71.7,42.95,42.16
71,0,CA3-DG,88.0,0.4183,0.305,,10000,0.4633,8,0.4473,-0.0004,0,0.3175,0.3898,0.317,0.348,0.3316,0.3751,0.2718,0.3021,71.71,72.4,37.75,31.28,0.3077,0.3478,73.38,76.99,43.89,38.43
71,0,CA3-DG,93.0,0.4423,0.3096,,12000,0.2985,6,0.225,-0.0089,0,0.3246,0.3992,0.3632,0.3874,0.3806,0.4119,0.2642,0.3103,62.38,54.37,27.72,27.09,0.2593,0.3191,84.09,75.56,44.94,42.52
71,0,CA3-DG,98.0,0.4663,0.3513,,10000,0.4955,11,0.3679,-0.0104,0,0.3103,0.3913,0.3109,0.3641,0.3373,0.3925,0.2768,0.2925,67.83,71.42,22.97,32.27,0.36,0.24,52.89,66.17,78.26,75.3
71,0,CA3-DG,103.0,0.4904,0.3188,,14000,0.5664,19,0.8347,-0.0211,0,0.3346,0.4329,0.3227,0.404,0.3339,0.4317,0.2924,0.3113,49.68,58.62,25.84,37.32,0.2593,0.2653,37.78,41.1,24.83,25.47
71,0,CA3-DG,108.0,0.5144,0.2915,,12000,0.4766,4,0.2582,-0.0739,0,0.309,0.3979,0.3945,0.3798,0.4218,0.3836,0.3005,0.3086,31.83,36.7,28.52,29.24,0.4167,0.3778,45.47,57.44,30.08,31.42
71,0,CA3-DG,113.0,0.5385,0.1958,,10000,0.1839,17,0.4788,0.0199,0,0.3211,0.3935,0.3245,0.3666,0.3252,0.3909,0.2641,0.2854,31.61,36.99,25.1,19.95,0.4167,0.4419,47.71,51.61,37.79,37.44
71,0,CA3-DG,118.0,0.5625,0.1816,,12000,0.5232,4,0.3044,0.0318,0,0.3497,0.4231,0.4452,0.438,0.4603,0.4329,0.2889,0.3139,56.06,54.98,41.26,37.0,0.36,0.3191,50.32,47.04,27.84,28.4
71,0,CA3-DG,123.0,0.5865,0.2011,,10000,0.4743,3,0.264,-0.023,0,0.3371,0.4213,0.4354,0.4243,0.4444,0.4388,0.2988,0.3067,38.79,47.84,21.89,22.33,0.4167,0.3191,45.7,50.57,38.97,38.58
71,0,CA3-DG,128.0,0.6106,0.1961,,10000,0.4823,5,0.2997,-0.0056,0,0.3416,0.4125,0.4379,0.4245,0.4181,0.4151,0.2521,0.2877,41.8,45.5,31.23,33.86,0.36,0.3191,42.89,60.63,41.75,38.7
71,0,CA3-DG,133.0,0.6346,0.2135,,10000,0.1892,16,0.5812,-0.0342,0,0.3583,0.3878,0.3673,0.3562,0.3695,0.3818,0.3,0.3181,50.14,48.24,28.56,32.67,0.3077,0.3191,56.05,59.57,56.95,50.56
71,0,CA3-DG,138.0,0.6587,0.1735,,12000,0.214,15,0.505,-0.0175,0,0.3256,0.399,0.3064,0.3516,0.3164,0.3814,0.2731,0.29,45.94,51.45,31.92,31.17,0.4167,0.2917,87.03,86.13,39.23,44.89
71,0,CA3-DG,143.0,0.6827,0.163,,12000,0.0302,12,0.8004,-0.0602,0,0.3629,0.3723,0.3829,0.3345,0.3723,0.3658,0.2706,0.308,36.27,41.13,30.15,31.9,0.36,0.3478,48.88,54.72,29.23,31.1
71,0,CA3-DG,148.0,0.7067,0.1074,,12000,0.4617,4,0.2473,-0.0048,0,0.3195,0.4014,0.4166,0.3423,0.4335,0.3546,0.2801,0.2895,30.99,41.15,31.2,37.38,0.36,0.3191,55.22,54.48,32.26,37.87
71,0,CA3-DG,153.0,0.7308,0.1431,,12000,0.2021,18,0.6281,-0.0187,0,0.3454,0.4386,0.3452,0.3851,0.3557,0.4301,0.2741,0.2986,36.5,45.35,25.36,33.86,0.4167,0.4419,38.66,35.88,57.93,53.1
71,0,CA3-DG,158.0,0.7548,0.1202,,12000,0.5134,4,0.3195,-0.0392,0,0.372,0.4202,0.4587,0.4204,0.4752,0.4432,0.3093,0.3129,40.6,45.26,24.08,22.87,0.4783,0.3778,44.81,36.85,27.49,25.53
71,0,CA3-DG,163.0,0.7788,0.1288,,10000,0.2654,6,0.333,-0.0282,0,0.397,0.4281,0.4172,0.3689,0.4477,0.397,0.2574,0.2972,37.12,41.0,24.74,22.87,0.5455,0.4091,44.12,38.8,25.5,31.12
71,0,CA3-DG,168.0,0.8029,0.0846,,12000,0.1469,6,0.2706,-0.0058,0,0.3852,0.4386,0.4391,0.3724,0.4674,0.3893,0.2642,0.3097,33.07,32.94,22.71,20.59,0.4783,0.4091,40.79,42.53,28.18,28.97
71,0,CA3-DG,173.0,0.8269,0.0848,,14000,0.1673,13,0.4171,-0.001,0,0.3651,0.4437,0.3855,0.4016,0.3791,0.4314,0.2678,0.3145,30.74,33.99,27.89,27.85,0.5455,0.4091,38.27,40.23,77.77,68.31
71,0,CA3-DG,178.0,0.851,0.1263,,12000,0.1917,12,0.3814,0.0028,0,0.3397,0.4491,0.3463,0.3834,0.3381,0.4343,0.3205,0.3475,50.89,38.2,25.33,28.21,0.1724,0.3191,46.51,52.63,30.11,31.42
71,0,CA3-DG,183.0,0.875,0.1358,,8000,0.2131,14,0.6295,-0.0296,0,0.3125,0.404,0.3426,0.3501,0.336,0.3845,0.2471,0.2834,43.94,47.52,27.53,33.9,0.1724,0.4762,42.87,51.51,34.44,29.24
71,0,CA3-DG,188.0,0.899,0.181,,10000,0.5199,6,0.4036,0.0015,0,0.3742,0.4518,0.4478,0.4297,0.4429,0.4387,0.2989,0.3123,34.46,42.48,38.66,31.03,0.36,0.3191,32.36,38.89,35.38,25.96
71,0,CA3-DG,193.0,0.9231,0.1782,,8000,0.4322,5,0.359,-0.0015,0,0.432,0.4509,0.4905,0.4274,0.5111,0.4387,0.2428,0.3271,34.15,28.14,60.62,44.5,0.4783,0.4762,47.35,55.43,34.15,45.47
71,0,CA3-DG,198.0,0.9471,0.2372,,10000,0.5996,13,0.7104,0.012,0,0.3775,0.4596,0.3873,0.4262,0.3975,0.4556,0.252,0.3027,37.98,39.01,32.04,25.5,0.4167,0.4091,50.89,57.14,27.41,29.45
71,0,CA1-SUB,8.0,0.0337,0.1071,,16000,0.2398,9,0.4005,-0.0013,0,0.2663,0.2102,0.2956,0.2658,0.3134,0.2615,0.1426,0.1172,nan,nan,nan,nan,,,71.82,71.69,88.66,76.95
71,0,CA1-SUB,13.0,0.0577,0.1175,,14000,0.3903,9,0.8853,-0.0045,0,0.2956,0.1627,0.3389,0.2454,0.282,0.2077,0.1407,0.1294,78.83,88.78,43.62,48.68,0.7143,0.2222,68.78,85.08,55.31,70.1
71,0,CA1-SUB,18.0,0.0817,0.1052,,16000,-0.1113,13,0.2736,0.0046,0,0.1729,0.1569,0.198,0.1763,0.2012,0.1815,0.1656,0.1467,85.98,87.46,52.4,41.86,0.5,0.2222,79.46,68.66,71.04,85.59
71,0,CA1-SUB,23.0,0.1058,0.1173,,14000,-0.2175,7,0.4042,-0.0672,0,0.2144,0.1717,0.2783,0.231,0.305,0.2159,0.1376,0.1027,77.05,87.17,51.53,58.18,0.5,0.2222,89.94,82.79,54.8,61.15
71,0,CA1-SUB,28.0,0.1298,0.1241,,16000,-0.1244,5,0.2486,-0.0254,0,0.1963,0.1476,0.3101,0.2731,0.2918,0.2434,0.1406,0.0975,74.89,81.49,53.77,38.71,0.3333,0.2222,76.83,81.34,76.55,70.16
71,0,CA1-SUB,33.0,0.1538,0.1319,,14000,0.0805,12,0.4841,-0.0058,0,0.1547,0.1703,0.2061,0.2038,0.2008,0.2017,0.1192,0.0967,73.45,86.72,55.38,47.56,0.3333,0.375,89.15,83.9,68.17,69.78
71,0,CA1-SUB,38.0,0.1779,0.1197,,12000,-0.1202,11,0.5046,0.0028,0,0.2145,0.1594,0.252,0.1844,0.2301,0.1893,0.1202,0.1221,79.91,86.19,87.45,87.46,0.5,0.1579,82.32,82.0,85.41,82.65
71,0,CA1-SUB,43.0,0.2019,0.1044,,12000,-0.3593,10,0.5789,-0.0112,0,0.2264,0.1562,0.2807,0.2064,0.2703,0.1976,0.1109,0.1036,84.0,82.72,84.9,89.16,0.7143,0.2222,89.96,84.54,88.28,89.63
71,0,CA1-SUB,48.0,0.226,0.1146,,14000,-0.1784,7,0.1435,-0.0168,0,0.1944,0.1508,0.2586,0.2205,0.2423,0.2052,0.1225,0.1353,80.33,77.52,31.31,51.65,0.5,0.2222,84.63,85.06,88.93,84.31
71,0,CA1-SUB,53.0,0.25,0.1443,,14000,-0.2174,8,0.2856,-0.0292,0,0.1169,0.1192,0.1756,0.2011,0.1514,0.1749,0.1284,0.1321,68.84,80.88,40.08,49.93,0.3333,0.2941,75.31,71.22,72.77,75.71
71,0,CA1-SUB,58.0,0.274,0.1561,,12000,0.0688,3,0.0227,-0.0098,0,0.1157,0.1254,0.2361,0.1942,0.297,0.2704,0.1091,0.0971,69.13,80.06,57.22,72.59,0.5,0.375,88.71,87.83,82.06,77.31
71,0,CA1-SUB,63.0,0.2981,0.1682,,14000,0.0442,7,0.0951,0.0192,0,0.0988,0.1359,0.1613,0.2033,0.1748,0.2174,0.0976,0.1379,83.38,85.34,57.95,68.64,0.5,0.1,89.86,80.24,64.28,72.3
71,0,CA1-SUB,68.0,0.3221,0.1544,,12000,-0.2292,7,0.2785,0.0057,0,0.1385,0.102,0.1467,0.175,0.1573,0.1744,0.0959,0.1012,63.61,87.02,45.56,41.55,0.7143,0.2222,76.62,81.22,65.74,85.84
71,0,CA1-SUB,73.0,0.3462,0.2076,,12000,0.145,4,0.1515,0.036,0,0.0993,0.1411,0.222,0.2613,0.2869,0.2404,0.111,0.0862,87.62,87.09,40.57,52.91,0.5,0.2222,80.3,80.62,83.21,79.05
71,0,CA1-SUB,78.0,0.3702,0.2329,,12000,0.3737,10,0.235,0.0017,0,0.0851,0.1234,0.2312,0.1751,0.1908,0.1574,0.1116,0.0984,88.37,86.46,31.15,50.61,0.5,0.375,85.56,74.92,63.83,65.33
71,0,CA1-SUB,83.0,0.3942,0.2927,,10000,-0.1833,8,0.2386,-0.0062,0,0.0979,0.1617,0.1424,0.2441,0.1374,0.2406,0.0968,0.1068,76.16,83.16,43.37,56.61,0.2,0.375,89.86,83.03,64.71,67.72
71,0,CA1-SUB,88.0,0.4183,0.305,,10000,0.3745,9,0.4593,-0.0034,0,0.108,0.1653,0.165,0.2196,0.1636,0.1991,0.1083,0.1112,82.06,88.45,44.59,58.18,0.2,0.375,89.49,88.72,73.08,84.32
71,0,CA1-SUB,93.0,0.4423,0.3096,,12000,0.0437,2,0.0456,0.0002,0,0.0996,0.1183,0.2267,0.2613,0.3309,0.3471,0.1326,0.1178,75.83,82.4,56.75,59.01,0.3333,0.2941,83.97,73.6,68.46,63.51
71,0,CA1-SUB,98.0,0.4663,0.3513,,10000,0.2166,6,0.2243,-0.0084,0,0.1093,0.1685,0.2054,0.2705,0.1785,0.2499,0.0855,0.1196,89.69,88.69,52.62,52.27,0.7143,0.2222,88.61,87.6,78.0,72.67
71,0,CA1-SUB,103.0,0.4904,0.3188,,14000,0.1602,11,0.2031,0.0203,0,0.1332,0.1499,0.2048,0.2364,0.1691,0.1836,0.1216,0.1274,80.57,85.06,53.9,59.0,0.3333,0.1579,88.72,84.25,82.54,61.03
71,0,CA1-SUB,108.0,0.5144,0.2915,,12000,0.4711,8,0.7466,-0.0086,0,0.0651,0.1743,0.1934,0.2348,0.1583,0.225,0.1179,0.1253,74.43,87.42,82.54,85.7,0.3333,0.375,82.48,83.42,78.92,84.25
71,0,CA1-SUB,113.0,0.5385,0.1958,,10000,0.1252,6,0.1791,0.0091,0,0.0992,0.1321,0.1622,0.2223,0.1425,0.2177,0.1241,0.0994,88.47,74.38,44.51,62.47,0.3333,0.1579,85.04,89.04,84.64,85.57
71,0,CA1-SUB,118.0,0.5625,0.1816,,12000,0.0339,6,0.0746,0.0199,0,0.1234,0.1593,0.1881,0.2245,0.2167,0.226,0.0998,0.1145,87.38,89.02,51.4,55.83,0.3333,0.1579,82.98,84.54,54.97,58.2
71,0,CA1-SUB,123.0,0.5865,0.2011,,10000,0.1796,7,0.1468,-0.0027,0,0.0976,0.1291,0.1825,0.2032,0.1802,0.2099,0.1112,0.0755,84.15,87.93,45.39,48.46,0.3333,0.2222,81.93,84.64,88.38,82.98
71,0,CA1-SUB,128.0,0.6106,0.1961,,10000,0.3517,8,0.3962,-0.0073,0,0.1187,0.1421,0.1803,0.2132,0.1696,0.2144,0.0921,0.0921,80.64,86.61,65.18,77.89,0.5,0.2222,87.3,85.6,88.47,78.92
71,0,CA1-SUB,133.0,0.6346,0.2135,,10000,0.1377,5,0.0799,0.0313,0,0.1577,0.1799,0.2799,0.226,0.3285,0.23,0.103,0.1073,86.11,83.48,77.93,79.1,0.3333,0.375,85.21,83.39,86.92,60.39
71,0,CA1-SUB,138.0,0.6587,0.1735,,12000,0.2325,9,0.4145,0.0224,0,0.0795,0.1758,0.1514,0.2635,0.1469,0.2299,0.1348,0.1296,82.33,73.25,59.44,69.61,0.3333,0.4667,63.72,87.65,43.43,55.5
71,0,CA1-SUB,143.0,0.6827,0.163,,12000,0.2325,12,0.2563,-0.004,0,0.1055,0.1837,0.1448,0.2268,0.1281,0.2235,0.1111,0.121,88.53,86.25,47.31,68.22,0.5,0.2222,80.36,83.01,89.42,83.25
71,0,CA1-SUB,148.0,0.7067,0.1074,,12000,-0.0667,5,0.0763,-0.0078,0,0.1072,0.1876,0.1756,0.2327,0.1789,0.2568,0.0892,0.0934,81.2,88.18,78.89,71.22,0.7143,0.375,73.5,77.68,78.32,71.77
71,0,CA1-SUB,153.0,0.7308,0.1431,,12000,0.1939,9,0.1453,-0.0233,0,0.2381,0.1867,0.2154,0.2232,0.2073,0.2311,0.0914,0.1163,86.17,85.0,49.83,43.97,0.7143,0.375,79.5,81.54,64.97,75.75
71,0,CA1-SUB,158.0,0.7548,0.1202,,12000,-0.0221,1,0.0112,-0.02,0,0.1459,0.2145,0.2554,0.3468,0.4795,0.5016,0.0954,0.1045,72.96,73.45,63.53,56.07,0.7143,0.2941,84.14,88.01,71.76,66.39
71,0,CA1-SUB,163.0,0.7788,0.1288,,10000,0.0622,4,0.2052,-0.0395,0,0.185,0.2453,0.2956,0.3406,0.2419,0.3265,0.0882,0.1186,89.12,69.32,82.89,52.01,0.7143,0.1,77.26,81.44,82.61,87.96
71,0,CA1-SUB,168.0,0.8029,0.0846,,12000,0.0511,2,0.0183,-0.0407,0,0.1728,0.1884,0.222,0.2286,0.3656,0.3135,0.103,0.113,87.9,82.54,76.45,59.26,0.7143,0.2222,82.64,89.23,83.99,84.82
71,0,CA1-SUB,173.0,0.8269,0.0848,,14000,0.1006,4,0.039,-0.003,0,0.1396,0.2036,0.2193,0.2567,0.2914,0.3083,0.0997,0.096,82.32,86.03,43.87,47.64,0.5,0.2222,85.72,77.76,75.05,64.6
71,0,CA1-SUB,178.0,0.851,0.1263,,12000,0.2235,1,0.0256,0.0098,0,0.1339,0.1817,0.3366,0.3523,0.5936,0.4291,0.1156,0.132,80.43,82.46,38.44,47.5,0.2,0.1,89.32,85.37,59.38,60.35
71,0,CA1-SUB,183.0,0.875,0.1358,,8000,0.5244,10,0.9175,0.0261,0,0.2185,0.1952,0.2312,0.2595,0.2142,0.2175,0.0866,0.108,86.19,75.27,48.45,48.33,0.5,0.2222,69.21,88.69,73.74,65.0
71,0,CA1-SUB,188.0,0.899,0.181,,10000,0.0392,0,0.0,0.025,0,0.1382,0.1713,0.2135,0.2281,nan,nan,0.1023,0.0886,83.5,71.7,42.92,56.02,0.5,0.1579,87.1,89.25,85.25,67.96
71,0,CA1-SUB,193.0,0.9231,0.1782,,8000,0.0944,7,0.2458,-0.0164,-2,0.1566,0.231,0.251,0.3213,0.2368,0.3238,0.1019,0.0993,87.65,77.02,60.93,60.39,0.5,0.2222,84.7,87.38,64.53,58.72
71,0,CA1-SUB,198.0,0.9471,0.2372,,10000,0.0525,1,0.0074,-0.0137,0,0.1403,0.1976,0.2154,0.3214,0.3299,0.4685,0.1055,0.1111,80.27,84.43,68.4,57.68,0.5,0.2941,74.26,79.94,77.22,76.36
71,0,RSC-SUB,8.0,0.0337,0.1071,,16000,0.4808,5,0.2233,-0.0138,0,0.5371,0.1945,0.5395,0.3109,0.5568,0.298,0.1282,0.0951,nan,nan,nan,nan,,,79.79,85.28,41.43,25.94
71,0,RSC-SUB,13.0,0.0577,0.1175,,14000,0.5091,8,0.8858,0.0094,0,0.5334,0.1578,0.5475,0.2282,0.5505,0.2114,0.1367,0.1118,58.39,43.72,41.11,33.51,0.5349,0.4667,61.53,67.01,36.88,28.23
71,0,RSC-SUB,18.0,0.0817,0.1052,,16000,0.3582,11,0.3121,0.0018,0,0.4972,0.159,0.488,0.2251,0.5012,0.2037,0.1259,0.1052,54.72,45.27,53.58,49.33,0.5,0.2222,67.97,70.99,79.58,86.33
71,0,RSC-SUB,23.0,0.1058,0.1173,,14000,-0.176,12,0.4248,0.0033,0,0.49,0.1549,0.4935,0.2269,0.5017,0.2159,0.1269,0.1028,44.57,37.93,39.48,33.99,0.5349,0.375,82.13,72.51,45.93,48.26
71,0,RSC-SUB,28.0,0.1298,0.1241,,16000,-0.0959,13,1.0062,-0.0048,0,0.4579,0.1349,0.4667,0.1882,0.4603,0.1882,0.1309,0.1075,54.12,44.57,47.41,45.66,0.375,0.375,58.31,62.42,48.05,35.3
71,0,RSC-SUB,33.0,0.1538,0.1319,,14000,-0.0638,8,0.3213,0.009,0,0.4354,0.1592,0.462,0.2668,0.4653,0.2326,0.1274,0.1043,51.03,46.17,38.66,26.21,0.3469,0.2941,73.39,80.2,57.13,44.96
71,0,RSC-SUB,38.0,0.1779,0.1197,,12000,0.0007,14,0.5522,-0.0424,0,0.5254,0.1496,0.5398,0.205,0.5398,0.1919,0.1074,0.0958,88.13,79.76,53.05,32.17,0.32,0.2941,76.84,83.04,49.81,45.4
71,0,RSC-SUB,43.0,0.2019,0.1044,,12000,0.5056,8,0.3671,-0.0318,0,0.4935,0.1473,0.5081,0.2664,0.5116,0.2227,0.1209,0.1105,77.69,76.27,51.52,29.11,0.6098,0.375,83.98,87.74,56.22,40.96
71,0,RSC-SUB,48.0,0.226,0.1146,,14000,-0.0284,15,0.325,-0.0255,0,0.4609,0.1364,0.4725,0.1714,0.4796,0.1853,0.1329,0.1185,65.69,74.06,50.11,30.37,0.32,0.2222,62.85,70.84,49.02,50.34
71,0,RSC-SUB,53.0,0.25,0.1443,,14000,0.0852,13,0.5452,-0.0404,0,0.4808,0.1102,0.5049,0.1557,0.4882,0.1428,0.1046,0.0877,56.34,47.12,33.53,32.39,0.4348,0.2222,80.2,74.36,61.8,46.64
71,0,RSC-SUB,58.0,0.274,0.1561,,12000,0.1315,2,0.0198,-0.0192,0,0.4336,0.1147,0.412,0.2838,0.4654,0.4495,0.1215,0.1073,69.68,54.87,46.57,29.45,0.2941,0.5714,84.59,83.1,68.25,69.1
71,0,RSC-SUB,63.0,0.2981,0.1682,,14000,0.0474,10,0.1438,0.022,0,0.4256,0.1268,0.431,0.1716,0.441,0.1703,0.1218,0.104,67.42,56.05,49.31,36.38,0.2453,0.2222,72.33,68.14,46.12,40.53
71,0,RSC-SUB,68.0,0.3221,0.1544,,12000,-0.2003,9,0.4302,0.0267,0,0.4128,0.1004,0.4288,0.1691,0.4375,0.1524,0.1136,0.0945,59.02,57.06,42.38,39.4,0.3469,0.2941,73.83,64.49,59.15,62.6
71,0,RSC-SUB,73.0,0.3462,0.2076,,12000,0.374,9,0.3115,0.0052,0,0.4386,0.1233,0.4119,0.1974,0.4277,0.1606,0.1217,0.0957,64.24,51.97,57.21,50.56,0.2941,0.375,73.65,74.88,77.11,70.32
71,0,RSC-SUB,78.0,0.3702,0.2329,,12000,-0.0798,12,0.2236,-0.0181,0,0.4239,0.1216,0.4343,0.1699,0.4429,0.1702,0.1052,0.0807,65.02,63.47,35.43,32.66,0.4667,0.375,87.8,82.42,53.9,49.12
71,0,RSC-SUB,83.0,0.3942,0.2927,,10000,0.3537,9,0.3661,-0.043,0,0.4288,0.1471,0.4178,0.2504,0.4208,0.2216,0.1042,0.0888,66.37,52.72,51.15,44.33,0.3469,0.375,77.71,87.77,65.91,49.45
71,0,RSC-SUB,88.0,0.4183,0.305,,10000,-0.0873,7,0.2106,-0.0344,0,0.3756,0.1511,0.3957,0.2195,0.4129,0.2293,0.1148,0.0901,83.89,82.83,60.52,59.22,0.3469,0.5714,89.53,74.53,84.68,86.43
71,0,RSC-SUB,93.0,0.4423,0.3096,,12000,0.1214,4,0.0295,0.0394,0,0.4207,0.1111,0.4118,0.1593,0.4274,0.2429,0.1072,0.0779,80.03,73.93,64.68,65.16,0.2941,0.375,86.22,81.36,68.4,74.92
71,0,RSC-SUB,98.0,0.4663,0.3513,,10000,0.1934,9,0.2153,0.0132,0,0.4359,0.1574,0.4421,0.2344,0.4421,0.2132,0.0916,0.0649,82.04,85.7,81.88,77.68,0.2941,0.1,85.25,87.32,73.67,60.91
71,0,RSC-SUB,103.0,0.4904,0.3188,,14000,0.0429,9,0.2255,0.0719,0,0.4715,0.1341,0.4988,0.2095,0.4993,0.1861,0.1061,0.1065,85.62,88.89,83.3,82.69,0.2222,0.2941,82.51,86.24,65.74,79.61
71,0,RSC-SUB,108.0,0.5144,0.2915,,12000,0.1741,9,0.4786,0.0089,0,0.3907,0.1466,0.4163,0.2489,0.3943,0.2269,0.1062,0.0861,89.96,87.94,39.23,34.74,0.4043,0.5714,78.8,88.36,53.59,70.04
71,0,RSC-SUB,113.0,0.5385,0.1958,,10000,0.4077,10,0.4288,0.0008,0,0.3819,0.1159,0.3778,0.1891,0.3808,0.1659,0.1005,0.0728,81.44,85.04,39.22,37.14,0.5,0.2222,83.78,83.84,67.57,61.79
71,0,RSC-SUB,118.0,0.5625,0.1816,,12000,0.3619,10,0.232,-0.0002,0,0.4489,0.1492,0.4431,0.2236,0.4542,0.1864,0.1091,0.0983,82.57,70.84,42.8,41.12,0.32,0.4667,83.4,87.8,43.29,45.66
71,0,RSC-SUB,123.0,0.5865,0.2011,,10000,0.3084,9,0.5948,0.0457,0,0.4204,0.1162,0.4309,0.2198,0.43,0.2035,0.1054,0.0871,84.98,81.49,41.09,44.69,0.5714,0.375,70.24,72.77,47.59,74.22
71,0,RSC-SUB,128.0,0.6106,0.1961,,10000,0.4694,13,0.5414,0.0753,0,0.4363,0.1345,0.4255,0.2039,0.4316,0.1804,0.1047,0.082,86.88,88.57,35.74,37.97,0.4043,0.2222,87.5,72.38,53.66,55.42
71,0,RSC-SUB,133.0,0.6346,0.2135,,10000,0.1236,0,0.0,-0.0016,0,0.4281,0.1641,0.434,0.2698,nan,nan,0.1064,0.0792,83.01,79.83,83.6,79.66,0.2222,0.4667,85.21,83.16,89.77,89.68
71,0,RSC-SUB,138.0,0.6587,0.1735,,12000,0.2613,10,0.345,-0.0016,0,0.4871,0.1689,0.4875,0.2267,0.491,0.2188,0.1179,0.0887,83.27,88.57,79.69,83.71,0.4667,0.2222,83.87,87.53,71.15,72.12
71,0,RSC-SUB,143.0,0.6827,0.163,,12000,0.1053,0,0.0,0.0038,0,0.468,0.1693,0.4356,0.2401,nan,nan,0.0994,0.0766,89.18,89.25,55.9,51.21,0.6098,0.375,69.77,77.42,84.41,85.48
71,0,RSC-SUB,148.0,0.7067,0.1074,,12000,0.1704,11,0.2019,-0.0091,0,0.4232,0.1753,0.4207,0.2256,0.4112,0.2223,0.1057,0.077,85.42,79.64,53.12,67.98,0.4667,0.375,88.89,82.05,53.47,70.83
71,0,RSC-SUB,153.0,0.7308,0.1431,,12000,0.247,2,0.0397,-0.0198,0,0.4165,0.1623,0.4304,0.3584,0.4448,0.4259,0.1206,0.1063,89.49,86.92,44.33,38.46,0.4348,0.2222,79.51,89.32,47.42,40.91
71,0,RSC-SUB,158.0,0.7548,0.1202,,12000,0.1512,5,0.0721,-0.0229,0,0.4293,0.1964,0.4424,0.2551,0.446,0.2647,0.1099,0.0757,81.33,74.23,50.79,64.49,0.4667,0.2222,85.81,74.87,51.95,72.43
71,0,RSC-SUB,163.0,0.7788,0.1288,,10000,-0.3613,6,0.4962,0.0148,0,0.4346,0.2287,0.4544,0.322,0.4543,0.322,0.0948,0.0752,76.79,72.35,64.73,57.98,0.5714,0.5714,86.08,86.18,82.76,73.87
71,0,RSC-SUB,168.0,0.8029,0.0846,,12000,0.0369,0,0.0,-0.01,-5,0.4531,0.1769,0.4629,0.228,nan,nan,0.0879,0.0642,81.33,78.94,71.37,79.48,0.375,0.2941,88.9,86.96,86.56,87.21
71,0,RSC-SUB,173.0,0.8269,0.0848,,14000,0.0364,1,0.0059,0.0045,1,0.4436,0.188,0.4552,0.2529,0.58,0.5032,0.1027,0.083,87.57,85.44,67.77,59.94,0.4667,0.2941,82.98,77.8,87.07,73.93
71,0,RSC-SUB,178.0,0.851,0.1263,,12000,0.1008,1,0.0091,-0.0382,0,0.4328,0.1705,0.4451,0.2664,0.6144,0.496,0.0918,0.0768,85.55,79.51,63.2,63.44,0.2941,0.2222,84.23,87.64,66.2,74.34
71,0,RSC-SUB,183.0,0.875,0.1358,,8000,-0.1059,10,0.5181,0.008,0,0.4354,0.1828,0.4479,0.2544,0.4526,0.2305,0.0931,0.0783,85.3,81.05,60.24,72.92,0.375,0.1579,84.9,83.9,81.86,89.46
71,0,RSC-SUB,188.0,0.899,0.181,,10000,0.0024,0,0.0,0.0056,0,0.4374,0.1572,0.477,0.2984,nan,nan,0.1046,0.0592,81.66,83.9,74.88,77.29,0.375,0.2941,85.58,89.71,83.8,79.88
71,0,RSC-SUB,193.0,0.9231,0.1782,,8000,0.2558,10,0.255,0.015,2,0.4479,0.2156,0.4563,0.2796,0.4595,0.2818,0.083,0.0481,85.89,82.39,74.54,83.19,0.5714,0.2222,83.9,88.66,84.83,74.96
71,0,RSC-SUB,198.0,0.9471,0.2372,,10000,0.0456,0,0.0,-0.0159,-2,0.4306,0.1794,0.4342,0.2407,nan,nan,0.0892,0.0638,76.46,81.11,79.14,83.31,0.4348,0.2222,87.75,80.91,50.72,72.79
71,0,V1-RSC,8.0,0.0337,0.1071,,16000,-0.0139,8,0.3133,0.0289,0,0.3271,0.5312,0.3562,0.545,0.3473,0.5545,0.132,0.1711,nan,nan,nan,nan,,,64.84,69.98,64.35,58.85
71,0,V1-RSC,13.0,0.0577,0.1175,,14000,0.2318,10,0.8914,0.0081,0,0.3146,0.5309,0.3543,0.5614,0.3287,0.5552,0.1291,0.1622,83.78,70.62,53.09,53.23,0.4545,0.5714,79.45,74.78,42.32,30.44
71,0,V1-RSC,18.0,0.0817,0.1052,,16000,0.0644,11,0.2644,0.0673,0,0.2897,0.4946,0.312,0.4927,0.3266,0.5052,0.1508,0.1865,79.15,89.45,41.23,43.89,0.3913,0.4667,70.79,73.86,47.94,35.16
71,0,V1-RSC,23.0,0.1058,0.1173,,14000,0.5424,9,0.5187,0.0306,0,0.2917,0.4845,0.2716,0.4712,0.2953,0.4764,0.1477,0.1914,59.81,60.32,35.27,35.22,0.6,0.5349,88.4,84.15,69.03,47.95
71,0,V1-RSC,28.0,0.1298,0.1241,,16000,0.2777,6,0.3071,0.0864,0,0.2799,0.4491,0.3596,0.4869,0.3389,0.4852,0.1645,0.1951,69.09,69.14,40.43,42.96,0.1429,0.4348,47.95,63.44,31.43,33.77
71,0,V1-RSC,33.0,0.1538,0.1319,,14000,0.5168,9,0.5525,0.082,0,0.2974,0.43,0.3269,0.4149,0.3515,0.4308,0.1487,0.1816,62.09,77.59,34.03,37.53,0.1852,0.375,78.26,86.99,51.87,57.75
71,0,V1-RSC,38.0,0.1779,0.1197,,12000,-0.0078,9,0.6626,-0.0186,0,0.3318,0.5221,0.3743,0.5546,0.3802,0.5581,0.1375,0.1707,67.89,72.25,69.54,80.88,0.3913,0.2941,61.63,61.74,78.02,72.5
71,0,V1-RSC,43.0,0.2019,0.1044,,12000,0.3416,7,0.4966,0.0386,0,0.3077,0.492,0.3093,0.4811,0.3146,0.4849,0.1243,0.1564,75.57,77.59,72.18,68.93,0.4545,0.65,73.2,85.37,39.18,45.01
71,0,V1-RSC,48.0,0.226,0.1146,,14000,0.4451,10,0.337,0.0282,0,0.2778,0.4578,0.284,0.4544,0.3089,0.4668,0.14,0.1704,88.64,84.38,44.53,45.14,0.3333,0.3469,76.23,78.57,74.98,75.76
71,0,V1-RSC,53.0,0.25,0.1443,,14000,0.1625,9,0.4078,0.0282,0,0.2451,0.4782,0.2887,0.4942,0.2844,0.4835,0.1397,0.1779,57.79,71.53,36.84,38.52,0.3333,0.4348,89.76,89.59,86.31,89.36
71,0,V1-RSC,58.0,0.274,0.1561,,12000,0.3122,1,0.0513,0.0146,0,0.2486,0.4289,0.2844,0.4078,0.4359,0.5437,0.1358,0.1659,61.85,75.43,38.85,37.53,0.3333,0.32,66.97,71.7,49.88,56.79
71,0,V1-RSC,63.0,0.2981,0.1682,,14000,0.3706,11,0.3302,0.0546,0,0.2325,0.4245,0.2534,0.4222,0.255,0.4315,0.1427,0.1914,44.59,58.45,31.29,44.03,0.28,0.2453,51.42,67.69,33.43,39.71
71,0,V1-RSC,68.0,0.3221,0.1544,,12000,0.0603,13,0.5231,0.0656,0,0.2109,0.4115,0.2385,0.4311,0.2327,0.4312,0.1419,0.1723,65.56,75.25,30.33,32.06,0.2308,0.32,87.56,64.95,36.32,43.71
71,0,V1-RSC,73.0,0.3462,0.2076,,12000,0.4575,9,0.5477,0.0617,3,0.2373,0.433,0.2414,0.4331,0.2634,0.451,0.1361,0.1593,62.94,64.54,31.91,34.05,0.28,0.2692,77.37,76.66,54.8,59.28
71,0,V1-RSC,78.0,0.3702,0.2329,,12000,0.3815,12,0.4076,0.0788,2,0.2862,0.4213,0.2671,0.3873,0.2886,0.4086,0.1329,0.1639,59.4,64.55,32.72,35.78,0.3333,0.4667,66.63,62.9,46.58,44.08
71,0,V1-RSC,83.0,0.3942,0.2927,,10000,0.1951,10,0.5541,0.0521,0,0.2906,0.4253,0.3267,0.4252,0.3195,0.4193,0.1461,0.1569,62.6,60.39,34.7,34.73,0.3913,0.375,77.47,82.92,36.85,44.24
71,0,V1-RSC,88.0,0.4183,0.305,,10000,0.115,7,0.2649,0.0451,0,0.27,0.3729,0.2797,0.3713,0.3064,0.3853,0.1289,0.161,72.66,65.68,33.3,35.32,0.28,0.375,84.59,85.51,50.74,52.2
71,0,V1-RSC,93.0,0.4423,0.3096,,12000,0.3623,4,0.1674,0.0309,0,0.2791,0.4205,0.2704,0.3776,0.3305,0.3872,0.1369,0.1835,77.78,79.42,35.93,37.73,0.3333,0.2941,86.88,88.64,54.13,54.23
71,0,V1-RSC,98.0,0.4663,0.3513,,10000,0.2156,8,0.3677,0.0589,0,0.2597,0.4303,0.2757,0.4173,0.2907,0.4059,0.1222,0.1597,72.7,82.06,73.8,74.3,0.28,0.2941,88.99,84.38,59.92,65.45
71,0,V1-RSC,103.0,0.4904,0.3188,,14000,0.4038,9,0.5428,0.0518,0,0.2488,0.4679,0.2637,0.4185,0.2638,0.4479,0.1664,0.202,56.5,61.67,87.58,83.85,0.28,0.2453,76.96,78.43,33.46,38.44
71,0,V1-RSC,108.0,0.5144,0.2915,,12000,0.4985,14,1.2326,0.0622,0,0.2416,0.3896,0.266,0.395,0.2513,0.3778,0.1636,0.1882,82.29,80.61,31.35,33.17,0.2308,0.4348,77.65,87.43,41.17,38.26
71,0,V1-RSC,113.0,0.5385,0.1958,,10000,0.3905,7,0.501,0.0668,0,0.2445,0.3828,0.2975,0.3941,0.2938,0.3895,0.1396,0.1695,54.83,53.26,33.73,31.47,0.3333,0.5349,74.86,77.56,41.91,42.75
71,0,V1-RSC,118.0,0.5625,0.1816,,12000,0.0256,15,0.3083,0.073,0,0.2243,0.4453,0.2469,0.4548,0.2531,0.4665,0.1372,0.1737,56.44,51.0,37.76,35.15,0.1852,0.32,88.09,74.41,60.38,48.17
71,0,V1-RSC,123.0,0.5865,0.2011,,10000,0.4926,10,0.7457,0.0971,0,0.2481,0.4211,0.2617,0.4238,0.2693,0.4303,0.1179,0.1606,44.47,49.22,35.49,34.96,0.3913,0.5714,85.73,83.07,54.96,57.56
71,0,V1-RSC,128.0,0.6106,0.1961,,10000,-0.1162,8,0.359,0.0434,0,0.2626,0.4353,0.3036,0.4633,0.3193,0.4793,0.1362,0.1781,64.03,69.51,34.04,31.25,0.3333,0.4043,83.33,82.39,56.66,54.7
71,0,V1-RSC,133.0,0.6346,0.2135,,10000,0.3664,3,0.1842,0.0244,0,0.264,0.4265,0.3009,0.4319,0.352,0.4572,0.1408,0.1743,78.24,67.35,64.94,61.38,0.1429,0.2222,68.59,73.78,59.0,54.09
71,0,V1-RSC,138.0,0.6587,0.1735,,12000,0.269,13,0.4999,0.0479,0,0.2384,0.4848,0.2569,0.4661,0.26,0.4701,0.1567,0.1816,52.53,56.57,42.88,42.82,0.3333,0.4667,73.11,67.79,87.64,88.89
71,0,V1-RSC,143.0,0.6827,0.163,,12000,0.3091,3,0.087,0.0756,0,0.2449,0.4647,0.3006,0.4403,0.3653,0.4565,0.1555,0.1801,40.88,46.51,24.68,41.05,0.3913,0.6098,66.78,66.17,36.52,47.17
71,0,V1-RSC,148.0,0.7067,0.1074,,12000,0.1867,7,0.2839,0.0325,0,0.2596,0.4193,0.2667,0.3979,0.2652,0.399,0.141,0.1981,43.5,54.66,51.28,58.56,0.5238,0.4667,77.99,72.0,48.77,41.75
71,0,V1-RSC,153.0,0.7308,0.1431,,12000,0.2425,2,0.0529,0.035,0,0.2528,0.4127,0.3125,0.4002,0.4247,0.4416,0.1537,0.1787,79.3,84.56,30.8,35.15,0.3333,0.4348,76.12,86.48,52.32,46.74
71,0,V1-RSC,158.0,0.7548,0.1202,,12000,0.0729,5,0.13,0.0602,0,0.2337,0.4259,0.2695,0.3961,0.2995,0.4165,0.1229,0.1658,51.58,59.64,44.05,40.63,0.3333,0.4667,89.95,83.29,42.46,39.34
71,0,V1-RSC,163.0,0.7788,0.1288,,10000,-0.2744,8,0.6382,0.0887,1,0.2565,0.4322,0.3079,0.444,0.3049,0.4407,0.1295,0.1615,70.49,76.84,35.43,40.09,0.2308,0.5714,87.69,88.95,62.64,59.32
71,0,V1-RSC,168.0,0.8029,0.0846,,12000,0.1359,3,0.0318,0.0702,1,0.3114,0.447,0.3348,0.4278,0.3951,0.4768,0.1498,0.1765,66.87,76.71,34.75,47.73,0.2308,0.375,75.63,77.28,51.71,54.96
71,0,V1-RSC,173.0,0.8269,0.0848,,14000,0.2198,3,0.0689,0.006,0,0.258,0.4396,0.306,0.3947,0.3748,0.4133,0.1462,0.1878,58.74,68.7,86.84,80.27,0.1852,0.4348,80.8,89.71,81.71,74.5
71,0,V1-RSC,178.0,0.851,0.1263,,12000,0.2689,3,0.0906,-0.014,0,0.2729,0.4294,0.3022,0.392,0.3492,0.4132,0.1374,0.1659,69.28,72.98,53.15,55.69,0.1852,0.2692,66.19,66.79,60.33,58.07
71,0,V1-RSC,183.0,0.875,0.1358,,8000,0.1273,14,0.685,0.0245,0,0.3224,0.4311,0.3294,0.4346,0.3357,0.448,0.1122,0.1536,58.4,71.23,52.86,57.67,0.3333,0.375,59.63,78.02,85.97,81.65
71,0,V1-RSC,188.0,0.899,0.181,,10000,0.1479,1,0.0186,0.0647,0,0.2823,0.4282,0.2956,0.4101,0.4767,0.5449,0.1358,0.1768,65.41,74.95,83.57,88.41,0.28,0.4043,88.79,83.07,71.4,64.91
71,0,V1-RSC,193.0,0.9231,0.1782,,8000,0.1615,4,0.1367,0.0341,0,0.2883,0.4415,0.3099,0.4445,0.3386,0.4733,0.119,0.1607,72.19,77.31,46.26,43.67,0.2308,0.5714,86.62,83.53,78.46,89.85
71,0,V1-RSC,198.0,0.9471,0.2372,,10000,-0.0305,9,0.2261,0.0693,0,0.2853,0.426,0.2984,0.4211,0.3078,0.4326,0.1397,0.1528,72.23,81.71,47.74,52.15,0.2308,0.4348,77.17,80.25,63.14,66.06
73,1,CA1-RSC,8.0,0.0329,0.0677,-51.0,24000,0.1798,2,0.0251,0.0994,0,0.5555,0.4609,0.8899,0.5475,0.918,0.5822,0.2859,0.2651,nan,nan,nan,nan,,,53.88,86.39,5.63,44.44
73,1,CA1-RSC,13.0,0.0563,0.0877,-46.0,22000,0.0951,1,0.0045,0.1601,4,0.3267,0.4798,0.4329,0.5367,0.3413,0.6617,0.2936,0.3062,72.37,89.29,74.11,49.7,0.75,0.3333,78.22,71.91,88.31,45.18
73,1,CA1-RSC,18.0,0.0798,0.1051,-41.0,20000,0.0791,0,0.0,0.1707,4,0.3447,0.4427,0.3654,0.5061,nan,nan,0.388,0.4094,89.53,85.96,57.26,41.01,0.75,0.4545,77.0,85.54,71.71,57.39
73,1,CA1-RSC,23.0,0.1033,0.1377,-36.0,18000,-0.1405,10,0.1538,0.1237,5,0.291,0.4353,0.3554,0.436,0.3127,0.4463,0.371,0.3297,89.34,59.07,39.72,28.46,0.75,0.3913,84.21,86.47,69.96,47.74
73,1,CA1-RSC,28.0,0.1268,0.1529,-31.0,20000,0.0992,1,0.0049,0.1724,5,0.3381,0.4172,0.3411,0.4893,0.4707,0.613,0.1816,0.2172,67.68,73.42,63.36,34.66,0.75,0.28,84.31,79.93,65.62,46.56
73,1,CA1-RSC,33.0,0.1502,0.1893,-26.0,18000,-0.0901,14,0.2597,0.1648,5,0.4001,0.4048,0.3697,0.4311,0.3752,0.4344,0.4535,0.4015,73.77,84.52,74.11,59.11,0.75,0.4545,87.1,89.73,86.55,41.26
73,1,CA1-RSC,38.0,0.1737,0.1801,-21.0,18000,0.1124,0,0.0,0.1374,5,0.3092,0.3843,0.3217,0.463,nan,nan,0.2486,0.2875,85.84,83.81,71.19,48.85,0.75,0.3333,83.46,88.8,72.86,39.08
73,1,CA1-RSC,43.0,0.1972,0.2297,-16.0,18000,0.0779,0,0.0,0.0999,5,0.271,0.3611,0.2335,0.3887,nan,nan,0.2125,0.2728,88.87,80.25,54.59,45.65,0.75,0.28,86.1,74.24,52.91,52.79
73,1,CA1-RSC,48.0,0.2207,0.2669,-11.0,20000,0.0707,0,0.0,0.094,3,0.1918,0.3538,0.2363,0.4025,nan,nan,0.1616,0.2151,84.52,82.28,75.18,71.61,0.75,0.3913,71.82,87.35,82.62,67.89
73,1,CA1-RSC,53.0,0.2441,0.4163,-6.0,18000,0.0896,0,0.0,0.0465,3,0.2562,0.3684,0.244,0.4076,nan,nan,0.194,0.2585,89.53,89.98,89.76,81.02,0.75,0.3333,88.17,89.88,77.17,58.44
73,1,CA1-RSC,58.0,0.2676,0.6087,-1.0,16000,0.0827,0,0.0,0.0116,4,0.1621,0.3703,0.2682,0.4615,nan,nan,0.1507,0.1923,73.36,72.26,68.81,47.73,0.4,0.3333,80.5,87.33,85.27,82.07
73,1,CA1-RSC,63.0,0.2911,0.718,4.0,14000,-0.1126,9,0.1457,0.0145,0,0.1328,0.382,0.1611,0.4148,0.1543,0.4173,0.1487,0.174,83.23,88.1,49.42,41.73,0.5556,0.28,70.05,89.28,51.3,45.1
73,1,CA1-RSC,68.0,0.3146,0.6957,9.0,12000,0.0482,0,0.0,0.0328,5,0.1653,0.3567,0.2268,0.375,nan,nan,0.0822,0.1398,84.88,87.85,64.96,53.72,0.5556,0.3913,78.77,87.6,77.91,75.5
73,1,CA1-RSC,73.0,0.338,0.6492,14.0,14000,0.0773,0,0.0,0.0191,-4,0.1348,0.3745,0.2522,0.4008,nan,nan,0.0738,0.164,74.76,86.35,52.47,55.26,0.5556,0.1852,79.04,88.0,63.78,53.13
73,1,CA1-RSC,78.0,0.3615,0.7139,19.0,12000,0.1629,7,0.0966,0.0448,5,0.1327,0.4046,0.1415,0.4249,0.1863,0.4326,0.0899,0.154,65.19,69.84,39.8,42.27,0.5556,0.3913,83.22,80.02,61.67,69.72
73,1,CA1-RSC,83.0,0.385,0.8038,24.0,12000,0.1527,9,0.1601,0.0071,-2,0.1387,0.3698,0.1544,0.3837,0.1708,0.3937,0.0869,0.1296,83.32,80.03,78.79,53.16,0.2727,0.2308,83.47,89.62,72.68,85.25
73,1,CA1-RSC,88.0,0.4085,0.8539,29.0,12000,0.0583,0,0.0,0.0182,0,0.1342,0.4007,0.2392,0.4485,nan,nan,0.087,0.131,79.17,85.88,60.59,60.1,0.75,0.4545,76.64,88.74,86.67,69.68
73,1,CA1-RSC,93.0,0.4319,0.8429,34.0,12000,0.0399,0,0.0,0.0187,1,0.1164,0.4027,0.203,0.4243,nan,nan,0.0765,0.1252,82.0,89.55,66.3,59.18,0.5556,0.6,86.55,87.37,87.81,82.92
73,1,CA1-RSC,98.0,0.4554,0.6962,39.0,14000,-0.0151,12,0.1801,0.008,0,0.1349,0.3723,0.1669,0.3818,0.1675,0.3851,0.1019,0.1478,79.28,79.19,64.03,61.21,0.5556,0.28,89.35,84.12,70.73,63.06
73,1,CA1-RSC,103.0,0.4789,0.7147,44.0,14000,0.0344,0,0.0,-0.0143,-1,0.0793,0.374,0.1799,0.3949,nan,nan,0.0984,0.1287,84.26,78.21,45.56,43.69,0.5556,0.3913,87.17,82.47,81.36,79.53
73,1,CA1-RSC,108.0,0.5023,0.6664,49.0,20000,0.063,0,0.0,-0.0242,-2,0.1631,0.3841,0.2093,0.4008,nan,nan,0.106,0.1432,84.02,80.7,60.32,69.89,0.2727,0.3333,89.47,85.18,79.77,89.85
73,1,CA1-RSC,113.0,0.5258,0.6405,54.0,14000,0.0385,0,0.0,-0.0074,0,0.1695,0.3962,0.1289,0.4082,nan,nan,0.1024,0.1546,83.64,73.31,67.37,66.77,0.5556,0.2308,75.19,84.64,71.05,82.33
73,1,CA1-RSC,118.0,0.5493,0.66,59.0,14000,0.0632,0,0.0,0.0069,0,0.1847,0.3452,0.21,0.357,nan,nan,0.1174,0.1745,89.19,80.1,64.7,59.11,0.4,0.28,80.7,88.19,80.32,69.44
73,1,CA1-RSC,123.0,0.5728,0.5536,64.0,20000,0.0327,0,0.0,-0.0113,-4,0.1454,0.4,0.2058,0.4283,nan,nan,0.0757,0.1163,75.69,82.57,38.99,53.0,0.4,0.28,83.76,80.8,83.67,65.64
73,1,CA1-RSC,128.0,0.5962,0.7324,69.0,12000,0.0277,0,0.0,-0.029,-4,0.0998,0.3996,0.1666,0.4331,nan,nan,0.1011,0.129,85.48,84.42,52.73,71.95,0.4,0.28,75.77,76.13,66.65,81.98
73,1,CA1-RSC,133.0,0.6197,0.6769,74.0,14000,0.0425,0,0.0,0.0235,3,0.0782,0.413,0.1727,0.4459,nan,nan,0.0759,0.1278,88.9,83.0,62.89,76.47,0.75,0.3333,86.73,87.81,87.14,83.83
73,1,CA1-RSC,138.0,0.6432,0.8944,79.0,12000,0.0573,0,0.0,0.0544,3,0.1005,0.4564,0.1765,0.4864,nan,nan,0.1391,0.1797,83.24,87.01,74.39,67.86,0.4,0.3333,70.86,84.25,60.39,71.83
73,1,CA1-RSC,143.0,0.6667,0.7278,84.0,12000,0.0075,0,0.0,0.017,1,0.0876,0.4682,0.1524,0.5038,nan,nan,0.0989,0.1822,87.42,83.67,65.72,66.46,0.4,0.4545,88.33,86.68,86.84,87.25
73,1,CA1-RSC,148.0,0.6901,0.5407,89.0,12000,0.0611,0,0.0,0.0232,0,0.1221,0.4301,0.1996,0.4669,nan,nan,0.1268,0.1926,87.47,85.95,40.33,54.62,0.4,0.4545,85.03,87.33,85.4,58.74
73,1,CA1-RSC,153.0,0.7136,0.3515,94.0,14000,0.0107,0,0.0,-0.0495,-3,0.1032,0.4417,0.173,0.4928,nan,nan,0.1083,0.1743,87.22,89.07,55.33,44.9,0.75,0.3333,86.17,83.84,76.42,73.68
73,1,CA1-RSC,158.0,0.7371,0.3623,99.0,16000,0.0261,0,0.0,-0.0314,0,0.1317,0.4443,0.2503,0.4947,nan,nan,0.1449,0.1853,71.93,82.49,53.77,67.19,0.4,0.28,89.79,89.58,87.52,89.77
73,1,CA1-RSC,163.0,0.7606,0.3449,104.0,18000,0.046,0,0.0,0.0179,0,0.1863,0.4327,0.2557,0.469,nan,nan,0.1227,0.1601,77.85,74.24,56.78,50.27,0.2727,0.5238,74.84,85.13,74.7,77.47
73,1,CA1-RSC,168.0,0.784,0.2007,109.0,18000,0.055,0,0.0,0.005,0,0.1423,0.4174,0.2064,0.4268,nan,nan,0.1717,0.1879,88.4,88.96,67.19,43.6,0.5556,0.4545,89.5,78.39,69.71,46.05
73,1,CA1-RSC,173.0,0.8075,0.0785,114.0,12000,-0.1775,12,0.1853,0.001,-5,0.1208,0.3533,0.152,0.3743,0.1502,0.3684,0.1189,0.1456,77.47,82.58,65.51,49.04,0.75,0.3913,83.27,84.55,74.89,75.38
73,1,CA1-RSC,178.0,0.831,0.0068,119.0,12000,0.208,10,0.1676,-0.0431,-2,0.123,0.4147,0.1196,0.4274,0.1197,0.4263,0.1319,0.1593,86.09,79.1,77.39,63.85,0.4,0.3913,88.71,86.11,74.59,76.27
73,1,CA1-RSC,183.0,0.8545,0.0734,124.0,14000,0.0524,0,0.0,0.008,0,0.1136,0.4207,0.2448,0.4288,nan,nan,0.1317,0.1536,89.06,86.94,50.66,63.25,0.4,0.4545,87.3,78.63,89.41,87.82
73,1,CA1-RSC,188.0,0.8779,0.0683,129.0,16000,0.0396,0,0.0,0.0182,0,0.1301,0.3648,0.2234,0.3889,nan,nan,0.1313,0.1368,89.22,88.57,63.02,63.59,0.4,0.2308,87.27,82.67,58.65,70.69
73,1,CA1-RSC,193.0,0.9014,0.1376,134.0,12000,0.0816,0,0.0,-0.0382,0,0.137,0.3904,0.3427,0.4478,nan,nan,0.1231,0.1321,89.5,82.39,72.32,76.74,0.5556,0.1852,87.52,80.15,51.86,72.08
73,1,CA1-RSC,198.0,0.9249,0.2793,139.0,12000,0.0309,0,0.0,0.0138,3,0.1341,0.4213,0.2504,0.4263,nan,nan,0.1622,0.1647,89.82,85.93,47.94,51.15,0.4,0.28,69.03,87.69,85.62,88.86
73,1,CA1-RSC,203.0,0.9484,0.4396,144.0,14000,-0.2022,10,0.1429,-0.0122,-1,0.1611,0.4393,0.2037,0.4601,0.1969,0.4542,0.1775,0.2192,86.25,80.87,56.95,76.68,0.4,0.3913,80.21,84.06,68.97,83.47
73,1,CA1-DG,8.0,0.0329,0.0677,-51.0,24000,0.2981,10,0.3082,0.0147,0,0.5452,0.3514,0.6981,0.4002,0.6575,0.4017,0.4224,0.262,nan,nan,nan,nan,,,76.83,85.01,0.5,41.42
73,1,CA1-DG,13.0,0.0563,0.0877,-46.0,22000,0.2806,7,0.4279,0.0216,0,0.3329,0.401,0.3373,0.3889,0.3292,0.3878,0.3578,0.295,82.61,72.34,83.98,78.64,0.75,0.7778,83.85,85.1,44.18,40.63
73,1,CA1-DG,18.0,0.0798,0.1051,-41.0,20000,0.182,1,0.0168,0.0961,0,0.3506,0.3081,0.3959,0.3353,0.5549,0.5633,0.2971,0.2754,77.12,80.1,34.92,41.97,0.75,0.4545,88.29,80.02,65.17,35.26
73,1,CA1-DG,23.0,0.1033,0.1377,-36.0,18000,0.0222,5,0.1938,0.0333,0,0.3019,0.2396,0.3798,0.2401,0.3651,0.2662,0.3026,0.3231,85.5,83.46,31.69,30.3,0.75,0.4545,88.19,89.04,88.81,52.2
73,1,CA1-DG,28.0,0.1268,0.1529,-31.0,20000,0.1855,1,0.0175,0.0428,0,0.3383,0.2426,0.4358,0.3522,0.5788,0.6179,0.3169,0.2803,74.83,86.78,38.79,23.97,0.75,0.4545,76.23,79.78,37.85,51.88
73,1,CA1-DG,33.0,0.1502,0.1893,-26.0,18000,-0.1245,7,0.2877,0.0532,0,0.4143,0.2356,0.4863,0.2654,0.4629,0.2747,0.2946,0.2751,88.05,81.19,49.0,39.91,0.75,0.6,74.53,88.23,89.78,30.91
73,1,CA1-DG,38.0,0.1737,0.1801,-21.0,18000,0.1988,1,0.0202,0.0458,0,0.3122,0.1852,0.3991,0.3359,0.6239,0.549,0.2938,0.2367,81.12,77.47,40.68,40.64,0.75,0.4545,87.54,88.67,67.5,40.49
73,1,CA1-DG,43.0,0.1972,0.2297,-16.0,18000,0.1959,1,0.0196,0.0648,0,0.2728,0.167,0.3683,0.3243,0.6185,0.5379,0.2601,0.2363,76.86,80.61,33.95,27.47,0.75,0.6,87.46,85.33,39.88,33.85
73,1,CA1-DG,48.0,0.2207,0.2669,-11.0,20000,-0.0485,10,0.163,0.0811,0,0.193,0.1936,0.2388,0.2441,0.2416,0.2338,0.2911,0.2685,87.31,85.2,24.42,31.36,0.75,0.4545,87.43,89.9,38.41,47.68
73,1,CA1-DG,53.0,0.2441,0.4163,-6.0,18000,0.1905,1,0.0185,0.0203,0,0.2579,0.1171,0.4331,0.3355,0.6985,0.5039,0.3101,0.2628,54.87,66.01,13.82,18.25,0.75,0.6,56.77,89.11,33.34,32.24
73,1,CA1-DG,58.0,0.2676,0.6087,-1.0,16000,-0.065,19,0.3643,0.0077,0,0.1629,0.1639,0.1911,0.1934,0.1929,0.1896,0.2359,0.2245,65.76,75.39,23.76,31.33,0.4,0.3333,84.29,72.58,36.91,34.31
73,1,CA1-DG,63.0,0.2911,0.718,4.0,14000,0.4986,8,0.4091,0.0014,0,0.1337,0.1727,0.2626,0.2379,0.223,0.2273,0.2478,0.2366,78.96,88.32,23.49,27.76,0.5556,0.3333,77.2,85.21,27.59,37.77
73,1,CA1-DG,68.0,0.3146,0.6957,9.0,12000,0.0578,3,0.0503,-0.0231,0,0.1654,0.1467,0.1736,0.1718,0.2406,0.2272,0.1826,0.1779,82.9,73.98,23.08,30.17,0.5556,0.3333,82.89,81.69,49.83,46.63
73,1,CA1-DG,73.0,0.338,0.6492,14.0,14000,0.1354,1,0.0092,0.0532,5,0.1348,0.1414,0.3201,0.2892,0.5775,0.5606,0.2121,0.1979,84.47,75.81,20.43,41.85,0.5556,0.4545,80.92,88.04,44.16,55.2
73,1,CA1-DG,78.0,0.3615,0.7139,19.0,12000,0.3364,5,0.143,-0.0356,0,0.1328,0.2262,0.271,0.2245,0.3177,0.225,0.2229,0.1991,75.17,88.05,26.52,42.45,0.5556,0.3333,75.87,85.47,35.42,55.3
73,1,CA1-DG,83.0,0.385,0.8038,24.0,12000,0.4822,10,0.6113,0.0025,0,0.1386,0.1582,0.2254,0.2227,0.2075,0.2189,0.2199,0.2253,76.57,89.44,25.26,32.97,0.2727,0.4545,72.87,77.1,46.76,47.01
73,1,CA1-DG,88.0,0.4085,0.8539,29.0,12000,0.2476,7,0.1228,-0.0056,0,0.1342,0.1605,0.2029,0.1984,0.1984,0.2039,0.1929,0.1912,79.38,72.32,30.01,37.43,0.75,0.3333,87.16,75.51,43.32,52.67
73,1,CA1-DG,93.0,0.4319,0.8429,34.0,12000,0.2307,3,0.0974,0.049,0,0.1162,0.1456,0.2507,0.2314,0.3411,0.3177,0.2343,0.2185,81.77,73.81,33.54,49.76,0.5556,0.6,81.35,83.1,78.0,71.02
73,1,CA1-DG,98.0,0.4554,0.6962,39.0,14000,-0.2958,12,0.6769,-0.0509,0,0.1351,0.1686,0.2115,0.1712,0.1928,0.1802,0.1813,0.1685,82.24,85.32,29.99,44.23,0.5556,0.4545,80.56,80.2,31.52,38.86
73,1,CA1-DG,103.0,0.4789,0.7147,44.0,14000,-0.0574,10,0.1834,-0.0276,0,0.0787,0.1296,0.1307,0.1723,0.1461,0.1777,0.2118,0.1863,85.93,67.57,30.78,29.88,0.5556,0.3333,86.74,76.98,45.42,42.99
73,1,CA1-DG,108.0,0.5023,0.6664,49.0,20000,0.1198,1,0.0072,-0.0282,0,0.1634,0.1536,0.2843,0.2756,0.5436,0.5056,0.2199,0.2208,87.25,89.8,36.56,43.54,0.2727,0.3333,76.4,69.78,58.61,55.98
73,1,CA1-DG,113.0,0.5258,0.6405,54.0,14000,0.156,1,0.0123,-0.0209,0,0.1694,0.1123,0.355,0.3177,0.5648,0.5327,0.2155,0.1943,80.99,83.68,26.99,40.75,0.5556,0.3333,84.72,85.83,56.23,42.91
73,1,CA1-DG,118.0,0.5493,0.66,59.0,14000,0.1541,1,0.012,-0.0354,0,0.1852,0.1428,0.4005,0.3563,0.6398,0.5307,0.2438,0.1967,79.76,86.74,23.25,27.2,0.4,0.6,79.26,89.11,41.5,50.6
73,1,CA1-DG,123.0,0.5728,0.5536,64.0,20000,0.3419,16,0.3941,-0.0499,0,0.1451,0.1197,0.1647,0.1645,0.1496,0.15,0.2693,0.2475,88.99,68.21,17.42,23.7,0.4,0.4545,89.31,83.88,38.9,30.31
73,1,CA1-DG,128.0,0.5962,0.7324,69.0,12000,-0.044,12,0.2639,-0.0433,0,0.0992,0.1087,0.1533,0.1179,0.1435,0.1234,0.2356,0.2367,67.68,85.55,24.3,28.68,0.4,0.2308,77.99,85.39,33.4,40.26
73,1,CA1-DG,133.0,0.6197,0.6769,74.0,14000,-0.0349,13,0.2445,-0.0235,0,0.0777,0.1011,0.1262,0.1317,0.1206,0.1252,0.2501,0.2371,77.03,86.33,24.38,25.36,0.75,0.4545,89.46,74.25,33.12,19.82
73,1,CA1-DG,138.0,0.6432,0.8944,79.0,12000,0.1634,1,0.0135,-0.0322,0,0.1004,0.0967,0.3477,0.3362,0.6198,0.5805,0.2439,0.2297,73.93,89.17,21.18,29.14,0.4,0.4545,88.1,80.67,39.0,38.54
73,1,CA1-DG,143.0,0.6667,0.7278,84.0,12000,0.0172,0,0.0,-0.0609,0,0.0874,0.1097,0.2819,0.2977,nan,nan,0.1787,0.1655,72.6,86.35,25.55,33.32,0.5556,0.3333,82.7,89.61,46.36,35.46
73,1,CA1-DG,148.0,0.6901,0.5407,89.0,12000,0.1649,1,0.0138,-0.0217,0,0.1226,0.1314,0.3177,0.3171,0.5427,0.572,0.2079,0.2008,85.54,87.92,29.15,30.79,0.4,0.4545,86.37,78.06,47.4,53.54
73,1,CA1-DG,153.0,0.7136,0.3515,94.0,14000,0.178,1,0.0161,-0.0713,0,0.1035,0.0818,0.222,0.2102,0.5882,0.4824,0.2267,0.1861,87.25,79.89,28.09,35.87,0.75,0.2308,80.55,88.14,38.05,49.91
73,1,CA1-DG,158.0,0.7371,0.3623,99.0,16000,0.1596,1,0.0129,-0.0539,0,0.1323,0.0814,0.3199,0.2657,0.5768,0.5483,0.2144,0.2249,80.42,67.85,24.94,37.67,0.4,0.2308,75.91,75.1,54.87,43.15
73,1,CA1-DG,163.0,0.7606,0.3449,104.0,18000,0.2983,16,0.3015,-0.0629,0,0.1873,0.1171,0.2268,0.1632,0.2101,0.1443,0.2213,0.2061,76.28,87.8,26.62,27.65,0.2727,0.3333,73.2,75.12,54.19,60.42
73,1,CA1-DG,168.0,0.784,0.2007,109.0,18000,0.1569,1,0.0125,-0.0403,0,0.1427,0.1115,0.329,0.3969,0.5777,0.5941,0.2433,0.2359,81.15,77.66,24.7,34.79,0.5556,0.2308,85.67,87.34,39.74,46.65
73,1,CA1-DG,173.0,0.8075,0.0785,114.0,12000,-0.5174,15,1.1869,-0.0151,0,0.121,0.1374,0.1756,0.1442,0.1516,0.1366,0.2258,0.2275,82.81,85.67,19.07,25.05,0.75,0.6,79.03,67.45,33.03,33.04
73,1,CA1-DG,178.0,0.831,0.0068,119.0,12000,0.031,0,0.0,-0.0596,0,0.123,0.1247,0.2148,0.1915,nan,nan,0.2163,0.2187,77.76,84.76,27.42,32.88,0.2727,0.3333,64.5,72.91,36.52,50.67
73,1,CA1-DG,183.0,0.8545,0.0734,124.0,14000,0.18,1,0.0165,-0.0229,0,0.1136,0.1154,0.3481,0.3949,0.6457,0.6275,0.2229,0.2494,87.21,84.06,22.29,33.18,0.2727,0.3333,76.71,79.35,34.88,30.86
73,1,CA1-DG,188.0,0.8779,0.0683,129.0,16000,-0.0442,12,0.2729,-0.012,0,0.1299,0.1037,0.1543,0.1394,0.1512,0.1381,0.2743,0.2301,58.2,47.5,27.0,27.62,0.4,0.7778,88.69,87.09,31.58,23.81
73,1,CA1-DG,193.0,0.9014,0.1376,134.0,12000,0.1579,1,0.0126,-0.0234,0,0.1367,0.1453,0.3716,0.3778,0.5491,0.5703,0.2205,0.2135,74.51,86.42,24.7,31.33,0.5556,0.3333,80.16,74.23,45.4,46.74
73,1,CA1-DG,198.0,0.9249,0.2793,139.0,12000,-0.0765,11,0.2046,-0.0153,0,0.1348,0.1428,0.1399,0.1518,0.1472,0.1567,0.223,0.2056,71.87,67.49,52.36,45.77,0.4,0.4545,81.35,81.99,45.16,52.17
73,1,CA1-DG,203.0,0.9484,0.4396,144.0,14000,-0.0292,8,0.1469,-0.0082,0,0.1619,0.1248,0.1954,0.1591,0.2231,0.1823,0.2141,0.1849,82.59,85.28,36.02,34.94,0.4,0.1429,85.48,85.93,48.35,56.99
73,1,CA1-V1,8.0,0.0329,0.0677,-51.0,24000,0.3104,7,0.2652,-0.0102,0,0.5486,0.4036,0.7248,0.5891,0.6908,0.5422,0.4581,0.5116,nan,nan,nan,nan,,,78.59,88.47,0.25,7.75
73,1,CA1-V1,13.0,0.0563,0.0877,-46.0,22000,0.0364,6,0.1755,0.0041,0,0.2858,0.3407,0.3656,0.3802,0.3325,0.3615,0.2254,0.2165,86.12,83.49,72.79,58.43,0.75,0.6667,83.44,81.45,74.04,44.72
73,1,CA1-V1,18.0,0.0798,0.1051,-41.0,20000,0.0162,0,0.0,-0.0237,0,0.3342,0.2739,0.4031,0.3265,nan,nan,0.237,0.2364,85.23,72.76,84.72,83.15,0.5556,0.6667,87.17,74.95,89.79,5.66
73,1,CA1-V1,23.0,0.1033,0.1377,-36.0,18000,-0.0086,8,0.2499,-0.1665,-2,0.2958,0.2392,0.3474,0.2802,0.3435,0.321,0.1811,0.1305,86.75,84.01,82.81,78.04,0.75,0.6667,84.02,88.37,72.85,67.83
73,1,CA1-V1,28.0,0.1268,0.1529,-31.0,20000,0.0574,0,0.0,-0.0256,0,0.3367,0.2505,0.3344,0.2852,nan,nan,0.1798,0.1917,87.07,88.77,62.49,68.68,0.75,0.6667,71.51,87.08,76.5,88.51
73,1,CA1-V1,33.0,0.1502,0.1893,-26.0,18000,0.0255,1,0.0091,0.0043,0,0.3579,0.1831,0.342,0.2027,0.4027,0.4626,0.1984,0.1972,69.35,78.77,57.43,35.3,0.5556,0.6667,84.43,88.92,73.8,78.87
73,1,CA1-V1,38.0,0.1737,0.1801,-21.0,18000,0.1357,1,0.0093,-0.0178,0,0.2768,0.1346,0.3612,0.3807,0.4587,0.5486,0.2175,0.1929,76.95,70.48,36.79,32.39,0.75,0.6667,87.31,82.1,76.0,28.67
73,1,CA1-V1,43.0,0.1972,0.2297,-16.0,18000,0.12,1,0.0072,-0.0322,0,0.2487,0.1293,0.281,0.2833,0.3901,0.4804,0.1991,0.2268,85.45,86.93,30.93,23.0,0.4,0.6667,71.78,88.13,43.95,38.87
73,1,CA1-V1,48.0,0.2207,0.2669,-11.0,20000,-0.055,6,0.0932,0.0146,0,0.182,0.1428,0.26,0.1819,0.2692,0.1886,0.2224,0.2197,83.85,87.03,39.27,27.19,0.5556,0.4286,88.06,81.05,49.6,30.11
73,1,CA1-V1,53.0,0.2441,0.4163,-6.0,18000,0.0969,0,0.0,-0.0215,0,0.2345,0.1155,0.3916,0.4171,nan,nan,0.1879,0.2127,75.35,83.06,39.87,17.88,0.5556,0.25,87.09,88.94,49.18,48.68
73,1,CA1-V1,58.0,0.2676,0.6087,-1.0,16000,0.2285,12,0.2225,0.0125,0,0.1629,0.1261,0.1618,0.1449,0.1782,0.155,0.1625,0.1531,63.44,79.53,55.11,51.06,0.4,0.4286,89.86,87.99,57.63,81.65
73,1,CA1-V1,63.0,0.2911,0.718,4.0,14000,-0.0592,8,0.1358,-0.0055,-1,0.1443,0.1234,0.2042,0.2028,0.2001,0.1975,0.2063,0.2099,82.65,89.43,44.09,32.87,0.5556,0.4286,88.25,88.63,53.57,73.82
73,1,CA1-V1,68.0,0.3146,0.6957,9.0,12000,0.2741,5,0.1107,0.0199,4,0.1755,0.1663,0.179,0.1823,0.2111,0.1832,0.1247,0.1724,73.25,75.34,58.54,60.26,0.4,0.4286,84.97,80.37,68.6,66.62
73,1,CA1-V1,73.0,0.338,0.6492,14.0,14000,0.0601,0,0.0,-0.012,0,0.1401,0.1628,0.2332,0.2753,nan,nan,0.1511,0.1667,74.29,82.48,41.07,45.57,0.4,0.4286,89.72,81.58,74.23,86.44
73,1,CA1-V1,78.0,0.3615,0.7139,19.0,12000,0.0627,0,0.0,0.0085,4,0.1441,0.1376,0.2678,0.1836,nan,nan,0.1412,0.117,66.94,77.75,44.93,43.82,0.4,0.4286,68.52,79.41,87.63,72.54
73,1,CA1-V1,83.0,0.385,0.8038,24.0,12000,0.2356,7,0.1256,-0.0416,0,0.1248,0.1554,0.2037,0.1794,0.2004,0.1964,0.1638,0.1519,73.24,76.11,49.4,52.72,0.2727,0.6667,84.01,77.95,60.98,83.35
73,1,CA1-V1,88.0,0.4085,0.8539,29.0,12000,0.2128,8,0.1533,-0.0147,-3,0.1406,0.1712,0.171,0.2021,0.1777,0.1963,0.1729,0.1602,89.53,86.44,54.63,48.58,0.4,0.25,89.18,75.72,89.22,84.17
73,1,CA1-V1,93.0,0.4319,0.8429,34.0,12000,0.2252,5,0.1166,-0.0122,-2,0.1337,0.1749,0.2408,0.217,0.2478,0.2164,0.1338,0.1573,74.45,80.06,52.19,52.25,0.1667,0.4286,87.36,72.83,72.87,62.27
73,1,CA1-V1,98.0,0.4554,0.6962,39.0,14000,-0.1431,9,0.1575,0.0271,0,0.1391,0.1335,0.2105,0.1603,0.1969,0.1564,0.1988,0.1812,76.84,70.58,48.58,59.3,0.5556,0.4286,85.03,85.0,79.8,64.85
73,1,CA1-V1,103.0,0.4789,0.7147,44.0,14000,-0.1509,10,0.1912,0.0223,3,0.0937,0.1355,0.1544,0.1716,0.1488,0.1831,0.1528,0.1212,79.37,79.97,56.87,54.71,0.4,0.4286,88.05,75.14,75.85,87.14
73,1,CA1-V1,108.0,0.5023,0.6664,49.0,20000,0.0542,0,0.0,0.0417,0,0.1818,0.1516,0.218,0.2102,nan,nan,0.1489,0.1002,88.68,83.3,79.29,68.24,0.1667,0.4286,75.77,88.74,83.57,74.2
73,1,CA1-V1,113.0,0.5258,0.6405,54.0,14000,0.0016,0,0.0,-0.0284,-2,0.1492,0.1509,0.1972,0.209,nan,nan,0.156,0.1442,79.3,80.46,81.69,79.17,0.4,0.1111,79.3,83.4,73.63,79.03
73,1,CA1-V1,118.0,0.5493,0.66,59.0,14000,0.0263,0,0.0,0.0564,3,0.177,0.098,0.1941,0.1451,nan,nan,0.1207,0.1319,84.23,76.29,69.52,69.33,0.4,0.6667,79.98,74.04,83.67,66.84
73,1,CA1-V1,123.0,0.5728,0.5536,64.0,20000,0.2118,9,0.1986,0.0025,1,0.1423,0.1175,0.1446,0.193,0.1466,0.1926,0.0962,0.1184,88.33,82.67,83.96,84.42,0.5556,0.25,84.78,81.39,84.66,66.42
73,1,CA1-V1,128.0,0.5962,0.7324,69.0,12000,-0.186,8,0.1779,-0.0404,-5,0.1102,0.1504,0.1445,0.2738,0.1401,0.2765,0.1757,0.1825,79.05,87.93,72.77,73.01,0.4,0.25,86.53,84.49,81.25,80.39
73,1,CA1-V1,133.0,0.6197,0.6769,74.0,14000,0.0418,8,0.1411,0.0093,0,0.082,0.1142,0.1531,0.2101,0.1512,0.2093,0.1522,0.1417,89.71,87.45,78.68,72.36,0.1667,1.0,82.31,87.85,67.89,68.99
73,1,CA1-V1,138.0,0.6432,0.8944,79.0,12000,0.0608,0,0.0,0.0058,-2,0.0893,0.151,0.2249,0.2526,nan,nan,0.1499,0.1746,84.37,80.42,62.28,46.05,0.1667,0.4286,86.89,88.83,71.07,72.51
73,1,CA1-V1,143.0,0.6667,0.7278,84.0,12000,0.0106,0,0.0,0.0071,0,0.0949,0.1558,0.2174,0.2329,nan,nan,0.1552,0.1252,84.91,87.32,59.46,48.64,0.4,0.6667,88.18,77.39,87.1,83.64
73,1,CA1-V1,148.0,0.6901,0.5407,89.0,12000,0.0255,0,0.0,0.0214,0,0.1297,0.1267,0.1393,0.1919,nan,nan,0.1405,0.1459,89.97,71.3,84.52,80.36,0.4,1.0,83.31,80.8,78.06,88.71
73,1,CA1-V1,153.0,0.7136,0.3515,94.0,14000,-0.0621,0,0.0,-0.0263,-4,0.1049,0.1398,0.1782,0.2553,nan,nan,0.1,0.0764,73.14,87.48,67.06,64.71,0.4,0.4286,83.24,80.25,78.08,84.47
73,1,CA1-V1,158.0,0.7371,0.3623,99.0,16000,0.0506,0,0.0,0.0653,0,0.1544,0.1191,0.2399,0.2547,nan,nan,0.1899,0.1974,84.58,75.27,80.49,61.74,0.1667,0.6667,84.54,89.41,73.75,70.06
73,1,CA1-V1,163.0,0.7606,0.3449,104.0,18000,0.2031,10,0.1894,-0.0034,0,0.1625,0.1473,0.1986,0.1702,0.199,0.1739,0.154,0.1373,88.56,81.57,77.18,63.59,0.2727,0.6667,89.74,87.37,89.22,89.08
73,1,CA1-V1,168.0,0.784,0.2007,109.0,18000,0.0318,0,0.0,0.0286,1,0.1557,0.1592,0.2337,0.2095,nan,nan,0.1107,0.1154,81.07,85.67,63.66,65.85,0.4,0.6667,76.44,82.59,60.27,55.4
73,1,CA1-V1,173.0,0.8075,0.0785,114.0,12000,0.4454,3,0.2917,0.0872,5,0.125,0.2147,0.3391,0.4827,0.3448,0.4762,0.1584,0.1587,82.3,66.75,70.69,83.99,0.5556,0.4286,85.89,87.65,82.01,34.11
73,1,CA1-V1,178.0,0.831,0.0068,119.0,12000,0.0516,1,0.0114,0.0383,4,0.1244,0.2329,0.1831,0.3009,0.4109,0.4955,0.1463,0.1266,77.85,72.34,74.36,77.33,0.2727,0.6667,83.0,89.19,74.72,71.28
73,1,CA1-V1,183.0,0.8545,0.0734,124.0,14000,0.0193,0,0.0,-0.0124,-3,0.1125,0.1915,0.1487,0.2182,nan,nan,0.1261,0.1105,81.89,88.91,86.51,81.32,0.2727,0.6667,84.89,76.37,65.35,73.53
73,1,CA1-V1,188.0,0.8779,0.0683,129.0,16000,0.2411,9,0.1997,-0.0125,2,0.1425,0.2184,0.1827,0.2397,0.1837,0.2212,0.1235,0.1241,78.75,84.92,80.31,75.41,0.4,0.4286,87.45,67.01,70.39,85.02
73,1,CA1-V1,193.0,0.9014,0.1376,134.0,12000,0.0192,0,0.0,0.0085,4,0.1401,0.2034,0.202,0.3161,nan,nan,0.1397,0.1216,87.65,68.34,65.83,58.65,0.4,0.6667,82.72,78.22,76.89,82.67
73,1,CA1-V1,198.0,0.9249,0.2793,139.0,12000,0.1901,12,0.225,0.1335,3,0.1335,0.1565,0.1582,0.2045,0.1649,0.2118,0.1299,0.1394,79.19,75.15,72.1,84.67,0.4,0.4286,81.99,83.99,65.01,88.01
73,1,CA1-V1,203.0,0.9484,0.4396,144.0,14000,0.0118,0,0.0,0.0114,2,0.1748,0.1496,0.2415,0.1532,nan,nan,0.1482,0.0999,80.16,80.15,83.02,67.26,0.4,0.4286,79.11,83.14,77.78,80.38
73,1,CA1-SUB,8.0,0.0329,0.0677,-51.0,24000,0.1889,11,0.3169,0.0315,0,0.5605,0.1478,0.6085,0.2453,0.6492,0.242,0.3101,0.2349,nan,nan,nan,nan,,,84.13,61.93,0.93,22.94
73,1,CA1-SUB,13.0,0.0563,0.0877,-46.0,22000,0.4611,7,0.4188,-0.0109,0,0.3328,0.1095,0.2949,0.2408,0.2994,0.2476,0.2391,0.1702,86.69,86.66,79.42,61.68,0.75,0.75,81.6,87.68,85.45,29.33
73,1,CA1-SUB,18.0,0.0798,0.1051,-41.0,20000,0.1194,1,0.0072,-0.0249,0,0.3505,0.0909,0.3453,0.2609,0.5423,0.4832,0.2185,0.1737,81.47,63.91,46.34,39.03,0.75,0.4,74.51,82.61,85.18,47.47
73,1,CA1-SUB,23.0,0.1033,0.1377,-36.0,18000,-0.0886,11,0.1689,-0.0531,0,0.3019,0.098,0.2787,0.1602,0.3089,0.1497,0.2045,0.1569,89.17,69.71,52.24,28.83,0.75,0.5556,81.89,78.14,74.81,39.15
73,1,CA1-SUB,28.0,0.1268,0.1529,-31.0,20000,0.143,1,0.0103,-0.0293,0,0.3383,0.0895,0.3602,0.2906,0.4938,0.4847,0.2576,0.1915,85.07,64.82,51.19,34.24,0.75,0.5556,77.57,63.75,49.52,41.0
73,1,CA1-SUB,33.0,0.1502,0.1893,-26.0,18000,-0.0018,12,0.2944,0.0371,0,0.4144,0.0834,0.3534,0.1743,0.3697,0.1561,0.2457,0.1554,71.86,57.5,51.64,35.41,0.75,0.5556,80.86,71.1,73.47,37.24
73,1,CA1-SUB,38.0,0.1737,0.1801,-21.0,18000,0.123,1,0.0076,-0.0322,0,0.3121,0.0585,0.2853,0.2823,0.41,0.4686,0.2155,0.1647,77.92,70.68,56.0,45.46,0.75,0.5556,72.47,79.43,77.82,56.75
73,1,CA1-SUB,43.0,0.1972,0.2297,-16.0,18000,0.1229,2,0.013,-0.0024,0,0.2729,0.0525,0.3022,0.2347,0.4365,0.3774,0.2185,0.17,88.21,56.83,48.68,26.89,0.75,0.75,88.33,83.65,81.7,78.85
73,1,CA1-SUB,48.0,0.2207,0.2669,-11.0,20000,0.2804,15,0.2971,-0.0396,0,0.1932,0.087,0.1679,0.1236,0.1927,0.1158,0.2318,0.166,79.74,86.07,47.5,27.01,0.75,0.75,87.14,65.14,52.89,40.74
73,1,CA1-SUB,53.0,0.2441,0.4163,-6.0,18000,0.1237,1,0.0077,-0.0264,0,0.2579,0.0561,0.257,0.2084,0.5561,0.4143,0.1881,0.1418,60.55,68.88,35.6,26.09,0.75,0.75,85.57,72.2,81.45,41.9
73,1,CA1-SUB,58.0,0.2676,0.6087,-1.0,16000,0.3094,12,0.2673,0.0092,0,0.1631,0.051,0.1799,0.1253,0.1911,0.0951,0.1792,0.1884,75.08,65.8,44.05,47.73,0.4,0.4,87.16,77.35,57.3,52.43
73,1,CA1-SUB,63.0,0.2911,0.718,4.0,14000,-0.1762,8,0.3628,-0.0099,0,0.1337,0.0776,0.2655,0.2132,0.2415,0.1811,0.1914,0.1539,65.24,63.77,27.45,40.03,0.5556,0.4,68.29,68.7,65.58,66.35
73,1,CA1-SUB,68.0,0.3146,0.6957,9.0,12000,0.0448,5,0.0899,-0.0096,0,0.1654,0.0728,0.2473,0.1275,0.2725,0.1321,0.1803,0.1793,82.19,81.64,29.03,38.1,0.5556,0.75,82.14,88.61,60.99,61.2
73,1,CA1-SUB,73.0,0.338,0.6492,14.0,14000,0.1162,1,0.0068,-0.0131,0,0.1346,0.0442,0.3091,0.2575,0.5385,0.473,0.1818,0.1545,86.71,70.49,24.23,30.08,0.5556,0.2727,85.26,89.58,55.55,39.61
73,1,CA1-SUB,78.0,0.3615,0.7139,19.0,12000,0.1732,4,0.0564,-0.0269,0,0.1326,0.055,0.2297,0.1924,0.2599,0.245,0.2103,0.1464,89.92,81.65,23.62,28.59,0.5556,0.4,85.19,87.46,82.38,80.68
73,1,CA1-SUB,83.0,0.385,0.8038,24.0,12000,0.4072,6,0.2306,0.0221,0,0.1387,0.0514,0.2556,0.2357,0.2549,0.2117,0.1754,0.1524,70.67,52.91,30.02,28.38,0.2727,0.2727,76.53,85.62,45.04,40.15
73,1,CA1-SUB,88.0,0.4085,0.8539,29.0,12000,0.2778,7,0.1293,-0.0204,0,0.1342,0.0429,0.2059,0.159,0.2042,0.155,0.1447,0.1641,80.83,86.35,29.82,26.91,0.75,0.4,84.68,77.36,53.46,40.75
73,1,CA1-SUB,93.0,0.4319,0.8429,34.0,12000,0.0565,12,0.16,-0.0382,-1,0.1164,0.0476,0.136,0.0879,0.1357,0.0669,0.1582,0.1579,68.43,69.69,35.13,30.97,0.5556,0.4,80.58,85.32,64.71,57.45
73,1,CA1-SUB,98.0,0.4554,0.6962,39.0,14000,0.4786,8,0.484,-0.0674,0,0.135,0.0469,0.1972,0.1678,0.1804,0.1472,0.1522,0.1438,78.43,87.9,34.3,32.98,0.5556,0.4,77.21,89.76,53.81,58.0
73,1,CA1-SUB,103.0,0.4789,0.7147,44.0,14000,-0.0001,12,0.1785,-0.0087,0,0.079,0.044,0.1403,0.1027,0.1384,0.1072,0.1857,0.1427,77.65,74.88,21.82,24.87,0.5556,0.5556,85.02,74.68,47.4,52.87
73,1,CA1-SUB,108.0,0.5023,0.6664,49.0,20000,0.1282,1,0.0083,0.0051,0,0.1634,0.0574,0.332,0.3117,0.522,0.4885,0.191,0.1636,81.22,82.79,26.11,31.52,0.2727,0.4,82.15,88.74,45.95,58.38
73,1,CA1-SUB,113.0,0.5258,0.6405,54.0,14000,0.1134,1,0.0065,-0.0487,0,0.1694,0.051,0.2422,0.2587,0.4837,0.4958,0.1515,0.1523,80.03,80.57,31.89,25.37,0.5556,0.5556,80.66,85.28,78.64,74.51
73,1,CA1-SUB,118.0,0.5493,0.66,59.0,14000,0.1299,1,0.0085,-0.0538,-2,0.1853,0.0385,0.279,0.2488,0.5567,0.4095,0.1872,0.149,61.72,73.77,25.03,27.03,0.4,0.4,78.41,89.45,54.23,42.7
73,1,CA1-SUB,123.0,0.5728,0.5536,64.0,20000,0.3132,11,0.2562,0.0661,0,0.1452,0.0457,0.1768,0.1298,0.1712,0.1172,0.2088,0.1644,49.01,55.09,32.91,32.76,0.4,0.4,88.75,68.74,40.45,33.52
73,1,CA1-SUB,128.0,0.5962,0.7324,69.0,12000,0.2973,14,0.3372,-0.0041,0,0.0997,0.0495,0.1452,0.0984,0.1404,0.083,0.1838,0.1724,75.25,71.02,52.21,37.27,0.4,0.4,77.87,80.4,45.31,45.88
73,1,CA1-SUB,133.0,0.6197,0.6769,74.0,14000,0.2992,10,0.2096,-0.0277,0,0.0777,0.0406,0.1738,0.1574,0.1581,0.1341,0.1876,0.1661,81.34,84.25,33.87,24.57,0.75,0.75,80.8,89.13,40.59,42.99
73,1,CA1-SUB,138.0,0.6432,0.8944,79.0,12000,0.1033,0,0.0,-0.0001,-2,0.1004,0.0739,0.2193,0.2655,nan,nan,0.1288,0.1454,84.56,88.32,34.82,29.2,0.4,0.5556,75.65,77.41,76.61,79.32
73,1,CA1-SUB,143.0,0.6667,0.7278,84.0,12000,0.0849,1,0.0195,0.0143,0,0.0875,0.0774,0.1915,0.1877,0.4397,0.4214,0.1646,0.141,63.85,66.31,35.44,30.55,0.5556,0.5556,85.1,81.48,49.98,47.72
73,1,CA1-SUB,148.0,0.6901,0.5407,89.0,12000,0.0762,0,0.0,-0.0031,5,0.1226,0.038,0.2338,0.2062,nan,nan,0.1481,0.1364,86.13,85.79,35.87,30.19,0.4,0.4,82.7,89.61,73.46,84.6
73,1,CA1-SUB,153.0,0.7136,0.3515,94.0,14000,0.2114,1,0.0229,-0.0015,5,0.1034,0.051,0.2587,0.2113,0.5197,0.4235,0.14,0.1463,70.16,85.47,31.25,37.27,0.75,0.4,85.38,87.49,65.54,66.51
73,1,CA1-SUB,158.0,0.7371,0.3623,99.0,16000,0.1069,1,0.0057,0.0262,4,0.1324,0.049,0.2212,0.1446,0.5099,0.4883,0.1327,0.1204,60.58,61.6,36.03,41.9,0.4,0.5556,89.43,80.08,57.33,50.48
73,1,CA1-SUB,163.0,0.7606,0.3449,104.0,18000,0.2507,12,0.2511,0.0263,0,0.1873,0.0613,0.2349,0.1139,0.2377,0.1136,0.1676,0.1388,67.42,60.08,40.21,38.27,0.2727,0.4,74.13,77.94,51.78,41.11
73,1,CA1-SUB,168.0,0.784,0.2007,109.0,18000,0.1066,1,0.0057,0.0279,5,0.1427,0.0545,0.2749,0.2335,0.5717,0.4444,0.1789,0.1552,48.04,44.91,28.75,37.11,0.5556,0.5556,86.63,84.45,48.52,43.7
73,1,CA1-SUB,173.0,0.8075,0.0785,114.0,12000,-0.3984,13,1.0936,0.0403,0,0.1208,0.0635,0.2039,0.1196,0.1464,0.0934,0.1476,0.1257,64.84,61.53,42.75,39.35,0.75,0.4,77.49,82.4,57.04,63.9
73,1,CA1-SUB,178.0,0.831,0.0068,119.0,12000,0.0088,1,0.0107,0.0292,5,0.1229,0.0962,0.2149,0.1707,0.4427,0.5199,0.1686,0.166,66.63,86.29,50.3,45.79,0.4,0.75,87.83,71.75,51.22,45.02
73,1,CA1-SUB,183.0,0.8545,0.0734,124.0,14000,0.1208,1,0.0073,0.0311,0,0.1135,0.0602,0.3139,0.2738,0.5394,0.4156,0.1731,0.1391,77.08,62.73,24.96,36.82,0.4,0.5556,82.75,83.12,43.29,38.86
73,1,CA1-SUB,188.0,0.8779,0.0683,129.0,16000,-0.1312,10,0.2109,0.0418,0,0.1299,0.0683,0.2073,0.1259,0.2032,0.1253,0.2012,0.1482,67.21,57.71,30.65,30.16,0.4,0.75,68.16,76.17,67.69,63.96
73,1,CA1-SUB,193.0,0.9014,0.1376,134.0,12000,0.1063,0,0.0,0.0453,0,0.1367,0.082,0.3152,0.2451,nan,nan,0.1656,0.12,65.05,85.2,27.49,32.43,0.5556,0.5556,89.52,80.15,79.32,86.38
73,1,CA1-SUB,198.0,0.9249,0.2793,139.0,12000,0.2922,12,0.2552,-0.0392,0,0.1349,0.0649,0.1693,0.1245,0.1534,0.112,0.193,0.1519,82.02,88.98,40.79,30.33,0.4,0.75,85.15,85.93,49.73,44.56
73,1,CA1-SUB,203.0,0.9484,0.4396,144.0,14000,-0.0942,10,0.1506,-0.018,0,0.1617,0.0469,0.1908,0.0962,0.2061,0.0926,0.1347,0.1362,84.83,86.89,31.4,41.06,0.4,0.4,82.89,75.04,57.31,52.18
73,1,RSC-SUB,8.0,0.0329,0.0677,-51.0,24000,0.1256,1,0.0079,0.0202,0,0.4641,0.1467,0.4969,0.2126,0.6514,0.4371,0.1878,0.157,nan,nan,nan,nan,,,72.34,63.7,58.2,56.3
73,1,RSC-SUB,13.0,0.0563,0.0877,-46.0,22000,0.1774,1,0.016,0.0174,0,0.4801,0.1087,0.5745,0.3398,0.6942,0.514,0.2253,0.1938,74.42,74.65,39.23,37.13,0.28,0.5556,68.97,78.98,51.48,43.93
73,1,RSC-SUB,18.0,0.0798,0.1051,-41.0,20000,0.1703,1,0.0147,0.041,0,0.4418,0.0942,0.5113,0.2701,0.6557,0.5552,0.2713,0.2059,49.28,51.61,27.05,33.51,0.4545,0.75,68.12,83.65,45.12,47.48
73,1,RSC-SUB,23.0,0.1033,0.1377,-36.0,18000,0.3062,7,0.1255,0.0222,0,0.4402,0.1012,0.4922,0.1659,0.4854,0.1683,0.2353,0.183,59.06,62.56,37.21,27.3,0.4545,0.75,85.45,83.94,69.73,65.51
73,1,RSC-SUB,28.0,0.1268,0.1529,-31.0,20000,0.1337,2,0.0182,-0.01,0,0.4159,0.0888,0.4688,0.2906,0.5444,0.4111,0.2028,0.1576,80.79,80.58,57.47,61.03,0.3913,0.75,63.02,59.67,44.29,42.42
73,1,RSC-SUB,33.0,0.1502,0.1893,-26.0,18000,0.168,1,0.0143,0.0181,0,0.3999,0.0749,0.4349,0.2275,0.5493,0.4739,0.2084,0.1667,85.41,68.67,29.27,21.85,0.4545,0.75,64.13,86.23,54.17,50.76
73,1,RSC-SUB,38.0,0.1737,0.1801,-21.0,18000,0.0733,0,0.0,-0.0049,0,0.389,0.0513,0.4429,0.1766,nan,nan,0.1845,0.1381,72.71,87.04,35.78,26.51,0.3913,0.4,63.06,62.43,56.95,57.43
73,1,RSC-SUB,43.0,0.1972,0.2297,-16.0,18000,0.1194,1,0.0072,0.0125,0,0.3626,0.0469,0.4144,0.2284,0.5531,0.4436,0.2024,0.1387,64.18,65.19,48.32,49.72,0.28,0.75,81.78,84.34,47.04,37.66
73,1,RSC-SUB,48.0,0.2207,0.2669,-11.0,20000,0.1298,1,0.0085,0.0023,0,0.3616,0.0809,0.4145,0.2764,0.5544,0.5114,0.1815,0.1412,63.54,55.88,32.3,30.31,0.28,0.75,75.62,66.5,66.66,70.91
73,1,RSC-SUB,53.0,0.2441,0.4163,-6.0,18000,0.1274,1,0.0082,-0.0095,0,0.3644,0.0534,0.4156,0.2145,0.5438,0.4392,0.1898,0.1259,65.33,66.62,37.44,29.85,0.3333,0.75,81.93,87.05,44.54,37.48
73,1,RSC-SUB,58.0,0.2676,0.6087,-1.0,16000,0.085,0,0.0,0.0028,0,0.3721,0.0428,0.4222,0.2337,nan,nan,0.1561,0.1042,79.84,77.83,61.65,61.3,0.3913,0.2727,81.18,88.31,61.64,70.21
73,1,RSC-SUB,63.0,0.2911,0.718,4.0,14000,0.2698,8,0.1539,0.0015,0,0.3808,0.0764,0.4012,0.1837,0.4056,0.1786,0.1499,0.1003,68.72,71.25,70.62,60.55,0.3913,0.4,82.09,88.85,85.76,80.63
73,1,RSC-SUB,68.0,0.3146,0.6957,9.0,12000,0.0676,0,0.0,0.0112,0,0.3513,0.065,0.3661,0.1339,nan,nan,0.145,0.0889,65.31,69.85,65.23,62.74,0.3913,0.5556,71.58,89.82,87.15,72.5
73,1,RSC-SUB,73.0,0.338,0.6492,14.0,14000,0.1134,1,0.0065,-0.0232,0,0.3777,0.0422,0.3988,0.2324,0.5169,0.4181,0.1639,0.0992,66.39,51.76,66.57,67.03,0.1852,0.4,79.17,73.9,53.7,47.11
73,1,RSC-SUB,78.0,0.3615,0.7139,19.0,12000,-0.0959,14,0.2373,-0.0256,-4,0.4017,0.0533,0.4096,0.1021,0.4141,0.1047,0.1615,0.1108,63.18,42.45,48.35,34.71,0.28,0.75,88.4,78.75,68.72,62.13
73,1,RSC-SUB,83.0,0.385,0.8038,24.0,12000,0.2442,15,0.2477,-0.0227,0,0.3681,0.0424,0.3698,0.1125,0.3721,0.0997,0.1172,0.106,66.24,70.96,62.87,47.53,0.2308,0.4,72.67,72.41,70.25,71.4
73,1,RSC-SUB,88.0,0.4085,0.8539,29.0,12000,0.0512,0,0.0,-0.0484,-2,0.4049,0.043,0.4305,0.2208,nan,nan,0.1233,0.1036,66.26,66.61,88.32,83.69,0.28,0.2727,71.45,69.19,78.83,73.39
73,1,RSC-SUB,93.0,0.4319,0.8429,34.0,12000,0.0805,0,0.0,-0.0362,0,0.401,0.0427,0.4466,0.2167,nan,nan,0.136,0.0793,62.11,70.55,76.68,88.38,0.28,0.4,86.1,86.67,64.2,81.72
73,1,RSC-SUB,98.0,0.4554,0.6962,39.0,14000,0.2497,11,0.194,-0.0308,0,0.3727,0.0393,0.3963,0.0967,0.4027,0.08,0.1385,0.0874,72.97,61.93,55.44,51.23,0.28,0.4,89.61,72.94,54.56,46.8
73,1,RSC-SUB,103.0,0.4789,0.7147,44.0,14000,0.1103,1,0.0061,-0.0189,0,0.3729,0.0347,0.3948,0.276,0.5766,0.6258,0.1354,0.1176,68.05,51.11,64.35,62.71,0.2308,0.5556,84.28,85.83,56.0,48.88
73,1,RSC-SUB,108.0,0.5023,0.6664,49.0,20000,0.0762,0,0.0,0.0227,3,0.3776,0.0504,0.3972,0.2691,nan,nan,0.1714,0.1563,84.49,89.72,79.9,60.02,0.28,0.2727,82.05,86.53,84.32,81.25
73,1,RSC-SUB,113.0,0.5258,0.6405,54.0,14000,0.0671,0,0.0,0.02,0,0.3898,0.0432,0.4217,0.2422,nan,nan,0.1399,0.0944,82.08,62.23,53.98,40.61,0.28,0.4,89.52,77.74,80.94,78.25
73,1,RSC-SUB,118.0,0.5493,0.66,59.0,14000,0.072,0,0.0,-0.0105,0,0.3469,0.034,0.4041,0.2293,nan,nan,0.1263,0.1011,84.17,88.9,59.67,44.0,0.28,0.4,84.1,77.63,54.56,63.89
73,1,RSC-SUB,123.0,0.5728,0.5536,64.0,20000,0.0771,0,0.0,-0.0054,0,0.3994,0.0401,0.4012,0.2492,nan,nan,0.1123,0.1154,77.58,86.55,79.11,59.21,0.1852,0.4,86.82,84.99,58.73,50.15
73,1,RSC-SUB,128.0,0.5962,0.7324,69.0,12000,0.0385,0,0.0,-0.0392,-1,0.3963,0.0451,0.4151,0.1372,nan,nan,0.1073,0.0842,86.44,89.78,64.92,42.13,0.2308,0.4,78.2,83.14,71.6,61.68
73,1,RSC-SUB,133.0,0.6197,0.6769,74.0,14000,0.0807,0,0.0,-0.0166,0,0.4094,0.0398,0.4254,0.2728,nan,nan,0.1464,0.1317,88.02,79.14,51.61,43.18,0.3333,0.4,87.39,86.81,74.27,49.54
73,1,RSC-SUB,138.0,0.6432,0.8944,79.0,12000,0.0811,0,0.0,-0.0172,0,0.46,0.0704,0.5063,0.2391,nan,nan,0.1831,0.1436,86.93,76.19,66.78,66.38,0.3913,0.5556,82.59,79.55,83.24,83.7
73,1,RSC-SUB,143.0,0.6667,0.7278,84.0,12000,0.0121,0,0.0,0.0013,1,0.4711,0.0711,0.4918,0.1862,nan,nan,0.1539,0.1062,87.52,87.13,70.76,65.68,0.4545,0.4,86.18,81.1,81.5,79.49
73,1,RSC-SUB,148.0,0.6901,0.5407,89.0,12000,0.032,0,0.0,-0.0239,0,0.4308,0.0422,0.4531,0.1653,nan,nan,0.149,0.0982,88.63,82.7,56.11,58.71,0.3333,0.5556,77.34,72.58,84.69,70.29
73,1,RSC-SUB,153.0,0.7136,0.3515,94.0,14000,0.0283,0,0.0,-0.0128,-3,0.4427,0.0411,0.4795,0.1477,nan,nan,0.1648,0.1366,79.53,87.59,61.69,49.6,0.3333,0.4,84.73,85.14,86.36,86.17
73,1,RSC-SUB,158.0,0.7371,0.3623,99.0,16000,0.0134,0,0.0,-0.0357,-3,0.4463,0.0467,0.4547,0.1434,nan,nan,0.1771,0.1563,78.71,76.51,60.53,40.11,0.3333,0.5556,88.78,86.6,70.49,81.6
73,1,RSC-SUB,163.0,0.7606,0.3449,104.0,18000,0.0616,0,0.0,-0.0051,0,0.4284,0.0566,0.4413,0.2242,nan,nan,0.1676,0.1588,68.8,65.14,40.06,42.46,0.3913,0.75,87.11,85.69,55.06,61.4
73,1,RSC-SUB,168.0,0.784,0.2007,109.0,18000,0.0635,0,0.0,0.01,0,0.4161,0.0492,0.4078,0.2114,nan,nan,0.2169,0.1755,70.44,79.18,72.61,63.62,0.4545,1.0,81.69,85.76,66.67,58.65
73,1,RSC-SUB,173.0,0.8075,0.0785,114.0,12000,-0.1158,11,0.179,-0.004,0,0.3488,0.0605,0.3608,0.1649,0.3588,0.1617,0.123,0.0963,76.08,64.09,73.21,55.16,0.3913,0.4,81.29,71.39,67.21,76.29
73,1,RSC-SUB,178.0,0.831,0.0068,119.0,12000,-0.0452,8,0.1387,-0.0246,-4,0.4128,0.0962,0.4419,0.1995,0.4431,0.1957,0.2046,0.1721,72.01,71.78,50.27,46.78,0.3333,0.5556,81.21,89.9,72.38,65.3
73,1,RSC-SUB,183.0,0.8545,0.0734,124.0,14000,0.0532,0,0.0,-0.0181,0,0.4164,0.0603,0.4266,0.2579,nan,nan,0.1585,0.1366,69.46,85.57,40.86,31.2,0.3913,0.5556,83.61,78.55,68.62,75.77
73,1,RSC-SUB,188.0,0.8779,0.0683,129.0,16000,0.0737,0,0.0,0.0726,3,0.3653,0.0657,0.3772,0.2965,nan,nan,0.1211,0.1217,73.32,81.57,47.3,37.12,0.3913,0.75,89.09,87.38,56.81,52.39
73,1,RSC-SUB,193.0,0.9014,0.1376,134.0,12000,0.0764,0,0.0,-0.0112,0,0.3933,0.0783,0.4428,0.3195,nan,nan,0.1031,0.1078,80.67,74.52,60.42,45.58,0.2308,0.5556,89.08,86.89,80.04,84.88
73,1,RSC-SUB,198.0,0.9249,0.2793,139.0,12000,0.055,0,0.0,-0.0212,0,0.4184,0.0741,0.4521,0.1629,nan,nan,0.1497,0.1604,75.65,83.55,54.38,62.37,0.3333,0.75,88.16,87.41,85.15,75.1
73,1,RSC-SUB,203.0,0.9484,0.4396,144.0,14000,-0.1542,10,0.1643,-0.0358,-5,0.4393,0.0519,0.4693,0.0989,0.4733,0.1022,0.2165,0.1971,83.86,76.89,81.33,78.21,0.3333,0.4,80.34,87.89,73.43,88.39
73,1,V1-RSC,8.0,0.0329,0.0677,-51.0,24000,0.1258,1,0.008,0.0527,4,0.4344,0.4694,0.4117,0.4911,0.4807,0.5916,0.1253,0.2167,nan,nan,nan,nan,,,76.8,83.94,52.83,37.8
73,1,V1-RSC,13.0,0.0563,0.0877,-46.0,22000,0.1179,2,0.0145,0.0495,5,0.3299,0.4817,0.3306,0.5238,0.3948,0.5932,0.3087,0.2903,73.07,74.08,70.04,48.52,0.6667,0.2308,70.78,70.47,86.09,56.89
73,1,V1-RSC,18.0,0.0798,0.1051,-41.0,20000,0.1705,1,0.0148,0.0353,0,0.2683,0.4486,0.3169,0.4907,0.4671,0.6676,0.3554,0.3989,69.42,49.25,48.0,36.97,0.6667,0.3913,86.42,74.36,44.66,47.16
73,1,V1-RSC,23.0,0.1033,0.1377,-36.0,18000,0.0659,0,0.0,0.0182,0,0.2373,0.4346,0.3022,0.4552,nan,nan,0.2289,0.2927,87.99,89.4,65.5,67.45,0.6667,0.28,73.44,84.83,68.5,57.79
73,1,V1-RSC,28.0,0.1268,0.1529,-31.0,20000,0.1668,2,0.0306,0.004,0,0.8691,0.4202,0.9585,0.4679,0.9651,0.5144,0.5515,0.5381,36.17,87.98,75.11,41.5,0.6667,0.2308,47.91,65.87,5.09,56.2
73,1,V1-RSC,33.0,0.1502,0.1893,-26.0,18000,0.1354,2,0.0197,0.0201,0,0.1833,0.4043,0.2374,0.4383,0.3658,0.5178,0.1822,0.2491,87.34,78.11,85.29,46.59,0.6667,0.28,89.33,81.05,56.76,45.56
73,1,V1-RSC,38.0,0.1737,0.1801,-21.0,18000,0.1889,2,0.0359,-0.0085,0,0.1349,0.4009,0.2909,0.4629,0.4021,0.5309,0.2071,0.2734,67.74,64.81,50.29,47.12,0.6667,0.3333,61.3,83.54,28.81,37.16
73,1,V1-RSC,43.0,0.1972,0.2297,-16.0,18000,0.1226,1,0.0144,0.0107,0,0.1293,0.3597,0.3073,0.4196,0.5192,0.6162,0.206,0.2648,81.86,84.42,33.28,37.72,0.6667,0.3913,67.16,85.11,74.78,70.57
73,1,V1-RSC,48.0,0.2207,0.2669,-11.0,20000,0.1973,2,0.0355,0.0292,0,0.1423,0.3554,0.3373,0.3945,0.4499,0.4605,0.196,0.2547,78.18,77.37,19.71,30.46,0.4286,0.3333,39.55,59.22,27.41,37.93
73,1,V1-RSC,53.0,0.2441,0.4163,-6.0,18000,0.2154,1,0.0238,0.0005,0,0.116,0.3661,0.3083,0.4547,0.6234,0.6059,0.1685,0.2584,32.59,43.51,27.94,32.07,0.25,0.2308,86.95,51.7,39.08,39.12
73,1,V1-RSC,58.0,0.2676,0.6087,-1.0,16000,0.1885,1,0.0181,-0.0043,0,0.1262,0.3787,0.279,0.4373,0.6035,0.5926,0.1496,0.2441,37.93,48.1,22.85,40.44,0.4286,0.28,89.37,73.47,42.46,46.58
73,1,V1-RSC,63.0,0.2911,0.718,4.0,14000,0.1724,1,0.0151,0.0385,5,0.1236,0.3771,0.2631,0.4292,0.5948,0.5621,0.1767,0.2221,62.58,78.23,12.9,32.42,0.4286,0.3333,85.7,78.08,44.87,43.62
73,1,V1-RSC,68.0,0.3146,0.6957,9.0,12000,0.1704,0,0.0,0.0121,0,0.8618,0.3495,0.9346,0.3845,nan,nan,0.3755,0.3307,86.31,78.66,87.09,29.25,0.4286,0.3913,70.98,75.09,3.11,45.8
73,1,V1-RSC,73.0,0.338,0.6492,14.0,14000,0.2117,1,0.0229,0.0857,5,0.8612,0.3782,0.9418,0.3963,0.8613,0.5356,0.4614,0.4578,38.77,67.34,10.83,36.11,0.6667,0.2308,39.17,62.8,19.71,47.88
73,1,V1-RSC,78.0,0.3615,0.7139,19.0,12000,0.1215,0,0.0,0.0583,5,0.1378,0.4071,0.1639,0.4119,nan,nan,0.1211,0.215,85.36,79.54,81.17,45.32,0.4286,0.3333,72.34,86.24,57.79,66.85
73,1,V1-RSC,83.0,0.385,0.8038,24.0,12000,0.0874,0,0.0,0.0145,0,0.1554,0.3678,0.2784,0.4046,nan,nan,0.2164,0.2361,53.64,70.88,43.62,50.91,0.6667,0.1429,77.82,80.22,89.62,89.19
73,1,V1-RSC,88.0,0.4085,0.8539,29.0,12000,0.1638,2,0.0298,0.0636,5,0.8604,0.4027,0.9106,0.4399,0.9139,0.4963,0.3873,0.3614,88.91,81.18,88.93,43.08,0.4286,0.2308,62.36,67.25,2.07,82.38
73,1,V1-RSC,93.0,0.4319,0.8429,34.0,12000,0.1644,1,0.0137,0.0229,5,0.8659,0.4039,0.9405,0.443,0.7041,0.586,0.3939,0.3583,44.13,73.37,14.19,29.32,0.4286,0.28,47.99,61.33,50.39,48.25
73,1,V1-RSC,98.0,0.4554,0.6962,39.0,14000,0.1301,0,0.0,0.0263,0,0.1337,0.3737,0.2835,0.429,nan,nan,0.1555,0.2069,83.62,84.4,75.3,28.94,0.6667,0.28,82.43,77.94,38.98,38.66
73,1,V1-RSC,103.0,0.4789,0.7147,44.0,14000,0.1746,1,0.0155,0.0833,5,0.1357,0.3765,0.2791,0.4162,0.5392,0.528,0.1564,0.2027,43.07,49.1,24.67,35.85,0.4286,0.3913,56.08,62.9,41.81,47.29
73,1,V1-RSC,108.0,0.5023,0.6664,49.0,20000,0.1625,1,0.0134,0.05,0,0.1519,0.3717,0.2115,0.3905,0.4799,0.5793,0.1694,0.2306,72.54,75.27,85.75,85.64,0.4286,0.28,88.29,86.74,42.03,41.41
73,1,V1-RSC,113.0,0.5258,0.6405,54.0,14000,0.1404,1,0.0149,0.0942,5,0.8676,0.3913,0.9584,0.4123,0.9842,0.5285,0.463,0.4312,84.58,85.63,88.98,78.42,0.25,0.2308,49.58,61.09,2.81,67.9
73,1,V1-RSC,118.0,0.5493,0.66,59.0,14000,0.1295,0,0.0,0.0298,5,0.0979,0.3397,0.2302,0.3685,nan,nan,0.1667,0.2125,86.28,86.9,87.11,62.73,0.6667,0.1429,64.59,82.26,34.45,49.53
73,1,V1-RSC,123.0,0.5728,0.5536,64.0,20000,0.159,1,0.0128,0.0278,0,0.1179,0.3991,0.2055,0.4117,0.4501,0.5466,0.1637,0.1967,50.19,62.97,45.0,46.3,0.25,0.28,62.84,75.44,42.49,37.96
73,1,V1-RSC,128.0,0.5962,0.7324,69.0,12000,0.1479,1,0.0111,0.1427,4,0.1508,0.3984,0.3155,0.4495,0.4641,0.6045,0.1554,0.193,53.05,58.61,75.24,83.7,0.25,0.28,89.46,81.43,42.57,57.31
73,1,V1-RSC,133.0,0.6197,0.6769,74.0,14000,0.0846,0,0.0,0.0872,1,0.1138,0.414,0.2732,0.4185,nan,nan,0.1554,0.2371,65.4,58.19,38.25,53.02,1.0,0.3333,87.0,86.41,79.52,84.34
73,1,V1-RSC,138.0,0.6432,0.8944,79.0,12000,0.1911,1,0.0186,0.0316,5,0.1509,0.46,0.2482,0.5207,0.5044,0.6353,0.1729,0.2608,79.92,89.58,55.81,52.8,0.4286,0.28,82.43,82.97,28.71,44.34
73,1,V1-RSC,143.0,0.6667,0.7278,84.0,12000,0.1555,1,0.0122,0.164,4,0.1558,0.4764,0.2386,0.5244,0.4784,0.6228,0.1707,0.2335,72.3,77.75,23.32,34.09,0.6667,0.3333,83.57,87.83,26.93,46.1
73,1,V1-RSC,148.0,0.6901,0.5407,89.0,12000,0.1887,1,0.0181,0.0021,0,0.1271,0.4324,0.3352,0.5183,0.5345,0.6443,0.1739,0.2628,81.78,77.14,26.44,40.11,1.0,0.3333,73.66,86.91,25.0,41.44
73,1,V1-RSC,153.0,0.7136,0.3515,94.0,14000,0.1457,1,0.0107,0.1074,5,0.14,0.4433,0.2448,0.4807,0.472,0.6202,0.1854,0.2452,42.13,62.58,21.93,32.94,0.4286,0.4545,59.88,85.43,43.24,50.76
73,1,V1-RSC,158.0,0.7371,0.3623,99.0,16000,0.1091,1,0.006,0.0625,5,0.1184,0.4531,0.2099,0.4929,0.4443,0.6088,0.1784,0.2571,36.87,59.75,85.52,73.87,0.6667,0.28,73.89,63.7,49.84,55.0
73,1,V1-RSC,163.0,0.7606,0.3449,104.0,18000,0.1128,0,0.0,0.049,1,0.1452,0.4423,0.2929,0.49,nan,nan,0.1992,0.241,36.42,45.2,63.2,68.12,0.6667,0.3333,87.01,60.21,76.81,58.83
73,1,V1-RSC,168.0,0.784,0.2007,109.0,18000,0.1124,1,0.0064,0.0809,5,0.1563,0.4152,0.2277,0.4216,0.3829,0.5687,0.2124,0.2607,62.65,61.57,56.0,59.81,0.6667,0.3333,63.1,89.68,38.38,44.53
73,1,V1-RSC,173.0,0.8075,0.0785,114.0,12000,0.0849,0,0.0,0.084,5,0.2149,0.3452,0.3175,0.3744,nan,nan,0.1092,0.1987,56.05,63.03,30.27,42.74,0.4286,0.3913,76.4,74.28,87.0,69.02
73,1,V1-RSC,178.0,0.831,0.0068,119.0,12000,0.1066,0,0.0,0.0389,3,0.2251,0.4146,0.3376,0.4285,nan,nan,0.2531,0.2976,40.28,60.98,33.57,52.95,0.6667,0.4545,65.05,74.46,70.75,61.63
73,1,V1-RSC,183.0,0.8545,0.0734,124.0,14000,0.1318,2,0.0177,0.0639,5,0.1861,0.4214,0.3309,0.455,0.4167,0.5134,0.2049,0.2633,46.7,75.08,37.86,49.22,0.6667,0.2308,89.15,89.37,60.14,71.45
73,1,V1-RSC,188.0,0.8779,0.0683,129.0,16000,0.1216,1,0.0074,0.0668,5,0.2187,0.359,0.3115,0.4004,0.4373,0.5565,0.1346,0.1861,89.34,74.05,66.83,54.08,0.4286,0.3333,64.12,72.61,47.45,51.51
73,1,V1-RSC,193.0,0.9014,0.1376,134.0,12000,0.0854,0,0.0,0.0936,5,0.2034,0.3963,0.3153,0.3864,nan,nan,0.1247,0.1913,80.43,78.74,34.45,48.05,0.6667,0.28,67.44,88.01,80.82,84.83
73,1,V1-RSC,198.0,0.9249,0.2793,139.0,12000,0.1268,1,0.0081,0.0453,0,0.1531,0.4202,0.2665,0.4504,0.3918,0.5532,0.1949,0.2354,66.89,70.98,30.51,37.8,0.4286,0.28,78.92,89.42,84.08,82.47
73,1,V1-RSC,203.0,0.9484,0.4396,144.0,14000,0.1137,0,0.0,-0.0278,0,0.1483,0.441,0.2564,0.4743,nan,nan,0.1687,0.2488,58.96,68.63,29.32,51.96,0.6667,0.1852,79.69,69.51,53.73,75.2
75,1,CA1-RSC,8.0,0.068,0.1592,-23.0,14000,0.5559,12,0.7305,0.0604,2,0.3088,0.6021,0.2057,0.5919,0.2148,0.6028,0.1438,0.2242,nan,nan,nan,nan,,,88.63,83.3,81.99,66.06
75,1,CA1-RSC,13.0,0.1165,0.1579,-18.0,14000,0.0701,7,0.3548,0.1098,3,0.2178,0.6,0.3018,0.6185,0.3091,0.6241,0.1546,0.2459,78.72,87.1,50.15,40.3,0.5556,0.3243,86.02,84.67,88.68,59.98
75,1,CA1-RSC,18.0,0.165,0.2708,-13.0,14000,0.6502,5,0.3428,0.037,-1,0.4009,0.5678,0.3834,0.5473,0.3889,0.5633,0.1277,0.2239,78.95,87.56,46.55,48.16,0.5556,0.4,89.67,82.7,71.87,58.66
75,1,CA1-RSC,23.0,0.2136,0.3267,-8.0,14000,0.0155,2,0.0621,0.0466,4,0.2282,0.5619,0.2697,0.5557,0.3568,0.606,0.14,0.2358,83.56,80.12,61.45,58.74,0.75,0.4,86.4,73.17,75.62,84.03
75,1,CA1-RSC,28.0,0.2621,0.503,-3.0,14000,0.4216,5,0.3596,0.0423,3,0.2736,0.5508,0.3462,0.5294,0.374,0.5352,0.1836,0.2303,64.35,80.94,72.44,67.61,0.5556,0.2405,85.77,81.16,72.97,88.41
75,1,CA1-RSC,33.0,0.3107,0.588,2.0,14000,0.2535,1,0.0332,0.0485,0,0.2208,0.5137,0.2474,0.5032,0.5271,0.5751,0.1463,0.2288,64.8,73.95,88.55,83.39,0.5556,0.4627,87.37,87.11,86.28,78.61
75,1,CA1-RSC,38.0,0.3592,0.6407,7.0,14000,0.3007,6,0.1613,0.0868,0,0.1818,0.4884,0.2505,0.4959,0.279,0.5002,0.1199,0.2445,87.17,87.28,71.41,66.12,0.75,0.3067,85.65,86.27,58.02,59.91
75,1,CA1-RSC,43.0,0.4078,0.544,12.0,14000,0.2525,4,0.0856,0.0456,0,0.1641,0.4715,0.2131,0.4696,0.3329,0.492,0.1347,0.2295,74.41,83.54,44.0,50.27,0.4,0.4,77.1,70.4,58.47,53.06
75,1,CA1-RSC,48.0,0.4563,0.5135,17.0,14000,0.6868,10,0.9552,0.0838,0,0.1677,0.5038,0.2543,0.5049,0.203,0.5141,0.1483,0.2261,43.05,57.83,27.52,46.83,0.4,0.3803,71.53,71.23,84.42,85.12
75,1,CA1-RSC,53.0,0.5049,0.5378,22.0,16000,0.3069,6,0.137,0.0852,0,0.0997,0.5035,0.1703,0.4728,0.2159,0.4766,0.1197,0.2015,56.13,75.35,84.07,78.17,0.2727,0.3803,81.56,89.73,78.26,71.95
75,1,CA1-RSC,58.0,0.5534,0.6868,27.0,14000,0.104,6,0.263,0.1088,4,0.1385,0.519,0.2993,0.5538,0.2514,0.5649,0.1121,0.2076,71.44,75.64,54.23,65.11,0.2727,0.1951,74.71,85.15,83.66,87.21
75,1,CA1-RSC,63.0,0.6019,0.7177,32.0,12000,-0.034,5,0.1227,0.0149,0,0.1662,0.511,0.2217,0.5126,0.247,0.5187,0.1262,0.2245,65.82,66.26,57.49,69.47,0.4,0.3243,82.68,86.41,63.68,70.06
75,1,CA1-RSC,68.0,0.6505,0.6889,37.0,12000,-0.1071,8,0.5017,0.1419,4,0.183,0.5709,0.1802,0.5807,0.206,0.6014,0.1277,0.2305,89.55,79.58,48.69,56.52,0.75,0.5077,66.4,71.9,51.41,47.92
75,1,CA1-RSC,73.0,0.699,0.6881,42.0,14000,0.1552,7,0.306,0.0313,3,0.1127,0.5227,0.169,0.5446,0.1613,0.5206,0.1111,0.2016,85.12,82.27,83.58,89.29,0.75,0.3803,75.83,74.59,73.18,83.44
75,1,CA1-RSC,78.0,0.7476,0.7021,47.0,14000,0.1457,9,0.3049,0.0597,0,0.1349,0.5377,0.2191,0.5565,0.2173,0.545,0.1223,0.2316,53.06,75.9,59.28,71.1,0.4,0.4412,79.03,86.31,69.48,87.52
75,1,CA1-RSC,83.0,0.7961,0.7263,52.0,12000,0.2351,6,0.1629,0.073,3,0.1467,0.5408,0.2374,0.5179,0.2466,0.5254,0.1247,0.2239,49.59,61.47,81.7,83.04,0.2727,0.4,78.35,79.58,84.75,80.63
75,1,CA1-RSC,88.0,0.8447,0.5737,57.0,14000,0.0515,2,0.0255,0.0575,0,0.2254,0.5391,0.211,0.5357,0.3017,0.5734,0.1137,0.2274,53.3,63.39,72.1,79.52,0.5556,0.5077,88.81,89.2,68.67,68.77
75,1,CA1-RSC,93.0,0.8932,0.4496,62.0,14000,-0.1576,9,0.2562,0.0179,-5,0.11,0.5199,0.1602,0.4973,0.1357,0.5186,0.1023,0.2071,73.14,67.55,44.9,59.84,0.2727,0.4,85.57,88.2,73.09,79.31
75,1,CA1-DG,8.0,0.068,0.1592,-23.0,14000,0.9275,6,1.3806,0.0044,0,0.3083,0.4821,0.3925,0.5136,0.3704,0.4955,0.3444,0.4452,nan,nan,nan,nan,,,80.93,86.47,64.34,29.31
75,1,CA1-DG,13.0,0.1165,0.1579,-18.0,14000,0.4819,7,0.3078,-0.0213,0,0.2182,0.453,0.2697,0.4872,0.2438,0.4975,0.3464,0.3984,88.44,83.22,15.34,22.54,0.4,0.3913,75.04,89.73,40.35,39.35
75,1,CA1-DG,18.0,0.165,0.2708,-13.0,14000,0.1702,1,0.0147,0.0087,0,0.4004,0.4985,0.3993,0.5338,0.58,0.7233,0.3513,0.4397,78.63,86.31,32.09,26.9,0.5556,0.3913,83.67,87.5,69.01,32.79
75,1,CA1-DG,23.0,0.2136,0.3267,-8.0,14000,0.3009,1,0.0475,-0.0588,0,0.2284,0.5179,0.2516,0.5908,0.5926,0.7364,0.3179,0.4689,89.3,86.71,19.7,21.83,0.75,0.5238,84.33,81.79,49.88,30.71
75,1,CA1-DG,28.0,0.2621,0.503,-3.0,14000,0.1731,2,0.0289,-0.0189,0,0.2721,0.5004,0.4506,0.5895,0.5452,0.6578,0.3415,0.39,86.66,87.25,22.62,25.83,0.5556,0.6,80.38,68.38,47.95,26.64
75,1,CA1-DG,33.0,0.3107,0.588,2.0,14000,0.1641,2,0.0411,-0.0735,0,0.2195,0.476,0.2809,0.5051,0.3697,0.5813,0.3086,0.4377,82.2,80.86,21.07,29.64,0.5556,0.3333,80.96,74.88,36.97,32.74
75,1,CA1-DG,38.0,0.3592,0.6407,7.0,14000,-0.0015,8,0.1675,-0.126,-3,0.1813,0.4943,0.2465,0.5181,0.2578,0.5295,0.2773,0.3947,78.78,81.82,20.8,29.7,0.75,0.28,82.3,67.31,34.32,43.58
75,1,CA1-DG,43.0,0.4078,0.544,12.0,14000,0.111,0,0.0,-0.038,0,0.1637,0.4587,0.2165,0.4583,nan,nan,0.2694,0.4052,84.74,82.31,24.74,31.86,0.4,0.3913,89.28,80.16,28.55,40.8
75,1,CA1-DG,48.0,0.4563,0.5135,17.0,14000,0.0955,5,0.1325,-0.0572,0,0.168,0.4701,0.2514,0.4982,0.2617,0.5203,0.303,0.3938,89.19,86.04,20.43,30.22,0.4,0.4545,89.68,74.72,33.71,33.35
75,1,CA1-DG,53.0,0.5049,0.5378,22.0,16000,-0.0901,6,0.205,0.0213,0,0.1004,0.4365,0.1487,0.4799,0.1584,0.4831,0.2981,0.3934,70.26,84.38,18.66,26.95,0.1667,0.3333,87.52,87.74,26.51,40.45
75,1,CA1-DG,58.0,0.5534,0.6868,27.0,14000,0.52,15,0.9319,-0.0473,0,0.1387,0.4411,0.1908,0.4314,0.1745,0.4471,0.2471,0.3779,82.7,83.64,17.81,35.72,0.2727,0.28,81.13,76.76,27.93,36.08
75,1,CA1-DG,63.0,0.6019,0.7177,32.0,12000,0.2785,4,0.096,-0.0624,0,0.1657,0.495,0.2635,0.5009,0.3597,0.5333,0.2842,0.3979,76.59,82.88,22.23,30.64,0.4,0.3913,68.38,83.74,38.63,46.17
75,1,CA1-DG,68.0,0.6505,0.6889,37.0,12000,0.4736,10,0.4878,-0.0224,0,0.1829,0.5168,0.2698,0.5189,0.2599,0.5263,0.2398,0.3878,83.93,85.31,21.25,33.53,0.75,0.4545,80.49,87.49,30.88,36.33
75,1,CA1-DG,73.0,0.699,0.6881,42.0,14000,-0.0794,6,0.3215,-0.0056,0,0.1122,0.4158,0.2153,0.4788,0.2006,0.4529,0.2639,0.3475,84.17,71.62,28.65,32.07,0.75,0.28,86.01,86.62,31.04,41.02
75,1,CA1-DG,78.0,0.7476,0.7021,47.0,14000,0.0894,1,0.0118,0.1296,0,0.1344,0.4379,0.2267,0.4853,0.4399,0.5924,0.2756,0.3455,88.22,89.4,23.27,29.33,0.4,0.3913,89.28,89.77,37.71,41.55
75,1,CA1-DG,83.0,0.7961,0.7263,52.0,12000,-0.1014,5,0.1717,0.0193,0,0.1458,0.4243,0.2672,0.4895,0.2799,0.4879,0.2653,0.3973,59.21,84.34,21.34,27.63,0.2727,0.3913,73.0,86.89,42.14,38.64
75,1,CA1-DG,88.0,0.8447,0.5737,57.0,14000,0.0772,6,0.1816,-0.0372,0,0.2269,0.4391,0.2888,0.4843,0.3252,0.4919,0.2503,0.3863,67.27,75.0,28.81,32.62,0.5556,0.4545,87.49,82.84,46.73,59.81
75,1,CA1-DG,93.0,0.8932,0.4496,62.0,14000,0.0149,9,0.2729,-0.0153,0,0.1095,0.445,0.1971,0.4965,0.161,0.489,0.2514,0.3856,45.84,67.43,26.13,38.33,0.2727,0.1034,69.92,89.45,19.22,37.23
75,1,CA1-V1,8.0,0.068,0.1592,-23.0,14000,0.5877,4,0.3707,-0.0329,0,0.3077,0.2922,0.4246,0.3396,0.4264,0.3319,0.115,0.1,nan,nan,nan,nan,,,84.72,85.52,88.13,81.68
75,1,CA1-V1,13.0,0.1165,0.1579,-18.0,14000,0.0711,8,0.1575,0.0016,-5,0.2174,0.2692,0.2513,0.3084,0.2765,0.2832,0.0957,0.1144,82.67,87.77,84.94,76.15,0.4,0.2308,84.3,87.35,86.18,85.45
75,1,CA1-V1,18.0,0.165,0.2708,-13.0,14000,-0.0314,7,0.1438,-0.0201,-5,0.4,0.2585,0.5371,0.3083,0.5242,0.3053,0.1294,0.1274,88.14,89.04,72.61,75.65,0.5556,0.4545,75.81,88.54,71.88,81.48
75,1,CA1-V1,23.0,0.2136,0.3267,-8.0,14000,0.0936,0,0.0,0.0224,0,0.2286,0.2393,0.3391,0.2638,nan,nan,0.1405,0.1345,86.89,84.94,84.65,70.12,0.75,0.3333,76.04,88.65,76.0,66.73
75,1,CA1-V1,28.0,0.2621,0.503,-3.0,14000,0.0443,6,0.2128,0.0491,5,0.2724,0.2659,0.3383,0.2911,0.3523,0.2946,0.1926,0.1366,80.71,88.12,74.61,72.32,0.5556,0.28,82.6,86.57,85.42,87.34
75,1,CA1-V1,33.0,0.3107,0.588,2.0,14000,0.017,0,0.0,0.0302,0,0.2199,0.2487,0.2066,0.3237,nan,nan,0.1965,0.1596,86.32,85.63,54.2,69.01,0.5556,0.4545,89.9,87.37,79.17,72.59
75,1,CA1-V1,38.0,0.3592,0.6407,7.0,14000,-0.3138,10,0.2371,-0.0139,0,0.1809,0.2596,0.2149,0.3053,0.2001,0.2977,0.1425,0.1245,77.64,79.38,43.61,58.09,0.75,0.3913,89.57,87.62,88.7,85.74
75,1,CA1-V1,43.0,0.4078,0.544,12.0,14000,0.0959,3,0.025,0.0097,0,0.1635,0.2653,0.1866,0.2857,0.2568,0.3655,0.0946,0.1272,89.54,70.1,80.45,79.53,0.4,0.28,85.36,77.01,84.18,88.24
75,1,CA1-V1,48.0,0.4563,0.5135,17.0,14000,0.4495,10,0.4554,0.0123,0,0.1679,0.2724,0.2284,0.2835,0.2191,0.2681,0.1382,0.1276,89.37,78.24,63.55,57.07,0.4,0.4545,73.02,76.13,49.23,56.74
75,1,CA1-V1,53.0,0.5049,0.5378,22.0,16000,0.2738,10,0.2252,-0.0466,-4,0.0997,0.248,0.1293,0.287,0.1345,0.2878,0.107,0.1183,78.89,78.91,59.02,68.08,0.2727,0.3913,80.44,89.97,87.51,83.98
75,1,CA1-V1,58.0,0.5534,0.6868,27.0,14000,0.0905,4,0.1291,-0.0213,0,0.1384,0.2369,0.2241,0.2508,0.2366,0.2765,0.127,0.1103,81.34,89.07,76.82,89.58,0.2727,0.1852,83.22,88.47,75.19,71.56
75,1,CA1-V1,63.0,0.6019,0.7177,32.0,12000,0.0023,2,0.0207,-0.0496,-1,0.1652,0.2055,0.2952,0.2771,0.4002,0.341,0.1058,0.1126,72.39,82.61,73.39,70.88,0.4,0.1852,87.18,77.98,71.76,74.93
75,1,CA1-V1,68.0,0.6505,0.6889,37.0,12000,0.1582,9,0.1542,-0.017,0,0.1828,0.2744,0.2494,0.3113,0.2343,0.3163,0.125,0.1316,84.1,66.26,55.61,48.69,0.75,0.3913,82.61,87.1,59.49,62.64
75,1,CA1-V1,73.0,0.699,0.6881,42.0,14000,-0.2648,9,0.2308,0.0156,0,0.1119,0.2493,0.1666,0.2716,0.1387,0.2679,0.1002,0.1324,86.33,84.47,64.94,56.94,0.75,0.2308,88.61,85.03,68.76,70.14
75,1,CA1-V1,78.0,0.7476,0.7021,47.0,14000,0.009,5,0.0738,-0.0232,0,0.1346,0.2605,0.2073,0.3208,0.2628,0.3489,0.1094,0.1386,82.63,86.77,52.43,50.82,0.4,0.2308,87.67,84.56,55.85,62.49
75,1,CA1-V1,83.0,0.7961,0.7263,52.0,12000,-0.094,1,0.0421,-0.0299,0,0.1461,0.2828,0.2341,0.3413,0.441,0.4456,0.1267,0.1465,81.21,85.32,40.26,41.0,0.2727,0.5238,86.75,78.16,55.57,45.97
75,1,CA1-V1,88.0,0.8447,0.5737,57.0,14000,0.0337,7,0.1573,0.0254,0,0.2266,0.284,0.2907,0.2819,0.2954,0.281,0.1372,0.1051,84.32,75.1,44.42,47.67,0.5556,0.3913,89.86,84.04,56.12,73.65
75,1,CA1-V1,93.0,0.8932,0.4496,62.0,14000,-0.0257,7,0.1738,-0.0088,0,0.1098,0.2535,0.1917,0.2793,0.1671,0.2683,0.0821,0.1225,83.4,80.53,61.37,54.56,0.2727,0.4545,83.69,86.49,63.35,78.61
75,1,CA1-SUB,8.0,0.068,0.1592,-23.0,14000,0.4735,11,0.8913,0.0023,0,0.3078,0.132,0.3287,0.1541,0.3048,0.1551,0.1953,0.1207,nan,nan,nan,nan,,,88.11,86.31,41.33,43.12
75,1,CA1-SUB,13.0,0.1165,0.1579,-18.0,14000,0.2359,5,0.1649,-0.041,0,0.2176,0.1202,0.2127,0.1766,0.1857,0.1869,0.1808,0.1363,88.85,75.29,49.4,39.03,0.4,0.4286,81.89,76.14,70.44,49.6
75,1,CA1-SUB,18.0,0.165,0.2708,-13.0,14000,0.3326,8,0.1787,-0.0462,0,0.4001,0.11,0.2742,0.1907,0.2781,0.181,0.1747,0.0969,85.93,83.53,46.18,55.32,0.5556,0.1765,88.88,83.15,74.96,57.31
75,1,CA1-SUB,23.0,0.2136,0.3267,-8.0,14000,0.121,2,0.014,-0.0672,0,0.2283,0.155,0.2339,0.1915,0.4384,0.352,0.1434,0.1309,65.76,84.86,59.05,53.58,0.75,0.4286,71.24,87.36,63.29,56.89
75,1,CA1-SUB,28.0,0.2621,0.503,-3.0,14000,-0.0007,8,0.3663,-0.031,0,0.2726,0.1248,0.2405,0.2493,0.2053,0.1967,0.216,0.1324,73.22,77.48,82.31,87.83,0.5556,0.1765,89.52,77.28,70.28,77.24
75,1,CA1-SUB,33.0,0.3107,0.588,2.0,14000,0.0916,2,0.0284,-0.043,0,0.2195,0.1519,0.2688,0.2095,0.4223,0.3316,0.1413,0.1059,80.26,84.54,32.97,41.63,0.5556,0.1765,88.38,77.53,72.75,67.34
75,1,CA1-SUB,38.0,0.3592,0.6407,7.0,14000,-0.1295,9,0.2104,-0.0364,0,0.1813,0.1309,0.226,0.1899,0.2247,0.1775,0.1676,0.1226,80.4,85.9,52.12,56.72,0.75,0.3333,87.34,82.23,74.48,50.98
75,1,CA1-SUB,43.0,0.4078,0.544,12.0,14000,0.1369,2,0.019,-0.0331,0,0.1637,0.1443,0.2401,0.2247,0.3621,0.3259,0.1628,0.1392,74.08,72.27,50.21,54.43,0.4,0.1765,71.97,73.16,55.64,85.31
75,1,CA1-SUB,48.0,0.4563,0.5135,17.0,14000,0.5496,12,0.693,-0.0255,0,0.1679,0.1799,0.2364,0.2468,0.2211,0.218,0.1857,0.137,72.93,65.67,62.34,68.24,0.4,0.1765,66.08,79.19,54.7,64.25
75,1,CA1-SUB,53.0,0.5049,0.5378,22.0,16000,-0.1812,10,0.1905,-0.0398,0,0.0996,0.1505,0.1885,0.2177,0.1791,0.2064,0.1396,0.1125,83.65,82.69,45.38,44.43,0.2727,0.3333,75.0,86.73,82.15,85.83
75,1,CA1-SUB,58.0,0.5534,0.6868,27.0,14000,0.0655,9,0.4867,-0.0593,0,0.1385,0.1234,0.1838,0.1746,0.189,0.1663,0.174,0.1449,68.61,73.69,54.63,60.03,0.2727,0.25,82.12,89.91,58.07,50.13
75,1,CA1-SUB,63.0,0.6019,0.7177,32.0,12000,-0.0049,2,0.017,-0.0503,0,0.1652,0.1759,0.1757,0.2443,0.3265,0.3463,0.1421,0.1411,68.83,75.71,52.33,44.02,0.4,0.25,84.64,79.62,48.38,52.17
75,1,CA1-SUB,68.0,0.6505,0.6889,37.0,12000,0.0281,12,0.3412,-0.035,0,0.1829,0.139,0.186,0.1792,0.2042,0.1903,0.158,0.1318,72.29,65.5,73.05,53.07,0.75,0.3333,76.58,86.47,89.3,89.53
75,1,CA1-SUB,73.0,0.699,0.6881,42.0,14000,0.5135,8,0.2549,-0.0658,0,0.1119,0.1329,0.2395,0.2323,0.1385,0.1746,0.1238,0.1167,65.39,57.16,49.56,56.0,0.75,0.3333,82.91,88.17,74.86,84.81
75,1,CA1-SUB,78.0,0.7476,0.7021,47.0,14000,0.0362,5,0.1057,-0.0088,0,0.1346,0.1386,0.233,0.2271,0.2089,0.2248,0.164,0.1358,78.38,83.03,64.97,63.95,0.4,0.25,84.38,74.47,80.15,57.09
75,1,CA1-SUB,83.0,0.7961,0.7263,52.0,12000,0.1428,4,0.0319,-0.0629,0,0.146,0.1398,0.2172,0.2174,0.2796,0.272,0.1845,0.1524,83.96,84.23,69.85,73.12,0.2727,0.1765,84.73,89.98,36.04,48.21
75,1,CA1-SUB,88.0,0.8447,0.5737,57.0,14000,0.3586,3,0.0825,-0.0489,0,0.2262,0.1745,0.368,0.3251,0.3183,0.3378,0.1464,0.1371,89.35,84.0,53.8,35.65,0.5556,0.25,68.06,79.07,67.23,56.11
75,1,CA1-SUB,93.0,0.8932,0.4496,62.0,14000,0.4876,7,0.3358,-0.0969,0,0.1098,0.1138,0.2963,0.2096,0.2221,0.1847,0.1495,0.1212,88.44,88.14,41.55,44.35,0.2727,0.25,89.67,85.58,50.53,57.25
75,1,RSC-SUB,8.0,0.068,0.1592,-23.0,14000,0.5939,7,0.423,-0.0504,0,0.6036,0.1182,0.5521,0.215,0.5619,0.1798,0.2196,0.138,nan,nan,nan,nan,,,84.93,88.05,59.8,54.09
75,1,RSC-SUB,13.0,0.1165,0.1579,-18.0,14000,0.4902,10,0.5021,-0.0482,0,0.6008,0.1073,0.5709,0.1842,0.587,0.1975,0.2239,0.1282,84.79,84.55,48.0,40.8,0.3243,0.5385,67.47,56.04,38.41,39.05
75,1,RSC-SUB,18.0,0.165,0.2708,-13.0,14000,0.858,11,1.2254,-0.01,0,0.57,0.1013,0.5336,0.1936,0.5449,0.1629,0.2146,0.1322,77.91,59.94,61.83,61.66,0.4203,0.3333,78.27,60.0,59.89,45.99
75,1,RSC-SUB,23.0,0.2136,0.3267,-8.0,14000,0.4137,6,0.3333,-0.0254,0,0.5619,0.1389,0.4915,0.2028,0.4983,0.2114,0.2319,0.1247,71.4,60.66,43.0,34.63,0.4,0.4286,59.33,46.85,59.82,46.75
75,1,RSC-SUB,28.0,0.2621,0.503,-3.0,14000,0.2794,10,0.8168,-0.0607,0,0.5565,0.1149,0.5005,0.1945,0.513,0.1784,0.233,0.1436,81.35,76.55,44.53,26.98,0.225,0.25,54.12,50.7,46.69,40.18
75,1,RSC-SUB,33.0,0.3107,0.588,2.0,14000,0.2118,5,0.1278,-0.0411,0,0.5188,0.1358,0.4658,0.24,0.4685,0.2904,0.237,0.1419,51.12,37.52,37.44,27.76,0.4627,0.25,77.59,71.62,65.26,53.72
75,1,RSC-SUB,38.0,0.3592,0.6407,7.0,14000,0.2234,7,0.2857,-0.0206,0,0.4894,0.1222,0.459,0.2043,0.4649,0.194,0.2501,0.143,75.77,66.43,32.99,23.79,0.2895,0.4286,66.09,72.1,52.14,46.1
75,1,RSC-SUB,43.0,0.4078,0.544,12.0,14000,0.3192,6,0.1485,-0.0172,0,0.4759,0.1298,0.4422,0.1881,0.4447,0.1971,0.2381,0.1387,56.06,48.18,31.92,19.73,0.4412,0.5385,87.0,79.19,38.62,31.82
75,1,RSC-SUB,48.0,0.4563,0.5135,17.0,14000,0.1403,7,0.164,-0.0087,0,0.513,0.1605,0.5082,0.2136,0.5344,0.2341,0.232,0.138,56.2,49.33,30.19,22.18,0.3803,0.1765,74.95,68.51,47.52,41.7
75,1,RSC-SUB,53.0,0.5049,0.5378,22.0,16000,0.0273,5,0.0983,-0.0422,0,0.5064,0.1401,0.5395,0.2071,0.5753,0.2695,0.2216,0.1354,79.24,85.41,47.21,31.84,0.3611,0.5385,68.09,69.12,50.28,43.48
75,1,RSC-SUB,58.0,0.5534,0.6868,27.0,14000,0.2163,10,0.3869,-0.0169,0,0.5212,0.1175,0.5269,0.1787,0.5274,0.1828,0.2108,0.1245,69.32,45.46,66.97,61.52,0.1807,0.4286,83.91,83.63,83.82,83.83
75,1,RSC-SUB,63.0,0.6019,0.7177,32.0,12000,0.2041,4,0.1013,-0.0275,0,0.5118,0.1561,0.4772,0.2304,0.4699,0.3049,0.2306,0.1434,64.79,68.21,67.55,58.89,0.3803,0.4286,63.31,69.13,54.86,42.95
75,1,RSC-SUB,68.0,0.6505,0.6889,37.0,12000,0.286,9,0.3468,-0.0377,0,0.572,0.1347,0.5524,0.2102,0.5377,0.2059,0.2313,0.1432,67.48,69.59,55.97,53.68,0.5077,0.4286,79.13,74.22,86.97,78.79
75,1,RSC-SUB,73.0,0.699,0.6881,42.0,14000,0.3907,8,0.3606,-0.0723,0,0.527,0.1164,0.5001,0.2247,0.513,0.2073,0.2081,0.1369,68.52,62.52,32.94,25.55,0.4,0.1765,68.23,60.06,60.86,51.41
75,1,RSC-SUB,78.0,0.7476,0.7021,47.0,14000,-0.0444,11,0.3692,-0.0466,0,0.5407,0.1248,0.5812,0.2001,0.5824,0.1956,0.2459,0.1398,54.97,34.89,34.49,30.35,0.4412,0.4286,72.27,67.14,43.93,57.76
75,1,RSC-SUB,83.0,0.7961,0.7263,52.0,12000,0.0525,5,0.0873,-0.0592,0,0.5414,0.1259,0.5607,0.2095,0.5856,0.2368,0.2204,0.1318,77.89,82.74,34.35,30.55,0.3803,0.3333,87.41,76.31,49.17,48.12
75,1,RSC-SUB,88.0,0.8447,0.5737,57.0,14000,-0.0008,2,0.0292,-0.0651,0,0.5417,0.1547,0.5736,0.2067,0.5963,0.2986,0.2211,0.1432,64.23,76.28,37.03,34.19,0.4848,0.4286,88.37,83.12,53.3,40.77
75,1,RSC-SUB,93.0,0.8932,0.4496,62.0,14000,0.0878,11,0.3372,-0.0245,0,0.5209,0.1078,0.4919,0.1702,0.5051,0.1753,0.2158,0.1369,62.49,49.0,51.26,35.95,0.3803,0.3333,83.95,88.17,45.07,38.42
75,1,V1-RSC,8.0,0.068,0.1592,-23.0,14000,0.4262,4,0.2739,0.0003,0,0.2831,0.5991,0.2505,0.5574,0.2847,0.5659,0.195,0.2983,nan,nan,nan,nan,,,44.33,62.35,28.45,34.68
75,1,V1-RSC,13.0,0.1165,0.1579,-18.0,14000,0.0979,2,0.0895,0.0103,0,0.2681,0.5977,0.2926,0.5924,0.4176,0.6169,0.2018,0.3214,52.77,53.49,30.55,38.27,0.5238,0.3611,43.21,48.95,43.57,43.11
75,1,V1-RSC,18.0,0.165,0.2708,-13.0,14000,-0.3181,8,1.6976,-0.0455,-2,0.2559,0.5682,0.2668,0.5385,0.272,0.5587,0.2032,0.3273,44.3,42.13,26.38,34.2,0.4545,0.4627,36.81,47.53,31.56,32.12
75,1,V1-RSC,23.0,0.2136,0.3267,-8.0,14000,0.1071,0,0.0,0.0059,0,0.2326,0.5597,0.2373,0.526,nan,nan,0.2058,0.3254,38.3,44.05,25.67,31.47,0.3913,0.3803,82.99,75.29,35.72,37.11
75,1,V1-RSC,28.0,0.2621,0.503,-3.0,14000,-0.45,6,0.5517,0.0145,0,0.2545,0.5552,0.2615,0.5268,0.283,0.5347,0.231,0.3482,48.76,55.84,28.37,28.79,0.3333,0.225,39.58,42.41,34.9,27.88
75,1,V1-RSC,33.0,0.3107,0.588,2.0,14000,0.29,1,0.0439,0.0171,0,0.2486,0.5171,0.2544,0.4548,0.4474,0.5842,0.2231,0.3336,33.76,45.86,23.15,27.47,0.4545,0.4848,37.38,56.65,25.82,30.41
75,1,V1-RSC,38.0,0.3592,0.6407,7.0,14000,0.0566,0,0.0,0.0004,0,0.2453,0.4848,0.252,0.4685,nan,nan,0.2201,0.3388,32.57,42.33,28.66,29.13,0.5238,0.3067,88.98,80.2,34.46,35.35
75,1,V1-RSC,43.0,0.4078,0.544,12.0,14000,0.3049,1,0.0488,0.0044,0,0.2633,0.4759,0.259,0.4363,0.5019,0.5702,0.2325,0.3501,26.32,36.09,21.54,25.75,0.4545,0.4203,41.94,45.67,26.3,33.75
75,1,V1-RSC,48.0,0.4563,0.5135,17.0,14000,0.5965,2,0.2722,-0.0003,0,0.2636,0.5094,0.2607,0.4714,0.4328,0.5005,0.2313,0.3331,28.18,33.63,22.06,27.49,0.5238,0.3611,33.98,39.95,24.65,27.55
75,1,V1-RSC,53.0,0.5049,0.5378,22.0,16000,0.5532,5,0.3936,0.0072,0,0.2369,0.5034,0.2146,0.4274,0.2563,0.4418,0.2188,0.3164,40.32,46.95,25.13,31.25,0.3913,0.3425,46.96,57.2,32.46,46.82
75,1,V1-RSC,58.0,0.5534,0.6868,27.0,14000,0.2273,0,0.0,0.0102,0,0.2365,0.5112,0.2689,0.496,nan,nan,0.2281,0.307,41.45,54.37,29.01,39.17,0.1852,0.1529,59.27,63.11,28.18,33.27
75,1,V1-RSC,63.0,0.6019,0.7177,32.0,12000,0.5786,4,0.4069,0.0086,0,0.2029,0.5089,0.2306,0.4458,0.2849,0.4613,0.2143,0.3221,41.8,59.2,25.29,32.46,0.2308,0.3425,40.86,47.05,27.66,29.46
75,1,V1-RSC,68.0,0.6505,0.6889,37.0,12000,-0.1881,5,0.5141,0.0047,0,0.2695,0.5669,0.2814,0.5309,0.3107,0.5303,0.2327,0.3322,37.42,44.53,23.6,29.29,0.28,0.4848,36.42,39.74,24.55,25.99
75,1,V1-RSC,73.0,0.699,0.6881,42.0,14000,-0.0494,5,0.437,0.0069,0,0.2498,0.5239,0.2682,0.5044,0.2919,0.4903,0.2143,0.2969,38.56,42.5,26.14,28.54,0.28,0.4203,48.11,55.87,24.04,34.07
75,1,V1-RSC,78.0,0.7476,0.7021,47.0,14000,0.6277,6,0.5286,0.0009,0,0.2615,0.5377,0.2867,0.5242,0.3265,0.5516,0.2155,0.3305,45.36,49.44,23.66,27.63,0.4545,0.4412,37.13,44.61,26.51,30.89
75,1,V1-RSC,83.0,0.7961,0.7263,52.0,12000,0.5543,1,0.1835,0.0015,0,0.2728,0.5392,0.26,0.5025,0.5132,0.5997,0.2004,0.3181,35.19,39.65,20.24,28.8,0.4545,0.3803,50.54,51.96,26.82,25.41
75,1,V1-RSC,88.0,0.8447,0.5737,57.0,14000,0.3501,2,0.0904,-0.0008,0,0.2761,0.5394,0.2977,0.4904,0.4041,0.5318,0.2155,0.3028,35.59,41.1,18.93,24.12,0.3913,0.5077,41.24,53.85,25.23,36.51
75,1,V1-RSC,93.0,0.8932,0.4496,62.0,14000,0.3077,6,0.1992,0.0037,0,0.2579,0.519,0.2778,0.4886,0.3053,0.482,0.2092,0.3063,32.56,43.34,24.08,33.25,0.3333,0.3243,50.21,51.93,25.92,31.86
77,1,CA1-RSC,8.0,0.0407,0.0973,-41.0,18000,0.1121,1,0.0063,0.0203,0,0.1383,0.5153,0.4725,0.5022,0.6201,0.57,0.1918,0.2171,nan,nan,nan,nan,,,60.72,83.0,33.11,50.12
77,1,CA1-RSC,13.0,0.0698,0.1004,-36.0,20000,0.3059,6,0.1669,-0.0116,0,0.2182,0.52,0.2123,0.4934,0.234,0.5064,0.1397,0.1995,82.04,80.6,27.53,53.82,0.5,0.4805,51.66,82.88,20.33,46.83
77,1,CA1-RSC,18.0,0.0988,0.1395,-31.0,18000,0.3509,7,0.1953,0.0314,0,0.2229,0.4666,0.3276,0.4656,0.2755,0.4744,0.2137,0.2492,73.27,77.89,49.56,67.4,1.0,0.4805,80.07,87.44,31.04,64.63
77,1,CA1-RSC,23.0,0.1279,0.1748,-26.0,18000,0.3,5,0.1577,0.02,0,0.1776,0.4673,0.1653,0.4498,0.1778,0.4593,0.1733,0.235,54.49,75.92,40.82,59.26,1.0,0.5,58.55,79.53,31.8,40.96
77,1,CA1-RSC,28.0,0.157,0.2549,-21.0,18000,0.0865,0,0.0,0.0327,5,0.1806,0.4527,0.2962,0.4408,nan,nan,0.1044,0.1775,55.2,71.69,54.84,55.36,1.0,0.52,88.16,85.6,60.04,85.44
77,1,CA1-RSC,33.0,0.186,0.2799,-16.0,16000,0.0612,0,0.0,0.0406,3,0.1432,0.4255,0.219,0.4078,nan,nan,0.1069,0.1746,82.04,70.65,78.76,83.07,1.0,0.4615,54.42,81.4,52.47,55.63
77,1,CA1-RSC,38.0,0.2151,0.3503,-11.0,14000,-0.1161,5,0.0985,0.0291,5,0.1064,0.4189,0.1709,0.4468,0.1664,0.4506,0.1352,0.1998,38.46,61.73,43.53,56.13,1.0,0.3256,77.54,89.0,34.3,56.34
77,1,CA1-RSC,43.0,0.2442,0.4091,-6.0,14000,0.0096,0,0.0,0.027,1,0.0913,0.3817,0.2654,0.4807,nan,nan,0.0575,0.1875,40.28,65.18,39.34,52.37,1.0,0.3412,71.62,88.94,76.02,62.57
77,1,CA1-RSC,48.0,0.2733,0.5284,-1.0,14000,0.0725,0,0.0,0.0001,2,0.0799,0.3991,0.2468,0.4017,nan,nan,0.1027,0.1752,73.83,79.25,35.53,54.14,1.0,0.3735,68.15,77.5,58.11,75.63
77,1,CA1-RSC,53.0,0.3023,0.6026,4.0,14000,0.0993,6,0.1164,0.0182,0,0.0748,0.4128,0.1178,0.4021,0.0741,0.4039,0.0655,0.1559,84.83,78.74,52.52,61.63,0.5,0.3571,85.67,80.16,40.21,65.68
77,1,CA1-RSC,58.0,0.3314,0.7004,9.0,14000,0.1995,4,0.0873,0.0631,5,0.0632,0.374,0.0934,0.3769,0.0829,0.3803,0.0742,0.1708,82.94,79.96,21.64,55.48,0.2,0.3735,76.9,79.06,72.26,90.0
77,1,CA1-RSC,63.0,0.3605,0.6528,14.0,14000,0.2499,4,0.1007,0.0112,5,0.0776,0.3781,0.1216,0.3969,0.1357,0.3961,0.0991,0.1693,62.11,78.83,47.16,54.97,0.5,0.4615,49.64,82.55,57.93,77.43
77,1,CA1-RSC,68.0,0.3895,0.6444,19.0,14000,0.2591,5,0.1266,0.0274,0,0.0415,0.372,0.1244,0.4016,0.1211,0.4078,0.0871,0.1786,57.53,80.63,29.25,58.42,0.5,0.2809,84.85,84.63,31.75,59.72
77,1,CA1-RSC,73.0,0.4186,0.5559,24.0,14000,0.042,0,0.0,0.0274,5,0.067,0.3601,0.0996,0.3656,nan,nan,0.0742,0.1619,88.01,80.81,56.87,76.43,0.5,0.425,78.15,86.51,88.33,86.21
77,1,CA1-RSC,78.0,0.4477,0.6248,29.0,14000,0.0666,0,0.0,0.0079,2,0.0449,0.3579,0.1474,0.3623,nan,nan,0.0592,0.155,78.91,84.77,40.29,62.17,0.5,0.3412,68.39,81.45,40.9,68.56
77,1,CA1-RSC,83.0,0.4767,0.6979,34.0,16000,-0.1199,2,0.0354,0.0491,5,0.0626,0.3698,0.3305,0.4461,0.44,0.4878,0.0705,0.1703,89.0,75.23,38.15,60.27,0.5,0.3103,88.04,88.8,89.34,89.59
77,1,CA1-RSC,88.0,0.5058,0.7147,39.0,14000,0.2746,4,0.0942,0.052,1,0.0497,0.3759,0.2027,0.4022,0.232,0.4073,0.0705,0.1824,77.87,89.91,58.58,62.17,0.2,0.4074,80.39,86.99,62.86,68.24
77,1,CA1-RSC,93.0,0.5349,0.7421,44.0,14000,0.0687,0,0.0,0.0404,3,0.0543,0.4105,0.1893,0.415,nan,nan,0.0793,0.174,48.86,65.28,37.75,52.78,0.2,0.4615,39.39,68.97,49.6,69.26
77,1,CA1-RSC,98.0,0.564,0.7778,49.0,16000,0.2616,5,0.1126,0.0625,2,0.0746,0.3693,0.1381,0.3815,0.1048,0.3835,0.0622,0.1522,47.19,73.21,45.69,59.14,0.5,0.2667,75.38,86.97,71.27,85.67
77,1,CA1-RSC,103.0,0.593,0.8654,54.0,12000,0.1136,0,0.0,0.0514,2,0.0815,0.4046,0.1926,0.3977,nan,nan,0.0894,0.1791,43.87,77.26,34.86,46.51,1.0,0.2955,50.05,71.78,42.39,62.34
77,1,CA1-RSC,108.0,0.6221,0.7919,59.0,14000,0.1037,0,0.0,0.0355,4,0.0535,0.3837,0.1262,0.3867,nan,nan,0.0916,0.1707,62.85,85.15,53.11,50.74,0.2,0.52,53.35,83.97,61.36,62.66
77,1,CA1-RSC,113.0,0.6512,0.706,64.0,14000,-0.1365,2,0.0713,0.0467,4,0.043,0.3956,0.3739,0.4622,0.3624,0.4674,0.0836,0.1857,41.34,66.94,21.25,45.02,0.5,0.443,43.73,75.18,84.02,88.12
77,1,CA1-RSC,118.0,0.6802,0.5711,69.0,16000,0.0612,0,0.0,0.0406,5,0.0582,0.3822,0.1356,0.3752,nan,nan,0.06,0.1664,50.33,70.11,50.27,68.44,0.5,0.3412,89.89,81.39,51.87,77.17
77,1,CA1-RSC,123.0,0.7093,0.619,74.0,16000,0.0608,0,0.0,0.09,5,0.0531,0.3927,0.1141,0.3851,nan,nan,0.0456,0.1701,55.47,68.67,30.36,59.9,0.5,0.3902,55.22,79.56,78.43,74.58
77,1,CA1-RSC,128.0,0.7384,0.6043,79.0,16000,0.0661,0,0.0,0.0666,4,0.0448,0.3966,0.1764,0.3889,nan,nan,0.0745,0.1659,56.3,73.61,26.96,62.42,1.0,0.3571,53.26,67.09,62.14,71.36
77,1,CA1-RSC,133.0,0.7674,0.6724,84.0,14000,0.0823,0,0.0,0.0028,-3,0.0466,0.3692,0.1654,0.3666,nan,nan,0.075,0.191,69.76,76.24,50.82,56.64,0.2,0.425,51.4,80.25,57.02,70.08
77,1,CA1-RSC,138.0,0.7965,0.6747,89.0,14000,0.0789,0,0.0,0.0107,4,0.0559,0.4008,0.1867,0.4059,nan,nan,0.0936,0.1964,85.65,88.52,56.41,67.44,0.2,0.3735,45.53,81.97,80.04,85.86
77,1,CA1-RSC,143.0,0.8256,0.5894,94.0,14000,-0.1296,1,0.0216,0.0327,1,0.0883,0.4061,0.3555,0.5064,0.3609,0.6128,0.069,0.1905,34.68,76.96,35.8,60.37,0.5,0.4074,83.59,86.91,80.52,83.06
77,1,CA1-RSC,148.0,0.8547,0.5604,99.0,14000,-0.1514,4,0.0963,-0.0006,5,0.0537,0.4261,0.2196,0.4672,0.2001,0.4761,0.0625,0.1858,67.48,80.42,35.69,67.63,0.5,0.3902,45.52,73.27,24.3,64.63
77,1,CA1-RSC,153.0,0.8837,0.6351,104.0,16000,0.0635,0,0.0,0.0281,5,0.059,0.5081,0.301,0.5201,nan,nan,0.0866,0.1547,75.88,88.21,66.64,85.56,0.5,0.2809,80.09,87.1,52.29,69.08
77,1,CA1-RSC,158.0,0.9128,0.7699,109.0,14000,0.0363,0,0.0,0.0281,2,0.0786,0.429,0.2748,0.4404,nan,nan,0.0758,0.1669,71.28,80.57,62.99,69.79,0.5,0.3103,57.8,81.5,80.49,83.84
77,1,CA1-RSC,163.0,0.9419,0.8881,114.0,14000,0.1028,0,0.0,0.0814,2,0.0977,0.4454,0.3409,0.4445,nan,nan,0.1161,0.1853,72.76,74.59,60.98,78.91,0.5,0.3735,82.69,82.32,43.2,62.53
77,1,CA1-DG,8.0,0.0407,0.0973,-41.0,18000,-0.1275,3,0.0369,-0.0783,-4,0.1848,0.6313,0.195,0.6923,0.1927,0.7026,0.3319,0.2932,nan,nan,nan,nan,,,64.3,58.56,43.39,60.85
77,1,CA1-DG,13.0,0.0698,0.1004,-36.0,20000,0.5102,1,0.1507,-0.0917,0,0.2588,0.7348,0.7751,0.9828,0.7751,0.9828,0.4676,0.5664,71.14,26.57,72.68,59.48,0.5,0.3333,84.2,83.12,4.96,0.56
77,1,CA1-DG,18.0,0.0988,0.1395,-31.0,18000,-0.3747,0,0.0,-0.0188,-3,0.2919,0.4911,0.0,0.0,nan,nan,0.3831,0.2673,56.65,53.43,15.37,12.82,1.0,1.0,61.01,83.33,67.89,61.03
77,1,CA1-DG,23.0,0.1279,0.1748,-26.0,18000,0.2515,5,0.099,-0.0015,3,0.1621,0.3944,0.1989,0.3895,0.1621,0.3944,0.3448,0.3067,83.86,80.63,87.5,49.13,0.5,1.0,64.15,49.29,29.94,44.37
77,1,CA1-DG,28.0,0.157,0.2549,-21.0,18000,0.248,1,0.0317,0.0436,3,0.2384,0.2837,0.6215,0.625,0.6215,0.625,0.3521,0.3343,88.64,78.42,27.62,62.68,0.2,1.0,71.7,69.64,19.56,32.48
77,1,CA1-DG,33.0,0.186,0.2799,-16.0,16000,0.0786,1,0.0031,0.003,0,0.1915,0.2199,0.542,0.6208,0.5669,0.7247,0.3817,0.3422,37.43,21.49,44.78,9.55,0.5,1.0,84.15,88.6,40.05,44.87
77,1,CA1-DG,38.0,0.2151,0.3503,-11.0,14000,0.0947,4,0.0262,0.0541,0,0.1678,0.2209,0.2082,0.341,0.1805,0.279,0.3108,0.4031,87.92,81.81,37.45,33.65,0.5,1.0,71.8,86.11,43.46,61.33
77,1,CA1-DG,43.0,0.2442,0.4091,-6.0,14000,0.0506,1,0.0812,0.0794,0,0.1279,0.082,0.3604,0.4131,0.3921,0.4691,0.3448,0.3191,75.33,73.94,17.88,38.84,0.2,1.0,89.52,60.88,40.76,49.75
77,1,CA1-DG,48.0,0.2733,0.5284,-1.0,14000,0.3159,2,0.1056,0.1118,3,0.1161,0.1335,0.3033,0.2928,0.3035,0.2934,0.321,0.3229,53.87,80.78,20.7,37.22,0.2,0.3333,81.42,83.26,50.43,51.69
77,1,CA1-DG,53.0,0.3023,0.6026,4.0,14000,0.2702,3,0.0734,0.0635,0,0.1157,0.1697,0.2859,0.1813,0.2723,0.1629,0.3879,0.374,67.91,82.06,31.48,9.37,0.2,0.3333,80.27,35.7,18.01,47.42
77,1,CA1-DG,58.0,0.3314,0.7004,9.0,14000,0.1458,2,0.0384,0.0359,3,0.1168,0.1619,0.3921,0.4726,0.4246,0.457,0.3235,0.3255,89.1,81.62,23.07,15.55,0.2,1.0,65.23,52.17,43.22,29.24
77,1,CA1-DG,63.0,0.3605,0.6528,14.0,14000,0.3601,5,0.094,0.0429,0,0.1804,0.1132,0.2941,0.3298,0.1804,0.1132,0.3122,0.3325,79.46,41.88,30.36,15.22,0.5,1.0,88.36,78.67,22.7,20.51
77,1,CA1-DG,68.0,0.3895,0.6444,19.0,14000,0.1997,1,0.0203,-0.0863,-4,0.1268,0.3427,0.4199,0.551,0.4199,0.551,0.2726,0.1753,63.04,60.56,25.11,45.64,0.5,1.0,84.26,66.24,46.44,77.82
77,1,CA1-DG,73.0,0.4186,0.5559,24.0,14000,0.0865,1,0.0038,0.1121,3,0.1104,0.1844,0.3796,0.3725,0.6228,0.5897,0.3456,0.3089,82.31,75.89,34.47,19.45,0.2,1.0,89.27,37.87,40.24,16.3
77,1,CA1-DG,78.0,0.4477,0.6248,29.0,14000,-0.0915,1,0.0211,0.0513,2,0.1137,0.0673,0.576,0.5181,0.576,0.5181,0.2238,0.2179,72.57,80.74,42.74,25.78,0.5,0.3333,82.83,56.62,58.45,68.01
77,1,CA1-DG,83.0,0.4767,0.6979,34.0,16000,-0.0993,4,0.0593,-0.0046,-3,0.1071,0.0651,0.1953,0.2719,0.187,0.2449,0.2303,0.2343,66.33,79.84,30.13,20.34,0.2,0.3333,75.62,54.56,60.71,41.61
77,1,CA1-DG,88.0,0.5058,0.7147,39.0,14000,0.2032,3,0.1045,-0.0157,-4,0.1348,0.0475,0.216,0.2073,0.2027,0.1992,0.2331,0.2804,78.42,55.03,82.21,73.42,0.2,0.0,59.5,84.77,53.68,50.98
77,1,CA1-DG,93.0,0.5349,0.7421,44.0,14000,-0.156,2,0.0266,-0.0678,-3,0.1493,0.0279,0.2992,0.37,0.297,0.3705,0.2219,0.1483,70.23,77.12,81.06,86.97,0.5,1.0,62.19,43.22,47.24,44.26
77,1,CA1-DG,98.0,0.564,0.7778,49.0,16000,-0.0172,2,0.0363,-0.0595,-4,0.2105,0.1819,0.4036,0.5059,0.3938,0.483,0.2699,0.2983,86.52,47.74,29.04,26.2,0.2,0.3333,80.11,82.08,52.02,34.57
77,1,CA1-DG,103.0,0.593,0.8654,54.0,12000,-0.1525,2,0.0397,-0.0891,-4,0.1731,0.0736,0.1677,0.2184,0.1558,0.2275,0.2797,0.1853,65.6,71.98,70.17,56.6,0.2,0.3333,68.63,66.0,80.73,60.98
77,1,CA1-DG,108.0,0.6221,0.7919,59.0,14000,0.0297,1,0.0021,-0.0859,0,0.1675,0.0619,0.2156,0.2059,0.3926,0.5508,0.2485,0.2427,80.08,83.12,38.49,28.79,0.5,0.3333,77.13,75.46,75.88,77.23
77,1,CA1-DG,113.0,0.6512,0.706,64.0,14000,0.1353,1,0.0092,-0.0371,3,0.1666,0.1336,0.4709,0.6005,0.5148,0.7191,0.2442,0.3301,75.08,87.81,46.93,21.37,0.5,0.3333,78.57,49.67,89.52,60.25
77,1,CA1-DG,118.0,0.6802,0.5711,69.0,16000,0.1095,2,0.0088,-0.0591,-3,0.1548,0.0754,0.3263,0.4774,0.2503,0.4378,0.2449,0.2508,57.92,75.43,48.52,51.38,0.2,0.3333,84.28,73.54,65.04,85.35
77,1,CA1-DG,123.0,0.7093,0.619,74.0,16000,0.0644,1,0.0021,-0.0278,3,0.143,0.191,0.403,0.4835,0.5448,0.6861,0.3054,0.3118,80.73,71.22,22.37,10.65,1.0,1.0,74.88,53.08,42.51,52.49
77,1,CA1-DG,128.0,0.7384,0.6043,79.0,16000,0.2683,4,0.0862,0.0467,2,0.1824,0.2164,0.2731,0.3628,0.2395,0.3254,0.2908,0.2206,77.41,37.17,22.75,32.15,0.0,1.0,83.9,46.62,50.64,33.99
77,1,CA1-DG,133.0,0.7674,0.6724,84.0,14000,-0.0659,2,0.0247,-0.0404,-4,0.1679,0.1059,0.3566,0.2503,0.3628,0.2496,0.289,0.1824,72.7,85.06,31.27,31.23,0.2,1.0,77.74,64.54,37.77,39.07
77,1,CA1-DG,138.0,0.7965,0.6747,89.0,14000,0.2459,3,0.082,0.068,0,0.1789,0.2891,0.2703,0.4468,0.2636,0.4362,0.2924,0.2813,57.81,70.02,19.39,47.95,0.2,0.3333,66.61,83.15,30.52,50.25
77,1,CA1-DG,143.0,0.8256,0.5894,94.0,14000,0.2065,3,0.0362,0.0546,-4,0.1422,0.2069,0.2442,0.3108,0.2055,0.3229,0.2103,0.1606,80.69,28.75,13.33,41.67,0.5,0.3333,87.46,85.99,43.21,73.21
77,1,CA1-DG,148.0,0.8547,0.5604,99.0,14000,0.78,1,0.4688,-0.0566,-3,0.1014,0.3759,0.4844,0.5326,0.4844,0.5326,0.3243,0.3132,85.05,70.09,24.12,55.62,0.5,1.0,75.62,79.13,25.3,20.25
77,1,CA1-DG,153.0,0.8837,0.6351,104.0,16000,0.227,1,0.0265,0.0128,3,0.1531,0.1666,0.5465,0.6669,0.5465,0.6669,0.2812,0.2391,84.74,57.52,54.36,51.55,0.2,1.0,82.62,54.41,27.45,54.78
77,1,CA1-DG,158.0,0.9128,0.7699,109.0,14000,0.0575,1,0.0017,0.016,3,0.1833,0.2393,0.301,0.3625,0.5363,0.7445,0.2825,0.271,87.87,25.29,36.61,23.1,1.0,1.0,56.04,30.76,61.64,60.49
77,1,CA1-DG,163.0,0.9419,0.8881,114.0,14000,0.125,3,0.0317,0.0405,0,0.226,0.1913,0.4167,0.2773,0.386,0.2745,0.3487,0.2797,82.6,68.82,40.01,28.28,0.5,1.0,79.52,46.45,28.37,37.43
77,1,CA1-V1,8.0,0.0407,0.0973,-41.0,18000,0.1293,4,0.0313,0.0559,4,0.1421,0.1325,0.233,0.2293,0.1968,0.202,0.1493,0.1859,nan,nan,nan,nan,,,71.58,87.15,80.02,58.93
77,1,CA1-V1,13.0,0.0698,0.1004,-36.0,20000,-0.3794,4,0.369,0.0673,0,0.2181,0.1631,0.2937,0.247,0.298,0.2466,0.1502,0.2297,69.51,78.89,39.63,43.4,0.5,1.0,64.57,88.32,57.76,79.67
77,1,CA1-V1,18.0,0.0988,0.1395,-31.0,18000,0.4124,6,0.4664,-0.0145,0,0.2276,0.0888,0.2694,0.1625,0.2598,0.1187,0.1757,0.1468,80.72,66.56,42.92,31.61,1.0,0.2,86.27,87.31,61.29,82.01
77,1,CA1-V1,23.0,0.1279,0.1748,-26.0,18000,0.2228,4,0.0745,0.0149,0,0.1818,0.1108,0.2152,0.1781,0.2065,0.1635,0.2094,0.201,70.66,70.25,54.15,55.76,1.0,0.2,64.69,79.59,68.88,52.75
77,1,CA1-V1,28.0,0.157,0.2549,-21.0,18000,0.2268,6,0.1093,-0.0378,0,0.1769,0.0516,0.1508,0.0843,0.1761,0.1036,0.1482,0.2042,72.52,87.48,39.49,53.22,1.0,0.2,81.35,77.2,70.58,67.07
77,1,CA1-V1,33.0,0.186,0.2799,-16.0,16000,-0.0002,0,0.0,-0.0675,-3,0.1401,0.0912,0.2155,0.1751,nan,nan,0.1629,0.1777,67.99,75.51,35.1,50.99,1.0,0.2,86.53,81.52,51.17,76.49
77,1,CA1-V1,38.0,0.2151,0.3503,-11.0,14000,-0.0243,0,0.0,-0.0476,-4,0.1063,0.127,0.2079,0.2433,nan,nan,0.1313,0.1902,86.47,78.08,48.95,37.42,1.0,0.2,71.92,89.21,83.9,66.38
77,1,CA1-V1,43.0,0.2442,0.4091,-6.0,14000,0.1998,4,0.1267,-0.0262,-5,0.0908,0.0774,0.2245,0.2203,0.1475,0.2057,0.2344,0.2392,79.16,69.67,60.16,31.76,1.0,0.2,68.99,88.81,51.52,81.56
77,1,CA1-V1,48.0,0.2733,0.5284,-1.0,14000,-0.1152,1,0.0193,-0.0146,0,0.0788,0.1034,0.3604,0.3689,0.408,0.4394,0.1897,0.1843,67.93,47.16,49.67,65.16,1.0,0.5,71.24,79.27,31.05,86.56
77,1,CA1-V1,53.0,0.3023,0.6026,4.0,14000,-0.1541,2,0.0338,0.0341,0,0.0739,0.1054,0.3316,0.2243,0.3466,0.2261,0.1109,0.2131,67.35,85.39,57.9,64.5,0.5,0.2,76.26,77.58,87.06,73.83
77,1,CA1-V1,58.0,0.3314,0.7004,9.0,14000,-0.0089,6,0.1272,0.0476,2,0.0627,0.1658,0.1162,0.2102,0.0799,0.2215,0.2128,0.2541,86.8,74.09,50.08,46.66,0.2,0.2,79.84,63.56,42.72,38.37
77,1,CA1-V1,63.0,0.3605,0.6528,14.0,14000,-0.005,2,0.0312,0.0022,0,0.0765,0.1051,0.2678,0.2895,0.3105,0.2755,0.218,0.2553,73.44,67.09,29.61,17.42,0.5,0.0,80.07,74.13,32.33,43.11
77,1,CA1-V1,68.0,0.3895,0.6444,19.0,14000,-0.0704,1,0.0127,0.0075,1,0.0408,0.1044,0.2941,0.3762,0.3595,0.4503,0.1634,0.2026,63.01,70.66,41.97,37.7,0.5,0.2,85.75,80.88,56.54,59.01
77,1,CA1-V1,73.0,0.4186,0.5559,24.0,14000,0.0404,0,0.0,0.0482,0,0.0661,0.1014,0.2439,0.3691,nan,nan,0.1772,0.2629,75.21,73.98,87.54,85.64,0.5,0.2,76.42,80.47,85.16,74.96
77,1,CA1-V1,78.0,0.4477,0.6248,29.0,14000,-0.1198,1,0.0219,-0.0207,0,0.0443,0.0812,0.4719,0.3952,0.472,0.3953,0.1869,0.2385,86.66,89.86,79.85,75.15,0.5,0.2,67.42,86.67,52.97,67.24
77,1,CA1-V1,83.0,0.4767,0.6979,34.0,16000,0.2451,6,0.0988,0.0034,0,0.0618,0.0707,0.1395,0.1876,0.0787,0.1281,0.1828,0.2412,83.93,74.1,41.53,39.09,0.5,0.5,58.24,64.7,43.02,36.7
77,1,CA1-V1,88.0,0.5058,0.7147,39.0,14000,-0.1142,3,0.0884,0.0178,0,0.0495,0.1275,0.3235,0.3599,0.1772,0.2669,0.1591,0.2134,54.42,60.71,57.91,53.48,0.2,0.5,45.9,80.38,75.2,78.8
77,1,CA1-V1,93.0,0.5349,0.7421,44.0,14000,-0.1192,4,0.0494,0.0071,0,0.0534,0.0894,0.1913,0.1937,0.1866,0.195,0.175,0.1616,46.25,71.76,73.52,58.28,0.2,0.0,80.55,66.8,75.06,75.1
77,1,CA1-V1,98.0,0.564,0.7778,49.0,16000,-0.1401,6,0.1083,0.0579,0,0.0748,0.092,0.2082,0.2139,0.2067,0.2085,0.2227,0.2578,40.88,67.68,30.64,36.87,0.5,0.2,78.72,65.78,66.08,66.32
77,1,CA1-V1,103.0,0.593,0.8654,54.0,12000,-0.131,3,0.0361,0.0323,0,0.0812,0.146,0.2019,0.2605,0.1811,0.2094,0.2299,0.2575,58.99,58.67,38.8,35.96,1.0,0.5,71.35,72.99,26.28,45.18
77,1,CA1-V1,108.0,0.6221,0.7919,59.0,14000,-0.041,1,0.0045,-0.0012,0,0.0526,0.0879,0.1286,0.2344,0.4387,0.4627,0.2484,0.2277,56.84,61.69,33.9,26.0,0.2,0.5,86.64,72.78,61.86,70.97
77,1,CA1-V1,113.0,0.6512,0.706,64.0,14000,-0.1052,5,0.1162,-0.014,0,0.0427,0.0942,0.2171,0.1685,0.1652,0.1371,0.2748,0.2565,58.17,87.9,34.34,29.29,0.5,1.0,87.34,60.58,30.54,36.16
77,1,CA1-V1,118.0,0.6802,0.5711,69.0,16000,0.1526,4,0.0331,-0.0213,-1,0.058,0.0717,0.2565,0.1531,0.2399,0.1556,0.1859,0.1717,71.12,71.85,53.68,33.9,0.5,0.2,88.39,85.12,47.96,64.36
77,1,CA1-V1,123.0,0.7093,0.619,74.0,16000,0.0523,0,0.0,0.0167,0,0.0535,0.0852,0.3013,0.3139,nan,nan,0.2377,0.1957,81.45,85.25,56.51,42.63,0.5,0.2,88.49,79.42,59.55,62.96
77,1,CA1-V1,128.0,0.7384,0.6043,79.0,16000,0.2342,5,0.0835,-0.0005,0,0.0447,0.0647,0.1417,0.1601,0.1432,0.1621,0.1615,0.1979,71.03,80.39,53.36,45.69,0.5,0.0,68.5,84.58,42.79,32.18
77,1,CA1-V1,133.0,0.7674,0.6724,84.0,14000,-0.1108,5,0.0291,-0.05,0,0.0465,0.1434,0.1742,0.1818,0.1671,0.1564,0.1759,0.2391,66.01,61.32,52.23,43.11,0.5,0.2,88.89,70.12,58.39,55.58
77,1,CA1-V1,138.0,0.7965,0.6747,89.0,14000,0.2211,5,0.0812,0.0009,3,0.0566,0.0745,0.1358,0.2012,0.094,0.1564,0.201,0.1988,44.28,54.75,26.79,37.43,0.2,1.0,65.54,65.04,75.09,68.06
77,1,CA1-V1,143.0,0.8256,0.5894,94.0,14000,-0.0685,1,0.0124,-0.0127,0,0.0886,0.0982,0.3832,0.3081,0.4433,0.4773,0.2058,0.2365,77.19,55.98,48.4,47.68,0.5,1.0,76.75,54.27,45.59,46.05
77,1,CA1-V1,148.0,0.8547,0.5604,99.0,14000,-0.7738,0,0.0,0.0249,0,0.0543,0.1076,0.3777,0.4091,nan,nan,0.2241,0.2477,68.63,59.52,47.69,50.81,0.5,1.0,65.69,83.48,54.58,55.03
77,1,CA1-V1,153.0,0.8837,0.6351,104.0,16000,0.2233,3,0.0625,-0.0714,-4,0.0598,0.1005,0.3063,0.1873,0.3038,0.1898,0.1755,0.1672,68.54,76.59,46.49,32.6,0.5,0.5,61.83,82.22,56.24,36.52
77,1,CA1-V1,158.0,0.9128,0.7699,109.0,14000,0.0288,0,0.0,-0.0055,-4,0.0797,0.1272,0.2845,0.3189,nan,nan,0.1881,0.1778,74.92,71.57,44.84,38.23,0.5,0.5,77.98,84.04,84.31,79.31
77,1,CA1-V1,163.0,0.9419,0.8881,114.0,14000,-0.1295,3,0.0233,-0.0318,0,0.0964,0.1318,0.3503,0.2285,0.2824,0.2244,0.1779,0.133,52.42,83.95,20.99,33.84,0.5,0.2,86.15,84.18,57.04,60.42
77,1,CA1-SUB,8.0,0.0407,0.0973,-41.0,18000,-0.1824,1,0.0106,0.0261,2,0.2086,0.2774,0.5676,0.6425,0.5676,0.6425,0.2521,0.1428,nan,nan,nan,nan,,,66.9,47.63,50.12,64.09
77,1,CA1-SUB,13.0,0.0698,0.1004,-36.0,20000,-0.207,2,0.0486,-0.0698,-4,0.2098,0.1338,0.3657,0.3099,0.3738,0.3221,0.1725,0.1203,74.86,83.58,76.44,55.88,0.2,1.0,81.97,84.29,74.98,83.89
77,1,CA1-SUB,18.0,0.0988,0.1395,-31.0,18000,-0.1976,2,0.0393,0.0807,3,0.2634,0.1283,0.4747,0.2944,0.4647,0.2928,0.2169,0.2142,61.78,77.3,87.04,67.4,1.0,1.0,76.04,83.76,72.51,81.55
77,1,CA1-SUB,23.0,0.1279,0.1748,-26.0,18000,-0.0014,0,0.0,0.0482,0,0.1814,0.1155,0.2863,0.161,nan,nan,0.2359,0.2105,87.37,82.04,62.26,61.22,0.5,0.3333,78.48,67.51,68.09,40.83
77,1,CA1-SUB,28.0,0.157,0.2549,-21.0,18000,-0.1933,2,0.0407,0.0524,3,0.2054,0.0758,0.2841,0.3454,0.285,0.346,0.2045,0.2104,89.77,83.69,78.61,80.9,0.2,0.0,76.66,41.07,84.91,61.6
77,1,CA1-SUB,33.0,0.186,0.2799,-16.0,16000,-0.0093,0,0.0,-0.1017,-1,0.1782,0.1203,0.3788,0.4231,nan,nan,0.1593,0.1581,84.37,88.3,69.39,82.24,0.5,0.3333,85.08,71.66,84.2,75.81
77,1,CA1-SUB,38.0,0.2151,0.3503,-11.0,14000,0.0401,0,0.0,-0.0265,0,0.2244,0.1432,0.622,0.3029,nan,nan,0.295,0.0873,85.7,81.62,63.86,77.12,0.2,0.3333,54.2,86.27,62.57,62.5
77,1,CA1-SUB,43.0,0.2442,0.4091,-6.0,14000,0.3883,3,0.225,-0.0027,2,0.0932,0.1246,0.173,0.1211,0.1743,0.1224,0.1281,0.0884,76.75,89.7,80.51,48.5,0.5,0.3333,89.69,81.17,74.82,64.16
77,1,CA1-SUB,48.0,0.2733,0.5284,-1.0,14000,-0.2873,3,0.1001,-0.0328,-3,0.1671,0.3644,0.2033,0.2919,0.1915,0.2904,0.2875,0.3179,66.83,73.97,80.25,63.38,0.2,1.0,56.13,60.12,50.25,68.52
77,1,CA1-SUB,53.0,0.3023,0.6026,4.0,14000,-0.0988,3,0.025,-0.0443,-4,0.1694,0.0666,0.2524,0.1449,0.2102,0.1581,0.2368,0.145,80.15,86.05,50.36,27.42,0.2,0.3333,83.56,74.8,46.47,62.2
77,1,CA1-SUB,58.0,0.3314,0.7004,9.0,14000,-0.3375,2,0.1143,0.0954,2,0.1059,0.1854,0.3581,0.4218,0.3587,0.447,0.1428,0.1801,85.29,59.48,58.18,56.73,0.2,1.0,88.17,82.32,78.93,62.64
77,1,CA1-SUB,63.0,0.3605,0.6528,14.0,14000,0.0114,1,0.0035,-0.0456,-1,0.1655,0.153,0.269,0.3676,0.2775,0.3727,0.2157,0.1921,88.75,78.58,64.52,58.49,0.2,1.0,73.09,68.72,63.15,35.32
77,1,CA1-SUB,68.0,0.3895,0.6444,19.0,14000,-0.0024,1,0.0029,-0.0706,-2,0.1229,0.1586,0.1891,0.398,0.1891,0.398,0.2068,0.1746,79.59,80.89,74.28,58.62,0.2,1.0,80.13,86.84,68.63,68.58
77,1,CA1-SUB,73.0,0.4186,0.5559,24.0,14000,0.0233,0,0.0,-0.0298,3,0.0959,0.1261,0.2225,0.2754,nan,nan,0.1334,0.1224,86.72,68.31,70.82,79.38,0.5,0.3333,84.32,75.12,86.6,59.89
77,1,CA1-SUB,78.0,0.4477,0.6248,29.0,14000,0.1502,3,0.0309,0.0717,3,0.1262,0.0872,0.2428,0.2275,0.1968,0.195,0.2416,0.1332,86.3,70.01,89.42,77.89,0.2,1.0,84.72,66.5,60.8,56.36
77,1,CA1-SUB,83.0,0.4767,0.6979,34.0,16000,0.0108,0,0.0,0.0334,5,0.1046,0.0582,0.1407,0.1568,nan,nan,0.0898,0.0851,81.04,82.05,64.72,75.94,0.2,0.3333,88.66,75.03,69.74,68.77
77,1,CA1-SUB,88.0,0.5058,0.7147,39.0,14000,0.2467,3,0.2203,0.0119,4,0.1321,0.0796,0.2979,0.2929,0.2636,0.2301,0.2043,0.1682,89.53,81.31,83.17,86.87,0.2,1.0,82.49,76.98,69.1,79.15
77,1,CA1-SUB,93.0,0.5349,0.7421,44.0,14000,-0.1961,1,0.0078,0.0534,4,0.1028,0.229,0.3111,0.516,0.3111,0.516,0.1272,0.2659,87.79,65.25,84.58,81.8,0.2,0.0,82.07,87.39,77.37,89.75
77,1,CA1-SUB,98.0,0.564,0.7778,49.0,16000,0.0117,0,0.0,0.0266,2,0.1025,0.03,0.1946,0.1642,nan,nan,0.2375,0.1909,89.13,61.07,41.6,66.03,0.2,0.3333,88.98,87.47,55.15,88.89
77,1,CA1-SUB,103.0,0.593,0.8654,54.0,12000,0.1615,2,0.0241,-0.0656,0,0.1494,0.3263,0.2735,0.391,0.2795,0.3921,0.2091,0.3677,87.77,71.4,85.5,58.22,0.2,0.3333,87.31,76.13,70.27,18.31
77,1,CA1-SUB,108.0,0.6221,0.7919,59.0,14000,0.0296,0,0.0,0.0715,0,0.1002,0.1291,0.2521,0.3459,nan,nan,0.1967,0.2608,70.04,65.41,62.97,85.58,0.2,0.3333,79.22,75.37,38.22,55.82
77,1,CA1-SUB,113.0,0.6512,0.706,64.0,14000,0.0137,1,0.0028,-0.0329,-3,0.1306,0.0702,0.4224,0.1927,0.5513,0.1962,0.1559,0.0872,88.29,75.92,84.91,65.55,0.5,0.3333,81.79,75.8,82.46,77.69
77,1,CA1-SUB,118.0,0.6802,0.5711,69.0,16000,0.0437,1,0.0068,-0.0272,0,0.1614,0.2779,0.3253,0.4452,0.4432,0.5486,0.1933,0.2726,52.8,79.02,79.15,69.81,1.0,0.3333,87.25,80.78,50.44,84.19
77,1,CA1-SUB,123.0,0.7093,0.619,74.0,16000,0.0105,0,0.0,-0.0105,-4,0.1747,0.1553,0.2172,0.3392,nan,nan,0.24,0.1366,82.22,76.82,43.4,61.48,0.5,1.0,81.4,82.57,62.28,61.84
77,1,CA1-SUB,128.0,0.7384,0.6043,79.0,16000,-0.1703,4,0.0661,0.0595,3,0.1518,0.1713,0.206,0.2123,0.1765,0.2969,0.2028,0.1561,72.03,87.74,55.24,67.21,0.2,1.0,75.29,78.49,71.09,85.32
77,1,CA1-SUB,133.0,0.7674,0.6724,84.0,14000,0.0999,3,0.0212,0.0879,0,0.1341,0.2943,0.223,0.4293,0.153,0.3976,0.1595,0.2779,73.16,77.4,82.67,82.78,0.5,1.0,58.21,75.73,80.69,68.41
77,1,CA1-SUB,138.0,0.7965,0.6747,89.0,14000,-0.206,2,0.0384,-0.0054,5,0.1179,0.1388,0.2644,0.2484,0.2856,0.2666,0.2007,0.15,81.2,69.25,87.58,72.22,0.5,1.0,79.69,84.61,56.27,71.7
77,1,CA1-SUB,143.0,0.8256,0.5894,94.0,14000,-0.0289,0,0.0,0.0558,1,0.1454,0.1193,0.0,0.0,nan,nan,0.1887,0.1783,81.82,87.06,50.05,83.65,0.2,1.0,71.73,72.47,71.05,86.43
77,1,CA1-SUB,148.0,0.8547,0.5604,99.0,14000,0.2362,2,0.065,-0.0079,-2,0.0498,0.1355,0.2337,0.2859,0.2273,0.3199,0.1754,0.2226,72.65,81.86,69.16,84.16,0.5,1.0,88.36,87.35,88.65,57.13
77,1,CA1-SUB,153.0,0.8837,0.6351,104.0,16000,0.3056,2,0.0668,-0.0001,0,0.1322,0.9717,0.3818,0.9939,0.3669,0.991,0.3586,0.4657,86.06,83.87,79.55,88.8,0.2,0.3333,69.18,67.53,19.51,0.08
77,1,CA1-SUB,158.0,0.9128,0.7699,109.0,14000,0.0327,0,0.0,-0.0792,-1,0.2026,0.3294,0.5376,0.3778,nan,nan,0.235,0.3275,73.08,89.96,68.68,89.99,0.5,0.3333,80.4,55.3,51.37,59.68
77,1,CA1-SUB,163.0,0.9419,0.8881,114.0,14000,-0.165,3,0.0299,-0.0612,-4,0.1563,0.2442,0.2194,0.3545,0.2214,0.3349,0.1241,0.0956,86.76,76.4,79.93,57.59,0.2,1.0,79.06,51.18,70.75,86.04
77,1,RSC-SUB,8.0,0.0407,0.0973,-41.0,18000,0.081,1,0.0061,0.0258,0,0.5114,0.2753,0.5106,0.5429,0.6038,0.7737,0.2772,0.1486,nan,nan,nan,nan,,,79.4,24.01,86.23,67.95
77,1,RSC-SUB,13.0,0.0698,0.1004,-36.0,20000,0.0615,0,0.0,-0.0707,-3,0.4816,0.1333,0.4796,0.3988,nan,nan,0.3091,0.128,82.88,26.55,87.74,83.97,0.443,1.0,68.88,82.64,74.37,76.48
77,1,RSC-SUB,18.0,0.0988,0.1395,-31.0,18000,0.0283,0,0.0,0.005,1,0.472,0.1272,0.4518,0.2029,nan,nan,0.2692,0.081,67.59,49.12,77.56,74.78,0.4074,1.0,82.7,78.02,83.18,68.42
77,1,RSC-SUB,23.0,0.1279,0.1748,-26.0,18000,0.0518,0,0.0,-0.1377,-3,0.4521,0.1166,0.465,0.2527,nan,nan,0.2354,0.127,84.83,44.04,76.98,35.31,0.4615,0.3333,88.6,89.57,84.0,86.67
77,1,RSC-SUB,28.0,0.157,0.2549,-21.0,18000,0.1097,1,0.0061,0.0433,1,0.4653,0.0755,0.4782,0.2563,0.5741,0.507,0.2741,0.078,82.32,57.32,80.56,89.13,0.4615,0.0,78.82,65.43,60.97,48.5
77,1,RSC-SUB,33.0,0.186,0.2799,-16.0,16000,0.0942,1,0.0045,0.0154,3,0.449,0.1189,0.4757,0.2961,0.5979,0.6357,0.2438,0.0863,85.04,68.88,50.4,32.48,0.4805,0.3333,89.94,70.08,58.89,41.08
77,1,RSC-SUB,38.0,0.2151,0.3503,-11.0,14000,0.1318,1,0.0088,0.0738,4,0.4151,0.1428,0.4349,0.1199,0.5673,0.4633,0.2902,0.107,76.74,66.13,49.61,38.07,0.3902,0.3333,84.03,88.35,48.28,81.35
77,1,RSC-SUB,43.0,0.2442,0.4091,-6.0,14000,0.1636,1,0.0136,0.0033,0,0.4084,0.1243,0.4454,0.2689,0.5113,0.4344,0.2501,0.0675,58.9,58.81,49.81,37.51,0.3902,0.3333,89.66,75.74,61.04,53.09
77,1,RSC-SUB,48.0,0.2733,0.5284,-1.0,14000,0.1182,1,0.007,0.0701,4,0.4263,0.9824,0.4395,0.9865,0.5405,0.9914,0.3372,0.4613,81.47,80.29,54.44,78.79,0.3571,0.3333,87.05,88.43,64.43,0.35
77,1,RSC-SUB,53.0,0.3023,0.6026,4.0,14000,0.0512,1,0.0153,0.0256,1,0.4221,0.0659,0.4619,0.334,0.5955,0.5249,0.2832,0.157,70.54,86.71,88.2,88.71,0.3735,1.0,88.28,87.4,82.17,68.1
77,1,RSC-SUB,58.0,0.3314,0.7004,9.0,14000,0.1039,1,0.0054,-0.0706,-1,0.389,0.186,0.4196,0.2141,0.587,0.6388,0.2661,0.1156,68.78,32.14,87.19,86.02,0.3735,1.0,86.75,81.48,76.68,61.58
77,1,RSC-SUB,63.0,0.3605,0.6528,14.0,14000,0.0977,0,0.0,-0.0243,0,0.388,0.1539,0.4079,0.1879,nan,nan,0.2631,0.0901,68.55,31.7,41.33,21.65,0.4074,1.0,77.91,69.8,87.3,78.09
77,1,RSC-SUB,68.0,0.3895,0.6444,19.0,14000,0.0955,0,0.0,0.158,4,0.3735,0.1603,0.4231,0.3135,nan,nan,0.2415,0.1067,70.95,53.73,42.3,28.2,0.3571,1.0,67.69,87.5,57.89,65.22
77,1,RSC-SUB,73.0,0.4186,0.5559,24.0,14000,0.0576,1,0.0048,-0.0324,-2,0.3839,0.1273,0.4031,0.1973,0.4886,0.5985,0.2678,0.0727,75.57,48.94,58.43,55.49,0.3902,0.3333,77.43,89.09,89.06,85.32
77,1,RSC-SUB,78.0,0.4477,0.6248,29.0,14000,0.0658,0,0.0,-0.0677,-1,0.3672,0.0917,0.387,0.2385,nan,nan,0.2739,0.1711,75.95,76.06,65.32,53.66,0.2955,1.0,89.19,45.01,74.61,23.86
77,1,RSC-SUB,83.0,0.4767,0.6979,34.0,16000,0.0571,0,0.0,-0.0208,-1,0.379,0.0583,0.411,0.2757,nan,nan,0.2523,0.1149,78.04,78.74,88.24,86.41,0.3412,0.3333,79.81,88.47,85.24,70.0
77,1,RSC-SUB,88.0,0.5058,0.7147,39.0,14000,0.0418,0,0.0,-0.0242,1,0.3812,0.0807,0.3846,0.1516,nan,nan,0.2499,0.0791,77.37,55.17,62.54,46.18,0.3571,1.0,83.8,87.11,85.09,89.28
77,1,RSC-SUB,93.0,0.5349,0.7421,44.0,14000,0.0958,1,0.0046,-0.0411,0,0.4236,0.98,0.4406,0.9903,0.5554,0.997,0.3377,0.462,86.11,80.03,83.19,84.62,0.443,0.3333,84.12,78.4,67.68,0.19
77,1,RSC-SUB,98.0,0.564,0.7778,49.0,16000,0.042,0,0.0,-0.0285,0,0.3691,0.0295,0.3693,0.2724,nan,nan,0.2464,0.09,77.45,88.4,72.3,89.87,0.3571,0.0,89.5,85.67,72.04,63.84
77,1,RSC-SUB,103.0,0.593,0.8654,54.0,12000,0.1393,1,0.0098,0.0164,0,0.4211,0.9745,0.4965,0.9942,0.5685,0.9971,0.3419,0.5,82.44,85.2,88.49,89.78,0.3256,0.0,85.6,57.67,49.86,0.24
77,1,RSC-SUB,108.0,0.6221,0.7919,59.0,14000,0.0626,0,0.0,-0.0102,-2,0.3944,0.13,0.4143,0.3308,nan,nan,0.2387,0.0538,70.55,72.31,73.64,84.89,0.425,0.0,82.71,79.66,80.18,74.37
77,1,RSC-SUB,113.0,0.6512,0.706,64.0,14000,0.0533,0,0.0,0.0068,3,0.4153,0.0696,0.4156,0.2512,nan,nan,0.2463,0.0512,71.04,33.34,75.03,86.2,0.5616,0.3333,73.28,84.64,70.73,68.64
77,1,RSC-SUB,118.0,0.6802,0.5711,69.0,16000,0.1171,1,0.0069,-0.0325,0,0.4085,0.9825,0.4334,0.9918,0.5344,0.9955,0.424,0.598,84.12,79.32,72.49,86.26,0.3256,0.3333,86.52,45.12,79.89,1.33
77,1,RSC-SUB,123.0,0.7093,0.619,74.0,16000,0.0624,0,0.0,-0.0437,0,0.4004,0.1557,0.42,0.3185,nan,nan,0.2424,0.0722,82.08,76.17,55.04,89.07,0.3735,0.3333,86.8,89.36,88.35,84.13
77,1,RSC-SUB,128.0,0.7384,0.6043,79.0,16000,0.0532,0,0.0,-0.0567,-1,0.4017,0.1717,0.4209,0.2564,nan,nan,0.236,0.0971,81.91,75.94,47.81,32.35,0.425,1.0,80.41,52.23,71.79,67.64
77,1,RSC-SUB,133.0,0.7674,0.6724,84.0,14000,0.1344,1,0.0091,0.036,0,0.4019,0.9811,0.4598,0.9949,0.5256,0.996,0.3922,0.5862,80.75,79.52,61.59,86.62,0.3412,0.3333,88.87,79.96,84.99,0.93
77,1,RSC-SUB,138.0,0.7965,0.6747,89.0,14000,0.0284,0,0.0,-0.0245,3,0.3963,0.1381,0.409,0.2183,nan,nan,0.2073,0.0822,84.88,87.89,75.02,89.83,0.3256,0.3333,88.15,72.25,86.29,83.88
77,1,RSC-SUB,143.0,0.8256,0.5894,94.0,14000,0.0097,0,0.0,-0.0057,5,0.4278,0.1191,0.4536,0.2357,nan,nan,0.2523,0.0585,87.99,75.57,89.18,52.0,0.443,1.0,86.56,59.92,87.8,88.08
77,1,RSC-SUB,148.0,0.8547,0.5604,99.0,14000,0.042,0,0.0,0.0135,5,0.4264,0.1361,0.4476,0.296,nan,nan,0.2423,0.1153,87.41,75.53,88.08,87.59,0.3571,1.0,85.81,89.35,86.03,89.33
77,1,RSC-SUB,153.0,0.8837,0.6351,104.0,16000,0.2562,1,0.034,0.033,0,0.4807,0.9785,0.5136,0.9979,0.5364,0.999,0.2942,0.3129,86.5,87.14,88.21,89.91,0.2667,0.3333,84.65,51.47,49.4,0.04
77,1,RSC-SUB,158.0,0.9128,0.7699,109.0,14000,0.1717,1,0.015,-0.01,0,0.455,0.9798,0.5113,0.9953,0.5975,0.9988,0.3288,0.5212,71.35,32.32,58.21,0.05,0.3412,0.3333,78.89,62.91,64.33,0.12
77,1,RSC-SUB,163.0,0.9419,0.8881,114.0,14000,0.0717,0,0.0,0.0338,0,0.4509,0.2452,0.4727,0.2486,nan,nan,0.2401,0.1198,89.39,69.44,84.78,84.8,0.3902,0.3333,82.93,86.77,73.99,53.66
77,1,V1-RSC,8.0,0.0407,0.0973,-41.0,18000,0.2221,1,0.0253,0.0083,5,0.1417,0.5112,0.3506,0.4767,0.5438,0.5737,0.198,0.2505,nan,nan,nan,nan,,,59.68,53.87,39.51,51.5
77,1,V1-RSC,13.0,0.0698,0.1004,-36.0,20000,0.4434,4,0.258,0.009,1,0.1189,0.5175,0.1802,0.4973,0.2763,0.5121,0.2569,0.2833,27.71,50.04,46.83,56.02,1.0,0.4074,66.11,64.84,28.83,43.28
77,1,V1-RSC,18.0,0.0988,0.1395,-31.0,18000,0.4014,3,0.1796,-0.0029,0,0.0707,0.4754,0.2177,0.4841,0.4481,0.4962,0.2603,0.2979,18.09,49.15,46.3,44.23,0.5,0.4615,21.92,50.42,14.03,33.48
77,1,V1-RSC,23.0,0.1279,0.1748,-26.0,18000,0.443,2,0.1438,0.0028,0,0.094,0.4616,0.2599,0.4678,0.4242,0.4874,0.2563,0.2889,22.18,58.21,10.76,31.14,0.5,0.52,42.32,65.72,74.27,70.24
77,1,V1-RSC,28.0,0.157,0.2549,-21.0,18000,0.3234,2,0.0939,0.0053,0,0.0599,0.4469,0.3758,0.4379,0.4458,0.4562,0.2302,0.288,28.4,59.93,10.16,32.24,1.0,0.4615,44.81,61.71,15.98,35.53
77,1,V1-RSC,33.0,0.186,0.2799,-16.0,16000,0.2274,0,0.0,-0.0043,4,0.0602,0.428,0.3016,0.4357,nan,nan,0.2001,0.2761,38.03,65.69,18.62,36.51,0.5,0.5405,86.69,70.79,46.57,62.27
77,1,V1-RSC,38.0,0.2151,0.3503,-11.0,14000,0.3649,2,0.1033,0.007,0,0.0816,0.4024,0.1316,0.3926,0.2657,0.4465,0.193,0.2493,41.1,62.14,31.28,50.63,1.0,0.3902,84.34,83.31,22.98,49.44
77,1,V1-RSC,43.0,0.2442,0.4091,-6.0,14000,0.3396,1,0.0613,0.0039,0,0.0625,0.3862,0.3288,0.4045,0.5708,0.4993,0.203,0.2658,73.61,76.3,10.42,38.5,1.0,0.425,53.0,64.11,25.25,47.7
77,1,V1-RSC,48.0,0.2733,0.5284,-1.0,14000,0.3387,1,0.0609,-0.0068,0,0.0641,0.3934,0.3688,0.4006,0.6331,0.5213,0.2372,0.2665,60.79,67.76,12.61,34.63,1.0,0.3735,28.7,56.88,14.74,43.68
77,1,V1-RSC,53.0,0.3023,0.6026,4.0,14000,0.1203,0,0.0,0.0154,0,0.0797,0.4023,0.2586,0.4328,nan,nan,0.2,0.2509,60.75,76.11,32.08,43.34,0.5,0.3571,37.95,52.8,19.62,51.27
77,1,V1-RSC,58.0,0.3314,0.7004,9.0,14000,0.3407,2,0.0899,0.007,0,0.1067,0.3658,0.2011,0.3537,0.2764,0.4025,0.2006,0.2446,26.22,58.49,24.26,43.58,0.5,0.3256,37.56,74.47,21.74,45.01
77,1,V1-RSC,63.0,0.3605,0.6528,14.0,14000,0.41,2,0.1512,-0.001,0,0.0336,0.3568,0.2959,0.3867,0.4879,0.4387,0.1658,0.2543,46.41,51.92,14.64,33.05,0.5,0.4615,67.67,76.79,38.23,45.84
77,1,V1-RSC,68.0,0.3895,0.6444,19.0,14000,0.3477,3,0.137,0.0221,0,0.0415,0.3658,0.2033,0.3667,0.3096,0.3814,0.1611,0.2312,57.39,74.71,20.92,49.22,0.2,0.2258,65.7,81.54,35.64,53.22
77,1,V1-RSC,73.0,0.4186,0.5559,24.0,14000,0.267,1,0.037,0.0043,0,0.1034,0.3489,0.2978,0.3793,0.4905,0.5008,0.1683,0.2487,44.08,61.68,15.84,40.91,0.2,0.3571,46.94,65.22,41.98,53.11
77,1,V1-RSC,78.0,0.4477,0.6248,29.0,14000,0.2275,0,0.0,0.013,1,0.0777,0.3498,0.278,0.3598,nan,nan,0.1862,0.2376,19.02,60.75,30.18,50.56,0.5,0.3735,84.63,89.43,28.81,49.28
77,1,V1-RSC,83.0,0.4767,0.6979,34.0,16000,0.0065,4,0.1074,0.0111,4,0.0653,0.3778,0.1528,0.3916,0.1959,0.4129,0.1681,0.2442,37.19,53.22,47.17,58.1,0.5,0.3902,43.93,59.82,29.8,46.31
77,1,V1-RSC,88.0,0.5058,0.7147,39.0,14000,0.0246,3,0.117,0.0182,0,0.0554,0.3962,0.1999,0.4171,0.2957,0.4361,0.1742,0.258,33.83,51.91,28.63,45.72,0.5,0.3571,84.82,84.25,20.18,44.67
77,1,V1-RSC,93.0,0.5349,0.7421,44.0,14000,0.2604,1,0.0351,0.0122,5,0.027,0.4,0.2999,0.3867,0.5526,0.5026,0.1793,0.2456,72.08,71.97,12.38,31.24,0.5,0.5405,66.01,70.11,30.28,49.68
77,1,V1-RSC,98.0,0.564,0.7778,49.0,16000,-0.0008,2,0.1027,0.004,4,0.0402,0.354,0.1359,0.3634,0.3949,0.4014,0.1854,0.2444,37.23,55.97,10.76,45.88,0.2,0.2955,60.03,82.84,28.42,62.46
77,1,V1-RSC,103.0,0.593,0.8654,54.0,12000,0.2321,0,0.0,-0.0011,0,0.0554,0.3835,0.2697,0.3782,nan,nan,0.162,0.2585,21.14,58.26,20.01,49.29,0.2,0.3256,62.16,75.01,24.3,45.46
77,1,V1-RSC,108.0,0.6221,0.7919,59.0,14000,0.2168,0,0.0,0.0098,5,0.0581,0.3759,0.3153,0.3795,nan,nan,0.1687,0.2247,29.36,52.0,15.44,40.27,0.2,0.443,71.74,89.67,31.05,47.86
77,1,V1-RSC,113.0,0.6512,0.706,64.0,14000,0.395,3,0.1802,0.0023,-5,0.0614,0.3895,0.1844,0.3949,0.4154,0.414,0.1854,0.2377,36.82,49.92,21.72,40.19,0.2,0.4805,76.35,83.69,24.2,42.36
77,1,V1-RSC,118.0,0.6802,0.5711,69.0,16000,0.205,2,0.0399,0.0167,2,0.0458,0.3868,0.3683,0.3822,0.4844,0.4124,0.1947,0.2487,38.46,68.54,9.59,41.21,0.2,0.3256,61.56,73.86,34.48,55.16
77,1,V1-RSC,123.0,0.7093,0.619,74.0,16000,0.2158,1,0.0238,0.0234,2,0.0488,0.3733,0.3714,0.3744,0.6009,0.5213,0.1957,0.2504,30.91,60.32,28.57,49.31,0.2,0.425,30.13,69.04,29.31,54.0
77,1,V1-RSC,128.0,0.7384,0.6043,79.0,16000,0.2421,1,0.0302,-0.0015,0,0.041,0.3915,0.3711,0.3847,0.4833,0.5172,0.2165,0.2581,25.37,48.73,18.24,45.22,0.0,0.425,32.28,61.12,19.67,42.34
77,1,V1-RSC,133.0,0.7674,0.6724,84.0,14000,0.2776,1,0.0401,-0.0031,0,0.0864,0.3739,0.3486,0.4049,0.5166,0.5186,0.1847,0.2628,43.07,58.88,17.29,41.4,0.2,0.4074,59.62,87.4,15.62,47.79
77,1,V1-RSC,138.0,0.7965,0.6747,89.0,14000,0.2316,0,0.0,-0.0003,0,0.0558,0.3809,0.3897,0.371,nan,nan,0.2197,0.2472,35.19,63.97,11.18,42.74,0.2,0.425,21.35,57.16,20.36,53.16
77,1,V1-RSC,143.0,0.8256,0.5894,94.0,14000,0.3048,3,0.12,0.003,0,0.0619,0.3902,0.1616,0.3825,0.3698,0.3974,0.2102,0.2449,35.92,60.19,17.65,44.17,0.5,0.3902,44.11,65.95,15.46,46.74
77,1,V1-RSC,148.0,0.8547,0.5604,99.0,14000,0.3722,2,0.107,-0.0019,0,0.0814,0.4059,0.2731,0.3769,0.4391,0.427,0.182,0.2507,34.57,62.5,10.33,46.48,0.5,0.3412,43.11,68.16,19.73,59.43
77,1,V1-RSC,153.0,0.8837,0.6351,104.0,16000,0.1492,1,0.0113,0.0709,5,0.0818,0.5112,0.3164,0.4494,0.4031,0.5058,0.172,0.221,52.36,80.14,58.71,75.42,0.5,0.2809,87.14,87.65,65.76,86.29
77,1,V1-RSC,158.0,0.9128,0.7699,109.0,14000,0.1787,1,0.0162,0.0343,5,0.0837,0.4401,0.3468,0.421,0.477,0.5092,0.1625,0.232,39.65,68.92,42.47,61.73,0.5,0.3103,36.53,70.81,32.7,57.22
77,1,V1-RSC,163.0,0.9419,0.8881,114.0,14000,0.1888,0,0.0,-0.0042,0,0.1021,0.4485,0.2812,0.4243,nan,nan,0.1689,0.2265,40.73,69.03,17.78,52.19,0.5,0.3902,49.48,79.64,41.76,60.67
98,0,CA1-RSC,8.0,0.0722,0.1732,,24000,-0.1143,9,0.1939,0.2703,3,0.3391,0.235,0.2858,0.2718,0.2872,0.2746,0.1919,0.1993,nan,nan,nan,nan,,,82.52,78.22,55.76,52.86
98,0,CA1-RSC,13.0,0.1237,0.1927,,22000,0.0971,1,0.0047,0.2155,3,0.2981,0.1978,0.2787,0.375,0.3848,0.5372,0.1804,0.2037,88.47,55.2,46.53,32.89,0.7143,0.125,74.26,66.64,79.44,52.59
98,0,CA1-RSC,18.0,0.1753,0.1913,,20000,0.1835,1,0.0171,0.1855,3,0.4578,0.2119,0.3163,0.4094,0.478,0.5506,0.2471,0.2373,60.49,73.6,42.29,34.43,0.7143,0.2,80.54,60.64,89.43,33.09
98,0,CA1-RSC,23.0,0.2268,0.2079,,20000,0.3251,11,0.249,0.1471,4,0.2263,0.1962,0.2335,0.2298,0.2547,0.2271,0.2229,0.2055,68.27,54.04,34.18,28.13,1.0,0.0588,78.47,78.06,57.14,32.06
98,0,CA1-RSC,28.0,0.2784,0.2064,,18000,0.1071,0,0.0,0.1401,4,0.1514,0.1759,0.2642,0.3475,nan,nan,0.2065,0.2336,79.39,66.19,29.69,23.7,0.5,0.2,73.74,88.27,47.12,41.98
98,0,CA1-RSC,33.0,0.3299,0.1978,,20000,0.129,1,0.0084,0.1586,3,0.1684,0.1852,0.2377,0.3553,0.3732,0.5094,0.1969,0.2003,78.95,74.73,18.52,31.68,0.7143,0.3846,89.36,78.94,46.47,33.53
98,0,CA1-RSC,38.0,0.3814,0.1971,,20000,0.1563,1,0.0124,0.1566,4,0.2257,0.1641,0.3151,0.3429,0.498,0.534,0.1764,0.2052,80.84,74.74,26.33,31.82,0.7143,0.2,88.26,84.17,34.1,34.51
98,0,CA1-RSC,43.0,0.433,0.1825,,18000,0.0932,0,0.0,0.1415,4,0.1534,0.2003,0.2251,0.3506,nan,nan,0.1552,0.192,70.45,80.64,24.05,34.02,0.5,0.2,87.47,84.73,51.63,44.3
98,0,CA1-RSC,48.0,0.4845,0.1623,,16000,0.109,0,0.0,0.1185,4,0.1441,0.1601,0.2718,0.3526,nan,nan,0.1532,0.1719,66.62,62.56,34.84,37.84,0.2,0.2857,78.88,70.55,52.25,52.07
98,0,CA1-RSC,53.0,0.5361,0.174,,14000,0.1214,0,0.0,0.1015,4,0.1304,0.1778,0.2854,0.2876,nan,nan,0.1549,0.1783,67.92,71.6,39.35,32.21,0.2,0.3846,85.08,85.97,48.08,37.51
98,0,CA1-RSC,58.0,0.5876,0.1459,,14000,0.0899,0,0.0,0.0305,0,0.15,0.2281,0.3904,0.4242,nan,nan,0.1439,0.1809,85.31,88.12,35.58,48.38,0.2,0.125,89.96,87.7,38.49,54.63
98,0,CA1-RSC,63.0,0.6392,0.1683,,14000,0.2554,8,0.1464,0.0115,0,0.1444,0.2013,0.1993,0.2605,0.1881,0.238,0.1079,0.1665,82.29,84.48,38.64,35.73,0.7143,0.2,86.98,82.33,47.48,53.99
98,0,CA1-RSC,68.0,0.6907,0.1513,,14000,-0.1623,12,0.2347,0.0154,2,0.1287,0.1886,0.1196,0.2141,0.1247,0.2121,0.1204,0.1326,80.27,84.64,40.02,39.09,0.7143,0.2857,81.44,89.99,86.17,63.21
98,0,CA1-RSC,73.0,0.7423,0.1738,,12000,0.0373,0,0.0,-0.0424,-5,0.0761,0.2223,0.1625,0.266,nan,nan,0.1194,0.1493,88.15,83.64,42.03,40.58,0.7143,0.3846,89.55,89.92,64.96,78.74
98,0,CA1-RSC,78.0,0.7938,0.1596,,12000,0.0299,0,0.0,-0.0219,0,0.1645,0.2222,0.1879,0.3035,nan,nan,0.0804,0.1343,84.36,83.97,44.07,46.72,0.2,0.2857,84.53,86.53,70.33,61.13
98,0,CA1-RSC,83.0,0.8454,0.1867,,14000,0.0853,0,0.0,0.0335,5,0.106,0.231,0.2901,0.3766,nan,nan,0.1376,0.1434,83.94,84.05,49.55,52.24,0.3333,0.6364,76.51,85.91,47.5,46.45
98,0,CA1-RSC,88.0,0.8969,0.2005,,14000,0.0823,0,0.0,-0.0203,0,0.1326,0.225,0.2689,0.3606,nan,nan,0.1417,0.1556,63.35,75.59,25.12,30.31,0.7143,0.2857,66.86,83.08,40.38,54.15
98,0,CA1-CA3,8.0,0.0722,0.1732,,24000,0.3643,3,0.0982,-0.0325,0,0.3386,0.1488,0.4642,0.4101,0.4243,0.3031,0.55,0.4412,nan,nan,nan,nan,,,88.44,78.74,27.27,47.11
98,0,CA1-CA3,13.0,0.1237,0.1927,,22000,0.4556,3,0.156,-0.024,0,0.459,0.0785,0.4686,0.4187,0.4448,0.2992,0.5284,0.4354,37.32,11.09,13.49,5.74,0.5,1.0,79.43,38.33,58.29,30.9
98,0,CA1-CA3,18.0,0.1753,0.1913,,20000,0.4489,3,0.1501,-0.0441,0,0.4496,0.1663,0.5041,0.4867,0.5027,0.3755,0.5597,0.5121,66.93,16.95,15.69,5.39,0.3333,1.0,68.56,82.11,26.99,29.09
98,0,CA1-CA3,23.0,0.2268,0.2079,,20000,0.3723,3,0.0923,-0.03,0,0.3582,0.0241,0.5293,0.4983,0.4964,0.3859,0.5864,0.4783,54.98,7.25,7.44,4.12,0.3333,1.0,41.51,61.21,16.53,11.13
98,0,CA1-CA3,28.0,0.2784,0.2064,,18000,0.4495,3,0.1385,-0.0376,0,0.3303,0.0724,0.5059,0.4821,0.4425,0.4612,0.5467,0.5199,25.45,13.21,9.3,4.17,0.3333,1.0,53.06,17.59,22.07,8.92
98,0,CA1-CA3,33.0,0.3299,0.1978,,20000,0.4199,3,0.1216,-0.007,0,0.2966,0.0379,0.4774,0.5297,0.3824,0.4001,0.5566,0.5125,33.3,11.2,14.45,1.98,0.3333,0.3333,62.14,8.24,25.09,6.26
98,0,CA1-CA3,38.0,0.3814,0.1971,,20000,0.4242,3,0.1287,0.0028,0,0.324,0.241,0.4641,0.4458,0.4277,0.4145,0.5535,0.4794,40.07,9.83,9.79,10.75,0.3333,0.3333,53.83,11.06,18.34,9.3
98,0,CA1-CA3,43.0,0.433,0.1825,,18000,0.4368,2,0.1281,0.0047,0,0.283,0.0956,0.4833,0.4918,0.472,0.5147,0.544,0.4812,34.95,9.4,8.52,8.15,0.3333,0.3333,86.81,80.83,14.78,4.21
98,0,CA1-CA3,48.0,0.4845,0.1623,,16000,0.4658,3,0.1463,0.0134,0,0.3174,0.0509,0.4803,0.5015,0.4382,0.4022,0.5221,0.5129,42.43,3.66,15.27,8.23,0.5,1.0,38.04,14.91,12.82,3.21
98,0,CA1-CA3,53.0,0.5361,0.174,,14000,0.4635,3,0.1477,0.0023,0,0.3487,0.0351,0.4851,0.4501,0.4142,0.3185,0.524,0.4244,38.65,14.37,11.35,4.61,0.3333,0.0,40.27,64.02,18.34,36.24
98,0,CA1-CA3,58.0,0.5876,0.1459,,14000,0.4756,4,0.1643,0.0092,0,0.4218,0.9675,0.4393,0.9593,0.4083,0.9747,0.4942,0.3556,63.34,77.48,11.5,83.67,0.3333,0.3333,60.73,13.67,17.15,0.78
98,0,CA1-CA3,63.0,0.6392,0.1683,,14000,0.3908,2,0.0962,0.0308,0,0.3064,0.3008,0.5048,0.4909,0.5288,0.4958,0.519,0.4507,51.5,87.5,10.45,79.04,0.5,1.0,45.33,88.77,15.65,6.89
98,0,CA1-CA3,68.0,0.6907,0.1513,,14000,0.4084,2,0.1028,0.0159,0,0.3349,0.0581,0.4985,0.5265,0.489,0.5433,0.5267,0.4756,36.0,9.39,7.09,2.86,0.7143,0.3333,55.93,69.96,10.7,19.07
98,0,CA1-CA3,73.0,0.7423,0.1738,,12000,0.5057,3,0.2003,0.0303,0,0.3995,0.9633,0.4679,0.9683,0.4831,0.9797,0.4926,0.3529,59.66,89.48,10.66,75.06,0.7143,0.3333,29.3,8.67,16.82,68.99
98,0,CA1-CA3,78.0,0.7938,0.1596,,12000,0.4453,3,0.1718,0.0429,0,0.4149,0.9603,0.4985,0.9802,0.5033,0.9801,0.4596,0.3261,37.14,14.76,11.07,6.53,0.5,1.0,45.19,7.11,28.99,10.73
98,0,CA1-CA3,83.0,0.8454,0.1867,,14000,0.4608,3,0.1527,0.032,0,0.304,0.958,0.4521,0.9547,0.427,0.9753,0.4842,0.3597,37.41,3.5,9.83,6.74,0.5,1.0,30.91,14.66,13.47,31.21
98,0,CA1-CA3,88.0,0.8969,0.2005,,14000,0.4243,3,0.1671,0.0523,0,0.3283,0.963,0.4184,0.9717,0.4078,0.9782,0.475,0.3193,29.43,2.83,10.13,14.81,1.0,1.0,36.46,18.08,12.4,53.98
100,0,CA1-RSC,8.0,0.0412,0.0667,,16000,0.4429,10,0.4354,0.0199,0,0.3987,0.4586,0.4196,0.486,0.4293,0.4939,0.0811,0.0784,nan,nan,nan,nan,,,85.95,84.68,59.28,59.12
100,0,CA1-RSC,13.0,0.0706,0.0991,,14000,-0.0689,1,0.0094,0.0134,5,0.3911,0.4466,0.4312,0.4815,0.6075,0.5997,0.0553,0.059,89.5,82.99,88.2,78.4,0.3333,0.2903,83.24,86.64,72.52,73.3
100,0,CA1-RSC,18.0,0.1,0.1052,,16000,0.2099,9,0.1023,0.0326,0,0.3537,0.4141,0.3509,0.4029,0.3623,0.4177,0.1084,0.1246,79.11,85.08,65.59,83.21,0.44,0.4286,87.61,86.97,65.78,63.37
100,0,CA1-RSC,23.0,0.1294,0.1117,,14000,0.0465,4,0.0406,0.0343,5,0.3714,0.4165,0.4057,0.4372,0.4186,0.4489,0.0608,0.0557,75.76,84.76,75.85,79.14,0.44,0.4286,88.71,88.51,87.36,85.94
100,0,CA1-RSC,28.0,0.1588,0.0962,,12000,0.0886,8,0.0981,0.0175,0,0.3533,0.3494,0.3718,0.3536,0.377,0.3603,0.0707,0.0746,85.48,80.61,57.48,71.38,0.5,0.4286,84.24,81.69,82.17,76.41
100,0,CA1-RSC,33.0,0.1882,0.0899,,12000,0.0224,0,0.0,0.0093,-1,0.3753,0.3826,0.4015,0.4135,nan,nan,0.0631,0.0617,89.91,84.46,67.92,77.52,0.3846,0.3333,88.95,87.46,86.51,71.66
100,0,CA1-RSC,38.0,0.2176,0.1103,,12000,0.0198,0,0.0,0.004,0,0.3403,0.374,0.3558,0.3849,nan,nan,0.0576,0.073,80.18,81.6,56.86,69.46,0.3333,0.3333,89.72,84.29,89.16,86.88
100,0,CA1-RSC,43.0,0.2471,0.1145,,12000,-0.0259,12,0.1499,0.0241,1,0.3597,0.3442,0.3893,0.3795,0.3895,0.3793,0.0575,0.0612,84.34,85.05,77.45,85.58,0.5,0.2121,87.76,86.66,87.42,85.54
100,0,CA1-RSC,48.0,0.2765,0.1515,,12000,-0.1275,7,0.2082,0.0051,5,0.3422,0.3722,0.4068,0.3741,0.4088,0.3784,0.0591,0.0601,88.7,83.87,87.44,84.92,0.6364,0.4815,83.69,79.87,82.37,69.98
100,0,CA1-RSC,53.0,0.3059,0.1706,,12000,0.1877,10,0.19,0.0078,0,0.3191,0.3584,0.3309,0.3649,0.3337,0.3663,0.0678,0.0716,87.54,87.66,73.52,74.66,0.44,0.4815,88.93,85.13,80.27,88.92
100,0,CA1-RSC,58.0,0.3353,0.1662,,12000,0.0811,7,0.1007,0.0231,-2,0.3209,0.3335,0.342,0.3562,0.3487,0.3644,0.0589,0.061,88.52,75.69,64.22,73.66,0.5,0.3333,87.51,88.44,83.11,89.13
100,0,CA1-RSC,63.0,0.3647,0.1375,,12000,0.264,11,0.2499,0.0076,0,0.3217,0.3415,0.3249,0.3499,0.3304,0.3526,0.0771,0.0743,84.15,87.78,77.37,75.32,0.44,0.3793,87.07,86.64,81.89,85.4
100,0,CA1-RSC,68.0,0.3941,0.112,,14000,0.2289,11,0.1816,0.0201,0,0.3388,0.358,0.3756,0.3764,0.3787,0.3705,0.0572,0.0661,80.44,86.12,69.58,63.61,0.44,0.3333,81.61,85.29,85.15,80.89
100,0,CA1-RSC,73.0,0.4235,0.171,,14000,0.3307,8,0.2419,0.0224,0,0.3159,0.3504,0.3444,0.3765,0.3407,0.3645,0.0619,0.0605,81.57,82.74,46.92,52.74,0.3333,0.2903,83.42,84.66,84.81,84.0
100,0,CA1-RSC,78.0,0.4529,0.145,,14000,-0.0017,0,0.0,0.0202,4,0.3248,0.3311,0.3784,0.3809,nan,nan,0.0654,0.0637,87.15,80.62,79.74,72.56,0.3846,0.3793,88.69,84.84,80.0,83.92
100,0,CA1-RSC,83.0,0.4824,0.2107,,12000,-0.1436,7,0.1156,-0.0024,0,0.3193,0.3645,0.3443,0.4163,0.3492,0.4151,0.093,0.0856,89.9,84.44,83.58,84.13,0.3846,0.5385,85.39,85.34,71.75,89.4
100,0,CA1-RSC,88.0,0.5118,0.1446,,12000,0.122,5,0.0619,0.0034,0,0.3666,0.3374,0.3846,0.3592,0.3838,0.3762,0.0628,0.0592,81.59,89.83,57.99,71.26,0.2,0.2903,82.14,85.46,85.93,79.91
100,0,CA1-RSC,93.0,0.5412,0.1787,,12000,0.0054,0,0.0,-0.0278,-1,0.3036,0.3393,0.3325,0.3718,nan,nan,0.0557,0.0737,87.19,89.13,86.81,87.45,0.44,0.3793,87.72,88.18,89.94,80.8
100,0,CA1-RSC,98.0,0.5706,0.1419,,12000,0.1009,3,0.0616,-0.0241,0,0.3324,0.3678,0.3857,0.4077,0.4332,0.4336,0.0597,0.0714,87.22,88.57,77.34,89.46,0.3846,0.2121,89.49,87.7,78.51,86.27
100,0,CA1-RSC,103.0,0.6,0.1262,,12000,-0.0997,11,0.2389,-0.0069,-1,0.3393,0.3471,0.3563,0.3629,0.3448,0.3709,0.0598,0.0586,89.42,89.73,76.38,75.9,0.5,0.6,85.63,88.27,89.57,82.85
100,0,CA1-RSC,108.0,0.6294,0.1841,,12000,0.0077,0,0.0,0.0356,1,0.3317,0.329,0.3842,0.3877,nan,nan,0.071,0.0671,79.27,88.19,84.9,73.72,0.3846,0.1765,82.57,80.64,82.29,68.3
100,0,CA1-RSC,113.0,0.6588,0.209,,10000,-0.1793,12,0.2286,0.0178,0,0.301,0.3373,0.3258,0.3554,0.3198,0.356,0.0673,0.0735,84.38,83.93,75.51,78.23,0.2857,0.3333,87.89,78.21,88.93,78.37
100,0,CA1-RSC,118.0,0.6882,0.1979,,10000,0.0056,8,0.1603,0.0006,5,0.3133,0.3583,0.3485,0.3767,0.3436,0.3809,0.0661,0.0743,89.33,89.05,64.85,77.22,0.5652,0.2903,85.53,86.31,79.48,88.46
100,0,CA1-RSC,123.0,0.7176,0.1243,,12000,0.0408,0,0.0,0.0045,0,0.334,0.3562,0.3665,0.3376,nan,nan,0.0736,0.0671,83.09,83.4,73.47,78.48,0.2857,0.25,88.24,89.66,81.01,85.31
100,0,CA1-RSC,128.0,0.7471,0.0813,,12000,0.2755,8,0.2412,0.0181,0,0.3567,0.3741,0.3848,0.3969,0.3923,0.3963,0.0666,0.0673,85.47,86.09,64.79,65.82,0.44,0.3333,84.5,85.41,81.78,88.73
100,0,CA1-RSC,133.0,0.7765,0.0813,,12000,0.0528,0,0.0,-0.0017,0,0.342,0.3712,0.3655,0.3847,nan,nan,0.0768,0.0693,89.71,85.16,70.79,67.95,0.5652,0.3333,88.37,87.71,83.08,65.63
100,0,CA1-RSC,138.0,0.8059,0.1324,,18000,0.2647,17,0.3706,0.01,0,0.3742,0.4058,0.3937,0.4225,0.3907,0.4212,0.1173,0.1225,84.17,82.49,67.72,57.62,0.125,0.1765,84.87,87.03,55.87,57.53
100,0,CA1-RSC,143.0,0.8353,0.1061,,14000,0.0333,2,0.0219,-0.0143,0,0.3466,0.3846,0.3758,0.417,0.4548,0.4664,0.0593,0.0649,86.45,72.16,79.27,73.39,0.3846,0.2121,86.79,79.21,82.18,87.62
100,0,CA1-RSC,148.0,0.8647,0.1211,,16000,0.2443,14,0.3437,-0.0163,0,0.3743,0.3848,0.3845,0.3818,0.381,0.3923,0.0729,0.0746,70.14,74.88,67.29,66.76,0.3846,0.3333,78.71,82.75,59.95,61.08
100,0,CA1-RSC,153.0,0.8941,0.0433,,16000,0.0941,3,0.0396,-0.0051,0,0.344,0.3779,0.3964,0.4257,0.4559,0.4772,0.0593,0.0658,81.51,84.6,89.23,75.55,0.3333,0.2903,87.22,83.62,87.25,87.63
100,0,CA1-RSC,158.0,0.9235,0.015,,14000,0.0639,0,0.0,0.0198,0,0.3555,0.4179,0.4164,0.4394,nan,nan,0.0847,0.0764,85.5,86.65,77.61,84.81,0.5,0.4815,88.33,86.83,75.6,89.37
100,0,CA1-RSC,163.0,0.9529,0.0333,,12000,-0.208,1,0.0081,-0.0045,0,0.3572,0.4045,0.4223,0.4633,0.5756,0.5797,0.0633,0.0696,89.27,77.34,87.44,79.71,0.3846,0.4286,85.53,89.56,75.09,76.27
100,0,CA1-DG,8.0,0.0412,0.0667,,16000,0.4442,2,0.1362,-0.0661,0,0.3954,0.4473,0.4965,0.4776,0.5053,0.538,0.3372,0.3682,nan,nan,nan,nan,,,75.03,71.43,31.31,21.46
100,0,CA1-DG,13.0,0.0706,0.0991,,14000,0.4418,2,0.1382,-0.0401,0,0.3879,0.4241,0.5012,0.5178,0.5154,0.5595,0.3202,0.3614,81.12,73.32,25.8,20.38,0.3846,0.4286,73.39,88.95,24.39,20.62
100,0,CA1-DG,18.0,0.1,0.1052,,16000,0.4226,2,0.1245,-0.0168,0,0.3536,0.4262,0.4745,0.4316,0.5117,0.4912,0.3451,0.3471,85.03,81.71,21.12,28.99,0.5,0.3158,63.06,77.41,27.62,29.3
100,0,CA1-DG,23.0,0.1294,0.1117,,14000,0.236,6,0.0875,-0.0128,0,0.3633,0.437,0.3801,0.4246,0.4062,0.4567,0.2913,0.3199,48.63,57.19,24.99,22.1,0.44,0.4706,72.06,68.82,23.78,37.22
100,0,CA1-DG,28.0,0.1588,0.0962,,12000,0.5586,9,0.3448,-0.0337,0,0.3515,0.4153,0.389,0.3712,0.3759,0.411,0.3017,0.3007,55.73,66.28,23.96,30.97,0.5,0.3889,75.3,69.09,30.99,31.38
100,0,CA1-DG,33.0,0.1882,0.0899,,12000,0.4293,2,0.1233,0.065,5,0.3754,0.4078,0.5005,0.3903,0.5231,0.4298,0.3223,0.3232,85.86,83.92,23.63,27.29,0.3846,0.4706,84.43,86.69,28.05,25.37
100,0,CA1-DG,38.0,0.2176,0.1103,,12000,0.4055,2,0.1205,-0.035,0,0.3371,0.3878,0.4704,0.3859,0.4941,0.4687,0.3132,0.3065,55.21,55.79,21.82,21.76,0.3333,0.4706,73.83,84.08,26.84,31.92
100,0,CA1-DG,43.0,0.2471,0.1145,,12000,0.3763,2,0.1097,-0.0111,0,0.3583,0.406,0.4569,0.4093,0.4653,0.4752,0.302,0.3081,63.49,57.94,31.04,21.94,0.5,0.3889,83.57,78.23,40.23,36.33
100,0,CA1-DG,48.0,0.2765,0.1515,,12000,0.4028,2,0.1092,-0.0151,0,0.3385,0.37,0.4168,0.3674,0.42,0.4325,0.3108,0.3181,80.07,63.15,27.45,24.72,0.6364,0.3514,75.36,87.1,25.79,30.95
100,0,CA1-DG,53.0,0.3059,0.1706,,12000,0.5011,3,0.1801,-0.0241,0,0.3112,0.3851,0.3687,0.3623,0.3837,0.4276,0.3088,0.3139,67.3,59.35,27.36,27.29,0.44,0.3514,87.58,86.7,29.34,29.47
100,0,CA1-DG,58.0,0.3353,0.1662,,12000,0.4098,2,0.1214,-0.0542,0,0.3172,0.3973,0.4515,0.39,0.4671,0.4457,0.3293,0.3192,79.88,71.82,23.42,28.11,0.5,0.25,83.78,89.68,31.88,28.73
100,0,CA1-DG,63.0,0.3647,0.1375,,12000,0.4238,2,0.1298,-0.0561,0,0.3137,0.4146,0.4471,0.4337,0.4656,0.5006,0.3162,0.3145,80.04,81.32,24.63,24.17,0.44,0.4286,61.87,85.25,29.06,31.71
100,0,CA1-DG,68.0,0.3941,0.112,,14000,0.3965,2,0.1174,-0.0488,0,0.3342,0.404,0.4542,0.4171,0.4686,0.4691,0.3226,0.3335,51.96,72.79,28.28,20.65,0.44,0.3514,82.4,69.56,33.02,27.22
100,0,CA1-DG,73.0,0.4235,0.171,,14000,0.4036,2,0.1149,-0.0473,0,0.313,0.4056,0.4375,0.4048,0.4454,0.4579,0.3198,0.3288,63.25,72.15,30.75,22.89,0.2857,0.4706,79.88,81.43,29.47,33.14
100,0,CA1-DG,78.0,0.4529,0.145,,14000,0.4098,2,0.1118,-0.0321,0,0.321,0.3958,0.4443,0.4335,0.4549,0.4893,0.3175,0.3285,58.1,65.56,25.81,21.92,0.3333,0.3514,78.58,66.17,30.14,28.75
100,0,CA1-DG,83.0,0.4824,0.2107,,12000,0.3966,7,0.2183,-0.0418,0,0.316,0.4095,0.3333,0.337,0.31,0.3885,0.3051,0.307,78.37,76.07,26.29,17.84,0.3846,0.4286,87.72,89.94,30.1,27.12
100,0,CA1-DG,88.0,0.5118,0.1446,,12000,0.4049,2,0.1151,-0.0465,0,0.3639,0.4232,0.4722,0.4152,0.4929,0.4613,0.2876,0.3071,68.32,71.31,25.18,22.69,0.2,0.4706,82.47,84.07,29.88,31.12
100,0,CA1-DG,93.0,0.5412,0.1787,,12000,0.3926,2,0.1034,-0.0445,0,0.3053,0.4179,0.4497,0.3968,0.4639,0.4145,0.2894,0.3139,82.75,87.12,20.34,23.02,0.44,0.3514,77.3,80.0,30.64,34.15
100,0,CA1-DG,98.0,0.5706,0.1419,,12000,0.402,2,0.1088,-0.0442,0,0.3268,0.3739,0.4503,0.3699,0.4714,0.4356,0.2898,0.3093,64.81,77.96,24.4,19.84,0.3846,0.2821,79.78,78.27,26.45,30.24
100,0,CA1-DG,103.0,0.6,0.1262,,12000,0.4237,2,0.1274,-0.0233,0,0.3421,0.4026,0.4629,0.403,0.4961,0.4494,0.3049,0.3131,66.74,74.58,25.08,26.94,0.5,0.3158,66.33,62.6,30.97,28.38
100,0,CA1-DG,108.0,0.6294,0.1841,,12000,0.3955,2,0.1075,-0.0588,0,0.331,0.4037,0.4549,0.3936,0.5188,0.4722,0.2738,0.3131,66.88,65.89,21.43,29.64,0.3846,0.2821,86.41,66.12,25.61,27.4
100,0,CA1-DG,113.0,0.6588,0.209,,10000,0.343,2,0.0801,-0.089,0,0.3004,0.4252,0.4387,0.3714,0.4983,0.4354,0.2718,0.2784,89.66,79.38,24.07,29.61,0.2857,0.2821,79.98,83.34,37.42,39.45
100,0,CA1-DG,118.0,0.6882,0.1979,,10000,0.4099,2,0.1194,-0.0578,0,0.3072,0.4068,0.4659,0.4232,0.4853,0.4788,0.2905,0.3114,87.98,83.73,26.58,23.67,0.5652,0.3889,89.77,86.41,29.61,33.65
100,0,CA1-DG,123.0,0.7176,0.1243,,12000,0.4034,2,0.1149,-0.0558,0,0.3328,0.3691,0.4584,0.3678,0.4922,0.4329,0.3017,0.3046,89.01,82.49,31.41,25.25,0.2414,0.4286,86.7,76.93,29.78,38.01
100,0,CA1-DG,128.0,0.7471,0.0813,,12000,0.3054,1,0.0489,-0.0535,0,0.3512,0.3799,0.4087,0.3065,0.6118,0.5467,0.2915,0.3051,87.7,86.92,19.8,28.61,0.5,0.2821,83.12,85.85,30.74,29.3
100,0,CA1-DG,133.0,0.7765,0.0813,,12000,0.4001,2,0.1087,-0.0501,0,0.3411,0.4193,0.4621,0.3961,0.4875,0.4306,0.284,0.3155,83.31,75.87,26.34,28.51,0.5,0.3514,78.83,84.9,36.85,29.14
100,0,CA1-DG,138.0,0.8059,0.1324,,18000,0.3935,2,0.1052,-0.0003,0,0.3742,0.4434,0.473,0.4263,0.5047,0.4789,0.3219,0.3284,78.07,68.31,29.46,26.22,0.125,0.3514,68.69,64.37,29.84,33.83
100,0,CA1-DG,143.0,0.8353,0.1061,,14000,0.41,2,0.1171,-0.0203,0,0.3423,0.4448,0.4668,0.4232,0.494,0.4801,0.3041,0.3399,78.47,73.69,21.88,25.98,0.3333,0.3514,88.29,85.54,22.72,32.09
100,0,CA1-DG,148.0,0.8647,0.1211,,16000,0.4143,2,0.1121,-0.0041,0,0.3741,0.43,0.4648,0.4251,0.4893,0.4787,0.3133,0.3261,83.12,88.1,19.47,22.17,0.3846,0.3158,59.26,76.65,24.73,23.39
100,0,CA1-DG,153.0,0.8941,0.0433,,16000,0.3981,4,0.1285,-0.0064,0,0.3423,0.4389,0.4105,0.3933,0.4118,0.4251,0.3006,0.324,52.67,52.13,21.82,23.05,0.3333,0.4706,73.45,76.79,32.97,19.38
100,0,CA1-DG,158.0,0.9235,0.015,,14000,0.4042,5,0.1376,-0.0522,0,0.3483,0.4211,0.3543,0.38,0.347,0.4116,0.3076,0.334,63.25,60.5,28.76,22.28,0.5652,0.3889,74.92,87.77,32.97,26.8
100,0,CA1-DG,163.0,0.9529,0.0333,,12000,0.3718,3,0.1252,-0.018,0,0.3498,0.4263,0.418,0.4037,0.4587,0.4687,0.2813,0.3235,79.46,81.3,31.97,27.37,0.3333,0.3158,68.89,76.63,37.69,26.48
100,0,CA1-V1,8.0,0.0412,0.0667,,16000,0.2418,11,0.2666,-0.011,0,0.396,0.3866,0.437,0.384,0.4176,0.377,0.12,0.1174,nan,nan,nan,nan,,,84.78,87.87,36.8,43.41
100,0,CA1-V1,13.0,0.0706,0.0991,,14000,0.1043,1,0.0109,-0.0215,0,0.3806,0.3681,0.3943,0.3707,0.5813,0.5295,0.1119,0.1323,86.34,88.29,58.93,42.01,0.3333,0.4386,89.13,85.37,50.33,54.77
100,0,CA1-V1,18.0,0.1,0.1052,,16000,0.2327,2,0.0416,-0.0394,0,0.3565,0.3223,0.3948,0.3151,0.4784,0.3834,0.1231,0.1279,65.04,74.97,46.27,40.51,0.5,0.5472,65.89,72.72,45.91,40.68
100,0,CA1-V1,23.0,0.1294,0.1117,,14000,0.1388,5,0.0879,-0.0185,0,0.372,0.3329,0.3864,0.3382,0.4129,0.3591,0.1257,0.1183,62.27,64.55,31.62,39.48,0.5,0.3443,73.33,77.62,52.31,42.21
100,0,CA1-V1,28.0,0.1588,0.0962,,12000,0.4484,9,0.4621,0.0009,0,0.3535,0.3251,0.3678,0.3186,0.371,0.3265,0.1102,0.1202,58.18,63.32,36.35,41.76,0.5652,0.5185,79.81,78.98,52.07,50.67
100,0,CA1-V1,33.0,0.1882,0.0899,,12000,0.3589,7,0.1964,-0.0036,0,0.3691,0.3324,0.3736,0.3191,0.3793,0.3431,0.1291,0.1208,62.08,57.58,42.55,39.42,0.3846,0.5472,75.39,81.58,60.98,62.53
100,0,CA1-V1,38.0,0.2176,0.1103,,12000,0.1474,0,0.0,-0.0177,0,0.3383,0.3113,0.3776,0.3302,nan,nan,0.1018,0.1074,77.74,88.61,45.91,37.1,0.3333,0.5472,88.08,81.82,57.02,53.77
100,0,CA1-V1,43.0,0.2471,0.1145,,12000,0.2879,4,0.109,-0.0045,0,0.3586,0.3063,0.3833,0.3174,0.4241,0.3478,0.0998,0.1065,79.23,80.01,35.0,44.52,0.5,0.3667,78.82,80.52,48.53,44.56
100,0,CA1-V1,48.0,0.2765,0.1515,,12000,0.1761,7,0.2921,0.0018,0,0.3387,0.3544,0.3485,0.3519,0.3637,0.3626,0.1076,0.1179,63.95,74.64,45.3,38.64,0.5652,0.4138,77.8,79.04,49.13,41.98
100,0,CA1-V1,53.0,0.3059,0.1706,,12000,-0.1596,8,0.3437,-0.0346,0,0.3161,0.3332,0.3435,0.3517,0.3427,0.3517,0.1016,0.0942,79.07,79.58,51.27,40.39,0.5,0.5185,78.43,78.87,71.78,63.6
100,0,CA1-V1,58.0,0.3353,0.1662,,12000,-0.0272,4,0.0717,-0.0287,0,0.3176,0.3194,0.3668,0.3433,0.4313,0.3838,0.1027,0.1085,59.47,72.49,43.14,39.89,0.3846,0.4909,80.62,67.11,61.37,63.38
100,0,CA1-V1,63.0,0.3647,0.1375,,12000,0.3537,9,0.27,-0.022,0,0.3214,0.3198,0.3171,0.321,0.339,0.3346,0.1311,0.116,72.67,73.62,45.04,45.65,0.5,0.3443,88.34,80.42,50.32,52.16
100,0,CA1-V1,68.0,0.3941,0.112,,14000,-0.0362,5,0.0873,-0.0361,0,0.336,0.3126,0.3815,0.3461,0.4014,0.3599,0.1009,0.1081,78.49,84.37,55.87,47.0,0.5,0.3667,82.61,88.78,84.71,84.62
100,0,CA1-V1,73.0,0.4235,0.171,,14000,-0.0161,9,0.2526,0.0045,0,0.3136,0.291,0.3462,0.3131,0.3535,0.327,0.1024,0.1085,47.66,45.16,42.43,48.98,0.3846,0.4909,89.96,86.39,77.18,67.84
100,0,CA1-V1,78.0,0.4529,0.145,,14000,0.1703,2,0.0278,-0.0103,0,0.3247,0.2644,0.4335,0.3295,0.4687,0.3865,0.1094,0.11,82.82,89.06,52.98,52.59,0.3333,0.3443,87.92,88.46,65.81,56.39
100,0,CA1-V1,83.0,0.4824,0.2107,,12000,0.1839,14,0.4767,0.0174,0,0.3191,0.2827,0.3453,0.3037,0.3374,0.2995,0.1182,0.1217,86.38,81.7,39.05,35.88,0.3846,0.3898,72.24,79.1,64.56,62.07
100,0,CA1-V1,88.0,0.5118,0.1446,,12000,0.3542,4,0.1643,-0.022,0,0.3651,0.2691,0.3901,0.2691,0.4138,0.3038,0.1161,0.1132,62.62,63.97,35.77,42.77,0.2,0.2615,81.65,88.9,50.78,51.06
100,0,CA1-V1,93.0,0.5412,0.1787,,12000,0.2835,1,0.0419,-0.0116,0,0.3015,0.2839,0.3563,0.3001,0.5065,0.4449,0.1067,0.1079,68.36,68.54,35.21,44.95,0.44,0.4386,86.45,87.4,57.32,53.23
100,0,CA1-V1,98.0,0.5706,0.1419,,12000,0.4745,4,0.2114,-0.0402,0,0.3325,0.2643,0.3786,0.2737,0.3909,0.3057,0.128,0.1195,83.83,85.64,38.81,34.39,0.3846,0.3443,77.79,78.23,46.47,58.59
100,0,CA1-V1,103.0,0.6,0.1262,,12000,0.1884,8,0.2092,0.001,0,0.3395,0.2834,0.355,0.2916,0.3568,0.2932,0.118,0.1151,67.98,72.9,48.71,43.0,0.5,0.4138,77.53,76.83,44.96,54.92
100,0,CA1-V1,108.0,0.6294,0.1841,,12000,0.1503,1,0.0148,-0.0108,0,0.327,0.3079,0.3493,0.338,0.5335,0.5026,0.0904,0.1018,62.4,68.23,39.18,45.56,0.3846,0.3226,84.42,87.61,60.48,52.18
100,0,CA1-V1,113.0,0.6588,0.209,,10000,0.3351,7,0.2377,-0.0173,0,0.297,0.2751,0.313,0.2783,0.3339,0.2846,0.0824,0.0935,88.69,81.66,46.33,46.51,0.2857,0.2615,82.47,86.35,55.56,48.74
100,0,CA1-V1,118.0,0.6882,0.1979,,10000,0.059,1,0.0191,-0.0031,0,0.3126,0.3114,0.3139,0.3004,0.4425,0.5085,0.0867,0.0909,76.78,84.84,42.43,52.95,0.5,0.3016,77.57,79.8,41.34,54.21
100,0,CA1-V1,123.0,0.7176,0.1243,,12000,0.1891,1,0.0182,-0.0162,0,0.3325,0.2832,0.4067,0.358,0.5284,0.5246,0.109,0.1152,65.9,81.04,39.39,41.51,0.2857,0.3226,84.19,82.19,48.89,53.59
100,0,CA1-V1,128.0,0.7471,0.0813,,12000,-0.0081,4,0.1293,0.0068,0,0.3587,0.292,0.3926,0.3025,0.436,0.3237,0.1224,0.1234,72.48,78.34,38.3,39.94,0.5,0.3443,89.69,85.66,44.85,52.09
100,0,CA1-V1,133.0,0.7765,0.0813,,12000,0.2475,1,0.0316,-0.0159,0,0.3404,0.3342,0.3888,0.3304,0.521,0.4653,0.0996,0.1099,66.56,71.68,35.45,43.77,0.5,0.4386,84.3,78.51,47.23,63.48
100,0,CA1-V1,138.0,0.8059,0.1324,,18000,-0.0885,17,0.3656,-0.0016,0,0.3747,0.349,0.3878,0.3539,0.3815,0.3598,0.1128,0.1171,73.83,83.74,49.38,48.41,0.125,0.3667,85.4,83.12,65.92,63.79
100,0,CA1-V1,143.0,0.8353,0.1061,,14000,-0.0663,5,0.1428,-0.0203,0,0.3405,0.3316,0.3806,0.3692,0.4006,0.3782,0.1063,0.1164,87.26,89.93,48.02,54.84,0.3333,0.4138,77.9,89.75,42.5,46.07
100,0,CA1-V1,148.0,0.8647,0.1211,,16000,-0.1082,9,0.2058,0.0171,0,0.3765,0.3372,0.4047,0.364,0.4115,0.3657,0.1068,0.1156,81.23,80.07,35.05,39.71,0.3846,0.3667,83.04,67.92,47.58,54.52
100,0,CA1-V1,153.0,0.8941,0.0433,,16000,-0.1497,4,0.0494,-0.0283,-3,0.3415,0.3154,0.3741,0.3348,0.4143,0.3799,0.1012,0.1016,78.88,82.66,54.85,49.39,0.3333,0.3443,75.99,74.8,85.11,76.64
100,0,CA1-V1,158.0,0.9235,0.015,,14000,0.0313,1,0.0334,-0.0155,0,0.3546,0.3276,0.3635,0.3569,0.5296,0.4849,0.1047,0.0999,65.14,58.24,46.95,46.01,0.5,0.3667,79.82,72.35,44.36,55.24
100,0,CA1-V1,163.0,0.9529,0.0333,,12000,0.3554,3,0.1649,-0.0148,0,0.3553,0.3556,0.3837,0.3243,0.4263,0.3408,0.1253,0.1135,73.74,69.52,63.05,61.55,0.3333,0.3443,72.55,84.18,77.65,81.29
100,0,CA1-SUB,8.0,0.0412,0.0667,,16000,0.0802,11,0.3085,-0.0361,0,0.4013,0.3871,0.4249,0.4115,0.4268,0.4099,0.0917,0.0956,nan,nan,nan,nan,,,86.13,87.22,56.31,50.05
100,0,CA1-SUB,13.0,0.0706,0.0991,,14000,0.4589,6,0.1589,-0.0506,0,0.3915,0.3779,0.4499,0.4694,0.4477,0.429,0.0831,0.0911,76.08,77.2,46.92,40.18,0.2857,0.4737,87.37,81.69,63.1,47.76
100,0,CA1-SUB,18.0,0.1,0.1052,,16000,0.0732,2,0.0152,-0.0456,-2,0.3555,0.3762,0.3792,0.4044,0.4654,0.467,0.0762,0.0823,86.5,89.35,53.5,31.37,0.44,0.4,81.85,87.66,67.12,64.0
100,0,CA1-SUB,23.0,0.1294,0.1117,,14000,0.2879,6,0.1235,-0.0273,0,0.3722,0.3465,0.3941,0.3931,0.4077,0.4012,0.0748,0.0723,84.07,82.85,45.76,41.59,0.44,0.3333,89.43,88.17,79.58,77.08
100,0,CA1-SUB,28.0,0.1588,0.0962,,12000,-0.1022,9,0.2474,-0.0179,-1,0.355,0.3416,0.3858,0.3844,0.3845,0.3766,0.0589,0.0573,88.41,83.66,50.43,52.12,0.5,0.2727,89.29,79.36,84.14,88.83
100,0,CA1-SUB,33.0,0.1882,0.0899,,12000,0.015,0,0.0,-0.0396,-1,0.3748,0.3505,0.3973,0.37,nan,nan,0.0775,0.0839,84.81,69.9,52.61,52.69,0.3846,0.3333,85.6,85.07,70.92,67.89
100,0,CA1-SUB,38.0,0.2176,0.1103,,12000,0.0219,0,0.0,0.0093,1,0.3396,0.3373,0.3412,0.3962,nan,nan,0.061,0.067,74.78,80.72,76.93,73.79,0.3333,0.3333,82.05,84.55,80.21,76.08
100,0,CA1-SUB,43.0,0.2471,0.1145,,12000,-0.1303,7,0.0906,0.0009,0,0.3603,0.332,0.3894,0.3668,0.3935,0.3652,0.0623,0.0785,82.17,83.77,75.87,89.29,0.5,0.4,82.47,83.91,73.76,58.3
100,0,CA1-SUB,48.0,0.2765,0.1515,,12000,-0.0115,11,0.2,-0.0216,0,0.3426,0.3572,0.38,0.4149,0.3753,0.4031,0.0825,0.0662,84.65,85.66,46.4,63.34,0.6364,0.4,86.63,84.79,65.85,70.53
100,0,CA1-SUB,53.0,0.3059,0.1706,,12000,0.1832,4,0.0839,-0.0225,0,0.3188,0.3488,0.3409,0.4245,0.3414,0.4313,0.0799,0.0739,87.6,71.34,60.98,47.97,0.44,0.5556,88.88,87.01,61.57,56.89
100,0,CA1-SUB,58.0,0.3353,0.1662,,12000,0.2096,14,0.1725,-0.0015,0,0.3227,0.3438,0.3261,0.3787,0.3366,0.3764,0.0748,0.0774,69.18,71.7,57.42,47.47,0.5,0.3333,87.75,89.84,88.2,68.97
100,0,CA1-SUB,63.0,0.3647,0.1375,,12000,-0.0247,12,0.3048,-0.0019,0,0.3225,0.3451,0.3401,0.3887,0.3363,0.389,0.1269,0.1383,89.88,86.61,60.22,45.59,0.44,0.5556,81.94,79.08,66.99,67.26
100,0,CA1-SUB,68.0,0.3941,0.112,,14000,-0.1035,13,0.2009,-0.044,0,0.3393,0.3277,0.3638,0.346,0.3627,0.341,0.0824,0.0879,85.91,76.9,46.35,49.12,0.5,0.4,86.1,82.35,55.82,49.05
100,0,CA1-SUB,73.0,0.4235,0.171,,14000,-0.1287,10,0.22,-0.0151,0,0.316,0.3252,0.3389,0.3636,0.3249,0.3553,0.0728,0.0758,89.17,80.82,49.29,35.19,0.3846,0.3333,87.23,77.32,69.22,60.92
100,0,CA1-SUB,78.0,0.4529,0.145,,14000,0.0984,1,0.0049,-0.0144,0,0.3248,0.3488,0.4199,0.5076,0.5173,0.6602,0.0735,0.0858,89.8,82.19,43.78,32.53,0.3333,0.4,86.05,79.66,64.09,47.57
100,0,CA1-SUB,83.0,0.4824,0.2107,,12000,0.3072,4,0.209,-0.0458,0,0.3189,0.3042,0.3899,0.3787,0.3948,0.3902,0.118,0.1321,89.59,80.2,44.47,37.53,0.3846,0.2727,89.13,84.24,54.12,66.36
100,0,CA1-SUB,88.0,0.5118,0.1446,,12000,0.1488,9,0.1345,0.0352,0,0.3663,0.2878,0.384,0.3165,0.3779,0.3011,0.0906,0.0915,89.1,81.56,65.72,62.34,0.2,0.3333,82.99,89.09,86.24,68.36
100,0,CA1-SUB,93.0,0.5412,0.1787,,12000,0.1656,2,0.0214,-0.0104,0,0.3043,0.2838,0.3315,0.3621,0.3792,0.4135,0.0713,0.0838,85.81,83.02,62.27,63.5,0.3846,0.2727,76.77,81.23,83.15,76.3
100,0,CA1-SUB,98.0,0.5706,0.1419,,12000,0.2944,4,0.0857,0.0121,0,0.3333,0.263,0.3778,0.3267,0.3944,0.3446,0.0743,0.0812,63.8,80.97,42.23,40.27,0.3846,0.2174,89.38,76.94,52.89,63.1
100,0,CA1-SUB,103.0,0.6,0.1262,,12000,-0.204,8,0.1788,0.0276,0,0.3406,0.2645,0.3781,0.3296,0.3636,0.324,0.073,0.0618,87.38,86.61,49.45,34.15,0.5,0.2727,80.45,86.79,66.44,67.41
100,0,CA1-SUB,108.0,0.6294,0.1841,,12000,0.1197,4,0.0442,-0.0021,0,0.3321,0.2844,0.3624,0.3241,0.4086,0.3453,0.0806,0.0868,89.13,84.19,38.12,35.7,0.3846,0.2727,89.03,83.75,62.92,62.71
100,0,CA1-SUB,113.0,0.6588,0.209,,10000,0.271,13,0.3327,-0.0136,0,0.3032,0.2757,0.3101,0.2839,0.3071,0.2776,0.0697,0.0662,89.06,88.38,44.54,42.68,0.2857,0.2727,86.84,82.46,73.87,74.25
100,0,CA1-SUB,118.0,0.6882,0.1979,,10000,0.1427,2,0.0191,0.0241,0,0.3128,0.3016,0.3263,0.3168,0.4001,0.4363,0.0668,0.0619,88.5,87.06,49.46,51.57,0.5652,0.4737,80.47,86.46,67.95,64.93
100,0,CA1-SUB,123.0,0.7176,0.1243,,12000,0.0653,0,0.0,0.0203,0,0.3333,0.2731,0.366,0.333,nan,nan,0.0716,0.0797,89.03,87.44,55.3,42.41,0.2857,0.2727,85.63,89.31,78.48,73.21
100,0,CA1-SUB,128.0,0.7471,0.0813,,12000,0.2074,12,0.2381,-0.0444,0,0.3541,0.3439,0.3795,0.36,0.3711,0.3658,0.0722,0.0743,82.73,88.34,59.23,44.0,0.44,0.4,83.25,84.75,76.72,68.04
100,0,CA1-SUB,133.0,0.7765,0.0813,,12000,0.0834,0,0.0,0.0067,0,0.3432,0.3229,0.3813,0.3717,nan,nan,0.0819,0.0651,87.91,74.83,50.82,38.56,0.5,0.4737,85.53,83.96,70.41,79.49
100,0,CA1-SUB,138.0,0.8059,0.1324,,18000,0.2712,15,0.3025,-0.051,0,0.374,0.3368,0.3793,0.3589,0.3827,0.3569,0.1052,0.1214,78.7,80.76,53.81,54.88,0.125,0.2727,81.95,75.32,52.87,54.92
100,0,CA1-SUB,143.0,0.8353,0.1061,,14000,0.0704,1,0.0054,0.0031,0,0.3468,0.3218,0.3755,0.3546,0.5663,0.5264,0.0756,0.0789,84.42,89.86,51.78,51.4,0.3333,0.4,82.87,86.29,77.75,66.31
100,0,CA1-SUB,148.0,0.8647,0.1211,,16000,0.1661,14,0.3359,-0.0209,0,0.374,0.2897,0.3682,0.3091,0.377,0.2924,0.0711,0.0835,75.57,76.95,49.49,55.75,0.3846,0.3333,79.29,75.31,57.75,68.33
100,0,CA1-SUB,153.0,0.8941,0.0433,,16000,0.2246,5,0.0566,-0.0019,0,0.3448,0.3398,0.3492,0.3428,0.3712,0.3816,0.0856,0.0864,74.92,85.57,52.81,48.82,0.3333,0.2727,89.09,88.04,63.55,45.66
100,0,CA1-SUB,158.0,0.9235,0.015,,14000,0.0105,2,0.0161,0.0182,0,0.3556,0.3582,0.3832,0.3911,0.423,0.4598,0.0699,0.0654,86.96,70.72,73.89,59.89,0.5,0.5556,81.1,73.44,80.19,87.38
100,0,CA1-SUB,163.0,0.9529,0.0333,,12000,0.0091,7,0.0984,0.0163,0,0.3571,0.3377,0.3925,0.3769,0.3979,0.3769,0.076,0.0793,77.28,67.08,75.49,56.59,0.3333,0.2727,89.68,87.34,89.24,76.95
100,0,RSC-SUB,8.0,0.0412,0.0667,,16000,0.4681,14,0.5713,0.0185,0,0.458,0.3868,0.4749,0.4114,0.4731,0.4021,0.1,0.0982,nan,nan,nan,nan,,,89.97,74.59,48.58,43.62
100,0,RSC-SUB,13.0,0.0706,0.0991,,14000,0.4742,8,0.1928,0.0057,0,0.4444,0.3771,0.4638,0.4525,0.4638,0.417,0.0897,0.0812,87.95,87.01,53.72,42.41,0.2903,0.4737,85.99,81.3,56.96,51.35
100,0,RSC-SUB,18.0,0.1,0.1052,,16000,0.4637,14,0.4852,-0.0238,0,0.4143,0.3757,0.4266,0.3974,0.4395,0.3906,0.1466,0.1286,88.39,85.72,46.86,41.76,0.4286,0.3333,88.18,88.55,45.76,38.33
100,0,RSC-SUB,23.0,0.1294,0.1117,,14000,0.3903,8,0.1573,-0.0266,0,0.416,0.3479,0.4364,0.3796,0.4388,0.3731,0.0852,0.0819,81.33,68.17,37.98,46.19,0.4286,0.3333,78.63,80.77,52.22,51.37
100,0,RSC-SUB,28.0,0.1588,0.0962,,12000,0.262,8,0.1321,0.005,0,0.3501,0.3413,0.3496,0.4049,0.3549,0.4049,0.0755,0.0682,81.04,86.06,56.22,51.65,0.4286,0.4,88.84,78.78,59.74,52.51
100,0,RSC-SUB,33.0,0.1882,0.0899,,12000,0.0241,0,0.0,0.0051,0,0.3821,0.3503,0.3969,0.3742,nan,nan,0.0838,0.0547,87.36,82.98,62.9,59.88,0.2903,0.4,79.56,88.71,86.9,65.49
100,0,RSC-SUB,38.0,0.2176,0.1103,,12000,0.1118,1,0.0063,-0.0054,0,0.3733,0.3371,0.417,0.4317,0.5451,0.5876,0.0811,0.0616,86.57,86.61,61.82,49.7,0.3793,0.3333,81.87,89.18,59.34,51.57
100,0,RSC-SUB,43.0,0.2471,0.1145,,12000,0.1145,9,0.109,0.0018,0,0.3451,0.3341,0.3677,0.3492,0.3635,0.3367,0.0762,0.0623,85.32,89.64,58.55,49.91,0.2121,0.3333,86.24,89.39,82.98,89.5
100,0,RSC-SUB,48.0,0.2765,0.1515,,12000,-0.0398,6,0.1091,0.0087,0,0.3725,0.3576,0.393,0.3993,0.3893,0.3947,0.0925,0.0619,88.42,83.74,63.32,52.98,0.4815,0.3333,84.39,83.77,72.22,74.6
100,0,RSC-SUB,53.0,0.3059,0.1706,,12000,0.1574,6,0.1056,-0.0152,0,0.3584,0.3476,0.3869,0.4132,0.3947,0.4087,0.0876,0.0636,88.23,86.29,51.62,56.23,0.4815,0.4737,79.9,84.01,79.73,83.57
100,0,RSC-SUB,58.0,0.3353,0.1662,,12000,0.2298,9,0.1031,0.0139,0,0.3339,0.3441,0.3451,0.3673,0.3635,0.3828,0.0802,0.0656,88.11,84.92,73.11,70.07,0.3793,0.3333,82.86,85.5,82.55,81.16
100,0,RSC-SUB,63.0,0.3647,0.1375,,12000,0.5028,5,0.2422,0.0005,0,0.3408,0.348,0.3649,0.3882,0.3551,0.3819,0.0678,0.0698,86.08,80.69,65.33,61.74,0.3793,0.4737,85.12,83.5,70.08,62.22
100,0,RSC-SUB,68.0,0.3941,0.112,,14000,0.2902,13,0.2251,0.0096,0,0.3591,0.3318,0.3632,0.3536,0.3717,0.3592,0.0804,0.0716,77.86,88.99,52.0,38.0,0.3333,0.4,89.41,88.86,50.41,51.78
100,0,RSC-SUB,73.0,0.4235,0.171,,14000,0.4355,11,0.3534,-0.0182,0,0.3516,0.3255,0.3621,0.3568,0.3581,0.3516,0.0847,0.0798,79.12,79.83,39.97,35.26,0.2903,0.4,85.95,89.26,69.14,77.28
100,0,RSC-SUB,78.0,0.4529,0.145,,14000,0.0728,0,0.0,-0.0386,0,0.3294,0.3494,0.3611,0.408,nan,nan,0.083,0.0635,88.31,78.45,64.76,37.25,0.4286,0.4,85.03,82.08,79.29,72.33
100,0,RSC-SUB,83.0,0.4824,0.2107,,12000,-0.0699,11,0.1232,-0.0162,0,0.3649,0.3042,0.3829,0.3251,0.3857,0.3187,0.084,0.068,86.91,85.66,62.05,40.06,0.3793,0.2174,84.33,88.99,86.4,58.72
100,0,RSC-SUB,88.0,0.5118,0.1446,,12000,0.0069,4,0.0529,-0.0115,0,0.3384,0.2884,0.3658,0.3437,0.3865,0.3635,0.0735,0.0758,87.55,69.95,70.27,73.1,0.3333,0.2727,86.01,80.81,89.23,83.04
100,0,RSC-SUB,93.0,0.5412,0.1787,,12000,0.0612,1,0.0072,-0.0085,0,0.3402,0.2866,0.3678,0.3487,0.5081,0.5481,0.0732,0.0575,82.66,79.67,72.24,67.06,0.4286,0.2174,88.25,81.85,79.89,68.78
100,0,RSC-SUB,98.0,0.5706,0.1419,,12000,0.0262,12,0.1318,0.0099,0,0.3674,0.2627,0.3831,0.2735,0.3835,0.2716,0.0767,0.0659,80.53,86.38,61.93,46.63,0.2121,0.2727,88.92,87.56,82.95,82.61
100,0,RSC-SUB,103.0,0.6,0.1262,,12000,-0.1945,13,0.369,0.0037,0,0.3472,0.2646,0.37,0.2888,0.3656,0.2773,0.0841,0.0621,80.18,81.66,61.9,56.95,0.5385,0.2727,81.17,86.33,73.82,79.86
100,0,RSC-SUB,108.0,0.6294,0.1841,,12000,0.0388,2,0.0141,0.004,0,0.3306,0.2863,0.3581,0.3297,0.4195,0.4435,0.0667,0.0606,81.23,82.56,63.14,52.66,0.1765,0.2727,86.74,83.28,87.99,61.51
100,0,RSC-SUB,113.0,0.6588,0.209,,10000,-0.1416,13,0.3694,-0.0015,0,0.3363,0.2759,0.3618,0.3043,0.362,0.3046,0.0694,0.0604,85.04,89.23,61.7,51.87,0.3333,0.2727,81.26,77.33,82.27,89.03
100,0,RSC-SUB,118.0,0.6882,0.1979,,10000,-0.0453,10,0.1936,-0.0265,-2,0.3571,0.3022,0.3849,0.3501,0.3757,0.3316,0.0876,0.0586,83.45,82.7,80.88,76.49,0.2903,0.4,86.73,82.29,83.79,86.42
100,0,RSC-SUB,123.0,0.7176,0.1243,,12000,0.0455,0,0.0,0.0141,1,0.3573,0.2742,0.34,0.2979,nan,nan,0.0808,0.0575,89.18,84.92,86.28,84.33,0.2903,0.3333,78.54,82.03,84.48,67.03
100,0,RSC-SUB,128.0,0.7471,0.0813,,12000,0.0846,7,0.1786,-0.011,0,0.3738,0.3446,0.4062,0.4114,0.4081,0.4006,0.0779,0.0728,88.82,87.77,53.2,51.78,0.3333,0.3333,80.24,84.11,89.54,72.31
100,0,RSC-SUB,133.0,0.7765,0.0813,,12000,0.044,0,0.0,-0.0039,1,0.3698,0.3225,0.4006,0.3351,nan,nan,0.0837,0.0652,67.25,67.73,43.39,44.62,0.3333,0.4737,77.07,89.78,72.3,71.98
100,0,RSC-SUB,138.0,0.8059,0.1324,,18000,-0.1189,10,0.2018,-0.0323,0,0.4046,0.3356,0.4294,0.376,0.4323,0.3814,0.0864,0.0615,79.55,81.14,84.63,84.8,0.2121,0.2727,74.31,86.78,56.08,48.13
100,0,RSC-SUB,143.0,0.8353,0.1061,,14000,-0.1748,5,0.0701,-0.0341,0,0.384,0.3237,0.4129,0.3735,0.4185,0.3716,0.0783,0.0571,89.29,83.05,59.96,49.31,0.2121,0.4,70.84,88.45,89.0,86.32
100,0,RSC-SUB,148.0,0.8647,0.1211,,16000,0.5583,13,0.6512,0.0062,0,0.3839,0.2892,0.4234,0.3033,0.4125,0.3106,0.0767,0.0679,83.69,87.53,72.65,67.3,0.3333,0.3333,89.11,81.75,50.03,49.1
100,0,RSC-SUB,153.0,0.8941,0.0433,,16000,-0.0207,3,0.0241,-0.0483,0,0.3777,0.3394,0.4204,0.401,0.4719,0.4406,0.0792,0.0729,81.7,81.01,52.42,43.54,0.2903,0.2727,83.13,85.28,72.86,73.14
100,0,RSC-SUB,158.0,0.9235,0.015,,14000,0.1248,1,0.0079,0.0502,0,0.4175,0.3578,0.4465,0.3931,0.5893,0.525,0.0854,0.0652,88.11,88.98,61.38,57.48,0.4286,0.5556,89.35,88.95,58.44,52.19
100,0,RSC-SUB,163.0,0.9529,0.0333,,12000,0.1276,10,0.1225,-0.0005,0,0.4041,0.3351,0.4218,0.363,0.4283,0.3661,0.0733,0.0572,83.8,80.54,69.46,59.96,0.3793,0.2727,88.94,89.52,81.52,87.46
100,0,V1-RSC,8.0,0.0412,0.0667,,16000,0.5419,11,0.5835,0.0069,0,0.3827,0.4458,0.3464,0.4388,0.3614,0.4444,0.1796,0.1732,nan,nan,nan,nan,,,61.9,55.46,79.69,79.99
100,0,V1-RSC,13.0,0.0706,0.0991,,14000,0.1816,1,0.1783,-0.004,0,0.3611,0.4289,0.3536,0.4441,0.4964,0.5753,0.1841,0.1989,83.01,76.1,82.1,84.78,0.4386,0.2903,88.33,78.34,40.35,37.36
100,0,V1-RSC,18.0,0.1,0.1052,,16000,0.5564,12,0.8872,0.011,0,0.321,0.4044,0.3179,0.3899,0.3277,0.3962,0.1993,0.205,72.38,74.22,85.02,83.27,0.5472,0.3793,40.63,47.46,39.26,27.9
100,0,V1-RSC,23.0,0.1294,0.1117,,14000,0.1602,1,0.0845,0.0037,0,0.3306,0.4001,0.3116,0.4043,0.4514,0.5477,0.1848,0.1936,61.69,55.47,70.45,69.55,0.3667,0.3793,74.82,81.46,63.97,49.03
100,0,V1-RSC,28.0,0.1588,0.0962,,12000,0.1039,1,0.0625,0.0049,0,0.3231,0.3347,0.3186,0.3416,0.4853,0.5278,0.1621,0.1689,41.99,51.06,39.59,38.85,0.5185,0.3793,43.25,55.88,44.83,51.14
100,0,V1-RSC,33.0,0.1882,0.0899,,12000,0.0155,3,0.1618,0.0216,0,0.3316,0.3724,0.3354,0.3918,0.392,0.4402,0.1598,0.1769,84.74,83.71,33.4,47.18,0.5185,0.2903,88.58,82.3,75.72,72.62
100,0,V1-RSC,38.0,0.2176,0.1103,,12000,0.2627,1,0.0357,-0.0029,0,0.3106,0.3704,0.3163,0.4384,0.51,0.5767,0.1663,0.1673,50.48,49.11,41.21,42.72,0.5472,0.3333,68.45,74.58,34.72,47.89
100,0,V1-RSC,43.0,0.2471,0.1145,,12000,0.3528,3,0.1289,0.0038,0,0.3054,0.3363,0.3165,0.3548,0.4025,0.3992,0.1713,0.1652,73.08,75.5,29.13,31.29,0.3443,0.2121,74.44,76.05,40.31,44.52
100,0,V1-RSC,48.0,0.2765,0.1515,,12000,0.2655,5,0.2408,0.0101,0,0.3532,0.3686,0.3593,0.3825,0.3693,0.4055,0.1592,0.1561,77.81,78.44,28.65,35.9,0.4386,0.4815,53.45,69.26,45.35,48.71
100,0,V1-RSC,53.0,0.3059,0.1706,,12000,0.4058,6,0.3753,0.012,0,0.3328,0.352,0.3425,0.3527,0.3489,0.3563,0.153,0.1606,52.44,63.62,32.18,41.85,0.5185,0.5385,82.82,86.03,57.61,59.07
100,0,V1-RSC,58.0,0.3353,0.1662,,12000,0.4171,6,0.2388,-0.0092,0,0.3222,0.3244,0.323,0.3194,0.3207,0.3364,0.1599,0.1648,49.27,47.06,43.35,42.05,0.4386,0.3793,79.21,83.12,55.37,58.08
100,0,V1-RSC,63.0,0.3647,0.1375,,12000,0.2653,5,0.162,0.0075,0,0.3197,0.3371,0.3227,0.3488,0.3375,0.3735,0.1638,0.1647,58.22,57.49,83.54,79.27,0.4138,0.3793,80.91,89.8,60.61,59.59
100,0,V1-RSC,68.0,0.3941,0.112,,14000,0.489,9,0.3626,0.0108,0,0.311,0.3511,0.3251,0.3467,0.3256,0.3614,0.1806,0.1787,85.97,83.84,84.4,87.54,0.3226,0.3333,56.37,57.49,48.14,52.15
100,0,V1-RSC,73.0,0.4235,0.171,,14000,0.5623,8,0.453,0.0105,0,0.291,0.3473,0.3233,0.3871,0.317,0.3913,0.1722,0.1593,43.43,47.16,20.54,23.63,0.4909,0.25,58.99,63.14,69.34,66.21
100,0,V1-RSC,78.0,0.4529,0.145,,14000,0.2708,3,0.0861,0.025,0,0.2632,0.3193,0.3126,0.3253,0.3798,0.363,0.1737,0.155,38.43,51.57,31.75,43.95,0.3667,0.3793,72.63,69.33,70.38,69.28
100,0,V1-RSC,83.0,0.4824,0.2107,,12000,0.4217,3,0.1405,0.0035,0,0.2827,0.3581,0.3175,0.3527,0.3827,0.4177,0.1604,0.1601,47.52,48.34,39.74,50.79,0.3898,0.4815,54.84,54.22,48.09,33.1
100,0,V1-RSC,88.0,0.5118,0.1446,,12000,0.3016,4,0.1551,-0.0324,0,0.2701,0.3271,0.2941,0.3211,0.3429,0.3496,0.1523,0.1527,43.56,58.74,62.51,61.15,0.2615,0.3333,62.89,67.01,71.3,75.76
100,0,V1-RSC,93.0,0.5412,0.1787,,12000,0.2593,2,0.0581,0.0264,0,0.2823,0.3324,0.3351,0.3381,0.4181,0.3751,0.1435,0.1462,47.34,53.46,48.98,49.88,0.4386,0.4286,68.56,76.09,59.22,54.93
100,0,V1-RSC,98.0,0.5706,0.1419,,12000,0.1667,3,0.1355,0.0082,0,0.2647,0.358,0.2544,0.3478,0.2878,0.3957,0.1519,0.1408,44.68,55.92,68.56,74.69,0.3667,0.2121,72.16,78.68,39.72,52.12
100,0,V1-RSC,103.0,0.6,0.1262,,12000,0.3653,6,0.338,0.0123,0,0.2853,0.3384,0.2943,0.3218,0.3092,0.3422,0.1529,0.147,55.14,51.68,36.74,45.62,0.4386,0.5385,62.17,59.23,42.58,60.73
100,0,V1-RSC,108.0,0.6294,0.1841,,12000,0.1372,2,0.0717,0.019,0,0.3069,0.3196,0.2898,0.3232,0.3745,0.4188,0.1516,0.1413,67.53,70.86,55.52,58.97,0.3443,0.1765,73.57,74.18,77.34,76.16
100,0,V1-RSC,113.0,0.6588,0.209,,10000,0.3018,7,0.2159,0.0309,0,0.2737,0.3311,0.2672,0.3416,0.2909,0.3622,0.1351,0.1447,56.9,67.76,34.34,42.82,0.2424,0.3793,75.49,84.59,72.97,73.36
100,0,V1-RSC,118.0,0.6882,0.1979,,10000,0.1542,3,0.0752,0.0236,0,0.31,0.3487,0.2958,0.3589,0.3566,0.4195,0.1326,0.145,49.91,62.13,40.42,46.29,0.2812,0.2903,64.21,73.54,70.15,80.87
100,0,V1-RSC,123.0,0.7176,0.1243,,12000,0.1726,3,0.041,0.0099,0,0.2828,0.3488,0.3005,0.3504,0.3644,0.4024,0.1366,0.1376,46.47,61.54,75.17,82.56,0.3226,0.2903,79.71,78.28,78.01,79.81
100,0,V1-RSC,128.0,0.7471,0.0813,,12000,0.3357,9,0.3462,0.0245,0,0.2914,0.3673,0.2855,0.3754,0.2999,0.3804,0.1456,0.141,88.69,89.41,85.74,83.18,0.3667,0.3793,74.5,70.42,88.46,79.11
100,0,V1-RSC,133.0,0.7765,0.0813,,12000,0.1499,2,0.0269,-0.0006,0,0.333,0.3674,0.3156,0.3975,0.4061,0.4696,0.1361,0.1291,51.83,55.78,44.15,37.2,0.4386,0.3333,74.44,75.55,49.57,51.41
100,0,V1-RSC,138.0,0.8059,0.1324,,18000,0.4692,13,0.4063,0.0065,0,0.3502,0.3998,0.3678,0.4112,0.3715,0.4161,0.1753,0.1839,83.62,83.39,77.14,74.08,0.3443,0.2121,76.31,69.87,31.03,32.77
100,0,V1-RSC,143.0,0.8353,0.1061,,14000,0.5952,8,0.47,0.0177,0,0.3322,0.3791,0.3395,0.3831,0.3373,0.4008,0.1546,0.1616,59.07,51.06,26.39,27.74,0.3898,0.1765,78.3,73.46,31.54,35.01
100,0,V1-RSC,148.0,0.8647,0.1211,,16000,0.6982,10,0.7687,0.0266,0,0.3358,0.3781,0.3446,0.4035,0.3352,0.3915,0.16,0.1661,87.62,76.5,27.84,18.96,0.3667,0.2903,89.08,89.73,34.45,28.66
100,0,V1-RSC,153.0,0.8941,0.0433,,16000,0.0401,3,0.0438,0.0075,0,0.3139,0.3722,0.3155,0.3782,0.3628,0.4156,0.1518,0.1574,86.12,85.0,35.87,41.84,0.3898,0.2903,70.71,78.41,43.85,36.91
100,0,V1-RSC,158.0,0.9235,0.015,,14000,0.302,1,0.0478,0.0359,0,0.3272,0.414,0.375,0.437,0.5513,0.5471,0.1443,0.1378,84.58,81.11,38.92,44.38,0.3898,0.4815,77.72,88.3,41.66,34.58
100,0,V1-RSC,163.0,0.9529,0.0333,,12000,0.0554,6,0.1504,0.0307,0,0.3513,0.3997,0.3339,0.4286,0.3452,0.4358,0.1426,0.1406,72.36,75.53,72.21,71.4,0.3898,0.4286,66.28,67.01,56.86,49.3
