animal,learner,pair,cond,area,unit,contrib
41,1,CA1-CA3,uncued,CA1,0,1.004472
41,1,CA1-CA3,uncued,CA1,1,0.896206
41,1,CA1-CA3,uncued,CA1,2,0.12889
41,1,CA1-CA3,uncued,CA1,3,1.014381
41,1,CA1-CA3,uncued,CA1,4,0.037948
41,1,CA1-CA3,uncued,CA1,5,1.218811
41,1,CA1-CA3,uncued,CA1,6,0.97922
41,1,CA1-CA3,uncued,CA1,7,1.120307
41,1,CA1-CA3,uncued,CA1,8,1.09792
41,1,CA1-CA3,uncued,CA1,9,1.201889
41,1,CA1-CA3,uncued,CA1,10,1.031552
41,1,CA1-CA3,uncued,CA1,11,1.30583
41,1,CA1-CA3,uncued,CA1,12,0.914594
41,1,CA1-CA3,uncued,CA1,13,2.514144
41,1,CA1-CA3,uncued,CA1,14,1.462628
41,1,CA1-CA3,uncued,CA1,15,0.011284
41,1,CA1-CA3,uncued,CA1,16,0.0
41,1,CA1-CA3,uncued,CA1,17,0.051981
41,1,CA1-CA3,uncued,CA1,18,0.0
41,1,CA1-CA3,uncued,CA1,19,0.001743
41,1,CA1-CA3,uncued,CA1,20,0.716261
41,1,CA1-CA3,uncued,CA1,21,1.236955
41,1,CA1-CA3,uncued,CA3,0,0.615113
41,1,CA1-CA3,uncued,CA3,1,0.990878
41,1,CA1-CA3,uncued,CA3,2,0.518686
41,1,CA1-CA3,uncued,CA3,3,0.810943
41,1,CA1-CA3,uncued,CA3,4,0.540331
41,1,CA1-CA3,uncued,CA3,5,0.613799
41,1,CA1-CA3,uncued,CA3,6,1.038875
41,1,CA1-CA3,uncued,CA3,7,0.29908
41,1,CA1-CA3,uncued,CA3,8,0.023025
41,1,CA1-CA3,uncued,CA3,9,0.013109
41,1,CA1-CA3,uncued,CA3,10,0.992502
41,1,CA1-CA3,uncued,CA3,11,0.886078
41,1,CA1-CA3,uncued,CA3,12,1.08796
41,1,CA1-CA3,uncued,CA3,13,1.059357
41,1,CA1-CA3,uncued,CA3,14,0.093989
41,1,CA1-CA3,uncued,CA3,15,0.574327
41,1,CA1-CA3,uncued,CA3,16,0.013771
41,1,CA1-CA3,uncued,CA3,17,0.630046
41,1,CA1-CA3,uncued,CA3,18,0.954281
41,1,CA1-CA3,uncued,CA3,19,0.133371
41,1,CA1-CA3,uncued,CA3,20,0.961416
41,1,CA1-CA3,uncued,CA3,21,0.93887
41,1,CA1-CA3,uncued,CA3,22,1.108164
41,1,CA1-CA3,uncued,CA3,23,0.030583
41,1,CA1-CA3,cued,CA1,0,1.045382
41,1,CA1-CA3,cued,CA1,1,0.838551
41,1,CA1-CA3,cued,CA1,2,0.734868
41,1,CA1-CA3,cued,CA1,3,0.972683
41,1,CA1-CA3,cued,CA1,4,0.213045
41,1,CA1-CA3,cued,CA1,5,1.066104
41,1,CA1-CA3,cued,CA1,6,1.178492
41,1,CA1-CA3,cued,CA1,7,1.019269
41,1,CA1-CA3,cued,CA1,8,1.039578
41,1,CA1-CA3,cued,CA1,9,1.024851
41,1,CA1-CA3,cued,CA1,10,0.092037
41,1,CA1-CA3,cued,CA1,11,1.002752
41,1,CA1-CA3,cued,CA1,12,0.845553
41,1,CA1-CA3,cued,CA1,13,0.370821
41,1,CA1-CA3,cued,CA1,14,0.977816
41,1,CA1-CA3,cued,CA1,15,0.0839
41,1,CA1-CA3,cued,CA1,16,0.008018
41,1,CA1-CA3,cued,CA1,17,1.138887
41,1,CA1-CA3,cued,CA1,18,0.000321
41,1,CA1-CA3,cued,CA1,19,0.536337
41,1,CA1-CA3,cued,CA1,20,0.646604
41,1,CA1-CA3,cued,CA1,21,1.130346
41,1,CA1-CA3,cued,CA3,0,0.669969
41,1,CA1-CA3,cued,CA3,1,0.985303
41,1,CA1-CA3,cued,CA3,2,0.488132
41,1,CA1-CA3,cued,CA3,3,0.083727
41,1,CA1-CA3,cued,CA3,4,1.125193
41,1,CA1-CA3,cued,CA3,5,1.130057
41,1,CA1-CA3,cued,CA3,6,0.061971
41,1,CA1-CA3,cued,CA3,7,0.00022
41,1,CA1-CA3,cued,CA3,8,0.025974
41,1,CA1-CA3,cued,CA3,9,0.009829
41,1,CA1-CA3,cued,CA3,10,0.941968
41,1,CA1-CA3,cued,CA3,11,0.979695
41,1,CA1-CA3,cued,CA3,12,1.040911
41,1,CA1-CA3,cued,CA3,13,1.027039
41,1,CA1-CA3,cued,CA3,14,0.040336
41,1,CA1-CA3,cued,CA3,15,0.509794
41,1,CA1-CA3,cued,CA3,16,0.009696
41,1,CA1-CA3,cued,CA3,17,0.726312
41,1,CA1-CA3,cued,CA3,18,0.896245
41,1,CA1-CA3,cued,CA3,19,1.030973
41,1,CA1-CA3,cued,CA3,20,0.953086
41,1,CA1-CA3,cued,CA3,21,0.865748
41,1,CA1-CA3,cued,CA3,22,0.841962
41,1,CA1-CA3,cued,CA3,23,0.010255
41,1,CA1-V1,uncued,CA1,0,1.021096
41,1,CA1-V1,uncued,CA1,1,0.919832
41,1,CA1-V1,uncued,CA1,2,0.092116
41,1,CA1-V1,uncued,CA1,3,1.070001
41,1,CA1-V1,uncued,CA1,4,0.17974
41,1,CA1-V1,uncued,CA1,5,1.21191
41,1,CA1-V1,uncued,CA1,6,0.972782
41,1,CA1-V1,uncued,CA1,7,1.120358
41,1,CA1-V1,uncued,CA1,8,1.092325
41,1,CA1-V1,uncued,CA1,9,1.19623
41,1,CA1-V1,uncued,CA1,10,1.027934
41,1,CA1-V1,uncued,CA1,11,1.299271
41,1,CA1-V1,uncued,CA1,12,0.909087
41,1,CA1-V1,uncued,CA1,13,2.472907
41,1,CA1-V1,uncued,CA1,14,1.453046
41,1,CA1-V1,uncued,CA1,15,0.145306
41,1,CA1-V1,uncued,CA1,16,0.038969
41,1,CA1-V1,uncued,CA1,17,0.084565
41,1,CA1-V1,uncued,CA1,18,0.009573
41,1,CA1-V1,uncued,CA1,19,0.022634
41,1,CA1-V1,uncued,CA1,20,0.712373
41,1,CA1-V1,uncued,CA1,21,1.229611
41,1,CA1-V1,uncued,V1,0,0.053711
41,1,CA1-V1,uncued,V1,1,0.455009
41,1,CA1-V1,uncued,V1,2,0.050001
41,1,CA1-V1,uncued,V1,3,0.096248
41,1,CA1-V1,uncued,V1,4,0.069739
41,1,CA1-V1,uncued,V1,5,0.071657
41,1,CA1-V1,uncued,V1,6,0.14602
41,1,CA1-V1,uncued,V1,7,0.010936
41,1,CA1-V1,uncued,V1,8,0.029633
41,1,CA1-V1,uncued,V1,9,0.024648
41,1,CA1-V1,uncued,V1,10,0.098179
41,1,CA1-V1,uncued,V1,11,0.121865
41,1,CA1-V1,uncued,V1,12,0.046023
41,1,CA1-V1,uncued,V1,13,0.064924
41,1,CA1-V1,uncued,V1,14,0.034554
41,1,CA1-V1,uncued,V1,15,0.094532
41,1,CA1-V1,uncued,V1,16,0.575528
41,1,CA1-V1,uncued,V1,17,0.179973
41,1,CA1-V1,uncued,V1,18,0.050947
41,1,CA1-V1,uncued,V1,19,0.192691
41,1,CA1-V1,uncued,V1,20,0.066238
41,1,CA1-V1,uncued,V1,21,0.624331
41,1,CA1-V1,uncued,V1,22,0.165875
41,1,CA1-V1,uncued,V1,23,0.074113
41,1,CA1-V1,uncued,V1,24,0.131582
41,1,CA1-V1,uncued,V1,25,0.052255
41,1,CA1-V1,uncued,V1,26,0.041912
41,1,CA1-V1,uncued,V1,27,0.040856
41,1,CA1-V1,uncued,V1,28,0.086311
41,1,CA1-V1,uncued,V1,29,0.189477
41,1,CA1-V1,uncued,V1,30,0.02455
41,1,CA1-V1,uncued,V1,31,0.115291
41,1,CA1-V1,uncued,V1,32,0.14755
41,1,CA1-V1,uncued,V1,33,0.040236
41,1,CA1-V1,uncued,V1,34,0.297772
41,1,CA1-V1,uncued,V1,35,0.04969
41,1,CA1-V1,uncued,V1,36,0.090925
41,1,CA1-V1,uncued,V1,37,0.094445
41,1,CA1-V1,uncued,V1,38,0.1913
41,1,CA1-V1,uncued,V1,39,0.132621
41,1,CA1-V1,uncued,V1,40,0.156346
41,1,CA1-V1,uncued,V1,41,0.160907
41,1,CA1-V1,uncued,V1,42,0.029581
41,1,CA1-V1,uncued,V1,43,0.15237
41,1,CA1-V1,uncued,V1,44,0.144509
41,1,CA1-V1,uncued,V1,45,0.032936
41,1,CA1-V1,uncued,V1,46,0.085449
41,1,CA1-V1,uncued,V1,47,0.043985
41,1,CA1-V1,uncued,V1,48,0.09468
41,1,CA1-V1,uncued,V1,49,0.142769
41,1,CA1-V1,uncued,V1,50,0.031112
41,1,CA1-V1,uncued,V1,51,0.079715
41,1,CA1-V1,uncued,V1,52,0.062642
41,1,CA1-V1,uncued,V1,53,0.022106
41,1,CA1-V1,uncued,V1,54,0.028114
41,1,CA1-V1,uncued,V1,55,0.054831
41,1,CA1-V1,uncued,V1,56,0.032767
41,1,CA1-V1,uncued,V1,57,0.010927
41,1,CA1-V1,uncued,V1,58,0.069351
41,1,CA1-V1,uncued,V1,59,0.114232
41,1,CA1-V1,uncued,V1,60,0.695217
41,1,CA1-V1,uncued,V1,61,0.069096
41,1,CA1-V1,uncued,V1,62,0.01868
41,1,CA1-V1,uncued,V1,63,0.090309
41,1,CA1-V1,uncued,V1,64,0.01686
41,1,CA1-V1,uncued,V1,65,0.103939
41,1,CA1-V1,uncued,V1,66,0.013369
41,1,CA1-V1,uncued,V1,67,0.027105
41,1,CA1-V1,uncued,V1,68,0.041017
41,1,CA1-V1,uncued,V1,69,0.034496
41,1,CA1-V1,uncued,V1,70,0.019049
41,1,CA1-V1,uncued,V1,71,0.20109
41,1,CA1-V1,uncued,V1,72,0.142815
41,1,CA1-V1,uncued,V1,73,0.008401
41,1,CA1-V1,uncued,V1,74,0.09887
41,1,CA1-V1,uncued,V1,75,0.05591
41,1,CA1-V1,uncued,V1,76,0.020924
41,1,CA1-V1,uncued,V1,77,0.071582
41,1,CA1-V1,uncued,V1,78,0.011787
41,1,CA1-V1,uncued,V1,79,0.061187
41,1,CA1-V1,uncued,V1,80,0.009111
41,1,CA1-V1,uncued,V1,81,0.014224
41,1,CA1-V1,uncued,V1,82,0.011063
41,1,CA1-V1,uncued,V1,83,0.027922
41,1,CA1-V1,uncued,V1,84,0.02009
41,1,CA1-V1,uncued,V1,85,0.013647
41,1,CA1-V1,uncued,V1,86,0.039526
41,1,CA1-V1,uncued,V1,87,0.010498
41,1,CA1-V1,uncued,V1,88,0.669659
41,1,CA1-V1,uncued,V1,89,0.182127
41,1,CA1-V1,uncued,V1,90,0.0296
41,1,CA1-V1,uncued,V1,91,0.020955
41,1,CA1-V1,uncued,V1,92,0.003531
41,1,CA1-V1,uncued,V1,93,0.033428
41,1,CA1-V1,uncued,V1,94,0.699823
41,1,CA1-V1,uncued,V1,95,0.298268
41,1,CA1-V1,uncued,V1,96,0.02477
41,1,CA1-V1,uncued,V1,97,0.10299
41,1,CA1-V1,uncued,V1,98,0.086947
41,1,CA1-V1,uncued,V1,99,0.01744
41,1,CA1-V1,uncued,V1,100,0.054454
41,1,CA1-V1,uncued,V1,101,0.029412
41,1,CA1-V1,uncued,V1,102,0.017953
41,1,CA1-V1,uncued,V1,103,0.251203
41,1,CA1-V1,uncued,V1,104,0.013579
41,1,CA1-V1,uncued,V1,105,0.061254
41,1,CA1-V1,uncued,V1,106,0.778115
41,1,CA1-V1,uncued,V1,107,0.112802
41,1,CA1-V1,uncued,V1,108,0.075703
41,1,CA1-V1,uncued,V1,109,0.014592
41,1,CA1-V1,uncued,V1,110,0.019038
41,1,CA1-V1,uncued,V1,111,0.047105
41,1,CA1-V1,uncued,V1,112,0.062299
41,1,CA1-V1,uncued,V1,113,0.685609
41,1,CA1-V1,uncued,V1,114,0.033029
41,1,CA1-V1,uncued,V1,115,0.042836
41,1,CA1-V1,uncued,V1,116,0.197773
41,1,CA1-V1,uncued,V1,117,0.273589
41,1,CA1-V1,uncued,V1,118,0.270203
41,1,CA1-V1,uncued,V1,119,0.031853
41,1,CA1-V1,uncued,V1,120,0.011691
41,1,CA1-V1,uncued,V1,121,0.638572
41,1,CA1-V1,uncued,V1,122,0.725299
41,1,CA1-V1,uncued,V1,123,0.355217
41,1,CA1-V1,uncued,V1,124,0.043092
41,1,CA1-V1,uncued,V1,125,0.030439
41,1,CA1-V1,uncued,V1,126,0.035737
41,1,CA1-V1,uncued,V1,127,0.170507
41,1,CA1-V1,uncued,V1,128,0.106942
41,1,CA1-V1,uncued,V1,129,0.083929
41,1,CA1-V1,uncued,V1,130,0.063755
41,1,CA1-V1,uncued,V1,131,0.038881
41,1,CA1-V1,uncued,V1,132,0.028666
41,1,CA1-V1,uncued,V1,133,0.555802
41,1,CA1-V1,uncued,V1,134,0.016293
41,1,CA1-V1,uncued,V1,135,0.010975
41,1,CA1-V1,uncued,V1,136,0.174965
41,1,CA1-V1,uncued,V1,137,0.005308
41,1,CA1-V1,uncued,V1,138,0.022092
41,1,CA1-V1,uncued,V1,139,0.064855
41,1,CA1-V1,uncued,V1,140,0.123057
41,1,CA1-V1,uncued,V1,141,0.707417
41,1,CA1-V1,uncued,V1,142,0.040634
41,1,CA1-V1,uncued,V1,143,0.004919
41,1,CA1-V1,uncued,V1,144,0.007853
41,1,CA1-V1,uncued,V1,145,0.016851
41,1,CA1-V1,uncued,V1,146,0.11842
41,1,CA1-V1,uncued,V1,147,0.057608
41,1,CA1-V1,uncued,V1,148,0.003056
41,1,CA1-V1,uncued,V1,149,0.015286
41,1,CA1-V1,uncued,V1,150,0.013896
41,1,CA1-V1,uncued,V1,151,0.081003
41,1,CA1-V1,uncued,V1,152,0.11784
41,1,CA1-V1,uncued,V1,153,0.166357
41,1,CA1-V1,uncued,V1,154,0.129946
41,1,CA1-V1,uncued,V1,155,0.019747
41,1,CA1-V1,uncued,V1,156,0.213245
41,1,CA1-V1,uncued,V1,157,0.020505
41,1,CA1-V1,uncued,V1,158,0.719263
41,1,CA1-V1,uncued,V1,159,0.017724
41,1,CA1-V1,uncued,V1,160,0.033706
41,1,CA1-V1,uncued,V1,161,0.025699
41,1,CA1-V1,uncued,V1,162,0.651845
41,1,CA1-V1,uncued,V1,163,0.015577
41,1,CA1-V1,uncued,V1,164,0.075343
41,1,CA1-V1,uncued,V1,165,0.066344
41,1,CA1-V1,uncued,V1,166,0.016289
41,1,CA1-V1,uncued,V1,167,0.013484
41,1,CA1-V1,uncued,V1,168,0.102996
41,1,CA1-V1,uncued,V1,169,0.649719
41,1,CA1-V1,uncued,V1,170,0.024671
41,1,CA1-V1,uncued,V1,171,0.0127
41,1,CA1-V1,uncued,V1,172,0.043295
41,1,CA1-V1,uncued,V1,173,0.014361
41,1,CA1-V1,uncued,V1,174,0.023103
41,1,CA1-V1,uncued,V1,175,0.033836
41,1,CA1-V1,cued,CA1,0,1.052843
41,1,CA1-V1,cued,CA1,1,0.862213
41,1,CA1-V1,cued,CA1,2,0.73333
41,1,CA1-V1,cued,CA1,3,1.031195
41,1,CA1-V1,cued,CA1,4,0.210916
41,1,CA1-V1,cued,CA1,5,1.05754
41,1,CA1-V1,cued,CA1,6,1.180258
41,1,CA1-V1,cued,CA1,7,1.016858
41,1,CA1-V1,cued,CA1,8,1.033537
41,1,CA1-V1,cued,CA1,9,1.017755
41,1,CA1-V1,cued,CA1,10,0.099789
41,1,CA1-V1,cued,CA1,11,0.997725
41,1,CA1-V1,cued,CA1,12,0.838613
41,1,CA1-V1,cued,CA1,13,0.359051
41,1,CA1-V1,cued,CA1,14,0.976552
41,1,CA1-V1,cued,CA1,15,0.072901
41,1,CA1-V1,cued,CA1,16,0.010524
41,1,CA1-V1,cued,CA1,17,1.130325
41,1,CA1-V1,cued,CA1,18,0.0
41,1,CA1-V1,cued,CA1,19,0.511442
41,1,CA1-V1,cued,CA1,20,0.64432
41,1,CA1-V1,cued,CA1,21,1.127882
41,1,CA1-V1,cued,V1,0,0.036741
41,1,CA1-V1,cued,V1,1,0.035764
41,1,CA1-V1,cued,V1,2,0.052985
41,1,CA1-V1,cued,V1,3,0.057191
41,1,CA1-V1,cued,V1,4,0.039291
41,1,CA1-V1,cued,V1,5,0.110866
41,1,CA1-V1,cued,V1,6,0.043357
41,1,CA1-V1,cued,V1,7,0.008169
41,1,CA1-V1,cued,V1,8,0.087396
41,1,CA1-V1,cued,V1,9,0.159303
41,1,CA1-V1,cued,V1,10,0.076863
41,1,CA1-V1,cued,V1,11,0.153141
41,1,CA1-V1,cued,V1,12,0.04868
41,1,CA1-V1,cued,V1,13,0.177078
41,1,CA1-V1,cued,V1,14,0.009337
41,1,CA1-V1,cued,V1,15,0.043852
41,1,CA1-V1,cued,V1,16,0.013725
41,1,CA1-V1,cued,V1,17,0.077132
41,1,CA1-V1,cued,V1,18,0.007105
41,1,CA1-V1,cued,V1,19,0.086428
41,1,CA1-V1,cued,V1,20,0.039879
41,1,CA1-V1,cued,V1,21,0.231408
41,1,CA1-V1,cued,V1,22,0.067828
41,1,CA1-V1,cued,V1,23,0.044606
41,1,CA1-V1,cued,V1,24,0.042887
41,1,CA1-V1,cued,V1,25,0.053161
41,1,CA1-V1,cued,V1,26,0.001455
41,1,CA1-V1,cued,V1,27,0.01874
41,1,CA1-V1,cued,V1,28,0.116764
41,1,CA1-V1,cued,V1,29,0.049479
41,1,CA1-V1,cued,V1,30,0.015639
41,1,CA1-V1,cued,V1,31,0.054348
41,1,CA1-V1,cued,V1,32,0.072212
41,1,CA1-V1,cued,V1,33,0.051434
41,1,CA1-V1,cued,V1,34,0.072899
41,1,CA1-V1,cued,V1,35,0.075672
41,1,CA1-V1,cued,V1,36,0.048588
41,1,CA1-V1,cued,V1,37,0.062353
41,1,CA1-V1,cued,V1,38,0.074403
41,1,CA1-V1,cued,V1,39,0.096108
41,1,CA1-V1,cued,V1,40,0.073312
41,1,CA1-V1,cued,V1,41,0.059467
41,1,CA1-V1,cued,V1,42,0.045101
41,1,CA1-V1,cued,V1,43,0.081996
41,1,CA1-V1,cued,V1,44,0.027492
41,1,CA1-V1,cued,V1,45,0.019921
41,1,CA1-V1,cued,V1,46,0.107086
41,1,CA1-V1,cued,V1,47,0.017394
41,1,CA1-V1,cued,V1,48,0.067644
41,1,CA1-V1,cued,V1,49,0.020318
41,1,CA1-V1,cued,V1,50,0.049024
41,1,CA1-V1,cued,V1,51,0.092839
41,1,CA1-V1,cued,V1,52,0.049693
41,1,CA1-V1,cued,V1,53,0.007767
41,1,CA1-V1,cued,V1,54,0.020155
41,1,CA1-V1,cued,V1,55,0.098349
41,1,CA1-V1,cued,V1,56,0.039042
41,1,CA1-V1,cued,V1,57,0.047887
41,1,CA1-V1,cued,V1,58,0.076242
41,1,CA1-V1,cued,V1,59,0.079725
41,1,CA1-V1,cued,V1,60,0.010696
41,1,CA1-V1,cued,V1,61,0.324636
41,1,CA1-V1,cued,V1,62,0.050197
41,1,CA1-V1,cued,V1,63,0.128386
41,1,CA1-V1,cued,V1,64,0.031619
41,1,CA1-V1,cued,V1,65,0.1956
41,1,CA1-V1,cued,V1,66,0.012149
41,1,CA1-V1,cued,V1,67,0.024043
41,1,CA1-V1,cued,V1,68,0.159592
41,1,CA1-V1,cued,V1,69,0.119558
41,1,CA1-V1,cued,V1,70,0.017513
41,1,CA1-V1,cued,V1,71,0.155666
41,1,CA1-V1,cued,V1,72,0.026146
41,1,CA1-V1,cued,V1,73,0.145553
41,1,CA1-V1,cued,V1,74,0.129468
41,1,CA1-V1,cued,V1,75,0.132664
41,1,CA1-V1,cued,V1,76,0.471351
41,1,CA1-V1,cued,V1,77,0.114412
41,1,CA1-V1,cued,V1,78,0.411849
41,1,CA1-V1,cued,V1,79,0.132053
41,1,CA1-V1,cued,V1,80,0.078256
41,1,CA1-V1,cued,V1,81,0.553807
41,1,CA1-V1,cued,V1,82,0.008863
41,1,CA1-V1,cued,V1,83,0.155158
41,1,CA1-V1,cued,V1,84,0.142247
41,1,CA1-V1,cued,V1,85,0.365176
41,1,CA1-V1,cued,V1,86,0.086241
41,1,CA1-V1,cued,V1,87,0.204465
41,1,CA1-V1,cued,V1,88,0.087114
41,1,CA1-V1,cued,V1,89,0.111562
41,1,CA1-V1,cued,V1,90,0.168061
41,1,CA1-V1,cued,V1,91,0.01751
41,1,CA1-V1,cued,V1,92,0.569563
41,1,CA1-V1,cued,V1,93,0.45146
41,1,CA1-V1,cued,V1,94,0.103415
41,1,CA1-V1,cued,V1,95,0.027741
41,1,CA1-V1,cued,V1,96,0.024814
41,1,CA1-V1,cued,V1,97,0.101349
41,1,CA1-V1,cued,V1,98,0.028241
41,1,CA1-V1,cued,V1,99,0.090693
41,1,CA1-V1,cued,V1,100,0.057525
41,1,CA1-V1,cued,V1,101,0.005359
41,1,CA1-V1,cued,V1,102,0.588621
41,1,CA1-V1,cued,V1,103,0.392517
41,1,CA1-V1,cued,V1,104,0.136244
41,1,CA1-V1,cued,V1,105,0.02145
41,1,CA1-V1,cued,V1,106,0.09365
41,1,CA1-V1,cued,V1,107,0.077336
41,1,CA1-V1,cued,V1,108,0.051079
41,1,CA1-V1,cued,V1,109,0.014393
41,1,CA1-V1,cued,V1,110,0.012656
41,1,CA1-V1,cued,V1,111,0.012506
41,1,CA1-V1,cued,V1,112,0.031641
41,1,CA1-V1,cued,V1,113,0.01713
41,1,CA1-V1,cued,V1,114,0.055809
41,1,CA1-V1,cued,V1,115,0.130839
41,1,CA1-V1,cued,V1,116,0.149886
41,1,CA1-V1,cued,V1,117,0.366545
41,1,CA1-V1,cued,V1,118,0.035855
41,1,CA1-V1,cued,V1,119,0.004885
41,1,CA1-V1,cued,V1,120,0.038899
41,1,CA1-V1,cued,V1,121,0.014614
41,1,CA1-V1,cued,V1,122,0.048059
41,1,CA1-V1,cued,V1,123,0.079385
41,1,CA1-V1,cued,V1,124,0.030552
41,1,CA1-V1,cued,V1,125,0.030234
41,1,CA1-V1,cued,V1,126,0.022363
41,1,CA1-V1,cued,V1,127,0.044184
41,1,CA1-V1,cued,V1,128,0.034645
41,1,CA1-V1,cued,V1,129,0.067236
41,1,CA1-V1,cued,V1,130,0.030453
41,1,CA1-V1,cued,V1,131,0.03006
41,1,CA1-V1,cued,V1,132,0.132744
41,1,CA1-V1,cued,V1,133,0.052994
41,1,CA1-V1,cued,V1,134,0.061736
41,1,CA1-V1,cued,V1,135,0.146003
41,1,CA1-V1,cued,V1,136,0.09856
41,1,CA1-V1,cued,V1,137,0.032577
41,1,CA1-V1,cued,V1,138,0.012119
41,1,CA1-V1,cued,V1,139,0.084694
41,1,CA1-V1,cued,V1,140,0.492455
41,1,CA1-V1,cued,V1,141,0.079837
41,1,CA1-V1,cued,V1,142,0.163308
41,1,CA1-V1,cued,V1,143,0.035907
41,1,CA1-V1,cued,V1,144,0.05645
41,1,CA1-V1,cued,V1,145,0.105205
41,1,CA1-V1,cued,V1,146,0.071217
41,1,CA1-V1,cued,V1,147,0.181305
41,1,CA1-V1,cued,V1,148,0.419469
41,1,CA1-V1,cued,V1,149,0.07481
41,1,CA1-V1,cued,V1,150,0.034433
41,1,CA1-V1,cued,V1,151,0.132295
41,1,CA1-V1,cued,V1,152,0.030754
41,1,CA1-V1,cued,V1,153,0.552502
41,1,CA1-V1,cued,V1,154,0.114618
41,1,CA1-V1,cued,V1,155,0.518358
41,1,CA1-V1,cued,V1,156,0.043058
41,1,CA1-V1,cued,V1,157,0.081293
41,1,CA1-V1,cued,V1,158,0.056723
41,1,CA1-V1,cued,V1,159,0.206643
41,1,CA1-V1,cued,V1,160,0.033305
41,1,CA1-V1,cued,V1,161,0.198311
41,1,CA1-V1,cued,V1,162,0.01337
41,1,CA1-V1,cued,V1,163,0.004756
41,1,CA1-V1,cued,V1,164,0.03986
41,1,CA1-V1,cued,V1,165,0.028982
41,1,CA1-V1,cued,V1,166,0.00233
41,1,CA1-V1,cued,V1,167,0.003204
41,1,CA1-V1,cued,V1,168,0.554
41,1,CA1-V1,cued,V1,169,0.061472
41,1,CA1-V1,cued,V1,170,0.040515
41,1,CA1-V1,cued,V1,171,0.049936
41,1,CA1-V1,cued,V1,172,0.241062
41,1,CA1-V1,cued,V1,173,0.018786
41,1,CA1-V1,cued,V1,174,0.032564
41,1,CA1-V1,cued,V1,175,0.028235
52,1,CA1-RSC,uncued,CA1,0,0.126307
52,1,CA1-RSC,uncued,CA1,1,0.382201
52,1,CA1-RSC,uncued,CA1,2,0.050068
52,1,CA1-RSC,uncued,CA1,3,0.049845
52,1,CA1-RSC,uncued,CA1,4,0.0
52,1,CA1-RSC,uncued,CA1,5,0.001996
52,1,CA1-RSC,uncued,CA1,6,0.626442
52,1,CA1-RSC,uncued,CA1,7,0.027573
52,1,CA1-RSC,uncued,CA1,8,0.254208
52,1,CA1-RSC,uncued,CA1,9,0.011251
52,1,CA1-RSC,uncued,CA1,10,0.040601
52,1,CA1-RSC,uncued,CA1,11,0.092455
52,1,CA1-RSC,uncued,CA1,12,0.039237
52,1,CA1-RSC,uncued,CA1,13,0.054073
52,1,CA1-RSC,uncued,CA1,14,0.726566
52,1,CA1-RSC,uncued,CA1,15,0.476291
52,1,CA1-RSC,uncued,CA1,16,0.140095
52,1,CA1-RSC,uncued,CA1,17,0.006523
52,1,CA1-RSC,uncued,CA1,18,0.007935
52,1,CA1-RSC,uncued,CA1,19,0.638138
52,1,CA1-RSC,uncued,CA1,20,0.014561
52,1,CA1-RSC,uncued,CA1,21,0.63053
52,1,CA1-RSC,uncued,CA1,22,0.581494
52,1,CA1-RSC,uncued,CA1,23,0.179514
52,1,CA1-RSC,uncued,CA1,24,0.76071
52,1,CA1-RSC,uncued,CA1,25,0.009754
52,1,CA1-RSC,uncued,CA1,26,0.002062
52,1,CA1-RSC,uncued,CA1,27,0.016787
52,1,CA1-RSC,uncued,CA1,28,0.003137
52,1,CA1-RSC,uncued,CA1,29,0.019543
52,1,CA1-RSC,uncued,CA1,30,0.228372
52,1,CA1-RSC,uncued,CA1,31,0.046887
52,1,CA1-RSC,uncued,CA1,32,0.688272
52,1,CA1-RSC,uncued,CA1,33,0.24971
52,1,CA1-RSC,uncued,CA1,34,0.528766
52,1,CA1-RSC,uncued,CA1,35,0.243165
52,1,CA1-RSC,uncued,CA1,36,0.69167
52,1,CA1-RSC,uncued,CA1,37,0.326166
52,1,CA1-RSC,uncued,CA1,38,0.077867
52,1,CA1-RSC,uncued,CA1,39,0.19658
52,1,CA1-RSC,uncued,CA1,40,0.127686
52,1,CA1-RSC,uncued,CA1,41,0.105433
52,1,CA1-RSC,uncued,CA1,42,0.652046
52,1,CA1-RSC,uncued,CA1,43,0.077816
52,1,CA1-RSC,uncued,CA1,44,0.111188
52,1,CA1-RSC,uncued,CA1,45,0.611574
52,1,CA1-RSC,uncued,CA1,46,0.020988
52,1,CA1-RSC,uncued,CA1,47,0.034445
52,1,CA1-RSC,uncued,CA1,48,0.040476
52,1,CA1-RSC,uncued,CA1,49,0.779815
52,1,CA1-RSC,uncued,CA1,50,0.02827
52,1,CA1-RSC,uncued,CA1,51,0.024279
52,1,CA1-RSC,uncued,CA1,52,0.013969
52,1,CA1-RSC,uncued,CA1,53,0.092748
52,1,CA1-RSC,uncued,CA1,54,0.445985
52,1,CA1-RSC,uncued,CA1,55,0.124354
52,1,CA1-RSC,uncued,CA1,56,0.017467
52,1,CA1-RSC,uncued,RSC,0,1.237147
52,1,CA1-RSC,uncued,RSC,1,1.094797
52,1,CA1-RSC,uncued,RSC,2,0.96863
52,1,CA1-RSC,uncued,RSC,3,1.051481
52,1,CA1-RSC,uncued,RSC,4,1.187821
52,1,CA1-RSC,uncued,RSC,5,1.708844
52,1,CA1-RSC,uncued,RSC,6,2.267224
52,1,CA1-RSC,uncued,RSC,7,0.898023
52,1,CA1-RSC,uncued,RSC,8,3.009524
52,1,CA1-RSC,uncued,RSC,9,1.058191
52,1,CA1-RSC,cued,CA1,0,0.063643
52,1,CA1-RSC,cued,CA1,1,0.719564
52,1,CA1-RSC,cued,CA1,2,0.043263
52,1,CA1-RSC,cued,CA1,3,0.038236
52,1,CA1-RSC,cued,CA1,4,0.002097
52,1,CA1-RSC,cued,CA1,5,0.004476
52,1,CA1-RSC,cued,CA1,6,0.710376
52,1,CA1-RSC,cued,CA1,7,0.507918
52,1,CA1-RSC,cued,CA1,8,0.08324
52,1,CA1-RSC,cued,CA1,9,0.011736
52,1,CA1-RSC,cued,CA1,10,0.072464
52,1,CA1-RSC,cued,CA1,11,0.422826
52,1,CA1-RSC,cued,CA1,12,0.028979
52,1,CA1-RSC,cued,CA1,13,0.085163
52,1,CA1-RSC,cued,CA1,14,0.09077
52,1,CA1-RSC,cued,CA1,15,0.116962
52,1,CA1-RSC,cued,CA1,16,0.02093
52,1,CA1-RSC,cued,CA1,17,0.049741
52,1,CA1-RSC,cued,CA1,18,0.008437
52,1,CA1-RSC,cued,CA1,19,0.109724
52,1,CA1-RSC,cued,CA1,20,0.037741
52,1,CA1-RSC,cued,CA1,21,0.114724
52,1,CA1-RSC,cued,CA1,22,0.119507
52,1,CA1-RSC,cued,CA1,23,0.129519
52,1,CA1-RSC,cued,CA1,24,0.596519
52,1,CA1-RSC,cued,CA1,25,0.0648
52,1,CA1-RSC,cued,CA1,26,0.017473
52,1,CA1-RSC,cued,CA1,27,0.604151
52,1,CA1-RSC,cued,CA1,28,0.037634
52,1,CA1-RSC,cued,CA1,29,0.376874
52,1,CA1-RSC,cued,CA1,30,0.635944
52,1,CA1-RSC,cued,CA1,31,0.019196
52,1,CA1-RSC,cued,CA1,32,0.617565
52,1,CA1-RSC,cued,CA1,33,0.220135
52,1,CA1-RSC,cued,CA1,34,0.506817
52,1,CA1-RSC,cued,CA1,35,0.281672
52,1,CA1-RSC,cued,CA1,36,0.61757
52,1,CA1-RSC,cued,CA1,37,0.210041
52,1,CA1-RSC,cued,CA1,38,0.073245
52,1,CA1-RSC,cued,CA1,39,0.355008
52,1,CA1-RSC,cued,CA1,40,0.140605
52,1,CA1-RSC,cued,CA1,41,0.050654
52,1,CA1-RSC,cued,CA1,42,0.61307
52,1,CA1-RSC,cued,CA1,43,0.089258
52,1,CA1-RSC,cued,CA1,44,0.009152
52,1,CA1-RSC,cued,CA1,45,0.128669
52,1,CA1-RSC,cued,CA1,46,0.150522
52,1,CA1-RSC,cued,CA1,47,0.035275
52,1,CA1-RSC,cued,CA1,48,0.01669
52,1,CA1-RSC,cued,CA1,49,0.039787
52,1,CA1-RSC,cued,CA1,50,0.060285
52,1,CA1-RSC,cued,CA1,51,0.635602
52,1,CA1-RSC,cued,CA1,52,0.009223
52,1,CA1-RSC,cued,CA1,53,0.051911
52,1,CA1-RSC,cued,CA1,54,0.684606
52,1,CA1-RSC,cued,CA1,55,0.751318
52,1,CA1-RSC,cued,CA1,56,0.01033
52,1,CA1-RSC,cued,RSC,0,1.197531
52,1,CA1-RSC,cued,RSC,1,0.978421
52,1,CA1-RSC,cued,RSC,2,0.975832
52,1,CA1-RSC,cued,RSC,3,1.058404
52,1,CA1-RSC,cued,RSC,4,1.281985
52,1,CA1-RSC,cued,RSC,5,1.360576
52,1,CA1-RSC,cued,RSC,6,1.037023
52,1,CA1-RSC,cued,RSC,7,0.922672
52,1,CA1-RSC,cued,RSC,8,1.768474
52,1,CA1-RSC,cued,RSC,9,1.396525
52,1,CA1-CA3,uncued,CA1,0,0.159091
52,1,CA1-CA3,uncued,CA1,1,0.732165
52,1,CA1-CA3,uncued,CA1,2,0.059363
52,1,CA1-CA3,uncued,CA1,3,0.05761
52,1,CA1-CA3,uncued,CA1,4,0.001295
52,1,CA1-CA3,uncued,CA1,5,0.00695
52,1,CA1-CA3,uncued,CA1,6,0.744468
52,1,CA1-CA3,uncued,CA1,7,0.031376
52,1,CA1-CA3,uncued,CA1,8,0.265859
52,1,CA1-CA3,uncued,CA1,9,0.014243
52,1,CA1-CA3,uncued,CA1,10,0.046831
52,1,CA1-CA3,uncued,CA1,11,0.11272
52,1,CA1-CA3,uncued,CA1,12,0.063729
52,1,CA1-CA3,uncued,CA1,13,0.065035
52,1,CA1-CA3,uncued,CA1,14,0.736895
52,1,CA1-CA3,uncued,CA1,15,0.778399
52,1,CA1-CA3,uncued,CA1,16,0.138203
52,1,CA1-CA3,uncued,CA1,17,0.011675
52,1,CA1-CA3,uncued,CA1,18,0.011608
52,1,CA1-CA3,uncued,CA1,19,0.773135
52,1,CA1-CA3,uncued,CA1,20,0.023657
52,1,CA1-CA3,uncued,CA1,21,0.757968
52,1,CA1-CA3,uncued,CA1,22,0.815014
52,1,CA1-CA3,uncued,CA1,23,0.213666
52,1,CA1-CA3,uncued,CA1,24,0.792901
52,1,CA1-CA3,uncued,CA1,25,0.015211
52,1,CA1-CA3,uncued,CA1,26,0.003852
52,1,CA1-CA3,uncued,CA1,27,0.026741
52,1,CA1-CA3,uncued,CA1,28,0.003751
52,1,CA1-CA3,uncued,CA1,29,0.022833
52,1,CA1-CA3,uncued,CA1,30,0.290278
52,1,CA1-CA3,uncued,CA1,31,0.060444
52,1,CA1-CA3,uncued,CA1,32,0.731214
52,1,CA1-CA3,uncued,CA1,33,0.279143
52,1,CA1-CA3,uncued,CA1,34,0.554313
52,1,CA1-CA3,uncued,CA1,35,0.34839
52,1,CA1-CA3,uncued,CA1,36,0.840423
52,1,CA1-CA3,uncued,CA1,37,0.385452
52,1,CA1-CA3,uncued,CA1,38,0.109019
52,1,CA1-CA3,uncued,CA1,39,0.250842
52,1,CA1-CA3,uncued,CA1,40,0.165794
52,1,CA1-CA3,uncued,CA1,41,0.159002
52,1,CA1-CA3,uncued,CA1,42,0.826093
52,1,CA1-CA3,uncued,CA1,43,0.092054
52,1,CA1-CA3,uncued,CA1,44,0.139603
52,1,CA1-CA3,uncued,CA1,45,0.733832
52,1,CA1-CA3,uncued,CA1,46,0.024069
52,1,CA1-CA3,uncued,CA1,47,0.037394
52,1,CA1-CA3,uncued,CA1,48,0.042048
52,1,CA1-CA3,uncued,CA1,49,0.815109
52,1,CA1-CA3,uncued,CA1,50,0.034857
52,1,CA1-CA3,uncued,CA1,51,0.028199
52,1,CA1-CA3,uncued,CA1,52,0.017007
52,1,CA1-CA3,uncued,CA1,53,0.096991
52,1,CA1-CA3,uncued,CA1,54,0.779896
52,1,CA1-CA3,uncued,CA1,55,0.192379
52,1,CA1-CA3,uncued,CA1,56,0.019269
52,1,CA1-CA3,uncued,CA3,0,0.037693
52,1,CA1-CA3,uncued,CA3,1,0.024782
52,1,CA1-CA3,uncued,CA3,2,0.259249
52,1,CA1-CA3,uncued,CA3,3,0.061985
52,1,CA1-CA3,uncued,CA3,4,0.051119
52,1,CA1-CA3,uncued,CA3,5,0.147276
52,1,CA1-CA3,uncued,CA3,6,0.358846
52,1,CA1-CA3,uncued,CA3,7,0.213615
52,1,CA1-CA3,uncued,CA3,8,0.016857
52,1,CA1-CA3,uncued,CA3,9,0.000392
52,1,CA1-CA3,uncued,CA3,10,0.00958
52,1,CA1-CA3,uncued,CA3,11,0.008797
52,1,CA1-CA3,uncued,CA3,12,0.015012
52,1,CA1-CA3,uncued,CA3,13,0.78454
52,1,CA1-CA3,uncued,CA3,14,0.700993
52,1,CA1-CA3,uncued,CA3,15,0.032153
52,1,CA1-CA3,uncued,CA3,16,0.046299
52,1,CA1-CA3,uncued,CA3,17,0.223284
52,1,CA1-CA3,uncued,CA3,18,0.646026
52,1,CA1-CA3,uncued,CA3,19,0.664615
52,1,CA1-CA3,uncued,CA3,20,0.037373
52,1,CA1-CA3,uncued,CA3,21,0.029107
52,1,CA1-CA3,uncued,CA3,22,0.544902
52,1,CA1-CA3,uncued,CA3,23,0.731082
52,1,CA1-CA3,uncued,CA3,24,0.766533
52,1,CA1-CA3,uncued,CA3,25,0.014446
52,1,CA1-CA3,uncued,CA3,26,0.016652
52,1,CA1-CA3,uncued,CA3,27,0.025958
52,1,CA1-CA3,uncued,CA3,28,0.07258
52,1,CA1-CA3,uncued,CA3,29,0.086474
52,1,CA1-CA3,uncued,CA3,30,0.012355
52,1,CA1-CA3,uncued,CA3,31,0.000361
52,1,CA1-CA3,uncued,CA3,32,0.315183
52,1,CA1-CA3,uncued,CA3,33,0.320539
52,1,CA1-CA3,uncued,CA3,34,0.224539
52,1,CA1-CA3,uncued,CA3,35,0.245075
52,1,CA1-CA3,uncued,CA3,36,0.199342
52,1,CA1-CA3,uncued,CA3,37,0.168766
52,1,CA1-CA3,uncued,CA3,38,0.221143
52,1,CA1-CA3,uncued,CA3,39,0.11949
52,1,CA1-CA3,uncued,CA3,40,0.279275
52,1,CA1-CA3,uncued,CA3,41,0.470661
52,1,CA1-CA3,uncued,CA3,42,0.177031
52,1,CA1-CA3,uncued,CA3,43,0.716448
52,1,CA1-CA3,uncued,CA3,44,0.298831
52,1,CA1-CA3,uncued,CA3,45,0.36435
52,1,CA1-CA3,uncued,CA3,46,0.055697
52,1,CA1-CA3,uncued,CA3,47,0.264105
52,1,CA1-CA3,uncued,CA3,48,0.250598
52,1,CA1-CA3,uncued,CA3,49,0.754262
52,1,CA1-CA3,uncued,CA3,50,0.178677
52,1,CA1-CA3,uncued,CA3,51,0.061165
52,1,CA1-CA3,uncued,CA3,52,0.060401
52,1,CA1-CA3,uncued,CA3,53,0.708724
52,1,CA1-CA3,uncued,CA3,54,0.783022
52,1,CA1-CA3,uncued,CA3,55,0.02237
52,1,CA1-CA3,uncued,CA3,56,0.824672
52,1,CA1-CA3,uncued,CA3,57,0.018504
52,1,CA1-CA3,uncued,CA3,58,0.075447
52,1,CA1-CA3,uncued,CA3,59,0.799718
52,1,CA1-CA3,uncued,CA3,60,0.298683
52,1,CA1-CA3,cued,CA1,0,0.114034
52,1,CA1-CA3,cued,CA1,1,0.77315
52,1,CA1-CA3,cued,CA1,2,0.064226
52,1,CA1-CA3,cued,CA1,3,0.053416
52,1,CA1-CA3,cued,CA1,4,0.004546
52,1,CA1-CA3,cued,CA1,5,0.007925
52,1,CA1-CA3,cued,CA1,6,0.778056
52,1,CA1-CA3,cued,CA1,7,0.827443
52,1,CA1-CA3,cued,CA1,8,0.118012
52,1,CA1-CA3,cued,CA1,9,0.016061
52,1,CA1-CA3,cued,CA1,10,0.078568
52,1,CA1-CA3,cued,CA1,11,0.711464
52,1,CA1-CA3,cued,CA1,12,0.034682
52,1,CA1-CA3,cued,CA1,13,0.114148
52,1,CA1-CA3,cued,CA1,14,0.105777
52,1,CA1-CA3,cued,CA1,15,0.164137
52,1,CA1-CA3,cued,CA1,16,0.03117
52,1,CA1-CA3,cued,CA1,17,0.051017
52,1,CA1-CA3,cued,CA1,18,0.008788
52,1,CA1-CA3,cued,CA1,19,0.120197
52,1,CA1-CA3,cued,CA1,20,0.054496
52,1,CA1-CA3,cued,CA1,21,0.129248
52,1,CA1-CA3,cued,CA1,22,0.154202
52,1,CA1-CA3,cued,CA1,23,0.185101
52,1,CA1-CA3,cued,CA1,24,0.628653
52,1,CA1-CA3,cued,CA1,25,0.072433
52,1,CA1-CA3,cued,CA1,26,0.023773
52,1,CA1-CA3,cued,CA1,27,0.646243
52,1,CA1-CA3,cued,CA1,28,0.051199
52,1,CA1-CA3,cued,CA1,29,0.661908
52,1,CA1-CA3,cued,CA1,30,0.674616
52,1,CA1-CA3,cued,CA1,31,0.027363
52,1,CA1-CA3,cued,CA1,32,0.772757
52,1,CA1-CA3,cued,CA1,33,0.280378
52,1,CA1-CA3,cued,CA1,34,0.608338
52,1,CA1-CA3,cued,CA1,35,0.381867
52,1,CA1-CA3,cued,CA1,36,0.84982
52,1,CA1-CA3,cued,CA1,37,0.278467
52,1,CA1-CA3,cued,CA1,38,0.080908
52,1,CA1-CA3,cued,CA1,39,0.379198
52,1,CA1-CA3,cued,CA1,40,0.168062
52,1,CA1-CA3,cued,CA1,41,0.057367
52,1,CA1-CA3,cued,CA1,42,0.817045
52,1,CA1-CA3,cued,CA1,43,0.107225
52,1,CA1-CA3,cued,CA1,44,0.013955
52,1,CA1-CA3,cued,CA1,45,0.137644
52,1,CA1-CA3,cued,CA1,46,0.197146
52,1,CA1-CA3,cued,CA1,47,0.044181
52,1,CA1-CA3,cued,CA1,48,0.02026
52,1,CA1-CA3,cued,CA1,49,0.043316
52,1,CA1-CA3,cued,CA1,50,0.093886
52,1,CA1-CA3,cued,CA1,51,0.803757
52,1,CA1-CA3,cued,CA1,52,0.010398
52,1,CA1-CA3,cued,CA1,53,0.058624
52,1,CA1-CA3,cued,CA1,54,0.761049
52,1,CA1-CA3,cued,CA1,55,0.822928
52,1,CA1-CA3,cued,CA1,56,0.013074
52,1,CA1-CA3,cued,CA3,0,0.064024
52,1,CA1-CA3,cued,CA3,1,0.035265
52,1,CA1-CA3,cued,CA3,2,0.257582
52,1,CA1-CA3,cued,CA3,3,0.071491
52,1,CA1-CA3,cued,CA3,4,0.040936
52,1,CA1-CA3,cued,CA3,5,0.143232
52,1,CA1-CA3,cued,CA3,6,0.37535
52,1,CA1-CA3,cued,CA3,7,0.234811
52,1,CA1-CA3,cued,CA3,8,0.017606
52,1,CA1-CA3,cued,CA3,9,0.595853
52,1,CA1-CA3,cued,CA3,10,0.006551
52,1,CA1-CA3,cued,CA3,11,0.020845
52,1,CA1-CA3,cued,CA3,12,0.824778
52,1,CA1-CA3,cued,CA3,13,0.547856
52,1,CA1-CA3,cued,CA3,14,0.021246
52,1,CA1-CA3,cued,CA3,15,0.011414
52,1,CA1-CA3,cued,CA3,16,0.023765
52,1,CA1-CA3,cued,CA3,17,0.2197
52,1,CA1-CA3,cued,CA3,18,0.789659
52,1,CA1-CA3,cued,CA3,19,0.026253
52,1,CA1-CA3,cued,CA3,20,0.813978
52,1,CA1-CA3,cued,CA3,21,0.742603
52,1,CA1-CA3,cued,CA3,22,0.335274
52,1,CA1-CA3,cued,CA3,23,0.600384
52,1,CA1-CA3,cued,CA3,24,0.00903
52,1,CA1-CA3,cued,CA3,25,0.13945
52,1,CA1-CA3,cued,CA3,26,0.000364
52,1,CA1-CA3,cued,CA3,27,0.000632
52,1,CA1-CA3,cued,CA3,28,0.067774
52,1,CA1-CA3,cued,CA3,29,0.86658
52,1,CA1-CA3,cued,CA3,30,0.017233
52,1,CA1-CA3,cued,CA3,31,0.000381
52,1,CA1-CA3,cued,CA3,32,0.341728
52,1,CA1-CA3,cued,CA3,33,0.370911
52,1,CA1-CA3,cued,CA3,34,0.236801
52,1,CA1-CA3,cued,CA3,35,0.288626
52,1,CA1-CA3,cued,CA3,36,0.21345
52,1,CA1-CA3,cued,CA3,37,0.318201
52,1,CA1-CA3,cued,CA3,38,0.369253
52,1,CA1-CA3,cued,CA3,39,0.194557
52,1,CA1-CA3,cued,CA3,40,0.313097
52,1,CA1-CA3,cued,CA3,41,0.494308
52,1,CA1-CA3,cued,CA3,42,0.158567
52,1,CA1-CA3,cued,CA3,43,0.76265
52,1,CA1-CA3,cued,CA3,44,0.297213
52,1,CA1-CA3,cued,CA3,45,0.51918
52,1,CA1-CA3,cued,CA3,46,0.126098
52,1,CA1-CA3,cued,CA3,47,0.292463
52,1,CA1-CA3,cued,CA3,48,0.239613
52,1,CA1-CA3,cued,CA3,49,0.776137
52,1,CA1-CA3,cued,CA3,50,0.202918
52,1,CA1-CA3,cued,CA3,51,0.07795
52,1,CA1-CA3,cued,CA3,52,0.173668
52,1,CA1-CA3,cued,CA3,53,0.131594
52,1,CA1-CA3,cued,CA3,54,0.730637
52,1,CA1-CA3,cued,CA3,55,0.033173
52,1,CA1-CA3,cued,CA3,56,0.770442
52,1,CA1-CA3,cued,CA3,57,0.010528
52,1,CA1-CA3,cued,CA3,58,0.028172
52,1,CA1-CA3,cued,CA3,59,0.759307
52,1,CA1-CA3,cued,CA3,60,0.20129
52,1,CA1-DG,uncued,CA1,0,0.149551
52,1,CA1-DG,uncued,CA1,1,0.735654
52,1,CA1-DG,uncued,CA1,2,0.06015
52,1,CA1-DG,uncued,CA1,3,0.05503
52,1,CA1-DG,uncued,CA1,4,0.0
52,1,CA1-DG,uncued,CA1,5,0.00298
52,1,CA1-DG,uncued,CA1,6,0.74484
52,1,CA1-DG,uncued,CA1,7,0.03057
52,1,CA1-DG,uncued,CA1,8,0.278511
52,1,CA1-DG,uncued,CA1,9,0.013826
52,1,CA1-DG,uncued,CA1,10,0.04437
52,1,CA1-DG,uncued,CA1,11,0.110678
52,1,CA1-DG,uncued,CA1,12,0.062346
52,1,CA1-DG,uncued,CA1,13,0.065948
52,1,CA1-DG,uncued,CA1,14,0.739829
52,1,CA1-DG,uncued,CA1,15,0.782651
52,1,CA1-DG,uncued,CA1,16,0.143849
52,1,CA1-DG,uncued,CA1,17,0.011506
52,1,CA1-DG,uncued,CA1,18,0.01219
52,1,CA1-DG,uncued,CA1,19,0.776969
52,1,CA1-DG,uncued,CA1,20,0.023747
52,1,CA1-DG,uncued,CA1,21,0.760793
52,1,CA1-DG,uncued,CA1,22,0.815111
52,1,CA1-DG,uncued,CA1,23,0.21282
52,1,CA1-DG,uncued,CA1,24,0.793725
52,1,CA1-DG,uncued,CA1,25,0.014861
52,1,CA1-DG,uncued,CA1,26,0.003286
52,1,CA1-DG,uncued,CA1,27,0.026083
52,1,CA1-DG,uncued,CA1,28,0.003836
52,1,CA1-DG,uncued,CA1,29,0.023289
52,1,CA1-DG,uncued,CA1,30,0.296866
52,1,CA1-DG,uncued,CA1,31,0.06194
52,1,CA1-DG,uncued,CA1,32,0.732589
52,1,CA1-DG,uncued,CA1,33,0.276821
52,1,CA1-DG,uncued,CA1,34,0.562079
52,1,CA1-DG,uncued,CA1,35,0.345858
52,1,CA1-DG,uncued,CA1,36,0.844671
52,1,CA1-DG,uncued,CA1,37,0.390815
52,1,CA1-DG,uncued,CA1,38,0.098972
52,1,CA1-DG,uncued,CA1,39,0.249785
52,1,CA1-DG,uncued,CA1,40,0.166428
52,1,CA1-DG,uncued,CA1,41,0.154451
52,1,CA1-DG,uncued,CA1,42,0.826524
52,1,CA1-DG,uncued,CA1,43,0.092078
52,1,CA1-DG,uncued,CA1,44,0.142745
52,1,CA1-DG,uncued,CA1,45,0.73602
52,1,CA1-DG,uncued,CA1,46,0.024226
52,1,CA1-DG,uncued,CA1,47,0.039733
52,1,CA1-DG,uncued,CA1,48,0.042655
52,1,CA1-DG,uncued,CA1,49,0.815622
52,1,CA1-DG,uncued,CA1,50,0.035955
52,1,CA1-DG,uncued,CA1,51,0.028743
52,1,CA1-DG,uncued,CA1,52,0.014796
52,1,CA1-DG,uncued,CA1,53,0.100048
52,1,CA1-DG,uncued,CA1,54,0.781979
52,1,CA1-DG,uncued,CA1,55,0.191124
52,1,CA1-DG,uncued,CA1,56,0.01877
52,1,CA1-DG,uncued,DG,0,0.065985
52,1,CA1-DG,uncued,DG,1,0.768891
52,1,CA1-DG,uncued,DG,2,0.634385
52,1,CA1-DG,uncued,DG,3,0.034359
52,1,CA1-DG,uncued,DG,4,0.772736
52,1,CA1-DG,uncued,DG,5,0.413046
52,1,CA1-DG,uncued,DG,6,0.593367
52,1,CA1-DG,uncued,DG,7,0.079472
52,1,CA1-DG,uncued,DG,8,0.743265
52,1,CA1-DG,uncued,DG,9,0.320487
52,1,CA1-DG,uncued,DG,10,0.368035
52,1,CA1-DG,uncued,DG,11,0.132964
52,1,CA1-DG,uncued,DG,12,0.418483
52,1,CA1-DG,uncued,DG,13,0.014576
52,1,CA1-DG,uncued,DG,14,0.839079
52,1,CA1-DG,uncued,DG,15,0.477886
52,1,CA1-DG,uncued,DG,16,0.797662
52,1,CA1-DG,uncued,DG,17,0.036025
52,1,CA1-DG,uncued,DG,18,0.403319
52,1,CA1-DG,uncued,DG,19,0.249919
52,1,CA1-DG,uncued,DG,20,0.220145
52,1,CA1-DG,uncued,DG,21,0.748651
52,1,CA1-DG,uncued,DG,22,0.272497
52,1,CA1-DG,uncued,DG,23,0.91856
52,1,CA1-DG,uncued,DG,24,0.895238
52,1,CA1-DG,uncued,DG,25,0.844747
52,1,CA1-DG,uncued,DG,26,0.838512
52,1,CA1-DG,uncued,DG,27,0.874154
52,1,CA1-DG,uncued,DG,28,0.808086
52,1,CA1-DG,uncued,DG,29,0.031463
52,1,CA1-DG,uncued,DG,30,0.82198
52,1,CA1-DG,uncued,DG,31,0.094532
52,1,CA1-DG,uncued,DG,32,0.034741
52,1,CA1-DG,cued,CA1,0,0.086605
52,1,CA1-DG,cued,CA1,1,0.773686
52,1,CA1-DG,cued,CA1,2,0.064317
52,1,CA1-DG,cued,CA1,3,0.054607
52,1,CA1-DG,cued,CA1,4,0.003346
52,1,CA1-DG,cued,CA1,5,0.006855
52,1,CA1-DG,cued,CA1,6,0.781583
52,1,CA1-DG,cued,CA1,7,0.838003
52,1,CA1-DG,cued,CA1,8,0.111841
52,1,CA1-DG,cued,CA1,9,0.015633
52,1,CA1-DG,cued,CA1,10,0.084696
52,1,CA1-DG,cued,CA1,11,0.712831
52,1,CA1-DG,cued,CA1,12,0.035238
52,1,CA1-DG,cued,CA1,13,0.109378
52,1,CA1-DG,cued,CA1,14,0.113093
52,1,CA1-DG,cued,CA1,15,0.175331
52,1,CA1-DG,cued,CA1,16,0.030408
52,1,CA1-DG,cued,CA1,17,0.048493
52,1,CA1-DG,cued,CA1,18,0.008935
52,1,CA1-DG,cued,CA1,19,0.118103
52,1,CA1-DG,cued,CA1,20,0.055795
52,1,CA1-DG,cued,CA1,21,0.131348
52,1,CA1-DG,cued,CA1,22,0.155043
52,1,CA1-DG,cued,CA1,23,0.166877
52,1,CA1-DG,cued,CA1,24,0.628937
52,1,CA1-DG,cued,CA1,25,0.073509
52,1,CA1-DG,cued,CA1,26,0.022943
52,1,CA1-DG,cued,CA1,27,0.646473
52,1,CA1-DG,cued,CA1,28,0.050986
52,1,CA1-DG,cued,CA1,29,0.663276
52,1,CA1-DG,cued,CA1,30,0.676462
52,1,CA1-DG,cued,CA1,31,0.026222
52,1,CA1-DG,cued,CA1,32,0.77508
52,1,CA1-DG,cued,CA1,33,0.284673
52,1,CA1-DG,cued,CA1,34,0.597697
52,1,CA1-DG,cued,CA1,35,0.390478
52,1,CA1-DG,cued,CA1,36,0.857618
52,1,CA1-DG,cued,CA1,37,0.250508
52,1,CA1-DG,cued,CA1,38,0.080832
52,1,CA1-DG,cued,CA1,39,0.377388
52,1,CA1-DG,cued,CA1,40,0.177419
52,1,CA1-DG,cued,CA1,41,0.060077
52,1,CA1-DG,cued,CA1,42,0.821068
52,1,CA1-DG,cued,CA1,43,0.101823
52,1,CA1-DG,cued,CA1,44,0.012904
52,1,CA1-DG,cued,CA1,45,0.130964
52,1,CA1-DG,cued,CA1,46,0.192812
52,1,CA1-DG,cued,CA1,47,0.046458
52,1,CA1-DG,cued,CA1,48,0.022868
52,1,CA1-DG,cued,CA1,49,0.05444
52,1,CA1-DG,cued,CA1,50,0.09031
52,1,CA1-DG,cued,CA1,51,0.800751
52,1,CA1-DG,cued,CA1,52,0.009847
52,1,CA1-DG,cued,CA1,53,0.062398
52,1,CA1-DG,cued,CA1,54,0.76394
52,1,CA1-DG,cued,CA1,55,0.830155
52,1,CA1-DG,cued,CA1,56,0.013464
52,1,CA1-DG,cued,DG,0,0.050505
52,1,CA1-DG,cued,DG,1,0.803383
52,1,CA1-DG,cued,DG,2,0.028661
52,1,CA1-DG,cued,DG,3,0.869869
52,1,CA1-DG,cued,DG,4,0.827408
52,1,CA1-DG,cued,DG,5,0.393404
52,1,CA1-DG,cued,DG,6,0.794674
52,1,CA1-DG,cued,DG,7,0.789039
52,1,CA1-DG,cued,DG,8,0.678996
52,1,CA1-DG,cued,DG,9,0.119367
52,1,CA1-DG,cued,DG,10,0.330495
52,1,CA1-DG,cued,DG,11,0.17224
52,1,CA1-DG,cued,DG,12,0.357305
52,1,CA1-DG,cued,DG,13,0.025785
52,1,CA1-DG,cued,DG,14,0.886525
52,1,CA1-DG,cued,DG,15,0.15874
52,1,CA1-DG,cued,DG,16,0.252436
52,1,CA1-DG,cued,DG,17,0.023873
52,1,CA1-DG,cued,DG,18,0.145047
52,1,CA1-DG,cued,DG,19,0.544778
52,1,CA1-DG,cued,DG,20,0.103246
52,1,CA1-DG,cued,DG,21,0.721089
52,1,CA1-DG,cued,DG,22,0.885134
52,1,CA1-DG,cued,DG,23,0.897371
52,1,CA1-DG,cued,DG,24,0.838853
52,1,CA1-DG,cued,DG,25,0.810213
52,1,CA1-DG,cued,DG,26,0.790423
52,1,CA1-DG,cued,DG,27,0.781552
52,1,CA1-DG,cued,DG,28,0.141465
52,1,CA1-DG,cued,DG,29,0.045791
52,1,CA1-DG,cued,DG,30,0.233791
52,1,CA1-DG,cued,DG,31,0.654916
52,1,CA1-DG,cued,DG,32,0.06905
52,1,CA1-V1,uncued,CA1,0,0.149635
52,1,CA1-V1,uncued,CA1,1,0.734035
52,1,CA1-V1,uncued,CA1,2,0.060026
52,1,CA1-V1,uncued,CA1,3,0.05443
52,1,CA1-V1,uncued,CA1,4,0.0
52,1,CA1-V1,uncued,CA1,5,0.002961
52,1,CA1-V1,uncued,CA1,6,0.743713
52,1,CA1-V1,uncued,CA1,7,0.03108
52,1,CA1-V1,uncued,CA1,8,0.279755
52,1,CA1-V1,uncued,CA1,9,0.012832
52,1,CA1-V1,uncued,CA1,10,0.043543
52,1,CA1-V1,uncued,CA1,11,0.112453
52,1,CA1-V1,uncued,CA1,12,0.062991
52,1,CA1-V1,uncued,CA1,13,0.06776
52,1,CA1-V1,uncued,CA1,14,0.738461
52,1,CA1-V1,uncued,CA1,15,0.779822
52,1,CA1-V1,uncued,CA1,16,0.152443
52,1,CA1-V1,uncued,CA1,17,0.011312
52,1,CA1-V1,uncued,CA1,18,0.012815
52,1,CA1-V1,uncued,CA1,19,0.774166
52,1,CA1-V1,uncued,CA1,20,0.024547
52,1,CA1-V1,uncued,CA1,21,0.755876
52,1,CA1-V1,uncued,CA1,22,0.812861
52,1,CA1-V1,uncued,CA1,23,0.215353
52,1,CA1-V1,uncued,CA1,24,0.768954
52,1,CA1-V1,uncued,CA1,25,0.014988
52,1,CA1-V1,uncued,CA1,26,0.003046
52,1,CA1-V1,uncued,CA1,27,0.026344
52,1,CA1-V1,uncued,CA1,28,0.003781
52,1,CA1-V1,uncued,CA1,29,0.02169
52,1,CA1-V1,uncued,CA1,30,0.292312
52,1,CA1-V1,uncued,CA1,31,0.061667
52,1,CA1-V1,uncued,CA1,32,0.730391
52,1,CA1-V1,uncued,CA1,33,0.265591
52,1,CA1-V1,uncued,CA1,34,0.564796
52,1,CA1-V1,uncued,CA1,35,0.347786
52,1,CA1-V1,uncued,CA1,36,0.843174
52,1,CA1-V1,uncued,CA1,37,0.395004
52,1,CA1-V1,uncued,CA1,38,0.100376
52,1,CA1-V1,uncued,CA1,39,0.246752
52,1,CA1-V1,uncued,CA1,40,0.167809
52,1,CA1-V1,uncued,CA1,41,0.181257
52,1,CA1-V1,uncued,CA1,42,0.82466
52,1,CA1-V1,uncued,CA1,43,0.091008
52,1,CA1-V1,uncued,CA1,44,0.146894
52,1,CA1-V1,uncued,CA1,45,0.73493
52,1,CA1-V1,uncued,CA1,46,0.023903
52,1,CA1-V1,uncued,CA1,47,0.038849
52,1,CA1-V1,uncued,CA1,48,0.042131
52,1,CA1-V1,uncued,CA1,49,0.814043
52,1,CA1-V1,uncued,CA1,50,0.034557
52,1,CA1-V1,uncued,CA1,51,0.027741
52,1,CA1-V1,uncued,CA1,52,0.015434
52,1,CA1-V1,uncued,CA1,53,0.094619
52,1,CA1-V1,uncued,CA1,54,0.780389
52,1,CA1-V1,uncued,CA1,55,0.192862
52,1,CA1-V1,uncued,CA1,56,0.018467
52,1,CA1-V1,uncued,V1,0,0.01178
52,1,CA1-V1,uncued,V1,1,0.697645
52,1,CA1-V1,uncued,V1,2,0.396372
52,1,CA1-V1,uncued,V1,3,0.491976
52,1,CA1-V1,uncued,V1,4,0.081354
52,1,CA1-V1,uncued,V1,5,0.276947
52,1,CA1-V1,uncued,V1,6,0.384605
52,1,CA1-V1,uncued,V1,7,0.057298
52,1,CA1-V1,uncued,V1,8,0.200185
52,1,CA1-V1,uncued,V1,9,0.026088
52,1,CA1-V1,uncued,V1,10,0.156707
52,1,CA1-V1,uncued,V1,11,0.165025
52,1,CA1-V1,uncued,V1,12,0.325253
52,1,CA1-V1,uncued,V1,13,0.182317
52,1,CA1-V1,uncued,V1,14,0.236081
52,1,CA1-V1,uncued,V1,15,0.040528
52,1,CA1-V1,uncued,V1,16,0.088983
52,1,CA1-V1,uncued,V1,17,0.058735
52,1,CA1-V1,uncued,V1,18,0.134642
52,1,CA1-V1,uncued,V1,19,0.094819
52,1,CA1-V1,uncued,V1,20,0.071258
52,1,CA1-V1,uncued,V1,21,0.077285
52,1,CA1-V1,uncued,V1,22,0.073283
52,1,CA1-V1,uncued,V1,23,0.055286
52,1,CA1-V1,uncued,V1,24,0.018825
52,1,CA1-V1,uncued,V1,25,0.060574
52,1,CA1-V1,uncued,V1,26,0.0664
52,1,CA1-V1,uncued,V1,27,0.22235
52,1,CA1-V1,uncued,V1,28,0.205467
52,1,CA1-V1,uncued,V1,29,0.186052
52,1,CA1-V1,uncued,V1,30,0.01271
52,1,CA1-V1,uncued,V1,31,0.013273
52,1,CA1-V1,uncued,V1,32,0.106522
52,1,CA1-V1,uncued,V1,33,0.195814
52,1,CA1-V1,uncued,V1,34,0.076579
52,1,CA1-V1,uncued,V1,35,0.020044
52,1,CA1-V1,uncued,V1,36,0.01554
52,1,CA1-V1,uncued,V1,37,0.194564
52,1,CA1-V1,uncued,V1,38,0.027162
52,1,CA1-V1,uncued,V1,39,0.330445
52,1,CA1-V1,uncued,V1,40,0.030369
52,1,CA1-V1,uncued,V1,41,0.006496
52,1,CA1-V1,uncued,V1,42,0.523786
52,1,CA1-V1,uncued,V1,43,0.074619
52,1,CA1-V1,uncued,V1,44,0.02841
52,1,CA1-V1,uncued,V1,45,0.009859
52,1,CA1-V1,uncued,V1,46,0.017033
52,1,CA1-V1,uncued,V1,47,0.778077
52,1,CA1-V1,uncued,V1,48,0.176635
52,1,CA1-V1,uncued,V1,49,0.092969
52,1,CA1-V1,uncued,V1,50,0.039986
52,1,CA1-V1,uncued,V1,51,0.701265
52,1,CA1-V1,uncued,V1,52,0.025766
52,1,CA1-V1,uncued,V1,53,0.08768
52,1,CA1-V1,uncued,V1,54,0.511985
52,1,CA1-V1,uncued,V1,55,0.034151
52,1,CA1-V1,uncued,V1,56,0.140404
52,1,CA1-V1,uncued,V1,57,0.017697
52,1,CA1-V1,uncued,V1,58,0.009323
52,1,CA1-V1,uncued,V1,59,0.013576
52,1,CA1-V1,uncued,V1,60,0.834967
52,1,CA1-V1,uncued,V1,61,0.024984
52,1,CA1-V1,uncued,V1,62,0.100223
52,1,CA1-V1,uncued,V1,63,0.094536
52,1,CA1-V1,uncued,V1,64,0.028469
52,1,CA1-V1,uncued,V1,65,0.155404
52,1,CA1-V1,uncued,V1,66,0.045678
52,1,CA1-V1,uncued,V1,67,0.024597
52,1,CA1-V1,uncued,V1,68,0.027944
52,1,CA1-V1,uncued,V1,69,0.015117
52,1,CA1-V1,uncued,V1,70,0.01403
52,1,CA1-V1,uncued,V1,71,0.446762
52,1,CA1-V1,uncued,V1,72,0.021789
52,1,CA1-V1,uncued,V1,73,0.039235
52,1,CA1-V1,uncued,V1,74,0.014196
52,1,CA1-V1,uncued,V1,75,0.777811
52,1,CA1-V1,uncued,V1,76,0.045015
52,1,CA1-V1,uncued,V1,77,0.04576
52,1,CA1-V1,uncued,V1,78,0.104296
52,1,CA1-V1,uncued,V1,79,0.160848
52,1,CA1-V1,uncued,V1,80,0.151373
52,1,CA1-V1,uncued,V1,81,0.220461
52,1,CA1-V1,uncued,V1,82,0.211114
52,1,CA1-V1,uncued,V1,83,0.152909
52,1,CA1-V1,uncued,V1,84,0.107866
52,1,CA1-V1,uncued,V1,85,0.195092
52,1,CA1-V1,uncued,V1,86,0.068753
52,1,CA1-V1,uncued,V1,87,0.112988
52,1,CA1-V1,uncued,V1,88,0.13364
52,1,CA1-V1,uncued,V1,89,0.134285
52,1,CA1-V1,uncued,V1,90,0.059893
52,1,CA1-V1,uncued,V1,91,0.752509
52,1,CA1-V1,uncued,V1,92,0.330278
52,1,CA1-V1,uncued,V1,93,0.514533
52,1,CA1-V1,uncued,V1,94,0.126147
52,1,CA1-V1,uncued,V1,95,0.189882
52,1,CA1-V1,uncued,V1,96,0.02624
52,1,CA1-V1,uncued,V1,97,0.404882
52,1,CA1-V1,uncued,V1,98,0.052463
52,1,CA1-V1,uncued,V1,99,0.01706
52,1,CA1-V1,uncued,V1,100,0.699391
52,1,CA1-V1,uncued,V1,101,0.07361
52,1,CA1-V1,uncued,V1,102,0.062685
52,1,CA1-V1,uncued,V1,103,0.10717
52,1,CA1-V1,uncued,V1,104,0.019984
52,1,CA1-V1,uncued,V1,105,0.733855
52,1,CA1-V1,uncued,V1,106,0.054315
52,1,CA1-V1,uncued,V1,107,0.683486
52,1,CA1-V1,uncued,V1,108,0.003552
52,1,CA1-V1,cued,CA1,0,0.083551
52,1,CA1-V1,cued,CA1,1,0.769906
52,1,CA1-V1,cued,CA1,2,0.060551
52,1,CA1-V1,cued,CA1,3,0.058628
52,1,CA1-V1,cued,CA1,4,0.003629
52,1,CA1-V1,cued,CA1,5,0.0071
52,1,CA1-V1,cued,CA1,6,0.777274
52,1,CA1-V1,cued,CA1,7,0.834603
52,1,CA1-V1,cued,CA1,8,0.109225
52,1,CA1-V1,cued,CA1,9,0.016213
52,1,CA1-V1,cued,CA1,10,0.077541
52,1,CA1-V1,cued,CA1,11,0.710852
52,1,CA1-V1,cued,CA1,12,0.033668
52,1,CA1-V1,cued,CA1,13,0.114264
52,1,CA1-V1,cued,CA1,14,0.110403
52,1,CA1-V1,cued,CA1,15,0.182756
52,1,CA1-V1,cued,CA1,16,0.030201
52,1,CA1-V1,cued,CA1,17,0.048516
52,1,CA1-V1,cued,CA1,18,0.009086
52,1,CA1-V1,cued,CA1,19,0.122584
52,1,CA1-V1,cued,CA1,20,0.06036
52,1,CA1-V1,cued,CA1,21,0.143494
52,1,CA1-V1,cued,CA1,22,0.154885
52,1,CA1-V1,cued,CA1,23,0.167608
52,1,CA1-V1,cued,CA1,24,0.627026
52,1,CA1-V1,cued,CA1,25,0.071796
52,1,CA1-V1,cued,CA1,26,0.023337
52,1,CA1-V1,cued,CA1,27,0.644568
52,1,CA1-V1,cued,CA1,28,0.050997
52,1,CA1-V1,cued,CA1,29,0.659868
52,1,CA1-V1,cued,CA1,30,0.675694
52,1,CA1-V1,cued,CA1,31,0.025984
52,1,CA1-V1,cued,CA1,32,0.770901
52,1,CA1-V1,cued,CA1,33,0.271998
52,1,CA1-V1,cued,CA1,34,0.603868
52,1,CA1-V1,cued,CA1,35,0.408984
52,1,CA1-V1,cued,CA1,36,0.853833
52,1,CA1-V1,cued,CA1,37,0.25195
52,1,CA1-V1,cued,CA1,38,0.077103
52,1,CA1-V1,cued,CA1,39,0.366633
52,1,CA1-V1,cued,CA1,40,0.188834
52,1,CA1-V1,cued,CA1,41,0.05952
52,1,CA1-V1,cued,CA1,42,0.816621
52,1,CA1-V1,cued,CA1,43,0.099915
52,1,CA1-V1,cued,CA1,44,0.012761
52,1,CA1-V1,cued,CA1,45,0.129716
52,1,CA1-V1,cued,CA1,46,0.191299
52,1,CA1-V1,cued,CA1,47,0.05037
52,1,CA1-V1,cued,CA1,48,0.023539
52,1,CA1-V1,cued,CA1,49,0.056808
52,1,CA1-V1,cued,CA1,50,0.094743
52,1,CA1-V1,cued,CA1,51,0.797543
52,1,CA1-V1,cued,CA1,52,0.009568
52,1,CA1-V1,cued,CA1,53,0.064299
52,1,CA1-V1,cued,CA1,54,0.760499
52,1,CA1-V1,cued,CA1,55,0.828468
52,1,CA1-V1,cued,CA1,56,0.013538
52,1,CA1-V1,cued,V1,0,0.012892
52,1,CA1-V1,cued,V1,1,0.192311
52,1,CA1-V1,cued,V1,2,0.224337
52,1,CA1-V1,cued,V1,3,0.503285
52,1,CA1-V1,cued,V1,4,0.137626
52,1,CA1-V1,cued,V1,5,0.193377
52,1,CA1-V1,cued,V1,6,0.133605
52,1,CA1-V1,cued,V1,7,0.119815
52,1,CA1-V1,cued,V1,8,0.179602
52,1,CA1-V1,cued,V1,9,0.043851
52,1,CA1-V1,cued,V1,10,0.039666
52,1,CA1-V1,cued,V1,11,0.088371
52,1,CA1-V1,cued,V1,12,0.147606
52,1,CA1-V1,cued,V1,13,0.1185
52,1,CA1-V1,cued,V1,14,0.121933
52,1,CA1-V1,cued,V1,15,0.020727
52,1,CA1-V1,cued,V1,16,0.077121
52,1,CA1-V1,cued,V1,17,0.192239
52,1,CA1-V1,cued,V1,18,0.073381
52,1,CA1-V1,cued,V1,19,0.05797
52,1,CA1-V1,cued,V1,20,0.22645
52,1,CA1-V1,cued,V1,21,0.130198
52,1,CA1-V1,cued,V1,22,0.182795
52,1,CA1-V1,cued,V1,23,0.185209
52,1,CA1-V1,cued,V1,24,0.04612
52,1,CA1-V1,cued,V1,25,0.077453
52,1,CA1-V1,cued,V1,26,0.081388
52,1,CA1-V1,cued,V1,27,0.183502
52,1,CA1-V1,cued,V1,28,0.149548
52,1,CA1-V1,cued,V1,29,0.313768
52,1,CA1-V1,cued,V1,30,0.147668
52,1,CA1-V1,cued,V1,31,0.219553
52,1,CA1-V1,cued,V1,32,0.10608
52,1,CA1-V1,cued,V1,33,0.526002
52,1,CA1-V1,cued,V1,34,0.112213
52,1,CA1-V1,cued,V1,35,0.356906
52,1,CA1-V1,cued,V1,36,0.084881
52,1,CA1-V1,cued,V1,37,0.167253
52,1,CA1-V1,cued,V1,38,0.091114
52,1,CA1-V1,cued,V1,39,0.376381
52,1,CA1-V1,cued,V1,40,0.181088
52,1,CA1-V1,cued,V1,41,0.573294
52,1,CA1-V1,cued,V1,42,0.693217
52,1,CA1-V1,cued,V1,43,0.192061
52,1,CA1-V1,cued,V1,44,0.151894
52,1,CA1-V1,cued,V1,45,0.3004
52,1,CA1-V1,cued,V1,46,0.114524
52,1,CA1-V1,cued,V1,47,0.11921
52,1,CA1-V1,cued,V1,48,0.66173
52,1,CA1-V1,cued,V1,49,0.093378
52,1,CA1-V1,cued,V1,50,0.06275
52,1,CA1-V1,cued,V1,51,0.108634
52,1,CA1-V1,cued,V1,52,0.090264
52,1,CA1-V1,cued,V1,53,0.190194
52,1,CA1-V1,cued,V1,54,0.009056
52,1,CA1-V1,cued,V1,55,0.064573
52,1,CA1-V1,cued,V1,56,0.178494
52,1,CA1-V1,cued,V1,57,0.120349
52,1,CA1-V1,cued,V1,58,0.634427
52,1,CA1-V1,cued,V1,59,0.6865
52,1,CA1-V1,cued,V1,60,0.028961
52,1,CA1-V1,cued,V1,61,0.113002
52,1,CA1-V1,cued,V1,62,0.09584
52,1,CA1-V1,cued,V1,63,0.210121
52,1,CA1-V1,cued,V1,64,0.313003
52,1,CA1-V1,cued,V1,65,0.183494
52,1,CA1-V1,cued,V1,66,0.064738
52,1,CA1-V1,cued,V1,67,0.177393
52,1,CA1-V1,cued,V1,68,0.070862
52,1,CA1-V1,cued,V1,69,0.212035
52,1,CA1-V1,cued,V1,70,0.032229
52,1,CA1-V1,cued,V1,71,0.067175
52,1,CA1-V1,cued,V1,72,0.028431
52,1,CA1-V1,cued,V1,73,0.060608
52,1,CA1-V1,cued,V1,74,0.132623
52,1,CA1-V1,cued,V1,75,0.588799
52,1,CA1-V1,cued,V1,76,0.097052
52,1,CA1-V1,cued,V1,77,0.628396
52,1,CA1-V1,cued,V1,78,0.087012
52,1,CA1-V1,cued,V1,79,0.172334
52,1,CA1-V1,cued,V1,80,0.155201
52,1,CA1-V1,cued,V1,81,0.172354
52,1,CA1-V1,cued,V1,82,0.218732
52,1,CA1-V1,cued,V1,83,0.147173
52,1,CA1-V1,cued,V1,84,0.111332
52,1,CA1-V1,cued,V1,85,0.226909
52,1,CA1-V1,cued,V1,86,0.129503
52,1,CA1-V1,cued,V1,87,0.104134
52,1,CA1-V1,cued,V1,88,0.098694
52,1,CA1-V1,cued,V1,89,0.094943
52,1,CA1-V1,cued,V1,90,0.077935
52,1,CA1-V1,cued,V1,91,0.1286
52,1,CA1-V1,cued,V1,92,0.31456
52,1,CA1-V1,cued,V1,93,0.301178
52,1,CA1-V1,cued,V1,94,0.118982
52,1,CA1-V1,cued,V1,95,0.126713
52,1,CA1-V1,cued,V1,96,0.037187
52,1,CA1-V1,cued,V1,97,0.234019
52,1,CA1-V1,cued,V1,98,0.176761
52,1,CA1-V1,cued,V1,99,0.08356
52,1,CA1-V1,cued,V1,100,0.225632
52,1,CA1-V1,cued,V1,101,0.053868
52,1,CA1-V1,cued,V1,102,0.056425
52,1,CA1-V1,cued,V1,103,0.225117
52,1,CA1-V1,cued,V1,104,0.030797
52,1,CA1-V1,cued,V1,105,0.061595
52,1,CA1-V1,cued,V1,106,0.083567
52,1,CA1-V1,cued,V1,107,0.580142
52,1,CA1-V1,cued,V1,108,0.64072
52,1,CA3-DG,uncued,CA3,0,0.039729
52,1,CA3-DG,uncued,CA3,1,0.024312
52,1,CA3-DG,uncued,CA3,2,0.281868
52,1,CA3-DG,uncued,CA3,3,0.06353
52,1,CA3-DG,uncued,CA3,4,0.049147
52,1,CA3-DG,uncued,CA3,5,0.168816
52,1,CA3-DG,uncued,CA3,6,0.317336
52,1,CA3-DG,uncued,CA3,7,0.219777
52,1,CA3-DG,uncued,CA3,8,0.018326
52,1,CA3-DG,uncued,CA3,9,0.0
52,1,CA3-DG,uncued,CA3,10,0.009639
52,1,CA3-DG,uncued,CA3,11,0.008354
52,1,CA3-DG,uncued,CA3,12,0.012829
52,1,CA3-DG,uncued,CA3,13,0.788115
52,1,CA3-DG,uncued,CA3,14,0.574587
52,1,CA3-DG,uncued,CA3,15,0.033989
52,1,CA3-DG,uncued,CA3,16,0.047051
52,1,CA3-DG,uncued,CA3,17,0.278478
52,1,CA3-DG,uncued,CA3,18,0.644714
52,1,CA3-DG,uncued,CA3,19,0.664285
52,1,CA3-DG,uncued,CA3,20,0.048432
52,1,CA3-DG,uncued,CA3,21,0.029214
52,1,CA3-DG,uncued,CA3,22,0.54677
52,1,CA3-DG,uncued,CA3,23,0.731316
52,1,CA3-DG,uncued,CA3,24,0.768406
52,1,CA3-DG,uncued,CA3,25,0.016368
52,1,CA3-DG,uncued,CA3,26,0.016133
52,1,CA3-DG,uncued,CA3,27,0.025096
52,1,CA3-DG,uncued,CA3,28,0.066833
52,1,CA3-DG,uncued,CA3,29,0.073945
52,1,CA3-DG,uncued,CA3,30,0.01219
52,1,CA3-DG,uncued,CA3,31,0.0
52,1,CA3-DG,uncued,CA3,32,0.312456
52,1,CA3-DG,uncued,CA3,33,0.318042
52,1,CA3-DG,uncued,CA3,34,0.208125
52,1,CA3-DG,uncued,CA3,35,0.223847
52,1,CA3-DG,uncued,CA3,36,0.193386
52,1,CA3-DG,uncued,CA3,37,0.206978
52,1,CA3-DG,uncued,CA3,38,0.217543
52,1,CA3-DG,uncued,CA3,39,0.159957
52,1,CA3-DG,uncued,CA3,40,0.302573
52,1,CA3-DG,uncued,CA3,41,0.455607
52,1,CA3-DG,uncued,CA3,42,0.200381
52,1,CA3-DG,uncued,CA3,43,0.711209
52,1,CA3-DG,uncued,CA3,44,0.259254
52,1,CA3-DG,uncued,CA3,45,0.332222
52,1,CA3-DG,uncued,CA3,46,0.054779
52,1,CA3-DG,uncued,CA3,47,0.299606
52,1,CA3-DG,uncued,CA3,48,0.251796
52,1,CA3-DG,uncued,CA3,49,0.764834
52,1,CA3-DG,uncued,CA3,50,0.179343
52,1,CA3-DG,uncued,CA3,51,0.065022
52,1,CA3-DG,uncued,CA3,52,0.059786
52,1,CA3-DG,uncued,CA3,53,0.707512
52,1,CA3-DG,uncued,CA3,54,0.78392
52,1,CA3-DG,uncued,CA3,55,0.021962
52,1,CA3-DG,uncued,CA3,56,0.822052
52,1,CA3-DG,uncued,CA3,57,0.01845
52,1,CA3-DG,uncued,CA3,58,0.072609
52,1,CA3-DG,uncued,CA3,59,0.799795
52,1,CA3-DG,uncued,CA3,60,0.305111
52,1,CA3-DG,uncued,DG,0,0.070256
52,1,CA3-DG,uncued,DG,1,0.765245
52,1,CA3-DG,uncued,DG,2,0.633585
52,1,CA3-DG,uncued,DG,3,0.035777
52,1,CA3-DG,uncued,DG,4,0.767246
52,1,CA3-DG,uncued,DG,5,0.41193
52,1,CA3-DG,uncued,DG,6,0.593172
52,1,CA3-DG,uncued,DG,7,0.089165
52,1,CA3-DG,uncued,DG,8,0.714551
52,1,CA3-DG,uncued,DG,9,0.481509
52,1,CA3-DG,uncued,DG,10,0.393836
52,1,CA3-DG,uncued,DG,11,0.147054
52,1,CA3-DG,uncued,DG,12,0.445668
52,1,CA3-DG,uncued,DG,13,0.014464
52,1,CA3-DG,uncued,DG,14,0.834054
52,1,CA3-DG,uncued,DG,15,0.517352
52,1,CA3-DG,uncued,DG,16,0.653883
52,1,CA3-DG,uncued,DG,17,0.036491
52,1,CA3-DG,uncued,DG,18,0.477463
52,1,CA3-DG,uncued,DG,19,0.254972
52,1,CA3-DG,uncued,DG,20,0.210417
52,1,CA3-DG,uncued,DG,21,0.746853
52,1,CA3-DG,uncued,DG,22,0.244231
52,1,CA3-DG,uncued,DG,23,0.937604
52,1,CA3-DG,uncued,DG,24,0.896736
52,1,CA3-DG,uncued,DG,25,0.839538
52,1,CA3-DG,uncued,DG,26,0.835535
52,1,CA3-DG,uncued,DG,27,0.721548
52,1,CA3-DG,uncued,DG,28,0.767152
52,1,CA3-DG,uncued,DG,29,0.030275
52,1,CA3-DG,uncued,DG,30,0.822154
52,1,CA3-DG,uncued,DG,31,0.089994
52,1,CA3-DG,uncued,DG,32,0.041837
52,1,CA3-DG,cued,CA3,0,0.06822
52,1,CA3-DG,cued,CA3,1,0.037767
52,1,CA3-DG,cued,CA3,2,0.272234
52,1,CA3-DG,cued,CA3,3,0.069635
52,1,CA3-DG,cued,CA3,4,0.042715
52,1,CA3-DG,cued,CA3,5,0.1607
52,1,CA3-DG,cued,CA3,6,0.360321
52,1,CA3-DG,cued,CA3,7,0.242792
52,1,CA3-DG,cued,CA3,8,0.017078
52,1,CA3-DG,cued,CA3,9,0.596555
52,1,CA3-DG,cued,CA3,10,0.006487
52,1,CA3-DG,cued,CA3,11,0.019854
52,1,CA3-DG,cued,CA3,12,0.82717
52,1,CA3-DG,cued,CA3,13,0.551288
52,1,CA3-DG,cued,CA3,14,0.018299
52,1,CA3-DG,cued,CA3,15,0.01039
52,1,CA3-DG,cued,CA3,16,0.033225
52,1,CA3-DG,cued,CA3,17,0.279878
52,1,CA3-DG,cued,CA3,18,0.774361
52,1,CA3-DG,cued,CA3,19,0.026673
52,1,CA3-DG,cued,CA3,20,0.814728
52,1,CA3-DG,cued,CA3,21,0.741816
52,1,CA3-DG,cued,CA3,22,0.28112
52,1,CA3-DG,cued,CA3,23,0.511184
52,1,CA3-DG,cued,CA3,24,0.008795
52,1,CA3-DG,cued,CA3,25,0.113315
52,1,CA3-DG,cued,CA3,26,0.000521
52,1,CA3-DG,cued,CA3,27,0.000904
52,1,CA3-DG,cued,CA3,28,0.062757
52,1,CA3-DG,cued,CA3,29,0.870174
52,1,CA3-DG,cued,CA3,30,0.018535
52,1,CA3-DG,cued,CA3,31,0.000544
52,1,CA3-DG,cued,CA3,32,0.342012
52,1,CA3-DG,cued,CA3,33,0.371312
52,1,CA3-DG,cued,CA3,34,0.230271
52,1,CA3-DG,cued,CA3,35,0.277825
52,1,CA3-DG,cued,CA3,36,0.203114
52,1,CA3-DG,cued,CA3,37,0.369326
52,1,CA3-DG,cued,CA3,38,0.349513
52,1,CA3-DG,cued,CA3,39,0.240836
52,1,CA3-DG,cued,CA3,40,0.3447
52,1,CA3-DG,cued,CA3,41,0.495292
52,1,CA3-DG,cued,CA3,42,0.185362
52,1,CA3-DG,cued,CA3,43,0.733209
52,1,CA3-DG,cued,CA3,44,0.268245
52,1,CA3-DG,cued,CA3,45,0.454315
52,1,CA3-DG,cued,CA3,46,0.132542
52,1,CA3-DG,cued,CA3,47,0.310679
52,1,CA3-DG,cued,CA3,48,0.240387
52,1,CA3-DG,cued,CA3,49,0.773695
52,1,CA3-DG,cued,CA3,50,0.199494
52,1,CA3-DG,cued,CA3,51,0.085166
52,1,CA3-DG,cued,CA3,52,0.154839
52,1,CA3-DG,cued,CA3,53,0.117025
52,1,CA3-DG,cued,CA3,54,0.731794
52,1,CA3-DG,cued,CA3,55,0.033588
52,1,CA3-DG,cued,CA3,56,0.754297
52,1,CA3-DG,cued,CA3,57,0.012536
52,1,CA3-DG,cued,CA3,58,0.028685
52,1,CA3-DG,cued,CA3,59,0.760901
52,1,CA3-DG,cued,CA3,60,0.220678
52,1,CA3-DG,cued,DG,0,0.053584
52,1,CA3-DG,cued,DG,1,0.797861
52,1,CA3-DG,cued,DG,2,0.029929
52,1,CA3-DG,cued,DG,3,0.852568
52,1,CA3-DG,cued,DG,4,0.818591
52,1,CA3-DG,cued,DG,5,0.396912
52,1,CA3-DG,cued,DG,6,0.793786
52,1,CA3-DG,cued,DG,7,0.784808
52,1,CA3-DG,cued,DG,8,0.595191
52,1,CA3-DG,cued,DG,9,0.243142
52,1,CA3-DG,cued,DG,10,0.345814
52,1,CA3-DG,cued,DG,11,0.17642
52,1,CA3-DG,cued,DG,12,0.373337
52,1,CA3-DG,cued,DG,13,0.02811
52,1,CA3-DG,cued,DG,14,0.881911
52,1,CA3-DG,cued,DG,15,0.244828
52,1,CA3-DG,cued,DG,16,0.294064
52,1,CA3-DG,cued,DG,17,0.027822
52,1,CA3-DG,cued,DG,18,0.24867
52,1,CA3-DG,cued,DG,19,0.520618
52,1,CA3-DG,cued,DG,20,0.116361
52,1,CA3-DG,cued,DG,21,0.70309
52,1,CA3-DG,cued,DG,22,0.879441
52,1,CA3-DG,cued,DG,23,0.859923
52,1,CA3-DG,cued,DG,24,0.807299
52,1,CA3-DG,cued,DG,25,0.808863
52,1,CA3-DG,cued,DG,26,0.785926
52,1,CA3-DG,cued,DG,27,0.768137
52,1,CA3-DG,cued,DG,28,0.12913
52,1,CA3-DG,cued,DG,29,0.043816
52,1,CA3-DG,cued,DG,30,0.213022
52,1,CA3-DG,cued,DG,31,0.652551
52,1,CA3-DG,cued,DG,32,0.084954
52,1,V1-RSC,uncued,V1,0,0.010956
52,1,V1-RSC,uncued,V1,1,0.627244
52,1,V1-RSC,uncued,V1,2,0.326918
52,1,V1-RSC,uncued,V1,3,0.454475
52,1,V1-RSC,uncued,V1,4,0.072098
52,1,V1-RSC,uncued,V1,5,0.241982
52,1,V1-RSC,uncued,V1,6,0.343511
52,1,V1-RSC,uncued,V1,7,0.05118
52,1,V1-RSC,uncued,V1,8,0.177617
52,1,V1-RSC,uncued,V1,9,0.023692
52,1,V1-RSC,uncued,V1,10,0.126684
52,1,V1-RSC,uncued,V1,11,0.146434
52,1,V1-RSC,uncued,V1,12,0.295198
52,1,V1-RSC,uncued,V1,13,0.168795
52,1,V1-RSC,uncued,V1,14,0.192336
52,1,V1-RSC,uncued,V1,15,0.034901
52,1,V1-RSC,uncued,V1,16,0.075408
52,1,V1-RSC,uncued,V1,17,0.051024
52,1,V1-RSC,uncued,V1,18,0.110202
52,1,V1-RSC,uncued,V1,19,0.075069
52,1,V1-RSC,uncued,V1,20,0.058782
52,1,V1-RSC,uncued,V1,21,0.063685
52,1,V1-RSC,uncued,V1,22,0.068325
52,1,V1-RSC,uncued,V1,23,0.041665
52,1,V1-RSC,uncued,V1,24,0.015489
52,1,V1-RSC,uncued,V1,25,0.056511
52,1,V1-RSC,uncued,V1,26,0.053597
52,1,V1-RSC,uncued,V1,27,0.193422
52,1,V1-RSC,uncued,V1,28,0.175339
52,1,V1-RSC,uncued,V1,29,0.174316
52,1,V1-RSC,uncued,V1,30,0.010924
52,1,V1-RSC,uncued,V1,31,0.012385
52,1,V1-RSC,uncued,V1,32,0.096611
52,1,V1-RSC,uncued,V1,33,0.177476
52,1,V1-RSC,uncued,V1,34,0.065219
52,1,V1-RSC,uncued,V1,35,0.01806
52,1,V1-RSC,uncued,V1,36,0.013811
52,1,V1-RSC,uncued,V1,37,0.149817
52,1,V1-RSC,uncued,V1,38,0.022117
52,1,V1-RSC,uncued,V1,39,0.285135
52,1,V1-RSC,uncued,V1,40,0.026872
52,1,V1-RSC,uncued,V1,41,0.006363
52,1,V1-RSC,uncued,V1,42,0.241932
52,1,V1-RSC,uncued,V1,43,0.074612
52,1,V1-RSC,uncued,V1,44,0.026626
52,1,V1-RSC,uncued,V1,45,0.009133
52,1,V1-RSC,uncued,V1,46,0.016783
52,1,V1-RSC,uncued,V1,47,0.752269
52,1,V1-RSC,uncued,V1,48,0.145654
52,1,V1-RSC,uncued,V1,49,0.085085
52,1,V1-RSC,uncued,V1,50,0.032076
52,1,V1-RSC,uncued,V1,51,0.633983
52,1,V1-RSC,uncued,V1,52,0.022538
52,1,V1-RSC,uncued,V1,53,0.072962
52,1,V1-RSC,uncued,V1,54,0.320477
52,1,V1-RSC,uncued,V1,55,0.032032
52,1,V1-RSC,uncued,V1,56,0.117192
52,1,V1-RSC,uncued,V1,57,0.01653
52,1,V1-RSC,uncued,V1,58,0.008062
52,1,V1-RSC,uncued,V1,59,0.01164
52,1,V1-RSC,uncued,V1,60,0.586248
52,1,V1-RSC,uncued,V1,61,0.022248
52,1,V1-RSC,uncued,V1,62,0.089519
52,1,V1-RSC,uncued,V1,63,0.091148
52,1,V1-RSC,uncued,V1,64,0.0233
52,1,V1-RSC,uncued,V1,65,0.138285
52,1,V1-RSC,uncued,V1,66,0.045018
52,1,V1-RSC,uncued,V1,67,0.020996
52,1,V1-RSC,uncued,V1,68,0.023508
52,1,V1-RSC,uncued,V1,69,0.014501
52,1,V1-RSC,uncued,V1,70,0.012557
52,1,V1-RSC,uncued,V1,71,0.398084
52,1,V1-RSC,uncued,V1,72,0.01914
52,1,V1-RSC,uncued,V1,73,0.036949
52,1,V1-RSC,uncued,V1,74,0.012871
52,1,V1-RSC,uncued,V1,75,0.554744
52,1,V1-RSC,uncued,V1,76,0.037348
52,1,V1-RSC,uncued,V1,77,0.044719
52,1,V1-RSC,uncued,V1,78,0.078004
52,1,V1-RSC,uncued,V1,79,0.149391
52,1,V1-RSC,uncued,V1,80,0.128895
52,1,V1-RSC,uncued,V1,81,0.201217
52,1,V1-RSC,uncued,V1,82,0.191302
52,1,V1-RSC,uncued,V1,83,0.134647
52,1,V1-RSC,uncued,V1,84,0.097076
52,1,V1-RSC,uncued,V1,85,0.172585
52,1,V1-RSC,uncued,V1,86,0.059903
52,1,V1-RSC,uncued,V1,87,0.099779
52,1,V1-RSC,uncued,V1,88,0.112244
52,1,V1-RSC,uncued,V1,89,0.111974
52,1,V1-RSC,uncued,V1,90,0.050415
52,1,V1-RSC,uncued,V1,91,0.495275
52,1,V1-RSC,uncued,V1,92,0.269309
52,1,V1-RSC,uncued,V1,93,0.483655
52,1,V1-RSC,uncued,V1,94,0.118382
52,1,V1-RSC,uncued,V1,95,0.168407
52,1,V1-RSC,uncued,V1,96,0.022809
52,1,V1-RSC,uncued,V1,97,0.373854
52,1,V1-RSC,uncued,V1,98,0.042729
52,1,V1-RSC,uncued,V1,99,0.01306
52,1,V1-RSC,uncued,V1,100,0.633606
52,1,V1-RSC,uncued,V1,101,0.062527
52,1,V1-RSC,uncued,V1,102,0.054501
52,1,V1-RSC,uncued,V1,103,0.082751
52,1,V1-RSC,uncued,V1,104,0.017803
52,1,V1-RSC,uncued,V1,105,0.556461
52,1,V1-RSC,uncued,V1,106,0.045074
52,1,V1-RSC,uncued,V1,107,0.557217
52,1,V1-RSC,uncued,V1,108,0.003524
52,1,V1-RSC,uncued,RSC,0,1.233971
52,1,V1-RSC,uncued,RSC,1,1.085955
52,1,V1-RSC,uncued,RSC,2,0.96694
52,1,V1-RSC,uncued,RSC,3,1.047228
52,1,V1-RSC,uncued,RSC,4,1.183715
52,1,V1-RSC,uncued,RSC,5,1.690578
52,1,V1-RSC,uncued,RSC,6,2.259477
52,1,V1-RSC,uncued,RSC,7,0.896186
52,1,V1-RSC,uncued,RSC,8,3.004013
52,1,V1-RSC,uncued,RSC,9,1.0591
52,1,V1-RSC,cued,V1,0,0.012049
52,1,V1-RSC,cued,V1,1,0.16896
52,1,V1-RSC,cued,V1,2,0.206742
52,1,V1-RSC,cued,V1,3,0.338511
52,1,V1-RSC,cued,V1,4,0.11864
52,1,V1-RSC,cued,V1,5,0.172731
52,1,V1-RSC,cued,V1,6,0.127896
52,1,V1-RSC,cued,V1,7,0.11043
52,1,V1-RSC,cued,V1,8,0.166018
52,1,V1-RSC,cued,V1,9,0.036699
52,1,V1-RSC,cued,V1,10,0.032291
52,1,V1-RSC,cued,V1,11,0.079052
52,1,V1-RSC,cued,V1,12,0.13995
52,1,V1-RSC,cued,V1,13,0.105845
52,1,V1-RSC,cued,V1,14,0.114616
52,1,V1-RSC,cued,V1,15,0.018524
52,1,V1-RSC,cued,V1,16,0.063909
52,1,V1-RSC,cued,V1,17,0.15777
52,1,V1-RSC,cued,V1,18,0.055925
52,1,V1-RSC,cued,V1,19,0.052691
52,1,V1-RSC,cued,V1,20,0.201532
52,1,V1-RSC,cued,V1,21,0.106682
52,1,V1-RSC,cued,V1,22,0.105601
52,1,V1-RSC,cued,V1,23,0.1803
52,1,V1-RSC,cued,V1,24,0.043336
52,1,V1-RSC,cued,V1,25,0.070822
52,1,V1-RSC,cued,V1,26,0.061742
52,1,V1-RSC,cued,V1,27,0.154135
52,1,V1-RSC,cued,V1,28,0.126751
52,1,V1-RSC,cued,V1,29,0.271991
52,1,V1-RSC,cued,V1,30,0.089682
52,1,V1-RSC,cued,V1,31,0.203095
52,1,V1-RSC,cued,V1,32,0.085185
52,1,V1-RSC,cued,V1,33,0.452104
52,1,V1-RSC,cued,V1,34,0.110651
52,1,V1-RSC,cued,V1,35,0.335897
52,1,V1-RSC,cued,V1,36,0.078938
52,1,V1-RSC,cued,V1,37,0.153448
52,1,V1-RSC,cued,V1,38,0.069702
52,1,V1-RSC,cued,V1,39,0.285804
52,1,V1-RSC,cued,V1,40,0.159401
52,1,V1-RSC,cued,V1,41,0.36919
52,1,V1-RSC,cued,V1,42,0.573322
52,1,V1-RSC,cued,V1,43,0.149807
52,1,V1-RSC,cued,V1,44,0.111983
52,1,V1-RSC,cued,V1,45,0.195952
52,1,V1-RSC,cued,V1,46,0.085398
52,1,V1-RSC,cued,V1,47,0.101954
52,1,V1-RSC,cued,V1,48,0.569057
52,1,V1-RSC,cued,V1,49,0.084314
52,1,V1-RSC,cued,V1,50,0.051512
52,1,V1-RSC,cued,V1,51,0.074102
52,1,V1-RSC,cued,V1,52,0.083509
52,1,V1-RSC,cued,V1,53,0.104739
52,1,V1-RSC,cued,V1,54,0.007478
52,1,V1-RSC,cued,V1,55,0.0574
52,1,V1-RSC,cued,V1,56,0.166322
52,1,V1-RSC,cued,V1,57,0.113686
52,1,V1-RSC,cued,V1,58,0.458355
52,1,V1-RSC,cued,V1,59,0.450535
52,1,V1-RSC,cued,V1,60,0.018634
52,1,V1-RSC,cued,V1,61,0.098612
52,1,V1-RSC,cued,V1,62,0.083854
52,1,V1-RSC,cued,V1,63,0.190932
52,1,V1-RSC,cued,V1,64,0.274861
52,1,V1-RSC,cued,V1,65,0.163031
52,1,V1-RSC,cued,V1,66,0.049422
52,1,V1-RSC,cued,V1,67,0.14468
52,1,V1-RSC,cued,V1,68,0.062056
52,1,V1-RSC,cued,V1,69,0.138237
52,1,V1-RSC,cued,V1,70,0.02639
52,1,V1-RSC,cued,V1,71,0.039118
52,1,V1-RSC,cued,V1,72,0.026925
52,1,V1-RSC,cued,V1,73,0.055616
52,1,V1-RSC,cued,V1,74,0.112058
52,1,V1-RSC,cued,V1,75,0.463337
52,1,V1-RSC,cued,V1,76,0.081812
52,1,V1-RSC,cued,V1,77,0.588641
52,1,V1-RSC,cued,V1,78,0.047177
52,1,V1-RSC,cued,V1,79,0.168155
52,1,V1-RSC,cued,V1,80,0.135599
52,1,V1-RSC,cued,V1,81,0.124088
52,1,V1-RSC,cued,V1,82,0.184945
52,1,V1-RSC,cued,V1,83,0.131267
52,1,V1-RSC,cued,V1,84,0.091161
52,1,V1-RSC,cued,V1,85,0.202653
52,1,V1-RSC,cued,V1,86,0.090565
52,1,V1-RSC,cued,V1,87,0.096005
52,1,V1-RSC,cued,V1,88,0.094619
52,1,V1-RSC,cued,V1,89,0.076884
52,1,V1-RSC,cued,V1,90,0.075134
52,1,V1-RSC,cued,V1,91,0.109237
52,1,V1-RSC,cued,V1,92,0.296957
52,1,V1-RSC,cued,V1,93,0.204261
52,1,V1-RSC,cued,V1,94,0.113467
52,1,V1-RSC,cued,V1,95,0.095154
52,1,V1-RSC,cued,V1,96,0.034496
52,1,V1-RSC,cued,V1,97,0.148591
52,1,V1-RSC,cued,V1,98,0.127494
52,1,V1-RSC,cued,V1,99,0.069365
52,1,V1-RSC,cued,V1,100,0.17935
52,1,V1-RSC,cued,V1,101,0.049047
52,1,V1-RSC,cued,V1,102,0.051617
52,1,V1-RSC,cued,V1,103,0.205741
52,1,V1-RSC,cued,V1,104,0.026784
52,1,V1-RSC,cued,V1,105,0.058994
52,1,V1-RSC,cued,V1,106,0.075868
52,1,V1-RSC,cued,V1,107,0.549762
52,1,V1-RSC,cued,V1,108,0.481847
52,1,V1-RSC,cued,RSC,0,1.188148
52,1,V1-RSC,cued,RSC,1,0.965982
52,1,V1-RSC,cued,RSC,2,0.974188
52,1,V1-RSC,cued,RSC,3,1.048502
52,1,V1-RSC,cued,RSC,4,1.280276
52,1,V1-RSC,cued,RSC,5,1.357431
52,1,V1-RSC,cued,RSC,6,1.033362
52,1,V1-RSC,cued,RSC,7,0.920626
52,1,V1-RSC,cued,RSC,8,1.765483
52,1,V1-RSC,cued,RSC,9,1.388258
61,1,CA1-RSC,uncued,CA1,0,0.061977
61,1,CA1-RSC,uncued,CA1,1,0.101123
61,1,CA1-RSC,uncued,CA1,2,0.022513
61,1,CA1-RSC,uncued,CA1,3,0.025694
61,1,CA1-RSC,uncued,CA1,4,0.14144
61,1,CA1-RSC,uncued,CA1,5,0.575909
61,1,CA1-RSC,uncued,CA1,6,0.015817
61,1,CA1-RSC,uncued,CA1,7,0.544762
61,1,CA1-RSC,uncued,CA1,8,0.053013
61,1,CA1-RSC,uncued,CA1,9,0.006272
61,1,CA1-RSC,uncued,CA1,10,0.637785
61,1,CA1-RSC,uncued,CA1,11,0.036905
61,1,CA1-RSC,uncued,CA1,12,0.061989
61,1,CA1-RSC,uncued,CA1,13,0.032974
61,1,CA1-RSC,uncued,CA1,14,0.033417
61,1,CA1-RSC,uncued,CA1,15,0.128082
61,1,CA1-RSC,uncued,CA1,16,0.041932
61,1,CA1-RSC,uncued,CA1,17,0.018165
61,1,CA1-RSC,uncued,CA1,18,0.007104
61,1,CA1-RSC,uncued,CA1,19,0.025772
61,1,CA1-RSC,uncued,CA1,20,0.046701
61,1,CA1-RSC,uncued,CA1,21,0.013317
61,1,CA1-RSC,uncued,CA1,22,0.025224
61,1,CA1-RSC,uncued,CA1,23,0.053538
61,1,CA1-RSC,uncued,CA1,24,0.022786
61,1,CA1-RSC,uncued,CA1,25,0.050849
61,1,CA1-RSC,uncued,CA1,26,0.581056
61,1,CA1-RSC,uncued,CA1,27,0.04111
61,1,CA1-RSC,uncued,CA1,28,0.024784
61,1,CA1-RSC,uncued,CA1,29,0.012043
61,1,CA1-RSC,uncued,CA1,30,0.020712
61,1,CA1-RSC,uncued,CA1,31,0.676347
61,1,CA1-RSC,uncued,CA1,32,0.645115
61,1,CA1-RSC,uncued,CA1,33,0.505995
61,1,CA1-RSC,uncued,CA1,34,0.502425
61,1,CA1-RSC,uncued,CA1,35,0.038626
61,1,CA1-RSC,uncued,CA1,36,0.041899
61,1,CA1-RSC,uncued,CA1,37,0.526957
61,1,CA1-RSC,uncued,CA1,38,0.502633
61,1,CA1-RSC,uncued,CA1,39,0.021328
61,1,CA1-RSC,uncued,CA1,40,0.662052
61,1,CA1-RSC,uncued,CA1,41,0.01845
61,1,CA1-RSC,uncued,CA1,42,0.048084
61,1,CA1-RSC,uncued,CA1,43,0.399059
61,1,CA1-RSC,uncued,CA1,44,0.012329
61,1,CA1-RSC,uncued,CA1,45,0.005936
61,1,CA1-RSC,uncued,CA1,46,0.0
61,1,CA1-RSC,uncued,CA1,47,0.022669
61,1,CA1-RSC,uncued,CA1,48,0.012587
61,1,CA1-RSC,uncued,CA1,49,0.013395
61,1,CA1-RSC,uncued,CA1,50,0.045501
61,1,CA1-RSC,uncued,CA1,51,0.011849
61,1,CA1-RSC,uncued,CA1,52,0.015646
61,1,CA1-RSC,uncued,CA1,53,0.016167
61,1,CA1-RSC,uncued,CA1,54,0.001787
61,1,CA1-RSC,uncued,CA1,55,0.075951
61,1,CA1-RSC,uncued,CA1,56,0.028021
61,1,CA1-RSC,uncued,CA1,57,0.011859
61,1,CA1-RSC,uncued,CA1,58,0.016843
61,1,CA1-RSC,uncued,CA1,59,0.027101
61,1,CA1-RSC,uncued,CA1,60,0.663083
61,1,CA1-RSC,uncued,CA1,61,0.021647
61,1,CA1-RSC,uncued,CA1,62,0.564421
61,1,CA1-RSC,uncued,CA1,63,0.229566
61,1,CA1-RSC,uncued,RSC,0,0.00703
61,1,CA1-RSC,uncued,RSC,1,0.314923
61,1,CA1-RSC,uncued,RSC,2,0.760606
61,1,CA1-RSC,uncued,RSC,3,0.06884
61,1,CA1-RSC,uncued,RSC,4,0.820963
61,1,CA1-RSC,uncued,RSC,5,0.800534
61,1,CA1-RSC,uncued,RSC,6,0.797438
61,1,CA1-RSC,uncued,RSC,7,0.033133
61,1,CA1-RSC,uncued,RSC,8,0.084808
61,1,CA1-RSC,uncued,RSC,9,0.12319
61,1,CA1-RSC,uncued,RSC,10,0.132592
61,1,CA1-RSC,uncued,RSC,11,0.092791
61,1,CA1-RSC,uncued,RSC,12,0.161491
61,1,CA1-RSC,uncued,RSC,13,0.115767
61,1,CA1-RSC,uncued,RSC,14,0.148573
61,1,CA1-RSC,uncued,RSC,15,0.026834
61,1,CA1-RSC,uncued,RSC,16,0.059724
61,1,CA1-RSC,uncued,RSC,17,0.178129
61,1,CA1-RSC,uncued,RSC,18,0.116845
61,1,CA1-RSC,uncued,RSC,19,0.028845
61,1,CA1-RSC,uncued,RSC,20,0.013001
61,1,CA1-RSC,uncued,RSC,21,0.136944
61,1,CA1-RSC,uncued,RSC,22,0.74354
61,1,CA1-RSC,uncued,RSC,23,0.230901
61,1,CA1-RSC,uncued,RSC,24,0.092031
61,1,CA1-RSC,uncued,RSC,25,0.158954
61,1,CA1-RSC,uncued,RSC,26,0.069635
61,1,CA1-RSC,uncued,RSC,27,0.017292
61,1,CA1-RSC,uncued,RSC,28,0.04555
61,1,CA1-RSC,uncued,RSC,29,0.105567
61,1,CA1-RSC,uncued,RSC,30,0.008999
61,1,CA1-RSC,uncued,RSC,31,0.183719
61,1,CA1-RSC,uncued,RSC,32,0.201371
61,1,CA1-RSC,uncued,RSC,33,0.233685
61,1,CA1-RSC,uncued,RSC,34,0.122458
61,1,CA1-RSC,uncued,RSC,35,0.261356
61,1,CA1-RSC,uncued,RSC,36,0.09843
61,1,CA1-RSC,uncued,RSC,37,0.131311
61,1,CA1-RSC,uncued,RSC,38,0.312939
61,1,CA1-RSC,uncued,RSC,39,0.002319
61,1,CA1-RSC,uncued,RSC,40,0.183505
61,1,CA1-RSC,uncued,RSC,41,0.361277
61,1,CA1-RSC,uncued,RSC,42,0.371953
61,1,CA1-RSC,uncued,RSC,43,0.130183
61,1,CA1-RSC,uncued,RSC,44,0.143397
61,1,CA1-RSC,uncued,RSC,45,0.332387
61,1,CA1-RSC,uncued,RSC,46,0.28801
61,1,CA1-RSC,uncued,RSC,47,0.452013
61,1,CA1-RSC,uncued,RSC,48,0.730078
61,1,CA1-RSC,uncued,RSC,49,0.441805
61,1,CA1-RSC,uncued,RSC,50,0.292841
61,1,CA1-RSC,uncued,RSC,51,0.253825
61,1,CA1-RSC,uncued,RSC,52,0.217142
61,1,CA1-RSC,uncued,RSC,53,0.12248
61,1,CA1-RSC,uncued,RSC,54,0.126902
61,1,CA1-RSC,uncued,RSC,55,0.158637
61,1,CA1-RSC,uncued,RSC,56,0.053849
61,1,CA1-RSC,uncued,RSC,57,0.075053
61,1,CA1-RSC,uncued,RSC,58,0.144914
61,1,CA1-RSC,uncued,RSC,59,0.051923
61,1,CA1-RSC,uncued,RSC,60,0.439518
61,1,CA1-RSC,uncued,RSC,61,0.137907
61,1,CA1-RSC,uncued,RSC,62,0.030744
61,1,CA1-RSC,uncued,RSC,63,0.086857
61,1,CA1-RSC,uncued,RSC,64,0.032534
61,1,CA1-RSC,uncued,RSC,65,0.086486
61,1,CA1-RSC,uncued,RSC,66,0.176821
61,1,CA1-RSC,uncued,RSC,67,0.009762
61,1,CA1-RSC,uncued,RSC,68,0.051543
61,1,CA1-RSC,uncued,RSC,69,0.040279
61,1,CA1-RSC,uncued,RSC,70,0.816357
61,1,CA1-RSC,uncued,RSC,71,0.091609
61,1,CA1-RSC,uncued,RSC,72,0.121463
61,1,CA1-RSC,uncued,RSC,73,0.060482
61,1,CA1-RSC,uncued,RSC,74,0.145864
61,1,CA1-RSC,uncued,RSC,75,0.047597
61,1,CA1-RSC,uncued,RSC,76,0.024278
61,1,CA1-RSC,uncued,RSC,77,0.002801
61,1,CA1-RSC,uncued,RSC,78,0.122738
61,1,CA1-RSC,uncued,RSC,79,0.010682
61,1,CA1-RSC,uncued,RSC,80,0.064593
61,1,CA1-RSC,uncued,RSC,81,0.102642
61,1,CA1-RSC,uncued,RSC,82,0.070613
61,1,CA1-RSC,uncued,RSC,83,0.11992
61,1,CA1-RSC,uncued,RSC,84,0.076569
61,1,CA1-RSC,uncued,RSC,85,0.302262
61,1,CA1-RSC,uncued,RSC,86,0.230921
61,1,CA1-RSC,uncued,RSC,87,0.167292
61,1,CA1-RSC,uncued,RSC,88,0.135873
61,1,CA1-RSC,uncued,RSC,89,0.107375
61,1,CA1-RSC,uncued,RSC,90,0.080377
61,1,CA1-RSC,uncued,RSC,91,0.788571
61,1,CA1-RSC,uncued,RSC,92,0.321613
61,1,CA1-RSC,uncued,RSC,93,0.724588
61,1,CA1-RSC,uncued,RSC,94,0.133819
61,1,CA1-RSC,uncued,RSC,95,0.019473
61,1,CA1-RSC,uncued,RSC,96,0.119488
61,1,CA1-RSC,uncued,RSC,97,0.33011
61,1,CA1-RSC,uncued,RSC,98,0.122397
61,1,CA1-RSC,uncued,RSC,99,0.272671
61,1,CA1-RSC,uncued,RSC,100,0.646784
61,1,CA1-RSC,uncued,RSC,101,0.41897
61,1,CA1-RSC,uncued,RSC,102,0.021618
61,1,CA1-RSC,uncued,RSC,103,0.067237
61,1,CA1-RSC,uncued,RSC,104,0.041636
61,1,CA1-RSC,uncued,RSC,105,0.756809
61,1,CA1-RSC,uncued,RSC,106,0.079661
61,1,CA1-RSC,uncued,RSC,107,0.066221
61,1,CA1-RSC,uncued,RSC,108,0.043465
61,1,CA1-RSC,uncued,RSC,109,0.117383
61,1,CA1-RSC,uncued,RSC,110,0.810207
61,1,CA1-RSC,uncued,RSC,111,0.033348
61,1,CA1-RSC,uncued,RSC,112,0.038517
61,1,CA1-RSC,uncued,RSC,113,0.115847
61,1,CA1-RSC,uncued,RSC,114,0.068051
61,1,CA1-RSC,cued,CA1,0,0.033529
61,1,CA1-RSC,cued,CA1,1,0.045824
61,1,CA1-RSC,cued,CA1,2,0.058863
61,1,CA1-RSC,cued,CA1,3,0.035899
61,1,CA1-RSC,cued,CA1,4,0.28355
61,1,CA1-RSC,cued,CA1,5,0.618891
61,1,CA1-RSC,cued,CA1,6,0.030034
61,1,CA1-RSC,cued,CA1,7,0.039508
61,1,CA1-RSC,cued,CA1,8,0.068044
61,1,CA1-RSC,cued,CA1,9,0.004993
61,1,CA1-RSC,cued,CA1,10,0.637706
61,1,CA1-RSC,cued,CA1,11,0.033769
61,1,CA1-RSC,cued,CA1,12,0.567996
61,1,CA1-RSC,cued,CA1,13,0.024659
61,1,CA1-RSC,cued,CA1,14,0.045731
61,1,CA1-RSC,cued,CA1,15,0.055878
61,1,CA1-RSC,cued,CA1,16,0.022938
61,1,CA1-RSC,cued,CA1,17,0.042645
61,1,CA1-RSC,cued,CA1,18,0.013925
61,1,CA1-RSC,cued,CA1,19,0.159804
61,1,CA1-RSC,cued,CA1,20,0.632948
61,1,CA1-RSC,cued,CA1,21,0.015452
61,1,CA1-RSC,cued,CA1,22,0.016817
61,1,CA1-RSC,cued,CA1,23,0.079433
61,1,CA1-RSC,cued,CA1,24,0.016638
61,1,CA1-RSC,cued,CA1,25,0.056025
61,1,CA1-RSC,cued,CA1,26,0.066462
61,1,CA1-RSC,cued,CA1,27,0.120245
61,1,CA1-RSC,cued,CA1,28,0.045129
61,1,CA1-RSC,cued,CA1,29,0.007657
61,1,CA1-RSC,cued,CA1,30,0.058813
61,1,CA1-RSC,cued,CA1,31,0.052522
61,1,CA1-RSC,cued,CA1,32,0.220845
61,1,CA1-RSC,cued,CA1,33,0.010061
61,1,CA1-RSC,cued,CA1,34,0.492023
61,1,CA1-RSC,cued,CA1,35,0.04357
61,1,CA1-RSC,cued,CA1,36,0.624185
61,1,CA1-RSC,cued,CA1,37,0.622907
61,1,CA1-RSC,cued,CA1,38,0.534168
61,1,CA1-RSC,cued,CA1,39,0.629171
61,1,CA1-RSC,cued,CA1,40,0.208852
61,1,CA1-RSC,cued,CA1,41,0.564232
61,1,CA1-RSC,cued,CA1,42,0.024319
61,1,CA1-RSC,cued,CA1,43,0.392049
61,1,CA1-RSC,cued,CA1,44,0.016408
61,1,CA1-RSC,cued,CA1,45,0.011263
61,1,CA1-RSC,cued,CA1,46,0.0
61,1,CA1-RSC,cued,CA1,47,0.025941
61,1,CA1-RSC,cued,CA1,48,0.019586
61,1,CA1-RSC,cued,CA1,49,0.027705
61,1,CA1-RSC,cued,CA1,50,0.032998
61,1,CA1-RSC,cued,CA1,51,0.423191
61,1,CA1-RSC,cued,CA1,52,0.026542
61,1,CA1-RSC,cued,CA1,53,0.005875
61,1,CA1-RSC,cued,CA1,54,0.352768
61,1,CA1-RSC,cued,CA1,55,0.012469
61,1,CA1-RSC,cued,CA1,56,0.009355
61,1,CA1-RSC,cued,CA1,57,0.07102
61,1,CA1-RSC,cued,CA1,58,0.01495
61,1,CA1-RSC,cued,CA1,59,0.581749
61,1,CA1-RSC,cued,CA1,60,0.173338
61,1,CA1-RSC,cued,CA1,61,0.025034
61,1,CA1-RSC,cued,CA1,62,0.013484
61,1,CA1-RSC,cued,CA1,63,0.301335
61,1,CA1-RSC,cued,RSC,0,0.010006
61,1,CA1-RSC,cued,RSC,1,0.241939
61,1,CA1-RSC,cued,RSC,2,0.30809
61,1,CA1-RSC,cued,RSC,3,0.054767
61,1,CA1-RSC,cued,RSC,4,0.755832
61,1,CA1-RSC,cued,RSC,5,0.411969
61,1,CA1-RSC,cued,RSC,6,0.75641
61,1,CA1-RSC,cued,RSC,7,0.050356
61,1,CA1-RSC,cued,RSC,8,0.181661
61,1,CA1-RSC,cued,RSC,9,0.071338
61,1,CA1-RSC,cued,RSC,10,0.194582
61,1,CA1-RSC,cued,RSC,11,0.175427
61,1,CA1-RSC,cued,RSC,12,0.11229
61,1,CA1-RSC,cued,RSC,13,0.125773
61,1,CA1-RSC,cued,RSC,14,0.116047
61,1,CA1-RSC,cued,RSC,15,0.06748
61,1,CA1-RSC,cued,RSC,16,0.642894
61,1,CA1-RSC,cued,RSC,17,0.167996
61,1,CA1-RSC,cued,RSC,18,0.09502
61,1,CA1-RSC,cued,RSC,19,0.047269
61,1,CA1-RSC,cued,RSC,20,0.024409
61,1,CA1-RSC,cued,RSC,21,0.083542
61,1,CA1-RSC,cued,RSC,22,0.103344
61,1,CA1-RSC,cued,RSC,23,0.359765
61,1,CA1-RSC,cued,RSC,24,0.073331
61,1,CA1-RSC,cued,RSC,25,0.216116
61,1,CA1-RSC,cued,RSC,26,0.072122
61,1,CA1-RSC,cued,RSC,27,0.046899
61,1,CA1-RSC,cued,RSC,28,0.072899
61,1,CA1-RSC,cued,RSC,29,0.08043
61,1,CA1-RSC,cued,RSC,30,0.0147
61,1,CA1-RSC,cued,RSC,31,0.161913
61,1,CA1-RSC,cued,RSC,32,0.200092
61,1,CA1-RSC,cued,RSC,33,0.224537
61,1,CA1-RSC,cued,RSC,34,0.66227
61,1,CA1-RSC,cued,RSC,35,0.290523
61,1,CA1-RSC,cued,RSC,36,0.096973
61,1,CA1-RSC,cued,RSC,37,0.109491
61,1,CA1-RSC,cued,RSC,38,0.331569
61,1,CA1-RSC,cued,RSC,39,0.016533
61,1,CA1-RSC,cued,RSC,40,0.140278
61,1,CA1-RSC,cued,RSC,41,0.339042
61,1,CA1-RSC,cued,RSC,42,0.364723
61,1,CA1-RSC,cued,RSC,43,0.207939
61,1,CA1-RSC,cued,RSC,44,0.199627
61,1,CA1-RSC,cued,RSC,45,0.343119
61,1,CA1-RSC,cued,RSC,46,0.479559
61,1,CA1-RSC,cued,RSC,47,0.306857
61,1,CA1-RSC,cued,RSC,48,0.664775
61,1,CA1-RSC,cued,RSC,49,0.385564
61,1,CA1-RSC,cued,RSC,50,0.407213
61,1,CA1-RSC,cued,RSC,51,0.296974
61,1,CA1-RSC,cued,RSC,52,0.171548
61,1,CA1-RSC,cued,RSC,53,0.094803
61,1,CA1-RSC,cued,RSC,54,0.065188
61,1,CA1-RSC,cued,RSC,55,0.078791
61,1,CA1-RSC,cued,RSC,56,0.077883
61,1,CA1-RSC,cued,RSC,57,0.086852
61,1,CA1-RSC,cued,RSC,58,0.262566
61,1,CA1-RSC,cued,RSC,59,0.071541
61,1,CA1-RSC,cued,RSC,60,0.211741
61,1,CA1-RSC,cued,RSC,61,0.160283
61,1,CA1-RSC,cued,RSC,62,0.22435
61,1,CA1-RSC,cued,RSC,63,0.130781
61,1,CA1-RSC,cued,RSC,64,0.016806
61,1,CA1-RSC,cued,RSC,65,0.094784
61,1,CA1-RSC,cued,RSC,66,0.166987
61,1,CA1-RSC,cued,RSC,67,0.054341
61,1,CA1-RSC,cued,RSC,68,0.090718
61,1,CA1-RSC,cued,RSC,69,0.124481
61,1,CA1-RSC,cued,RSC,70,0.169336
61,1,CA1-RSC,cued,RSC,71,0.156299
61,1,CA1-RSC,cued,RSC,72,0.136571
61,1,CA1-RSC,cued,RSC,73,0.172615
61,1,CA1-RSC,cued,RSC,74,0.08833
61,1,CA1-RSC,cued,RSC,75,0.053224
61,1,CA1-RSC,cued,RSC,76,0.13302
61,1,CA1-RSC,cued,RSC,77,0.037397
61,1,CA1-RSC,cued,RSC,78,0.083665
61,1,CA1-RSC,cued,RSC,79,0.007048
61,1,CA1-RSC,cued,RSC,80,0.073988
61,1,CA1-RSC,cued,RSC,81,0.095434
61,1,CA1-RSC,cued,RSC,82,0.153886
61,1,CA1-RSC,cued,RSC,83,0.234647
61,1,CA1-RSC,cued,RSC,84,0.087655
61,1,CA1-RSC,cued,RSC,85,0.039823
61,1,CA1-RSC,cued,RSC,86,0.206716
61,1,CA1-RSC,cued,RSC,87,0.161054
61,1,CA1-RSC,cued,RSC,88,0.145007
61,1,CA1-RSC,cued,RSC,89,0.049848
61,1,CA1-RSC,cued,RSC,90,0.043146
61,1,CA1-RSC,cued,RSC,91,0.105647
61,1,CA1-RSC,cued,RSC,92,0.359326
61,1,CA1-RSC,cued,RSC,93,0.602918
61,1,CA1-RSC,cued,RSC,94,0.084541
61,1,CA1-RSC,cued,RSC,95,0.020906
61,1,CA1-RSC,cued,RSC,96,0.628863
61,1,CA1-RSC,cued,RSC,97,0.259537
61,1,CA1-RSC,cued,RSC,98,0.047225
61,1,CA1-RSC,cued,RSC,99,0.313627
61,1,CA1-RSC,cued,RSC,100,0.544646
61,1,CA1-RSC,cued,RSC,101,0.376947
61,1,CA1-RSC,cued,RSC,102,0.042856
61,1,CA1-RSC,cued,RSC,103,0.738546
61,1,CA1-RSC,cued,RSC,104,0.069423
61,1,CA1-RSC,cued,RSC,105,0.705995
61,1,CA1-RSC,cued,RSC,106,0.074372
61,1,CA1-RSC,cued,RSC,107,0.070173
61,1,CA1-RSC,cued,RSC,108,0.047209
61,1,CA1-RSC,cued,RSC,109,0.130713
61,1,CA1-RSC,cued,RSC,110,0.744281
61,1,CA1-RSC,cued,RSC,111,0.549658
61,1,CA1-RSC,cued,RSC,112,0.309984
61,1,CA1-RSC,cued,RSC,113,0.08942
61,1,CA1-RSC,cued,RSC,114,0.033181
61,1,CA1-CA3,uncued,CA1,0,0.070446
61,1,CA1-CA3,uncued,CA1,1,0.101263
61,1,CA1-CA3,uncued,CA1,2,0.022979
61,1,CA1-CA3,uncued,CA1,3,0.025368
61,1,CA1-CA3,uncued,CA1,4,0.146382
61,1,CA1-CA3,uncued,CA1,5,0.578924
61,1,CA1-CA3,uncued,CA1,6,0.016813
61,1,CA1-CA3,uncued,CA1,7,0.54749
61,1,CA1-CA3,uncued,CA1,8,0.053399
61,1,CA1-CA3,uncued,CA1,9,0.006277
61,1,CA1-CA3,uncued,CA1,10,0.642591
61,1,CA1-CA3,uncued,CA1,11,0.036331
61,1,CA1-CA3,uncued,CA1,12,0.06132
61,1,CA1-CA3,uncued,CA1,13,0.033317
61,1,CA1-CA3,uncued,CA1,14,0.033927
61,1,CA1-CA3,uncued,CA1,15,0.126927
61,1,CA1-CA3,uncued,CA1,16,0.042665
61,1,CA1-CA3,uncued,CA1,17,0.018163
61,1,CA1-CA3,uncued,CA1,18,0.007302
61,1,CA1-CA3,uncued,CA1,19,0.024815
61,1,CA1-CA3,uncued,CA1,20,0.046685
61,1,CA1-CA3,uncued,CA1,21,0.012606
61,1,CA1-CA3,uncued,CA1,22,0.024775
61,1,CA1-CA3,uncued,CA1,23,0.053059
61,1,CA1-CA3,uncued,CA1,24,0.020665
61,1,CA1-CA3,uncued,CA1,25,0.052295
61,1,CA1-CA3,uncued,CA1,26,0.582476
61,1,CA1-CA3,uncued,CA1,27,0.041135
61,1,CA1-CA3,uncued,CA1,28,0.023826
61,1,CA1-CA3,uncued,CA1,29,0.011905
61,1,CA1-CA3,uncued,CA1,30,0.02085
61,1,CA1-CA3,uncued,CA1,31,0.678782
61,1,CA1-CA3,uncued,CA1,32,0.645728
61,1,CA1-CA3,uncued,CA1,33,0.509344
61,1,CA1-CA3,uncued,CA1,34,0.504287
61,1,CA1-CA3,uncued,CA1,35,0.038358
61,1,CA1-CA3,uncued,CA1,36,0.04377
61,1,CA1-CA3,uncued,CA1,37,0.528582
61,1,CA1-CA3,uncued,CA1,38,0.50428
61,1,CA1-CA3,uncued,CA1,39,0.021292
61,1,CA1-CA3,uncued,CA1,40,0.664888
61,1,CA1-CA3,uncued,CA1,41,0.017904
61,1,CA1-CA3,uncued,CA1,42,0.045806
61,1,CA1-CA3,uncued,CA1,43,0.402903
61,1,CA1-CA3,uncued,CA1,44,0.013425
61,1,CA1-CA3,uncued,CA1,45,0.006094
61,1,CA1-CA3,uncued,CA1,46,0.0
61,1,CA1-CA3,uncued,CA1,47,0.021185
61,1,CA1-CA3,uncued,CA1,48,0.013499
61,1,CA1-CA3,uncued,CA1,49,0.012307
61,1,CA1-CA3,uncued,CA1,50,0.043924
61,1,CA1-CA3,uncued,CA1,51,0.012199
61,1,CA1-CA3,uncued,CA1,52,0.015577
61,1,CA1-CA3,uncued,CA1,53,0.017339
61,1,CA1-CA3,uncued,CA1,54,0.001463
61,1,CA1-CA3,uncued,CA1,55,0.079164
61,1,CA1-CA3,uncued,CA1,56,0.027766
61,1,CA1-CA3,uncued,CA1,57,0.011992
61,1,CA1-CA3,uncued,CA1,58,0.016276
61,1,CA1-CA3,uncued,CA1,59,0.027212
61,1,CA1-CA3,uncued,CA1,60,0.665455
61,1,CA1-CA3,uncued,CA1,61,0.023769
61,1,CA1-CA3,uncued,CA1,62,0.567847
61,1,CA1-CA3,uncued,CA1,63,0.230248
61,1,CA1-CA3,uncued,CA3,0,0.212907
61,1,CA1-CA3,uncued,CA3,1,0.085689
61,1,CA1-CA3,uncued,CA3,2,0.596141
61,1,CA1-CA3,uncued,CA3,3,0.906301
61,1,CA1-CA3,uncued,CA3,4,0.703172
61,1,CA1-CA3,uncued,CA3,5,0.154579
61,1,CA1-CA3,uncued,CA3,6,0.018734
61,1,CA1-CA3,uncued,CA3,7,0.009776
61,1,CA1-CA3,uncued,CA3,8,0.79721
61,1,CA1-CA3,uncued,CA3,9,0.681185
61,1,CA1-CA3,uncued,CA3,10,0.046798
61,1,CA1-CA3,uncued,CA3,11,0.687031
61,1,CA1-CA3,uncued,CA3,12,0.87325
61,1,CA1-CA3,uncued,CA3,13,0.529487
61,1,CA1-CA3,uncued,CA3,14,0.021006
61,1,CA1-CA3,uncued,CA3,15,0.167085
61,1,CA1-CA3,uncued,CA3,16,0.879026
61,1,CA1-CA3,uncued,CA3,17,0.167746
61,1,CA1-CA3,uncued,CA3,18,0.819525
61,1,CA1-CA3,uncued,CA3,19,0.143572
61,1,CA1-CA3,uncued,CA3,20,0.0
61,1,CA1-CA3,uncued,CA3,21,0.199793
61,1,CA1-CA3,uncued,CA3,22,0.730203
61,1,CA1-CA3,uncued,CA3,23,0.044542
61,1,CA1-CA3,uncued,CA3,24,0.178454
61,1,CA1-CA3,uncued,CA3,25,0.048263
61,1,CA1-CA3,uncued,CA3,26,0.366219
61,1,CA1-CA3,uncued,CA3,27,0.797676
61,1,CA1-CA3,uncued,CA3,28,0.0
61,1,CA1-CA3,uncued,CA3,29,0.642062
61,1,CA1-CA3,uncued,CA3,30,0.18586
61,1,CA1-CA3,uncued,CA3,31,0.0
61,1,CA1-CA3,uncued,CA3,32,0.677491
61,1,CA1-CA3,cued,CA1,0,0.044193
61,1,CA1-CA3,cued,CA1,1,0.046127
61,1,CA1-CA3,cued,CA1,2,0.058104
61,1,CA1-CA3,cued,CA1,3,0.036906
61,1,CA1-CA3,cued,CA1,4,0.245831
61,1,CA1-CA3,cued,CA1,5,0.624661
61,1,CA1-CA3,cued,CA1,6,0.030136
61,1,CA1-CA3,cued,CA1,7,0.038744
61,1,CA1-CA3,cued,CA1,8,0.060212
61,1,CA1-CA3,cued,CA1,9,0.004784
61,1,CA1-CA3,cued,CA1,10,0.640944
61,1,CA1-CA3,cued,CA1,11,0.030756
61,1,CA1-CA3,cued,CA1,12,0.570926
61,1,CA1-CA3,cued,CA1,13,0.025021
61,1,CA1-CA3,cued,CA1,14,0.045214
61,1,CA1-CA3,cued,CA1,15,0.060143
61,1,CA1-CA3,cued,CA1,16,0.023479
61,1,CA1-CA3,cued,CA1,17,0.043322
61,1,CA1-CA3,cued,CA1,18,0.012843
61,1,CA1-CA3,cued,CA1,19,0.147147
61,1,CA1-CA3,cued,CA1,20,0.638648
61,1,CA1-CA3,cued,CA1,21,0.016113
61,1,CA1-CA3,cued,CA1,22,0.015131
61,1,CA1-CA3,cued,CA1,23,0.068991
61,1,CA1-CA3,cued,CA1,24,0.018695
61,1,CA1-CA3,cued,CA1,25,0.047718
61,1,CA1-CA3,cued,CA1,26,0.068281
61,1,CA1-CA3,cued,CA1,27,0.11996
61,1,CA1-CA3,cued,CA1,28,0.03618
61,1,CA1-CA3,cued,CA1,29,0.007191
61,1,CA1-CA3,cued,CA1,30,0.038577
61,1,CA1-CA3,cued,CA1,31,0.051588
61,1,CA1-CA3,cued,CA1,32,0.240825
61,1,CA1-CA3,cued,CA1,33,0.010339
61,1,CA1-CA3,cued,CA1,34,0.494843
61,1,CA1-CA3,cued,CA1,35,0.040767
61,1,CA1-CA3,cued,CA1,36,0.628624
61,1,CA1-CA3,cued,CA1,37,0.62579
61,1,CA1-CA3,cued,CA1,38,0.535803
61,1,CA1-CA3,cued,CA1,39,0.633661
61,1,CA1-CA3,cued,CA1,40,0.181795
61,1,CA1-CA3,cued,CA1,41,0.567636
61,1,CA1-CA3,cued,CA1,42,0.023254
61,1,CA1-CA3,cued,CA1,43,0.395083
61,1,CA1-CA3,cued,CA1,44,0.014742
61,1,CA1-CA3,cued,CA1,45,0.011254
61,1,CA1-CA3,cued,CA1,46,0.0
61,1,CA1-CA3,cued,CA1,47,0.027322
61,1,CA1-CA3,cued,CA1,48,0.019353
61,1,CA1-CA3,cued,CA1,49,0.028159
61,1,CA1-CA3,cued,CA1,50,0.030248
61,1,CA1-CA3,cued,CA1,51,0.425369
61,1,CA1-CA3,cued,CA1,52,0.024631
61,1,CA1-CA3,cued,CA1,53,0.005831
61,1,CA1-CA3,cued,CA1,54,0.354386
61,1,CA1-CA3,cued,CA1,55,0.011517
61,1,CA1-CA3,cued,CA1,56,0.010096
61,1,CA1-CA3,cued,CA1,57,0.069
61,1,CA1-CA3,cued,CA1,58,0.015356
61,1,CA1-CA3,cued,CA1,59,0.623541
61,1,CA1-CA3,cued,CA1,60,0.095757
61,1,CA1-CA3,cued,CA1,61,0.025721
61,1,CA1-CA3,cued,CA1,62,0.013697
61,1,CA1-CA3,cued,CA1,63,0.303206
61,1,CA1-CA3,cued,CA3,0,0.245792
61,1,CA1-CA3,cued,CA3,1,0.059751
61,1,CA1-CA3,cued,CA3,2,0.534965
61,1,CA1-CA3,cued,CA3,3,0.855764
61,1,CA1-CA3,cued,CA3,4,0.683617
61,1,CA1-CA3,cued,CA3,5,0.299775
61,1,CA1-CA3,cued,CA3,6,0.04345
61,1,CA1-CA3,cued,CA3,7,0.007346
61,1,CA1-CA3,cued,CA3,8,0.808291
61,1,CA1-CA3,cued,CA3,9,0.631728
61,1,CA1-CA3,cued,CA3,10,0.047973
61,1,CA1-CA3,cued,CA3,11,0.767641
61,1,CA1-CA3,cued,CA3,12,0.721662
61,1,CA1-CA3,cued,CA3,13,0.429202
61,1,CA1-CA3,cued,CA3,14,0.012675
61,1,CA1-CA3,cued,CA3,15,0.207569
61,1,CA1-CA3,cued,CA3,16,0.869319
61,1,CA1-CA3,cued,CA3,17,0.390476
61,1,CA1-CA3,cued,CA3,18,0.825053
61,1,CA1-CA3,cued,CA3,19,0.016718
61,1,CA1-CA3,cued,CA3,20,0.716435
61,1,CA1-CA3,cued,CA3,21,0.010429
61,1,CA1-CA3,cued,CA3,22,0.70286
61,1,CA1-CA3,cued,CA3,23,0.038108
61,1,CA1-CA3,cued,CA3,24,0.385461
61,1,CA1-CA3,cued,CA3,25,0.021347
61,1,CA1-CA3,cued,CA3,26,0.382658
61,1,CA1-CA3,cued,CA3,27,0.810754
61,1,CA1-CA3,cued,CA3,28,0.750124
61,1,CA1-CA3,cued,CA3,29,0.435313
61,1,CA1-CA3,cued,CA3,30,0.136485
61,1,CA1-CA3,cued,CA3,31,0.0
61,1,CA1-CA3,cued,CA3,32,0.706254
61,1,CA1-DG,uncued,CA1,0,0.062404
61,1,CA1-DG,uncued,CA1,1,0.101531
61,1,CA1-DG,uncued,CA1,2,0.023011
61,1,CA1-DG,uncued,CA1,3,0.025893
61,1,CA1-DG,uncued,CA1,4,0.154207
61,1,CA1-DG,uncued,CA1,5,0.57953
61,1,CA1-DG,uncued,CA1,6,0.017248
61,1,CA1-DG,uncued,CA1,7,0.548345
61,1,CA1-DG,uncued,CA1,8,0.055567
61,1,CA1-DG,uncued,CA1,9,0.00629
61,1,CA1-DG,uncued,CA1,10,0.642476
61,1,CA1-DG,uncued,CA1,11,0.03768
61,1,CA1-DG,uncued,CA1,12,0.067175
61,1,CA1-DG,uncued,CA1,13,0.034321
61,1,CA1-DG,uncued,CA1,14,0.036031
61,1,CA1-DG,uncued,CA1,15,0.131289
61,1,CA1-DG,uncued,CA1,16,0.04253
61,1,CA1-DG,uncued,CA1,17,0.018687
61,1,CA1-DG,uncued,CA1,18,0.007183
61,1,CA1-DG,uncued,CA1,19,0.024665
61,1,CA1-DG,uncued,CA1,20,0.046787
61,1,CA1-DG,uncued,CA1,21,0.013465
61,1,CA1-DG,uncued,CA1,22,0.025214
61,1,CA1-DG,uncued,CA1,23,0.052788
61,1,CA1-DG,uncued,CA1,24,0.022463
61,1,CA1-DG,uncued,CA1,25,0.051247
61,1,CA1-DG,uncued,CA1,26,0.582755
61,1,CA1-DG,uncued,CA1,27,0.042573
61,1,CA1-DG,uncued,CA1,28,0.026303
61,1,CA1-DG,uncued,CA1,29,0.011389
61,1,CA1-DG,uncued,CA1,30,0.020447
61,1,CA1-DG,uncued,CA1,31,0.677152
61,1,CA1-DG,uncued,CA1,32,0.646728
61,1,CA1-DG,uncued,CA1,33,0.509865
61,1,CA1-DG,uncued,CA1,34,0.504701
61,1,CA1-DG,uncued,CA1,35,0.038267
61,1,CA1-DG,uncued,CA1,36,0.044104
61,1,CA1-DG,uncued,CA1,37,0.52908
61,1,CA1-DG,uncued,CA1,38,0.504915
61,1,CA1-DG,uncued,CA1,39,0.022047
61,1,CA1-DG,uncued,CA1,40,0.663635
61,1,CA1-DG,uncued,CA1,41,0.017122
61,1,CA1-DG,uncued,CA1,42,0.045709
61,1,CA1-DG,uncued,CA1,43,0.403575
61,1,CA1-DG,uncued,CA1,44,0.013216
61,1,CA1-DG,uncued,CA1,45,0.006117
61,1,CA1-DG,uncued,CA1,46,0.0
61,1,CA1-DG,uncued,CA1,47,0.021336
61,1,CA1-DG,uncued,CA1,48,0.012992
61,1,CA1-DG,uncued,CA1,49,0.012234
61,1,CA1-DG,uncued,CA1,50,0.044401
61,1,CA1-DG,uncued,CA1,51,0.01229
61,1,CA1-DG,uncued,CA1,52,0.015718
61,1,CA1-DG,uncued,CA1,53,0.018349
61,1,CA1-DG,uncued,CA1,54,0.001604
61,1,CA1-DG,uncued,CA1,55,0.079253
61,1,CA1-DG,uncued,CA1,56,0.027718
61,1,CA1-DG,uncued,CA1,57,0.012388
61,1,CA1-DG,uncued,CA1,58,0.016214
61,1,CA1-DG,uncued,CA1,59,0.02833
61,1,CA1-DG,uncued,CA1,60,0.665655
61,1,CA1-DG,uncued,CA1,61,0.023466
61,1,CA1-DG,uncued,CA1,62,0.567906
61,1,CA1-DG,uncued,CA1,63,0.230532
61,1,CA1-DG,uncued,DG,0,0.940034
61,1,CA1-DG,uncued,DG,1,0.841041
61,1,CA1-DG,uncued,DG,2,0.581597
61,1,CA1-DG,uncued,DG,3,1.052357
61,1,CA1-DG,uncued,DG,4,0.565908
61,1,CA1-DG,uncued,DG,5,0.792652
61,1,CA1-DG,uncued,DG,6,0.876327
61,1,CA1-DG,uncued,DG,7,0.905255
61,1,CA1-DG,uncued,DG,8,0.838255
61,1,CA1-DG,uncued,DG,9,0.092763
61,1,CA1-DG,uncued,DG,10,0.830257
61,1,CA1-DG,uncued,DG,11,0.485006
61,1,CA1-DG,uncued,DG,12,1.012442
61,1,CA1-DG,uncued,DG,13,0.509779
61,1,CA1-DG,uncued,DG,14,0.765203
61,1,CA1-DG,uncued,DG,15,0.118953
61,1,CA1-DG,uncued,DG,16,0.026221
61,1,CA1-DG,uncued,DG,17,0.02603
61,1,CA1-DG,uncued,DG,18,0.0
61,1,CA1-DG,uncued,DG,19,0.0
61,1,CA1-DG,uncued,DG,20,0.0
61,1,CA1-DG,uncued,DG,21,0.639627
61,1,CA1-DG,uncued,DG,22,0.969025
61,1,CA1-DG,uncued,DG,23,0.0
61,1,CA1-DG,uncued,DG,24,0.005237
61,1,CA1-DG,cued,CA1,0,0.035607
61,1,CA1-DG,cued,CA1,1,0.045356
61,1,CA1-DG,cued,CA1,2,0.058897
61,1,CA1-DG,cued,CA1,3,0.035238
61,1,CA1-DG,cued,CA1,4,0.25429
61,1,CA1-DG,cued,CA1,5,0.625455
61,1,CA1-DG,cued,CA1,6,0.030206
61,1,CA1-DG,cued,CA1,7,0.038473
61,1,CA1-DG,cued,CA1,8,0.060862
61,1,CA1-DG,cued,CA1,9,0.004643
61,1,CA1-DG,cued,CA1,10,0.642507
61,1,CA1-DG,cued,CA1,11,0.031556
61,1,CA1-DG,cued,CA1,12,0.571055
61,1,CA1-DG,cued,CA1,13,0.024723
61,1,CA1-DG,cued,CA1,14,0.046252
61,1,CA1-DG,cued,CA1,15,0.058688
61,1,CA1-DG,cued,CA1,16,0.024372
61,1,CA1-DG,cued,CA1,17,0.041437
61,1,CA1-DG,cued,CA1,18,0.013205
61,1,CA1-DG,cued,CA1,19,0.156058
61,1,CA1-DG,cued,CA1,20,0.638269
61,1,CA1-DG,cued,CA1,21,0.016219
61,1,CA1-DG,cued,CA1,22,0.014845
61,1,CA1-DG,cued,CA1,23,0.070608
61,1,CA1-DG,cued,CA1,24,0.017776
61,1,CA1-DG,cued,CA1,25,0.051728
61,1,CA1-DG,cued,CA1,26,0.068831
61,1,CA1-DG,cued,CA1,27,0.121007
61,1,CA1-DG,cued,CA1,28,0.040041
61,1,CA1-DG,cued,CA1,29,0.007334
61,1,CA1-DG,cued,CA1,30,0.035341
61,1,CA1-DG,cued,CA1,31,0.052788
61,1,CA1-DG,cued,CA1,32,0.221239
61,1,CA1-DG,cued,CA1,33,0.010278
61,1,CA1-DG,cued,CA1,34,0.494936
61,1,CA1-DG,cued,CA1,35,0.039875
61,1,CA1-DG,cued,CA1,36,0.628184
61,1,CA1-DG,cued,CA1,37,0.625599
61,1,CA1-DG,cued,CA1,38,0.53626
61,1,CA1-DG,cued,CA1,39,0.633651
61,1,CA1-DG,cued,CA1,40,0.190623
61,1,CA1-DG,cued,CA1,41,0.568321
61,1,CA1-DG,cued,CA1,42,0.022639
61,1,CA1-DG,cued,CA1,43,0.395382
61,1,CA1-DG,cued,CA1,44,0.015557
61,1,CA1-DG,cued,CA1,45,0.01236
61,1,CA1-DG,cued,CA1,46,0.0
61,1,CA1-DG,cued,CA1,47,0.027033
61,1,CA1-DG,cued,CA1,48,0.019422
61,1,CA1-DG,cued,CA1,49,0.028354
61,1,CA1-DG,cued,CA1,50,0.030349
61,1,CA1-DG,cued,CA1,51,0.425494
61,1,CA1-DG,cued,CA1,52,0.02465
61,1,CA1-DG,cued,CA1,53,0.005888
61,1,CA1-DG,cued,CA1,54,0.354486
61,1,CA1-DG,cued,CA1,55,0.012246
61,1,CA1-DG,cued,CA1,56,0.009794
61,1,CA1-DG,cued,CA1,57,0.070623
61,1,CA1-DG,cued,CA1,58,0.015202
61,1,CA1-DG,cued,CA1,59,0.619073
61,1,CA1-DG,cued,CA1,60,0.118107
61,1,CA1-DG,cued,CA1,61,0.0248
61,1,CA1-DG,cued,CA1,62,0.014181
61,1,CA1-DG,cued,CA1,63,0.303224
61,1,CA1-DG,cued,DG,0,0.653789
61,1,CA1-DG,cued,DG,1,0.252444
61,1,CA1-DG,cued,DG,2,0.061459
61,1,CA1-DG,cued,DG,3,0.007409
61,1,CA1-DG,cued,DG,4,0.928799
61,1,CA1-DG,cued,DG,5,0.797577
61,1,CA1-DG,cued,DG,6,0.772923
61,1,CA1-DG,cued,DG,7,0.607664
61,1,CA1-DG,cued,DG,8,0.759644
61,1,CA1-DG,cued,DG,9,0.061785
61,1,CA1-DG,cued,DG,10,0.711668
61,1,CA1-DG,cued,DG,11,0.235617
61,1,CA1-DG,cued,DG,12,0.787585
61,1,CA1-DG,cued,DG,13,0.788242
61,1,CA1-DG,cued,DG,14,0.89576
61,1,CA1-DG,cued,DG,15,0.750846
61,1,CA1-DG,cued,DG,16,0.05224
61,1,CA1-DG,cued,DG,17,0.979968
61,1,CA1-DG,cued,DG,18,0.0
61,1,CA1-DG,cued,DG,19,0.0
61,1,CA1-DG,cued,DG,20,0.587538
61,1,CA1-DG,cued,DG,21,0.670872
61,1,CA1-DG,cued,DG,22,0.799333
61,1,CA1-DG,cued,DG,23,0.003715
61,1,CA1-DG,cued,DG,24,0.968228
61,1,CA1-V1,uncued,CA1,0,0.057858
61,1,CA1-V1,uncued,CA1,1,0.092865
61,1,CA1-V1,uncued,CA1,2,0.023027
61,1,CA1-V1,uncued,CA1,3,0.023965
61,1,CA1-V1,uncued,CA1,4,0.145411
61,1,CA1-V1,uncued,CA1,5,0.577464
61,1,CA1-V1,uncued,CA1,6,0.016276
61,1,CA1-V1,uncued,CA1,7,0.547144
61,1,CA1-V1,uncued,CA1,8,0.054571
61,1,CA1-V1,uncued,CA1,9,0.006244
61,1,CA1-V1,uncued,CA1,10,0.641412
61,1,CA1-V1,uncued,CA1,11,0.034618
61,1,CA1-V1,uncued,CA1,12,0.067442
61,1,CA1-V1,uncued,CA1,13,0.034368
61,1,CA1-V1,uncued,CA1,14,0.031595
61,1,CA1-V1,uncued,CA1,15,0.12851
61,1,CA1-V1,uncued,CA1,16,0.042739
61,1,CA1-V1,uncued,CA1,17,0.01778
61,1,CA1-V1,uncued,CA1,18,0.00742
61,1,CA1-V1,uncued,CA1,19,0.02434
61,1,CA1-V1,uncued,CA1,20,0.046532
61,1,CA1-V1,uncued,CA1,21,0.013801
61,1,CA1-V1,uncued,CA1,22,0.025238
61,1,CA1-V1,uncued,CA1,23,0.058746
61,1,CA1-V1,uncued,CA1,24,0.021241
61,1,CA1-V1,uncued,CA1,25,0.049389
61,1,CA1-V1,uncued,CA1,26,0.582048
61,1,CA1-V1,uncued,CA1,27,0.039199
61,1,CA1-V1,uncued,CA1,28,0.022662
61,1,CA1-V1,uncued,CA1,29,0.011746
61,1,CA1-V1,uncued,CA1,30,0.019665
61,1,CA1-V1,uncued,CA1,31,0.677188
61,1,CA1-V1,uncued,CA1,32,0.645139
61,1,CA1-V1,uncued,CA1,33,0.508423
61,1,CA1-V1,uncued,CA1,34,0.503536
61,1,CA1-V1,uncued,CA1,35,0.037557
61,1,CA1-V1,uncued,CA1,36,0.04449
61,1,CA1-V1,uncued,CA1,37,0.527243
61,1,CA1-V1,uncued,CA1,38,0.502277
61,1,CA1-V1,uncued,CA1,39,0.021372
61,1,CA1-V1,uncued,CA1,40,0.662931
61,1,CA1-V1,uncued,CA1,41,0.016373
61,1,CA1-V1,uncued,CA1,42,0.047139
61,1,CA1-V1,uncued,CA1,43,0.40227
61,1,CA1-V1,uncued,CA1,44,0.013282
61,1,CA1-V1,uncued,CA1,45,0.00595
61,1,CA1-V1,uncued,CA1,46,0.0
61,1,CA1-V1,uncued,CA1,47,0.021085
61,1,CA1-V1,uncued,CA1,48,0.013048
61,1,CA1-V1,uncued,CA1,49,0.011209
61,1,CA1-V1,uncued,CA1,50,0.041549
61,1,CA1-V1,uncued,CA1,51,0.012078
61,1,CA1-V1,uncued,CA1,52,0.015373
61,1,CA1-V1,uncued,CA1,53,0.017367
61,1,CA1-V1,uncued,CA1,54,0.001483
61,1,CA1-V1,uncued,CA1,55,0.078621
61,1,CA1-V1,uncued,CA1,56,0.026845
61,1,CA1-V1,uncued,CA1,57,0.011876
61,1,CA1-V1,uncued,CA1,58,0.016738
61,1,CA1-V1,uncued,CA1,59,0.028027
61,1,CA1-V1,uncued,CA1,60,0.664747
61,1,CA1-V1,uncued,CA1,61,0.022484
61,1,CA1-V1,uncued,CA1,62,0.566853
61,1,CA1-V1,uncued,CA1,63,0.229695
61,1,CA1-V1,uncued,V1,0,0.004859
61,1,CA1-V1,uncued,V1,1,0.031165
61,1,CA1-V1,uncued,V1,2,0.183245
61,1,CA1-V1,uncued,V1,3,0.861489
61,1,CA1-V1,uncued,V1,4,0.070743
61,1,CA1-V1,uncued,V1,5,0.795194
61,1,CA1-V1,uncued,V1,6,0.094259
61,1,CA1-V1,uncued,V1,7,0.786672
61,1,CA1-V1,uncued,V1,8,0.823589
61,1,CA1-V1,uncued,V1,9,0.01304
61,1,CA1-V1,uncued,V1,10,0.081806
61,1,CA1-V1,uncued,V1,11,0.038734
61,1,CA1-V1,uncued,V1,12,0.007072
61,1,CA1-V1,uncued,V1,13,0.028708
61,1,CA1-V1,uncued,V1,14,0.065794
61,1,CA1-V1,uncued,V1,15,0.588841
61,1,CA1-V1,uncued,V1,16,0.004149
61,1,CA1-V1,uncued,V1,17,0.056755
61,1,CA1-V1,uncued,V1,18,0.06178
61,1,CA1-V1,uncued,V1,19,0.016105
61,1,CA1-V1,uncued,V1,20,0.009884
61,1,CA1-V1,uncued,V1,21,0.018477
61,1,CA1-V1,uncued,V1,22,0.019825
61,1,CA1-V1,uncued,V1,23,0.036166
61,1,CA1-V1,uncued,V1,24,0.151337
61,1,CA1-V1,uncued,V1,25,0.628339
61,1,CA1-V1,uncued,V1,26,0.004521
61,1,CA1-V1,uncued,V1,27,0.059707
61,1,CA1-V1,uncued,V1,28,0.111702
61,1,CA1-V1,uncued,V1,29,0.256137
61,1,CA1-V1,uncued,V1,30,0.027826
61,1,CA1-V1,uncued,V1,31,0.008578
61,1,CA1-V1,uncued,V1,32,0.019766
61,1,CA1-V1,uncued,V1,33,0.030034
61,1,CA1-V1,uncued,V1,34,0.814355
61,1,CA1-V1,uncued,V1,35,0.166128
61,1,CA1-V1,uncued,V1,36,0.268518
61,1,CA1-V1,uncued,V1,37,0.278988
61,1,CA1-V1,uncued,V1,38,0.253112
61,1,CA1-V1,uncued,V1,39,0.746544
61,1,CA1-V1,uncued,V1,40,0.050446
61,1,CA1-V1,uncued,V1,41,0.186714
61,1,CA1-V1,uncued,V1,42,0.442419
61,1,CA1-V1,uncued,V1,43,0.07337
61,1,CA1-V1,uncued,V1,44,0.215977
61,1,CA1-V1,uncued,V1,45,0.086807
61,1,CA1-V1,uncued,V1,46,0.055736
61,1,CA1-V1,uncued,V1,47,0.020991
61,1,CA1-V1,uncued,V1,48,0.138121
61,1,CA1-V1,uncued,V1,49,0.024211
61,1,CA1-V1,uncued,V1,50,0.004779
61,1,CA1-V1,uncued,V1,51,0.783016
61,1,CA1-V1,uncued,V1,52,0.052925
61,1,CA1-V1,uncued,V1,53,0.018709
61,1,CA1-V1,uncued,V1,54,0.112692
61,1,CA1-V1,uncued,V1,55,0.623901
61,1,CA1-V1,uncued,V1,56,0.004643
61,1,CA1-V1,uncued,V1,57,0.010327
61,1,CA1-V1,uncued,V1,58,0.050227
61,1,CA1-V1,uncued,V1,59,0.009626
61,1,CA1-V1,uncued,V1,60,0.01649
61,1,CA1-V1,uncued,V1,61,0.745627
61,1,CA1-V1,uncued,V1,62,0.010679
61,1,CA1-V1,uncued,V1,63,0.0
61,1,CA1-V1,uncued,V1,64,0.010617
61,1,CA1-V1,uncued,V1,65,0.006424
61,1,CA1-V1,uncued,V1,66,0.005466
61,1,CA1-V1,uncued,V1,67,0.012423
61,1,CA1-V1,uncued,V1,68,0.22937
61,1,CA1-V1,uncued,V1,69,0.006426
61,1,CA1-V1,uncued,V1,70,0.047892
61,1,CA1-V1,uncued,V1,71,0.808349
61,1,CA1-V1,uncued,V1,72,0.080152
61,1,CA1-V1,uncued,V1,73,0.71768
61,1,CA1-V1,uncued,V1,74,0.008936
61,1,CA1-V1,uncued,V1,75,0.030955
61,1,CA1-V1,uncued,V1,76,0.670221
61,1,CA1-V1,uncued,V1,77,0.015256
61,1,CA1-V1,uncued,V1,78,0.009462
61,1,CA1-V1,uncued,V1,79,0.033602
61,1,CA1-V1,uncued,V1,80,0.019372
61,1,CA1-V1,uncued,V1,81,0.042972
61,1,CA1-V1,uncued,V1,82,0.171536
61,1,CA1-V1,uncued,V1,83,0.18039
61,1,CA1-V1,uncued,V1,84,0.813882
61,1,CA1-V1,uncued,V1,85,0.118893
61,1,CA1-V1,uncued,V1,86,0.11081
61,1,CA1-V1,uncued,V1,87,0.024239
61,1,CA1-V1,uncued,V1,88,0.047319
61,1,CA1-V1,uncued,V1,89,0.008423
61,1,CA1-V1,uncued,V1,90,0.076886
61,1,CA1-V1,uncued,V1,91,0.008431
61,1,CA1-V1,uncued,V1,92,0.004826
61,1,CA1-V1,cued,CA1,0,0.032701
61,1,CA1-V1,cued,CA1,1,0.039761
61,1,CA1-V1,cued,CA1,2,0.054709
61,1,CA1-V1,cued,CA1,3,0.033447
61,1,CA1-V1,cued,CA1,4,0.245693
61,1,CA1-V1,cued,CA1,5,0.623455
61,1,CA1-V1,cued,CA1,6,0.029839
61,1,CA1-V1,cued,CA1,7,0.036451
61,1,CA1-V1,cued,CA1,8,0.060555
61,1,CA1-V1,cued,CA1,9,0.004608
61,1,CA1-V1,cued,CA1,10,0.639882
61,1,CA1-V1,cued,CA1,11,0.02945
61,1,CA1-V1,cued,CA1,12,0.568476
61,1,CA1-V1,cued,CA1,13,0.023534
61,1,CA1-V1,cued,CA1,14,0.044397
61,1,CA1-V1,cued,CA1,15,0.057712
61,1,CA1-V1,cued,CA1,16,0.025875
61,1,CA1-V1,cued,CA1,17,0.04353
61,1,CA1-V1,cued,CA1,18,0.012148
61,1,CA1-V1,cued,CA1,19,0.142992
61,1,CA1-V1,cued,CA1,20,0.635996
61,1,CA1-V1,cued,CA1,21,0.016229
61,1,CA1-V1,cued,CA1,22,0.01456
61,1,CA1-V1,cued,CA1,23,0.069289
61,1,CA1-V1,cued,CA1,24,0.017139
61,1,CA1-V1,cued,CA1,25,0.047214
61,1,CA1-V1,cued,CA1,26,0.069341
61,1,CA1-V1,cued,CA1,27,0.118787
61,1,CA1-V1,cued,CA1,28,0.037931
61,1,CA1-V1,cued,CA1,29,0.007296
61,1,CA1-V1,cued,CA1,30,0.033283
61,1,CA1-V1,cued,CA1,31,0.049516
61,1,CA1-V1,cued,CA1,32,0.241837
61,1,CA1-V1,cued,CA1,33,0.010039
61,1,CA1-V1,cued,CA1,34,0.492729
61,1,CA1-V1,cued,CA1,35,0.040802
61,1,CA1-V1,cued,CA1,36,0.627342
61,1,CA1-V1,cued,CA1,37,0.623254
61,1,CA1-V1,cued,CA1,38,0.534553
61,1,CA1-V1,cued,CA1,39,0.633636
61,1,CA1-V1,cued,CA1,40,0.179894
61,1,CA1-V1,cued,CA1,41,0.566682
61,1,CA1-V1,cued,CA1,42,0.022949
61,1,CA1-V1,cued,CA1,43,0.394506
61,1,CA1-V1,cued,CA1,44,0.015117
61,1,CA1-V1,cued,CA1,45,0.01249
61,1,CA1-V1,cued,CA1,46,0.0
61,1,CA1-V1,cued,CA1,47,0.025393
61,1,CA1-V1,cued,CA1,48,0.018581
61,1,CA1-V1,cued,CA1,49,0.028704
61,1,CA1-V1,cued,CA1,50,0.031383
61,1,CA1-V1,cued,CA1,51,0.421637
61,1,CA1-V1,cued,CA1,52,0.02515
61,1,CA1-V1,cued,CA1,53,0.005788
61,1,CA1-V1,cued,CA1,54,0.354081
61,1,CA1-V1,cued,CA1,55,0.011859
61,1,CA1-V1,cued,CA1,56,0.010424
61,1,CA1-V1,cued,CA1,57,0.073294
61,1,CA1-V1,cued,CA1,58,0.014906
61,1,CA1-V1,cued,CA1,59,0.616509
61,1,CA1-V1,cued,CA1,60,0.116312
61,1,CA1-V1,cued,CA1,61,0.024097
61,1,CA1-V1,cued,CA1,62,0.013538
61,1,CA1-V1,cued,CA1,63,0.299191
61,1,CA1-V1,cued,V1,0,0.009548
61,1,CA1-V1,cued,V1,1,0.071483
61,1,CA1-V1,cued,V1,2,0.100997
61,1,CA1-V1,cued,V1,3,0.052399
61,1,CA1-V1,cued,V1,4,0.045138
61,1,CA1-V1,cued,V1,5,0.696685
61,1,CA1-V1,cued,V1,6,0.05375
61,1,CA1-V1,cued,V1,7,0.13037
61,1,CA1-V1,cued,V1,8,0.056826
61,1,CA1-V1,cued,V1,9,0.027822
61,1,CA1-V1,cued,V1,10,0.125055
61,1,CA1-V1,cued,V1,11,0.015774
61,1,CA1-V1,cued,V1,12,0.025826
61,1,CA1-V1,cued,V1,13,0.646966
61,1,CA1-V1,cued,V1,14,0.105921
61,1,CA1-V1,cued,V1,15,0.193198
61,1,CA1-V1,cued,V1,16,0.024145
61,1,CA1-V1,cued,V1,17,0.099255
61,1,CA1-V1,cued,V1,18,0.133664
61,1,CA1-V1,cued,V1,19,0.009255
61,1,CA1-V1,cued,V1,20,0.0
61,1,CA1-V1,cued,V1,21,0.022244
61,1,CA1-V1,cued,V1,22,0.095799
61,1,CA1-V1,cued,V1,23,0.737859
61,1,CA1-V1,cued,V1,24,0.635889
61,1,CA1-V1,cued,V1,25,0.052769
61,1,CA1-V1,cued,V1,26,0.009058
61,1,CA1-V1,cued,V1,27,0.106179
61,1,CA1-V1,cued,V1,28,0.091826
61,1,CA1-V1,cued,V1,29,0.067258
61,1,CA1-V1,cued,V1,30,0.655535
61,1,CA1-V1,cued,V1,31,0.149897
61,1,CA1-V1,cued,V1,32,0.104696
61,1,CA1-V1,cued,V1,33,0.00922
61,1,CA1-V1,cued,V1,34,0.071734
61,1,CA1-V1,cued,V1,35,0.250918
61,1,CA1-V1,cued,V1,36,0.337235
61,1,CA1-V1,cued,V1,37,0.181985
61,1,CA1-V1,cued,V1,38,0.072011
61,1,CA1-V1,cued,V1,39,0.25398
61,1,CA1-V1,cued,V1,40,0.05072
61,1,CA1-V1,cued,V1,41,0.078542
61,1,CA1-V1,cued,V1,42,0.076042
61,1,CA1-V1,cued,V1,43,0.715168
61,1,CA1-V1,cued,V1,44,0.153131
61,1,CA1-V1,cued,V1,45,0.10096
61,1,CA1-V1,cued,V1,46,0.067415
61,1,CA1-V1,cued,V1,47,0.00453
61,1,CA1-V1,cued,V1,48,0.075155
61,1,CA1-V1,cued,V1,49,0.025799
61,1,CA1-V1,cued,V1,50,0.022345
61,1,CA1-V1,cued,V1,51,0.117149
61,1,CA1-V1,cued,V1,52,0.043847
61,1,CA1-V1,cued,V1,53,0.070657
61,1,CA1-V1,cued,V1,54,0.036418
61,1,CA1-V1,cued,V1,55,0.705434
61,1,CA1-V1,cued,V1,56,0.045305
61,1,CA1-V1,cued,V1,57,0.014425
61,1,CA1-V1,cued,V1,58,0.042264
61,1,CA1-V1,cued,V1,59,0.037823
61,1,CA1-V1,cued,V1,60,0.022215
61,1,CA1-V1,cued,V1,61,0.713871
61,1,CA1-V1,cued,V1,62,0.028653
61,1,CA1-V1,cued,V1,63,0.528449
61,1,CA1-V1,cued,V1,64,0.400031
61,1,CA1-V1,cued,V1,65,0.084988
61,1,CA1-V1,cued,V1,66,0.009864
61,1,CA1-V1,cued,V1,67,0.044816
61,1,CA1-V1,cued,V1,68,0.018036
61,1,CA1-V1,cued,V1,69,0.0
61,1,CA1-V1,cued,V1,70,0.056143
61,1,CA1-V1,cued,V1,71,0.725319
61,1,CA1-V1,cued,V1,72,0.152257
61,1,CA1-V1,cued,V1,73,0.019009
61,1,CA1-V1,cued,V1,74,0.002431
61,1,CA1-V1,cued,V1,75,0.050705
61,1,CA1-V1,cued,V1,76,0.708811
61,1,CA1-V1,cued,V1,77,0.011559
61,1,CA1-V1,cued,V1,78,0.029811
61,1,CA1-V1,cued,V1,79,0.028785
61,1,CA1-V1,cued,V1,80,0.167479
61,1,CA1-V1,cued,V1,81,0.103412
61,1,CA1-V1,cued,V1,82,0.482071
61,1,CA1-V1,cued,V1,83,0.101377
61,1,CA1-V1,cued,V1,84,0.086847
61,1,CA1-V1,cued,V1,85,0.693965
61,1,CA1-V1,cued,V1,86,0.682851
61,1,CA1-V1,cued,V1,87,0.021629
61,1,CA1-V1,cued,V1,88,0.048312
61,1,CA1-V1,cued,V1,89,0.040073
61,1,CA1-V1,cued,V1,90,0.028573
61,1,CA1-V1,cued,V1,91,0.013088
61,1,CA1-V1,cued,V1,92,0.260896
61,1,CA3-DG,uncued,CA3,0,0.228248
61,1,CA3-DG,uncued,CA3,1,0.092018
61,1,CA3-DG,uncued,CA3,2,0.571939
61,1,CA3-DG,uncued,CA3,3,0.908208
61,1,CA3-DG,uncued,CA3,4,0.705185
61,1,CA3-DG,uncued,CA3,5,0.150057
61,1,CA3-DG,uncued,CA3,6,0.018705
61,1,CA3-DG,uncued,CA3,7,0.009673
61,1,CA3-DG,uncued,CA3,8,0.796131
61,1,CA3-DG,uncued,CA3,9,0.677446
61,1,CA3-DG,uncued,CA3,10,0.049924
61,1,CA3-DG,uncued,CA3,11,0.6891
61,1,CA3-DG,uncued,CA3,12,0.873572
61,1,CA3-DG,uncued,CA3,13,0.528387
61,1,CA3-DG,uncued,CA3,14,0.021452
61,1,CA3-DG,uncued,CA3,15,0.161087
61,1,CA3-DG,uncued,CA3,16,0.879797
61,1,CA3-DG,uncued,CA3,17,0.166034
61,1,CA3-DG,uncued,CA3,18,0.822696
61,1,CA3-DG,uncued,CA3,19,0.142361
61,1,CA3-DG,uncued,CA3,20,0.0
61,1,CA3-DG,uncued,CA3,21,0.1981
61,1,CA3-DG,uncued,CA3,22,0.730667
61,1,CA3-DG,uncued,CA3,23,0.043689
61,1,CA3-DG,uncued,CA3,24,0.17915
61,1,CA3-DG,uncued,CA3,25,0.05291
61,1,CA3-DG,uncued,CA3,26,0.384042
61,1,CA3-DG,uncued,CA3,27,0.794832
61,1,CA3-DG,uncued,CA3,28,0.0
61,1,CA3-DG,uncued,CA3,29,0.608113
61,1,CA3-DG,uncued,CA3,30,0.2057
61,1,CA3-DG,uncued,CA3,31,0.0
61,1,CA3-DG,uncued,CA3,32,0.678686
61,1,CA3-DG,uncued,DG,0,0.931653
61,1,CA3-DG,uncued,DG,1,0.841989
61,1,CA3-DG,uncued,DG,2,0.551461
61,1,CA3-DG,uncued,DG,3,1.036099
61,1,CA3-DG,uncued,DG,4,0.563928
61,1,CA3-DG,uncued,DG,5,0.792689
61,1,CA3-DG,uncued,DG,6,0.874659
61,1,CA3-DG,uncued,DG,7,0.899766
61,1,CA3-DG,uncued,DG,8,0.836317
61,1,CA3-DG,uncued,DG,9,0.135317
61,1,CA3-DG,uncued,DG,10,0.832059
61,1,CA3-DG,uncued,DG,11,0.5119
61,1,CA3-DG,uncued,DG,12,1.011949
61,1,CA3-DG,uncued,DG,13,0.499753
61,1,CA3-DG,uncued,DG,14,0.766903
61,1,CA3-DG,uncued,DG,15,0.112022
61,1,CA3-DG,uncued,DG,16,0.024846
61,1,CA3-DG,uncued,DG,17,0.028233
61,1,CA3-DG,uncued,DG,18,0.0
61,1,CA3-DG,uncued,DG,19,0.0
61,1,CA3-DG,uncued,DG,20,0.0
61,1,CA3-DG,uncued,DG,21,0.639218
61,1,CA3-DG,uncued,DG,22,0.962643
61,1,CA3-DG,uncued,DG,23,0.0
61,1,CA3-DG,uncued,DG,24,0.005443
61,1,CA3-DG,cued,CA3,0,0.251544
61,1,CA3-DG,cued,CA3,1,0.063014
61,1,CA3-DG,cued,CA3,2,0.518901
61,1,CA3-DG,cued,CA3,3,0.844517
61,1,CA3-DG,cued,CA3,4,0.68487
61,1,CA3-DG,cued,CA3,5,0.269191
61,1,CA3-DG,cued,CA3,6,0.04154
61,1,CA3-DG,cued,CA3,7,0.007853
61,1,CA3-DG,cued,CA3,8,0.805658
61,1,CA3-DG,cued,CA3,9,0.62422
61,1,CA3-DG,cued,CA3,10,0.057915
61,1,CA3-DG,cued,CA3,11,0.768327
61,1,CA3-DG,cued,CA3,12,0.723053
61,1,CA3-DG,cued,CA3,13,0.456297
61,1,CA3-DG,cued,CA3,14,0.012656
61,1,CA3-DG,cued,CA3,15,0.181269
61,1,CA3-DG,cued,CA3,16,0.868588
61,1,CA3-DG,cued,CA3,17,0.365354
61,1,CA3-DG,cued,CA3,18,0.826947
61,1,CA3-DG,cued,CA3,19,0.016952
61,1,CA3-DG,cued,CA3,20,0.71719
61,1,CA3-DG,cued,CA3,21,0.010245
61,1,CA3-DG,cued,CA3,22,0.610928
61,1,CA3-DG,cued,CA3,23,0.043398
61,1,CA3-DG,cued,CA3,24,0.386736
61,1,CA3-DG,cued,CA3,25,0.021137
61,1,CA3-DG,cued,CA3,26,0.390143
61,1,CA3-DG,cued,CA3,27,0.802915
61,1,CA3-DG,cued,CA3,28,0.749646
61,1,CA3-DG,cued,CA3,29,0.565202
61,1,CA3-DG,cued,CA3,30,0.176688
61,1,CA3-DG,cued,CA3,31,0.0
61,1,CA3-DG,cued,CA3,32,0.708359
61,1,CA3-DG,cued,DG,0,0.6787
61,1,CA3-DG,cued,DG,1,0.348877
61,1,CA3-DG,cued,DG,2,0.084962
61,1,CA3-DG,cued,DG,3,0.008045
61,1,CA3-DG,cued,DG,4,0.929427
61,1,CA3-DG,cued,DG,5,0.799159
61,1,CA3-DG,cued,DG,6,0.767559
61,1,CA3-DG,cued,DG,7,0.609675
61,1,CA3-DG,cued,DG,8,0.757267
61,1,CA3-DG,cued,DG,9,0.075695
61,1,CA3-DG,cued,DG,10,0.712013
61,1,CA3-DG,cued,DG,11,0.232229
61,1,CA3-DG,cued,DG,12,0.789022
61,1,CA3-DG,cued,DG,13,0.788068
61,1,CA3-DG,cued,DG,14,0.897023
61,1,CA3-DG,cued,DG,15,0.751551
61,1,CA3-DG,cued,DG,16,0.053875
61,1,CA3-DG,cued,DG,17,0.926124
61,1,CA3-DG,cued,DG,18,0.0
61,1,CA3-DG,cued,DG,19,0.0
61,1,CA3-DG,cued,DG,20,0.58776
61,1,CA3-DG,cued,DG,21,0.670747
61,1,CA3-DG,cued,DG,22,0.798045
61,1,CA3-DG,cued,DG,23,0.005034
61,1,CA3-DG,cued,DG,24,0.971944
61,1,V1-RSC,uncued,V1,0,0.004524
61,1,V1-RSC,uncued,V1,1,0.03736
61,1,V1-RSC,uncued,V1,2,0.19604
61,1,V1-RSC,uncued,V1,3,0.857367
61,1,V1-RSC,uncued,V1,4,0.076847
61,1,V1-RSC,uncued,V1,5,0.793836
61,1,V1-RSC,uncued,V1,6,0.094101
61,1,V1-RSC,uncued,V1,7,0.781776
61,1,V1-RSC,uncued,V1,8,0.819792
61,1,V1-RSC,uncued,V1,9,0.013931
61,1,V1-RSC,uncued,V1,10,0.095485
61,1,V1-RSC,uncued,V1,11,0.035647
61,1,V1-RSC,uncued,V1,12,0.007969
61,1,V1-RSC,uncued,V1,13,0.027426
61,1,V1-RSC,uncued,V1,14,0.067574
61,1,V1-RSC,uncued,V1,15,0.586082
61,1,V1-RSC,uncued,V1,16,0.004336
61,1,V1-RSC,uncued,V1,17,0.05742
61,1,V1-RSC,uncued,V1,18,0.061945
61,1,V1-RSC,uncued,V1,19,0.015648
61,1,V1-RSC,uncued,V1,20,0.013533
61,1,V1-RSC,uncued,V1,21,0.021588
61,1,V1-RSC,uncued,V1,22,0.019465
61,1,V1-RSC,uncued,V1,23,0.037
61,1,V1-RSC,uncued,V1,24,0.154807
61,1,V1-RSC,uncued,V1,25,0.593415
61,1,V1-RSC,uncued,V1,26,0.004401
61,1,V1-RSC,uncued,V1,27,0.057844
61,1,V1-RSC,uncued,V1,28,0.116713
61,1,V1-RSC,uncued,V1,29,0.26597
61,1,V1-RSC,uncued,V1,30,0.030904
61,1,V1-RSC,uncued,V1,31,0.009639
61,1,V1-RSC,uncued,V1,32,0.018655
61,1,V1-RSC,uncued,V1,33,0.032303
61,1,V1-RSC,uncued,V1,34,0.81112
61,1,V1-RSC,uncued,V1,35,0.174569
61,1,V1-RSC,uncued,V1,36,0.270821
61,1,V1-RSC,uncued,V1,37,0.273673
61,1,V1-RSC,uncued,V1,38,0.260858
61,1,V1-RSC,uncued,V1,39,0.746925
61,1,V1-RSC,uncued,V1,40,0.049632
61,1,V1-RSC,uncued,V1,41,0.18347
61,1,V1-RSC,uncued,V1,42,0.431524
61,1,V1-RSC,uncued,V1,43,0.074626
61,1,V1-RSC,uncued,V1,44,0.220176
61,1,V1-RSC,uncued,V1,45,0.089783
61,1,V1-RSC,uncued,V1,46,0.060528
61,1,V1-RSC,uncued,V1,47,0.020943
61,1,V1-RSC,uncued,V1,48,0.138835
61,1,V1-RSC,uncued,V1,49,0.023686
61,1,V1-RSC,uncued,V1,50,0.004622
61,1,V1-RSC,uncued,V1,51,0.775252
61,1,V1-RSC,uncued,V1,52,0.046964
61,1,V1-RSC,uncued,V1,53,0.019994
61,1,V1-RSC,uncued,V1,54,0.123751
61,1,V1-RSC,uncued,V1,55,0.621295
61,1,V1-RSC,uncued,V1,56,0.005741
61,1,V1-RSC,uncued,V1,57,0.00998
61,1,V1-RSC,uncued,V1,58,0.048349
61,1,V1-RSC,uncued,V1,59,0.012028
61,1,V1-RSC,uncued,V1,60,0.017171
61,1,V1-RSC,uncued,V1,61,0.73877
61,1,V1-RSC,uncued,V1,62,0.010553
61,1,V1-RSC,uncued,V1,63,0.0
61,1,V1-RSC,uncued,V1,64,0.010374
61,1,V1-RSC,uncued,V1,65,0.007396
61,1,V1-RSC,uncued,V1,66,0.005317
61,1,V1-RSC,uncued,V1,67,0.013512
61,1,V1-RSC,uncued,V1,68,0.25077
61,1,V1-RSC,uncued,V1,69,0.006816
61,1,V1-RSC,uncued,V1,70,0.05302
61,1,V1-RSC,uncued,V1,71,0.803207
61,1,V1-RSC,uncued,V1,72,0.081394
61,1,V1-RSC,uncued,V1,73,0.715536
61,1,V1-RSC,uncued,V1,74,0.008779
61,1,V1-RSC,uncued,V1,75,0.031201
61,1,V1-RSC,uncued,V1,76,0.667016
61,1,V1-RSC,uncued,V1,77,0.014857
61,1,V1-RSC,uncued,V1,78,0.009613
61,1,V1-RSC,uncued,V1,79,0.040152
61,1,V1-RSC,uncued,V1,80,0.022453
61,1,V1-RSC,uncued,V1,81,0.052784
61,1,V1-RSC,uncued,V1,82,0.18253
61,1,V1-RSC,uncued,V1,83,0.171303
61,1,V1-RSC,uncued,V1,84,0.808163
61,1,V1-RSC,uncued,V1,85,0.139463
61,1,V1-RSC,uncued,V1,86,0.127571
61,1,V1-RSC,uncued,V1,87,0.025738
61,1,V1-RSC,uncued,V1,88,0.046555
61,1,V1-RSC,uncued,V1,89,0.010052
61,1,V1-RSC,uncued,V1,90,0.073665
61,1,V1-RSC,uncued,V1,91,0.008802
61,1,V1-RSC,uncued,V1,92,0.006345
61,1,V1-RSC,uncued,RSC,0,0.006996
61,1,V1-RSC,uncued,RSC,1,0.305849
61,1,V1-RSC,uncued,RSC,2,0.758189
61,1,V1-RSC,uncued,RSC,3,0.067426
61,1,V1-RSC,uncued,RSC,4,0.826996
61,1,V1-RSC,uncued,RSC,5,0.793733
61,1,V1-RSC,uncued,RSC,6,0.797121
61,1,V1-RSC,uncued,RSC,7,0.031768
61,1,V1-RSC,uncued,RSC,8,0.072517
61,1,V1-RSC,uncued,RSC,9,0.120946
61,1,V1-RSC,uncued,RSC,10,0.127906
61,1,V1-RSC,uncued,RSC,11,0.094557
61,1,V1-RSC,uncued,RSC,12,0.16505
61,1,V1-RSC,uncued,RSC,13,0.110544
61,1,V1-RSC,uncued,RSC,14,0.152946
61,1,V1-RSC,uncued,RSC,15,0.025465
61,1,V1-RSC,uncued,RSC,16,0.052522
61,1,V1-RSC,uncued,RSC,17,0.171039
61,1,V1-RSC,uncued,RSC,18,0.116692
61,1,V1-RSC,uncued,RSC,19,0.028676
61,1,V1-RSC,uncued,RSC,20,0.013771
61,1,V1-RSC,uncued,RSC,21,0.136108
61,1,V1-RSC,uncued,RSC,22,0.731977
61,1,V1-RSC,uncued,RSC,23,0.234977
61,1,V1-RSC,uncued,RSC,24,0.091188
61,1,V1-RSC,uncued,RSC,25,0.158793
61,1,V1-RSC,uncued,RSC,26,0.066775
61,1,V1-RSC,uncued,RSC,27,0.017598
61,1,V1-RSC,uncued,RSC,28,0.044428
61,1,V1-RSC,uncued,RSC,29,0.106576
61,1,V1-RSC,uncued,RSC,30,0.008823
61,1,V1-RSC,uncued,RSC,31,0.177796
61,1,V1-RSC,uncued,RSC,32,0.195712
61,1,V1-RSC,uncued,RSC,33,0.227576
61,1,V1-RSC,uncued,RSC,34,0.119596
61,1,V1-RSC,uncued,RSC,35,0.258464
61,1,V1-RSC,uncued,RSC,36,0.094881
61,1,V1-RSC,uncued,RSC,37,0.128298
61,1,V1-RSC,uncued,RSC,38,0.310891
61,1,V1-RSC,uncued,RSC,39,0.002599
61,1,V1-RSC,uncued,RSC,40,0.178681
61,1,V1-RSC,uncued,RSC,41,0.355215
61,1,V1-RSC,uncued,RSC,42,0.367121
61,1,V1-RSC,uncued,RSC,43,0.132491
61,1,V1-RSC,uncued,RSC,44,0.14769
61,1,V1-RSC,uncued,RSC,45,0.324682
61,1,V1-RSC,uncued,RSC,46,0.315978
61,1,V1-RSC,uncued,RSC,47,0.446773
61,1,V1-RSC,uncued,RSC,48,0.729913
61,1,V1-RSC,uncued,RSC,49,0.44075
61,1,V1-RSC,uncued,RSC,50,0.299379
61,1,V1-RSC,uncued,RSC,51,0.260649
61,1,V1-RSC,uncued,RSC,52,0.217136
61,1,V1-RSC,uncued,RSC,53,0.122897
61,1,V1-RSC,uncued,RSC,54,0.11799
61,1,V1-RSC,uncued,RSC,55,0.156856
61,1,V1-RSC,uncued,RSC,56,0.053695
61,1,V1-RSC,uncued,RSC,57,0.074856
61,1,V1-RSC,uncued,RSC,58,0.140151
61,1,V1-RSC,uncued,RSC,59,0.049686
61,1,V1-RSC,uncued,RSC,60,0.42781
61,1,V1-RSC,uncued,RSC,61,0.13604
61,1,V1-RSC,uncued,RSC,62,0.03016
61,1,V1-RSC,uncued,RSC,63,0.087816
61,1,V1-RSC,uncued,RSC,64,0.031806
61,1,V1-RSC,uncued,RSC,65,0.085389
61,1,V1-RSC,uncued,RSC,66,0.173025
61,1,V1-RSC,uncued,RSC,67,0.010031
61,1,V1-RSC,uncued,RSC,68,0.049976
61,1,V1-RSC,uncued,RSC,69,0.038553
61,1,V1-RSC,uncued,RSC,70,0.814595
61,1,V1-RSC,uncued,RSC,71,0.106367
61,1,V1-RSC,uncued,RSC,72,0.132385
61,1,V1-RSC,uncued,RSC,73,0.058299
61,1,V1-RSC,uncued,RSC,74,0.177637
61,1,V1-RSC,uncued,RSC,75,0.047664
61,1,V1-RSC,uncued,RSC,76,0.029604
61,1,V1-RSC,uncued,RSC,77,0.002769
61,1,V1-RSC,uncued,RSC,78,0.116446
61,1,V1-RSC,uncued,RSC,79,0.011127
61,1,V1-RSC,uncued,RSC,80,0.064344
61,1,V1-RSC,uncued,RSC,81,0.102815
61,1,V1-RSC,uncued,RSC,82,0.073884
61,1,V1-RSC,uncued,RSC,83,0.12525
61,1,V1-RSC,uncued,RSC,84,0.073248
61,1,V1-RSC,uncued,RSC,85,0.298302
61,1,V1-RSC,uncued,RSC,86,0.215789
61,1,V1-RSC,uncued,RSC,87,0.166615
61,1,V1-RSC,uncued,RSC,88,0.12658
61,1,V1-RSC,uncued,RSC,89,0.108656
61,1,V1-RSC,uncued,RSC,90,0.079348
61,1,V1-RSC,uncued,RSC,91,0.785671
61,1,V1-RSC,uncued,RSC,92,0.321011
61,1,V1-RSC,uncued,RSC,93,0.7247
61,1,V1-RSC,uncued,RSC,94,0.129283
61,1,V1-RSC,uncued,RSC,95,0.018798
61,1,V1-RSC,uncued,RSC,96,0.133521
61,1,V1-RSC,uncued,RSC,97,0.325678
61,1,V1-RSC,uncued,RSC,98,0.118581
61,1,V1-RSC,uncued,RSC,99,0.263612
61,1,V1-RSC,uncued,RSC,100,0.646415
61,1,V1-RSC,uncued,RSC,101,0.421971
61,1,V1-RSC,uncued,RSC,102,0.021767
61,1,V1-RSC,uncued,RSC,103,0.069584
61,1,V1-RSC,uncued,RSC,104,0.041537
61,1,V1-RSC,uncued,RSC,105,0.631852
61,1,V1-RSC,uncued,RSC,106,0.078411
61,1,V1-RSC,uncued,RSC,107,0.066674
61,1,V1-RSC,uncued,RSC,108,0.042103
61,1,V1-RSC,uncued,RSC,109,0.117588
61,1,V1-RSC,uncued,RSC,110,0.809561
61,1,V1-RSC,uncued,RSC,111,0.031243
61,1,V1-RSC,uncued,RSC,112,0.038725
61,1,V1-RSC,uncued,RSC,113,0.111023
61,1,V1-RSC,uncued,RSC,114,0.064794
61,1,V1-RSC,cued,V1,0,0.009585
61,1,V1-RSC,cued,V1,1,0.073444
61,1,V1-RSC,cued,V1,2,0.101718
61,1,V1-RSC,cued,V1,3,0.056614
61,1,V1-RSC,cued,V1,4,0.045384
61,1,V1-RSC,cued,V1,5,0.69483
61,1,V1-RSC,cued,V1,6,0.061451
61,1,V1-RSC,cued,V1,7,0.142426
61,1,V1-RSC,cued,V1,8,0.064382
61,1,V1-RSC,cued,V1,9,0.028078
61,1,V1-RSC,cued,V1,10,0.124978
61,1,V1-RSC,cued,V1,11,0.016753
61,1,V1-RSC,cued,V1,12,0.026897
61,1,V1-RSC,cued,V1,13,0.644856
61,1,V1-RSC,cued,V1,14,0.1077
61,1,V1-RSC,cued,V1,15,0.187601
61,1,V1-RSC,cued,V1,16,0.027777
61,1,V1-RSC,cued,V1,17,0.101055
61,1,V1-RSC,cued,V1,18,0.1455
61,1,V1-RSC,cued,V1,19,0.008704
61,1,V1-RSC,cued,V1,20,0.0
61,1,V1-RSC,cued,V1,21,0.020528
61,1,V1-RSC,cued,V1,22,0.108115
61,1,V1-RSC,cued,V1,23,0.735211
61,1,V1-RSC,cued,V1,24,0.632879
61,1,V1-RSC,cued,V1,25,0.054985
61,1,V1-RSC,cued,V1,26,0.009216
61,1,V1-RSC,cued,V1,27,0.104836
61,1,V1-RSC,cued,V1,28,0.092973
61,1,V1-RSC,cued,V1,29,0.070185
61,1,V1-RSC,cued,V1,30,0.649409
61,1,V1-RSC,cued,V1,31,0.153924
61,1,V1-RSC,cued,V1,32,0.098167
61,1,V1-RSC,cued,V1,33,0.010012
61,1,V1-RSC,cued,V1,34,0.07032
61,1,V1-RSC,cued,V1,35,0.250464
61,1,V1-RSC,cued,V1,36,0.332837
61,1,V1-RSC,cued,V1,37,0.185962
61,1,V1-RSC,cued,V1,38,0.069518
61,1,V1-RSC,cued,V1,39,0.244508
61,1,V1-RSC,cued,V1,40,0.054011
61,1,V1-RSC,cued,V1,41,0.090673
61,1,V1-RSC,cued,V1,42,0.078811
61,1,V1-RSC,cued,V1,43,0.708795
61,1,V1-RSC,cued,V1,44,0.155388
61,1,V1-RSC,cued,V1,45,0.103397
61,1,V1-RSC,cued,V1,46,0.075024
61,1,V1-RSC,cued,V1,47,0.004357
61,1,V1-RSC,cued,V1,48,0.078263
61,1,V1-RSC,cued,V1,49,0.028787
61,1,V1-RSC,cued,V1,50,0.023702
61,1,V1-RSC,cued,V1,51,0.116846
61,1,V1-RSC,cued,V1,52,0.044619
61,1,V1-RSC,cued,V1,53,0.069708
61,1,V1-RSC,cued,V1,54,0.037175
61,1,V1-RSC,cued,V1,55,0.691086
61,1,V1-RSC,cued,V1,56,0.04723
61,1,V1-RSC,cued,V1,57,0.013736
61,1,V1-RSC,cued,V1,58,0.044603
61,1,V1-RSC,cued,V1,59,0.037138
61,1,V1-RSC,cued,V1,60,0.022891
61,1,V1-RSC,cued,V1,61,0.696815
61,1,V1-RSC,cued,V1,62,0.027208
61,1,V1-RSC,cued,V1,63,0.52566
61,1,V1-RSC,cued,V1,64,0.398588
61,1,V1-RSC,cued,V1,65,0.084769
61,1,V1-RSC,cued,V1,66,0.009815
61,1,V1-RSC,cued,V1,67,0.041412
61,1,V1-RSC,cued,V1,68,0.017072
61,1,V1-RSC,cued,V1,69,0.0
61,1,V1-RSC,cued,V1,70,0.056571
61,1,V1-RSC,cued,V1,71,0.719743
61,1,V1-RSC,cued,V1,72,0.166681
61,1,V1-RSC,cued,V1,73,0.018848
61,1,V1-RSC,cued,V1,74,0.002356
61,1,V1-RSC,cued,V1,75,0.053028
61,1,V1-RSC,cued,V1,76,0.705374
61,1,V1-RSC,cued,V1,77,0.011655
61,1,V1-RSC,cued,V1,78,0.029256
61,1,V1-RSC,cued,V1,79,0.02893
61,1,V1-RSC,cued,V1,80,0.175942
61,1,V1-RSC,cued,V1,81,0.111513
61,1,V1-RSC,cued,V1,82,0.470386
61,1,V1-RSC,cued,V1,83,0.104546
61,1,V1-RSC,cued,V1,84,0.093485
61,1,V1-RSC,cued,V1,85,0.690462
61,1,V1-RSC,cued,V1,86,0.680002
61,1,V1-RSC,cued,V1,87,0.021746
61,1,V1-RSC,cued,V1,88,0.048753
61,1,V1-RSC,cued,V1,89,0.045023
61,1,V1-RSC,cued,V1,90,0.024404
61,1,V1-RSC,cued,V1,91,0.014008
61,1,V1-RSC,cued,V1,92,0.261087
61,1,V1-RSC,cued,RSC,0,0.009613
61,1,V1-RSC,cued,RSC,1,0.227245
61,1,V1-RSC,cued,RSC,2,0.30378
61,1,V1-RSC,cued,RSC,3,0.05399
61,1,V1-RSC,cued,RSC,4,0.739211
61,1,V1-RSC,cued,RSC,5,0.376461
61,1,V1-RSC,cued,RSC,6,0.752149
61,1,V1-RSC,cued,RSC,7,0.051203
61,1,V1-RSC,cued,RSC,8,0.183886
61,1,V1-RSC,cued,RSC,9,0.066167
61,1,V1-RSC,cued,RSC,10,0.200119
61,1,V1-RSC,cued,RSC,11,0.157358
61,1,V1-RSC,cued,RSC,12,0.112029
61,1,V1-RSC,cued,RSC,13,0.123567
61,1,V1-RSC,cued,RSC,14,0.117267
61,1,V1-RSC,cued,RSC,15,0.06787
61,1,V1-RSC,cued,RSC,16,0.673266
61,1,V1-RSC,cued,RSC,17,0.177559
61,1,V1-RSC,cued,RSC,18,0.093572
61,1,V1-RSC,cued,RSC,19,0.047773
61,1,V1-RSC,cued,RSC,20,0.024392
61,1,V1-RSC,cued,RSC,21,0.094484
61,1,V1-RSC,cued,RSC,22,0.09369
61,1,V1-RSC,cued,RSC,23,0.358463
61,1,V1-RSC,cued,RSC,24,0.071815
61,1,V1-RSC,cued,RSC,25,0.22301
61,1,V1-RSC,cued,RSC,26,0.068664
61,1,V1-RSC,cued,RSC,27,0.04307
61,1,V1-RSC,cued,RSC,28,0.067606
61,1,V1-RSC,cued,RSC,29,0.073269
61,1,V1-RSC,cued,RSC,30,0.015502
61,1,V1-RSC,cued,RSC,31,0.150826
61,1,V1-RSC,cued,RSC,32,0.195865
61,1,V1-RSC,cued,RSC,33,0.212587
61,1,V1-RSC,cued,RSC,34,0.646546
61,1,V1-RSC,cued,RSC,35,0.270212
61,1,V1-RSC,cued,RSC,36,0.101589
61,1,V1-RSC,cued,RSC,37,0.10948
61,1,V1-RSC,cued,RSC,38,0.33335
61,1,V1-RSC,cued,RSC,39,0.018614
61,1,V1-RSC,cued,RSC,40,0.158099
61,1,V1-RSC,cued,RSC,41,0.332801
61,1,V1-RSC,cued,RSC,42,0.360662
61,1,V1-RSC,cued,RSC,43,0.205698
61,1,V1-RSC,cued,RSC,44,0.228425
61,1,V1-RSC,cued,RSC,45,0.337616
61,1,V1-RSC,cued,RSC,46,0.492326
61,1,V1-RSC,cued,RSC,47,0.313136
61,1,V1-RSC,cued,RSC,48,0.659005
61,1,V1-RSC,cued,RSC,49,0.3816
61,1,V1-RSC,cued,RSC,50,0.423676
61,1,V1-RSC,cued,RSC,51,0.299305
61,1,V1-RSC,cued,RSC,52,0.168788
61,1,V1-RSC,cued,RSC,53,0.090946
61,1,V1-RSC,cued,RSC,54,0.064827
61,1,V1-RSC,cued,RSC,55,0.081722
61,1,V1-RSC,cued,RSC,56,0.077894
61,1,V1-RSC,cued,RSC,57,0.087129
61,1,V1-RSC,cued,RSC,58,0.280753
61,1,V1-RSC,cued,RSC,59,0.069447
61,1,V1-RSC,cued,RSC,60,0.224826
61,1,V1-RSC,cued,RSC,61,0.147736
61,1,V1-RSC,cued,RSC,62,0.226972
61,1,V1-RSC,cued,RSC,63,0.144452
61,1,V1-RSC,cued,RSC,64,0.0181
61,1,V1-RSC,cued,RSC,65,0.096997
61,1,V1-RSC,cued,RSC,66,0.158752
61,1,V1-RSC,cued,RSC,67,0.064042
61,1,V1-RSC,cued,RSC,68,0.103492
61,1,V1-RSC,cued,RSC,69,0.124712
61,1,V1-RSC,cued,RSC,70,0.168609
61,1,V1-RSC,cued,RSC,71,0.160009
61,1,V1-RSC,cued,RSC,72,0.136266
61,1,V1-RSC,cued,RSC,73,0.187866
61,1,V1-RSC,cued,RSC,74,0.094183
61,1,V1-RSC,cued,RSC,75,0.049572
61,1,V1-RSC,cued,RSC,76,0.137167
61,1,V1-RSC,cued,RSC,77,0.037803
61,1,V1-RSC,cued,RSC,78,0.069653
61,1,V1-RSC,cued,RSC,79,0.007128
61,1,V1-RSC,cued,RSC,80,0.075686
61,1,V1-RSC,cued,RSC,81,0.089753
61,1,V1-RSC,cued,RSC,82,0.149258
61,1,V1-RSC,cued,RSC,83,0.234995
61,1,V1-RSC,cued,RSC,84,0.082193
61,1,V1-RSC,cued,RSC,85,0.032699
61,1,V1-RSC,cued,RSC,86,0.189547
61,1,V1-RSC,cued,RSC,87,0.169392
61,1,V1-RSC,cued,RSC,88,0.151746
61,1,V1-RSC,cued,RSC,89,0.048127
61,1,V1-RSC,cued,RSC,90,0.047318
61,1,V1-RSC,cued,RSC,91,0.082427
61,1,V1-RSC,cued,RSC,92,0.357504
61,1,V1-RSC,cued,RSC,93,0.602281
61,1,V1-RSC,cued,RSC,94,0.095241
61,1,V1-RSC,cued,RSC,95,0.021978
61,1,V1-RSC,cued,RSC,96,0.627843
61,1,V1-RSC,cued,RSC,97,0.256235
61,1,V1-RSC,cued,RSC,98,0.04762
61,1,V1-RSC,cued,RSC,99,0.333982
61,1,V1-RSC,cued,RSC,100,0.50658
61,1,V1-RSC,cued,RSC,101,0.37227
61,1,V1-RSC,cued,RSC,102,0.045315
61,1,V1-RSC,cued,RSC,103,0.733912
61,1,V1-RSC,cued,RSC,104,0.069104
61,1,V1-RSC,cued,RSC,105,0.703822
61,1,V1-RSC,cued,RSC,106,0.074536
61,1,V1-RSC,cued,RSC,107,0.070053
61,1,V1-RSC,cued,RSC,108,0.047487
61,1,V1-RSC,cued,RSC,109,0.12762
61,1,V1-RSC,cued,RSC,110,0.735578
61,1,V1-RSC,cued,RSC,111,0.546595
61,1,V1-RSC,cued,RSC,112,0.323429
61,1,V1-RSC,cued,RSC,113,0.08693
61,1,V1-RSC,cued,RSC,114,0.034849
63,1,CA1-RSC,uncued,CA1,0,1.184725
63,1,CA1-RSC,uncued,CA1,1,0.998117
63,1,CA1-RSC,uncued,CA1,2,1.435978
63,1,CA1-RSC,uncued,CA1,3,1.065026
63,1,CA1-RSC,uncued,CA1,4,0.940442
63,1,CA1-RSC,uncued,CA1,5,1.247599
63,1,CA1-RSC,uncued,CA1,6,1.222474
63,1,CA1-RSC,uncued,CA1,7,0.979996
63,1,CA1-RSC,uncued,CA1,8,1.208186
63,1,CA1-RSC,uncued,CA1,9,1.249099
63,1,CA1-RSC,uncued,CA1,10,0.967305
63,1,CA1-RSC,uncued,CA1,11,1.189952
63,1,CA1-RSC,uncued,CA1,12,0.854278
63,1,CA1-RSC,uncued,RSC,0,0.311628
63,1,CA1-RSC,uncued,RSC,1,0.260114
63,1,CA1-RSC,uncued,RSC,2,0.692091
63,1,CA1-RSC,uncued,RSC,3,0.040799
63,1,CA1-RSC,uncued,RSC,4,0.02719
63,1,CA1-RSC,uncued,RSC,5,0.018882
63,1,CA1-RSC,uncued,RSC,6,0.181182
63,1,CA1-RSC,uncued,RSC,7,0.039199
63,1,CA1-RSC,uncued,RSC,8,0.051476
63,1,CA1-RSC,uncued,RSC,9,0.82927
63,1,CA1-RSC,uncued,RSC,10,0.75082
63,1,CA1-RSC,uncued,RSC,11,0.836257
63,1,CA1-RSC,uncued,RSC,12,0.057194
63,1,CA1-RSC,uncued,RSC,13,0.085966
63,1,CA1-RSC,uncued,RSC,14,0.639893
63,1,CA1-RSC,uncued,RSC,15,0.135474
63,1,CA1-RSC,uncued,RSC,16,0.079988
63,1,CA1-RSC,uncued,RSC,17,0.29316
63,1,CA1-RSC,uncued,RSC,18,0.66169
63,1,CA1-RSC,uncued,RSC,19,0.138267
63,1,CA1-RSC,uncued,RSC,20,0.84631
63,1,CA1-RSC,uncued,RSC,21,0.060197
63,1,CA1-RSC,uncued,RSC,22,0.144283
63,1,CA1-RSC,uncued,RSC,23,0.04253
63,1,CA1-RSC,uncued,RSC,24,0.12274
63,1,CA1-RSC,uncued,RSC,25,0.479019
63,1,CA1-RSC,uncued,RSC,26,0.057481
63,1,CA1-RSC,uncued,RSC,27,0.008017
63,1,CA1-RSC,uncued,RSC,28,0.668028
63,1,CA1-RSC,uncued,RSC,29,0.013194
63,1,CA1-RSC,uncued,RSC,30,0.295779
63,1,CA1-RSC,uncued,RSC,31,0.373347
63,1,CA1-RSC,uncued,RSC,32,0.818786
63,1,CA1-RSC,uncued,RSC,33,0.81417
63,1,CA1-RSC,uncued,RSC,34,0.647735
63,1,CA1-RSC,uncued,RSC,35,0.365249
63,1,CA1-RSC,uncued,RSC,36,0.090842
63,1,CA1-RSC,uncued,RSC,37,0.071028
63,1,CA1-RSC,uncued,RSC,38,0.062589
63,1,CA1-RSC,uncued,RSC,39,0.612647
63,1,CA1-RSC,uncued,RSC,40,0.206912
63,1,CA1-RSC,uncued,RSC,41,0.794743
63,1,CA1-RSC,uncued,RSC,42,0.046255
63,1,CA1-RSC,uncued,RSC,43,0.335616
63,1,CA1-RSC,uncued,RSC,44,0.029884
63,1,CA1-RSC,uncued,RSC,45,0.020513
63,1,CA1-RSC,uncued,RSC,46,0.020447
63,1,CA1-RSC,uncued,RSC,47,0.032792
63,1,CA1-RSC,uncued,RSC,48,0.745717
63,1,CA1-RSC,uncued,RSC,49,0.326242
63,1,CA1-RSC,uncued,RSC,50,0.640649
63,1,CA1-RSC,uncued,RSC,51,0.001778
63,1,CA1-RSC,uncued,RSC,52,0.277244
63,1,CA1-RSC,uncued,RSC,53,0.010974
63,1,CA1-RSC,uncued,RSC,54,0.044335
63,1,CA1-RSC,cued,CA1,0,1.058585
63,1,CA1-RSC,cued,CA1,1,1.01785
63,1,CA1-RSC,cued,CA1,2,1.641112
63,1,CA1-RSC,cued,CA1,3,1.092566
63,1,CA1-RSC,cued,CA1,4,0.945969
63,1,CA1-RSC,cued,CA1,5,1.010474
63,1,CA1-RSC,cued,CA1,6,1.183014
63,1,CA1-RSC,cued,CA1,7,1.025813
63,1,CA1-RSC,cued,CA1,8,1.123285
63,1,CA1-RSC,cued,CA1,9,0.987989
63,1,CA1-RSC,cued,CA1,10,0.982587
63,1,CA1-RSC,cued,CA1,11,0.867226
63,1,CA1-RSC,cued,CA1,12,0.928952
63,1,CA1-RSC,cued,RSC,0,0.103209
63,1,CA1-RSC,cued,RSC,1,0.302067
63,1,CA1-RSC,cued,RSC,2,0.145883
63,1,CA1-RSC,cued,RSC,3,0.039102
63,1,CA1-RSC,cued,RSC,4,0.028207
63,1,CA1-RSC,cued,RSC,5,0.036856
63,1,CA1-RSC,cued,RSC,6,0.119611
63,1,CA1-RSC,cued,RSC,7,0.049553
63,1,CA1-RSC,cued,RSC,8,0.053759
63,1,CA1-RSC,cued,RSC,9,0.375035
63,1,CA1-RSC,cued,RSC,10,0.845584
63,1,CA1-RSC,cued,RSC,11,0.296337
63,1,CA1-RSC,cued,RSC,12,0.079019
63,1,CA1-RSC,cued,RSC,13,0.151967
63,1,CA1-RSC,cued,RSC,14,0.775164
63,1,CA1-RSC,cued,RSC,15,0.242296
63,1,CA1-RSC,cued,RSC,16,0.636431
63,1,CA1-RSC,cued,RSC,17,0.261754
63,1,CA1-RSC,cued,RSC,18,0.787692
63,1,CA1-RSC,cued,RSC,19,0.225491
63,1,CA1-RSC,cued,RSC,20,0.222231
63,1,CA1-RSC,cued,RSC,21,0.164943
63,1,CA1-RSC,cued,RSC,22,0.209563
63,1,CA1-RSC,cued,RSC,23,0.055609
63,1,CA1-RSC,cued,RSC,24,0.141654
63,1,CA1-RSC,cued,RSC,25,0.775754
63,1,CA1-RSC,cued,RSC,26,0.404127
63,1,CA1-RSC,cued,RSC,27,0.029028
63,1,CA1-RSC,cued,RSC,28,0.106693
63,1,CA1-RSC,cued,RSC,29,0.07495
63,1,CA1-RSC,cued,RSC,30,0.256246
63,1,CA1-RSC,cued,RSC,31,0.174572
63,1,CA1-RSC,cued,RSC,32,0.83777
63,1,CA1-RSC,cued,RSC,33,0.183323
63,1,CA1-RSC,cued,RSC,34,0.780797
63,1,CA1-RSC,cued,RSC,35,0.291156
63,1,CA1-RSC,cued,RSC,36,0.152252
63,1,CA1-RSC,cued,RSC,37,0.860463
63,1,CA1-RSC,cued,RSC,38,0.094539
63,1,CA1-RSC,cued,RSC,39,0.782996
63,1,CA1-RSC,cued,RSC,40,0.161215
63,1,CA1-RSC,cued,RSC,41,0.72367
63,1,CA1-RSC,cued,RSC,42,0.801724
63,1,CA1-RSC,cued,RSC,43,0.408148
63,1,CA1-RSC,cued,RSC,44,0.036072
63,1,CA1-RSC,cued,RSC,45,0.047474
63,1,CA1-RSC,cued,RSC,46,0.045411
63,1,CA1-RSC,cued,RSC,47,0.625572
63,1,CA1-RSC,cued,RSC,48,0.063442
63,1,CA1-RSC,cued,RSC,49,0.776461
63,1,CA1-RSC,cued,RSC,50,0.709126
63,1,CA1-RSC,cued,RSC,51,0.017988
63,1,CA1-RSC,cued,RSC,52,0.068745
63,1,CA1-RSC,cued,RSC,53,0.013432
63,1,CA1-RSC,cued,RSC,54,0.232766
66,1,CA1-RSC,uncued,CA1,0,0.697112
66,1,CA1-RSC,uncued,CA1,1,0.133592
66,1,CA1-RSC,uncued,CA1,2,0.852223
66,1,CA1-RSC,uncued,CA1,3,0.127065
66,1,CA1-RSC,uncued,CA1,4,1.234073
66,1,CA1-RSC,uncued,CA1,5,0.016677
66,1,CA1-RSC,uncued,CA1,6,0.003987
66,1,CA1-RSC,uncued,CA1,7,0.017721
66,1,CA1-RSC,uncued,CA1,8,0.018508
66,1,CA1-RSC,uncued,CA1,9,1.056605
66,1,CA1-RSC,uncued,CA1,10,0.770693
66,1,CA1-RSC,uncued,CA1,11,0.007696
66,1,CA1-RSC,uncued,CA1,12,0.012034
66,1,CA1-RSC,uncued,CA1,13,1.185132
66,1,CA1-RSC,uncued,CA1,14,0.711057
66,1,CA1-RSC,uncued,CA1,15,0.569547
66,1,CA1-RSC,uncued,CA1,16,0.850358
66,1,CA1-RSC,uncued,CA1,17,0.058376
66,1,CA1-RSC,uncued,CA1,18,1.242545
66,1,CA1-RSC,uncued,CA1,19,0.842681
66,1,CA1-RSC,uncued,CA1,20,1.0859
66,1,CA1-RSC,uncued,CA1,21,1.053242
66,1,CA1-RSC,uncued,CA1,22,0.077815
66,1,CA1-RSC,uncued,CA1,23,1.125683
66,1,CA1-RSC,uncued,CA1,24,0.056538
66,1,CA1-RSC,uncued,CA1,25,1.232981
66,1,CA1-RSC,uncued,CA1,26,0.054007
66,1,CA1-RSC,uncued,CA1,27,0.043094
66,1,CA1-RSC,uncued,CA1,28,0.713868
66,1,CA1-RSC,uncued,RSC,0,0.974536
66,1,CA1-RSC,uncued,RSC,1,1.117923
66,1,CA1-RSC,uncued,RSC,2,0.830595
66,1,CA1-RSC,uncued,RSC,3,1.072383
66,1,CA1-RSC,uncued,RSC,4,1.304985
66,1,CA1-RSC,uncued,RSC,5,0.952578
66,1,CA1-RSC,uncued,RSC,6,1.231069
66,1,CA1-RSC,uncued,RSC,7,0.772705
66,1,CA1-RSC,uncued,RSC,8,0.074674
66,1,CA1-RSC,uncued,RSC,9,1.285556
66,1,CA1-RSC,uncued,RSC,10,0.65622
66,1,CA1-RSC,uncued,RSC,11,0.051628
66,1,CA1-RSC,uncued,RSC,12,0.652691
66,1,CA1-RSC,uncued,RSC,13,0.528148
66,1,CA1-RSC,uncued,RSC,14,1.36944
66,1,CA1-RSC,uncued,RSC,15,0.071175
66,1,CA1-RSC,uncued,RSC,16,1.307756
66,1,CA1-RSC,uncued,RSC,17,0.416502
66,1,CA1-RSC,cued,CA1,0,0.63937
66,1,CA1-RSC,cued,CA1,1,0.65215
66,1,CA1-RSC,cued,CA1,2,0.119398
66,1,CA1-RSC,cued,CA1,3,0.964869
66,1,CA1-RSC,cued,CA1,4,0.910405
66,1,CA1-RSC,cued,CA1,5,0.004417
66,1,CA1-RSC,cued,CA1,6,0.0
66,1,CA1-RSC,cued,CA1,7,0.004026
66,1,CA1-RSC,cued,CA1,8,0.050442
66,1,CA1-RSC,cued,CA1,9,0.629794
66,1,CA1-RSC,cued,CA1,10,0.667165
66,1,CA1-RSC,cued,CA1,11,0.012704
66,1,CA1-RSC,cued,CA1,12,0.009535
66,1,CA1-RSC,cued,CA1,13,1.043557
66,1,CA1-RSC,cued,CA1,14,1.10061
66,1,CA1-RSC,cued,CA1,15,0.547757
66,1,CA1-RSC,cued,CA1,16,0.695584
66,1,CA1-RSC,cued,CA1,17,0.027298
66,1,CA1-RSC,cued,CA1,18,0.236586
66,1,CA1-RSC,cued,CA1,19,0.756668
66,1,CA1-RSC,cued,CA1,20,0.966806
66,1,CA1-RSC,cued,CA1,21,1.034151
66,1,CA1-RSC,cued,CA1,22,0.015159
66,1,CA1-RSC,cued,CA1,23,0.782066
66,1,CA1-RSC,cued,CA1,24,0.05059
66,1,CA1-RSC,cued,CA1,25,0.045343
66,1,CA1-RSC,cued,CA1,26,0.55417
66,1,CA1-RSC,cued,CA1,27,1.0806
66,1,CA1-RSC,cued,CA1,28,0.747926
66,1,CA1-RSC,cued,RSC,0,0.477029
66,1,CA1-RSC,cued,RSC,1,0.576573
66,1,CA1-RSC,cued,RSC,2,1.066759
66,1,CA1-RSC,cued,RSC,3,1.061174
66,1,CA1-RSC,cued,RSC,4,1.000014
66,1,CA1-RSC,cued,RSC,5,0.959439
66,1,CA1-RSC,cued,RSC,6,0.964925
66,1,CA1-RSC,cued,RSC,7,0.181002
66,1,CA1-RSC,cued,RSC,8,0.085178
66,1,CA1-RSC,cued,RSC,9,0.761898
66,1,CA1-RSC,cued,RSC,10,0.734547
66,1,CA1-RSC,cued,RSC,11,0.866216
66,1,CA1-RSC,cued,RSC,12,0.842772
66,1,CA1-RSC,cued,RSC,13,0.765927
66,1,CA1-RSC,cued,RSC,14,0.003254
66,1,CA1-RSC,cued,RSC,15,0.992246
66,1,CA1-RSC,cued,RSC,16,0.914839
66,1,CA1-RSC,cued,RSC,17,0.40632
66,1,CA1-DG,uncued,CA1,0,0.693396
66,1,CA1-DG,uncued,CA1,1,0.126881
66,1,CA1-DG,uncued,CA1,2,0.85053
66,1,CA1-DG,uncued,CA1,3,0.130467
66,1,CA1-DG,uncued,CA1,4,1.231378
66,1,CA1-DG,uncued,CA1,5,0.016822
66,1,CA1-DG,uncued,CA1,6,0.004747
66,1,CA1-DG,uncued,CA1,7,0.01858
66,1,CA1-DG,uncued,CA1,8,0.018828
66,1,CA1-DG,uncued,CA1,9,1.056687
66,1,CA1-DG,uncued,CA1,10,0.76976
66,1,CA1-DG,uncued,CA1,11,0.008034
66,1,CA1-DG,uncued,CA1,12,0.012521
66,1,CA1-DG,uncued,CA1,13,1.182995
66,1,CA1-DG,uncued,CA1,14,0.710506
66,1,CA1-DG,uncued,CA1,15,0.570773
66,1,CA1-DG,uncued,CA1,16,0.84992
66,1,CA1-DG,uncued,CA1,17,0.062056
66,1,CA1-DG,uncued,CA1,18,1.237185
66,1,CA1-DG,uncued,CA1,19,0.837315
66,1,CA1-DG,uncued,CA1,20,1.080811
66,1,CA1-DG,uncued,CA1,21,1.050556
66,1,CA1-DG,uncued,CA1,22,0.078156
66,1,CA1-DG,uncued,CA1,23,1.12455
66,1,CA1-DG,uncued,CA1,24,0.056708
66,1,CA1-DG,uncued,CA1,25,1.232474
66,1,CA1-DG,uncued,CA1,26,0.054398
66,1,CA1-DG,uncued,CA1,27,0.044597
66,1,CA1-DG,uncued,CA1,28,0.707193
66,1,CA1-DG,uncued,DG,0,0.23969
66,1,CA1-DG,uncued,DG,1,0.888752
66,1,CA1-DG,uncued,DG,2,0.509537
66,1,CA1-DG,uncued,DG,3,0.052355
66,1,CA1-DG,uncued,DG,4,0.667394
66,1,CA1-DG,uncued,DG,5,0.831661
66,1,CA1-DG,uncued,DG,6,0.692042
66,1,CA1-DG,uncued,DG,7,0.524429
66,1,CA1-DG,uncued,DG,8,0.807196
66,1,CA1-DG,uncued,DG,9,0.712748
66,1,CA1-DG,uncued,DG,10,0.021632
66,1,CA1-DG,uncued,DG,11,0.654525
66,1,CA1-DG,uncued,DG,12,0.79591
66,1,CA1-DG,uncued,DG,13,0.55534
66,1,CA1-DG,uncued,DG,14,0.566259
66,1,CA1-DG,uncued,DG,15,0.350591
66,1,CA1-DG,uncued,DG,16,0.817015
66,1,CA1-DG,uncued,DG,17,0.856716
66,1,CA1-DG,uncued,DG,18,0.025023
66,1,CA1-DG,uncued,DG,19,0.486002
66,1,CA1-DG,uncued,DG,20,0.853668
66,1,CA1-DG,uncued,DG,21,0.029724
66,1,CA1-DG,uncued,DG,22,0.255831
66,1,CA1-DG,uncued,DG,23,0.239225
66,1,CA1-DG,uncued,DG,24,0.230174
66,1,CA1-DG,uncued,DG,25,0.282654
66,1,CA1-DG,uncued,DG,26,0.05596
66,1,CA1-DG,uncued,DG,27,0.276167
66,1,CA1-DG,uncued,DG,28,0.301589
66,1,CA1-DG,uncued,DG,29,0.309858
66,1,CA1-DG,uncued,DG,30,0.321493
66,1,CA1-DG,uncued,DG,31,0.196396
66,1,CA1-DG,uncued,DG,32,0.95346
66,1,CA1-DG,cued,CA1,0,0.634934
66,1,CA1-DG,cued,CA1,1,0.649595
66,1,CA1-DG,cued,CA1,2,0.149982
66,1,CA1-DG,cued,CA1,3,0.964782
66,1,CA1-DG,cued,CA1,4,0.909394
66,1,CA1-DG,cued,CA1,5,0.013556
66,1,CA1-DG,cued,CA1,6,0.004008
66,1,CA1-DG,cued,CA1,7,0.010472
66,1,CA1-DG,cued,CA1,8,0.05886
66,1,CA1-DG,cued,CA1,9,0.628765
66,1,CA1-DG,cued,CA1,10,0.665528
66,1,CA1-DG,cued,CA1,11,0.016693
66,1,CA1-DG,cued,CA1,12,0.012641
66,1,CA1-DG,cued,CA1,13,1.039825
66,1,CA1-DG,cued,CA1,14,1.100104
66,1,CA1-DG,cued,CA1,15,0.546139
66,1,CA1-DG,cued,CA1,16,0.695425
66,1,CA1-DG,cued,CA1,17,0.025437
66,1,CA1-DG,cued,CA1,18,0.206087
66,1,CA1-DG,cued,CA1,19,0.757871
66,1,CA1-DG,cued,CA1,20,0.992287
66,1,CA1-DG,cued,CA1,21,1.03264
66,1,CA1-DG,cued,CA1,22,0.030594
66,1,CA1-DG,cued,CA1,23,0.777096
66,1,CA1-DG,cued,CA1,24,0.059055
66,1,CA1-DG,cued,CA1,25,0.056894
66,1,CA1-DG,cued,CA1,26,0.450994
66,1,CA1-DG,cued,CA1,27,1.079518
66,1,CA1-DG,cued,CA1,28,0.737257
66,1,CA1-DG,cued,DG,0,0.914211
66,1,CA1-DG,cued,DG,1,0.766264
66,1,CA1-DG,cued,DG,2,0.905037
66,1,CA1-DG,cued,DG,3,0.066556
66,1,CA1-DG,cued,DG,4,0.495967
66,1,CA1-DG,cued,DG,5,0.717286
66,1,CA1-DG,cued,DG,6,0.658715
66,1,CA1-DG,cued,DG,7,0.354014
66,1,CA1-DG,cued,DG,8,0.840726
66,1,CA1-DG,cued,DG,9,0.799991
66,1,CA1-DG,cued,DG,10,0.002747
66,1,CA1-DG,cued,DG,11,0.733683
66,1,CA1-DG,cued,DG,12,0.690708
66,1,CA1-DG,cued,DG,13,0.747682
66,1,CA1-DG,cued,DG,14,0.468743
66,1,CA1-DG,cued,DG,15,0.806872
66,1,CA1-DG,cued,DG,16,0.208647
66,1,CA1-DG,cued,DG,17,0.975027
66,1,CA1-DG,cued,DG,18,0.08134
66,1,CA1-DG,cued,DG,19,0.039978
66,1,CA1-DG,cued,DG,20,0.058287
66,1,CA1-DG,cued,DG,21,0.034007
66,1,CA1-DG,cued,DG,22,0.203777
66,1,CA1-DG,cued,DG,23,0.297404
66,1,CA1-DG,cued,DG,24,0.240575
66,1,CA1-DG,cued,DG,25,0.899641
66,1,CA1-DG,cued,DG,26,0.94322
66,1,CA1-DG,cued,DG,27,0.31889
66,1,CA1-DG,cued,DG,28,0.381118
66,1,CA1-DG,cued,DG,29,0.370846
66,1,CA1-DG,cued,DG,30,0.273834
66,1,CA1-DG,cued,DG,31,0.351144
66,1,CA1-DG,cued,DG,32,0.028186
66,1,CA1-V1,uncued,CA1,0,0.697012
66,1,CA1-V1,uncued,CA1,1,0.135252
66,1,CA1-V1,uncued,CA1,2,0.852174
66,1,CA1-V1,uncued,CA1,3,0.123492
66,1,CA1-V1,uncued,CA1,4,1.234028
66,1,CA1-V1,uncued,CA1,5,0.016574
66,1,CA1-V1,uncued,CA1,6,0.004216
66,1,CA1-V1,uncued,CA1,7,0.018156
66,1,CA1-V1,uncued,CA1,8,0.018247
66,1,CA1-V1,uncued,CA1,9,1.056998
66,1,CA1-V1,uncued,CA1,10,0.770366
66,1,CA1-V1,uncued,CA1,11,0.007671
66,1,CA1-V1,uncued,CA1,12,0.011602
66,1,CA1-V1,uncued,CA1,13,1.184014
66,1,CA1-V1,uncued,CA1,14,0.710819
66,1,CA1-V1,uncued,CA1,15,0.571054
66,1,CA1-V1,uncued,CA1,16,0.850431
66,1,CA1-V1,uncued,CA1,17,0.060615
66,1,CA1-V1,uncued,CA1,18,1.241374
66,1,CA1-V1,uncued,CA1,19,0.841791
66,1,CA1-V1,uncued,CA1,20,1.087737
66,1,CA1-V1,uncued,CA1,21,1.053463
66,1,CA1-V1,uncued,CA1,22,0.077383
66,1,CA1-V1,uncued,CA1,23,1.123479
66,1,CA1-V1,uncued,CA1,24,0.056913
66,1,CA1-V1,uncued,CA1,25,1.232276
66,1,CA1-V1,uncued,CA1,26,0.054204
66,1,CA1-V1,uncued,CA1,27,0.042866
66,1,CA1-V1,uncued,CA1,28,0.713854
66,1,CA1-V1,uncued,V1,0,1.132325
66,1,CA1-V1,uncued,V1,1,1.032994
66,1,CA1-V1,uncued,V1,2,0.980276
66,1,CA1-V1,uncued,V1,3,1.195914
66,1,CA1-V1,uncued,V1,4,0.93007
66,1,CA1-V1,uncued,V1,5,0.434539
66,1,CA1-V1,uncued,V1,6,0.953711
66,1,CA1-V1,uncued,V1,7,0.392015
66,1,CA1-V1,uncued,V1,8,1.080101
66,1,CA1-V1,uncued,V1,9,1.073061
66,1,CA1-V1,uncued,V1,10,1.011271
66,1,CA1-V1,uncued,V1,11,0.939858
66,1,CA1-V1,uncued,V1,12,0.954104
66,1,CA1-V1,uncued,V1,13,0.944825
66,1,CA1-V1,uncued,V1,14,1.099036
66,1,CA1-V1,uncued,V1,15,0.567262
66,1,CA1-V1,uncued,V1,16,0.87171
66,1,CA1-V1,uncued,V1,17,0.136854
66,1,CA1-V1,uncued,V1,18,0.036568
66,1,CA1-V1,uncued,V1,19,0.058956
66,1,CA1-V1,uncued,V1,20,0.218124
66,1,CA1-V1,uncued,V1,21,0.230638
66,1,CA1-V1,cued,CA1,0,0.639334
66,1,CA1-V1,cued,CA1,1,0.652083
66,1,CA1-V1,cued,CA1,2,0.117287
66,1,CA1-V1,cued,CA1,3,0.964472
66,1,CA1-V1,cued,CA1,4,0.910083
66,1,CA1-V1,cued,CA1,5,0.004492
66,1,CA1-V1,cued,CA1,6,0.0
66,1,CA1-V1,cued,CA1,7,0.004016
66,1,CA1-V1,cued,CA1,8,0.04891
66,1,CA1-V1,cued,CA1,9,0.629677
66,1,CA1-V1,cued,CA1,10,0.666884
66,1,CA1-V1,cued,CA1,11,0.01252
66,1,CA1-V1,cued,CA1,12,0.009294
66,1,CA1-V1,cued,CA1,13,1.041533
66,1,CA1-V1,cued,CA1,14,1.105165
66,1,CA1-V1,cued,CA1,15,0.547825
66,1,CA1-V1,cued,CA1,16,0.695246
66,1,CA1-V1,cued,CA1,17,0.026943
66,1,CA1-V1,cued,CA1,18,0.23246
66,1,CA1-V1,cued,CA1,19,0.756923
66,1,CA1-V1,cued,CA1,20,0.974882
66,1,CA1-V1,cued,CA1,21,1.034239
66,1,CA1-V1,cued,CA1,22,0.015023
66,1,CA1-V1,cued,CA1,23,0.781189
66,1,CA1-V1,cued,CA1,24,0.050978
66,1,CA1-V1,cued,CA1,25,0.044924
66,1,CA1-V1,cued,CA1,26,0.531163
66,1,CA1-V1,cued,CA1,27,1.078401
66,1,CA1-V1,cued,CA1,28,0.748626
66,1,CA1-V1,cued,V1,0,0.128168
66,1,CA1-V1,cued,V1,1,0.945104
66,1,CA1-V1,cued,V1,2,0.800158
66,1,CA1-V1,cued,V1,3,0.665068
66,1,CA1-V1,cued,V1,4,0.962654
66,1,CA1-V1,cued,V1,5,0.880787
66,1,CA1-V1,cued,V1,6,0.906723
66,1,CA1-V1,cued,V1,7,0.521093
66,1,CA1-V1,cued,V1,8,0.321899
66,1,CA1-V1,cued,V1,9,0.959176
66,1,CA1-V1,cued,V1,10,0.961267
66,1,CA1-V1,cued,V1,11,0.851849
66,1,CA1-V1,cued,V1,12,0.872235
66,1,CA1-V1,cued,V1,13,0.989746
66,1,CA1-V1,cued,V1,14,0.983242
66,1,CA1-V1,cued,V1,15,0.864809
66,1,CA1-V1,cued,V1,16,0.878224
66,1,CA1-V1,cued,V1,17,0.190459
66,1,CA1-V1,cued,V1,18,0.738399
66,1,CA1-V1,cued,V1,19,0.073859
66,1,CA1-V1,cued,V1,20,0.36781
66,1,CA1-V1,cued,V1,21,0.173283
66,1,CA1-SUB,uncued,CA1,0,0.692561
66,1,CA1-SUB,uncued,CA1,1,0.111423
66,1,CA1-SUB,uncued,CA1,2,0.810529
66,1,CA1-SUB,uncued,CA1,3,0.106039
66,1,CA1-SUB,uncued,CA1,4,1.017534
66,1,CA1-SUB,uncued,CA1,5,0.016038
66,1,CA1-SUB,uncued,CA1,6,0.003921
66,1,CA1-SUB,uncued,CA1,7,0.017352
66,1,CA1-SUB,uncued,CA1,8,0.014433
66,1,CA1-SUB,uncued,CA1,9,0.813181
66,1,CA1-SUB,uncued,CA1,10,0.752532
66,1,CA1-SUB,uncued,CA1,11,0.007134
66,1,CA1-SUB,uncued,CA1,12,0.011214
66,1,CA1-SUB,uncued,CA1,13,1.154113
66,1,CA1-SUB,uncued,CA1,14,0.635626
66,1,CA1-SUB,uncued,CA1,15,0.563148
66,1,CA1-SUB,uncued,CA1,16,0.818271
66,1,CA1-SUB,uncued,CA1,17,0.059348
66,1,CA1-SUB,uncued,CA1,18,1.158827
66,1,CA1-SUB,uncued,CA1,19,0.783251
66,1,CA1-SUB,uncued,CA1,20,0.941381
66,1,CA1-SUB,uncued,CA1,21,1.000705
66,1,CA1-SUB,uncued,CA1,22,0.074021
66,1,CA1-SUB,uncued,CA1,23,0.988468
66,1,CA1-SUB,uncued,CA1,24,0.049455
66,1,CA1-SUB,uncued,CA1,25,1.228456
66,1,CA1-SUB,uncued,CA1,26,0.050401
66,1,CA1-SUB,uncued,CA1,27,0.043655
66,1,CA1-SUB,uncued,CA1,28,0.713138
66,1,CA1-SUB,uncued,SUB,0,1.048744
66,1,CA1-SUB,uncued,SUB,1,0.936213
66,1,CA1-SUB,uncued,SUB,2,1.06691
66,1,CA1-SUB,uncued,SUB,3,1.064277
66,1,CA1-SUB,uncued,SUB,4,0.996549
66,1,CA1-SUB,uncued,SUB,5,1.252031
66,1,CA1-SUB,uncued,SUB,6,1.027153
66,1,CA1-SUB,uncued,SUB,7,0.973307
66,1,CA1-SUB,uncued,SUB,8,1.180729
66,1,CA1-SUB,uncued,SUB,9,0.961769
66,1,CA1-SUB,uncued,SUB,10,1.094484
66,1,CA1-SUB,uncued,SUB,11,0.922351
66,1,CA1-SUB,uncued,SUB,12,1.197917
66,1,CA1-SUB,cued,CA1,0,0.623575
66,1,CA1-SUB,cued,CA1,1,0.648583
66,1,CA1-SUB,cued,CA1,2,0.117899
66,1,CA1-SUB,cued,CA1,3,0.857878
66,1,CA1-SUB,cued,CA1,4,0.901889
66,1,CA1-SUB,cued,CA1,5,0.004429
66,1,CA1-SUB,cued,CA1,6,0.0
66,1,CA1-SUB,cued,CA1,7,0.003617
66,1,CA1-SUB,cued,CA1,8,0.036131
66,1,CA1-SUB,cued,CA1,9,0.58722
66,1,CA1-SUB,cued,CA1,10,0.495342
66,1,CA1-SUB,cued,CA1,11,0.012221
66,1,CA1-SUB,cued,CA1,12,0.009222
66,1,CA1-SUB,cued,CA1,13,1.020725
66,1,CA1-SUB,cued,CA1,14,0.969941
66,1,CA1-SUB,cued,CA1,15,0.53874
66,1,CA1-SUB,cued,CA1,16,0.55769
66,1,CA1-SUB,cued,CA1,17,0.026858
66,1,CA1-SUB,cued,CA1,18,0.171639
66,1,CA1-SUB,cued,CA1,19,0.74887
66,1,CA1-SUB,cued,CA1,20,0.884739
66,1,CA1-SUB,cued,CA1,21,1.00016
66,1,CA1-SUB,cued,CA1,22,0.012543
66,1,CA1-SUB,cued,CA1,23,0.741685
66,1,CA1-SUB,cued,CA1,24,0.049141
66,1,CA1-SUB,cued,CA1,25,0.036261
66,1,CA1-SUB,cued,CA1,26,0.394048
66,1,CA1-SUB,cued,CA1,27,1.04829
66,1,CA1-SUB,cued,CA1,28,0.725405
66,1,CA1-SUB,cued,SUB,0,0.999934
66,1,CA1-SUB,cued,SUB,1,0.950538
66,1,CA1-SUB,cued,SUB,2,1.051073
66,1,CA1-SUB,cued,SUB,3,0.992093
66,1,CA1-SUB,cued,SUB,4,0.972296
66,1,CA1-SUB,cued,SUB,5,0.868456
66,1,CA1-SUB,cued,SUB,6,0.877496
66,1,CA1-SUB,cued,SUB,7,1.040411
66,1,CA1-SUB,cued,SUB,8,1.162634
66,1,CA1-SUB,cued,SUB,9,0.909468
66,1,CA1-SUB,cued,SUB,10,1.039626
66,1,CA1-SUB,cued,SUB,11,1.009208
66,1,CA1-SUB,cued,SUB,12,0.677099
66,1,RSC-SUB,uncued,RSC,0,0.824123
66,1,RSC-SUB,uncued,RSC,1,1.014273
66,1,RSC-SUB,uncued,RSC,2,0.823581
66,1,RSC-SUB,uncued,RSC,3,1.07017
66,1,RSC-SUB,uncued,RSC,4,1.314673
66,1,RSC-SUB,uncued,RSC,5,0.877461
66,1,RSC-SUB,uncued,RSC,6,1.124676
66,1,RSC-SUB,uncued,RSC,7,0.728155
66,1,RSC-SUB,uncued,RSC,8,0.066932
66,1,RSC-SUB,uncued,RSC,9,1.227794
66,1,RSC-SUB,uncued,RSC,10,0.571826
66,1,RSC-SUB,uncued,RSC,11,0.034294
66,1,RSC-SUB,uncued,RSC,12,0.633938
66,1,RSC-SUB,uncued,RSC,13,0.524544
66,1,RSC-SUB,uncued,RSC,14,1.31524
66,1,RSC-SUB,uncued,RSC,15,0.05979
66,1,RSC-SUB,uncued,RSC,16,1.181416
66,1,RSC-SUB,uncued,RSC,17,0.315379
66,1,RSC-SUB,uncued,SUB,0,1.049979
66,1,RSC-SUB,uncued,SUB,1,0.939119
66,1,RSC-SUB,uncued,SUB,2,1.069153
66,1,RSC-SUB,uncued,SUB,3,1.065755
66,1,RSC-SUB,uncued,SUB,4,0.996924
66,1,RSC-SUB,uncued,SUB,5,1.251941
66,1,RSC-SUB,uncued,SUB,6,1.025753
66,1,RSC-SUB,uncued,SUB,7,0.973531
66,1,RSC-SUB,uncued,SUB,8,1.189512
66,1,RSC-SUB,uncued,SUB,9,0.962574
66,1,RSC-SUB,uncued,SUB,10,1.096764
66,1,RSC-SUB,uncued,SUB,11,0.923035
66,1,RSC-SUB,uncued,SUB,12,1.195163
66,1,RSC-SUB,cued,RSC,0,0.462655
66,1,RSC-SUB,cued,RSC,1,0.498782
66,1,RSC-SUB,cued,RSC,2,0.998547
66,1,RSC-SUB,cued,RSC,3,1.002146
66,1,RSC-SUB,cued,RSC,4,0.969805
66,1,RSC-SUB,cued,RSC,5,0.87563
66,1,RSC-SUB,cued,RSC,6,0.942457
66,1,RSC-SUB,cued,RSC,7,0.162865
66,1,RSC-SUB,cued,RSC,8,0.077792
66,1,RSC-SUB,cued,RSC,9,0.735521
66,1,RSC-SUB,cued,RSC,10,0.724089
66,1,RSC-SUB,cued,RSC,11,0.830956
66,1,RSC-SUB,cued,RSC,12,0.662855
66,1,RSC-SUB,cued,RSC,13,0.685579
66,1,RSC-SUB,cued,RSC,14,0.002814
66,1,RSC-SUB,cued,RSC,15,0.986908
66,1,RSC-SUB,cued,RSC,16,0.751745
66,1,RSC-SUB,cued,RSC,17,0.392379
66,1,RSC-SUB,cued,SUB,0,1.000815
66,1,RSC-SUB,cued,SUB,1,0.9518
66,1,RSC-SUB,cued,SUB,2,1.053934
66,1,RSC-SUB,cued,SUB,3,0.993797
66,1,RSC-SUB,cued,SUB,4,0.973941
66,1,RSC-SUB,cued,SUB,5,0.868822
66,1,RSC-SUB,cued,SUB,6,0.878211
66,1,RSC-SUB,cued,SUB,7,1.040645
66,1,RSC-SUB,cued,SUB,8,1.163271
66,1,RSC-SUB,cued,SUB,9,0.910869
66,1,RSC-SUB,cued,SUB,10,1.04114
66,1,RSC-SUB,cued,SUB,11,1.009583
66,1,RSC-SUB,cued,SUB,12,0.677283
66,1,V1-RSC,uncued,V1,0,1.148824
66,1,V1-RSC,uncued,V1,1,1.03364
66,1,V1-RSC,uncued,V1,2,0.981706
66,1,V1-RSC,uncued,V1,3,1.199838
66,1,V1-RSC,uncued,V1,4,0.931554
66,1,V1-RSC,uncued,V1,5,0.380573
66,1,V1-RSC,uncued,V1,6,0.977265
66,1,V1-RSC,uncued,V1,7,0.36972
66,1,V1-RSC,uncued,V1,8,1.08034
66,1,V1-RSC,uncued,V1,9,1.074538
66,1,V1-RSC,uncued,V1,10,1.011375
66,1,V1-RSC,uncued,V1,11,0.940774
66,1,V1-RSC,uncued,V1,12,0.954452
66,1,V1-RSC,uncued,V1,13,0.94408
66,1,V1-RSC,uncued,V1,14,1.096798
66,1,V1-RSC,uncued,V1,15,0.569683
66,1,V1-RSC,uncued,V1,16,0.868228
66,1,V1-RSC,uncued,V1,17,0.138424
66,1,V1-RSC,uncued,V1,18,0.037454
66,1,V1-RSC,uncued,V1,19,0.054275
66,1,V1-RSC,uncued,V1,20,0.222968
66,1,V1-RSC,uncued,V1,21,0.231382
66,1,V1-RSC,uncued,RSC,0,0.974312
66,1,V1-RSC,uncued,RSC,1,1.117989
66,1,V1-RSC,uncued,RSC,2,0.83118
66,1,V1-RSC,uncued,RSC,3,1.081251
66,1,V1-RSC,uncued,RSC,4,1.31947
66,1,V1-RSC,uncued,RSC,5,0.952788
66,1,V1-RSC,uncued,RSC,6,1.231775
66,1,V1-RSC,uncued,RSC,7,0.770253
66,1,V1-RSC,uncued,RSC,8,0.070887
66,1,V1-RSC,uncued,RSC,9,1.286862
66,1,V1-RSC,uncued,RSC,10,0.657689
66,1,V1-RSC,uncued,RSC,11,0.034391
66,1,V1-RSC,uncued,RSC,12,0.652997
66,1,V1-RSC,uncued,RSC,13,0.528317
66,1,V1-RSC,uncued,RSC,14,1.370338
66,1,V1-RSC,uncued,RSC,15,0.076085
66,1,V1-RSC,uncued,RSC,16,1.307105
66,1,V1-RSC,uncued,RSC,17,0.416496
66,1,V1-RSC,cued,V1,0,0.135268
66,1,V1-RSC,cued,V1,1,0.94831
66,1,V1-RSC,cued,V1,2,0.800842
66,1,V1-RSC,cued,V1,3,0.665735
66,1,V1-RSC,cued,V1,4,0.962983
66,1,V1-RSC,cued,V1,5,0.858266
66,1,V1-RSC,cued,V1,6,0.905955
66,1,V1-RSC,cued,V1,7,0.513998
66,1,V1-RSC,cued,V1,8,0.355282
66,1,V1-RSC,cued,V1,9,0.958163
66,1,V1-RSC,cued,V1,10,0.963789
66,1,V1-RSC,cued,V1,11,0.851691
66,1,V1-RSC,cued,V1,12,0.871909
66,1,V1-RSC,cued,V1,13,0.988429
66,1,V1-RSC,cued,V1,14,0.983765
66,1,V1-RSC,cued,V1,15,0.865485
66,1,V1-RSC,cued,V1,16,0.878987
66,1,V1-RSC,cued,V1,17,0.201056
66,1,V1-RSC,cued,V1,18,0.7382
66,1,V1-RSC,cued,V1,19,0.076933
66,1,V1-RSC,cued,V1,20,0.379792
66,1,V1-RSC,cued,V1,21,0.170294
66,1,V1-RSC,cued,RSC,0,0.47664
66,1,V1-RSC,cued,RSC,1,0.576559
66,1,V1-RSC,cued,RSC,2,1.067755
66,1,V1-RSC,cued,RSC,3,1.062477
66,1,V1-RSC,cued,RSC,4,0.998051
66,1,V1-RSC,cued,RSC,5,0.959196
66,1,V1-RSC,cued,RSC,6,0.964557
66,1,V1-RSC,cued,RSC,7,0.18303
66,1,V1-RSC,cued,RSC,8,0.086629
66,1,V1-RSC,cued,RSC,9,0.762138
66,1,V1-RSC,cued,RSC,10,0.734944
66,1,V1-RSC,cued,RSC,11,0.864814
66,1,V1-RSC,cued,RSC,12,0.843268
66,1,V1-RSC,cued,RSC,13,0.764199
66,1,V1-RSC,cued,RSC,14,0.003342
66,1,V1-RSC,cued,RSC,15,0.991844
66,1,V1-RSC,cued,RSC,16,0.914452
66,1,V1-RSC,cued,RSC,17,0.406795
68,1,CA1-RSC,uncued,CA1,0,0.769541
68,1,CA1-RSC,uncued,CA1,1,1.073936
68,1,CA1-RSC,uncued,CA1,2,1.107374
68,1,CA1-RSC,uncued,CA1,3,1.019961
68,1,CA1-RSC,uncued,CA1,4,1.228069
68,1,CA1-RSC,uncued,CA1,5,0.022646
68,1,CA1-RSC,uncued,CA1,6,1.104141
68,1,CA1-RSC,uncued,CA1,7,0.937984
68,1,CA1-RSC,uncued,CA1,8,1.049634
68,1,CA1-RSC,uncued,CA1,9,0.938925
68,1,CA1-RSC,uncued,CA1,10,1.080498
68,1,CA1-RSC,uncued,CA1,11,1.26852
68,1,CA1-RSC,uncued,CA1,12,0.744699
68,1,CA1-RSC,uncued,CA1,13,0.767211
68,1,CA1-RSC,uncued,CA1,14,0.668257
68,1,CA1-RSC,uncued,CA1,15,0.052922
68,1,CA1-RSC,uncued,CA1,16,0.701976
68,1,CA1-RSC,uncued,CA1,17,0.004063
68,1,CA1-RSC,uncued,RSC,0,1.247174
68,1,CA1-RSC,uncued,RSC,1,0.01292
68,1,CA1-RSC,uncued,RSC,2,0.898941
68,1,CA1-RSC,uncued,RSC,3,1.033411
68,1,CA1-RSC,uncued,RSC,4,1.213687
68,1,CA1-RSC,uncued,RSC,5,0.018973
68,1,CA1-RSC,uncued,RSC,6,0.945679
68,1,CA1-RSC,uncued,RSC,7,0.133612
68,1,CA1-RSC,uncued,RSC,8,1.17005
68,1,CA1-RSC,uncued,RSC,9,1.430869
68,1,CA1-RSC,uncued,RSC,10,0.171769
68,1,CA1-RSC,uncued,RSC,11,0.871809
68,1,CA1-RSC,uncued,RSC,12,0.140698
68,1,CA1-RSC,uncued,RSC,13,0.989392
68,1,CA1-RSC,uncued,RSC,14,1.094978
68,1,CA1-RSC,uncued,RSC,15,0.676891
68,1,CA1-RSC,uncued,RSC,16,0.272759
68,1,CA1-RSC,uncued,RSC,17,1.09078
68,1,CA1-RSC,uncued,RSC,18,0.970847
68,1,CA1-RSC,uncued,RSC,19,1.224099
68,1,CA1-RSC,uncued,RSC,20,0.875222
68,1,CA1-RSC,uncued,RSC,21,0.031882
68,1,CA1-RSC,cued,CA1,0,0.865961
68,1,CA1-RSC,cued,CA1,1,0.948966
68,1,CA1-RSC,cued,CA1,2,0.660742
68,1,CA1-RSC,cued,CA1,3,1.023636
68,1,CA1-RSC,cued,CA1,4,1.13966
68,1,CA1-RSC,cued,CA1,5,0.043041
68,1,CA1-RSC,cued,CA1,6,0.990638
68,1,CA1-RSC,cued,CA1,7,0.878468
68,1,CA1-RSC,cued,CA1,8,1.044944
68,1,CA1-RSC,cued,CA1,9,0.842128
68,1,CA1-RSC,cued,CA1,10,0.849735
68,1,CA1-RSC,cued,CA1,11,1.10427
68,1,CA1-RSC,cued,CA1,12,0.780083
68,1,CA1-RSC,cued,CA1,13,0.725469
68,1,CA1-RSC,cued,CA1,14,0.620756
68,1,CA1-RSC,cued,CA1,15,1.092896
68,1,CA1-RSC,cued,CA1,16,0.377284
68,1,CA1-RSC,cued,CA1,17,0.005385
68,1,CA1-RSC,cued,RSC,0,0.871044
68,1,CA1-RSC,cued,RSC,1,0.721706
68,1,CA1-RSC,cued,RSC,2,0.934508
68,1,CA1-RSC,cued,RSC,3,0.795394
68,1,CA1-RSC,cued,RSC,4,0.544275
68,1,CA1-RSC,cued,RSC,5,0.976652
68,1,CA1-RSC,cued,RSC,6,0.873204
68,1,CA1-RSC,cued,RSC,7,0.737881
68,1,CA1-RSC,cued,RSC,8,0.215135
68,1,CA1-RSC,cued,RSC,9,0.764188
68,1,CA1-RSC,cued,RSC,10,0.074634
68,1,CA1-RSC,cued,RSC,11,0.863542
68,1,CA1-RSC,cued,RSC,12,0.14569
68,1,CA1-RSC,cued,RSC,13,0.903252
68,1,CA1-RSC,cued,RSC,14,0.092231
68,1,CA1-RSC,cued,RSC,15,0.68497
68,1,CA1-RSC,cued,RSC,16,0.798026
68,1,CA1-RSC,cued,RSC,17,0.644466
68,1,CA1-RSC,cued,RSC,18,0.853072
68,1,CA1-RSC,cued,RSC,19,0.095529
68,1,CA1-RSC,cued,RSC,20,0.584381
68,1,CA1-RSC,cued,RSC,21,0.019185
68,1,CA1-CA3,uncued,CA1,0,0.444911
68,1,CA1-CA3,uncued,CA1,1,1.006063
68,1,CA1-CA3,uncued,CA1,2,1.034986
68,1,CA1-CA3,uncued,CA1,3,0.779748
68,1,CA1-CA3,uncued,CA1,4,1.167426
68,1,CA1-CA3,uncued,CA1,5,0.01783
68,1,CA1-CA3,uncued,CA1,6,1.043852
68,1,CA1-CA3,uncued,CA1,7,0.891287
68,1,CA1-CA3,uncued,CA1,8,1.036271
68,1,CA1-CA3,uncued,CA1,9,0.86674
68,1,CA1-CA3,uncued,CA1,10,1.009219
68,1,CA1-CA3,uncued,CA1,11,1.256606
68,1,CA1-CA3,uncued,CA1,12,0.704399
68,1,CA1-CA3,uncued,CA1,13,0.683963
68,1,CA1-CA3,uncued,CA1,14,0.593705
68,1,CA1-CA3,uncued,CA1,15,0.042592
68,1,CA1-CA3,uncued,CA1,16,0.363245
68,1,CA1-CA3,uncued,CA1,17,0.0
68,1,CA1-CA3,uncued,CA3,0,1.027708
68,1,CA1-CA3,uncued,CA3,1,0.938339
68,1,CA1-CA3,uncued,CA3,2,1.180247
68,1,CA1-CA3,uncued,CA3,3,1.068975
68,1,CA1-CA3,uncued,CA3,4,0.950214
68,1,CA1-CA3,uncued,CA3,5,1.079832
68,1,CA1-CA3,uncued,CA3,6,2.561719
68,1,CA1-CA3,uncued,CA3,7,1.384103
68,1,CA1-CA3,uncued,CA3,8,0.973135
68,1,CA1-CA3,uncued,CA3,9,0.821349
68,1,CA1-CA3,uncued,CA3,10,0.98274
68,1,CA1-CA3,uncued,CA3,11,0.978727
68,1,CA1-CA3,cued,CA1,0,0.501736
68,1,CA1-CA3,cued,CA1,1,0.920904
68,1,CA1-CA3,cued,CA1,2,0.579878
68,1,CA1-CA3,cued,CA1,3,0.972372
68,1,CA1-CA3,cued,CA1,4,1.097109
68,1,CA1-CA3,cued,CA1,5,0.03929
68,1,CA1-CA3,cued,CA1,6,0.878843
68,1,CA1-CA3,cued,CA1,7,0.735859
68,1,CA1-CA3,cued,CA1,8,1.015249
68,1,CA1-CA3,cued,CA1,9,0.776833
68,1,CA1-CA3,cued,CA1,10,0.824631
68,1,CA1-CA3,cued,CA1,11,1.036851
68,1,CA1-CA3,cued,CA1,12,0.404391
68,1,CA1-CA3,cued,CA1,13,0.676468
68,1,CA1-CA3,cued,CA1,14,0.570412
68,1,CA1-CA3,cued,CA1,15,1.039438
68,1,CA1-CA3,cued,CA1,16,0.334004
68,1,CA1-CA3,cued,CA1,17,0.00541
68,1,CA1-CA3,cued,CA3,0,1.090125
68,1,CA1-CA3,cued,CA3,1,1.011247
68,1,CA1-CA3,cued,CA3,2,1.334503
68,1,CA1-CA3,cued,CA3,3,1.039018
68,1,CA1-CA3,cued,CA3,4,0.987962
68,1,CA1-CA3,cued,CA3,5,1.094469
68,1,CA1-CA3,cued,CA3,6,21.604235
68,1,CA1-CA3,cued,CA3,7,1.095701
68,1,CA1-CA3,cued,CA3,8,1.137364
68,1,CA1-CA3,cued,CA3,9,0.76306
68,1,CA1-CA3,cued,CA3,10,0.960036
68,1,CA1-CA3,cued,CA3,11,0.918335
68,1,CA1-DG,uncued,CA1,0,0.769214
68,1,CA1-DG,uncued,CA1,1,1.070809
68,1,CA1-DG,uncued,CA1,2,1.092696
68,1,CA1-DG,uncued,CA1,3,1.018331
68,1,CA1-DG,uncued,CA1,4,1.229204
68,1,CA1-DG,uncued,CA1,5,0.019225
68,1,CA1-DG,uncued,CA1,6,1.104597
68,1,CA1-DG,uncued,CA1,7,0.937992
68,1,CA1-DG,uncued,CA1,8,1.043161
68,1,CA1-DG,uncued,CA1,9,0.938952
68,1,CA1-DG,uncued,CA1,10,1.07288
68,1,CA1-DG,uncued,CA1,11,1.270166
68,1,CA1-DG,uncued,CA1,12,0.745461
68,1,CA1-DG,uncued,CA1,13,0.766625
68,1,CA1-DG,uncued,CA1,14,0.669175
68,1,CA1-DG,uncued,CA1,15,0.049555
68,1,CA1-DG,uncued,CA1,16,0.701597
68,1,CA1-DG,uncued,CA1,17,0.0
68,1,CA1-DG,uncued,DG,0,0.916286
68,1,CA1-DG,uncued,DG,1,0.043503
68,1,CA1-DG,uncued,DG,2,0.908491
68,1,CA1-DG,uncued,DG,3,0.716215
68,1,CA1-DG,uncued,DG,4,0.451425
68,1,CA1-DG,uncued,DG,5,0.038925
68,1,CA1-DG,uncued,DG,6,0.519751
68,1,CA1-DG,uncued,DG,7,0.835896
68,1,CA1-DG,uncued,DG,8,0.588241
68,1,CA1-DG,uncued,DG,9,0.460353
68,1,CA1-DG,uncued,DG,10,0.258655
68,1,CA1-DG,uncued,DG,11,0.636771
68,1,CA1-DG,uncued,DG,12,0.037658
68,1,CA1-DG,uncued,DG,13,0.045114
68,1,CA1-DG,uncued,DG,14,0.675508
68,1,CA1-DG,uncued,DG,15,0.811192
68,1,CA1-DG,uncued,DG,16,0.446397
68,1,CA1-DG,uncued,DG,17,0.270564
68,1,CA1-DG,uncued,DG,18,0.540479
68,1,CA1-DG,uncued,DG,19,0.683433
68,1,CA1-DG,uncued,DG,20,0.799452
68,1,CA1-DG,uncued,DG,21,0.63248
68,1,CA1-DG,uncued,DG,22,0.626621
68,1,CA1-DG,uncued,DG,23,0.365777
68,1,CA1-DG,cued,CA1,0,0.865122
68,1,CA1-DG,cued,CA1,1,0.94493
68,1,CA1-DG,cued,CA1,2,0.671201
68,1,CA1-DG,cued,CA1,3,1.024256
68,1,CA1-DG,cued,CA1,4,1.138638
68,1,CA1-DG,cued,CA1,5,0.044191
68,1,CA1-DG,cued,CA1,6,0.988378
68,1,CA1-DG,cued,CA1,7,0.877516
68,1,CA1-DG,cued,CA1,8,1.047476
68,1,CA1-DG,cued,CA1,9,0.840952
68,1,CA1-DG,cued,CA1,10,0.81038
68,1,CA1-DG,cued,CA1,11,1.104155
68,1,CA1-DG,cued,CA1,12,0.779741
68,1,CA1-DG,cued,CA1,13,0.725444
68,1,CA1-DG,cued,CA1,14,0.620631
68,1,CA1-DG,cued,CA1,15,1.093937
68,1,CA1-DG,cued,CA1,16,0.377116
68,1,CA1-DG,cued,CA1,17,0.0052
68,1,CA1-DG,cued,DG,0,0.696643
68,1,CA1-DG,cued,DG,1,0.653243
68,1,CA1-DG,cued,DG,2,0.772956
68,1,CA1-DG,cued,DG,3,0.318525
68,1,CA1-DG,cued,DG,4,0.296336
68,1,CA1-DG,cued,DG,5,0.026376
68,1,CA1-DG,cued,DG,6,0.733424
68,1,CA1-DG,cued,DG,7,0.835499
68,1,CA1-DG,cued,DG,8,0.612691
68,1,CA1-DG,cued,DG,9,0.545377
68,1,CA1-DG,cued,DG,10,0.29775
68,1,CA1-DG,cued,DG,11,0.02179
68,1,CA1-DG,cued,DG,12,0.860062
68,1,CA1-DG,cued,DG,13,0.03247
68,1,CA1-DG,cued,DG,14,0.710653
68,1,CA1-DG,cued,DG,15,0.642653
68,1,CA1-DG,cued,DG,16,0.49114
68,1,CA1-DG,cued,DG,17,0.278499
68,1,CA1-DG,cued,DG,18,0.179213
68,1,CA1-DG,cued,DG,19,0.74008
68,1,CA1-DG,cued,DG,20,0.787431
68,1,CA1-DG,cued,DG,21,0.598378
68,1,CA1-DG,cued,DG,22,0.621486
68,1,CA1-DG,cued,DG,23,0.533677
68,1,CA3-DG,uncued,CA3,0,1.027424
68,1,CA3-DG,uncued,CA3,1,0.937462
68,1,CA3-DG,uncued,CA3,2,1.178871
68,1,CA3-DG,uncued,CA3,3,1.064232
68,1,CA3-DG,uncued,CA3,4,0.945677
68,1,CA3-DG,uncued,CA3,5,1.108577
68,1,CA3-DG,uncued,CA3,6,2.553703
68,1,CA3-DG,uncued,CA3,7,1.383862
68,1,CA3-DG,uncued,CA3,8,0.968946
68,1,CA3-DG,uncued,CA3,9,0.818602
68,1,CA3-DG,uncued,CA3,10,0.969281
68,1,CA3-DG,uncued,CA3,11,0.981109
68,1,CA3-DG,uncued,DG,0,0.888171
68,1,CA3-DG,uncued,DG,1,0.049794
68,1,CA3-DG,uncued,DG,2,0.812451
68,1,CA3-DG,uncued,DG,3,0.540346
68,1,CA3-DG,uncued,DG,4,0.512096
68,1,CA3-DG,uncued,DG,5,0.044317
68,1,CA3-DG,uncued,DG,6,0.461227
68,1,CA3-DG,uncued,DG,7,0.749266
68,1,CA3-DG,uncued,DG,8,0.406845
68,1,CA3-DG,uncued,DG,9,0.387961
68,1,CA3-DG,uncued,DG,10,0.211813
68,1,CA3-DG,uncued,DG,11,0.573255
68,1,CA3-DG,uncued,DG,12,0.036779
68,1,CA3-DG,uncued,DG,13,0.042545
68,1,CA3-DG,uncued,DG,14,0.574231
68,1,CA3-DG,uncued,DG,15,0.841078
68,1,CA3-DG,uncued,DG,16,0.523163
68,1,CA3-DG,uncued,DG,17,0.305107
68,1,CA3-DG,uncued,DG,18,0.583529
68,1,CA3-DG,uncued,DG,19,0.574999
68,1,CA3-DG,uncued,DG,20,0.756962
68,1,CA3-DG,uncued,DG,21,0.570173
68,1,CA3-DG,uncued,DG,22,0.542216
68,1,CA3-DG,uncued,DG,23,0.277577
68,1,CA3-DG,cued,CA3,0,1.087957
68,1,CA3-DG,cued,CA3,1,1.011238
68,1,CA3-DG,cued,CA3,2,1.330992
68,1,CA3-DG,cued,CA3,3,1.037177
68,1,CA3-DG,cued,CA3,4,0.985371
68,1,CA3-DG,cued,CA3,5,1.129907
68,1,CA3-DG,cued,CA3,6,21.368627
68,1,CA3-DG,cued,CA3,7,1.095382
68,1,CA3-DG,cued,CA3,8,1.133969
68,1,CA3-DG,cued,CA3,9,0.762361
68,1,CA3-DG,cued,CA3,10,0.951313
68,1,CA3-DG,cued,CA3,11,0.918153
68,1,CA3-DG,cued,DG,0,0.649915
68,1,CA3-DG,cued,DG,1,0.640761
68,1,CA3-DG,cued,DG,2,0.667244
68,1,CA3-DG,cued,DG,3,0.257295
68,1,CA3-DG,cued,DG,4,0.387434
68,1,CA3-DG,cued,DG,5,0.02411
68,1,CA3-DG,cued,DG,6,0.684486
68,1,CA3-DG,cued,DG,7,0.765005
68,1,CA3-DG,cued,DG,8,0.503127
68,1,CA3-DG,cued,DG,9,0.513183
68,1,CA3-DG,cued,DG,10,0.268742
68,1,CA3-DG,cued,DG,11,0.022395
68,1,CA3-DG,cued,DG,12,0.704172
68,1,CA3-DG,cued,DG,13,0.044462
68,1,CA3-DG,cued,DG,14,0.634664
68,1,CA3-DG,cued,DG,15,0.642024
68,1,CA3-DG,cued,DG,16,0.47371
68,1,CA3-DG,cued,DG,17,0.27467
68,1,CA3-DG,cued,DG,18,0.296212
68,1,CA3-DG,cued,DG,19,0.549724
68,1,CA3-DG,cued,DG,20,0.69085
68,1,CA3-DG,cued,DG,21,0.560158
68,1,CA3-DG,cued,DG,22,0.471847
68,1,CA3-DG,cued,DG,23,0.435471
71,0,CA1-RSC,uncued,CA1,0,0.15634
71,0,CA1-RSC,uncued,CA1,1,1.164521
71,0,CA1-RSC,uncued,CA1,2,0.003515
71,0,CA1-RSC,uncued,CA1,3,1.071376
71,0,CA1-RSC,uncued,CA1,4,1.091486
71,0,CA1-RSC,uncued,CA1,5,0.816522
71,0,CA1-RSC,uncued,CA1,6,0.83161
71,0,CA1-RSC,uncued,CA1,7,1.176045
71,0,CA1-RSC,uncued,CA1,8,0.953463
71,0,CA1-RSC,uncued,CA1,9,0.706341
71,0,CA1-RSC,uncued,CA1,10,0.562777
71,0,CA1-RSC,uncued,CA1,11,1.059144
71,0,CA1-RSC,uncued,CA1,12,0.032853
71,0,CA1-RSC,uncued,CA1,13,0.810622
71,0,CA1-RSC,uncued,CA1,14,0.03288
71,0,CA1-RSC,uncued,CA1,15,0.030322
71,0,CA1-RSC,uncued,CA1,16,0.045732
71,0,CA1-RSC,uncued,CA1,17,0.047745
71,0,CA1-RSC,uncued,CA1,18,0.996046
71,0,CA1-RSC,uncued,CA1,19,0.85864
71,0,CA1-RSC,uncued,CA1,20,1.028072
71,0,CA1-RSC,uncued,CA1,21,0.933868
71,0,CA1-RSC,uncued,CA1,22,0.009543
71,0,CA1-RSC,uncued,RSC,0,0.022623
71,0,CA1-RSC,uncued,RSC,1,0.01947
71,0,CA1-RSC,uncued,RSC,2,0.028775
71,0,CA1-RSC,uncued,RSC,3,0.055501
71,0,CA1-RSC,uncued,RSC,4,0.037339
71,0,CA1-RSC,uncued,RSC,5,0.012692
71,0,CA1-RSC,uncued,RSC,6,0.003381
71,0,CA1-RSC,uncued,RSC,7,0.053843
71,0,CA1-RSC,uncued,RSC,8,0.0168
71,0,CA1-RSC,uncued,RSC,9,0.007183
71,0,CA1-RSC,uncued,RSC,10,0.721395
71,0,CA1-RSC,uncued,RSC,11,0.032032
71,0,CA1-RSC,uncued,RSC,12,0.096475
71,0,CA1-RSC,uncued,RSC,13,0.007898
71,0,CA1-RSC,uncued,RSC,14,0.018872
71,0,CA1-RSC,uncued,RSC,15,0.507959
71,0,CA1-RSC,uncued,RSC,16,0.003397
71,0,CA1-RSC,uncued,RSC,17,0.680442
71,0,CA1-RSC,uncued,RSC,18,0.062335
71,0,CA1-RSC,uncued,RSC,19,0.086713
71,0,CA1-RSC,uncued,RSC,20,0.041813
71,0,CA1-RSC,uncued,RSC,21,0.005404
71,0,CA1-RSC,uncued,RSC,22,0.030624
71,0,CA1-RSC,uncued,RSC,23,0.558754
71,0,CA1-RSC,uncued,RSC,24,0.020111
71,0,CA1-RSC,uncued,RSC,25,0.022653
71,0,CA1-RSC,uncued,RSC,26,0.02482
71,0,CA1-RSC,uncued,RSC,27,0.061819
71,0,CA1-RSC,uncued,RSC,28,0.09735
71,0,CA1-RSC,uncued,RSC,29,0.020889
71,0,CA1-RSC,uncued,RSC,30,0.029477
71,0,CA1-RSC,uncued,RSC,31,0.03768
71,0,CA1-RSC,uncued,RSC,32,0.016027
71,0,CA1-RSC,uncued,RSC,33,0.459842
71,0,CA1-RSC,uncued,RSC,34,0.074022
71,0,CA1-RSC,uncued,RSC,35,0.008701
71,0,CA1-RSC,uncued,RSC,36,0.686456
71,0,CA1-RSC,uncued,RSC,37,0.038237
71,0,CA1-RSC,uncued,RSC,38,0.014057
71,0,CA1-RSC,uncued,RSC,39,0.042734
71,0,CA1-RSC,uncued,RSC,40,0.022208
71,0,CA1-RSC,uncued,RSC,41,0.030421
71,0,CA1-RSC,uncued,RSC,42,0.045611
71,0,CA1-RSC,uncued,RSC,43,0.022251
71,0,CA1-RSC,uncued,RSC,44,0.020011
71,0,CA1-RSC,uncued,RSC,45,0.047549
71,0,CA1-RSC,uncued,RSC,46,0.035703
71,0,CA1-RSC,uncued,RSC,47,0.001913
71,0,CA1-RSC,uncued,RSC,48,0.025298
71,0,CA1-RSC,uncued,RSC,49,0.021343
71,0,CA1-RSC,uncued,RSC,50,0.010901
71,0,CA1-RSC,uncued,RSC,51,0.009667
71,0,CA1-RSC,uncued,RSC,52,0.014004
71,0,CA1-RSC,uncued,RSC,53,0.019443
71,0,CA1-RSC,uncued,RSC,54,0.686995
71,0,CA1-RSC,uncued,RSC,55,0.022561
71,0,CA1-RSC,uncued,RSC,56,0.01405
71,0,CA1-RSC,uncued,RSC,57,0.025886
71,0,CA1-RSC,uncued,RSC,58,0.025224
71,0,CA1-RSC,uncued,RSC,59,0.022606
71,0,CA1-RSC,uncued,RSC,60,0.029838
71,0,CA1-RSC,uncued,RSC,61,0.03474
71,0,CA1-RSC,uncued,RSC,62,0.691139
71,0,CA1-RSC,uncued,RSC,63,0.018256
71,0,CA1-RSC,uncued,RSC,64,0.012294
71,0,CA1-RSC,uncued,RSC,65,0.010597
71,0,CA1-RSC,uncued,RSC,66,0.139734
71,0,CA1-RSC,uncued,RSC,67,0.024503
71,0,CA1-RSC,uncued,RSC,68,0.027036
71,0,CA1-RSC,uncued,RSC,69,0.020047
71,0,CA1-RSC,uncued,RSC,70,0.027814
71,0,CA1-RSC,uncued,RSC,71,0.038681
71,0,CA1-RSC,uncued,RSC,72,0.006137
71,0,CA1-RSC,uncued,RSC,73,0.009289
71,0,CA1-RSC,uncued,RSC,74,0.002519
71,0,CA1-RSC,uncued,RSC,75,0.565253
71,0,CA1-RSC,uncued,RSC,76,0.013598
71,0,CA1-RSC,uncued,RSC,77,0.035299
71,0,CA1-RSC,uncued,RSC,78,0.017591
71,0,CA1-RSC,uncued,RSC,79,0.00368
71,0,CA1-RSC,uncued,RSC,80,0.073728
71,0,CA1-RSC,uncued,RSC,81,0.004125
71,0,CA1-RSC,uncued,RSC,82,0.073658
71,0,CA1-RSC,uncued,RSC,83,0.018902
71,0,CA1-RSC,uncued,RSC,84,0.044811
71,0,CA1-RSC,uncued,RSC,85,0.002204
71,0,CA1-RSC,uncued,RSC,86,0.02973
71,0,CA1-RSC,uncued,RSC,87,0.681335
71,0,CA1-RSC,uncued,RSC,88,0.043173
71,0,CA1-RSC,uncued,RSC,89,0.004978
71,0,CA1-RSC,uncued,RSC,90,0.052175
71,0,CA1-RSC,uncued,RSC,91,0.031374
71,0,CA1-RSC,uncued,RSC,92,0.616386
71,0,CA1-RSC,uncued,RSC,93,0.022739
71,0,CA1-RSC,uncued,RSC,94,0.014827
71,0,CA1-RSC,uncued,RSC,95,0.029719
71,0,CA1-RSC,uncued,RSC,96,0.012444
71,0,CA1-RSC,uncued,RSC,97,0.013939
71,0,CA1-RSC,uncued,RSC,98,0.027921
71,0,CA1-RSC,uncued,RSC,99,0.038621
71,0,CA1-RSC,uncued,RSC,100,0.051945
71,0,CA1-RSC,uncued,RSC,101,0.026779
71,0,CA1-RSC,uncued,RSC,102,0.036118
71,0,CA1-RSC,uncued,RSC,103,0.034617
71,0,CA1-RSC,uncued,RSC,104,0.031036
71,0,CA1-RSC,uncued,RSC,105,0.043142
71,0,CA1-RSC,uncued,RSC,106,0.023593
71,0,CA1-RSC,uncued,RSC,107,0.049318
71,0,CA1-RSC,uncued,RSC,108,0.014768
71,0,CA1-RSC,uncued,RSC,109,0.032464
71,0,CA1-RSC,uncued,RSC,110,0.01686
71,0,CA1-RSC,uncued,RSC,111,0.021357
71,0,CA1-RSC,uncued,RSC,112,0.030422
71,0,CA1-RSC,uncued,RSC,113,0.085753
71,0,CA1-RSC,uncued,RSC,114,0.550904
71,0,CA1-RSC,uncued,RSC,115,0.012316
71,0,CA1-RSC,uncued,RSC,116,0.007857
71,0,CA1-RSC,uncued,RSC,117,0.069765
71,0,CA1-RSC,uncued,RSC,118,0.688071
71,0,CA1-RSC,uncued,RSC,119,0.734991
71,0,CA1-RSC,uncued,RSC,120,0.00129
71,0,CA1-RSC,uncued,RSC,121,0.013023
71,0,CA1-RSC,uncued,RSC,122,0.515258
71,0,CA1-RSC,uncued,RSC,123,0.059857
71,0,CA1-RSC,uncued,RSC,124,0.002388
71,0,CA1-RSC,uncued,RSC,125,0.027606
71,0,CA1-RSC,uncued,RSC,126,0.015338
71,0,CA1-RSC,uncued,RSC,127,0.013372
71,0,CA1-RSC,uncued,RSC,128,0.0
71,0,CA1-RSC,cued,CA1,0,0.234138
71,0,CA1-RSC,cued,CA1,1,1.14394
71,0,CA1-RSC,cued,CA1,2,0.027131
71,0,CA1-RSC,cued,CA1,3,1.093995
71,0,CA1-RSC,cued,CA1,4,1.054289
71,0,CA1-RSC,cued,CA1,5,0.880842
71,0,CA1-RSC,cued,CA1,6,0.880141
71,0,CA1-RSC,cued,CA1,7,1.01614
71,0,CA1-RSC,cued,CA1,8,1.195845
71,0,CA1-RSC,cued,CA1,9,0.758133
71,0,CA1-RSC,cued,CA1,10,0.571934
71,0,CA1-RSC,cued,CA1,11,0.85289
71,0,CA1-RSC,cued,CA1,12,0.073531
71,0,CA1-RSC,cued,CA1,13,1.220269
71,0,CA1-RSC,cued,CA1,14,0.121448
71,0,CA1-RSC,cued,CA1,15,0.025667
71,0,CA1-RSC,cued,CA1,16,0.044459
71,0,CA1-RSC,cued,CA1,17,0.026934
71,0,CA1-RSC,cued,CA1,18,0.912465
71,0,CA1-RSC,cued,CA1,19,0.976625
71,0,CA1-RSC,cued,CA1,20,0.968919
71,0,CA1-RSC,cued,CA1,21,0.906247
71,0,CA1-RSC,cued,CA1,22,0.006726
71,0,CA1-RSC,cued,RSC,0,0.03661
71,0,CA1-RSC,cued,RSC,1,0.023238
71,0,CA1-RSC,cued,RSC,2,0.187829
71,0,CA1-RSC,cued,RSC,3,0.109211
71,0,CA1-RSC,cued,RSC,4,0.040056
71,0,CA1-RSC,cued,RSC,5,0.018174
71,0,CA1-RSC,cued,RSC,6,0.00547
71,0,CA1-RSC,cued,RSC,7,0.03913
71,0,CA1-RSC,cued,RSC,8,0.028707
71,0,CA1-RSC,cued,RSC,9,0.108252
71,0,CA1-RSC,cued,RSC,10,0.035499
71,0,CA1-RSC,cued,RSC,11,0.016652
71,0,CA1-RSC,cued,RSC,12,0.035063
71,0,CA1-RSC,cued,RSC,13,0.059964
71,0,CA1-RSC,cued,RSC,14,0.102987
71,0,CA1-RSC,cued,RSC,15,0.687354
71,0,CA1-RSC,cued,RSC,16,0.58197
71,0,CA1-RSC,cued,RSC,17,0.010561
71,0,CA1-RSC,cued,RSC,18,0.029066
71,0,CA1-RSC,cued,RSC,19,0.011758
71,0,CA1-RSC,cued,RSC,20,0.064309
71,0,CA1-RSC,cued,RSC,21,0.01047
71,0,CA1-RSC,cued,RSC,22,0.044709
71,0,CA1-RSC,cued,RSC,23,0.425657
71,0,CA1-RSC,cued,RSC,24,0.04441
71,0,CA1-RSC,cued,RSC,25,0.026024
71,0,CA1-RSC,cued,RSC,26,0.07443
71,0,CA1-RSC,cued,RSC,27,0.686968
71,0,CA1-RSC,cued,RSC,28,0.048482
71,0,CA1-RSC,cued,RSC,29,0.230999
71,0,CA1-RSC,cued,RSC,30,0.11208
71,0,CA1-RSC,cued,RSC,31,0.153426
71,0,CA1-RSC,cued,RSC,32,0.00912
71,0,CA1-RSC,cued,RSC,33,0.455398
71,0,CA1-RSC,cued,RSC,34,0.034642
71,0,CA1-RSC,cued,RSC,35,0.035621
71,0,CA1-RSC,cued,RSC,36,0.027645
71,0,CA1-RSC,cued,RSC,37,0.534951
71,0,CA1-RSC,cued,RSC,38,0.045845
71,0,CA1-RSC,cued,RSC,39,0.046244
71,0,CA1-RSC,cued,RSC,40,0.0521
71,0,CA1-RSC,cued,RSC,41,0.025049
71,0,CA1-RSC,cued,RSC,42,0.030942
71,0,CA1-RSC,cued,RSC,43,0.043672
71,0,CA1-RSC,cued,RSC,44,0.032426
71,0,CA1-RSC,cued,RSC,45,0.046431
71,0,CA1-RSC,cued,RSC,46,0.01122
71,0,CA1-RSC,cued,RSC,47,0.018679
71,0,CA1-RSC,cued,RSC,48,0.076587
71,0,CA1-RSC,cued,RSC,49,0.035422
71,0,CA1-RSC,cued,RSC,50,0.03075
71,0,CA1-RSC,cued,RSC,51,0.005038
71,0,CA1-RSC,cued,RSC,52,0.020544
71,0,CA1-RSC,cued,RSC,53,0.017846
71,0,CA1-RSC,cued,RSC,54,0.060316
71,0,CA1-RSC,cued,RSC,55,0.032928
71,0,CA1-RSC,cued,RSC,56,0.037119
71,0,CA1-RSC,cued,RSC,57,0.076873
71,0,CA1-RSC,cued,RSC,58,0.06303
71,0,CA1-RSC,cued,RSC,59,0.04321
71,0,CA1-RSC,cued,RSC,60,0.037783
71,0,CA1-RSC,cued,RSC,61,0.082857
71,0,CA1-RSC,cued,RSC,62,0.619105
71,0,CA1-RSC,cued,RSC,63,0.054687
71,0,CA1-RSC,cued,RSC,64,0.006672
71,0,CA1-RSC,cued,RSC,65,0.025222
71,0,CA1-RSC,cued,RSC,66,0.113455
71,0,CA1-RSC,cued,RSC,67,0.009548
71,0,CA1-RSC,cued,RSC,68,0.0344
71,0,CA1-RSC,cued,RSC,69,0.096304
71,0,CA1-RSC,cued,RSC,70,0.014508
71,0,CA1-RSC,cued,RSC,71,0.163906
71,0,CA1-RSC,cued,RSC,72,0.01797
71,0,CA1-RSC,cued,RSC,73,0.031315
71,0,CA1-RSC,cued,RSC,74,0.009791
71,0,CA1-RSC,cued,RSC,75,0.691962
71,0,CA1-RSC,cued,RSC,76,0.41581
71,0,CA1-RSC,cued,RSC,77,0.031471
71,0,CA1-RSC,cued,RSC,78,0.482776
71,0,CA1-RSC,cued,RSC,79,0.030627
71,0,CA1-RSC,cued,RSC,80,0.056344
71,0,CA1-RSC,cued,RSC,81,0.012647
71,0,CA1-RSC,cued,RSC,82,0.046843
71,0,CA1-RSC,cued,RSC,83,0.701338
71,0,CA1-RSC,cued,RSC,84,0.454842
71,0,CA1-RSC,cued,RSC,85,0.052588
71,0,CA1-RSC,cued,RSC,86,0.022118
71,0,CA1-RSC,cued,RSC,87,0.017051
71,0,CA1-RSC,cued,RSC,88,0.714607
71,0,CA1-RSC,cued,RSC,89,0.015659
71,0,CA1-RSC,cued,RSC,90,0.705737
71,0,CA1-RSC,cued,RSC,91,0.078948
71,0,CA1-RSC,cued,RSC,92,0.072676
71,0,CA1-RSC,cued,RSC,93,0.027648
71,0,CA1-RSC,cued,RSC,94,0.0793
71,0,CA1-RSC,cued,RSC,95,0.036541
71,0,CA1-RSC,cued,RSC,96,0.064461
71,0,CA1-RSC,cued,RSC,97,0.203145
71,0,CA1-RSC,cued,RSC,98,0.107115
71,0,CA1-RSC,cued,RSC,99,0.019215
71,0,CA1-RSC,cued,RSC,100,0.040711
71,0,CA1-RSC,cued,RSC,101,0.030138
71,0,CA1-RSC,cued,RSC,102,0.211051
71,0,CA1-RSC,cued,RSC,103,0.045609
71,0,CA1-RSC,cued,RSC,104,0.029998
71,0,CA1-RSC,cued,RSC,105,0.029962
71,0,CA1-RSC,cued,RSC,106,0.03409
71,0,CA1-RSC,cued,RSC,107,0.066976
71,0,CA1-RSC,cued,RSC,108,0.059133
71,0,CA1-RSC,cued,RSC,109,0.040253
71,0,CA1-RSC,cued,RSC,110,0.07076
71,0,CA1-RSC,cued,RSC,111,0.048274
71,0,CA1-RSC,cued,RSC,112,0.023872
71,0,CA1-RSC,cued,RSC,113,0.039327
71,0,CA1-RSC,cued,RSC,114,0.527746
71,0,CA1-RSC,cued,RSC,115,0.010312
71,0,CA1-RSC,cued,RSC,116,0.010176
71,0,CA1-RSC,cued,RSC,117,0.034081
71,0,CA1-RSC,cued,RSC,118,0.019659
71,0,CA1-RSC,cued,RSC,119,0.01591
71,0,CA1-RSC,cued,RSC,120,0.009945
71,0,CA1-RSC,cued,RSC,121,0.015407
71,0,CA1-RSC,cued,RSC,122,0.142459
71,0,CA1-RSC,cued,RSC,123,0.017274
71,0,CA1-RSC,cued,RSC,124,0.07477
71,0,CA1-RSC,cued,RSC,125,0.011857
71,0,CA1-RSC,cued,RSC,126,0.007003
71,0,CA1-RSC,cued,RSC,127,0.263428
71,0,CA1-RSC,cued,RSC,128,0.007376
71,0,CA1-CA3,uncued,CA1,0,0.162219
71,0,CA1-CA3,uncued,CA1,1,1.167545
71,0,CA1-CA3,uncued,CA1,2,0.003004
71,0,CA1-CA3,uncued,CA1,3,1.044832
71,0,CA1-CA3,uncued,CA1,4,1.092717
71,0,CA1-CA3,uncued,CA1,5,0.820284
71,0,CA1-CA3,uncued,CA1,6,0.83477
71,0,CA1-CA3,uncued,CA1,7,1.176978
71,0,CA1-CA3,uncued,CA1,8,0.956047
71,0,CA1-CA3,uncued,CA1,9,0.707041
71,0,CA1-CA3,uncued,CA1,10,0.563839
71,0,CA1-CA3,uncued,CA1,11,1.062557
71,0,CA1-CA3,uncued,CA1,12,0.031717
71,0,CA1-CA3,uncued,CA1,13,0.812127
71,0,CA1-CA3,uncued,CA1,14,0.036241
71,0,CA1-CA3,uncued,CA1,15,0.033708
71,0,CA1-CA3,uncued,CA1,16,0.049366
71,0,CA1-CA3,uncued,CA1,17,0.048468
71,0,CA1-CA3,uncued,CA1,18,1.000104
71,0,CA1-CA3,uncued,CA1,19,0.860348
71,0,CA1-CA3,uncued,CA1,20,1.032136
71,0,CA1-CA3,uncued,CA1,21,0.934428
71,0,CA1-CA3,uncued,CA1,22,0.009386
71,0,CA1-CA3,uncued,CA3,0,0.281931
71,0,CA1-CA3,uncued,CA3,1,0.639238
71,0,CA1-CA3,uncued,CA3,2,0.121833
71,0,CA1-CA3,uncued,CA3,3,0.050164
71,0,CA1-CA3,uncued,CA3,4,0.142938
71,0,CA1-CA3,uncued,CA3,5,0.160821
71,0,CA1-CA3,uncued,CA3,6,0.612452
71,0,CA1-CA3,uncued,CA3,7,0.541
71,0,CA1-CA3,uncued,CA3,8,0.619494
71,0,CA1-CA3,uncued,CA3,9,0.02133
71,0,CA1-CA3,uncued,CA3,10,0.0456
71,0,CA1-CA3,uncued,CA3,11,0.117746
71,0,CA1-CA3,uncued,CA3,12,0.031382
71,0,CA1-CA3,uncued,CA3,13,0.056474
71,0,CA1-CA3,uncued,CA3,14,0.089783
71,0,CA1-CA3,uncued,CA3,15,0.006005
71,0,CA1-CA3,uncued,CA3,16,0.030669
71,0,CA1-CA3,uncued,CA3,17,0.397654
71,0,CA1-CA3,uncued,CA3,18,0.031664
71,0,CA1-CA3,uncued,CA3,19,0.084313
71,0,CA1-CA3,uncued,CA3,20,0.037049
71,0,CA1-CA3,uncued,CA3,21,0.029515
71,0,CA1-CA3,uncued,CA3,22,0.022302
71,0,CA1-CA3,uncued,CA3,23,0.030111
71,0,CA1-CA3,uncued,CA3,24,0.047646
71,0,CA1-CA3,uncued,CA3,25,0.044077
71,0,CA1-CA3,uncued,CA3,26,0.030619
71,0,CA1-CA3,uncued,CA3,27,0.015927
71,0,CA1-CA3,uncued,CA3,28,0.129064
71,0,CA1-CA3,uncued,CA3,29,0.678765
71,0,CA1-CA3,uncued,CA3,30,0.043996
71,0,CA1-CA3,uncued,CA3,31,0.068349
71,0,CA1-CA3,uncued,CA3,32,0.01645
71,0,CA1-CA3,uncued,CA3,33,0.569778
71,0,CA1-CA3,uncued,CA3,34,0.035776
71,0,CA1-CA3,uncued,CA3,35,0.037618
71,0,CA1-CA3,uncued,CA3,36,0.024235
71,0,CA1-CA3,uncued,CA3,37,0.012256
71,0,CA1-CA3,uncued,CA3,38,0.587449
71,0,CA1-CA3,uncued,CA3,39,0.239365
71,0,CA1-CA3,uncued,CA3,40,0.156629
71,0,CA1-CA3,uncued,CA3,41,0.580173
71,0,CA1-CA3,uncued,CA3,42,0.098902
71,0,CA1-CA3,uncued,CA3,43,0.452046
71,0,CA1-CA3,uncued,CA3,44,0.700017
71,0,CA1-CA3,uncued,CA3,45,0.067192
71,0,CA1-CA3,uncued,CA3,46,0.030279
71,0,CA1-CA3,uncued,CA3,47,0.001971
71,0,CA1-CA3,uncued,CA3,48,0.077084
71,0,CA1-CA3,uncued,CA3,49,0.242979
71,0,CA1-CA3,uncued,CA3,50,0.160591
71,0,CA1-CA3,uncued,CA3,51,0.095585
71,0,CA1-CA3,uncued,CA3,52,0.165955
71,0,CA1-CA3,uncued,CA3,53,0.109251
71,0,CA1-CA3,uncued,CA3,54,0.212389
71,0,CA1-CA3,uncued,CA3,55,0.258455
71,0,CA1-CA3,uncued,CA3,56,0.018648
71,0,CA1-CA3,uncued,CA3,57,0.056093
71,0,CA1-CA3,uncued,CA3,58,0.020512
71,0,CA1-CA3,uncued,CA3,59,0.061403
71,0,CA1-CA3,uncued,CA3,60,0.085758
71,0,CA1-CA3,uncued,CA3,61,0.599392
71,0,CA1-CA3,uncued,CA3,62,0.396998
71,0,CA1-CA3,uncued,CA3,63,0.549687
71,0,CA1-CA3,uncued,CA3,64,0.246659
71,0,CA1-CA3,uncued,CA3,65,0.621782
71,0,CA1-CA3,cued,CA1,0,0.241089
71,0,CA1-CA3,cued,CA1,1,1.144049
71,0,CA1-CA3,cued,CA1,2,0.024102
71,0,CA1-CA3,cued,CA1,3,1.065502
71,0,CA1-CA3,cued,CA1,4,1.058129
71,0,CA1-CA3,cued,CA1,5,0.882499
71,0,CA1-CA3,cued,CA1,6,0.882195
71,0,CA1-CA3,cued,CA1,7,1.016776
71,0,CA1-CA3,cued,CA1,8,1.200337
71,0,CA1-CA3,cued,CA1,9,0.760909
71,0,CA1-CA3,cued,CA1,10,0.573811
71,0,CA1-CA3,cued,CA1,11,0.854406
71,0,CA1-CA3,cued,CA1,12,0.069691
71,0,CA1-CA3,cued,CA1,13,1.222845
71,0,CA1-CA3,cued,CA1,14,0.112826
71,0,CA1-CA3,cued,CA1,15,0.02743
71,0,CA1-CA3,cued,CA1,16,0.04712
71,0,CA1-CA3,cued,CA1,17,0.026555
71,0,CA1-CA3,cued,CA1,18,0.916411
71,0,CA1-CA3,cued,CA1,19,0.978097
71,0,CA1-CA3,cued,CA1,20,0.971836
71,0,CA1-CA3,cued,CA1,21,0.906539
71,0,CA1-CA3,cued,CA1,22,0.007286
71,0,CA1-CA3,cued,CA3,0,0.09427
71,0,CA1-CA3,cued,CA3,1,0.26309
71,0,CA1-CA3,cued,CA3,2,0.081928
71,0,CA1-CA3,cued,CA3,3,0.056873
71,0,CA1-CA3,cued,CA3,4,0.135953
71,0,CA1-CA3,cued,CA3,5,0.161612
71,0,CA1-CA3,cued,CA3,6,0.036229
71,0,CA1-CA3,cued,CA3,7,0.523783
71,0,CA1-CA3,cued,CA3,8,0.73023
71,0,CA1-CA3,cued,CA3,9,0.101901
71,0,CA1-CA3,cued,CA3,10,0.075655
71,0,CA1-CA3,cued,CA3,11,0.116717
71,0,CA1-CA3,cued,CA3,12,0.01416
71,0,CA1-CA3,cued,CA3,13,0.089447
71,0,CA1-CA3,cued,CA3,14,0.105023
71,0,CA1-CA3,cued,CA3,15,0.598163
71,0,CA1-CA3,cued,CA3,16,0.020939
71,0,CA1-CA3,cued,CA3,17,0.670795
71,0,CA1-CA3,cued,CA3,18,0.031245
71,0,CA1-CA3,cued,CA3,19,0.103887
71,0,CA1-CA3,cued,CA3,20,0.0485
71,0,CA1-CA3,cued,CA3,21,0.026086
71,0,CA1-CA3,cued,CA3,22,0.028519
71,0,CA1-CA3,cued,CA3,23,0.058778
71,0,CA1-CA3,cued,CA3,24,0.062054
71,0,CA1-CA3,cued,CA3,25,0.578159
71,0,CA1-CA3,cued,CA3,26,0.154856
71,0,CA1-CA3,cued,CA3,27,0.013246
71,0,CA1-CA3,cued,CA3,28,0.592892
71,0,CA1-CA3,cued,CA3,29,0.035073
71,0,CA1-CA3,cued,CA3,30,0.147241
71,0,CA1-CA3,cued,CA3,31,0.083697
71,0,CA1-CA3,cued,CA3,32,0.174263
71,0,CA1-CA3,cued,CA3,33,0.565508
71,0,CA1-CA3,cued,CA3,34,0.100162
71,0,CA1-CA3,cued,CA3,35,0.056224
71,0,CA1-CA3,cued,CA3,36,0.050116
71,0,CA1-CA3,cued,CA3,37,0.260564
71,0,CA1-CA3,cued,CA3,38,0.620501
71,0,CA1-CA3,cued,CA3,39,0.383717
71,0,CA1-CA3,cued,CA3,40,0.244155
71,0,CA1-CA3,cued,CA3,41,0.633144
71,0,CA1-CA3,cued,CA3,42,0.158231
71,0,CA1-CA3,cued,CA3,43,0.650706
71,0,CA1-CA3,cued,CA3,44,0.546788
71,0,CA1-CA3,cued,CA3,45,0.088335
71,0,CA1-CA3,cued,CA3,46,0.031614
71,0,CA1-CA3,cued,CA3,47,0.011859
71,0,CA1-CA3,cued,CA3,48,0.663483
71,0,CA1-CA3,cued,CA3,49,0.312147
71,0,CA1-CA3,cued,CA3,50,0.201966
71,0,CA1-CA3,cued,CA3,51,0.138445
71,0,CA1-CA3,cued,CA3,52,0.213445
71,0,CA1-CA3,cued,CA3,53,0.103338
71,0,CA1-CA3,cued,CA3,54,0.380012
71,0,CA1-CA3,cued,CA3,55,0.367674
71,0,CA1-CA3,cued,CA3,56,0.048783
71,0,CA1-CA3,cued,CA3,57,0.128748
71,0,CA1-CA3,cued,CA3,58,0.083852
71,0,CA1-CA3,cued,CA3,59,0.039645
71,0,CA1-CA3,cued,CA3,60,0.180861
71,0,CA1-CA3,cued,CA3,61,0.739129
71,0,CA1-CA3,cued,CA3,62,0.630864
71,0,CA1-CA3,cued,CA3,63,0.228348
71,0,CA1-CA3,cued,CA3,64,0.087479
71,0,CA1-CA3,cued,CA3,65,0.655562
71,0,CA1-DG,uncued,CA1,0,0.170538
71,0,CA1-DG,uncued,CA1,1,1.159376
71,0,CA1-DG,uncued,CA1,2,0.004051
71,0,CA1-DG,uncued,CA1,3,1.047602
71,0,CA1-DG,uncued,CA1,4,1.081695
71,0,CA1-DG,uncued,CA1,5,0.818
71,0,CA1-DG,uncued,CA1,6,0.829493
71,0,CA1-DG,uncued,CA1,7,1.171532
71,0,CA1-DG,uncued,CA1,8,0.951638
71,0,CA1-DG,uncued,CA1,9,0.704353
71,0,CA1-DG,uncued,CA1,10,0.56179
71,0,CA1-DG,uncued,CA1,11,1.060098
71,0,CA1-DG,uncued,CA1,12,0.031077
71,0,CA1-DG,uncued,CA1,13,0.809749
71,0,CA1-DG,uncued,CA1,14,0.032161
71,0,CA1-DG,uncued,CA1,15,0.030569
71,0,CA1-DG,uncued,CA1,16,0.050001
71,0,CA1-DG,uncued,CA1,17,0.044335
71,0,CA1-DG,uncued,CA1,18,0.996228
71,0,CA1-DG,uncued,CA1,19,0.857393
71,0,CA1-DG,uncued,CA1,20,1.028228
71,0,CA1-DG,uncued,CA1,21,0.929912
71,0,CA1-DG,uncued,CA1,22,0.009766
71,0,CA1-DG,uncued,DG,0,0.041613
71,0,CA1-DG,uncued,DG,1,0.727302
71,0,CA1-DG,uncued,DG,2,0.073907
71,0,CA1-DG,uncued,DG,3,0.082965
71,0,CA1-DG,uncued,DG,4,0.068346
71,0,CA1-DG,uncued,DG,5,0.038226
71,0,CA1-DG,uncued,DG,6,0.18388
71,0,CA1-DG,uncued,DG,7,0.10258
71,0,CA1-DG,uncued,DG,8,0.044458
71,0,CA1-DG,uncued,DG,9,0.208421
71,0,CA1-DG,uncued,DG,10,0.02658
71,0,CA1-DG,uncued,DG,11,0.074165
71,0,CA1-DG,uncued,DG,12,0.033944
71,0,CA1-DG,uncued,DG,13,0.021105
71,0,CA1-DG,uncued,DG,14,0.307643
71,0,CA1-DG,uncued,DG,15,0.059187
71,0,CA1-DG,uncued,DG,16,0.021811
71,0,CA1-DG,uncued,DG,17,0.190651
71,0,CA1-DG,uncued,DG,18,0.023939
71,0,CA1-DG,uncued,DG,19,0.026883
71,0,CA1-DG,uncued,DG,20,0.179527
71,0,CA1-DG,uncued,DG,21,0.044708
71,0,CA1-DG,uncued,DG,22,0.128173
71,0,CA1-DG,uncued,DG,23,0.141491
71,0,CA1-DG,uncued,DG,24,0.033339
71,0,CA1-DG,uncued,DG,25,0.044009
71,0,CA1-DG,uncued,DG,26,0.01766
71,0,CA1-DG,uncued,DG,27,0.013408
71,0,CA1-DG,uncued,DG,28,0.008304
71,0,CA1-DG,uncued,DG,29,0.055008
71,0,CA1-DG,uncued,DG,30,0.042434
71,0,CA1-DG,uncued,DG,31,0.121273
71,0,CA1-DG,uncued,DG,32,0.026623
71,0,CA1-DG,uncued,DG,33,0.144366
71,0,CA1-DG,uncued,DG,34,0.146453
71,0,CA1-DG,uncued,DG,35,0.041509
71,0,CA1-DG,uncued,DG,36,0.071763
71,0,CA1-DG,uncued,DG,37,0.696562
71,0,CA1-DG,uncued,DG,38,0.011905
71,0,CA1-DG,uncued,DG,39,0.658734
71,0,CA1-DG,uncued,DG,40,0.007361
71,0,CA1-DG,uncued,DG,41,0.02407
71,0,CA1-DG,uncued,DG,42,0.021974
71,0,CA1-DG,uncued,DG,43,0.685555
71,0,CA1-DG,uncued,DG,44,0.032756
71,0,CA1-DG,uncued,DG,45,0.665985
71,0,CA1-DG,uncued,DG,46,0.016832
71,0,CA1-DG,uncued,DG,47,0.013561
71,0,CA1-DG,uncued,DG,48,0.103286
71,0,CA1-DG,uncued,DG,49,0.02426
71,0,CA1-DG,uncued,DG,50,0.017858
71,0,CA1-DG,uncued,DG,51,0.555282
71,0,CA1-DG,uncued,DG,52,0.011855
71,0,CA1-DG,uncued,DG,53,0.651003
71,0,CA1-DG,uncued,DG,54,0.016065
71,0,CA1-DG,uncued,DG,55,0.013575
71,0,CA1-DG,uncued,DG,56,0.020694
71,0,CA1-DG,uncued,DG,57,0.045467
71,0,CA1-DG,uncued,DG,58,0.192826
71,0,CA1-DG,uncued,DG,59,0.511249
71,0,CA1-DG,uncued,DG,60,0.014346
71,0,CA1-DG,uncued,DG,61,0.023643
71,0,CA1-DG,uncued,DG,62,0.117235
71,0,CA1-DG,uncued,DG,63,0.171606
71,0,CA1-DG,uncued,DG,64,0.028759
71,0,CA1-DG,uncued,DG,65,0.105403
71,0,CA1-DG,uncued,DG,66,0.1604
71,0,CA1-DG,uncued,DG,67,0.140582
71,0,CA1-DG,uncued,DG,68,0.306056
71,0,CA1-DG,uncued,DG,69,0.011564
71,0,CA1-DG,uncued,DG,70,0.137351
71,0,CA1-DG,uncued,DG,71,0.035181
71,0,CA1-DG,uncued,DG,72,0.129001
71,0,CA1-DG,uncued,DG,73,0.024125
71,0,CA1-DG,uncued,DG,74,0.176801
71,0,CA1-DG,uncued,DG,75,0.14504
71,0,CA1-DG,uncued,DG,76,0.164369
71,0,CA1-DG,uncued,DG,77,0.034788
71,0,CA1-DG,uncued,DG,78,0.642721
71,0,CA1-DG,uncued,DG,79,0.094989
71,0,CA1-DG,uncued,DG,80,0.698977
71,0,CA1-DG,uncued,DG,81,0.690788
71,0,CA1-DG,uncued,DG,82,0.223434
71,0,CA1-DG,uncued,DG,83,0.319539
71,0,CA1-DG,uncued,DG,84,0.143148
71,0,CA1-DG,uncued,DG,85,0.015576
71,0,CA1-DG,uncued,DG,86,0.036144
71,0,CA1-DG,uncued,DG,87,0.136002
71,0,CA1-DG,uncued,DG,88,0.033095
71,0,CA1-DG,uncued,DG,89,0.033617
71,0,CA1-DG,uncued,DG,90,0.022213
71,0,CA1-DG,uncued,DG,91,0.012672
71,0,CA1-DG,uncued,DG,92,0.012201
71,0,CA1-DG,uncued,DG,93,0.13152
71,0,CA1-DG,uncued,DG,94,0.02885
71,0,CA1-DG,uncued,DG,95,0.0
71,0,CA1-DG,uncued,DG,96,0.665344
71,0,CA1-DG,uncued,DG,97,0.027449
71,0,CA1-DG,uncued,DG,98,0.088762
71,0,CA1-DG,uncued,DG,99,0.063499
71,0,CA1-DG,uncued,DG,100,0.016189
71,0,CA1-DG,uncued,DG,101,0.040088
71,0,CA1-DG,uncued,DG,102,0.142069
71,0,CA1-DG,uncued,DG,103,0.168337
71,0,CA1-DG,uncued,DG,104,0.177253
71,0,CA1-DG,uncued,DG,105,0.349653
71,0,CA1-DG,uncued,DG,106,0.267145
71,0,CA1-DG,uncued,DG,107,0.024762
71,0,CA1-DG,uncued,DG,108,0.258349
71,0,CA1-DG,uncued,DG,109,0.098919
71,0,CA1-DG,uncued,DG,110,0.048461
71,0,CA1-DG,uncued,DG,111,0.040395
71,0,CA1-DG,uncued,DG,112,0.302724
71,0,CA1-DG,uncued,DG,113,0.015614
71,0,CA1-DG,uncued,DG,114,0.07946
71,0,CA1-DG,uncued,DG,115,0.150266
71,0,CA1-DG,uncued,DG,116,0.06635
71,0,CA1-DG,uncued,DG,117,0.082211
71,0,CA1-DG,uncued,DG,118,0.582164
71,0,CA1-DG,uncued,DG,119,0.142643
71,0,CA1-DG,uncued,DG,120,0.123407
71,0,CA1-DG,cued,CA1,0,0.237775
71,0,CA1-DG,cued,CA1,1,1.136603
71,0,CA1-DG,cued,CA1,2,0.025759
71,0,CA1-DG,cued,CA1,3,1.072488
71,0,CA1-DG,cued,CA1,4,1.045288
71,0,CA1-DG,cued,CA1,5,0.881938
71,0,CA1-DG,cued,CA1,6,0.877447
71,0,CA1-DG,cued,CA1,7,1.012835
71,0,CA1-DG,cued,CA1,8,1.195821
71,0,CA1-DG,cued,CA1,9,0.756917
71,0,CA1-DG,cued,CA1,10,0.569938
71,0,CA1-DG,cued,CA1,11,0.854331
71,0,CA1-DG,cued,CA1,12,0.066457
71,0,CA1-DG,cued,CA1,13,1.216479
71,0,CA1-DG,cued,CA1,14,0.118982
71,0,CA1-DG,cued,CA1,15,0.02716
71,0,CA1-DG,cued,CA1,16,0.042326
71,0,CA1-DG,cued,CA1,17,0.031084
71,0,CA1-DG,cued,CA1,18,0.913167
71,0,CA1-DG,cued,CA1,19,0.975764
71,0,CA1-DG,cued,CA1,20,0.966516
71,0,CA1-DG,cued,CA1,21,0.898657
71,0,CA1-DG,cued,CA1,22,0.008802
71,0,CA1-DG,cued,DG,0,0.026492
71,0,CA1-DG,cued,DG,1,0.291056
71,0,CA1-DG,cued,DG,2,0.11913
71,0,CA1-DG,cued,DG,3,0.169312
71,0,CA1-DG,cued,DG,4,0.050159
71,0,CA1-DG,cued,DG,5,0.076896
71,0,CA1-DG,cued,DG,6,0.085612
71,0,CA1-DG,cued,DG,7,0.1355
71,0,CA1-DG,cued,DG,8,0.059185
71,0,CA1-DG,cued,DG,9,0.025195
71,0,CA1-DG,cued,DG,10,0.018201
71,0,CA1-DG,cued,DG,11,0.048576
71,0,CA1-DG,cued,DG,12,0.050357
71,0,CA1-DG,cued,DG,13,0.019581
71,0,CA1-DG,cued,DG,14,0.142521
71,0,CA1-DG,cued,DG,15,0.018663
71,0,CA1-DG,cued,DG,16,0.012833
71,0,CA1-DG,cued,DG,17,0.200846
71,0,CA1-DG,cued,DG,18,0.029513
71,0,CA1-DG,cued,DG,19,0.019272
71,0,CA1-DG,cued,DG,20,0.089576
71,0,CA1-DG,cued,DG,21,0.018325
71,0,CA1-DG,cued,DG,22,0.130699
71,0,CA1-DG,cued,DG,23,0.137867
71,0,CA1-DG,cued,DG,24,0.037011
71,0,CA1-DG,cued,DG,25,0.049086
71,0,CA1-DG,cued,DG,26,0.569732
71,0,CA1-DG,cued,DG,27,0.009101
71,0,CA1-DG,cued,DG,28,0.014986
71,0,CA1-DG,cued,DG,29,0.015895
71,0,CA1-DG,cued,DG,30,0.004189
71,0,CA1-DG,cued,DG,31,0.638686
71,0,CA1-DG,cued,DG,32,0.000518
71,0,CA1-DG,cued,DG,33,0.132074
71,0,CA1-DG,cued,DG,34,0.164341
71,0,CA1-DG,cued,DG,35,0.039454
71,0,CA1-DG,cued,DG,36,0.061149
71,0,CA1-DG,cued,DG,37,0.500606
71,0,CA1-DG,cued,DG,38,0.008812
71,0,CA1-DG,cued,DG,39,0.629285
71,0,CA1-DG,cued,DG,40,0.005976
71,0,CA1-DG,cued,DG,41,0.010537
71,0,CA1-DG,cued,DG,42,0.04419
71,0,CA1-DG,cued,DG,43,0.044915
71,0,CA1-DG,cued,DG,44,0.006535
71,0,CA1-DG,cued,DG,45,0.613399
71,0,CA1-DG,cued,DG,46,0.02822
71,0,CA1-DG,cued,DG,47,0.008334
71,0,CA1-DG,cued,DG,48,0.019684
71,0,CA1-DG,cued,DG,49,0.025845
71,0,CA1-DG,cued,DG,50,0.033373
71,0,CA1-DG,cued,DG,51,0.599131
71,0,CA1-DG,cued,DG,52,0.009247
71,0,CA1-DG,cued,DG,53,0.602226
71,0,CA1-DG,cued,DG,54,0.051849
71,0,CA1-DG,cued,DG,55,0.012905
71,0,CA1-DG,cued,DG,56,0.011
71,0,CA1-DG,cued,DG,57,0.357265
71,0,CA1-DG,cued,DG,58,0.612374
71,0,CA1-DG,cued,DG,59,0.324816
71,0,CA1-DG,cued,DG,60,0.010836
71,0,CA1-DG,cued,DG,61,0.302153
71,0,CA1-DG,cued,DG,62,0.108599
71,0,CA1-DG,cued,DG,63,0.129685
71,0,CA1-DG,cued,DG,64,0.010346
71,0,CA1-DG,cued,DG,65,0.112226
71,0,CA1-DG,cued,DG,66,0.141988
71,0,CA1-DG,cued,DG,67,0.13719
71,0,CA1-DG,cued,DG,68,0.386505
71,0,CA1-DG,cued,DG,69,0.457803
71,0,CA1-DG,cued,DG,70,0.141663
71,0,CA1-DG,cued,DG,71,0.024532
71,0,CA1-DG,cued,DG,72,0.117449
71,0,CA1-DG,cued,DG,73,0.010731
71,0,CA1-DG,cued,DG,74,0.170766
71,0,CA1-DG,cued,DG,75,0.143175
71,0,CA1-DG,cued,DG,76,0.156826
71,0,CA1-DG,cued,DG,77,0.132083
71,0,CA1-DG,cued,DG,78,0.060115
71,0,CA1-DG,cued,DG,79,0.187397
71,0,CA1-DG,cued,DG,80,0.635537
71,0,CA1-DG,cued,DG,81,0.018938
71,0,CA1-DG,cued,DG,82,0.210296
71,0,CA1-DG,cued,DG,83,0.298631
71,0,CA1-DG,cued,DG,84,0.011218
71,0,CA1-DG,cued,DG,85,0.04216
71,0,CA1-DG,cued,DG,86,0.019568
71,0,CA1-DG,cued,DG,87,0.654621
71,0,CA1-DG,cued,DG,88,0.022669
71,0,CA1-DG,cued,DG,89,0.026496
71,0,CA1-DG,cued,DG,90,0.010329
71,0,CA1-DG,cued,DG,91,0.029722
71,0,CA1-DG,cued,DG,92,0.007133
71,0,CA1-DG,cued,DG,93,0.109719
71,0,CA1-DG,cued,DG,94,0.060633
71,0,CA1-DG,cued,DG,95,0.000211
71,0,CA1-DG,cued,DG,96,0.058258
71,0,CA1-DG,cued,DG,97,0.032982
71,0,CA1-DG,cued,DG,98,0.012087
71,0,CA1-DG,cued,DG,99,0.043749
71,0,CA1-DG,cued,DG,100,0.034212
71,0,CA1-DG,cued,DG,101,0.591625
71,0,CA1-DG,cued,DG,102,0.144633
71,0,CA1-DG,cued,DG,103,0.160169
71,0,CA1-DG,cued,DG,104,0.126109
71,0,CA1-DG,cued,DG,105,0.213383
71,0,CA1-DG,cued,DG,106,0.084551
71,0,CA1-DG,cued,DG,107,0.033719
71,0,CA1-DG,cued,DG,108,0.427808
71,0,CA1-DG,cued,DG,109,0.056412
71,0,CA1-DG,cued,DG,110,0.057113
71,0,CA1-DG,cued,DG,111,0.024611
71,0,CA1-DG,cued,DG,112,0.530897
71,0,CA1-DG,cued,DG,113,0.2794
71,0,CA1-DG,cued,DG,114,0.071109
71,0,CA1-DG,cued,DG,115,0.024029
71,0,CA1-DG,cued,DG,116,0.04988
71,0,CA1-DG,cued,DG,117,0.053982
71,0,CA1-DG,cued,DG,118,0.690091
71,0,CA1-DG,cued,DG,119,0.015981
71,0,CA1-DG,cued,DG,120,0.006861
71,0,CA1-V1,uncued,CA1,0,0.160917
71,0,CA1-V1,uncued,CA1,1,1.166367
71,0,CA1-V1,uncued,CA1,2,0.003742
71,0,CA1-V1,uncued,CA1,3,1.075649
71,0,CA1-V1,uncued,CA1,4,1.094208
71,0,CA1-V1,uncued,CA1,5,0.820013
71,0,CA1-V1,uncued,CA1,6,0.834348
71,0,CA1-V1,uncued,CA1,7,1.178516
71,0,CA1-V1,uncued,CA1,8,0.955723
71,0,CA1-V1,uncued,CA1,9,0.707329
71,0,CA1-V1,uncued,CA1,10,0.564344
71,0,CA1-V1,uncued,CA1,11,1.063984
71,0,CA1-V1,uncued,CA1,12,0.032592
71,0,CA1-V1,uncued,CA1,13,0.811938
71,0,CA1-V1,uncued,CA1,14,0.034415
71,0,CA1-V1,uncued,CA1,15,0.03102
71,0,CA1-V1,uncued,CA1,16,0.050732
71,0,CA1-V1,uncued,CA1,17,0.044615
71,0,CA1-V1,uncued,CA1,18,0.998709
71,0,CA1-V1,uncued,CA1,19,0.859498
71,0,CA1-V1,uncued,CA1,20,1.033056
71,0,CA1-V1,uncued,CA1,21,0.935801
71,0,CA1-V1,uncued,CA1,22,0.009353
71,0,CA1-V1,uncued,V1,0,0.859303
71,0,CA1-V1,uncued,V1,1,0.345698
71,0,CA1-V1,uncued,V1,2,0.230205
71,0,CA1-V1,uncued,V1,3,0.025479
71,0,CA1-V1,uncued,V1,4,0.914897
71,0,CA1-V1,uncued,V1,5,0.021994
71,0,CA1-V1,uncued,V1,6,0.031859
71,0,CA1-V1,uncued,V1,7,0.831231
71,0,CA1-V1,uncued,V1,8,0.862707
71,0,CA1-V1,uncued,V1,9,0.148921
71,0,CA1-V1,uncued,V1,10,0.056467
71,0,CA1-V1,uncued,V1,11,0.852524
71,0,CA1-V1,uncued,V1,12,0.2509
71,0,CA1-V1,uncued,V1,13,0.055104
71,0,CA1-V1,uncued,V1,14,0.121602
71,0,CA1-V1,uncued,V1,15,0.153438
71,0,CA1-V1,uncued,V1,16,0.862458
71,0,CA1-V1,uncued,V1,17,0.713028
71,0,CA1-V1,uncued,V1,18,0.873214
71,0,CA1-V1,uncued,V1,19,0.016524
71,0,CA1-V1,uncued,V1,20,0.180829
71,0,CA1-V1,uncued,V1,21,0.081989
71,0,CA1-V1,uncued,V1,22,0.024178
71,0,CA1-V1,uncued,V1,23,0.188713
71,0,CA1-V1,uncued,V1,24,0.143388
71,0,CA1-V1,uncued,V1,25,0.711771
71,0,CA1-V1,uncued,V1,26,0.069041
71,0,CA1-V1,uncued,V1,27,0.024255
71,0,CA1-V1,uncued,V1,28,0.069741
71,0,CA1-V1,uncued,V1,29,0.833686
71,0,CA1-V1,uncued,V1,30,0.013011
71,0,CA1-V1,uncued,V1,31,0.547974
71,0,CA1-V1,uncued,V1,32,0.010347
71,0,CA1-V1,uncued,V1,33,0.034234
71,0,CA1-V1,uncued,V1,34,0.051205
71,0,CA1-V1,uncued,V1,35,0.005587
71,0,CA1-V1,uncued,V1,36,0.054381
71,0,CA1-V1,uncued,V1,37,0.013913
71,0,CA1-V1,uncued,V1,38,0.088613
71,0,CA1-V1,uncued,V1,39,0.035824
71,0,CA1-V1,uncued,V1,40,0.85246
71,0,CA1-V1,uncued,V1,41,0.055725
71,0,CA1-V1,uncued,V1,42,0.093274
71,0,CA1-V1,uncued,V1,43,0.00954
71,0,CA1-V1,uncued,V1,44,0.011372
71,0,CA1-V1,uncued,V1,45,0.023824
71,0,CA1-V1,uncued,V1,46,0.053323
71,0,CA1-V1,uncued,V1,47,0.015388
71,0,CA1-V1,uncued,V1,48,0.010578
71,0,CA1-V1,uncued,V1,49,0.025906
71,0,CA1-V1,uncued,V1,50,0.032455
71,0,CA1-V1,uncued,V1,51,0.068678
71,0,CA1-V1,uncued,V1,52,0.820673
71,0,CA1-V1,uncued,V1,53,0.236023
71,0,CA1-V1,uncued,V1,54,0.076265
71,0,CA1-V1,uncued,V1,55,0.041962
71,0,CA1-V1,uncued,V1,56,0.015455
71,0,CA1-V1,uncued,V1,57,0.834676
71,0,CA1-V1,uncued,V1,58,0.850441
71,0,CA1-V1,uncued,V1,59,0.200752
71,0,CA1-V1,uncued,V1,60,0.01666
71,0,CA1-V1,uncued,V1,61,0.010876
71,0,CA1-V1,cued,CA1,0,0.230056
71,0,CA1-V1,cued,CA1,1,1.14684
71,0,CA1-V1,cued,CA1,2,0.023213
71,0,CA1-V1,cued,CA1,3,1.097976
71,0,CA1-V1,cued,CA1,4,1.058912
71,0,CA1-V1,cued,CA1,5,0.882419
71,0,CA1-V1,cued,CA1,6,0.883329
71,0,CA1-V1,cued,CA1,7,1.018848
71,0,CA1-V1,cued,CA1,8,1.199537
71,0,CA1-V1,cued,CA1,9,0.760837
71,0,CA1-V1,cued,CA1,10,0.573537
71,0,CA1-V1,cued,CA1,11,0.855012
71,0,CA1-V1,cued,CA1,12,0.06877
71,0,CA1-V1,cued,CA1,13,1.223497
71,0,CA1-V1,cued,CA1,14,0.117434
71,0,CA1-V1,cued,CA1,15,0.026245
71,0,CA1-V1,cued,CA1,16,0.045672
71,0,CA1-V1,cued,CA1,17,0.028027
71,0,CA1-V1,cued,CA1,18,0.916868
71,0,CA1-V1,cued,CA1,19,0.977442
71,0,CA1-V1,cued,CA1,20,0.971956
71,0,CA1-V1,cued,CA1,21,0.907079
71,0,CA1-V1,cued,CA1,22,0.006732
71,0,CA1-V1,cued,V1,0,0.35978
71,0,CA1-V1,cued,V1,1,0.580065
71,0,CA1-V1,cued,V1,2,0.126199
71,0,CA1-V1,cued,V1,3,0.05824
71,0,CA1-V1,cued,V1,4,0.77206
71,0,CA1-V1,cued,V1,5,0.111942
71,0,CA1-V1,cued,V1,6,0.152659
71,0,CA1-V1,cued,V1,7,0.170424
71,0,CA1-V1,cued,V1,8,0.141666
71,0,CA1-V1,cued,V1,9,0.212937
71,0,CA1-V1,cued,V1,10,0.054723
71,0,CA1-V1,cued,V1,11,0.605617
71,0,CA1-V1,cued,V1,12,0.198583
71,0,CA1-V1,cued,V1,13,0.115458
71,0,CA1-V1,cued,V1,14,0.189323
71,0,CA1-V1,cued,V1,15,0.514564
71,0,CA1-V1,cued,V1,16,0.408367
71,0,CA1-V1,cued,V1,17,0.58974
71,0,CA1-V1,cued,V1,18,0.453406
71,0,CA1-V1,cued,V1,19,0.056803
71,0,CA1-V1,cued,V1,20,0.094196
71,0,CA1-V1,cued,V1,21,0.068372
71,0,CA1-V1,cued,V1,22,0.136801
71,0,CA1-V1,cued,V1,23,0.149407
71,0,CA1-V1,cued,V1,24,0.097806
71,0,CA1-V1,cued,V1,25,0.122624
71,0,CA1-V1,cued,V1,26,0.281062
71,0,CA1-V1,cued,V1,27,0.039902
71,0,CA1-V1,cued,V1,28,0.413651
71,0,CA1-V1,cued,V1,29,0.772462
71,0,CA1-V1,cued,V1,30,0.060788
71,0,CA1-V1,cued,V1,31,0.576104
71,0,CA1-V1,cued,V1,32,0.055212
71,0,CA1-V1,cued,V1,33,0.026914
71,0,CA1-V1,cued,V1,34,0.539892
71,0,CA1-V1,cued,V1,35,0.024613
71,0,CA1-V1,cued,V1,36,0.786261
71,0,CA1-V1,cued,V1,37,0.01996
71,0,CA1-V1,cued,V1,38,0.079892
71,0,CA1-V1,cued,V1,39,0.051555
71,0,CA1-V1,cued,V1,40,0.744828
71,0,CA1-V1,cued,V1,41,0.15008
71,0,CA1-V1,cued,V1,42,0.144097
71,0,CA1-V1,cued,V1,43,0.041053
71,0,CA1-V1,cued,V1,44,0.016018
71,0,CA1-V1,cued,V1,45,0.203197
71,0,CA1-V1,cued,V1,46,0.618862
71,0,CA1-V1,cued,V1,47,0.048975
71,0,CA1-V1,cued,V1,48,0.026272
71,0,CA1-V1,cued,V1,49,0.030256
71,0,CA1-V1,cued,V1,50,0.055629
71,0,CA1-V1,cued,V1,51,0.669497
71,0,CA1-V1,cued,V1,52,0.424707
71,0,CA1-V1,cued,V1,53,0.160992
71,0,CA1-V1,cued,V1,54,0.130669
71,0,CA1-V1,cued,V1,55,0.320304
71,0,CA1-V1,cued,V1,56,0.565152
71,0,CA1-V1,cued,V1,57,0.767046
71,0,CA1-V1,cued,V1,58,0.778572
71,0,CA1-V1,cued,V1,59,0.209132
71,0,CA1-V1,cued,V1,60,0.005355
71,0,CA1-V1,cued,V1,61,0.180127
71,0,CA3-DG,uncued,CA3,0,0.281217
71,0,CA3-DG,uncued,CA3,1,0.63586
71,0,CA3-DG,uncued,CA3,2,0.118396
71,0,CA3-DG,uncued,CA3,3,0.050397
71,0,CA3-DG,uncued,CA3,4,0.143297
71,0,CA3-DG,uncued,CA3,5,0.169544
71,0,CA3-DG,uncued,CA3,6,0.609107
71,0,CA3-DG,uncued,CA3,7,0.53728
71,0,CA3-DG,uncued,CA3,8,0.616312
71,0,CA3-DG,uncued,CA3,9,0.023589
71,0,CA3-DG,uncued,CA3,10,0.045902
71,0,CA3-DG,uncued,CA3,11,0.113272
71,0,CA3-DG,uncued,CA3,12,0.032731
71,0,CA3-DG,uncued,CA3,13,0.057803
71,0,CA3-DG,uncued,CA3,14,0.094945
71,0,CA3-DG,uncued,CA3,15,0.006504
71,0,CA3-DG,uncued,CA3,16,0.029739
71,0,CA3-DG,uncued,CA3,17,0.326211
71,0,CA3-DG,uncued,CA3,18,0.033692
71,0,CA3-DG,uncued,CA3,19,0.099369
71,0,CA3-DG,uncued,CA3,20,0.035729
71,0,CA3-DG,uncued,CA3,21,0.028488
71,0,CA3-DG,uncued,CA3,22,0.02189
71,0,CA3-DG,uncued,CA3,23,0.031209
71,0,CA3-DG,uncued,CA3,24,0.078566
71,0,CA3-DG,uncued,CA3,25,0.048732
71,0,CA3-DG,uncued,CA3,26,0.038625
71,0,CA3-DG,uncued,CA3,27,0.01558
71,0,CA3-DG,uncued,CA3,28,0.19287
71,0,CA3-DG,uncued,CA3,29,0.671077
71,0,CA3-DG,uncued,CA3,30,0.048032
71,0,CA3-DG,uncued,CA3,31,0.070427
71,0,CA3-DG,uncued,CA3,32,0.019234
71,0,CA3-DG,uncued,CA3,33,0.554763
71,0,CA3-DG,uncued,CA3,34,0.061749
71,0,CA3-DG,uncued,CA3,35,0.041128
71,0,CA3-DG,uncued,CA3,36,0.028782
71,0,CA3-DG,uncued,CA3,37,0.010348
71,0,CA3-DG,uncued,CA3,38,0.578205
71,0,CA3-DG,uncued,CA3,39,0.241999
71,0,CA3-DG,uncued,CA3,40,0.161597
71,0,CA3-DG,uncued,CA3,41,0.537866
71,0,CA3-DG,uncued,CA3,42,0.104202
71,0,CA3-DG,uncued,CA3,43,0.450941
71,0,CA3-DG,uncued,CA3,44,0.688274
71,0,CA3-DG,uncued,CA3,45,0.079526
71,0,CA3-DG,uncued,CA3,46,0.028633
71,0,CA3-DG,uncued,CA3,47,0.001695
71,0,CA3-DG,uncued,CA3,48,0.125289
71,0,CA3-DG,uncued,CA3,49,0.246576
71,0,CA3-DG,uncued,CA3,50,0.168744
71,0,CA3-DG,uncued,CA3,51,0.125447
71,0,CA3-DG,uncued,CA3,52,0.176206
71,0,CA3-DG,uncued,CA3,53,0.118798
71,0,CA3-DG,uncued,CA3,54,0.214809
71,0,CA3-DG,uncued,CA3,55,0.275712
71,0,CA3-DG,uncued,CA3,56,0.026973
71,0,CA3-DG,uncued,CA3,57,0.07827
71,0,CA3-DG,uncued,CA3,58,0.028308
71,0,CA3-DG,uncued,CA3,59,0.063632
71,0,CA3-DG,uncued,CA3,60,0.091078
71,0,CA3-DG,uncued,CA3,61,0.59683
71,0,CA3-DG,uncued,CA3,62,0.395772
71,0,CA3-DG,uncued,CA3,63,0.543938
71,0,CA3-DG,uncued,CA3,64,0.232615
71,0,CA3-DG,uncued,CA3,65,0.617425
71,0,CA3-DG,uncued,DG,0,0.044
71,0,CA3-DG,uncued,DG,1,0.719965
71,0,CA3-DG,uncued,DG,2,0.089971
71,0,CA3-DG,uncued,DG,3,0.09771
71,0,CA3-DG,uncued,DG,4,0.080864
71,0,CA3-DG,uncued,DG,5,0.040224
71,0,CA3-DG,uncued,DG,6,0.177184
71,0,CA3-DG,uncued,DG,7,0.116027
71,0,CA3-DG,uncued,DG,8,0.044447
71,0,CA3-DG,uncued,DG,9,0.210482
71,0,CA3-DG,uncued,DG,10,0.026983
71,0,CA3-DG,uncued,DG,11,0.079841
71,0,CA3-DG,uncued,DG,12,0.034745
71,0,CA3-DG,uncued,DG,13,0.021012
71,0,CA3-DG,uncued,DG,14,0.317482
71,0,CA3-DG,uncued,DG,15,0.056362
71,0,CA3-DG,uncued,DG,16,0.021337
71,0,CA3-DG,uncued,DG,17,0.193394
71,0,CA3-DG,uncued,DG,18,0.023786
71,0,CA3-DG,uncued,DG,19,0.026707
71,0,CA3-DG,uncued,DG,20,0.196596
71,0,CA3-DG,uncued,DG,21,0.044601
71,0,CA3-DG,uncued,DG,22,0.121197
71,0,CA3-DG,uncued,DG,23,0.14529
71,0,CA3-DG,uncued,DG,24,0.038143
71,0,CA3-DG,uncued,DG,25,0.042911
71,0,CA3-DG,uncued,DG,26,0.017406
71,0,CA3-DG,uncued,DG,27,0.013438
71,0,CA3-DG,uncued,DG,28,0.007728
71,0,CA3-DG,uncued,DG,29,0.055248
71,0,CA3-DG,uncued,DG,30,0.042762
71,0,CA3-DG,uncued,DG,31,0.145078
71,0,CA3-DG,uncued,DG,32,0.025315
71,0,CA3-DG,uncued,DG,33,0.141647
71,0,CA3-DG,uncued,DG,34,0.156567
71,0,CA3-DG,uncued,DG,35,0.045511
71,0,CA3-DG,uncued,DG,36,0.074523
71,0,CA3-DG,uncued,DG,37,0.690704
71,0,CA3-DG,uncued,DG,38,0.015795
71,0,CA3-DG,uncued,DG,39,0.650124
71,0,CA3-DG,uncued,DG,40,0.007226
71,0,CA3-DG,uncued,DG,41,0.025013
71,0,CA3-DG,uncued,DG,42,0.022679
71,0,CA3-DG,uncued,DG,43,0.683433
71,0,CA3-DG,uncued,DG,44,0.032306
71,0,CA3-DG,uncued,DG,45,0.647423
71,0,CA3-DG,uncued,DG,46,0.01773
71,0,CA3-DG,uncued,DG,47,0.013861
71,0,CA3-DG,uncued,DG,48,0.099696
71,0,CA3-DG,uncued,DG,49,0.023708
71,0,CA3-DG,uncued,DG,50,0.017994
71,0,CA3-DG,uncued,DG,51,0.553625
71,0,CA3-DG,uncued,DG,52,0.012102
71,0,CA3-DG,uncued,DG,53,0.64898
71,0,CA3-DG,uncued,DG,54,0.017263
71,0,CA3-DG,uncued,DG,55,0.012998
71,0,CA3-DG,uncued,DG,56,0.023393
71,0,CA3-DG,uncued,DG,57,0.04616
71,0,CA3-DG,uncued,DG,58,0.186613
71,0,CA3-DG,uncued,DG,59,0.511461
71,0,CA3-DG,uncued,DG,60,0.013857
71,0,CA3-DG,uncued,DG,61,0.023095
71,0,CA3-DG,uncued,DG,62,0.122322
71,0,CA3-DG,uncued,DG,63,0.177412
71,0,CA3-DG,uncued,DG,64,0.026753
71,0,CA3-DG,uncued,DG,65,0.099719
71,0,CA3-DG,uncued,DG,66,0.150434
71,0,CA3-DG,uncued,DG,67,0.138858
71,0,CA3-DG,uncued,DG,68,0.302374
71,0,CA3-DG,uncued,DG,69,0.01048
71,0,CA3-DG,uncued,DG,70,0.127724
71,0,CA3-DG,uncued,DG,71,0.038809
71,0,CA3-DG,uncued,DG,72,0.120974
71,0,CA3-DG,uncued,DG,73,0.023397
71,0,CA3-DG,uncued,DG,74,0.173193
71,0,CA3-DG,uncued,DG,75,0.140921
71,0,CA3-DG,uncued,DG,76,0.154579
71,0,CA3-DG,uncued,DG,77,0.034766
71,0,CA3-DG,uncued,DG,78,0.640044
71,0,CA3-DG,uncued,DG,79,0.090247
71,0,CA3-DG,uncued,DG,80,0.698493
71,0,CA3-DG,uncued,DG,81,0.687889
71,0,CA3-DG,uncued,DG,82,0.205846
71,0,CA3-DG,uncued,DG,83,0.289096
71,0,CA3-DG,uncued,DG,84,0.132722
71,0,CA3-DG,uncued,DG,85,0.014885
71,0,CA3-DG,uncued,DG,86,0.039127
71,0,CA3-DG,uncued,DG,87,0.11366
71,0,CA3-DG,uncued,DG,88,0.034864
71,0,CA3-DG,uncued,DG,89,0.03456
71,0,CA3-DG,uncued,DG,90,0.020993
71,0,CA3-DG,uncued,DG,91,0.011854
71,0,CA3-DG,uncued,DG,92,0.012161
71,0,CA3-DG,uncued,DG,93,0.141154
71,0,CA3-DG,uncued,DG,94,0.027426
71,0,CA3-DG,uncued,DG,95,0.0
71,0,CA3-DG,uncued,DG,96,0.66294
71,0,CA3-DG,uncued,DG,97,0.026982
71,0,CA3-DG,uncued,DG,98,0.086379
71,0,CA3-DG,uncued,DG,99,0.063732
71,0,CA3-DG,uncued,DG,100,0.015733
71,0,CA3-DG,uncued,DG,101,0.037663
71,0,CA3-DG,uncued,DG,102,0.12955
71,0,CA3-DG,uncued,DG,103,0.157136
71,0,CA3-DG,uncued,DG,104,0.188805
71,0,CA3-DG,uncued,DG,105,0.324878
71,0,CA3-DG,uncued,DG,106,0.279454
71,0,CA3-DG,uncued,DG,107,0.025522
71,0,CA3-DG,uncued,DG,108,0.250735
71,0,CA3-DG,uncued,DG,109,0.097552
71,0,CA3-DG,uncued,DG,110,0.050842
71,0,CA3-DG,uncued,DG,111,0.042653
71,0,CA3-DG,uncued,DG,112,0.299598
71,0,CA3-DG,uncued,DG,113,0.016382
71,0,CA3-DG,uncued,DG,114,0.080264
71,0,CA3-DG,uncued,DG,115,0.146536
71,0,CA3-DG,uncued,DG,116,0.065528
71,0,CA3-DG,uncued,DG,117,0.087002
71,0,CA3-DG,uncued,DG,118,0.580633
71,0,CA3-DG,uncued,DG,119,0.141074
71,0,CA3-DG,uncued,DG,120,0.123577
71,0,CA3-DG,cued,CA3,0,0.099808
71,0,CA3-DG,cued,CA3,1,0.305404
71,0,CA3-DG,cued,CA3,2,0.083301
71,0,CA3-DG,cued,CA3,3,0.057706
71,0,CA3-DG,cued,CA3,4,0.133633
71,0,CA3-DG,cued,CA3,5,0.165105
71,0,CA3-DG,cued,CA3,6,0.03594
71,0,CA3-DG,cued,CA3,7,0.51928
71,0,CA3-DG,cued,CA3,8,0.723397
71,0,CA3-DG,cued,CA3,9,0.095667
71,0,CA3-DG,cued,CA3,10,0.076037
71,0,CA3-DG,cued,CA3,11,0.132312
71,0,CA3-DG,cued,CA3,12,0.013585
71,0,CA3-DG,cued,CA3,13,0.084372
71,0,CA3-DG,cued,CA3,14,0.11286
71,0,CA3-DG,cued,CA3,15,0.590023
71,0,CA3-DG,cued,CA3,16,0.024992
71,0,CA3-DG,cued,CA3,17,0.667029
71,0,CA3-DG,cued,CA3,18,0.036813
71,0,CA3-DG,cued,CA3,19,0.115677
71,0,CA3-DG,cued,CA3,20,0.050748
71,0,CA3-DG,cued,CA3,21,0.02744
71,0,CA3-DG,cued,CA3,22,0.034421
71,0,CA3-DG,cued,CA3,23,0.061461
71,0,CA3-DG,cued,CA3,24,0.146052
71,0,CA3-DG,cued,CA3,25,0.575116
71,0,CA3-DG,cued,CA3,26,0.171851
71,0,CA3-DG,cued,CA3,27,0.015617
71,0,CA3-DG,cued,CA3,28,0.513329
71,0,CA3-DG,cued,CA3,29,0.038777
71,0,CA3-DG,cued,CA3,30,0.150832
71,0,CA3-DG,cued,CA3,31,0.09195
71,0,CA3-DG,cued,CA3,32,0.147091
71,0,CA3-DG,cued,CA3,33,0.589619
71,0,CA3-DG,cued,CA3,34,0.129526
71,0,CA3-DG,cued,CA3,35,0.064415
71,0,CA3-DG,cued,CA3,36,0.079655
71,0,CA3-DG,cued,CA3,37,0.220703
71,0,CA3-DG,cued,CA3,38,0.717758
71,0,CA3-DG,cued,CA3,39,0.384921
71,0,CA3-DG,cued,CA3,40,0.244016
71,0,CA3-DG,cued,CA3,41,0.628566
71,0,CA3-DG,cued,CA3,42,0.15966
71,0,CA3-DG,cued,CA3,43,0.646686
71,0,CA3-DG,cued,CA3,44,0.542748
71,0,CA3-DG,cued,CA3,45,0.101741
71,0,CA3-DG,cued,CA3,46,0.033852
71,0,CA3-DG,cued,CA3,47,0.011251
71,0,CA3-DG,cued,CA3,48,0.564285
71,0,CA3-DG,cued,CA3,49,0.315443
71,0,CA3-DG,cued,CA3,50,0.214308
71,0,CA3-DG,cued,CA3,51,0.173109
71,0,CA3-DG,cued,CA3,52,0.21667
71,0,CA3-DG,cued,CA3,53,0.109404
71,0,CA3-DG,cued,CA3,54,0.384641
71,0,CA3-DG,cued,CA3,55,0.365232
71,0,CA3-DG,cued,CA3,56,0.065637
71,0,CA3-DG,cued,CA3,57,0.145223
71,0,CA3-DG,cued,CA3,58,0.124872
71,0,CA3-DG,cued,CA3,59,0.041333
71,0,CA3-DG,cued,CA3,60,0.17588
71,0,CA3-DG,cued,CA3,61,0.735578
71,0,CA3-DG,cued,CA3,62,0.624762
71,0,CA3-DG,cued,CA3,63,0.271591
71,0,CA3-DG,cued,CA3,64,0.094025
71,0,CA3-DG,cued,CA3,65,0.490244
71,0,CA3-DG,cued,DG,0,0.029402
71,0,CA3-DG,cued,DG,1,0.271316
71,0,CA3-DG,cued,DG,2,0.117755
71,0,CA3-DG,cued,DG,3,0.193772
71,0,CA3-DG,cued,DG,4,0.053754
71,0,CA3-DG,cued,DG,5,0.085657
71,0,CA3-DG,cued,DG,6,0.101232
71,0,CA3-DG,cued,DG,7,0.149846
71,0,CA3-DG,cued,DG,8,0.059192
71,0,CA3-DG,cued,DG,9,0.025819
71,0,CA3-DG,cued,DG,10,0.019525
71,0,CA3-DG,cued,DG,11,0.051005
71,0,CA3-DG,cued,DG,12,0.051399
71,0,CA3-DG,cued,DG,13,0.021339
71,0,CA3-DG,cued,DG,14,0.149805
71,0,CA3-DG,cued,DG,15,0.019779
71,0,CA3-DG,cued,DG,16,0.012678
71,0,CA3-DG,cued,DG,17,0.214811
71,0,CA3-DG,cued,DG,18,0.028825
71,0,CA3-DG,cued,DG,19,0.018677
71,0,CA3-DG,cued,DG,20,0.094846
71,0,CA3-DG,cued,DG,21,0.018526
71,0,CA3-DG,cued,DG,22,0.125603
71,0,CA3-DG,cued,DG,23,0.154272
71,0,CA3-DG,cued,DG,24,0.0427
71,0,CA3-DG,cued,DG,25,0.052233
71,0,CA3-DG,cued,DG,26,0.567725
71,0,CA3-DG,cued,DG,27,0.009777
71,0,CA3-DG,cued,DG,28,0.015728
71,0,CA3-DG,cued,DG,29,0.01539
71,0,CA3-DG,cued,DG,30,0.004281
71,0,CA3-DG,cued,DG,31,0.630047
71,0,CA3-DG,cued,DG,32,0.000459
71,0,CA3-DG,cued,DG,33,0.13489
71,0,CA3-DG,cued,DG,34,0.174665
71,0,CA3-DG,cued,DG,35,0.046162
71,0,CA3-DG,cued,DG,36,0.070384
71,0,CA3-DG,cued,DG,37,0.482899
71,0,CA3-DG,cued,DG,38,0.011033
71,0,CA3-DG,cued,DG,39,0.61806
71,0,CA3-DG,cued,DG,40,0.006102
71,0,CA3-DG,cued,DG,41,0.011646
71,0,CA3-DG,cued,DG,42,0.044229
71,0,CA3-DG,cued,DG,43,0.04583
71,0,CA3-DG,cued,DG,44,0.006566
71,0,CA3-DG,cued,DG,45,0.604766
71,0,CA3-DG,cued,DG,46,0.027842
71,0,CA3-DG,cued,DG,47,0.008386
71,0,CA3-DG,cued,DG,48,0.021103
71,0,CA3-DG,cued,DG,49,0.026785
71,0,CA3-DG,cued,DG,50,0.033178
71,0,CA3-DG,cued,DG,51,0.597326
71,0,CA3-DG,cued,DG,52,0.008831
71,0,CA3-DG,cued,DG,53,0.587841
71,0,CA3-DG,cued,DG,54,0.053577
71,0,CA3-DG,cued,DG,55,0.013232
71,0,CA3-DG,cued,DG,56,0.010818
71,0,CA3-DG,cued,DG,57,0.352934
71,0,CA3-DG,cued,DG,58,0.609914
71,0,CA3-DG,cued,DG,59,0.309248
71,0,CA3-DG,cued,DG,60,0.009984
71,0,CA3-DG,cued,DG,61,0.292847
71,0,CA3-DG,cued,DG,62,0.110925
71,0,CA3-DG,cued,DG,63,0.131932
71,0,CA3-DG,cued,DG,64,0.010973
71,0,CA3-DG,cued,DG,65,0.112411
71,0,CA3-DG,cued,DG,66,0.137148
71,0,CA3-DG,cued,DG,67,0.136742
71,0,CA3-DG,cued,DG,68,0.390009
71,0,CA3-DG,cued,DG,69,0.463138
71,0,CA3-DG,cued,DG,70,0.131524
71,0,CA3-DG,cued,DG,71,0.026372
71,0,CA3-DG,cued,DG,72,0.110864
71,0,CA3-DG,cued,DG,73,0.010888
71,0,CA3-DG,cued,DG,74,0.170005
71,0,CA3-DG,cued,DG,75,0.141016
71,0,CA3-DG,cued,DG,76,0.151695
71,0,CA3-DG,cued,DG,77,0.130351
71,0,CA3-DG,cued,DG,78,0.05663
71,0,CA3-DG,cued,DG,79,0.188028
71,0,CA3-DG,cued,DG,80,0.636952
71,0,CA3-DG,cued,DG,81,0.019606
71,0,CA3-DG,cued,DG,82,0.201299
71,0,CA3-DG,cued,DG,83,0.281371
71,0,CA3-DG,cued,DG,84,0.01083
71,0,CA3-DG,cued,DG,85,0.042083
71,0,CA3-DG,cued,DG,86,0.018964
71,0,CA3-DG,cued,DG,87,0.651976
71,0,CA3-DG,cued,DG,88,0.023905
71,0,CA3-DG,cued,DG,89,0.029034
71,0,CA3-DG,cued,DG,90,0.009843
71,0,CA3-DG,cued,DG,91,0.030241
71,0,CA3-DG,cued,DG,92,0.007319
71,0,CA3-DG,cued,DG,93,0.123358
71,0,CA3-DG,cued,DG,94,0.060859
71,0,CA3-DG,cued,DG,95,0.000187
71,0,CA3-DG,cued,DG,96,0.059589
71,0,CA3-DG,cued,DG,97,0.033182
71,0,CA3-DG,cued,DG,98,0.011904
71,0,CA3-DG,cued,DG,99,0.043345
71,0,CA3-DG,cued,DG,100,0.033663
71,0,CA3-DG,cued,DG,101,0.589267
71,0,CA3-DG,cued,DG,102,0.137058
71,0,CA3-DG,cued,DG,103,0.153
71,0,CA3-DG,cued,DG,104,0.143612
71,0,CA3-DG,cued,DG,105,0.208062
71,0,CA3-DG,cued,DG,106,0.084352
71,0,CA3-DG,cued,DG,107,0.034594
71,0,CA3-DG,cued,DG,108,0.42591
71,0,CA3-DG,cued,DG,109,0.059324
71,0,CA3-DG,cued,DG,110,0.06008
71,0,CA3-DG,cued,DG,111,0.028297
71,0,CA3-DG,cued,DG,112,0.523761
71,0,CA3-DG,cued,DG,113,0.276873
71,0,CA3-DG,cued,DG,114,0.071916
71,0,CA3-DG,cued,DG,115,0.023476
71,0,CA3-DG,cued,DG,116,0.056321
71,0,CA3-DG,cued,DG,117,0.052314
71,0,CA3-DG,cued,DG,118,0.687108
71,0,CA3-DG,cued,DG,119,0.015929
71,0,CA3-DG,cued,DG,120,0.006769
71,0,CA1-SUB,uncued,CA1,0,0.160959
71,0,CA1-SUB,uncued,CA1,1,1.169562
71,0,CA1-SUB,uncued,CA1,2,0.00386
71,0,CA1-SUB,uncued,CA1,3,1.07231
71,0,CA1-SUB,uncued,CA1,4,1.095964
71,0,CA1-SUB,uncued,CA1,5,0.82055
71,0,CA1-SUB,uncued,CA1,6,0.835896
71,0,CA1-SUB,uncued,CA1,7,1.179315
71,0,CA1-SUB,uncued,CA1,8,0.957607
71,0,CA1-SUB,uncued,CA1,9,0.708323
71,0,CA1-SUB,uncued,CA1,10,0.564815
71,0,CA1-SUB,uncued,CA1,11,1.06486
71,0,CA1-SUB,uncued,CA1,12,0.03107
71,0,CA1-SUB,uncued,CA1,13,0.81261
71,0,CA1-SUB,uncued,CA1,14,0.032257
71,0,CA1-SUB,uncued,CA1,15,0.030631
71,0,CA1-SUB,uncued,CA1,16,0.050974
71,0,CA1-SUB,uncued,CA1,17,0.044912
71,0,CA1-SUB,uncued,CA1,18,1.000014
71,0,CA1-SUB,uncued,CA1,19,0.861509
71,0,CA1-SUB,uncued,CA1,20,1.033513
71,0,CA1-SUB,uncued,CA1,21,0.936209
71,0,CA1-SUB,uncued,CA1,22,0.009108
71,0,CA1-SUB,uncued,SUB,0,0.278931
71,0,CA1-SUB,uncued,SUB,1,0.910751
71,0,CA1-SUB,uncued,SUB,2,0.043753
71,0,CA1-SUB,uncued,SUB,3,0.083073
71,0,CA1-SUB,uncued,SUB,4,0.0
71,0,CA1-SUB,uncued,SUB,5,0.182171
71,0,CA1-SUB,uncued,SUB,6,0.2209
71,0,CA1-SUB,uncued,SUB,7,0.184337
71,0,CA1-SUB,uncued,SUB,8,0.687609
71,0,CA1-SUB,uncued,SUB,9,0.805229
71,0,CA1-SUB,uncued,SUB,10,0.799179
71,0,CA1-SUB,uncued,SUB,11,0.758269
71,0,CA1-SUB,uncued,SUB,12,0.42636
71,0,CA1-SUB,uncued,SUB,13,0.085431
71,0,CA1-SUB,uncued,SUB,14,0.494566
71,0,CA1-SUB,uncued,SUB,15,0.813044
71,0,CA1-SUB,uncued,SUB,16,0.134175
71,0,CA1-SUB,uncued,SUB,17,0.271698
71,0,CA1-SUB,uncued,SUB,18,0.225033
71,0,CA1-SUB,uncued,SUB,19,0.354873
71,0,CA1-SUB,uncued,SUB,20,0.510342
71,0,CA1-SUB,uncued,SUB,21,0.616405
71,0,CA1-SUB,uncued,SUB,22,0.57838
71,0,CA1-SUB,uncued,SUB,23,0.926106
71,0,CA1-SUB,uncued,SUB,24,0.043196
71,0,CA1-SUB,uncued,SUB,25,0.09387
71,0,CA1-SUB,uncued,SUB,26,0.214638
71,0,CA1-SUB,uncued,SUB,27,0.229692
71,0,CA1-SUB,uncued,SUB,28,0.953764
71,0,CA1-SUB,uncued,SUB,29,0.917114
71,0,CA1-SUB,uncued,SUB,30,0.86714
71,0,CA1-SUB,uncued,SUB,31,0.408454
71,0,CA1-SUB,uncued,SUB,32,0.882234
71,0,CA1-SUB,uncued,SUB,33,0.470707
71,0,CA1-SUB,uncued,SUB,34,0.623745
71,0,CA1-SUB,uncued,SUB,35,0.795098
71,0,CA1-SUB,uncued,SUB,36,0.296496
71,0,CA1-SUB,uncued,SUB,37,0.945007
71,0,CA1-SUB,uncued,SUB,38,0.08356
71,0,CA1-SUB,uncued,SUB,39,0.024344
71,0,CA1-SUB,uncued,SUB,40,0.008328
71,0,CA1-SUB,cued,CA1,0,0.227611
71,0,CA1-SUB,cued,CA1,1,1.148629
71,0,CA1-SUB,cued,CA1,2,0.024237
71,0,CA1-SUB,cued,CA1,3,1.096206
71,0,CA1-SUB,cued,CA1,4,1.05891
71,0,CA1-SUB,cued,CA1,5,0.883098
71,0,CA1-SUB,cued,CA1,6,0.882488
71,0,CA1-SUB,cued,CA1,7,1.019421
71,0,CA1-SUB,cued,CA1,8,1.19813
71,0,CA1-SUB,cued,CA1,9,0.761336
71,0,CA1-SUB,cued,CA1,10,0.574287
71,0,CA1-SUB,cued,CA1,11,0.855703
71,0,CA1-SUB,cued,CA1,12,0.077911
71,0,CA1-SUB,cued,CA1,13,1.224757
71,0,CA1-SUB,cued,CA1,14,0.102833
71,0,CA1-SUB,cued,CA1,15,0.025561
71,0,CA1-SUB,cued,CA1,16,0.043668
71,0,CA1-SUB,cued,CA1,17,0.027583
71,0,CA1-SUB,cued,CA1,18,0.916906
71,0,CA1-SUB,cued,CA1,19,0.978791
71,0,CA1-SUB,cued,CA1,20,0.973343
71,0,CA1-SUB,cued,CA1,21,0.908808
71,0,CA1-SUB,cued,CA1,22,0.007076
71,0,CA1-SUB,cued,SUB,0,0.10847
71,0,CA1-SUB,cued,SUB,1,0.329767
71,0,CA1-SUB,cued,SUB,2,0.885554
71,0,CA1-SUB,cued,SUB,3,0.870776
71,0,CA1-SUB,cued,SUB,4,0.834994
71,0,CA1-SUB,cued,SUB,5,0.752882
71,0,CA1-SUB,cued,SUB,6,0.227327
71,0,CA1-SUB,cued,SUB,7,0.633382
71,0,CA1-SUB,cued,SUB,8,0.602531
71,0,CA1-SUB,cued,SUB,9,0.616566
71,0,CA1-SUB,cued,SUB,10,0.751072
71,0,CA1-SUB,cued,SUB,11,0.776562
71,0,CA1-SUB,cued,SUB,12,0.212731
71,0,CA1-SUB,cued,SUB,13,0.128329
71,0,CA1-SUB,cued,SUB,14,0.266995
71,0,CA1-SUB,cued,SUB,15,0.748605
71,0,CA1-SUB,cued,SUB,16,0.108039
71,0,CA1-SUB,cued,SUB,17,0.239683
71,0,CA1-SUB,cued,SUB,18,0.342721
71,0,CA1-SUB,cued,SUB,19,0.379565
71,0,CA1-SUB,cued,SUB,20,0.329115
71,0,CA1-SUB,cued,SUB,21,0.331859
71,0,CA1-SUB,cued,SUB,22,0.044085
71,0,CA1-SUB,cued,SUB,23,0.275041
71,0,CA1-SUB,cued,SUB,24,0.06809
71,0,CA1-SUB,cued,SUB,25,0.068163
71,0,CA1-SUB,cued,SUB,26,0.312042
71,0,CA1-SUB,cued,SUB,27,0.801861
71,0,CA1-SUB,cued,SUB,28,0.049709
71,0,CA1-SUB,cued,SUB,29,0.870204
71,0,CA1-SUB,cued,SUB,30,0.842936
71,0,CA1-SUB,cued,SUB,31,0.228512
71,0,CA1-SUB,cued,SUB,32,0.839421
71,0,CA1-SUB,cued,SUB,33,0.65944
71,0,CA1-SUB,cued,SUB,34,0.585367
71,0,CA1-SUB,cued,SUB,35,0.57206
71,0,CA1-SUB,cued,SUB,36,0.298088
71,0,CA1-SUB,cued,SUB,37,0.930972
71,0,CA1-SUB,cued,SUB,38,0.048897
71,0,CA1-SUB,cued,SUB,39,0.056603
71,0,CA1-SUB,cued,SUB,40,0.027064
71,0,RSC-SUB,uncued,RSC,0,0.022799
71,0,RSC-SUB,uncued,RSC,1,0.018857
71,0,RSC-SUB,uncued,RSC,2,0.029288
71,0,RSC-SUB,uncued,RSC,3,0.054955
71,0,RSC-SUB,uncued,RSC,4,0.037298
71,0,RSC-SUB,uncued,RSC,5,0.012069
71,0,RSC-SUB,uncued,RSC,6,0.003247
71,0,RSC-SUB,uncued,RSC,7,0.052079
71,0,RSC-SUB,uncued,RSC,8,0.017068
71,0,RSC-SUB,uncued,RSC,9,0.007095
71,0,RSC-SUB,uncued,RSC,10,0.72183
71,0,RSC-SUB,uncued,RSC,11,0.032204
71,0,RSC-SUB,uncued,RSC,12,0.097171
71,0,RSC-SUB,uncued,RSC,13,0.007714
71,0,RSC-SUB,uncued,RSC,14,0.019407
71,0,RSC-SUB,uncued,RSC,15,0.507836
71,0,RSC-SUB,uncued,RSC,16,0.00339
71,0,RSC-SUB,uncued,RSC,17,0.679886
71,0,RSC-SUB,uncued,RSC,18,0.063984
71,0,RSC-SUB,uncued,RSC,19,0.085003
71,0,RSC-SUB,uncued,RSC,20,0.04239
71,0,RSC-SUB,uncued,RSC,21,0.005422
71,0,RSC-SUB,uncued,RSC,22,0.031078
71,0,RSC-SUB,uncued,RSC,23,0.557865
71,0,RSC-SUB,uncued,RSC,24,0.020834
71,0,RSC-SUB,uncued,RSC,25,0.023566
71,0,RSC-SUB,uncued,RSC,26,0.025247
71,0,RSC-SUB,uncued,RSC,27,0.058893
71,0,RSC-SUB,uncued,RSC,28,0.098638
71,0,RSC-SUB,uncued,RSC,29,0.019758
71,0,RSC-SUB,uncued,RSC,30,0.030144
71,0,RSC-SUB,uncued,RSC,31,0.038185
71,0,RSC-SUB,uncued,RSC,32,0.016962
71,0,RSC-SUB,uncued,RSC,33,0.459581
71,0,RSC-SUB,uncued,RSC,34,0.072781
71,0,RSC-SUB,uncued,RSC,35,0.008518
71,0,RSC-SUB,uncued,RSC,36,0.685425
71,0,RSC-SUB,uncued,RSC,37,0.039084
71,0,RSC-SUB,uncued,RSC,38,0.01387
71,0,RSC-SUB,uncued,RSC,39,0.04459
71,0,RSC-SUB,uncued,RSC,40,0.021128
71,0,RSC-SUB,uncued,RSC,41,0.030107
71,0,RSC-SUB,uncued,RSC,42,0.045138
71,0,RSC-SUB,uncued,RSC,43,0.022105
71,0,RSC-SUB,uncued,RSC,44,0.018677
71,0,RSC-SUB,uncued,RSC,45,0.047066
71,0,RSC-SUB,uncued,RSC,46,0.03556
71,0,RSC-SUB,uncued,RSC,47,0.001834
71,0,RSC-SUB,uncued,RSC,48,0.026314
71,0,RSC-SUB,uncued,RSC,49,0.021753
71,0,RSC-SUB,uncued,RSC,50,0.010701
71,0,RSC-SUB,uncued,RSC,51,0.009865
71,0,RSC-SUB,uncued,RSC,52,0.014328
71,0,RSC-SUB,uncued,RSC,53,0.018899
71,0,RSC-SUB,uncued,RSC,54,0.685614
71,0,RSC-SUB,uncued,RSC,55,0.023341
71,0,RSC-SUB,uncued,RSC,56,0.014061
71,0,RSC-SUB,uncued,RSC,57,0.026555
71,0,RSC-SUB,uncued,RSC,58,0.025115
71,0,RSC-SUB,uncued,RSC,59,0.023109
71,0,RSC-SUB,uncued,RSC,60,0.031069
71,0,RSC-SUB,uncued,RSC,61,0.035998
71,0,RSC-SUB,uncued,RSC,62,0.691531
71,0,RSC-SUB,uncued,RSC,63,0.018026
71,0,RSC-SUB,uncued,RSC,64,0.012182
71,0,RSC-SUB,uncued,RSC,65,0.010416
71,0,RSC-SUB,uncued,RSC,66,0.138999
71,0,RSC-SUB,uncued,RSC,67,0.024289
71,0,RSC-SUB,uncued,RSC,68,0.027784
71,0,RSC-SUB,uncued,RSC,69,0.019904
71,0,RSC-SUB,uncued,RSC,70,0.027533
71,0,RSC-SUB,uncued,RSC,71,0.040119
71,0,RSC-SUB,uncued,RSC,72,0.006081
71,0,RSC-SUB,uncued,RSC,73,0.009026
71,0,RSC-SUB,uncued,RSC,74,0.002692
71,0,RSC-SUB,uncued,RSC,75,0.565336
71,0,RSC-SUB,uncued,RSC,76,0.013658
71,0,RSC-SUB,uncued,RSC,77,0.034698
71,0,RSC-SUB,uncued,RSC,78,0.017511
71,0,RSC-SUB,uncued,RSC,79,0.003547
71,0,RSC-SUB,uncued,RSC,80,0.072866
71,0,RSC-SUB,uncued,RSC,81,0.00404
71,0,RSC-SUB,uncued,RSC,82,0.072056
71,0,RSC-SUB,uncued,RSC,83,0.018427
71,0,RSC-SUB,uncued,RSC,84,0.043994
71,0,RSC-SUB,uncued,RSC,85,0.002211
71,0,RSC-SUB,uncued,RSC,86,0.029591
71,0,RSC-SUB,uncued,RSC,87,0.680783
71,0,RSC-SUB,uncued,RSC,88,0.043019
71,0,RSC-SUB,uncued,RSC,89,0.005016
71,0,RSC-SUB,uncued,RSC,90,0.052104
71,0,RSC-SUB,uncued,RSC,91,0.03007
71,0,RSC-SUB,uncued,RSC,92,0.615631
71,0,RSC-SUB,uncued,RSC,93,0.022653
71,0,RSC-SUB,uncued,RSC,94,0.014714
71,0,RSC-SUB,uncued,RSC,95,0.029899
71,0,RSC-SUB,uncued,RSC,96,0.012529
71,0,RSC-SUB,uncued,RSC,97,0.013752
71,0,RSC-SUB,uncued,RSC,98,0.027334
71,0,RSC-SUB,uncued,RSC,99,0.038567
71,0,RSC-SUB,uncued,RSC,100,0.051088
71,0,RSC-SUB,uncued,RSC,101,0.026434
71,0,RSC-SUB,uncued,RSC,102,0.035786
71,0,RSC-SUB,uncued,RSC,103,0.033693
71,0,RSC-SUB,uncued,RSC,104,0.030468
71,0,RSC-SUB,uncued,RSC,105,0.042631
71,0,RSC-SUB,uncued,RSC,106,0.023385
71,0,RSC-SUB,uncued,RSC,107,0.051149
71,0,RSC-SUB,uncued,RSC,108,0.014673
71,0,RSC-SUB,uncued,RSC,109,0.033365
71,0,RSC-SUB,uncued,RSC,110,0.017021
71,0,RSC-SUB,uncued,RSC,111,0.021745
71,0,RSC-SUB,uncued,RSC,112,0.028791
71,0,RSC-SUB,uncued,RSC,113,0.085737
71,0,RSC-SUB,uncued,RSC,114,0.550515
71,0,RSC-SUB,uncued,RSC,115,0.01268
71,0,RSC-SUB,uncued,RSC,116,0.007861
71,0,RSC-SUB,uncued,RSC,117,0.067491
71,0,RSC-SUB,uncued,RSC,118,0.687298
71,0,RSC-SUB,uncued,RSC,119,0.734926
71,0,RSC-SUB,uncued,RSC,120,0.001204
71,0,RSC-SUB,uncued,RSC,121,0.013389
71,0,RSC-SUB,uncued,RSC,122,0.515253
71,0,RSC-SUB,uncued,RSC,123,0.059124
71,0,RSC-SUB,uncued,RSC,124,0.002347
71,0,RSC-SUB,uncued,RSC,125,0.028618
71,0,RSC-SUB,uncued,RSC,126,0.015564
71,0,RSC-SUB,uncued,RSC,127,0.013358
71,0,RSC-SUB,uncued,RSC,128,0.0
71,0,RSC-SUB,uncued,SUB,0,0.280456
71,0,RSC-SUB,uncued,SUB,1,0.905061
71,0,RSC-SUB,uncued,SUB,2,0.043829
71,0,RSC-SUB,uncued,SUB,3,0.080966
71,0,RSC-SUB,uncued,SUB,4,0.0
71,0,RSC-SUB,uncued,SUB,5,0.178746
71,0,RSC-SUB,uncued,SUB,6,0.219145
71,0,RSC-SUB,uncued,SUB,7,0.181217
71,0,RSC-SUB,uncued,SUB,8,0.688006
71,0,RSC-SUB,uncued,SUB,9,0.825513
71,0,RSC-SUB,uncued,SUB,10,0.7927
71,0,RSC-SUB,uncued,SUB,11,0.754512
71,0,RSC-SUB,uncued,SUB,12,0.434955
71,0,RSC-SUB,uncued,SUB,13,0.085147
71,0,RSC-SUB,uncued,SUB,14,0.500694
71,0,RSC-SUB,uncued,SUB,15,0.809293
71,0,RSC-SUB,uncued,SUB,16,0.134782
71,0,RSC-SUB,uncued,SUB,17,0.272313
71,0,RSC-SUB,uncued,SUB,18,0.226594
71,0,RSC-SUB,uncued,SUB,19,0.356046
71,0,RSC-SUB,uncued,SUB,20,0.508617
71,0,RSC-SUB,uncued,SUB,21,0.607014
71,0,RSC-SUB,uncued,SUB,22,0.571298
71,0,RSC-SUB,uncued,SUB,23,0.920682
71,0,RSC-SUB,uncued,SUB,24,0.041706
71,0,RSC-SUB,uncued,SUB,25,0.093117
71,0,RSC-SUB,uncued,SUB,26,0.222767
71,0,RSC-SUB,uncued,SUB,27,0.233599
71,0,RSC-SUB,uncued,SUB,28,0.947705
71,0,RSC-SUB,uncued,SUB,29,0.911561
71,0,RSC-SUB,uncued,SUB,30,0.862395
71,0,RSC-SUB,uncued,SUB,31,0.387482
71,0,RSC-SUB,uncued,SUB,32,0.879147
71,0,RSC-SUB,uncued,SUB,33,0.427734
71,0,RSC-SUB,uncued,SUB,34,0.6273
71,0,RSC-SUB,uncued,SUB,35,0.790062
71,0,RSC-SUB,uncued,SUB,36,0.29826
71,0,RSC-SUB,uncued,SUB,37,0.942782
71,0,RSC-SUB,uncued,SUB,38,0.080722
71,0,RSC-SUB,uncued,SUB,39,0.023679
71,0,RSC-SUB,uncued,SUB,40,0.00818
71,0,RSC-SUB,cued,RSC,0,0.037414
71,0,RSC-SUB,cued,RSC,1,0.02429
71,0,RSC-SUB,cued,RSC,2,0.185827
71,0,RSC-SUB,cued,RSC,3,0.111672
71,0,RSC-SUB,cued,RSC,4,0.039224
71,0,RSC-SUB,cued,RSC,5,0.018378
71,0,RSC-SUB,cued,RSC,6,0.005179
71,0,RSC-SUB,cued,RSC,7,0.040434
71,0,RSC-SUB,cued,RSC,8,0.029035
71,0,RSC-SUB,cued,RSC,9,0.103077
71,0,RSC-SUB,cued,RSC,10,0.034471
71,0,RSC-SUB,cued,RSC,11,0.01649
71,0,RSC-SUB,cued,RSC,12,0.035311
71,0,RSC-SUB,cued,RSC,13,0.060464
71,0,RSC-SUB,cued,RSC,14,0.099153
71,0,RSC-SUB,cued,RSC,15,0.687097
71,0,RSC-SUB,cued,RSC,16,0.581073
71,0,RSC-SUB,cued,RSC,17,0.009495
71,0,RSC-SUB,cued,RSC,18,0.030326
71,0,RSC-SUB,cued,RSC,19,0.011917
71,0,RSC-SUB,cued,RSC,20,0.064807
71,0,RSC-SUB,cued,RSC,21,0.010361
71,0,RSC-SUB,cued,RSC,22,0.044113
71,0,RSC-SUB,cued,RSC,23,0.425078
71,0,RSC-SUB,cued,RSC,24,0.04166
71,0,RSC-SUB,cued,RSC,25,0.024144
71,0,RSC-SUB,cued,RSC,26,0.075803
71,0,RSC-SUB,cued,RSC,27,0.684752
71,0,RSC-SUB,cued,RSC,28,0.050096
71,0,RSC-SUB,cued,RSC,29,0.229731
71,0,RSC-SUB,cued,RSC,30,0.114769
71,0,RSC-SUB,cued,RSC,31,0.156558
71,0,RSC-SUB,cued,RSC,32,0.009111
71,0,RSC-SUB,cued,RSC,33,0.454393
71,0,RSC-SUB,cued,RSC,34,0.036097
71,0,RSC-SUB,cued,RSC,35,0.034093
71,0,RSC-SUB,cued,RSC,36,0.026696
71,0,RSC-SUB,cued,RSC,37,0.528781
71,0,RSC-SUB,cued,RSC,38,0.044941
71,0,RSC-SUB,cued,RSC,39,0.046849
71,0,RSC-SUB,cued,RSC,40,0.05202
71,0,RSC-SUB,cued,RSC,41,0.023663
71,0,RSC-SUB,cued,RSC,42,0.032411
71,0,RSC-SUB,cued,RSC,43,0.044299
71,0,RSC-SUB,cued,RSC,44,0.03228
71,0,RSC-SUB,cued,RSC,45,0.047912
71,0,RSC-SUB,cued,RSC,46,0.011369
71,0,RSC-SUB,cued,RSC,47,0.018867
71,0,RSC-SUB,cued,RSC,48,0.075577
71,0,RSC-SUB,cued,RSC,49,0.035159
71,0,RSC-SUB,cued,RSC,50,0.03112
71,0,RSC-SUB,cued,RSC,51,0.005076
71,0,RSC-SUB,cued,RSC,52,0.021394
71,0,RSC-SUB,cued,RSC,53,0.018245
71,0,RSC-SUB,cued,RSC,54,0.058965
71,0,RSC-SUB,cued,RSC,55,0.033056
71,0,RSC-SUB,cued,RSC,56,0.038824
71,0,RSC-SUB,cued,RSC,57,0.077652
71,0,RSC-SUB,cued,RSC,58,0.063998
71,0,RSC-SUB,cued,RSC,59,0.043273
71,0,RSC-SUB,cued,RSC,60,0.036127
71,0,RSC-SUB,cued,RSC,61,0.081654
71,0,RSC-SUB,cued,RSC,62,0.617806
71,0,RSC-SUB,cued,RSC,63,0.054185
71,0,RSC-SUB,cued,RSC,64,0.006624
71,0,RSC-SUB,cued,RSC,65,0.026219
71,0,RSC-SUB,cued,RSC,66,0.114159
71,0,RSC-SUB,cued,RSC,67,0.009901
71,0,RSC-SUB,cued,RSC,68,0.034926
71,0,RSC-SUB,cued,RSC,69,0.098151
71,0,RSC-SUB,cued,RSC,70,0.014687
71,0,RSC-SUB,cued,RSC,71,0.163736
71,0,RSC-SUB,cued,RSC,72,0.017834
71,0,RSC-SUB,cued,RSC,73,0.03168
71,0,RSC-SUB,cued,RSC,74,0.009676
71,0,RSC-SUB,cued,RSC,75,0.692388
71,0,RSC-SUB,cued,RSC,76,0.415434
71,0,RSC-SUB,cued,RSC,77,0.031749
71,0,RSC-SUB,cued,RSC,78,0.482036
71,0,RSC-SUB,cued,RSC,79,0.029887
71,0,RSC-SUB,cued,RSC,80,0.055856
71,0,RSC-SUB,cued,RSC,81,0.012731
71,0,RSC-SUB,cued,RSC,82,0.046728
71,0,RSC-SUB,cued,RSC,83,0.70001
71,0,RSC-SUB,cued,RSC,84,0.454273
71,0,RSC-SUB,cued,RSC,85,0.052019
71,0,RSC-SUB,cued,RSC,86,0.022372
71,0,RSC-SUB,cued,RSC,87,0.017198
71,0,RSC-SUB,cued,RSC,88,0.713306
71,0,RSC-SUB,cued,RSC,89,0.015461
71,0,RSC-SUB,cued,RSC,90,0.705528
71,0,RSC-SUB,cued,RSC,91,0.080024
71,0,RSC-SUB,cued,RSC,92,0.074383
71,0,RSC-SUB,cued,RSC,93,0.028219
71,0,RSC-SUB,cued,RSC,94,0.075079
71,0,RSC-SUB,cued,RSC,95,0.037668
71,0,RSC-SUB,cued,RSC,96,0.064184
71,0,RSC-SUB,cued,RSC,97,0.203143
71,0,RSC-SUB,cued,RSC,98,0.10502
71,0,RSC-SUB,cued,RSC,99,0.019398
71,0,RSC-SUB,cued,RSC,100,0.039705
71,0,RSC-SUB,cued,RSC,101,0.031726
71,0,RSC-SUB,cued,RSC,102,0.21264
71,0,RSC-SUB,cued,RSC,103,0.048177
71,0,RSC-SUB,cued,RSC,104,0.028344
71,0,RSC-SUB,cued,RSC,105,0.029256
71,0,RSC-SUB,cued,RSC,106,0.035535
71,0,RSC-SUB,cued,RSC,107,0.069015
71,0,RSC-SUB,cued,RSC,108,0.059611
71,0,RSC-SUB,cued,RSC,109,0.040985
71,0,RSC-SUB,cued,RSC,110,0.071486
71,0,RSC-SUB,cued,RSC,111,0.047884
71,0,RSC-SUB,cued,RSC,112,0.024912
71,0,RSC-SUB,cued,RSC,113,0.04158
71,0,RSC-SUB,cued,RSC,114,0.526308
71,0,RSC-SUB,cued,RSC,115,0.010241
71,0,RSC-SUB,cued,RSC,116,0.009591
71,0,RSC-SUB,cued,RSC,117,0.033133
71,0,RSC-SUB,cued,RSC,118,0.019232
71,0,RSC-SUB,cued,RSC,119,0.015757
71,0,RSC-SUB,cued,RSC,120,0.009946
71,0,RSC-SUB,cued,RSC,121,0.016233
71,0,RSC-SUB,cued,RSC,122,0.139141
71,0,RSC-SUB,cued,RSC,123,0.017239
71,0,RSC-SUB,cued,RSC,124,0.074868
71,0,RSC-SUB,cued,RSC,125,0.012336
71,0,RSC-SUB,cued,RSC,126,0.007002
71,0,RSC-SUB,cued,RSC,127,0.261706
71,0,RSC-SUB,cued,RSC,128,0.007416
71,0,RSC-SUB,cued,SUB,0,0.110603
71,0,RSC-SUB,cued,SUB,1,0.346751
71,0,RSC-SUB,cued,SUB,2,0.882259
71,0,RSC-SUB,cued,SUB,3,0.867744
71,0,RSC-SUB,cued,SUB,4,0.827987
71,0,RSC-SUB,cued,SUB,5,0.750042
71,0,RSC-SUB,cued,SUB,6,0.222531
71,0,RSC-SUB,cued,SUB,7,0.65498
71,0,RSC-SUB,cued,SUB,8,0.590099
71,0,RSC-SUB,cued,SUB,9,0.623115
71,0,RSC-SUB,cued,SUB,10,0.711082
71,0,RSC-SUB,cued,SUB,11,0.773491
71,0,RSC-SUB,cued,SUB,12,0.207855
71,0,RSC-SUB,cued,SUB,13,0.125364
71,0,RSC-SUB,cued,SUB,14,0.274007
71,0,RSC-SUB,cued,SUB,15,0.74345
71,0,RSC-SUB,cued,SUB,16,0.104545
71,0,RSC-SUB,cued,SUB,17,0.252164
71,0,RSC-SUB,cued,SUB,18,0.348513
71,0,RSC-SUB,cued,SUB,19,0.36725
71,0,RSC-SUB,cued,SUB,20,0.301254
71,0,RSC-SUB,cued,SUB,21,0.348989
71,0,RSC-SUB,cued,SUB,22,0.04738
71,0,RSC-SUB,cued,SUB,23,0.27216
71,0,RSC-SUB,cued,SUB,24,0.067366
71,0,RSC-SUB,cued,SUB,25,0.064422
71,0,RSC-SUB,cued,SUB,26,0.313766
71,0,RSC-SUB,cued,SUB,27,0.778559
71,0,RSC-SUB,cued,SUB,28,0.049839
71,0,RSC-SUB,cued,SUB,29,0.866547
71,0,RSC-SUB,cued,SUB,30,0.834954
71,0,RSC-SUB,cued,SUB,31,0.236531
71,0,RSC-SUB,cued,SUB,32,0.836668
71,0,RSC-SUB,cued,SUB,33,0.668334
71,0,RSC-SUB,cued,SUB,34,0.591333
71,0,RSC-SUB,cued,SUB,35,0.572776
71,0,RSC-SUB,cued,SUB,36,0.286545
71,0,RSC-SUB,cued,SUB,37,0.925298
71,0,RSC-SUB,cued,SUB,38,0.052228
71,0,RSC-SUB,cued,SUB,39,0.060153
71,0,RSC-SUB,cued,SUB,40,0.026822
71,0,V1-RSC,uncued,V1,0,0.854285
71,0,V1-RSC,uncued,V1,1,0.360924
71,0,V1-RSC,uncued,V1,2,0.244063
71,0,V1-RSC,uncued,V1,3,0.028753
71,0,V1-RSC,uncued,V1,4,0.904937
71,0,V1-RSC,uncued,V1,5,0.02477
71,0,V1-RSC,uncued,V1,6,0.037294
71,0,V1-RSC,uncued,V1,7,0.822233
71,0,V1-RSC,uncued,V1,8,0.858477
71,0,V1-RSC,uncued,V1,9,0.145709
71,0,V1-RSC,uncued,V1,10,0.071773
71,0,V1-RSC,uncued,V1,11,0.845514
71,0,V1-RSC,uncued,V1,12,0.244614
71,0,V1-RSC,uncued,V1,13,0.058991
71,0,V1-RSC,uncued,V1,14,0.130225
71,0,V1-RSC,uncued,V1,15,0.160206
71,0,V1-RSC,uncued,V1,16,0.854044
71,0,V1-RSC,uncued,V1,17,0.707939
71,0,V1-RSC,uncued,V1,18,0.868328
71,0,V1-RSC,uncued,V1,19,0.020209
71,0,V1-RSC,uncued,V1,20,0.183909
71,0,V1-RSC,uncued,V1,21,0.087273
71,0,V1-RSC,uncued,V1,22,0.025302
71,0,V1-RSC,uncued,V1,23,0.197887
71,0,V1-RSC,uncued,V1,24,0.141743
71,0,V1-RSC,uncued,V1,25,0.705272
71,0,V1-RSC,uncued,V1,26,0.076116
71,0,V1-RSC,uncued,V1,27,0.028946
71,0,V1-RSC,uncued,V1,28,0.076681
71,0,V1-RSC,uncued,V1,29,0.830908
71,0,V1-RSC,uncued,V1,30,0.016034
71,0,V1-RSC,uncued,V1,31,0.545593
71,0,V1-RSC,uncued,V1,32,0.009773
71,0,V1-RSC,uncued,V1,33,0.038162
71,0,V1-RSC,uncued,V1,34,0.047261
71,0,V1-RSC,uncued,V1,35,0.005416
71,0,V1-RSC,uncued,V1,36,0.058638
71,0,V1-RSC,uncued,V1,37,0.015998
71,0,V1-RSC,uncued,V1,38,0.090692
71,0,V1-RSC,uncued,V1,39,0.033913
71,0,V1-RSC,uncued,V1,40,0.846634
71,0,V1-RSC,uncued,V1,41,0.054372
71,0,V1-RSC,uncued,V1,42,0.098139
71,0,V1-RSC,uncued,V1,43,0.009739
71,0,V1-RSC,uncued,V1,44,0.01283
71,0,V1-RSC,uncued,V1,45,0.023861
71,0,V1-RSC,uncued,V1,46,0.053489
71,0,V1-RSC,uncued,V1,47,0.01664
71,0,V1-RSC,uncued,V1,48,0.010718
71,0,V1-RSC,uncued,V1,49,0.026089
71,0,V1-RSC,uncued,V1,50,0.031497
71,0,V1-RSC,uncued,V1,51,0.073558
71,0,V1-RSC,uncued,V1,52,0.809199
71,0,V1-RSC,uncued,V1,53,0.230721
71,0,V1-RSC,uncued,V1,54,0.079854
71,0,V1-RSC,uncued,V1,55,0.04271
71,0,V1-RSC,uncued,V1,56,0.017652
71,0,V1-RSC,uncued,V1,57,0.830809
71,0,V1-RSC,uncued,V1,58,0.840377
71,0,V1-RSC,uncued,V1,59,0.207568
71,0,V1-RSC,uncued,V1,60,0.016795
71,0,V1-RSC,uncued,V1,61,0.010385
71,0,V1-RSC,uncued,RSC,0,0.023443
71,0,V1-RSC,uncued,RSC,1,0.01983
71,0,V1-RSC,uncued,RSC,2,0.029851
71,0,V1-RSC,uncued,RSC,3,0.057659
71,0,V1-RSC,uncued,RSC,4,0.040399
71,0,V1-RSC,uncued,RSC,5,0.01277
71,0,V1-RSC,uncued,RSC,6,0.003432
71,0,V1-RSC,uncued,RSC,7,0.054599
71,0,V1-RSC,uncued,RSC,8,0.017144
71,0,V1-RSC,uncued,RSC,9,0.007178
71,0,V1-RSC,uncued,RSC,10,0.721713
71,0,V1-RSC,uncued,RSC,11,0.033164
71,0,V1-RSC,uncued,RSC,12,0.093934
71,0,V1-RSC,uncued,RSC,13,0.007686
71,0,V1-RSC,uncued,RSC,14,0.023465
71,0,V1-RSC,uncued,RSC,15,0.506873
71,0,V1-RSC,uncued,RSC,16,0.003307
71,0,V1-RSC,uncued,RSC,17,0.680539
71,0,V1-RSC,uncued,RSC,18,0.065867
71,0,V1-RSC,uncued,RSC,19,0.084101
71,0,V1-RSC,uncued,RSC,20,0.050672
71,0,V1-RSC,uncued,RSC,21,0.005308
71,0,V1-RSC,uncued,RSC,22,0.030388
71,0,V1-RSC,uncued,RSC,23,0.556505
71,0,V1-RSC,uncued,RSC,24,0.019317
71,0,V1-RSC,uncued,RSC,25,0.024489
71,0,V1-RSC,uncued,RSC,26,0.02447
71,0,V1-RSC,uncued,RSC,27,0.05973
71,0,V1-RSC,uncued,RSC,28,0.098927
71,0,V1-RSC,uncued,RSC,29,0.021322
71,0,V1-RSC,uncued,RSC,30,0.031785
71,0,V1-RSC,uncued,RSC,31,0.043746
71,0,V1-RSC,uncued,RSC,32,0.016549
71,0,V1-RSC,uncued,RSC,33,0.456572
71,0,V1-RSC,uncued,RSC,34,0.07269
71,0,V1-RSC,uncued,RSC,35,0.009078
71,0,V1-RSC,uncued,RSC,36,0.68111
71,0,V1-RSC,uncued,RSC,37,0.04587
71,0,V1-RSC,uncued,RSC,38,0.013541
71,0,V1-RSC,uncued,RSC,39,0.044042
71,0,V1-RSC,uncued,RSC,40,0.021615
71,0,V1-RSC,uncued,RSC,41,0.030324
71,0,V1-RSC,uncued,RSC,42,0.044893
71,0,V1-RSC,uncued,RSC,43,0.022901
71,0,V1-RSC,uncued,RSC,44,0.017894
71,0,V1-RSC,uncued,RSC,45,0.048556
71,0,V1-RSC,uncued,RSC,46,0.034878
71,0,V1-RSC,uncued,RSC,47,0.001989
71,0,V1-RSC,uncued,RSC,48,0.034868
71,0,V1-RSC,uncued,RSC,49,0.021875
71,0,V1-RSC,uncued,RSC,50,0.012076
71,0,V1-RSC,uncued,RSC,51,0.009887
71,0,V1-RSC,uncued,RSC,52,0.01414
71,0,V1-RSC,uncued,RSC,53,0.019139
71,0,V1-RSC,uncued,RSC,54,0.685755
71,0,V1-RSC,uncued,RSC,55,0.023268
71,0,V1-RSC,uncued,RSC,56,0.013981
71,0,V1-RSC,uncued,RSC,57,0.027747
71,0,V1-RSC,uncued,RSC,58,0.026699
71,0,V1-RSC,uncued,RSC,59,0.025438
71,0,V1-RSC,uncued,RSC,60,0.0322
71,0,V1-RSC,uncued,RSC,61,0.034576
71,0,V1-RSC,uncued,RSC,62,0.690877
71,0,V1-RSC,uncued,RSC,63,0.018055
71,0,V1-RSC,uncued,RSC,64,0.012559
71,0,V1-RSC,uncued,RSC,65,0.011552
71,0,V1-RSC,uncued,RSC,66,0.136473
71,0,V1-RSC,uncued,RSC,67,0.024416
71,0,V1-RSC,uncued,RSC,68,0.027669
71,0,V1-RSC,uncued,RSC,69,0.019492
71,0,V1-RSC,uncued,RSC,70,0.027652
71,0,V1-RSC,uncued,RSC,71,0.049831
71,0,V1-RSC,uncued,RSC,72,0.006501
71,0,V1-RSC,uncued,RSC,73,0.009023
71,0,V1-RSC,uncued,RSC,74,0.002569
71,0,V1-RSC,uncued,RSC,75,0.564813
71,0,V1-RSC,uncued,RSC,76,0.014001
71,0,V1-RSC,uncued,RSC,77,0.035712
71,0,V1-RSC,uncued,RSC,78,0.018203
71,0,V1-RSC,uncued,RSC,79,0.003676
71,0,V1-RSC,uncued,RSC,80,0.078892
71,0,V1-RSC,uncued,RSC,81,0.004472
71,0,V1-RSC,uncued,RSC,82,0.068648
71,0,V1-RSC,uncued,RSC,83,0.023894
71,0,V1-RSC,uncued,RSC,84,0.0508
71,0,V1-RSC,uncued,RSC,85,0.002228
71,0,V1-RSC,uncued,RSC,86,0.030016
71,0,V1-RSC,uncued,RSC,87,0.672383
71,0,V1-RSC,uncued,RSC,88,0.042505
71,0,V1-RSC,uncued,RSC,89,0.005125
71,0,V1-RSC,uncued,RSC,90,0.051939
71,0,V1-RSC,uncued,RSC,91,0.030069
71,0,V1-RSC,uncued,RSC,92,0.615105
71,0,V1-RSC,uncued,RSC,93,0.021437
71,0,V1-RSC,uncued,RSC,94,0.016818
71,0,V1-RSC,uncued,RSC,95,0.030312
71,0,V1-RSC,uncued,RSC,96,0.013006
71,0,V1-RSC,uncued,RSC,97,0.014199
71,0,V1-RSC,uncued,RSC,98,0.027935
71,0,V1-RSC,uncued,RSC,99,0.037552
71,0,V1-RSC,uncued,RSC,100,0.055549
71,0,V1-RSC,uncued,RSC,101,0.027792
71,0,V1-RSC,uncued,RSC,102,0.037884
71,0,V1-RSC,uncued,RSC,103,0.033823
71,0,V1-RSC,uncued,RSC,104,0.031348
71,0,V1-RSC,uncued,RSC,105,0.044986
71,0,V1-RSC,uncued,RSC,106,0.021406
71,0,V1-RSC,uncued,RSC,107,0.061293
71,0,V1-RSC,uncued,RSC,108,0.018748
71,0,V1-RSC,uncued,RSC,109,0.031876
71,0,V1-RSC,uncued,RSC,110,0.016681
71,0,V1-RSC,uncued,RSC,111,0.020211
71,0,V1-RSC,uncued,RSC,112,0.030604
71,0,V1-RSC,uncued,RSC,113,0.085458
71,0,V1-RSC,uncued,RSC,114,0.5503
71,0,V1-RSC,uncued,RSC,115,0.013139
71,0,V1-RSC,uncued,RSC,116,0.007737
71,0,V1-RSC,uncued,RSC,117,0.070101
71,0,V1-RSC,uncued,RSC,118,0.687549
71,0,V1-RSC,uncued,RSC,119,0.733377
71,0,V1-RSC,uncued,RSC,120,0.001334
71,0,V1-RSC,uncued,RSC,121,0.017253
71,0,V1-RSC,uncued,RSC,122,0.514778
71,0,V1-RSC,uncued,RSC,123,0.055518
71,0,V1-RSC,uncued,RSC,124,0.002398
71,0,V1-RSC,uncued,RSC,125,0.029724
71,0,V1-RSC,uncued,RSC,126,0.015753
71,0,V1-RSC,uncued,RSC,127,0.014116
71,0,V1-RSC,uncued,RSC,128,0.0
71,0,V1-RSC,cued,V1,0,0.37082
71,0,V1-RSC,cued,V1,1,0.575036
71,0,V1-RSC,cued,V1,2,0.123088
71,0,V1-RSC,cued,V1,3,0.071091
71,0,V1-RSC,cued,V1,4,0.757101
71,0,V1-RSC,cued,V1,5,0.126926
71,0,V1-RSC,cued,V1,6,0.161364
71,0,V1-RSC,cued,V1,7,0.195757
71,0,V1-RSC,cued,V1,8,0.178475
71,0,V1-RSC,cued,V1,9,0.180571
71,0,V1-RSC,cued,V1,10,0.061503
71,0,V1-RSC,cued,V1,11,0.451981
71,0,V1-RSC,cued,V1,12,0.232955
71,0,V1-RSC,cued,V1,13,0.111694
71,0,V1-RSC,cued,V1,14,0.187446
71,0,V1-RSC,cued,V1,15,0.485124
71,0,V1-RSC,cued,V1,16,0.407562
71,0,V1-RSC,cued,V1,17,0.58
71,0,V1-RSC,cued,V1,18,0.488391
71,0,V1-RSC,cued,V1,19,0.060312
71,0,V1-RSC,cued,V1,20,0.097086
71,0,V1-RSC,cued,V1,21,0.071874
71,0,V1-RSC,cued,V1,22,0.146846
71,0,V1-RSC,cued,V1,23,0.162858
71,0,V1-RSC,cued,V1,24,0.094419
71,0,V1-RSC,cued,V1,25,0.157549
71,0,V1-RSC,cued,V1,26,0.272617
71,0,V1-RSC,cued,V1,27,0.039588
71,0,V1-RSC,cued,V1,28,0.425704
71,0,V1-RSC,cued,V1,29,0.787628
71,0,V1-RSC,cued,V1,30,0.073979
71,0,V1-RSC,cued,V1,31,0.573232
71,0,V1-RSC,cued,V1,32,0.054079
71,0,V1-RSC,cued,V1,33,0.027593
71,0,V1-RSC,cued,V1,34,0.536201
71,0,V1-RSC,cued,V1,35,0.023817
71,0,V1-RSC,cued,V1,36,0.781959
71,0,V1-RSC,cued,V1,37,0.020076
71,0,V1-RSC,cued,V1,38,0.088227
71,0,V1-RSC,cued,V1,39,0.058643
71,0,V1-RSC,cued,V1,40,0.733687
71,0,V1-RSC,cued,V1,41,0.143408
71,0,V1-RSC,cued,V1,42,0.174672
71,0,V1-RSC,cued,V1,43,0.042844
71,0,V1-RSC,cued,V1,44,0.019165
71,0,V1-RSC,cued,V1,45,0.199314
71,0,V1-RSC,cued,V1,46,0.615916
71,0,V1-RSC,cued,V1,47,0.04885
71,0,V1-RSC,cued,V1,48,0.026335
71,0,V1-RSC,cued,V1,49,0.030173
71,0,V1-RSC,cued,V1,50,0.056852
71,0,V1-RSC,cued,V1,51,0.662896
71,0,V1-RSC,cued,V1,52,0.483998
71,0,V1-RSC,cued,V1,53,0.156932
71,0,V1-RSC,cued,V1,54,0.134315
71,0,V1-RSC,cued,V1,55,0.306077
71,0,V1-RSC,cued,V1,56,0.555742
71,0,V1-RSC,cued,V1,57,0.761101
71,0,V1-RSC,cued,V1,58,0.772521
71,0,V1-RSC,cued,V1,59,0.232661
71,0,V1-RSC,cued,V1,60,0.005708
71,0,V1-RSC,cued,V1,61,0.182331
71,0,V1-RSC,cued,RSC,0,0.036347
71,0,V1-RSC,cued,RSC,1,0.024051
71,0,V1-RSC,cued,RSC,2,0.182113
71,0,V1-RSC,cued,RSC,3,0.122291
71,0,V1-RSC,cued,RSC,4,0.043312
71,0,V1-RSC,cued,RSC,5,0.018087
71,0,V1-RSC,cued,RSC,6,0.005706
71,0,V1-RSC,cued,RSC,7,0.043731
71,0,V1-RSC,cued,RSC,8,0.027981
71,0,V1-RSC,cued,RSC,9,0.106331
71,0,V1-RSC,cued,RSC,10,0.033879
71,0,V1-RSC,cued,RSC,11,0.015002
71,0,V1-RSC,cued,RSC,12,0.03424
71,0,V1-RSC,cued,RSC,13,0.06147
71,0,V1-RSC,cued,RSC,14,0.114046
71,0,V1-RSC,cued,RSC,15,0.683142
71,0,V1-RSC,cued,RSC,16,0.580367
71,0,V1-RSC,cued,RSC,17,0.011129
71,0,V1-RSC,cued,RSC,18,0.030925
71,0,V1-RSC,cued,RSC,19,0.012346
71,0,V1-RSC,cued,RSC,20,0.071387
71,0,V1-RSC,cued,RSC,21,0.008272
71,0,V1-RSC,cued,RSC,22,0.044298
71,0,V1-RSC,cued,RSC,23,0.424966
71,0,V1-RSC,cued,RSC,24,0.042066
71,0,V1-RSC,cued,RSC,25,0.026911
71,0,V1-RSC,cued,RSC,26,0.066097
71,0,V1-RSC,cued,RSC,27,0.68572
71,0,V1-RSC,cued,RSC,28,0.051631
71,0,V1-RSC,cued,RSC,29,0.211326
71,0,V1-RSC,cued,RSC,30,0.111777
71,0,V1-RSC,cued,RSC,31,0.159392
71,0,V1-RSC,cued,RSC,32,0.009665
71,0,V1-RSC,cued,RSC,33,0.454072
71,0,V1-RSC,cued,RSC,34,0.037524
71,0,V1-RSC,cued,RSC,35,0.035593
71,0,V1-RSC,cued,RSC,36,0.033333
71,0,V1-RSC,cued,RSC,37,0.516887
71,0,V1-RSC,cued,RSC,38,0.047796
71,0,V1-RSC,cued,RSC,39,0.048373
71,0,V1-RSC,cued,RSC,40,0.048308
71,0,V1-RSC,cued,RSC,41,0.022477
71,0,V1-RSC,cued,RSC,42,0.032771
71,0,V1-RSC,cued,RSC,43,0.044879
71,0,V1-RSC,cued,RSC,44,0.033225
71,0,V1-RSC,cued,RSC,45,0.04956
71,0,V1-RSC,cued,RSC,46,0.010974
71,0,V1-RSC,cued,RSC,47,0.022371
71,0,V1-RSC,cued,RSC,48,0.082817
71,0,V1-RSC,cued,RSC,49,0.03536
71,0,V1-RSC,cued,RSC,50,0.032538
71,0,V1-RSC,cued,RSC,51,0.005182
71,0,V1-RSC,cued,RSC,52,0.021281
71,0,V1-RSC,cued,RSC,53,0.019401
71,0,V1-RSC,cued,RSC,54,0.058199
71,0,V1-RSC,cued,RSC,55,0.032816
71,0,V1-RSC,cued,RSC,56,0.03908
71,0,V1-RSC,cued,RSC,57,0.073123
71,0,V1-RSC,cued,RSC,58,0.062568
71,0,V1-RSC,cued,RSC,59,0.042571
71,0,V1-RSC,cued,RSC,60,0.032159
71,0,V1-RSC,cued,RSC,61,0.07976
71,0,V1-RSC,cued,RSC,62,0.617191
71,0,V1-RSC,cued,RSC,63,0.054606
71,0,V1-RSC,cued,RSC,64,0.006801
71,0,V1-RSC,cued,RSC,65,0.025774
71,0,V1-RSC,cued,RSC,66,0.111079
71,0,V1-RSC,cued,RSC,67,0.009023
71,0,V1-RSC,cued,RSC,68,0.032406
71,0,V1-RSC,cued,RSC,69,0.094234
71,0,V1-RSC,cued,RSC,70,0.014652
71,0,V1-RSC,cued,RSC,71,0.161185
71,0,V1-RSC,cued,RSC,72,0.018749
71,0,V1-RSC,cued,RSC,73,0.03103
71,0,V1-RSC,cued,RSC,74,0.011209
71,0,V1-RSC,cued,RSC,75,0.691403
71,0,V1-RSC,cued,RSC,76,0.414716
71,0,V1-RSC,cued,RSC,77,0.032703
71,0,V1-RSC,cued,RSC,78,0.481544
71,0,V1-RSC,cued,RSC,79,0.030602
71,0,V1-RSC,cued,RSC,80,0.057058
71,0,V1-RSC,cued,RSC,81,0.012986
71,0,V1-RSC,cued,RSC,82,0.0496
71,0,V1-RSC,cued,RSC,83,0.693746
71,0,V1-RSC,cued,RSC,84,0.452998
71,0,V1-RSC,cued,RSC,85,0.051533
71,0,V1-RSC,cued,RSC,86,0.022929
71,0,V1-RSC,cued,RSC,87,0.016329
71,0,V1-RSC,cued,RSC,88,0.7081
71,0,V1-RSC,cued,RSC,89,0.016151
71,0,V1-RSC,cued,RSC,90,0.704071
71,0,V1-RSC,cued,RSC,91,0.080245
71,0,V1-RSC,cued,RSC,92,0.074726
71,0,V1-RSC,cued,RSC,93,0.026092
71,0,V1-RSC,cued,RSC,94,0.079132
71,0,V1-RSC,cued,RSC,95,0.038045
71,0,V1-RSC,cued,RSC,96,0.060252
71,0,V1-RSC,cued,RSC,97,0.195058
71,0,V1-RSC,cued,RSC,98,0.102857
71,0,V1-RSC,cued,RSC,99,0.018581
71,0,V1-RSC,cued,RSC,100,0.038456
71,0,V1-RSC,cued,RSC,101,0.031568
71,0,V1-RSC,cued,RSC,102,0.218572
71,0,V1-RSC,cued,RSC,103,0.05103
71,0,V1-RSC,cued,RSC,104,0.028529
71,0,V1-RSC,cued,RSC,105,0.029689
71,0,V1-RSC,cued,RSC,106,0.037494
71,0,V1-RSC,cued,RSC,107,0.076583
71,0,V1-RSC,cued,RSC,108,0.058698
71,0,V1-RSC,cued,RSC,109,0.040361
71,0,V1-RSC,cued,RSC,110,0.075513
71,0,V1-RSC,cued,RSC,111,0.047933
71,0,V1-RSC,cued,RSC,112,0.022712
71,0,V1-RSC,cued,RSC,113,0.041342
71,0,V1-RSC,cued,RSC,114,0.5268
71,0,V1-RSC,cued,RSC,115,0.011062
71,0,V1-RSC,cued,RSC,116,0.010254
71,0,V1-RSC,cued,RSC,117,0.033303
71,0,V1-RSC,cued,RSC,118,0.021202
71,0,V1-RSC,cued,RSC,119,0.015758
71,0,V1-RSC,cued,RSC,120,0.00979
71,0,V1-RSC,cued,RSC,121,0.017322
71,0,V1-RSC,cued,RSC,122,0.121221
71,0,V1-RSC,cued,RSC,123,0.017752
71,0,V1-RSC,cued,RSC,124,0.080031
71,0,V1-RSC,cued,RSC,125,0.012708
71,0,V1-RSC,cued,RSC,126,0.007516
71,0,V1-RSC,cued,RSC,127,0.288394
71,0,V1-RSC,cued,RSC,128,0.006948
73,1,CA1-RSC,uncued,CA1,0,0.01171
73,1,CA1-RSC,uncued,CA1,1,0.026933
73,1,CA1-RSC,uncued,CA1,2,0.01895
73,1,CA1-RSC,uncued,CA1,3,0.912942
73,1,CA1-RSC,uncued,CA1,4,0.038493
73,1,CA1-RSC,uncued,CA1,5,0.027083
73,1,CA1-RSC,uncued,CA1,6,0.933162
73,1,CA1-RSC,uncued,CA1,7,0.728319
73,1,CA1-RSC,uncued,CA1,8,1.119702
73,1,CA1-RSC,uncued,CA1,9,1.259318
73,1,CA1-RSC,uncued,CA1,10,1.15546
73,1,CA1-RSC,uncued,CA1,11,1.383523
73,1,CA1-RSC,uncued,CA1,12,0.027642
73,1,CA1-RSC,uncued,CA1,13,0.010387
73,1,CA1-RSC,uncued,CA1,14,0.14639
73,1,CA1-RSC,uncued,CA1,15,0.015684
73,1,CA1-RSC,uncued,CA1,16,0.017161
73,1,CA1-RSC,uncued,CA1,17,1.366537
73,1,CA1-RSC,uncued,CA1,18,1.0829
73,1,CA1-RSC,uncued,CA1,19,1.147495
73,1,CA1-RSC,uncued,CA1,20,0.962334
73,1,CA1-RSC,uncued,CA1,21,1.347994
73,1,CA1-RSC,uncued,CA1,22,0.759024
73,1,CA1-RSC,uncued,CA1,23,0.945729
73,1,CA1-RSC,uncued,CA1,24,0.045263
73,1,CA1-RSC,uncued,CA1,25,0.647627
73,1,CA1-RSC,uncued,RSC,0,0.093455
73,1,CA1-RSC,uncued,RSC,1,0.097396
73,1,CA1-RSC,uncued,RSC,2,0.738797
73,1,CA1-RSC,uncued,RSC,3,0.072532
73,1,CA1-RSC,uncued,RSC,4,0.097649
73,1,CA1-RSC,uncued,RSC,5,0.764864
73,1,CA1-RSC,uncued,RSC,6,0.019056
73,1,CA1-RSC,uncued,RSC,7,0.019618
73,1,CA1-RSC,uncued,RSC,8,0.031933
73,1,CA1-RSC,uncued,RSC,9,0.014213
73,1,CA1-RSC,uncued,RSC,10,0.023641
73,1,CA1-RSC,uncued,RSC,11,0.007071
73,1,CA1-RSC,uncued,RSC,12,0.022683
73,1,CA1-RSC,uncued,RSC,13,0.048925
73,1,CA1-RSC,uncued,RSC,14,0.141074
73,1,CA1-RSC,uncued,RSC,15,0.651335
73,1,CA1-RSC,uncued,RSC,16,0.793176
73,1,CA1-RSC,uncued,RSC,17,0.031274
73,1,CA1-RSC,uncued,RSC,18,0.069689
73,1,CA1-RSC,uncued,RSC,19,0.007168
73,1,CA1-RSC,uncued,RSC,20,0.012726
73,1,CA1-RSC,uncued,RSC,21,0.01045
73,1,CA1-RSC,uncued,RSC,22,0.118373
73,1,CA1-RSC,uncued,RSC,23,0.057924
73,1,CA1-RSC,uncued,RSC,24,0.010289
73,1,CA1-RSC,uncued,RSC,25,0.052731
73,1,CA1-RSC,uncued,RSC,26,0.026739
73,1,CA1-RSC,uncued,RSC,27,0.005261
73,1,CA1-RSC,uncued,RSC,28,0.00151
73,1,CA1-RSC,uncued,RSC,29,0.037412
73,1,CA1-RSC,uncued,RSC,30,0.051429
73,1,CA1-RSC,uncued,RSC,31,0.222417
73,1,CA1-RSC,uncued,RSC,32,0.019807
73,1,CA1-RSC,uncued,RSC,33,0.038531
73,1,CA1-RSC,uncued,RSC,34,0.034435
73,1,CA1-RSC,uncued,RSC,35,0.775916
73,1,CA1-RSC,uncued,RSC,36,0.019127
73,1,CA1-RSC,uncued,RSC,37,0.045208
73,1,CA1-RSC,uncued,RSC,38,0.013774
73,1,CA1-RSC,uncued,RSC,39,0.081805
73,1,CA1-RSC,uncued,RSC,40,0.803952
73,1,CA1-RSC,uncued,RSC,41,0.80324
73,1,CA1-RSC,uncued,RSC,42,0.03561
73,1,CA1-RSC,uncued,RSC,43,0.797661
73,1,CA1-RSC,uncued,RSC,44,0.020402
73,1,CA1-RSC,uncued,RSC,45,0.015258
73,1,CA1-RSC,uncued,RSC,46,0.677239
73,1,CA1-RSC,uncued,RSC,47,0.432952
73,1,CA1-RSC,uncued,RSC,48,0.622305
73,1,CA1-RSC,uncued,RSC,49,0.021406
73,1,CA1-RSC,uncued,RSC,50,0.689894
73,1,CA1-RSC,uncued,RSC,51,0.000478
73,1,CA1-RSC,uncued,RSC,52,0.000175
73,1,CA1-RSC,uncued,RSC,53,0.747402
73,1,CA1-RSC,uncued,RSC,54,0.631725
73,1,CA1-RSC,uncued,RSC,55,0.03356
73,1,CA1-RSC,uncued,RSC,56,0.150695
73,1,CA1-RSC,uncued,RSC,57,0.302053
73,1,CA1-RSC,uncued,RSC,58,0.02685
73,1,CA1-RSC,uncued,RSC,59,0.087027
73,1,CA1-RSC,uncued,RSC,60,0.092279
73,1,CA1-RSC,uncued,RSC,61,0.751688
73,1,CA1-RSC,uncued,RSC,62,0.032942
73,1,CA1-RSC,uncued,RSC,63,0.757452
73,1,CA1-RSC,cued,CA1,0,0.004788
73,1,CA1-RSC,cued,CA1,1,0.063972
73,1,CA1-RSC,cued,CA1,2,0.053338
73,1,CA1-RSC,cued,CA1,3,0.977939
73,1,CA1-RSC,cued,CA1,4,0.977643
73,1,CA1-RSC,cued,CA1,5,0.08078
73,1,CA1-RSC,cued,CA1,6,0.947315
73,1,CA1-RSC,cued,CA1,7,0.652109
73,1,CA1-RSC,cued,CA1,8,1.088317
73,1,CA1-RSC,cued,CA1,9,1.101444
73,1,CA1-RSC,cued,CA1,10,1.04652
73,1,CA1-RSC,cued,CA1,11,1.132096
73,1,CA1-RSC,cued,CA1,12,0.024229
73,1,CA1-RSC,cued,CA1,13,0.006908
73,1,CA1-RSC,cued,CA1,14,0.048657
73,1,CA1-RSC,cued,CA1,15,0.038663
73,1,CA1-RSC,cued,CA1,16,0.011782
73,1,CA1-RSC,cued,CA1,17,0.026264
73,1,CA1-RSC,cued,CA1,18,1.056523
73,1,CA1-RSC,cued,CA1,19,1.064636
73,1,CA1-RSC,cued,CA1,20,1.073239
73,1,CA1-RSC,cued,CA1,21,1.303045
73,1,CA1-RSC,cued,CA1,22,0.875979
73,1,CA1-RSC,cued,CA1,23,0.110398
73,1,CA1-RSC,cued,CA1,24,1.258404
73,1,CA1-RSC,cued,CA1,25,1.483209
73,1,CA1-RSC,cued,RSC,0,0.083365
73,1,CA1-RSC,cued,RSC,1,0.011818
73,1,CA1-RSC,cued,RSC,2,0.103227
73,1,CA1-RSC,cued,RSC,3,0.118057
73,1,CA1-RSC,cued,RSC,4,0.785612
73,1,CA1-RSC,cued,RSC,5,0.638787
73,1,CA1-RSC,cued,RSC,6,0.018419
73,1,CA1-RSC,cued,RSC,7,0.015896
73,1,CA1-RSC,cued,RSC,8,0.064369
73,1,CA1-RSC,cued,RSC,9,0.026839
73,1,CA1-RSC,cued,RSC,10,0.521886
73,1,CA1-RSC,cued,RSC,11,0.004352
73,1,CA1-RSC,cued,RSC,12,0.019992
73,1,CA1-RSC,cued,RSC,13,0.122656
73,1,CA1-RSC,cued,RSC,14,0.186682
73,1,CA1-RSC,cued,RSC,15,0.537606
73,1,CA1-RSC,cued,RSC,16,0.739426
73,1,CA1-RSC,cued,RSC,17,0.065033
73,1,CA1-RSC,cued,RSC,18,0.769065
73,1,CA1-RSC,cued,RSC,19,0.014577
73,1,CA1-RSC,cued,RSC,20,0.009126
73,1,CA1-RSC,cued,RSC,21,0.010209
73,1,CA1-RSC,cued,RSC,22,0.016004
73,1,CA1-RSC,cued,RSC,23,0.11734
73,1,CA1-RSC,cued,RSC,24,0.004985
73,1,CA1-RSC,cued,RSC,25,0.046194
73,1,CA1-RSC,cued,RSC,26,0.041043
73,1,CA1-RSC,cued,RSC,27,0.791503
73,1,CA1-RSC,cued,RSC,28,0.001168
73,1,CA1-RSC,cued,RSC,29,0.085144
73,1,CA1-RSC,cued,RSC,30,0.04045
73,1,CA1-RSC,cued,RSC,31,0.675288
73,1,CA1-RSC,cued,RSC,32,0.062908
73,1,CA1-RSC,cued,RSC,33,0.079681
73,1,CA1-RSC,cued,RSC,34,0.130085
73,1,CA1-RSC,cued,RSC,35,0.743895
73,1,CA1-RSC,cued,RSC,36,0.353553
73,1,CA1-RSC,cued,RSC,37,0.053933
73,1,CA1-RSC,cued,RSC,38,0.01917
73,1,CA1-RSC,cued,RSC,39,0.049149
73,1,CA1-RSC,cued,RSC,40,0.090638
73,1,CA1-RSC,cued,RSC,41,0.039677
73,1,CA1-RSC,cued,RSC,42,0.03173
73,1,CA1-RSC,cued,RSC,43,0.034008
73,1,CA1-RSC,cued,RSC,44,0.034992
73,1,CA1-RSC,cued,RSC,45,0.080338
73,1,CA1-RSC,cued,RSC,46,0.049721
73,1,CA1-RSC,cued,RSC,47,0.080055
73,1,CA1-RSC,cued,RSC,48,0.152728
73,1,CA1-RSC,cued,RSC,49,0.034882
73,1,CA1-RSC,cued,RSC,50,0.021398
73,1,CA1-RSC,cued,RSC,51,0.00037
73,1,CA1-RSC,cued,RSC,52,0.000136
73,1,CA1-RSC,cued,RSC,53,0.70221
73,1,CA1-RSC,cued,RSC,54,0.748267
73,1,CA1-RSC,cued,RSC,55,0.038474
73,1,CA1-RSC,cued,RSC,56,0.046431
73,1,CA1-RSC,cued,RSC,57,0.771058
73,1,CA1-RSC,cued,RSC,58,0.036271
73,1,CA1-RSC,cued,RSC,59,0.683368
73,1,CA1-RSC,cued,RSC,60,0.26134
73,1,CA1-RSC,cued,RSC,61,0.573909
73,1,CA1-RSC,cued,RSC,62,0.75835
73,1,CA1-RSC,cued,RSC,63,0.532422
73,1,CA1-DG,uncued,CA1,0,0.002913
73,1,CA1-DG,uncued,CA1,1,0.024783
73,1,CA1-DG,uncued,CA1,2,0.002664
73,1,CA1-DG,uncued,CA1,3,0.912232
73,1,CA1-DG,uncued,CA1,4,0.038237
73,1,CA1-DG,uncued,CA1,5,0.029443
73,1,CA1-DG,uncued,CA1,6,0.934545
73,1,CA1-DG,uncued,CA1,7,0.730428
73,1,CA1-DG,uncued,CA1,8,1.122196
73,1,CA1-DG,uncued,CA1,9,1.261722
73,1,CA1-DG,uncued,CA1,10,1.168736
73,1,CA1-DG,uncued,CA1,11,1.392884
73,1,CA1-DG,uncued,CA1,12,0.013594
73,1,CA1-DG,uncued,CA1,13,0.00786
73,1,CA1-DG,uncued,CA1,14,0.126522
73,1,CA1-DG,uncued,CA1,15,0.016751
73,1,CA1-DG,uncued,CA1,16,0.009711
73,1,CA1-DG,uncued,CA1,17,1.369145
73,1,CA1-DG,uncued,CA1,18,1.080992
73,1,CA1-DG,uncued,CA1,19,1.149223
73,1,CA1-DG,uncued,CA1,20,0.96322
73,1,CA1-DG,uncued,CA1,21,1.350754
73,1,CA1-DG,uncued,CA1,22,0.75974
73,1,CA1-DG,uncued,CA1,23,0.946021
73,1,CA1-DG,uncued,CA1,24,0.049368
73,1,CA1-DG,uncued,CA1,25,0.648229
73,1,CA1-DG,uncued,DG,0,1.050321
73,1,CA1-DG,uncued,DG,1,0.621376
73,1,CA1-DG,uncued,DG,2,0.003039
73,1,CA1-DG,uncued,DG,3,0.015996
73,1,CA1-DG,uncued,DG,4,0.010325
73,1,CA1-DG,uncued,DG,5,0.007493
73,1,CA1-DG,uncued,DG,6,0.136453
73,1,CA1-DG,uncued,DG,7,0.048458
73,1,CA1-DG,uncued,DG,8,0.88427
73,1,CA1-DG,uncued,DG,9,0.030427
73,1,CA1-DG,uncued,DG,10,1.047533
73,1,CA1-DG,uncued,DG,11,1.157065
73,1,CA1-DG,uncued,DG,12,0.026995
73,1,CA1-DG,uncued,DG,13,1.028119
73,1,CA1-DG,uncued,DG,14,1.045877
73,1,CA1-DG,uncued,DG,15,0.966132
73,1,CA1-DG,uncued,DG,16,0.993819
73,1,CA1-DG,uncued,DG,17,0.74235
73,1,CA1-DG,uncued,DG,18,1.128931
73,1,CA1-DG,uncued,DG,19,0.711642
73,1,CA1-DG,uncued,DG,20,0.016631
73,1,CA1-DG,uncued,DG,21,0.661909
73,1,CA1-DG,uncued,DG,22,1.196243
73,1,CA1-DG,uncued,DG,23,0.010576
73,1,CA1-DG,uncued,DG,24,0.030432
73,1,CA1-DG,uncued,DG,25,0.002505
73,1,CA1-DG,uncued,DG,26,0.081526
73,1,CA1-DG,uncued,DG,27,1.320256
73,1,CA1-DG,uncued,DG,28,0.704897
73,1,CA1-DG,cued,CA1,0,0.0
73,1,CA1-DG,cued,CA1,1,0.064313
73,1,CA1-DG,cued,CA1,2,0.04693
73,1,CA1-DG,cued,CA1,3,0.97899
73,1,CA1-DG,cued,CA1,4,0.981714
73,1,CA1-DG,cued,CA1,5,0.079105
73,1,CA1-DG,cued,CA1,6,0.948496
73,1,CA1-DG,cued,CA1,7,0.65413
73,1,CA1-DG,cued,CA1,8,1.089416
73,1,CA1-DG,cued,CA1,9,1.104003
73,1,CA1-DG,cued,CA1,10,1.052129
73,1,CA1-DG,cued,CA1,11,1.135877
73,1,CA1-DG,cued,CA1,12,0.029529
73,1,CA1-DG,cued,CA1,13,0.00723
73,1,CA1-DG,cued,CA1,14,0.051191
73,1,CA1-DG,cued,CA1,15,0.042863
73,1,CA1-DG,cued,CA1,16,0.012603
73,1,CA1-DG,cued,CA1,17,0.026384
73,1,CA1-DG,cued,CA1,18,1.054342
73,1,CA1-DG,cued,CA1,19,1.065459
73,1,CA1-DG,cued,CA1,20,1.074281
73,1,CA1-DG,cued,CA1,21,1.305876
73,1,CA1-DG,cued,CA1,22,0.876796
73,1,CA1-DG,cued,CA1,23,0.113098
73,1,CA1-DG,cued,CA1,24,1.262427
73,1,CA1-DG,cued,CA1,25,1.484586
73,1,CA1-DG,cued,DG,0,1.013452
73,1,CA1-DG,cued,DG,1,0.164498
73,1,CA1-DG,cued,DG,2,0.004132
73,1,CA1-DG,cued,DG,3,0.008085
73,1,CA1-DG,cued,DG,4,0.008318
73,1,CA1-DG,cued,DG,5,0.006673
73,1,CA1-DG,cued,DG,6,0.713643
73,1,CA1-DG,cued,DG,7,0.016676
73,1,CA1-DG,cued,DG,8,0.057912
73,1,CA1-DG,cued,DG,9,0.661883
73,1,CA1-DG,cued,DG,10,1.007215
73,1,CA1-DG,cued,DG,11,1.075189
73,1,CA1-DG,cued,DG,12,0.021671
73,1,CA1-DG,cued,DG,13,0.961405
73,1,CA1-DG,cued,DG,14,0.37072
73,1,CA1-DG,cued,DG,15,0.949568
73,1,CA1-DG,cued,DG,16,0.963449
73,1,CA1-DG,cued,DG,17,0.763124
73,1,CA1-DG,cued,DG,18,1.086707
73,1,CA1-DG,cued,DG,19,0.557236
73,1,CA1-DG,cued,DG,20,0.03503
73,1,CA1-DG,cued,DG,21,0.71203
73,1,CA1-DG,cued,DG,22,0.019816
73,1,CA1-DG,cued,DG,23,0.005658
73,1,CA1-DG,cued,DG,24,0.739961
73,1,CA1-DG,cued,DG,25,0.795077
73,1,CA1-DG,cued,DG,26,0.010614
73,1,CA1-DG,cued,DG,27,0.221606
73,1,CA1-DG,cued,DG,28,1.097239
73,1,CA1-V1,uncued,CA1,0,0.002974
73,1,CA1-V1,uncued,CA1,1,0.024194
73,1,CA1-V1,uncued,CA1,2,0.0024
73,1,CA1-V1,uncued,CA1,3,0.914331
73,1,CA1-V1,uncued,CA1,4,0.037506
73,1,CA1-V1,uncued,CA1,5,0.029586
73,1,CA1-V1,uncued,CA1,6,0.935013
73,1,CA1-V1,uncued,CA1,7,0.731106
73,1,CA1-V1,uncued,CA1,8,1.124762
73,1,CA1-V1,uncued,CA1,9,1.26833
73,1,CA1-V1,uncued,CA1,10,1.170245
73,1,CA1-V1,uncued,CA1,11,1.393202
73,1,CA1-V1,uncued,CA1,12,0.014094
73,1,CA1-V1,uncued,CA1,13,0.007875
73,1,CA1-V1,uncued,CA1,14,0.131863
73,1,CA1-V1,uncued,CA1,15,0.017056
73,1,CA1-V1,uncued,CA1,16,0.009705
73,1,CA1-V1,uncued,CA1,17,1.369087
73,1,CA1-V1,uncued,CA1,18,1.084745
73,1,CA1-V1,uncued,CA1,19,1.148754
73,1,CA1-V1,uncued,CA1,20,0.963472
73,1,CA1-V1,uncued,CA1,21,1.351273
73,1,CA1-V1,uncued,CA1,22,0.759655
73,1,CA1-V1,uncued,CA1,23,0.94689
73,1,CA1-V1,uncued,CA1,24,0.048256
73,1,CA1-V1,uncued,CA1,25,0.648292
73,1,CA1-V1,uncued,V1,0,1.07929
73,1,CA1-V1,uncued,V1,1,1.215007
73,1,CA1-V1,uncued,V1,2,0.727052
73,1,CA1-V1,uncued,V1,3,0.085166
73,1,CA1-V1,uncued,V1,4,0.008976
73,1,CA1-V1,uncued,V1,5,0.2447
73,1,CA1-V1,uncued,V1,6,1.28126
73,1,CA1-V1,uncued,V1,7,0.54345
73,1,CA1-V1,uncued,V1,8,1.812224
73,1,CA1-V1,uncued,V1,9,1.258451
73,1,CA1-V1,uncued,V1,10,0.969309
73,1,CA1-V1,uncued,V1,11,1.119372
73,1,CA1-V1,uncued,V1,12,1.232168
73,1,CA1-V1,uncued,V1,13,1.73775
73,1,CA1-V1,uncued,V1,14,1.091517
73,1,CA1-V1,uncued,V1,15,1.632595
73,1,CA1-V1,uncued,V1,16,1.180489
73,1,CA1-V1,uncued,V1,17,0.125236
73,1,CA1-V1,uncued,V1,18,0.268273
73,1,CA1-V1,cued,CA1,0,0.0
73,1,CA1-V1,cued,CA1,1,0.064664
73,1,CA1-V1,cued,CA1,2,0.046704
73,1,CA1-V1,cued,CA1,3,0.979161
73,1,CA1-V1,cued,CA1,4,0.982314
73,1,CA1-V1,cued,CA1,5,0.079897
73,1,CA1-V1,cued,CA1,6,0.949363
73,1,CA1-V1,cued,CA1,7,0.654704
73,1,CA1-V1,cued,CA1,8,1.090569
73,1,CA1-V1,cued,CA1,9,1.10591
73,1,CA1-V1,cued,CA1,10,1.052897
73,1,CA1-V1,cued,CA1,11,1.13656
73,1,CA1-V1,cued,CA1,12,0.029366
73,1,CA1-V1,cued,CA1,13,0.007204
73,1,CA1-V1,cued,CA1,14,0.051138
73,1,CA1-V1,cued,CA1,15,0.042486
73,1,CA1-V1,cued,CA1,16,0.013067
73,1,CA1-V1,cued,CA1,17,0.025926
73,1,CA1-V1,cued,CA1,18,1.058958
73,1,CA1-V1,cued,CA1,19,1.066613
73,1,CA1-V1,cued,CA1,20,1.075167
73,1,CA1-V1,cued,CA1,21,1.306753
73,1,CA1-V1,cued,CA1,22,0.877264
73,1,CA1-V1,cued,CA1,23,0.114687
73,1,CA1-V1,cued,CA1,24,1.262005
73,1,CA1-V1,cued,CA1,25,1.484446
73,1,CA1-V1,cued,V1,0,1.041163
73,1,CA1-V1,cued,V1,1,1.19039
73,1,CA1-V1,cued,V1,2,0.657387
73,1,CA1-V1,cued,V1,3,0.05516
73,1,CA1-V1,cued,V1,4,0.002323
73,1,CA1-V1,cued,V1,5,1.469478
73,1,CA1-V1,cued,V1,6,0.943178
73,1,CA1-V1,cued,V1,7,0.777795
73,1,CA1-V1,cued,V1,8,0.390643
73,1,CA1-V1,cued,V1,9,1.148792
73,1,CA1-V1,cued,V1,10,1.225074
73,1,CA1-V1,cued,V1,11,0.008102
73,1,CA1-V1,cued,V1,12,0.831268
73,1,CA1-V1,cued,V1,13,1.209159
73,1,CA1-V1,cued,V1,14,1.054492
73,1,CA1-V1,cued,V1,15,0.706708
73,1,CA1-V1,cued,V1,16,0.913814
73,1,CA1-V1,cued,V1,17,0.761716
73,1,CA1-V1,cued,V1,18,0.45118
73,1,CA1-SUB,uncued,CA1,0,0.002935
73,1,CA1-SUB,uncued,CA1,1,0.024439
73,1,CA1-SUB,uncued,CA1,2,0.002372
73,1,CA1-SUB,uncued,CA1,3,0.913316
73,1,CA1-SUB,uncued,CA1,4,0.036463
73,1,CA1-SUB,uncued,CA1,5,0.02972
73,1,CA1-SUB,uncued,CA1,6,0.934714
73,1,CA1-SUB,uncued,CA1,7,0.730865
73,1,CA1-SUB,uncued,CA1,8,1.120065
73,1,CA1-SUB,uncued,CA1,9,1.265494
73,1,CA1-SUB,uncued,CA1,10,1.168334
73,1,CA1-SUB,uncued,CA1,11,1.392828
73,1,CA1-SUB,uncued,CA1,12,0.013523
73,1,CA1-SUB,uncued,CA1,13,0.007927
73,1,CA1-SUB,uncued,CA1,14,0.131377
73,1,CA1-SUB,uncued,CA1,15,0.016999
73,1,CA1-SUB,uncued,CA1,16,0.009573
73,1,CA1-SUB,uncued,CA1,17,1.369204
73,1,CA1-SUB,uncued,CA1,18,1.083409
73,1,CA1-SUB,uncued,CA1,19,1.148296
73,1,CA1-SUB,uncued,CA1,20,0.962459
73,1,CA1-SUB,uncued,CA1,21,1.35063
73,1,CA1-SUB,uncued,CA1,22,0.75966
73,1,CA1-SUB,uncued,CA1,23,0.946458
73,1,CA1-SUB,uncued,CA1,24,0.050803
73,1,CA1-SUB,uncued,CA1,25,0.647998
73,1,CA1-SUB,uncued,SUB,0,0.121209
73,1,CA1-SUB,uncued,SUB,1,0.055092
73,1,CA1-SUB,uncued,SUB,2,0.236882
73,1,CA1-SUB,uncued,SUB,3,0.609073
73,1,CA1-SUB,uncued,SUB,4,0.199588
73,1,CA1-SUB,uncued,SUB,5,0.772047
73,1,CA1-SUB,uncued,SUB,6,0.773577
73,1,CA1-SUB,uncued,SUB,7,0.877476
73,1,CA1-SUB,uncued,SUB,8,0.328803
73,1,CA1-SUB,uncued,SUB,9,0.799536
73,1,CA1-SUB,uncued,SUB,10,0.906676
73,1,CA1-SUB,uncued,SUB,11,0.965249
73,1,CA1-SUB,uncued,SUB,12,0.903871
73,1,CA1-SUB,uncued,SUB,13,0.90019
73,1,CA1-SUB,uncued,SUB,14,0.912549
73,1,CA1-SUB,uncued,SUB,15,0.899039
73,1,CA1-SUB,uncued,SUB,16,0.565338
73,1,CA1-SUB,uncued,SUB,17,0.876329
73,1,CA1-SUB,uncued,SUB,18,0.790466
73,1,CA1-SUB,uncued,SUB,19,0.041223
73,1,CA1-SUB,uncued,SUB,20,0.062371
73,1,CA1-SUB,uncued,SUB,21,0.654222
73,1,CA1-SUB,uncued,SUB,22,0.917238
73,1,CA1-SUB,uncued,SUB,23,0.941329
73,1,CA1-SUB,uncued,SUB,24,0.907982
73,1,CA1-SUB,uncued,SUB,25,0.012215
73,1,CA1-SUB,uncued,SUB,26,0.036223
73,1,CA1-SUB,cued,CA1,0,0.0
73,1,CA1-SUB,cued,CA1,1,0.063227
73,1,CA1-SUB,cued,CA1,2,0.047192
73,1,CA1-SUB,cued,CA1,3,0.979029
73,1,CA1-SUB,cued,CA1,4,0.981301
73,1,CA1-SUB,cued,CA1,5,0.078938
73,1,CA1-SUB,cued,CA1,6,0.948532
73,1,CA1-SUB,cued,CA1,7,0.654238
73,1,CA1-SUB,cued,CA1,8,1.08853
73,1,CA1-SUB,cued,CA1,9,1.102848
73,1,CA1-SUB,cued,CA1,10,1.050709
73,1,CA1-SUB,cued,CA1,11,1.135266
73,1,CA1-SUB,cued,CA1,12,0.029422
73,1,CA1-SUB,cued,CA1,13,0.00708
73,1,CA1-SUB,cued,CA1,14,0.050299
73,1,CA1-SUB,cued,CA1,15,0.041513
73,1,CA1-SUB,cued,CA1,16,0.013022
73,1,CA1-SUB,cued,CA1,17,0.02618
73,1,CA1-SUB,cued,CA1,18,1.05624
73,1,CA1-SUB,cued,CA1,19,1.064468
73,1,CA1-SUB,cued,CA1,20,1.074342
73,1,CA1-SUB,cued,CA1,21,1.306428
73,1,CA1-SUB,cued,CA1,22,0.876793
73,1,CA1-SUB,cued,CA1,23,0.112021
73,1,CA1-SUB,cued,CA1,24,1.261826
73,1,CA1-SUB,cued,CA1,25,1.482553
73,1,CA1-SUB,cued,SUB,0,0.129264
73,1,CA1-SUB,cued,SUB,1,0.059039
73,1,CA1-SUB,cued,SUB,2,0.835827
73,1,CA1-SUB,cued,SUB,3,0.89558
73,1,CA1-SUB,cued,SUB,4,0.338553
73,1,CA1-SUB,cued,SUB,5,0.896095
73,1,CA1-SUB,cued,SUB,6,0.834721
73,1,CA1-SUB,cued,SUB,7,0.826142
73,1,CA1-SUB,cued,SUB,8,0.242673
73,1,CA1-SUB,cued,SUB,9,0.784189
73,1,CA1-SUB,cued,SUB,10,0.9111
73,1,CA1-SUB,cued,SUB,11,0.896912
73,1,CA1-SUB,cued,SUB,12,0.887389
73,1,CA1-SUB,cued,SUB,13,0.470999
73,1,CA1-SUB,cued,SUB,14,0.883176
73,1,CA1-SUB,cued,SUB,15,0.467666
73,1,CA1-SUB,cued,SUB,16,0.3984
73,1,CA1-SUB,cued,SUB,17,0.679177
73,1,CA1-SUB,cued,SUB,18,0.342939
73,1,CA1-SUB,cued,SUB,19,0.626535
73,1,CA1-SUB,cued,SUB,20,0.031183
73,1,CA1-SUB,cued,SUB,21,0.258398
73,1,CA1-SUB,cued,SUB,22,0.909309
73,1,CA1-SUB,cued,SUB,23,0.56876
73,1,CA1-SUB,cued,SUB,24,0.880156
73,1,CA1-SUB,cued,SUB,25,0.013474
73,1,CA1-SUB,cued,SUB,26,0.816767
73,1,RSC-SUB,uncued,RSC,0,0.094735
73,1,RSC-SUB,uncued,RSC,1,0.100551
73,1,RSC-SUB,uncued,RSC,2,0.739213
73,1,RSC-SUB,uncued,RSC,3,0.073422
73,1,RSC-SUB,uncued,RSC,4,0.099602
73,1,RSC-SUB,uncued,RSC,5,0.76444
73,1,RSC-SUB,uncued,RSC,6,0.019146
73,1,RSC-SUB,uncued,RSC,7,0.020249
73,1,RSC-SUB,uncued,RSC,8,0.030955
73,1,RSC-SUB,uncued,RSC,9,0.012595
73,1,RSC-SUB,uncued,RSC,10,0.02324
73,1,RSC-SUB,uncued,RSC,11,0.007135
73,1,RSC-SUB,uncued,RSC,12,0.022798
73,1,RSC-SUB,uncued,RSC,13,0.049868
73,1,RSC-SUB,uncued,RSC,14,0.14346
73,1,RSC-SUB,uncued,RSC,15,0.651163
73,1,RSC-SUB,uncued,RSC,16,0.794097
73,1,RSC-SUB,uncued,RSC,17,0.029795
73,1,RSC-SUB,uncued,RSC,18,0.06848
73,1,RSC-SUB,uncued,RSC,19,0.006479
73,1,RSC-SUB,uncued,RSC,20,0.01249
73,1,RSC-SUB,uncued,RSC,21,0.00947
73,1,RSC-SUB,uncued,RSC,22,0.122368
73,1,RSC-SUB,uncued,RSC,23,0.056405
73,1,RSC-SUB,uncued,RSC,24,0.009066
73,1,RSC-SUB,uncued,RSC,25,0.05364
73,1,RSC-SUB,uncued,RSC,26,0.02754
73,1,RSC-SUB,uncued,RSC,27,0.005486
73,1,RSC-SUB,uncued,RSC,28,0.000817
73,1,RSC-SUB,uncued,RSC,29,0.036797
73,1,RSC-SUB,uncued,RSC,30,0.051554
73,1,RSC-SUB,uncued,RSC,31,0.233129
73,1,RSC-SUB,uncued,RSC,32,0.018031
73,1,RSC-SUB,uncued,RSC,33,0.039346
73,1,RSC-SUB,uncued,RSC,34,0.035824
73,1,RSC-SUB,uncued,RSC,35,0.776918
73,1,RSC-SUB,uncued,RSC,36,0.019777
73,1,RSC-SUB,uncued,RSC,37,0.046388
73,1,RSC-SUB,uncued,RSC,38,0.012343
73,1,RSC-SUB,uncued,RSC,39,0.081811
73,1,RSC-SUB,uncued,RSC,40,0.801749
73,1,RSC-SUB,uncued,RSC,41,0.803752
73,1,RSC-SUB,uncued,RSC,42,0.034726
73,1,RSC-SUB,uncued,RSC,43,0.7979
73,1,RSC-SUB,uncued,RSC,44,0.019732
73,1,RSC-SUB,uncued,RSC,45,0.014437
73,1,RSC-SUB,uncued,RSC,46,0.66977
73,1,RSC-SUB,uncued,RSC,47,0.423925
73,1,RSC-SUB,uncued,RSC,48,0.622749
73,1,RSC-SUB,uncued,RSC,49,0.02163
73,1,RSC-SUB,uncued,RSC,50,0.68979
73,1,RSC-SUB,uncued,RSC,51,0.000259
73,1,RSC-SUB,uncued,RSC,52,9.5e-05
73,1,RSC-SUB,uncued,RSC,53,0.747801
73,1,RSC-SUB,uncued,RSC,54,0.632149
73,1,RSC-SUB,uncued,RSC,55,0.032899
73,1,RSC-SUB,uncued,RSC,56,0.146765
73,1,RSC-SUB,uncued,RSC,57,0.319792
73,1,RSC-SUB,uncued,RSC,58,0.0268
73,1,RSC-SUB,uncued,RSC,59,0.088522
73,1,RSC-SUB,uncued,RSC,60,0.098406
73,1,RSC-SUB,uncued,RSC,61,0.751592
73,1,RSC-SUB,uncued,RSC,62,0.035177
73,1,RSC-SUB,uncued,RSC,63,0.757069
73,1,RSC-SUB,uncued,SUB,0,0.117854
73,1,RSC-SUB,uncued,SUB,1,0.054042
73,1,RSC-SUB,uncued,SUB,2,0.274553
73,1,RSC-SUB,uncued,SUB,3,0.615898
73,1,RSC-SUB,uncued,SUB,4,0.199063
73,1,RSC-SUB,uncued,SUB,5,0.768903
73,1,RSC-SUB,uncued,SUB,6,0.745954
73,1,RSC-SUB,uncued,SUB,7,0.874968
73,1,RSC-SUB,uncued,SUB,8,0.330789
73,1,RSC-SUB,uncued,SUB,9,0.798072
73,1,RSC-SUB,uncued,SUB,10,0.906334
73,1,RSC-SUB,uncued,SUB,11,0.961525
73,1,RSC-SUB,uncued,SUB,12,0.901921
73,1,RSC-SUB,uncued,SUB,13,0.897622
73,1,RSC-SUB,uncued,SUB,14,0.911634
73,1,RSC-SUB,uncued,SUB,15,0.895913
73,1,RSC-SUB,uncued,SUB,16,0.579057
73,1,RSC-SUB,uncued,SUB,17,0.860267
73,1,RSC-SUB,uncued,SUB,18,0.780722
73,1,RSC-SUB,uncued,SUB,19,0.040212
73,1,RSC-SUB,uncued,SUB,20,0.062014
73,1,RSC-SUB,uncued,SUB,21,0.693858
73,1,RSC-SUB,uncued,SUB,22,0.914469
73,1,RSC-SUB,uncued,SUB,23,0.944029
73,1,RSC-SUB,uncued,SUB,24,0.903482
73,1,RSC-SUB,uncued,SUB,25,0.011876
73,1,RSC-SUB,uncued,SUB,26,0.036208
73,1,RSC-SUB,cued,RSC,0,0.088847
73,1,RSC-SUB,cued,RSC,1,0.009693
73,1,RSC-SUB,cued,RSC,2,0.105953
73,1,RSC-SUB,cued,RSC,3,0.121027
73,1,RSC-SUB,cued,RSC,4,0.781
73,1,RSC-SUB,cued,RSC,5,0.63945
73,1,RSC-SUB,cued,RSC,6,0.018908
73,1,RSC-SUB,cued,RSC,7,0.015164
73,1,RSC-SUB,cued,RSC,8,0.058577
73,1,RSC-SUB,cued,RSC,9,0.027959
73,1,RSC-SUB,cued,RSC,10,0.531183
73,1,RSC-SUB,cued,RSC,11,0.004285
73,1,RSC-SUB,cued,RSC,12,0.01873
73,1,RSC-SUB,cued,RSC,13,0.131966
73,1,RSC-SUB,cued,RSC,14,0.192281
73,1,RSC-SUB,cued,RSC,15,0.53771
73,1,RSC-SUB,cued,RSC,16,0.756136
73,1,RSC-SUB,cued,RSC,17,0.067515
73,1,RSC-SUB,cued,RSC,18,0.744425
73,1,RSC-SUB,cued,RSC,19,0.014433
73,1,RSC-SUB,cued,RSC,20,0.009365
73,1,RSC-SUB,cued,RSC,21,0.010897
73,1,RSC-SUB,cued,RSC,22,0.017729
73,1,RSC-SUB,cued,RSC,23,0.120127
73,1,RSC-SUB,cued,RSC,24,0.003774
73,1,RSC-SUB,cued,RSC,25,0.042841
73,1,RSC-SUB,cued,RSC,26,0.041324
73,1,RSC-SUB,cued,RSC,27,0.791603
73,1,RSC-SUB,cued,RSC,28,0.0
73,1,RSC-SUB,cued,RSC,29,0.08824
73,1,RSC-SUB,cued,RSC,30,0.040827
73,1,RSC-SUB,cued,RSC,31,0.667133
73,1,RSC-SUB,cued,RSC,32,0.063393
73,1,RSC-SUB,cued,RSC,33,0.076865
73,1,RSC-SUB,cued,RSC,34,0.135517
73,1,RSC-SUB,cued,RSC,35,0.744929
73,1,RSC-SUB,cued,RSC,36,0.364749
73,1,RSC-SUB,cued,RSC,37,0.052945
73,1,RSC-SUB,cued,RSC,38,0.017743
73,1,RSC-SUB,cued,RSC,39,0.049001
73,1,RSC-SUB,cued,RSC,40,0.09247
73,1,RSC-SUB,cued,RSC,41,0.039989
73,1,RSC-SUB,cued,RSC,42,0.028708
73,1,RSC-SUB,cued,RSC,43,0.033032
73,1,RSC-SUB,cued,RSC,44,0.034028
73,1,RSC-SUB,cued,RSC,45,0.07966
73,1,RSC-SUB,cued,RSC,46,0.048826
73,1,RSC-SUB,cued,RSC,47,0.083332
73,1,RSC-SUB,cued,RSC,48,0.153694
73,1,RSC-SUB,cued,RSC,49,0.034257
73,1,RSC-SUB,cued,RSC,50,0.021081
73,1,RSC-SUB,cued,RSC,51,0.0
73,1,RSC-SUB,cued,RSC,52,0.0
73,1,RSC-SUB,cued,RSC,53,0.702241
73,1,RSC-SUB,cued,RSC,54,0.748278
73,1,RSC-SUB,cued,RSC,55,0.035295
73,1,RSC-SUB,cued,RSC,56,0.047618
73,1,RSC-SUB,cued,RSC,57,0.773964
73,1,RSC-SUB,cued,RSC,58,0.03755
73,1,RSC-SUB,cued,RSC,59,0.683445
73,1,RSC-SUB,cued,RSC,60,0.276573
73,1,RSC-SUB,cued,RSC,61,0.573642
73,1,RSC-SUB,cued,RSC,62,0.758773
73,1,RSC-SUB,cued,RSC,63,0.533745
73,1,RSC-SUB,cued,SUB,0,0.121647
73,1,RSC-SUB,cued,SUB,1,0.060504
73,1,RSC-SUB,cued,SUB,2,0.83328
73,1,RSC-SUB,cued,SUB,3,0.894695
73,1,RSC-SUB,cued,SUB,4,0.332868
73,1,RSC-SUB,cued,SUB,5,0.89114
73,1,RSC-SUB,cued,SUB,6,0.833404
73,1,RSC-SUB,cued,SUB,7,0.826659
73,1,RSC-SUB,cued,SUB,8,0.245254
73,1,RSC-SUB,cued,SUB,9,0.783213
73,1,RSC-SUB,cued,SUB,10,0.91135
73,1,RSC-SUB,cued,SUB,11,0.876892
73,1,RSC-SUB,cued,SUB,12,0.885897
73,1,RSC-SUB,cued,SUB,13,0.471087
73,1,RSC-SUB,cued,SUB,14,0.881584
73,1,RSC-SUB,cued,SUB,15,0.461705
73,1,RSC-SUB,cued,SUB,16,0.406223
73,1,RSC-SUB,cued,SUB,17,0.68641
73,1,RSC-SUB,cued,SUB,18,0.333962
73,1,RSC-SUB,cued,SUB,19,0.625772
73,1,RSC-SUB,cued,SUB,20,0.030608
73,1,RSC-SUB,cued,SUB,21,0.267122
73,1,RSC-SUB,cued,SUB,22,0.909997
73,1,RSC-SUB,cued,SUB,23,0.589216
73,1,RSC-SUB,cued,SUB,24,0.881069
73,1,RSC-SUB,cued,SUB,25,0.013623
73,1,RSC-SUB,cued,SUB,26,0.8144
73,1,V1-RSC,uncued,V1,0,1.0774
73,1,V1-RSC,uncued,V1,1,1.201177
73,1,V1-RSC,uncued,V1,2,0.725292
73,1,V1-RSC,uncued,V1,3,0.102404
73,1,V1-RSC,uncued,V1,4,0.011285
73,1,V1-RSC,uncued,V1,5,0.228642
73,1,V1-RSC,uncued,V1,6,1.272644
73,1,V1-RSC,uncued,V1,7,0.542625
73,1,V1-RSC,uncued,V1,8,1.808144
73,1,V1-RSC,uncued,V1,9,1.252597
73,1,V1-RSC,uncued,V1,10,0.963113
73,1,V1-RSC,uncued,V1,11,1.1187
73,1,V1-RSC,uncued,V1,12,1.230568
73,1,V1-RSC,uncued,V1,13,1.725656
73,1,V1-RSC,uncued,V1,14,1.088435
73,1,V1-RSC,uncued,V1,15,1.627851
73,1,V1-RSC,uncued,V1,16,1.178866
73,1,V1-RSC,uncued,V1,17,0.140318
73,1,V1-RSC,uncued,V1,18,0.2675
73,1,V1-RSC,uncued,RSC,0,0.092243
73,1,V1-RSC,uncued,RSC,1,0.099297
73,1,V1-RSC,uncued,RSC,2,0.739596
73,1,V1-RSC,uncued,RSC,3,0.071461
73,1,V1-RSC,uncued,RSC,4,0.107514
73,1,V1-RSC,uncued,RSC,5,0.764855
73,1,V1-RSC,uncued,RSC,6,0.018115
73,1,V1-RSC,uncued,RSC,7,0.019816
73,1,V1-RSC,uncued,RSC,8,0.032805
73,1,V1-RSC,uncued,RSC,9,0.012803
73,1,V1-RSC,uncued,RSC,10,0.023898
73,1,V1-RSC,uncued,RSC,11,0.007329
73,1,V1-RSC,uncued,RSC,12,0.022492
73,1,V1-RSC,uncued,RSC,13,0.056763
73,1,V1-RSC,uncued,RSC,14,0.150718
73,1,V1-RSC,uncued,RSC,15,0.6502
73,1,V1-RSC,uncued,RSC,16,0.792922
73,1,V1-RSC,uncued,RSC,17,0.029205
73,1,V1-RSC,uncued,RSC,18,0.066468
73,1,V1-RSC,uncued,RSC,19,0.006375
73,1,V1-RSC,uncued,RSC,20,0.012283
73,1,V1-RSC,uncued,RSC,21,0.00937
73,1,V1-RSC,uncued,RSC,22,0.119716
73,1,V1-RSC,uncued,RSC,23,0.057976
73,1,V1-RSC,uncued,RSC,24,0.009594
73,1,V1-RSC,uncued,RSC,25,0.052643
73,1,V1-RSC,uncued,RSC,26,0.029032
73,1,V1-RSC,uncued,RSC,27,0.005123
73,1,V1-RSC,uncued,RSC,28,0.000846
73,1,V1-RSC,uncued,RSC,29,0.037057
73,1,V1-RSC,uncued,RSC,30,0.051536
73,1,V1-RSC,uncued,RSC,31,0.251846
73,1,V1-RSC,uncued,RSC,32,0.017823
73,1,V1-RSC,uncued,RSC,33,0.039788
73,1,V1-RSC,uncued,RSC,34,0.037376
73,1,V1-RSC,uncued,RSC,35,0.777145
73,1,V1-RSC,uncued,RSC,36,0.02104
73,1,V1-RSC,uncued,RSC,37,0.045714
73,1,V1-RSC,uncued,RSC,38,0.01204
73,1,V1-RSC,uncued,RSC,39,0.081476
73,1,V1-RSC,uncued,RSC,40,0.807192
73,1,V1-RSC,uncued,RSC,41,0.803526
73,1,V1-RSC,uncued,RSC,42,0.036892
73,1,V1-RSC,uncued,RSC,43,0.798513
73,1,V1-RSC,uncued,RSC,44,0.018904
73,1,V1-RSC,uncued,RSC,45,0.014744
73,1,V1-RSC,uncued,RSC,46,0.639237
73,1,V1-RSC,uncued,RSC,47,0.440685
73,1,V1-RSC,uncued,RSC,48,0.623162
73,1,V1-RSC,uncued,RSC,49,0.021993
73,1,V1-RSC,uncued,RSC,50,0.689861
73,1,V1-RSC,uncued,RSC,51,0.000268
73,1,V1-RSC,uncued,RSC,52,9.8e-05
73,1,V1-RSC,uncued,RSC,53,0.746794
73,1,V1-RSC,uncued,RSC,54,0.632056
73,1,V1-RSC,uncued,RSC,55,0.032473
73,1,V1-RSC,uncued,RSC,56,0.140908
73,1,V1-RSC,uncued,RSC,57,0.327327
73,1,V1-RSC,uncued,RSC,58,0.027823
73,1,V1-RSC,uncued,RSC,59,0.090186
73,1,V1-RSC,uncued,RSC,60,0.0985
73,1,V1-RSC,uncued,RSC,61,0.751847
73,1,V1-RSC,uncued,RSC,62,0.035537
73,1,V1-RSC,uncued,RSC,63,0.757254
73,1,V1-RSC,cued,V1,0,1.039373
73,1,V1-RSC,cued,V1,1,1.186528
73,1,V1-RSC,cued,V1,2,0.655974
73,1,V1-RSC,cued,V1,3,0.053358
73,1,V1-RSC,cued,V1,4,0.002414
73,1,V1-RSC,cued,V1,5,1.448099
73,1,V1-RSC,cued,V1,6,0.940902
73,1,V1-RSC,cued,V1,7,0.776954
73,1,V1-RSC,cued,V1,8,0.45429
73,1,V1-RSC,cued,V1,9,1.147511
73,1,V1-RSC,cued,V1,10,1.221524
73,1,V1-RSC,cued,V1,11,0.009124
73,1,V1-RSC,cued,V1,12,0.827888
73,1,V1-RSC,cued,V1,13,1.20336
73,1,V1-RSC,cued,V1,14,1.051711
73,1,V1-RSC,cued,V1,15,0.70465
73,1,V1-RSC,cued,V1,16,0.910866
73,1,V1-RSC,cued,V1,17,0.76086
73,1,V1-RSC,cued,V1,18,0.449644
73,1,V1-RSC,cued,RSC,0,0.083257
73,1,V1-RSC,cued,RSC,1,0.009755
73,1,V1-RSC,cued,RSC,2,0.105792
73,1,V1-RSC,cued,RSC,3,0.117985
73,1,V1-RSC,cued,RSC,4,0.781458
73,1,V1-RSC,cued,RSC,5,0.639384
73,1,V1-RSC,cued,RSC,6,0.018739
73,1,V1-RSC,cued,RSC,7,0.016628
73,1,V1-RSC,cued,RSC,8,0.058398
73,1,V1-RSC,cued,RSC,9,0.027542
73,1,V1-RSC,cued,RSC,10,0.516742
73,1,V1-RSC,cued,RSC,11,0.004249
73,1,V1-RSC,cued,RSC,12,0.018724
73,1,V1-RSC,cued,RSC,13,0.128906
73,1,V1-RSC,cued,RSC,14,0.189901
73,1,V1-RSC,cued,RSC,15,0.538282
73,1,V1-RSC,cued,RSC,16,0.746314
73,1,V1-RSC,cued,RSC,17,0.067884
73,1,V1-RSC,cued,RSC,18,0.770322
73,1,V1-RSC,cued,RSC,19,0.014629
73,1,V1-RSC,cued,RSC,20,0.009434
73,1,V1-RSC,cued,RSC,21,0.01049
73,1,V1-RSC,cued,RSC,22,0.017846
73,1,V1-RSC,cued,RSC,23,0.123233
73,1,V1-RSC,cued,RSC,24,0.00397
73,1,V1-RSC,cued,RSC,25,0.045355
73,1,V1-RSC,cued,RSC,26,0.04079
73,1,V1-RSC,cued,RSC,27,0.794518
73,1,V1-RSC,cued,RSC,28,0.0
73,1,V1-RSC,cued,RSC,29,0.087619
73,1,V1-RSC,cued,RSC,30,0.040682
73,1,V1-RSC,cued,RSC,31,0.670282
73,1,V1-RSC,cued,RSC,32,0.063073
73,1,V1-RSC,cued,RSC,33,0.073653
73,1,V1-RSC,cued,RSC,34,0.133975
73,1,V1-RSC,cued,RSC,35,0.745907
73,1,V1-RSC,cued,RSC,36,0.352082
73,1,V1-RSC,cued,RSC,37,0.052887
73,1,V1-RSC,cued,RSC,38,0.01844
73,1,V1-RSC,cued,RSC,39,0.049439
73,1,V1-RSC,cued,RSC,40,0.091625
73,1,V1-RSC,cued,RSC,41,0.040918
73,1,V1-RSC,cued,RSC,42,0.029152
73,1,V1-RSC,cued,RSC,43,0.03276
73,1,V1-RSC,cued,RSC,44,0.034008
73,1,V1-RSC,cued,RSC,45,0.081691
73,1,V1-RSC,cued,RSC,46,0.04902
73,1,V1-RSC,cued,RSC,47,0.083067
73,1,V1-RSC,cued,RSC,48,0.156174
73,1,V1-RSC,cued,RSC,49,0.035294
73,1,V1-RSC,cued,RSC,50,0.020869
73,1,V1-RSC,cued,RSC,51,0.0
73,1,V1-RSC,cued,RSC,52,0.0
73,1,V1-RSC,cued,RSC,53,0.702284
73,1,V1-RSC,cued,RSC,54,0.748158
73,1,V1-RSC,cued,RSC,55,0.038102
73,1,V1-RSC,cued,RSC,56,0.047123
73,1,V1-RSC,cued,RSC,57,0.771516
73,1,V1-RSC,cued,RSC,58,0.038792
73,1,V1-RSC,cued,RSC,59,0.68397
73,1,V1-RSC,cued,RSC,60,0.268182
73,1,V1-RSC,cued,RSC,61,0.573816
73,1,V1-RSC,cued,RSC,62,0.758619
73,1,V1-RSC,cued,RSC,63,0.533716
75,1,CA1-RSC,uncued,CA1,0,1.084811
75,1,CA1-RSC,uncued,CA1,1,0.128904
75,1,CA1-RSC,uncued,CA1,2,1.102255
75,1,CA1-RSC,uncued,CA1,3,0.017396
75,1,CA1-RSC,uncued,CA1,4,0.049309
75,1,CA1-RSC,uncued,CA1,5,1.060403
75,1,CA1-RSC,uncued,CA1,6,0.977768
75,1,CA1-RSC,uncued,CA1,7,0.729175
75,1,CA1-RSC,uncued,CA1,8,1.105481
75,1,CA1-RSC,uncued,CA1,9,1.058349
75,1,CA1-RSC,uncued,CA1,10,1.170136
75,1,CA1-RSC,uncued,CA1,11,0.0
75,1,CA1-RSC,uncued,CA1,12,0.0
75,1,CA1-RSC,uncued,CA1,13,0.0
75,1,CA1-RSC,uncued,CA1,14,1.01214
75,1,CA1-RSC,uncued,CA1,15,0.029094
75,1,CA1-RSC,uncued,CA1,16,1.18661
75,1,CA1-RSC,uncued,CA1,17,1.010212
75,1,CA1-RSC,uncued,CA1,18,0.034998
75,1,CA1-RSC,uncued,CA1,19,1.23601
75,1,CA1-RSC,uncued,CA1,20,1.062313
75,1,CA1-RSC,uncued,CA1,21,0.446891
75,1,CA1-RSC,uncued,CA1,22,0.970887
75,1,CA1-RSC,uncued,CA1,23,1.133185
75,1,CA1-RSC,uncued,CA1,24,0.903207
75,1,CA1-RSC,uncued,RSC,0,0.006666
75,1,CA1-RSC,uncued,RSC,1,0.034594
75,1,CA1-RSC,uncued,RSC,2,0.007742
75,1,CA1-RSC,uncued,RSC,3,0.045949
75,1,CA1-RSC,uncued,RSC,4,0.112285
75,1,CA1-RSC,uncued,RSC,5,0.117164
75,1,CA1-RSC,uncued,RSC,6,0.006125
75,1,CA1-RSC,uncued,RSC,7,0.00918
75,1,CA1-RSC,uncued,RSC,8,0.003286
75,1,CA1-RSC,uncued,RSC,9,0.042637
75,1,CA1-RSC,uncued,RSC,10,0.623815
75,1,CA1-RSC,uncued,RSC,11,0.006485
75,1,CA1-RSC,uncued,RSC,12,0.035496
75,1,CA1-RSC,uncued,RSC,13,0.520508
75,1,CA1-RSC,uncued,RSC,14,0.781386
75,1,CA1-RSC,uncued,RSC,15,0.0
75,1,CA1-RSC,uncued,RSC,16,0.080157
75,1,CA1-RSC,uncued,RSC,17,0.013717
75,1,CA1-RSC,uncued,RSC,18,0.053382
75,1,CA1-RSC,uncued,RSC,19,0.007949
75,1,CA1-RSC,uncued,RSC,20,0.063682
75,1,CA1-RSC,uncued,RSC,21,0.138134
75,1,CA1-RSC,uncued,RSC,22,0.007483
75,1,CA1-RSC,uncued,RSC,23,0.005878
75,1,CA1-RSC,uncued,RSC,24,0.021444
75,1,CA1-RSC,uncued,RSC,25,0.766165
75,1,CA1-RSC,uncued,RSC,26,0.0
75,1,CA1-RSC,uncued,RSC,27,0.017492
75,1,CA1-RSC,uncued,RSC,28,0.050281
75,1,CA1-RSC,uncued,RSC,29,0.02499
75,1,CA1-RSC,uncued,RSC,30,0.016874
75,1,CA1-RSC,uncued,RSC,31,0.018052
75,1,CA1-RSC,uncued,RSC,32,0.788834
75,1,CA1-RSC,uncued,RSC,33,0.03239
75,1,CA1-RSC,uncued,RSC,34,0.007277
75,1,CA1-RSC,uncued,RSC,35,0.004056
75,1,CA1-RSC,uncued,RSC,36,0.010073
75,1,CA1-RSC,uncued,RSC,37,0.0
75,1,CA1-RSC,uncued,RSC,38,0.005664
75,1,CA1-RSC,uncued,RSC,39,0.437824
75,1,CA1-RSC,uncued,RSC,40,0.002269
75,1,CA1-RSC,uncued,RSC,41,0.027115
75,1,CA1-RSC,uncued,RSC,42,0.025863
75,1,CA1-RSC,uncued,RSC,43,0.0081
75,1,CA1-RSC,uncued,RSC,44,0.0
75,1,CA1-RSC,uncued,RSC,45,0.0
75,1,CA1-RSC,uncued,RSC,46,0.524386
75,1,CA1-RSC,uncued,RSC,47,0.00558
75,1,CA1-RSC,uncued,RSC,48,0.0
75,1,CA1-RSC,uncued,RSC,49,0.050872
75,1,CA1-RSC,uncued,RSC,50,0.013865
75,1,CA1-RSC,uncued,RSC,51,0.090558
75,1,CA1-RSC,uncued,RSC,52,0.0
75,1,CA1-RSC,uncued,RSC,53,0.056186
75,1,CA1-RSC,uncued,RSC,54,0.016181
75,1,CA1-RSC,uncued,RSC,55,0.0
75,1,CA1-RSC,uncued,RSC,56,0.809017
75,1,CA1-RSC,uncued,RSC,57,0.000663
75,1,CA1-RSC,uncued,RSC,58,0.008362
75,1,CA1-RSC,uncued,RSC,59,0.002167
75,1,CA1-RSC,uncued,RSC,60,0.011065
75,1,CA1-RSC,uncued,RSC,61,0.278131
75,1,CA1-RSC,uncued,RSC,62,0.000957
75,1,CA1-RSC,uncued,RSC,63,0.005371
75,1,CA1-RSC,uncued,RSC,64,0.004724
75,1,CA1-RSC,uncued,RSC,65,0.002324
75,1,CA1-RSC,uncued,RSC,66,0.05555
75,1,CA1-RSC,uncued,RSC,67,0.008095
75,1,CA1-RSC,uncued,RSC,68,0.0
75,1,CA1-RSC,uncued,RSC,69,0.0
75,1,CA1-RSC,uncued,RSC,70,0.00631
75,1,CA1-RSC,uncued,RSC,71,0.002875
75,1,CA1-RSC,uncued,RSC,72,0.00574
75,1,CA1-RSC,uncued,RSC,73,0.001931
75,1,CA1-RSC,uncued,RSC,74,0.028169
75,1,CA1-RSC,uncued,RSC,75,0.024315
75,1,CA1-RSC,uncued,RSC,76,0.004373
75,1,CA1-RSC,uncued,RSC,77,0.019914
75,1,CA1-RSC,uncued,RSC,78,0.079049
75,1,CA1-RSC,uncued,RSC,79,0.0
75,1,CA1-RSC,uncued,RSC,80,0.013206
75,1,CA1-RSC,uncued,RSC,81,0.033535
75,1,CA1-RSC,uncued,RSC,82,0.051376
75,1,CA1-RSC,uncued,RSC,83,0.779853
75,1,CA1-RSC,uncued,RSC,84,0.016659
75,1,CA1-RSC,uncued,RSC,85,0.040218
75,1,CA1-RSC,uncued,RSC,86,0.025934
75,1,CA1-RSC,uncued,RSC,87,0.095047
75,1,CA1-RSC,uncued,RSC,88,0.018882
75,1,CA1-RSC,uncued,RSC,89,0.02349
75,1,CA1-RSC,uncued,RSC,90,0.018696
75,1,CA1-RSC,uncued,RSC,91,0.023098
75,1,CA1-RSC,uncued,RSC,92,0.039696
75,1,CA1-RSC,uncued,RSC,93,0.0826
75,1,CA1-RSC,uncued,RSC,94,0.01748
75,1,CA1-RSC,uncued,RSC,95,0.77354
75,1,CA1-RSC,uncued,RSC,96,0.706867
75,1,CA1-RSC,uncued,RSC,97,0.060705
75,1,CA1-RSC,uncued,RSC,98,0.084419
75,1,CA1-RSC,uncued,RSC,99,0.071178
75,1,CA1-RSC,uncued,RSC,100,0.025548
75,1,CA1-RSC,uncued,RSC,101,0.0
75,1,CA1-RSC,uncued,RSC,102,0.036427
75,1,CA1-RSC,uncued,RSC,103,0.005048
75,1,CA1-RSC,uncued,RSC,104,0.75809
75,1,CA1-RSC,uncued,RSC,105,0.0
75,1,CA1-RSC,uncued,RSC,106,0.0
75,1,CA1-RSC,uncued,RSC,107,0.022591
75,1,CA1-RSC,uncued,RSC,108,0.09987
75,1,CA1-RSC,uncued,RSC,109,0.025161
75,1,CA1-RSC,uncued,RSC,110,0.065941
75,1,CA1-RSC,uncued,RSC,111,0.0
75,1,CA1-RSC,uncued,RSC,112,0.152327
75,1,CA1-RSC,uncued,RSC,113,0.024806
75,1,CA1-RSC,uncued,RSC,114,0.219608
75,1,CA1-RSC,uncued,RSC,115,0.046349
75,1,CA1-RSC,uncued,RSC,116,0.026557
75,1,CA1-RSC,uncued,RSC,117,0.033578
75,1,CA1-RSC,uncued,RSC,118,0.008723
75,1,CA1-RSC,uncued,RSC,119,0.0
75,1,CA1-RSC,uncued,RSC,120,0.019351
75,1,CA1-RSC,uncued,RSC,121,0.021389
75,1,CA1-RSC,uncued,RSC,122,0.008928
75,1,CA1-RSC,uncued,RSC,123,0.004183
75,1,CA1-RSC,uncued,RSC,124,0.0
75,1,CA1-RSC,uncued,RSC,125,0.001915
75,1,CA1-RSC,uncued,RSC,126,0.0
75,1,CA1-RSC,uncued,RSC,127,0.009592
75,1,CA1-RSC,uncued,RSC,128,0.016554
75,1,CA1-RSC,uncued,RSC,129,0.01356
75,1,CA1-RSC,uncued,RSC,130,0.0
75,1,CA1-RSC,uncued,RSC,131,0.011214
75,1,CA1-RSC,uncued,RSC,132,0.01409
75,1,CA1-RSC,uncued,RSC,133,0.001602
75,1,CA1-RSC,uncued,RSC,134,0.040084
75,1,CA1-RSC,uncued,RSC,135,0.002535
75,1,CA1-RSC,uncued,RSC,136,0.001389
75,1,CA1-RSC,uncued,RSC,137,0.008808
75,1,CA1-RSC,uncued,RSC,138,0.023002
75,1,CA1-RSC,uncued,RSC,139,0.066766
75,1,CA1-RSC,uncued,RSC,140,0.044376
75,1,CA1-RSC,uncued,RSC,141,0.053102
75,1,CA1-RSC,uncued,RSC,142,0.038142
75,1,CA1-RSC,uncued,RSC,143,0.062304
75,1,CA1-RSC,uncued,RSC,144,0.025576
75,1,CA1-RSC,uncued,RSC,145,0.0
75,1,CA1-RSC,uncued,RSC,146,0.006401
75,1,CA1-RSC,uncued,RSC,147,0.016007
75,1,CA1-RSC,uncued,RSC,148,0.006767
75,1,CA1-RSC,uncued,RSC,149,0.003311
75,1,CA1-RSC,uncued,RSC,150,0.00961
75,1,CA1-RSC,uncued,RSC,151,0.02419
75,1,CA1-RSC,uncued,RSC,152,0.0
75,1,CA1-RSC,uncued,RSC,153,0.004402
75,1,CA1-RSC,uncued,RSC,154,0.0
75,1,CA1-RSC,uncued,RSC,155,0.0
75,1,CA1-RSC,uncued,RSC,156,0.007805
75,1,CA1-RSC,uncued,RSC,157,0.0
75,1,CA1-RSC,uncued,RSC,158,0.0
75,1,CA1-RSC,uncued,RSC,159,0.004232
75,1,CA1-RSC,uncued,RSC,160,0.001111
75,1,CA1-RSC,uncued,RSC,161,0.015362
75,1,CA1-RSC,uncued,RSC,162,0.063931
75,1,CA1-RSC,uncued,RSC,163,0.02778
75,1,CA1-RSC,uncued,RSC,164,0.02621
75,1,CA1-RSC,uncued,RSC,165,0.013837
75,1,CA1-RSC,uncued,RSC,166,0.745349
75,1,CA1-RSC,uncued,RSC,167,0.049347
75,1,CA1-RSC,uncued,RSC,168,0.056015
75,1,CA1-RSC,uncued,RSC,169,0.098764
75,1,CA1-RSC,uncued,RSC,170,0.010645
75,1,CA1-RSC,uncued,RSC,171,0.785731
75,1,CA1-RSC,uncued,RSC,172,0.01255
75,1,CA1-RSC,uncued,RSC,173,0.064887
75,1,CA1-RSC,uncued,RSC,174,0.027696
75,1,CA1-RSC,uncued,RSC,175,0.003279
75,1,CA1-RSC,uncued,RSC,176,0.038142
75,1,CA1-RSC,uncued,RSC,177,0.011866
75,1,CA1-RSC,uncued,RSC,178,0.005817
75,1,CA1-RSC,uncued,RSC,179,0.023405
75,1,CA1-RSC,uncued,RSC,180,0.009274
75,1,CA1-RSC,uncued,RSC,181,0.238025
75,1,CA1-RSC,uncued,RSC,182,0.001523
75,1,CA1-RSC,uncued,RSC,183,0.011462
75,1,CA1-RSC,uncued,RSC,184,0.026151
75,1,CA1-RSC,uncued,RSC,185,0.007955
75,1,CA1-RSC,uncued,RSC,186,0.039585
75,1,CA1-RSC,uncued,RSC,187,0.008093
75,1,CA1-RSC,uncued,RSC,188,0.000887
75,1,CA1-RSC,uncued,RSC,189,0.004688
75,1,CA1-RSC,uncued,RSC,190,0.023028
75,1,CA1-RSC,uncued,RSC,191,0.010558
75,1,CA1-RSC,uncued,RSC,192,0.00221
75,1,CA1-RSC,uncued,RSC,193,0.002853
75,1,CA1-RSC,uncued,RSC,194,0.007378
75,1,CA1-RSC,uncued,RSC,195,0.0
75,1,CA1-RSC,cued,CA1,0,1.028031
75,1,CA1-RSC,cued,CA1,1,0.034016
75,1,CA1-RSC,cued,CA1,2,1.081464
75,1,CA1-RSC,cued,CA1,3,0.015753
75,1,CA1-RSC,cued,CA1,4,0.211503
75,1,CA1-RSC,cued,CA1,5,0.992434
75,1,CA1-RSC,cued,CA1,6,0.2683
75,1,CA1-RSC,cued,CA1,7,1.040917
75,1,CA1-RSC,cued,CA1,8,0.919459
75,1,CA1-RSC,cued,CA1,9,0.940067
75,1,CA1-RSC,cued,CA1,10,0.025516
75,1,CA1-RSC,cued,CA1,11,0.092393
75,1,CA1-RSC,cued,CA1,12,0.010822
75,1,CA1-RSC,cued,CA1,13,0.0
75,1,CA1-RSC,cued,CA1,14,1.058806
75,1,CA1-RSC,cued,CA1,15,0.025003
75,1,CA1-RSC,cued,CA1,16,0.942551
75,1,CA1-RSC,cued,CA1,17,1.006043
75,1,CA1-RSC,cued,CA1,18,1.128008
75,1,CA1-RSC,cued,CA1,19,0.926628
75,1,CA1-RSC,cued,CA1,20,0.982584
75,1,CA1-RSC,cued,CA1,21,1.19822
75,1,CA1-RSC,cued,CA1,22,1.001353
75,1,CA1-RSC,cued,CA1,23,0.914426
75,1,CA1-RSC,cued,CA1,24,0.018073
75,1,CA1-RSC,cued,RSC,0,0.011606
75,1,CA1-RSC,cued,RSC,1,0.019965
75,1,CA1-RSC,cued,RSC,2,0.026137
75,1,CA1-RSC,cued,RSC,3,0.015045
75,1,CA1-RSC,cued,RSC,4,0.042828
75,1,CA1-RSC,cued,RSC,5,0.023305
75,1,CA1-RSC,cued,RSC,6,0.02865
75,1,CA1-RSC,cued,RSC,7,0.021419
75,1,CA1-RSC,cued,RSC,8,0.348636
75,1,CA1-RSC,cued,RSC,9,0.018981
75,1,CA1-RSC,cued,RSC,10,0.001931
75,1,CA1-RSC,cued,RSC,11,0.00336
75,1,CA1-RSC,cued,RSC,12,0.023034
75,1,CA1-RSC,cued,RSC,13,0.026049
75,1,CA1-RSC,cued,RSC,14,0.045918
75,1,CA1-RSC,cued,RSC,15,0.0
75,1,CA1-RSC,cued,RSC,16,0.020022
75,1,CA1-RSC,cued,RSC,17,0.015195
75,1,CA1-RSC,cued,RSC,18,0.018075
75,1,CA1-RSC,cued,RSC,19,0.033694
75,1,CA1-RSC,cued,RSC,20,0.090471
75,1,CA1-RSC,cued,RSC,21,0.003147
75,1,CA1-RSC,cued,RSC,22,0.010396
75,1,CA1-RSC,cued,RSC,23,0.015027
75,1,CA1-RSC,cued,RSC,24,0.001639
75,1,CA1-RSC,cued,RSC,25,0.02056
75,1,CA1-RSC,cued,RSC,26,0.06526
75,1,CA1-RSC,cued,RSC,27,0.012241
75,1,CA1-RSC,cued,RSC,28,0.066795
75,1,CA1-RSC,cued,RSC,29,0.048881
75,1,CA1-RSC,cued,RSC,30,0.006153
75,1,CA1-RSC,cued,RSC,31,0.039448
75,1,CA1-RSC,cued,RSC,32,0.007922
75,1,CA1-RSC,cued,RSC,33,0.012226
75,1,CA1-RSC,cued,RSC,34,0.002496
75,1,CA1-RSC,cued,RSC,35,0.271727
75,1,CA1-RSC,cued,RSC,36,0.003697
75,1,CA1-RSC,cued,RSC,37,0.597981
75,1,CA1-RSC,cued,RSC,38,0.012388
75,1,CA1-RSC,cued,RSC,39,0.0
75,1,CA1-RSC,cued,RSC,40,0.531766
75,1,CA1-RSC,cued,RSC,41,0.609936
75,1,CA1-RSC,cued,RSC,42,0.068873
75,1,CA1-RSC,cued,RSC,43,0.055209
75,1,CA1-RSC,cued,RSC,44,0.002837
75,1,CA1-RSC,cued,RSC,45,0.005406
75,1,CA1-RSC,cued,RSC,46,0.010593
75,1,CA1-RSC,cued,RSC,47,0.019918
75,1,CA1-RSC,cued,RSC,48,0.012006
75,1,CA1-RSC,cued,RSC,49,0.060714
75,1,CA1-RSC,cued,RSC,50,0.013017
75,1,CA1-RSC,cued,RSC,51,0.069833
75,1,CA1-RSC,cued,RSC,52,0.03545
75,1,CA1-RSC,cued,RSC,53,0.025777
75,1,CA1-RSC,cued,RSC,54,0.002362
75,1,CA1-RSC,cued,RSC,55,0.007473
75,1,CA1-RSC,cued,RSC,56,0.011306
75,1,CA1-RSC,cued,RSC,57,0.003158
75,1,CA1-RSC,cued,RSC,58,0.003219
75,1,CA1-RSC,cued,RSC,59,0.008393
75,1,CA1-RSC,cued,RSC,60,0.078361
75,1,CA1-RSC,cued,RSC,61,0.025777
75,1,CA1-RSC,cued,RSC,62,0.153726
75,1,CA1-RSC,cued,RSC,63,0.011587
75,1,CA1-RSC,cued,RSC,64,0.019731
75,1,CA1-RSC,cued,RSC,65,0.003215
75,1,CA1-RSC,cued,RSC,66,0.31634
75,1,CA1-RSC,cued,RSC,67,0.022052
75,1,CA1-RSC,cued,RSC,68,0.36158
75,1,CA1-RSC,cued,RSC,69,0.625138
75,1,CA1-RSC,cued,RSC,70,0.127772
75,1,CA1-RSC,cued,RSC,71,0.013746
75,1,CA1-RSC,cued,RSC,72,0.019332
75,1,CA1-RSC,cued,RSC,73,0.009445
75,1,CA1-RSC,cued,RSC,74,0.534794
75,1,CA1-RSC,cued,RSC,75,0.053733
75,1,CA1-RSC,cued,RSC,76,0.628163
75,1,CA1-RSC,cued,RSC,77,0.013915
75,1,CA1-RSC,cued,RSC,78,0.048819
75,1,CA1-RSC,cued,RSC,79,0.0
75,1,CA1-RSC,cued,RSC,80,0.061951
75,1,CA1-RSC,cued,RSC,81,0.02974
75,1,CA1-RSC,cued,RSC,82,0.037824
75,1,CA1-RSC,cued,RSC,83,0.03026
75,1,CA1-RSC,cued,RSC,84,0.112665
75,1,CA1-RSC,cued,RSC,85,0.033707
75,1,CA1-RSC,cued,RSC,86,0.084041
75,1,CA1-RSC,cued,RSC,87,0.037736
75,1,CA1-RSC,cued,RSC,88,0.042234
75,1,CA1-RSC,cued,RSC,89,0.017084
75,1,CA1-RSC,cued,RSC,90,0.022676
75,1,CA1-RSC,cued,RSC,91,0.036709
75,1,CA1-RSC,cued,RSC,92,0.023239
75,1,CA1-RSC,cued,RSC,93,0.074105
75,1,CA1-RSC,cued,RSC,94,0.004707
75,1,CA1-RSC,cued,RSC,95,0.040293
75,1,CA1-RSC,cued,RSC,96,0.003147
75,1,CA1-RSC,cued,RSC,97,0.029875
75,1,CA1-RSC,cued,RSC,98,0.029164
75,1,CA1-RSC,cued,RSC,99,0.00633
75,1,CA1-RSC,cued,RSC,100,0.013133
75,1,CA1-RSC,cued,RSC,101,0.008641
75,1,CA1-RSC,cued,RSC,102,0.025348
75,1,CA1-RSC,cued,RSC,103,0.107933
75,1,CA1-RSC,cued,RSC,104,0.032221
75,1,CA1-RSC,cued,RSC,105,0.004014
75,1,CA1-RSC,cued,RSC,106,0.239625
75,1,CA1-RSC,cued,RSC,107,0.006324
75,1,CA1-RSC,cued,RSC,108,0.014994
75,1,CA1-RSC,cued,RSC,109,0.036782
75,1,CA1-RSC,cued,RSC,110,0.042773
75,1,CA1-RSC,cued,RSC,111,0.0
75,1,CA1-RSC,cued,RSC,112,0.064356
75,1,CA1-RSC,cued,RSC,113,0.542433
75,1,CA1-RSC,cued,RSC,114,0.0
75,1,CA1-RSC,cued,RSC,115,0.013508
75,1,CA1-RSC,cued,RSC,116,0.019124
75,1,CA1-RSC,cued,RSC,117,0.014272
75,1,CA1-RSC,cued,RSC,118,0.100767
75,1,CA1-RSC,cued,RSC,119,0.0
75,1,CA1-RSC,cued,RSC,120,0.020925
75,1,CA1-RSC,cued,RSC,121,0.032479
75,1,CA1-RSC,cued,RSC,122,0.048021
75,1,CA1-RSC,cued,RSC,123,0.114977
75,1,CA1-RSC,cued,RSC,124,0.266819
75,1,CA1-RSC,cued,RSC,125,0.006612
75,1,CA1-RSC,cued,RSC,126,0.000978
75,1,CA1-RSC,cued,RSC,127,0.212148
75,1,CA1-RSC,cued,RSC,128,0.01726
75,1,CA1-RSC,cued,RSC,129,0.055647
75,1,CA1-RSC,cued,RSC,130,0.488102
75,1,CA1-RSC,cued,RSC,131,0.039653
75,1,CA1-RSC,cued,RSC,132,0.074182
75,1,CA1-RSC,cued,RSC,133,0.524825
75,1,CA1-RSC,cued,RSC,134,0.018189
75,1,CA1-RSC,cued,RSC,135,0.031034
75,1,CA1-RSC,cued,RSC,136,0.117626
75,1,CA1-RSC,cued,RSC,137,0.031024
75,1,CA1-RSC,cued,RSC,138,0.031346
75,1,CA1-RSC,cued,RSC,139,0.019326
75,1,CA1-RSC,cued,RSC,140,0.028964
75,1,CA1-RSC,cued,RSC,141,0.04919
75,1,CA1-RSC,cued,RSC,142,0.035316
75,1,CA1-RSC,cued,RSC,143,0.017582
75,1,CA1-RSC,cued,RSC,144,0.064384
75,1,CA1-RSC,cued,RSC,145,0.488125
75,1,CA1-RSC,cued,RSC,146,0.54246
75,1,CA1-RSC,cued,RSC,147,0.006298
75,1,CA1-RSC,cued,RSC,148,0.035388
75,1,CA1-RSC,cued,RSC,149,0.002091
75,1,CA1-RSC,cued,RSC,150,0.044316
75,1,CA1-RSC,cued,RSC,151,0.072522
75,1,CA1-RSC,cued,RSC,152,0.020155
75,1,CA1-RSC,cued,RSC,153,0.019638
75,1,CA1-RSC,cued,RSC,154,0.020072
75,1,CA1-RSC,cued,RSC,155,0.013886
75,1,CA1-RSC,cued,RSC,156,0.013482
75,1,CA1-RSC,cued,RSC,157,0.0
75,1,CA1-RSC,cued,RSC,158,0.046812
75,1,CA1-RSC,cued,RSC,159,0.011194
75,1,CA1-RSC,cued,RSC,160,0.012925
75,1,CA1-RSC,cued,RSC,161,0.03564
75,1,CA1-RSC,cued,RSC,162,0.025034
75,1,CA1-RSC,cued,RSC,163,0.012317
75,1,CA1-RSC,cued,RSC,164,0.076285
75,1,CA1-RSC,cued,RSC,165,0.07649
75,1,CA1-RSC,cued,RSC,166,0.032557
75,1,CA1-RSC,cued,RSC,167,0.035019
75,1,CA1-RSC,cued,RSC,168,0.024974
75,1,CA1-RSC,cued,RSC,169,0.06888
75,1,CA1-RSC,cued,RSC,170,0.047532
75,1,CA1-RSC,cued,RSC,171,0.018808
75,1,CA1-RSC,cued,RSC,172,0.002335
75,1,CA1-RSC,cued,RSC,173,0.015934
75,1,CA1-RSC,cued,RSC,174,0.031985
75,1,CA1-RSC,cued,RSC,175,0.029141
75,1,CA1-RSC,cued,RSC,176,0.03279
75,1,CA1-RSC,cued,RSC,177,0.057784
75,1,CA1-RSC,cued,RSC,178,0.112257
75,1,CA1-RSC,cued,RSC,179,0.101818
75,1,CA1-RSC,cued,RSC,180,0.07193
75,1,CA1-RSC,cued,RSC,181,0.033601
75,1,CA1-RSC,cued,RSC,182,0.021852
75,1,CA1-RSC,cued,RSC,183,0.008549
75,1,CA1-RSC,cued,RSC,184,0.028944
75,1,CA1-RSC,cued,RSC,185,0.142924
75,1,CA1-RSC,cued,RSC,186,0.052217
75,1,CA1-RSC,cued,RSC,187,0.00585
75,1,CA1-RSC,cued,RSC,188,0.004931
75,1,CA1-RSC,cued,RSC,189,0.03536
75,1,CA1-RSC,cued,RSC,190,0.013489
75,1,CA1-RSC,cued,RSC,191,0.018086
75,1,CA1-RSC,cued,RSC,192,0.001403
75,1,CA1-RSC,cued,RSC,193,0.564623
75,1,CA1-RSC,cued,RSC,194,0.021797
75,1,CA1-RSC,cued,RSC,195,0.545562
75,1,CA1-DG,uncued,CA1,0,1.089282
75,1,CA1-DG,uncued,CA1,1,0.137534
75,1,CA1-DG,uncued,CA1,2,1.105853
75,1,CA1-DG,uncued,CA1,3,0.017109
75,1,CA1-DG,uncued,CA1,4,0.048213
75,1,CA1-DG,uncued,CA1,5,1.058608
75,1,CA1-DG,uncued,CA1,6,0.984376
75,1,CA1-DG,uncued,CA1,7,0.733057
75,1,CA1-DG,uncued,CA1,8,1.110204
75,1,CA1-DG,uncued,CA1,9,1.062936
75,1,CA1-DG,uncued,CA1,10,1.182937
75,1,CA1-DG,uncued,CA1,11,0.0
75,1,CA1-DG,uncued,CA1,12,0.0
75,1,CA1-DG,uncued,CA1,13,0.0
75,1,CA1-DG,uncued,CA1,14,1.013799
75,1,CA1-DG,uncued,CA1,15,0.029179
75,1,CA1-DG,uncued,CA1,16,1.193054
75,1,CA1-DG,uncued,CA1,17,1.015522
75,1,CA1-DG,uncued,CA1,18,0.035536
75,1,CA1-DG,uncued,CA1,19,1.241849
75,1,CA1-DG,uncued,CA1,20,1.069467
75,1,CA1-DG,uncued,CA1,21,0.406937
75,1,CA1-DG,uncued,CA1,22,0.974719
75,1,CA1-DG,uncued,CA1,23,1.14586
75,1,CA1-DG,uncued,CA1,24,0.904419
75,1,CA1-DG,uncued,DG,0,0.045275
75,1,CA1-DG,uncued,DG,1,0.226481
75,1,CA1-DG,uncued,DG,2,0.024974
75,1,CA1-DG,uncued,DG,3,0.881874
75,1,CA1-DG,uncued,DG,4,0.247609
75,1,CA1-DG,uncued,DG,5,0.656589
75,1,CA1-DG,uncued,DG,6,0.479563
75,1,CA1-DG,uncued,DG,7,0.047224
75,1,CA1-DG,uncued,DG,8,0.825161
75,1,CA1-DG,uncued,DG,9,0.771
75,1,CA1-DG,uncued,DG,10,0.012351
75,1,CA1-DG,uncued,DG,11,0.011895
75,1,CA1-DG,uncued,DG,12,0.664374
75,1,CA1-DG,uncued,DG,13,0.756989
75,1,CA1-DG,uncued,DG,14,0.00801
75,1,CA1-DG,uncued,DG,15,0.068229
75,1,CA1-DG,uncued,DG,16,0.555528
75,1,CA1-DG,uncued,DG,17,0.661945
75,1,CA1-DG,uncued,DG,18,0.837987
75,1,CA1-DG,uncued,DG,19,0.741562
75,1,CA1-DG,uncued,DG,20,0.10188
75,1,CA1-DG,uncued,DG,21,0.282009
75,1,CA1-DG,uncued,DG,22,0.004684
75,1,CA1-DG,uncued,DG,23,0.004162
75,1,CA1-DG,uncued,DG,24,0.129255
75,1,CA1-DG,uncued,DG,25,0.210947
75,1,CA1-DG,uncued,DG,26,0.0
75,1,CA1-DG,uncued,DG,27,0.0
75,1,CA1-DG,uncued,DG,28,0.0
75,1,CA1-DG,uncued,DG,29,0.798578
75,1,CA1-DG,uncued,DG,30,0.829828
75,1,CA1-DG,uncued,DG,31,0.003694
75,1,CA1-DG,uncued,DG,32,0.064811
75,1,CA1-DG,uncued,DG,33,0.828013
75,1,CA1-DG,uncued,DG,34,0.057172
75,1,CA1-DG,uncued,DG,35,0.0
75,1,CA1-DG,uncued,DG,36,0.014644
75,1,CA1-DG,uncued,DG,37,0.16871
75,1,CA1-DG,uncued,DG,38,0.0
75,1,CA1-DG,uncued,DG,39,0.018581
75,1,CA1-DG,uncued,DG,40,0.345542
75,1,CA1-DG,uncued,DG,41,0.001234
75,1,CA1-DG,uncued,DG,42,0.004433
75,1,CA1-DG,uncued,DG,43,0.0
75,1,CA1-DG,uncued,DG,44,0.0
75,1,CA1-DG,uncued,DG,45,0.02732
75,1,CA1-DG,uncued,DG,46,0.0
75,1,CA1-DG,uncued,DG,47,0.0
75,1,CA1-DG,uncued,DG,48,0.302141
75,1,CA1-DG,uncued,DG,49,0.0
75,1,CA1-DG,uncued,DG,50,0.0
75,1,CA1-DG,uncued,DG,51,0.32262
75,1,CA1-DG,uncued,DG,52,0.127843
75,1,CA1-DG,uncued,DG,53,0.0
75,1,CA1-DG,uncued,DG,54,0.0
75,1,CA1-DG,uncued,DG,55,0.0
75,1,CA1-DG,uncued,DG,56,0.0
75,1,CA1-DG,uncued,DG,57,0.325077
75,1,CA1-DG,uncued,DG,58,0.140372
75,1,CA1-DG,uncued,DG,59,0.005641
75,1,CA1-DG,uncued,DG,60,0.85663
75,1,CA1-DG,uncued,DG,61,0.0
75,1,CA1-DG,cued,CA1,0,1.033514
75,1,CA1-DG,cued,CA1,1,0.036082
75,1,CA1-DG,cued,CA1,2,1.089139
75,1,CA1-DG,cued,CA1,3,0.016029
75,1,CA1-DG,cued,CA1,4,0.193726
75,1,CA1-DG,cued,CA1,5,0.982666
75,1,CA1-DG,cued,CA1,6,0.299931
75,1,CA1-DG,cued,CA1,7,1.048702
75,1,CA1-DG,cued,CA1,8,0.923321
75,1,CA1-DG,cued,CA1,9,0.947461
75,1,CA1-DG,cued,CA1,10,0.025461
75,1,CA1-DG,cued,CA1,11,0.091351
75,1,CA1-DG,cued,CA1,12,0.011043
75,1,CA1-DG,cued,CA1,13,0.0
75,1,CA1-DG,cued,CA1,14,1.069197
75,1,CA1-DG,cued,CA1,15,0.023603
75,1,CA1-DG,cued,CA1,16,0.950323
75,1,CA1-DG,cued,CA1,17,1.01144
75,1,CA1-DG,cued,CA1,18,1.138482
75,1,CA1-DG,cued,CA1,19,0.930732
75,1,CA1-DG,cued,CA1,20,0.987015
75,1,CA1-DG,cued,CA1,21,1.201358
75,1,CA1-DG,cued,CA1,22,1.006473
75,1,CA1-DG,cued,CA1,23,0.921165
75,1,CA1-DG,cued,CA1,24,0.017697
75,1,CA1-DG,cued,DG,0,0.341225
75,1,CA1-DG,cued,DG,1,0.167468
75,1,CA1-DG,cued,DG,2,0.031804
75,1,CA1-DG,cued,DG,3,0.346155
75,1,CA1-DG,cued,DG,4,0.214687
75,1,CA1-DG,cued,DG,5,0.351958
75,1,CA1-DG,cued,DG,6,0.674238
75,1,CA1-DG,cued,DG,7,0.006669
75,1,CA1-DG,cued,DG,8,0.327152
75,1,CA1-DG,cued,DG,9,0.120707
75,1,CA1-DG,cued,DG,10,0.017835
75,1,CA1-DG,cued,DG,11,0.027274
75,1,CA1-DG,cued,DG,12,0.366541
75,1,CA1-DG,cued,DG,13,0.698459
75,1,CA1-DG,cued,DG,14,0.034098
75,1,CA1-DG,cued,DG,15,0.185396
75,1,CA1-DG,cued,DG,16,0.349234
75,1,CA1-DG,cued,DG,17,0.64872
75,1,CA1-DG,cued,DG,18,0.757956
75,1,CA1-DG,cued,DG,19,0.670298
75,1,CA1-DG,cued,DG,20,0.109117
75,1,CA1-DG,cued,DG,21,0.304645
75,1,CA1-DG,cued,DG,22,0.01986
75,1,CA1-DG,cued,DG,23,0.119294
75,1,CA1-DG,cued,DG,24,0.048878
75,1,CA1-DG,cued,DG,25,0.046689
75,1,CA1-DG,cued,DG,26,0.803502
75,1,CA1-DG,cued,DG,27,0.0
75,1,CA1-DG,cued,DG,28,0.0
75,1,CA1-DG,cued,DG,29,0.011507
75,1,CA1-DG,cued,DG,30,0.559652
75,1,CA1-DG,cued,DG,31,0.009997
75,1,CA1-DG,cued,DG,32,0.603798
75,1,CA1-DG,cued,DG,33,0.75692
75,1,CA1-DG,cued,DG,34,0.347023
75,1,CA1-DG,cued,DG,35,0.0
75,1,CA1-DG,cued,DG,36,0.565472
75,1,CA1-DG,cued,DG,37,0.063021
75,1,CA1-DG,cued,DG,38,0.017425
75,1,CA1-DG,cued,DG,39,0.010646
75,1,CA1-DG,cued,DG,40,0.013508
75,1,CA1-DG,cued,DG,41,0.017276
75,1,CA1-DG,cued,DG,42,0.0
75,1,CA1-DG,cued,DG,43,0.0
75,1,CA1-DG,cued,DG,44,0.601008
75,1,CA1-DG,cued,DG,45,0.006212
75,1,CA1-DG,cued,DG,46,0.0
75,1,CA1-DG,cued,DG,47,0.0
75,1,CA1-DG,cued,DG,48,0.262928
75,1,CA1-DG,cued,DG,49,0.648268
75,1,CA1-DG,cued,DG,50,0.006009
75,1,CA1-DG,cued,DG,51,0.273131
75,1,CA1-DG,cued,DG,52,0.158017
75,1,CA1-DG,cued,DG,53,0.513027
75,1,CA1-DG,cued,DG,54,0.0
75,1,CA1-DG,cued,DG,55,0.0
75,1,CA1-DG,cued,DG,56,0.450661
75,1,CA1-DG,cued,DG,57,0.245855
75,1,CA1-DG,cued,DG,58,0.208736
75,1,CA1-DG,cued,DG,59,0.023714
75,1,CA1-DG,cued,DG,60,0.029846
75,1,CA1-DG,cued,DG,61,0.0
75,1,CA1-V1,uncued,CA1,0,1.091556
75,1,CA1-V1,uncued,CA1,1,0.136452
75,1,CA1-V1,uncued,CA1,2,1.106927
75,1,CA1-V1,uncued,CA1,3,0.018235
75,1,CA1-V1,uncued,CA1,4,0.048236
75,1,CA1-V1,uncued,CA1,5,1.066639
75,1,CA1-V1,uncued,CA1,6,0.983777
75,1,CA1-V1,uncued,CA1,7,0.736965
75,1,CA1-V1,uncued,CA1,8,1.114666
75,1,CA1-V1,uncued,CA1,9,1.065241
75,1,CA1-V1,uncued,CA1,10,1.187154
75,1,CA1-V1,uncued,CA1,11,0.0
75,1,CA1-V1,uncued,CA1,12,0.0
75,1,CA1-V1,uncued,CA1,13,0.0
75,1,CA1-V1,uncued,CA1,14,1.014832
75,1,CA1-V1,uncued,CA1,15,0.029916
75,1,CA1-V1,uncued,CA1,16,1.202061
75,1,CA1-V1,uncued,CA1,17,1.013611
75,1,CA1-V1,uncued,CA1,18,0.037853
75,1,CA1-V1,uncued,CA1,19,1.24158
75,1,CA1-V1,uncued,CA1,20,1.068927
75,1,CA1-V1,uncued,CA1,21,0.37917
75,1,CA1-V1,uncued,CA1,22,0.964955
75,1,CA1-V1,uncued,CA1,23,1.144941
75,1,CA1-V1,uncued,CA1,24,0.902711
75,1,CA1-V1,uncued,V1,0,0.425463
75,1,CA1-V1,uncued,V1,1,0.004053
75,1,CA1-V1,uncued,V1,2,0.092455
75,1,CA1-V1,uncued,V1,3,0.001784
75,1,CA1-V1,uncued,V1,4,0.824824
75,1,CA1-V1,uncued,V1,5,0.045435
75,1,CA1-V1,uncued,V1,6,0.008574
75,1,CA1-V1,uncued,V1,7,0.105445
75,1,CA1-V1,uncued,V1,8,0.045382
75,1,CA1-V1,uncued,V1,9,0.043503
75,1,CA1-V1,uncued,V1,10,0.662278
75,1,CA1-V1,uncued,V1,11,0.704688
75,1,CA1-V1,uncued,V1,12,0.825193
75,1,CA1-V1,uncued,V1,13,0.520273
75,1,CA1-V1,uncued,V1,14,0.911857
75,1,CA1-V1,uncued,V1,15,0.794611
75,1,CA1-V1,uncued,V1,16,0.167394
75,1,CA1-V1,uncued,V1,17,1.004773
75,1,CA1-V1,uncued,V1,18,0.282209
75,1,CA1-V1,uncued,V1,19,0.836789
75,1,CA1-V1,uncued,V1,20,0.017027
75,1,CA1-V1,uncued,V1,21,0.995988
75,1,CA1-V1,uncued,V1,22,0.112948
75,1,CA1-V1,uncued,V1,23,0.024652
75,1,CA1-V1,uncued,V1,24,0.008253
75,1,CA1-V1,uncued,V1,25,0.085006
75,1,CA1-V1,uncued,V1,26,0.090995
75,1,CA1-V1,uncued,V1,27,0.014208
75,1,CA1-V1,uncued,V1,28,0.007618
75,1,CA1-V1,uncued,V1,29,0.019619
75,1,CA1-V1,uncued,V1,30,0.092473
75,1,CA1-V1,uncued,V1,31,0.969184
75,1,CA1-V1,uncued,V1,32,0.002649
75,1,CA1-V1,uncued,V1,33,0.756262
75,1,CA1-V1,uncued,V1,34,0.005014
75,1,CA1-V1,uncued,V1,35,0.009471
75,1,CA1-V1,uncued,V1,36,0.018195
75,1,CA1-V1,uncued,V1,37,0.019029
75,1,CA1-V1,uncued,V1,38,0.018448
75,1,CA1-V1,uncued,V1,39,0.361154
75,1,CA1-V1,uncued,V1,40,0.913029
75,1,CA1-V1,uncued,V1,41,0.962917
75,1,CA1-V1,uncued,V1,42,0.946926
75,1,CA1-V1,uncued,V1,43,1.000615
75,1,CA1-V1,uncued,V1,44,0.064617
75,1,CA1-V1,uncued,V1,45,0.367353
75,1,CA1-V1,uncued,V1,46,0.684081
75,1,CA1-V1,uncued,V1,47,0.0089
75,1,CA1-V1,uncued,V1,48,0.0185
75,1,CA1-V1,uncued,V1,49,0.055594
75,1,CA1-V1,uncued,V1,50,0.029653
75,1,CA1-V1,uncued,V1,51,0.016599
75,1,CA1-V1,uncued,V1,52,0.00667
75,1,CA1-V1,uncued,V1,53,0.012759
75,1,CA1-V1,uncued,V1,54,0.031365
75,1,CA1-V1,uncued,V1,55,0.0204
75,1,CA1-V1,uncued,V1,56,0.01253
75,1,CA1-V1,uncued,V1,57,0.033063
75,1,CA1-V1,uncued,V1,58,0.0
75,1,CA1-V1,uncued,V1,59,0.023996
75,1,CA1-V1,uncued,V1,60,0.337782
75,1,CA1-V1,uncued,V1,61,0.804793
75,1,CA1-V1,uncued,V1,62,0.580173
75,1,CA1-V1,cued,CA1,0,1.034552
75,1,CA1-V1,cued,CA1,1,0.035735
75,1,CA1-V1,cued,CA1,2,1.089631
75,1,CA1-V1,cued,CA1,3,0.015971
75,1,CA1-V1,cued,CA1,4,0.177299
75,1,CA1-V1,cued,CA1,5,0.999477
75,1,CA1-V1,cued,CA1,6,0.306643
75,1,CA1-V1,cued,CA1,7,1.046278
75,1,CA1-V1,cued,CA1,8,0.924705
75,1,CA1-V1,cued,CA1,9,0.951584
75,1,CA1-V1,cued,CA1,10,0.026172
75,1,CA1-V1,cued,CA1,11,0.094555
75,1,CA1-V1,cued,CA1,12,0.011064
75,1,CA1-V1,cued,CA1,13,0.0
75,1,CA1-V1,cued,CA1,14,1.068194
75,1,CA1-V1,cued,CA1,15,0.024208
75,1,CA1-V1,cued,CA1,16,0.951644
75,1,CA1-V1,cued,CA1,17,1.010471
75,1,CA1-V1,cued,CA1,18,1.138544
75,1,CA1-V1,cued,CA1,19,0.929178
75,1,CA1-V1,cued,CA1,20,0.986856
75,1,CA1-V1,cued,CA1,21,1.200623
75,1,CA1-V1,cued,CA1,22,1.008305
75,1,CA1-V1,cued,CA1,23,0.920803
75,1,CA1-V1,cued,CA1,24,0.016397
75,1,CA1-V1,cued,V1,0,0.074566
75,1,CA1-V1,cued,V1,1,0.085793
75,1,CA1-V1,cued,V1,2,0.125716
75,1,CA1-V1,cued,V1,3,0.160921
75,1,CA1-V1,cued,V1,4,0.05443
75,1,CA1-V1,cued,V1,5,0.139606
75,1,CA1-V1,cued,V1,6,0.073285
75,1,CA1-V1,cued,V1,7,0.235341
75,1,CA1-V1,cued,V1,8,0.172769
75,1,CA1-V1,cued,V1,9,0.048296
75,1,CA1-V1,cued,V1,10,0.033285
75,1,CA1-V1,cued,V1,11,0.299561
75,1,CA1-V1,cued,V1,12,0.526097
75,1,CA1-V1,cued,V1,13,0.170603
75,1,CA1-V1,cued,V1,14,0.116297
75,1,CA1-V1,cued,V1,15,0.169367
75,1,CA1-V1,cued,V1,16,0.283899
75,1,CA1-V1,cued,V1,17,0.083854
75,1,CA1-V1,cued,V1,18,0.148561
75,1,CA1-V1,cued,V1,19,0.753644
75,1,CA1-V1,cued,V1,20,0.034595
75,1,CA1-V1,cued,V1,21,0.080229
75,1,CA1-V1,cued,V1,22,0.218644
75,1,CA1-V1,cued,V1,23,0.053997
75,1,CA1-V1,cued,V1,24,0.027049
75,1,CA1-V1,cued,V1,25,0.105108
75,1,CA1-V1,cued,V1,26,0.183236
75,1,CA1-V1,cued,V1,27,0.744012
75,1,CA1-V1,cued,V1,28,0.271939
75,1,CA1-V1,cued,V1,29,0.729689
75,1,CA1-V1,cued,V1,30,0.665205
75,1,CA1-V1,cued,V1,31,0.029555
75,1,CA1-V1,cued,V1,32,0.194267
75,1,CA1-V1,cued,V1,33,0.117999
75,1,CA1-V1,cued,V1,34,0.364163
75,1,CA1-V1,cued,V1,35,0.015201
75,1,CA1-V1,cued,V1,36,0.673045
75,1,CA1-V1,cued,V1,37,0.172788
75,1,CA1-V1,cued,V1,38,0.148781
75,1,CA1-V1,cued,V1,39,0.108929
75,1,CA1-V1,cued,V1,40,0.745708
75,1,CA1-V1,cued,V1,41,0.275513
75,1,CA1-V1,cued,V1,42,0.100589
75,1,CA1-V1,cued,V1,43,0.21191
75,1,CA1-V1,cued,V1,44,0.076516
75,1,CA1-V1,cued,V1,45,0.019955
75,1,CA1-V1,cued,V1,46,0.231094
75,1,CA1-V1,cued,V1,47,0.021158
75,1,CA1-V1,cued,V1,48,0.102169
75,1,CA1-V1,cued,V1,49,0.749828
75,1,CA1-V1,cued,V1,50,0.694377
75,1,CA1-V1,cued,V1,51,0.123022
75,1,CA1-V1,cued,V1,52,0.124769
75,1,CA1-V1,cued,V1,53,0.755618
75,1,CA1-V1,cued,V1,54,0.095984
75,1,CA1-V1,cued,V1,55,0.453831
75,1,CA1-V1,cued,V1,56,0.69111
75,1,CA1-V1,cued,V1,57,0.62026
75,1,CA1-V1,cued,V1,58,0.561033
75,1,CA1-V1,cued,V1,59,0.22065
75,1,CA1-V1,cued,V1,60,0.056142
75,1,CA1-V1,cued,V1,61,0.021935
75,1,CA1-V1,cued,V1,62,0.11498
75,1,CA1-SUB,uncued,CA1,0,1.090957
75,1,CA1-SUB,uncued,CA1,1,0.139437
75,1,CA1-SUB,uncued,CA1,2,1.108222
75,1,CA1-SUB,uncued,CA1,3,0.016857
75,1,CA1-SUB,uncued,CA1,4,0.047477
75,1,CA1-SUB,uncued,CA1,5,1.0652
75,1,CA1-SUB,uncued,CA1,6,0.982208
75,1,CA1-SUB,uncued,CA1,7,0.739537
75,1,CA1-SUB,uncued,CA1,8,1.112347
75,1,CA1-SUB,uncued,CA1,9,1.060866
75,1,CA1-SUB,uncued,CA1,10,1.18473
75,1,CA1-SUB,uncued,CA1,11,0.0
75,1,CA1-SUB,uncued,CA1,12,0.0
75,1,CA1-SUB,uncued,CA1,13,0.0
75,1,CA1-SUB,uncued,CA1,14,1.015565
75,1,CA1-SUB,uncued,CA1,15,0.030053
75,1,CA1-SUB,uncued,CA1,16,1.195016
75,1,CA1-SUB,uncued,CA1,17,1.015429
75,1,CA1-SUB,uncued,CA1,18,0.036909
75,1,CA1-SUB,uncued,CA1,19,1.243348
75,1,CA1-SUB,uncued,CA1,20,1.069198
75,1,CA1-SUB,uncued,CA1,21,0.405704
75,1,CA1-SUB,uncued,CA1,22,0.966163
75,1,CA1-SUB,uncued,CA1,23,1.14535
75,1,CA1-SUB,uncued,CA1,24,0.903551
75,1,CA1-SUB,uncued,SUB,0,0.156802
75,1,CA1-SUB,uncued,SUB,1,0.973392
75,1,CA1-SUB,uncued,SUB,2,0.081576
75,1,CA1-SUB,uncued,SUB,3,0.363342
75,1,CA1-SUB,uncued,SUB,4,0.991662
75,1,CA1-SUB,uncued,SUB,5,0.872896
75,1,CA1-SUB,uncued,SUB,6,0.252833
75,1,CA1-SUB,uncued,SUB,7,0.168007
75,1,CA1-SUB,uncued,SUB,8,0.165252
75,1,CA1-SUB,uncued,SUB,9,0.214522
75,1,CA1-SUB,uncued,SUB,10,0.899594
75,1,CA1-SUB,uncued,SUB,11,0.423934
75,1,CA1-SUB,uncued,SUB,12,0.38308
75,1,CA1-SUB,uncued,SUB,13,0.726362
75,1,CA1-SUB,uncued,SUB,14,0.14033
75,1,CA1-SUB,uncued,SUB,15,0.44847
75,1,CA1-SUB,uncued,SUB,16,0.456315
75,1,CA1-SUB,uncued,SUB,17,0.313159
75,1,CA1-SUB,uncued,SUB,18,0.416048
75,1,CA1-SUB,uncued,SUB,19,0.470432
75,1,CA1-SUB,uncued,SUB,20,0.491869
75,1,CA1-SUB,uncued,SUB,21,0.854305
75,1,CA1-SUB,uncued,SUB,22,0.248499
75,1,CA1-SUB,uncued,SUB,23,0.310323
75,1,CA1-SUB,uncued,SUB,24,0.908755
75,1,CA1-SUB,uncued,SUB,25,0.399235
75,1,CA1-SUB,uncued,SUB,26,0.431447
75,1,CA1-SUB,uncued,SUB,27,0.038024
75,1,CA1-SUB,uncued,SUB,28,0.714788
75,1,CA1-SUB,uncued,SUB,29,0.04947
75,1,CA1-SUB,uncued,SUB,30,0.880229
75,1,CA1-SUB,uncued,SUB,31,0.575846
75,1,CA1-SUB,uncued,SUB,32,0.909852
75,1,CA1-SUB,uncued,SUB,33,0.297516
75,1,CA1-SUB,uncued,SUB,34,0.960469
75,1,CA1-SUB,uncued,SUB,35,0.836496
75,1,CA1-SUB,uncued,SUB,36,0.027734
75,1,CA1-SUB,uncued,SUB,37,0.722513
75,1,CA1-SUB,cued,CA1,0,1.035754
75,1,CA1-SUB,cued,CA1,1,0.034938
75,1,CA1-SUB,cued,CA1,2,1.090569
75,1,CA1-SUB,cued,CA1,3,0.016361
75,1,CA1-SUB,cued,CA1,4,0.16641
75,1,CA1-SUB,cued,CA1,5,0.999202
75,1,CA1-SUB,cued,CA1,6,0.309754
75,1,CA1-SUB,cued,CA1,7,1.047515
75,1,CA1-SUB,cued,CA1,8,0.92536
75,1,CA1-SUB,cued,CA1,9,0.945117
75,1,CA1-SUB,cued,CA1,10,0.025146
75,1,CA1-SUB,cued,CA1,11,0.093227
75,1,CA1-SUB,cued,CA1,12,0.01114
75,1,CA1-SUB,cued,CA1,13,0.0
75,1,CA1-SUB,cued,CA1,14,1.066909
75,1,CA1-SUB,cued,CA1,15,0.02442
75,1,CA1-SUB,cued,CA1,16,0.95143
75,1,CA1-SUB,cued,CA1,17,1.01154
75,1,CA1-SUB,cued,CA1,18,1.139145
75,1,CA1-SUB,cued,CA1,19,0.930989
75,1,CA1-SUB,cued,CA1,20,0.988377
75,1,CA1-SUB,cued,CA1,21,1.202815
75,1,CA1-SUB,cued,CA1,22,1.00829
75,1,CA1-SUB,cued,CA1,23,0.921645
75,1,CA1-SUB,cued,CA1,24,0.01793
75,1,CA1-SUB,cued,SUB,0,0.872674
75,1,CA1-SUB,cued,SUB,1,0.884745
75,1,CA1-SUB,cued,SUB,2,0.231967
75,1,CA1-SUB,cued,SUB,3,0.109593
75,1,CA1-SUB,cued,SUB,4,0.886457
75,1,CA1-SUB,cued,SUB,5,0.177635
75,1,CA1-SUB,cued,SUB,6,0.264886
75,1,CA1-SUB,cued,SUB,7,0.833579
75,1,CA1-SUB,cued,SUB,8,0.298028
75,1,CA1-SUB,cued,SUB,9,0.225398
75,1,CA1-SUB,cued,SUB,10,0.481741
75,1,CA1-SUB,cued,SUB,11,0.308916
75,1,CA1-SUB,cued,SUB,12,0.322898
75,1,CA1-SUB,cued,SUB,13,0.724282
75,1,CA1-SUB,cued,SUB,14,0.869045
75,1,CA1-SUB,cued,SUB,15,0.406634
75,1,CA1-SUB,cued,SUB,16,0.239711
75,1,CA1-SUB,cued,SUB,17,0.645699
75,1,CA1-SUB,cued,SUB,18,0.495718
75,1,CA1-SUB,cued,SUB,19,0.471622
75,1,CA1-SUB,cued,SUB,20,0.610996
75,1,CA1-SUB,cued,SUB,21,0.580865
75,1,CA1-SUB,cued,SUB,22,0.863465
75,1,CA1-SUB,cued,SUB,23,0.547264
75,1,CA1-SUB,cued,SUB,24,0.686713
75,1,CA1-SUB,cued,SUB,25,0.321176
75,1,CA1-SUB,cued,SUB,26,0.522029
75,1,CA1-SUB,cued,SUB,27,0.021178
75,1,CA1-SUB,cued,SUB,28,0.587465
75,1,CA1-SUB,cued,SUB,29,0.104829
75,1,CA1-SUB,cued,SUB,30,0.648965
75,1,CA1-SUB,cued,SUB,31,0.503032
75,1,CA1-SUB,cued,SUB,32,0.624696
75,1,CA1-SUB,cued,SUB,33,0.385661
75,1,CA1-SUB,cued,SUB,34,0.832915
75,1,CA1-SUB,cued,SUB,35,0.238806
75,1,CA1-SUB,cued,SUB,36,0.165184
75,1,CA1-SUB,cued,SUB,37,0.770428
75,1,RSC-SUB,uncued,RSC,0,0.006763
75,1,RSC-SUB,uncued,RSC,1,0.034245
75,1,RSC-SUB,uncued,RSC,2,0.007715
75,1,RSC-SUB,uncued,RSC,3,0.048001
75,1,RSC-SUB,uncued,RSC,4,0.110741
75,1,RSC-SUB,uncued,RSC,5,0.11823
75,1,RSC-SUB,uncued,RSC,6,0.005807
75,1,RSC-SUB,uncued,RSC,7,0.009061
75,1,RSC-SUB,uncued,RSC,8,0.003278
75,1,RSC-SUB,uncued,RSC,9,0.041965
75,1,RSC-SUB,uncued,RSC,10,0.622779
75,1,RSC-SUB,uncued,RSC,11,0.006427
75,1,RSC-SUB,uncued,RSC,12,0.047459
75,1,RSC-SUB,uncued,RSC,13,0.519425
75,1,RSC-SUB,uncued,RSC,14,0.780281
75,1,RSC-SUB,uncued,RSC,15,0.0
75,1,RSC-SUB,uncued,RSC,16,0.084064
75,1,RSC-SUB,uncued,RSC,17,0.013774
75,1,RSC-SUB,uncued,RSC,18,0.049491
75,1,RSC-SUB,uncued,RSC,19,0.008129
75,1,RSC-SUB,uncued,RSC,20,0.06569
75,1,RSC-SUB,uncued,RSC,21,0.131311
75,1,RSC-SUB,uncued,RSC,22,0.007719
75,1,RSC-SUB,uncued,RSC,23,0.00607
75,1,RSC-SUB,uncued,RSC,24,0.020964
75,1,RSC-SUB,uncued,RSC,25,0.764888
75,1,RSC-SUB,uncued,RSC,26,0.0
75,1,RSC-SUB,uncued,RSC,27,0.017244
75,1,RSC-SUB,uncued,RSC,28,0.05152
75,1,RSC-SUB,uncued,RSC,29,0.02648
75,1,RSC-SUB,uncued,RSC,30,0.016719
75,1,RSC-SUB,uncued,RSC,31,0.018334
75,1,RSC-SUB,uncued,RSC,32,0.781633
75,1,RSC-SUB,uncued,RSC,33,0.033221
75,1,RSC-SUB,uncued,RSC,34,0.0074
75,1,RSC-SUB,uncued,RSC,35,0.00415
75,1,RSC-SUB,uncued,RSC,36,0.010027
75,1,RSC-SUB,uncued,RSC,37,0.0
75,1,RSC-SUB,uncued,RSC,38,0.005649
75,1,RSC-SUB,uncued,RSC,39,0.436974
75,1,RSC-SUB,uncued,RSC,40,0.002308
75,1,RSC-SUB,uncued,RSC,41,0.026596
75,1,RSC-SUB,uncued,RSC,42,0.027453
75,1,RSC-SUB,uncued,RSC,43,0.008436
75,1,RSC-SUB,uncued,RSC,44,0.0
75,1,RSC-SUB,uncued,RSC,45,0.0
75,1,RSC-SUB,uncued,RSC,46,0.523632
75,1,RSC-SUB,uncued,RSC,47,0.005886
75,1,RSC-SUB,uncued,RSC,48,0.0
75,1,RSC-SUB,uncued,RSC,49,0.05386
75,1,RSC-SUB,uncued,RSC,50,0.013807
75,1,RSC-SUB,uncued,RSC,51,0.091039
75,1,RSC-SUB,uncued,RSC,52,0.0
75,1,RSC-SUB,uncued,RSC,53,0.058371
75,1,RSC-SUB,uncued,RSC,54,0.018151
75,1,RSC-SUB,uncued,RSC,55,0.0
75,1,RSC-SUB,uncued,RSC,56,0.806885
75,1,RSC-SUB,uncued,RSC,57,0.00063
75,1,RSC-SUB,uncued,RSC,58,0.008413
75,1,RSC-SUB,uncued,RSC,59,0.002127
75,1,RSC-SUB,uncued,RSC,60,0.010533
75,1,RSC-SUB,uncued,RSC,61,0.280597
75,1,RSC-SUB,uncued,RSC,62,0.000925
75,1,RSC-SUB,uncued,RSC,63,0.005239
75,1,RSC-SUB,uncued,RSC,64,0.004942
75,1,RSC-SUB,uncued,RSC,65,0.00226
75,1,RSC-SUB,uncued,RSC,66,0.056993
75,1,RSC-SUB,uncued,RSC,67,0.00804
75,1,RSC-SUB,uncued,RSC,68,0.0
75,1,RSC-SUB,uncued,RSC,69,0.0
75,1,RSC-SUB,uncued,RSC,70,0.006286
75,1,RSC-SUB,uncued,RSC,71,0.002973
75,1,RSC-SUB,uncued,RSC,72,0.006035
75,1,RSC-SUB,uncued,RSC,73,0.001962
75,1,RSC-SUB,uncued,RSC,74,0.028443
75,1,RSC-SUB,uncued,RSC,75,0.025319
75,1,RSC-SUB,uncued,RSC,76,0.00423
75,1,RSC-SUB,uncued,RSC,77,0.019834
75,1,RSC-SUB,uncued,RSC,78,0.08309
75,1,RSC-SUB,uncued,RSC,79,0.0
75,1,RSC-SUB,uncued,RSC,80,0.014547
75,1,RSC-SUB,uncued,RSC,81,0.035588
75,1,RSC-SUB,uncued,RSC,82,0.049316
75,1,RSC-SUB,uncued,RSC,83,0.779165
75,1,RSC-SUB,uncued,RSC,84,0.016794
75,1,RSC-SUB,uncued,RSC,85,0.039876
75,1,RSC-SUB,uncued,RSC,86,0.025188
75,1,RSC-SUB,uncued,RSC,87,0.093307
75,1,RSC-SUB,uncued,RSC,88,0.019528
75,1,RSC-SUB,uncued,RSC,89,0.026636
75,1,RSC-SUB,uncued,RSC,90,0.01831
75,1,RSC-SUB,uncued,RSC,91,0.023792
75,1,RSC-SUB,uncued,RSC,92,0.040126
75,1,RSC-SUB,uncued,RSC,93,0.085002
75,1,RSC-SUB,uncued,RSC,94,0.017675
75,1,RSC-SUB,uncued,RSC,95,0.772325
75,1,RSC-SUB,uncued,RSC,96,0.704669
75,1,RSC-SUB,uncued,RSC,97,0.060065
75,1,RSC-SUB,uncued,RSC,98,0.085286
75,1,RSC-SUB,uncued,RSC,99,0.073453
75,1,RSC-SUB,uncued,RSC,100,0.025059
75,1,RSC-SUB,uncued,RSC,101,0.0
75,1,RSC-SUB,uncued,RSC,102,0.037159
75,1,RSC-SUB,uncued,RSC,103,0.005174
75,1,RSC-SUB,uncued,RSC,104,0.758301
75,1,RSC-SUB,uncued,RSC,105,0.0
75,1,RSC-SUB,uncued,RSC,106,0.0
75,1,RSC-SUB,uncued,RSC,107,0.022658
75,1,RSC-SUB,uncued,RSC,108,0.096292
75,1,RSC-SUB,uncued,RSC,109,0.02518
75,1,RSC-SUB,uncued,RSC,110,0.063898
75,1,RSC-SUB,uncued,RSC,111,0.0
75,1,RSC-SUB,uncued,RSC,112,0.171383
75,1,RSC-SUB,uncued,RSC,113,0.025451
75,1,RSC-SUB,uncued,RSC,114,0.21955
75,1,RSC-SUB,uncued,RSC,115,0.046248
75,1,RSC-SUB,uncued,RSC,116,0.02662
75,1,RSC-SUB,uncued,RSC,117,0.034113
75,1,RSC-SUB,uncued,RSC,118,0.00866
75,1,RSC-SUB,uncued,RSC,119,0.0
75,1,RSC-SUB,uncued,RSC,120,0.020001
75,1,RSC-SUB,uncued,RSC,121,0.022019
75,1,RSC-SUB,uncued,RSC,122,0.009379
75,1,RSC-SUB,uncued,RSC,123,0.004017
75,1,RSC-SUB,uncued,RSC,124,0.0
75,1,RSC-SUB,uncued,RSC,125,0.001888
75,1,RSC-SUB,uncued,RSC,126,0.0
75,1,RSC-SUB,uncued,RSC,127,0.009962
75,1,RSC-SUB,uncued,RSC,128,0.016482
75,1,RSC-SUB,uncued,RSC,129,0.013926
75,1,RSC-SUB,uncued,RSC,130,0.0
75,1,RSC-SUB,uncued,RSC,131,0.010464
75,1,RSC-SUB,uncued,RSC,132,0.014614
75,1,RSC-SUB,uncued,RSC,133,0.001604
75,1,RSC-SUB,uncued,RSC,134,0.041696
75,1,RSC-SUB,uncued,RSC,135,0.00263
75,1,RSC-SUB,uncued,RSC,136,0.001434
75,1,RSC-SUB,uncued,RSC,137,0.009101
75,1,RSC-SUB,uncued,RSC,138,0.023442
75,1,RSC-SUB,uncued,RSC,139,0.061479
75,1,RSC-SUB,uncued,RSC,140,0.044187
75,1,RSC-SUB,uncued,RSC,141,0.054254
75,1,RSC-SUB,uncued,RSC,142,0.038449
75,1,RSC-SUB,uncued,RSC,143,0.067548
75,1,RSC-SUB,uncued,RSC,144,0.025571
75,1,RSC-SUB,uncued,RSC,145,0.0
75,1,RSC-SUB,uncued,RSC,146,0.006265
75,1,RSC-SUB,uncued,RSC,147,0.01691
75,1,RSC-SUB,uncued,RSC,148,0.007046
75,1,RSC-SUB,uncued,RSC,149,0.003385
75,1,RSC-SUB,uncued,RSC,150,0.009374
75,1,RSC-SUB,uncued,RSC,151,0.024096
75,1,RSC-SUB,uncued,RSC,152,0.0
75,1,RSC-SUB,uncued,RSC,153,0.004516
75,1,RSC-SUB,uncued,RSC,154,0.0
75,1,RSC-SUB,uncued,RSC,155,0.0
75,1,RSC-SUB,uncued,RSC,156,0.007835
75,1,RSC-SUB,uncued,RSC,157,0.0
75,1,RSC-SUB,uncued,RSC,158,0.0
75,1,RSC-SUB,uncued,RSC,159,0.00417
75,1,RSC-SUB,uncued,RSC,160,0.00112
75,1,RSC-SUB,uncued,RSC,161,0.01584
75,1,RSC-SUB,uncued,RSC,162,0.06434
75,1,RSC-SUB,uncued,RSC,163,0.026194
75,1,RSC-SUB,uncued,RSC,164,0.027555
75,1,RSC-SUB,uncued,RSC,165,0.014089
75,1,RSC-SUB,uncued,RSC,166,0.744963
75,1,RSC-SUB,uncued,RSC,167,0.054816
75,1,RSC-SUB,uncued,RSC,168,0.05756
75,1,RSC-SUB,uncued,RSC,169,0.102318
75,1,RSC-SUB,uncued,RSC,170,0.011141
75,1,RSC-SUB,uncued,RSC,171,0.784823
75,1,RSC-SUB,uncued,RSC,172,0.01233
75,1,RSC-SUB,uncued,RSC,173,0.064074
75,1,RSC-SUB,uncued,RSC,174,0.029968
75,1,RSC-SUB,uncued,RSC,175,0.003263
75,1,RSC-SUB,uncued,RSC,176,0.039924
75,1,RSC-SUB,uncued,RSC,177,0.013155
75,1,RSC-SUB,uncued,RSC,178,0.005833
75,1,RSC-SUB,uncued,RSC,179,0.023428
75,1,RSC-SUB,uncued,RSC,180,0.009375
75,1,RSC-SUB,uncued,RSC,181,0.244688
75,1,RSC-SUB,uncued,RSC,182,0.00154
75,1,RSC-SUB,uncued,RSC,183,0.011457
75,1,RSC-SUB,uncued,RSC,184,0.027384
75,1,RSC-SUB,uncued,RSC,185,0.008094
75,1,RSC-SUB,uncued,RSC,186,0.039049
75,1,RSC-SUB,uncued,RSC,187,0.00866
75,1,RSC-SUB,uncued,RSC,188,0.000912
75,1,RSC-SUB,uncued,RSC,189,0.004815
75,1,RSC-SUB,uncued,RSC,190,0.02409
75,1,RSC-SUB,uncued,RSC,191,0.0108
75,1,RSC-SUB,uncued,RSC,192,0.002273
75,1,RSC-SUB,uncued,RSC,193,0.002871
75,1,RSC-SUB,uncued,RSC,194,0.007052
75,1,RSC-SUB,uncued,RSC,195,0.0
75,1,RSC-SUB,uncued,SUB,0,0.162954
75,1,RSC-SUB,uncued,SUB,1,0.966344
75,1,RSC-SUB,uncued,SUB,2,0.088852
75,1,RSC-SUB,uncued,SUB,3,0.389083
75,1,RSC-SUB,uncued,SUB,4,0.982337
75,1,RSC-SUB,uncued,SUB,5,0.851029
75,1,RSC-SUB,uncued,SUB,6,0.251942
75,1,RSC-SUB,uncued,SUB,7,0.17397
75,1,RSC-SUB,uncued,SUB,8,0.179247
75,1,RSC-SUB,uncued,SUB,9,0.196108
75,1,RSC-SUB,uncued,SUB,10,0.886867
75,1,RSC-SUB,uncued,SUB,11,0.394311
75,1,RSC-SUB,uncued,SUB,12,0.373615
75,1,RSC-SUB,uncued,SUB,13,0.725897
75,1,RSC-SUB,uncued,SUB,14,0.141423
75,1,RSC-SUB,uncued,SUB,15,0.411251
75,1,RSC-SUB,uncued,SUB,16,0.448368
75,1,RSC-SUB,uncued,SUB,17,0.330599
75,1,RSC-SUB,uncued,SUB,18,0.413027
75,1,RSC-SUB,uncued,SUB,19,0.460847
75,1,RSC-SUB,uncued,SUB,20,0.486549
75,1,RSC-SUB,uncued,SUB,21,0.84922
75,1,RSC-SUB,uncued,SUB,22,0.246293
75,1,RSC-SUB,uncued,SUB,23,0.322482
75,1,RSC-SUB,uncued,SUB,24,0.895721
75,1,RSC-SUB,uncued,SUB,25,0.500795
75,1,RSC-SUB,uncued,SUB,26,0.449811
75,1,RSC-SUB,uncued,SUB,27,0.03869
75,1,RSC-SUB,uncued,SUB,28,0.677212
75,1,RSC-SUB,uncued,SUB,29,0.050354
75,1,RSC-SUB,uncued,SUB,30,0.87363
75,1,RSC-SUB,uncued,SUB,31,0.535082
75,1,RSC-SUB,uncued,SUB,32,0.902608
75,1,RSC-SUB,uncued,SUB,33,0.278727
75,1,RSC-SUB,uncued,SUB,34,0.954446
75,1,RSC-SUB,uncued,SUB,35,0.829456
75,1,RSC-SUB,uncued,SUB,36,0.032164
75,1,RSC-SUB,uncued,SUB,37,0.715271
75,1,RSC-SUB,cued,RSC,0,0.012649
75,1,RSC-SUB,cued,RSC,1,0.019709
75,1,RSC-SUB,cued,RSC,2,0.026845
75,1,RSC-SUB,cued,RSC,3,0.015122
75,1,RSC-SUB,cued,RSC,4,0.042899
75,1,RSC-SUB,cued,RSC,5,0.023009
75,1,RSC-SUB,cued,RSC,6,0.029164
75,1,RSC-SUB,cued,RSC,7,0.023508
75,1,RSC-SUB,cued,RSC,8,0.348244
75,1,RSC-SUB,cued,RSC,9,0.02223
75,1,RSC-SUB,cued,RSC,10,0.002234
75,1,RSC-SUB,cued,RSC,11,0.003509
75,1,RSC-SUB,cued,RSC,12,0.024411
75,1,RSC-SUB,cued,RSC,13,0.026807
75,1,RSC-SUB,cued,RSC,14,0.048119
75,1,RSC-SUB,cued,RSC,15,0.0
75,1,RSC-SUB,cued,RSC,16,0.019492
75,1,RSC-SUB,cued,RSC,17,0.015264
75,1,RSC-SUB,cued,RSC,18,0.018649
75,1,RSC-SUB,cued,RSC,19,0.032824
75,1,RSC-SUB,cued,RSC,20,0.092645
75,1,RSC-SUB,cued,RSC,21,0.002951
75,1,RSC-SUB,cued,RSC,22,0.010971
75,1,RSC-SUB,cued,RSC,23,0.013954
75,1,RSC-SUB,cued,RSC,24,0.002065
75,1,RSC-SUB,cued,RSC,25,0.018071
75,1,RSC-SUB,cued,RSC,26,0.063143
75,1,RSC-SUB,cued,RSC,27,0.012633
75,1,RSC-SUB,cued,RSC,28,0.066679
75,1,RSC-SUB,cued,RSC,29,0.049989
75,1,RSC-SUB,cued,RSC,30,0.006318
75,1,RSC-SUB,cued,RSC,31,0.03817
75,1,RSC-SUB,cued,RSC,32,0.008224
75,1,RSC-SUB,cued,RSC,33,0.012282
75,1,RSC-SUB,cued,RSC,34,0.002802
75,1,RSC-SUB,cued,RSC,35,0.258744
75,1,RSC-SUB,cued,RSC,36,0.004475
75,1,RSC-SUB,cued,RSC,37,0.598528
75,1,RSC-SUB,cued,RSC,38,0.013437
75,1,RSC-SUB,cued,RSC,39,0.0
75,1,RSC-SUB,cued,RSC,40,0.531667
75,1,RSC-SUB,cued,RSC,41,0.6054
75,1,RSC-SUB,cued,RSC,42,0.069944
75,1,RSC-SUB,cued,RSC,43,0.054959
75,1,RSC-SUB,cued,RSC,44,0.003763
75,1,RSC-SUB,cued,RSC,45,0.005691
75,1,RSC-SUB,cued,RSC,46,0.010166
75,1,RSC-SUB,cued,RSC,47,0.021344
75,1,RSC-SUB,cued,RSC,48,0.011961
75,1,RSC-SUB,cued,RSC,49,0.062514
75,1,RSC-SUB,cued,RSC,50,0.012852
75,1,RSC-SUB,cued,RSC,51,0.071752
75,1,RSC-SUB,cued,RSC,52,0.038488
75,1,RSC-SUB,cued,RSC,53,0.028912
75,1,RSC-SUB,cued,RSC,54,0.002569
75,1,RSC-SUB,cued,RSC,55,0.007202
75,1,RSC-SUB,cued,RSC,56,0.011763
75,1,RSC-SUB,cued,RSC,57,0.00314
75,1,RSC-SUB,cued,RSC,58,0.003049
75,1,RSC-SUB,cued,RSC,59,0.008694
75,1,RSC-SUB,cued,RSC,60,0.080753
75,1,RSC-SUB,cued,RSC,61,0.027668
75,1,RSC-SUB,cued,RSC,62,0.151185
75,1,RSC-SUB,cued,RSC,63,0.011813
75,1,RSC-SUB,cued,RSC,64,0.019455
75,1,RSC-SUB,cued,RSC,65,0.003247
75,1,RSC-SUB,cued,RSC,66,0.305821
75,1,RSC-SUB,cued,RSC,67,0.022258
75,1,RSC-SUB,cued,RSC,68,0.354376
75,1,RSC-SUB,cued,RSC,69,0.625056
75,1,RSC-SUB,cued,RSC,70,0.127639
75,1,RSC-SUB,cued,RSC,71,0.01442
75,1,RSC-SUB,cued,RSC,72,0.019378
75,1,RSC-SUB,cued,RSC,73,0.009708
75,1,RSC-SUB,cued,RSC,74,0.534569
75,1,RSC-SUB,cued,RSC,75,0.054136
75,1,RSC-SUB,cued,RSC,76,0.626506
75,1,RSC-SUB,cued,RSC,77,0.013271
75,1,RSC-SUB,cued,RSC,78,0.049073
75,1,RSC-SUB,cued,RSC,79,0.0
75,1,RSC-SUB,cued,RSC,80,0.061241
75,1,RSC-SUB,cued,RSC,81,0.03065
75,1,RSC-SUB,cued,RSC,82,0.041065
75,1,RSC-SUB,cued,RSC,83,0.031342
75,1,RSC-SUB,cued,RSC,84,0.117609
75,1,RSC-SUB,cued,RSC,85,0.034277
75,1,RSC-SUB,cued,RSC,86,0.091746
75,1,RSC-SUB,cued,RSC,87,0.037101
75,1,RSC-SUB,cued,RSC,88,0.044093
75,1,RSC-SUB,cued,RSC,89,0.017319
75,1,RSC-SUB,cued,RSC,90,0.024319
75,1,RSC-SUB,cued,RSC,91,0.037001
75,1,RSC-SUB,cued,RSC,92,0.023483
75,1,RSC-SUB,cued,RSC,93,0.073322
75,1,RSC-SUB,cued,RSC,94,0.004685
75,1,RSC-SUB,cued,RSC,95,0.047394
75,1,RSC-SUB,cued,RSC,96,0.002959
75,1,RSC-SUB,cued,RSC,97,0.029144
75,1,RSC-SUB,cued,RSC,98,0.029229
75,1,RSC-SUB,cued,RSC,99,0.0067
75,1,RSC-SUB,cued,RSC,100,0.013276
75,1,RSC-SUB,cued,RSC,101,0.007952
75,1,RSC-SUB,cued,RSC,102,0.026116
75,1,RSC-SUB,cued,RSC,103,0.107773
75,1,RSC-SUB,cued,RSC,104,0.03178
75,1,RSC-SUB,cued,RSC,105,0.004413
75,1,RSC-SUB,cued,RSC,106,0.198175
75,1,RSC-SUB,cued,RSC,107,0.00656
75,1,RSC-SUB,cued,RSC,108,0.016292
75,1,RSC-SUB,cued,RSC,109,0.033868
75,1,RSC-SUB,cued,RSC,110,0.041963
75,1,RSC-SUB,cued,RSC,111,0.0
75,1,RSC-SUB,cued,RSC,112,0.061553
75,1,RSC-SUB,cued,RSC,113,0.541884
75,1,RSC-SUB,cued,RSC,114,0.0
75,1,RSC-SUB,cued,RSC,115,0.014747
75,1,RSC-SUB,cued,RSC,116,0.019256
75,1,RSC-SUB,cued,RSC,117,0.014084
75,1,RSC-SUB,cued,RSC,118,0.105585
75,1,RSC-SUB,cued,RSC,119,0.0
75,1,RSC-SUB,cued,RSC,120,0.020224
75,1,RSC-SUB,cued,RSC,121,0.032277
75,1,RSC-SUB,cued,RSC,122,0.051178
75,1,RSC-SUB,cued,RSC,123,0.114446
75,1,RSC-SUB,cued,RSC,124,0.244341
75,1,RSC-SUB,cued,RSC,125,0.00643
75,1,RSC-SUB,cued,RSC,126,0.000962
75,1,RSC-SUB,cued,RSC,127,0.214445
75,1,RSC-SUB,cued,RSC,128,0.017981
75,1,RSC-SUB,cued,RSC,129,0.0559
75,1,RSC-SUB,cued,RSC,130,0.487145
75,1,RSC-SUB,cued,RSC,131,0.042046
75,1,RSC-SUB,cued,RSC,132,0.077564
75,1,RSC-SUB,cued,RSC,133,0.528382
75,1,RSC-SUB,cued,RSC,134,0.020339
75,1,RSC-SUB,cued,RSC,135,0.030191
75,1,RSC-SUB,cued,RSC,136,0.125453
75,1,RSC-SUB,cued,RSC,137,0.032778
75,1,RSC-SUB,cued,RSC,138,0.034379
75,1,RSC-SUB,cued,RSC,139,0.020892
75,1,RSC-SUB,cued,RSC,140,0.032234
75,1,RSC-SUB,cued,RSC,141,0.049579
75,1,RSC-SUB,cued,RSC,142,0.036004
75,1,RSC-SUB,cued,RSC,143,0.015838
75,1,RSC-SUB,cued,RSC,144,0.065525
75,1,RSC-SUB,cued,RSC,145,0.487932
75,1,RSC-SUB,cued,RSC,146,0.560185
75,1,RSC-SUB,cued,RSC,147,0.006115
75,1,RSC-SUB,cued,RSC,148,0.035522
75,1,RSC-SUB,cued,RSC,149,0.002156
75,1,RSC-SUB,cued,RSC,150,0.044526
75,1,RSC-SUB,cued,RSC,151,0.070442
75,1,RSC-SUB,cued,RSC,152,0.020214
75,1,RSC-SUB,cued,RSC,153,0.020054
75,1,RSC-SUB,cued,RSC,154,0.020485
75,1,RSC-SUB,cued,RSC,155,0.011653
75,1,RSC-SUB,cued,RSC,156,0.012943
75,1,RSC-SUB,cued,RSC,157,0.0
75,1,RSC-SUB,cued,RSC,158,0.048069
75,1,RSC-SUB,cued,RSC,159,0.012028
75,1,RSC-SUB,cued,RSC,160,0.013004
75,1,RSC-SUB,cued,RSC,161,0.035683
75,1,RSC-SUB,cued,RSC,162,0.025326
75,1,RSC-SUB,cued,RSC,163,0.018399
75,1,RSC-SUB,cued,RSC,164,0.075601
75,1,RSC-SUB,cued,RSC,165,0.075756
75,1,RSC-SUB,cued,RSC,166,0.032355
75,1,RSC-SUB,cued,RSC,167,0.035191
75,1,RSC-SUB,cued,RSC,168,0.025382
75,1,RSC-SUB,cued,RSC,169,0.07317
75,1,RSC-SUB,cued,RSC,170,0.049621
75,1,RSC-SUB,cued,RSC,171,0.020886
75,1,RSC-SUB,cued,RSC,172,0.002201
75,1,RSC-SUB,cued,RSC,173,0.016625
75,1,RSC-SUB,cued,RSC,174,0.032714
75,1,RSC-SUB,cued,RSC,175,0.029784
75,1,RSC-SUB,cued,RSC,176,0.035674
75,1,RSC-SUB,cued,RSC,177,0.065127
75,1,RSC-SUB,cued,RSC,178,0.111224
75,1,RSC-SUB,cued,RSC,179,0.097983
75,1,RSC-SUB,cued,RSC,180,0.072314
75,1,RSC-SUB,cued,RSC,181,0.034604
75,1,RSC-SUB,cued,RSC,182,0.024537
75,1,RSC-SUB,cued,RSC,183,0.008805
75,1,RSC-SUB,cued,RSC,184,0.028569
75,1,RSC-SUB,cued,RSC,185,0.148901
75,1,RSC-SUB,cued,RSC,186,0.051426
75,1,RSC-SUB,cued,RSC,187,0.005688
75,1,RSC-SUB,cued,RSC,188,0.005141
75,1,RSC-SUB,cued,RSC,189,0.035633
75,1,RSC-SUB,cued,RSC,190,0.013351
75,1,RSC-SUB,cued,RSC,191,0.017912
75,1,RSC-SUB,cued,RSC,192,0.001617
75,1,RSC-SUB,cued,RSC,193,0.563755
75,1,RSC-SUB,cued,RSC,194,0.021441
75,1,RSC-SUB,cued,RSC,195,0.544442
75,1,RSC-SUB,cued,SUB,0,0.858254
75,1,RSC-SUB,cued,SUB,1,0.880975
75,1,RSC-SUB,cued,SUB,2,0.224437
75,1,RSC-SUB,cued,SUB,3,0.108844
75,1,RSC-SUB,cued,SUB,4,0.875581
75,1,RSC-SUB,cued,SUB,5,0.183783
75,1,RSC-SUB,cued,SUB,6,0.260195
75,1,RSC-SUB,cued,SUB,7,0.822754
75,1,RSC-SUB,cued,SUB,8,0.362936
75,1,RSC-SUB,cued,SUB,9,0.260806
75,1,RSC-SUB,cued,SUB,10,0.491982
75,1,RSC-SUB,cued,SUB,11,0.284764
75,1,RSC-SUB,cued,SUB,12,0.299867
75,1,RSC-SUB,cued,SUB,13,0.690566
75,1,RSC-SUB,cued,SUB,14,0.851716
75,1,RSC-SUB,cued,SUB,15,0.385224
75,1,RSC-SUB,cued,SUB,16,0.225911
75,1,RSC-SUB,cued,SUB,17,0.76245
75,1,RSC-SUB,cued,SUB,18,0.471437
75,1,RSC-SUB,cued,SUB,19,0.482868
75,1,RSC-SUB,cued,SUB,20,0.596825
75,1,RSC-SUB,cued,SUB,21,0.536032
75,1,RSC-SUB,cued,SUB,22,0.857139
75,1,RSC-SUB,cued,SUB,23,0.547201
75,1,RSC-SUB,cued,SUB,24,0.53563
75,1,RSC-SUB,cued,SUB,25,0.516795
75,1,RSC-SUB,cued,SUB,26,0.374409
75,1,RSC-SUB,cued,SUB,27,0.019028
75,1,RSC-SUB,cued,SUB,28,0.644644
75,1,RSC-SUB,cued,SUB,29,0.108409
75,1,RSC-SUB,cued,SUB,30,0.62373
75,1,RSC-SUB,cued,SUB,31,0.519202
75,1,RSC-SUB,cued,SUB,32,0.578697
75,1,RSC-SUB,cued,SUB,33,0.398614
75,1,RSC-SUB,cued,SUB,34,0.782868
75,1,RSC-SUB,cued,SUB,35,0.222002
75,1,RSC-SUB,cued,SUB,36,0.194134
75,1,RSC-SUB,cued,SUB,37,0.765061
75,1,V1-RSC,uncued,V1,0,0.440888
75,1,V1-RSC,uncued,V1,1,0.004016
75,1,V1-RSC,uncued,V1,2,0.118258
75,1,V1-RSC,uncued,V1,3,0.001696
75,1,V1-RSC,uncued,V1,4,0.820306
75,1,V1-RSC,uncued,V1,5,0.061296
75,1,V1-RSC,uncued,V1,6,0.008617
75,1,V1-RSC,uncued,V1,7,0.148027
75,1,V1-RSC,uncued,V1,8,0.050339
75,1,V1-RSC,uncued,V1,9,0.068876
75,1,V1-RSC,uncued,V1,10,0.704295
75,1,V1-RSC,uncued,V1,11,0.703632
75,1,V1-RSC,uncued,V1,12,0.806132
75,1,V1-RSC,uncued,V1,13,0.516034
75,1,V1-RSC,uncued,V1,14,0.896996
75,1,V1-RSC,uncued,V1,15,0.780886
75,1,V1-RSC,uncued,V1,16,0.191458
75,1,V1-RSC,uncued,V1,17,0.997014
75,1,V1-RSC,uncued,V1,18,0.262318
75,1,V1-RSC,uncued,V1,19,0.830934
75,1,V1-RSC,uncued,V1,20,0.017461
75,1,V1-RSC,uncued,V1,21,0.96706
75,1,V1-RSC,uncued,V1,22,0.124344
75,1,V1-RSC,uncued,V1,23,0.024554
75,1,V1-RSC,uncued,V1,24,0.008689
75,1,V1-RSC,uncued,V1,25,0.087641
75,1,V1-RSC,uncued,V1,26,0.107069
75,1,V1-RSC,uncued,V1,27,0.01393
75,1,V1-RSC,uncued,V1,28,0.009646
75,1,V1-RSC,uncued,V1,29,0.019865
75,1,V1-RSC,uncued,V1,30,0.093897
75,1,V1-RSC,uncued,V1,31,0.959213
75,1,V1-RSC,uncued,V1,32,0.002802
75,1,V1-RSC,uncued,V1,33,0.750787
75,1,V1-RSC,uncued,V1,34,0.005235
75,1,V1-RSC,uncued,V1,35,0.009319
75,1,V1-RSC,uncued,V1,36,0.020984
75,1,V1-RSC,uncued,V1,37,0.023795
75,1,V1-RSC,uncued,V1,38,0.020197
75,1,V1-RSC,uncued,V1,39,0.368734
75,1,V1-RSC,uncued,V1,40,0.905677
75,1,V1-RSC,uncued,V1,41,0.95753
75,1,V1-RSC,uncued,V1,42,0.91969
75,1,V1-RSC,uncued,V1,43,0.995794
75,1,V1-RSC,uncued,V1,44,0.063671
75,1,V1-RSC,uncued,V1,45,0.389635
75,1,V1-RSC,uncued,V1,46,0.680603
75,1,V1-RSC,uncued,V1,47,0.009233
75,1,V1-RSC,uncued,V1,48,0.024475
75,1,V1-RSC,uncued,V1,49,0.064571
75,1,V1-RSC,uncued,V1,50,0.029532
75,1,V1-RSC,uncued,V1,51,0.01713
75,1,V1-RSC,uncued,V1,52,0.006929
75,1,V1-RSC,uncued,V1,53,0.012164
75,1,V1-RSC,uncued,V1,54,0.034449
75,1,V1-RSC,uncued,V1,55,0.018613
75,1,V1-RSC,uncued,V1,56,0.013295
75,1,V1-RSC,uncued,V1,57,0.036584
75,1,V1-RSC,uncued,V1,58,0.004207
75,1,V1-RSC,uncued,V1,59,0.032297
75,1,V1-RSC,uncued,V1,60,0.346992
75,1,V1-RSC,uncued,V1,61,0.775709
75,1,V1-RSC,uncued,V1,62,0.575851
75,1,V1-RSC,uncued,RSC,0,0.007016
75,1,V1-RSC,uncued,RSC,1,0.033629
75,1,V1-RSC,uncued,RSC,2,0.007474
75,1,V1-RSC,uncued,RSC,3,0.045546
75,1,V1-RSC,uncued,RSC,4,0.105773
75,1,V1-RSC,uncued,RSC,5,0.115902
75,1,V1-RSC,uncued,RSC,6,0.006311
75,1,V1-RSC,uncued,RSC,7,0.008651
75,1,V1-RSC,uncued,RSC,8,0.003191
75,1,V1-RSC,uncued,RSC,9,0.042155
75,1,V1-RSC,uncued,RSC,10,0.623289
75,1,V1-RSC,uncued,RSC,11,0.006476
75,1,V1-RSC,uncued,RSC,12,0.034991
75,1,V1-RSC,uncued,RSC,13,0.51967
75,1,V1-RSC,uncued,RSC,14,0.778977
75,1,V1-RSC,uncued,RSC,15,0.0
75,1,V1-RSC,uncued,RSC,16,0.079367
75,1,V1-RSC,uncued,RSC,17,0.013512
75,1,V1-RSC,uncued,RSC,18,0.048946
75,1,V1-RSC,uncued,RSC,19,0.007687
75,1,V1-RSC,uncued,RSC,20,0.063242
75,1,V1-RSC,uncued,RSC,21,0.1435
75,1,V1-RSC,uncued,RSC,22,0.007267
75,1,V1-RSC,uncued,RSC,23,0.006093
75,1,V1-RSC,uncued,RSC,24,0.021276
75,1,V1-RSC,uncued,RSC,25,0.763644
75,1,V1-RSC,uncued,RSC,26,0.0
75,1,V1-RSC,uncued,RSC,27,0.019297
75,1,V1-RSC,uncued,RSC,28,0.049303
75,1,V1-RSC,uncued,RSC,29,0.02479
75,1,V1-RSC,uncued,RSC,30,0.016682
75,1,V1-RSC,uncued,RSC,31,0.018954
75,1,V1-RSC,uncued,RSC,32,0.786453
75,1,V1-RSC,uncued,RSC,33,0.032233
75,1,V1-RSC,uncued,RSC,34,0.007412
75,1,V1-RSC,uncued,RSC,35,0.003978
75,1,V1-RSC,uncued,RSC,36,0.009972
75,1,V1-RSC,uncued,RSC,37,0.0
75,1,V1-RSC,uncued,RSC,38,0.005424
75,1,V1-RSC,uncued,RSC,39,0.437639
75,1,V1-RSC,uncued,RSC,40,0.002293
75,1,V1-RSC,uncued,RSC,41,0.027935
75,1,V1-RSC,uncued,RSC,42,0.026785
75,1,V1-RSC,uncued,RSC,43,0.008678
75,1,V1-RSC,uncued,RSC,44,0.0
75,1,V1-RSC,uncued,RSC,45,0.0
75,1,V1-RSC,uncued,RSC,46,0.524032
75,1,V1-RSC,uncued,RSC,47,0.005573
75,1,V1-RSC,uncued,RSC,48,0.0
75,1,V1-RSC,uncued,RSC,49,0.049962
75,1,V1-RSC,uncued,RSC,50,0.015015
75,1,V1-RSC,uncued,RSC,51,0.099129
75,1,V1-RSC,uncued,RSC,52,0.0
75,1,V1-RSC,uncued,RSC,53,0.056442
75,1,V1-RSC,uncued,RSC,54,0.017245
75,1,V1-RSC,uncued,RSC,55,0.0
75,1,V1-RSC,uncued,RSC,56,0.806674
75,1,V1-RSC,uncued,RSC,57,0.000602
75,1,V1-RSC,uncued,RSC,58,0.008704
75,1,V1-RSC,uncued,RSC,59,0.002198
75,1,V1-RSC,uncued,RSC,60,0.010615
75,1,V1-RSC,uncued,RSC,61,0.279127
75,1,V1-RSC,uncued,RSC,62,0.000976
75,1,V1-RSC,uncued,RSC,63,0.005568
75,1,V1-RSC,uncued,RSC,64,0.004674
75,1,V1-RSC,uncued,RSC,65,0.002043
75,1,V1-RSC,uncued,RSC,66,0.06873
75,1,V1-RSC,uncued,RSC,67,0.007856
75,1,V1-RSC,uncued,RSC,68,0.0
75,1,V1-RSC,uncued,RSC,69,0.0
75,1,V1-RSC,uncued,RSC,70,0.006261
75,1,V1-RSC,uncued,RSC,71,0.002922
75,1,V1-RSC,uncued,RSC,72,0.005725
75,1,V1-RSC,uncued,RSC,73,0.001927
75,1,V1-RSC,uncued,RSC,74,0.028144
75,1,V1-RSC,uncued,RSC,75,0.023694
75,1,V1-RSC,uncued,RSC,76,0.004324
75,1,V1-RSC,uncued,RSC,77,0.022358
75,1,V1-RSC,uncued,RSC,78,0.079103
75,1,V1-RSC,uncued,RSC,79,0.0
75,1,V1-RSC,uncued,RSC,80,0.013304
75,1,V1-RSC,uncued,RSC,81,0.033481
75,1,V1-RSC,uncued,RSC,82,0.051648
75,1,V1-RSC,uncued,RSC,83,0.778985
75,1,V1-RSC,uncued,RSC,84,0.016605
75,1,V1-RSC,uncued,RSC,85,0.037437
75,1,V1-RSC,uncued,RSC,86,0.032927
75,1,V1-RSC,uncued,RSC,87,0.091622
75,1,V1-RSC,uncued,RSC,88,0.020008
75,1,V1-RSC,uncued,RSC,89,0.022181
75,1,V1-RSC,uncued,RSC,90,0.019409
75,1,V1-RSC,uncued,RSC,91,0.02293
75,1,V1-RSC,uncued,RSC,92,0.038679
75,1,V1-RSC,uncued,RSC,93,0.084298
75,1,V1-RSC,uncued,RSC,94,0.017165
75,1,V1-RSC,uncued,RSC,95,0.77012
75,1,V1-RSC,uncued,RSC,96,0.70388
75,1,V1-RSC,uncued,RSC,97,0.063973
75,1,V1-RSC,uncued,RSC,98,0.083228
75,1,V1-RSC,uncued,RSC,99,0.075151
75,1,V1-RSC,uncued,RSC,100,0.025963
75,1,V1-RSC,uncued,RSC,101,0.0
75,1,V1-RSC,uncued,RSC,102,0.037534
75,1,V1-RSC,uncued,RSC,103,0.00502
75,1,V1-RSC,uncued,RSC,104,0.75684
75,1,V1-RSC,uncued,RSC,105,0.0
75,1,V1-RSC,uncued,RSC,106,0.0
75,1,V1-RSC,uncued,RSC,107,0.022148
75,1,V1-RSC,uncued,RSC,108,0.095775
75,1,V1-RSC,uncued,RSC,109,0.024598
75,1,V1-RSC,uncued,RSC,110,0.066321
75,1,V1-RSC,uncued,RSC,111,0.0
75,1,V1-RSC,uncued,RSC,112,0.160521
75,1,V1-RSC,uncued,RSC,113,0.024463
75,1,V1-RSC,uncued,RSC,114,0.219562
75,1,V1-RSC,uncued,RSC,115,0.043261
75,1,V1-RSC,uncued,RSC,116,0.026853
75,1,V1-RSC,uncued,RSC,117,0.035179
75,1,V1-RSC,uncued,RSC,118,0.008935
75,1,V1-RSC,uncued,RSC,119,0.0
75,1,V1-RSC,uncued,RSC,120,0.020273
75,1,V1-RSC,uncued,RSC,121,0.019713
75,1,V1-RSC,uncued,RSC,122,0.008898
75,1,V1-RSC,uncued,RSC,123,0.004115
75,1,V1-RSC,uncued,RSC,124,0.0
75,1,V1-RSC,uncued,RSC,125,0.002009
75,1,V1-RSC,uncued,RSC,126,0.0
75,1,V1-RSC,uncued,RSC,127,0.009848
75,1,V1-RSC,uncued,RSC,128,0.016493
75,1,V1-RSC,uncued,RSC,129,0.014415
75,1,V1-RSC,uncued,RSC,130,0.0
75,1,V1-RSC,uncued,RSC,131,0.010878
75,1,V1-RSC,uncued,RSC,132,0.015033
75,1,V1-RSC,uncued,RSC,133,0.001695
75,1,V1-RSC,uncued,RSC,134,0.039296
75,1,V1-RSC,uncued,RSC,135,0.002968
75,1,V1-RSC,uncued,RSC,136,0.001374
75,1,V1-RSC,uncued,RSC,137,0.008582
75,1,V1-RSC,uncued,RSC,138,0.022858
75,1,V1-RSC,uncued,RSC,139,0.066832
75,1,V1-RSC,uncued,RSC,140,0.044669
75,1,V1-RSC,uncued,RSC,141,0.053037
75,1,V1-RSC,uncued,RSC,142,0.039458
75,1,V1-RSC,uncued,RSC,143,0.061602
75,1,V1-RSC,uncued,RSC,144,0.025507
75,1,V1-RSC,uncued,RSC,145,0.0
75,1,V1-RSC,uncued,RSC,146,0.005912
75,1,V1-RSC,uncued,RSC,147,0.016059
75,1,V1-RSC,uncued,RSC,148,0.006926
75,1,V1-RSC,uncued,RSC,149,0.003246
75,1,V1-RSC,uncued,RSC,150,0.009039
75,1,V1-RSC,uncued,RSC,151,0.032976
75,1,V1-RSC,uncued,RSC,152,0.0
75,1,V1-RSC,uncued,RSC,153,0.004129
75,1,V1-RSC,uncued,RSC,154,0.004223
75,1,V1-RSC,uncued,RSC,155,0.0
75,1,V1-RSC,uncued,RSC,156,0.007533
75,1,V1-RSC,uncued,RSC,157,0.0
75,1,V1-RSC,uncued,RSC,158,0.0
75,1,V1-RSC,uncued,RSC,159,0.004513
75,1,V1-RSC,uncued,RSC,160,0.001089
75,1,V1-RSC,uncued,RSC,161,0.015481
75,1,V1-RSC,uncued,RSC,162,0.064522
75,1,V1-RSC,uncued,RSC,163,0.02623
75,1,V1-RSC,uncued,RSC,164,0.026176
75,1,V1-RSC,uncued,RSC,165,0.013655
75,1,V1-RSC,uncued,RSC,166,0.744226
75,1,V1-RSC,uncued,RSC,167,0.048877
75,1,V1-RSC,uncued,RSC,168,0.054471
75,1,V1-RSC,uncued,RSC,169,0.102344
75,1,V1-RSC,uncued,RSC,170,0.010317
75,1,V1-RSC,uncued,RSC,171,0.779706
75,1,V1-RSC,uncued,RSC,172,0.012025
75,1,V1-RSC,uncued,RSC,173,0.066082
75,1,V1-RSC,uncued,RSC,174,0.028458
75,1,V1-RSC,uncued,RSC,175,0.003059
75,1,V1-RSC,uncued,RSC,176,0.037236
75,1,V1-RSC,uncued,RSC,177,0.01232
75,1,V1-RSC,uncued,RSC,178,0.005769
75,1,V1-RSC,uncued,RSC,179,0.023445
75,1,V1-RSC,uncued,RSC,180,0.009021
75,1,V1-RSC,uncued,RSC,181,0.249353
75,1,V1-RSC,uncued,RSC,182,0.001453
75,1,V1-RSC,uncued,RSC,183,0.011485
75,1,V1-RSC,uncued,RSC,184,0.025965
75,1,V1-RSC,uncued,RSC,185,0.007468
75,1,V1-RSC,uncued,RSC,186,0.040459
75,1,V1-RSC,uncued,RSC,187,0.00816
75,1,V1-RSC,uncued,RSC,188,0.000963
75,1,V1-RSC,uncued,RSC,189,0.004541
75,1,V1-RSC,uncued,RSC,190,0.022351
75,1,V1-RSC,uncued,RSC,191,0.011144
75,1,V1-RSC,uncued,RSC,192,0.002264
75,1,V1-RSC,uncued,RSC,193,0.002743
75,1,V1-RSC,uncued,RSC,194,0.007346
75,1,V1-RSC,uncued,RSC,195,0.0
75,1,V1-RSC,cued,V1,0,0.09196
75,1,V1-RSC,cued,V1,1,0.087275
75,1,V1-RSC,cued,V1,2,0.120929
75,1,V1-RSC,cued,V1,3,0.177679
75,1,V1-RSC,cued,V1,4,0.052249
75,1,V1-RSC,cued,V1,5,0.141146
75,1,V1-RSC,cued,V1,6,0.115791
75,1,V1-RSC,cued,V1,7,0.234085
75,1,V1-RSC,cued,V1,8,0.173699
75,1,V1-RSC,cued,V1,9,0.0529
75,1,V1-RSC,cued,V1,10,0.027723
75,1,V1-RSC,cued,V1,11,0.276854
75,1,V1-RSC,cued,V1,12,0.449485
75,1,V1-RSC,cued,V1,13,0.164375
75,1,V1-RSC,cued,V1,14,0.143897
75,1,V1-RSC,cued,V1,15,0.167598
75,1,V1-RSC,cued,V1,16,0.275442
75,1,V1-RSC,cued,V1,17,0.08234
75,1,V1-RSC,cued,V1,18,0.144251
75,1,V1-RSC,cued,V1,19,0.730331
75,1,V1-RSC,cued,V1,20,0.034999
75,1,V1-RSC,cued,V1,21,0.079282
75,1,V1-RSC,cued,V1,22,0.204051
75,1,V1-RSC,cued,V1,23,0.05741
75,1,V1-RSC,cued,V1,24,0.027477
75,1,V1-RSC,cued,V1,25,0.101324
75,1,V1-RSC,cued,V1,26,0.180149
75,1,V1-RSC,cued,V1,27,0.727839
75,1,V1-RSC,cued,V1,28,0.249564
75,1,V1-RSC,cued,V1,29,0.71238
75,1,V1-RSC,cued,V1,30,0.652609
75,1,V1-RSC,cued,V1,31,0.026222
75,1,V1-RSC,cued,V1,32,0.211892
75,1,V1-RSC,cued,V1,33,0.12668
75,1,V1-RSC,cued,V1,34,0.344744
75,1,V1-RSC,cued,V1,35,0.013738
75,1,V1-RSC,cued,V1,36,0.665085
75,1,V1-RSC,cued,V1,37,0.217832
75,1,V1-RSC,cued,V1,38,0.254506
75,1,V1-RSC,cued,V1,39,0.107383
75,1,V1-RSC,cued,V1,40,0.718851
75,1,V1-RSC,cued,V1,41,0.295926
75,1,V1-RSC,cued,V1,42,0.121488
75,1,V1-RSC,cued,V1,43,0.183171
75,1,V1-RSC,cued,V1,44,0.08167
75,1,V1-RSC,cued,V1,45,0.019772
75,1,V1-RSC,cued,V1,46,0.245214
75,1,V1-RSC,cued,V1,47,0.019504
75,1,V1-RSC,cued,V1,48,0.103454
75,1,V1-RSC,cued,V1,49,0.737476
75,1,V1-RSC,cued,V1,50,0.688095
75,1,V1-RSC,cued,V1,51,0.166741
75,1,V1-RSC,cued,V1,52,0.182605
75,1,V1-RSC,cued,V1,53,0.746402
75,1,V1-RSC,cued,V1,54,0.096908
75,1,V1-RSC,cued,V1,55,0.449979
75,1,V1-RSC,cued,V1,56,0.683563
75,1,V1-RSC,cued,V1,57,0.613198
75,1,V1-RSC,cued,V1,58,0.555798
75,1,V1-RSC,cued,V1,59,0.2096
75,1,V1-RSC,cued,V1,60,0.05939
75,1,V1-RSC,cued,V1,61,0.024108
75,1,V1-RSC,cued,V1,62,0.126093
75,1,V1-RSC,cued,RSC,0,0.011167
75,1,V1-RSC,cued,RSC,1,0.017157
75,1,V1-RSC,cued,RSC,2,0.029952
75,1,V1-RSC,cued,RSC,3,0.014124
75,1,V1-RSC,cued,RSC,4,0.043986
75,1,V1-RSC,cued,RSC,5,0.023021
75,1,V1-RSC,cued,RSC,6,0.028814
75,1,V1-RSC,cued,RSC,7,0.020735
75,1,V1-RSC,cued,RSC,8,0.347965
75,1,V1-RSC,cued,RSC,9,0.019639
75,1,V1-RSC,cued,RSC,10,0.002532
75,1,V1-RSC,cued,RSC,11,0.002847
75,1,V1-RSC,cued,RSC,12,0.019782
75,1,V1-RSC,cued,RSC,13,0.027133
75,1,V1-RSC,cued,RSC,14,0.048532
75,1,V1-RSC,cued,RSC,15,0.0
75,1,V1-RSC,cued,RSC,16,0.021281
75,1,V1-RSC,cued,RSC,17,0.015135
75,1,V1-RSC,cued,RSC,18,0.019844
75,1,V1-RSC,cued,RSC,19,0.033795
75,1,V1-RSC,cued,RSC,20,0.091759
75,1,V1-RSC,cued,RSC,21,0.003975
75,1,V1-RSC,cued,RSC,22,0.009744
75,1,V1-RSC,cued,RSC,23,0.012876
75,1,V1-RSC,cued,RSC,24,0.002419
75,1,V1-RSC,cued,RSC,25,0.018333
75,1,V1-RSC,cued,RSC,26,0.057306
75,1,V1-RSC,cued,RSC,27,0.012081
75,1,V1-RSC,cued,RSC,28,0.066242
75,1,V1-RSC,cued,RSC,29,0.051096
75,1,V1-RSC,cued,RSC,30,0.006147
75,1,V1-RSC,cued,RSC,31,0.040268
75,1,V1-RSC,cued,RSC,32,0.008746
75,1,V1-RSC,cued,RSC,33,0.012406
75,1,V1-RSC,cued,RSC,34,0.002807
75,1,V1-RSC,cued,RSC,35,0.256244
75,1,V1-RSC,cued,RSC,36,0.003157
75,1,V1-RSC,cued,RSC,37,0.597875
75,1,V1-RSC,cued,RSC,38,0.013104
75,1,V1-RSC,cued,RSC,39,0.0
75,1,V1-RSC,cued,RSC,40,0.52995
75,1,V1-RSC,cued,RSC,41,0.602115
75,1,V1-RSC,cued,RSC,42,0.07116
75,1,V1-RSC,cued,RSC,43,0.054789
75,1,V1-RSC,cued,RSC,44,0.002406
75,1,V1-RSC,cued,RSC,45,0.006084
75,1,V1-RSC,cued,RSC,46,0.008721
75,1,V1-RSC,cued,RSC,47,0.02443
75,1,V1-RSC,cued,RSC,48,0.013844
75,1,V1-RSC,cued,RSC,49,0.059862
75,1,V1-RSC,cued,RSC,50,0.013548
75,1,V1-RSC,cued,RSC,51,0.073508
75,1,V1-RSC,cued,RSC,52,0.029524
75,1,V1-RSC,cued,RSC,53,0.033186
75,1,V1-RSC,cued,RSC,54,0.002011
75,1,V1-RSC,cued,RSC,55,0.006902
75,1,V1-RSC,cued,RSC,56,0.011287
75,1,V1-RSC,cued,RSC,57,0.003026
75,1,V1-RSC,cued,RSC,58,0.003397
75,1,V1-RSC,cued,RSC,59,0.010483
75,1,V1-RSC,cued,RSC,60,0.079697
75,1,V1-RSC,cued,RSC,61,0.02903
75,1,V1-RSC,cued,RSC,62,0.144309
75,1,V1-RSC,cued,RSC,63,0.012588
75,1,V1-RSC,cued,RSC,64,0.019332
75,1,V1-RSC,cued,RSC,65,0.003004
75,1,V1-RSC,cued,RSC,66,0.331348
75,1,V1-RSC,cued,RSC,67,0.022091
75,1,V1-RSC,cued,RSC,68,0.341366
75,1,V1-RSC,cued,RSC,69,0.62427
75,1,V1-RSC,cued,RSC,70,0.131581
75,1,V1-RSC,cued,RSC,71,0.014951
75,1,V1-RSC,cued,RSC,72,0.019608
75,1,V1-RSC,cued,RSC,73,0.012412
75,1,V1-RSC,cued,RSC,74,0.533396
75,1,V1-RSC,cued,RSC,75,0.050173
75,1,V1-RSC,cued,RSC,76,0.627406
75,1,V1-RSC,cued,RSC,77,0.012239
75,1,V1-RSC,cued,RSC,78,0.047708
75,1,V1-RSC,cued,RSC,79,0.0
75,1,V1-RSC,cued,RSC,80,0.059611
75,1,V1-RSC,cued,RSC,81,0.033441
75,1,V1-RSC,cued,RSC,82,0.044494
75,1,V1-RSC,cued,RSC,83,0.035439
75,1,V1-RSC,cued,RSC,84,0.118974
75,1,V1-RSC,cued,RSC,85,0.037366
75,1,V1-RSC,cued,RSC,86,0.119004
75,1,V1-RSC,cued,RSC,87,0.033082
75,1,V1-RSC,cued,RSC,88,0.042998
75,1,V1-RSC,cued,RSC,89,0.018636
75,1,V1-RSC,cued,RSC,90,0.023286
75,1,V1-RSC,cued,RSC,91,0.036091
75,1,V1-RSC,cued,RSC,92,0.024322
75,1,V1-RSC,cued,RSC,93,0.076285
75,1,V1-RSC,cued,RSC,94,0.004691
75,1,V1-RSC,cued,RSC,95,0.043505
75,1,V1-RSC,cued,RSC,96,0.003176
75,1,V1-RSC,cued,RSC,97,0.029937
75,1,V1-RSC,cued,RSC,98,0.028687
75,1,V1-RSC,cued,RSC,99,0.005177
75,1,V1-RSC,cued,RSC,100,0.012959
75,1,V1-RSC,cued,RSC,101,0.007722
75,1,V1-RSC,cued,RSC,102,0.021815
75,1,V1-RSC,cued,RSC,103,0.108923
75,1,V1-RSC,cued,RSC,104,0.033759
75,1,V1-RSC,cued,RSC,105,0.004008
75,1,V1-RSC,cued,RSC,106,0.153758
75,1,V1-RSC,cued,RSC,107,0.006547
75,1,V1-RSC,cued,RSC,108,0.016983
75,1,V1-RSC,cued,RSC,109,0.033548
75,1,V1-RSC,cued,RSC,110,0.046369
75,1,V1-RSC,cued,RSC,111,0.0
75,1,V1-RSC,cued,RSC,112,0.067387
75,1,V1-RSC,cued,RSC,113,0.54087
75,1,V1-RSC,cued,RSC,114,0.0
75,1,V1-RSC,cued,RSC,115,0.016428
75,1,V1-RSC,cued,RSC,116,0.019031
75,1,V1-RSC,cued,RSC,117,0.013197
75,1,V1-RSC,cued,RSC,118,0.105405
75,1,V1-RSC,cued,RSC,119,0.0
75,1,V1-RSC,cued,RSC,120,0.021874
75,1,V1-RSC,cued,RSC,121,0.031797
75,1,V1-RSC,cued,RSC,122,0.056155
75,1,V1-RSC,cued,RSC,123,0.119542
75,1,V1-RSC,cued,RSC,124,0.219627
75,1,V1-RSC,cued,RSC,125,0.00667
75,1,V1-RSC,cued,RSC,126,0.000893
75,1,V1-RSC,cued,RSC,127,0.204106
75,1,V1-RSC,cued,RSC,128,0.019101
75,1,V1-RSC,cued,RSC,129,0.053061
75,1,V1-RSC,cued,RSC,130,0.486928
75,1,V1-RSC,cued,RSC,131,0.041299
75,1,V1-RSC,cued,RSC,132,0.085415
75,1,V1-RSC,cued,RSC,133,0.503751
75,1,V1-RSC,cued,RSC,134,0.022265
75,1,V1-RSC,cued,RSC,135,0.030187
75,1,V1-RSC,cued,RSC,136,0.12268
75,1,V1-RSC,cued,RSC,137,0.033582
75,1,V1-RSC,cued,RSC,138,0.034261
75,1,V1-RSC,cued,RSC,139,0.022285
75,1,V1-RSC,cued,RSC,140,0.034472
75,1,V1-RSC,cued,RSC,141,0.056905
75,1,V1-RSC,cued,RSC,142,0.044256
75,1,V1-RSC,cued,RSC,143,0.018203
75,1,V1-RSC,cued,RSC,144,0.065028
75,1,V1-RSC,cued,RSC,145,0.487581
75,1,V1-RSC,cued,RSC,146,0.557088
75,1,V1-RSC,cued,RSC,147,0.006312
75,1,V1-RSC,cued,RSC,148,0.035471
75,1,V1-RSC,cued,RSC,149,0.002254
75,1,V1-RSC,cued,RSC,150,0.044132
75,1,V1-RSC,cued,RSC,151,0.082707
75,1,V1-RSC,cued,RSC,152,0.0202
75,1,V1-RSC,cued,RSC,153,0.019234
75,1,V1-RSC,cued,RSC,154,0.01974
75,1,V1-RSC,cued,RSC,155,0.013919
75,1,V1-RSC,cued,RSC,156,0.014314
75,1,V1-RSC,cued,RSC,157,0.0
75,1,V1-RSC,cued,RSC,158,0.046046
75,1,V1-RSC,cued,RSC,159,0.012265
75,1,V1-RSC,cued,RSC,160,0.013054
75,1,V1-RSC,cued,RSC,161,0.035177
75,1,V1-RSC,cued,RSC,162,0.025155
75,1,V1-RSC,cued,RSC,163,0.013844
75,1,V1-RSC,cued,RSC,164,0.075226
75,1,V1-RSC,cued,RSC,165,0.073551
75,1,V1-RSC,cued,RSC,166,0.033175
75,1,V1-RSC,cued,RSC,167,0.03429
75,1,V1-RSC,cued,RSC,168,0.026186
75,1,V1-RSC,cued,RSC,169,0.074028
75,1,V1-RSC,cued,RSC,170,0.050313
75,1,V1-RSC,cued,RSC,171,0.021874
75,1,V1-RSC,cued,RSC,172,0.002261
75,1,V1-RSC,cued,RSC,173,0.017146
75,1,V1-RSC,cued,RSC,174,0.035942
75,1,V1-RSC,cued,RSC,175,0.03166
75,1,V1-RSC,cued,RSC,176,0.042261
75,1,V1-RSC,cued,RSC,177,0.070327
75,1,V1-RSC,cued,RSC,178,0.116098
75,1,V1-RSC,cued,RSC,179,0.102994
75,1,V1-RSC,cued,RSC,180,0.076686
75,1,V1-RSC,cued,RSC,181,0.033455
75,1,V1-RSC,cued,RSC,182,0.029147
75,1,V1-RSC,cued,RSC,183,0.008921
75,1,V1-RSC,cued,RSC,184,0.036473
75,1,V1-RSC,cued,RSC,185,0.145639
75,1,V1-RSC,cued,RSC,186,0.053368
75,1,V1-RSC,cued,RSC,187,0.006165
75,1,V1-RSC,cued,RSC,188,0.005003
75,1,V1-RSC,cued,RSC,189,0.039259
75,1,V1-RSC,cued,RSC,190,0.013682
75,1,V1-RSC,cued,RSC,191,0.018651
75,1,V1-RSC,cued,RSC,192,0.001639
75,1,V1-RSC,cued,RSC,193,0.562927
75,1,V1-RSC,cued,RSC,194,0.022625
75,1,V1-RSC,cued,RSC,195,0.542934
77,1,CA1-RSC,uncued,CA1,0,1.249422
77,1,CA1-RSC,uncued,CA1,1,1.455576
77,1,CA1-RSC,uncued,CA1,2,0.902609
77,1,CA1-RSC,uncued,CA1,3,1.008847
77,1,CA1-RSC,uncued,CA1,4,1.543263
77,1,CA1-RSC,uncued,CA1,5,3.143876
77,1,CA1-RSC,uncued,CA1,6,0.956124
77,1,CA1-RSC,uncued,CA1,7,1.153058
77,1,CA1-RSC,uncued,CA1,8,1.334373
77,1,CA1-RSC,uncued,RSC,0,0.021798
77,1,CA1-RSC,uncued,RSC,1,0.036881
77,1,CA1-RSC,uncued,RSC,2,0.012872
77,1,CA1-RSC,uncued,RSC,3,0.058113
77,1,CA1-RSC,uncued,RSC,4,0.008481
77,1,CA1-RSC,uncued,RSC,5,0.013692
77,1,CA1-RSC,uncued,RSC,6,0.0245
77,1,CA1-RSC,uncued,RSC,7,0.029612
77,1,CA1-RSC,uncued,RSC,8,0.004513
77,1,CA1-RSC,uncued,RSC,9,0.024355
77,1,CA1-RSC,uncued,RSC,10,0.037855
77,1,CA1-RSC,uncued,RSC,11,0.189964
77,1,CA1-RSC,uncued,RSC,12,0.039767
77,1,CA1-RSC,uncued,RSC,13,0.010381
77,1,CA1-RSC,uncued,RSC,14,0.387916
77,1,CA1-RSC,uncued,RSC,15,0.023305
77,1,CA1-RSC,uncued,RSC,16,0.023609
77,1,CA1-RSC,uncued,RSC,17,0.016107
77,1,CA1-RSC,uncued,RSC,18,0.022579
77,1,CA1-RSC,uncued,RSC,19,0.0623
77,1,CA1-RSC,uncued,RSC,20,0.077924
77,1,CA1-RSC,uncued,RSC,21,0.0116
77,1,CA1-RSC,uncued,RSC,22,0.022165
77,1,CA1-RSC,uncued,RSC,23,0.04124
77,1,CA1-RSC,uncued,RSC,24,0.286241
77,1,CA1-RSC,uncued,RSC,25,0.003216
77,1,CA1-RSC,uncued,RSC,26,0.009451
77,1,CA1-RSC,uncued,RSC,27,0.021105
77,1,CA1-RSC,uncued,RSC,28,0.015891
77,1,CA1-RSC,uncued,RSC,29,0.026401
77,1,CA1-RSC,uncued,RSC,30,0.017516
77,1,CA1-RSC,uncued,RSC,31,0.01391
77,1,CA1-RSC,uncued,RSC,32,0.006726
77,1,CA1-RSC,uncued,RSC,33,0.01056
77,1,CA1-RSC,uncued,RSC,34,0.095519
77,1,CA1-RSC,uncued,RSC,35,0.009036
77,1,CA1-RSC,uncued,RSC,36,0.122083
77,1,CA1-RSC,uncued,RSC,37,0.016022
77,1,CA1-RSC,uncued,RSC,38,0.014664
77,1,CA1-RSC,uncued,RSC,39,0.009209
77,1,CA1-RSC,uncued,RSC,40,0.043458
77,1,CA1-RSC,uncued,RSC,41,0.01988
77,1,CA1-RSC,uncued,RSC,42,0.007209
77,1,CA1-RSC,uncued,RSC,43,0.043289
77,1,CA1-RSC,uncued,RSC,44,0.045081
77,1,CA1-RSC,uncued,RSC,45,0.044887
77,1,CA1-RSC,uncued,RSC,46,0.040482
77,1,CA1-RSC,uncued,RSC,47,0.189915
77,1,CA1-RSC,uncued,RSC,48,0.104425
77,1,CA1-RSC,uncued,RSC,49,0.085678
77,1,CA1-RSC,uncued,RSC,50,0.032108
77,1,CA1-RSC,uncued,RSC,51,0.010359
77,1,CA1-RSC,uncued,RSC,52,0.024818
77,1,CA1-RSC,uncued,RSC,53,0.022225
77,1,CA1-RSC,uncued,RSC,54,0.013833
77,1,CA1-RSC,uncued,RSC,55,0.026688
77,1,CA1-RSC,uncued,RSC,56,0.054518
77,1,CA1-RSC,uncued,RSC,57,0.019012
77,1,CA1-RSC,uncued,RSC,58,0.024447
77,1,CA1-RSC,uncued,RSC,59,0.007626
77,1,CA1-RSC,uncued,RSC,60,0.043477
77,1,CA1-RSC,uncued,RSC,61,0.043242
77,1,CA1-RSC,uncued,RSC,62,0.019298
77,1,CA1-RSC,uncued,RSC,63,0.022896
77,1,CA1-RSC,uncued,RSC,64,0.019844
77,1,CA1-RSC,uncued,RSC,65,0.015436
77,1,CA1-RSC,uncued,RSC,66,0.05486
77,1,CA1-RSC,uncued,RSC,67,0.039162
77,1,CA1-RSC,uncued,RSC,68,0.02442
77,1,CA1-RSC,uncued,RSC,69,0.018392
77,1,CA1-RSC,uncued,RSC,70,0.028613
77,1,CA1-RSC,uncued,RSC,71,0.021409
77,1,CA1-RSC,uncued,RSC,72,0.028473
77,1,CA1-RSC,uncued,RSC,73,0.007951
77,1,CA1-RSC,uncued,RSC,74,0.022678
77,1,CA1-RSC,uncued,RSC,75,0.031738
77,1,CA1-RSC,uncued,RSC,76,0.025321
77,1,CA1-RSC,uncued,RSC,77,0.02637
77,1,CA1-RSC,uncued,RSC,78,0.013449
77,1,CA1-RSC,uncued,RSC,79,0.05413
77,1,CA1-RSC,uncued,RSC,80,0.015819
77,1,CA1-RSC,uncued,RSC,81,0.096823
77,1,CA1-RSC,uncued,RSC,82,0.007623
77,1,CA1-RSC,uncued,RSC,83,0.050527
77,1,CA1-RSC,uncued,RSC,84,0.480794
77,1,CA1-RSC,uncued,RSC,85,0.014599
77,1,CA1-RSC,uncued,RSC,86,0.076553
77,1,CA1-RSC,uncued,RSC,87,0.012825
77,1,CA1-RSC,uncued,RSC,88,0.118683
77,1,CA1-RSC,uncued,RSC,89,0.021969
77,1,CA1-RSC,uncued,RSC,90,0.008384
77,1,CA1-RSC,uncued,RSC,91,0.048556
77,1,CA1-RSC,uncued,RSC,92,0.031856
77,1,CA1-RSC,uncued,RSC,93,0.010716
77,1,CA1-RSC,uncued,RSC,94,0.007272
77,1,CA1-RSC,uncued,RSC,95,0.048659
77,1,CA1-RSC,uncued,RSC,96,0.011989
77,1,CA1-RSC,uncued,RSC,97,0.015717
77,1,CA1-RSC,uncued,RSC,98,0.004259
77,1,CA1-RSC,uncued,RSC,99,0.019432
77,1,CA1-RSC,uncued,RSC,100,0.021551
77,1,CA1-RSC,uncued,RSC,101,0.005215
77,1,CA1-RSC,uncued,RSC,102,0.021133
77,1,CA1-RSC,uncued,RSC,103,0.016525
77,1,CA1-RSC,uncued,RSC,104,0.079435
77,1,CA1-RSC,uncued,RSC,105,0.008146
77,1,CA1-RSC,uncued,RSC,106,0.013035
77,1,CA1-RSC,uncued,RSC,107,0.039484
77,1,CA1-RSC,uncued,RSC,108,0.34454
77,1,CA1-RSC,uncued,RSC,109,0.164397
77,1,CA1-RSC,uncued,RSC,110,0.006135
77,1,CA1-RSC,uncued,RSC,111,0.019026
77,1,CA1-RSC,uncued,RSC,112,0.404907
77,1,CA1-RSC,uncued,RSC,113,0.019023
77,1,CA1-RSC,uncued,RSC,114,0.033782
77,1,CA1-RSC,uncued,RSC,115,0.022752
77,1,CA1-RSC,uncued,RSC,116,0.030911
77,1,CA1-RSC,uncued,RSC,117,0.017918
77,1,CA1-RSC,uncued,RSC,118,0.017407
77,1,CA1-RSC,uncued,RSC,119,0.028965
77,1,CA1-RSC,uncued,RSC,120,0.031995
77,1,CA1-RSC,uncued,RSC,121,0.029482
77,1,CA1-RSC,uncued,RSC,122,0.031355
77,1,CA1-RSC,uncued,RSC,123,0.014153
77,1,CA1-RSC,uncued,RSC,124,0.014845
77,1,CA1-RSC,uncued,RSC,125,0.00307
77,1,CA1-RSC,uncued,RSC,126,0.011499
77,1,CA1-RSC,uncued,RSC,127,0.009799
77,1,CA1-RSC,uncued,RSC,128,0.013687
77,1,CA1-RSC,uncued,RSC,129,0.243246
77,1,CA1-RSC,uncued,RSC,130,0.024175
77,1,CA1-RSC,uncued,RSC,131,0.012438
77,1,CA1-RSC,uncued,RSC,132,0.246933
77,1,CA1-RSC,uncued,RSC,133,0.440644
77,1,CA1-RSC,uncued,RSC,134,0.047459
77,1,CA1-RSC,uncued,RSC,135,0.60036
77,1,CA1-RSC,uncued,RSC,136,0.028133
77,1,CA1-RSC,uncued,RSC,137,0.041123
77,1,CA1-RSC,uncued,RSC,138,0.083502
77,1,CA1-RSC,uncued,RSC,139,0.014916
77,1,CA1-RSC,uncued,RSC,140,0.008074
77,1,CA1-RSC,uncued,RSC,141,0.022184
77,1,CA1-RSC,uncued,RSC,142,0.086388
77,1,CA1-RSC,uncued,RSC,143,0.012995
77,1,CA1-RSC,uncued,RSC,144,0.019768
77,1,CA1-RSC,uncued,RSC,145,0.010793
77,1,CA1-RSC,uncued,RSC,146,0.040288
77,1,CA1-RSC,uncued,RSC,147,0.05592
77,1,CA1-RSC,uncued,RSC,148,0.006626
77,1,CA1-RSC,uncued,RSC,149,0.085037
77,1,CA1-RSC,uncued,RSC,150,0.009555
77,1,CA1-RSC,uncued,RSC,151,0.486674
77,1,CA1-RSC,uncued,RSC,152,0.021113
77,1,CA1-RSC,uncued,RSC,153,0.046859
77,1,CA1-RSC,uncued,RSC,154,0.014167
77,1,CA1-RSC,uncued,RSC,155,0.007125
77,1,CA1-RSC,uncued,RSC,156,0.018616
77,1,CA1-RSC,uncued,RSC,157,0.025912
77,1,CA1-RSC,uncued,RSC,158,0.015676
77,1,CA1-RSC,uncued,RSC,159,0.013377
77,1,CA1-RSC,uncued,RSC,160,0.414329
77,1,CA1-RSC,uncued,RSC,161,0.487411
77,1,CA1-RSC,uncued,RSC,162,0.011057
77,1,CA1-RSC,uncued,RSC,163,0.033659
77,1,CA1-RSC,uncued,RSC,164,0.006821
77,1,CA1-RSC,uncued,RSC,165,0.358571
77,1,CA1-RSC,uncued,RSC,166,0.007156
77,1,CA1-RSC,uncued,RSC,167,0.005911
77,1,CA1-RSC,uncued,RSC,168,0.011916
77,1,CA1-RSC,uncued,RSC,169,0.00899
77,1,CA1-RSC,uncued,RSC,170,0.014365
77,1,CA1-RSC,uncued,RSC,171,0.071689
77,1,CA1-RSC,uncued,RSC,172,0.008864
77,1,CA1-RSC,uncued,RSC,173,0.056612
77,1,CA1-RSC,uncued,RSC,174,0.085443
77,1,CA1-RSC,uncued,RSC,175,0.0067
77,1,CA1-RSC,uncued,RSC,176,0.028133
77,1,CA1-RSC,uncued,RSC,177,0.014782
77,1,CA1-RSC,uncued,RSC,178,0.010455
77,1,CA1-RSC,uncued,RSC,179,0.015232
77,1,CA1-RSC,uncued,RSC,180,0.011431
77,1,CA1-RSC,uncued,RSC,181,0.091502
77,1,CA1-RSC,uncued,RSC,182,0.01532
77,1,CA1-RSC,uncued,RSC,183,0.014479
77,1,CA1-RSC,uncued,RSC,184,0.619566
77,1,CA1-RSC,uncued,RSC,185,0.117404
77,1,CA1-RSC,uncued,RSC,186,0.005236
77,1,CA1-RSC,uncued,RSC,187,0.045905
77,1,CA1-RSC,uncued,RSC,188,0.026537
77,1,CA1-RSC,uncued,RSC,189,0.016088
77,1,CA1-RSC,uncued,RSC,190,0.0367
77,1,CA1-RSC,uncued,RSC,191,0.49272
77,1,CA1-RSC,uncued,RSC,192,0.035692
77,1,CA1-RSC,uncued,RSC,193,0.067908
77,1,CA1-RSC,uncued,RSC,194,0.02134
77,1,CA1-RSC,uncued,RSC,195,0.036916
77,1,CA1-RSC,uncued,RSC,196,0.428626
77,1,CA1-RSC,uncued,RSC,197,0.044267
77,1,CA1-RSC,uncued,RSC,198,0.059526
77,1,CA1-RSC,uncued,RSC,199,0.009624
77,1,CA1-RSC,uncued,RSC,200,0.015943
77,1,CA1-RSC,uncued,RSC,201,0.037537
77,1,CA1-RSC,uncued,RSC,202,0.01368
77,1,CA1-RSC,uncued,RSC,203,0.291813
77,1,CA1-RSC,uncued,RSC,204,0.033833
77,1,CA1-RSC,uncued,RSC,205,0.037632
77,1,CA1-RSC,uncued,RSC,206,0.047716
77,1,CA1-RSC,uncued,RSC,207,0.01661
77,1,CA1-RSC,uncued,RSC,208,0.010493
77,1,CA1-RSC,uncued,RSC,209,0.031883
77,1,CA1-RSC,uncued,RSC,210,0.086806
77,1,CA1-RSC,uncued,RSC,211,0.014363
77,1,CA1-RSC,uncued,RSC,212,0.019701
77,1,CA1-RSC,uncued,RSC,213,0.018995
77,1,CA1-RSC,uncued,RSC,214,0.011677
77,1,CA1-RSC,uncued,RSC,215,0.012465
77,1,CA1-RSC,uncued,RSC,216,0.032951
77,1,CA1-RSC,uncued,RSC,217,0.010941
77,1,CA1-RSC,uncued,RSC,218,0.006868
77,1,CA1-RSC,uncued,RSC,219,0.011431
77,1,CA1-RSC,uncued,RSC,220,0.067607
77,1,CA1-RSC,uncued,RSC,221,0.023275
77,1,CA1-RSC,uncued,RSC,222,0.00049
77,1,CA1-RSC,uncued,RSC,223,0.036091
77,1,CA1-RSC,uncued,RSC,224,0.015365
77,1,CA1-RSC,cued,CA1,0,1.154203
77,1,CA1-RSC,cued,CA1,1,1.189205
77,1,CA1-RSC,cued,CA1,2,0.925261
77,1,CA1-RSC,cued,CA1,3,0.991332
77,1,CA1-RSC,cued,CA1,4,1.850844
77,1,CA1-RSC,cued,CA1,5,1.79997
77,1,CA1-RSC,cued,CA1,6,0.884922
77,1,CA1-RSC,cued,CA1,7,1.117363
77,1,CA1-RSC,cued,CA1,8,1.28907
77,1,CA1-RSC,cued,RSC,0,0.017454
77,1,CA1-RSC,cued,RSC,1,0.038937
77,1,CA1-RSC,cued,RSC,2,0.02129
77,1,CA1-RSC,cued,RSC,3,0.044779
77,1,CA1-RSC,cued,RSC,4,0.010422
77,1,CA1-RSC,cued,RSC,5,0.020293
77,1,CA1-RSC,cued,RSC,6,0.008745
77,1,CA1-RSC,cued,RSC,7,0.004945
77,1,CA1-RSC,cued,RSC,8,0.001691
77,1,CA1-RSC,cued,RSC,9,0.016559
77,1,CA1-RSC,cued,RSC,10,0.036833
77,1,CA1-RSC,cued,RSC,11,0.007465
77,1,CA1-RSC,cued,RSC,12,0.023196
77,1,CA1-RSC,cued,RSC,13,0.006795
77,1,CA1-RSC,cued,RSC,14,0.002636
77,1,CA1-RSC,cued,RSC,15,0.013008
77,1,CA1-RSC,cued,RSC,16,0.016565
77,1,CA1-RSC,cued,RSC,17,0.01252
77,1,CA1-RSC,cued,RSC,18,0.064518
77,1,CA1-RSC,cued,RSC,19,0.014729
77,1,CA1-RSC,cued,RSC,20,0.01675
77,1,CA1-RSC,cued,RSC,21,0.027326
77,1,CA1-RSC,cued,RSC,22,0.049786
77,1,CA1-RSC,cued,RSC,23,0.03134
77,1,CA1-RSC,cued,RSC,24,0.010468
77,1,CA1-RSC,cued,RSC,25,0.004572
77,1,CA1-RSC,cued,RSC,26,0.00657
77,1,CA1-RSC,cued,RSC,27,0.024931
77,1,CA1-RSC,cued,RSC,28,0.012772
77,1,CA1-RSC,cued,RSC,29,0.039998
77,1,CA1-RSC,cued,RSC,30,0.025867
77,1,CA1-RSC,cued,RSC,31,0.016176
77,1,CA1-RSC,cued,RSC,32,0.018913
77,1,CA1-RSC,cued,RSC,33,0.010813
77,1,CA1-RSC,cued,RSC,34,0.01088
77,1,CA1-RSC,cued,RSC,35,0.012258
77,1,CA1-RSC,cued,RSC,36,0.060996
77,1,CA1-RSC,cued,RSC,37,0.017793
77,1,CA1-RSC,cued,RSC,38,0.012713
77,1,CA1-RSC,cued,RSC,39,0.019244
77,1,CA1-RSC,cued,RSC,40,0.019955
77,1,CA1-RSC,cued,RSC,41,0.013884
77,1,CA1-RSC,cued,RSC,42,0.436256
77,1,CA1-RSC,cued,RSC,43,0.012445
77,1,CA1-RSC,cued,RSC,44,0.017755
77,1,CA1-RSC,cued,RSC,45,0.016076
77,1,CA1-RSC,cued,RSC,46,0.059746
77,1,CA1-RSC,cued,RSC,47,0.111443
77,1,CA1-RSC,cued,RSC,48,0.039262
77,1,CA1-RSC,cued,RSC,49,0.051447
77,1,CA1-RSC,cued,RSC,50,0.036567
77,1,CA1-RSC,cued,RSC,51,0.489702
77,1,CA1-RSC,cued,RSC,52,0.056708
77,1,CA1-RSC,cued,RSC,53,0.026227
77,1,CA1-RSC,cued,RSC,54,0.02177
77,1,CA1-RSC,cued,RSC,55,0.02629
77,1,CA1-RSC,cued,RSC,56,0.050244
77,1,CA1-RSC,cued,RSC,57,0.011008
77,1,CA1-RSC,cued,RSC,58,0.031138
77,1,CA1-RSC,cued,RSC,59,0.370628
77,1,CA1-RSC,cued,RSC,60,0.093687
77,1,CA1-RSC,cued,RSC,61,0.055991
77,1,CA1-RSC,cued,RSC,62,0.037859
77,1,CA1-RSC,cued,RSC,63,0.022906
77,1,CA1-RSC,cued,RSC,64,0.041637
77,1,CA1-RSC,cued,RSC,65,0.029659
77,1,CA1-RSC,cued,RSC,66,0.013928
77,1,CA1-RSC,cued,RSC,67,0.0604
77,1,CA1-RSC,cued,RSC,68,0.029727
77,1,CA1-RSC,cued,RSC,69,0.021254
77,1,CA1-RSC,cued,RSC,70,0.030281
77,1,CA1-RSC,cued,RSC,71,0.039011
77,1,CA1-RSC,cued,RSC,72,0.03307
77,1,CA1-RSC,cued,RSC,73,0.009353
77,1,CA1-RSC,cued,RSC,74,0.026837
77,1,CA1-RSC,cued,RSC,75,0.032608
77,1,CA1-RSC,cued,RSC,76,0.051583
77,1,CA1-RSC,cued,RSC,77,0.088905
77,1,CA1-RSC,cued,RSC,78,0.02744
77,1,CA1-RSC,cued,RSC,79,0.02742
77,1,CA1-RSC,cued,RSC,80,0.008097
77,1,CA1-RSC,cued,RSC,81,0.115647
77,1,CA1-RSC,cued,RSC,82,0.001891
77,1,CA1-RSC,cued,RSC,83,0.043918
77,1,CA1-RSC,cued,RSC,84,0.018688
77,1,CA1-RSC,cued,RSC,85,0.0118
77,1,CA1-RSC,cued,RSC,86,0.142859
77,1,CA1-RSC,cued,RSC,87,0.001187
77,1,CA1-RSC,cued,RSC,88,0.083661
77,1,CA1-RSC,cued,RSC,89,0.035713
77,1,CA1-RSC,cued,RSC,90,0.024021
77,1,CA1-RSC,cued,RSC,91,0.031604
77,1,CA1-RSC,cued,RSC,92,0.021123
77,1,CA1-RSC,cued,RSC,93,0.005633
77,1,CA1-RSC,cued,RSC,94,0.017942
77,1,CA1-RSC,cued,RSC,95,0.042629
77,1,CA1-RSC,cued,RSC,96,0.016251
77,1,CA1-RSC,cued,RSC,97,0.005257
77,1,CA1-RSC,cued,RSC,98,0.021927
77,1,CA1-RSC,cued,RSC,99,0.011332
77,1,CA1-RSC,cued,RSC,100,0.073131
77,1,CA1-RSC,cued,RSC,101,0.00233
77,1,CA1-RSC,cued,RSC,102,0.051514
77,1,CA1-RSC,cued,RSC,103,0.019045
77,1,CA1-RSC,cued,RSC,104,0.489565
77,1,CA1-RSC,cued,RSC,105,0.011607
77,1,CA1-RSC,cued,RSC,106,0.027131
77,1,CA1-RSC,cued,RSC,107,0.010709
77,1,CA1-RSC,cued,RSC,108,0.114517
77,1,CA1-RSC,cued,RSC,109,0.408636
77,1,CA1-RSC,cued,RSC,110,0.005495
77,1,CA1-RSC,cued,RSC,111,0.01957
77,1,CA1-RSC,cued,RSC,112,0.21481
77,1,CA1-RSC,cued,RSC,113,0.024364
77,1,CA1-RSC,cued,RSC,114,0.025781
77,1,CA1-RSC,cued,RSC,115,0.040625
77,1,CA1-RSC,cued,RSC,116,0.026903
77,1,CA1-RSC,cued,RSC,117,0.030774
77,1,CA1-RSC,cued,RSC,118,0.011253
77,1,CA1-RSC,cued,RSC,119,0.008093
77,1,CA1-RSC,cued,RSC,120,0.066688
77,1,CA1-RSC,cued,RSC,121,0.014713
77,1,CA1-RSC,cued,RSC,122,0.036234
77,1,CA1-RSC,cued,RSC,123,0.014387
77,1,CA1-RSC,cued,RSC,124,0.022856
77,1,CA1-RSC,cued,RSC,125,0.082328
77,1,CA1-RSC,cued,RSC,126,0.007605
77,1,CA1-RSC,cued,RSC,127,0.007755
77,1,CA1-RSC,cued,RSC,128,0.015242
77,1,CA1-RSC,cued,RSC,129,0.013067
77,1,CA1-RSC,cued,RSC,130,0.016444
77,1,CA1-RSC,cued,RSC,131,0.016211
77,1,CA1-RSC,cued,RSC,132,0.343784
77,1,CA1-RSC,cued,RSC,133,0.075458
77,1,CA1-RSC,cued,RSC,134,0.031621
77,1,CA1-RSC,cued,RSC,135,0.014485
77,1,CA1-RSC,cued,RSC,136,0.020242
77,1,CA1-RSC,cued,RSC,137,0.016604
77,1,CA1-RSC,cued,RSC,138,0.022672
77,1,CA1-RSC,cued,RSC,139,0.01112
77,1,CA1-RSC,cued,RSC,140,0.009882
77,1,CA1-RSC,cued,RSC,141,0.017872
77,1,CA1-RSC,cued,RSC,142,0.029751
77,1,CA1-RSC,cued,RSC,143,0.007376
77,1,CA1-RSC,cued,RSC,144,0.010915
77,1,CA1-RSC,cued,RSC,145,0.057498
77,1,CA1-RSC,cued,RSC,146,0.029431
77,1,CA1-RSC,cued,RSC,147,0.02907
77,1,CA1-RSC,cued,RSC,148,0.100257
77,1,CA1-RSC,cued,RSC,149,0.085219
77,1,CA1-RSC,cued,RSC,150,0.026832
77,1,CA1-RSC,cued,RSC,151,0.046576
77,1,CA1-RSC,cued,RSC,152,0.015994
77,1,CA1-RSC,cued,RSC,153,0.051696
77,1,CA1-RSC,cued,RSC,154,0.015875
77,1,CA1-RSC,cued,RSC,155,0.021926
77,1,CA1-RSC,cued,RSC,156,0.025891
77,1,CA1-RSC,cued,RSC,157,0.569228
77,1,CA1-RSC,cued,RSC,158,0.03531
77,1,CA1-RSC,cued,RSC,159,0.015842
77,1,CA1-RSC,cued,RSC,160,0.010785
77,1,CA1-RSC,cued,RSC,161,0.048935
77,1,CA1-RSC,cued,RSC,162,0.085649
77,1,CA1-RSC,cued,RSC,163,0.022823
77,1,CA1-RSC,cued,RSC,164,0.012897
77,1,CA1-RSC,cued,RSC,165,0.076194
77,1,CA1-RSC,cued,RSC,166,0.011825
77,1,CA1-RSC,cued,RSC,167,0.004101
77,1,CA1-RSC,cued,RSC,168,0.011764
77,1,CA1-RSC,cued,RSC,169,0.011608
77,1,CA1-RSC,cued,RSC,170,0.014475
77,1,CA1-RSC,cued,RSC,171,0.076649
77,1,CA1-RSC,cued,RSC,172,0.006908
77,1,CA1-RSC,cued,RSC,173,0.015848
77,1,CA1-RSC,cued,RSC,174,0.133546
77,1,CA1-RSC,cued,RSC,175,0.006697
77,1,CA1-RSC,cued,RSC,176,0.033005
77,1,CA1-RSC,cued,RSC,177,0.011201
77,1,CA1-RSC,cued,RSC,178,0.011925
77,1,CA1-RSC,cued,RSC,179,0.013628
77,1,CA1-RSC,cued,RSC,180,0.01709
77,1,CA1-RSC,cued,RSC,181,0.455535
77,1,CA1-RSC,cued,RSC,182,0.042513
77,1,CA1-RSC,cued,RSC,183,0.028079
77,1,CA1-RSC,cued,RSC,184,0.368528
77,1,CA1-RSC,cued,RSC,185,0.020874
77,1,CA1-RSC,cued,RSC,186,0.020129
77,1,CA1-RSC,cued,RSC,187,0.484826
77,1,CA1-RSC,cued,RSC,188,0.032205
77,1,CA1-RSC,cued,RSC,189,0.083675
77,1,CA1-RSC,cued,RSC,190,0.023559
77,1,CA1-RSC,cued,RSC,191,0.085943
77,1,CA1-RSC,cued,RSC,192,0.039751
77,1,CA1-RSC,cued,RSC,193,0.016967
77,1,CA1-RSC,cued,RSC,194,0.040927
77,1,CA1-RSC,cued,RSC,195,0.047221
77,1,CA1-RSC,cued,RSC,196,0.063501
77,1,CA1-RSC,cued,RSC,197,0.017664
77,1,CA1-RSC,cued,RSC,198,0.013642
77,1,CA1-RSC,cued,RSC,199,0.011461
77,1,CA1-RSC,cued,RSC,200,0.016776
77,1,CA1-RSC,cued,RSC,201,0.053365
77,1,CA1-RSC,cued,RSC,202,0.020322
77,1,CA1-RSC,cued,RSC,203,0.053076
77,1,CA1-RSC,cued,RSC,204,0.040001
77,1,CA1-RSC,cued,RSC,205,0.025974
77,1,CA1-RSC,cued,RSC,206,0.056818
77,1,CA1-RSC,cued,RSC,207,0.01317
77,1,CA1-RSC,cued,RSC,208,0.027098
77,1,CA1-RSC,cued,RSC,209,0.019882
77,1,CA1-RSC,cued,RSC,210,0.011633
77,1,CA1-RSC,cued,RSC,211,0.095401
77,1,CA1-RSC,cued,RSC,212,0.014408
77,1,CA1-RSC,cued,RSC,213,0.019299
77,1,CA1-RSC,cued,RSC,214,0.00578
77,1,CA1-RSC,cued,RSC,215,0.013241
77,1,CA1-RSC,cued,RSC,216,0.422799
77,1,CA1-RSC,cued,RSC,217,0.064538
77,1,CA1-RSC,cued,RSC,218,0.01284
77,1,CA1-RSC,cued,RSC,219,0.58217
77,1,CA1-RSC,cued,RSC,220,0.005035
77,1,CA1-RSC,cued,RSC,221,0.007586
77,1,CA1-RSC,cued,RSC,222,0.000272
77,1,CA1-RSC,cued,RSC,223,0.48309
77,1,CA1-RSC,cued,RSC,224,0.204734
77,1,CA1-DG,uncued,CA1,0,1.103978
77,1,CA1-DG,uncued,CA1,1,1.174013
77,1,CA1-DG,uncued,CA1,2,0.87036
77,1,CA1-DG,uncued,CA1,3,0.557314
77,1,CA1-DG,uncued,CA1,4,1.092827
77,1,CA1-DG,uncued,CA1,5,2.069615
77,1,CA1-DG,uncued,CA1,6,0.892823
77,1,CA1-DG,uncued,CA1,7,0.477783
77,1,CA1-DG,uncued,CA1,8,0.977226
77,1,CA1-DG,uncued,DG,0,1.15678
77,1,CA1-DG,uncued,DG,1,0.969542
77,1,CA1-DG,uncued,DG,2,0.883772
77,1,CA1-DG,uncued,DG,3,3.24099
77,1,CA1-DG,uncued,DG,4,2.022589
77,1,CA1-DG,cued,CA1,0,1.099341
77,1,CA1-DG,cued,CA1,1,0.788142
77,1,CA1-DG,cued,CA1,2,0.917185
77,1,CA1-DG,cued,CA1,3,0.887442
77,1,CA1-DG,cued,CA1,4,1.301321
77,1,CA1-DG,cued,CA1,5,1.117537
77,1,CA1-DG,cued,CA1,6,0.557754
77,1,CA1-DG,cued,CA1,7,0.475359
77,1,CA1-DG,cued,CA1,8,0.869572
77,1,CA1-DG,cued,DG,0,0.996518
77,1,CA1-DG,cued,DG,1,0.928315
77,1,CA1-DG,cued,DG,2,1.111261
77,1,CA1-DG,cued,DG,3,0.963967
77,1,CA1-DG,cued,DG,4,7.411236
77,1,CA1-V1,uncued,CA1,0,1.265375
77,1,CA1-V1,uncued,CA1,1,1.469452
77,1,CA1-V1,uncued,CA1,2,0.910242
77,1,CA1-V1,uncued,CA1,3,1.019067
77,1,CA1-V1,uncued,CA1,4,1.562047
77,1,CA1-V1,uncued,CA1,5,3.417328
77,1,CA1-V1,uncued,CA1,6,0.96387
77,1,CA1-V1,uncued,CA1,7,1.166778
77,1,CA1-V1,uncued,CA1,8,1.346831
77,1,CA1-V1,uncued,V1,0,2.269221
77,1,CA1-V1,uncued,V1,1,1.062643
77,1,CA1-V1,uncued,V1,2,0.866532
77,1,CA1-V1,uncued,V1,3,2.162587
77,1,CA1-V1,uncued,V1,4,1.723715
77,1,CA1-V1,uncued,V1,5,2.273268
77,1,CA1-V1,uncued,V1,6,0.951438
77,1,CA1-V1,uncued,V1,7,0.837792
77,1,CA1-V1,uncued,V1,8,0.84196
77,1,CA1-V1,uncued,V1,9,6.119993
77,1,CA1-V1,uncued,V1,10,0.329521
77,1,CA1-V1,uncued,V1,11,1.070783
77,1,CA1-V1,cued,CA1,0,1.170686
77,1,CA1-V1,cued,CA1,1,1.19852
77,1,CA1-V1,cued,CA1,2,0.933801
77,1,CA1-V1,cued,CA1,3,1.00337
77,1,CA1-V1,cued,CA1,4,1.879631
77,1,CA1-V1,cued,CA1,5,1.848256
77,1,CA1-V1,cued,CA1,6,0.895159
77,1,CA1-V1,cued,CA1,7,1.126997
77,1,CA1-V1,cued,CA1,8,1.302357
77,1,CA1-V1,cued,V1,0,0.709089
77,1,CA1-V1,cued,V1,1,0.954408
77,1,CA1-V1,cued,V1,2,0.810442
77,1,CA1-V1,cued,V1,3,1.812477
77,1,CA1-V1,cued,V1,4,0.926519
77,1,CA1-V1,cued,V1,5,0.850852
77,1,CA1-V1,cued,V1,6,0.862224
77,1,CA1-V1,cued,V1,7,0.788929
77,1,CA1-V1,cued,V1,8,0.524072
77,1,CA1-V1,cued,V1,9,1.093148
77,1,CA1-V1,cued,V1,10,0.562627
77,1,CA1-V1,cued,V1,11,1.043857
77,1,CA1-SUB,uncued,CA1,0,1.239605
77,1,CA1-SUB,uncued,CA1,1,1.26251
77,1,CA1-SUB,uncued,CA1,2,0.741987
77,1,CA1-SUB,uncued,CA1,3,0.98188
77,1,CA1-SUB,uncued,CA1,4,1.054967
77,1,CA1-SUB,uncued,CA1,5,2.097046
77,1,CA1-SUB,uncued,CA1,6,0.788489
77,1,CA1-SUB,uncued,CA1,7,0.749044
77,1,CA1-SUB,uncued,CA1,8,1.199848
77,1,CA1-SUB,uncued,SUB,0,0.75261
77,1,CA1-SUB,uncued,SUB,1,0.903649
77,1,CA1-SUB,uncued,SUB,2,3.064983
77,1,CA1-SUB,uncued,SUB,3,0.576466
77,1,CA1-SUB,uncued,SUB,4,1.101043
77,1,CA1-SUB,uncued,SUB,5,0.956536
77,1,CA1-SUB,cued,CA1,0,1.136683
77,1,CA1-SUB,cued,CA1,1,1.17695
77,1,CA1-SUB,cued,CA1,2,0.555744
77,1,CA1-SUB,cued,CA1,3,0.936212
77,1,CA1-SUB,cued,CA1,4,1.553243
77,1,CA1-SUB,cued,CA1,5,1.347533
77,1,CA1-SUB,cued,CA1,6,0.761665
77,1,CA1-SUB,cued,CA1,7,0.906418
77,1,CA1-SUB,cued,CA1,8,0.656405
77,1,CA1-SUB,cued,SUB,0,1.1575
77,1,CA1-SUB,cued,SUB,1,0.920365
77,1,CA1-SUB,cued,SUB,2,3.148899
77,1,CA1-SUB,cued,SUB,3,1.171869
77,1,CA1-SUB,cued,SUB,4,0.628015
77,1,CA1-SUB,cued,SUB,5,0.799456
77,1,RSC-SUB,uncued,RSC,0,0.02291
77,1,RSC-SUB,uncued,RSC,1,0.026557
77,1,RSC-SUB,uncued,RSC,2,0.013022
77,1,RSC-SUB,uncued,RSC,3,0.051281
77,1,RSC-SUB,uncued,RSC,4,0.005961
77,1,RSC-SUB,uncued,RSC,5,0.014626
77,1,RSC-SUB,uncued,RSC,6,0.01762
77,1,RSC-SUB,uncued,RSC,7,0.035191
77,1,RSC-SUB,uncued,RSC,8,0.003598
77,1,RSC-SUB,uncued,RSC,9,0.026479
77,1,RSC-SUB,uncued,RSC,10,0.028937
77,1,RSC-SUB,uncued,RSC,11,0.126088
77,1,RSC-SUB,uncued,RSC,12,0.036865
77,1,RSC-SUB,uncued,RSC,13,0.006192
77,1,RSC-SUB,uncued,RSC,14,0.235207
77,1,RSC-SUB,uncued,RSC,15,0.016665
77,1,RSC-SUB,uncued,RSC,16,0.021929
77,1,RSC-SUB,uncued,RSC,17,0.009533
77,1,RSC-SUB,uncued,RSC,18,0.015954
77,1,RSC-SUB,uncued,RSC,19,0.055308
77,1,RSC-SUB,uncued,RSC,20,0.080154
77,1,RSC-SUB,uncued,RSC,21,0.007808
77,1,RSC-SUB,uncued,RSC,22,0.017342
77,1,RSC-SUB,uncued,RSC,23,0.03177
77,1,RSC-SUB,uncued,RSC,24,0.204838
77,1,RSC-SUB,uncued,RSC,25,0.002375
77,1,RSC-SUB,uncued,RSC,26,0.008742
77,1,RSC-SUB,uncued,RSC,27,0.017162
77,1,RSC-SUB,uncued,RSC,28,0.009543
77,1,RSC-SUB,uncued,RSC,29,0.024453
77,1,RSC-SUB,uncued,RSC,30,0.013038
77,1,RSC-SUB,uncued,RSC,31,0.019056
77,1,RSC-SUB,uncued,RSC,32,0.005029
77,1,RSC-SUB,uncued,RSC,33,0.009179
77,1,RSC-SUB,uncued,RSC,34,0.08099
77,1,RSC-SUB,uncued,RSC,35,0.004886
77,1,RSC-SUB,uncued,RSC,36,0.097073
77,1,RSC-SUB,uncued,RSC,37,0.015234
77,1,RSC-SUB,uncued,RSC,38,0.012268
77,1,RSC-SUB,uncued,RSC,39,0.00662
77,1,RSC-SUB,uncued,RSC,40,0.034042
77,1,RSC-SUB,uncued,RSC,41,0.01412
77,1,RSC-SUB,uncued,RSC,42,0.00606
77,1,RSC-SUB,uncued,RSC,43,0.03076
77,1,RSC-SUB,uncued,RSC,44,0.028466
77,1,RSC-SUB,uncued,RSC,45,0.028329
77,1,RSC-SUB,uncued,RSC,46,0.034831
77,1,RSC-SUB,uncued,RSC,47,0.148871
77,1,RSC-SUB,uncued,RSC,48,0.06656
77,1,RSC-SUB,uncued,RSC,49,0.045157
77,1,RSC-SUB,uncued,RSC,50,0.015094
77,1,RSC-SUB,uncued,RSC,51,0.00683
77,1,RSC-SUB,uncued,RSC,52,0.021283
77,1,RSC-SUB,uncued,RSC,53,0.015841
77,1,RSC-SUB,uncued,RSC,54,0.009938
77,1,RSC-SUB,uncued,RSC,55,0.024543
77,1,RSC-SUB,uncued,RSC,56,0.039315
77,1,RSC-SUB,uncued,RSC,57,0.013563
77,1,RSC-SUB,uncued,RSC,58,0.016557
77,1,RSC-SUB,uncued,RSC,59,0.008623
77,1,RSC-SUB,uncued,RSC,60,0.037577
77,1,RSC-SUB,uncued,RSC,61,0.030638
77,1,RSC-SUB,uncued,RSC,62,0.011811
77,1,RSC-SUB,uncued,RSC,63,0.031979
77,1,RSC-SUB,uncued,RSC,64,0.018308
77,1,RSC-SUB,uncued,RSC,65,0.016558
77,1,RSC-SUB,uncued,RSC,66,0.047204
77,1,RSC-SUB,uncued,RSC,67,0.026784
77,1,RSC-SUB,uncued,RSC,68,0.018173
77,1,RSC-SUB,uncued,RSC,69,0.015542
77,1,RSC-SUB,uncued,RSC,70,0.029736
77,1,RSC-SUB,uncued,RSC,71,0.016867
77,1,RSC-SUB,uncued,RSC,72,0.021406
77,1,RSC-SUB,uncued,RSC,73,0.007392
77,1,RSC-SUB,uncued,RSC,74,0.015905
77,1,RSC-SUB,uncued,RSC,75,0.022261
77,1,RSC-SUB,uncued,RSC,76,0.026064
77,1,RSC-SUB,uncued,RSC,77,0.020503
77,1,RSC-SUB,uncued,RSC,78,0.011002
77,1,RSC-SUB,uncued,RSC,79,0.052712
77,1,RSC-SUB,uncued,RSC,80,0.011776
77,1,RSC-SUB,uncued,RSC,81,0.0897
77,1,RSC-SUB,uncued,RSC,82,0.003991
77,1,RSC-SUB,uncued,RSC,83,0.038573
77,1,RSC-SUB,uncued,RSC,84,0.420584
77,1,RSC-SUB,uncued,RSC,85,0.011126
77,1,RSC-SUB,uncued,RSC,86,0.088776
77,1,RSC-SUB,uncued,RSC,87,0.012341
77,1,RSC-SUB,uncued,RSC,88,0.091873
77,1,RSC-SUB,uncued,RSC,89,0.015828
77,1,RSC-SUB,uncued,RSC,90,0.00645
77,1,RSC-SUB,uncued,RSC,91,0.041997
77,1,RSC-SUB,uncued,RSC,92,0.01989
77,1,RSC-SUB,uncued,RSC,93,0.020252
77,1,RSC-SUB,uncued,RSC,94,0.005171
77,1,RSC-SUB,uncued,RSC,95,0.036534
77,1,RSC-SUB,uncued,RSC,96,0.01033
77,1,RSC-SUB,uncued,RSC,97,0.01183
77,1,RSC-SUB,uncued,RSC,98,0.00334
77,1,RSC-SUB,uncued,RSC,99,0.012465
77,1,RSC-SUB,uncued,RSC,100,0.016189
77,1,RSC-SUB,uncued,RSC,101,0.003664
77,1,RSC-SUB,uncued,RSC,102,0.015894
77,1,RSC-SUB,uncued,RSC,103,0.013989
77,1,RSC-SUB,uncued,RSC,104,0.06001
77,1,RSC-SUB,uncued,RSC,105,0.007563
77,1,RSC-SUB,uncued,RSC,106,0.0103
77,1,RSC-SUB,uncued,RSC,107,0.026533
77,1,RSC-SUB,uncued,RSC,108,0.218332
77,1,RSC-SUB,uncued,RSC,109,0.089229
77,1,RSC-SUB,uncued,RSC,110,0.004235
77,1,RSC-SUB,uncued,RSC,111,0.02044
77,1,RSC-SUB,uncued,RSC,112,0.341033
77,1,RSC-SUB,uncued,RSC,113,0.010005
77,1,RSC-SUB,uncued,RSC,114,0.024221
77,1,RSC-SUB,uncued,RSC,115,0.020062
77,1,RSC-SUB,uncued,RSC,116,0.024083
77,1,RSC-SUB,uncued,RSC,117,0.012896
77,1,RSC-SUB,uncued,RSC,118,0.021897
77,1,RSC-SUB,uncued,RSC,119,0.021421
77,1,RSC-SUB,uncued,RSC,120,0.023479
77,1,RSC-SUB,uncued,RSC,121,0.022049
77,1,RSC-SUB,uncued,RSC,122,0.018123
77,1,RSC-SUB,uncued,RSC,123,0.012565
77,1,RSC-SUB,uncued,RSC,124,0.010637
77,1,RSC-SUB,uncued,RSC,125,0.002268
77,1,RSC-SUB,uncued,RSC,126,0.00944
77,1,RSC-SUB,uncued,RSC,127,0.006897
77,1,RSC-SUB,uncued,RSC,128,0.010606
77,1,RSC-SUB,uncued,RSC,129,0.174267
77,1,RSC-SUB,uncued,RSC,130,0.02017
77,1,RSC-SUB,uncued,RSC,131,0.012442
77,1,RSC-SUB,uncued,RSC,132,0.137424
77,1,RSC-SUB,uncued,RSC,133,0.532609
77,1,RSC-SUB,uncued,RSC,134,0.036556
77,1,RSC-SUB,uncued,RSC,135,0.526465
77,1,RSC-SUB,uncued,RSC,136,0.027008
77,1,RSC-SUB,uncued,RSC,137,0.036036
77,1,RSC-SUB,uncued,RSC,138,0.06164
77,1,RSC-SUB,uncued,RSC,139,0.023218
77,1,RSC-SUB,uncued,RSC,140,0.006923
77,1,RSC-SUB,uncued,RSC,141,0.016406
77,1,RSC-SUB,uncued,RSC,142,0.064715
77,1,RSC-SUB,uncued,RSC,143,0.012811
77,1,RSC-SUB,uncued,RSC,144,0.016241
77,1,RSC-SUB,uncued,RSC,145,0.008146
77,1,RSC-SUB,uncued,RSC,146,0.02274
77,1,RSC-SUB,uncued,RSC,147,0.03983
77,1,RSC-SUB,uncued,RSC,148,0.005232
77,1,RSC-SUB,uncued,RSC,149,0.062463
77,1,RSC-SUB,uncued,RSC,150,0.01177
77,1,RSC-SUB,uncued,RSC,151,0.292976
77,1,RSC-SUB,uncued,RSC,152,0.015168
77,1,RSC-SUB,uncued,RSC,153,0.032886
77,1,RSC-SUB,uncued,RSC,154,0.015677
77,1,RSC-SUB,uncued,RSC,155,0.004877
77,1,RSC-SUB,uncued,RSC,156,0.022349
77,1,RSC-SUB,uncued,RSC,157,0.023297
77,1,RSC-SUB,uncued,RSC,158,0.010384
77,1,RSC-SUB,uncued,RSC,159,0.015148
77,1,RSC-SUB,uncued,RSC,160,0.400985
77,1,RSC-SUB,uncued,RSC,161,0.40429
77,1,RSC-SUB,uncued,RSC,162,0.011807
77,1,RSC-SUB,uncued,RSC,163,0.022021
77,1,RSC-SUB,uncued,RSC,164,0.00513
77,1,RSC-SUB,uncued,RSC,165,0.270731
77,1,RSC-SUB,uncued,RSC,166,0.005395
77,1,RSC-SUB,uncued,RSC,167,0.005493
77,1,RSC-SUB,uncued,RSC,168,0.013755
77,1,RSC-SUB,uncued,RSC,169,0.006432
77,1,RSC-SUB,uncued,RSC,170,0.007366
77,1,RSC-SUB,uncued,RSC,171,0.053148
77,1,RSC-SUB,uncued,RSC,172,0.006826
77,1,RSC-SUB,uncued,RSC,173,0.042339
77,1,RSC-SUB,uncued,RSC,174,0.048723
77,1,RSC-SUB,uncued,RSC,175,0.005511
77,1,RSC-SUB,uncued,RSC,176,0.012431
77,1,RSC-SUB,uncued,RSC,177,0.01111
77,1,RSC-SUB,uncued,RSC,178,0.006331
77,1,RSC-SUB,uncued,RSC,179,0.022301
77,1,RSC-SUB,uncued,RSC,180,0.010673
77,1,RSC-SUB,uncued,RSC,181,0.07451
77,1,RSC-SUB,uncued,RSC,182,0.00842
77,1,RSC-SUB,uncued,RSC,183,0.011497
77,1,RSC-SUB,uncued,RSC,184,0.404372
77,1,RSC-SUB,uncued,RSC,185,0.115427
77,1,RSC-SUB,uncued,RSC,186,0.004371
77,1,RSC-SUB,uncued,RSC,187,0.043578
77,1,RSC-SUB,uncued,RSC,188,0.019164
77,1,RSC-SUB,uncued,RSC,189,0.010697
77,1,RSC-SUB,uncued,RSC,190,0.036337
77,1,RSC-SUB,uncued,RSC,191,0.394625
77,1,RSC-SUB,uncued,RSC,192,0.032518
77,1,RSC-SUB,uncued,RSC,193,0.06237
77,1,RSC-SUB,uncued,RSC,194,0.018078
77,1,RSC-SUB,uncued,RSC,195,0.023179
77,1,RSC-SUB,uncued,RSC,196,0.486654
77,1,RSC-SUB,uncued,RSC,197,0.034303
77,1,RSC-SUB,uncued,RSC,198,0.050339
77,1,RSC-SUB,uncued,RSC,199,0.012017
77,1,RSC-SUB,uncued,RSC,200,0.011216
77,1,RSC-SUB,uncued,RSC,201,0.032601
77,1,RSC-SUB,uncued,RSC,202,0.01063
77,1,RSC-SUB,uncued,RSC,203,0.221453
77,1,RSC-SUB,uncued,RSC,204,0.02725
77,1,RSC-SUB,uncued,RSC,205,0.028489
77,1,RSC-SUB,uncued,RSC,206,0.029187
77,1,RSC-SUB,uncued,RSC,207,0.012807
77,1,RSC-SUB,uncued,RSC,208,0.009334
77,1,RSC-SUB,uncued,RSC,209,0.028725
77,1,RSC-SUB,uncued,RSC,210,0.062051
77,1,RSC-SUB,uncued,RSC,211,0.010223
77,1,RSC-SUB,uncued,RSC,212,0.015082
77,1,RSC-SUB,uncued,RSC,213,0.014907
77,1,RSC-SUB,uncued,RSC,214,0.008837
77,1,RSC-SUB,uncued,RSC,215,0.009324
77,1,RSC-SUB,uncued,RSC,216,0.03085
77,1,RSC-SUB,uncued,RSC,217,0.006214
77,1,RSC-SUB,uncued,RSC,218,0.003715
77,1,RSC-SUB,uncued,RSC,219,0.010606
77,1,RSC-SUB,uncued,RSC,220,0.062636
77,1,RSC-SUB,uncued,RSC,221,0.016432
77,1,RSC-SUB,uncued,RSC,222,0.000362
77,1,RSC-SUB,uncued,RSC,223,0.0326
77,1,RSC-SUB,uncued,RSC,224,0.014851
77,1,RSC-SUB,uncued,SUB,0,0.742183
77,1,RSC-SUB,uncued,SUB,1,0.894594
77,1,RSC-SUB,uncued,SUB,2,3.007647
77,1,RSC-SUB,uncued,SUB,3,0.571648
77,1,RSC-SUB,uncued,SUB,4,1.083346
77,1,RSC-SUB,uncued,SUB,5,0.942433
77,1,RSC-SUB,cued,RSC,0,0.011385
77,1,RSC-SUB,cued,RSC,1,0.022726
77,1,RSC-SUB,cued,RSC,2,0.00685
77,1,RSC-SUB,cued,RSC,3,0.026365
77,1,RSC-SUB,cued,RSC,4,0.008304
77,1,RSC-SUB,cued,RSC,5,0.01095
77,1,RSC-SUB,cued,RSC,6,0.007414
77,1,RSC-SUB,cued,RSC,7,0.003213
77,1,RSC-SUB,cued,RSC,8,0.000838
77,1,RSC-SUB,cued,RSC,9,0.013794
77,1,RSC-SUB,cued,RSC,10,0.020783
77,1,RSC-SUB,cued,RSC,11,0.004032
77,1,RSC-SUB,cued,RSC,12,0.01235
77,1,RSC-SUB,cued,RSC,13,0.009571
77,1,RSC-SUB,cued,RSC,14,0.002695
77,1,RSC-SUB,cued,RSC,15,0.008974
77,1,RSC-SUB,cued,RSC,16,0.010952
77,1,RSC-SUB,cued,RSC,17,0.010683
77,1,RSC-SUB,cued,RSC,18,0.03526
77,1,RSC-SUB,cued,RSC,19,0.009141
77,1,RSC-SUB,cued,RSC,20,0.010007
77,1,RSC-SUB,cued,RSC,21,0.015443
77,1,RSC-SUB,cued,RSC,22,0.027135
77,1,RSC-SUB,cued,RSC,23,0.02588
77,1,RSC-SUB,cued,RSC,24,0.011628
77,1,RSC-SUB,cued,RSC,25,0.00305
77,1,RSC-SUB,cued,RSC,26,0.004613
77,1,RSC-SUB,cued,RSC,27,0.018327
77,1,RSC-SUB,cued,RSC,28,0.011359
77,1,RSC-SUB,cued,RSC,29,0.034137
77,1,RSC-SUB,cued,RSC,30,0.016074
77,1,RSC-SUB,cued,RSC,31,0.017664
77,1,RSC-SUB,cued,RSC,32,0.008319
77,1,RSC-SUB,cued,RSC,33,0.009554
77,1,RSC-SUB,cued,RSC,34,0.012225
77,1,RSC-SUB,cued,RSC,35,0.009176
77,1,RSC-SUB,cued,RSC,36,0.049857
77,1,RSC-SUB,cued,RSC,37,0.013213
77,1,RSC-SUB,cued,RSC,38,0.009592
77,1,RSC-SUB,cued,RSC,39,0.006637
77,1,RSC-SUB,cued,RSC,40,0.014759
77,1,RSC-SUB,cued,RSC,41,0.009564
77,1,RSC-SUB,cued,RSC,42,0.3478
77,1,RSC-SUB,cued,RSC,43,0.006495
77,1,RSC-SUB,cued,RSC,44,0.009827
77,1,RSC-SUB,cued,RSC,45,0.010722
77,1,RSC-SUB,cued,RSC,46,0.04366
77,1,RSC-SUB,cued,RSC,47,0.070291
77,1,RSC-SUB,cued,RSC,48,0.035397
77,1,RSC-SUB,cued,RSC,49,0.023775
77,1,RSC-SUB,cued,RSC,50,0.022005
77,1,RSC-SUB,cued,RSC,51,0.483589
77,1,RSC-SUB,cued,RSC,52,0.026418
77,1,RSC-SUB,cued,RSC,53,0.025045
77,1,RSC-SUB,cued,RSC,54,0.012094
77,1,RSC-SUB,cued,RSC,55,0.014668
77,1,RSC-SUB,cued,RSC,56,0.035481
77,1,RSC-SUB,cued,RSC,57,0.006864
77,1,RSC-SUB,cued,RSC,58,0.014864
77,1,RSC-SUB,cued,RSC,59,0.358412
77,1,RSC-SUB,cued,RSC,60,0.046191
77,1,RSC-SUB,cued,RSC,61,0.042039
77,1,RSC-SUB,cued,RSC,62,0.037099
77,1,RSC-SUB,cued,RSC,63,0.009634
77,1,RSC-SUB,cued,RSC,64,0.030909
77,1,RSC-SUB,cued,RSC,65,0.024048
77,1,RSC-SUB,cued,RSC,66,0.010925
77,1,RSC-SUB,cued,RSC,67,0.032853
77,1,RSC-SUB,cued,RSC,68,0.024005
77,1,RSC-SUB,cued,RSC,69,0.018541
77,1,RSC-SUB,cued,RSC,70,0.017819
77,1,RSC-SUB,cued,RSC,71,0.027175
77,1,RSC-SUB,cued,RSC,72,0.019942
77,1,RSC-SUB,cued,RSC,73,0.004808
77,1,RSC-SUB,cued,RSC,74,0.01597
77,1,RSC-SUB,cued,RSC,75,0.027136
77,1,RSC-SUB,cued,RSC,76,0.031982
77,1,RSC-SUB,cued,RSC,77,0.078809
77,1,RSC-SUB,cued,RSC,78,0.022424
77,1,RSC-SUB,cued,RSC,79,0.020901
77,1,RSC-SUB,cued,RSC,80,0.004085
77,1,RSC-SUB,cued,RSC,81,0.062367
77,1,RSC-SUB,cued,RSC,82,0.000762
77,1,RSC-SUB,cued,RSC,83,0.027716
77,1,RSC-SUB,cued,RSC,84,0.01011
77,1,RSC-SUB,cued,RSC,85,0.006685
77,1,RSC-SUB,cued,RSC,86,0.079233
77,1,RSC-SUB,cued,RSC,87,0.001139
77,1,RSC-SUB,cued,RSC,88,0.060117
77,1,RSC-SUB,cued,RSC,89,0.019692
77,1,RSC-SUB,cued,RSC,90,0.011642
77,1,RSC-SUB,cued,RSC,91,0.031018
77,1,RSC-SUB,cued,RSC,92,0.0133
77,1,RSC-SUB,cued,RSC,93,0.004305
77,1,RSC-SUB,cued,RSC,94,0.014416
77,1,RSC-SUB,cued,RSC,95,0.025603
77,1,RSC-SUB,cued,RSC,96,0.013501
77,1,RSC-SUB,cued,RSC,97,0.005465
77,1,RSC-SUB,cued,RSC,98,0.019287
77,1,RSC-SUB,cued,RSC,99,0.008206
77,1,RSC-SUB,cued,RSC,100,0.058525
77,1,RSC-SUB,cued,RSC,101,0.002835
77,1,RSC-SUB,cued,RSC,102,0.034688
77,1,RSC-SUB,cued,RSC,103,0.016992
77,1,RSC-SUB,cued,RSC,104,0.10977
77,1,RSC-SUB,cued,RSC,105,0.007115
77,1,RSC-SUB,cued,RSC,106,0.020518
77,1,RSC-SUB,cued,RSC,107,0.006295
77,1,RSC-SUB,cued,RSC,108,0.081489
77,1,RSC-SUB,cued,RSC,109,0.205706
77,1,RSC-SUB,cued,RSC,110,0.002893
77,1,RSC-SUB,cued,RSC,111,0.019074
77,1,RSC-SUB,cued,RSC,112,0.296331
77,1,RSC-SUB,cued,RSC,113,0.013816
77,1,RSC-SUB,cued,RSC,114,0.010488
77,1,RSC-SUB,cued,RSC,115,0.027792
77,1,RSC-SUB,cued,RSC,116,0.017408
77,1,RSC-SUB,cued,RSC,117,0.026096
77,1,RSC-SUB,cued,RSC,118,0.004923
77,1,RSC-SUB,cued,RSC,119,0.008211
77,1,RSC-SUB,cued,RSC,120,0.037143
77,1,RSC-SUB,cued,RSC,121,0.006782
77,1,RSC-SUB,cued,RSC,122,0.02276
77,1,RSC-SUB,cued,RSC,123,0.01289
77,1,RSC-SUB,cued,RSC,124,0.022182
77,1,RSC-SUB,cued,RSC,125,0.038184
77,1,RSC-SUB,cued,RSC,126,0.010427
77,1,RSC-SUB,cued,RSC,127,0.004442
77,1,RSC-SUB,cued,RSC,128,0.01093
77,1,RSC-SUB,cued,RSC,129,0.009671
77,1,RSC-SUB,cued,RSC,130,0.01352
77,1,RSC-SUB,cued,RSC,131,0.01001
77,1,RSC-SUB,cued,RSC,132,0.33044
77,1,RSC-SUB,cued,RSC,133,0.043414
77,1,RSC-SUB,cued,RSC,134,0.022893
77,1,RSC-SUB,cued,RSC,135,0.013386
77,1,RSC-SUB,cued,RSC,136,0.006186
77,1,RSC-SUB,cued,RSC,137,0.011439
77,1,RSC-SUB,cued,RSC,138,0.016569
77,1,RSC-SUB,cued,RSC,139,0.00686
77,1,RSC-SUB,cued,RSC,140,0.005987
77,1,RSC-SUB,cued,RSC,141,0.011155
77,1,RSC-SUB,cued,RSC,142,0.027519
77,1,RSC-SUB,cued,RSC,143,0.005784
77,1,RSC-SUB,cued,RSC,144,0.005036
77,1,RSC-SUB,cued,RSC,145,0.036599
77,1,RSC-SUB,cued,RSC,146,0.031267
77,1,RSC-SUB,cued,RSC,147,0.016457
77,1,RSC-SUB,cued,RSC,148,0.047729
77,1,RSC-SUB,cued,RSC,149,0.084635
77,1,RSC-SUB,cued,RSC,150,0.020285
77,1,RSC-SUB,cued,RSC,151,0.022239
77,1,RSC-SUB,cued,RSC,152,0.009828
77,1,RSC-SUB,cued,RSC,153,0.038546
77,1,RSC-SUB,cued,RSC,154,0.010913
77,1,RSC-SUB,cued,RSC,155,0.016046
77,1,RSC-SUB,cued,RSC,156,0.016651
77,1,RSC-SUB,cued,RSC,157,0.551017
77,1,RSC-SUB,cued,RSC,158,0.016308
77,1,RSC-SUB,cued,RSC,159,0.012832
77,1,RSC-SUB,cued,RSC,160,0.006507
77,1,RSC-SUB,cued,RSC,161,0.030932
77,1,RSC-SUB,cued,RSC,162,0.066443
77,1,RSC-SUB,cued,RSC,163,0.014505
77,1,RSC-SUB,cued,RSC,164,0.015445
77,1,RSC-SUB,cued,RSC,165,0.035627
77,1,RSC-SUB,cued,RSC,166,0.014923
77,1,RSC-SUB,cued,RSC,167,0.002631
77,1,RSC-SUB,cued,RSC,168,0.009035
77,1,RSC-SUB,cued,RSC,169,0.014633
77,1,RSC-SUB,cued,RSC,170,0.011021
77,1,RSC-SUB,cued,RSC,171,0.056456
77,1,RSC-SUB,cued,RSC,172,0.003482
77,1,RSC-SUB,cued,RSC,173,0.010296
77,1,RSC-SUB,cued,RSC,174,0.060587
77,1,RSC-SUB,cued,RSC,175,0.005045
77,1,RSC-SUB,cued,RSC,176,0.029711
77,1,RSC-SUB,cued,RSC,177,0.009015
77,1,RSC-SUB,cued,RSC,178,0.006855
77,1,RSC-SUB,cued,RSC,179,0.008951
77,1,RSC-SUB,cued,RSC,180,0.011668
77,1,RSC-SUB,cued,RSC,181,0.261606
77,1,RSC-SUB,cued,RSC,182,0.036317
77,1,RSC-SUB,cued,RSC,183,0.017838
77,1,RSC-SUB,cued,RSC,184,0.283634
77,1,RSC-SUB,cued,RSC,185,0.013472
77,1,RSC-SUB,cued,RSC,186,0.016334
77,1,RSC-SUB,cued,RSC,187,0.298151
77,1,RSC-SUB,cued,RSC,188,0.022763
77,1,RSC-SUB,cued,RSC,189,0.059705
77,1,RSC-SUB,cued,RSC,190,0.015674
77,1,RSC-SUB,cued,RSC,191,0.058746
77,1,RSC-SUB,cued,RSC,192,0.036034
77,1,RSC-SUB,cued,RSC,193,0.016133
77,1,RSC-SUB,cued,RSC,194,0.029442
77,1,RSC-SUB,cued,RSC,195,0.035839
77,1,RSC-SUB,cued,RSC,196,0.063811
77,1,RSC-SUB,cued,RSC,197,0.016034
77,1,RSC-SUB,cued,RSC,198,0.011887
77,1,RSC-SUB,cued,RSC,199,0.00819
77,1,RSC-SUB,cued,RSC,200,0.013509
77,1,RSC-SUB,cued,RSC,201,0.037293
77,1,RSC-SUB,cued,RSC,202,0.017343
77,1,RSC-SUB,cued,RSC,203,0.046122
77,1,RSC-SUB,cued,RSC,204,0.027337
77,1,RSC-SUB,cued,RSC,205,0.01757
77,1,RSC-SUB,cued,RSC,206,0.040103
77,1,RSC-SUB,cued,RSC,207,0.006181
77,1,RSC-SUB,cued,RSC,208,0.019176
77,1,RSC-SUB,cued,RSC,209,0.016663
77,1,RSC-SUB,cued,RSC,210,0.008075
77,1,RSC-SUB,cued,RSC,211,0.082048
77,1,RSC-SUB,cued,RSC,212,0.017171
77,1,RSC-SUB,cued,RSC,213,0.01747
77,1,RSC-SUB,cued,RSC,214,0.003202
77,1,RSC-SUB,cued,RSC,215,0.011582
77,1,RSC-SUB,cued,RSC,216,0.345573
77,1,RSC-SUB,cued,RSC,217,0.024355
77,1,RSC-SUB,cued,RSC,218,0.009707
77,1,RSC-SUB,cued,RSC,219,0.429596
77,1,RSC-SUB,cued,RSC,220,0.005615
77,1,RSC-SUB,cued,RSC,221,0.008691
77,1,RSC-SUB,cued,RSC,222,0.000135
77,1,RSC-SUB,cued,RSC,223,0.414808
77,1,RSC-SUB,cued,RSC,224,0.092627
77,1,RSC-SUB,cued,SUB,0,1.142771
77,1,RSC-SUB,cued,SUB,1,0.909267
77,1,RSC-SUB,cued,SUB,2,3.060498
77,1,RSC-SUB,cued,SUB,3,1.159842
77,1,RSC-SUB,cued,SUB,4,0.625591
77,1,RSC-SUB,cued,SUB,5,0.785491
77,1,V1-RSC,uncued,V1,0,2.474107
77,1,V1-RSC,uncued,V1,1,1.029429
77,1,V1-RSC,uncued,V1,2,0.921166
77,1,V1-RSC,uncued,V1,3,4.930415
77,1,V1-RSC,uncued,V1,4,1.758059
77,1,V1-RSC,uncued,V1,5,4.507117
77,1,V1-RSC,uncued,V1,6,0.987955
77,1,V1-RSC,uncued,V1,7,0.907513
77,1,V1-RSC,uncued,V1,8,0.865567
77,1,V1-RSC,uncued,V1,9,6.023474
77,1,V1-RSC,uncued,V1,10,0.40454
77,1,V1-RSC,uncued,V1,11,1.136109
77,1,V1-RSC,uncued,RSC,0,0.029264
77,1,V1-RSC,uncued,RSC,1,0.044588
77,1,V1-RSC,uncued,RSC,2,0.017441
77,1,V1-RSC,uncued,RSC,3,0.070862
77,1,V1-RSC,uncued,RSC,4,0.010412
77,1,V1-RSC,uncued,RSC,5,0.01708
77,1,V1-RSC,uncued,RSC,6,0.024655
77,1,V1-RSC,uncued,RSC,7,0.044157
77,1,V1-RSC,uncued,RSC,8,0.005063
77,1,V1-RSC,uncued,RSC,9,0.02453
77,1,V1-RSC,uncued,RSC,10,0.048611
77,1,V1-RSC,uncued,RSC,11,0.241437
77,1,V1-RSC,uncued,RSC,12,0.045421
77,1,V1-RSC,uncued,RSC,13,0.011387
77,1,V1-RSC,uncued,RSC,14,0.547941
77,1,V1-RSC,uncued,RSC,15,0.02292
77,1,V1-RSC,uncued,RSC,16,0.024174
77,1,V1-RSC,uncued,RSC,17,0.016538
77,1,V1-RSC,uncued,RSC,18,0.026968
77,1,V1-RSC,uncued,RSC,19,0.058455
77,1,V1-RSC,uncued,RSC,20,0.088449
77,1,V1-RSC,uncued,RSC,21,0.014047
77,1,V1-RSC,uncued,RSC,22,0.020582
77,1,V1-RSC,uncued,RSC,23,0.033428
77,1,V1-RSC,uncued,RSC,24,0.365008
77,1,V1-RSC,uncued,RSC,25,0.003638
77,1,V1-RSC,uncued,RSC,26,0.012928
77,1,V1-RSC,uncued,RSC,27,0.023875
77,1,V1-RSC,uncued,RSC,28,0.019177
77,1,V1-RSC,uncued,RSC,29,0.031635
77,1,V1-RSC,uncued,RSC,30,0.022256
77,1,V1-RSC,uncued,RSC,31,0.021092
77,1,V1-RSC,uncued,RSC,32,0.007718
77,1,V1-RSC,uncued,RSC,33,0.013738
77,1,V1-RSC,uncued,RSC,34,0.09526
77,1,V1-RSC,uncued,RSC,35,0.011107
77,1,V1-RSC,uncued,RSC,36,0.123031
77,1,V1-RSC,uncued,RSC,37,0.022049
77,1,V1-RSC,uncued,RSC,38,0.016116
77,1,V1-RSC,uncued,RSC,39,0.012342
77,1,V1-RSC,uncued,RSC,40,0.054262
77,1,V1-RSC,uncued,RSC,41,0.026171
77,1,V1-RSC,uncued,RSC,42,0.00781
77,1,V1-RSC,uncued,RSC,43,0.044393
77,1,V1-RSC,uncued,RSC,44,0.0566
77,1,V1-RSC,uncued,RSC,45,0.050903
77,1,V1-RSC,uncued,RSC,46,0.037383
77,1,V1-RSC,uncued,RSC,47,0.196846
77,1,V1-RSC,uncued,RSC,48,0.106262
77,1,V1-RSC,uncued,RSC,49,0.107517
77,1,V1-RSC,uncued,RSC,50,0.033384
77,1,V1-RSC,uncued,RSC,51,0.011786
77,1,V1-RSC,uncued,RSC,52,0.029822
77,1,V1-RSC,uncued,RSC,53,0.029847
77,1,V1-RSC,uncued,RSC,54,0.015115
77,1,V1-RSC,uncued,RSC,55,0.02761
77,1,V1-RSC,uncued,RSC,56,0.055758
77,1,V1-RSC,uncued,RSC,57,0.022425
77,1,V1-RSC,uncued,RSC,58,0.026589
77,1,V1-RSC,uncued,RSC,59,0.010583
77,1,V1-RSC,uncued,RSC,60,0.056108
77,1,V1-RSC,uncued,RSC,61,0.050118
77,1,V1-RSC,uncued,RSC,62,0.027793
77,1,V1-RSC,uncued,RSC,63,0.037501
77,1,V1-RSC,uncued,RSC,64,0.026716
77,1,V1-RSC,uncued,RSC,65,0.020856
77,1,V1-RSC,uncued,RSC,66,0.060377
77,1,V1-RSC,uncued,RSC,67,0.039658
77,1,V1-RSC,uncued,RSC,68,0.033827
77,1,V1-RSC,uncued,RSC,69,0.020256
77,1,V1-RSC,uncued,RSC,70,0.03958
77,1,V1-RSC,uncued,RSC,71,0.024761
77,1,V1-RSC,uncued,RSC,72,0.041112
77,1,V1-RSC,uncued,RSC,73,0.01012
77,1,V1-RSC,uncued,RSC,74,0.02685
77,1,V1-RSC,uncued,RSC,75,0.038606
77,1,V1-RSC,uncued,RSC,76,0.040458
77,1,V1-RSC,uncued,RSC,77,0.031168
77,1,V1-RSC,uncued,RSC,78,0.017923
77,1,V1-RSC,uncued,RSC,79,0.05484
77,1,V1-RSC,uncued,RSC,80,0.016385
77,1,V1-RSC,uncued,RSC,81,0.118299
77,1,V1-RSC,uncued,RSC,82,0.00961
77,1,V1-RSC,uncued,RSC,83,0.061607
77,1,V1-RSC,uncued,RSC,84,0.483022
77,1,V1-RSC,uncued,RSC,85,0.016433
77,1,V1-RSC,uncued,RSC,86,0.091471
77,1,V1-RSC,uncued,RSC,87,0.018871
77,1,V1-RSC,uncued,RSC,88,0.106319
77,1,V1-RSC,uncued,RSC,89,0.024982
77,1,V1-RSC,uncued,RSC,90,0.011849
77,1,V1-RSC,uncued,RSC,91,0.047891
77,1,V1-RSC,uncued,RSC,92,0.036211
77,1,V1-RSC,uncued,RSC,93,0.024641
77,1,V1-RSC,uncued,RSC,94,0.008929
77,1,V1-RSC,uncued,RSC,95,0.052572
77,1,V1-RSC,uncued,RSC,96,0.011025
77,1,V1-RSC,uncued,RSC,97,0.017574
77,1,V1-RSC,uncued,RSC,98,0.005363
77,1,V1-RSC,uncued,RSC,99,0.021343
77,1,V1-RSC,uncued,RSC,100,0.025106
77,1,V1-RSC,uncued,RSC,101,0.005869
77,1,V1-RSC,uncued,RSC,102,0.024667
77,1,V1-RSC,uncued,RSC,103,0.020343
77,1,V1-RSC,uncued,RSC,104,0.083354
77,1,V1-RSC,uncued,RSC,105,0.01115
77,1,V1-RSC,uncued,RSC,106,0.014813
77,1,V1-RSC,uncued,RSC,107,0.049213
77,1,V1-RSC,uncued,RSC,108,0.47746
77,1,V1-RSC,uncued,RSC,109,0.157492
77,1,V1-RSC,uncued,RSC,110,0.007365
77,1,V1-RSC,uncued,RSC,111,0.023118
77,1,V1-RSC,uncued,RSC,112,0.394488
77,1,V1-RSC,uncued,RSC,113,0.021313
77,1,V1-RSC,uncued,RSC,114,0.039918
77,1,V1-RSC,uncued,RSC,115,0.025196
77,1,V1-RSC,uncued,RSC,116,0.038155
77,1,V1-RSC,uncued,RSC,117,0.021304
77,1,V1-RSC,uncued,RSC,118,0.023643
77,1,V1-RSC,uncued,RSC,119,0.036967
77,1,V1-RSC,uncued,RSC,120,0.043684
77,1,V1-RSC,uncued,RSC,121,0.033553
77,1,V1-RSC,uncued,RSC,122,0.034812
77,1,V1-RSC,uncued,RSC,123,0.015716
77,1,V1-RSC,uncued,RSC,124,0.01566
77,1,V1-RSC,uncued,RSC,125,0.003474
77,1,V1-RSC,uncued,RSC,126,0.01417
77,1,V1-RSC,uncued,RSC,127,0.01065
77,1,V1-RSC,uncued,RSC,128,0.01415
77,1,V1-RSC,uncued,RSC,129,0.32051
77,1,V1-RSC,uncued,RSC,130,0.031301
77,1,V1-RSC,uncued,RSC,131,0.017328
77,1,V1-RSC,uncued,RSC,132,0.250312
77,1,V1-RSC,uncued,RSC,133,0.510992
77,1,V1-RSC,uncued,RSC,134,0.068859
77,1,V1-RSC,uncued,RSC,135,0.645396
77,1,V1-RSC,uncued,RSC,136,0.035005
77,1,V1-RSC,uncued,RSC,137,0.048433
77,1,V1-RSC,uncued,RSC,138,0.076277
77,1,V1-RSC,uncued,RSC,139,0.026426
77,1,V1-RSC,uncued,RSC,140,0.009614
77,1,V1-RSC,uncued,RSC,141,0.029349
77,1,V1-RSC,uncued,RSC,142,0.104037
77,1,V1-RSC,uncued,RSC,143,0.011137
77,1,V1-RSC,uncued,RSC,144,0.0212
77,1,V1-RSC,uncued,RSC,145,0.011666
77,1,V1-RSC,uncued,RSC,146,0.039489
77,1,V1-RSC,uncued,RSC,147,0.050114
77,1,V1-RSC,uncued,RSC,148,0.006968
77,1,V1-RSC,uncued,RSC,149,0.09636
77,1,V1-RSC,uncued,RSC,150,0.016197
77,1,V1-RSC,uncued,RSC,151,0.609748
77,1,V1-RSC,uncued,RSC,152,0.024747
77,1,V1-RSC,uncued,RSC,153,0.035786
77,1,V1-RSC,uncued,RSC,154,0.019798
77,1,V1-RSC,uncued,RSC,155,0.008108
77,1,V1-RSC,uncued,RSC,156,0.018585
77,1,V1-RSC,uncued,RSC,157,0.031084
77,1,V1-RSC,uncued,RSC,158,0.016683
77,1,V1-RSC,uncued,RSC,159,0.020958
77,1,V1-RSC,uncued,RSC,160,0.455591
77,1,V1-RSC,uncued,RSC,161,0.556811
77,1,V1-RSC,uncued,RSC,162,0.01259
77,1,V1-RSC,uncued,RSC,163,0.038785
77,1,V1-RSC,uncued,RSC,164,0.008426
77,1,V1-RSC,uncued,RSC,165,0.373758
77,1,V1-RSC,uncued,RSC,166,0.009478
77,1,V1-RSC,uncued,RSC,167,0.007184
77,1,V1-RSC,uncued,RSC,168,0.014713
77,1,V1-RSC,uncued,RSC,169,0.009439
77,1,V1-RSC,uncued,RSC,170,0.011523
77,1,V1-RSC,uncued,RSC,171,0.07104
77,1,V1-RSC,uncued,RSC,172,0.009698
77,1,V1-RSC,uncued,RSC,173,0.043682
77,1,V1-RSC,uncued,RSC,174,0.125381
77,1,V1-RSC,uncued,RSC,175,0.00897
77,1,V1-RSC,uncued,RSC,176,0.035325
77,1,V1-RSC,uncued,RSC,177,0.016668
77,1,V1-RSC,uncued,RSC,178,0.013853
77,1,V1-RSC,uncued,RSC,179,0.018019
77,1,V1-RSC,uncued,RSC,180,0.014854
77,1,V1-RSC,uncued,RSC,181,0.162798
77,1,V1-RSC,uncued,RSC,182,0.013709
77,1,V1-RSC,uncued,RSC,183,0.019135
77,1,V1-RSC,uncued,RSC,184,0.639481
77,1,V1-RSC,uncued,RSC,185,0.172082
77,1,V1-RSC,uncued,RSC,186,0.005682
77,1,V1-RSC,uncued,RSC,187,0.052004
77,1,V1-RSC,uncued,RSC,188,0.028216
77,1,V1-RSC,uncued,RSC,189,0.019985
77,1,V1-RSC,uncued,RSC,190,0.040024
77,1,V1-RSC,uncued,RSC,191,0.592421
77,1,V1-RSC,uncued,RSC,192,0.048443
77,1,V1-RSC,uncued,RSC,193,0.074491
77,1,V1-RSC,uncued,RSC,194,0.022543
77,1,V1-RSC,uncued,RSC,195,0.040064
77,1,V1-RSC,uncued,RSC,196,0.564683
77,1,V1-RSC,uncued,RSC,197,0.051074
77,1,V1-RSC,uncued,RSC,198,0.060238
77,1,V1-RSC,uncued,RSC,199,0.011223
77,1,V1-RSC,uncued,RSC,200,0.019107
77,1,V1-RSC,uncued,RSC,201,0.040555
77,1,V1-RSC,uncued,RSC,202,0.017821
77,1,V1-RSC,uncued,RSC,203,0.230478
77,1,V1-RSC,uncued,RSC,204,0.028744
77,1,V1-RSC,uncued,RSC,205,0.044945
77,1,V1-RSC,uncued,RSC,206,0.060194
77,1,V1-RSC,uncued,RSC,207,0.022311
77,1,V1-RSC,uncued,RSC,208,0.014357
77,1,V1-RSC,uncued,RSC,209,0.031664
77,1,V1-RSC,uncued,RSC,210,0.079709
77,1,V1-RSC,uncued,RSC,211,0.015727
77,1,V1-RSC,uncued,RSC,212,0.022611
77,1,V1-RSC,uncued,RSC,213,0.022231
77,1,V1-RSC,uncued,RSC,214,0.013255
77,1,V1-RSC,uncued,RSC,215,0.012237
77,1,V1-RSC,uncued,RSC,216,0.038014
77,1,V1-RSC,uncued,RSC,217,0.015148
77,1,V1-RSC,uncued,RSC,218,0.008429
77,1,V1-RSC,uncued,RSC,219,0.016411
77,1,V1-RSC,uncued,RSC,220,0.082922
77,1,V1-RSC,uncued,RSC,221,0.023384
77,1,V1-RSC,uncued,RSC,222,0.000555
77,1,V1-RSC,uncued,RSC,223,0.039556
77,1,V1-RSC,uncued,RSC,224,0.015321
77,1,V1-RSC,cued,V1,0,0.809289
77,1,V1-RSC,cued,V1,1,0.994354
77,1,V1-RSC,cued,V1,2,1.004658
77,1,V1-RSC,cued,V1,3,2.095273
77,1,V1-RSC,cued,V1,4,0.928272
77,1,V1-RSC,cued,V1,5,0.996458
77,1,V1-RSC,cued,V1,6,0.953284
77,1,V1-RSC,cued,V1,7,0.938647
77,1,V1-RSC,cued,V1,8,0.911186
77,1,V1-RSC,cued,V1,9,1.189583
77,1,V1-RSC,cued,V1,10,0.577646
77,1,V1-RSC,cued,V1,11,1.170758
77,1,V1-RSC,cued,RSC,0,0.018486
77,1,V1-RSC,cued,RSC,1,0.041242
77,1,V1-RSC,cued,RSC,2,0.02402
77,1,V1-RSC,cued,RSC,3,0.043551
77,1,V1-RSC,cued,RSC,4,0.012263
77,1,V1-RSC,cued,RSC,5,0.021558
77,1,V1-RSC,cued,RSC,6,0.010719
77,1,V1-RSC,cued,RSC,7,0.004667
77,1,V1-RSC,cued,RSC,8,0.001522
77,1,V1-RSC,cued,RSC,9,0.015454
77,1,V1-RSC,cued,RSC,10,0.04428
77,1,V1-RSC,cued,RSC,11,0.007775
77,1,V1-RSC,cued,RSC,12,0.02449
77,1,V1-RSC,cued,RSC,13,0.010342
77,1,V1-RSC,cued,RSC,14,0.002996
77,1,V1-RSC,cued,RSC,15,0.015898
77,1,V1-RSC,cued,RSC,16,0.020141
77,1,V1-RSC,cued,RSC,17,0.015469
77,1,V1-RSC,cued,RSC,18,0.062681
77,1,V1-RSC,cued,RSC,19,0.014266
77,1,V1-RSC,cued,RSC,20,0.024913
77,1,V1-RSC,cued,RSC,21,0.033086
77,1,V1-RSC,cued,RSC,22,0.050707
77,1,V1-RSC,cued,RSC,23,0.022505
77,1,V1-RSC,cued,RSC,24,0.013113
77,1,V1-RSC,cued,RSC,25,0.004524
77,1,V1-RSC,cued,RSC,26,0.007173
77,1,V1-RSC,cued,RSC,27,0.028697
77,1,V1-RSC,cued,RSC,28,0.016646
77,1,V1-RSC,cued,RSC,29,0.046602
77,1,V1-RSC,cued,RSC,30,0.029781
77,1,V1-RSC,cued,RSC,31,0.015893
77,1,V1-RSC,cued,RSC,32,0.023037
77,1,V1-RSC,cued,RSC,33,0.011451
77,1,V1-RSC,cued,RSC,34,0.013501
77,1,V1-RSC,cued,RSC,35,0.015118
77,1,V1-RSC,cued,RSC,36,0.056345
77,1,V1-RSC,cued,RSC,37,0.020197
77,1,V1-RSC,cued,RSC,38,0.013093
77,1,V1-RSC,cued,RSC,39,0.024767
77,1,V1-RSC,cued,RSC,40,0.017731
77,1,V1-RSC,cued,RSC,41,0.016645
77,1,V1-RSC,cued,RSC,42,0.501457
77,1,V1-RSC,cued,RSC,43,0.015369
77,1,V1-RSC,cued,RSC,44,0.019032
77,1,V1-RSC,cued,RSC,45,0.020413
77,1,V1-RSC,cued,RSC,46,0.073546
77,1,V1-RSC,cued,RSC,47,0.095374
77,1,V1-RSC,cued,RSC,48,0.050418
77,1,V1-RSC,cued,RSC,49,0.050732
77,1,V1-RSC,cued,RSC,50,0.030035
77,1,V1-RSC,cued,RSC,51,0.428963
77,1,V1-RSC,cued,RSC,52,0.048068
77,1,V1-RSC,cued,RSC,53,0.040345
77,1,V1-RSC,cued,RSC,54,0.027157
77,1,V1-RSC,cued,RSC,55,0.028816
77,1,V1-RSC,cued,RSC,56,0.066067
77,1,V1-RSC,cued,RSC,57,0.012158
77,1,V1-RSC,cued,RSC,58,0.035939
77,1,V1-RSC,cued,RSC,59,0.496054
77,1,V1-RSC,cued,RSC,60,0.113953
77,1,V1-RSC,cued,RSC,61,0.06353
77,1,V1-RSC,cued,RSC,62,0.045218
77,1,V1-RSC,cued,RSC,63,0.020446
77,1,V1-RSC,cued,RSC,64,0.049733
77,1,V1-RSC,cued,RSC,65,0.040088
77,1,V1-RSC,cued,RSC,66,0.015321
77,1,V1-RSC,cued,RSC,67,0.073113
77,1,V1-RSC,cued,RSC,68,0.029763
77,1,V1-RSC,cued,RSC,69,0.021163
77,1,V1-RSC,cued,RSC,70,0.044447
77,1,V1-RSC,cued,RSC,71,0.04424
77,1,V1-RSC,cued,RSC,72,0.046009
77,1,V1-RSC,cued,RSC,73,0.010932
77,1,V1-RSC,cued,RSC,74,0.032945
77,1,V1-RSC,cued,RSC,75,0.04689
77,1,V1-RSC,cued,RSC,76,0.050018
77,1,V1-RSC,cued,RSC,77,0.124229
77,1,V1-RSC,cued,RSC,78,0.039283
77,1,V1-RSC,cued,RSC,79,0.03028
77,1,V1-RSC,cued,RSC,80,0.006928
77,1,V1-RSC,cued,RSC,81,0.131497
77,1,V1-RSC,cued,RSC,82,0.001574
77,1,V1-RSC,cued,RSC,83,0.066301
77,1,V1-RSC,cued,RSC,84,0.022561
77,1,V1-RSC,cued,RSC,85,0.012264
77,1,V1-RSC,cued,RSC,86,0.142769
77,1,V1-RSC,cued,RSC,87,0.001638
77,1,V1-RSC,cued,RSC,88,0.073329
77,1,V1-RSC,cued,RSC,89,0.044535
77,1,V1-RSC,cued,RSC,90,0.024038
77,1,V1-RSC,cued,RSC,91,0.054731
77,1,V1-RSC,cued,RSC,92,0.021404
77,1,V1-RSC,cued,RSC,93,0.005414
77,1,V1-RSC,cued,RSC,94,0.020296
77,1,V1-RSC,cued,RSC,95,0.041938
77,1,V1-RSC,cued,RSC,96,0.018186
77,1,V1-RSC,cued,RSC,97,0.00488
77,1,V1-RSC,cued,RSC,98,0.018953
77,1,V1-RSC,cued,RSC,99,0.022621
77,1,V1-RSC,cued,RSC,100,0.085702
77,1,V1-RSC,cued,RSC,101,0.002789
77,1,V1-RSC,cued,RSC,102,0.056931
77,1,V1-RSC,cued,RSC,103,0.030037
77,1,V1-RSC,cued,RSC,104,0.586935
77,1,V1-RSC,cued,RSC,105,0.012241
77,1,V1-RSC,cued,RSC,106,0.031104
77,1,V1-RSC,cued,RSC,107,0.017334
77,1,V1-RSC,cued,RSC,108,0.133961
77,1,V1-RSC,cued,RSC,109,0.494159
77,1,V1-RSC,cued,RSC,110,0.005042
77,1,V1-RSC,cued,RSC,111,0.017218
77,1,V1-RSC,cued,RSC,112,0.29059
77,1,V1-RSC,cued,RSC,113,0.024866
77,1,V1-RSC,cued,RSC,114,0.03007
77,1,V1-RSC,cued,RSC,115,0.034531
77,1,V1-RSC,cued,RSC,116,0.033719
77,1,V1-RSC,cued,RSC,117,0.043025
77,1,V1-RSC,cued,RSC,118,0.013254
77,1,V1-RSC,cued,RSC,119,0.015185
77,1,V1-RSC,cued,RSC,120,0.082891
77,1,V1-RSC,cued,RSC,121,0.016527
77,1,V1-RSC,cued,RSC,122,0.054819
77,1,V1-RSC,cued,RSC,123,0.015336
77,1,V1-RSC,cued,RSC,124,0.015293
77,1,V1-RSC,cued,RSC,125,0.055201
77,1,V1-RSC,cued,RSC,126,0.01404
77,1,V1-RSC,cued,RSC,127,0.007154
77,1,V1-RSC,cued,RSC,128,0.016331
77,1,V1-RSC,cued,RSC,129,0.013889
77,1,V1-RSC,cued,RSC,130,0.017307
77,1,V1-RSC,cued,RSC,131,0.014375
77,1,V1-RSC,cued,RSC,132,0.52073
77,1,V1-RSC,cued,RSC,133,0.091422
77,1,V1-RSC,cued,RSC,134,0.034017
77,1,V1-RSC,cued,RSC,135,0.016829
77,1,V1-RSC,cued,RSC,136,0.02858
77,1,V1-RSC,cued,RSC,137,0.024364
77,1,V1-RSC,cued,RSC,138,0.027285
77,1,V1-RSC,cued,RSC,139,0.011774
77,1,V1-RSC,cued,RSC,140,0.012151
77,1,V1-RSC,cued,RSC,141,0.02732
77,1,V1-RSC,cued,RSC,142,0.026937
77,1,V1-RSC,cued,RSC,143,0.007333
77,1,V1-RSC,cued,RSC,144,0.010242
77,1,V1-RSC,cued,RSC,145,0.053336
77,1,V1-RSC,cued,RSC,146,0.036092
77,1,V1-RSC,cued,RSC,147,0.032161
77,1,V1-RSC,cued,RSC,148,0.113323
77,1,V1-RSC,cued,RSC,149,0.074873
77,1,V1-RSC,cued,RSC,150,0.032302
77,1,V1-RSC,cued,RSC,151,0.052796
77,1,V1-RSC,cued,RSC,152,0.017849
77,1,V1-RSC,cued,RSC,153,0.043698
77,1,V1-RSC,cued,RSC,154,0.03271
77,1,V1-RSC,cued,RSC,155,0.019069
77,1,V1-RSC,cued,RSC,156,0.039512
77,1,V1-RSC,cued,RSC,157,0.361491
77,1,V1-RSC,cued,RSC,158,0.039606
77,1,V1-RSC,cued,RSC,159,0.01742
77,1,V1-RSC,cued,RSC,160,0.011565
77,1,V1-RSC,cued,RSC,161,0.067157
77,1,V1-RSC,cued,RSC,162,0.078309
77,1,V1-RSC,cued,RSC,163,0.026514
77,1,V1-RSC,cued,RSC,164,0.027841
77,1,V1-RSC,cued,RSC,165,0.082507
77,1,V1-RSC,cued,RSC,166,0.019713
77,1,V1-RSC,cued,RSC,167,0.003291
77,1,V1-RSC,cued,RSC,168,0.010586
77,1,V1-RSC,cued,RSC,169,0.020473
77,1,V1-RSC,cued,RSC,170,0.018332
77,1,V1-RSC,cued,RSC,171,0.109369
77,1,V1-RSC,cued,RSC,172,0.008521
77,1,V1-RSC,cued,RSC,173,0.020973
77,1,V1-RSC,cued,RSC,174,0.119602
77,1,V1-RSC,cued,RSC,175,0.006294
77,1,V1-RSC,cued,RSC,176,0.041117
77,1,V1-RSC,cued,RSC,177,0.015794
77,1,V1-RSC,cued,RSC,178,0.011117
77,1,V1-RSC,cued,RSC,179,0.011789
77,1,V1-RSC,cued,RSC,180,0.023847
77,1,V1-RSC,cued,RSC,181,0.50612
77,1,V1-RSC,cued,RSC,182,0.040492
77,1,V1-RSC,cued,RSC,183,0.035967
77,1,V1-RSC,cued,RSC,184,0.525769
77,1,V1-RSC,cued,RSC,185,0.016663
77,1,V1-RSC,cued,RSC,186,0.032731
77,1,V1-RSC,cued,RSC,187,0.474466
77,1,V1-RSC,cued,RSC,188,0.033906
77,1,V1-RSC,cued,RSC,189,0.084823
77,1,V1-RSC,cued,RSC,190,0.030512
77,1,V1-RSC,cued,RSC,191,0.086244
77,1,V1-RSC,cued,RSC,192,0.059894
77,1,V1-RSC,cued,RSC,193,0.019315
77,1,V1-RSC,cued,RSC,194,0.049581
77,1,V1-RSC,cued,RSC,195,0.065898
77,1,V1-RSC,cued,RSC,196,0.05826
77,1,V1-RSC,cued,RSC,197,0.017123
77,1,V1-RSC,cued,RSC,198,0.012309
77,1,V1-RSC,cued,RSC,199,0.014919
77,1,V1-RSC,cued,RSC,200,0.01789
77,1,V1-RSC,cued,RSC,201,0.052257
77,1,V1-RSC,cued,RSC,202,0.022064
77,1,V1-RSC,cued,RSC,203,0.03698
77,1,V1-RSC,cued,RSC,204,0.042624
77,1,V1-RSC,cued,RSC,205,0.023492
77,1,V1-RSC,cued,RSC,206,0.058443
77,1,V1-RSC,cued,RSC,207,0.014798
77,1,V1-RSC,cued,RSC,208,0.027303
77,1,V1-RSC,cued,RSC,209,0.028781
77,1,V1-RSC,cued,RSC,210,0.014403
77,1,V1-RSC,cued,RSC,211,0.152508
77,1,V1-RSC,cued,RSC,212,0.023072
77,1,V1-RSC,cued,RSC,213,0.021485
77,1,V1-RSC,cued,RSC,214,0.004723
77,1,V1-RSC,cued,RSC,215,0.015261
77,1,V1-RSC,cued,RSC,216,0.492341
77,1,V1-RSC,cued,RSC,217,0.081829
77,1,V1-RSC,cued,RSC,218,0.014112
77,1,V1-RSC,cued,RSC,219,0.553206
77,1,V1-RSC,cued,RSC,220,0.005161
77,1,V1-RSC,cued,RSC,221,0.009148
77,1,V1-RSC,cued,RSC,222,0.000245
77,1,V1-RSC,cued,RSC,223,0.499841
77,1,V1-RSC,cued,RSC,224,0.539646
98,0,CA1-RSC,uncued,CA1,0,1.10225
98,0,CA1-RSC,uncued,CA1,1,1.052451
98,0,CA1-RSC,uncued,CA1,2,0.368484
98,0,CA1-RSC,uncued,CA1,3,0.00262
98,0,CA1-RSC,uncued,CA1,4,1.531293
98,0,CA1-RSC,uncued,CA1,5,1.103964
98,0,CA1-RSC,uncued,CA1,6,0.006886
98,0,CA1-RSC,uncued,CA1,7,1.556881
98,0,CA1-RSC,uncued,CA1,8,1.06611
98,0,CA1-RSC,uncued,CA1,9,1.078638
98,0,CA1-RSC,uncued,CA1,10,1.002123
98,0,CA1-RSC,uncued,CA1,11,0.94937
98,0,CA1-RSC,uncued,CA1,12,0.997242
98,0,CA1-RSC,uncued,CA1,13,1.37491
98,0,CA1-RSC,uncued,CA1,14,0.00939
98,0,CA1-RSC,uncued,CA1,15,0.903102
98,0,CA1-RSC,uncued,CA1,16,0.009193
98,0,CA1-RSC,uncued,CA1,17,0.11465
98,0,CA1-RSC,uncued,CA1,18,1.002149
98,0,CA1-RSC,uncued,CA1,19,0.692213
98,0,CA1-RSC,uncued,CA1,20,0.942067
98,0,CA1-RSC,uncued,RSC,0,0.936757
98,0,CA1-RSC,uncued,RSC,1,0.053367
98,0,CA1-RSC,uncued,RSC,2,0.01144
98,0,CA1-RSC,uncued,RSC,3,0.113914
98,0,CA1-RSC,uncued,RSC,4,0.116672
98,0,CA1-RSC,uncued,RSC,5,0.136397
98,0,CA1-RSC,uncued,RSC,6,0.119342
98,0,CA1-RSC,uncued,RSC,7,0.086476
98,0,CA1-RSC,uncued,RSC,8,0.079114
98,0,CA1-RSC,uncued,RSC,9,0.013357
98,0,CA1-RSC,uncued,RSC,10,0.025495
98,0,CA1-RSC,uncued,RSC,11,0.152012
98,0,CA1-RSC,uncued,RSC,12,1.022431
98,0,CA1-RSC,uncued,RSC,13,0.950032
98,0,CA1-RSC,uncued,RSC,14,0.022011
98,0,CA1-RSC,uncued,RSC,15,0.169397
98,0,CA1-RSC,uncued,RSC,16,1.006816
98,0,CA1-RSC,uncued,RSC,17,0.018111
98,0,CA1-RSC,uncued,RSC,18,0.046325
98,0,CA1-RSC,uncued,RSC,19,0.13298
98,0,CA1-RSC,uncued,RSC,20,0.860028
98,0,CA1-RSC,uncued,RSC,21,1.035145
98,0,CA1-RSC,uncued,RSC,22,1.002784
98,0,CA1-RSC,uncued,RSC,23,0.937528
98,0,CA1-RSC,uncued,RSC,24,1.049393
98,0,CA1-RSC,uncued,RSC,25,0.819507
98,0,CA1-RSC,uncued,RSC,26,0.139252
98,0,CA1-RSC,uncued,RSC,27,1.053932
98,0,CA1-RSC,uncued,RSC,28,0.197723
98,0,CA1-RSC,uncued,RSC,29,0.290096
98,0,CA1-RSC,uncued,RSC,30,0.080342
98,0,CA1-RSC,uncued,RSC,31,0.782267
98,0,CA1-RSC,uncued,RSC,32,0.938275
98,0,CA1-RSC,uncued,RSC,33,0.963277
98,0,CA1-RSC,uncued,RSC,34,0.05759
98,0,CA1-RSC,uncued,RSC,35,0.606215
98,0,CA1-RSC,cued,CA1,0,1.17137
98,0,CA1-RSC,cued,CA1,1,1.118857
98,0,CA1-RSC,cued,CA1,2,0.094349
98,0,CA1-RSC,cued,CA1,3,0.025676
98,0,CA1-RSC,cued,CA1,4,0.648347
98,0,CA1-RSC,cued,CA1,5,1.126168
98,0,CA1-RSC,cued,CA1,6,0.78581
98,0,CA1-RSC,cued,CA1,7,1.352855
98,0,CA1-RSC,cued,CA1,8,1.096897
98,0,CA1-RSC,cued,CA1,9,1.059949
98,0,CA1-RSC,cued,CA1,10,0.986615
98,0,CA1-RSC,cued,CA1,11,0.953161
98,0,CA1-RSC,cued,CA1,12,0.967299
98,0,CA1-RSC,cued,CA1,13,1.298004
98,0,CA1-RSC,cued,CA1,14,0.032423
98,0,CA1-RSC,cued,CA1,15,1.072093
98,0,CA1-RSC,cued,CA1,16,0.006562
98,0,CA1-RSC,cued,CA1,17,0.016964
98,0,CA1-RSC,cued,CA1,18,0.201746
98,0,CA1-RSC,cued,CA1,19,0.579183
98,0,CA1-RSC,cued,CA1,20,0.849187
98,0,CA1-RSC,cued,RSC,0,0.929547
98,0,CA1-RSC,cued,RSC,1,0.904354
98,0,CA1-RSC,cued,RSC,2,0.046852
98,0,CA1-RSC,cued,RSC,3,0.043038
98,0,CA1-RSC,cued,RSC,4,0.820478
98,0,CA1-RSC,cued,RSC,5,0.212226
98,0,CA1-RSC,cued,RSC,6,0.845981
98,0,CA1-RSC,cued,RSC,7,0.874824
98,0,CA1-RSC,cued,RSC,8,0.063888
98,0,CA1-RSC,cued,RSC,9,0.004477
98,0,CA1-RSC,cued,RSC,10,0.054772
98,0,CA1-RSC,cued,RSC,11,0.336807
98,0,CA1-RSC,cued,RSC,12,0.414794
98,0,CA1-RSC,cued,RSC,13,0.628756
98,0,CA1-RSC,cued,RSC,14,0.045706
98,0,CA1-RSC,cued,RSC,15,0.966503
98,0,CA1-RSC,cued,RSC,16,0.866374
98,0,CA1-RSC,cued,RSC,17,0.036126
98,0,CA1-RSC,cued,RSC,18,0.734608
98,0,CA1-RSC,cued,RSC,19,0.096577
98,0,CA1-RSC,cued,RSC,20,0.808756
98,0,CA1-RSC,cued,RSC,21,0.364368
98,0,CA1-RSC,cued,RSC,22,0.770105
98,0,CA1-RSC,cued,RSC,23,0.914598
98,0,CA1-RSC,cued,RSC,24,0.390052
98,0,CA1-RSC,cued,RSC,25,0.843318
98,0,CA1-RSC,cued,RSC,26,0.112977
98,0,CA1-RSC,cued,RSC,27,0.82127
98,0,CA1-RSC,cued,RSC,28,0.009365
98,0,CA1-RSC,cued,RSC,29,0.04822
98,0,CA1-RSC,cued,RSC,30,0.119256
98,0,CA1-RSC,cued,RSC,31,0.015436
98,0,CA1-RSC,cued,RSC,32,0.067128
98,0,CA1-RSC,cued,RSC,33,0.838254
98,0,CA1-RSC,cued,RSC,34,0.036519
98,0,CA1-RSC,cued,RSC,35,0.669991
98,0,CA1-CA3,uncued,CA1,0,0.725442
98,0,CA1-CA3,uncued,CA1,1,0.83229
98,0,CA1-CA3,uncued,CA1,2,0.036091
98,0,CA1-CA3,uncued,CA1,3,0.002126
98,0,CA1-CA3,uncued,CA1,4,0.328654
98,0,CA1-CA3,uncued,CA1,5,0.431832
98,0,CA1-CA3,uncued,CA1,6,0.003111
98,0,CA1-CA3,uncued,CA1,7,0.181363
98,0,CA1-CA3,uncued,CA1,8,0.640468
98,0,CA1-CA3,uncued,CA1,9,0.655708
98,0,CA1-CA3,uncued,CA1,10,0.333937
98,0,CA1-CA3,uncued,CA1,11,0.250833
98,0,CA1-CA3,uncued,CA1,12,0.857859
98,0,CA1-CA3,uncued,CA1,13,0.086082
98,0,CA1-CA3,uncued,CA1,14,0.00566
98,0,CA1-CA3,uncued,CA1,15,0.15235
98,0,CA1-CA3,uncued,CA1,16,0.003984
98,0,CA1-CA3,uncued,CA1,17,0.011117
98,0,CA1-CA3,uncued,CA1,18,0.158565
98,0,CA1-CA3,uncued,CA1,19,0.670157
98,0,CA1-CA3,uncued,CA1,20,0.575632
98,0,CA1-CA3,uncued,CA3,0,2.214329
98,0,CA1-CA3,uncued,CA3,1,1.118843
98,0,CA1-CA3,uncued,CA3,2,0.99726
98,0,CA1-CA3,uncued,CA3,3,1.311977
98,0,CA1-CA3,uncued,CA3,4,0.931393
98,0,CA1-CA3,cued,CA1,0,0.676087
98,0,CA1-CA3,cued,CA1,1,0.678836
98,0,CA1-CA3,cued,CA1,2,0.020312
98,0,CA1-CA3,cued,CA1,3,0.014402
98,0,CA1-CA3,cued,CA1,4,0.414081
98,0,CA1-CA3,cued,CA1,5,0.661793
98,0,CA1-CA3,cued,CA1,6,0.425657
98,0,CA1-CA3,cued,CA1,7,0.339333
98,0,CA1-CA3,cued,CA1,8,0.858564
98,0,CA1-CA3,cued,CA1,9,0.501807
98,0,CA1-CA3,cued,CA1,10,0.539198
98,0,CA1-CA3,cued,CA1,11,0.459765
98,0,CA1-CA3,cued,CA1,12,0.750844
98,0,CA1-CA3,cued,CA1,13,0.214179
98,0,CA1-CA3,cued,CA1,14,0.006926
98,0,CA1-CA3,cued,CA1,15,0.230796
98,0,CA1-CA3,cued,CA1,16,0.006696
98,0,CA1-CA3,cued,CA1,17,0.007915
98,0,CA1-CA3,cued,CA1,18,0.0522
98,0,CA1-CA3,cued,CA1,19,0.196527
98,0,CA1-CA3,cued,CA1,20,0.439151
98,0,CA1-CA3,cued,CA3,0,164.783368
98,0,CA1-CA3,cued,CA3,1,1.014882
98,0,CA1-CA3,cued,CA3,2,1.038346
98,0,CA1-CA3,cued,CA3,3,1.212352
98,0,CA1-CA3,cued,CA3,4,0.925393
100,0,CA1-RSC,uncued,CA1,0,0.052798
100,0,CA1-RSC,uncued,CA1,1,0.037453
100,0,CA1-RSC,uncued,CA1,2,0.661443
100,0,CA1-RSC,uncued,CA1,3,0.744845
100,0,CA1-RSC,uncued,CA1,4,0.142394
100,0,CA1-RSC,uncued,CA1,5,0.069441
100,0,CA1-RSC,uncued,CA1,6,0.144198
100,0,CA1-RSC,uncued,CA1,7,0.057749
100,0,CA1-RSC,uncued,CA1,8,0.021627
100,0,CA1-RSC,uncued,CA1,9,0.079806
100,0,CA1-RSC,uncued,CA1,10,0.026405
100,0,CA1-RSC,uncued,CA1,11,0.709661
100,0,CA1-RSC,uncued,CA1,12,0.601571
100,0,CA1-RSC,uncued,CA1,13,0.28968
100,0,CA1-RSC,uncued,CA1,14,0.014958
100,0,CA1-RSC,uncued,CA1,15,0.046521
100,0,CA1-RSC,uncued,CA1,16,0.180181
100,0,CA1-RSC,uncued,CA1,17,0.039566
100,0,CA1-RSC,uncued,CA1,18,0.026185
100,0,CA1-RSC,uncued,CA1,19,0.023172
100,0,CA1-RSC,uncued,CA1,20,0.082798
100,0,CA1-RSC,uncued,CA1,21,0.032068
100,0,CA1-RSC,uncued,CA1,22,0.088179
100,0,CA1-RSC,uncued,CA1,23,0.721697
100,0,CA1-RSC,uncued,CA1,24,0.105725
100,0,CA1-RSC,uncued,CA1,25,0.018816
100,0,CA1-RSC,uncued,CA1,26,0.618365
100,0,CA1-RSC,uncued,CA1,27,0.67889
100,0,CA1-RSC,uncued,CA1,28,0.037274
100,0,CA1-RSC,uncued,CA1,29,0.044383
100,0,CA1-RSC,uncued,CA1,30,0.032579
100,0,CA1-RSC,uncued,CA1,31,0.07849
100,0,CA1-RSC,uncued,CA1,32,0.025612
100,0,CA1-RSC,uncued,CA1,33,0.107518
100,0,CA1-RSC,uncued,CA1,34,0.03242
100,0,CA1-RSC,uncued,CA1,35,0.71824
100,0,CA1-RSC,uncued,CA1,36,0.056596
100,0,CA1-RSC,uncued,CA1,37,0.025162
100,0,CA1-RSC,uncued,CA1,38,0.037531
100,0,CA1-RSC,uncued,CA1,39,0.047884
100,0,CA1-RSC,uncued,CA1,40,0.729446
100,0,CA1-RSC,uncued,CA1,41,0.036613
100,0,CA1-RSC,uncued,CA1,42,0.725733
100,0,CA1-RSC,uncued,CA1,43,0.696015
100,0,CA1-RSC,uncued,CA1,44,0.677738
100,0,CA1-RSC,uncued,CA1,45,0.084624
100,0,CA1-RSC,uncued,CA1,46,0.046227
100,0,CA1-RSC,uncued,CA1,47,0.01551
100,0,CA1-RSC,uncued,CA1,48,0.032705
100,0,CA1-RSC,uncued,CA1,49,0.082797
100,0,CA1-RSC,uncued,CA1,50,0.037495
100,0,CA1-RSC,uncued,CA1,51,0.030332
100,0,CA1-RSC,uncued,CA1,52,0.072224
100,0,CA1-RSC,uncued,CA1,53,0.040931
100,0,CA1-RSC,uncued,CA1,54,0.058407
100,0,CA1-RSC,uncued,CA1,55,0.138632
100,0,CA1-RSC,uncued,CA1,56,0.087302
100,0,CA1-RSC,uncued,CA1,57,0.108117
100,0,CA1-RSC,uncued,CA1,58,0.156171
100,0,CA1-RSC,uncued,CA1,59,0.069018
100,0,CA1-RSC,uncued,CA1,60,0.053431
100,0,CA1-RSC,uncued,CA1,61,0.050174
100,0,CA1-RSC,uncued,CA1,62,0.012913
100,0,CA1-RSC,uncued,CA1,63,0.15965
100,0,CA1-RSC,uncued,CA1,64,0.059398
100,0,CA1-RSC,uncued,CA1,65,0.005263
100,0,CA1-RSC,uncued,CA1,66,0.083694
100,0,CA1-RSC,uncued,CA1,67,0.054847
100,0,CA1-RSC,uncued,CA1,68,0.758716
100,0,CA1-RSC,uncued,CA1,69,0.471499
100,0,CA1-RSC,uncued,CA1,70,0.031103
100,0,CA1-RSC,uncued,CA1,71,0.470095
100,0,CA1-RSC,uncued,RSC,0,0.563897
100,0,CA1-RSC,uncued,RSC,1,0.065748
100,0,CA1-RSC,uncued,RSC,2,0.015371
100,0,CA1-RSC,uncued,RSC,3,0.047106
100,0,CA1-RSC,uncued,RSC,4,0.030418
100,0,CA1-RSC,uncued,RSC,5,0.091331
100,0,CA1-RSC,uncued,RSC,6,0.049143
100,0,CA1-RSC,uncued,RSC,7,0.117138
100,0,CA1-RSC,uncued,RSC,8,0.091433
100,0,CA1-RSC,uncued,RSC,9,0.032229
100,0,CA1-RSC,uncued,RSC,10,0.10941
100,0,CA1-RSC,uncued,RSC,11,0.125755
100,0,CA1-RSC,uncued,RSC,12,0.728671
100,0,CA1-RSC,uncued,RSC,13,0.579135
100,0,CA1-RSC,uncued,RSC,14,0.020742
100,0,CA1-RSC,uncued,RSC,15,0.003926
100,0,CA1-RSC,uncued,RSC,16,0.023335
100,0,CA1-RSC,uncued,RSC,17,0.018275
100,0,CA1-RSC,uncued,RSC,18,0.411977
100,0,CA1-RSC,uncued,RSC,19,0.067724
100,0,CA1-RSC,uncued,RSC,20,0.044444
100,0,CA1-RSC,uncued,RSC,21,0.0237
100,0,CA1-RSC,uncued,RSC,22,0.358773
100,0,CA1-RSC,uncued,RSC,23,0.019008
100,0,CA1-RSC,uncued,RSC,24,0.090177
100,0,CA1-RSC,uncued,RSC,25,0.143925
100,0,CA1-RSC,uncued,RSC,26,0.046022
100,0,CA1-RSC,uncued,RSC,27,0.13272
100,0,CA1-RSC,uncued,RSC,28,0.136148
100,0,CA1-RSC,uncued,RSC,29,0.198536
100,0,CA1-RSC,uncued,RSC,30,0.755953
100,0,CA1-RSC,uncued,RSC,31,0.058079
100,0,CA1-RSC,uncued,RSC,32,0.614318
100,0,CA1-RSC,uncued,RSC,33,0.0
100,0,CA1-RSC,uncued,RSC,34,0.449803
100,0,CA1-RSC,uncued,RSC,35,0.05635
100,0,CA1-RSC,uncued,RSC,36,0.039089
100,0,CA1-RSC,uncued,RSC,37,0.772668
100,0,CA1-RSC,uncued,RSC,38,0.018834
100,0,CA1-RSC,uncued,RSC,39,0.042496
100,0,CA1-RSC,uncued,RSC,40,0.045424
100,0,CA1-RSC,uncued,RSC,41,0.011659
100,0,CA1-RSC,uncued,RSC,42,0.034335
100,0,CA1-RSC,uncued,RSC,43,0.168247
100,0,CA1-RSC,uncued,RSC,44,0.095667
100,0,CA1-RSC,uncued,RSC,45,0.055833
100,0,CA1-RSC,uncued,RSC,46,0.134218
100,0,CA1-RSC,uncued,RSC,47,0.079158
100,0,CA1-RSC,uncued,RSC,48,0.057949
100,0,CA1-RSC,uncued,RSC,49,0.005018
100,0,CA1-RSC,uncued,RSC,50,0.283592
100,0,CA1-RSC,uncued,RSC,51,0.036069
100,0,CA1-RSC,uncued,RSC,52,0.207968
100,0,CA1-RSC,uncued,RSC,53,0.012739
100,0,CA1-RSC,uncued,RSC,54,0.167297
100,0,CA1-RSC,uncued,RSC,55,0.04761
100,0,CA1-RSC,uncued,RSC,56,0.030141
100,0,CA1-RSC,uncued,RSC,57,0.066971
100,0,CA1-RSC,uncued,RSC,58,0.693151
100,0,CA1-RSC,uncued,RSC,59,0.03888
100,0,CA1-RSC,uncued,RSC,60,0.004075
100,0,CA1-RSC,uncued,RSC,61,0.727067
100,0,CA1-RSC,uncued,RSC,62,0.790675
100,0,CA1-RSC,uncued,RSC,63,0.013271
100,0,CA1-RSC,uncued,RSC,64,0.221981
100,0,CA1-RSC,uncued,RSC,65,0.017325
100,0,CA1-RSC,uncued,RSC,66,0.201842
100,0,CA1-RSC,uncued,RSC,67,0.028817
100,0,CA1-RSC,uncued,RSC,68,0.024931
100,0,CA1-RSC,uncued,RSC,69,0.027475
100,0,CA1-RSC,uncued,RSC,70,0.010798
100,0,CA1-RSC,uncued,RSC,71,0.086796
100,0,CA1-RSC,uncued,RSC,72,0.789892
100,0,CA1-RSC,uncued,RSC,73,0.717543
100,0,CA1-RSC,uncued,RSC,74,0.090089
100,0,CA1-RSC,uncued,RSC,75,0.492521
100,0,CA1-RSC,uncued,RSC,76,0.034855
100,0,CA1-RSC,uncued,RSC,77,0.665403
100,0,CA1-RSC,uncued,RSC,78,0.715238
100,0,CA1-RSC,cued,CA1,0,0.01498
100,0,CA1-RSC,cued,CA1,1,0.037611
100,0,CA1-RSC,cued,CA1,2,0.473211
100,0,CA1-RSC,cued,CA1,3,0.014188
100,0,CA1-RSC,cued,CA1,4,0.084369
100,0,CA1-RSC,cued,CA1,5,0.053093
100,0,CA1-RSC,cued,CA1,6,0.107117
100,0,CA1-RSC,cued,CA1,7,0.030693
100,0,CA1-RSC,cued,CA1,8,0.008645
100,0,CA1-RSC,cued,CA1,9,0.06126
100,0,CA1-RSC,cued,CA1,10,0.011431
100,0,CA1-RSC,cued,CA1,11,0.720371
100,0,CA1-RSC,cued,CA1,12,0.703611
100,0,CA1-RSC,cued,CA1,13,0.118171
100,0,CA1-RSC,cued,CA1,14,0.006805
100,0,CA1-RSC,cued,CA1,15,0.034588
100,0,CA1-RSC,cued,CA1,16,0.075856
100,0,CA1-RSC,cued,CA1,17,0.030606
100,0,CA1-RSC,cued,CA1,18,0.032327
100,0,CA1-RSC,cued,CA1,19,0.02425
100,0,CA1-RSC,cued,CA1,20,0.044922
100,0,CA1-RSC,cued,CA1,21,0.06669
100,0,CA1-RSC,cued,CA1,22,0.047941
100,0,CA1-RSC,cued,CA1,23,0.642277
100,0,CA1-RSC,cued,CA1,24,0.035319
100,0,CA1-RSC,cued,CA1,25,0.011516
100,0,CA1-RSC,cued,CA1,26,0.611372
100,0,CA1-RSC,cued,CA1,27,0.677302
100,0,CA1-RSC,cued,CA1,28,0.062467
100,0,CA1-RSC,cued,CA1,29,0.038647
100,0,CA1-RSC,cued,CA1,30,0.059888
100,0,CA1-RSC,cued,CA1,31,0.588918
100,0,CA1-RSC,cued,CA1,32,0.036964
100,0,CA1-RSC,cued,CA1,33,0.041402
100,0,CA1-RSC,cued,CA1,34,0.03394
100,0,CA1-RSC,cued,CA1,35,0.702183
100,0,CA1-RSC,cued,CA1,36,0.063255
100,0,CA1-RSC,cued,CA1,37,0.095668
100,0,CA1-RSC,cued,CA1,38,0.090976
100,0,CA1-RSC,cued,CA1,39,0.04549
100,0,CA1-RSC,cued,CA1,40,0.543011
100,0,CA1-RSC,cued,CA1,41,0.050803
100,0,CA1-RSC,cued,CA1,42,0.012672
100,0,CA1-RSC,cued,CA1,43,0.680858
100,0,CA1-RSC,cued,CA1,44,0.090451
100,0,CA1-RSC,cued,CA1,45,0.059183
100,0,CA1-RSC,cued,CA1,46,0.023602
100,0,CA1-RSC,cued,CA1,47,0.046441
100,0,CA1-RSC,cued,CA1,48,0.063755
100,0,CA1-RSC,cued,CA1,49,0.074424
100,0,CA1-RSC,cued,CA1,50,0.074202
100,0,CA1-RSC,cued,CA1,51,0.025858
100,0,CA1-RSC,cued,CA1,52,0.038762
100,0,CA1-RSC,cued,CA1,53,0.047605
100,0,CA1-RSC,cued,CA1,54,0.017946
100,0,CA1-RSC,cued,CA1,55,0.708794
100,0,CA1-RSC,cued,CA1,56,0.041085
100,0,CA1-RSC,cued,CA1,57,0.074409
100,0,CA1-RSC,cued,CA1,58,0.097199
100,0,CA1-RSC,cued,CA1,59,0.059651
100,0,CA1-RSC,cued,CA1,60,0.032189
100,0,CA1-RSC,cued,CA1,61,0.019326
100,0,CA1-RSC,cued,CA1,62,0.032826
100,0,CA1-RSC,cued,CA1,63,0.097038
100,0,CA1-RSC,cued,CA1,64,0.531915
100,0,CA1-RSC,cued,CA1,65,0.612356
100,0,CA1-RSC,cued,CA1,66,0.154218
100,0,CA1-RSC,cued,CA1,67,0.041016
100,0,CA1-RSC,cued,CA1,68,0.695113
100,0,CA1-RSC,cued,CA1,69,0.460731
100,0,CA1-RSC,cued,CA1,70,0.49177
100,0,CA1-RSC,cued,CA1,71,0.041729
100,0,CA1-RSC,cued,RSC,0,0.672316
100,0,CA1-RSC,cued,RSC,1,0.139278
100,0,CA1-RSC,cued,RSC,2,0.004788
100,0,CA1-RSC,cued,RSC,3,0.062135
100,0,CA1-RSC,cued,RSC,4,0.014022
100,0,CA1-RSC,cued,RSC,5,0.052473
100,0,CA1-RSC,cued,RSC,6,0.03458
100,0,CA1-RSC,cued,RSC,7,0.080324
100,0,CA1-RSC,cued,RSC,8,0.039549
100,0,CA1-RSC,cued,RSC,9,0.050262
100,0,CA1-RSC,cued,RSC,10,0.085939
100,0,CA1-RSC,cued,RSC,11,0.048712
100,0,CA1-RSC,cued,RSC,12,0.087089
100,0,CA1-RSC,cued,RSC,13,0.500278
100,0,CA1-RSC,cued,RSC,14,0.023845
100,0,CA1-RSC,cued,RSC,15,0.007801
100,0,CA1-RSC,cued,RSC,16,0.035814
100,0,CA1-RSC,cued,RSC,17,0.008422
100,0,CA1-RSC,cued,RSC,18,0.683896
100,0,CA1-RSC,cued,RSC,19,0.026742
100,0,CA1-RSC,cued,RSC,20,0.031582
100,0,CA1-RSC,cued,RSC,21,0.014889
100,0,CA1-RSC,cued,RSC,22,0.342507
100,0,CA1-RSC,cued,RSC,23,0.03247
100,0,CA1-RSC,cued,RSC,24,0.070537
100,0,CA1-RSC,cued,RSC,25,0.072483
100,0,CA1-RSC,cued,RSC,26,0.025786
100,0,CA1-RSC,cued,RSC,27,0.03924
100,0,CA1-RSC,cued,RSC,28,0.528067
100,0,CA1-RSC,cued,RSC,29,0.034243
100,0,CA1-RSC,cued,RSC,30,0.64372
100,0,CA1-RSC,cued,RSC,31,0.027718
100,0,CA1-RSC,cued,RSC,32,0.517892
100,0,CA1-RSC,cued,RSC,33,0.02016
100,0,CA1-RSC,cued,RSC,34,0.196431
100,0,CA1-RSC,cued,RSC,35,0.037211
100,0,CA1-RSC,cued,RSC,36,0.018295
100,0,CA1-RSC,cued,RSC,37,0.427751
100,0,CA1-RSC,cued,RSC,38,0.664389
100,0,CA1-RSC,cued,RSC,39,0.643779
100,0,CA1-RSC,cued,RSC,40,0.062568
100,0,CA1-RSC,cued,RSC,41,0.014116
100,0,CA1-RSC,cued,RSC,42,0.03125
100,0,CA1-RSC,cued,RSC,43,0.132442
100,0,CA1-RSC,cued,RSC,44,0.038601
100,0,CA1-RSC,cued,RSC,45,0.054
100,0,CA1-RSC,cued,RSC,46,0.28534
100,0,CA1-RSC,cued,RSC,47,0.049802
100,0,CA1-RSC,cued,RSC,48,0.012849
100,0,CA1-RSC,cued,RSC,49,0.016345
100,0,CA1-RSC,cued,RSC,50,0.099732
100,0,CA1-RSC,cued,RSC,51,0.672049
100,0,CA1-RSC,cued,RSC,52,0.402025
100,0,CA1-RSC,cued,RSC,53,0.03081
100,0,CA1-RSC,cued,RSC,54,0.037776
100,0,CA1-RSC,cued,RSC,55,0.03761
100,0,CA1-RSC,cued,RSC,56,0.020747
100,0,CA1-RSC,cued,RSC,57,0.143618
100,0,CA1-RSC,cued,RSC,58,0.160578
100,0,CA1-RSC,cued,RSC,59,0.016899
100,0,CA1-RSC,cued,RSC,60,0.06922
100,0,CA1-RSC,cued,RSC,61,0.685606
100,0,CA1-RSC,cued,RSC,62,0.198871
100,0,CA1-RSC,cued,RSC,63,0.019019
100,0,CA1-RSC,cued,RSC,64,0.501824
100,0,CA1-RSC,cued,RSC,65,0.049666
100,0,CA1-RSC,cued,RSC,66,0.01687
100,0,CA1-RSC,cued,RSC,67,0.043565
100,0,CA1-RSC,cued,RSC,68,0.016311
100,0,CA1-RSC,cued,RSC,69,0.222877
100,0,CA1-RSC,cued,RSC,70,0.026275
100,0,CA1-RSC,cued,RSC,71,0.03131
100,0,CA1-RSC,cued,RSC,72,0.043718
100,0,CA1-RSC,cued,RSC,73,0.025357
100,0,CA1-RSC,cued,RSC,74,0.03554
100,0,CA1-RSC,cued,RSC,75,0.501039
100,0,CA1-RSC,cued,RSC,76,0.706038
100,0,CA1-RSC,cued,RSC,77,0.404575
100,0,CA1-RSC,cued,RSC,78,0.096475
100,0,CA1-DG,uncued,CA1,0,0.05437
100,0,CA1-DG,uncued,CA1,1,0.041735
100,0,CA1-DG,uncued,CA1,2,0.660759
100,0,CA1-DG,uncued,CA1,3,0.736498
100,0,CA1-DG,uncued,CA1,4,0.198104
100,0,CA1-DG,uncued,CA1,5,0.155356
100,0,CA1-DG,uncued,CA1,6,0.137217
100,0,CA1-DG,uncued,CA1,7,0.055341
100,0,CA1-DG,uncued,CA1,8,0.021716
100,0,CA1-DG,uncued,CA1,9,0.084503
100,0,CA1-DG,uncued,CA1,10,0.029232
100,0,CA1-DG,uncued,CA1,11,0.708614
100,0,CA1-DG,uncued,CA1,12,0.600328
100,0,CA1-DG,uncued,CA1,13,0.35403
100,0,CA1-DG,uncued,CA1,14,0.013293
100,0,CA1-DG,uncued,CA1,15,0.061636
100,0,CA1-DG,uncued,CA1,16,0.21739
100,0,CA1-DG,uncued,CA1,17,0.050956
100,0,CA1-DG,uncued,CA1,18,0.028327
100,0,CA1-DG,uncued,CA1,19,0.026599
100,0,CA1-DG,uncued,CA1,20,0.108188
100,0,CA1-DG,uncued,CA1,21,0.036056
100,0,CA1-DG,uncued,CA1,22,0.11641
100,0,CA1-DG,uncued,CA1,23,0.721879
100,0,CA1-DG,uncued,CA1,24,0.082561
100,0,CA1-DG,uncued,CA1,25,0.016729
100,0,CA1-DG,uncued,CA1,26,0.616939
100,0,CA1-DG,uncued,CA1,27,0.675761
100,0,CA1-DG,uncued,CA1,28,0.036874
100,0,CA1-DG,uncued,CA1,29,0.044342
100,0,CA1-DG,uncued,CA1,30,0.044239
100,0,CA1-DG,uncued,CA1,31,0.077999
100,0,CA1-DG,uncued,CA1,32,0.028052
100,0,CA1-DG,uncued,CA1,33,0.094048
100,0,CA1-DG,uncued,CA1,34,0.033266
100,0,CA1-DG,uncued,CA1,35,0.711714
100,0,CA1-DG,uncued,CA1,36,0.06803
100,0,CA1-DG,uncued,CA1,37,0.02587
100,0,CA1-DG,uncued,CA1,38,0.047358
100,0,CA1-DG,uncued,CA1,39,0.054889
100,0,CA1-DG,uncued,CA1,40,0.72899
100,0,CA1-DG,uncued,CA1,41,0.043646
100,0,CA1-DG,uncued,CA1,42,0.725741
100,0,CA1-DG,uncued,CA1,43,0.693292
100,0,CA1-DG,uncued,CA1,44,0.537065
100,0,CA1-DG,uncued,CA1,45,0.114952
100,0,CA1-DG,uncued,CA1,46,0.043743
100,0,CA1-DG,uncued,CA1,47,0.011426
100,0,CA1-DG,uncued,CA1,48,0.050183
100,0,CA1-DG,uncued,CA1,49,0.067726
100,0,CA1-DG,uncued,CA1,50,0.036359
100,0,CA1-DG,uncued,CA1,51,0.033758
100,0,CA1-DG,uncued,CA1,52,0.107157
100,0,CA1-DG,uncued,CA1,53,0.036791
100,0,CA1-DG,uncued,CA1,54,0.060773
100,0,CA1-DG,uncued,CA1,55,0.143547
100,0,CA1-DG,uncued,CA1,56,0.085293
100,0,CA1-DG,uncued,CA1,57,0.193031
100,0,CA1-DG,uncued,CA1,58,0.180009
100,0,CA1-DG,uncued,CA1,59,0.080216
100,0,CA1-DG,uncued,CA1,60,0.061103
100,0,CA1-DG,uncued,CA1,61,0.047428
100,0,CA1-DG,uncued,CA1,62,0.011745
100,0,CA1-DG,uncued,CA1,63,0.183818
100,0,CA1-DG,uncued,CA1,64,0.058149
100,0,CA1-DG,uncued,CA1,65,0.005205
100,0,CA1-DG,uncued,CA1,66,0.164184
100,0,CA1-DG,uncued,CA1,67,0.047344
100,0,CA1-DG,uncued,CA1,68,0.755201
100,0,CA1-DG,uncued,CA1,69,0.470274
100,0,CA1-DG,uncued,CA1,70,0.033027
100,0,CA1-DG,uncued,CA1,71,0.469123
100,0,CA1-DG,uncued,DG,0,0.284848
100,0,CA1-DG,uncued,DG,1,0.130545
100,0,CA1-DG,uncued,DG,2,0.102656
100,0,CA1-DG,uncued,DG,3,0.13399
100,0,CA1-DG,uncued,DG,4,0.029145
100,0,CA1-DG,uncued,DG,5,0.120723
100,0,CA1-DG,uncued,DG,6,0.277969
100,0,CA1-DG,uncued,DG,7,0.160235
100,0,CA1-DG,uncued,DG,8,0.208669
100,0,CA1-DG,uncued,DG,9,0.170291
100,0,CA1-DG,uncued,DG,10,0.150276
100,0,CA1-DG,uncued,DG,11,0.251637
100,0,CA1-DG,uncued,DG,12,0.684982
100,0,CA1-DG,uncued,DG,13,0.192926
100,0,CA1-DG,uncued,DG,14,0.124398
100,0,CA1-DG,uncued,DG,15,0.193095
100,0,CA1-DG,uncued,DG,16,0.106901
100,0,CA1-DG,uncued,DG,17,0.201009
100,0,CA1-DG,uncued,DG,18,0.037728
100,0,CA1-DG,uncued,DG,19,0.083048
100,0,CA1-DG,uncued,DG,20,0.094986
100,0,CA1-DG,uncued,DG,21,0.105354
100,0,CA1-DG,uncued,DG,22,0.122232
100,0,CA1-DG,uncued,DG,23,0.012638
100,0,CA1-DG,uncued,DG,24,0.31325
100,0,CA1-DG,uncued,DG,25,0.124613
100,0,CA1-DG,uncued,DG,26,0.182444
100,0,CA1-DG,uncued,DG,27,0.023322
100,0,CA1-DG,uncued,DG,28,0.140053
100,0,CA1-DG,uncued,DG,29,0.094866
100,0,CA1-DG,uncued,DG,30,0.140341
100,0,CA1-DG,uncued,DG,31,0.162086
100,0,CA1-DG,uncued,DG,32,0.114377
100,0,CA1-DG,uncued,DG,33,0.141389
100,0,CA1-DG,uncued,DG,34,0.139618
100,0,CA1-DG,uncued,DG,35,0.181311
100,0,CA1-DG,uncued,DG,36,0.02123
100,0,CA1-DG,uncued,DG,37,0.023149
100,0,CA1-DG,uncued,DG,38,0.017223
100,0,CA1-DG,uncued,DG,39,0.002986
100,0,CA1-DG,uncued,DG,40,0.086044
100,0,CA1-DG,uncued,DG,41,0.063421
100,0,CA1-DG,uncued,DG,42,0.011669
100,0,CA1-DG,uncued,DG,43,0.745899
100,0,CA1-DG,uncued,DG,44,0.016035
100,0,CA1-DG,uncued,DG,45,0.004286
100,0,CA1-DG,uncued,DG,46,0.173246
100,0,CA1-DG,uncued,DG,47,0.130749
100,0,CA1-DG,uncued,DG,48,0.217647
100,0,CA1-DG,uncued,DG,49,0.199523
100,0,CA1-DG,uncued,DG,50,0.161452
100,0,CA1-DG,uncued,DG,51,0.11706
100,0,CA1-DG,uncued,DG,52,0.170161
100,0,CA1-DG,uncued,DG,53,0.16336
100,0,CA1-DG,uncued,DG,54,0.12842
100,0,CA1-DG,uncued,DG,55,0.046949
100,0,CA1-DG,uncued,DG,56,0.063439
100,0,CA1-DG,uncued,DG,57,0.088173
100,0,CA1-DG,uncued,DG,58,0.085886
100,0,CA1-DG,uncued,DG,59,0.078326
100,0,CA1-DG,uncued,DG,60,0.126854
100,0,CA1-DG,uncued,DG,61,0.084717
100,0,CA1-DG,uncued,DG,62,0.031336
100,0,CA1-DG,uncued,DG,63,0.588476
100,0,CA1-DG,uncued,DG,64,0.632888
100,0,CA1-DG,uncued,DG,65,0.638019
100,0,CA1-DG,uncued,DG,66,0.777284
100,0,CA1-DG,uncued,DG,67,0.066789
100,0,CA1-DG,uncued,DG,68,0.059536
100,0,CA1-DG,uncued,DG,69,0.721796
100,0,CA1-DG,uncued,DG,70,0.627787
100,0,CA1-DG,uncued,DG,71,0.722609
100,0,CA1-DG,uncued,DG,72,0.016564
100,0,CA1-DG,uncued,DG,73,0.763665
100,0,CA1-DG,uncued,DG,74,0.081101
100,0,CA1-DG,uncued,DG,75,0.030235
100,0,CA1-DG,uncued,DG,76,0.0
100,0,CA1-DG,uncued,DG,77,0.006314
100,0,CA1-DG,uncued,DG,78,0.33776
100,0,CA1-DG,uncued,DG,79,0.055877
100,0,CA1-DG,uncued,DG,80,0.0
100,0,CA1-DG,uncued,DG,81,0.113298
100,0,CA1-DG,uncued,DG,82,0.088962
100,0,CA1-DG,uncued,DG,83,0.017387
100,0,CA1-DG,uncued,DG,84,0.067038
100,0,CA1-DG,uncued,DG,85,0.0
100,0,CA1-DG,uncued,DG,86,0.189958
100,0,CA1-DG,uncued,DG,87,0.19981
100,0,CA1-DG,uncued,DG,88,0.159252
100,0,CA1-DG,uncued,DG,89,0.076885
100,0,CA1-DG,uncued,DG,90,0.002197
100,0,CA1-DG,uncued,DG,91,0.046017
100,0,CA1-DG,uncued,DG,92,0.052507
100,0,CA1-DG,uncued,DG,93,0.022971
100,0,CA1-DG,uncued,DG,94,0.050647
100,0,CA1-DG,uncued,DG,95,0.022245
100,0,CA1-DG,uncued,DG,96,0.019562
100,0,CA1-DG,uncued,DG,97,0.640279
100,0,CA1-DG,cued,CA1,0,0.018482
100,0,CA1-DG,cued,CA1,1,0.025696
100,0,CA1-DG,cued,CA1,2,0.472355
100,0,CA1-DG,cued,CA1,3,0.015337
100,0,CA1-DG,cued,CA1,4,0.158129
100,0,CA1-DG,cued,CA1,5,0.120302
100,0,CA1-DG,cued,CA1,6,0.106464
100,0,CA1-DG,cued,CA1,7,0.033657
100,0,CA1-DG,cued,CA1,8,0.007511
100,0,CA1-DG,cued,CA1,9,0.062861
100,0,CA1-DG,cued,CA1,10,0.010626
100,0,CA1-DG,cued,CA1,11,0.713487
100,0,CA1-DG,cued,CA1,12,0.704738
100,0,CA1-DG,cued,CA1,13,0.218926
100,0,CA1-DG,cued,CA1,14,0.009298
100,0,CA1-DG,cued,CA1,15,0.038813
100,0,CA1-DG,cued,CA1,16,0.126924
100,0,CA1-DG,cued,CA1,17,0.034852
100,0,CA1-DG,cued,CA1,18,0.040352
100,0,CA1-DG,cued,CA1,19,0.021633
100,0,CA1-DG,cued,CA1,20,0.04666
100,0,CA1-DG,cued,CA1,21,0.071973
100,0,CA1-DG,cued,CA1,22,0.048878
100,0,CA1-DG,cued,CA1,23,0.641459
100,0,CA1-DG,cued,CA1,24,0.036415
100,0,CA1-DG,cued,CA1,25,0.012809
100,0,CA1-DG,cued,CA1,26,0.610608
100,0,CA1-DG,cued,CA1,27,0.673129
100,0,CA1-DG,cued,CA1,28,0.058288
100,0,CA1-DG,cued,CA1,29,0.038096
100,0,CA1-DG,cued,CA1,30,0.051557
100,0,CA1-DG,cued,CA1,31,0.608455
100,0,CA1-DG,cued,CA1,32,0.032967
100,0,CA1-DG,cued,CA1,33,0.042309
100,0,CA1-DG,cued,CA1,34,0.031811
100,0,CA1-DG,cued,CA1,35,0.695627
100,0,CA1-DG,cued,CA1,36,0.070697
100,0,CA1-DG,cued,CA1,37,0.087357
100,0,CA1-DG,cued,CA1,38,0.081929
100,0,CA1-DG,cued,CA1,39,0.043585
100,0,CA1-DG,cued,CA1,40,0.540322
100,0,CA1-DG,cued,CA1,41,0.076034
100,0,CA1-DG,cued,CA1,42,0.012307
100,0,CA1-DG,cued,CA1,43,0.67777
100,0,CA1-DG,cued,CA1,44,0.130878
100,0,CA1-DG,cued,CA1,45,0.074111
100,0,CA1-DG,cued,CA1,46,0.024177
100,0,CA1-DG,cued,CA1,47,0.054507
100,0,CA1-DG,cued,CA1,48,0.098022
100,0,CA1-DG,cued,CA1,49,0.085915
100,0,CA1-DG,cued,CA1,50,0.084239
100,0,CA1-DG,cued,CA1,51,0.030729
100,0,CA1-DG,cued,CA1,52,0.036694
100,0,CA1-DG,cued,CA1,53,0.042819
100,0,CA1-DG,cued,CA1,54,0.017358
100,0,CA1-DG,cued,CA1,55,0.708716
100,0,CA1-DG,cued,CA1,56,0.045377
100,0,CA1-DG,cued,CA1,57,0.158182
100,0,CA1-DG,cued,CA1,58,0.128159
100,0,CA1-DG,cued,CA1,59,0.067382
100,0,CA1-DG,cued,CA1,60,0.037738
100,0,CA1-DG,cued,CA1,61,0.019449
100,0,CA1-DG,cued,CA1,62,0.030873
100,0,CA1-DG,cued,CA1,63,0.100285
100,0,CA1-DG,cued,CA1,64,0.531069
100,0,CA1-DG,cued,CA1,65,0.613997
100,0,CA1-DG,cued,CA1,66,0.212646
100,0,CA1-DG,cued,CA1,67,0.04167
100,0,CA1-DG,cued,CA1,68,0.69495
100,0,CA1-DG,cued,CA1,69,0.460094
100,0,CA1-DG,cued,CA1,70,0.274022
100,0,CA1-DG,cued,CA1,71,0.055033
100,0,CA1-DG,cued,DG,0,0.246239
100,0,CA1-DG,cued,DG,1,0.188901
100,0,CA1-DG,cued,DG,2,0.09635
100,0,CA1-DG,cued,DG,3,0.21607
100,0,CA1-DG,cued,DG,4,0.028516
100,0,CA1-DG,cued,DG,5,0.14635
100,0,CA1-DG,cued,DG,6,0.255919
100,0,CA1-DG,cued,DG,7,0.335255
100,0,CA1-DG,cued,DG,8,0.719348
100,0,CA1-DG,cued,DG,9,0.110534
100,0,CA1-DG,cued,DG,10,0.20585
100,0,CA1-DG,cued,DG,11,0.316501
100,0,CA1-DG,cued,DG,12,0.738802
100,0,CA1-DG,cued,DG,13,0.212812
100,0,CA1-DG,cued,DG,14,0.206905
100,0,CA1-DG,cued,DG,15,0.040412
100,0,CA1-DG,cued,DG,16,0.209565
100,0,CA1-DG,cued,DG,17,0.215451
100,0,CA1-DG,cued,DG,18,0.044858
100,0,CA1-DG,cued,DG,19,0.130589
100,0,CA1-DG,cued,DG,20,0.141928
100,0,CA1-DG,cued,DG,21,0.105267
100,0,CA1-DG,cued,DG,22,0.139441
100,0,CA1-DG,cued,DG,23,0.007757
100,0,CA1-DG,cued,DG,24,0.160213
100,0,CA1-DG,cued,DG,25,0.144705
100,0,CA1-DG,cued,DG,26,0.235658
100,0,CA1-DG,cued,DG,27,0.037187
100,0,CA1-DG,cued,DG,28,0.140859
100,0,CA1-DG,cued,DG,29,0.127813
100,0,CA1-DG,cued,DG,30,0.102467
100,0,CA1-DG,cued,DG,31,0.230174
100,0,CA1-DG,cued,DG,32,0.248778
100,0,CA1-DG,cued,DG,33,0.171049
100,0,CA1-DG,cued,DG,34,0.144588
100,0,CA1-DG,cued,DG,35,0.19904
100,0,CA1-DG,cued,DG,36,0.003106
100,0,CA1-DG,cued,DG,37,0.026444
100,0,CA1-DG,cued,DG,38,0.014082
100,0,CA1-DG,cued,DG,39,0.007472
100,0,CA1-DG,cued,DG,40,0.368235
100,0,CA1-DG,cued,DG,41,0.013804
100,0,CA1-DG,cued,DG,42,0.042314
100,0,CA1-DG,cued,DG,43,0.037146
100,0,CA1-DG,cued,DG,44,0.446595
100,0,CA1-DG,cued,DG,45,0.075486
100,0,CA1-DG,cued,DG,46,0.240588
100,0,CA1-DG,cued,DG,47,0.214634
100,0,CA1-DG,cued,DG,48,0.247346
100,0,CA1-DG,cued,DG,49,0.22139
100,0,CA1-DG,cued,DG,50,0.176199
100,0,CA1-DG,cued,DG,51,0.170863
100,0,CA1-DG,cued,DG,52,0.168584
100,0,CA1-DG,cued,DG,53,0.167181
100,0,CA1-DG,cued,DG,54,0.077341
100,0,CA1-DG,cued,DG,55,0.025287
100,0,CA1-DG,cued,DG,56,0.024618
100,0,CA1-DG,cued,DG,57,0.24896
100,0,CA1-DG,cued,DG,58,0.164314
100,0,CA1-DG,cued,DG,59,0.698595
100,0,CA1-DG,cued,DG,60,0.788161
100,0,CA1-DG,cued,DG,61,0.02921
100,0,CA1-DG,cued,DG,62,0.07413
100,0,CA1-DG,cued,DG,63,0.583688
100,0,CA1-DG,cued,DG,64,0.289982
100,0,CA1-DG,cued,DG,65,0.696227
100,0,CA1-DG,cued,DG,66,0.150337
100,0,CA1-DG,cued,DG,67,0.700905
100,0,CA1-DG,cued,DG,68,0.736375
100,0,CA1-DG,cued,DG,69,0.607292
100,0,CA1-DG,cued,DG,70,0.05044
100,0,CA1-DG,cued,DG,71,0.021561
100,0,CA1-DG,cued,DG,72,0.011365
100,0,CA1-DG,cued,DG,73,0.610982
100,0,CA1-DG,cued,DG,74,0.064456
100,0,CA1-DG,cued,DG,75,0.046057
100,0,CA1-DG,cued,DG,76,0.021015
100,0,CA1-DG,cued,DG,77,0.086911
100,0,CA1-DG,cued,DG,78,0.675018
100,0,CA1-DG,cued,DG,79,0.043026
100,0,CA1-DG,cued,DG,80,0.068409
100,0,CA1-DG,cued,DG,81,0.172798
100,0,CA1-DG,cued,DG,82,0.037285
100,0,CA1-DG,cued,DG,83,0.02608
100,0,CA1-DG,cued,DG,84,0.084523
100,0,CA1-DG,cued,DG,85,0.021864
100,0,CA1-DG,cued,DG,86,0.235374
100,0,CA1-DG,cued,DG,87,0.222376
100,0,CA1-DG,cued,DG,88,0.175455
100,0,CA1-DG,cued,DG,89,0.081754
100,0,CA1-DG,cued,DG,90,0.011592
100,0,CA1-DG,cued,DG,91,0.015129
100,0,CA1-DG,cued,DG,92,0.022145
100,0,CA1-DG,cued,DG,93,0.026897
100,0,CA1-DG,cued,DG,94,0.040933
100,0,CA1-DG,cued,DG,95,0.017614
100,0,CA1-DG,cued,DG,96,0.036902
100,0,CA1-DG,cued,DG,97,0.240991
100,0,CA1-V1,uncued,CA1,0,0.049989
100,0,CA1-V1,uncued,CA1,1,0.03648
100,0,CA1-V1,uncued,CA1,2,0.658336
100,0,CA1-V1,uncued,CA1,3,0.740937
100,0,CA1-V1,uncued,CA1,4,0.1425
100,0,CA1-V1,uncued,CA1,5,0.065425
100,0,CA1-V1,uncued,CA1,6,0.155557
100,0,CA1-V1,uncued,CA1,7,0.053612
100,0,CA1-V1,uncued,CA1,8,0.022098
100,0,CA1-V1,uncued,CA1,9,0.080767
100,0,CA1-V1,uncued,CA1,10,0.026662
100,0,CA1-V1,uncued,CA1,11,0.708686
100,0,CA1-V1,uncued,CA1,12,0.59929
100,0,CA1-V1,uncued,CA1,13,0.278332
100,0,CA1-V1,uncued,CA1,14,0.014654
100,0,CA1-V1,uncued,CA1,15,0.047754
100,0,CA1-V1,uncued,CA1,16,0.172375
100,0,CA1-V1,uncued,CA1,17,0.040934
100,0,CA1-V1,uncued,CA1,18,0.026813
100,0,CA1-V1,uncued,CA1,19,0.023196
100,0,CA1-V1,uncued,CA1,20,0.084022
100,0,CA1-V1,uncued,CA1,21,0.036715
100,0,CA1-V1,uncued,CA1,22,0.087033
100,0,CA1-V1,uncued,CA1,23,0.720051
100,0,CA1-V1,uncued,CA1,24,0.111227
100,0,CA1-V1,uncued,CA1,25,0.018892
100,0,CA1-V1,uncued,CA1,26,0.616436
100,0,CA1-V1,uncued,CA1,27,0.675795
100,0,CA1-V1,uncued,CA1,28,0.03745
100,0,CA1-V1,uncued,CA1,29,0.043461
100,0,CA1-V1,uncued,CA1,30,0.03208
100,0,CA1-V1,uncued,CA1,31,0.074294
100,0,CA1-V1,uncued,CA1,32,0.024576
100,0,CA1-V1,uncued,CA1,33,0.098027
100,0,CA1-V1,uncued,CA1,34,0.032919
100,0,CA1-V1,uncued,CA1,35,0.717778
100,0,CA1-V1,uncued,CA1,36,0.056302
100,0,CA1-V1,uncued,CA1,37,0.025254
100,0,CA1-V1,uncued,CA1,38,0.034418
100,0,CA1-V1,uncued,CA1,39,0.045452
100,0,CA1-V1,uncued,CA1,40,0.724819
100,0,CA1-V1,uncued,CA1,41,0.033449
100,0,CA1-V1,uncued,CA1,42,0.725248
100,0,CA1-V1,uncued,CA1,43,0.692624
100,0,CA1-V1,uncued,CA1,44,0.681594
100,0,CA1-V1,uncued,CA1,45,0.077341
100,0,CA1-V1,uncued,CA1,46,0.043026
100,0,CA1-V1,uncued,CA1,47,0.014447
100,0,CA1-V1,uncued,CA1,48,0.031328
100,0,CA1-V1,uncued,CA1,49,0.076229
100,0,CA1-V1,uncued,CA1,50,0.03632
100,0,CA1-V1,uncued,CA1,51,0.030912
100,0,CA1-V1,uncued,CA1,52,0.06952
100,0,CA1-V1,uncued,CA1,53,0.038358
100,0,CA1-V1,uncued,CA1,54,0.05776
100,0,CA1-V1,uncued,CA1,55,0.128891
100,0,CA1-V1,uncued,CA1,56,0.084996
100,0,CA1-V1,uncued,CA1,57,0.104436
100,0,CA1-V1,uncued,CA1,58,0.148841
100,0,CA1-V1,uncued,CA1,59,0.071271
100,0,CA1-V1,uncued,CA1,60,0.05297
100,0,CA1-V1,uncued,CA1,61,0.048659
100,0,CA1-V1,uncued,CA1,62,0.013513
100,0,CA1-V1,uncued,CA1,63,0.159307
100,0,CA1-V1,uncued,CA1,64,0.058426
100,0,CA1-V1,uncued,CA1,65,0.005027
100,0,CA1-V1,uncued,CA1,66,0.102489
100,0,CA1-V1,uncued,CA1,67,0.052116
100,0,CA1-V1,uncued,CA1,68,0.756058
100,0,CA1-V1,uncued,CA1,69,0.470635
100,0,CA1-V1,uncued,CA1,70,0.030966
100,0,CA1-V1,uncued,CA1,71,0.469045
100,0,CA1-V1,uncued,V1,0,0.011881
100,0,CA1-V1,uncued,V1,1,0.1079
100,0,CA1-V1,uncued,V1,2,0.706111
100,0,CA1-V1,uncued,V1,3,0.207605
100,0,CA1-V1,uncued,V1,4,0.092168
100,0,CA1-V1,uncued,V1,5,0.013555
100,0,CA1-V1,uncued,V1,6,0.010751
100,0,CA1-V1,uncued,V1,7,0.016845
100,0,CA1-V1,uncued,V1,8,0.644405
100,0,CA1-V1,uncued,V1,9,0.112988
100,0,CA1-V1,uncued,V1,10,0.048169
100,0,CA1-V1,uncued,V1,11,0.05863
100,0,CA1-V1,uncued,V1,12,0.004465
100,0,CA1-V1,uncued,V1,13,0.0
100,0,CA1-V1,uncued,V1,14,0.203774
100,0,CA1-V1,uncued,V1,15,0.025477
100,0,CA1-V1,uncued,V1,16,0.040102
100,0,CA1-V1,uncued,V1,17,0.042
100,0,CA1-V1,uncued,V1,18,0.055322
100,0,CA1-V1,uncued,V1,19,0.010729
100,0,CA1-V1,uncued,V1,20,0.093776
100,0,CA1-V1,uncued,V1,21,0.074188
100,0,CA1-V1,uncued,V1,22,0.138982
100,0,CA1-V1,uncued,V1,23,0.078056
100,0,CA1-V1,uncued,V1,24,0.015185
100,0,CA1-V1,uncued,V1,25,0.231231
100,0,CA1-V1,uncued,V1,26,0.04429
100,0,CA1-V1,uncued,V1,27,0.163403
100,0,CA1-V1,uncued,V1,28,0.028081
100,0,CA1-V1,uncued,V1,29,0.137852
100,0,CA1-V1,uncued,V1,30,0.061233
100,0,CA1-V1,uncued,V1,31,0.069503
100,0,CA1-V1,uncued,V1,32,0.122108
100,0,CA1-V1,uncued,V1,33,0.147347
100,0,CA1-V1,uncued,V1,34,0.086086
100,0,CA1-V1,uncued,V1,35,0.083031
100,0,CA1-V1,uncued,V1,36,0.622903
100,0,CA1-V1,uncued,V1,37,0.128054
100,0,CA1-V1,uncued,V1,38,0.131826
100,0,CA1-V1,uncued,V1,39,0.321906
100,0,CA1-V1,uncued,V1,40,0.689924
100,0,CA1-V1,uncued,V1,41,0.053912
100,0,CA1-V1,uncued,V1,42,0.175211
100,0,CA1-V1,uncued,V1,43,0.022432
100,0,CA1-V1,uncued,V1,44,0.070518
100,0,CA1-V1,uncued,V1,45,0.190214
100,0,CA1-V1,uncued,V1,46,0.112879
100,0,CA1-V1,uncued,V1,47,0.368777
100,0,CA1-V1,uncued,V1,48,0.100831
100,0,CA1-V1,uncued,V1,49,0.095363
100,0,CA1-V1,uncued,V1,50,0.034275
100,0,CA1-V1,uncued,V1,51,0.116734
100,0,CA1-V1,uncued,V1,52,0.083659
100,0,CA1-V1,uncued,V1,53,0.17281
100,0,CA1-V1,uncued,V1,54,0.064706
100,0,CA1-V1,uncued,V1,55,0.042107
100,0,CA1-V1,uncued,V1,56,0.041858
100,0,CA1-V1,uncued,V1,57,0.287427
100,0,CA1-V1,uncued,V1,58,0.101595
100,0,CA1-V1,uncued,V1,59,0.715839
100,0,CA1-V1,uncued,V1,60,0.690345
100,0,CA1-V1,uncued,V1,61,0.626735
100,0,CA1-V1,uncued,V1,62,0.257268
100,0,CA1-V1,uncued,V1,63,0.146029
100,0,CA1-V1,uncued,V1,64,0.023714
100,0,CA1-V1,uncued,V1,65,0.055906
100,0,CA1-V1,uncued,V1,66,0.085874
100,0,CA1-V1,uncued,V1,67,0.046745
100,0,CA1-V1,uncued,V1,68,0.02181
100,0,CA1-V1,uncued,V1,69,0.024136
100,0,CA1-V1,uncued,V1,70,0.090402
100,0,CA1-V1,uncued,V1,71,0.035578
100,0,CA1-V1,uncued,V1,72,0.100889
100,0,CA1-V1,uncued,V1,73,0.061134
100,0,CA1-V1,uncued,V1,74,0.044714
100,0,CA1-V1,uncued,V1,75,0.045814
100,0,CA1-V1,uncued,V1,76,0.02642
100,0,CA1-V1,uncued,V1,77,0.031311
100,0,CA1-V1,uncued,V1,78,0.014282
100,0,CA1-V1,uncued,V1,79,0.085694
100,0,CA1-V1,uncued,V1,80,0.006169
100,0,CA1-V1,uncued,V1,81,0.049249
100,0,CA1-V1,uncued,V1,82,0.040448
100,0,CA1-V1,uncued,V1,83,0.012679
100,0,CA1-V1,uncued,V1,84,0.0
100,0,CA1-V1,uncued,V1,85,0.071133
100,0,CA1-V1,uncued,V1,86,0.005626
100,0,CA1-V1,uncued,V1,87,0.034918
100,0,CA1-V1,uncued,V1,88,0.0
100,0,CA1-V1,uncued,V1,89,0.00667
100,0,CA1-V1,uncued,V1,90,0.187615
100,0,CA1-V1,uncued,V1,91,0.028628
100,0,CA1-V1,uncued,V1,92,0.041339
100,0,CA1-V1,uncued,V1,93,0.016418
100,0,CA1-V1,uncued,V1,94,0.053779
100,0,CA1-V1,uncued,V1,95,0.00407
100,0,CA1-V1,uncued,V1,96,0.738145
100,0,CA1-V1,uncued,V1,97,0.662994
100,0,CA1-V1,uncued,V1,98,0.436251
100,0,CA1-V1,uncued,V1,99,0.11426
100,0,CA1-V1,uncued,V1,100,0.016892
100,0,CA1-V1,uncued,V1,101,0.02829
100,0,CA1-V1,uncued,V1,102,0.027945
100,0,CA1-V1,uncued,V1,103,0.2407
100,0,CA1-V1,uncued,V1,104,0.062966
100,0,CA1-V1,uncued,V1,105,0.089516
100,0,CA1-V1,uncued,V1,106,0.107179
100,0,CA1-V1,uncued,V1,107,0.008335
100,0,CA1-V1,uncued,V1,108,0.102241
100,0,CA1-V1,uncued,V1,109,0.027011
100,0,CA1-V1,uncued,V1,110,0.098751
100,0,CA1-V1,uncued,V1,111,0.738755
100,0,CA1-V1,uncued,V1,112,0.021138
100,0,CA1-V1,uncued,V1,113,0.132237
100,0,CA1-V1,uncued,V1,114,0.056715
100,0,CA1-V1,uncued,V1,115,0.023226
100,0,CA1-V1,uncued,V1,116,0.045511
100,0,CA1-V1,uncued,V1,117,0.019212
100,0,CA1-V1,uncued,V1,118,0.035745
100,0,CA1-V1,uncued,V1,119,0.019312
100,0,CA1-V1,uncued,V1,120,0.015386
100,0,CA1-V1,uncued,V1,121,0.027287
100,0,CA1-V1,uncued,V1,122,0.017721
100,0,CA1-V1,uncued,V1,123,0.65931
100,0,CA1-V1,uncued,V1,124,0.020971
100,0,CA1-V1,uncued,V1,125,0.007888
100,0,CA1-V1,uncued,V1,126,0.029048
100,0,CA1-V1,uncued,V1,127,0.100524
100,0,CA1-V1,uncued,V1,128,0.0
100,0,CA1-V1,uncued,V1,129,0.043386
100,0,CA1-V1,uncued,V1,130,0.023977
100,0,CA1-V1,uncued,V1,131,0.059371
100,0,CA1-V1,uncued,V1,132,0.078458
100,0,CA1-V1,uncued,V1,133,0.140762
100,0,CA1-V1,uncued,V1,134,0.0395
100,0,CA1-V1,uncued,V1,135,0.127786
100,0,CA1-V1,uncued,V1,136,0.045487
100,0,CA1-V1,uncued,V1,137,0.112561
100,0,CA1-V1,uncued,V1,138,0.143947
100,0,CA1-V1,uncued,V1,139,0.089692
100,0,CA1-V1,uncued,V1,140,0.038012
100,0,CA1-V1,uncued,V1,141,0.018204
100,0,CA1-V1,uncued,V1,142,0.133478
100,0,CA1-V1,uncued,V1,143,0.012124
100,0,CA1-V1,uncued,V1,144,0.403927
100,0,CA1-V1,uncued,V1,145,0.622206
100,0,CA1-V1,uncued,V1,146,0.015452
100,0,CA1-V1,uncued,V1,147,0.030119
100,0,CA1-V1,uncued,V1,148,0.024474
100,0,CA1-V1,uncued,V1,149,0.005476
100,0,CA1-V1,uncued,V1,150,0.032327
100,0,CA1-V1,uncued,V1,151,0.00208
100,0,CA1-V1,uncued,V1,152,0.012465
100,0,CA1-V1,uncued,V1,153,0.018413
100,0,CA1-V1,uncued,V1,154,0.177478
100,0,CA1-V1,uncued,V1,155,0.030416
100,0,CA1-V1,uncued,V1,156,0.065964
100,0,CA1-V1,uncued,V1,157,0.0
100,0,CA1-V1,uncued,V1,158,0.015077
100,0,CA1-V1,uncued,V1,159,0.051865
100,0,CA1-V1,uncued,V1,160,0.009922
100,0,CA1-V1,uncued,V1,161,0.0
100,0,CA1-V1,cued,CA1,0,0.015538
100,0,CA1-V1,cued,CA1,1,0.034009
100,0,CA1-V1,cued,CA1,2,0.469262
100,0,CA1-V1,cued,CA1,3,0.013304
100,0,CA1-V1,cued,CA1,4,0.072264
100,0,CA1-V1,cued,CA1,5,0.048377
100,0,CA1-V1,cued,CA1,6,0.104205
100,0,CA1-V1,cued,CA1,7,0.030143
100,0,CA1-V1,cued,CA1,8,0.010137
100,0,CA1-V1,cued,CA1,9,0.065018
100,0,CA1-V1,cued,CA1,10,0.010446
100,0,CA1-V1,cued,CA1,11,0.719523
100,0,CA1-V1,cued,CA1,12,0.698729
100,0,CA1-V1,cued,CA1,13,0.091967
100,0,CA1-V1,cued,CA1,14,0.006482
100,0,CA1-V1,cued,CA1,15,0.035964
100,0,CA1-V1,cued,CA1,16,0.072363
100,0,CA1-V1,cued,CA1,17,0.033012
100,0,CA1-V1,cued,CA1,18,0.033677
100,0,CA1-V1,cued,CA1,19,0.022915
100,0,CA1-V1,cued,CA1,20,0.038533
100,0,CA1-V1,cued,CA1,21,0.079048
100,0,CA1-V1,cued,CA1,22,0.042772
100,0,CA1-V1,cued,CA1,23,0.638419
100,0,CA1-V1,cued,CA1,24,0.038349
100,0,CA1-V1,cued,CA1,25,0.010435
100,0,CA1-V1,cued,CA1,26,0.607838
100,0,CA1-V1,cued,CA1,27,0.669901
100,0,CA1-V1,cued,CA1,28,0.058946
100,0,CA1-V1,cued,CA1,29,0.036708
100,0,CA1-V1,cued,CA1,30,0.044967
100,0,CA1-V1,cued,CA1,31,0.317454
100,0,CA1-V1,cued,CA1,32,0.034709
100,0,CA1-V1,cued,CA1,33,0.042527
100,0,CA1-V1,cued,CA1,34,0.0258
100,0,CA1-V1,cued,CA1,35,0.699977
100,0,CA1-V1,cued,CA1,36,0.065239
100,0,CA1-V1,cued,CA1,37,0.087776
100,0,CA1-V1,cued,CA1,38,0.089053
100,0,CA1-V1,cued,CA1,39,0.048608
100,0,CA1-V1,cued,CA1,40,0.53917
100,0,CA1-V1,cued,CA1,41,0.052517
100,0,CA1-V1,cued,CA1,42,0.011796
100,0,CA1-V1,cued,CA1,43,0.678359
100,0,CA1-V1,cued,CA1,44,0.100318
100,0,CA1-V1,cued,CA1,45,0.062661
100,0,CA1-V1,cued,CA1,46,0.02257
100,0,CA1-V1,cued,CA1,47,0.045387
100,0,CA1-V1,cued,CA1,48,0.057
100,0,CA1-V1,cued,CA1,49,0.079783
100,0,CA1-V1,cued,CA1,50,0.075173
100,0,CA1-V1,cued,CA1,51,0.020464
100,0,CA1-V1,cued,CA1,52,0.041608
100,0,CA1-V1,cued,CA1,53,0.043456
100,0,CA1-V1,cued,CA1,54,0.018784
100,0,CA1-V1,cued,CA1,55,0.706625
100,0,CA1-V1,cued,CA1,56,0.037013
100,0,CA1-V1,cued,CA1,57,0.080622
100,0,CA1-V1,cued,CA1,58,0.065592
100,0,CA1-V1,cued,CA1,59,0.059555
100,0,CA1-V1,cued,CA1,60,0.035152
100,0,CA1-V1,cued,CA1,61,0.016862
100,0,CA1-V1,cued,CA1,62,0.0366
100,0,CA1-V1,cued,CA1,63,0.107225
100,0,CA1-V1,cued,CA1,64,0.525614
100,0,CA1-V1,cued,CA1,65,0.604305
100,0,CA1-V1,cued,CA1,66,0.176716
100,0,CA1-V1,cued,CA1,67,0.040195
100,0,CA1-V1,cued,CA1,68,0.68928
100,0,CA1-V1,cued,CA1,69,0.457536
100,0,CA1-V1,cued,CA1,70,0.694324
100,0,CA1-V1,cued,CA1,71,0.042208
100,0,CA1-V1,cued,V1,0,0.008124
100,0,CA1-V1,cued,V1,1,0.100749
100,0,CA1-V1,cued,V1,2,0.512593
100,0,CA1-V1,cued,V1,3,0.126384
100,0,CA1-V1,cued,V1,4,0.054134
100,0,CA1-V1,cued,V1,5,0.021908
100,0,CA1-V1,cued,V1,6,0.01366
100,0,CA1-V1,cued,V1,7,0.02308
100,0,CA1-V1,cued,V1,8,0.59578
100,0,CA1-V1,cued,V1,9,0.191074
100,0,CA1-V1,cued,V1,10,0.098621
100,0,CA1-V1,cued,V1,11,0.049812
100,0,CA1-V1,cued,V1,12,0.009699
100,0,CA1-V1,cued,V1,13,0.003947
100,0,CA1-V1,cued,V1,14,0.23541
100,0,CA1-V1,cued,V1,15,0.020186
100,0,CA1-V1,cued,V1,16,0.039782
100,0,CA1-V1,cued,V1,17,0.015988
100,0,CA1-V1,cued,V1,18,0.045136
100,0,CA1-V1,cued,V1,19,0.014207
100,0,CA1-V1,cued,V1,20,0.07863
100,0,CA1-V1,cued,V1,21,0.048855
100,0,CA1-V1,cued,V1,22,0.125569
100,0,CA1-V1,cued,V1,23,0.112438
100,0,CA1-V1,cued,V1,24,0.04625
100,0,CA1-V1,cued,V1,25,0.244951
100,0,CA1-V1,cued,V1,26,0.045499
100,0,CA1-V1,cued,V1,27,0.092447
100,0,CA1-V1,cued,V1,28,0.042779
100,0,CA1-V1,cued,V1,29,0.084006
100,0,CA1-V1,cued,V1,30,0.029121
100,0,CA1-V1,cued,V1,31,0.057688
100,0,CA1-V1,cued,V1,32,0.212754
100,0,CA1-V1,cued,V1,33,0.101054
100,0,CA1-V1,cued,V1,34,0.075327
100,0,CA1-V1,cued,V1,35,0.055329
100,0,CA1-V1,cued,V1,36,0.259758
100,0,CA1-V1,cued,V1,37,0.064294
100,0,CA1-V1,cued,V1,38,0.096465
100,0,CA1-V1,cued,V1,39,0.247785
100,0,CA1-V1,cued,V1,40,0.166973
100,0,CA1-V1,cued,V1,41,0.059809
100,0,CA1-V1,cued,V1,42,0.14075
100,0,CA1-V1,cued,V1,43,0.079625
100,0,CA1-V1,cued,V1,44,0.062938
100,0,CA1-V1,cued,V1,45,0.089477
100,0,CA1-V1,cued,V1,46,0.098946
100,0,CA1-V1,cued,V1,47,0.098928
100,0,CA1-V1,cued,V1,48,0.076457
100,0,CA1-V1,cued,V1,49,0.132022
100,0,CA1-V1,cued,V1,50,0.050785
100,0,CA1-V1,cued,V1,51,0.076914
100,0,CA1-V1,cued,V1,52,0.19113
100,0,CA1-V1,cued,V1,53,0.075742
100,0,CA1-V1,cued,V1,54,0.069454
100,0,CA1-V1,cued,V1,55,0.030972
100,0,CA1-V1,cued,V1,56,0.102655
100,0,CA1-V1,cued,V1,57,0.121121
100,0,CA1-V1,cued,V1,58,0.063883
100,0,CA1-V1,cued,V1,59,0.123343
100,0,CA1-V1,cued,V1,60,0.074233
100,0,CA1-V1,cued,V1,61,0.101123
100,0,CA1-V1,cued,V1,62,0.134395
100,0,CA1-V1,cued,V1,63,0.025286
100,0,CA1-V1,cued,V1,64,0.045918
100,0,CA1-V1,cued,V1,65,0.042823
100,0,CA1-V1,cued,V1,66,0.117773
100,0,CA1-V1,cued,V1,67,0.167873
100,0,CA1-V1,cued,V1,68,0.048405
100,0,CA1-V1,cued,V1,69,0.093582
100,0,CA1-V1,cued,V1,70,0.150203
100,0,CA1-V1,cued,V1,71,0.065947
100,0,CA1-V1,cued,V1,72,0.088135
100,0,CA1-V1,cued,V1,73,0.114712
100,0,CA1-V1,cued,V1,74,0.199438
100,0,CA1-V1,cued,V1,75,0.06848
100,0,CA1-V1,cued,V1,76,0.370813
100,0,CA1-V1,cued,V1,77,0.073445
100,0,CA1-V1,cued,V1,78,0.551936
100,0,CA1-V1,cued,V1,79,0.145625
100,0,CA1-V1,cued,V1,80,0.144832
100,0,CA1-V1,cued,V1,81,0.18732
100,0,CA1-V1,cued,V1,82,0.13808
100,0,CA1-V1,cued,V1,83,0.089277
100,0,CA1-V1,cued,V1,84,0.057449
100,0,CA1-V1,cued,V1,85,0.146892
100,0,CA1-V1,cued,V1,86,0.03402
100,0,CA1-V1,cued,V1,87,0.054103
100,0,CA1-V1,cued,V1,88,0.126092
100,0,CA1-V1,cued,V1,89,0.069585
100,0,CA1-V1,cued,V1,90,0.199605
100,0,CA1-V1,cued,V1,91,0.025805
100,0,CA1-V1,cued,V1,92,0.171298
100,0,CA1-V1,cued,V1,93,0.014972
100,0,CA1-V1,cued,V1,94,0.038715
100,0,CA1-V1,cued,V1,95,0.013428
100,0,CA1-V1,cued,V1,96,0.565677
100,0,CA1-V1,cued,V1,97,0.29026
100,0,CA1-V1,cued,V1,98,0.491256
100,0,CA1-V1,cued,V1,99,0.440526
100,0,CA1-V1,cued,V1,100,0.070317
100,0,CA1-V1,cued,V1,101,0.023964
100,0,CA1-V1,cued,V1,102,0.013399
100,0,CA1-V1,cued,V1,103,0.235782
100,0,CA1-V1,cued,V1,104,0.108203
100,0,CA1-V1,cued,V1,105,0.08242
100,0,CA1-V1,cued,V1,106,0.04813
100,0,CA1-V1,cued,V1,107,0.00697
100,0,CA1-V1,cued,V1,108,0.049127
100,0,CA1-V1,cued,V1,109,0.023262
100,0,CA1-V1,cued,V1,110,0.042035
100,0,CA1-V1,cued,V1,111,0.081889
100,0,CA1-V1,cued,V1,112,0.027883
100,0,CA1-V1,cued,V1,113,0.077492
100,0,CA1-V1,cued,V1,114,0.108567
100,0,CA1-V1,cued,V1,115,0.203805
100,0,CA1-V1,cued,V1,116,0.034485
100,0,CA1-V1,cued,V1,117,0.124505
100,0,CA1-V1,cued,V1,118,0.085858
100,0,CA1-V1,cued,V1,119,0.036427
100,0,CA1-V1,cued,V1,120,0.157713
100,0,CA1-V1,cued,V1,121,0.092687
100,0,CA1-V1,cued,V1,122,0.112542
100,0,CA1-V1,cued,V1,123,0.549489
100,0,CA1-V1,cued,V1,124,0.561071
100,0,CA1-V1,cued,V1,125,0.429217
100,0,CA1-V1,cued,V1,126,0.093928
100,0,CA1-V1,cued,V1,127,0.028364
100,0,CA1-V1,cued,V1,128,0.552887
100,0,CA1-V1,cued,V1,129,0.05219
100,0,CA1-V1,cued,V1,130,0.033159
100,0,CA1-V1,cued,V1,131,0.040064
100,0,CA1-V1,cued,V1,132,0.086783
100,0,CA1-V1,cued,V1,133,0.074545
100,0,CA1-V1,cued,V1,134,0.033387
100,0,CA1-V1,cued,V1,135,0.139899
100,0,CA1-V1,cued,V1,136,0.143318
100,0,CA1-V1,cued,V1,137,0.184941
100,0,CA1-V1,cued,V1,138,0.098828
100,0,CA1-V1,cued,V1,139,0.108931
100,0,CA1-V1,cued,V1,140,0.082985
100,0,CA1-V1,cued,V1,141,0.041354
100,0,CA1-V1,cued,V1,142,0.120484
100,0,CA1-V1,cued,V1,143,0.111267
100,0,CA1-V1,cued,V1,144,0.02986
100,0,CA1-V1,cued,V1,145,0.134845
100,0,CA1-V1,cued,V1,146,0.115539
100,0,CA1-V1,cued,V1,147,0.129081
100,0,CA1-V1,cued,V1,148,0.083734
100,0,CA1-V1,cued,V1,149,0.011408
100,0,CA1-V1,cued,V1,150,0.130186
100,0,CA1-V1,cued,V1,151,0.050592
100,0,CA1-V1,cued,V1,152,0.095053
100,0,CA1-V1,cued,V1,153,0.01691
100,0,CA1-V1,cued,V1,154,0.245167
100,0,CA1-V1,cued,V1,155,0.552926
100,0,CA1-V1,cued,V1,156,0.051421
100,0,CA1-V1,cued,V1,157,0.096182
100,0,CA1-V1,cued,V1,158,0.088108
100,0,CA1-V1,cued,V1,159,0.03496
100,0,CA1-V1,cued,V1,160,0.563807
100,0,CA1-V1,cued,V1,161,0.012037
100,0,CA1-SUB,uncued,CA1,0,0.050035
100,0,CA1-SUB,uncued,CA1,1,0.037873
100,0,CA1-SUB,uncued,CA1,2,0.662629
100,0,CA1-SUB,uncued,CA1,3,0.746394
100,0,CA1-SUB,uncued,CA1,4,0.130929
100,0,CA1-SUB,uncued,CA1,5,0.06616
100,0,CA1-SUB,uncued,CA1,6,0.137832
100,0,CA1-SUB,uncued,CA1,7,0.056701
100,0,CA1-SUB,uncued,CA1,8,0.021712
100,0,CA1-SUB,uncued,CA1,9,0.077632
100,0,CA1-SUB,uncued,CA1,10,0.026704
100,0,CA1-SUB,uncued,CA1,11,0.710955
100,0,CA1-SUB,uncued,CA1,12,0.601884
100,0,CA1-SUB,uncued,CA1,13,0.278291
100,0,CA1-SUB,uncued,CA1,14,0.013569
100,0,CA1-SUB,uncued,CA1,15,0.045945
100,0,CA1-SUB,uncued,CA1,16,0.174169
100,0,CA1-SUB,uncued,CA1,17,0.04054
100,0,CA1-SUB,uncued,CA1,18,0.025228
100,0,CA1-SUB,uncued,CA1,19,0.023414
100,0,CA1-SUB,uncued,CA1,20,0.091647
100,0,CA1-SUB,uncued,CA1,21,0.034291
100,0,CA1-SUB,uncued,CA1,22,0.090047
100,0,CA1-SUB,uncued,CA1,23,0.722386
100,0,CA1-SUB,uncued,CA1,24,0.105481
100,0,CA1-SUB,uncued,CA1,25,0.017843
100,0,CA1-SUB,uncued,CA1,26,0.618711
100,0,CA1-SUB,uncued,CA1,27,0.679645
100,0,CA1-SUB,uncued,CA1,28,0.035794
100,0,CA1-SUB,uncued,CA1,29,0.044664
100,0,CA1-SUB,uncued,CA1,30,0.033551
100,0,CA1-SUB,uncued,CA1,31,0.074554
100,0,CA1-SUB,uncued,CA1,32,0.026155
100,0,CA1-SUB,uncued,CA1,33,0.098991
100,0,CA1-SUB,uncued,CA1,34,0.032818
100,0,CA1-SUB,uncued,CA1,35,0.718492
100,0,CA1-SUB,uncued,CA1,36,0.05452
100,0,CA1-SUB,uncued,CA1,37,0.025206
100,0,CA1-SUB,uncued,CA1,38,0.036411
100,0,CA1-SUB,uncued,CA1,39,0.048802
100,0,CA1-SUB,uncued,CA1,40,0.731112
100,0,CA1-SUB,uncued,CA1,41,0.035934
100,0,CA1-SUB,uncued,CA1,42,0.724869
100,0,CA1-SUB,uncued,CA1,43,0.697003
100,0,CA1-SUB,uncued,CA1,44,0.692927
100,0,CA1-SUB,uncued,CA1,45,0.082613
100,0,CA1-SUB,uncued,CA1,46,0.042965
100,0,CA1-SUB,uncued,CA1,47,0.014224
100,0,CA1-SUB,uncued,CA1,48,0.034295
100,0,CA1-SUB,uncued,CA1,49,0.074209
100,0,CA1-SUB,uncued,CA1,50,0.037341
100,0,CA1-SUB,uncued,CA1,51,0.028936
100,0,CA1-SUB,uncued,CA1,52,0.072119
100,0,CA1-SUB,uncued,CA1,53,0.041328
100,0,CA1-SUB,uncued,CA1,54,0.0599
100,0,CA1-SUB,uncued,CA1,55,0.142134
100,0,CA1-SUB,uncued,CA1,56,0.077306
100,0,CA1-SUB,uncued,CA1,57,0.10823
100,0,CA1-SUB,uncued,CA1,58,0.148395
100,0,CA1-SUB,uncued,CA1,59,0.082969
100,0,CA1-SUB,uncued,CA1,60,0.053344
100,0,CA1-SUB,uncued,CA1,61,0.049579
100,0,CA1-SUB,uncued,CA1,62,0.013351
100,0,CA1-SUB,uncued,CA1,63,0.164782
100,0,CA1-SUB,uncued,CA1,64,0.060714
100,0,CA1-SUB,uncued,CA1,65,0.00488
100,0,CA1-SUB,uncued,CA1,66,0.071689
100,0,CA1-SUB,uncued,CA1,67,0.056897
100,0,CA1-SUB,uncued,CA1,68,0.760016
100,0,CA1-SUB,uncued,CA1,69,0.472943
100,0,CA1-SUB,uncued,CA1,70,0.03327
100,0,CA1-SUB,uncued,CA1,71,0.470761
100,0,CA1-SUB,uncued,SUB,0,0.115963
100,0,CA1-SUB,uncued,SUB,1,0.021317
100,0,CA1-SUB,uncued,SUB,2,0.033216
100,0,CA1-SUB,uncued,SUB,3,0.500747
100,0,CA1-SUB,uncued,SUB,4,0.023528
100,0,CA1-SUB,uncued,SUB,5,0.119272
100,0,CA1-SUB,uncued,SUB,6,0.015119
100,0,CA1-SUB,uncued,SUB,7,0.091025
100,0,CA1-SUB,uncued,SUB,8,0.032449
100,0,CA1-SUB,uncued,SUB,9,0.014941
100,0,CA1-SUB,uncued,SUB,10,0.301057
100,0,CA1-SUB,uncued,SUB,11,0.041456
100,0,CA1-SUB,uncued,SUB,12,0.729682
100,0,CA1-SUB,uncued,SUB,13,0.169061
100,0,CA1-SUB,uncued,SUB,14,0.219213
100,0,CA1-SUB,uncued,SUB,15,0.691846
100,0,CA1-SUB,uncued,SUB,16,0.023186
100,0,CA1-SUB,uncued,SUB,17,0.166433
100,0,CA1-SUB,uncued,SUB,18,0.038209
100,0,CA1-SUB,uncued,SUB,19,0.380717
100,0,CA1-SUB,uncued,SUB,20,0.091989
100,0,CA1-SUB,uncued,SUB,21,0.00972
100,0,CA1-SUB,uncued,SUB,22,0.07293
100,0,CA1-SUB,uncued,SUB,23,0.029331
100,0,CA1-SUB,uncued,SUB,24,0.656125
100,0,CA1-SUB,uncued,SUB,25,0.744978
100,0,CA1-SUB,uncued,SUB,26,0.282478
100,0,CA1-SUB,uncued,SUB,27,0.787966
100,0,CA1-SUB,uncued,SUB,28,0.051924
100,0,CA1-SUB,uncued,SUB,29,0.502152
100,0,CA1-SUB,uncued,SUB,30,0.098295
100,0,CA1-SUB,uncued,SUB,31,0.786278
100,0,CA1-SUB,uncued,SUB,32,0.019537
100,0,CA1-SUB,uncued,SUB,33,0.465357
100,0,CA1-SUB,uncued,SUB,34,0.198952
100,0,CA1-SUB,uncued,SUB,35,0.081992
100,0,CA1-SUB,uncued,SUB,36,0.244959
100,0,CA1-SUB,uncued,SUB,37,0.077633
100,0,CA1-SUB,uncued,SUB,38,0.768333
100,0,CA1-SUB,uncued,SUB,39,0.123217
100,0,CA1-SUB,uncued,SUB,40,0.801242
100,0,CA1-SUB,uncued,SUB,41,0.133987
100,0,CA1-SUB,uncued,SUB,42,0.159803
100,0,CA1-SUB,uncued,SUB,43,0.017348
100,0,CA1-SUB,uncued,SUB,44,0.140849
100,0,CA1-SUB,uncued,SUB,45,0.194378
100,0,CA1-SUB,uncued,SUB,46,0.812854
100,0,CA1-SUB,uncued,SUB,47,0.740079
100,0,CA1-SUB,uncued,SUB,48,0.684485
100,0,CA1-SUB,uncued,SUB,49,0.024205
100,0,CA1-SUB,uncued,SUB,50,0.195486
100,0,CA1-SUB,uncued,SUB,51,0.013759
100,0,CA1-SUB,uncued,SUB,52,0.78815
100,0,CA1-SUB,uncued,SUB,53,0.052148
100,0,CA1-SUB,uncued,SUB,54,0.634946
100,0,CA1-SUB,cued,CA1,0,0.014997
100,0,CA1-SUB,cued,CA1,1,0.034784
100,0,CA1-SUB,cued,CA1,2,0.474061
100,0,CA1-SUB,cued,CA1,3,0.013699
100,0,CA1-SUB,cued,CA1,4,0.086184
100,0,CA1-SUB,cued,CA1,5,0.055936
100,0,CA1-SUB,cued,CA1,6,0.106609
100,0,CA1-SUB,cued,CA1,7,0.029687
100,0,CA1-SUB,cued,CA1,8,0.008402
100,0,CA1-SUB,cued,CA1,9,0.064125
100,0,CA1-SUB,cued,CA1,10,0.01129
100,0,CA1-SUB,cued,CA1,11,0.718275
100,0,CA1-SUB,cued,CA1,12,0.705182
100,0,CA1-SUB,cued,CA1,13,0.124387
100,0,CA1-SUB,cued,CA1,14,0.007021
100,0,CA1-SUB,cued,CA1,15,0.034146
100,0,CA1-SUB,cued,CA1,16,0.07816
100,0,CA1-SUB,cued,CA1,17,0.031025
100,0,CA1-SUB,cued,CA1,18,0.032722
100,0,CA1-SUB,cued,CA1,19,0.023377
100,0,CA1-SUB,cued,CA1,20,0.042776
100,0,CA1-SUB,cued,CA1,21,0.067171
100,0,CA1-SUB,cued,CA1,22,0.049037
100,0,CA1-SUB,cued,CA1,23,0.643067
100,0,CA1-SUB,cued,CA1,24,0.036859
100,0,CA1-SUB,cued,CA1,25,0.011749
100,0,CA1-SUB,cued,CA1,26,0.612165
100,0,CA1-SUB,cued,CA1,27,0.67847
100,0,CA1-SUB,cued,CA1,28,0.063749
100,0,CA1-SUB,cued,CA1,29,0.037124
100,0,CA1-SUB,cued,CA1,30,0.059516
100,0,CA1-SUB,cued,CA1,31,0.618339
100,0,CA1-SUB,cued,CA1,32,0.036718
100,0,CA1-SUB,cued,CA1,33,0.041223
100,0,CA1-SUB,cued,CA1,34,0.033855
100,0,CA1-SUB,cued,CA1,35,0.702442
100,0,CA1-SUB,cued,CA1,36,0.06186
100,0,CA1-SUB,cued,CA1,37,0.094344
100,0,CA1-SUB,cued,CA1,38,0.088576
100,0,CA1-SUB,cued,CA1,39,0.044548
100,0,CA1-SUB,cued,CA1,40,0.543843
100,0,CA1-SUB,cued,CA1,41,0.056244
100,0,CA1-SUB,cued,CA1,42,0.012621
100,0,CA1-SUB,cued,CA1,43,0.681634
100,0,CA1-SUB,cued,CA1,44,0.093866
100,0,CA1-SUB,cued,CA1,45,0.06085
100,0,CA1-SUB,cued,CA1,46,0.022338
100,0,CA1-SUB,cued,CA1,47,0.046394
100,0,CA1-SUB,cued,CA1,48,0.065495
100,0,CA1-SUB,cued,CA1,49,0.074269
100,0,CA1-SUB,cued,CA1,50,0.075894
100,0,CA1-SUB,cued,CA1,51,0.024629
100,0,CA1-SUB,cued,CA1,52,0.038396
100,0,CA1-SUB,cued,CA1,53,0.047372
100,0,CA1-SUB,cued,CA1,54,0.018442
100,0,CA1-SUB,cued,CA1,55,0.709824
100,0,CA1-SUB,cued,CA1,56,0.040255
100,0,CA1-SUB,cued,CA1,57,0.074873
100,0,CA1-SUB,cued,CA1,58,0.101829
100,0,CA1-SUB,cued,CA1,59,0.063252
100,0,CA1-SUB,cued,CA1,60,0.032366
100,0,CA1-SUB,cued,CA1,61,0.017704
100,0,CA1-SUB,cued,CA1,62,0.031036
100,0,CA1-SUB,cued,CA1,63,0.095937
100,0,CA1-SUB,cued,CA1,64,0.533334
100,0,CA1-SUB,cued,CA1,65,0.616854
100,0,CA1-SUB,cued,CA1,66,0.154656
100,0,CA1-SUB,cued,CA1,67,0.0404
100,0,CA1-SUB,cued,CA1,68,0.695346
100,0,CA1-SUB,cued,CA1,69,0.461473
100,0,CA1-SUB,cued,CA1,70,0.455449
100,0,CA1-SUB,cued,CA1,71,0.041846
100,0,CA1-SUB,cued,SUB,0,0.142989
100,0,CA1-SUB,cued,SUB,1,0.02266
100,0,CA1-SUB,cued,SUB,2,0.024988
100,0,CA1-SUB,cued,SUB,3,0.355131
100,0,CA1-SUB,cued,SUB,4,0.052584
100,0,CA1-SUB,cued,SUB,5,0.187347
100,0,CA1-SUB,cued,SUB,6,0.011277
100,0,CA1-SUB,cued,SUB,7,0.082207
100,0,CA1-SUB,cued,SUB,8,0.032778
100,0,CA1-SUB,cued,SUB,9,0.037461
100,0,CA1-SUB,cued,SUB,10,0.484125
100,0,CA1-SUB,cued,SUB,11,0.017349
100,0,CA1-SUB,cued,SUB,12,0.667726
100,0,CA1-SUB,cued,SUB,13,0.389062
100,0,CA1-SUB,cued,SUB,14,0.318764
100,0,CA1-SUB,cued,SUB,15,0.722269
100,0,CA1-SUB,cued,SUB,16,0.005744
100,0,CA1-SUB,cued,SUB,17,0.228884
100,0,CA1-SUB,cued,SUB,18,0.055865
100,0,CA1-SUB,cued,SUB,19,0.448925
100,0,CA1-SUB,cued,SUB,20,0.074756
100,0,CA1-SUB,cued,SUB,21,0.022642
100,0,CA1-SUB,cued,SUB,22,0.070476
100,0,CA1-SUB,cued,SUB,23,0.642539
100,0,CA1-SUB,cued,SUB,24,0.622369
100,0,CA1-SUB,cued,SUB,25,0.049683
100,0,CA1-SUB,cued,SUB,26,0.241075
100,0,CA1-SUB,cued,SUB,27,0.01999
100,0,CA1-SUB,cued,SUB,28,0.752277
100,0,CA1-SUB,cued,SUB,29,0.719972
100,0,CA1-SUB,cued,SUB,30,0.368449
100,0,CA1-SUB,cued,SUB,31,0.643977
100,0,CA1-SUB,cued,SUB,32,0.006582
100,0,CA1-SUB,cued,SUB,33,0.527826
100,0,CA1-SUB,cued,SUB,34,0.129681
100,0,CA1-SUB,cued,SUB,35,0.190121
100,0,CA1-SUB,cued,SUB,36,0.355196
100,0,CA1-SUB,cued,SUB,37,0.089766
100,0,CA1-SUB,cued,SUB,38,0.476829
100,0,CA1-SUB,cued,SUB,39,0.136336
100,0,CA1-SUB,cued,SUB,40,0.060874
100,0,CA1-SUB,cued,SUB,41,0.579384
100,0,CA1-SUB,cued,SUB,42,0.229224
100,0,CA1-SUB,cued,SUB,43,0.009265
100,0,CA1-SUB,cued,SUB,44,0.093402
100,0,CA1-SUB,cued,SUB,45,0.072491
100,0,CA1-SUB,cued,SUB,46,0.819758
100,0,CA1-SUB,cued,SUB,47,0.821107
100,0,CA1-SUB,cued,SUB,48,0.091018
100,0,CA1-SUB,cued,SUB,49,0.018312
100,0,CA1-SUB,cued,SUB,50,0.039902
100,0,CA1-SUB,cued,SUB,51,0.020768
100,0,CA1-SUB,cued,SUB,52,0.702127
100,0,CA1-SUB,cued,SUB,53,0.713563
100,0,CA1-SUB,cued,SUB,54,0.681905
100,0,RSC-SUB,uncued,RSC,0,0.488747
100,0,RSC-SUB,uncued,RSC,1,0.06953
100,0,RSC-SUB,uncued,RSC,2,0.014571
100,0,RSC-SUB,uncued,RSC,3,0.046416
100,0,RSC-SUB,uncued,RSC,4,0.032932
100,0,RSC-SUB,uncued,RSC,5,0.087352
100,0,RSC-SUB,uncued,RSC,6,0.055817
100,0,RSC-SUB,uncued,RSC,7,0.119128
100,0,RSC-SUB,uncued,RSC,8,0.092394
100,0,RSC-SUB,uncued,RSC,9,0.032506
100,0,RSC-SUB,uncued,RSC,10,0.110569
100,0,RSC-SUB,uncued,RSC,11,0.124521
100,0,RSC-SUB,uncued,RSC,12,0.731531
100,0,RSC-SUB,uncued,RSC,13,0.579941
100,0,RSC-SUB,uncued,RSC,14,0.019984
100,0,RSC-SUB,uncued,RSC,15,0.003684
100,0,RSC-SUB,uncued,RSC,16,0.024299
100,0,RSC-SUB,uncued,RSC,17,0.016722
100,0,RSC-SUB,uncued,RSC,18,0.469721
100,0,RSC-SUB,uncued,RSC,19,0.067917
100,0,RSC-SUB,uncued,RSC,20,0.042998
100,0,RSC-SUB,uncued,RSC,21,0.024779
100,0,RSC-SUB,uncued,RSC,22,0.359052
100,0,RSC-SUB,uncued,RSC,23,0.019607
100,0,RSC-SUB,uncued,RSC,24,0.090615
100,0,RSC-SUB,uncued,RSC,25,0.14559
100,0,RSC-SUB,uncued,RSC,26,0.044379
100,0,RSC-SUB,uncued,RSC,27,0.131628
100,0,RSC-SUB,uncued,RSC,28,0.133845
100,0,RSC-SUB,uncued,RSC,29,0.20133
100,0,RSC-SUB,uncued,RSC,30,0.756648
100,0,RSC-SUB,uncued,RSC,31,0.058323
100,0,RSC-SUB,uncued,RSC,32,0.614212
100,0,RSC-SUB,uncued,RSC,33,0.0
100,0,RSC-SUB,uncued,RSC,34,0.504832
100,0,RSC-SUB,uncued,RSC,35,0.056974
100,0,RSC-SUB,uncued,RSC,36,0.038818
100,0,RSC-SUB,uncued,RSC,37,0.770023
100,0,RSC-SUB,uncued,RSC,38,0.018758
100,0,RSC-SUB,uncued,RSC,39,0.040364
100,0,RSC-SUB,uncued,RSC,40,0.046305
100,0,RSC-SUB,uncued,RSC,41,0.013514
100,0,RSC-SUB,uncued,RSC,42,0.034183
100,0,RSC-SUB,uncued,RSC,43,0.174457
100,0,RSC-SUB,uncued,RSC,44,0.097306
100,0,RSC-SUB,uncued,RSC,45,0.060613
100,0,RSC-SUB,uncued,RSC,46,0.133722
100,0,RSC-SUB,uncued,RSC,47,0.073724
100,0,RSC-SUB,uncued,RSC,48,0.057842
100,0,RSC-SUB,uncued,RSC,49,0.005043
100,0,RSC-SUB,uncued,RSC,50,0.259663
100,0,RSC-SUB,uncued,RSC,51,0.039418
100,0,RSC-SUB,uncued,RSC,52,0.208467
100,0,RSC-SUB,uncued,RSC,53,0.01242
100,0,RSC-SUB,uncued,RSC,54,0.165705
100,0,RSC-SUB,uncued,RSC,55,0.05242
100,0,RSC-SUB,uncued,RSC,56,0.028758
100,0,RSC-SUB,uncued,RSC,57,0.063416
100,0,RSC-SUB,uncued,RSC,58,0.693359
100,0,RSC-SUB,uncued,RSC,59,0.039304
100,0,RSC-SUB,uncued,RSC,60,0.004365
100,0,RSC-SUB,uncued,RSC,61,0.728306
100,0,RSC-SUB,uncued,RSC,62,0.791067
100,0,RSC-SUB,uncued,RSC,63,0.012661
100,0,RSC-SUB,uncued,RSC,64,0.208138
100,0,RSC-SUB,uncued,RSC,65,0.0173
100,0,RSC-SUB,uncued,RSC,66,0.201406
100,0,RSC-SUB,uncued,RSC,67,0.027662
100,0,RSC-SUB,uncued,RSC,68,0.025227
100,0,RSC-SUB,uncued,RSC,69,0.028321
100,0,RSC-SUB,uncued,RSC,70,0.011193
100,0,RSC-SUB,uncued,RSC,71,0.085259
100,0,RSC-SUB,uncued,RSC,72,0.789059
100,0,RSC-SUB,uncued,RSC,73,0.719612
100,0,RSC-SUB,uncued,RSC,74,0.086173
100,0,RSC-SUB,uncued,RSC,75,0.492864
100,0,RSC-SUB,uncued,RSC,76,0.033185
100,0,RSC-SUB,uncued,RSC,77,0.665517
100,0,RSC-SUB,uncued,RSC,78,0.712478
100,0,RSC-SUB,uncued,SUB,0,0.109108
100,0,RSC-SUB,uncued,SUB,1,0.02044
100,0,RSC-SUB,uncued,SUB,2,0.030468
100,0,RSC-SUB,uncued,SUB,3,0.465
100,0,RSC-SUB,uncued,SUB,4,0.021858
100,0,RSC-SUB,uncued,SUB,5,0.112667
100,0,RSC-SUB,uncued,SUB,6,0.013358
100,0,RSC-SUB,uncued,SUB,7,0.093806
100,0,RSC-SUB,uncued,SUB,8,0.032477
100,0,RSC-SUB,uncued,SUB,9,0.014238
100,0,RSC-SUB,uncued,SUB,10,0.300705
100,0,RSC-SUB,uncued,SUB,11,0.039822
100,0,RSC-SUB,uncued,SUB,12,0.730404
100,0,RSC-SUB,uncued,SUB,13,0.173185
100,0,RSC-SUB,uncued,SUB,14,0.228623
100,0,RSC-SUB,uncued,SUB,15,0.691006
100,0,RSC-SUB,uncued,SUB,16,0.02329
100,0,RSC-SUB,uncued,SUB,17,0.173074
100,0,RSC-SUB,uncued,SUB,18,0.038841
100,0,RSC-SUB,uncued,SUB,19,0.38157
100,0,RSC-SUB,uncued,SUB,20,0.09568
100,0,RSC-SUB,uncued,SUB,21,0.009305
100,0,RSC-SUB,uncued,SUB,22,0.072838
100,0,RSC-SUB,uncued,SUB,23,0.030525
100,0,RSC-SUB,uncued,SUB,24,0.655291
100,0,RSC-SUB,uncued,SUB,25,0.74359
100,0,RSC-SUB,uncued,SUB,26,0.305301
100,0,RSC-SUB,uncued,SUB,27,0.793211
100,0,RSC-SUB,uncued,SUB,28,0.051464
100,0,RSC-SUB,uncued,SUB,29,0.502841
100,0,RSC-SUB,uncued,SUB,30,0.098658
100,0,RSC-SUB,uncued,SUB,31,0.785755
100,0,RSC-SUB,uncued,SUB,32,0.019666
100,0,RSC-SUB,uncued,SUB,33,0.464936
100,0,RSC-SUB,uncued,SUB,34,0.193234
100,0,RSC-SUB,uncued,SUB,35,0.088353
100,0,RSC-SUB,uncued,SUB,36,0.26637
100,0,RSC-SUB,uncued,SUB,37,0.078435
100,0,RSC-SUB,uncued,SUB,38,0.767608
100,0,RSC-SUB,uncued,SUB,39,0.123028
100,0,RSC-SUB,uncued,SUB,40,0.801788
100,0,RSC-SUB,uncued,SUB,41,0.135258
100,0,RSC-SUB,uncued,SUB,42,0.163392
100,0,RSC-SUB,uncued,SUB,43,0.016587
100,0,RSC-SUB,uncued,SUB,44,0.12565
100,0,RSC-SUB,uncued,SUB,45,0.180105
100,0,RSC-SUB,uncued,SUB,46,0.812591
100,0,RSC-SUB,uncued,SUB,47,0.7309
100,0,RSC-SUB,uncued,SUB,48,0.684216
100,0,RSC-SUB,uncued,SUB,49,0.023965
100,0,RSC-SUB,uncued,SUB,50,0.200254
100,0,RSC-SUB,uncued,SUB,51,0.014127
100,0,RSC-SUB,uncued,SUB,52,0.787692
100,0,RSC-SUB,uncued,SUB,53,0.055637
100,0,RSC-SUB,uncued,SUB,54,0.644541
100,0,RSC-SUB,cued,RSC,0,0.662973
100,0,RSC-SUB,cued,RSC,1,0.140518
100,0,RSC-SUB,cued,RSC,2,0.004628
100,0,RSC-SUB,cued,RSC,3,0.063843
100,0,RSC-SUB,cued,RSC,4,0.013996
100,0,RSC-SUB,cued,RSC,5,0.054511
100,0,RSC-SUB,cued,RSC,6,0.03529
100,0,RSC-SUB,cued,RSC,7,0.083068
100,0,RSC-SUB,cued,RSC,8,0.038672
100,0,RSC-SUB,cued,RSC,9,0.051138
100,0,RSC-SUB,cued,RSC,10,0.084856
100,0,RSC-SUB,cued,RSC,11,0.048383
100,0,RSC-SUB,cued,RSC,12,0.088342
100,0,RSC-SUB,cued,RSC,13,0.501175
100,0,RSC-SUB,cued,RSC,14,0.025126
100,0,RSC-SUB,cued,RSC,15,0.008583
100,0,RSC-SUB,cued,RSC,16,0.035915
100,0,RSC-SUB,cued,RSC,17,0.009018
100,0,RSC-SUB,cued,RSC,18,0.685095
100,0,RSC-SUB,cued,RSC,19,0.026426
100,0,RSC-SUB,cued,RSC,20,0.034013
100,0,RSC-SUB,cued,RSC,21,0.015625
100,0,RSC-SUB,cued,RSC,22,0.342594
100,0,RSC-SUB,cued,RSC,23,0.033497
100,0,RSC-SUB,cued,RSC,24,0.070588
100,0,RSC-SUB,cued,RSC,25,0.076782
100,0,RSC-SUB,cued,RSC,26,0.025274
100,0,RSC-SUB,cued,RSC,27,0.039858
100,0,RSC-SUB,cued,RSC,28,0.528428
100,0,RSC-SUB,cued,RSC,29,0.036037
100,0,RSC-SUB,cued,RSC,30,0.643768
100,0,RSC-SUB,cued,RSC,31,0.029169
100,0,RSC-SUB,cued,RSC,32,0.518121
100,0,RSC-SUB,cued,RSC,33,0.021656
100,0,RSC-SUB,cued,RSC,34,0.198083
100,0,RSC-SUB,cued,RSC,35,0.037717
100,0,RSC-SUB,cued,RSC,36,0.017593
100,0,RSC-SUB,cued,RSC,37,0.427983
100,0,RSC-SUB,cued,RSC,38,0.665514
100,0,RSC-SUB,cued,RSC,39,0.62802
100,0,RSC-SUB,cued,RSC,40,0.060042
100,0,RSC-SUB,cued,RSC,41,0.014675
100,0,RSC-SUB,cued,RSC,42,0.030837
100,0,RSC-SUB,cued,RSC,43,0.133851
100,0,RSC-SUB,cued,RSC,44,0.037955
100,0,RSC-SUB,cued,RSC,45,0.054211
100,0,RSC-SUB,cued,RSC,46,0.283786
100,0,RSC-SUB,cued,RSC,47,0.050857
100,0,RSC-SUB,cued,RSC,48,0.013449
100,0,RSC-SUB,cued,RSC,49,0.016359
100,0,RSC-SUB,cued,RSC,50,0.096276
100,0,RSC-SUB,cued,RSC,51,0.671131
100,0,RSC-SUB,cued,RSC,52,0.412574
100,0,RSC-SUB,cued,RSC,53,0.03051
100,0,RSC-SUB,cued,RSC,54,0.037883
100,0,RSC-SUB,cued,RSC,55,0.039952
100,0,RSC-SUB,cued,RSC,56,0.023392
100,0,RSC-SUB,cued,RSC,57,0.148861
100,0,RSC-SUB,cued,RSC,58,0.16097
100,0,RSC-SUB,cued,RSC,59,0.016781
100,0,RSC-SUB,cued,RSC,60,0.068657
100,0,RSC-SUB,cued,RSC,61,0.685144
100,0,RSC-SUB,cued,RSC,62,0.195066
100,0,RSC-SUB,cued,RSC,63,0.018456
100,0,RSC-SUB,cued,RSC,64,0.494545
100,0,RSC-SUB,cued,RSC,65,0.052308
100,0,RSC-SUB,cued,RSC,66,0.018005
100,0,RSC-SUB,cued,RSC,67,0.044095
100,0,RSC-SUB,cued,RSC,68,0.016671
100,0,RSC-SUB,cued,RSC,69,0.222357
100,0,RSC-SUB,cued,RSC,70,0.025853
100,0,RSC-SUB,cued,RSC,71,0.031709
100,0,RSC-SUB,cued,RSC,72,0.046989
100,0,RSC-SUB,cued,RSC,73,0.026009
100,0,RSC-SUB,cued,RSC,74,0.036146
100,0,RSC-SUB,cued,RSC,75,0.502155
100,0,RSC-SUB,cued,RSC,76,0.704628
100,0,RSC-SUB,cued,RSC,77,0.445359
100,0,RSC-SUB,cued,RSC,78,0.105572
100,0,RSC-SUB,cued,SUB,0,0.142469
100,0,RSC-SUB,cued,SUB,1,0.023459
100,0,RSC-SUB,cued,SUB,2,0.026075
100,0,RSC-SUB,cued,SUB,3,0.345037
100,0,RSC-SUB,cued,SUB,4,0.052165
100,0,RSC-SUB,cued,SUB,5,0.190096
100,0,RSC-SUB,cued,SUB,6,0.012526
100,0,RSC-SUB,cued,SUB,7,0.088976
100,0,RSC-SUB,cued,SUB,8,0.030782
100,0,RSC-SUB,cued,SUB,9,0.038606
100,0,RSC-SUB,cued,SUB,10,0.483541
100,0,RSC-SUB,cued,SUB,11,0.017433
100,0,RSC-SUB,cued,SUB,12,0.673658
100,0,RSC-SUB,cued,SUB,13,0.394697
100,0,RSC-SUB,cued,SUB,14,0.3279
100,0,RSC-SUB,cued,SUB,15,0.722199
100,0,RSC-SUB,cued,SUB,16,0.005893
100,0,RSC-SUB,cued,SUB,17,0.237168
100,0,RSC-SUB,cued,SUB,18,0.054015
100,0,RSC-SUB,cued,SUB,19,0.449656
100,0,RSC-SUB,cued,SUB,20,0.068178
100,0,RSC-SUB,cued,SUB,21,0.02427
100,0,RSC-SUB,cued,SUB,22,0.074491
100,0,RSC-SUB,cued,SUB,23,0.642078
100,0,RSC-SUB,cued,SUB,24,0.620683
100,0,RSC-SUB,cued,SUB,25,0.048926
100,0,RSC-SUB,cued,SUB,26,0.250548
100,0,RSC-SUB,cued,SUB,27,0.021232
100,0,RSC-SUB,cued,SUB,28,0.733171
100,0,RSC-SUB,cued,SUB,29,0.718846
100,0,RSC-SUB,cued,SUB,30,0.378402
100,0,RSC-SUB,cued,SUB,31,0.644298
100,0,RSC-SUB,cued,SUB,32,0.006387
100,0,RSC-SUB,cued,SUB,33,0.527206
100,0,RSC-SUB,cued,SUB,34,0.107637
100,0,RSC-SUB,cued,SUB,35,0.188019
100,0,RSC-SUB,cued,SUB,36,0.369753
100,0,RSC-SUB,cued,SUB,37,0.087989
100,0,RSC-SUB,cued,SUB,38,0.468634
100,0,RSC-SUB,cued,SUB,39,0.138005
100,0,RSC-SUB,cued,SUB,40,0.059437
100,0,RSC-SUB,cued,SUB,41,0.568898
100,0,RSC-SUB,cued,SUB,42,0.231057
100,0,RSC-SUB,cued,SUB,43,0.009734
100,0,RSC-SUB,cued,SUB,44,0.095477
100,0,RSC-SUB,cued,SUB,45,0.073032
100,0,RSC-SUB,cued,SUB,46,0.820077
100,0,RSC-SUB,cued,SUB,47,0.81951
100,0,RSC-SUB,cued,SUB,48,0.095933
100,0,RSC-SUB,cued,SUB,49,0.018388
100,0,RSC-SUB,cued,SUB,50,0.036434
100,0,RSC-SUB,cued,SUB,51,0.020171
100,0,RSC-SUB,cued,SUB,52,0.701882
100,0,RSC-SUB,cued,SUB,53,0.712948
100,0,RSC-SUB,cued,SUB,54,0.680315
100,0,V1-RSC,uncued,V1,0,0.013965
100,0,V1-RSC,uncued,V1,1,0.104313
100,0,V1-RSC,uncued,V1,2,0.702349
100,0,V1-RSC,uncued,V1,3,0.206094
100,0,V1-RSC,uncued,V1,4,0.091499
100,0,V1-RSC,uncued,V1,5,0.013809
100,0,V1-RSC,uncued,V1,6,0.011255
100,0,V1-RSC,uncued,V1,7,0.016394
100,0,V1-RSC,uncued,V1,8,0.63673
100,0,V1-RSC,uncued,V1,9,0.111651
100,0,V1-RSC,uncued,V1,10,0.049475
100,0,V1-RSC,uncued,V1,11,0.057359
100,0,V1-RSC,uncued,V1,12,0.004465
100,0,V1-RSC,uncued,V1,13,0.0
100,0,V1-RSC,uncued,V1,14,0.196775
100,0,V1-RSC,uncued,V1,15,0.028351
100,0,V1-RSC,uncued,V1,16,0.04282
100,0,V1-RSC,uncued,V1,17,0.041164
100,0,V1-RSC,uncued,V1,18,0.060246
100,0,V1-RSC,uncued,V1,19,0.011739
100,0,V1-RSC,uncued,V1,20,0.092573
100,0,V1-RSC,uncued,V1,21,0.072262
100,0,V1-RSC,uncued,V1,22,0.135679
100,0,V1-RSC,uncued,V1,23,0.078542
100,0,V1-RSC,uncued,V1,24,0.015454
100,0,V1-RSC,uncued,V1,25,0.22317
100,0,V1-RSC,uncued,V1,26,0.044489
100,0,V1-RSC,uncued,V1,27,0.156876
100,0,V1-RSC,uncued,V1,28,0.028519
100,0,V1-RSC,uncued,V1,29,0.131387
100,0,V1-RSC,uncued,V1,30,0.055488
100,0,V1-RSC,uncued,V1,31,0.069918
100,0,V1-RSC,uncued,V1,32,0.11752
100,0,V1-RSC,uncued,V1,33,0.1479
100,0,V1-RSC,uncued,V1,34,0.087044
100,0,V1-RSC,uncued,V1,35,0.081493
100,0,V1-RSC,uncued,V1,36,0.622745
100,0,V1-RSC,uncued,V1,37,0.131423
100,0,V1-RSC,uncued,V1,38,0.116905
100,0,V1-RSC,uncued,V1,39,0.319302
100,0,V1-RSC,uncued,V1,40,0.687576
100,0,V1-RSC,uncued,V1,41,0.053117
100,0,V1-RSC,uncued,V1,42,0.169193
100,0,V1-RSC,uncued,V1,43,0.023702
100,0,V1-RSC,uncued,V1,44,0.071657
100,0,V1-RSC,uncued,V1,45,0.189885
100,0,V1-RSC,uncued,V1,46,0.109961
100,0,V1-RSC,uncued,V1,47,0.349284
100,0,V1-RSC,uncued,V1,48,0.098958
100,0,V1-RSC,uncued,V1,49,0.101021
100,0,V1-RSC,uncued,V1,50,0.034646
100,0,V1-RSC,uncued,V1,51,0.110338
100,0,V1-RSC,uncued,V1,52,0.084263
100,0,V1-RSC,uncued,V1,53,0.172738
100,0,V1-RSC,uncued,V1,54,0.06557
100,0,V1-RSC,uncued,V1,55,0.044067
100,0,V1-RSC,uncued,V1,56,0.041302
100,0,V1-RSC,uncued,V1,57,0.282647
100,0,V1-RSC,uncued,V1,58,0.100641
100,0,V1-RSC,uncued,V1,59,0.715189
100,0,V1-RSC,uncued,V1,60,0.684551
100,0,V1-RSC,uncued,V1,61,0.627133
100,0,V1-RSC,uncued,V1,62,0.252631
100,0,V1-RSC,uncued,V1,63,0.154395
100,0,V1-RSC,uncued,V1,64,0.023996
100,0,V1-RSC,uncued,V1,65,0.053831
100,0,V1-RSC,uncued,V1,66,0.088651
100,0,V1-RSC,uncued,V1,67,0.047612
100,0,V1-RSC,uncued,V1,68,0.020677
100,0,V1-RSC,uncued,V1,69,0.024
100,0,V1-RSC,uncued,V1,70,0.091047
100,0,V1-RSC,uncued,V1,71,0.035924
100,0,V1-RSC,uncued,V1,72,0.096747
100,0,V1-RSC,uncued,V1,73,0.061252
100,0,V1-RSC,uncued,V1,74,0.043381
100,0,V1-RSC,uncued,V1,75,0.046651
100,0,V1-RSC,uncued,V1,76,0.026552
100,0,V1-RSC,uncued,V1,77,0.0329
100,0,V1-RSC,uncued,V1,78,0.013957
100,0,V1-RSC,uncued,V1,79,0.086381
100,0,V1-RSC,uncued,V1,80,0.00603
100,0,V1-RSC,uncued,V1,81,0.050774
100,0,V1-RSC,uncued,V1,82,0.040943
100,0,V1-RSC,uncued,V1,83,0.011943
100,0,V1-RSC,uncued,V1,84,0.0
100,0,V1-RSC,uncued,V1,85,0.072013
100,0,V1-RSC,uncued,V1,86,0.005351
100,0,V1-RSC,uncued,V1,87,0.03491
100,0,V1-RSC,uncued,V1,88,0.0
100,0,V1-RSC,uncued,V1,89,0.006458
100,0,V1-RSC,uncued,V1,90,0.182861
100,0,V1-RSC,uncued,V1,91,0.028118
100,0,V1-RSC,uncued,V1,92,0.044508
100,0,V1-RSC,uncued,V1,93,0.020108
100,0,V1-RSC,uncued,V1,94,0.056701
100,0,V1-RSC,uncued,V1,95,0.004177
100,0,V1-RSC,uncued,V1,96,0.733729
100,0,V1-RSC,uncued,V1,97,0.649282
100,0,V1-RSC,uncued,V1,98,0.436394
100,0,V1-RSC,uncued,V1,99,0.116902
100,0,V1-RSC,uncued,V1,100,0.018085
100,0,V1-RSC,uncued,V1,101,0.030636
100,0,V1-RSC,uncued,V1,102,0.027117
100,0,V1-RSC,uncued,V1,103,0.236019
100,0,V1-RSC,uncued,V1,104,0.066154
100,0,V1-RSC,uncued,V1,105,0.087492
100,0,V1-RSC,uncued,V1,106,0.101709
100,0,V1-RSC,uncued,V1,107,0.007401
100,0,V1-RSC,uncued,V1,108,0.107931
100,0,V1-RSC,uncued,V1,109,0.02672
100,0,V1-RSC,uncued,V1,110,0.103675
100,0,V1-RSC,uncued,V1,111,0.733336
100,0,V1-RSC,uncued,V1,112,0.020547
100,0,V1-RSC,uncued,V1,113,0.140683
100,0,V1-RSC,uncued,V1,114,0.056683
100,0,V1-RSC,uncued,V1,115,0.024194
100,0,V1-RSC,uncued,V1,116,0.050099
100,0,V1-RSC,uncued,V1,117,0.018341
100,0,V1-RSC,uncued,V1,118,0.038165
100,0,V1-RSC,uncued,V1,119,0.019546
100,0,V1-RSC,uncued,V1,120,0.014333
100,0,V1-RSC,uncued,V1,121,0.028297
100,0,V1-RSC,uncued,V1,122,0.017087
100,0,V1-RSC,uncued,V1,123,0.656917
100,0,V1-RSC,uncued,V1,124,0.022556
100,0,V1-RSC,uncued,V1,125,0.010487
100,0,V1-RSC,uncued,V1,126,0.027936
100,0,V1-RSC,uncued,V1,127,0.107882
100,0,V1-RSC,uncued,V1,128,0.0
100,0,V1-RSC,uncued,V1,129,0.04762
100,0,V1-RSC,uncued,V1,130,0.02526
100,0,V1-RSC,uncued,V1,131,0.06106
100,0,V1-RSC,uncued,V1,132,0.086783
100,0,V1-RSC,uncued,V1,133,0.147693
100,0,V1-RSC,uncued,V1,134,0.037329
100,0,V1-RSC,uncued,V1,135,0.127606
100,0,V1-RSC,uncued,V1,136,0.049053
100,0,V1-RSC,uncued,V1,137,0.117066
100,0,V1-RSC,uncued,V1,138,0.159833
100,0,V1-RSC,uncued,V1,139,0.095068
100,0,V1-RSC,uncued,V1,140,0.039314
100,0,V1-RSC,uncued,V1,141,0.0181
100,0,V1-RSC,uncued,V1,142,0.129546
100,0,V1-RSC,uncued,V1,143,0.013178
100,0,V1-RSC,uncued,V1,144,0.408946
100,0,V1-RSC,uncued,V1,145,0.620167
100,0,V1-RSC,uncued,V1,146,0.014422
100,0,V1-RSC,uncued,V1,147,0.029733
100,0,V1-RSC,uncued,V1,148,0.026413
100,0,V1-RSC,uncued,V1,149,0.005784
100,0,V1-RSC,uncued,V1,150,0.032519
100,0,V1-RSC,uncued,V1,151,0.002356
100,0,V1-RSC,uncued,V1,152,0.012478
100,0,V1-RSC,uncued,V1,153,0.018153
100,0,V1-RSC,uncued,V1,154,0.174755
100,0,V1-RSC,uncued,V1,155,0.029898
100,0,V1-RSC,uncued,V1,156,0.068034
100,0,V1-RSC,uncued,V1,157,0.0
100,0,V1-RSC,uncued,V1,158,0.014835
100,0,V1-RSC,uncued,V1,159,0.052578
100,0,V1-RSC,uncued,V1,160,0.010029
100,0,V1-RSC,uncued,V1,161,0.0
100,0,V1-RSC,uncued,RSC,0,0.558959
100,0,V1-RSC,uncued,RSC,1,0.081814
100,0,V1-RSC,uncued,RSC,2,0.016436
100,0,V1-RSC,uncued,RSC,3,0.043336
100,0,V1-RSC,uncued,RSC,4,0.030806
100,0,V1-RSC,uncued,RSC,5,0.091096
100,0,V1-RSC,uncued,RSC,6,0.056194
100,0,V1-RSC,uncued,RSC,7,0.114091
100,0,V1-RSC,uncued,RSC,8,0.105396
100,0,V1-RSC,uncued,RSC,9,0.038702
100,0,V1-RSC,uncued,RSC,10,0.147129
100,0,V1-RSC,uncued,RSC,11,0.119485
100,0,V1-RSC,uncued,RSC,12,0.724228
100,0,V1-RSC,uncued,RSC,13,0.577371
100,0,V1-RSC,uncued,RSC,14,0.018007
100,0,V1-RSC,uncued,RSC,15,0.004562
100,0,V1-RSC,uncued,RSC,16,0.032428
100,0,V1-RSC,uncued,RSC,17,0.018556
100,0,V1-RSC,uncued,RSC,18,0.407886
100,0,V1-RSC,uncued,RSC,19,0.0625
100,0,V1-RSC,uncued,RSC,20,0.038344
100,0,V1-RSC,uncued,RSC,21,0.026516
100,0,V1-RSC,uncued,RSC,22,0.356985
100,0,V1-RSC,uncued,RSC,23,0.019401
100,0,V1-RSC,uncued,RSC,24,0.100379
100,0,V1-RSC,uncued,RSC,25,0.142018
100,0,V1-RSC,uncued,RSC,26,0.045548
100,0,V1-RSC,uncued,RSC,27,0.137225
100,0,V1-RSC,uncued,RSC,28,0.174813
100,0,V1-RSC,uncued,RSC,29,0.206004
100,0,V1-RSC,uncued,RSC,30,0.752733
100,0,V1-RSC,uncued,RSC,31,0.055304
100,0,V1-RSC,uncued,RSC,32,0.611273
100,0,V1-RSC,uncued,RSC,33,0.0
100,0,V1-RSC,uncued,RSC,34,0.377095
100,0,V1-RSC,uncued,RSC,35,0.059195
100,0,V1-RSC,uncued,RSC,36,0.038206
100,0,V1-RSC,uncued,RSC,37,0.766807
100,0,V1-RSC,uncued,RSC,38,0.018527
100,0,V1-RSC,uncued,RSC,39,0.043793
100,0,V1-RSC,uncued,RSC,40,0.045375
100,0,V1-RSC,uncued,RSC,41,0.015209
100,0,V1-RSC,uncued,RSC,42,0.030988
100,0,V1-RSC,uncued,RSC,43,0.182589
100,0,V1-RSC,uncued,RSC,44,0.093427
100,0,V1-RSC,uncued,RSC,45,0.064783
100,0,V1-RSC,uncued,RSC,46,0.1614
100,0,V1-RSC,uncued,RSC,47,0.061661
100,0,V1-RSC,uncued,RSC,48,0.058316
100,0,V1-RSC,uncued,RSC,49,0.005779
100,0,V1-RSC,uncued,RSC,50,0.238738
100,0,V1-RSC,uncued,RSC,51,0.044299
100,0,V1-RSC,uncued,RSC,52,0.204605
100,0,V1-RSC,uncued,RSC,53,0.011771
100,0,V1-RSC,uncued,RSC,54,0.164835
100,0,V1-RSC,uncued,RSC,55,0.057224
100,0,V1-RSC,uncued,RSC,56,0.035271
100,0,V1-RSC,uncued,RSC,57,0.138012
100,0,V1-RSC,uncued,RSC,58,0.690147
100,0,V1-RSC,uncued,RSC,59,0.039804
100,0,V1-RSC,uncued,RSC,60,0.004192
100,0,V1-RSC,uncued,RSC,61,0.686526
100,0,V1-RSC,uncued,RSC,62,0.776007
100,0,V1-RSC,uncued,RSC,63,0.012731
100,0,V1-RSC,uncued,RSC,64,0.282102
100,0,V1-RSC,uncued,RSC,65,0.018925
100,0,V1-RSC,uncued,RSC,66,0.220562
100,0,V1-RSC,uncued,RSC,67,0.029335
100,0,V1-RSC,uncued,RSC,68,0.024162
100,0,V1-RSC,uncued,RSC,69,0.034698
100,0,V1-RSC,uncued,RSC,70,0.013941
100,0,V1-RSC,uncued,RSC,71,0.096924
100,0,V1-RSC,uncued,RSC,72,0.781975
100,0,V1-RSC,uncued,RSC,73,0.714548
100,0,V1-RSC,uncued,RSC,74,0.087363
100,0,V1-RSC,uncued,RSC,75,0.490349
100,0,V1-RSC,uncued,RSC,76,0.036841
100,0,V1-RSC,uncued,RSC,77,0.654494
100,0,V1-RSC,uncued,RSC,78,0.68358
100,0,V1-RSC,cued,V1,0,0.007903
100,0,V1-RSC,cued,V1,1,0.10102
100,0,V1-RSC,cued,V1,2,0.49245
100,0,V1-RSC,cued,V1,3,0.134956
100,0,V1-RSC,cued,V1,4,0.055985
100,0,V1-RSC,cued,V1,5,0.02398
100,0,V1-RSC,cued,V1,6,0.013491
100,0,V1-RSC,cued,V1,7,0.023334
100,0,V1-RSC,cued,V1,8,0.594058
100,0,V1-RSC,cued,V1,9,0.199163
100,0,V1-RSC,cued,V1,10,0.099606
100,0,V1-RSC,cued,V1,11,0.055084
100,0,V1-RSC,cued,V1,12,0.009746
100,0,V1-RSC,cued,V1,13,0.003799
100,0,V1-RSC,cued,V1,14,0.23527
100,0,V1-RSC,cued,V1,15,0.025962
100,0,V1-RSC,cued,V1,16,0.045525
100,0,V1-RSC,cued,V1,17,0.015595
100,0,V1-RSC,cued,V1,18,0.060831
100,0,V1-RSC,cued,V1,19,0.018969
100,0,V1-RSC,cued,V1,20,0.079252
100,0,V1-RSC,cued,V1,21,0.048086
100,0,V1-RSC,cued,V1,22,0.128659
100,0,V1-RSC,cued,V1,23,0.11985
100,0,V1-RSC,cued,V1,24,0.047513
100,0,V1-RSC,cued,V1,25,0.245309
100,0,V1-RSC,cued,V1,26,0.051163
100,0,V1-RSC,cued,V1,27,0.092374
100,0,V1-RSC,cued,V1,28,0.040752
100,0,V1-RSC,cued,V1,29,0.082169
100,0,V1-RSC,cued,V1,30,0.029763
100,0,V1-RSC,cued,V1,31,0.058952
100,0,V1-RSC,cued,V1,32,0.213165
100,0,V1-RSC,cued,V1,33,0.106935
100,0,V1-RSC,cued,V1,34,0.077101
100,0,V1-RSC,cued,V1,35,0.053653
100,0,V1-RSC,cued,V1,36,0.25573
100,0,V1-RSC,cued,V1,37,0.067499
100,0,V1-RSC,cued,V1,38,0.095508
100,0,V1-RSC,cued,V1,39,0.246566
100,0,V1-RSC,cued,V1,40,0.165278
100,0,V1-RSC,cued,V1,41,0.062751
100,0,V1-RSC,cued,V1,42,0.142868
100,0,V1-RSC,cued,V1,43,0.083923
100,0,V1-RSC,cued,V1,44,0.066677
100,0,V1-RSC,cued,V1,45,0.088659
100,0,V1-RSC,cued,V1,46,0.099596
100,0,V1-RSC,cued,V1,47,0.099234
100,0,V1-RSC,cued,V1,48,0.072936
100,0,V1-RSC,cued,V1,49,0.134558
100,0,V1-RSC,cued,V1,50,0.050389
100,0,V1-RSC,cued,V1,51,0.071999
100,0,V1-RSC,cued,V1,52,0.186315
100,0,V1-RSC,cued,V1,53,0.071499
100,0,V1-RSC,cued,V1,54,0.066801
100,0,V1-RSC,cued,V1,55,0.03441
100,0,V1-RSC,cued,V1,56,0.104592
100,0,V1-RSC,cued,V1,57,0.117999
100,0,V1-RSC,cued,V1,58,0.061946
100,0,V1-RSC,cued,V1,59,0.119073
100,0,V1-RSC,cued,V1,60,0.086889
100,0,V1-RSC,cued,V1,61,0.103234
100,0,V1-RSC,cued,V1,62,0.135312
100,0,V1-RSC,cued,V1,63,0.029971
100,0,V1-RSC,cued,V1,64,0.047731
100,0,V1-RSC,cued,V1,65,0.044835
100,0,V1-RSC,cued,V1,66,0.123589
100,0,V1-RSC,cued,V1,67,0.172009
100,0,V1-RSC,cued,V1,68,0.050796
100,0,V1-RSC,cued,V1,69,0.094947
100,0,V1-RSC,cued,V1,70,0.154142
100,0,V1-RSC,cued,V1,71,0.064091
100,0,V1-RSC,cued,V1,72,0.087493
100,0,V1-RSC,cued,V1,73,0.118226
100,0,V1-RSC,cued,V1,74,0.18366
100,0,V1-RSC,cued,V1,75,0.068012
100,0,V1-RSC,cued,V1,76,0.370944
100,0,V1-RSC,cued,V1,77,0.079987
100,0,V1-RSC,cued,V1,78,0.549403
100,0,V1-RSC,cued,V1,79,0.146081
100,0,V1-RSC,cued,V1,80,0.143659
100,0,V1-RSC,cued,V1,81,0.184956
100,0,V1-RSC,cued,V1,82,0.140272
100,0,V1-RSC,cued,V1,83,0.088868
100,0,V1-RSC,cued,V1,84,0.056865
100,0,V1-RSC,cued,V1,85,0.14565
100,0,V1-RSC,cued,V1,86,0.033144
100,0,V1-RSC,cued,V1,87,0.051864
100,0,V1-RSC,cued,V1,88,0.122661
100,0,V1-RSC,cued,V1,89,0.068252
100,0,V1-RSC,cued,V1,90,0.199996
100,0,V1-RSC,cued,V1,91,0.025
100,0,V1-RSC,cued,V1,92,0.167509
100,0,V1-RSC,cued,V1,93,0.014323
100,0,V1-RSC,cued,V1,94,0.040051
100,0,V1-RSC,cued,V1,95,0.014312
100,0,V1-RSC,cued,V1,96,0.559475
100,0,V1-RSC,cued,V1,97,0.304084
100,0,V1-RSC,cued,V1,98,0.49196
100,0,V1-RSC,cued,V1,99,0.408834
100,0,V1-RSC,cued,V1,100,0.072314
100,0,V1-RSC,cued,V1,101,0.025493
100,0,V1-RSC,cued,V1,102,0.014703
100,0,V1-RSC,cued,V1,103,0.237064
100,0,V1-RSC,cued,V1,104,0.111784
100,0,V1-RSC,cued,V1,105,0.085408
100,0,V1-RSC,cued,V1,106,0.049019
100,0,V1-RSC,cued,V1,107,0.006623
100,0,V1-RSC,cued,V1,108,0.049444
100,0,V1-RSC,cued,V1,109,0.025447
100,0,V1-RSC,cued,V1,110,0.042938
100,0,V1-RSC,cued,V1,111,0.081466
100,0,V1-RSC,cued,V1,112,0.027383
100,0,V1-RSC,cued,V1,113,0.082732
100,0,V1-RSC,cued,V1,114,0.112615
100,0,V1-RSC,cued,V1,115,0.199984
100,0,V1-RSC,cued,V1,116,0.034683
100,0,V1-RSC,cued,V1,117,0.123269
100,0,V1-RSC,cued,V1,118,0.083724
100,0,V1-RSC,cued,V1,119,0.039935
100,0,V1-RSC,cued,V1,120,0.155173
100,0,V1-RSC,cued,V1,121,0.101946
100,0,V1-RSC,cued,V1,122,0.112561
100,0,V1-RSC,cued,V1,123,0.546629
100,0,V1-RSC,cued,V1,124,0.558649
100,0,V1-RSC,cued,V1,125,0.408667
100,0,V1-RSC,cued,V1,126,0.11252
100,0,V1-RSC,cued,V1,127,0.027934
100,0,V1-RSC,cued,V1,128,0.552686
100,0,V1-RSC,cued,V1,129,0.059881
100,0,V1-RSC,cued,V1,130,0.034959
100,0,V1-RSC,cued,V1,131,0.039683
100,0,V1-RSC,cued,V1,132,0.122312
100,0,V1-RSC,cued,V1,133,0.078739
100,0,V1-RSC,cued,V1,134,0.031049
100,0,V1-RSC,cued,V1,135,0.142415
100,0,V1-RSC,cued,V1,136,0.145522
100,0,V1-RSC,cued,V1,137,0.193118
100,0,V1-RSC,cued,V1,138,0.102373
100,0,V1-RSC,cued,V1,139,0.113691
100,0,V1-RSC,cued,V1,140,0.080943
100,0,V1-RSC,cued,V1,141,0.041401
100,0,V1-RSC,cued,V1,142,0.120754
100,0,V1-RSC,cued,V1,143,0.109249
100,0,V1-RSC,cued,V1,144,0.033185
100,0,V1-RSC,cued,V1,145,0.152475
100,0,V1-RSC,cued,V1,146,0.112773
100,0,V1-RSC,cued,V1,147,0.128016
100,0,V1-RSC,cued,V1,148,0.087394
100,0,V1-RSC,cued,V1,149,0.015324
100,0,V1-RSC,cued,V1,150,0.135027
100,0,V1-RSC,cued,V1,151,0.049931
100,0,V1-RSC,cued,V1,152,0.094036
100,0,V1-RSC,cued,V1,153,0.017307
100,0,V1-RSC,cued,V1,154,0.238222
100,0,V1-RSC,cued,V1,155,0.542271
100,0,V1-RSC,cued,V1,156,0.047971
100,0,V1-RSC,cued,V1,157,0.092537
100,0,V1-RSC,cued,V1,158,0.091139
100,0,V1-RSC,cued,V1,159,0.036086
100,0,V1-RSC,cued,V1,160,0.563279
100,0,V1-RSC,cued,V1,161,0.011173
100,0,V1-RSC,cued,RSC,0,0.580157
100,0,V1-RSC,cued,RSC,1,0.166958
100,0,V1-RSC,cued,RSC,2,0.006518
100,0,V1-RSC,cued,RSC,3,0.055801
100,0,V1-RSC,cued,RSC,4,0.014723
100,0,V1-RSC,cued,RSC,5,0.05105
100,0,V1-RSC,cued,RSC,6,0.032332
100,0,V1-RSC,cued,RSC,7,0.088536
100,0,V1-RSC,cued,RSC,8,0.038189
100,0,V1-RSC,cued,RSC,9,0.043813
100,0,V1-RSC,cued,RSC,10,0.101563
100,0,V1-RSC,cued,RSC,11,0.043348
100,0,V1-RSC,cued,RSC,12,0.083816
100,0,V1-RSC,cued,RSC,13,0.497458
100,0,V1-RSC,cued,RSC,14,0.033765
100,0,V1-RSC,cued,RSC,15,0.010743
100,0,V1-RSC,cued,RSC,16,0.037872
100,0,V1-RSC,cued,RSC,17,0.014261
100,0,V1-RSC,cued,RSC,18,0.676608
100,0,V1-RSC,cued,RSC,19,0.025713
100,0,V1-RSC,cued,RSC,20,0.04044
100,0,V1-RSC,cued,RSC,21,0.019225
100,0,V1-RSC,cued,RSC,22,0.338853
100,0,V1-RSC,cued,RSC,23,0.030795
100,0,V1-RSC,cued,RSC,24,0.071951
100,0,V1-RSC,cued,RSC,25,0.087647
100,0,V1-RSC,cued,RSC,26,0.022318
100,0,V1-RSC,cued,RSC,27,0.036717
100,0,V1-RSC,cued,RSC,28,0.52229
100,0,V1-RSC,cued,RSC,29,0.042937
100,0,V1-RSC,cued,RSC,30,0.637647
100,0,V1-RSC,cued,RSC,31,0.027577
100,0,V1-RSC,cued,RSC,32,0.51355
100,0,V1-RSC,cued,RSC,33,0.021244
100,0,V1-RSC,cued,RSC,34,0.272856
100,0,V1-RSC,cued,RSC,35,0.044039
100,0,V1-RSC,cued,RSC,36,0.021872
100,0,V1-RSC,cued,RSC,37,0.422027
100,0,V1-RSC,cued,RSC,38,0.65883
100,0,V1-RSC,cued,RSC,39,0.48645
100,0,V1-RSC,cued,RSC,40,0.04991
100,0,V1-RSC,cued,RSC,41,0.016483
100,0,V1-RSC,cued,RSC,42,0.035128
100,0,V1-RSC,cued,RSC,43,0.128111
100,0,V1-RSC,cued,RSC,44,0.037012
100,0,V1-RSC,cued,RSC,45,0.046887
100,0,V1-RSC,cued,RSC,46,0.300171
100,0,V1-RSC,cued,RSC,47,0.05421
100,0,V1-RSC,cued,RSC,48,0.012932
100,0,V1-RSC,cued,RSC,49,0.014111
100,0,V1-RSC,cued,RSC,50,0.093074
100,0,V1-RSC,cued,RSC,51,0.617811
100,0,V1-RSC,cued,RSC,52,0.5129
100,0,V1-RSC,cued,RSC,53,0.047365
100,0,V1-RSC,cued,RSC,54,0.04308
100,0,V1-RSC,cued,RSC,55,0.064348
100,0,V1-RSC,cued,RSC,56,0.026221
100,0,V1-RSC,cued,RSC,57,0.21927
100,0,V1-RSC,cued,RSC,58,0.172189
100,0,V1-RSC,cued,RSC,59,0.015508
100,0,V1-RSC,cued,RSC,60,0.066177
100,0,V1-RSC,cued,RSC,61,0.668652
100,0,V1-RSC,cued,RSC,62,0.210496
100,0,V1-RSC,cued,RSC,63,0.017265
100,0,V1-RSC,cued,RSC,64,0.468007
100,0,V1-RSC,cued,RSC,65,0.049448
100,0,V1-RSC,cued,RSC,66,0.021152
100,0,V1-RSC,cued,RSC,67,0.049258
100,0,V1-RSC,cued,RSC,68,0.016418
100,0,V1-RSC,cued,RSC,69,0.235293
100,0,V1-RSC,cued,RSC,70,0.025946
100,0,V1-RSC,cued,RSC,71,0.02617
100,0,V1-RSC,cued,RSC,72,0.053991
100,0,V1-RSC,cued,RSC,73,0.022113
100,0,V1-RSC,cued,RSC,74,0.032361
100,0,V1-RSC,cued,RSC,75,0.499894
100,0,V1-RSC,cued,RSC,76,0.702041
100,0,V1-RSC,cued,RSC,77,0.520306
100,0,V1-RSC,cued,RSC,78,0.110568
