animal,learner,pair,cond,area,unit,contrib
41,1,CA1-CA3,uncued,CA1,0,0.986742
41,1,CA1-CA3,uncued,CA1,1,0.886015
41,1,CA1-CA3,uncued,CA1,2,2.771307
41,1,CA1-CA3,uncued,CA1,3,1.217997
41,1,CA1-CA3,uncued,CA1,4,1.202279
41,1,CA1-CA3,uncued,CA1,5,1.305419
41,1,CA1-CA3,uncued,CA1,6,0.91291
41,1,CA1-CA3,uncued,CA1,7,2.509008
41,1,CA1-CA3,uncued,CA1,8,4.433702
41,1,CA1-CA3,uncued,CA1,9,0.0
41,1,CA1-CA3,uncued,CA1,10,2.856479
41,1,CA1-CA3,uncued,CA1,11,0.0
41,1,CA1-CA3,uncued,CA1,12,6.798672
41,1,CA1-CA3,uncued,CA1,13,1.235473
41,1,CA1-CA3,uncued,CA3,0,0.611158
41,1,CA1-CA3,uncued,CA3,1,0.983803
41,1,CA1-CA3,uncued,CA3,2,0.79557
41,1,CA1-CA3,uncued,CA3,3,0.605554
41,1,CA1-CA3,uncued,CA3,4,0.976924
41,1,CA1-CA3,uncued,CA3,5,0.889592
41,1,CA1-CA3,uncued,CA3,6,2.708922
41,1,CA1-CA3,uncued,CA3,7,0.990434
41,1,CA1-CA3,uncued,CA3,8,1.632994
41,1,CA1-CA3,uncued,CA3,9,2.259704
41,1,CA1-CA3,uncued,CA3,10,0.62388
41,1,CA1-CA3,uncued,CA3,11,1.065483
41,1,CA1-CA3,uncued,CA3,12,0.924416
41,1,CA1-CA3,uncued,CA3,13,1.855489
41,1,CA1-CA3,cued,CA1,0,1.029972
41,1,CA1-CA3,cued,CA1,1,0.826568
41,1,CA1-CA3,cued,CA1,2,1.276552
41,1,CA1-CA3,cued,CA1,3,1.069927
41,1,CA1-CA3,cued,CA1,4,1.024427
41,1,CA1-CA3,cued,CA1,5,1.002987
41,1,CA1-CA3,cued,CA1,6,0.844938
41,1,CA1-CA3,cued,CA1,7,1.292522
41,1,CA1-CA3,cued,CA1,8,1.555351
41,1,CA1-CA3,cued,CA1,9,2.700733
41,1,CA1-CA3,cued,CA1,10,1.145046
41,1,CA1-CA3,cued,CA1,11,86.85387
41,1,CA1-CA3,cued,CA1,12,1.248969
41,1,CA1-CA3,cued,CA1,13,1.230659
41,1,CA1-CA3,cued,CA3,0,0.669203
41,1,CA1-CA3,cued,CA3,1,0.973673
41,1,CA1-CA3,cued,CA3,2,1.795353
41,1,CA1-CA3,cued,CA3,3,1.146
41,1,CA1-CA3,cued,CA3,4,3.02526
41,1,CA1-CA3,cued,CA3,5,246.576362
41,1,CA1-CA3,cued,CA3,6,3.983618
41,1,CA1-CA3,cued,CA3,7,0.939304
41,1,CA1-CA3,cued,CA3,8,1.995251
41,1,CA1-CA3,cued,CA3,9,3.487053
41,1,CA1-CA3,cued,CA3,10,0.725786
41,1,CA1-CA3,cued,CA3,11,1.030582
41,1,CA1-CA3,cued,CA3,12,0.859304
41,1,CA1-CA3,cued,CA3,13,2.642317
41,1,CA1-V1,uncued,CA1,0,0.986411
41,1,CA1-V1,uncued,CA1,1,0.885505
41,1,CA1-V1,uncued,CA1,2,2.759978
41,1,CA1-V1,uncued,CA1,3,1.211761
41,1,CA1-V1,uncued,CA1,4,1.196955
41,1,CA1-V1,uncued,CA1,5,1.29905
41,1,CA1-V1,uncued,CA1,6,0.908057
41,1,CA1-V1,uncued,CA1,7,2.497805
41,1,CA1-V1,uncued,CA1,8,4.426802
41,1,CA1-V1,uncued,CA1,9,192141306.232837
41,1,CA1-V1,uncued,CA1,10,2.850277
41,1,CA1-V1,uncued,CA1,11,782137763.438001
41,1,CA1-V1,uncued,CA1,12,6.798077
41,1,CA1-V1,uncued,CA1,13,1.229087
41,1,CA1-V1,uncued,V1,0,0.056656
41,1,CA1-V1,uncued,V1,1,0.41638
41,1,CA1-V1,uncued,V1,2,0.050572
41,1,CA1-V1,uncued,V1,3,0.095463
41,1,CA1-V1,uncued,V1,4,0.084988
41,1,CA1-V1,uncued,V1,5,0.190009
41,1,CA1-V1,uncued,V1,6,0.031485
41,1,CA1-V1,uncued,V1,7,0.018056
41,1,CA1-V1,uncued,V1,8,0.107369
41,1,CA1-V1,uncued,V1,9,0.126234
41,1,CA1-V1,uncued,V1,10,0.050903
41,1,CA1-V1,uncued,V1,11,0.066276
41,1,CA1-V1,uncued,V1,12,0.030297
41,1,CA1-V1,uncued,V1,13,0.114652
41,1,CA1-V1,uncued,V1,14,0.655821
41,1,CA1-V1,uncued,V1,15,0.047716
41,1,CA1-V1,uncued,V1,16,0.296649
41,1,CA1-V1,uncued,V1,17,0.066622
41,1,CA1-V1,uncued,V1,18,0.739041
41,1,CA1-V1,uncued,V1,19,0.201458
41,1,CA1-V1,uncued,V1,20,0.076968
41,1,CA1-V1,uncued,V1,21,0.150804
41,1,CA1-V1,uncued,V1,22,0.046804
41,1,CA1-V1,uncued,V1,23,0.042582
41,1,CA1-V1,uncued,V1,24,0.080996
41,1,CA1-V1,uncued,V1,25,0.18404
41,1,CA1-V1,uncued,V1,26,0.020813
41,1,CA1-V1,uncued,V1,27,0.16637
41,1,CA1-V1,uncued,V1,28,0.041996
41,1,CA1-V1,uncued,V1,29,0.48575
41,1,CA1-V1,uncued,V1,30,0.060716
41,1,CA1-V1,uncued,V1,31,0.11361
41,1,CA1-V1,uncued,V1,32,0.14077
41,1,CA1-V1,uncued,V1,33,0.223165
41,1,CA1-V1,uncued,V1,34,0.187005
41,1,CA1-V1,uncued,V1,35,0.198525
41,1,CA1-V1,uncued,V1,36,0.022947
41,1,CA1-V1,uncued,V1,37,0.218589
41,1,CA1-V1,uncued,V1,38,0.126901
41,1,CA1-V1,uncued,V1,39,0.037315
41,1,CA1-V1,uncued,V1,40,0.042379
41,1,CA1-V1,uncued,V1,41,0.088955
41,1,CA1-V1,uncued,V1,42,0.149846
41,1,CA1-V1,uncued,V1,43,0.023655
41,1,CA1-V1,uncued,V1,44,0.078911
41,1,CA1-V1,uncued,V1,45,0.017666
41,1,CA1-V1,uncued,V1,46,0.023713
41,1,CA1-V1,uncued,V1,47,0.060911
41,1,CA1-V1,uncued,V1,48,0.037956
41,1,CA1-V1,uncued,V1,49,0.008733
41,1,CA1-V1,uncued,V1,50,0.081793
41,1,CA1-V1,uncued,V1,51,0.017146
41,1,CA1-V1,uncued,V1,52,0.015676
41,1,CA1-V1,uncued,V1,53,0.099804
41,1,CA1-V1,uncued,V1,54,0.011153
41,1,CA1-V1,uncued,V1,55,0.02648
41,1,CA1-V1,uncued,V1,56,0.037045
41,1,CA1-V1,uncued,V1,57,0.030045
41,1,CA1-V1,uncued,V1,58,0.012863
41,1,CA1-V1,uncued,V1,59,0.226765
41,1,CA1-V1,uncued,V1,60,0.165866
41,1,CA1-V1,uncued,V1,61,0.006089
41,1,CA1-V1,uncued,V1,62,0.049879
41,1,CA1-V1,uncued,V1,63,0.01917
41,1,CA1-V1,uncued,V1,64,0.067615
41,1,CA1-V1,uncued,V1,65,0.00966
41,1,CA1-V1,uncued,V1,66,0.008676
41,1,CA1-V1,uncued,V1,67,0.014334
41,1,CA1-V1,uncued,V1,68,0.009142
41,1,CA1-V1,uncued,V1,69,0.020846
41,1,CA1-V1,uncued,V1,70,0.014232
41,1,CA1-V1,uncued,V1,71,0.009527
41,1,CA1-V1,uncued,V1,72,0.037568
41,1,CA1-V1,uncued,V1,73,0.006778
41,1,CA1-V1,uncued,V1,74,0.164215
41,1,CA1-V1,uncued,V1,75,0.026164
41,1,CA1-V1,uncued,V1,76,0.018691
41,1,CA1-V1,uncued,V1,77,0.002287
41,1,CA1-V1,uncued,V1,78,0.029192
41,1,CA1-V1,uncued,V1,79,0.641077
41,1,CA1-V1,uncued,V1,80,0.024326
41,1,CA1-V1,uncued,V1,81,0.099132
41,1,CA1-V1,uncued,V1,82,0.098924
41,1,CA1-V1,uncued,V1,83,0.017173
41,1,CA1-V1,uncued,V1,84,0.075044
41,1,CA1-V1,uncued,V1,85,0.032348
41,1,CA1-V1,uncued,V1,86,0.017837
41,1,CA1-V1,uncued,V1,87,0.715335
41,1,CA1-V1,uncued,V1,88,0.008795
41,1,CA1-V1,uncued,V1,89,0.077723
41,1,CA1-V1,uncued,V1,90,0.783491
41,1,CA1-V1,uncued,V1,91,0.121785
41,1,CA1-V1,uncued,V1,92,0.07231
41,1,CA1-V1,uncued,V1,93,0.012789
41,1,CA1-V1,uncued,V1,94,0.016434
41,1,CA1-V1,uncued,V1,95,0.044033
41,1,CA1-V1,uncued,V1,96,0.654152
41,1,CA1-V1,uncued,V1,97,0.026767
41,1,CA1-V1,uncued,V1,98,0.045065
41,1,CA1-V1,uncued,V1,99,0.186869
41,1,CA1-V1,uncued,V1,100,0.315456
41,1,CA1-V1,uncued,V1,101,0.030653
41,1,CA1-V1,uncued,V1,102,0.009505
41,1,CA1-V1,uncued,V1,103,0.638565
41,1,CA1-V1,uncued,V1,104,0.727064
41,1,CA1-V1,uncued,V1,105,0.437053
41,1,CA1-V1,uncued,V1,106,0.04288
41,1,CA1-V1,uncued,V1,107,0.025595
41,1,CA1-V1,uncued,V1,108,0.038258
41,1,CA1-V1,uncued,V1,109,0.162851
41,1,CA1-V1,uncued,V1,110,0.091054
41,1,CA1-V1,uncued,V1,111,0.07616
41,1,CA1-V1,uncued,V1,112,0.048067
41,1,CA1-V1,uncued,V1,113,0.029969
41,1,CA1-V1,uncued,V1,114,0.549467
41,1,CA1-V1,uncued,V1,115,0.013341
41,1,CA1-V1,uncued,V1,116,0.008676
41,1,CA1-V1,uncued,V1,117,0.003687
41,1,CA1-V1,uncued,V1,118,0.02517
41,1,CA1-V1,uncued,V1,119,0.060684
41,1,CA1-V1,uncued,V1,120,0.144736
41,1,CA1-V1,uncued,V1,121,0.688019
41,1,CA1-V1,uncued,V1,122,0.034073
41,1,CA1-V1,uncued,V1,123,0.005649
41,1,CA1-V1,uncued,V1,124,0.006393
41,1,CA1-V1,uncued,V1,125,0.011906
41,1,CA1-V1,uncued,V1,126,0.117637
41,1,CA1-V1,uncued,V1,127,0.05155
41,1,CA1-V1,uncued,V1,128,0.001979
41,1,CA1-V1,uncued,V1,129,0.013666
41,1,CA1-V1,uncued,V1,130,0.011057
41,1,CA1-V1,uncued,V1,131,0.079057
41,1,CA1-V1,uncued,V1,132,0.097753
41,1,CA1-V1,uncued,V1,133,0.176146
41,1,CA1-V1,uncued,V1,134,0.133134
41,1,CA1-V1,uncued,V1,135,0.018361
41,1,CA1-V1,uncued,V1,136,0.240373
41,1,CA1-V1,uncued,V1,137,0.022926
41,1,CA1-V1,uncued,V1,138,0.724873
41,1,CA1-V1,uncued,V1,139,0.016753
41,1,CA1-V1,uncued,V1,140,0.036898
41,1,CA1-V1,uncued,V1,141,0.025084
41,1,CA1-V1,uncued,V1,142,0.622552
41,1,CA1-V1,uncued,V1,143,0.01125
41,1,CA1-V1,uncued,V1,144,0.080966
41,1,CA1-V1,uncued,V1,145,0.044758
41,1,CA1-V1,uncued,V1,146,0.009052
41,1,CA1-V1,uncued,V1,147,0.117588
41,1,CA1-V1,uncued,V1,148,0.64711
41,1,CA1-V1,uncued,V1,149,0.026936
41,1,CA1-V1,uncued,V1,150,0.009019
41,1,CA1-V1,uncued,V1,151,0.040921
41,1,CA1-V1,uncued,V1,152,0.009064
41,1,CA1-V1,uncued,V1,153,0.018691
41,1,CA1-V1,uncued,V1,154,0.030108
41,1,CA1-V1,cued,CA1,0,1.025338
41,1,CA1-V1,cued,CA1,1,0.826733
41,1,CA1-V1,cued,CA1,2,1.268952
41,1,CA1-V1,cued,CA1,3,1.062308
41,1,CA1-V1,cued,CA1,4,1.017394
41,1,CA1-V1,cued,CA1,5,0.998014
41,1,CA1-V1,cued,CA1,6,0.838347
41,1,CA1-V1,cued,CA1,7,1.289738
41,1,CA1-V1,cued,CA1,8,1.546932
41,1,CA1-V1,cued,CA1,9,2.637895
41,1,CA1-V1,cued,CA1,10,1.137822
41,1,CA1-V1,cued,CA1,11,0.0
41,1,CA1-V1,cued,CA1,12,1.242689
41,1,CA1-V1,cued,CA1,13,1.223972
41,1,CA1-V1,cued,V1,0,0.036026
41,1,CA1-V1,cued,V1,1,0.031643
41,1,CA1-V1,cued,V1,2,0.04475
41,1,CA1-V1,cued,V1,3,0.053478
41,1,CA1-V1,cued,V1,4,0.043528
41,1,CA1-V1,cued,V1,5,0.037065
41,1,CA1-V1,cued,V1,6,0.09065
41,1,CA1-V1,cued,V1,7,0.173777
41,1,CA1-V1,cued,V1,8,0.06502
41,1,CA1-V1,cued,V1,9,0.140712
41,1,CA1-V1,cued,V1,10,0.046852
41,1,CA1-V1,cued,V1,11,0.179636
41,1,CA1-V1,cued,V1,12,0.008915
41,1,CA1-V1,cued,V1,13,0.044284
41,1,CA1-V1,cued,V1,14,0.012227
41,1,CA1-V1,cued,V1,15,0.007977
41,1,CA1-V1,cued,V1,16,0.09166
41,1,CA1-V1,cued,V1,17,0.032577
41,1,CA1-V1,cued,V1,18,0.245935
41,1,CA1-V1,cued,V1,19,0.050539
41,1,CA1-V1,cued,V1,20,0.031434
41,1,CA1-V1,cued,V1,21,0.045435
41,1,CA1-V1,cued,V1,22,0.040537
41,1,CA1-V1,cued,V1,23,0.020189
41,1,CA1-V1,cued,V1,24,0.090335
41,1,CA1-V1,cued,V1,25,0.045169
41,1,CA1-V1,cued,V1,26,0.016398
41,1,CA1-V1,cued,V1,27,0.071057
41,1,CA1-V1,cued,V1,28,0.049696
41,1,CA1-V1,cued,V1,29,0.054771
41,1,CA1-V1,cued,V1,30,0.075612
41,1,CA1-V1,cued,V1,31,0.049699
41,1,CA1-V1,cued,V1,32,0.054303
41,1,CA1-V1,cued,V1,33,0.075136
41,1,CA1-V1,cued,V1,34,0.077543
41,1,CA1-V1,cued,V1,35,0.057778
41,1,CA1-V1,cued,V1,36,0.044361
41,1,CA1-V1,cued,V1,37,0.077198
41,1,CA1-V1,cued,V1,38,0.018709
41,1,CA1-V1,cued,V1,39,0.018557
41,1,CA1-V1,cued,V1,40,0.017399
41,1,CA1-V1,cued,V1,41,0.055891
41,1,CA1-V1,cued,V1,42,0.023836
41,1,CA1-V1,cued,V1,43,0.039101
41,1,CA1-V1,cued,V1,44,0.085984
41,1,CA1-V1,cued,V1,45,0.007195
41,1,CA1-V1,cued,V1,46,0.018542
41,1,CA1-V1,cued,V1,47,0.075486
41,1,CA1-V1,cued,V1,48,0.034713
41,1,CA1-V1,cued,V1,49,0.043479
41,1,CA1-V1,cued,V1,50,0.287464
41,1,CA1-V1,cued,V1,51,0.047792
41,1,CA1-V1,cued,V1,52,0.031729
41,1,CA1-V1,cued,V1,53,0.206457
41,1,CA1-V1,cued,V1,54,0.012577
41,1,CA1-V1,cued,V1,55,0.025165
41,1,CA1-V1,cued,V1,56,0.167235
41,1,CA1-V1,cued,V1,57,0.130601
41,1,CA1-V1,cued,V1,58,0.016284
41,1,CA1-V1,cued,V1,59,0.136053
41,1,CA1-V1,cued,V1,60,0.024386
41,1,CA1-V1,cued,V1,61,0.143131
41,1,CA1-V1,cued,V1,62,0.156397
41,1,CA1-V1,cued,V1,63,0.468775
41,1,CA1-V1,cued,V1,64,0.119824
41,1,CA1-V1,cued,V1,65,0.409819
41,1,CA1-V1,cued,V1,66,0.06234
41,1,CA1-V1,cued,V1,67,0.55109
41,1,CA1-V1,cued,V1,68,0.009466
41,1,CA1-V1,cued,V1,69,0.148952
41,1,CA1-V1,cued,V1,70,0.147406
41,1,CA1-V1,cued,V1,71,0.384056
41,1,CA1-V1,cued,V1,72,0.08122
41,1,CA1-V1,cued,V1,73,0.207933
41,1,CA1-V1,cued,V1,74,0.102464
41,1,CA1-V1,cued,V1,75,0.187877
41,1,CA1-V1,cued,V1,76,0.018289
41,1,CA1-V1,cued,V1,77,0.460455
41,1,CA1-V1,cued,V1,78,0.420802
41,1,CA1-V1,cued,V1,79,0.100466
41,1,CA1-V1,cued,V1,80,0.02164
41,1,CA1-V1,cued,V1,81,0.069111
41,1,CA1-V1,cued,V1,82,0.029773
41,1,CA1-V1,cued,V1,83,0.089759
41,1,CA1-V1,cued,V1,84,0.041724
41,1,CA1-V1,cued,V1,85,0.004769
41,1,CA1-V1,cued,V1,86,0.551998
41,1,CA1-V1,cued,V1,87,0.488383
41,1,CA1-V1,cued,V1,88,0.135622
41,1,CA1-V1,cued,V1,89,0.020603
41,1,CA1-V1,cued,V1,90,0.086336
41,1,CA1-V1,cued,V1,91,0.063155
41,1,CA1-V1,cued,V1,92,0.050829
41,1,CA1-V1,cued,V1,93,0.016608
41,1,CA1-V1,cued,V1,94,0.011508
41,1,CA1-V1,cued,V1,95,0.01292
41,1,CA1-V1,cued,V1,96,0.012784
41,1,CA1-V1,cued,V1,97,0.052409
41,1,CA1-V1,cued,V1,98,0.121228
41,1,CA1-V1,cued,V1,99,0.097861
41,1,CA1-V1,cued,V1,100,0.327729
41,1,CA1-V1,cued,V1,101,0.004609
41,1,CA1-V1,cued,V1,102,0.034005
41,1,CA1-V1,cued,V1,103,0.011602
41,1,CA1-V1,cued,V1,104,0.042295
41,1,CA1-V1,cued,V1,105,0.075866
41,1,CA1-V1,cued,V1,106,0.026943
41,1,CA1-V1,cued,V1,107,0.024031
41,1,CA1-V1,cued,V1,108,0.020678
41,1,CA1-V1,cued,V1,109,0.043689
41,1,CA1-V1,cued,V1,110,0.059976
41,1,CA1-V1,cued,V1,111,0.029416
41,1,CA1-V1,cued,V1,112,0.029417
41,1,CA1-V1,cued,V1,113,0.116029
41,1,CA1-V1,cued,V1,114,0.053152
41,1,CA1-V1,cued,V1,115,0.058743
41,1,CA1-V1,cued,V1,116,0.143396
41,1,CA1-V1,cued,V1,117,0.0308
41,1,CA1-V1,cued,V1,118,0.011744
41,1,CA1-V1,cued,V1,119,0.067877
41,1,CA1-V1,cued,V1,120,0.46464
41,1,CA1-V1,cued,V1,121,0.072856
41,1,CA1-V1,cued,V1,122,0.17194
41,1,CA1-V1,cued,V1,123,0.03446
41,1,CA1-V1,cued,V1,124,0.055119
41,1,CA1-V1,cued,V1,125,0.10066
41,1,CA1-V1,cued,V1,126,0.073983
41,1,CA1-V1,cued,V1,127,0.211772
41,1,CA1-V1,cued,V1,128,0.39689
41,1,CA1-V1,cued,V1,129,0.072691
41,1,CA1-V1,cued,V1,130,0.032617
41,1,CA1-V1,cued,V1,131,0.104632
41,1,CA1-V1,cued,V1,132,0.027911
41,1,CA1-V1,cued,V1,133,0.498909
41,1,CA1-V1,cued,V1,134,0.096802
41,1,CA1-V1,cued,V1,135,0.416533
41,1,CA1-V1,cued,V1,136,0.038064
41,1,CA1-V1,cued,V1,137,0.06547
41,1,CA1-V1,cued,V1,138,0.032803
41,1,CA1-V1,cued,V1,139,0.167114
41,1,CA1-V1,cued,V1,140,0.034643
41,1,CA1-V1,cued,V1,141,0.195093
41,1,CA1-V1,cued,V1,142,0.010485
41,1,CA1-V1,cued,V1,143,0.004345
41,1,CA1-V1,cued,V1,144,0.039237
41,1,CA1-V1,cued,V1,145,0.02897
41,1,CA1-V1,cued,V1,146,0.003212
41,1,CA1-V1,cued,V1,147,0.553683
41,1,CA1-V1,cued,V1,148,0.059897
41,1,CA1-V1,cued,V1,149,0.042635
41,1,CA1-V1,cued,V1,150,0.049314
41,1,CA1-V1,cued,V1,151,0.182856
41,1,CA1-V1,cued,V1,152,0.019199
41,1,CA1-V1,cued,V1,153,0.035337
41,1,CA1-V1,cued,V1,154,0.02634
52,1,CA1-RSC,uncued,CA1,0,0.110165
52,1,CA1-RSC,uncued,CA1,1,0.257887
52,1,CA1-RSC,uncued,CA1,2,0.043145
52,1,CA1-RSC,uncued,CA1,3,0.053788
52,1,CA1-RSC,uncued,CA1,4,0.0
52,1,CA1-RSC,uncued,CA1,5,0.002071
52,1,CA1-RSC,uncued,CA1,6,0.488394
52,1,CA1-RSC,uncued,CA1,7,0.018736
52,1,CA1-RSC,uncued,CA1,8,0.2064
52,1,CA1-RSC,uncued,CA1,9,0.008671
52,1,CA1-RSC,uncued,CA1,10,0.027258
52,1,CA1-RSC,uncued,CA1,11,0.073962
52,1,CA1-RSC,uncued,CA1,12,0.026146
52,1,CA1-RSC,uncued,CA1,13,0.038434
52,1,CA1-RSC,uncued,CA1,14,0.656506
52,1,CA1-RSC,uncued,CA1,15,0.385254
52,1,CA1-RSC,uncued,CA1,16,0.071876
52,1,CA1-RSC,uncued,CA1,17,0.005807
52,1,CA1-RSC,uncued,CA1,18,0.004759
52,1,CA1-RSC,uncued,CA1,19,0.559524
52,1,CA1-RSC,uncued,CA1,20,0.01608
52,1,CA1-RSC,uncued,CA1,21,0.50634
52,1,CA1-RSC,uncued,CA1,22,0.525962
52,1,CA1-RSC,uncued,CA1,23,0.15898
52,1,CA1-RSC,uncued,CA1,24,0.747521
52,1,CA1-RSC,uncued,CA1,25,0.00631
52,1,CA1-RSC,uncued,CA1,26,0.001146
52,1,CA1-RSC,uncued,CA1,27,0.014841
52,1,CA1-RSC,uncued,CA1,28,0.002047
52,1,CA1-RSC,uncued,CA1,29,0.018617
52,1,CA1-RSC,uncued,CA1,30,0.230212
52,1,CA1-RSC,uncued,CA1,31,0.032295
52,1,CA1-RSC,uncued,CA1,32,0.629314
52,1,CA1-RSC,uncued,CA1,33,0.085179
52,1,CA1-RSC,uncued,CA1,34,0.435678
52,1,CA1-RSC,uncued,CA1,35,0.299589
52,1,CA1-RSC,uncued,CA1,36,0.07157
52,1,CA1-RSC,uncued,CA1,37,0.193834
52,1,CA1-RSC,uncued,CA1,38,0.124434
52,1,CA1-RSC,uncued,CA1,39,0.555587
52,1,CA1-RSC,uncued,CA1,40,0.074635
52,1,CA1-RSC,uncued,CA1,41,0.096782
52,1,CA1-RSC,uncued,CA1,42,0.509041
52,1,CA1-RSC,uncued,CA1,43,0.017681
52,1,CA1-RSC,uncued,CA1,44,0.021078
52,1,CA1-RSC,uncued,CA1,45,0.032182
52,1,CA1-RSC,uncued,CA1,46,0.684231
52,1,CA1-RSC,uncued,CA1,47,0.027816
52,1,CA1-RSC,uncued,CA1,48,0.01519
52,1,CA1-RSC,uncued,CA1,49,0.014847
52,1,CA1-RSC,uncued,CA1,50,0.088951
52,1,CA1-RSC,uncued,CA1,51,0.484487
52,1,CA1-RSC,uncued,CA1,52,0.071085
52,1,CA1-RSC,uncued,CA1,53,0.010214
52,1,CA1-RSC,uncued,RSC,0,1.236245
52,1,CA1-RSC,uncued,RSC,1,1.186452
52,1,CA1-RSC,uncued,RSC,2,1.707489
52,1,CA1-RSC,uncued,RSC,3,2.265775
52,1,CA1-RSC,uncued,RSC,4,0.896155
52,1,CA1-RSC,uncued,RSC,5,3.008381
52,1,CA1-RSC,uncued,RSC,6,1.057506
52,1,CA1-RSC,cued,CA1,0,0.060546
52,1,CA1-RSC,cued,CA1,1,0.650585
52,1,CA1-RSC,cued,CA1,2,0.055482
52,1,CA1-RSC,cued,CA1,3,0.026497
52,1,CA1-RSC,cued,CA1,4,0.00264
52,1,CA1-RSC,cued,CA1,5,0.003542
52,1,CA1-RSC,cued,CA1,6,0.619906
52,1,CA1-RSC,cued,CA1,7,0.492135
52,1,CA1-RSC,cued,CA1,8,0.117837
52,1,CA1-RSC,cued,CA1,9,0.011631
52,1,CA1-RSC,cued,CA1,10,0.069878
52,1,CA1-RSC,cued,CA1,11,0.334967
52,1,CA1-RSC,cued,CA1,12,0.024987
52,1,CA1-RSC,cued,CA1,13,0.076843
52,1,CA1-RSC,cued,CA1,14,0.076335
52,1,CA1-RSC,cued,CA1,15,0.157713
52,1,CA1-RSC,cued,CA1,16,0.014153
52,1,CA1-RSC,cued,CA1,17,0.031997
52,1,CA1-RSC,cued,CA1,18,0.007478
52,1,CA1-RSC,cued,CA1,19,0.058973
52,1,CA1-RSC,cued,CA1,20,0.032566
52,1,CA1-RSC,cued,CA1,21,0.090424
52,1,CA1-RSC,cued,CA1,22,0.207262
52,1,CA1-RSC,cued,CA1,23,0.067676
52,1,CA1-RSC,cued,CA1,24,0.44355
52,1,CA1-RSC,cued,CA1,25,0.061955
52,1,CA1-RSC,cued,CA1,26,0.014849
52,1,CA1-RSC,cued,CA1,27,0.465642
52,1,CA1-RSC,cued,CA1,28,0.038433
52,1,CA1-RSC,cued,CA1,29,0.276281
52,1,CA1-RSC,cued,CA1,30,0.452771
52,1,CA1-RSC,cued,CA1,31,0.025483
52,1,CA1-RSC,cued,CA1,32,0.478749
52,1,CA1-RSC,cued,CA1,33,0.1236
52,1,CA1-RSC,cued,CA1,34,0.489834
52,1,CA1-RSC,cued,CA1,35,0.141376
52,1,CA1-RSC,cued,CA1,36,0.051221
52,1,CA1-RSC,cued,CA1,37,0.238037
52,1,CA1-RSC,cued,CA1,38,0.116732
52,1,CA1-RSC,cued,CA1,39,0.599929
52,1,CA1-RSC,cued,CA1,40,0.093327
52,1,CA1-RSC,cued,CA1,41,0.006575
52,1,CA1-RSC,cued,CA1,42,0.537678
52,1,CA1-RSC,cued,CA1,43,0.18253
52,1,CA1-RSC,cued,CA1,44,0.027144
52,1,CA1-RSC,cued,CA1,45,0.006989
52,1,CA1-RSC,cued,CA1,46,0.032615
52,1,CA1-RSC,cued,CA1,47,0.065481
52,1,CA1-RSC,cued,CA1,48,0.590238
52,1,CA1-RSC,cued,CA1,49,0.007706
52,1,CA1-RSC,cued,CA1,50,0.120529
52,1,CA1-RSC,cued,CA1,51,0.625232
52,1,CA1-RSC,cued,CA1,52,0.598653
52,1,CA1-RSC,cued,CA1,53,0.009357
52,1,CA1-RSC,cued,RSC,0,1.195727
52,1,CA1-RSC,cued,RSC,1,1.281069
52,1,CA1-RSC,cued,RSC,2,1.359244
52,1,CA1-RSC,cued,RSC,3,1.036009
52,1,CA1-RSC,cued,RSC,4,0.920717
52,1,CA1-RSC,cued,RSC,5,1.767319
52,1,CA1-RSC,cued,RSC,6,1.395575
52,1,CA1-CA3,uncued,CA1,0,0.198219
52,1,CA1-CA3,uncued,CA1,1,0.734396
52,1,CA1-CA3,uncued,CA1,2,0.053793
52,1,CA1-CA3,uncued,CA1,3,0.061443
52,1,CA1-CA3,uncued,CA1,4,0.001193
52,1,CA1-CA3,uncued,CA1,5,0.006486
52,1,CA1-CA3,uncued,CA1,6,0.743151
52,1,CA1-CA3,uncued,CA1,7,0.031711
52,1,CA1-CA3,uncued,CA1,8,0.268384
52,1,CA1-CA3,uncued,CA1,9,0.013137
52,1,CA1-CA3,uncued,CA1,10,0.049278
52,1,CA1-CA3,uncued,CA1,11,0.111709
52,1,CA1-CA3,uncued,CA1,12,0.065153
52,1,CA1-CA3,uncued,CA1,13,0.101622
52,1,CA1-CA3,uncued,CA1,14,0.737348
52,1,CA1-CA3,uncued,CA1,15,0.852854
52,1,CA1-CA3,uncued,CA1,16,0.146477
52,1,CA1-CA3,uncued,CA1,17,0.01124
52,1,CA1-CA3,uncued,CA1,18,0.014829
52,1,CA1-CA3,uncued,CA1,19,0.786914
52,1,CA1-CA3,uncued,CA1,20,0.022772
52,1,CA1-CA3,uncued,CA1,21,0.767709
52,1,CA1-CA3,uncued,CA1,22,0.829639
52,1,CA1-CA3,uncued,CA1,23,0.334374
52,1,CA1-CA3,uncued,CA1,24,0.79275
52,1,CA1-CA3,uncued,CA1,25,0.014826
52,1,CA1-CA3,uncued,CA1,26,0.003752
52,1,CA1-CA3,uncued,CA1,27,0.026296
52,1,CA1-CA3,uncued,CA1,28,0.003318
52,1,CA1-CA3,uncued,CA1,29,0.025784
52,1,CA1-CA3,uncued,CA1,30,0.31291
52,1,CA1-CA3,uncued,CA1,31,0.058969
52,1,CA1-CA3,uncued,CA1,32,0.731807
52,1,CA1-CA3,uncued,CA1,33,0.301991
52,1,CA1-CA3,uncued,CA1,34,0.842637
52,1,CA1-CA3,uncued,CA1,35,0.592056
52,1,CA1-CA3,uncued,CA1,36,0.138104
52,1,CA1-CA3,uncued,CA1,37,0.354104
52,1,CA1-CA3,uncued,CA1,38,0.166778
52,1,CA1-CA3,uncued,CA1,39,0.827455
52,1,CA1-CA3,uncued,CA1,40,0.089813
52,1,CA1-CA3,uncued,CA1,41,0.151888
52,1,CA1-CA3,uncued,CA1,42,0.734762
52,1,CA1-CA3,uncued,CA1,43,0.024785
52,1,CA1-CA3,uncued,CA1,44,0.036739
52,1,CA1-CA3,uncued,CA1,45,0.045183
52,1,CA1-CA3,uncued,CA1,46,0.840789
52,1,CA1-CA3,uncued,CA1,47,0.042009
52,1,CA1-CA3,uncued,CA1,48,0.027266
52,1,CA1-CA3,uncued,CA1,49,0.01795
52,1,CA1-CA3,uncued,CA1,50,0.103574
52,1,CA1-CA3,uncued,CA1,51,0.780531
52,1,CA1-CA3,uncued,CA1,52,0.202562
52,1,CA1-CA3,uncued,CA1,53,0.0198
52,1,CA1-CA3,uncued,CA3,0,0.041978
52,1,CA1-CA3,uncued,CA3,1,0.02143
52,1,CA1-CA3,uncued,CA3,2,0.234845
52,1,CA1-CA3,uncued,CA3,3,0.060983
52,1,CA1-CA3,uncued,CA3,4,0.061571
52,1,CA1-CA3,uncued,CA3,5,0.141063
52,1,CA1-CA3,uncued,CA3,6,0.369423
52,1,CA1-CA3,uncued,CA3,7,0.273499
52,1,CA1-CA3,uncued,CA3,8,0.016389
52,1,CA1-CA3,uncued,CA3,9,0.000342
52,1,CA1-CA3,uncued,CA3,10,0.010275
52,1,CA1-CA3,uncued,CA3,11,0.008819
52,1,CA1-CA3,uncued,CA3,12,0.016862
52,1,CA1-CA3,uncued,CA3,13,0.78676
52,1,CA1-CA3,uncued,CA3,14,0.821194
52,1,CA1-CA3,uncued,CA3,15,0.032785
52,1,CA1-CA3,uncued,CA3,16,0.040856
52,1,CA1-CA3,uncued,CA3,17,0.256441
52,1,CA1-CA3,uncued,CA3,18,0.646023
52,1,CA1-CA3,uncued,CA3,19,0.665085
52,1,CA1-CA3,uncued,CA3,20,0.045001
52,1,CA1-CA3,uncued,CA3,21,0.027912
52,1,CA1-CA3,uncued,CA3,22,0.544806
52,1,CA1-CA3,uncued,CA3,23,0.731997
52,1,CA1-CA3,uncued,CA3,24,0.767269
52,1,CA1-CA3,uncued,CA3,25,0.014957
52,1,CA1-CA3,uncued,CA3,26,0.017991
52,1,CA1-CA3,uncued,CA3,27,0.025314
52,1,CA1-CA3,uncued,CA3,28,0.076413
52,1,CA1-CA3,uncued,CA3,29,0.1028
52,1,CA1-CA3,uncued,CA3,30,0.013313
52,1,CA1-CA3,uncued,CA3,31,0.000315
52,1,CA1-CA3,uncued,CA3,32,0.201302
52,1,CA1-CA3,uncued,CA3,33,0.258417
52,1,CA1-CA3,uncued,CA3,34,0.207774
52,1,CA1-CA3,uncued,CA3,35,0.164281
52,1,CA1-CA3,uncued,CA3,36,0.508656
52,1,CA1-CA3,uncued,CA3,37,0.256488
52,1,CA1-CA3,uncued,CA3,38,0.717034
52,1,CA1-CA3,uncued,CA3,39,0.609223
52,1,CA1-CA3,uncued,CA3,40,0.058958
52,1,CA1-CA3,uncued,CA3,41,0.235877
52,1,CA1-CA3,uncued,CA3,42,0.233541
52,1,CA1-CA3,uncued,CA3,43,0.753475
52,1,CA1-CA3,uncued,CA3,44,0.162006
52,1,CA1-CA3,uncued,CA3,45,0.08319
52,1,CA1-CA3,uncued,CA3,46,0.067687
52,1,CA1-CA3,uncued,CA3,47,0.710789
52,1,CA1-CA3,uncued,CA3,48,0.794006
52,1,CA1-CA3,uncued,CA3,49,0.022322
52,1,CA1-CA3,uncued,CA3,50,0.862571
52,1,CA1-CA3,uncued,CA3,51,0.084544
52,1,CA1-CA3,uncued,CA3,52,0.802714
52,1,CA1-CA3,uncued,CA3,53,0.342898
52,1,CA1-CA3,cued,CA1,0,0.097689
52,1,CA1-CA3,cued,CA1,1,0.772943
52,1,CA1-CA3,cued,CA1,2,0.087307
52,1,CA1-CA3,cued,CA1,3,0.051074
52,1,CA1-CA3,cued,CA1,4,0.004572
52,1,CA1-CA3,cued,CA1,5,0.007614
52,1,CA1-CA3,cued,CA1,6,0.779791
52,1,CA1-CA3,cued,CA1,7,0.868575
52,1,CA1-CA3,cued,CA1,8,0.167465
52,1,CA1-CA3,cued,CA1,9,0.013917
52,1,CA1-CA3,cued,CA1,10,0.090064
52,1,CA1-CA3,cued,CA1,11,0.706784
52,1,CA1-CA3,cued,CA1,12,0.03986
52,1,CA1-CA3,cued,CA1,13,0.108914
52,1,CA1-CA3,cued,CA1,14,0.104386
52,1,CA1-CA3,cued,CA1,15,0.24137
52,1,CA1-CA3,cued,CA1,16,0.027974
52,1,CA1-CA3,cued,CA1,17,0.0334
52,1,CA1-CA3,cued,CA1,18,0.008592
52,1,CA1-CA3,cued,CA1,19,0.090033
52,1,CA1-CA3,cued,CA1,20,0.050288
52,1,CA1-CA3,cued,CA1,21,0.146733
52,1,CA1-CA3,cued,CA1,22,0.29768
52,1,CA1-CA3,cued,CA1,23,0.107624
52,1,CA1-CA3,cued,CA1,24,0.628682
52,1,CA1-CA3,cued,CA1,25,0.069144
52,1,CA1-CA3,cued,CA1,26,0.024054
52,1,CA1-CA3,cued,CA1,27,0.6463
52,1,CA1-CA3,cued,CA1,28,0.051845
52,1,CA1-CA3,cued,CA1,29,0.661447
52,1,CA1-CA3,cued,CA1,30,0.674046
52,1,CA1-CA3,cued,CA1,31,0.037646
52,1,CA1-CA3,cued,CA1,32,0.773172
52,1,CA1-CA3,cued,CA1,33,0.18362
52,1,CA1-CA3,cued,CA1,34,0.848239
52,1,CA1-CA3,cued,CA1,35,0.207503
52,1,CA1-CA3,cued,CA1,36,0.059601
52,1,CA1-CA3,cued,CA1,37,0.403596
52,1,CA1-CA3,cued,CA1,38,0.179253
52,1,CA1-CA3,cued,CA1,39,0.834886
52,1,CA1-CA3,cued,CA1,40,0.124781
52,1,CA1-CA3,cued,CA1,41,0.014196
52,1,CA1-CA3,cued,CA1,42,0.725287
52,1,CA1-CA3,cued,CA1,43,0.23587
52,1,CA1-CA3,cued,CA1,44,0.03873
52,1,CA1-CA3,cued,CA1,45,0.015336
52,1,CA1-CA3,cued,CA1,46,0.043658
52,1,CA1-CA3,cued,CA1,47,0.149096
52,1,CA1-CA3,cued,CA1,48,0.809406
52,1,CA1-CA3,cued,CA1,49,0.009522
52,1,CA1-CA3,cued,CA1,50,0.158464
52,1,CA1-CA3,cued,CA1,51,0.76288
52,1,CA1-CA3,cued,CA1,52,0.819355
52,1,CA1-CA3,cued,CA1,53,0.013329
52,1,CA1-CA3,cued,CA3,0,0.051084
52,1,CA1-CA3,cued,CA3,1,0.027632
52,1,CA1-CA3,cued,CA3,2,0.240123
52,1,CA1-CA3,cued,CA3,3,0.08019
52,1,CA1-CA3,cued,CA3,4,0.050798
52,1,CA1-CA3,cued,CA3,5,0.155675
52,1,CA1-CA3,cued,CA3,6,0.407509
52,1,CA1-CA3,cued,CA3,7,0.27058
52,1,CA1-CA3,cued,CA3,8,0.017288
52,1,CA1-CA3,cued,CA3,9,0.595855
52,1,CA1-CA3,cued,CA3,10,0.003917
52,1,CA1-CA3,cued,CA3,11,0.021402
52,1,CA1-CA3,cued,CA3,12,0.826362
52,1,CA1-CA3,cued,CA3,13,0.548691
52,1,CA1-CA3,cued,CA3,14,0.021755
52,1,CA1-CA3,cued,CA3,15,0.012641
52,1,CA1-CA3,cued,CA3,16,0.014018
52,1,CA1-CA3,cued,CA3,17,0.267052
52,1,CA1-CA3,cued,CA3,18,0.790222
52,1,CA1-CA3,cued,CA3,19,0.026966
52,1,CA1-CA3,cued,CA3,20,0.814516
52,1,CA1-CA3,cued,CA3,21,0.742468
52,1,CA1-CA3,cued,CA3,22,0.428038
52,1,CA1-CA3,cued,CA3,23,0.703821
52,1,CA1-CA3,cued,CA3,24,0.010675
52,1,CA1-CA3,cued,CA3,25,0.167539
52,1,CA1-CA3,cued,CA3,26,0.000315
52,1,CA1-CA3,cued,CA3,27,0.000547
52,1,CA1-CA3,cued,CA3,28,0.068311
52,1,CA1-CA3,cued,CA3,29,0.874174
52,1,CA1-CA3,cued,CA3,30,0.016597
52,1,CA1-CA3,cued,CA3,31,0.000329
52,1,CA1-CA3,cued,CA3,32,0.233957
52,1,CA1-CA3,cued,CA3,33,0.32093
52,1,CA1-CA3,cued,CA3,34,0.222877
52,1,CA1-CA3,cued,CA3,35,0.343994
52,1,CA1-CA3,cued,CA3,36,0.609788
52,1,CA1-CA3,cued,CA3,37,0.194487
52,1,CA1-CA3,cued,CA3,38,0.806714
52,1,CA1-CA3,cued,CA3,39,0.553157
52,1,CA1-CA3,cued,CA3,40,0.123315
52,1,CA1-CA3,cued,CA3,41,0.286115
52,1,CA1-CA3,cued,CA3,42,0.222606
52,1,CA1-CA3,cued,CA3,43,0.790195
52,1,CA1-CA3,cued,CA3,44,0.209236
52,1,CA1-CA3,cued,CA3,45,0.064347
52,1,CA1-CA3,cued,CA3,46,0.213083
52,1,CA1-CA3,cued,CA3,47,0.149941
52,1,CA1-CA3,cued,CA3,48,0.829574
52,1,CA1-CA3,cued,CA3,49,0.035563
52,1,CA1-CA3,cued,CA3,50,0.806818
52,1,CA1-CA3,cued,CA3,51,0.016618
52,1,CA1-CA3,cued,CA3,52,0.759906
52,1,CA1-CA3,cued,CA3,53,0.262309
52,1,CA1-DG,uncued,CA1,0,0.186658
52,1,CA1-DG,uncued,CA1,1,0.73712
52,1,CA1-DG,uncued,CA1,2,0.054708
52,1,CA1-DG,uncued,CA1,3,0.063271
52,1,CA1-DG,uncued,CA1,4,0.0
52,1,CA1-DG,uncued,CA1,5,0.002954
52,1,CA1-DG,uncued,CA1,6,0.743049
52,1,CA1-DG,uncued,CA1,7,0.030707
52,1,CA1-DG,uncued,CA1,8,0.287822
52,1,CA1-DG,uncued,CA1,9,0.013494
52,1,CA1-DG,uncued,CA1,10,0.049667
52,1,CA1-DG,uncued,CA1,11,0.108723
52,1,CA1-DG,uncued,CA1,12,0.062527
52,1,CA1-DG,uncued,CA1,13,0.100601
52,1,CA1-DG,uncued,CA1,14,0.739621
52,1,CA1-DG,uncued,CA1,15,0.851332
52,1,CA1-DG,uncued,CA1,16,0.154877
52,1,CA1-DG,uncued,CA1,17,0.011713
52,1,CA1-DG,uncued,CA1,18,0.014679
52,1,CA1-DG,uncued,CA1,19,0.788786
52,1,CA1-DG,uncued,CA1,20,0.023001
52,1,CA1-DG,uncued,CA1,21,0.769811
52,1,CA1-DG,uncued,CA1,22,0.830819
52,1,CA1-DG,uncued,CA1,23,0.33247
52,1,CA1-DG,uncued,CA1,24,0.793285
52,1,CA1-DG,uncued,CA1,25,0.014577
52,1,CA1-DG,uncued,CA1,26,0.002988
52,1,CA1-DG,uncued,CA1,27,0.025563
52,1,CA1-DG,uncued,CA1,28,0.003502
52,1,CA1-DG,uncued,CA1,29,0.025795
52,1,CA1-DG,uncued,CA1,30,0.328797
52,1,CA1-DG,uncued,CA1,31,0.057637
52,1,CA1-DG,uncued,CA1,32,0.732549
52,1,CA1-DG,uncued,CA1,33,0.297648
52,1,CA1-DG,uncued,CA1,34,0.841697
52,1,CA1-DG,uncued,CA1,35,0.589331
52,1,CA1-DG,uncued,CA1,36,0.125252
52,1,CA1-DG,uncued,CA1,37,0.357773
52,1,CA1-DG,uncued,CA1,38,0.168698
52,1,CA1-DG,uncued,CA1,39,0.827535
52,1,CA1-DG,uncued,CA1,40,0.091581
52,1,CA1-DG,uncued,CA1,41,0.163456
52,1,CA1-DG,uncued,CA1,42,0.736279
52,1,CA1-DG,uncued,CA1,43,0.023783
52,1,CA1-DG,uncued,CA1,44,0.039779
52,1,CA1-DG,uncued,CA1,45,0.047019
52,1,CA1-DG,uncued,CA1,46,0.839654
52,1,CA1-DG,uncued,CA1,47,0.042136
52,1,CA1-DG,uncued,CA1,48,0.027661
52,1,CA1-DG,uncued,CA1,49,0.016249
52,1,CA1-DG,uncued,CA1,50,0.109688
52,1,CA1-DG,uncued,CA1,51,0.782096
52,1,CA1-DG,uncued,CA1,52,0.198715
52,1,CA1-DG,uncued,CA1,53,0.019213
52,1,CA1-DG,uncued,DG,0,0.067082
52,1,CA1-DG,uncued,DG,1,0.766876
52,1,CA1-DG,uncued,DG,2,0.633695
52,1,CA1-DG,uncued,DG,3,0.035347
52,1,CA1-DG,uncued,DG,4,0.771262
52,1,CA1-DG,uncued,DG,5,0.407676
52,1,CA1-DG,uncued,DG,6,0.593114
52,1,CA1-DG,uncued,DG,7,0.079334
52,1,CA1-DG,uncued,DG,8,0.718266
52,1,CA1-DG,uncued,DG,9,0.327331
52,1,CA1-DG,uncued,DG,10,0.369263
52,1,CA1-DG,uncued,DG,11,0.137067
52,1,CA1-DG,uncued,DG,12,0.442852
52,1,CA1-DG,uncued,DG,13,0.014683
52,1,CA1-DG,uncued,DG,14,0.837833
52,1,CA1-DG,uncued,DG,15,0.4849
52,1,CA1-DG,uncued,DG,16,0.784108
52,1,CA1-DG,uncued,DG,17,0.035804
52,1,CA1-DG,uncued,DG,18,0.409459
52,1,CA1-DG,uncued,DG,19,0.240338
52,1,CA1-DG,uncued,DG,20,0.219003
52,1,CA1-DG,uncued,DG,21,0.757866
52,1,CA1-DG,uncued,DG,22,0.268209
52,1,CA1-DG,uncued,DG,23,0.908087
52,1,CA1-DG,uncued,DG,24,0.891333
52,1,CA1-DG,uncued,DG,25,0.843762
52,1,CA1-DG,uncued,DG,26,0.837185
52,1,CA1-DG,uncued,DG,27,0.867575
52,1,CA1-DG,uncued,DG,28,0.804979
52,1,CA1-DG,uncued,DG,29,0.030663
52,1,CA1-DG,uncued,DG,30,0.820666
52,1,CA1-DG,uncued,DG,31,0.096107
52,1,CA1-DG,uncued,DG,32,0.035849
52,1,CA1-DG,cued,CA1,0,0.085201
52,1,CA1-DG,cued,CA1,1,0.774285
52,1,CA1-DG,cued,CA1,2,0.084298
52,1,CA1-DG,cued,CA1,3,0.052037
52,1,CA1-DG,cued,CA1,4,0.003212
52,1,CA1-DG,cued,CA1,5,0.00685
52,1,CA1-DG,cued,CA1,6,0.781913
52,1,CA1-DG,cued,CA1,7,0.869798
52,1,CA1-DG,cued,CA1,8,0.169762
52,1,CA1-DG,cued,CA1,9,0.014514
52,1,CA1-DG,cued,CA1,10,0.104706
52,1,CA1-DG,cued,CA1,11,0.709016
52,1,CA1-DG,cued,CA1,12,0.039353
52,1,CA1-DG,cued,CA1,13,0.100616
52,1,CA1-DG,cued,CA1,14,0.120441
52,1,CA1-DG,cued,CA1,15,0.245673
52,1,CA1-DG,cued,CA1,16,0.027481
52,1,CA1-DG,cued,CA1,17,0.03749
52,1,CA1-DG,cued,CA1,18,0.008214
52,1,CA1-DG,cued,CA1,19,0.083651
52,1,CA1-DG,cued,CA1,20,0.05246
52,1,CA1-DG,cued,CA1,21,0.15138
52,1,CA1-DG,cued,CA1,22,0.302658
52,1,CA1-DG,cued,CA1,23,0.115576
52,1,CA1-DG,cued,CA1,24,0.628941
52,1,CA1-DG,cued,CA1,25,0.070261
52,1,CA1-DG,cued,CA1,26,0.023339
52,1,CA1-DG,cued,CA1,27,0.646415
52,1,CA1-DG,cued,CA1,28,0.051342
52,1,CA1-DG,cued,CA1,29,0.662512
52,1,CA1-DG,cued,CA1,30,0.673663
52,1,CA1-DG,cued,CA1,31,0.039502
52,1,CA1-DG,cued,CA1,32,0.774079
52,1,CA1-DG,cued,CA1,33,0.228692
52,1,CA1-DG,cued,CA1,34,0.828415
52,1,CA1-DG,cued,CA1,35,0.200331
52,1,CA1-DG,cued,CA1,36,0.060639
52,1,CA1-DG,cued,CA1,37,0.399926
52,1,CA1-DG,cued,CA1,38,0.165615
52,1,CA1-DG,cued,CA1,39,0.838305
52,1,CA1-DG,cued,CA1,40,0.123158
52,1,CA1-DG,cued,CA1,41,0.011474
52,1,CA1-DG,cued,CA1,42,0.731083
52,1,CA1-DG,cued,CA1,43,0.232972
52,1,CA1-DG,cued,CA1,44,0.038545
52,1,CA1-DG,cued,CA1,45,0.017186
52,1,CA1-DG,cued,CA1,46,0.04568
52,1,CA1-DG,cued,CA1,47,0.142653
52,1,CA1-DG,cued,CA1,48,0.807423
52,1,CA1-DG,cued,CA1,49,0.009254
52,1,CA1-DG,cued,CA1,50,0.159402
52,1,CA1-DG,cued,CA1,51,0.763493
52,1,CA1-DG,cued,CA1,52,0.826283
52,1,CA1-DG,cued,CA1,53,0.014012
52,1,CA1-DG,cued,DG,0,0.05035
52,1,CA1-DG,cued,DG,1,0.802076
52,1,CA1-DG,cued,DG,2,0.029379
52,1,CA1-DG,cued,DG,3,0.86462
52,1,CA1-DG,cued,DG,4,0.826846
52,1,CA1-DG,cued,DG,5,0.390742
52,1,CA1-DG,cued,DG,6,0.794418
52,1,CA1-DG,cued,DG,7,0.788098
52,1,CA1-DG,cued,DG,8,0.674203
52,1,CA1-DG,cued,DG,9,0.121165
52,1,CA1-DG,cued,DG,10,0.338003
52,1,CA1-DG,cued,DG,11,0.175064
52,1,CA1-DG,cued,DG,12,0.389941
52,1,CA1-DG,cued,DG,13,0.026676
52,1,CA1-DG,cued,DG,14,0.885515
52,1,CA1-DG,cued,DG,15,0.162202
52,1,CA1-DG,cued,DG,16,0.241676
52,1,CA1-DG,cued,DG,17,0.024564
52,1,CA1-DG,cued,DG,18,0.147613
52,1,CA1-DG,cued,DG,19,0.53472
52,1,CA1-DG,cued,DG,20,0.11108
52,1,CA1-DG,cued,DG,21,0.724335
52,1,CA1-DG,cued,DG,22,0.885478
52,1,CA1-DG,cued,DG,23,0.865841
52,1,CA1-DG,cued,DG,24,0.838095
52,1,CA1-DG,cued,DG,25,0.809648
52,1,CA1-DG,cued,DG,26,0.788819
52,1,CA1-DG,cued,DG,27,0.780602
52,1,CA1-DG,cued,DG,28,0.141135
52,1,CA1-DG,cued,DG,29,0.045452
52,1,CA1-DG,cued,DG,30,0.22774
52,1,CA1-DG,cued,DG,31,0.654636
52,1,CA1-DG,cued,DG,32,0.072505
52,1,CA1-V1,uncued,CA1,0,0.185092
52,1,CA1-V1,uncued,CA1,1,0.735684
52,1,CA1-V1,uncued,CA1,2,0.054427
52,1,CA1-V1,uncued,CA1,3,0.063773
52,1,CA1-V1,uncued,CA1,4,0.0
52,1,CA1-V1,uncued,CA1,5,0.002893
52,1,CA1-V1,uncued,CA1,6,0.742368
52,1,CA1-V1,uncued,CA1,7,0.0313
52,1,CA1-V1,uncued,CA1,8,0.288902
52,1,CA1-V1,uncued,CA1,9,0.012847
52,1,CA1-V1,uncued,CA1,10,0.047278
52,1,CA1-V1,uncued,CA1,11,0.110511
52,1,CA1-V1,uncued,CA1,12,0.063333
52,1,CA1-V1,uncued,CA1,13,0.103619
52,1,CA1-V1,uncued,CA1,14,0.738916
52,1,CA1-V1,uncued,CA1,15,0.853408
52,1,CA1-V1,uncued,CA1,16,0.159067
52,1,CA1-V1,uncued,CA1,17,0.011478
52,1,CA1-V1,uncued,CA1,18,0.015861
52,1,CA1-V1,uncued,CA1,19,0.786958
52,1,CA1-V1,uncued,CA1,20,0.024089
52,1,CA1-V1,uncued,CA1,21,0.76593
52,1,CA1-V1,uncued,CA1,22,0.829255
52,1,CA1-V1,uncued,CA1,23,0.331646
52,1,CA1-V1,uncued,CA1,24,0.768646
52,1,CA1-V1,uncued,CA1,25,0.014678
52,1,CA1-V1,uncued,CA1,26,0.002835
52,1,CA1-V1,uncued,CA1,27,0.025942
52,1,CA1-V1,uncued,CA1,28,0.003452
52,1,CA1-V1,uncued,CA1,29,0.024465
52,1,CA1-V1,uncued,CA1,30,0.328268
52,1,CA1-V1,uncued,CA1,31,0.058058
52,1,CA1-V1,uncued,CA1,32,0.730483
52,1,CA1-V1,uncued,CA1,33,0.270251
52,1,CA1-V1,uncued,CA1,34,0.842909
52,1,CA1-V1,uncued,CA1,35,0.589682
52,1,CA1-V1,uncued,CA1,36,0.126347
52,1,CA1-V1,uncued,CA1,37,0.370526
52,1,CA1-V1,uncued,CA1,38,0.170073
52,1,CA1-V1,uncued,CA1,39,0.825648
52,1,CA1-V1,uncued,CA1,40,0.090291
52,1,CA1-V1,uncued,CA1,41,0.166491
52,1,CA1-V1,uncued,CA1,42,0.735235
52,1,CA1-V1,uncued,CA1,43,0.02303
52,1,CA1-V1,uncued,CA1,44,0.038813
52,1,CA1-V1,uncued,CA1,45,0.046303
52,1,CA1-V1,uncued,CA1,46,0.839548
52,1,CA1-V1,uncued,CA1,47,0.039759
52,1,CA1-V1,uncued,CA1,48,0.025831
52,1,CA1-V1,uncued,CA1,49,0.017632
52,1,CA1-V1,uncued,CA1,50,0.100966
52,1,CA1-V1,uncued,CA1,51,0.780637
52,1,CA1-V1,uncued,CA1,52,0.202614
52,1,CA1-V1,uncued,CA1,53,0.018939
52,1,CA1-V1,uncued,V1,0,0.011761
52,1,CA1-V1,uncued,V1,1,0.697401
52,1,CA1-V1,uncued,V1,2,0.408562
52,1,CA1-V1,uncued,V1,3,0.50883
52,1,CA1-V1,uncued,V1,4,0.086245
52,1,CA1-V1,uncued,V1,5,0.312526
52,1,CA1-V1,uncued,V1,6,0.404588
52,1,CA1-V1,uncued,V1,7,0.056135
52,1,CA1-V1,uncued,V1,8,0.026653
52,1,CA1-V1,uncued,V1,9,0.160441
52,1,CA1-V1,uncued,V1,10,0.180692
52,1,CA1-V1,uncued,V1,11,0.339721
52,1,CA1-V1,uncued,V1,12,0.208272
52,1,CA1-V1,uncued,V1,13,0.256433
52,1,CA1-V1,uncued,V1,14,0.041737
52,1,CA1-V1,uncued,V1,15,0.088423
52,1,CA1-V1,uncued,V1,16,0.057961
52,1,CA1-V1,uncued,V1,17,0.160476
52,1,CA1-V1,uncued,V1,18,0.096264
52,1,CA1-V1,uncued,V1,19,0.069157
52,1,CA1-V1,uncued,V1,20,0.078503
52,1,CA1-V1,uncued,V1,21,0.07388
52,1,CA1-V1,uncued,V1,22,0.05318
52,1,CA1-V1,uncued,V1,23,0.019509
52,1,CA1-V1,uncued,V1,24,0.062128
52,1,CA1-V1,uncued,V1,25,0.062858
52,1,CA1-V1,uncued,V1,26,0.237064
52,1,CA1-V1,uncued,V1,27,0.215272
52,1,CA1-V1,uncued,V1,28,0.183747
52,1,CA1-V1,uncued,V1,29,0.014049
52,1,CA1-V1,uncued,V1,30,0.013471
52,1,CA1-V1,uncued,V1,31,0.106037
52,1,CA1-V1,uncued,V1,32,0.23069
52,1,CA1-V1,uncued,V1,33,0.072046
52,1,CA1-V1,uncued,V1,34,0.020515
52,1,CA1-V1,uncued,V1,35,0.015317
52,1,CA1-V1,uncued,V1,36,0.028129
52,1,CA1-V1,uncued,V1,37,0.338928
52,1,CA1-V1,uncued,V1,38,0.032077
52,1,CA1-V1,uncued,V1,39,0.006937
52,1,CA1-V1,uncued,V1,40,0.523681
52,1,CA1-V1,uncued,V1,41,0.077088
52,1,CA1-V1,uncued,V1,42,0.027612
52,1,CA1-V1,uncued,V1,43,0.010203
52,1,CA1-V1,uncued,V1,44,0.01747
52,1,CA1-V1,uncued,V1,45,0.785549
52,1,CA1-V1,uncued,V1,46,0.177772
52,1,CA1-V1,uncued,V1,47,0.096695
52,1,CA1-V1,uncued,V1,48,0.039768
52,1,CA1-V1,uncued,V1,49,0.702045
52,1,CA1-V1,uncued,V1,50,0.02578
52,1,CA1-V1,uncued,V1,51,0.085919
52,1,CA1-V1,uncued,V1,52,0.511914
52,1,CA1-V1,uncued,V1,53,0.037653
52,1,CA1-V1,uncued,V1,54,0.017059
52,1,CA1-V1,uncued,V1,55,0.009494
52,1,CA1-V1,uncued,V1,56,0.01422
52,1,CA1-V1,uncued,V1,57,0.83586
52,1,CA1-V1,uncued,V1,58,0.025434
52,1,CA1-V1,uncued,V1,59,0.120851
52,1,CA1-V1,uncued,V1,60,0.089411
52,1,CA1-V1,uncued,V1,61,0.028805
52,1,CA1-V1,uncued,V1,62,0.192618
52,1,CA1-V1,uncued,V1,63,0.045433
52,1,CA1-V1,uncued,V1,64,0.022384
52,1,CA1-V1,uncued,V1,65,0.029554
52,1,CA1-V1,uncued,V1,66,0.017792
52,1,CA1-V1,uncued,V1,67,0.013745
52,1,CA1-V1,uncued,V1,68,0.445673
52,1,CA1-V1,uncued,V1,69,0.021771
52,1,CA1-V1,uncued,V1,70,0.039214
52,1,CA1-V1,uncued,V1,71,0.014644
52,1,CA1-V1,uncued,V1,72,0.780121
52,1,CA1-V1,uncued,V1,73,0.045921
52,1,CA1-V1,uncued,V1,74,0.048384
52,1,CA1-V1,uncued,V1,75,0.108205
52,1,CA1-V1,uncued,V1,76,0.237078
52,1,CA1-V1,uncued,V1,77,0.15236
52,1,CA1-V1,uncued,V1,78,0.122148
52,1,CA1-V1,uncued,V1,79,0.19345
52,1,CA1-V1,uncued,V1,80,0.071226
52,1,CA1-V1,uncued,V1,81,0.116905
52,1,CA1-V1,uncued,V1,82,0.134411
52,1,CA1-V1,uncued,V1,83,0.137884
52,1,CA1-V1,uncued,V1,84,0.061262
52,1,CA1-V1,uncued,V1,85,0.764035
52,1,CA1-V1,uncued,V1,86,0.368131
52,1,CA1-V1,uncued,V1,87,0.525565
52,1,CA1-V1,uncued,V1,88,0.150394
52,1,CA1-V1,uncued,V1,89,0.194975
52,1,CA1-V1,uncued,V1,90,0.0295
52,1,CA1-V1,uncued,V1,91,0.411109
52,1,CA1-V1,uncued,V1,92,0.055106
52,1,CA1-V1,uncued,V1,93,0.016818
52,1,CA1-V1,uncued,V1,94,0.718792
52,1,CA1-V1,uncued,V1,95,0.075016
52,1,CA1-V1,uncued,V1,96,0.063736
52,1,CA1-V1,uncued,V1,97,0.106675
52,1,CA1-V1,uncued,V1,98,0.020592
52,1,CA1-V1,uncued,V1,99,0.744244
52,1,CA1-V1,uncued,V1,100,0.058324
52,1,CA1-V1,uncued,V1,101,0.70629
52,1,CA1-V1,uncued,V1,102,0.003657
52,1,CA1-V1,cued,CA1,0,0.087371
52,1,CA1-V1,cued,CA1,1,0.770793
52,1,CA1-V1,cued,CA1,2,0.084286
52,1,CA1-V1,cued,CA1,3,0.050864
52,1,CA1-V1,cued,CA1,4,0.003394
52,1,CA1-V1,cued,CA1,5,0.00706
52,1,CA1-V1,cued,CA1,6,0.779577
52,1,CA1-V1,cued,CA1,7,0.864252
52,1,CA1-V1,cued,CA1,8,0.168188
52,1,CA1-V1,cued,CA1,9,0.014907
52,1,CA1-V1,cued,CA1,10,0.090812
52,1,CA1-V1,cued,CA1,11,0.707088
52,1,CA1-V1,cued,CA1,12,0.037895
52,1,CA1-V1,cued,CA1,13,0.102854
52,1,CA1-V1,cued,CA1,14,0.113521
52,1,CA1-V1,cued,CA1,15,0.242631
52,1,CA1-V1,cued,CA1,16,0.027512
52,1,CA1-V1,cued,CA1,17,0.035647
52,1,CA1-V1,cued,CA1,18,0.008769
52,1,CA1-V1,cued,CA1,19,0.081778
52,1,CA1-V1,cued,CA1,20,0.051818
52,1,CA1-V1,cued,CA1,21,0.159227
52,1,CA1-V1,cued,CA1,22,0.293914
52,1,CA1-V1,cued,CA1,23,0.102083
52,1,CA1-V1,cued,CA1,24,0.627127
52,1,CA1-V1,cued,CA1,25,0.070625
52,1,CA1-V1,cued,CA1,26,0.024134
52,1,CA1-V1,cued,CA1,27,0.644565
52,1,CA1-V1,cued,CA1,28,0.051381
52,1,CA1-V1,cued,CA1,29,0.659285
52,1,CA1-V1,cued,CA1,30,0.675369
52,1,CA1-V1,cued,CA1,31,0.038608
52,1,CA1-V1,cued,CA1,32,0.770323
52,1,CA1-V1,cued,CA1,33,0.178124
52,1,CA1-V1,cued,CA1,34,0.852553
52,1,CA1-V1,cued,CA1,35,0.198993
52,1,CA1-V1,cued,CA1,36,0.058119
52,1,CA1-V1,cued,CA1,37,0.3977
52,1,CA1-V1,cued,CA1,38,0.179377
52,1,CA1-V1,cued,CA1,39,0.835037
52,1,CA1-V1,cued,CA1,40,0.118229
52,1,CA1-V1,cued,CA1,41,0.011647
52,1,CA1-V1,cued,CA1,42,0.728613
52,1,CA1-V1,cued,CA1,43,0.236513
52,1,CA1-V1,cued,CA1,44,0.040755
52,1,CA1-V1,cued,CA1,45,0.017324
52,1,CA1-V1,cued,CA1,46,0.04433
52,1,CA1-V1,cued,CA1,47,0.135031
52,1,CA1-V1,cued,CA1,48,0.806769
52,1,CA1-V1,cued,CA1,49,0.009067
52,1,CA1-V1,cued,CA1,50,0.161786
52,1,CA1-V1,cued,CA1,51,0.759132
52,1,CA1-V1,cued,CA1,52,0.824074
52,1,CA1-V1,cued,CA1,53,0.01392
52,1,CA1-V1,cued,V1,0,0.013003
52,1,CA1-V1,cued,V1,1,0.186425
52,1,CA1-V1,cued,V1,2,0.222778
52,1,CA1-V1,cued,V1,3,0.502854
52,1,CA1-V1,cued,V1,4,0.140185
52,1,CA1-V1,cued,V1,5,0.187089
52,1,CA1-V1,cued,V1,6,0.140571
52,1,CA1-V1,cued,V1,7,0.121257
52,1,CA1-V1,cued,V1,8,0.040545
52,1,CA1-V1,cued,V1,9,0.040148
52,1,CA1-V1,cued,V1,10,0.087136
52,1,CA1-V1,cued,V1,11,0.154893
52,1,CA1-V1,cued,V1,12,0.129189
52,1,CA1-V1,cued,V1,13,0.126505
52,1,CA1-V1,cued,V1,14,0.020208
52,1,CA1-V1,cued,V1,15,0.081677
52,1,CA1-V1,cued,V1,16,0.196118
52,1,CA1-V1,cued,V1,17,0.078203
52,1,CA1-V1,cued,V1,18,0.055373
52,1,CA1-V1,cued,V1,19,0.227094
52,1,CA1-V1,cued,V1,20,0.133005
52,1,CA1-V1,cued,V1,21,0.183322
52,1,CA1-V1,cued,V1,22,0.199445
52,1,CA1-V1,cued,V1,23,0.046925
52,1,CA1-V1,cued,V1,24,0.07923
52,1,CA1-V1,cued,V1,25,0.085172
52,1,CA1-V1,cued,V1,26,0.18252
52,1,CA1-V1,cued,V1,27,0.160158
52,1,CA1-V1,cued,V1,28,0.357886
52,1,CA1-V1,cued,V1,29,0.15374
52,1,CA1-V1,cued,V1,30,0.214372
52,1,CA1-V1,cued,V1,31,0.106855
52,1,CA1-V1,cued,V1,32,0.512575
52,1,CA1-V1,cued,V1,33,0.120712
52,1,CA1-V1,cued,V1,34,0.350036
52,1,CA1-V1,cued,V1,35,0.087512
52,1,CA1-V1,cued,V1,36,0.087605
52,1,CA1-V1,cued,V1,37,0.47001
52,1,CA1-V1,cued,V1,38,0.218141
52,1,CA1-V1,cued,V1,39,0.572154
52,1,CA1-V1,cued,V1,40,0.697371
52,1,CA1-V1,cued,V1,41,0.209411
52,1,CA1-V1,cued,V1,42,0.181694
52,1,CA1-V1,cued,V1,43,0.311274
52,1,CA1-V1,cued,V1,44,0.133378
52,1,CA1-V1,cued,V1,45,0.113917
52,1,CA1-V1,cued,V1,46,0.663266
52,1,CA1-V1,cued,V1,47,0.088758
52,1,CA1-V1,cued,V1,48,0.0632
52,1,CA1-V1,cued,V1,49,0.124124
52,1,CA1-V1,cued,V1,50,0.099877
52,1,CA1-V1,cued,V1,51,0.175908
52,1,CA1-V1,cued,V1,52,0.009258
52,1,CA1-V1,cued,V1,53,0.065759
52,1,CA1-V1,cued,V1,54,0.121573
52,1,CA1-V1,cued,V1,55,0.648962
52,1,CA1-V1,cued,V1,56,0.6936
52,1,CA1-V1,cued,V1,57,0.030323
52,1,CA1-V1,cued,V1,58,0.102243
52,1,CA1-V1,cued,V1,59,0.088799
52,1,CA1-V1,cued,V1,60,0.216483
52,1,CA1-V1,cued,V1,61,0.305242
52,1,CA1-V1,cued,V1,62,0.190897
52,1,CA1-V1,cued,V1,63,0.070707
52,1,CA1-V1,cued,V1,64,0.182971
52,1,CA1-V1,cued,V1,65,0.071601
52,1,CA1-V1,cued,V1,66,0.213853
52,1,CA1-V1,cued,V1,67,0.036299
52,1,CA1-V1,cued,V1,68,0.079881
52,1,CA1-V1,cued,V1,69,0.031122
52,1,CA1-V1,cued,V1,70,0.061033
52,1,CA1-V1,cued,V1,71,0.133087
52,1,CA1-V1,cued,V1,72,0.641602
52,1,CA1-V1,cued,V1,73,0.102186
52,1,CA1-V1,cued,V1,74,0.62905
52,1,CA1-V1,cued,V1,75,0.086944
52,1,CA1-V1,cued,V1,76,0.174293
52,1,CA1-V1,cued,V1,77,0.184421
52,1,CA1-V1,cued,V1,78,0.123392
52,1,CA1-V1,cued,V1,79,0.25193
52,1,CA1-V1,cued,V1,80,0.127722
52,1,CA1-V1,cued,V1,81,0.10135
52,1,CA1-V1,cued,V1,82,0.10283
52,1,CA1-V1,cued,V1,83,0.095445
52,1,CA1-V1,cued,V1,84,0.083556
52,1,CA1-V1,cued,V1,85,0.12741
52,1,CA1-V1,cued,V1,86,0.32417
52,1,CA1-V1,cued,V1,87,0.310852
52,1,CA1-V1,cued,V1,88,0.133446
52,1,CA1-V1,cued,V1,89,0.142872
52,1,CA1-V1,cued,V1,90,0.035847
52,1,CA1-V1,cued,V1,91,0.254342
52,1,CA1-V1,cued,V1,92,0.190837
52,1,CA1-V1,cued,V1,93,0.074971
52,1,CA1-V1,cued,V1,94,0.225173
52,1,CA1-V1,cued,V1,95,0.053959
52,1,CA1-V1,cued,V1,96,0.059741
52,1,CA1-V1,cued,V1,97,0.2478
52,1,CA1-V1,cued,V1,98,0.03309
52,1,CA1-V1,cued,V1,99,0.053939
52,1,CA1-V1,cued,V1,100,0.094089
52,1,CA1-V1,cued,V1,101,0.583752
52,1,CA1-V1,cued,V1,102,0.640999
52,1,CA3-DG,uncued,CA3,0,0.04898
52,1,CA3-DG,uncued,CA3,1,0.023512
52,1,CA3-DG,uncued,CA3,2,0.23664
52,1,CA3-DG,uncued,CA3,3,0.067192
52,1,CA3-DG,uncued,CA3,4,0.057931
52,1,CA3-DG,uncued,CA3,5,0.150247
52,1,CA3-DG,uncued,CA3,6,0.321037
52,1,CA3-DG,uncued,CA3,7,0.255092
52,1,CA3-DG,uncued,CA3,8,0.018818
52,1,CA3-DG,uncued,CA3,9,0.0
52,1,CA3-DG,uncued,CA3,10,0.00998
52,1,CA3-DG,uncued,CA3,11,0.00834
52,1,CA3-DG,uncued,CA3,12,0.014693
52,1,CA3-DG,uncued,CA3,13,0.788665
52,1,CA3-DG,uncued,CA3,14,0.801229
52,1,CA3-DG,uncued,CA3,15,0.033862
52,1,CA3-DG,uncued,CA3,16,0.04441
52,1,CA3-DG,uncued,CA3,17,0.299223
52,1,CA3-DG,uncued,CA3,18,0.644164
52,1,CA3-DG,uncued,CA3,19,0.664498
52,1,CA3-DG,uncued,CA3,20,0.035801
52,1,CA3-DG,uncued,CA3,21,0.028299
52,1,CA3-DG,uncued,CA3,22,0.546403
52,1,CA3-DG,uncued,CA3,23,0.732071
52,1,CA3-DG,uncued,CA3,24,0.768887
52,1,CA3-DG,uncued,CA3,25,0.015379
52,1,CA3-DG,uncued,CA3,26,0.01739
52,1,CA3-DG,uncued,CA3,27,0.02549
52,1,CA3-DG,uncued,CA3,28,0.075626
52,1,CA3-DG,uncued,CA3,29,0.105793
52,1,CA3-DG,uncued,CA3,30,0.011923
52,1,CA3-DG,uncued,CA3,31,0.0
52,1,CA3-DG,uncued,CA3,32,0.223171
52,1,CA3-DG,uncued,CA3,33,0.269145
52,1,CA3-DG,uncued,CA3,34,0.209214
52,1,CA3-DG,uncued,CA3,35,0.167883
52,1,CA3-DG,uncued,CA3,36,0.468741
52,1,CA3-DG,uncued,CA3,37,0.312736
52,1,CA3-DG,uncued,CA3,38,0.71001
52,1,CA3-DG,uncued,CA3,39,0.551853
52,1,CA3-DG,uncued,CA3,40,0.066374
52,1,CA3-DG,uncued,CA3,41,0.239089
52,1,CA3-DG,uncued,CA3,42,0.219112
52,1,CA3-DG,uncued,CA3,43,0.757156
52,1,CA3-DG,uncued,CA3,44,0.150067
52,1,CA3-DG,uncued,CA3,45,0.085878
52,1,CA3-DG,uncued,CA3,46,0.06673
52,1,CA3-DG,uncued,CA3,47,0.708591
52,1,CA3-DG,uncued,CA3,48,0.789794
52,1,CA3-DG,uncued,CA3,49,0.02248
52,1,CA3-DG,uncued,CA3,50,0.863457
52,1,CA3-DG,uncued,CA3,51,0.079207
52,1,CA3-DG,uncued,CA3,52,0.8024
52,1,CA3-DG,uncued,CA3,53,0.312334
52,1,CA3-DG,uncued,DG,0,0.070212
52,1,CA3-DG,uncued,DG,1,0.764961
52,1,CA3-DG,uncued,DG,2,0.63315
52,1,CA3-DG,uncued,DG,3,0.035899
52,1,CA3-DG,uncued,DG,4,0.766846
52,1,CA3-DG,uncued,DG,5,0.410561
52,1,CA3-DG,uncued,DG,6,0.592824
52,1,CA3-DG,uncued,DG,7,0.088727
52,1,CA3-DG,uncued,DG,8,0.711587
52,1,CA3-DG,uncued,DG,9,0.480457
52,1,CA3-DG,uncued,DG,10,0.391489
52,1,CA3-DG,uncued,DG,11,0.146766
52,1,CA3-DG,uncued,DG,12,0.445983
52,1,CA3-DG,uncued,DG,13,0.014411
52,1,CA3-DG,uncued,DG,14,0.833041
52,1,CA3-DG,uncued,DG,15,0.516755
52,1,CA3-DG,uncued,DG,16,0.657511
52,1,CA3-DG,uncued,DG,17,0.036811
52,1,CA3-DG,uncued,DG,18,0.476089
52,1,CA3-DG,uncued,DG,19,0.256665
52,1,CA3-DG,uncued,DG,20,0.211138
52,1,CA3-DG,uncued,DG,21,0.745528
52,1,CA3-DG,uncued,DG,22,0.244622
52,1,CA3-DG,uncued,DG,23,0.936398
52,1,CA3-DG,uncued,DG,24,0.894962
52,1,CA3-DG,uncued,DG,25,0.839102
52,1,CA3-DG,uncued,DG,26,0.835035
52,1,CA3-DG,uncued,DG,27,0.720184
52,1,CA3-DG,uncued,DG,28,0.766558
52,1,CA3-DG,uncued,DG,29,0.030037
52,1,CA3-DG,uncued,DG,30,0.822066
52,1,CA3-DG,uncued,DG,31,0.090347
52,1,CA3-DG,uncued,DG,32,0.041828
52,1,CA3-DG,cued,CA3,0,0.052754
52,1,CA3-DG,cued,CA3,1,0.030014
52,1,CA3-DG,cued,CA3,2,0.259009
52,1,CA3-DG,cued,CA3,3,0.082709
52,1,CA3-DG,cued,CA3,4,0.049227
52,1,CA3-DG,cued,CA3,5,0.170242
52,1,CA3-DG,cued,CA3,6,0.377092
52,1,CA3-DG,cued,CA3,7,0.259649
52,1,CA3-DG,cued,CA3,8,0.016737
52,1,CA3-DG,cued,CA3,9,0.596492
52,1,CA3-DG,cued,CA3,10,0.003087
52,1,CA3-DG,cued,CA3,11,0.019764
52,1,CA3-DG,cued,CA3,12,0.828605
52,1,CA3-DG,cued,CA3,13,0.551882
52,1,CA3-DG,cued,CA3,14,0.017745
52,1,CA3-DG,cued,CA3,15,0.011567
52,1,CA3-DG,cued,CA3,16,0.014941
52,1,CA3-DG,cued,CA3,17,0.309255
52,1,CA3-DG,cued,CA3,18,0.77368
52,1,CA3-DG,cued,CA3,19,0.026846
52,1,CA3-DG,cued,CA3,20,0.81537
52,1,CA3-DG,cued,CA3,21,0.739562
52,1,CA3-DG,cued,CA3,22,0.412355
52,1,CA3-DG,cued,CA3,23,0.676659
52,1,CA3-DG,cued,CA3,24,0.009917
52,1,CA3-DG,cued,CA3,25,0.124665
52,1,CA3-DG,cued,CA3,26,0.000376
52,1,CA3-DG,cued,CA3,27,0.000653
52,1,CA3-DG,cued,CA3,28,0.06573
52,1,CA3-DG,cued,CA3,29,0.873084
52,1,CA3-DG,cued,CA3,30,0.018604
52,1,CA3-DG,cued,CA3,31,0.000393
52,1,CA3-DG,cued,CA3,32,0.250137
52,1,CA3-DG,cued,CA3,33,0.335668
52,1,CA3-DG,cued,CA3,34,0.21258
52,1,CA3-DG,cued,CA3,35,0.383562
52,1,CA3-DG,cued,CA3,36,0.55651
52,1,CA3-DG,cued,CA3,37,0.243001
52,1,CA3-DG,cued,CA3,38,0.791057
52,1,CA3-DG,cued,CA3,39,0.499892
52,1,CA3-DG,cued,CA3,40,0.138549
52,1,CA3-DG,cued,CA3,41,0.30644
52,1,CA3-DG,cued,CA3,42,0.23368
52,1,CA3-DG,cued,CA3,43,0.792206
52,1,CA3-DG,cued,CA3,44,0.250261
52,1,CA3-DG,cued,CA3,45,0.072706
52,1,CA3-DG,cued,CA3,46,0.191157
52,1,CA3-DG,cued,CA3,47,0.152301
52,1,CA3-DG,cued,CA3,48,0.80502
52,1,CA3-DG,cued,CA3,49,0.035859
52,1,CA3-DG,cued,CA3,50,0.794365
52,1,CA3-DG,cued,CA3,51,0.016886
52,1,CA3-DG,cued,CA3,52,0.761363
52,1,CA3-DG,cued,CA3,53,0.258407
52,1,CA3-DG,cued,DG,0,0.05315
52,1,CA3-DG,cued,DG,1,0.797459
52,1,CA3-DG,cued,DG,2,0.030176
52,1,CA3-DG,cued,DG,3,0.849581
52,1,CA3-DG,cued,DG,4,0.818325
52,1,CA3-DG,cued,DG,5,0.396512
52,1,CA3-DG,cued,DG,6,0.793458
52,1,CA3-DG,cued,DG,7,0.784435
52,1,CA3-DG,cued,DG,8,0.593574
52,1,CA3-DG,cued,DG,9,0.241913
52,1,CA3-DG,cued,DG,10,0.346
52,1,CA3-DG,cued,DG,11,0.177914
52,1,CA3-DG,cued,DG,12,0.377318
52,1,CA3-DG,cued,DG,13,0.028039
52,1,CA3-DG,cued,DG,14,0.88092
52,1,CA3-DG,cued,DG,15,0.244894
52,1,CA3-DG,cued,DG,16,0.281178
52,1,CA3-DG,cued,DG,17,0.027397
52,1,CA3-DG,cued,DG,18,0.248201
52,1,CA3-DG,cued,DG,19,0.516079
52,1,CA3-DG,cued,DG,20,0.116637
52,1,CA3-DG,cued,DG,21,0.701124
52,1,CA3-DG,cued,DG,22,0.879051
52,1,CA3-DG,cued,DG,23,0.857682
52,1,CA3-DG,cued,DG,24,0.809246
52,1,CA3-DG,cued,DG,25,0.808581
52,1,CA3-DG,cued,DG,26,0.785457
52,1,CA3-DG,cued,DG,27,0.76669
52,1,CA3-DG,cued,DG,28,0.12892
52,1,CA3-DG,cued,DG,29,0.043906
52,1,CA3-DG,cued,DG,30,0.216997
52,1,CA3-DG,cued,DG,31,0.652404
52,1,CA3-DG,cued,DG,32,0.084746
52,1,V1-RSC,uncued,V1,0,0.009632
52,1,V1-RSC,uncued,V1,1,0.502032
52,1,V1-RSC,uncued,V1,2,0.324776
52,1,V1-RSC,uncued,V1,3,0.313644
52,1,V1-RSC,uncued,V1,4,0.064565
52,1,V1-RSC,uncued,V1,5,0.13098
52,1,V1-RSC,uncued,V1,6,0.354009
52,1,V1-RSC,uncued,V1,7,0.049485
52,1,V1-RSC,uncued,V1,8,0.022808
52,1,V1-RSC,uncued,V1,9,0.122663
52,1,V1-RSC,uncued,V1,10,0.10194
52,1,V1-RSC,uncued,V1,11,0.299755
52,1,V1-RSC,uncued,V1,12,0.132354
52,1,V1-RSC,uncued,V1,13,0.143459
52,1,V1-RSC,uncued,V1,14,0.023459
52,1,V1-RSC,uncued,V1,15,0.063675
52,1,V1-RSC,uncued,V1,16,0.048283
52,1,V1-RSC,uncued,V1,17,0.101921
52,1,V1-RSC,uncued,V1,18,0.057524
52,1,V1-RSC,uncued,V1,19,0.052794
52,1,V1-RSC,uncued,V1,20,0.062989
52,1,V1-RSC,uncued,V1,21,0.062066
52,1,V1-RSC,uncued,V1,22,0.029926
52,1,V1-RSC,uncued,V1,23,0.013657
52,1,V1-RSC,uncued,V1,24,0.055696
52,1,V1-RSC,uncued,V1,25,0.042719
52,1,V1-RSC,uncued,V1,26,0.12009
52,1,V1-RSC,uncued,V1,27,0.105942
52,1,V1-RSC,uncued,V1,28,0.141273
52,1,V1-RSC,uncued,V1,29,0.009238
52,1,V1-RSC,uncued,V1,30,0.007524
52,1,V1-RSC,uncued,V1,31,0.089317
52,1,V1-RSC,uncued,V1,32,0.10575
52,1,V1-RSC,uncued,V1,33,0.057224
52,1,V1-RSC,uncued,V1,34,0.017073
52,1,V1-RSC,uncued,V1,35,0.010395
52,1,V1-RSC,uncued,V1,36,0.009944
52,1,V1-RSC,uncued,V1,37,0.229907
52,1,V1-RSC,uncued,V1,38,0.023166
52,1,V1-RSC,uncued,V1,39,0.001666
52,1,V1-RSC,uncued,V1,40,0.212367
52,1,V1-RSC,uncued,V1,41,0.062456
52,1,V1-RSC,uncued,V1,42,0.024178
52,1,V1-RSC,uncued,V1,43,0.007905
52,1,V1-RSC,uncued,V1,44,0.012889
52,1,V1-RSC,uncued,V1,45,0.714929
52,1,V1-RSC,uncued,V1,46,0.11899
52,1,V1-RSC,uncued,V1,47,0.066452
52,1,V1-RSC,uncued,V1,48,0.030322
52,1,V1-RSC,uncued,V1,49,0.345478
52,1,V1-RSC,uncued,V1,50,0.014585
52,1,V1-RSC,uncued,V1,51,0.066231
52,1,V1-RSC,uncued,V1,52,0.277073
52,1,V1-RSC,uncued,V1,53,0.024452
52,1,V1-RSC,uncued,V1,54,0.014529
52,1,V1-RSC,uncued,V1,55,0.007188
52,1,V1-RSC,uncued,V1,56,0.008044
52,1,V1-RSC,uncued,V1,57,0.581294
52,1,V1-RSC,uncued,V1,58,0.017196
52,1,V1-RSC,uncued,V1,59,0.085753
52,1,V1-RSC,uncued,V1,60,0.082391
52,1,V1-RSC,uncued,V1,61,0.019664
52,1,V1-RSC,uncued,V1,62,0.0345
52,1,V1-RSC,uncued,V1,63,0.03962
52,1,V1-RSC,uncued,V1,64,0.011031
52,1,V1-RSC,uncued,V1,65,0.016471
52,1,V1-RSC,uncued,V1,66,0.008419
52,1,V1-RSC,uncued,V1,67,0.011006
52,1,V1-RSC,uncued,V1,68,0.340732
52,1,V1-RSC,uncued,V1,69,0.016135
52,1,V1-RSC,uncued,V1,70,0.033883
52,1,V1-RSC,uncued,V1,71,0.012104
52,1,V1-RSC,uncued,V1,72,0.461594
52,1,V1-RSC,uncued,V1,73,0.025883
52,1,V1-RSC,uncued,V1,74,0.037335
52,1,V1-RSC,uncued,V1,75,0.067822
52,1,V1-RSC,uncued,V1,76,0.189949
52,1,V1-RSC,uncued,V1,77,0.109995
52,1,V1-RSC,uncued,V1,78,0.073006
52,1,V1-RSC,uncued,V1,79,0.156573
52,1,V1-RSC,uncued,V1,80,0.032131
52,1,V1-RSC,uncued,V1,81,0.085754
52,1,V1-RSC,uncued,V1,82,0.099419
52,1,V1-RSC,uncued,V1,83,0.103804
52,1,V1-RSC,uncued,V1,84,0.050044
52,1,V1-RSC,uncued,V1,85,0.369544
52,1,V1-RSC,uncued,V1,86,0.209414
52,1,V1-RSC,uncued,V1,87,0.445525
52,1,V1-RSC,uncued,V1,88,0.058637
52,1,V1-RSC,uncued,V1,89,0.147649
52,1,V1-RSC,uncued,V1,90,0.012103
52,1,V1-RSC,uncued,V1,91,0.357649
52,1,V1-RSC,uncued,V1,92,0.025213
52,1,V1-RSC,uncued,V1,93,0.01141
52,1,V1-RSC,uncued,V1,94,0.603453
52,1,V1-RSC,uncued,V1,95,0.054007
52,1,V1-RSC,uncued,V1,96,0.045388
52,1,V1-RSC,uncued,V1,97,0.056429
52,1,V1-RSC,uncued,V1,98,0.017704
52,1,V1-RSC,uncued,V1,99,0.498999
52,1,V1-RSC,uncued,V1,100,0.036539
52,1,V1-RSC,uncued,V1,101,0.535316
52,1,V1-RSC,uncued,V1,102,0.002478
52,1,V1-RSC,uncued,RSC,0,1.233515
52,1,V1-RSC,uncued,RSC,1,1.182379
52,1,V1-RSC,uncued,RSC,2,1.68929
52,1,V1-RSC,uncued,RSC,3,2.258467
52,1,V1-RSC,uncued,RSC,4,0.894541
52,1,V1-RSC,uncued,RSC,5,3.002975
52,1,V1-RSC,uncued,RSC,6,1.058563
52,1,V1-RSC,cued,V1,0,0.011721
52,1,V1-RSC,cued,V1,1,0.13782
52,1,V1-RSC,cued,V1,2,0.137011
52,1,V1-RSC,cued,V1,3,0.240812
52,1,V1-RSC,cued,V1,4,0.116107
52,1,V1-RSC,cued,V1,5,0.138555
52,1,V1-RSC,cued,V1,6,0.11208
52,1,V1-RSC,cued,V1,7,0.072244
52,1,V1-RSC,cued,V1,8,0.032922
52,1,V1-RSC,cued,V1,9,0.023413
52,1,V1-RSC,cued,V1,10,0.069793
52,1,V1-RSC,cued,V1,11,0.120107
52,1,V1-RSC,cued,V1,12,0.093365
52,1,V1-RSC,cued,V1,13,0.080253
52,1,V1-RSC,cued,V1,14,0.013963
52,1,V1-RSC,cued,V1,15,0.066854
52,1,V1-RSC,cued,V1,16,0.148345
52,1,V1-RSC,cued,V1,17,0.056194
52,1,V1-RSC,cued,V1,18,0.049055
52,1,V1-RSC,cued,V1,19,0.183667
52,1,V1-RSC,cued,V1,20,0.100421
52,1,V1-RSC,cued,V1,21,0.074041
52,1,V1-RSC,cued,V1,22,0.179456
52,1,V1-RSC,cued,V1,23,0.034873
52,1,V1-RSC,cued,V1,24,0.065351
52,1,V1-RSC,cued,V1,25,0.046136
52,1,V1-RSC,cued,V1,26,0.120948
52,1,V1-RSC,cued,V1,27,0.101781
52,1,V1-RSC,cued,V1,28,0.273117
52,1,V1-RSC,cued,V1,29,0.080544
52,1,V1-RSC,cued,V1,30,0.193845
52,1,V1-RSC,cued,V1,31,0.076707
52,1,V1-RSC,cued,V1,32,0.451698
52,1,V1-RSC,cued,V1,33,0.115706
52,1,V1-RSC,cued,V1,34,0.315324
52,1,V1-RSC,cued,V1,35,0.070058
52,1,V1-RSC,cued,V1,36,0.051772
52,1,V1-RSC,cued,V1,37,0.264029
52,1,V1-RSC,cued,V1,38,0.153756
52,1,V1-RSC,cued,V1,39,0.28359
52,1,V1-RSC,cued,V1,40,0.502987
52,1,V1-RSC,cued,V1,41,0.172332
52,1,V1-RSC,cued,V1,42,0.128748
52,1,V1-RSC,cued,V1,43,0.147581
52,1,V1-RSC,cued,V1,44,0.083965
52,1,V1-RSC,cued,V1,45,0.092915
52,1,V1-RSC,cued,V1,46,0.47466
52,1,V1-RSC,cued,V1,47,0.033129
52,1,V1-RSC,cued,V1,48,0.042596
52,1,V1-RSC,cued,V1,49,0.049549
52,1,V1-RSC,cued,V1,50,0.066378
52,1,V1-RSC,cued,V1,51,0.086258
52,1,V1-RSC,cued,V1,52,0.007126
52,1,V1-RSC,cued,V1,53,0.056751
52,1,V1-RSC,cued,V1,54,0.101689
52,1,V1-RSC,cued,V1,55,0.449093
52,1,V1-RSC,cued,V1,56,0.418085
52,1,V1-RSC,cued,V1,57,0.017337
52,1,V1-RSC,cued,V1,58,0.078622
52,1,V1-RSC,cued,V1,59,0.069417
52,1,V1-RSC,cued,V1,60,0.096492
52,1,V1-RSC,cued,V1,61,0.248046
52,1,V1-RSC,cued,V1,62,0.163782
52,1,V1-RSC,cued,V1,63,0.045987
52,1,V1-RSC,cued,V1,64,0.116709
52,1,V1-RSC,cued,V1,65,0.04523
52,1,V1-RSC,cued,V1,66,0.068594
52,1,V1-RSC,cued,V1,67,0.025345
52,1,V1-RSC,cued,V1,68,0.043663
52,1,V1-RSC,cued,V1,69,0.026208
52,1,V1-RSC,cued,V1,70,0.045538
52,1,V1-RSC,cued,V1,71,0.109123
52,1,V1-RSC,cued,V1,72,0.325757
52,1,V1-RSC,cued,V1,73,0.075305
52,1,V1-RSC,cued,V1,74,0.486219
52,1,V1-RSC,cued,V1,75,0.043482
52,1,V1-RSC,cued,V1,76,0.116098
52,1,V1-RSC,cued,V1,77,0.156197
52,1,V1-RSC,cued,V1,78,0.09658
52,1,V1-RSC,cued,V1,79,0.227954
52,1,V1-RSC,cued,V1,80,0.062683
52,1,V1-RSC,cued,V1,81,0.071439
52,1,V1-RSC,cued,V1,82,0.08731
52,1,V1-RSC,cued,V1,83,0.067194
52,1,V1-RSC,cued,V1,84,0.07074
52,1,V1-RSC,cued,V1,85,0.063165
52,1,V1-RSC,cued,V1,86,0.267223
52,1,V1-RSC,cued,V1,87,0.140645
52,1,V1-RSC,cued,V1,88,0.095954
52,1,V1-RSC,cued,V1,89,0.075607
52,1,V1-RSC,cued,V1,90,0.029774
52,1,V1-RSC,cued,V1,91,0.154596
52,1,V1-RSC,cued,V1,92,0.121575
52,1,V1-RSC,cued,V1,93,0.055702
52,1,V1-RSC,cued,V1,94,0.124958
52,1,V1-RSC,cued,V1,95,0.044878
52,1,V1-RSC,cued,V1,96,0.050611
52,1,V1-RSC,cued,V1,97,0.208902
52,1,V1-RSC,cued,V1,98,0.025187
52,1,V1-RSC,cued,V1,99,0.0456
52,1,V1-RSC,cued,V1,100,0.063894
52,1,V1-RSC,cued,V1,101,0.451751
52,1,V1-RSC,cued,V1,102,0.377005
52,1,V1-RSC,cued,RSC,0,1.186872
52,1,V1-RSC,cued,RSC,1,1.279472
52,1,V1-RSC,cued,RSC,2,1.356275
52,1,V1-RSC,cued,RSC,3,1.032871
52,1,V1-RSC,cued,RSC,4,0.919005
52,1,V1-RSC,cued,RSC,5,1.764966
52,1,V1-RSC,cued,RSC,6,1.387743
61,1,CA1-RSC,uncued,CA1,0,0.075652
61,1,CA1-RSC,uncued,CA1,1,0.127866
61,1,CA1-RSC,uncued,CA1,2,0.024732
61,1,CA1-RSC,uncued,CA1,3,0.026211
61,1,CA1-RSC,uncued,CA1,4,0.685897
61,1,CA1-RSC,uncued,CA1,5,0.585939
61,1,CA1-RSC,uncued,CA1,6,0.019606
61,1,CA1-RSC,uncued,CA1,7,0.546266
61,1,CA1-RSC,uncued,CA1,8,0.058156
61,1,CA1-RSC,uncued,CA1,9,0.006484
61,1,CA1-RSC,uncued,CA1,10,0.641048
61,1,CA1-RSC,uncued,CA1,11,0.153889
61,1,CA1-RSC,uncued,CA1,12,0.043163
61,1,CA1-RSC,uncued,CA1,13,0.031423
61,1,CA1-RSC,uncued,CA1,14,0.124983
61,1,CA1-RSC,uncued,CA1,15,0.042108
61,1,CA1-RSC,uncued,CA1,16,0.019046
61,1,CA1-RSC,uncued,CA1,17,0.007012
61,1,CA1-RSC,uncued,CA1,18,0.025762
61,1,CA1-RSC,uncued,CA1,19,0.046746
61,1,CA1-RSC,uncued,CA1,20,0.017591
61,1,CA1-RSC,uncued,CA1,21,0.025231
61,1,CA1-RSC,uncued,CA1,22,0.079876
61,1,CA1-RSC,uncued,CA1,23,0.031015
61,1,CA1-RSC,uncued,CA1,24,0.582999
61,1,CA1-RSC,uncued,CA1,25,0.02154
61,1,CA1-RSC,uncued,CA1,26,0.683473
61,1,CA1-RSC,uncued,CA1,27,0.646959
61,1,CA1-RSC,uncued,CA1,28,0.505975
61,1,CA1-RSC,uncued,CA1,29,0.502109
61,1,CA1-RSC,uncued,CA1,30,0.057279
61,1,CA1-RSC,uncued,CA1,31,0.042541
61,1,CA1-RSC,uncued,CA1,32,0.527112
61,1,CA1-RSC,uncued,CA1,33,0.50192
61,1,CA1-RSC,uncued,CA1,34,0.021094
61,1,CA1-RSC,uncued,CA1,35,0.664373
61,1,CA1-RSC,uncued,CA1,36,0.019038
61,1,CA1-RSC,uncued,CA1,37,0.047033
61,1,CA1-RSC,uncued,CA1,38,0.398789
61,1,CA1-RSC,uncued,CA1,39,0.013707
61,1,CA1-RSC,uncued,CA1,40,0.005829
61,1,CA1-RSC,uncued,CA1,41,0.0
61,1,CA1-RSC,uncued,CA1,42,0.026499
61,1,CA1-RSC,uncued,CA1,43,0.014333
61,1,CA1-RSC,uncued,CA1,44,0.013451
61,1,CA1-RSC,uncued,CA1,45,0.068894
61,1,CA1-RSC,uncued,CA1,46,0.01207
61,1,CA1-RSC,uncued,CA1,47,0.016008
61,1,CA1-RSC,uncued,CA1,48,0.016208
61,1,CA1-RSC,uncued,CA1,49,0.001764
61,1,CA1-RSC,uncued,CA1,50,0.134138
61,1,CA1-RSC,uncued,CA1,51,0.031624
61,1,CA1-RSC,uncued,CA1,52,0.011881
61,1,CA1-RSC,uncued,CA1,53,0.023589
61,1,CA1-RSC,uncued,CA1,54,0.033943
61,1,CA1-RSC,uncued,CA1,55,0.663072
61,1,CA1-RSC,uncued,CA1,56,0.020967
61,1,CA1-RSC,uncued,CA1,57,0.564933
61,1,CA1-RSC,uncued,RSC,0,0.007274
61,1,CA1-RSC,uncued,RSC,1,0.328199
61,1,CA1-RSC,uncued,RSC,2,0.764238
61,1,CA1-RSC,uncued,RSC,3,0.06198
61,1,CA1-RSC,uncued,RSC,4,0.826525
61,1,CA1-RSC,uncued,RSC,5,0.802747
61,1,CA1-RSC,uncued,RSC,6,0.044652
61,1,CA1-RSC,uncued,RSC,7,0.095009
61,1,CA1-RSC,uncued,RSC,8,0.153016
61,1,CA1-RSC,uncued,RSC,9,0.136762
61,1,CA1-RSC,uncued,RSC,10,0.089971
61,1,CA1-RSC,uncued,RSC,11,0.139607
61,1,CA1-RSC,uncued,RSC,12,0.147663
61,1,CA1-RSC,uncued,RSC,13,0.030376
61,1,CA1-RSC,uncued,RSC,14,0.072075
61,1,CA1-RSC,uncued,RSC,15,0.248176
61,1,CA1-RSC,uncued,RSC,16,0.11162
61,1,CA1-RSC,uncued,RSC,17,0.030102
61,1,CA1-RSC,uncued,RSC,18,0.012005
61,1,CA1-RSC,uncued,RSC,19,0.176782
61,1,CA1-RSC,uncued,RSC,20,0.82986
61,1,CA1-RSC,uncued,RSC,21,0.467332
61,1,CA1-RSC,uncued,RSC,22,0.124794
61,1,CA1-RSC,uncued,RSC,23,0.158073
61,1,CA1-RSC,uncued,RSC,24,0.061551
61,1,CA1-RSC,uncued,RSC,25,0.015498
61,1,CA1-RSC,uncued,RSC,26,0.047068
61,1,CA1-RSC,uncued,RSC,27,0.127967
61,1,CA1-RSC,uncued,RSC,28,0.010931
61,1,CA1-RSC,uncued,RSC,29,0.115636
61,1,CA1-RSC,uncued,RSC,30,0.197146
61,1,CA1-RSC,uncued,RSC,31,0.095065
61,1,CA1-RSC,uncued,RSC,32,0.31615
61,1,CA1-RSC,uncued,RSC,33,0.003588
61,1,CA1-RSC,uncued,RSC,34,0.205086
61,1,CA1-RSC,uncued,RSC,35,0.3762
61,1,CA1-RSC,uncued,RSC,36,0.397913
61,1,CA1-RSC,uncued,RSC,37,0.134391
61,1,CA1-RSC,uncued,RSC,38,0.340445
61,1,CA1-RSC,uncued,RSC,39,0.865703
61,1,CA1-RSC,uncued,RSC,40,0.46063
61,1,CA1-RSC,uncued,RSC,41,0.268233
61,1,CA1-RSC,uncued,RSC,42,0.28114
61,1,CA1-RSC,uncued,RSC,43,0.142261
61,1,CA1-RSC,uncued,RSC,44,0.125027
61,1,CA1-RSC,uncued,RSC,45,0.201139
61,1,CA1-RSC,uncued,RSC,46,0.066206
61,1,CA1-RSC,uncued,RSC,47,0.069228
61,1,CA1-RSC,uncued,RSC,48,0.245126
61,1,CA1-RSC,uncued,RSC,49,0.032119
61,1,CA1-RSC,uncued,RSC,50,0.496454
61,1,CA1-RSC,uncued,RSC,51,0.13454
61,1,CA1-RSC,uncued,RSC,52,0.023224
61,1,CA1-RSC,uncued,RSC,53,0.077939
61,1,CA1-RSC,uncued,RSC,54,0.029457
61,1,CA1-RSC,uncued,RSC,55,0.075921
61,1,CA1-RSC,uncued,RSC,56,0.174903
61,1,CA1-RSC,uncued,RSC,57,0.010175
61,1,CA1-RSC,uncued,RSC,58,0.052267
61,1,CA1-RSC,uncued,RSC,59,0.044627
61,1,CA1-RSC,uncued,RSC,60,0.831115
61,1,CA1-RSC,uncued,RSC,61,0.068202
61,1,CA1-RSC,uncued,RSC,62,0.110781
61,1,CA1-RSC,uncued,RSC,63,0.019844
61,1,CA1-RSC,uncued,RSC,64,0.002965
61,1,CA1-RSC,uncued,RSC,65,0.142552
61,1,CA1-RSC,uncued,RSC,66,0.011659
61,1,CA1-RSC,uncued,RSC,67,0.086134
61,1,CA1-RSC,uncued,RSC,68,0.092756
61,1,CA1-RSC,uncued,RSC,69,0.108499
61,1,CA1-RSC,uncued,RSC,70,0.117635
61,1,CA1-RSC,uncued,RSC,71,0.082214
61,1,CA1-RSC,uncued,RSC,72,0.701991
61,1,CA1-RSC,uncued,RSC,73,0.448495
61,1,CA1-RSC,uncued,RSC,74,0.197394
61,1,CA1-RSC,uncued,RSC,75,0.157846
61,1,CA1-RSC,uncued,RSC,76,0.100945
61,1,CA1-RSC,uncued,RSC,77,0.066796
61,1,CA1-RSC,uncued,RSC,78,0.80665
61,1,CA1-RSC,uncued,RSC,79,0.340869
61,1,CA1-RSC,uncued,RSC,80,0.72788
61,1,CA1-RSC,uncued,RSC,81,0.148893
61,1,CA1-RSC,uncued,RSC,82,0.017745
61,1,CA1-RSC,uncued,RSC,83,0.130668
61,1,CA1-RSC,uncued,RSC,84,0.347158
61,1,CA1-RSC,uncued,RSC,85,0.235354
61,1,CA1-RSC,uncued,RSC,86,0.375185
61,1,CA1-RSC,uncued,RSC,87,0.662419
61,1,CA1-RSC,uncued,RSC,88,0.511273
61,1,CA1-RSC,uncued,RSC,89,0.021709
61,1,CA1-RSC,uncued,RSC,90,0.081703
61,1,CA1-RSC,uncued,RSC,91,0.024637
61,1,CA1-RSC,uncued,RSC,92,0.7566
61,1,CA1-RSC,uncued,RSC,93,0.052745
61,1,CA1-RSC,uncued,RSC,94,0.062958
61,1,CA1-RSC,uncued,RSC,95,0.044874
61,1,CA1-RSC,uncued,RSC,96,0.82249
61,1,CA1-RSC,uncued,RSC,97,0.024957
61,1,CA1-RSC,uncued,RSC,98,0.039338
61,1,CA1-RSC,uncued,RSC,99,0.102607
61,1,CA1-RSC,uncued,RSC,100,0.071422
61,1,CA1-RSC,cued,CA1,0,0.074443
61,1,CA1-RSC,cued,CA1,1,0.054403
61,1,CA1-RSC,cued,CA1,2,0.074182
61,1,CA1-RSC,cued,CA1,3,0.050136
61,1,CA1-RSC,cued,CA1,4,0.321015
61,1,CA1-RSC,cued,CA1,5,0.637435
61,1,CA1-RSC,cued,CA1,6,0.030324
61,1,CA1-RSC,cued,CA1,7,0.043762
61,1,CA1-RSC,cued,CA1,8,0.071851
61,1,CA1-RSC,cued,CA1,9,0.005787
61,1,CA1-RSC,cued,CA1,10,0.641127
61,1,CA1-RSC,cued,CA1,11,0.567974
61,1,CA1-RSC,cued,CA1,12,0.024532
61,1,CA1-RSC,cued,CA1,13,0.036238
61,1,CA1-RSC,cued,CA1,14,0.089618
61,1,CA1-RSC,cued,CA1,15,0.022856
61,1,CA1-RSC,cued,CA1,16,0.044969
61,1,CA1-RSC,cued,CA1,17,0.016186
61,1,CA1-RSC,cued,CA1,18,0.244452
61,1,CA1-RSC,cued,CA1,19,0.635603
61,1,CA1-RSC,cued,CA1,20,0.016762
61,1,CA1-RSC,cued,CA1,21,0.013819
61,1,CA1-RSC,cued,CA1,22,0.061912
61,1,CA1-RSC,cued,CA1,23,0.021513
61,1,CA1-RSC,cued,CA1,24,0.0727
61,1,CA1-RSC,cued,CA1,25,0.167934
61,1,CA1-RSC,cued,CA1,26,0.055621
61,1,CA1-RSC,cued,CA1,27,0.483917
61,1,CA1-RSC,cued,CA1,28,0.010082
61,1,CA1-RSC,cued,CA1,29,0.492129
61,1,CA1-RSC,cued,CA1,30,0.043674
61,1,CA1-RSC,cued,CA1,31,0.625114
61,1,CA1-RSC,cued,CA1,32,0.623636
61,1,CA1-RSC,cued,CA1,33,0.535164
61,1,CA1-RSC,cued,CA1,34,0.645709
61,1,CA1-RSC,cued,CA1,35,0.340013
61,1,CA1-RSC,cued,CA1,36,0.564654
61,1,CA1-RSC,cued,CA1,37,0.026675
61,1,CA1-RSC,cued,CA1,38,0.392016
61,1,CA1-RSC,cued,CA1,39,0.01504
61,1,CA1-RSC,cued,CA1,40,0.010771
61,1,CA1-RSC,cued,CA1,41,0.0
61,1,CA1-RSC,cued,CA1,42,0.030057
61,1,CA1-RSC,cued,CA1,43,0.018697
61,1,CA1-RSC,cued,CA1,44,0.027833
61,1,CA1-RSC,cued,CA1,45,0.034301
61,1,CA1-RSC,cued,CA1,46,0.423293
61,1,CA1-RSC,cued,CA1,47,0.028215
61,1,CA1-RSC,cued,CA1,48,0.005971
61,1,CA1-RSC,cued,CA1,49,0.352625
61,1,CA1-RSC,cued,CA1,50,0.013103
61,1,CA1-RSC,cued,CA1,51,0.00971
61,1,CA1-RSC,cued,CA1,52,0.081261
61,1,CA1-RSC,cued,CA1,53,0.015746
61,1,CA1-RSC,cued,CA1,54,0.605077
61,1,CA1-RSC,cued,CA1,55,0.323525
61,1,CA1-RSC,cued,CA1,56,0.030401
61,1,CA1-RSC,cued,CA1,57,0.013853
61,1,CA1-RSC,cued,RSC,0,0.010706
61,1,CA1-RSC,cued,RSC,1,0.223327
61,1,CA1-RSC,cued,RSC,2,0.325674
61,1,CA1-RSC,cued,RSC,3,0.058184
61,1,CA1-RSC,cued,RSC,4,0.72211
61,1,CA1-RSC,cued,RSC,5,0.75371
61,1,CA1-RSC,cued,RSC,6,0.051825
61,1,CA1-RSC,cued,RSC,7,0.218689
61,1,CA1-RSC,cued,RSC,8,0.079975
61,1,CA1-RSC,cued,RSC,9,0.228781
61,1,CA1-RSC,cued,RSC,10,0.295333
61,1,CA1-RSC,cued,RSC,11,0.140366
61,1,CA1-RSC,cued,RSC,12,0.146757
61,1,CA1-RSC,cued,RSC,13,0.080064
61,1,CA1-RSC,cued,RSC,14,0.74268
61,1,CA1-RSC,cued,RSC,15,0.298476
61,1,CA1-RSC,cued,RSC,16,0.101466
61,1,CA1-RSC,cued,RSC,17,0.049678
61,1,CA1-RSC,cued,RSC,18,0.024715
61,1,CA1-RSC,cued,RSC,19,0.11925
61,1,CA1-RSC,cued,RSC,20,0.115406
61,1,CA1-RSC,cued,RSC,21,0.546947
61,1,CA1-RSC,cued,RSC,22,0.079722
61,1,CA1-RSC,cued,RSC,23,0.31992
61,1,CA1-RSC,cued,RSC,24,0.075924
61,1,CA1-RSC,cued,RSC,25,0.042621
61,1,CA1-RSC,cued,RSC,26,0.067773
61,1,CA1-RSC,cued,RSC,27,0.061616
61,1,CA1-RSC,cued,RSC,28,0.014199
61,1,CA1-RSC,cued,RSC,29,0.727506
61,1,CA1-RSC,cued,RSC,30,0.251002
61,1,CA1-RSC,cued,RSC,31,0.094511
61,1,CA1-RSC,cued,RSC,32,0.348061
61,1,CA1-RSC,cued,RSC,33,0.014403
61,1,CA1-RSC,cued,RSC,34,0.192284
61,1,CA1-RSC,cued,RSC,35,0.34744
61,1,CA1-RSC,cued,RSC,36,0.372698
61,1,CA1-RSC,cued,RSC,37,0.203373
61,1,CA1-RSC,cued,RSC,38,0.357441
61,1,CA1-RSC,cued,RSC,39,0.762011
61,1,CA1-RSC,cued,RSC,40,0.404581
61,1,CA1-RSC,cued,RSC,41,0.390884
61,1,CA1-RSC,cued,RSC,42,0.164266
61,1,CA1-RSC,cued,RSC,43,0.104092
61,1,CA1-RSC,cued,RSC,44,0.067026
61,1,CA1-RSC,cued,RSC,45,0.100259
61,1,CA1-RSC,cued,RSC,46,0.068704
61,1,CA1-RSC,cued,RSC,47,0.110953
61,1,CA1-RSC,cued,RSC,48,0.223725
61,1,CA1-RSC,cued,RSC,49,0.108792
61,1,CA1-RSC,cued,RSC,50,0.221212
61,1,CA1-RSC,cued,RSC,51,0.174773
61,1,CA1-RSC,cued,RSC,52,0.437713
61,1,CA1-RSC,cued,RSC,53,0.214881
61,1,CA1-RSC,cued,RSC,54,0.017907
61,1,CA1-RSC,cued,RSC,55,0.102734
61,1,CA1-RSC,cued,RSC,56,0.186949
61,1,CA1-RSC,cued,RSC,57,0.059373
61,1,CA1-RSC,cued,RSC,58,0.107983
61,1,CA1-RSC,cued,RSC,59,0.100257
61,1,CA1-RSC,cued,RSC,60,0.282567
61,1,CA1-RSC,cued,RSC,61,0.173423
61,1,CA1-RSC,cued,RSC,62,0.082652
61,1,CA1-RSC,cued,RSC,63,0.147493
61,1,CA1-RSC,cued,RSC,64,0.039762
61,1,CA1-RSC,cued,RSC,65,0.075031
61,1,CA1-RSC,cued,RSC,66,0.007686
61,1,CA1-RSC,cued,RSC,67,0.092586
61,1,CA1-RSC,cued,RSC,68,0.113959
61,1,CA1-RSC,cued,RSC,69,0.185272
61,1,CA1-RSC,cued,RSC,70,0.240813
61,1,CA1-RSC,cued,RSC,71,0.115746
61,1,CA1-RSC,cued,RSC,72,0.053871
61,1,CA1-RSC,cued,RSC,73,0.215105
61,1,CA1-RSC,cued,RSC,74,0.158663
61,1,CA1-RSC,cued,RSC,75,0.168002
61,1,CA1-RSC,cued,RSC,76,0.059454
61,1,CA1-RSC,cued,RSC,77,0.051261
61,1,CA1-RSC,cued,RSC,78,0.103952
61,1,CA1-RSC,cued,RSC,79,0.379047
61,1,CA1-RSC,cued,RSC,80,0.604702
61,1,CA1-RSC,cued,RSC,81,0.108089
61,1,CA1-RSC,cued,RSC,82,0.021994
61,1,CA1-RSC,cued,RSC,83,0.628188
61,1,CA1-RSC,cued,RSC,84,0.268668
61,1,CA1-RSC,cued,RSC,85,0.04743
61,1,CA1-RSC,cued,RSC,86,0.365543
61,1,CA1-RSC,cued,RSC,87,0.626675
61,1,CA1-RSC,cued,RSC,88,0.390693
61,1,CA1-RSC,cued,RSC,89,0.047451
61,1,CA1-RSC,cued,RSC,90,0.743971
61,1,CA1-RSC,cued,RSC,91,0.070698
61,1,CA1-RSC,cued,RSC,92,0.706659
61,1,CA1-RSC,cued,RSC,93,0.079669
61,1,CA1-RSC,cued,RSC,94,0.059316
61,1,CA1-RSC,cued,RSC,95,0.061522
61,1,CA1-RSC,cued,RSC,96,0.737746
61,1,CA1-RSC,cued,RSC,97,0.547773
61,1,CA1-RSC,cued,RSC,98,0.399071
61,1,CA1-RSC,cued,RSC,99,0.090175
61,1,CA1-RSC,cued,RSC,100,0.069479
61,1,CA1-CA3,uncued,CA1,0,0.085283
61,1,CA1-CA3,uncued,CA1,1,0.127991
61,1,CA1-CA3,uncued,CA1,2,0.024947
61,1,CA1-CA3,uncued,CA1,3,0.026091
61,1,CA1-CA3,uncued,CA1,4,0.685115
61,1,CA1-CA3,uncued,CA1,5,0.588066
61,1,CA1-CA3,uncued,CA1,6,0.019162
61,1,CA1-CA3,uncued,CA1,7,0.54837
61,1,CA1-CA3,uncued,CA1,8,0.058147
61,1,CA1-CA3,uncued,CA1,9,0.006429
61,1,CA1-CA3,uncued,CA1,10,0.644454
61,1,CA1-CA3,uncued,CA1,11,0.162704
61,1,CA1-CA3,uncued,CA1,12,0.042265
61,1,CA1-CA3,uncued,CA1,13,0.032749
61,1,CA1-CA3,uncued,CA1,14,0.121959
61,1,CA1-CA3,uncued,CA1,15,0.042341
61,1,CA1-CA3,uncued,CA1,16,0.019318
61,1,CA1-CA3,uncued,CA1,17,0.007264
61,1,CA1-CA3,uncued,CA1,18,0.024727
61,1,CA1-CA3,uncued,CA1,19,0.046847
61,1,CA1-CA3,uncued,CA1,20,0.016864
61,1,CA1-CA3,uncued,CA1,21,0.024922
61,1,CA1-CA3,uncued,CA1,22,0.075755
61,1,CA1-CA3,uncued,CA1,23,0.030812
61,1,CA1-CA3,uncued,CA1,24,0.58419
61,1,CA1-CA3,uncued,CA1,25,0.022718
61,1,CA1-CA3,uncued,CA1,26,0.685812
61,1,CA1-CA3,uncued,CA1,27,0.64732
61,1,CA1-CA3,uncued,CA1,28,0.507822
61,1,CA1-CA3,uncued,CA1,29,0.50379
61,1,CA1-CA3,uncued,CA1,30,0.057015
61,1,CA1-CA3,uncued,CA1,31,0.04406
61,1,CA1-CA3,uncued,CA1,32,0.528504
61,1,CA1-CA3,uncued,CA1,33,0.503278
61,1,CA1-CA3,uncued,CA1,34,0.021492
61,1,CA1-CA3,uncued,CA1,35,0.66801
61,1,CA1-CA3,uncued,CA1,36,0.018508
61,1,CA1-CA3,uncued,CA1,37,0.045578
61,1,CA1-CA3,uncued,CA1,38,0.401146
61,1,CA1-CA3,uncued,CA1,39,0.014254
61,1,CA1-CA3,uncued,CA1,40,0.006063
61,1,CA1-CA3,uncued,CA1,41,0.0
61,1,CA1-CA3,uncued,CA1,42,0.025448
61,1,CA1-CA3,uncued,CA1,43,0.015303
61,1,CA1-CA3,uncued,CA1,44,0.012893
61,1,CA1-CA3,uncued,CA1,45,0.067357
61,1,CA1-CA3,uncued,CA1,46,0.012235
61,1,CA1-CA3,uncued,CA1,47,0.015761
61,1,CA1-CA3,uncued,CA1,48,0.016616
61,1,CA1-CA3,uncued,CA1,49,0.001458
61,1,CA1-CA3,uncued,CA1,50,0.142711
61,1,CA1-CA3,uncued,CA1,51,0.032253
61,1,CA1-CA3,uncued,CA1,52,0.012223
61,1,CA1-CA3,uncued,CA1,53,0.023291
61,1,CA1-CA3,uncued,CA1,54,0.033918
61,1,CA1-CA3,uncued,CA1,55,0.66529
61,1,CA1-CA3,uncued,CA1,56,0.023147
61,1,CA1-CA3,uncued,CA1,57,0.567978
61,1,CA1-CA3,uncued,CA3,0,0.206904
61,1,CA1-CA3,uncued,CA3,1,0.075672
61,1,CA1-CA3,uncued,CA3,2,0.65493
61,1,CA1-CA3,uncued,CA3,3,0.70441
61,1,CA1-CA3,uncued,CA3,4,0.146347
61,1,CA1-CA3,uncued,CA3,5,0.010205
61,1,CA1-CA3,uncued,CA3,6,0.79821
61,1,CA1-CA3,uncued,CA3,7,0.680582
61,1,CA1-CA3,uncued,CA3,8,0.049514
61,1,CA1-CA3,uncued,CA3,9,0.686269
61,1,CA1-CA3,uncued,CA3,10,0.886754
61,1,CA1-CA3,uncued,CA3,11,0.582005
61,1,CA1-CA3,uncued,CA3,12,0.020499
61,1,CA1-CA3,uncued,CA3,13,0.343704
61,1,CA1-CA3,uncued,CA3,14,0.879401
61,1,CA1-CA3,uncued,CA3,15,0.171303
61,1,CA1-CA3,uncued,CA3,16,0.81787
61,1,CA1-CA3,uncued,CA3,17,0.904882
61,1,CA1-CA3,uncued,CA3,18,0.0
61,1,CA1-CA3,uncued,CA3,19,0.199127
61,1,CA1-CA3,uncued,CA3,20,0.72961
61,1,CA1-CA3,uncued,CA3,21,0.047836
61,1,CA1-CA3,uncued,CA3,22,0.178171
61,1,CA1-CA3,uncued,CA3,23,0.053688
61,1,CA1-CA3,uncued,CA3,24,0.799292
61,1,CA1-CA3,uncued,CA3,25,0.0
61,1,CA1-CA3,uncued,CA3,26,0.641674
61,1,CA1-CA3,uncued,CA3,27,0.185893
61,1,CA1-CA3,uncued,CA3,28,0.0
61,1,CA1-CA3,uncued,CA3,29,0.676657
61,1,CA1-CA3,cued,CA1,0,0.092606
61,1,CA1-CA3,cued,CA1,1,0.062446
61,1,CA1-CA3,cued,CA1,2,0.072468
61,1,CA1-CA3,cued,CA1,3,0.048115
61,1,CA1-CA3,cued,CA1,4,0.312773
61,1,CA1-CA3,cued,CA1,5,0.64089
61,1,CA1-CA3,cued,CA1,6,0.030597
61,1,CA1-CA3,cued,CA1,7,0.041606
61,1,CA1-CA3,cued,CA1,8,0.068622
61,1,CA1-CA3,cued,CA1,9,0.005572
61,1,CA1-CA3,cued,CA1,10,0.644562
61,1,CA1-CA3,cued,CA1,11,0.570677
61,1,CA1-CA3,cued,CA1,12,0.024692
61,1,CA1-CA3,cued,CA1,13,0.037319
61,1,CA1-CA3,cued,CA1,14,0.092161
61,1,CA1-CA3,cued,CA1,15,0.022874
61,1,CA1-CA3,cued,CA1,16,0.044823
61,1,CA1-CA3,cued,CA1,17,0.01594
61,1,CA1-CA3,cued,CA1,18,0.247782
61,1,CA1-CA3,cued,CA1,19,0.639521
61,1,CA1-CA3,cued,CA1,20,0.01826
61,1,CA1-CA3,cued,CA1,21,0.01276
61,1,CA1-CA3,cued,CA1,22,0.058343
61,1,CA1-CA3,cued,CA1,23,0.022678
61,1,CA1-CA3,cued,CA1,24,0.074371
61,1,CA1-CA3,cued,CA1,25,0.175929
61,1,CA1-CA3,cued,CA1,26,0.05462
61,1,CA1-CA3,cued,CA1,27,0.476571
61,1,CA1-CA3,cued,CA1,28,0.010351
61,1,CA1-CA3,cued,CA1,29,0.494596
61,1,CA1-CA3,cued,CA1,30,0.042149
61,1,CA1-CA3,cued,CA1,31,0.629097
61,1,CA1-CA3,cued,CA1,32,0.626284
61,1,CA1-CA3,cued,CA1,33,0.536554
61,1,CA1-CA3,cued,CA1,34,0.649277
61,1,CA1-CA3,cued,CA1,35,0.336085
61,1,CA1-CA3,cued,CA1,36,0.567579
61,1,CA1-CA3,cued,CA1,37,0.024298
61,1,CA1-CA3,cued,CA1,38,0.394502
61,1,CA1-CA3,cued,CA1,39,0.014607
61,1,CA1-CA3,cued,CA1,40,0.010019
61,1,CA1-CA3,cued,CA1,41,0.0
61,1,CA1-CA3,cued,CA1,42,0.030754
61,1,CA1-CA3,cued,CA1,43,0.018636
61,1,CA1-CA3,cued,CA1,44,0.027694
61,1,CA1-CA3,cued,CA1,45,0.033076
61,1,CA1-CA3,cued,CA1,46,0.425177
61,1,CA1-CA3,cued,CA1,47,0.026029
61,1,CA1-CA3,cued,CA1,48,0.006102
61,1,CA1-CA3,cued,CA1,49,0.353771
61,1,CA1-CA3,cued,CA1,50,0.012165
61,1,CA1-CA3,cued,CA1,51,0.01036
61,1,CA1-CA3,cued,CA1,52,0.083749
61,1,CA1-CA3,cued,CA1,53,0.016494
61,1,CA1-CA3,cued,CA1,54,0.622786
61,1,CA1-CA3,cued,CA1,55,0.303778
61,1,CA1-CA3,cued,CA1,56,0.030129
61,1,CA1-CA3,cued,CA1,57,0.014227
61,1,CA1-CA3,cued,CA3,0,0.2524
61,1,CA1-CA3,cued,CA3,1,0.055615
61,1,CA1-CA3,cued,CA3,2,0.590546
61,1,CA1-CA3,cued,CA3,3,0.688192
61,1,CA1-CA3,cued,CA3,4,0.361496
61,1,CA1-CA3,cued,CA3,5,0.006916
61,1,CA1-CA3,cued,CA3,6,0.808866
61,1,CA1-CA3,cued,CA3,7,0.630346
61,1,CA1-CA3,cued,CA3,8,0.05544
61,1,CA1-CA3,cued,CA3,9,0.767241
61,1,CA1-CA3,cued,CA3,10,0.721377
61,1,CA1-CA3,cued,CA3,11,0.428959
61,1,CA1-CA3,cued,CA3,12,0.010701
61,1,CA1-CA3,cued,CA3,13,0.215011
61,1,CA1-CA3,cued,CA3,14,0.869227
61,1,CA1-CA3,cued,CA3,15,0.494527
61,1,CA1-CA3,cued,CA3,16,0.825098
61,1,CA1-CA3,cued,CA3,17,0.016728
61,1,CA1-CA3,cued,CA3,18,0.716255
61,1,CA1-CA3,cued,CA3,19,0.011684
61,1,CA1-CA3,cued,CA3,20,0.854278
61,1,CA1-CA3,cued,CA3,21,0.037793
61,1,CA1-CA3,cued,CA3,22,0.385182
61,1,CA1-CA3,cued,CA3,23,0.021195
61,1,CA1-CA3,cued,CA3,24,0.812237
61,1,CA1-CA3,cued,CA3,25,0.749205
61,1,CA1-CA3,cued,CA3,26,0.863748
61,1,CA1-CA3,cued,CA3,27,0.183432
61,1,CA1-CA3,cued,CA3,28,0.0
61,1,CA1-CA3,cued,CA3,29,0.704853
61,1,CA1-DG,uncued,CA1,0,0.078081
61,1,CA1-DG,uncued,CA1,1,0.134456
61,1,CA1-DG,uncued,CA1,2,0.025128
61,1,CA1-DG,uncued,CA1,3,0.026933
61,1,CA1-DG,uncued,CA1,4,0.686451
61,1,CA1-DG,uncued,CA1,5,0.589015
61,1,CA1-DG,uncued,CA1,6,0.020928
61,1,CA1-DG,uncued,CA1,7,0.548713
61,1,CA1-DG,uncued,CA1,8,0.062463
61,1,CA1-DG,uncued,CA1,9,0.006582
61,1,CA1-DG,uncued,CA1,10,0.644911
61,1,CA1-DG,uncued,CA1,11,0.136289
61,1,CA1-DG,uncued,CA1,12,0.041872
61,1,CA1-DG,uncued,CA1,13,0.033089
61,1,CA1-DG,uncued,CA1,14,0.134748
61,1,CA1-DG,uncued,CA1,15,0.04325
61,1,CA1-DG,uncued,CA1,16,0.019386
61,1,CA1-DG,uncued,CA1,17,0.007111
61,1,CA1-DG,uncued,CA1,18,0.024514
61,1,CA1-DG,uncued,CA1,19,0.046947
61,1,CA1-DG,uncued,CA1,20,0.019324
61,1,CA1-DG,uncued,CA1,21,0.025452
61,1,CA1-DG,uncued,CA1,22,0.076937
61,1,CA1-DG,uncued,CA1,23,0.032941
61,1,CA1-DG,uncued,CA1,24,0.584412
61,1,CA1-DG,uncued,CA1,25,0.023036
61,1,CA1-DG,uncued,CA1,26,0.686729
61,1,CA1-DG,uncued,CA1,27,0.648507
61,1,CA1-DG,uncued,CA1,28,0.50831
61,1,CA1-DG,uncued,CA1,29,0.504166
61,1,CA1-DG,uncued,CA1,30,0.059154
61,1,CA1-DG,uncued,CA1,31,0.044195
61,1,CA1-DG,uncued,CA1,32,0.528777
61,1,CA1-DG,uncued,CA1,33,0.503766
61,1,CA1-DG,uncued,CA1,34,0.022101
61,1,CA1-DG,uncued,CA1,35,0.666421
61,1,CA1-DG,uncued,CA1,36,0.018221
61,1,CA1-DG,uncued,CA1,37,0.045222
61,1,CA1-DG,uncued,CA1,38,0.401742
61,1,CA1-DG,uncued,CA1,39,0.013758
61,1,CA1-DG,uncued,CA1,40,0.006137
61,1,CA1-DG,uncued,CA1,41,0.0
61,1,CA1-DG,uncued,CA1,42,0.025699
61,1,CA1-DG,uncued,CA1,43,0.015151
61,1,CA1-DG,uncued,CA1,44,0.012758
61,1,CA1-DG,uncued,CA1,45,0.064732
61,1,CA1-DG,uncued,CA1,46,0.012347
61,1,CA1-DG,uncued,CA1,47,0.0157
61,1,CA1-DG,uncued,CA1,48,0.017777
61,1,CA1-DG,uncued,CA1,49,0.001645
61,1,CA1-DG,uncued,CA1,50,0.139151
61,1,CA1-DG,uncued,CA1,51,0.030878
61,1,CA1-DG,uncued,CA1,52,0.012426
61,1,CA1-DG,uncued,CA1,53,0.022858
61,1,CA1-DG,uncued,CA1,54,0.033812
61,1,CA1-DG,uncued,CA1,55,0.665606
61,1,CA1-DG,uncued,CA1,56,0.022898
61,1,CA1-DG,uncued,CA1,57,0.568061
61,1,CA1-DG,uncued,DG,0,0.938612
61,1,CA1-DG,uncued,DG,1,0.837939
61,1,CA1-DG,uncued,DG,2,0.580253
61,1,CA1-DG,uncued,DG,3,1.047651
61,1,CA1-DG,uncued,DG,4,0.564335
61,1,CA1-DG,uncued,DG,5,0.79096
61,1,CA1-DG,uncued,DG,6,0.875062
61,1,CA1-DG,uncued,DG,7,0.904997
61,1,CA1-DG,uncued,DG,8,0.837393
61,1,CA1-DG,uncued,DG,9,0.092282
61,1,CA1-DG,uncued,DG,10,0.829536
61,1,CA1-DG,uncued,DG,11,0.474048
61,1,CA1-DG,uncued,DG,12,1.011435
61,1,CA1-DG,uncued,DG,13,0.508771
61,1,CA1-DG,uncued,DG,14,0.764523
61,1,CA1-DG,uncued,DG,15,0.118985
61,1,CA1-DG,uncued,DG,16,0.02525
61,1,CA1-DG,uncued,DG,17,0.026339
61,1,CA1-DG,uncued,DG,18,0.0
61,1,CA1-DG,uncued,DG,19,0.0
61,1,CA1-DG,uncued,DG,20,0.0
61,1,CA1-DG,uncued,DG,21,0.638912
61,1,CA1-DG,uncued,DG,22,0.96723
61,1,CA1-DG,uncued,DG,23,0.0
61,1,CA1-DG,uncued,DG,24,0.005316
61,1,CA1-DG,cued,CA1,0,0.081832
61,1,CA1-DG,cued,CA1,1,0.060056
61,1,CA1-DG,cued,CA1,2,0.071534
61,1,CA1-DG,cued,CA1,3,0.053085
61,1,CA1-DG,cued,CA1,4,0.314526
61,1,CA1-DG,cued,CA1,5,0.63996
61,1,CA1-DG,cued,CA1,6,0.030601
61,1,CA1-DG,cued,CA1,7,0.042854
61,1,CA1-DG,cued,CA1,8,0.069478
61,1,CA1-DG,cued,CA1,9,0.005413
61,1,CA1-DG,cued,CA1,10,0.644755
61,1,CA1-DG,cued,CA1,11,0.570792
61,1,CA1-DG,cued,CA1,12,0.024744
61,1,CA1-DG,cued,CA1,13,0.038421
61,1,CA1-DG,cued,CA1,14,0.092289
61,1,CA1-DG,cued,CA1,15,0.023116
61,1,CA1-DG,cued,CA1,16,0.043972
61,1,CA1-DG,cued,CA1,17,0.016077
61,1,CA1-DG,cued,CA1,18,0.241804
61,1,CA1-DG,cued,CA1,19,0.639165
61,1,CA1-DG,cued,CA1,20,0.017794
61,1,CA1-DG,cued,CA1,21,0.012466
61,1,CA1-DG,cued,CA1,22,0.057369
61,1,CA1-DG,cued,CA1,23,0.021852
61,1,CA1-DG,cued,CA1,24,0.073203
61,1,CA1-DG,cued,CA1,25,0.17966
61,1,CA1-DG,cued,CA1,26,0.056786
61,1,CA1-DG,cued,CA1,27,0.46777
61,1,CA1-DG,cued,CA1,28,0.010238
61,1,CA1-DG,cued,CA1,29,0.494633
61,1,CA1-DG,cued,CA1,30,0.041076
61,1,CA1-DG,cued,CA1,31,0.629038
61,1,CA1-DG,cued,CA1,32,0.626001
61,1,CA1-DG,cued,CA1,33,0.537001
61,1,CA1-DG,cued,CA1,34,0.648906
61,1,CA1-DG,cued,CA1,35,0.345692
61,1,CA1-DG,cued,CA1,36,0.568013
61,1,CA1-DG,cued,CA1,37,0.024174
61,1,CA1-DG,cued,CA1,38,0.394776
61,1,CA1-DG,cued,CA1,39,0.014819
61,1,CA1-DG,cued,CA1,40,0.011364
61,1,CA1-DG,cued,CA1,41,0.0
61,1,CA1-DG,cued,CA1,42,0.031111
61,1,CA1-DG,cued,CA1,43,0.018636
61,1,CA1-DG,cued,CA1,44,0.027822
61,1,CA1-DG,cued,CA1,45,0.033257
61,1,CA1-DG,cued,CA1,46,0.425295
61,1,CA1-DG,cued,CA1,47,0.026077
61,1,CA1-DG,cued,CA1,48,0.006053
61,1,CA1-DG,cued,CA1,49,0.353863
61,1,CA1-DG,cued,CA1,50,0.012791
61,1,CA1-DG,cued,CA1,51,0.009981
61,1,CA1-DG,cued,CA1,52,0.081325
61,1,CA1-DG,cued,CA1,53,0.016212
61,1,CA1-DG,cued,CA1,54,0.624674
61,1,CA1-DG,cued,CA1,55,0.316614
61,1,CA1-DG,cued,CA1,56,0.029076
61,1,CA1-DG,cued,CA1,57,0.014523
61,1,CA1-DG,cued,DG,0,0.645599
61,1,CA1-DG,cued,DG,1,0.261287
61,1,CA1-DG,cued,DG,2,0.059145
61,1,CA1-DG,cued,DG,3,0.007231
61,1,CA1-DG,cued,DG,4,0.92788
61,1,CA1-DG,cued,DG,5,0.796535
61,1,CA1-DG,cued,DG,6,0.772134
61,1,CA1-DG,cued,DG,7,0.606829
61,1,CA1-DG,cued,DG,8,0.758609
61,1,CA1-DG,cued,DG,9,0.06095
61,1,CA1-DG,cued,DG,10,0.710543
61,1,CA1-DG,cued,DG,11,0.230726
61,1,CA1-DG,cued,DG,12,0.784524
61,1,CA1-DG,cued,DG,13,0.787008
61,1,CA1-DG,cued,DG,14,0.894995
61,1,CA1-DG,cued,DG,15,0.750252
61,1,CA1-DG,cued,DG,16,0.048895
61,1,CA1-DG,cued,DG,17,0.977514
61,1,CA1-DG,cued,DG,18,0.0
61,1,CA1-DG,cued,DG,19,0.0
61,1,CA1-DG,cued,DG,20,0.587253
61,1,CA1-DG,cued,DG,21,0.670132
61,1,CA1-DG,cued,DG,22,0.796742
61,1,CA1-DG,cued,DG,23,0.003634
61,1,CA1-DG,cued,DG,24,0.967125
61,1,CA1-V1,uncued,CA1,0,0.074535
61,1,CA1-V1,uncued,CA1,1,0.12672
61,1,CA1-V1,uncued,CA1,2,0.02516
61,1,CA1-V1,uncued,CA1,3,0.025267
61,1,CA1-V1,uncued,CA1,4,0.673988
61,1,CA1-V1,uncued,CA1,5,0.586791
61,1,CA1-V1,uncued,CA1,6,0.019206
61,1,CA1-V1,uncued,CA1,7,0.547926
61,1,CA1-V1,uncued,CA1,8,0.061654
61,1,CA1-V1,uncued,CA1,9,0.006544
61,1,CA1-V1,uncued,CA1,10,0.643327
61,1,CA1-V1,uncued,CA1,11,0.191543
61,1,CA1-V1,uncued,CA1,12,0.043311
61,1,CA1-V1,uncued,CA1,13,0.031972
61,1,CA1-V1,uncued,CA1,14,0.130499
61,1,CA1-V1,uncued,CA1,15,0.042804
61,1,CA1-V1,uncued,CA1,16,0.018709
61,1,CA1-V1,uncued,CA1,17,0.007427
61,1,CA1-V1,uncued,CA1,18,0.024026
61,1,CA1-V1,uncued,CA1,19,0.046787
61,1,CA1-V1,uncued,CA1,20,0.018814
61,1,CA1-V1,uncued,CA1,21,0.025359
61,1,CA1-V1,uncued,CA1,22,0.081877
61,1,CA1-V1,uncued,CA1,23,0.031444
61,1,CA1-V1,uncued,CA1,24,0.583645
61,1,CA1-V1,uncued,CA1,25,0.022745
61,1,CA1-V1,uncued,CA1,26,0.685391
61,1,CA1-V1,uncued,CA1,27,0.646662
61,1,CA1-V1,uncued,CA1,28,0.507109
61,1,CA1-V1,uncued,CA1,29,0.503259
61,1,CA1-V1,uncued,CA1,30,0.058925
61,1,CA1-V1,uncued,CA1,31,0.044455
61,1,CA1-V1,uncued,CA1,32,0.527144
61,1,CA1-V1,uncued,CA1,33,0.501885
61,1,CA1-V1,uncued,CA1,34,0.021589
61,1,CA1-V1,uncued,CA1,35,0.665725
61,1,CA1-V1,uncued,CA1,36,0.017312
61,1,CA1-V1,uncued,CA1,37,0.046648
61,1,CA1-V1,uncued,CA1,38,0.400768
61,1,CA1-V1,uncued,CA1,39,0.014051
61,1,CA1-V1,uncued,CA1,40,0.005951
61,1,CA1-V1,uncued,CA1,41,0.0
61,1,CA1-V1,uncued,CA1,42,0.025486
61,1,CA1-V1,uncued,CA1,43,0.014894
61,1,CA1-V1,uncued,CA1,44,0.012362
61,1,CA1-V1,uncued,CA1,45,0.067512
61,1,CA1-V1,uncued,CA1,46,0.01215
61,1,CA1-V1,uncued,CA1,47,0.01577
61,1,CA1-V1,uncued,CA1,48,0.016518
61,1,CA1-V1,uncued,CA1,49,0.001518
61,1,CA1-V1,uncued,CA1,50,0.142041
61,1,CA1-V1,uncued,CA1,51,0.030778
61,1,CA1-V1,uncued,CA1,52,0.011867
61,1,CA1-V1,uncued,CA1,53,0.023352
61,1,CA1-V1,uncued,CA1,54,0.033152
61,1,CA1-V1,uncued,CA1,55,0.664667
61,1,CA1-V1,uncued,CA1,56,0.022545
61,1,CA1-V1,uncued,CA1,57,0.567188
61,1,CA1-V1,uncued,V1,0,0.001602
61,1,CA1-V1,uncued,V1,1,0.085321
61,1,CA1-V1,uncued,V1,2,0.801114
61,1,CA1-V1,uncued,V1,3,0.78403
61,1,CA1-V1,uncued,V1,4,0.828092
61,1,CA1-V1,uncued,V1,5,0.012748
61,1,CA1-V1,uncued,V1,6,0.03882
61,1,CA1-V1,uncued,V1,7,0.006672
61,1,CA1-V1,uncued,V1,8,0.028158
61,1,CA1-V1,uncued,V1,9,0.076229
61,1,CA1-V1,uncued,V1,10,0.588119
61,1,CA1-V1,uncued,V1,11,0.003671
61,1,CA1-V1,uncued,V1,12,0.059818
61,1,CA1-V1,uncued,V1,13,0.062846
61,1,CA1-V1,uncued,V1,14,0.01598
61,1,CA1-V1,uncued,V1,15,0.010704
61,1,CA1-V1,uncued,V1,16,0.017168
61,1,CA1-V1,uncued,V1,17,0.018499
61,1,CA1-V1,uncued,V1,18,0.036688
61,1,CA1-V1,uncued,V1,19,0.196294
61,1,CA1-V1,uncued,V1,20,0.720221
61,1,CA1-V1,uncued,V1,21,0.003992
61,1,CA1-V1,uncued,V1,22,0.054959
61,1,CA1-V1,uncued,V1,23,0.428546
61,1,CA1-V1,uncued,V1,24,0.037436
61,1,CA1-V1,uncued,V1,25,0.008732
61,1,CA1-V1,uncued,V1,26,0.019865
61,1,CA1-V1,uncued,V1,27,0.028069
61,1,CA1-V1,uncued,V1,28,0.818211
61,1,CA1-V1,uncued,V1,29,0.162179
61,1,CA1-V1,uncued,V1,30,0.30206
61,1,CA1-V1,uncued,V1,31,0.250964
61,1,CA1-V1,uncued,V1,32,0.79038
61,1,CA1-V1,uncued,V1,33,0.049265
61,1,CA1-V1,uncued,V1,34,0.209315
61,1,CA1-V1,uncued,V1,35,0.599831
61,1,CA1-V1,uncued,V1,36,0.077042
61,1,CA1-V1,uncued,V1,37,0.216757
61,1,CA1-V1,uncued,V1,38,0.097495
61,1,CA1-V1,uncued,V1,39,0.077735
61,1,CA1-V1,uncued,V1,40,0.021746
61,1,CA1-V1,uncued,V1,41,0.024284
61,1,CA1-V1,uncued,V1,42,0.004324
61,1,CA1-V1,uncued,V1,43,0.792898
61,1,CA1-V1,uncued,V1,44,0.055293
61,1,CA1-V1,uncued,V1,45,0.018901
61,1,CA1-V1,uncued,V1,46,0.119453
61,1,CA1-V1,uncued,V1,47,0.623742
61,1,CA1-V1,uncued,V1,48,0.005383
61,1,CA1-V1,uncued,V1,49,0.052212
61,1,CA1-V1,uncued,V1,50,0.007895
61,1,CA1-V1,uncued,V1,51,0.017199
61,1,CA1-V1,uncued,V1,52,0.747037
61,1,CA1-V1,uncued,V1,53,0.009429
61,1,CA1-V1,uncued,V1,54,0.0
61,1,CA1-V1,uncued,V1,55,0.011361
61,1,CA1-V1,uncued,V1,56,0.004321
61,1,CA1-V1,uncued,V1,57,0.006915
61,1,CA1-V1,uncued,V1,58,0.016023
61,1,CA1-V1,uncued,V1,59,0.619135
61,1,CA1-V1,uncued,V1,60,0.005954
61,1,CA1-V1,uncued,V1,61,0.074635
61,1,CA1-V1,uncued,V1,62,0.837474
61,1,CA1-V1,uncued,V1,63,0.083392
61,1,CA1-V1,uncued,V1,64,0.719214
61,1,CA1-V1,uncued,V1,65,0.009092
61,1,CA1-V1,uncued,V1,66,0.027217
61,1,CA1-V1,uncued,V1,67,0.670842
61,1,CA1-V1,uncued,V1,68,0.01509
61,1,CA1-V1,uncued,V1,69,0.009351
61,1,CA1-V1,uncued,V1,70,0.072109
61,1,CA1-V1,uncued,V1,71,0.028456
61,1,CA1-V1,uncued,V1,72,0.03914
61,1,CA1-V1,uncued,V1,73,0.229162
61,1,CA1-V1,uncued,V1,74,0.172868
61,1,CA1-V1,uncued,V1,75,0.825403
61,1,CA1-V1,uncued,V1,76,0.174292
61,1,CA1-V1,uncued,V1,77,0.097731
61,1,CA1-V1,uncued,V1,78,0.02341
61,1,CA1-V1,uncued,V1,79,0.049124
61,1,CA1-V1,uncued,V1,80,0.00971
61,1,CA1-V1,uncued,V1,81,0.073514
61,1,CA1-V1,uncued,V1,82,0.009608
61,1,CA1-V1,uncued,V1,83,0.005066
61,1,CA1-V1,cued,CA1,0,0.070968
61,1,CA1-V1,cued,CA1,1,0.050528
61,1,CA1-V1,cued,CA1,2,0.070198
61,1,CA1-V1,cued,CA1,3,0.048886
61,1,CA1-V1,cued,CA1,4,0.324913
61,1,CA1-V1,cued,CA1,5,0.638841
61,1,CA1-V1,cued,CA1,6,0.030239
61,1,CA1-V1,cued,CA1,7,0.041505
61,1,CA1-V1,cued,CA1,8,0.069487
61,1,CA1-V1,cued,CA1,9,0.0055
61,1,CA1-V1,cued,CA1,10,0.642354
61,1,CA1-V1,cued,CA1,11,0.568302
61,1,CA1-V1,cued,CA1,12,0.023318
61,1,CA1-V1,cued,CA1,13,0.036376
61,1,CA1-V1,cued,CA1,14,0.089375
61,1,CA1-V1,cued,CA1,15,0.024366
61,1,CA1-V1,cued,CA1,16,0.046118
61,1,CA1-V1,cued,CA1,17,0.015196
61,1,CA1-V1,cued,CA1,18,0.241769
61,1,CA1-V1,cued,CA1,19,0.636514
61,1,CA1-V1,cued,CA1,20,0.017251
61,1,CA1-V1,cued,CA1,21,0.012452
61,1,CA1-V1,cued,CA1,22,0.057948
61,1,CA1-V1,cued,CA1,23,0.020876
61,1,CA1-V1,cued,CA1,24,0.075849
61,1,CA1-V1,cued,CA1,25,0.168744
61,1,CA1-V1,cued,CA1,26,0.0528
61,1,CA1-V1,cued,CA1,27,0.475264
61,1,CA1-V1,cued,CA1,28,0.010089
61,1,CA1-V1,cued,CA1,29,0.492446
61,1,CA1-V1,cued,CA1,30,0.042033
61,1,CA1-V1,cued,CA1,31,0.627446
61,1,CA1-V1,cued,CA1,32,0.623989
61,1,CA1-V1,cued,CA1,33,0.535633
61,1,CA1-V1,cued,CA1,34,0.646999
61,1,CA1-V1,cued,CA1,35,0.342195
61,1,CA1-V1,cued,CA1,36,0.566528
61,1,CA1-V1,cued,CA1,37,0.0242
61,1,CA1-V1,cued,CA1,38,0.394008
61,1,CA1-V1,cued,CA1,39,0.014281
61,1,CA1-V1,cued,CA1,40,0.011414
61,1,CA1-V1,cued,CA1,41,0.0
61,1,CA1-V1,cued,CA1,42,0.028983
61,1,CA1-V1,cued,CA1,43,0.018204
61,1,CA1-V1,cued,CA1,44,0.028306
61,1,CA1-V1,cued,CA1,45,0.034584
61,1,CA1-V1,cued,CA1,46,0.421409
61,1,CA1-V1,cued,CA1,47,0.026656
61,1,CA1-V1,cued,CA1,48,0.006094
61,1,CA1-V1,cued,CA1,49,0.353601
61,1,CA1-V1,cued,CA1,50,0.012518
61,1,CA1-V1,cued,CA1,51,0.010998
61,1,CA1-V1,cued,CA1,52,0.078113
61,1,CA1-V1,cued,CA1,53,0.01597
61,1,CA1-V1,cued,CA1,54,0.620551
61,1,CA1-V1,cued,CA1,55,0.306312
61,1,CA1-V1,cued,CA1,56,0.028304
61,1,CA1-V1,cued,CA1,57,0.013995
61,1,CA1-V1,cued,V1,0,0.009453
61,1,CA1-V1,cued,V1,1,0.042971
61,1,CA1-V1,cued,V1,2,0.696888
61,1,CA1-V1,cued,V1,3,0.130254
61,1,CA1-V1,cued,V1,4,0.063348
61,1,CA1-V1,cued,V1,5,0.028166
61,1,CA1-V1,cued,V1,6,0.017405
61,1,CA1-V1,cued,V1,7,0.026901
61,1,CA1-V1,cued,V1,8,0.648194
61,1,CA1-V1,cued,V1,9,0.106331
61,1,CA1-V1,cued,V1,10,0.197358
61,1,CA1-V1,cued,V1,11,0.026701
61,1,CA1-V1,cued,V1,12,0.10863
61,1,CA1-V1,cued,V1,13,0.133111
61,1,CA1-V1,cued,V1,14,0.009043
61,1,CA1-V1,cued,V1,15,0.0
61,1,CA1-V1,cued,V1,16,0.020795
61,1,CA1-V1,cued,V1,17,0.099893
61,1,CA1-V1,cued,V1,18,0.743923
61,1,CA1-V1,cued,V1,19,0.638921
61,1,CA1-V1,cued,V1,20,0.061766
61,1,CA1-V1,cued,V1,21,0.00892
61,1,CA1-V1,cued,V1,22,0.107539
61,1,CA1-V1,cued,V1,23,0.069932
61,1,CA1-V1,cued,V1,24,0.669152
61,1,CA1-V1,cued,V1,25,0.159325
61,1,CA1-V1,cued,V1,26,0.097695
61,1,CA1-V1,cued,V1,27,0.010265
61,1,CA1-V1,cued,V1,28,0.07114
61,1,CA1-V1,cued,V1,29,0.272841
61,1,CA1-V1,cued,V1,30,0.192106
61,1,CA1-V1,cued,V1,31,0.070081
61,1,CA1-V1,cued,V1,32,0.253149
61,1,CA1-V1,cued,V1,33,0.050304
61,1,CA1-V1,cued,V1,34,0.083788
61,1,CA1-V1,cued,V1,35,0.077024
61,1,CA1-V1,cued,V1,36,0.714684
61,1,CA1-V1,cued,V1,37,0.182212
61,1,CA1-V1,cued,V1,38,0.108683
61,1,CA1-V1,cued,V1,39,0.068633
61,1,CA1-V1,cued,V1,40,0.004571
61,1,CA1-V1,cued,V1,41,0.026583
61,1,CA1-V1,cued,V1,42,0.023417
61,1,CA1-V1,cued,V1,43,0.132147
61,1,CA1-V1,cued,V1,44,0.043775
61,1,CA1-V1,cued,V1,45,0.069868
61,1,CA1-V1,cued,V1,46,0.036226
61,1,CA1-V1,cued,V1,47,0.703096
61,1,CA1-V1,cued,V1,48,0.045535
61,1,CA1-V1,cued,V1,49,0.043271
61,1,CA1-V1,cued,V1,50,0.036596
61,1,CA1-V1,cued,V1,51,0.022635
61,1,CA1-V1,cued,V1,52,0.711359
61,1,CA1-V1,cued,V1,53,0.027532
61,1,CA1-V1,cued,V1,54,0.527987
61,1,CA1-V1,cued,V1,55,0.39972
61,1,CA1-V1,cued,V1,56,0.07845
61,1,CA1-V1,cued,V1,57,0.008533
61,1,CA1-V1,cued,V1,58,0.042332
61,1,CA1-V1,cued,V1,59,0.017233
61,1,CA1-V1,cued,V1,60,0.0
61,1,CA1-V1,cued,V1,61,0.054514
61,1,CA1-V1,cued,V1,62,0.726429
61,1,CA1-V1,cued,V1,63,0.184475
61,1,CA1-V1,cued,V1,64,0.019709
61,1,CA1-V1,cued,V1,65,0.002346
61,1,CA1-V1,cued,V1,66,0.052473
61,1,CA1-V1,cued,V1,67,0.708944
61,1,CA1-V1,cued,V1,68,0.011306
61,1,CA1-V1,cued,V1,69,0.029636
61,1,CA1-V1,cued,V1,70,0.030165
61,1,CA1-V1,cued,V1,71,0.172495
61,1,CA1-V1,cued,V1,72,0.104424
61,1,CA1-V1,cued,V1,73,0.591678
61,1,CA1-V1,cued,V1,74,0.106279
61,1,CA1-V1,cued,V1,75,0.094717
61,1,CA1-V1,cued,V1,76,0.698742
61,1,CA1-V1,cued,V1,77,0.690343
61,1,CA1-V1,cued,V1,78,0.023394
61,1,CA1-V1,cued,V1,79,0.0505
61,1,CA1-V1,cued,V1,80,0.045836
61,1,CA1-V1,cued,V1,81,0.026214
61,1,CA1-V1,cued,V1,82,0.013402
61,1,CA1-V1,cued,V1,83,0.264858
61,1,CA3-DG,uncued,CA3,0,0.221483
61,1,CA3-DG,uncued,CA3,1,0.089275
61,1,CA3-DG,uncued,CA3,2,0.633579
61,1,CA3-DG,uncued,CA3,3,0.705736
61,1,CA3-DG,uncued,CA3,4,0.128595
61,1,CA3-DG,uncued,CA3,5,0.010104
61,1,CA3-DG,uncued,CA3,6,0.796276
61,1,CA3-DG,uncued,CA3,7,0.676163
61,1,CA3-DG,uncued,CA3,8,0.051926
61,1,CA3-DG,uncued,CA3,9,0.688167
61,1,CA3-DG,uncued,CA3,10,0.88918
61,1,CA3-DG,uncued,CA3,11,0.592338
61,1,CA3-DG,uncued,CA3,12,0.021611
61,1,CA3-DG,uncued,CA3,13,0.260683
61,1,CA3-DG,uncued,CA3,14,0.87972
61,1,CA3-DG,uncued,CA3,15,0.170131
61,1,CA3-DG,uncued,CA3,16,0.820098
61,1,CA3-DG,uncued,CA3,17,0.937849
61,1,CA3-DG,uncued,CA3,18,0.0
61,1,CA3-DG,uncued,CA3,19,0.196985
61,1,CA3-DG,uncued,CA3,20,0.729851
61,1,CA3-DG,uncued,CA3,21,0.04911
61,1,CA3-DG,uncued,CA3,22,0.178613
61,1,CA3-DG,uncued,CA3,23,0.044868
61,1,CA3-DG,uncued,CA3,24,0.794885
61,1,CA3-DG,uncued,CA3,25,0.0
61,1,CA3-DG,uncued,CA3,26,0.607532
61,1,CA3-DG,uncued,CA3,27,0.205567
61,1,CA3-DG,uncued,CA3,28,0.0
61,1,CA3-DG,uncued,CA3,29,0.677675
61,1,CA3-DG,uncued,DG,0,0.928386
61,1,CA3-DG,uncued,DG,1,0.840426
61,1,CA3-DG,uncued,DG,2,0.550129
61,1,CA3-DG,uncued,DG,3,1.032086
61,1,CA3-DG,uncued,DG,4,0.561794
61,1,CA3-DG,uncued,DG,5,0.790837
61,1,CA3-DG,uncued,DG,6,0.872908
61,1,CA3-DG,uncued,DG,7,0.898765
61,1,CA3-DG,uncued,DG,8,0.835263
61,1,CA3-DG,uncued,DG,9,0.133466
61,1,CA3-DG,uncued,DG,10,0.831183
61,1,CA3-DG,uncued,DG,11,0.512691
61,1,CA3-DG,uncued,DG,12,1.009644
61,1,CA3-DG,uncued,DG,13,0.498158
61,1,CA3-DG,uncued,DG,14,0.765951
61,1,CA3-DG,uncued,DG,15,0.112491
61,1,CA3-DG,uncued,DG,16,0.024239
61,1,CA3-DG,uncued,DG,17,0.028201
61,1,CA3-DG,uncued,DG,18,0.0
61,1,CA3-DG,uncued,DG,19,0.0
61,1,CA3-DG,uncued,DG,20,0.0
61,1,CA3-DG,uncued,DG,21,0.63851
61,1,CA3-DG,uncued,DG,22,0.961
61,1,CA3-DG,uncued,DG,23,0.0
61,1,CA3-DG,uncued,DG,24,0.005587
61,1,CA3-DG,cued,CA3,0,0.251893
61,1,CA3-DG,cued,CA3,1,0.059247
61,1,CA3-DG,cued,CA3,2,0.593109
61,1,CA3-DG,cued,CA3,3,0.685313
61,1,CA3-DG,cued,CA3,4,0.327469
61,1,CA3-DG,cued,CA3,5,0.006987
61,1,CA3-DG,cued,CA3,6,0.807514
61,1,CA3-DG,cued,CA3,7,0.622535
61,1,CA3-DG,cued,CA3,8,0.062098
61,1,CA3-DG,cued,CA3,9,0.767773
61,1,CA3-DG,cued,CA3,10,0.722344
61,1,CA3-DG,cued,CA3,11,0.476013
61,1,CA3-DG,cued,CA3,12,0.01232
61,1,CA3-DG,cued,CA3,13,0.199117
61,1,CA3-DG,cued,CA3,14,0.872807
61,1,CA3-DG,cued,CA3,15,0.445194
61,1,CA3-DG,cued,CA3,16,0.825736
61,1,CA3-DG,cued,CA3,17,0.016936
61,1,CA3-DG,cued,CA3,18,0.716941
61,1,CA3-DG,cued,CA3,19,0.011284
61,1,CA3-DG,cued,CA3,20,0.856405
61,1,CA3-DG,cued,CA3,21,0.035636
61,1,CA3-DG,cued,CA3,22,0.386303
61,1,CA3-DG,cued,CA3,23,0.021204
61,1,CA3-DG,cued,CA3,24,0.809684
61,1,CA3-DG,cued,CA3,25,0.748718
61,1,CA3-DG,cued,CA3,26,0.828828
61,1,CA3-DG,cued,CA3,27,0.210146
61,1,CA3-DG,cued,CA3,28,0.0
61,1,CA3-DG,cued,CA3,29,0.706888
61,1,CA3-DG,cued,DG,0,0.678195
61,1,CA3-DG,cued,DG,1,0.355585
61,1,CA3-DG,cued,DG,2,0.083487
61,1,CA3-DG,cued,DG,3,0.008299
61,1,CA3-DG,cued,DG,4,0.928196
61,1,CA3-DG,cued,DG,5,0.798359
61,1,CA3-DG,cued,DG,6,0.766438
61,1,CA3-DG,cued,DG,7,0.603174
61,1,CA3-DG,cued,DG,8,0.755856
61,1,CA3-DG,cued,DG,9,0.073394
61,1,CA3-DG,cued,DG,10,0.710941
61,1,CA3-DG,cued,DG,11,0.233334
61,1,CA3-DG,cued,DG,12,0.786153
61,1,CA3-DG,cued,DG,13,0.786829
61,1,CA3-DG,cued,DG,14,0.896215
61,1,CA3-DG,cued,DG,15,0.75086
61,1,CA3-DG,cued,DG,16,0.053493
61,1,CA3-DG,cued,DG,17,0.921768
61,1,CA3-DG,cued,DG,18,0.0
61,1,CA3-DG,cued,DG,19,0.0
61,1,CA3-DG,cued,DG,20,0.587321
61,1,CA3-DG,cued,DG,21,0.670024
61,1,CA3-DG,cued,DG,22,0.796123
61,1,CA3-DG,cued,DG,23,0.005073
61,1,CA3-DG,cued,DG,24,0.970077
61,1,V1-RSC,uncued,V1,0,0.001371
61,1,V1-RSC,uncued,V1,1,0.086264
61,1,V1-RSC,uncued,V1,2,0.799673
61,1,V1-RSC,uncued,V1,3,0.78247
61,1,V1-RSC,uncued,V1,4,0.826177
61,1,V1-RSC,uncued,V1,5,0.013493
61,1,V1-RSC,uncued,V1,6,0.036486
61,1,V1-RSC,uncued,V1,7,0.006924
61,1,V1-RSC,uncued,V1,8,0.026949
61,1,V1-RSC,uncued,V1,9,0.074893
61,1,V1-RSC,uncued,V1,10,0.586559
61,1,V1-RSC,uncued,V1,11,0.003765
61,1,V1-RSC,uncued,V1,12,0.061098
61,1,V1-RSC,uncued,V1,13,0.061982
61,1,V1-RSC,uncued,V1,14,0.015676
61,1,V1-RSC,uncued,V1,15,0.013636
61,1,V1-RSC,uncued,V1,16,0.018264
61,1,V1-RSC,uncued,V1,17,0.017958
61,1,V1-RSC,uncued,V1,18,0.037067
61,1,V1-RSC,uncued,V1,19,0.206117
61,1,V1-RSC,uncued,V1,20,0.692581
61,1,V1-RSC,uncued,V1,21,0.003784
61,1,V1-RSC,uncued,V1,22,0.0551
61,1,V1-RSC,uncued,V1,23,0.41601
61,1,V1-RSC,uncued,V1,24,0.039798
61,1,V1-RSC,uncued,V1,25,0.009828
61,1,V1-RSC,uncued,V1,26,0.019781
61,1,V1-RSC,uncued,V1,27,0.029392
61,1,V1-RSC,uncued,V1,28,0.816491
61,1,V1-RSC,uncued,V1,29,0.166285
61,1,V1-RSC,uncued,V1,30,0.302246
61,1,V1-RSC,uncued,V1,31,0.256673
61,1,V1-RSC,uncued,V1,32,0.788923
61,1,V1-RSC,uncued,V1,33,0.048484
61,1,V1-RSC,uncued,V1,34,0.208392
61,1,V1-RSC,uncued,V1,35,0.602724
61,1,V1-RSC,uncued,V1,36,0.077112
61,1,V1-RSC,uncued,V1,37,0.222429
61,1,V1-RSC,uncued,V1,38,0.099395
61,1,V1-RSC,uncued,V1,39,0.076353
61,1,V1-RSC,uncued,V1,40,0.02139
61,1,V1-RSC,uncued,V1,41,0.023971
61,1,V1-RSC,uncued,V1,42,0.004226
61,1,V1-RSC,uncued,V1,43,0.788126
61,1,V1-RSC,uncued,V1,44,0.05475
61,1,V1-RSC,uncued,V1,45,0.020045
61,1,V1-RSC,uncued,V1,46,0.122325
61,1,V1-RSC,uncued,V1,47,0.621439
61,1,V1-RSC,uncued,V1,48,0.005622
61,1,V1-RSC,uncued,V1,49,0.049549
61,1,V1-RSC,uncued,V1,50,0.00899
61,1,V1-RSC,uncued,V1,51,0.017375
61,1,V1-RSC,uncued,V1,52,0.744214
61,1,V1-RSC,uncued,V1,53,0.009794
61,1,V1-RSC,uncued,V1,54,0.0
61,1,V1-RSC,uncued,V1,55,0.011235
61,1,V1-RSC,uncued,V1,56,0.004464
61,1,V1-RSC,uncued,V1,57,0.006428
61,1,V1-RSC,uncued,V1,58,0.016302
61,1,V1-RSC,uncued,V1,59,0.634026
61,1,V1-RSC,uncued,V1,60,0.006278
61,1,V1-RSC,uncued,V1,61,0.077745
61,1,V1-RSC,uncued,V1,62,0.8347
61,1,V1-RSC,uncued,V1,63,0.079364
61,1,V1-RSC,uncued,V1,64,0.717298
61,1,V1-RSC,uncued,V1,65,0.008896
61,1,V1-RSC,uncued,V1,66,0.027513
61,1,V1-RSC,uncued,V1,67,0.667842
61,1,V1-RSC,uncued,V1,68,0.014133
61,1,V1-RSC,uncued,V1,69,0.009471
61,1,V1-RSC,uncued,V1,70,0.073721
61,1,V1-RSC,uncued,V1,71,0.029918
61,1,V1-RSC,uncued,V1,72,0.045505
61,1,V1-RSC,uncued,V1,73,0.237136
61,1,V1-RSC,uncued,V1,74,0.170088
61,1,V1-RSC,uncued,V1,75,0.823515
61,1,V1-RSC,uncued,V1,76,0.183166
61,1,V1-RSC,uncued,V1,77,0.106833
61,1,V1-RSC,uncued,V1,78,0.025038
61,1,V1-RSC,uncued,V1,79,0.047766
61,1,V1-RSC,uncued,V1,80,0.010816
61,1,V1-RSC,uncued,V1,81,0.071196
61,1,V1-RSC,uncued,V1,82,0.009771
61,1,V1-RSC,uncued,V1,83,0.006492
61,1,V1-RSC,uncued,RSC,0,0.007288
61,1,V1-RSC,uncued,RSC,1,0.322602
61,1,V1-RSC,uncued,RSC,2,0.762839
61,1,V1-RSC,uncued,RSC,3,0.064395
61,1,V1-RSC,uncued,RSC,4,0.828212
61,1,V1-RSC,uncued,RSC,5,0.801066
61,1,V1-RSC,uncued,RSC,6,0.042464
61,1,V1-RSC,uncued,RSC,7,0.08082
61,1,V1-RSC,uncued,RSC,8,0.154479
61,1,V1-RSC,uncued,RSC,9,0.13245
61,1,V1-RSC,uncued,RSC,10,0.092626
61,1,V1-RSC,uncued,RSC,11,0.138017
61,1,V1-RSC,uncued,RSC,12,0.146229
61,1,V1-RSC,uncued,RSC,13,0.029659
61,1,V1-RSC,uncued,RSC,14,0.069033
61,1,V1-RSC,uncued,RSC,15,0.241967
61,1,V1-RSC,uncued,RSC,16,0.11272
61,1,V1-RSC,uncued,RSC,17,0.030668
61,1,V1-RSC,uncued,RSC,18,0.012941
61,1,V1-RSC,uncued,RSC,19,0.178903
61,1,V1-RSC,uncued,RSC,20,0.832908
61,1,V1-RSC,uncued,RSC,21,0.481367
61,1,V1-RSC,uncued,RSC,22,0.125685
61,1,V1-RSC,uncued,RSC,23,0.165018
61,1,V1-RSC,uncued,RSC,24,0.06073
61,1,V1-RSC,uncued,RSC,25,0.016354
61,1,V1-RSC,uncued,RSC,26,0.046417
61,1,V1-RSC,uncued,RSC,27,0.129555
61,1,V1-RSC,uncued,RSC,28,0.010411
61,1,V1-RSC,uncued,RSC,29,0.115769
61,1,V1-RSC,uncued,RSC,30,0.204149
61,1,V1-RSC,uncued,RSC,31,0.092906
61,1,V1-RSC,uncued,RSC,32,0.3152
61,1,V1-RSC,uncued,RSC,33,0.003672
61,1,V1-RSC,uncued,RSC,34,0.200742
61,1,V1-RSC,uncued,RSC,35,0.370516
61,1,V1-RSC,uncued,RSC,36,0.390226
61,1,V1-RSC,uncued,RSC,37,0.137409
61,1,V1-RSC,uncued,RSC,38,0.338526
61,1,V1-RSC,uncued,RSC,39,0.864449
61,1,V1-RSC,uncued,RSC,40,0.460325
61,1,V1-RSC,uncued,RSC,41,0.275927
61,1,V1-RSC,uncued,RSC,42,0.272299
61,1,V1-RSC,uncued,RSC,43,0.141756
61,1,V1-RSC,uncued,RSC,44,0.118924
61,1,V1-RSC,uncued,RSC,45,0.191325
61,1,V1-RSC,uncued,RSC,46,0.066319
61,1,V1-RSC,uncued,RSC,47,0.066952
61,1,V1-RSC,uncued,RSC,48,0.240468
61,1,V1-RSC,uncued,RSC,49,0.03215
61,1,V1-RSC,uncued,RSC,50,0.503412
61,1,V1-RSC,uncued,RSC,51,0.132693
61,1,V1-RSC,uncued,RSC,52,0.022308
61,1,V1-RSC,uncued,RSC,53,0.07852
61,1,V1-RSC,uncued,RSC,54,0.029652
61,1,V1-RSC,uncued,RSC,55,0.07696
61,1,V1-RSC,uncued,RSC,56,0.175624
61,1,V1-RSC,uncued,RSC,57,0.010018
61,1,V1-RSC,uncued,RSC,58,0.051312
61,1,V1-RSC,uncued,RSC,59,0.043697
61,1,V1-RSC,uncued,RSC,60,0.829392
61,1,V1-RSC,uncued,RSC,61,0.065176
61,1,V1-RSC,uncued,RSC,62,0.142516
61,1,V1-RSC,uncued,RSC,63,0.021302
61,1,V1-RSC,uncued,RSC,64,0.002954
61,1,V1-RSC,uncued,RSC,65,0.137907
61,1,V1-RSC,uncued,RSC,66,0.011577
61,1,V1-RSC,uncued,RSC,67,0.085755
61,1,V1-RSC,uncued,RSC,68,0.091604
61,1,V1-RSC,uncued,RSC,69,0.110413
61,1,V1-RSC,uncued,RSC,70,0.120854
61,1,V1-RSC,uncued,RSC,71,0.083833
61,1,V1-RSC,uncued,RSC,72,0.682858
61,1,V1-RSC,uncued,RSC,73,0.434718
61,1,V1-RSC,uncued,RSC,74,0.211213
61,1,V1-RSC,uncued,RSC,75,0.163135
61,1,V1-RSC,uncued,RSC,76,0.103485
61,1,V1-RSC,uncued,RSC,77,0.066644
61,1,V1-RSC,uncued,RSC,78,0.800746
61,1,V1-RSC,uncued,RSC,79,0.340854
61,1,V1-RSC,uncued,RSC,80,0.727843
61,1,V1-RSC,uncued,RSC,81,0.147092
61,1,V1-RSC,uncued,RSC,82,0.01849
61,1,V1-RSC,uncued,RSC,83,0.139483
61,1,V1-RSC,uncued,RSC,84,0.342889
61,1,V1-RSC,uncued,RSC,85,0.234023
61,1,V1-RSC,uncued,RSC,86,0.373865
61,1,V1-RSC,uncued,RSC,87,0.662151
61,1,V1-RSC,uncued,RSC,88,0.513697
61,1,V1-RSC,uncued,RSC,89,0.022003
61,1,V1-RSC,uncued,RSC,90,0.085333
61,1,V1-RSC,uncued,RSC,91,0.024338
61,1,V1-RSC,uncued,RSC,92,0.632777
61,1,V1-RSC,uncued,RSC,93,0.052782
61,1,V1-RSC,uncued,RSC,94,0.060727
61,1,V1-RSC,uncued,RSC,95,0.043335
61,1,V1-RSC,uncued,RSC,96,0.821357
61,1,V1-RSC,uncued,RSC,97,0.023366
61,1,V1-RSC,uncued,RSC,98,0.040133
61,1,V1-RSC,uncued,RSC,99,0.103336
61,1,V1-RSC,uncued,RSC,100,0.067181
61,1,V1-RSC,cued,V1,0,0.009645
61,1,V1-RSC,cued,V1,1,0.043422
61,1,V1-RSC,cued,V1,2,0.695339
61,1,V1-RSC,cued,V1,3,0.140744
61,1,V1-RSC,cued,V1,4,0.067102
61,1,V1-RSC,cued,V1,5,0.028077
61,1,V1-RSC,cued,V1,6,0.017317
61,1,V1-RSC,cued,V1,7,0.027568
61,1,V1-RSC,cued,V1,8,0.646449
61,1,V1-RSC,cued,V1,9,0.107963
61,1,V1-RSC,cued,V1,10,0.179616
61,1,V1-RSC,cued,V1,11,0.029425
61,1,V1-RSC,cued,V1,12,0.10901
61,1,V1-RSC,cued,V1,13,0.14538
61,1,V1-RSC,cued,V1,14,0.00822
61,1,V1-RSC,cued,V1,15,0.0
61,1,V1-RSC,cued,V1,16,0.020864
61,1,V1-RSC,cued,V1,17,0.107726
61,1,V1-RSC,cued,V1,18,0.742599
61,1,V1-RSC,cued,V1,19,0.636723
61,1,V1-RSC,cued,V1,20,0.064192
61,1,V1-RSC,cued,V1,21,0.00886
61,1,V1-RSC,cued,V1,22,0.108206
61,1,V1-RSC,cued,V1,23,0.072281
61,1,V1-RSC,cued,V1,24,0.663597
61,1,V1-RSC,cued,V1,25,0.155419
61,1,V1-RSC,cued,V1,26,0.094339
61,1,V1-RSC,cued,V1,27,0.010575
61,1,V1-RSC,cued,V1,28,0.069784
61,1,V1-RSC,cued,V1,29,0.272446
61,1,V1-RSC,cued,V1,30,0.198836
61,1,V1-RSC,cued,V1,31,0.06885
61,1,V1-RSC,cued,V1,32,0.248026
61,1,V1-RSC,cued,V1,33,0.054163
61,1,V1-RSC,cued,V1,34,0.094926
61,1,V1-RSC,cued,V1,35,0.078209
61,1,V1-RSC,cued,V1,36,0.711052
61,1,V1-RSC,cued,V1,37,0.182266
61,1,V1-RSC,cued,V1,38,0.108437
61,1,V1-RSC,cued,V1,39,0.073295
61,1,V1-RSC,cued,V1,40,0.00431
61,1,V1-RSC,cued,V1,41,0.028422
61,1,V1-RSC,cued,V1,42,0.023818
61,1,V1-RSC,cued,V1,43,0.134236
61,1,V1-RSC,cued,V1,44,0.044615
61,1,V1-RSC,cued,V1,45,0.070568
61,1,V1-RSC,cued,V1,46,0.037601
61,1,V1-RSC,cued,V1,47,0.697723
61,1,V1-RSC,cued,V1,48,0.046991
61,1,V1-RSC,cued,V1,49,0.044284
61,1,V1-RSC,cued,V1,50,0.034795
61,1,V1-RSC,cued,V1,51,0.02274
61,1,V1-RSC,cued,V1,52,0.703531
61,1,V1-RSC,cued,V1,53,0.027845
61,1,V1-RSC,cued,V1,54,0.525767
61,1,V1-RSC,cued,V1,55,0.398443
61,1,V1-RSC,cued,V1,56,0.079766
61,1,V1-RSC,cued,V1,57,0.009068
61,1,V1-RSC,cued,V1,58,0.041117
61,1,V1-RSC,cued,V1,59,0.016808
61,1,V1-RSC,cued,V1,60,0.0
61,1,V1-RSC,cued,V1,61,0.054802
61,1,V1-RSC,cued,V1,62,0.725656
61,1,V1-RSC,cued,V1,63,0.195018
61,1,V1-RSC,cued,V1,64,0.019268
61,1,V1-RSC,cued,V1,65,0.002308
61,1,V1-RSC,cued,V1,66,0.053975
61,1,V1-RSC,cued,V1,67,0.706353
61,1,V1-RSC,cued,V1,68,0.011274
61,1,V1-RSC,cued,V1,69,0.029189
61,1,V1-RSC,cued,V1,70,0.030317
61,1,V1-RSC,cued,V1,71,0.174412
61,1,V1-RSC,cued,V1,72,0.110081
61,1,V1-RSC,cued,V1,73,0.57994
61,1,V1-RSC,cued,V1,74,0.109755
61,1,V1-RSC,cued,V1,75,0.101481
61,1,V1-RSC,cued,V1,76,0.696893
61,1,V1-RSC,cued,V1,77,0.688461
61,1,V1-RSC,cued,V1,78,0.023866
61,1,V1-RSC,cued,V1,79,0.049956
61,1,V1-RSC,cued,V1,80,0.047786
61,1,V1-RSC,cued,V1,81,0.02268
61,1,V1-RSC,cued,V1,82,0.0141
61,1,V1-RSC,cued,V1,83,0.261963
61,1,V1-RSC,cued,RSC,0,0.010424
61,1,V1-RSC,cued,RSC,1,0.223461
61,1,V1-RSC,cued,RSC,2,0.317068
61,1,V1-RSC,cued,RSC,3,0.05664
61,1,V1-RSC,cued,RSC,4,0.721339
61,1,V1-RSC,cued,RSC,5,0.75267
61,1,V1-RSC,cued,RSC,6,0.056292
61,1,V1-RSC,cued,RSC,7,0.206812
61,1,V1-RSC,cued,RSC,8,0.077424
61,1,V1-RSC,cued,RSC,9,0.222321
61,1,V1-RSC,cued,RSC,10,0.292694
61,1,V1-RSC,cued,RSC,11,0.133448
61,1,V1-RSC,cued,RSC,12,0.144333
61,1,V1-RSC,cued,RSC,13,0.081389
61,1,V1-RSC,cued,RSC,14,0.741987
61,1,V1-RSC,cued,RSC,15,0.298622
61,1,V1-RSC,cued,RSC,16,0.1015
61,1,V1-RSC,cued,RSC,17,0.052298
61,1,V1-RSC,cued,RSC,18,0.023807
61,1,V1-RSC,cued,RSC,19,0.121007
61,1,V1-RSC,cued,RSC,20,0.122905
61,1,V1-RSC,cued,RSC,21,0.496121
61,1,V1-RSC,cued,RSC,22,0.075669
61,1,V1-RSC,cued,RSC,23,0.310266
61,1,V1-RSC,cued,RSC,24,0.082576
61,1,V1-RSC,cued,RSC,25,0.042819
61,1,V1-RSC,cued,RSC,26,0.069242
61,1,V1-RSC,cued,RSC,27,0.060061
61,1,V1-RSC,cued,RSC,28,0.0145
61,1,V1-RSC,cued,RSC,29,0.72805
61,1,V1-RSC,cued,RSC,30,0.257881
61,1,V1-RSC,cued,RSC,31,0.108346
61,1,V1-RSC,cued,RSC,32,0.352521
61,1,V1-RSC,cued,RSC,33,0.017459
61,1,V1-RSC,cued,RSC,34,0.216952
61,1,V1-RSC,cued,RSC,35,0.343533
61,1,V1-RSC,cued,RSC,36,0.36727
61,1,V1-RSC,cued,RSC,37,0.19923
61,1,V1-RSC,cued,RSC,38,0.351101
61,1,V1-RSC,cued,RSC,39,0.762371
61,1,V1-RSC,cued,RSC,40,0.404282
61,1,V1-RSC,cued,RSC,41,0.377063
61,1,V1-RSC,cued,RSC,42,0.164406
61,1,V1-RSC,cued,RSC,43,0.103432
61,1,V1-RSC,cued,RSC,44,0.070222
61,1,V1-RSC,cued,RSC,45,0.106506
61,1,V1-RSC,cued,RSC,46,0.068036
61,1,V1-RSC,cued,RSC,47,0.118951
61,1,V1-RSC,cued,RSC,48,0.231017
61,1,V1-RSC,cued,RSC,49,0.106731
61,1,V1-RSC,cued,RSC,50,0.259131
61,1,V1-RSC,cued,RSC,51,0.169831
61,1,V1-RSC,cued,RSC,52,0.405299
61,1,V1-RSC,cued,RSC,53,0.235904
61,1,V1-RSC,cued,RSC,54,0.019808
61,1,V1-RSC,cued,RSC,55,0.106307
61,1,V1-RSC,cued,RSC,56,0.18498
61,1,V1-RSC,cued,RSC,57,0.070434
61,1,V1-RSC,cued,RSC,58,0.131042
61,1,V1-RSC,cued,RSC,59,0.108422
61,1,V1-RSC,cued,RSC,60,0.277769
61,1,V1-RSC,cued,RSC,61,0.17293
61,1,V1-RSC,cued,RSC,62,0.084789
61,1,V1-RSC,cued,RSC,63,0.155358
61,1,V1-RSC,cued,RSC,64,0.045138
61,1,V1-RSC,cued,RSC,65,0.071472
61,1,V1-RSC,cued,RSC,66,0.007665
61,1,V1-RSC,cued,RSC,67,0.096608
61,1,V1-RSC,cued,RSC,68,0.103287
61,1,V1-RSC,cued,RSC,69,0.178202
61,1,V1-RSC,cued,RSC,70,0.237827
61,1,V1-RSC,cued,RSC,71,0.108695
61,1,V1-RSC,cued,RSC,72,0.055102
61,1,V1-RSC,cued,RSC,73,0.203982
61,1,V1-RSC,cued,RSC,74,0.164066
61,1,V1-RSC,cued,RSC,75,0.167131
61,1,V1-RSC,cued,RSC,76,0.05865
61,1,V1-RSC,cued,RSC,77,0.056949
61,1,V1-RSC,cued,RSC,78,0.104333
61,1,V1-RSC,cued,RSC,79,0.378487
61,1,V1-RSC,cued,RSC,80,0.604123
61,1,V1-RSC,cued,RSC,81,0.121435
61,1,V1-RSC,cued,RSC,82,0.021994
61,1,V1-RSC,cued,RSC,83,0.626462
61,1,V1-RSC,cued,RSC,84,0.26712
61,1,V1-RSC,cued,RSC,85,0.045368
61,1,V1-RSC,cued,RSC,86,0.379918
61,1,V1-RSC,cued,RSC,87,0.601914
61,1,V1-RSC,cued,RSC,88,0.383219
61,1,V1-RSC,cued,RSC,89,0.051095
61,1,V1-RSC,cued,RSC,90,0.743514
61,1,V1-RSC,cued,RSC,91,0.071637
61,1,V1-RSC,cued,RSC,92,0.704595
61,1,V1-RSC,cued,RSC,93,0.080827
61,1,V1-RSC,cued,RSC,94,0.069171
61,1,V1-RSC,cued,RSC,95,0.057082
61,1,V1-RSC,cued,RSC,96,0.740498
61,1,V1-RSC,cued,RSC,97,0.545934
61,1,V1-RSC,cued,RSC,98,0.447867
61,1,V1-RSC,cued,RSC,99,0.095735
61,1,V1-RSC,cued,RSC,100,0.068926
63,1,CA1-RSC,uncued,CA1,0,1.180792
63,1,CA1-RSC,uncued,CA1,1,1.435463
63,1,CA1-RSC,uncued,CA1,2,0.938409
63,1,CA1-RSC,uncued,CA1,3,1.247113
63,1,CA1-RSC,uncued,CA1,4,1.221661
63,1,CA1-RSC,uncued,CA1,5,0.968736
63,1,CA1-RSC,uncued,CA1,6,1.207889
63,1,CA1-RSC,uncued,CA1,7,1.249028
63,1,CA1-RSC,uncued,CA1,8,1.189938
63,1,CA1-RSC,uncued,CA1,9,0.854071
63,1,CA1-RSC,uncued,RSC,0,0.210143
63,1,CA1-RSC,uncued,RSC,1,0.105267
63,1,CA1-RSC,uncued,RSC,2,0.023844
63,1,CA1-RSC,uncued,RSC,3,0.024282
63,1,CA1-RSC,uncued,RSC,4,0.015017
63,1,CA1-RSC,uncued,RSC,5,0.035647
63,1,CA1-RSC,uncued,RSC,6,0.049047
63,1,CA1-RSC,uncued,RSC,7,0.801865
63,1,CA1-RSC,uncued,RSC,8,0.767261
63,1,CA1-RSC,uncued,RSC,9,0.824578
63,1,CA1-RSC,uncued,RSC,10,0.046765
63,1,CA1-RSC,uncued,RSC,11,0.112989
63,1,CA1-RSC,uncued,RSC,12,0.629117
63,1,CA1-RSC,uncued,RSC,13,0.132468
63,1,CA1-RSC,uncued,RSC,14,0.282059
63,1,CA1-RSC,uncued,RSC,15,0.601309
63,1,CA1-RSC,uncued,RSC,16,0.123495
63,1,CA1-RSC,uncued,RSC,17,0.477252
63,1,CA1-RSC,uncued,RSC,18,0.050383
63,1,CA1-RSC,uncued,RSC,19,0.05055
63,1,CA1-RSC,uncued,RSC,20,0.12993
63,1,CA1-RSC,uncued,RSC,21,0.436327
63,1,CA1-RSC,uncued,RSC,22,0.059278
63,1,CA1-RSC,uncued,RSC,23,0.008412
63,1,CA1-RSC,uncued,RSC,24,0.670065
63,1,CA1-RSC,uncued,RSC,25,0.010369
63,1,CA1-RSC,uncued,RSC,26,0.289221
63,1,CA1-RSC,uncued,RSC,27,0.317353
63,1,CA1-RSC,uncued,RSC,28,0.638611
63,1,CA1-RSC,uncued,RSC,29,0.749724
63,1,CA1-RSC,uncued,RSC,30,0.688624
63,1,CA1-RSC,uncued,RSC,31,0.422695
63,1,CA1-RSC,uncued,RSC,32,0.080902
63,1,CA1-RSC,uncued,RSC,33,0.076627
63,1,CA1-RSC,uncued,RSC,34,0.062528
63,1,CA1-RSC,uncued,RSC,35,0.527374
63,1,CA1-RSC,uncued,RSC,36,0.15696
63,1,CA1-RSC,uncued,RSC,37,0.649406
63,1,CA1-RSC,uncued,RSC,38,0.045498
63,1,CA1-RSC,uncued,RSC,39,0.277996
63,1,CA1-RSC,uncued,RSC,40,0.031666
63,1,CA1-RSC,uncued,RSC,41,0.01706
63,1,CA1-RSC,uncued,RSC,42,0.015488
63,1,CA1-RSC,uncued,RSC,43,0.026223
63,1,CA1-RSC,uncued,RSC,44,0.572554
63,1,CA1-RSC,uncued,RSC,45,0.285393
63,1,CA1-RSC,uncued,RSC,46,0.688003
63,1,CA1-RSC,uncued,RSC,47,0.001657
63,1,CA1-RSC,uncued,RSC,48,0.252896
63,1,CA1-RSC,uncued,RSC,49,0.009943
63,1,CA1-RSC,uncued,RSC,50,0.033143
63,1,CA1-RSC,cued,CA1,0,1.052074
63,1,CA1-RSC,cued,CA1,1,1.641015
63,1,CA1-RSC,cued,CA1,2,0.944223
63,1,CA1-RSC,cued,CA1,3,1.01001
63,1,CA1-RSC,cued,CA1,4,1.182992
63,1,CA1-RSC,cued,CA1,5,1.012627
63,1,CA1-RSC,cued,CA1,6,1.122929
63,1,CA1-RSC,cued,CA1,7,0.987564
63,1,CA1-RSC,cued,CA1,8,0.867092
63,1,CA1-RSC,cued,CA1,9,0.9288
63,1,CA1-RSC,cued,RSC,0,0.07885
63,1,CA1-RSC,cued,RSC,1,0.245634
63,1,CA1-RSC,cued,RSC,2,0.038302
63,1,CA1-RSC,cued,RSC,3,0.026253
63,1,CA1-RSC,cued,RSC,4,0.028593
63,1,CA1-RSC,cued,RSC,5,0.052017
63,1,CA1-RSC,cued,RSC,6,0.049497
63,1,CA1-RSC,cued,RSC,7,0.349039
63,1,CA1-RSC,cued,RSC,8,0.704449
63,1,CA1-RSC,cued,RSC,9,0.2485
63,1,CA1-RSC,cued,RSC,10,0.07568
63,1,CA1-RSC,cued,RSC,11,0.162496
63,1,CA1-RSC,cued,RSC,12,0.756163
63,1,CA1-RSC,cued,RSC,13,0.195621
63,1,CA1-RSC,cued,RSC,14,0.263657
63,1,CA1-RSC,cued,RSC,15,0.62115
63,1,CA1-RSC,cued,RSC,16,0.546286
63,1,CA1-RSC,cued,RSC,17,0.188321
63,1,CA1-RSC,cued,RSC,18,0.186039
63,1,CA1-RSC,cued,RSC,19,0.03845
63,1,CA1-RSC,cued,RSC,20,0.148526
63,1,CA1-RSC,cued,RSC,21,0.660896
63,1,CA1-RSC,cued,RSC,22,0.455279
63,1,CA1-RSC,cued,RSC,23,0.02588
63,1,CA1-RSC,cued,RSC,24,0.104633
63,1,CA1-RSC,cued,RSC,25,0.16205
63,1,CA1-RSC,cued,RSC,26,0.262563
63,1,CA1-RSC,cued,RSC,27,0.117212
63,1,CA1-RSC,cued,RSC,28,0.781638
63,1,CA1-RSC,cued,RSC,29,0.1807
63,1,CA1-RSC,cued,RSC,30,0.771165
63,1,CA1-RSC,cued,RSC,31,0.348929
63,1,CA1-RSC,cued,RSC,32,0.153683
63,1,CA1-RSC,cued,RSC,33,0.787521
63,1,CA1-RSC,cued,RSC,34,0.093714
63,1,CA1-RSC,cued,RSC,35,0.665769
63,1,CA1-RSC,cued,RSC,36,0.245322
63,1,CA1-RSC,cued,RSC,37,0.685877
63,1,CA1-RSC,cued,RSC,38,0.583486
63,1,CA1-RSC,cued,RSC,39,0.367744
63,1,CA1-RSC,cued,RSC,40,0.02757
63,1,CA1-RSC,cued,RSC,41,0.040772
63,1,CA1-RSC,cued,RSC,42,0.04044
63,1,CA1-RSC,cued,RSC,43,0.671944
63,1,CA1-RSC,cued,RSC,44,0.055837
63,1,CA1-RSC,cued,RSC,45,0.712086
63,1,CA1-RSC,cued,RSC,46,0.616802
63,1,CA1-RSC,cued,RSC,47,0.011875
63,1,CA1-RSC,cued,RSC,48,0.072736
63,1,CA1-RSC,cued,RSC,49,0.011961
63,1,CA1-RSC,cued,RSC,50,0.292393
66,1,CA1-RSC,uncued,CA1,0,0.697649
66,1,CA1-RSC,uncued,CA1,1,0.104332
66,1,CA1-RSC,uncued,CA1,2,0.852145
66,1,CA1-RSC,uncued,CA1,3,0.125506
66,1,CA1-RSC,uncued,CA1,4,1.233813
66,1,CA1-RSC,uncued,CA1,5,0.017654
66,1,CA1-RSC,uncued,CA1,6,0.007279
66,1,CA1-RSC,uncued,CA1,7,0.020252
66,1,CA1-RSC,uncued,CA1,8,0.011558
66,1,CA1-RSC,uncued,CA1,9,1.059121
66,1,CA1-RSC,uncued,CA1,10,0.770547
66,1,CA1-RSC,uncued,CA1,11,0.014541
66,1,CA1-RSC,uncued,CA1,12,0.017435
66,1,CA1-RSC,uncued,CA1,13,1.185342
66,1,CA1-RSC,uncued,CA1,14,0.711234
66,1,CA1-RSC,uncued,CA1,15,1.205279
66,1,CA1-RSC,uncued,CA1,16,0.849922
66,1,CA1-RSC,uncued,CA1,17,0.064755
66,1,CA1-RSC,uncued,CA1,18,1.247994
66,1,CA1-RSC,uncued,CA1,19,1.108314
66,1,CA1-RSC,uncued,CA1,20,1.054334
66,1,CA1-RSC,uncued,CA1,21,0.075341
66,1,CA1-RSC,uncued,CA1,22,1.126178
66,1,CA1-RSC,uncued,CA1,23,0.05173
66,1,CA1-RSC,uncued,CA1,24,1.247875
66,1,CA1-RSC,uncued,CA1,25,0.050402
66,1,CA1-RSC,uncued,CA1,26,0.042039
66,1,CA1-RSC,uncued,CA1,27,0.714718
66,1,CA1-RSC,uncued,RSC,0,0.974402
66,1,CA1-RSC,uncued,RSC,1,1.117957
66,1,CA1-RSC,uncued,RSC,2,0.829967
66,1,CA1-RSC,uncued,RSC,3,0.952326
66,1,CA1-RSC,uncued,RSC,4,1.230446
66,1,CA1-RSC,uncued,RSC,5,0.771796
66,1,CA1-RSC,uncued,RSC,6,1.570624
66,1,CA1-RSC,uncued,RSC,7,1.286999
66,1,CA1-RSC,uncued,RSC,8,0.65629
66,1,CA1-RSC,uncued,RSC,9,0.042042
66,1,CA1-RSC,uncued,RSC,10,0.652085
66,1,CA1-RSC,uncued,RSC,11,0.526911
66,1,CA1-RSC,uncued,RSC,12,1.370084
66,1,CA1-RSC,uncued,RSC,13,1.431311
66,1,CA1-RSC,uncued,RSC,14,1.307774
66,1,CA1-RSC,uncued,RSC,15,0.416497
66,1,CA1-RSC,cued,CA1,0,0.639284
66,1,CA1-RSC,cued,CA1,1,0.65212
66,1,CA1-RSC,cued,CA1,2,0.175054
66,1,CA1-RSC,cued,CA1,3,0.964649
66,1,CA1-RSC,cued,CA1,4,0.911655
66,1,CA1-RSC,cued,CA1,5,0.00448
66,1,CA1-RSC,cued,CA1,6,0.0
66,1,CA1-RSC,cued,CA1,7,0.002648
66,1,CA1-RSC,cued,CA1,8,0.069786
66,1,CA1-RSC,cued,CA1,9,0.629434
66,1,CA1-RSC,cued,CA1,10,0.667057
66,1,CA1-RSC,cued,CA1,11,0.011313
66,1,CA1-RSC,cued,CA1,12,0.009369
66,1,CA1-RSC,cued,CA1,13,1.045533
66,1,CA1-RSC,cued,CA1,14,1.127217
66,1,CA1-RSC,cued,CA1,15,0.564026
66,1,CA1-RSC,cued,CA1,16,0.695299
66,1,CA1-RSC,cued,CA1,17,0.033114
66,1,CA1-RSC,cued,CA1,18,0.394386
66,1,CA1-RSC,cued,CA1,19,0.735378
66,1,CA1-RSC,cued,CA1,20,1.03403
66,1,CA1-RSC,cued,CA1,21,0.013415
66,1,CA1-RSC,cued,CA1,22,0.781591
66,1,CA1-RSC,cued,CA1,23,0.05026
66,1,CA1-RSC,cued,CA1,24,0.067966
66,1,CA1-RSC,cued,CA1,25,1.072019
66,1,CA1-RSC,cued,CA1,26,1.080091
66,1,CA1-RSC,cued,CA1,27,0.748063
66,1,CA1-RSC,cued,RSC,0,0.476577
66,1,CA1-RSC,cued,RSC,1,0.576437
66,1,CA1-RSC,cued,RSC,2,1.077692
66,1,CA1-RSC,cued,RSC,3,0.959537
66,1,CA1-RSC,cued,RSC,4,0.969149
66,1,CA1-RSC,cued,RSC,5,1.175104
66,1,CA1-RSC,cued,RSC,6,1.349142
66,1,CA1-RSC,cued,RSC,7,0.762587
66,1,CA1-RSC,cued,RSC,8,0.734554
66,1,CA1-RSC,cued,RSC,9,0.86547
66,1,CA1-RSC,cued,RSC,10,0.84248
66,1,CA1-RSC,cued,RSC,11,0.767905
66,1,CA1-RSC,cued,RSC,12,0.003039
66,1,CA1-RSC,cued,RSC,13,0.992815
66,1,CA1-RSC,cued,RSC,14,0.91599
66,1,CA1-RSC,cued,RSC,15,0.407507
66,1,CA1-DG,uncued,CA1,0,0.694175
66,1,CA1-DG,uncued,CA1,1,0.106378
66,1,CA1-DG,uncued,CA1,2,0.850111
66,1,CA1-DG,uncued,CA1,3,0.129257
66,1,CA1-DG,uncued,CA1,4,1.231449
66,1,CA1-DG,uncued,CA1,5,0.016764
66,1,CA1-DG,uncued,CA1,6,0.007537
66,1,CA1-DG,uncued,CA1,7,0.020184
66,1,CA1-DG,uncued,CA1,8,0.011767
66,1,CA1-DG,uncued,CA1,9,1.059072
66,1,CA1-DG,uncued,CA1,10,0.769687
66,1,CA1-DG,uncued,CA1,11,0.014203
66,1,CA1-DG,uncued,CA1,12,0.018274
66,1,CA1-DG,uncued,CA1,13,1.181996
66,1,CA1-DG,uncued,CA1,14,0.710674
66,1,CA1-DG,uncued,CA1,15,1.200478
66,1,CA1-DG,uncued,CA1,16,0.849533
66,1,CA1-DG,uncued,CA1,17,0.071353
66,1,CA1-DG,uncued,CA1,18,1.244773
66,1,CA1-DG,uncued,CA1,19,1.106027
66,1,CA1-DG,uncued,CA1,20,1.051425
66,1,CA1-DG,uncued,CA1,21,0.074532
66,1,CA1-DG,uncued,CA1,22,1.124551
66,1,CA1-DG,uncued,CA1,23,0.051315
66,1,CA1-DG,uncued,CA1,24,1.246759
66,1,CA1-DG,uncued,CA1,25,0.051517
66,1,CA1-DG,uncued,CA1,26,0.042898
66,1,CA1-DG,uncued,CA1,27,0.708392
66,1,CA1-DG,uncued,DG,0,0.249282
66,1,CA1-DG,uncued,DG,1,0.888389
66,1,CA1-DG,uncued,DG,2,0.509472
66,1,CA1-DG,uncued,DG,3,0.053208
66,1,CA1-DG,uncued,DG,4,0.666986
66,1,CA1-DG,uncued,DG,5,0.831973
66,1,CA1-DG,uncued,DG,6,0.690213
66,1,CA1-DG,uncued,DG,7,0.523661
66,1,CA1-DG,uncued,DG,8,0.807465
66,1,CA1-DG,uncued,DG,9,0.7137
66,1,CA1-DG,uncued,DG,10,0.021546
66,1,CA1-DG,uncued,DG,11,0.654465
66,1,CA1-DG,uncued,DG,12,0.795779
66,1,CA1-DG,uncued,DG,13,0.55326
66,1,CA1-DG,uncued,DG,14,0.564194
66,1,CA1-DG,uncued,DG,15,0.350112
66,1,CA1-DG,uncued,DG,16,0.8169
66,1,CA1-DG,uncued,DG,17,0.856555
66,1,CA1-DG,uncued,DG,18,0.024941
66,1,CA1-DG,uncued,DG,19,0.485958
66,1,CA1-DG,uncued,DG,20,0.853417
66,1,CA1-DG,uncued,DG,21,0.029929
66,1,CA1-DG,uncued,DG,22,0.255397
66,1,CA1-DG,uncued,DG,23,0.236725
66,1,CA1-DG,uncued,DG,24,0.23034
66,1,CA1-DG,uncued,DG,25,0.285724
66,1,CA1-DG,uncued,DG,26,0.054688
66,1,CA1-DG,uncued,DG,27,0.27562
66,1,CA1-DG,uncued,DG,28,0.300723
66,1,CA1-DG,uncued,DG,29,0.308573
66,1,CA1-DG,uncued,DG,30,0.321856
66,1,CA1-DG,uncued,DG,31,0.196513
66,1,CA1-DG,uncued,DG,32,0.953482
66,1,CA1-DG,cued,CA1,0,0.634577
66,1,CA1-DG,cued,CA1,1,0.649909
66,1,CA1-DG,cued,CA1,2,0.191678
66,1,CA1-DG,cued,CA1,3,0.963712
66,1,CA1-DG,cued,CA1,4,0.910435
66,1,CA1-DG,cued,CA1,5,0.007313
66,1,CA1-DG,cued,CA1,6,0.002343
66,1,CA1-DG,cued,CA1,7,0.006577
66,1,CA1-DG,cued,CA1,8,0.073146
66,1,CA1-DG,cued,CA1,9,0.628422
66,1,CA1-DG,cued,CA1,10,0.665491
66,1,CA1-DG,cued,CA1,11,0.012208
66,1,CA1-DG,cued,CA1,12,0.00943
66,1,CA1-DG,cued,CA1,13,1.037496
66,1,CA1-DG,cued,CA1,14,1.12559
66,1,CA1-DG,cued,CA1,15,0.566995
66,1,CA1-DG,cued,CA1,16,0.694999
66,1,CA1-DG,cued,CA1,17,0.033232
66,1,CA1-DG,cued,CA1,18,0.395659
66,1,CA1-DG,cued,CA1,19,0.725416
66,1,CA1-DG,cued,CA1,20,1.032555
66,1,CA1-DG,cued,CA1,21,0.020679
66,1,CA1-DG,cued,CA1,22,0.77642
66,1,CA1-DG,cued,CA1,23,0.053456
66,1,CA1-DG,cued,CA1,24,0.074471
66,1,CA1-DG,cued,CA1,25,1.066955
66,1,CA1-DG,cued,CA1,26,1.078619
66,1,CA1-DG,cued,CA1,27,0.736859
66,1,CA1-DG,cued,DG,0,0.914139
66,1,CA1-DG,cued,DG,1,0.766151
66,1,CA1-DG,cued,DG,2,0.904406
66,1,CA1-DG,cued,DG,3,0.066321
66,1,CA1-DG,cued,DG,4,0.495518
66,1,CA1-DG,cued,DG,5,0.717043
66,1,CA1-DG,cued,DG,6,0.657634
66,1,CA1-DG,cued,DG,7,0.353865
66,1,CA1-DG,cued,DG,8,0.840094
66,1,CA1-DG,cued,DG,9,0.801014
66,1,CA1-DG,cued,DG,10,0.002487
66,1,CA1-DG,cued,DG,11,0.733482
66,1,CA1-DG,cued,DG,12,0.6902
66,1,CA1-DG,cued,DG,13,0.747523
66,1,CA1-DG,cued,DG,14,0.46852
66,1,CA1-DG,cued,DG,15,0.806666
66,1,CA1-DG,cued,DG,16,0.20852
66,1,CA1-DG,cued,DG,17,0.974411
66,1,CA1-DG,cued,DG,18,0.081525
66,1,CA1-DG,cued,DG,19,0.040023
66,1,CA1-DG,cued,DG,20,0.058415
66,1,CA1-DG,cued,DG,21,0.033879
66,1,CA1-DG,cued,DG,22,0.203798
66,1,CA1-DG,cued,DG,23,0.299238
66,1,CA1-DG,cued,DG,24,0.239599
66,1,CA1-DG,cued,DG,25,0.89968
66,1,CA1-DG,cued,DG,26,0.942522
66,1,CA1-DG,cued,DG,27,0.318013
66,1,CA1-DG,cued,DG,28,0.381865
66,1,CA1-DG,cued,DG,29,0.371911
66,1,CA1-DG,cued,DG,30,0.274317
66,1,CA1-DG,cued,DG,31,0.352984
66,1,CA1-DG,cued,DG,32,0.02791
66,1,CA1-V1,uncued,CA1,0,0.697725
66,1,CA1-V1,uncued,CA1,1,0.104636
66,1,CA1-V1,uncued,CA1,2,0.851942
66,1,CA1-V1,uncued,CA1,3,0.123025
66,1,CA1-V1,uncued,CA1,4,1.233885
66,1,CA1-V1,uncued,CA1,5,0.018499
66,1,CA1-V1,uncued,CA1,6,0.007351
66,1,CA1-V1,uncued,CA1,7,0.020994
66,1,CA1-V1,uncued,CA1,8,0.011796
66,1,CA1-V1,uncued,CA1,9,1.05946
66,1,CA1-V1,uncued,CA1,10,0.770356
66,1,CA1-V1,uncued,CA1,11,0.014597
66,1,CA1-V1,uncued,CA1,12,0.017718
66,1,CA1-V1,uncued,CA1,13,1.184844
66,1,CA1-V1,uncued,CA1,14,0.711019
66,1,CA1-V1,uncued,CA1,15,1.204838
66,1,CA1-V1,uncued,CA1,16,0.850367
66,1,CA1-V1,uncued,CA1,17,0.06702
66,1,CA1-V1,uncued,CA1,18,1.24722
66,1,CA1-V1,uncued,CA1,19,1.108552
66,1,CA1-V1,uncued,CA1,20,1.054537
66,1,CA1-V1,uncued,CA1,21,0.079187
66,1,CA1-V1,uncued,CA1,22,1.12586
66,1,CA1-V1,uncued,CA1,23,0.053089
66,1,CA1-V1,uncued,CA1,24,1.248027
66,1,CA1-V1,uncued,CA1,25,0.051622
66,1,CA1-V1,uncued,CA1,26,0.041967
66,1,CA1-V1,uncued,CA1,27,0.714863
66,1,CA1-V1,uncued,V1,0,1.175655
66,1,CA1-V1,uncued,V1,1,1.038203
66,1,CA1-V1,uncued,V1,2,0.980482
66,1,CA1-V1,uncued,V1,3,1.208977
66,1,CA1-V1,uncued,V1,4,0.931423
66,1,CA1-V1,uncued,V1,5,1.142296
66,1,CA1-V1,uncued,V1,6,1.080978
66,1,CA1-V1,uncued,V1,7,1.012928
66,1,CA1-V1,uncued,V1,8,0.938652
66,1,CA1-V1,uncued,V1,9,0.954418
66,1,CA1-V1,uncued,V1,10,0.953703
66,1,CA1-V1,uncued,V1,11,1.105886
66,1,CA1-V1,uncued,V1,12,0.566525
66,1,CA1-V1,uncued,V1,13,0.871345
66,1,CA1-V1,uncued,V1,14,0.151495
66,1,CA1-V1,uncued,V1,15,0.06108
66,1,CA1-V1,uncued,V1,16,0.048123
66,1,CA1-V1,uncued,V1,17,0.478458
66,1,CA1-V1,uncued,V1,18,1.265377
66,1,CA1-V1,cued,CA1,0,0.639141
66,1,CA1-V1,cued,CA1,1,0.652
66,1,CA1-V1,cued,CA1,2,0.168256
66,1,CA1-V1,cued,CA1,3,0.963798
66,1,CA1-V1,cued,CA1,4,0.911778
66,1,CA1-V1,cued,CA1,5,0.004592
66,1,CA1-V1,cued,CA1,6,0.0
66,1,CA1-V1,cued,CA1,7,0.002677
66,1,CA1-V1,cued,CA1,8,0.06927
66,1,CA1-V1,cued,CA1,9,0.62943
66,1,CA1-V1,cued,CA1,10,0.666878
66,1,CA1-V1,cued,CA1,11,0.011067
66,1,CA1-V1,cued,CA1,12,0.00897
66,1,CA1-V1,cued,CA1,13,1.044095
66,1,CA1-V1,cued,CA1,14,1.126729
66,1,CA1-V1,cued,CA1,15,0.563662
66,1,CA1-V1,cued,CA1,16,0.695138
66,1,CA1-V1,cued,CA1,17,0.03272
66,1,CA1-V1,cued,CA1,18,0.396777
66,1,CA1-V1,cued,CA1,19,0.735087
66,1,CA1-V1,cued,CA1,20,1.034366
66,1,CA1-V1,cued,CA1,21,0.013344
66,1,CA1-V1,cued,CA1,22,0.780901
66,1,CA1-V1,cued,CA1,23,0.049949
66,1,CA1-V1,cued,CA1,24,0.06727
66,1,CA1-V1,cued,CA1,25,1.072321
66,1,CA1-V1,cued,CA1,26,1.079004
66,1,CA1-V1,cued,CA1,27,0.748564
66,1,CA1-V1,cued,V1,0,0.116762
66,1,CA1-V1,cued,V1,1,0.994432
66,1,CA1-V1,cued,V1,2,0.801808
66,1,CA1-V1,cued,V1,3,0.664813
66,1,CA1-V1,cued,V1,4,0.962718
66,1,CA1-V1,cued,V1,5,1.046498
66,1,CA1-V1,cued,V1,6,0.958077
66,1,CA1-V1,cued,V1,7,1.055723
66,1,CA1-V1,cued,V1,8,0.848632
66,1,CA1-V1,cued,V1,9,0.877332
66,1,CA1-V1,cued,V1,10,1.003251
66,1,CA1-V1,cued,V1,11,0.984516
66,1,CA1-V1,cued,V1,12,0.866697
66,1,CA1-V1,cued,V1,13,0.878905
66,1,CA1-V1,cued,V1,14,0.265801
66,1,CA1-V1,cued,V1,15,0.73847
66,1,CA1-V1,cued,V1,16,0.142564
66,1,CA1-V1,cued,V1,17,1.065303
66,1,CA1-V1,cued,V1,18,0.235607
66,1,CA1-SUB,uncued,CA1,0,0.685553
66,1,CA1-SUB,uncued,CA1,1,0.085802
66,1,CA1-SUB,uncued,CA1,2,0.751387
66,1,CA1-SUB,uncued,CA1,3,0.103515
66,1,CA1-SUB,uncued,CA1,4,1.048923
66,1,CA1-SUB,uncued,CA1,5,0.017968
66,1,CA1-SUB,uncued,CA1,6,0.007288
66,1,CA1-SUB,uncued,CA1,7,0.020466
66,1,CA1-SUB,uncued,CA1,8,0.011182
66,1,CA1-SUB,uncued,CA1,9,1.02498
66,1,CA1-SUB,uncued,CA1,10,0.631865
66,1,CA1-SUB,uncued,CA1,11,0.014387
66,1,CA1-SUB,uncued,CA1,12,0.018127
66,1,CA1-SUB,uncued,CA1,13,1.104511
66,1,CA1-SUB,uncued,CA1,14,0.665668
66,1,CA1-SUB,uncued,CA1,15,1.198578
66,1,CA1-SUB,uncued,CA1,16,0.80557
66,1,CA1-SUB,uncued,CA1,17,0.062308
66,1,CA1-SUB,uncued,CA1,18,1.212888
66,1,CA1-SUB,uncued,CA1,19,1.024496
66,1,CA1-SUB,uncued,CA1,20,0.974546
66,1,CA1-SUB,uncued,CA1,21,0.074923
66,1,CA1-SUB,uncued,CA1,22,1.017422
66,1,CA1-SUB,uncued,CA1,23,0.045082
66,1,CA1-SUB,uncued,CA1,24,1.174753
66,1,CA1-SUB,uncued,CA1,25,0.048065
66,1,CA1-SUB,uncued,CA1,26,0.0417
66,1,CA1-SUB,uncued,CA1,27,0.680165
66,1,CA1-SUB,uncued,SUB,0,1.048454
66,1,CA1-SUB,uncued,SUB,1,0.936142
66,1,CA1-SUB,uncued,SUB,2,1.066779
66,1,CA1-SUB,uncued,SUB,3,1.064105
66,1,CA1-SUB,uncued,SUB,4,0.996358
66,1,CA1-SUB,uncued,SUB,5,1.251844
66,1,CA1-SUB,uncued,SUB,6,1.02685
66,1,CA1-SUB,uncued,SUB,7,0.973147
66,1,CA1-SUB,uncued,SUB,8,1.178862
66,1,CA1-SUB,uncued,SUB,9,0.96157
66,1,CA1-SUB,uncued,SUB,10,1.094139
66,1,CA1-SUB,uncued,SUB,11,0.922316
66,1,CA1-SUB,uncued,SUB,12,1.197163
66,1,CA1-SUB,cued,CA1,0,0.636628
66,1,CA1-SUB,cued,CA1,1,0.651718
66,1,CA1-SUB,cued,CA1,2,0.161417
66,1,CA1-SUB,cued,CA1,3,0.894625
66,1,CA1-SUB,cued,CA1,4,0.879482
66,1,CA1-SUB,cued,CA1,5,0.004231
66,1,CA1-SUB,cued,CA1,6,0.0
66,1,CA1-SUB,cued,CA1,7,0.002439
66,1,CA1-SUB,cued,CA1,8,0.049161
66,1,CA1-SUB,cued,CA1,9,0.518394
66,1,CA1-SUB,cued,CA1,10,0.556891
66,1,CA1-SUB,cued,CA1,11,0.011111
66,1,CA1-SUB,cued,CA1,12,0.00856
66,1,CA1-SUB,cued,CA1,13,1.038859
66,1,CA1-SUB,cued,CA1,14,1.120277
66,1,CA1-SUB,cued,CA1,15,0.504331
66,1,CA1-SUB,cued,CA1,16,0.554487
66,1,CA1-SUB,cued,CA1,17,0.030994
66,1,CA1-SUB,cued,CA1,18,0.283959
66,1,CA1-SUB,cued,CA1,19,0.666158
66,1,CA1-SUB,cued,CA1,20,0.988363
66,1,CA1-SUB,cued,CA1,21,0.011007
66,1,CA1-SUB,cued,CA1,22,0.77304
66,1,CA1-SUB,cued,CA1,23,0.047499
66,1,CA1-SUB,cued,CA1,24,0.050135
66,1,CA1-SUB,cued,CA1,25,0.774689
66,1,CA1-SUB,cued,CA1,26,1.072859
66,1,CA1-SUB,cued,CA1,27,0.733112
66,1,CA1-SUB,cued,SUB,0,0.999248
66,1,CA1-SUB,cued,SUB,1,0.9504
66,1,CA1-SUB,cued,SUB,2,1.050805
66,1,CA1-SUB,cued,SUB,3,0.991494
66,1,CA1-SUB,cued,SUB,4,0.972167
66,1,CA1-SUB,cued,SUB,5,0.868313
66,1,CA1-SUB,cued,SUB,6,0.876171
66,1,CA1-SUB,cued,SUB,7,1.039989
66,1,CA1-SUB,cued,SUB,8,1.161464
66,1,CA1-SUB,cued,SUB,9,0.909133
66,1,CA1-SUB,cued,SUB,10,1.039506
66,1,CA1-SUB,cued,SUB,11,1.008979
66,1,CA1-SUB,cued,SUB,12,0.676917
66,1,RSC-SUB,uncued,RSC,0,0.817239
66,1,RSC-SUB,uncued,RSC,1,1.038463
66,1,RSC-SUB,uncued,RSC,2,0.828017
66,1,RSC-SUB,uncued,RSC,3,0.890672
66,1,RSC-SUB,uncued,RSC,4,1.154652
66,1,RSC-SUB,uncued,RSC,5,0.718505
66,1,RSC-SUB,uncued,RSC,6,1.559858
66,1,RSC-SUB,uncued,RSC,7,1.182448
66,1,RSC-SUB,uncued,RSC,8,0.545003
66,1,RSC-SUB,uncued,RSC,9,0.050296
66,1,RSC-SUB,uncued,RSC,10,0.643328
66,1,RSC-SUB,uncued,RSC,11,0.518812
66,1,RSC-SUB,uncued,RSC,12,1.343195
66,1,RSC-SUB,uncued,RSC,13,1.413604
66,1,RSC-SUB,uncued,RSC,14,1.239824
66,1,RSC-SUB,uncued,RSC,15,0.292184
66,1,RSC-SUB,uncued,SUB,0,1.04985
66,1,RSC-SUB,uncued,SUB,1,0.938983
66,1,RSC-SUB,uncued,SUB,2,1.068472
66,1,RSC-SUB,uncued,SUB,3,1.065575
66,1,RSC-SUB,uncued,SUB,4,0.996745
66,1,RSC-SUB,uncued,SUB,5,1.251838
66,1,RSC-SUB,uncued,SUB,6,1.025227
66,1,RSC-SUB,uncued,SUB,7,0.973428
66,1,RSC-SUB,uncued,SUB,8,1.188715
66,1,RSC-SUB,uncued,SUB,9,0.96253
66,1,RSC-SUB,uncued,SUB,10,1.096457
66,1,RSC-SUB,uncued,SUB,11,0.923016
66,1,RSC-SUB,uncued,SUB,12,1.1946
66,1,RSC-SUB,cued,RSC,0,0.469928
66,1,RSC-SUB,cued,RSC,1,0.503179
66,1,RSC-SUB,cued,RSC,2,1.071842
66,1,RSC-SUB,cued,RSC,3,0.921028
66,1,RSC-SUB,cued,RSC,4,0.962285
66,1,RSC-SUB,cued,RSC,5,0.864626
66,1,RSC-SUB,cued,RSC,6,1.32997
66,1,RSC-SUB,cued,RSC,7,0.756501
66,1,RSC-SUB,cued,RSC,8,0.680085
66,1,RSC-SUB,cued,RSC,9,0.829255
66,1,RSC-SUB,cued,RSC,10,0.633251
66,1,RSC-SUB,cued,RSC,11,0.685929
66,1,RSC-SUB,cued,RSC,12,0.003067
66,1,RSC-SUB,cued,RSC,13,0.969508
66,1,RSC-SUB,cued,RSC,14,0.818738
66,1,RSC-SUB,cued,RSC,15,0.408102
66,1,RSC-SUB,cued,SUB,0,1.000324
66,1,RSC-SUB,cued,SUB,1,0.951218
66,1,RSC-SUB,cued,SUB,2,1.053738
66,1,RSC-SUB,cued,SUB,3,0.993299
66,1,RSC-SUB,cued,SUB,4,0.973704
66,1,RSC-SUB,cued,SUB,5,0.868715
66,1,RSC-SUB,cued,SUB,6,0.876353
66,1,RSC-SUB,cued,SUB,7,1.04016
66,1,RSC-SUB,cued,SUB,8,1.162203
66,1,RSC-SUB,cued,SUB,9,0.910598
66,1,RSC-SUB,cued,SUB,10,1.041055
66,1,RSC-SUB,cued,SUB,11,1.00936
66,1,RSC-SUB,cued,SUB,12,0.677202
66,1,V1-RSC,uncued,V1,0,1.17589
66,1,V1-RSC,uncued,V1,1,1.038484
66,1,V1-RSC,uncued,V1,2,0.981986
66,1,V1-RSC,uncued,V1,3,1.212701
66,1,V1-RSC,uncued,V1,4,0.932187
66,1,V1-RSC,uncued,V1,5,1.15187
66,1,V1-RSC,uncued,V1,6,1.08129
66,1,V1-RSC,uncued,V1,7,1.013512
66,1,V1-RSC,uncued,V1,8,0.939351
66,1,V1-RSC,uncued,V1,9,0.954849
66,1,V1-RSC,uncued,V1,10,0.954364
66,1,V1-RSC,uncued,V1,11,1.10436
66,1,V1-RSC,uncued,V1,12,0.569029
66,1,V1-RSC,uncued,V1,13,0.868393
66,1,V1-RSC,uncued,V1,14,0.149487
66,1,V1-RSC,uncued,V1,15,0.058007
66,1,V1-RSC,uncued,V1,16,0.040924
66,1,V1-RSC,uncued,V1,17,0.472529
66,1,V1-RSC,uncued,V1,18,1.267121
66,1,V1-RSC,uncued,RSC,0,0.974341
66,1,V1-RSC,uncued,RSC,1,1.11806
66,1,V1-RSC,uncued,RSC,2,0.830842
66,1,V1-RSC,uncued,RSC,3,0.952657
66,1,V1-RSC,uncued,RSC,4,1.231885
66,1,V1-RSC,uncued,RSC,5,0.769606
66,1,V1-RSC,uncued,RSC,6,1.575889
66,1,V1-RSC,uncued,RSC,7,1.288663
66,1,V1-RSC,uncued,RSC,8,0.657636
66,1,V1-RSC,uncued,RSC,9,0.051575
66,1,V1-RSC,uncued,RSC,10,0.653052
66,1,V1-RSC,uncued,RSC,11,0.526863
66,1,V1-RSC,uncued,RSC,12,1.37142
66,1,V1-RSC,uncued,RSC,13,1.431464
66,1,V1-RSC,uncued,RSC,14,1.307288
66,1,V1-RSC,uncued,RSC,15,0.416225
66,1,V1-RSC,cued,V1,0,0.117704
66,1,V1-RSC,cued,V1,1,0.994355
66,1,V1-RSC,cued,V1,2,0.802531
66,1,V1-RSC,cued,V1,3,0.665559
66,1,V1-RSC,cued,V1,4,0.963326
66,1,V1-RSC,cued,V1,5,1.047027
66,1,V1-RSC,cued,V1,6,0.956949
66,1,V1-RSC,cued,V1,7,1.057845
66,1,V1-RSC,cued,V1,8,0.848382
66,1,V1-RSC,cued,V1,9,0.877649
66,1,V1-RSC,cued,V1,10,1.004621
66,1,V1-RSC,cued,V1,11,0.984865
66,1,V1-RSC,cued,V1,12,0.867224
66,1,V1-RSC,cued,V1,13,0.8796
66,1,V1-RSC,cued,V1,14,0.303435
66,1,V1-RSC,cued,V1,15,0.738442
66,1,V1-RSC,cued,V1,16,0.148569
66,1,V1-RSC,cued,V1,17,1.053155
66,1,V1-RSC,cued,V1,18,0.230894
66,1,V1-RSC,cued,RSC,0,0.476397
66,1,V1-RSC,cued,RSC,1,0.576619
66,1,V1-RSC,cued,RSC,2,1.078569
66,1,V1-RSC,cued,RSC,3,0.959805
66,1,V1-RSC,cued,RSC,4,0.969927
66,1,V1-RSC,cued,RSC,5,1.174449
66,1,V1-RSC,cued,RSC,6,1.349291
66,1,V1-RSC,cued,RSC,7,0.762778
66,1,V1-RSC,cued,RSC,8,0.734967
66,1,V1-RSC,cued,RSC,9,0.86459
66,1,V1-RSC,cued,RSC,10,0.843084
66,1,V1-RSC,cued,RSC,11,0.766763
66,1,V1-RSC,cued,RSC,12,0.003042
66,1,V1-RSC,cued,RSC,13,0.992495
66,1,V1-RSC,cued,RSC,14,0.916106
66,1,V1-RSC,cued,RSC,15,0.408085
68,1,CA1-RSC,uncued,CA1,0,0.636303
68,1,CA1-RSC,uncued,CA1,1,0.992966
68,1,CA1-RSC,uncued,CA1,2,0.994381
68,1,CA1-RSC,uncued,CA1,3,0.766147
68,1,CA1-RSC,uncued,CA1,4,1.083176
68,1,CA1-RSC,uncued,CA1,5,2.690792
68,1,CA1-RSC,uncued,CA1,6,0.669094
68,1,CA1-RSC,uncued,CA1,7,0.753927
68,1,CA1-RSC,uncued,CA1,8,0.858247
68,1,CA1-RSC,uncued,CA1,9,1.182625
68,1,CA1-RSC,uncued,CA1,10,0.441807
68,1,CA1-RSC,uncued,CA1,11,0.741304
68,1,CA1-RSC,uncued,CA1,12,0.581909
68,1,CA1-RSC,uncued,CA1,13,1.43558
68,1,CA1-RSC,uncued,CA1,14,0.663105
68,1,CA1-RSC,uncued,CA1,15,0.020804
68,1,CA1-RSC,uncued,RSC,0,1.252002
68,1,CA1-RSC,uncued,RSC,1,26.530032
68,1,CA1-RSC,uncued,RSC,2,2.07558
68,1,CA1-RSC,uncued,RSC,3,1.180588
68,1,CA1-RSC,uncued,RSC,4,0.869191
68,1,CA1-RSC,uncued,RSC,5,0.988426
68,1,CA1-RSC,uncued,RSC,6,1.095624
68,1,CA1-RSC,uncued,RSC,7,1.090421
68,1,CA1-RSC,uncued,RSC,8,0.972033
68,1,CA1-RSC,uncued,RSC,9,1.222907
68,1,CA1-RSC,uncued,RSC,10,2.865397
68,1,CA1-RSC,cued,CA1,0,0.717736
68,1,CA1-RSC,cued,CA1,1,0.820452
68,1,CA1-RSC,cued,CA1,2,0.95033
68,1,CA1-RSC,cued,CA1,3,0.696144
68,1,CA1-RSC,cued,CA1,4,1.034792
68,1,CA1-RSC,cued,CA1,5,1.226891
68,1,CA1-RSC,cued,CA1,6,0.782804
68,1,CA1-RSC,cued,CA1,7,0.598504
68,1,CA1-RSC,cued,CA1,8,1.01592
68,1,CA1-RSC,cued,CA1,9,1.009285
68,1,CA1-RSC,cued,CA1,10,0.646165
68,1,CA1-RSC,cued,CA1,11,0.65571
68,1,CA1-RSC,cued,CA1,12,0.540504
68,1,CA1-RSC,cued,CA1,13,1.036025
68,1,CA1-RSC,cued,CA1,14,0.326298
68,1,CA1-RSC,cued,CA1,15,0.004804
68,1,CA1-RSC,cued,RSC,0,0.870647
68,1,CA1-RSC,cued,RSC,1,0.989016
68,1,CA1-RSC,cued,RSC,2,0.741184
68,1,CA1-RSC,cued,RSC,3,1.052042
68,1,CA1-RSC,cued,RSC,4,0.861875
68,1,CA1-RSC,cued,RSC,5,0.930305
68,1,CA1-RSC,cued,RSC,6,1.100179
68,1,CA1-RSC,cued,RSC,7,0.644868
68,1,CA1-RSC,cued,RSC,8,0.85473
68,1,CA1-RSC,cued,RSC,9,1.079327
68,1,CA1-RSC,cued,RSC,10,1.799237
68,1,CA1-CA3,uncued,CA1,0,0.391321
68,1,CA1-CA3,uncued,CA1,1,0.972796
68,1,CA1-CA3,uncued,CA1,2,0.965669
68,1,CA1-CA3,uncued,CA1,3,0.94465
68,1,CA1-CA3,uncued,CA1,4,1.114506
68,1,CA1-CA3,uncued,CA1,5,2.065109
68,1,CA1-CA3,uncued,CA1,6,0.780022
68,1,CA1-CA3,uncued,CA1,7,0.703648
68,1,CA1-CA3,uncued,CA1,8,0.975533
68,1,CA1-CA3,uncued,CA1,9,1.201731
68,1,CA1-CA3,uncued,CA1,10,0.678027
68,1,CA1-CA3,uncued,CA1,11,0.399483
68,1,CA1-CA3,uncued,CA1,12,0.437889
68,1,CA1-CA3,uncued,CA1,13,1.679275
68,1,CA1-CA3,uncued,CA1,14,0.377151
68,1,CA1-CA3,uncued,CA1,15,0.0
68,1,CA1-CA3,uncued,CA3,0,1.026534
68,1,CA1-CA3,uncued,CA3,1,0.93657
68,1,CA1-CA3,uncued,CA3,2,1.174978
68,1,CA1-CA3,uncued,CA3,3,1.065123
68,1,CA1-CA3,uncued,CA3,4,1.069482
68,1,CA1-CA3,uncued,CA3,5,2.556199
68,1,CA1-CA3,uncued,CA3,6,1.38255
68,1,CA1-CA3,uncued,CA3,7,0.971966
68,1,CA1-CA3,uncued,CA3,8,0.821126
68,1,CA1-CA3,uncued,CA3,9,0.977989
68,1,CA1-CA3,cued,CA1,0,0.557307
68,1,CA1-CA3,cued,CA1,1,0.899325
68,1,CA1-CA3,cued,CA1,2,1.081197
68,1,CA1-CA3,cued,CA1,3,0.827873
68,1,CA1-CA3,cued,CA1,4,0.813669
68,1,CA1-CA3,cued,CA1,5,1.484207
68,1,CA1-CA3,cued,CA1,6,0.541105
68,1,CA1-CA3,cued,CA1,7,0.695847
68,1,CA1-CA3,cued,CA1,8,1.011927
68,1,CA1-CA3,cued,CA1,9,0.976294
68,1,CA1-CA3,cued,CA1,10,0.393882
68,1,CA1-CA3,cued,CA1,11,0.56755
68,1,CA1-CA3,cued,CA1,12,0.429874
68,1,CA1-CA3,cued,CA1,13,0.929541
68,1,CA1-CA3,cued,CA1,14,0.327534
68,1,CA1-CA3,cued,CA1,15,0.004224
68,1,CA1-CA3,cued,CA3,0,1.087057
68,1,CA1-CA3,cued,CA3,1,1.010271
68,1,CA1-CA3,cued,CA3,2,1.330372
68,1,CA1-CA3,cued,CA3,3,1.033906
68,1,CA1-CA3,cued,CA3,4,1.085024
68,1,CA1-CA3,cued,CA3,5,23.990531
68,1,CA1-CA3,cued,CA3,6,1.094504
68,1,CA1-CA3,cued,CA3,7,1.135838
68,1,CA1-CA3,cued,CA3,8,0.76269
68,1,CA1-CA3,cued,CA3,9,0.917769
68,1,CA1-DG,uncued,CA1,0,0.767738
68,1,CA1-DG,uncued,CA1,1,1.067768
68,1,CA1-DG,uncued,CA1,2,1.083305
68,1,CA1-DG,uncued,CA1,3,1.014961
68,1,CA1-DG,uncued,CA1,4,1.227666
68,1,CA1-DG,uncued,CA1,5,2.791023
68,1,CA1-DG,uncued,CA1,6,0.937745
68,1,CA1-DG,uncued,CA1,7,0.938116
68,1,CA1-DG,uncued,CA1,8,1.066794
68,1,CA1-DG,uncued,CA1,9,1.26929
68,1,CA1-DG,uncued,CA1,10,0.744313
68,1,CA1-DG,uncued,CA1,11,0.766419
68,1,CA1-DG,uncued,CA1,12,0.667131
68,1,CA1-DG,uncued,CA1,13,1.724526
68,1,CA1-DG,uncued,CA1,14,0.700851
68,1,CA1-DG,uncued,CA1,15,0.0
68,1,CA1-DG,uncued,DG,0,0.9154
68,1,CA1-DG,uncued,DG,1,0.041022
68,1,CA1-DG,uncued,DG,2,0.903324
68,1,CA1-DG,uncued,DG,3,0.692322
68,1,CA1-DG,uncued,DG,4,0.44682
68,1,CA1-DG,uncued,DG,5,0.037686
68,1,CA1-DG,uncued,DG,6,0.518036
68,1,CA1-DG,uncued,DG,7,0.834342
68,1,CA1-DG,uncued,DG,8,0.587617
68,1,CA1-DG,uncued,DG,9,0.459683
68,1,CA1-DG,uncued,DG,10,0.273857
68,1,CA1-DG,uncued,DG,11,0.63656
68,1,CA1-DG,uncued,DG,12,0.040735
68,1,CA1-DG,uncued,DG,13,0.04482
68,1,CA1-DG,uncued,DG,14,0.674618
68,1,CA1-DG,uncued,DG,15,0.80014
68,1,CA1-DG,uncued,DG,16,0.429054
68,1,CA1-DG,uncued,DG,17,0.308598
68,1,CA1-DG,uncued,DG,18,0.544887
68,1,CA1-DG,uncued,DG,19,0.682858
68,1,CA1-DG,uncued,DG,20,0.798474
68,1,CA1-DG,uncued,DG,21,0.631568
68,1,CA1-DG,uncued,DG,22,0.626246
68,1,CA1-DG,uncued,DG,23,0.365365
68,1,CA1-DG,cued,CA1,0,0.871478
68,1,CA1-DG,cued,CA1,1,0.938688
68,1,CA1-DG,cued,CA1,2,1.093524
68,1,CA1-DG,cued,CA1,3,1.025074
68,1,CA1-DG,cued,CA1,4,1.137785
68,1,CA1-DG,cued,CA1,5,1.577298
68,1,CA1-DG,cued,CA1,6,0.875678
68,1,CA1-DG,cued,CA1,7,0.840536
68,1,CA1-DG,cued,CA1,8,1.073377
68,1,CA1-DG,cued,CA1,9,1.103098
68,1,CA1-DG,cued,CA1,10,0.779163
68,1,CA1-DG,cued,CA1,11,0.724203
68,1,CA1-DG,cued,CA1,12,0.619193
68,1,CA1-DG,cued,CA1,13,1.098512
68,1,CA1-DG,cued,CA1,14,0.375061
68,1,CA1-DG,cued,CA1,15,0.005425
68,1,CA1-DG,cued,DG,0,0.694936
68,1,CA1-DG,cued,DG,1,0.652841
68,1,CA1-DG,cued,DG,2,0.731843
68,1,CA1-DG,cued,DG,3,0.321945
68,1,CA1-DG,cued,DG,4,0.325076
68,1,CA1-DG,cued,DG,5,0.026016
68,1,CA1-DG,cued,DG,6,0.729984
68,1,CA1-DG,cued,DG,7,0.832447
68,1,CA1-DG,cued,DG,8,0.611961
68,1,CA1-DG,cued,DG,9,0.544749
68,1,CA1-DG,cued,DG,10,0.300572
68,1,CA1-DG,cued,DG,11,0.023158
68,1,CA1-DG,cued,DG,12,0.859378
68,1,CA1-DG,cued,DG,13,0.036522
68,1,CA1-DG,cued,DG,14,0.709279
68,1,CA1-DG,cued,DG,15,0.647764
68,1,CA1-DG,cued,DG,16,0.472528
68,1,CA1-DG,cued,DG,17,0.298065
68,1,CA1-DG,cued,DG,18,0.21025
68,1,CA1-DG,cued,DG,19,0.739086
68,1,CA1-DG,cued,DG,20,0.786098
68,1,CA1-DG,cued,DG,21,0.597508
68,1,CA1-DG,cued,DG,22,0.620999
68,1,CA1-DG,cued,DG,23,0.532218
68,1,CA3-DG,uncued,CA3,0,1.025249
68,1,CA3-DG,uncued,CA3,1,0.93521
68,1,CA3-DG,uncued,CA3,2,1.173092
68,1,CA3-DG,uncued,CA3,3,1.055086
68,1,CA3-DG,uncued,CA3,4,1.099168
68,1,CA3-DG,uncued,CA3,5,2.547785
68,1,CA3-DG,uncued,CA3,6,1.382372
68,1,CA3-DG,uncued,CA3,7,0.967341
68,1,CA3-DG,uncued,CA3,8,0.818171
68,1,CA3-DG,uncued,CA3,9,0.98039
68,1,CA3-DG,uncued,DG,0,0.886058
68,1,CA3-DG,uncued,DG,1,0.04316
68,1,CA3-DG,uncued,DG,2,0.730072
68,1,CA3-DG,uncued,DG,3,0.507733
68,1,CA3-DG,uncued,DG,4,0.468197
68,1,CA3-DG,uncued,DG,5,0.043889
68,1,CA3-DG,uncued,DG,6,0.291681
68,1,CA3-DG,uncued,DG,7,0.725309
68,1,CA3-DG,uncued,DG,8,0.347779
68,1,CA3-DG,uncued,DG,9,0.37024
68,1,CA3-DG,uncued,DG,10,0.198713
68,1,CA3-DG,uncued,DG,11,0.536422
68,1,CA3-DG,uncued,DG,12,0.037569
68,1,CA3-DG,uncued,DG,13,0.037126
68,1,CA3-DG,uncued,DG,14,0.571917
68,1,CA3-DG,uncued,DG,15,0.829822
68,1,CA3-DG,uncued,DG,16,0.428223
68,1,CA3-DG,uncued,DG,17,0.308061
68,1,CA3-DG,uncued,DG,18,0.540142
68,1,CA3-DG,uncued,DG,19,0.493527
68,1,CA3-DG,uncued,DG,20,0.749453
68,1,CA3-DG,uncued,DG,21,0.51936
68,1,CA3-DG,uncued,DG,22,0.350315
68,1,CA3-DG,uncued,DG,23,0.275257
68,1,CA3-DG,cued,CA3,0,1.084671
68,1,CA3-DG,cued,CA3,1,1.010089
68,1,CA3-DG,cued,CA3,2,1.326313
68,1,CA3-DG,cued,CA3,3,1.026693
68,1,CA3-DG,cued,CA3,4,1.123276
68,1,CA3-DG,cued,CA3,5,23.164203
68,1,CA3-DG,cued,CA3,6,1.093872
68,1,CA3-DG,cued,CA3,7,1.131914
68,1,CA3-DG,cued,CA3,8,0.761992
68,1,CA3-DG,cued,CA3,9,0.917561
68,1,CA3-DG,cued,DG,0,0.593843
68,1,CA3-DG,cued,DG,1,0.635236
68,1,CA3-DG,cued,DG,2,0.626135
68,1,CA3-DG,cued,DG,3,0.234271
68,1,CA3-DG,cued,DG,4,0.40053
68,1,CA3-DG,cued,DG,5,0.020235
68,1,CA3-DG,cued,DG,6,0.666704
68,1,CA3-DG,cued,DG,7,0.701864
68,1,CA3-DG,cued,DG,8,0.398426
68,1,CA3-DG,cued,DG,9,0.398611
68,1,CA3-DG,cued,DG,10,0.257715
68,1,CA3-DG,cued,DG,11,0.022708
68,1,CA3-DG,cued,DG,12,0.66009
68,1,CA3-DG,cued,DG,13,0.047309
68,1,CA3-DG,cued,DG,14,0.454963
68,1,CA3-DG,cued,DG,15,0.631458
68,1,CA3-DG,cued,DG,16,0.457851
68,1,CA3-DG,cued,DG,17,0.278065
68,1,CA3-DG,cued,DG,18,0.291668
68,1,CA3-DG,cued,DG,19,0.545602
68,1,CA3-DG,cued,DG,20,0.609015
68,1,CA3-DG,cued,DG,21,0.548446
68,1,CA3-DG,cued,DG,22,0.389276
68,1,CA3-DG,cued,DG,23,0.391127
71,0,CA1-RSC,uncued,CA1,0,1.527186
71,0,CA1-RSC,uncued,CA1,1,1.177865
71,0,CA1-RSC,uncued,CA1,2,0.003522
71,0,CA1-RSC,uncued,CA1,3,1.069624
71,0,CA1-RSC,uncued,CA1,4,0.816489
71,0,CA1-RSC,uncued,CA1,5,0.826815
71,0,CA1-RSC,uncued,CA1,6,0.953197
71,0,CA1-RSC,uncued,CA1,7,0.706078
71,0,CA1-RSC,uncued,CA1,8,0.562513
71,0,CA1-RSC,uncued,CA1,9,1.058388
71,0,CA1-RSC,uncued,CA1,10,0.054902
71,0,CA1-RSC,uncued,CA1,11,0.811065
71,0,CA1-RSC,uncued,CA1,12,1.508215
71,0,CA1-RSC,uncued,CA1,13,0.03444
71,0,CA1-RSC,uncued,CA1,14,0.381393
71,0,CA1-RSC,uncued,CA1,15,1.569969
71,0,CA1-RSC,uncued,CA1,16,0.99571
71,0,CA1-RSC,uncued,CA1,17,0.858045
71,0,CA1-RSC,uncued,CA1,18,1.027739
71,0,CA1-RSC,uncued,CA1,19,0.012253
71,0,CA1-RSC,uncued,RSC,0,0.022907
71,0,CA1-RSC,uncued,RSC,1,0.018199
71,0,CA1-RSC,uncued,RSC,2,0.02892
71,0,CA1-RSC,uncued,RSC,3,0.05702
71,0,CA1-RSC,uncued,RSC,4,0.037853
71,0,CA1-RSC,uncued,RSC,5,0.012758
71,0,CA1-RSC,uncued,RSC,6,0.003408
71,0,CA1-RSC,uncued,RSC,7,0.053765
71,0,CA1-RSC,uncued,RSC,8,0.016853
71,0,CA1-RSC,uncued,RSC,9,0.007056
71,0,CA1-RSC,uncued,RSC,10,0.725399
71,0,CA1-RSC,uncued,RSC,11,0.032902
71,0,CA1-RSC,uncued,RSC,12,0.098167
71,0,CA1-RSC,uncued,RSC,13,0.008081
71,0,CA1-RSC,uncued,RSC,14,0.021405
71,0,CA1-RSC,uncued,RSC,15,0.507951
71,0,CA1-RSC,uncued,RSC,16,0.003464
71,0,CA1-RSC,uncued,RSC,17,0.680269
71,0,CA1-RSC,uncued,RSC,18,0.062427
71,0,CA1-RSC,uncued,RSC,19,0.085764
71,0,CA1-RSC,uncued,RSC,20,0.042619
71,0,CA1-RSC,uncued,RSC,21,0.005332
71,0,CA1-RSC,uncued,RSC,22,0.031105
71,0,CA1-RSC,uncued,RSC,23,0.559072
71,0,CA1-RSC,uncued,RSC,24,0.020852
71,0,CA1-RSC,uncued,RSC,25,0.023876
71,0,CA1-RSC,uncued,RSC,26,0.024552
71,0,CA1-RSC,uncued,RSC,27,0.066117
71,0,CA1-RSC,uncued,RSC,28,0.095466
71,0,CA1-RSC,uncued,RSC,29,0.02109
71,0,CA1-RSC,uncued,RSC,30,0.015736
71,0,CA1-RSC,uncued,RSC,31,0.460191
71,0,CA1-RSC,uncued,RSC,32,0.071149
71,0,CA1-RSC,uncued,RSC,33,0.008492
71,0,CA1-RSC,uncued,RSC,34,0.686176
71,0,CA1-RSC,uncued,RSC,35,0.037507
71,0,CA1-RSC,uncued,RSC,36,0.014073
71,0,CA1-RSC,uncued,RSC,37,0.043059
71,0,CA1-RSC,uncued,RSC,38,0.030293
71,0,CA1-RSC,uncued,RSC,39,0.046098
71,0,CA1-RSC,uncued,RSC,40,0.022285
71,0,CA1-RSC,uncued,RSC,41,0.020203
71,0,CA1-RSC,uncued,RSC,42,0.049956
71,0,CA1-RSC,uncued,RSC,43,0.034286
71,0,CA1-RSC,uncued,RSC,44,0.001935
71,0,CA1-RSC,uncued,RSC,45,0.021986
71,0,CA1-RSC,uncued,RSC,46,0.011245
71,0,CA1-RSC,uncued,RSC,47,0.009598
71,0,CA1-RSC,uncued,RSC,48,0.014066
71,0,CA1-RSC,uncued,RSC,49,0.019455
71,0,CA1-RSC,uncued,RSC,50,0.687122
71,0,CA1-RSC,uncued,RSC,51,0.023835
71,0,CA1-RSC,uncued,RSC,52,0.014174
71,0,CA1-RSC,uncued,RSC,53,0.020542
71,0,CA1-RSC,uncued,RSC,54,0.025418
71,0,CA1-RSC,uncued,RSC,55,0.022613
71,0,CA1-RSC,uncued,RSC,56,0.032048
71,0,CA1-RSC,uncued,RSC,57,0.703096
71,0,CA1-RSC,uncued,RSC,58,0.018151
71,0,CA1-RSC,uncued,RSC,59,0.011834
71,0,CA1-RSC,uncued,RSC,60,0.011278
71,0,CA1-RSC,uncued,RSC,61,0.026292
71,0,CA1-RSC,uncued,RSC,62,0.028294
71,0,CA1-RSC,uncued,RSC,63,0.02085
71,0,CA1-RSC,uncued,RSC,64,0.026409
71,0,CA1-RSC,uncued,RSC,65,0.005938
71,0,CA1-RSC,uncued,RSC,66,0.009597
71,0,CA1-RSC,uncued,RSC,67,0.002543
71,0,CA1-RSC,uncued,RSC,68,0.56544
71,0,CA1-RSC,uncued,RSC,69,0.013626
71,0,CA1-RSC,uncued,RSC,70,0.035129
71,0,CA1-RSC,uncued,RSC,71,0.017332
71,0,CA1-RSC,uncued,RSC,72,0.00371
71,0,CA1-RSC,uncued,RSC,73,0.074443
71,0,CA1-RSC,uncued,RSC,74,0.004084
71,0,CA1-RSC,uncued,RSC,75,0.076745
71,0,CA1-RSC,uncued,RSC,76,0.017857
71,0,CA1-RSC,uncued,RSC,77,0.043743
71,0,CA1-RSC,uncued,RSC,78,0.002202
71,0,CA1-RSC,uncued,RSC,79,0.028385
71,0,CA1-RSC,uncued,RSC,80,0.683838
71,0,CA1-RSC,uncued,RSC,81,0.042535
71,0,CA1-RSC,uncued,RSC,82,0.004905
71,0,CA1-RSC,uncued,RSC,83,0.051808
71,0,CA1-RSC,uncued,RSC,84,0.031197
71,0,CA1-RSC,uncued,RSC,85,0.616642
71,0,CA1-RSC,uncued,RSC,86,0.023937
71,0,CA1-RSC,uncued,RSC,87,0.014809
71,0,CA1-RSC,uncued,RSC,88,0.029592
71,0,CA1-RSC,uncued,RSC,89,0.011365
71,0,CA1-RSC,uncued,RSC,90,0.013366
71,0,CA1-RSC,uncued,RSC,91,0.039049
71,0,CA1-RSC,uncued,RSC,92,0.051031
71,0,CA1-RSC,uncued,RSC,93,0.034552
71,0,CA1-RSC,uncued,RSC,94,0.037484
71,0,CA1-RSC,uncued,RSC,95,0.037035
71,0,CA1-RSC,uncued,RSC,96,0.030485
71,0,CA1-RSC,uncued,RSC,97,0.041268
71,0,CA1-RSC,uncued,RSC,98,0.02207
71,0,CA1-RSC,uncued,RSC,99,0.049129
71,0,CA1-RSC,uncued,RSC,100,0.030978
71,0,CA1-RSC,uncued,RSC,101,0.017277
71,0,CA1-RSC,uncued,RSC,102,0.021437
71,0,CA1-RSC,uncued,RSC,103,0.031135
71,0,CA1-RSC,uncued,RSC,104,0.085472
71,0,CA1-RSC,uncued,RSC,105,0.550932
71,0,CA1-RSC,uncued,RSC,106,0.012388
71,0,CA1-RSC,uncued,RSC,107,0.0077
71,0,CA1-RSC,uncued,RSC,108,0.069977
71,0,CA1-RSC,uncued,RSC,109,0.688372
71,0,CA1-RSC,uncued,RSC,110,0.73569
71,0,CA1-RSC,uncued,RSC,111,0.0014
71,0,CA1-RSC,uncued,RSC,112,0.014091
71,0,CA1-RSC,uncued,RSC,113,0.515171
71,0,CA1-RSC,uncued,RSC,114,0.058487
71,0,CA1-RSC,uncued,RSC,115,0.002405
71,0,CA1-RSC,uncued,RSC,116,0.027689
71,0,CA1-RSC,uncued,RSC,117,0.015219
71,0,CA1-RSC,uncued,RSC,118,0.013691
71,0,CA1-RSC,uncued,RSC,119,0.0
71,0,CA1-RSC,cued,CA1,0,1.37516
71,0,CA1-RSC,cued,CA1,1,1.168569
71,0,CA1-RSC,cued,CA1,2,0.029601
71,0,CA1-RSC,cued,CA1,3,1.098415
71,0,CA1-RSC,cued,CA1,4,0.880632
71,0,CA1-RSC,cued,CA1,5,0.871517
71,0,CA1-RSC,cued,CA1,6,1.198066
71,0,CA1-RSC,cued,CA1,7,0.757848
71,0,CA1-RSC,cued,CA1,8,0.571594
71,0,CA1-RSC,cued,CA1,9,0.852593
71,0,CA1-RSC,cued,CA1,10,1.403928
71,0,CA1-RSC,cued,CA1,11,1.224106
71,0,CA1-RSC,cued,CA1,12,1.256709
71,0,CA1-RSC,cued,CA1,13,0.044934
71,0,CA1-RSC,cued,CA1,14,0.072359
71,0,CA1-RSC,cued,CA1,15,0.054551
71,0,CA1-RSC,cued,CA1,16,0.91247
71,0,CA1-RSC,cued,CA1,17,0.976759
71,0,CA1-RSC,cued,CA1,18,0.968095
71,0,CA1-RSC,cued,CA1,19,0.007999
71,0,CA1-RSC,cued,RSC,0,0.035574
71,0,CA1-RSC,cued,RSC,1,0.025882
71,0,CA1-RSC,cued,RSC,2,0.189238
71,0,CA1-RSC,cued,RSC,3,0.109439
71,0,CA1-RSC,cued,RSC,4,0.03591
71,0,CA1-RSC,cued,RSC,5,0.017999
71,0,CA1-RSC,cued,RSC,6,0.005518
71,0,CA1-RSC,cued,RSC,7,0.039234
71,0,CA1-RSC,cued,RSC,8,0.028191
71,0,CA1-RSC,cued,RSC,9,0.110328
71,0,CA1-RSC,cued,RSC,10,0.036089
71,0,CA1-RSC,cued,RSC,11,0.016308
71,0,CA1-RSC,cued,RSC,12,0.033239
71,0,CA1-RSC,cued,RSC,13,0.057244
71,0,CA1-RSC,cued,RSC,14,0.11575
71,0,CA1-RSC,cued,RSC,15,0.695337
71,0,CA1-RSC,cued,RSC,16,0.582939
71,0,CA1-RSC,cued,RSC,17,0.010997
71,0,CA1-RSC,cued,RSC,18,0.028784
71,0,CA1-RSC,cued,RSC,19,0.012225
71,0,CA1-RSC,cued,RSC,20,0.063436
71,0,CA1-RSC,cued,RSC,21,0.009122
71,0,CA1-RSC,cued,RSC,22,0.045015
71,0,CA1-RSC,cued,RSC,23,0.425284
71,0,CA1-RSC,cued,RSC,24,0.049915
71,0,CA1-RSC,cued,RSC,25,0.026679
71,0,CA1-RSC,cued,RSC,26,0.077755
71,0,CA1-RSC,cued,RSC,27,0.687914
71,0,CA1-RSC,cued,RSC,28,0.049484
71,0,CA1-RSC,cued,RSC,29,0.234821
71,0,CA1-RSC,cued,RSC,30,0.00923
71,0,CA1-RSC,cued,RSC,31,0.454777
71,0,CA1-RSC,cued,RSC,32,0.033528
71,0,CA1-RSC,cued,RSC,33,0.03653
71,0,CA1-RSC,cued,RSC,34,0.034906
71,0,CA1-RSC,cued,RSC,35,0.575017
71,0,CA1-RSC,cued,RSC,36,0.046781
71,0,CA1-RSC,cued,RSC,37,0.051028
71,0,CA1-RSC,cued,RSC,38,0.023996
71,0,CA1-RSC,cued,RSC,39,0.040089
71,0,CA1-RSC,cued,RSC,40,0.046114
71,0,CA1-RSC,cued,RSC,41,0.028842
71,0,CA1-RSC,cued,RSC,42,0.045017
71,0,CA1-RSC,cued,RSC,43,0.010805
71,0,CA1-RSC,cued,RSC,44,0.019326
71,0,CA1-RSC,cued,RSC,45,0.035713
71,0,CA1-RSC,cued,RSC,46,0.028236
71,0,CA1-RSC,cued,RSC,47,0.005017
71,0,CA1-RSC,cued,RSC,48,0.016893
71,0,CA1-RSC,cued,RSC,49,0.01663
71,0,CA1-RSC,cued,RSC,50,0.056741
71,0,CA1-RSC,cued,RSC,51,0.03042
71,0,CA1-RSC,cued,RSC,52,0.037149
71,0,CA1-RSC,cued,RSC,53,0.066835
71,0,CA1-RSC,cued,RSC,54,0.057985
71,0,CA1-RSC,cued,RSC,55,0.037194
71,0,CA1-RSC,cued,RSC,56,0.078905
71,0,CA1-RSC,cued,RSC,57,0.623277
71,0,CA1-RSC,cued,RSC,58,0.052926
71,0,CA1-RSC,cued,RSC,59,0.007169
71,0,CA1-RSC,cued,RSC,60,0.025209
71,0,CA1-RSC,cued,RSC,61,0.009061
71,0,CA1-RSC,cued,RSC,62,0.033276
71,0,CA1-RSC,cued,RSC,63,0.103516
71,0,CA1-RSC,cued,RSC,64,0.012812
71,0,CA1-RSC,cued,RSC,65,0.016381
71,0,CA1-RSC,cued,RSC,66,0.030662
71,0,CA1-RSC,cued,RSC,67,0.009267
71,0,CA1-RSC,cued,RSC,68,0.681608
71,0,CA1-RSC,cued,RSC,69,0.415876
71,0,CA1-RSC,cued,RSC,70,0.030776
71,0,CA1-RSC,cued,RSC,71,0.482484
71,0,CA1-RSC,cued,RSC,72,0.031188
71,0,CA1-RSC,cued,RSC,73,0.063537
71,0,CA1-RSC,cued,RSC,74,0.012916
71,0,CA1-RSC,cued,RSC,75,0.048697
71,0,CA1-RSC,cued,RSC,76,0.706453
71,0,CA1-RSC,cued,RSC,77,0.454419
71,0,CA1-RSC,cued,RSC,78,0.049408
71,0,CA1-RSC,cued,RSC,79,0.021082
71,0,CA1-RSC,cued,RSC,80,0.016187
71,0,CA1-RSC,cued,RSC,81,0.718729
71,0,CA1-RSC,cued,RSC,82,0.015866
71,0,CA1-RSC,cued,RSC,83,0.709968
71,0,CA1-RSC,cued,RSC,84,0.080501
71,0,CA1-RSC,cued,RSC,85,0.075018
71,0,CA1-RSC,cued,RSC,86,0.026928
71,0,CA1-RSC,cued,RSC,87,0.07668
71,0,CA1-RSC,cued,RSC,88,0.036969
71,0,CA1-RSC,cued,RSC,89,0.057878
71,0,CA1-RSC,cued,RSC,90,0.197131
71,0,CA1-RSC,cued,RSC,91,0.020155
71,0,CA1-RSC,cued,RSC,92,0.041722
71,0,CA1-RSC,cued,RSC,93,0.023235
71,0,CA1-RSC,cued,RSC,94,0.232486
71,0,CA1-RSC,cued,RSC,95,0.048718
71,0,CA1-RSC,cued,RSC,96,0.028399
71,0,CA1-RSC,cued,RSC,97,0.031416
71,0,CA1-RSC,cued,RSC,98,0.034628
71,0,CA1-RSC,cued,RSC,99,0.068487
71,0,CA1-RSC,cued,RSC,100,0.043451
71,0,CA1-RSC,cued,RSC,101,0.065898
71,0,CA1-RSC,cued,RSC,102,0.051075
71,0,CA1-RSC,cued,RSC,103,0.024325
71,0,CA1-RSC,cued,RSC,104,0.037234
71,0,CA1-RSC,cued,RSC,105,0.527689
71,0,CA1-RSC,cued,RSC,106,0.01162
71,0,CA1-RSC,cued,RSC,107,0.010436
71,0,CA1-RSC,cued,RSC,108,0.034693
71,0,CA1-RSC,cued,RSC,109,0.017203
71,0,CA1-RSC,cued,RSC,110,0.014776
71,0,CA1-RSC,cued,RSC,111,0.010111
71,0,CA1-RSC,cued,RSC,112,0.015941
71,0,CA1-RSC,cued,RSC,113,0.171397
71,0,CA1-RSC,cued,RSC,114,0.017434
71,0,CA1-RSC,cued,RSC,115,0.084432
71,0,CA1-RSC,cued,RSC,116,0.012269
71,0,CA1-RSC,cued,RSC,117,0.006894
71,0,CA1-RSC,cued,RSC,118,0.332188
71,0,CA1-RSC,cued,RSC,119,0.007092
71,0,CA1-CA3,uncued,CA1,0,1.535001
71,0,CA1-CA3,uncued,CA1,1,1.182289
71,0,CA1-CA3,uncued,CA1,2,0.003427
71,0,CA1-CA3,uncued,CA1,3,1.042869
71,0,CA1-CA3,uncued,CA1,4,0.819517
71,0,CA1-CA3,uncued,CA1,5,0.829329
71,0,CA1-CA3,uncued,CA1,6,0.955314
71,0,CA1-CA3,uncued,CA1,7,0.70659
71,0,CA1-CA3,uncued,CA1,8,0.563257
71,0,CA1-CA3,uncued,CA1,9,1.061073
71,0,CA1-CA3,uncued,CA1,10,0.04788
71,0,CA1-CA3,uncued,CA1,11,0.812609
71,0,CA1-CA3,uncued,CA1,12,1.508615
71,0,CA1-CA3,uncued,CA1,13,0.04471
71,0,CA1-CA3,uncued,CA1,14,0.364877
71,0,CA1-CA3,uncued,CA1,15,1.576733
71,0,CA1-CA3,uncued,CA1,16,0.999295
71,0,CA1-CA3,uncued,CA1,17,0.859675
71,0,CA1-CA3,uncued,CA1,18,1.031055
71,0,CA1-CA3,uncued,CA1,19,0.011257
71,0,CA1-CA3,uncued,CA3,0,0.30404
71,0,CA1-CA3,uncued,CA3,1,0.643945
71,0,CA1-CA3,uncued,CA3,2,0.118969
71,0,CA1-CA3,uncued,CA3,3,0.053808
71,0,CA1-CA3,uncued,CA3,4,0.118684
71,0,CA1-CA3,uncued,CA3,5,0.100403
71,0,CA1-CA3,uncued,CA3,6,0.612708
71,0,CA1-CA3,uncued,CA3,7,0.541886
71,0,CA1-CA3,uncued,CA3,8,0.61963
71,0,CA1-CA3,uncued,CA3,9,0.021251
71,0,CA1-CA3,uncued,CA3,10,0.04442
71,0,CA1-CA3,uncued,CA3,11,0.116377
71,0,CA1-CA3,uncued,CA3,12,0.025875
71,0,CA1-CA3,uncued,CA3,13,0.050245
71,0,CA1-CA3,uncued,CA3,14,0.083829
71,0,CA1-CA3,uncued,CA3,15,0.005792
71,0,CA1-CA3,uncued,CA3,16,0.033913
71,0,CA1-CA3,uncued,CA3,17,0.436306
71,0,CA1-CA3,uncued,CA3,18,0.031211
71,0,CA1-CA3,uncued,CA3,19,0.075433
71,0,CA1-CA3,uncued,CA3,20,0.036915
71,0,CA1-CA3,uncued,CA3,21,0.030183
71,0,CA1-CA3,uncued,CA3,22,0.022678
71,0,CA1-CA3,uncued,CA3,23,0.030699
71,0,CA1-CA3,uncued,CA3,24,0.030709
71,0,CA1-CA3,uncued,CA3,25,0.029447
71,0,CA1-CA3,uncued,CA3,26,0.012135
71,0,CA1-CA3,uncued,CA3,27,0.079004
71,0,CA1-CA3,uncued,CA3,28,0.679589
71,0,CA1-CA3,uncued,CA3,29,0.044896
71,0,CA1-CA3,uncued,CA3,30,0.073767
71,0,CA1-CA3,uncued,CA3,31,0.016974
71,0,CA1-CA3,uncued,CA3,32,0.569812
71,0,CA1-CA3,uncued,CA3,33,0.029392
71,0,CA1-CA3,uncued,CA3,34,0.037517
71,0,CA1-CA3,uncued,CA3,35,0.025119
71,0,CA1-CA3,uncued,CA3,36,0.012459
71,0,CA1-CA3,uncued,CA3,37,0.585785
71,0,CA1-CA3,uncued,CA3,38,0.332004
71,0,CA1-CA3,uncued,CA3,39,0.092151
71,0,CA1-CA3,uncued,CA3,40,0.667667
71,0,CA1-CA3,uncued,CA3,41,0.084287
71,0,CA1-CA3,uncued,CA3,42,0.45166
71,0,CA1-CA3,uncued,CA3,43,0.701362
71,0,CA1-CA3,uncued,CA3,44,0.05909
71,0,CA1-CA3,uncued,CA3,45,0.028155
71,0,CA1-CA3,uncued,CA3,46,0.0024
71,0,CA1-CA3,uncued,CA3,47,0.059122
71,0,CA1-CA3,uncued,CA3,48,0.114315
71,0,CA1-CA3,uncued,CA3,49,0.081099
71,0,CA1-CA3,uncued,CA3,50,0.111709
71,0,CA1-CA3,uncued,CA3,51,0.088516
71,0,CA1-CA3,uncued,CA3,52,0.299479
71,0,CA1-CA3,uncued,CA3,53,0.019278
71,0,CA1-CA3,uncued,CA3,54,0.042156
71,0,CA1-CA3,uncued,CA3,55,0.021099
71,0,CA1-CA3,uncued,CA3,56,0.064111
71,0,CA1-CA3,uncued,CA3,57,0.034977
71,0,CA1-CA3,uncued,CA3,58,0.596256
71,0,CA1-CA3,uncued,CA3,59,0.396401
71,0,CA1-CA3,uncued,CA3,60,0.54989
71,0,CA1-CA3,uncued,CA3,61,0.263462
71,0,CA1-CA3,uncued,CA3,62,0.623008
71,0,CA1-CA3,cued,CA1,0,1.376066
71,0,CA1-CA3,cued,CA1,1,1.169744
71,0,CA1-CA3,cued,CA1,2,0.026262
71,0,CA1-CA3,cued,CA1,3,1.073424
71,0,CA1-CA3,cued,CA1,4,0.881955
71,0,CA1-CA3,cued,CA1,5,0.873287
71,0,CA1-CA3,cued,CA1,6,1.200915
71,0,CA1-CA3,cued,CA1,7,0.760558
71,0,CA1-CA3,cued,CA1,8,0.57319
71,0,CA1-CA3,cued,CA1,9,0.854042
71,0,CA1-CA3,cued,CA1,10,1.409291
71,0,CA1-CA3,cued,CA1,11,1.226601
71,0,CA1-CA3,cued,CA1,12,1.25863
71,0,CA1-CA3,cued,CA1,13,0.03822
71,0,CA1-CA3,cued,CA1,14,0.067531
71,0,CA1-CA3,cued,CA1,15,0.053838
71,0,CA1-CA3,cued,CA1,16,0.915686
71,0,CA1-CA3,cued,CA1,17,0.978245
71,0,CA1-CA3,cued,CA1,18,0.970776
71,0,CA1-CA3,cued,CA1,19,0.009699
71,0,CA1-CA3,cued,CA3,0,0.099926
71,0,CA1-CA3,cued,CA3,1,0.347217
71,0,CA1-CA3,cued,CA3,2,0.06216
71,0,CA1-CA3,cued,CA3,3,0.064298
71,0,CA1-CA3,cued,CA3,4,0.13304
71,0,CA1-CA3,cued,CA3,5,0.093341
71,0,CA1-CA3,cued,CA3,6,0.043318
71,0,CA1-CA3,cued,CA3,7,0.523285
71,0,CA1-CA3,cued,CA3,8,0.731044
71,0,CA1-CA3,cued,CA3,9,0.107419
71,0,CA1-CA3,cued,CA3,10,0.070013
71,0,CA1-CA3,cued,CA3,11,0.119721
71,0,CA1-CA3,cued,CA3,12,0.011648
71,0,CA1-CA3,cued,CA3,13,0.083707
71,0,CA1-CA3,cued,CA3,14,0.101657
71,0,CA1-CA3,cued,CA3,15,0.598093
71,0,CA1-CA3,cued,CA3,16,0.021049
71,0,CA1-CA3,cued,CA3,17,0.670597
71,0,CA1-CA3,cued,CA3,18,0.033309
71,0,CA1-CA3,cued,CA3,19,0.106964
71,0,CA1-CA3,cued,CA3,20,0.038266
71,0,CA1-CA3,cued,CA3,21,0.026431
71,0,CA1-CA3,cued,CA3,22,0.030028
71,0,CA1-CA3,cued,CA3,23,0.057801
71,0,CA1-CA3,cued,CA3,24,0.577674
71,0,CA1-CA3,cued,CA3,25,0.166128
71,0,CA1-CA3,cued,CA3,26,0.012116
71,0,CA1-CA3,cued,CA3,27,0.611693
71,0,CA1-CA3,cued,CA3,28,0.036433
71,0,CA1-CA3,cued,CA3,29,0.149992
71,0,CA1-CA3,cued,CA3,30,0.085718
71,0,CA1-CA3,cued,CA3,31,0.181097
71,0,CA1-CA3,cued,CA3,32,0.570854
71,0,CA1-CA3,cued,CA3,33,0.106695
71,0,CA1-CA3,cued,CA3,34,0.064441
71,0,CA1-CA3,cued,CA3,35,0.050626
71,0,CA1-CA3,cued,CA3,36,0.266916
71,0,CA1-CA3,cued,CA3,37,0.725301
71,0,CA1-CA3,cued,CA3,38,0.397012
71,0,CA1-CA3,cued,CA3,39,0.134254
71,0,CA1-CA3,cued,CA3,40,0.633893
71,0,CA1-CA3,cued,CA3,41,0.159981
71,0,CA1-CA3,cued,CA3,42,0.651317
71,0,CA1-CA3,cued,CA3,43,0.545353
71,0,CA1-CA3,cued,CA3,44,0.093937
71,0,CA1-CA3,cued,CA3,45,0.039533
71,0,CA1-CA3,cued,CA3,46,0.012525
71,0,CA1-CA3,cued,CA3,47,0.729697
71,0,CA1-CA3,cued,CA3,48,0.146779
71,0,CA1-CA3,cued,CA3,49,0.146154
71,0,CA1-CA3,cued,CA3,50,0.159128
71,0,CA1-CA3,cued,CA3,51,0.089757
71,0,CA1-CA3,cued,CA3,52,0.395589
71,0,CA1-CA3,cued,CA3,53,0.046878
71,0,CA1-CA3,cued,CA3,54,0.135826
71,0,CA1-CA3,cued,CA3,55,0.082583
71,0,CA1-CA3,cued,CA3,56,0.048236
71,0,CA1-CA3,cued,CA3,57,0.152337
71,0,CA1-CA3,cued,CA3,58,0.740061
71,0,CA1-CA3,cued,CA3,59,0.632048
71,0,CA1-CA3,cued,CA3,60,0.335456
71,0,CA1-CA3,cued,CA3,61,0.088232
71,0,CA1-CA3,cued,CA3,62,0.65257
71,0,CA1-DG,uncued,CA1,0,1.532723
71,0,CA1-DG,uncued,CA1,1,1.174834
71,0,CA1-DG,uncued,CA1,2,0.003983
71,0,CA1-DG,uncued,CA1,3,1.045388
71,0,CA1-DG,uncued,CA1,4,0.817148
71,0,CA1-DG,uncued,CA1,5,0.822786
71,0,CA1-DG,uncued,CA1,6,0.950932
71,0,CA1-DG,uncued,CA1,7,0.703906
71,0,CA1-DG,uncued,CA1,8,0.561199
71,0,CA1-DG,uncued,CA1,9,1.058314
71,0,CA1-DG,uncued,CA1,10,0.052547
71,0,CA1-DG,uncued,CA1,11,0.810047
71,0,CA1-DG,uncued,CA1,12,1.509161
71,0,CA1-DG,uncued,CA1,13,0.043498
71,0,CA1-DG,uncued,CA1,14,0.329833
71,0,CA1-DG,uncued,CA1,15,1.578075
71,0,CA1-DG,uncued,CA1,16,0.995451
71,0,CA1-DG,uncued,CA1,17,0.856501
71,0,CA1-DG,uncued,CA1,18,1.026975
71,0,CA1-DG,uncued,CA1,19,0.011119
71,0,CA1-DG,uncued,DG,0,0.041871
71,0,CA1-DG,uncued,DG,1,0.726134
71,0,CA1-DG,uncued,DG,2,0.073477
71,0,CA1-DG,uncued,DG,3,0.083858
71,0,CA1-DG,uncued,DG,4,0.071745
71,0,CA1-DG,uncued,DG,5,0.039395
71,0,CA1-DG,uncued,DG,6,0.186489
71,0,CA1-DG,uncued,DG,7,0.103369
71,0,CA1-DG,uncued,DG,8,0.045278
71,0,CA1-DG,uncued,DG,9,0.208879
71,0,CA1-DG,uncued,DG,10,0.027344
71,0,CA1-DG,uncued,DG,11,0.075316
71,0,CA1-DG,uncued,DG,12,0.034353
71,0,CA1-DG,uncued,DG,13,0.02086
71,0,CA1-DG,uncued,DG,14,0.313293
71,0,CA1-DG,uncued,DG,15,0.058871
71,0,CA1-DG,uncued,DG,16,0.021621
71,0,CA1-DG,uncued,DG,17,0.191152
71,0,CA1-DG,uncued,DG,18,0.023896
71,0,CA1-DG,uncued,DG,19,0.026828
71,0,CA1-DG,uncued,DG,20,0.180835
71,0,CA1-DG,uncued,DG,21,0.044482
71,0,CA1-DG,uncued,DG,22,0.122729
71,0,CA1-DG,uncued,DG,23,0.142343
71,0,CA1-DG,uncued,DG,24,0.034029
71,0,CA1-DG,uncued,DG,25,0.042508
71,0,CA1-DG,uncued,DG,26,0.01772
71,0,CA1-DG,uncued,DG,27,0.013482
71,0,CA1-DG,uncued,DG,28,0.008253
71,0,CA1-DG,uncued,DG,29,0.054467
71,0,CA1-DG,uncued,DG,30,0.042767
71,0,CA1-DG,uncued,DG,31,0.123793
71,0,CA1-DG,uncued,DG,32,0.025694
71,0,CA1-DG,uncued,DG,33,0.144155
71,0,CA1-DG,uncued,DG,34,0.149809
71,0,CA1-DG,uncued,DG,35,0.041978
71,0,CA1-DG,uncued,DG,36,0.072791
71,0,CA1-DG,uncued,DG,37,0.695228
71,0,CA1-DG,uncued,DG,38,0.012594
71,0,CA1-DG,uncued,DG,39,0.658683
71,0,CA1-DG,uncued,DG,40,0.00764
71,0,CA1-DG,uncued,DG,41,0.025115
71,0,CA1-DG,uncued,DG,42,0.021655
71,0,CA1-DG,uncued,DG,43,0.684637
71,0,CA1-DG,uncued,DG,44,0.03275
71,0,CA1-DG,uncued,DG,45,0.665294
71,0,CA1-DG,uncued,DG,46,0.017188
71,0,CA1-DG,uncued,DG,47,0.01341
71,0,CA1-DG,uncued,DG,48,0.102719
71,0,CA1-DG,uncued,DG,49,0.023835
71,0,CA1-DG,uncued,DG,50,0.017617
71,0,CA1-DG,uncued,DG,51,0.554913
71,0,CA1-DG,uncued,DG,52,0.011966
71,0,CA1-DG,uncued,DG,53,0.650888
71,0,CA1-DG,uncued,DG,54,0.015918
71,0,CA1-DG,uncued,DG,55,0.013402
71,0,CA1-DG,uncued,DG,56,0.021179
71,0,CA1-DG,uncued,DG,57,0.044861
71,0,CA1-DG,uncued,DG,58,0.19174
71,0,CA1-DG,uncued,DG,59,0.510561
71,0,CA1-DG,uncued,DG,60,0.013928
71,0,CA1-DG,uncued,DG,61,0.022788
71,0,CA1-DG,uncued,DG,62,0.116976
71,0,CA1-DG,uncued,DG,63,0.17025
71,0,CA1-DG,uncued,DG,64,0.028705
71,0,CA1-DG,uncued,DG,65,0.101093
71,0,CA1-DG,uncued,DG,66,0.153032
71,0,CA1-DG,uncued,DG,67,0.139814
71,0,CA1-DG,uncued,DG,68,0.306033
71,0,CA1-DG,uncued,DG,69,0.011164
71,0,CA1-DG,uncued,DG,70,0.136342
71,0,CA1-DG,uncued,DG,71,0.035288
71,0,CA1-DG,uncued,DG,72,0.127056
71,0,CA1-DG,uncued,DG,73,0.023842
71,0,CA1-DG,uncued,DG,74,0.17601
71,0,CA1-DG,uncued,DG,75,0.140858
71,0,CA1-DG,uncued,DG,76,0.156088
71,0,CA1-DG,uncued,DG,77,0.035157
71,0,CA1-DG,uncued,DG,78,0.642556
71,0,CA1-DG,uncued,DG,79,0.095244
71,0,CA1-DG,uncued,DG,80,0.698999
71,0,CA1-DG,uncued,DG,81,0.685305
71,0,CA1-DG,uncued,DG,82,0.209617
71,0,CA1-DG,uncued,DG,83,0.316108
71,0,CA1-DG,uncued,DG,84,0.142002
71,0,CA1-DG,uncued,DG,85,0.015381
71,0,CA1-DG,uncued,DG,86,0.035885
71,0,CA1-DG,uncued,DG,87,0.137312
71,0,CA1-DG,uncued,DG,88,0.033207
71,0,CA1-DG,uncued,DG,89,0.034172
71,0,CA1-DG,uncued,DG,90,0.021571
71,0,CA1-DG,uncued,DG,91,0.012182
71,0,CA1-DG,uncued,DG,92,0.012158
71,0,CA1-DG,uncued,DG,93,0.133272
71,0,CA1-DG,uncued,DG,94,0.029174
71,0,CA1-DG,uncued,DG,95,0.0
71,0,CA1-DG,uncued,DG,96,0.665242
71,0,CA1-DG,uncued,DG,97,0.028159
71,0,CA1-DG,uncued,DG,98,0.08839
71,0,CA1-DG,uncued,DG,99,0.062802
71,0,CA1-DG,uncued,DG,100,0.015695
71,0,CA1-DG,uncued,DG,101,0.039158
71,0,CA1-DG,uncued,DG,102,0.134896
71,0,CA1-DG,uncued,DG,103,0.160808
71,0,CA1-DG,uncued,DG,104,0.179549
71,0,CA1-DG,uncued,DG,105,0.344322
71,0,CA1-DG,uncued,DG,106,0.267302
71,0,CA1-DG,uncued,DG,107,0.025364
71,0,CA1-DG,uncued,DG,108,0.260838
71,0,CA1-DG,uncued,DG,109,0.098328
71,0,CA1-DG,uncued,DG,110,0.049551
71,0,CA1-DG,uncued,DG,111,0.042251
71,0,CA1-DG,uncued,DG,112,0.300507
71,0,CA1-DG,uncued,DG,113,0.015357
71,0,CA1-DG,uncued,DG,114,0.077063
71,0,CA1-DG,uncued,DG,115,0.150954
71,0,CA1-DG,uncued,DG,116,0.065486
71,0,CA1-DG,uncued,DG,117,0.08133
71,0,CA1-DG,uncued,DG,118,0.581773
71,0,CA1-DG,uncued,DG,119,0.142096
71,0,CA1-DG,uncued,DG,120,0.122964
71,0,CA1-DG,cued,CA1,0,1.366317
71,0,CA1-DG,cued,CA1,1,1.163392
71,0,CA1-DG,cued,CA1,2,0.031953
71,0,CA1-DG,cued,CA1,3,1.075621
71,0,CA1-DG,cued,CA1,4,0.88129
71,0,CA1-DG,cued,CA1,5,0.864665
71,0,CA1-DG,cued,CA1,6,1.196484
71,0,CA1-DG,cued,CA1,7,0.75654
71,0,CA1-DG,cued,CA1,8,0.569064
71,0,CA1-DG,cued,CA1,9,0.853868
71,0,CA1-DG,cued,CA1,10,1.398117
71,0,CA1-DG,cued,CA1,11,1.219339
71,0,CA1-DG,cued,CA1,12,1.257505
71,0,CA1-DG,cued,CA1,13,0.040328
71,0,CA1-DG,cued,CA1,14,0.087004
71,0,CA1-DG,cued,CA1,15,0.05944
71,0,CA1-DG,cued,CA1,16,0.912029
71,0,CA1-DG,cued,CA1,17,0.975893
71,0,CA1-DG,cued,CA1,18,0.964506
71,0,CA1-DG,cued,CA1,19,0.011167
71,0,CA1-DG,cued,DG,0,0.027002
71,0,CA1-DG,cued,DG,1,0.303243
71,0,CA1-DG,cued,DG,2,0.119493
71,0,CA1-DG,cued,DG,3,0.16957
71,0,CA1-DG,cued,DG,4,0.050687
71,0,CA1-DG,cued,DG,5,0.077306
71,0,CA1-DG,cued,DG,6,0.087893
71,0,CA1-DG,cued,DG,7,0.136593
71,0,CA1-DG,cued,DG,8,0.059064
71,0,CA1-DG,cued,DG,9,0.027116
71,0,CA1-DG,cued,DG,10,0.018295
71,0,CA1-DG,cued,DG,11,0.048919
71,0,CA1-DG,cued,DG,12,0.051582
71,0,CA1-DG,cued,DG,13,0.019703
71,0,CA1-DG,cued,DG,14,0.143691
71,0,CA1-DG,cued,DG,15,0.018682
71,0,CA1-DG,cued,DG,16,0.013028
71,0,CA1-DG,cued,DG,17,0.202991
71,0,CA1-DG,cued,DG,18,0.029224
71,0,CA1-DG,cued,DG,19,0.019073
71,0,CA1-DG,cued,DG,20,0.089234
71,0,CA1-DG,cued,DG,21,0.018541
71,0,CA1-DG,cued,DG,22,0.124252
71,0,CA1-DG,cued,DG,23,0.139657
71,0,CA1-DG,cued,DG,24,0.037388
71,0,CA1-DG,cued,DG,25,0.050366
71,0,CA1-DG,cued,DG,26,0.569279
71,0,CA1-DG,cued,DG,27,0.009353
71,0,CA1-DG,cued,DG,28,0.015694
71,0,CA1-DG,cued,DG,29,0.015764
71,0,CA1-DG,cued,DG,30,0.004138
71,0,CA1-DG,cued,DG,31,0.637961
71,0,CA1-DG,cued,DG,32,0.000516
71,0,CA1-DG,cued,DG,33,0.133289
71,0,CA1-DG,cued,DG,34,0.167722
71,0,CA1-DG,cued,DG,35,0.041466
71,0,CA1-DG,cued,DG,36,0.062379
71,0,CA1-DG,cued,DG,37,0.490161
71,0,CA1-DG,cued,DG,38,0.009232
71,0,CA1-DG,cued,DG,39,0.627299
71,0,CA1-DG,cued,DG,40,0.006037
71,0,CA1-DG,cued,DG,41,0.010939
71,0,CA1-DG,cued,DG,42,0.044357
71,0,CA1-DG,cued,DG,43,0.045225
71,0,CA1-DG,cued,DG,44,0.006463
71,0,CA1-DG,cued,DG,45,0.612022
71,0,CA1-DG,cued,DG,46,0.028119
71,0,CA1-DG,cued,DG,47,0.008616
71,0,CA1-DG,cued,DG,48,0.019976
71,0,CA1-DG,cued,DG,49,0.025969
71,0,CA1-DG,cued,DG,50,0.032972
71,0,CA1-DG,cued,DG,51,0.597877
71,0,CA1-DG,cued,DG,52,0.009135
71,0,CA1-DG,cued,DG,53,0.599723
71,0,CA1-DG,cued,DG,54,0.055521
71,0,CA1-DG,cued,DG,55,0.012881
71,0,CA1-DG,cued,DG,56,0.0113
71,0,CA1-DG,cued,DG,57,0.356167
71,0,CA1-DG,cued,DG,58,0.610052
71,0,CA1-DG,cued,DG,59,0.324345
71,0,CA1-DG,cued,DG,60,0.010988
71,0,CA1-DG,cued,DG,61,0.306376
71,0,CA1-DG,cued,DG,62,0.108557
71,0,CA1-DG,cued,DG,63,0.128633
71,0,CA1-DG,cued,DG,64,0.01062
71,0,CA1-DG,cued,DG,65,0.109592
71,0,CA1-DG,cued,DG,66,0.137291
71,0,CA1-DG,cued,DG,67,0.135095
71,0,CA1-DG,cued,DG,68,0.381548
71,0,CA1-DG,cued,DG,69,0.454045
71,0,CA1-DG,cued,DG,70,0.137325
71,0,CA1-DG,cued,DG,71,0.025118
71,0,CA1-DG,cued,DG,72,0.11284
71,0,CA1-DG,cued,DG,73,0.010832
71,0,CA1-DG,cued,DG,74,0.168946
71,0,CA1-DG,cued,DG,75,0.138654
71,0,CA1-DG,cued,DG,76,0.151411
71,0,CA1-DG,cued,DG,77,0.132272
71,0,CA1-DG,cued,DG,78,0.058582
71,0,CA1-DG,cued,DG,79,0.185259
71,0,CA1-DG,cued,DG,80,0.634603
71,0,CA1-DG,cued,DG,81,0.018656
71,0,CA1-DG,cued,DG,82,0.204853
71,0,CA1-DG,cued,DG,83,0.298259
71,0,CA1-DG,cued,DG,84,0.011088
71,0,CA1-DG,cued,DG,85,0.041806
71,0,CA1-DG,cued,DG,86,0.019526
71,0,CA1-DG,cued,DG,87,0.653066
71,0,CA1-DG,cued,DG,88,0.022522
71,0,CA1-DG,cued,DG,89,0.027547
71,0,CA1-DG,cued,DG,90,0.010453
71,0,CA1-DG,cued,DG,91,0.02957
71,0,CA1-DG,cued,DG,92,0.007098
71,0,CA1-DG,cued,DG,93,0.112283
71,0,CA1-DG,cued,DG,94,0.060599
71,0,CA1-DG,cued,DG,95,0.00021
71,0,CA1-DG,cued,DG,96,0.058693
71,0,CA1-DG,cued,DG,97,0.032893
71,0,CA1-DG,cued,DG,98,0.012425
71,0,CA1-DG,cued,DG,99,0.043811
71,0,CA1-DG,cued,DG,100,0.03411
71,0,CA1-DG,cued,DG,101,0.59138
71,0,CA1-DG,cued,DG,102,0.139021
71,0,CA1-DG,cued,DG,103,0.15424
71,0,CA1-DG,cued,DG,104,0.128167
71,0,CA1-DG,cued,DG,105,0.213658
71,0,CA1-DG,cued,DG,106,0.084583
71,0,CA1-DG,cued,DG,107,0.033637
71,0,CA1-DG,cued,DG,108,0.420978
71,0,CA1-DG,cued,DG,109,0.05811
71,0,CA1-DG,cued,DG,110,0.056729
71,0,CA1-DG,cued,DG,111,0.025808
71,0,CA1-DG,cued,DG,112,0.532669
71,0,CA1-DG,cued,DG,113,0.279856
71,0,CA1-DG,cued,DG,114,0.071239
71,0,CA1-DG,cued,DG,115,0.024878
71,0,CA1-DG,cued,DG,116,0.052367
71,0,CA1-DG,cued,DG,117,0.053931
71,0,CA1-DG,cued,DG,118,0.690964
71,0,CA1-DG,cued,DG,119,0.016053
71,0,CA1-DG,cued,DG,120,0.006765
71,0,CA1-V1,uncued,CA1,0,1.532717
71,0,CA1-V1,uncued,CA1,1,1.180478
71,0,CA1-V1,uncued,CA1,2,0.003659
71,0,CA1-V1,uncued,CA1,3,1.073212
71,0,CA1-V1,uncued,CA1,4,0.819336
71,0,CA1-V1,uncued,CA1,5,0.829706
71,0,CA1-V1,uncued,CA1,6,0.955112
71,0,CA1-V1,uncued,CA1,7,0.707042
71,0,CA1-V1,uncued,CA1,8,0.563825
71,0,CA1-V1,uncued,CA1,9,1.062375
71,0,CA1-V1,uncued,CA1,10,0.051889
71,0,CA1-V1,uncued,CA1,11,0.81236
71,0,CA1-V1,uncued,CA1,12,1.510472
71,0,CA1-V1,uncued,CA1,13,0.040684
71,0,CA1-V1,uncued,CA1,14,0.376921
71,0,CA1-V1,uncued,CA1,15,1.581941
71,0,CA1-V1,uncued,CA1,16,0.998337
71,0,CA1-V1,uncued,CA1,17,0.858874
71,0,CA1-V1,uncued,CA1,18,1.032016
71,0,CA1-V1,uncued,CA1,19,0.011579
71,0,CA1-V1,uncued,V1,0,0.860186
71,0,CA1-V1,uncued,V1,1,0.338716
71,0,CA1-V1,uncued,V1,2,0.026619
71,0,CA1-V1,uncued,V1,3,0.917018
71,0,CA1-V1,uncued,V1,4,0.020769
71,0,CA1-V1,uncued,V1,5,0.031114
71,0,CA1-V1,uncued,V1,6,0.854154
71,0,CA1-V1,uncued,V1,7,0.862162
71,0,CA1-V1,uncued,V1,8,0.142332
71,0,CA1-V1,uncued,V1,9,0.861739
71,0,CA1-V1,uncued,V1,10,0.238483
71,0,CA1-V1,uncued,V1,11,0.055261
71,0,CA1-V1,uncued,V1,12,0.121887
71,0,CA1-V1,uncued,V1,13,0.167861
71,0,CA1-V1,uncued,V1,14,0.879541
71,0,CA1-V1,uncued,V1,15,0.713286
71,0,CA1-V1,uncued,V1,16,0.876044
71,0,CA1-V1,uncued,V1,17,0.015954
71,0,CA1-V1,uncued,V1,18,0.071665
71,0,CA1-V1,uncued,V1,19,0.021196
71,0,CA1-V1,uncued,V1,20,0.179044
71,0,CA1-V1,uncued,V1,21,0.712574
71,0,CA1-V1,uncued,V1,22,0.067518
71,0,CA1-V1,uncued,V1,23,0.01594
71,0,CA1-V1,uncued,V1,24,0.839058
71,0,CA1-V1,uncued,V1,25,0.011669
71,0,CA1-V1,uncued,V1,26,0.547721
71,0,CA1-V1,uncued,V1,27,0.010241
71,0,CA1-V1,uncued,V1,28,0.032154
71,0,CA1-V1,uncued,V1,29,0.057358
71,0,CA1-V1,uncued,V1,30,0.005582
71,0,CA1-V1,uncued,V1,31,0.054353
71,0,CA1-V1,uncued,V1,32,0.013575
71,0,CA1-V1,uncued,V1,33,0.080991
71,0,CA1-V1,uncued,V1,34,0.032493
71,0,CA1-V1,uncued,V1,35,0.852533
71,0,CA1-V1,uncued,V1,36,0.053489
71,0,CA1-V1,uncued,V1,37,0.086795
71,0,CA1-V1,uncued,V1,38,0.008688
71,0,CA1-V1,uncued,V1,39,0.010897
71,0,CA1-V1,uncued,V1,40,0.023833
71,0,CA1-V1,uncued,V1,41,0.054694
71,0,CA1-V1,uncued,V1,42,0.0155
71,0,CA1-V1,uncued,V1,43,0.010677
71,0,CA1-V1,uncued,V1,44,0.024187
71,0,CA1-V1,uncued,V1,45,0.032015
71,0,CA1-V1,uncued,V1,46,0.071067
71,0,CA1-V1,uncued,V1,47,0.831123
71,0,CA1-V1,uncued,V1,48,0.224105
71,0,CA1-V1,uncued,V1,49,0.077261
71,0,CA1-V1,uncued,V1,50,0.040286
71,0,CA1-V1,uncued,V1,51,0.015731
71,0,CA1-V1,uncued,V1,52,0.835929
71,0,CA1-V1,uncued,V1,53,0.898134
71,0,CA1-V1,uncued,V1,54,0.016279
71,0,CA1-V1,uncued,V1,55,0.01043
71,0,CA1-V1,cued,CA1,0,1.379957
71,0,CA1-V1,cued,CA1,1,1.171195
71,0,CA1-V1,cued,CA1,2,0.025744
71,0,CA1-V1,cued,CA1,3,1.101249
71,0,CA1-V1,cued,CA1,4,0.881802
71,0,CA1-V1,cued,CA1,5,0.87428
71,0,CA1-V1,cued,CA1,6,1.200555
71,0,CA1-V1,cued,CA1,7,0.760674
71,0,CA1-V1,cued,CA1,8,0.573112
71,0,CA1-V1,cued,CA1,9,0.854691
71,0,CA1-V1,cued,CA1,10,1.407984
71,0,CA1-V1,cued,CA1,11,1.227057
71,0,CA1-V1,cued,CA1,12,1.258901
71,0,CA1-V1,cued,CA1,13,0.043045
71,0,CA1-V1,cued,CA1,14,0.070946
71,0,CA1-V1,cued,CA1,15,0.053708
71,0,CA1-V1,cued,CA1,16,0.915985
71,0,CA1-V1,cued,CA1,17,0.977789
71,0,CA1-V1,cued,CA1,18,0.970464
71,0,CA1-V1,cued,CA1,19,0.008743
71,0,CA1-V1,cued,V1,0,0.361165
71,0,CA1-V1,cued,V1,1,0.577643
71,0,CA1-V1,cued,V1,2,0.061743
71,0,CA1-V1,cued,V1,3,0.784044
71,0,CA1-V1,cued,V1,4,0.116967
71,0,CA1-V1,cued,V1,5,0.1491
71,0,CA1-V1,cued,V1,6,0.155392
71,0,CA1-V1,cued,V1,7,0.147285
71,0,CA1-V1,cued,V1,8,0.235721
71,0,CA1-V1,cued,V1,9,0.635223
71,0,CA1-V1,cued,V1,10,0.191929
71,0,CA1-V1,cued,V1,11,0.113653
71,0,CA1-V1,cued,V1,12,0.183477
71,0,CA1-V1,cued,V1,13,0.547894
71,0,CA1-V1,cued,V1,14,0.414858
71,0,CA1-V1,cued,V1,15,0.629025
71,0,CA1-V1,cued,V1,16,0.504162
71,0,CA1-V1,cued,V1,17,0.05459
71,0,CA1-V1,cued,V1,18,0.068455
71,0,CA1-V1,cued,V1,19,0.136934
71,0,CA1-V1,cued,V1,20,0.139124
71,0,CA1-V1,cued,V1,21,0.098886
71,0,CA1-V1,cued,V1,22,0.286243
71,0,CA1-V1,cued,V1,23,0.0325
71,0,CA1-V1,cued,V1,24,0.787871
71,0,CA1-V1,cued,V1,25,0.048199
71,0,CA1-V1,cued,V1,26,0.575853
71,0,CA1-V1,cued,V1,27,0.049564
71,0,CA1-V1,cued,V1,28,0.026056
71,0,CA1-V1,cued,V1,29,0.539883
71,0,CA1-V1,cued,V1,30,0.024632
71,0,CA1-V1,cued,V1,31,0.788687
71,0,CA1-V1,cued,V1,32,0.017513
71,0,CA1-V1,cued,V1,33,0.084606
71,0,CA1-V1,cued,V1,34,0.051222
71,0,CA1-V1,cued,V1,35,0.781089
71,0,CA1-V1,cued,V1,36,0.163153
71,0,CA1-V1,cued,V1,37,0.127641
71,0,CA1-V1,cued,V1,38,0.041233
71,0,CA1-V1,cued,V1,39,0.014569
71,0,CA1-V1,cued,V1,40,0.229401
71,0,CA1-V1,cued,V1,41,0.618364
71,0,CA1-V1,cued,V1,42,0.046217
71,0,CA1-V1,cued,V1,43,0.025811
71,0,CA1-V1,cued,V1,44,0.030443
71,0,CA1-V1,cued,V1,45,0.055671
71,0,CA1-V1,cued,V1,46,0.669352
71,0,CA1-V1,cued,V1,47,0.411496
71,0,CA1-V1,cued,V1,48,0.170887
71,0,CA1-V1,cued,V1,49,0.129289
71,0,CA1-V1,cued,V1,50,0.361269
71,0,CA1-V1,cued,V1,51,0.602882
71,0,CA1-V1,cued,V1,52,0.768638
71,0,CA1-V1,cued,V1,53,0.780781
71,0,CA1-V1,cued,V1,54,0.006018
71,0,CA1-V1,cued,V1,55,0.195034
71,0,CA3-DG,uncued,CA3,0,0.276739
71,0,CA3-DG,uncued,CA3,1,0.63939
71,0,CA3-DG,uncued,CA3,2,0.123016
71,0,CA3-DG,uncued,CA3,3,0.053172
71,0,CA3-DG,uncued,CA3,4,0.13288
71,0,CA3-DG,uncued,CA3,5,0.112746
71,0,CA3-DG,uncued,CA3,6,0.609352
71,0,CA3-DG,uncued,CA3,7,0.537635
71,0,CA3-DG,uncued,CA3,8,0.616774
71,0,CA3-DG,uncued,CA3,9,0.02155
71,0,CA3-DG,uncued,CA3,10,0.045539
71,0,CA3-DG,uncued,CA3,11,0.121679
71,0,CA3-DG,uncued,CA3,12,0.027727
71,0,CA3-DG,uncued,CA3,13,0.053868
71,0,CA3-DG,uncued,CA3,14,0.090597
71,0,CA3-DG,uncued,CA3,15,0.006388
71,0,CA3-DG,uncued,CA3,16,0.035308
71,0,CA3-DG,uncued,CA3,17,0.370682
71,0,CA3-DG,uncued,CA3,18,0.032196
71,0,CA3-DG,uncued,CA3,19,0.095072
71,0,CA3-DG,uncued,CA3,20,0.037398
71,0,CA3-DG,uncued,CA3,21,0.029597
71,0,CA3-DG,uncued,CA3,22,0.021928
71,0,CA3-DG,uncued,CA3,23,0.032805
71,0,CA3-DG,uncued,CA3,24,0.036257
71,0,CA3-DG,uncued,CA3,25,0.038659
71,0,CA3-DG,uncued,CA3,26,0.013778
71,0,CA3-DG,uncued,CA3,27,0.135245
71,0,CA3-DG,uncued,CA3,28,0.669424
71,0,CA3-DG,uncued,CA3,29,0.047522
71,0,CA3-DG,uncued,CA3,30,0.080095
71,0,CA3-DG,uncued,CA3,31,0.02291
71,0,CA3-DG,uncued,CA3,32,0.554897
71,0,CA3-DG,uncued,CA3,33,0.046412
71,0,CA3-DG,uncued,CA3,34,0.039186
71,0,CA3-DG,uncued,CA3,35,0.02783
71,0,CA3-DG,uncued,CA3,36,0.011562
71,0,CA3-DG,uncued,CA3,37,0.575799
71,0,CA3-DG,uncued,CA3,38,0.337666
71,0,CA3-DG,uncued,CA3,39,0.09783
71,0,CA3-DG,uncued,CA3,40,0.653646
71,0,CA3-DG,uncued,CA3,41,0.096969
71,0,CA3-DG,uncued,CA3,42,0.450394
71,0,CA3-DG,uncued,CA3,43,0.699956
71,0,CA3-DG,uncued,CA3,44,0.069489
71,0,CA3-DG,uncued,CA3,45,0.026701
71,0,CA3-DG,uncued,CA3,46,0.002011
71,0,CA3-DG,uncued,CA3,47,0.095828
71,0,CA3-DG,uncued,CA3,48,0.123603
71,0,CA3-DG,uncued,CA3,49,0.116508
71,0,CA3-DG,uncued,CA3,50,0.117809
71,0,CA3-DG,uncued,CA3,51,0.10053
71,0,CA3-DG,uncued,CA3,52,0.304121
71,0,CA3-DG,uncued,CA3,53,0.034153
71,0,CA3-DG,uncued,CA3,54,0.059944
71,0,CA3-DG,uncued,CA3,55,0.029043
71,0,CA3-DG,uncued,CA3,56,0.062278
71,0,CA3-DG,uncued,CA3,57,0.049202
71,0,CA3-DG,uncued,CA3,58,0.592676
71,0,CA3-DG,uncued,CA3,59,0.395459
71,0,CA3-DG,uncued,CA3,60,0.544297
71,0,CA3-DG,uncued,CA3,61,0.267739
71,0,CA3-DG,uncued,CA3,62,0.619064
71,0,CA3-DG,uncued,DG,0,0.044018
71,0,CA3-DG,uncued,DG,1,0.719832
71,0,CA3-DG,uncued,DG,2,0.09048
71,0,CA3-DG,uncued,DG,3,0.098428
71,0,CA3-DG,uncued,DG,4,0.080986
71,0,CA3-DG,uncued,DG,5,0.040362
71,0,CA3-DG,uncued,DG,6,0.17836
71,0,CA3-DG,uncued,DG,7,0.116513
71,0,CA3-DG,uncued,DG,8,0.044587
71,0,CA3-DG,uncued,DG,9,0.210745
71,0,CA3-DG,uncued,DG,10,0.027295
71,0,CA3-DG,uncued,DG,11,0.079847
71,0,CA3-DG,uncued,DG,12,0.034015
71,0,CA3-DG,uncued,DG,13,0.021101
71,0,CA3-DG,uncued,DG,14,0.315077
71,0,CA3-DG,uncued,DG,15,0.055561
71,0,CA3-DG,uncued,DG,16,0.021339
71,0,CA3-DG,uncued,DG,17,0.193613
71,0,CA3-DG,uncued,DG,18,0.023724
71,0,CA3-DG,uncued,DG,19,0.026636
71,0,CA3-DG,uncued,DG,20,0.196406
71,0,CA3-DG,uncued,DG,21,0.044203
71,0,CA3-DG,uncued,DG,22,0.11864
71,0,CA3-DG,uncued,DG,23,0.146118
71,0,CA3-DG,uncued,DG,24,0.03814
71,0,CA3-DG,uncued,DG,25,0.043256
71,0,CA3-DG,uncued,DG,26,0.017373
71,0,CA3-DG,uncued,DG,27,0.013434
71,0,CA3-DG,uncued,DG,28,0.007868
71,0,CA3-DG,uncued,DG,29,0.054995
71,0,CA3-DG,uncued,DG,30,0.042673
71,0,CA3-DG,uncued,DG,31,0.146972
71,0,CA3-DG,uncued,DG,32,0.024631
71,0,CA3-DG,uncued,DG,33,0.140201
71,0,CA3-DG,uncued,DG,34,0.155733
71,0,CA3-DG,uncued,DG,35,0.045112
71,0,CA3-DG,uncued,DG,36,0.074488
71,0,CA3-DG,uncued,DG,37,0.690224
71,0,CA3-DG,uncued,DG,38,0.015705
71,0,CA3-DG,uncued,DG,39,0.649993
71,0,CA3-DG,uncued,DG,40,0.007327
71,0,CA3-DG,uncued,DG,41,0.024786
71,0,CA3-DG,uncued,DG,42,0.022516
71,0,CA3-DG,uncued,DG,43,0.682972
71,0,CA3-DG,uncued,DG,44,0.032253
71,0,CA3-DG,uncued,DG,45,0.646329
71,0,CA3-DG,uncued,DG,46,0.017533
71,0,CA3-DG,uncued,DG,47,0.01378
71,0,CA3-DG,uncued,DG,48,0.100175
71,0,CA3-DG,uncued,DG,49,0.022902
71,0,CA3-DG,uncued,DG,50,0.018189
71,0,CA3-DG,uncued,DG,51,0.553217
71,0,CA3-DG,uncued,DG,52,0.012128
71,0,CA3-DG,uncued,DG,53,0.648609
71,0,CA3-DG,uncued,DG,54,0.017385
71,0,CA3-DG,uncued,DG,55,0.012827
71,0,CA3-DG,uncued,DG,56,0.023241
71,0,CA3-DG,uncued,DG,57,0.045173
71,0,CA3-DG,uncued,DG,58,0.187045
71,0,CA3-DG,uncued,DG,59,0.509824
71,0,CA3-DG,uncued,DG,60,0.013759
71,0,CA3-DG,uncued,DG,61,0.023055
71,0,CA3-DG,uncued,DG,62,0.121575
71,0,CA3-DG,uncued,DG,63,0.177416
71,0,CA3-DG,uncued,DG,64,0.025993
71,0,CA3-DG,uncued,DG,65,0.099438
71,0,CA3-DG,uncued,DG,66,0.148147
71,0,CA3-DG,uncued,DG,67,0.138405
71,0,CA3-DG,uncued,DG,68,0.301115
71,0,CA3-DG,uncued,DG,69,0.010352
71,0,CA3-DG,uncued,DG,70,0.127327
71,0,CA3-DG,uncued,DG,71,0.038731
71,0,CA3-DG,uncued,DG,72,0.119699
71,0,CA3-DG,uncued,DG,73,0.023364
71,0,CA3-DG,uncued,DG,74,0.172482
71,0,CA3-DG,uncued,DG,75,0.138959
71,0,CA3-DG,uncued,DG,76,0.152037
71,0,CA3-DG,uncued,DG,77,0.035024
71,0,CA3-DG,uncued,DG,78,0.639464
71,0,CA3-DG,uncued,DG,79,0.090295
71,0,CA3-DG,uncued,DG,80,0.697409
71,0,CA3-DG,uncued,DG,81,0.685635
71,0,CA3-DG,uncued,DG,82,0.202372
71,0,CA3-DG,uncued,DG,83,0.289051
71,0,CA3-DG,uncued,DG,84,0.13195
71,0,CA3-DG,uncued,DG,85,0.015036
71,0,CA3-DG,uncued,DG,86,0.038638
71,0,CA3-DG,uncued,DG,87,0.116101
71,0,CA3-DG,uncued,DG,88,0.034057
71,0,CA3-DG,uncued,DG,89,0.03435
71,0,CA3-DG,uncued,DG,90,0.020349
71,0,CA3-DG,uncued,DG,91,0.011561
71,0,CA3-DG,uncued,DG,92,0.012011
71,0,CA3-DG,uncued,DG,93,0.141097
71,0,CA3-DG,uncued,DG,94,0.026276
71,0,CA3-DG,uncued,DG,95,0.0
71,0,CA3-DG,uncued,DG,96,0.662493
71,0,CA3-DG,uncued,DG,97,0.027371
71,0,CA3-DG,uncued,DG,98,0.085823
71,0,CA3-DG,uncued,DG,99,0.063195
71,0,CA3-DG,uncued,DG,100,0.015794
71,0,CA3-DG,uncued,DG,101,0.037651
71,0,CA3-DG,uncued,DG,102,0.127478
71,0,CA3-DG,uncued,DG,103,0.154962
71,0,CA3-DG,uncued,DG,104,0.188835
71,0,CA3-DG,uncued,DG,105,0.324122
71,0,CA3-DG,uncued,DG,106,0.280686
71,0,CA3-DG,uncued,DG,107,0.026299
71,0,CA3-DG,uncued,DG,108,0.254426
71,0,CA3-DG,uncued,DG,109,0.097376
71,0,CA3-DG,uncued,DG,110,0.050839
71,0,CA3-DG,uncued,DG,111,0.042082
71,0,CA3-DG,uncued,DG,112,0.295934
71,0,CA3-DG,uncued,DG,113,0.016131
71,0,CA3-DG,uncued,DG,114,0.078671
71,0,CA3-DG,uncued,DG,115,0.147741
71,0,CA3-DG,uncued,DG,116,0.06541
71,0,CA3-DG,uncued,DG,117,0.086405
71,0,CA3-DG,uncued,DG,118,0.580272
71,0,CA3-DG,uncued,DG,119,0.140472
71,0,CA3-DG,uncued,DG,120,0.122926
71,0,CA3-DG,cued,CA3,0,0.105922
71,0,CA3-DG,cued,CA3,1,0.350837
71,0,CA3-DG,cued,CA3,2,0.064783
71,0,CA3-DG,cued,CA3,3,0.069974
71,0,CA3-DG,cued,CA3,4,0.134259
71,0,CA3-DG,cued,CA3,5,0.087685
71,0,CA3-DG,cued,CA3,6,0.043485
71,0,CA3-DG,cued,CA3,7,0.519015
71,0,CA3-DG,cued,CA3,8,0.723964
71,0,CA3-DG,cued,CA3,9,0.100668
71,0,CA3-DG,cued,CA3,10,0.072257
71,0,CA3-DG,cued,CA3,11,0.138703
71,0,CA3-DG,cued,CA3,12,0.011772
71,0,CA3-DG,cued,CA3,13,0.085959
71,0,CA3-DG,cued,CA3,14,0.105478
71,0,CA3-DG,cued,CA3,15,0.58956
71,0,CA3-DG,cued,CA3,16,0.025357
71,0,CA3-DG,cued,CA3,17,0.667455
71,0,CA3-DG,cued,CA3,18,0.037516
71,0,CA3-DG,cued,CA3,19,0.120441
71,0,CA3-DG,cued,CA3,20,0.042467
71,0,CA3-DG,cued,CA3,21,0.0286
71,0,CA3-DG,cued,CA3,22,0.034401
71,0,CA3-DG,cued,CA3,23,0.062108
71,0,CA3-DG,cued,CA3,24,0.574483
71,0,CA3-DG,cued,CA3,25,0.188697
71,0,CA3-DG,cued,CA3,26,0.01399
71,0,CA3-DG,cued,CA3,27,0.559829
71,0,CA3-DG,cued,CA3,28,0.039924
71,0,CA3-DG,cued,CA3,29,0.153646
71,0,CA3-DG,cued,CA3,30,0.094841
71,0,CA3-DG,cued,CA3,31,0.15976
71,0,CA3-DG,cued,CA3,32,0.59276
71,0,CA3-DG,cued,CA3,33,0.133316
71,0,CA3-DG,cued,CA3,34,0.068144
71,0,CA3-DG,cued,CA3,35,0.074394
71,0,CA3-DG,cued,CA3,36,0.270932
71,0,CA3-DG,cued,CA3,37,0.757655
71,0,CA3-DG,cued,CA3,38,0.391228
71,0,CA3-DG,cued,CA3,39,0.124485
71,0,CA3-DG,cued,CA3,40,0.629352
71,0,CA3-DG,cued,CA3,41,0.162305
71,0,CA3-DG,cued,CA3,42,0.647109
71,0,CA3-DG,cued,CA3,43,0.540979
71,0,CA3-DG,cued,CA3,44,0.111285
71,0,CA3-DG,cued,CA3,45,0.038552
71,0,CA3-DG,cued,CA3,46,0.010836
71,0,CA3-DG,cued,CA3,47,0.701046
71,0,CA3-DG,cued,CA3,48,0.152849
71,0,CA3-DG,cued,CA3,49,0.184132
71,0,CA3-DG,cued,CA3,50,0.162339
71,0,CA3-DG,cued,CA3,51,0.096335
71,0,CA3-DG,cued,CA3,52,0.392361
71,0,CA3-DG,cued,CA3,53,0.060928
71,0,CA3-DG,cued,CA3,54,0.157259
71,0,CA3-DG,cued,CA3,55,0.11489
71,0,CA3-DG,cued,CA3,56,0.047363
71,0,CA3-DG,cued,CA3,57,0.159661
71,0,CA3-DG,cued,CA3,58,0.736421
71,0,CA3-DG,cued,CA3,59,0.625729
71,0,CA3-DG,cued,CA3,60,0.341792
71,0,CA3-DG,cued,CA3,61,0.094583
71,0,CA3-DG,cued,CA3,62,0.512985
71,0,CA3-DG,cued,DG,0,0.02928
71,0,CA3-DG,cued,DG,1,0.273622
71,0,CA3-DG,cued,DG,2,0.118223
71,0,CA3-DG,cued,DG,3,0.194041
71,0,CA3-DG,cued,DG,4,0.05411
71,0,CA3-DG,cued,DG,5,0.086142
71,0,CA3-DG,cued,DG,6,0.102922
71,0,CA3-DG,cued,DG,7,0.149596
71,0,CA3-DG,cued,DG,8,0.05914
71,0,CA3-DG,cued,DG,9,0.026504
71,0,CA3-DG,cued,DG,10,0.019706
71,0,CA3-DG,cued,DG,11,0.050671
71,0,CA3-DG,cued,DG,12,0.052416
71,0,CA3-DG,cued,DG,13,0.021184
71,0,CA3-DG,cued,DG,14,0.150735
71,0,CA3-DG,cued,DG,15,0.019917
71,0,CA3-DG,cued,DG,16,0.012783
71,0,CA3-DG,cued,DG,17,0.215073
71,0,CA3-DG,cued,DG,18,0.028628
71,0,CA3-DG,cued,DG,19,0.018624
71,0,CA3-DG,cued,DG,20,0.096116
71,0,CA3-DG,cued,DG,21,0.018401
71,0,CA3-DG,cued,DG,22,0.122779
71,0,CA3-DG,cued,DG,23,0.155592
71,0,CA3-DG,cued,DG,24,0.042977
71,0,CA3-DG,cued,DG,25,0.052175
71,0,CA3-DG,cued,DG,26,0.567188
71,0,CA3-DG,cued,DG,27,0.009686
71,0,CA3-DG,cued,DG,28,0.015719
71,0,CA3-DG,cued,DG,29,0.014994
71,0,CA3-DG,cued,DG,30,0.004209
71,0,CA3-DG,cued,DG,31,0.630563
71,0,CA3-DG,cued,DG,32,0.000468
71,0,CA3-DG,cued,DG,33,0.133424
71,0,CA3-DG,cued,DG,34,0.175462
71,0,CA3-DG,cued,DG,35,0.04695
71,0,CA3-DG,cued,DG,36,0.070747
71,0,CA3-DG,cued,DG,37,0.479822
71,0,CA3-DG,cued,DG,38,0.01069
71,0,CA3-DG,cued,DG,39,0.617296
71,0,CA3-DG,cued,DG,40,0.006161
71,0,CA3-DG,cued,DG,41,0.011559
71,0,CA3-DG,cued,DG,42,0.044388
71,0,CA3-DG,cued,DG,43,0.045981
71,0,CA3-DG,cued,DG,44,0.006508
71,0,CA3-DG,cued,DG,45,0.604249
71,0,CA3-DG,cued,DG,46,0.02758
71,0,CA3-DG,cued,DG,47,0.00841
71,0,CA3-DG,cued,DG,48,0.02126
71,0,CA3-DG,cued,DG,49,0.026539
71,0,CA3-DG,cued,DG,50,0.033102
71,0,CA3-DG,cued,DG,51,0.596142
71,0,CA3-DG,cued,DG,52,0.008766
71,0,CA3-DG,cued,DG,53,0.585757
71,0,CA3-DG,cued,DG,54,0.054455
71,0,CA3-DG,cued,DG,55,0.012941
71,0,CA3-DG,cued,DG,56,0.011215
71,0,CA3-DG,cued,DG,57,0.352945
71,0,CA3-DG,cued,DG,58,0.609513
71,0,CA3-DG,cued,DG,59,0.310989
71,0,CA3-DG,cued,DG,60,0.010147
71,0,CA3-DG,cued,DG,61,0.293994
71,0,CA3-DG,cued,DG,62,0.110512
71,0,CA3-DG,cued,DG,63,0.131676
71,0,CA3-DG,cued,DG,64,0.011082
71,0,CA3-DG,cued,DG,65,0.11152
71,0,CA3-DG,cued,DG,66,0.135142
71,0,CA3-DG,cued,DG,67,0.135327
71,0,CA3-DG,cued,DG,68,0.390248
71,0,CA3-DG,cued,DG,69,0.459229
71,0,CA3-DG,cued,DG,70,0.13175
71,0,CA3-DG,cued,DG,71,0.026397
71,0,CA3-DG,cued,DG,72,0.109321
71,0,CA3-DG,cued,DG,73,0.011126
71,0,CA3-DG,cued,DG,74,0.168588
71,0,CA3-DG,cued,DG,75,0.139886
71,0,CA3-DG,cued,DG,76,0.148673
71,0,CA3-DG,cued,DG,77,0.130433
71,0,CA3-DG,cued,DG,78,0.056879
71,0,CA3-DG,cued,DG,79,0.183848
71,0,CA3-DG,cued,DG,80,0.633633
71,0,CA3-DG,cued,DG,81,0.019217
71,0,CA3-DG,cued,DG,82,0.198314
71,0,CA3-DG,cued,DG,83,0.280591
71,0,CA3-DG,cued,DG,84,0.010627
71,0,CA3-DG,cued,DG,85,0.041642
71,0,CA3-DG,cued,DG,86,0.019008
71,0,CA3-DG,cued,DG,87,0.65063
71,0,CA3-DG,cued,DG,88,0.023543
71,0,CA3-DG,cued,DG,89,0.029436
71,0,CA3-DG,cued,DG,90,0.009968
71,0,CA3-DG,cued,DG,91,0.030131
71,0,CA3-DG,cued,DG,92,0.007125
71,0,CA3-DG,cued,DG,93,0.123868
71,0,CA3-DG,cued,DG,94,0.060496
71,0,CA3-DG,cued,DG,95,0.00019
71,0,CA3-DG,cued,DG,96,0.060087
71,0,CA3-DG,cued,DG,97,0.033122
71,0,CA3-DG,cued,DG,98,0.011951
71,0,CA3-DG,cued,DG,99,0.043225
71,0,CA3-DG,cued,DG,100,0.033783
71,0,CA3-DG,cued,DG,101,0.588841
71,0,CA3-DG,cued,DG,102,0.134853
71,0,CA3-DG,cued,DG,103,0.150684
71,0,CA3-DG,cued,DG,104,0.143843
71,0,CA3-DG,cued,DG,105,0.20848
71,0,CA3-DG,cued,DG,106,0.084222
71,0,CA3-DG,cued,DG,107,0.034898
71,0,CA3-DG,cued,DG,108,0.422728
71,0,CA3-DG,cued,DG,109,0.0591
71,0,CA3-DG,cued,DG,110,0.05937
71,0,CA3-DG,cued,DG,111,0.028905
71,0,CA3-DG,cued,DG,112,0.524706
71,0,CA3-DG,cued,DG,113,0.277944
71,0,CA3-DG,cued,DG,114,0.071709
71,0,CA3-DG,cued,DG,115,0.02392
71,0,CA3-DG,cued,DG,116,0.056309
71,0,CA3-DG,cued,DG,117,0.052389
71,0,CA3-DG,cued,DG,118,0.687471
71,0,CA3-DG,cued,DG,119,0.016099
71,0,CA3-DG,cued,DG,120,0.0067
71,0,CA1-SUB,uncued,CA1,0,1.530445
71,0,CA1-SUB,uncued,CA1,1,1.183181
71,0,CA1-SUB,uncued,CA1,2,0.003548
71,0,CA1-SUB,uncued,CA1,3,1.069393
71,0,CA1-SUB,uncued,CA1,4,0.8197
71,0,CA1-SUB,uncued,CA1,5,0.830259
71,0,CA1-SUB,uncued,CA1,6,0.956878
71,0,CA1-SUB,uncued,CA1,7,0.707827
71,0,CA1-SUB,uncued,CA1,8,0.56418
71,0,CA1-SUB,uncued,CA1,9,1.063177
71,0,CA1-SUB,uncued,CA1,10,0.049158
71,0,CA1-SUB,uncued,CA1,11,0.812884
71,0,CA1-SUB,uncued,CA1,12,1.51099
71,0,CA1-SUB,uncued,CA1,13,0.043535
71,0,CA1-SUB,uncued,CA1,14,0.384743
71,0,CA1-SUB,uncued,CA1,15,1.582385
71,0,CA1-SUB,uncued,CA1,16,0.99918
71,0,CA1-SUB,uncued,CA1,17,0.860554
71,0,CA1-SUB,uncued,CA1,18,1.032245
71,0,CA1-SUB,uncued,CA1,19,0.010646
71,0,CA1-SUB,uncued,SUB,0,0.280094
71,0,CA1-SUB,uncued,SUB,1,0.909492
71,0,CA1-SUB,uncued,SUB,2,0.043824
71,0,CA1-SUB,uncued,SUB,3,0.085083
71,0,CA1-SUB,uncued,SUB,4,0.0
71,0,CA1-SUB,uncued,SUB,5,0.192174
71,0,CA1-SUB,uncued,SUB,6,0.22126
71,0,CA1-SUB,uncued,SUB,7,0.192979
71,0,CA1-SUB,uncued,SUB,8,0.687312
71,0,CA1-SUB,uncued,SUB,9,0.802181
71,0,CA1-SUB,uncued,SUB,10,0.795929
71,0,CA1-SUB,uncued,SUB,11,0.757449
71,0,CA1-SUB,uncued,SUB,12,0.422437
71,0,CA1-SUB,uncued,SUB,13,0.086767
71,0,CA1-SUB,uncued,SUB,14,0.481434
71,0,CA1-SUB,uncued,SUB,15,0.812267
71,0,CA1-SUB,uncued,SUB,16,0.133804
71,0,CA1-SUB,uncued,SUB,17,0.27805
71,0,CA1-SUB,uncued,SUB,18,0.224986
71,0,CA1-SUB,uncued,SUB,19,0.356966
71,0,CA1-SUB,uncued,SUB,20,0.512751
71,0,CA1-SUB,uncued,SUB,21,0.625992
71,0,CA1-SUB,uncued,SUB,22,0.577861
71,0,CA1-SUB,uncued,SUB,23,0.927473
71,0,CA1-SUB,uncued,SUB,24,0.041382
71,0,CA1-SUB,uncued,SUB,25,0.095173
71,0,CA1-SUB,uncued,SUB,26,0.217137
71,0,CA1-SUB,uncued,SUB,27,0.230215
71,0,CA1-SUB,uncued,SUB,28,0.953782
71,0,CA1-SUB,uncued,SUB,29,0.915806
71,0,CA1-SUB,uncued,SUB,30,0.866838
71,0,CA1-SUB,uncued,SUB,31,0.393595
71,0,CA1-SUB,uncued,SUB,32,0.880847
71,0,CA1-SUB,uncued,SUB,33,0.476098
71,0,CA1-SUB,uncued,SUB,34,0.623934
71,0,CA1-SUB,uncued,SUB,35,0.790746
71,0,CA1-SUB,uncued,SUB,36,0.292415
71,0,CA1-SUB,uncued,SUB,37,0.944105
71,0,CA1-SUB,uncued,SUB,38,0.081852
71,0,CA1-SUB,uncued,SUB,39,0.025143
71,0,CA1-SUB,uncued,SUB,40,0.00822
71,0,CA1-SUB,cued,CA1,0,1.38214
71,0,CA1-SUB,cued,CA1,1,1.171909
71,0,CA1-SUB,cued,CA1,2,0.026726
71,0,CA1-SUB,cued,CA1,3,1.098403
71,0,CA1-SUB,cued,CA1,4,0.882421
71,0,CA1-SUB,cued,CA1,5,0.872786
71,0,CA1-SUB,cued,CA1,6,1.198951
71,0,CA1-SUB,cued,CA1,7,0.760877
71,0,CA1-SUB,cued,CA1,8,0.573674
71,0,CA1-SUB,cued,CA1,9,0.855343
71,0,CA1-SUB,cued,CA1,10,1.407074
71,0,CA1-SUB,cued,CA1,11,1.227171
71,0,CA1-SUB,cued,CA1,12,1.26054
71,0,CA1-SUB,cued,CA1,13,0.039293
71,0,CA1-SUB,cued,CA1,14,0.070314
71,0,CA1-SUB,cued,CA1,15,0.054884
71,0,CA1-SUB,cued,CA1,16,0.915788
71,0,CA1-SUB,cued,CA1,17,0.978749
71,0,CA1-SUB,cued,CA1,18,0.971444
71,0,CA1-SUB,cued,CA1,19,0.008988
71,0,CA1-SUB,cued,SUB,0,0.109423
71,0,CA1-SUB,cued,SUB,1,0.330079
71,0,CA1-SUB,cued,SUB,2,0.880891
71,0,CA1-SUB,cued,SUB,3,0.869897
71,0,CA1-SUB,cued,SUB,4,0.831351
71,0,CA1-SUB,cued,SUB,5,0.751898
71,0,CA1-SUB,cued,SUB,6,0.224459
71,0,CA1-SUB,cued,SUB,7,0.634774
71,0,CA1-SUB,cued,SUB,8,0.594966
71,0,CA1-SUB,cued,SUB,9,0.614378
71,0,CA1-SUB,cued,SUB,10,0.742089
71,0,CA1-SUB,cued,SUB,11,0.775595
71,0,CA1-SUB,cued,SUB,12,0.213709
71,0,CA1-SUB,cued,SUB,13,0.131716
71,0,CA1-SUB,cued,SUB,14,0.265484
71,0,CA1-SUB,cued,SUB,15,0.74769
71,0,CA1-SUB,cued,SUB,16,0.108301
71,0,CA1-SUB,cued,SUB,17,0.24875
71,0,CA1-SUB,cued,SUB,18,0.344818
71,0,CA1-SUB,cued,SUB,19,0.378696
71,0,CA1-SUB,cued,SUB,20,0.321599
71,0,CA1-SUB,cued,SUB,21,0.355436
71,0,CA1-SUB,cued,SUB,22,0.045815
71,0,CA1-SUB,cued,SUB,23,0.272975
71,0,CA1-SUB,cued,SUB,24,0.067679
71,0,CA1-SUB,cued,SUB,25,0.06748
71,0,CA1-SUB,cued,SUB,26,0.313347
71,0,CA1-SUB,cued,SUB,27,0.802725
71,0,CA1-SUB,cued,SUB,28,0.049794
71,0,CA1-SUB,cued,SUB,29,0.869937
71,0,CA1-SUB,cued,SUB,30,0.837122
71,0,CA1-SUB,cued,SUB,31,0.218755
71,0,CA1-SUB,cued,SUB,32,0.836948
71,0,CA1-SUB,cued,SUB,33,0.666483
71,0,CA1-SUB,cued,SUB,34,0.58885
71,0,CA1-SUB,cued,SUB,35,0.570529
71,0,CA1-SUB,cued,SUB,36,0.301712
71,0,CA1-SUB,cued,SUB,37,0.930016
71,0,CA1-SUB,cued,SUB,38,0.048564
71,0,CA1-SUB,cued,SUB,39,0.057552
71,0,CA1-SUB,cued,SUB,40,0.027198
71,0,RSC-SUB,uncued,RSC,0,0.023115
71,0,RSC-SUB,uncued,RSC,1,0.017665
71,0,RSC-SUB,uncued,RSC,2,0.029019
71,0,RSC-SUB,uncued,RSC,3,0.057267
71,0,RSC-SUB,uncued,RSC,4,0.037979
71,0,RSC-SUB,uncued,RSC,5,0.012148
71,0,RSC-SUB,uncued,RSC,6,0.003261
71,0,RSC-SUB,uncued,RSC,7,0.05154
71,0,RSC-SUB,uncued,RSC,8,0.017276
71,0,RSC-SUB,uncued,RSC,9,0.006983
71,0,RSC-SUB,uncued,RSC,10,0.725617
71,0,RSC-SUB,uncued,RSC,11,0.033076
71,0,RSC-SUB,uncued,RSC,12,0.098851
71,0,RSC-SUB,uncued,RSC,13,0.00784
71,0,RSC-SUB,uncued,RSC,14,0.021951
71,0,RSC-SUB,uncued,RSC,15,0.507803
71,0,RSC-SUB,uncued,RSC,16,0.003452
71,0,RSC-SUB,uncued,RSC,17,0.679617
71,0,RSC-SUB,uncued,RSC,18,0.064238
71,0,RSC-SUB,uncued,RSC,19,0.083892
71,0,RSC-SUB,uncued,RSC,20,0.043217
71,0,RSC-SUB,uncued,RSC,21,0.005355
71,0,RSC-SUB,uncued,RSC,22,0.03153
71,0,RSC-SUB,uncued,RSC,23,0.558199
71,0,RSC-SUB,uncued,RSC,24,0.021801
71,0,RSC-SUB,uncued,RSC,25,0.024356
71,0,RSC-SUB,uncued,RSC,26,0.024777
71,0,RSC-SUB,uncued,RSC,27,0.063441
71,0,RSC-SUB,uncued,RSC,28,0.096891
71,0,RSC-SUB,uncued,RSC,29,0.020178
71,0,RSC-SUB,uncued,RSC,30,0.016623
71,0,RSC-SUB,uncued,RSC,31,0.459809
71,0,RSC-SUB,uncued,RSC,32,0.069793
71,0,RSC-SUB,uncued,RSC,33,0.008311
71,0,RSC-SUB,uncued,RSC,34,0.685209
71,0,RSC-SUB,uncued,RSC,35,0.038234
71,0,RSC-SUB,uncued,RSC,36,0.013882
71,0,RSC-SUB,uncued,RSC,37,0.044872
71,0,RSC-SUB,uncued,RSC,38,0.030019
71,0,RSC-SUB,uncued,RSC,39,0.045274
71,0,RSC-SUB,uncued,RSC,40,0.022182
71,0,RSC-SUB,uncued,RSC,41,0.018972
71,0,RSC-SUB,uncued,RSC,42,0.04908
71,0,RSC-SUB,uncued,RSC,43,0.034182
71,0,RSC-SUB,uncued,RSC,44,0.001882
71,0,RSC-SUB,uncued,RSC,45,0.022392
71,0,RSC-SUB,uncued,RSC,46,0.011077
71,0,RSC-SUB,uncued,RSC,47,0.009809
71,0,RSC-SUB,uncued,RSC,48,0.01448
71,0,RSC-SUB,uncued,RSC,49,0.018976
71,0,RSC-SUB,uncued,RSC,50,0.685637
71,0,RSC-SUB,uncued,RSC,51,0.024514
71,0,RSC-SUB,uncued,RSC,52,0.014299
71,0,RSC-SUB,uncued,RSC,53,0.021262
71,0,RSC-SUB,uncued,RSC,54,0.025363
71,0,RSC-SUB,uncued,RSC,55,0.022977
71,0,RSC-SUB,uncued,RSC,56,0.033158
71,0,RSC-SUB,uncued,RSC,57,0.703375
71,0,RSC-SUB,uncued,RSC,58,0.018002
71,0,RSC-SUB,uncued,RSC,59,0.011704
71,0,RSC-SUB,uncued,RSC,60,0.011035
71,0,RSC-SUB,uncued,RSC,61,0.025972
71,0,RSC-SUB,uncued,RSC,62,0.029142
71,0,RSC-SUB,uncued,RSC,63,0.020633
71,0,RSC-SUB,uncued,RSC,64,0.026217
71,0,RSC-SUB,uncued,RSC,65,0.005909
71,0,RSC-SUB,uncued,RSC,66,0.009212
71,0,RSC-SUB,uncued,RSC,67,0.002706
71,0,RSC-SUB,uncued,RSC,68,0.565297
71,0,RSC-SUB,uncued,RSC,69,0.013655
71,0,RSC-SUB,uncued,RSC,70,0.034568
71,0,RSC-SUB,uncued,RSC,71,0.0172
71,0,RSC-SUB,uncued,RSC,72,0.003556
71,0,RSC-SUB,uncued,RSC,73,0.073483
71,0,RSC-SUB,uncued,RSC,74,0.004006
71,0,RSC-SUB,uncued,RSC,75,0.074725
71,0,RSC-SUB,uncued,RSC,76,0.017522
71,0,RSC-SUB,uncued,RSC,77,0.042934
71,0,RSC-SUB,uncued,RSC,78,0.002242
71,0,RSC-SUB,uncued,RSC,79,0.028061
71,0,RSC-SUB,uncued,RSC,80,0.683551
71,0,RSC-SUB,uncued,RSC,81,0.042366
71,0,RSC-SUB,uncued,RSC,82,0.004941
71,0,RSC-SUB,uncued,RSC,83,0.051683
71,0,RSC-SUB,uncued,RSC,84,0.029948
71,0,RSC-SUB,uncued,RSC,85,0.615765
71,0,RSC-SUB,uncued,RSC,86,0.023738
71,0,RSC-SUB,uncued,RSC,87,0.014925
71,0,RSC-SUB,uncued,RSC,88,0.029894
71,0,RSC-SUB,uncued,RSC,89,0.011468
71,0,RSC-SUB,uncued,RSC,90,0.013186
71,0,RSC-SUB,uncued,RSC,91,0.038887
71,0,RSC-SUB,uncued,RSC,92,0.050237
71,0,RSC-SUB,uncued,RSC,93,0.034157
71,0,RSC-SUB,uncued,RSC,94,0.036948
71,0,RSC-SUB,uncued,RSC,95,0.036279
71,0,RSC-SUB,uncued,RSC,96,0.029981
71,0,RSC-SUB,uncued,RSC,97,0.040853
71,0,RSC-SUB,uncued,RSC,98,0.021936
71,0,RSC-SUB,uncued,RSC,99,0.051292
71,0,RSC-SUB,uncued,RSC,100,0.031927
71,0,RSC-SUB,uncued,RSC,101,0.017471
71,0,RSC-SUB,uncued,RSC,102,0.022159
71,0,RSC-SUB,uncued,RSC,103,0.029541
71,0,RSC-SUB,uncued,RSC,104,0.085487
71,0,RSC-SUB,uncued,RSC,105,0.550535
71,0,RSC-SUB,uncued,RSC,106,0.012836
71,0,RSC-SUB,uncued,RSC,107,0.007671
71,0,RSC-SUB,uncued,RSC,108,0.067937
71,0,RSC-SUB,uncued,RSC,109,0.687486
71,0,RSC-SUB,uncued,RSC,110,0.735555
71,0,RSC-SUB,uncued,RSC,111,0.001287
71,0,RSC-SUB,uncued,RSC,112,0.014557
71,0,RSC-SUB,uncued,RSC,113,0.515175
71,0,RSC-SUB,uncued,RSC,114,0.057707
71,0,RSC-SUB,uncued,RSC,115,0.002356
71,0,RSC-SUB,uncued,RSC,116,0.028659
71,0,RSC-SUB,uncued,RSC,117,0.015475
71,0,RSC-SUB,uncued,RSC,118,0.013706
71,0,RSC-SUB,uncued,RSC,119,0.0
71,0,RSC-SUB,uncued,SUB,0,0.282534
71,0,RSC-SUB,uncued,SUB,1,0.904004
71,0,RSC-SUB,uncued,SUB,2,0.043653
71,0,RSC-SUB,uncued,SUB,3,0.081966
71,0,RSC-SUB,uncued,SUB,4,0.0
71,0,RSC-SUB,uncued,SUB,5,0.186351
71,0,RSC-SUB,uncued,SUB,6,0.21932
71,0,RSC-SUB,uncued,SUB,7,0.19026
71,0,RSC-SUB,uncued,SUB,8,0.686089
71,0,RSC-SUB,uncued,SUB,9,0.815675
71,0,RSC-SUB,uncued,SUB,10,0.785566
71,0,RSC-SUB,uncued,SUB,11,0.753733
71,0,RSC-SUB,uncued,SUB,12,0.425051
71,0,RSC-SUB,uncued,SUB,13,0.084916
71,0,RSC-SUB,uncued,SUB,14,0.486262
71,0,RSC-SUB,uncued,SUB,15,0.808656
71,0,RSC-SUB,uncued,SUB,16,0.134196
71,0,RSC-SUB,uncued,SUB,17,0.280158
71,0,RSC-SUB,uncued,SUB,18,0.22793
71,0,RSC-SUB,uncued,SUB,19,0.355836
71,0,RSC-SUB,uncued,SUB,20,0.513688
71,0,RSC-SUB,uncued,SUB,21,0.619034
71,0,RSC-SUB,uncued,SUB,22,0.570907
71,0,RSC-SUB,uncued,SUB,23,0.923626
71,0,RSC-SUB,uncued,SUB,24,0.039624
71,0,RSC-SUB,uncued,SUB,25,0.094479
71,0,RSC-SUB,uncued,SUB,26,0.227529
71,0,RSC-SUB,uncued,SUB,27,0.233472
71,0,RSC-SUB,uncued,SUB,28,0.948735
71,0,RSC-SUB,uncued,SUB,29,0.911049
71,0,RSC-SUB,uncued,SUB,30,0.862529
71,0,RSC-SUB,uncued,SUB,31,0.382147
71,0,RSC-SUB,uncued,SUB,32,0.877765
71,0,RSC-SUB,uncued,SUB,33,0.439397
71,0,RSC-SUB,uncued,SUB,34,0.626797
71,0,RSC-SUB,uncued,SUB,35,0.791577
71,0,RSC-SUB,uncued,SUB,36,0.29193
71,0,RSC-SUB,uncued,SUB,37,0.941704
71,0,RSC-SUB,uncued,SUB,38,0.078893
71,0,RSC-SUB,uncued,SUB,39,0.024003
71,0,RSC-SUB,uncued,SUB,40,0.008168
71,0,RSC-SUB,cued,RSC,0,0.036458
71,0,RSC-SUB,cued,RSC,1,0.027049
71,0,RSC-SUB,cued,RSC,2,0.185615
71,0,RSC-SUB,cued,RSC,3,0.112265
71,0,RSC-SUB,cued,RSC,4,0.035702
71,0,RSC-SUB,cued,RSC,5,0.018464
71,0,RSC-SUB,cued,RSC,6,0.005187
71,0,RSC-SUB,cued,RSC,7,0.04068
71,0,RSC-SUB,cued,RSC,8,0.02835
71,0,RSC-SUB,cued,RSC,9,0.105097
71,0,RSC-SUB,cued,RSC,10,0.034645
71,0,RSC-SUB,cued,RSC,11,0.016093
71,0,RSC-SUB,cued,RSC,12,0.033656
71,0,RSC-SUB,cued,RSC,13,0.058142
71,0,RSC-SUB,cued,RSC,14,0.110887
71,0,RSC-SUB,cued,RSC,15,0.694902
71,0,RSC-SUB,cued,RSC,16,0.581869
71,0,RSC-SUB,cued,RSC,17,0.010617
71,0,RSC-SUB,cued,RSC,18,0.029963
71,0,RSC-SUB,cued,RSC,19,0.012331
71,0,RSC-SUB,cued,RSC,20,0.064147
71,0,RSC-SUB,cued,RSC,21,0.009049
71,0,RSC-SUB,cued,RSC,22,0.044866
71,0,RSC-SUB,cued,RSC,23,0.424658
71,0,RSC-SUB,cued,RSC,24,0.046976
71,0,RSC-SUB,cued,RSC,25,0.024769
71,0,RSC-SUB,cued,RSC,26,0.07812
71,0,RSC-SUB,cued,RSC,27,0.685834
71,0,RSC-SUB,cued,RSC,28,0.050729
71,0,RSC-SUB,cued,RSC,29,0.233007
71,0,RSC-SUB,cued,RSC,30,0.009262
71,0,RSC-SUB,cued,RSC,31,0.453678
71,0,RSC-SUB,cued,RSC,32,0.035117
71,0,RSC-SUB,cued,RSC,33,0.035115
71,0,RSC-SUB,cued,RSC,34,0.033527
71,0,RSC-SUB,cued,RSC,35,0.572441
71,0,RSC-SUB,cued,RSC,36,0.045663
71,0,RSC-SUB,cued,RSC,37,0.051502
71,0,RSC-SUB,cued,RSC,38,0.022827
71,0,RSC-SUB,cued,RSC,39,0.041727
71,0,RSC-SUB,cued,RSC,40,0.046859
71,0,RSC-SUB,cued,RSC,41,0.028616
71,0,RSC-SUB,cued,RSC,42,0.046014
71,0,RSC-SUB,cued,RSC,43,0.01108
71,0,RSC-SUB,cued,RSC,44,0.019589
71,0,RSC-SUB,cued,RSC,45,0.035312
71,0,RSC-SUB,cued,RSC,46,0.028856
71,0,RSC-SUB,cued,RSC,47,0.005033
71,0,RSC-SUB,cued,RSC,48,0.018113
71,0,RSC-SUB,cued,RSC,49,0.017151
71,0,RSC-SUB,cued,RSC,50,0.056171
71,0,RSC-SUB,cued,RSC,51,0.030684
71,0,RSC-SUB,cued,RSC,52,0.038914
71,0,RSC-SUB,cued,RSC,53,0.068553
71,0,RSC-SUB,cued,RSC,54,0.059327
71,0,RSC-SUB,cued,RSC,55,0.037306
71,0,RSC-SUB,cued,RSC,56,0.078798
71,0,RSC-SUB,cued,RSC,57,0.62201
71,0,RSC-SUB,cued,RSC,58,0.052472
71,0,RSC-SUB,cued,RSC,59,0.007131
71,0,RSC-SUB,cued,RSC,60,0.026125
71,0,RSC-SUB,cued,RSC,61,0.009306
71,0,RSC-SUB,cued,RSC,62,0.033938
71,0,RSC-SUB,cued,RSC,63,0.105879
71,0,RSC-SUB,cued,RSC,64,0.012995
71,0,RSC-SUB,cued,RSC,65,0.016465
71,0,RSC-SUB,cued,RSC,66,0.031046
71,0,RSC-SUB,cued,RSC,67,0.00933
71,0,RSC-SUB,cued,RSC,68,0.684205
71,0,RSC-SUB,cued,RSC,69,0.415492
71,0,RSC-SUB,cued,RSC,70,0.030998
71,0,RSC-SUB,cued,RSC,71,0.481633
71,0,RSC-SUB,cued,RSC,72,0.030288
71,0,RSC-SUB,cued,RSC,73,0.063039
71,0,RSC-SUB,cued,RSC,74,0.013017
71,0,RSC-SUB,cued,RSC,75,0.04747
71,0,RSC-SUB,cued,RSC,76,0.705589
71,0,RSC-SUB,cued,RSC,77,0.453762
71,0,RSC-SUB,cued,RSC,78,0.04889
71,0,RSC-SUB,cued,RSC,79,0.021146
71,0,RSC-SUB,cued,RSC,80,0.016406
71,0,RSC-SUB,cued,RSC,81,0.716742
71,0,RSC-SUB,cued,RSC,82,0.015694
71,0,RSC-SUB,cued,RSC,83,0.709397
71,0,RSC-SUB,cued,RSC,84,0.081505
71,0,RSC-SUB,cued,RSC,85,0.077028
71,0,RSC-SUB,cued,RSC,86,0.027265
71,0,RSC-SUB,cued,RSC,87,0.073354
71,0,RSC-SUB,cued,RSC,88,0.039176
71,0,RSC-SUB,cued,RSC,89,0.057804
71,0,RSC-SUB,cued,RSC,90,0.197275
71,0,RSC-SUB,cued,RSC,91,0.020295
71,0,RSC-SUB,cued,RSC,92,0.040826
71,0,RSC-SUB,cued,RSC,93,0.024711
71,0,RSC-SUB,cued,RSC,94,0.235763
71,0,RSC-SUB,cued,RSC,95,0.050782
71,0,RSC-SUB,cued,RSC,96,0.027264
71,0,RSC-SUB,cued,RSC,97,0.030818
71,0,RSC-SUB,cued,RSC,98,0.036084
71,0,RSC-SUB,cued,RSC,99,0.070975
71,0,RSC-SUB,cued,RSC,100,0.04321
71,0,RSC-SUB,cued,RSC,101,0.067554
71,0,RSC-SUB,cued,RSC,102,0.050695
71,0,RSC-SUB,cued,RSC,103,0.025881
71,0,RSC-SUB,cued,RSC,104,0.039746
71,0,RSC-SUB,cued,RSC,105,0.526098
71,0,RSC-SUB,cued,RSC,106,0.011378
71,0,RSC-SUB,cued,RSC,107,0.010107
71,0,RSC-SUB,cued,RSC,108,0.033727
71,0,RSC-SUB,cued,RSC,109,0.016447
71,0,RSC-SUB,cued,RSC,110,0.014651
71,0,RSC-SUB,cued,RSC,111,0.009989
71,0,RSC-SUB,cued,RSC,112,0.016636
71,0,RSC-SUB,cued,RSC,113,0.16634
71,0,RSC-SUB,cued,RSC,114,0.01748
71,0,RSC-SUB,cued,RSC,115,0.085735
71,0,RSC-SUB,cued,RSC,116,0.0124
71,0,RSC-SUB,cued,RSC,117,0.006903
71,0,RSC-SUB,cued,RSC,118,0.32413
71,0,RSC-SUB,cued,RSC,119,0.007138
71,0,RSC-SUB,cued,SUB,0,0.111063
71,0,RSC-SUB,cued,SUB,1,0.345013
71,0,RSC-SUB,cued,SUB,2,0.88016
71,0,RSC-SUB,cued,SUB,3,0.866778
71,0,RSC-SUB,cued,SUB,4,0.826777
71,0,RSC-SUB,cued,SUB,5,0.74952
71,0,RSC-SUB,cued,SUB,6,0.22331
71,0,RSC-SUB,cued,SUB,7,0.659746
71,0,RSC-SUB,cued,SUB,8,0.580111
71,0,RSC-SUB,cued,SUB,9,0.625509
71,0,RSC-SUB,cued,SUB,10,0.705608
71,0,RSC-SUB,cued,SUB,11,0.772855
71,0,RSC-SUB,cued,SUB,12,0.209161
71,0,RSC-SUB,cued,SUB,13,0.129693
71,0,RSC-SUB,cued,SUB,14,0.27262
71,0,RSC-SUB,cued,SUB,15,0.742978
71,0,RSC-SUB,cued,SUB,16,0.104204
71,0,RSC-SUB,cued,SUB,17,0.259007
71,0,RSC-SUB,cued,SUB,18,0.350496
71,0,RSC-SUB,cued,SUB,19,0.368875
71,0,RSC-SUB,cued,SUB,20,0.301653
71,0,RSC-SUB,cued,SUB,21,0.371826
71,0,RSC-SUB,cued,SUB,22,0.048766
71,0,RSC-SUB,cued,SUB,23,0.267762
71,0,RSC-SUB,cued,SUB,24,0.066506
71,0,RSC-SUB,cued,SUB,25,0.063545
71,0,RSC-SUB,cued,SUB,26,0.308503
71,0,RSC-SUB,cued,SUB,27,0.770286
71,0,RSC-SUB,cued,SUB,28,0.050174
71,0,RSC-SUB,cued,SUB,29,0.866654
71,0,RSC-SUB,cued,SUB,30,0.829229
71,0,RSC-SUB,cued,SUB,31,0.226704
71,0,RSC-SUB,cued,SUB,32,0.833821
71,0,RSC-SUB,cued,SUB,33,0.673166
71,0,RSC-SUB,cued,SUB,34,0.596241
71,0,RSC-SUB,cued,SUB,35,0.57139
71,0,RSC-SUB,cued,SUB,36,0.287628
71,0,RSC-SUB,cued,SUB,37,0.925745
71,0,RSC-SUB,cued,SUB,38,0.051551
71,0,RSC-SUB,cued,SUB,39,0.060287
71,0,RSC-SUB,cued,SUB,40,0.026675
71,0,V1-RSC,uncued,V1,0,0.855249
71,0,V1-RSC,uncued,V1,1,0.355824
71,0,V1-RSC,uncued,V1,2,0.029111
71,0,V1-RSC,uncued,V1,3,0.908702
71,0,V1-RSC,uncued,V1,4,0.023557
71,0,V1-RSC,uncued,V1,5,0.034745
71,0,V1-RSC,uncued,V1,6,0.846685
71,0,V1-RSC,uncued,V1,7,0.858432
71,0,V1-RSC,uncued,V1,8,0.138169
71,0,V1-RSC,uncued,V1,9,0.856024
71,0,V1-RSC,uncued,V1,10,0.226872
71,0,V1-RSC,uncued,V1,11,0.058682
71,0,V1-RSC,uncued,V1,12,0.130076
71,0,V1-RSC,uncued,V1,13,0.170208
71,0,V1-RSC,uncued,V1,14,0.873404
71,0,V1-RSC,uncued,V1,15,0.70871
71,0,V1-RSC,uncued,V1,16,0.872024
71,0,V1-RSC,uncued,V1,17,0.018999
71,0,V1-RSC,uncued,V1,18,0.075627
71,0,V1-RSC,uncued,V1,19,0.021825
71,0,V1-RSC,uncued,V1,20,0.188766
71,0,V1-RSC,uncued,V1,21,0.706815
71,0,V1-RSC,uncued,V1,22,0.073065
71,0,V1-RSC,uncued,V1,23,0.018832
71,0,V1-RSC,uncued,V1,24,0.836334
71,0,V1-RSC,uncued,V1,25,0.013746
71,0,V1-RSC,uncued,V1,26,0.545529
71,0,V1-RSC,uncued,V1,27,0.009896
71,0,V1-RSC,uncued,V1,28,0.034349
71,0,V1-RSC,uncued,V1,29,0.05439
71,0,V1-RSC,uncued,V1,30,0.005415
71,0,V1-RSC,uncued,V1,31,0.059139
71,0,V1-RSC,uncued,V1,32,0.015483
71,0,V1-RSC,uncued,V1,33,0.081706
71,0,V1-RSC,uncued,V1,34,0.030275
71,0,V1-RSC,uncued,V1,35,0.847102
71,0,V1-RSC,uncued,V1,36,0.0522
71,0,V1-RSC,uncued,V1,37,0.090378
71,0,V1-RSC,uncued,V1,38,0.008936
71,0,V1-RSC,uncued,V1,39,0.011617
71,0,V1-RSC,uncued,V1,40,0.023117
71,0,V1-RSC,uncued,V1,41,0.055312
71,0,V1-RSC,uncued,V1,42,0.016454
71,0,V1-RSC,uncued,V1,43,0.010758
71,0,V1-RSC,uncued,V1,44,0.024404
71,0,V1-RSC,uncued,V1,45,0.031108
71,0,V1-RSC,uncued,V1,46,0.073806
71,0,V1-RSC,uncued,V1,47,0.821945
71,0,V1-RSC,uncued,V1,48,0.21901
71,0,V1-RSC,uncued,V1,49,0.081352
71,0,V1-RSC,uncued,V1,50,0.039877
71,0,V1-RSC,uncued,V1,51,0.017438
71,0,V1-RSC,uncued,V1,52,0.832582
71,0,V1-RSC,uncued,V1,53,0.896261
71,0,V1-RSC,uncued,V1,54,0.016025
71,0,V1-RSC,uncued,V1,55,0.010118
71,0,V1-RSC,uncued,RSC,0,0.023746
71,0,V1-RSC,uncued,RSC,1,0.018219
71,0,V1-RSC,uncued,RSC,2,0.029688
71,0,V1-RSC,uncued,RSC,3,0.057165
71,0,V1-RSC,uncued,RSC,4,0.038839
71,0,V1-RSC,uncued,RSC,5,0.01306
71,0,V1-RSC,uncued,RSC,6,0.003443
71,0,V1-RSC,uncued,RSC,7,0.053747
71,0,V1-RSC,uncued,RSC,8,0.017138
71,0,V1-RSC,uncued,RSC,9,0.00703
71,0,V1-RSC,uncued,RSC,10,0.725002
71,0,V1-RSC,uncued,RSC,11,0.033524
71,0,V1-RSC,uncued,RSC,12,0.096236
71,0,V1-RSC,uncued,RSC,13,0.007679
71,0,V1-RSC,uncued,RSC,14,0.022682
71,0,V1-RSC,uncued,RSC,15,0.506892
71,0,V1-RSC,uncued,RSC,16,0.003454
71,0,V1-RSC,uncued,RSC,17,0.680625
71,0,V1-RSC,uncued,RSC,18,0.06456
71,0,V1-RSC,uncued,RSC,19,0.082712
71,0,V1-RSC,uncued,RSC,20,0.047441
71,0,V1-RSC,uncued,RSC,21,0.005215
71,0,V1-RSC,uncued,RSC,22,0.030516
71,0,V1-RSC,uncued,RSC,23,0.557024
71,0,V1-RSC,uncued,RSC,24,0.020324
71,0,V1-RSC,uncued,RSC,25,0.024682
71,0,V1-RSC,uncued,RSC,26,0.024076
71,0,V1-RSC,uncued,RSC,27,0.063336
71,0,V1-RSC,uncued,RSC,28,0.09643
71,0,V1-RSC,uncued,RSC,29,0.021613
71,0,V1-RSC,uncued,RSC,30,0.016109
71,0,V1-RSC,uncued,RSC,31,0.457054
71,0,V1-RSC,uncued,RSC,32,0.068887
71,0,V1-RSC,uncued,RSC,33,0.008752
71,0,V1-RSC,uncued,RSC,34,0.68351
71,0,V1-RSC,uncued,RSC,35,0.042418
71,0,V1-RSC,uncued,RSC,36,0.013358
71,0,V1-RSC,uncued,RSC,37,0.043789
71,0,V1-RSC,uncued,RSC,38,0.030214
71,0,V1-RSC,uncued,RSC,39,0.04494
71,0,V1-RSC,uncued,RSC,40,0.023047
71,0,V1-RSC,uncued,RSC,41,0.018891
71,0,V1-RSC,uncued,RSC,42,0.049759
71,0,V1-RSC,uncued,RSC,43,0.035312
71,0,V1-RSC,uncued,RSC,44,0.002006
71,0,V1-RSC,uncued,RSC,45,0.022432
71,0,V1-RSC,uncued,RSC,46,0.011978
71,0,V1-RSC,uncued,RSC,47,0.009789
71,0,V1-RSC,uncued,RSC,48,0.014326
71,0,V1-RSC,uncued,RSC,49,0.019409
71,0,V1-RSC,uncued,RSC,50,0.685911
71,0,V1-RSC,uncued,RSC,51,0.023796
71,0,V1-RSC,uncued,RSC,52,0.014056
71,0,V1-RSC,uncued,RSC,53,0.021897
71,0,V1-RSC,uncued,RSC,54,0.026314
71,0,V1-RSC,uncued,RSC,55,0.023721
71,0,V1-RSC,uncued,RSC,56,0.031484
71,0,V1-RSC,uncued,RSC,57,0.702852
71,0,V1-RSC,uncued,RSC,58,0.017771
71,0,V1-RSC,uncued,RSC,59,0.011971
71,0,V1-RSC,uncued,RSC,60,0.012006
71,0,V1-RSC,uncued,RSC,61,0.026188
71,0,V1-RSC,uncued,RSC,62,0.028805
71,0,V1-RSC,uncued,RSC,63,0.019967
71,0,V1-RSC,uncued,RSC,64,0.026601
71,0,V1-RSC,uncued,RSC,65,0.00621
71,0,V1-RSC,uncued,RSC,66,0.00906
71,0,V1-RSC,uncued,RSC,67,0.002602
71,0,V1-RSC,uncued,RSC,68,0.56496
71,0,V1-RSC,uncued,RSC,69,0.014045
71,0,V1-RSC,uncued,RSC,70,0.035628
71,0,V1-RSC,uncued,RSC,71,0.017616
71,0,V1-RSC,uncued,RSC,72,0.003575
71,0,V1-RSC,uncued,RSC,73,0.076892
71,0,V1-RSC,uncued,RSC,74,0.004372
71,0,V1-RSC,uncued,RSC,75,0.072884
71,0,V1-RSC,uncued,RSC,76,0.021512
71,0,V1-RSC,uncued,RSC,77,0.048641
71,0,V1-RSC,uncued,RSC,78,0.002226
71,0,V1-RSC,uncued,RSC,79,0.028674
71,0,V1-RSC,uncued,RSC,80,0.67839
71,0,V1-RSC,uncued,RSC,81,0.041385
71,0,V1-RSC,uncued,RSC,82,0.005058
71,0,V1-RSC,uncued,RSC,83,0.050137
71,0,V1-RSC,uncued,RSC,84,0.029945
71,0,V1-RSC,uncued,RSC,85,0.615374
71,0,V1-RSC,uncued,RSC,86,0.023307
71,0,V1-RSC,uncued,RSC,87,0.016796
71,0,V1-RSC,uncued,RSC,88,0.030183
71,0,V1-RSC,uncued,RSC,89,0.011623
71,0,V1-RSC,uncued,RSC,90,0.013371
71,0,V1-RSC,uncued,RSC,91,0.03787
71,0,V1-RSC,uncued,RSC,92,0.053119
71,0,V1-RSC,uncued,RSC,93,0.034379
71,0,V1-RSC,uncued,RSC,94,0.037136
71,0,V1-RSC,uncued,RSC,95,0.036026
71,0,V1-RSC,uncued,RSC,96,0.030865
71,0,V1-RSC,uncued,RSC,97,0.04245
71,0,V1-RSC,uncued,RSC,98,0.020082
71,0,V1-RSC,uncued,RSC,99,0.056225
71,0,V1-RSC,uncued,RSC,100,0.030663
71,0,V1-RSC,uncued,RSC,101,0.01665
71,0,V1-RSC,uncued,RSC,102,0.020948
71,0,V1-RSC,uncued,RSC,103,0.030748
71,0,V1-RSC,uncued,RSC,104,0.085062
71,0,V1-RSC,uncued,RSC,105,0.550346
71,0,V1-RSC,uncued,RSC,106,0.012791
71,0,V1-RSC,uncued,RSC,107,0.007737
71,0,V1-RSC,uncued,RSC,108,0.069631
71,0,V1-RSC,uncued,RSC,109,0.68803
71,0,V1-RSC,uncued,RSC,110,0.735119
71,0,V1-RSC,uncued,RSC,111,0.00141
71,0,V1-RSC,uncued,RSC,112,0.016355
71,0,V1-RSC,uncued,RSC,113,0.514834
71,0,V1-RSC,uncued,RSC,114,0.055478
71,0,V1-RSC,uncued,RSC,115,0.00237
71,0,V1-RSC,uncued,RSC,116,0.029199
71,0,V1-RSC,uncued,RSC,117,0.015554
71,0,V1-RSC,uncued,RSC,118,0.013529
71,0,V1-RSC,uncued,RSC,119,0.0
71,0,V1-RSC,cued,V1,0,0.362652
71,0,V1-RSC,cued,V1,1,0.573974
71,0,V1-RSC,cued,V1,2,0.073006
71,0,V1-RSC,cued,V1,3,0.775319
71,0,V1-RSC,cued,V1,4,0.120309
71,0,V1-RSC,cued,V1,5,0.161077
71,0,V1-RSC,cued,V1,6,0.181416
71,0,V1-RSC,cued,V1,7,0.17529
71,0,V1-RSC,cued,V1,8,0.230169
71,0,V1-RSC,cued,V1,9,0.599819
71,0,V1-RSC,cued,V1,10,0.193173
71,0,V1-RSC,cued,V1,11,0.111816
71,0,V1-RSC,cued,V1,12,0.179128
71,0,V1-RSC,cued,V1,13,0.554237
71,0,V1-RSC,cued,V1,14,0.421366
71,0,V1-RSC,cued,V1,15,0.615229
71,0,V1-RSC,cued,V1,16,0.49758
71,0,V1-RSC,cued,V1,17,0.054733
71,0,V1-RSC,cued,V1,18,0.071573
71,0,V1-RSC,cued,V1,19,0.14275
71,0,V1-RSC,cued,V1,20,0.149482
71,0,V1-RSC,cued,V1,21,0.11076
71,0,V1-RSC,cued,V1,22,0.282025
71,0,V1-RSC,cued,V1,23,0.03169
71,0,V1-RSC,cued,V1,24,0.786842
71,0,V1-RSC,cued,V1,25,0.053167
71,0,V1-RSC,cued,V1,26,0.572984
71,0,V1-RSC,cued,V1,27,0.04732
71,0,V1-RSC,cued,V1,28,0.025758
71,0,V1-RSC,cued,V1,29,0.536225
71,0,V1-RSC,cued,V1,30,0.024611
71,0,V1-RSC,cued,V1,31,0.785637
71,0,V1-RSC,cued,V1,32,0.017688
71,0,V1-RSC,cued,V1,33,0.094291
71,0,V1-RSC,cued,V1,34,0.054781
71,0,V1-RSC,cued,V1,35,0.77691
71,0,V1-RSC,cued,V1,36,0.170867
71,0,V1-RSC,cued,V1,37,0.132547
71,0,V1-RSC,cued,V1,38,0.040865
71,0,V1-RSC,cued,V1,39,0.014678
71,0,V1-RSC,cued,V1,40,0.213087
71,0,V1-RSC,cued,V1,41,0.615779
71,0,V1-RSC,cued,V1,42,0.048935
71,0,V1-RSC,cued,V1,43,0.026784
71,0,V1-RSC,cued,V1,44,0.030028
71,0,V1-RSC,cued,V1,45,0.056378
71,0,V1-RSC,cued,V1,46,0.662907
71,0,V1-RSC,cued,V1,47,0.415457
71,0,V1-RSC,cued,V1,48,0.169177
71,0,V1-RSC,cued,V1,49,0.138352
71,0,V1-RSC,cued,V1,50,0.355355
71,0,V1-RSC,cued,V1,51,0.594502
71,0,V1-RSC,cued,V1,52,0.763194
71,0,V1-RSC,cued,V1,53,0.774905
71,0,V1-RSC,cued,V1,54,0.005407
71,0,V1-RSC,cued,V1,55,0.19486
71,0,V1-RSC,cued,RSC,0,0.036399
71,0,V1-RSC,cued,RSC,1,0.027219
71,0,V1-RSC,cued,RSC,2,0.182724
71,0,V1-RSC,cued,RSC,3,0.121243
71,0,V1-RSC,cued,RSC,4,0.040657
71,0,V1-RSC,cued,RSC,5,0.017771
71,0,V1-RSC,cued,RSC,6,0.005679
71,0,V1-RSC,cued,RSC,7,0.043412
71,0,V1-RSC,cued,RSC,8,0.028086
71,0,V1-RSC,cued,RSC,9,0.108351
71,0,V1-RSC,cued,RSC,10,0.033677
71,0,V1-RSC,cued,RSC,11,0.014658
71,0,V1-RSC,cued,RSC,12,0.033312
71,0,V1-RSC,cued,RSC,13,0.059673
71,0,V1-RSC,cued,RSC,14,0.117963
71,0,V1-RSC,cued,RSC,15,0.694715
71,0,V1-RSC,cued,RSC,16,0.581697
71,0,V1-RSC,cued,RSC,17,0.011998
71,0,V1-RSC,cued,RSC,18,0.031158
71,0,V1-RSC,cued,RSC,19,0.012668
71,0,V1-RSC,cued,RSC,20,0.068301
71,0,V1-RSC,cued,RSC,21,0.008283
71,0,V1-RSC,cued,RSC,22,0.043809
71,0,V1-RSC,cued,RSC,23,0.4248
71,0,V1-RSC,cued,RSC,24,0.046964
71,0,V1-RSC,cued,RSC,25,0.026679
71,0,V1-RSC,cued,RSC,26,0.070117
71,0,V1-RSC,cued,RSC,27,0.686734
71,0,V1-RSC,cued,RSC,28,0.053062
71,0,V1-RSC,cued,RSC,29,0.21561
71,0,V1-RSC,cued,RSC,30,0.009626
71,0,V1-RSC,cued,RSC,31,0.453617
71,0,V1-RSC,cued,RSC,32,0.036781
71,0,V1-RSC,cued,RSC,33,0.037362
71,0,V1-RSC,cued,RSC,34,0.034313
71,0,V1-RSC,cued,RSC,35,0.571461
71,0,V1-RSC,cued,RSC,36,0.048509
71,0,V1-RSC,cued,RSC,37,0.049727
71,0,V1-RSC,cued,RSC,38,0.021554
71,0,V1-RSC,cued,RSC,39,0.041888
71,0,V1-RSC,cued,RSC,40,0.047046
71,0,V1-RSC,cued,RSC,41,0.030346
71,0,V1-RSC,cued,RSC,42,0.047145
71,0,V1-RSC,cued,RSC,43,0.010979
71,0,V1-RSC,cued,RSC,44,0.023074
71,0,V1-RSC,cued,RSC,45,0.034509
71,0,V1-RSC,cued,RSC,46,0.030342
71,0,V1-RSC,cued,RSC,47,0.005078
71,0,V1-RSC,cued,RSC,48,0.018694
71,0,V1-RSC,cued,RSC,49,0.018062
71,0,V1-RSC,cued,RSC,50,0.059934
71,0,V1-RSC,cued,RSC,51,0.031337
71,0,V1-RSC,cued,RSC,52,0.039369
71,0,V1-RSC,cued,RSC,53,0.065817
71,0,V1-RSC,cued,RSC,54,0.058434
71,0,V1-RSC,cued,RSC,55,0.036396
71,0,V1-RSC,cued,RSC,56,0.076527
71,0,V1-RSC,cued,RSC,57,0.621882
71,0,V1-RSC,cued,RSC,58,0.053771
71,0,V1-RSC,cued,RSC,59,0.007198
71,0,V1-RSC,cued,RSC,60,0.025736
71,0,V1-RSC,cued,RSC,61,0.008788
71,0,V1-RSC,cued,RSC,62,0.031007
71,0,V1-RSC,cued,RSC,63,0.100972
71,0,V1-RSC,cued,RSC,64,0.013331
71,0,V1-RSC,cued,RSC,65,0.017462
71,0,V1-RSC,cued,RSC,66,0.031191
71,0,V1-RSC,cued,RSC,67,0.011033
71,0,V1-RSC,cued,RSC,68,0.689728
71,0,V1-RSC,cued,RSC,69,0.414888
71,0,V1-RSC,cued,RSC,70,0.032494
71,0,V1-RSC,cued,RSC,71,0.481313
71,0,V1-RSC,cued,RSC,72,0.030725
71,0,V1-RSC,cued,RSC,73,0.062959
71,0,V1-RSC,cued,RSC,74,0.013284
71,0,V1-RSC,cued,RSC,75,0.050292
71,0,V1-RSC,cued,RSC,76,0.701518
71,0,V1-RSC,cued,RSC,77,0.452832
71,0,V1-RSC,cued,RSC,78,0.047835
71,0,V1-RSC,cued,RSC,79,0.020976
71,0,V1-RSC,cued,RSC,80,0.01525
71,0,V1-RSC,cued,RSC,81,0.712859
71,0,V1-RSC,cued,RSC,82,0.0161
71,0,V1-RSC,cued,RSC,83,0.709419
71,0,V1-RSC,cued,RSC,84,0.080755
71,0,V1-RSC,cued,RSC,85,0.076851
71,0,V1-RSC,cued,RSC,86,0.025341
71,0,V1-RSC,cued,RSC,87,0.079864
71,0,V1-RSC,cued,RSC,88,0.037406
71,0,V1-RSC,cued,RSC,89,0.05521
71,0,V1-RSC,cued,RSC,90,0.19686
71,0,V1-RSC,cued,RSC,91,0.019091
71,0,V1-RSC,cued,RSC,92,0.039348
71,0,V1-RSC,cued,RSC,93,0.023474
71,0,V1-RSC,cued,RSC,94,0.23952
71,0,V1-RSC,cued,RSC,95,0.051311
71,0,V1-RSC,cued,RSC,96,0.02783
71,0,V1-RSC,cued,RSC,97,0.031701
71,0,V1-RSC,cued,RSC,98,0.037553
71,0,V1-RSC,cued,RSC,99,0.075499
71,0,V1-RSC,cued,RSC,100,0.040386
71,0,V1-RSC,cued,RSC,101,0.075222
71,0,V1-RSC,cued,RSC,102,0.051304
71,0,V1-RSC,cued,RSC,103,0.023388
71,0,V1-RSC,cued,RSC,104,0.03919
71,0,V1-RSC,cued,RSC,105,0.526839
71,0,V1-RSC,cued,RSC,106,0.011365
71,0,V1-RSC,cued,RSC,107,0.010329
71,0,V1-RSC,cued,RSC,108,0.033475
71,0,V1-RSC,cued,RSC,109,0.018554
71,0,V1-RSC,cued,RSC,110,0.014831
71,0,V1-RSC,cued,RSC,111,0.00989
71,0,V1-RSC,cued,RSC,112,0.017577
71,0,V1-RSC,cued,RSC,113,0.150769
71,0,V1-RSC,cued,RSC,114,0.01774
71,0,V1-RSC,cued,RSC,115,0.090722
71,0,V1-RSC,cued,RSC,116,0.013409
71,0,V1-RSC,cued,RSC,117,0.007664
71,0,V1-RSC,cued,RSC,118,0.304397
71,0,V1-RSC,cued,RSC,119,0.006839
73,1,CA1-RSC,uncued,CA1,0,0.017682
73,1,CA1-RSC,uncued,CA1,1,2.172866
73,1,CA1-RSC,uncued,CA1,2,0.029979
73,1,CA1-RSC,uncued,CA1,3,0.911281
73,1,CA1-RSC,uncued,CA1,4,1.795282
73,1,CA1-RSC,uncued,CA1,5,0.161454
73,1,CA1-RSC,uncued,CA1,6,0.932831
73,1,CA1-RSC,uncued,CA1,7,0.727118
73,1,CA1-RSC,uncued,CA1,8,1.388391
73,1,CA1-RSC,uncued,CA1,9,0.076114
73,1,CA1-RSC,uncued,CA1,10,0.012943
73,1,CA1-RSC,uncued,CA1,11,1.500247
73,1,CA1-RSC,uncued,CA1,12,0.020937
73,1,CA1-RSC,uncued,CA1,13,0.027243
73,1,CA1-RSC,uncued,CA1,14,1.368404
73,1,CA1-RSC,uncued,CA1,15,1.148719
73,1,CA1-RSC,uncued,CA1,16,0.959948
73,1,CA1-RSC,uncued,CA1,17,1.348159
73,1,CA1-RSC,uncued,CA1,18,0.757462
73,1,CA1-RSC,uncued,CA1,19,0.941183
73,1,CA1-RSC,uncued,CA1,20,1.751429
73,1,CA1-RSC,uncued,CA1,21,0.648024
73,1,CA1-RSC,uncued,RSC,0,0.092803
73,1,CA1-RSC,uncued,RSC,1,0.095531
73,1,CA1-RSC,uncued,RSC,2,0.739699
73,1,CA1-RSC,uncued,RSC,3,0.072663
73,1,CA1-RSC,uncued,RSC,4,0.07645
73,1,CA1-RSC,uncued,RSC,5,0.766073
73,1,CA1-RSC,uncued,RSC,6,0.020707
73,1,CA1-RSC,uncued,RSC,7,0.019832
73,1,CA1-RSC,uncued,RSC,8,0.028993
73,1,CA1-RSC,uncued,RSC,9,0.014835
73,1,CA1-RSC,uncued,RSC,10,0.022794
73,1,CA1-RSC,uncued,RSC,11,0.005686
73,1,CA1-RSC,uncued,RSC,12,0.023114
73,1,CA1-RSC,uncued,RSC,13,0.654722
73,1,CA1-RSC,uncued,RSC,14,0.798535
73,1,CA1-RSC,uncued,RSC,15,0.031928
73,1,CA1-RSC,uncued,RSC,16,0.061874
73,1,CA1-RSC,uncued,RSC,17,0.007256
73,1,CA1-RSC,uncued,RSC,18,0.012505
73,1,CA1-RSC,uncued,RSC,19,0.009933
73,1,CA1-RSC,uncued,RSC,20,0.108134
73,1,CA1-RSC,uncued,RSC,21,0.009981
73,1,CA1-RSC,uncued,RSC,22,0.059588
73,1,CA1-RSC,uncued,RSC,23,0.023936
73,1,CA1-RSC,uncued,RSC,24,0.005185
73,1,CA1-RSC,uncued,RSC,25,0.001495
73,1,CA1-RSC,uncued,RSC,26,0.019452
73,1,CA1-RSC,uncued,RSC,27,0.039694
73,1,CA1-RSC,uncued,RSC,28,0.778527
73,1,CA1-RSC,uncued,RSC,29,0.048162
73,1,CA1-RSC,uncued,RSC,30,0.01468
73,1,CA1-RSC,uncued,RSC,31,0.083356
73,1,CA1-RSC,uncued,RSC,32,0.817189
73,1,CA1-RSC,uncued,RSC,33,0.803974
73,1,CA1-RSC,uncued,RSC,34,0.034499
73,1,CA1-RSC,uncued,RSC,35,0.799145
73,1,CA1-RSC,uncued,RSC,36,0.021213
73,1,CA1-RSC,uncued,RSC,37,0.013752
73,1,CA1-RSC,uncued,RSC,38,0.582068
73,1,CA1-RSC,uncued,RSC,39,0.64382
73,1,CA1-RSC,uncued,RSC,40,0.622461
73,1,CA1-RSC,uncued,RSC,41,0.019864
73,1,CA1-RSC,uncued,RSC,42,0.690306
73,1,CA1-RSC,uncued,RSC,43,0.000474
73,1,CA1-RSC,uncued,RSC,44,0.000173
73,1,CA1-RSC,uncued,RSC,45,0.753498
73,1,CA1-RSC,uncued,RSC,46,0.63261
73,1,CA1-RSC,uncued,RSC,47,0.033859
73,1,CA1-RSC,uncued,RSC,48,0.122064
73,1,CA1-RSC,uncued,RSC,49,0.193329
73,1,CA1-RSC,uncued,RSC,50,0.025335
73,1,CA1-RSC,uncued,RSC,51,0.081705
73,1,CA1-RSC,uncued,RSC,52,0.054591
73,1,CA1-RSC,uncued,RSC,53,0.755834
73,1,CA1-RSC,uncued,RSC,54,0.029742
73,1,CA1-RSC,uncued,RSC,55,0.760574
73,1,CA1-RSC,cued,CA1,0,0.014392
73,1,CA1-RSC,cued,CA1,1,1.629257
73,1,CA1-RSC,cued,CA1,2,0.07483
73,1,CA1-RSC,cued,CA1,3,0.977957
73,1,CA1-RSC,cued,CA1,4,0.978696
73,1,CA1-RSC,cued,CA1,5,0.354765
73,1,CA1-RSC,cued,CA1,6,0.947384
73,1,CA1-RSC,cued,CA1,7,0.651802
73,1,CA1-RSC,cued,CA1,8,1.131245
73,1,CA1-RSC,cued,CA1,9,0.122486
73,1,CA1-RSC,cued,CA1,10,0.009754
73,1,CA1-RSC,cued,CA1,11,1.693348
73,1,CA1-RSC,cued,CA1,12,1.839736
73,1,CA1-RSC,cued,CA1,13,0.014495
73,1,CA1-RSC,cued,CA1,14,0.03212
73,1,CA1-RSC,cued,CA1,15,1.064306
73,1,CA1-RSC,cued,CA1,16,1.071117
73,1,CA1-RSC,cued,CA1,17,1.304849
73,1,CA1-RSC,cued,CA1,18,0.874042
73,1,CA1-RSC,cued,CA1,19,1.594964
73,1,CA1-RSC,cued,CA1,20,1.260423
73,1,CA1-RSC,cued,CA1,21,1.483559
73,1,CA1-RSC,cued,RSC,0,0.058858
73,1,CA1-RSC,cued,RSC,1,0.01182
73,1,CA1-RSC,cued,RSC,2,0.101901
73,1,CA1-RSC,cued,RSC,3,0.105646
73,1,CA1-RSC,cued,RSC,4,0.826216
73,1,CA1-RSC,cued,RSC,5,0.639934
73,1,CA1-RSC,cued,RSC,6,0.016951
73,1,CA1-RSC,cued,RSC,7,0.013642
73,1,CA1-RSC,cued,RSC,8,0.02901
73,1,CA1-RSC,cued,RSC,9,0.018493
73,1,CA1-RSC,cued,RSC,10,0.843927
73,1,CA1-RSC,cued,RSC,11,0.004652
73,1,CA1-RSC,cued,RSC,12,0.021341
73,1,CA1-RSC,cued,RSC,13,0.535492
73,1,CA1-RSC,cued,RSC,14,0.837723
73,1,CA1-RSC,cued,RSC,15,0.061403
73,1,CA1-RSC,cued,RSC,16,0.828248
73,1,CA1-RSC,cued,RSC,17,0.015591
73,1,CA1-RSC,cued,RSC,18,0.008298
73,1,CA1-RSC,cued,RSC,19,0.009513
73,1,CA1-RSC,cued,RSC,20,0.013743
73,1,CA1-RSC,cued,RSC,21,0.005671
73,1,CA1-RSC,cued,RSC,22,0.034025
73,1,CA1-RSC,cued,RSC,23,0.038038
73,1,CA1-RSC,cued,RSC,24,0.824186
73,1,CA1-RSC,cued,RSC,25,0.00111
73,1,CA1-RSC,cued,RSC,26,0.063326
73,1,CA1-RSC,cued,RSC,27,0.073009
73,1,CA1-RSC,cued,RSC,28,0.744547
73,1,CA1-RSC,cued,RSC,29,0.048718
73,1,CA1-RSC,cued,RSC,30,0.016886
73,1,CA1-RSC,cued,RSC,31,0.053031
73,1,CA1-RSC,cued,RSC,32,0.078609
73,1,CA1-RSC,cued,RSC,33,0.041919
73,1,CA1-RSC,cued,RSC,34,0.019386
73,1,CA1-RSC,cued,RSC,35,0.039508
73,1,CA1-RSC,cued,RSC,36,0.035366
73,1,CA1-RSC,cued,RSC,37,0.09014
73,1,CA1-RSC,cued,RSC,38,0.049977
73,1,CA1-RSC,cued,RSC,39,0.073024
73,1,CA1-RSC,cued,RSC,40,0.169671
73,1,CA1-RSC,cued,RSC,41,0.035431
73,1,CA1-RSC,cued,RSC,42,0.021125
73,1,CA1-RSC,cued,RSC,43,0.000352
73,1,CA1-RSC,cued,RSC,44,0.000129
73,1,CA1-RSC,cued,RSC,45,0.703649
73,1,CA1-RSC,cued,RSC,46,0.74933
73,1,CA1-RSC,cued,RSC,47,0.043712
73,1,CA1-RSC,cued,RSC,48,0.044364
73,1,CA1-RSC,cued,RSC,49,0.775587
73,1,CA1-RSC,cued,RSC,50,0.021824
73,1,CA1-RSC,cued,RSC,51,0.683934
73,1,CA1-RSC,cued,RSC,52,0.220251
73,1,CA1-RSC,cued,RSC,53,0.576672
73,1,CA1-RSC,cued,RSC,54,0.760023
73,1,CA1-RSC,cued,RSC,55,0.532723
73,1,CA1-DG,uncued,CA1,0,0.000775
73,1,CA1-DG,uncued,CA1,1,2.183123
73,1,CA1-DG,uncued,CA1,2,0.002392
73,1,CA1-DG,uncued,CA1,3,0.910363
73,1,CA1-DG,uncued,CA1,4,1.798791
73,1,CA1-DG,uncued,CA1,5,0.107627
73,1,CA1-DG,uncued,CA1,6,0.933413
73,1,CA1-DG,uncued,CA1,7,0.729494
73,1,CA1-DG,uncued,CA1,8,1.393038
73,1,CA1-DG,uncued,CA1,9,0.022454
73,1,CA1-DG,uncued,CA1,10,0.006189
73,1,CA1-DG,uncued,CA1,11,1.507772
73,1,CA1-DG,uncued,CA1,12,0.015146
73,1,CA1-DG,uncued,CA1,13,0.014812
73,1,CA1-DG,uncued,CA1,14,1.370399
73,1,CA1-DG,uncued,CA1,15,1.15016
73,1,CA1-DG,uncued,CA1,16,0.960693
73,1,CA1-DG,uncued,CA1,17,1.351433
73,1,CA1-DG,uncued,CA1,18,0.758234
73,1,CA1-DG,uncued,CA1,19,0.941361
73,1,CA1-DG,uncued,CA1,20,1.74953
73,1,CA1-DG,uncued,CA1,21,0.64872
73,1,CA1-DG,uncued,DG,0,1.049699
73,1,CA1-DG,uncued,DG,1,0.621189
73,1,CA1-DG,uncued,DG,2,0.003035
73,1,CA1-DG,uncued,DG,3,0.016279
73,1,CA1-DG,uncued,DG,4,0.010261
73,1,CA1-DG,uncued,DG,5,0.007501
73,1,CA1-DG,uncued,DG,6,0.135582
73,1,CA1-DG,uncued,DG,7,0.048453
73,1,CA1-DG,uncued,DG,8,0.884035
73,1,CA1-DG,uncued,DG,9,0.030055
73,1,CA1-DG,uncued,DG,10,1.047194
73,1,CA1-DG,uncued,DG,11,1.156535
73,1,CA1-DG,uncued,DG,12,0.02705
73,1,CA1-DG,uncued,DG,13,1.027722
73,1,CA1-DG,uncued,DG,14,1.045469
73,1,CA1-DG,uncued,DG,15,0.96576
73,1,CA1-DG,uncued,DG,16,0.993672
73,1,CA1-DG,uncued,DG,17,0.742181
73,1,CA1-DG,uncued,DG,18,1.128713
73,1,CA1-DG,uncued,DG,19,0.71157
73,1,CA1-DG,uncued,DG,20,0.01691
73,1,CA1-DG,uncued,DG,21,0.661694
73,1,CA1-DG,uncued,DG,22,1.195429
73,1,CA1-DG,uncued,DG,23,0.010511
73,1,CA1-DG,uncued,DG,24,0.030649
73,1,CA1-DG,uncued,DG,25,0.002508
73,1,CA1-DG,uncued,DG,26,0.081706
73,1,CA1-DG,uncued,DG,27,1.319544
73,1,CA1-DG,uncued,DG,28,0.704585
73,1,CA1-DG,cued,CA1,0,0.0
73,1,CA1-DG,cued,CA1,1,1.641485
73,1,CA1-DG,cued,CA1,2,0.053966
73,1,CA1-DG,cued,CA1,3,0.978761
73,1,CA1-DG,cued,CA1,4,0.981514
73,1,CA1-DG,cued,CA1,5,0.330992
73,1,CA1-DG,cued,CA1,6,0.947987
73,1,CA1-DG,cued,CA1,7,0.653634
73,1,CA1-DG,cued,CA1,8,1.133649
73,1,CA1-DG,cued,CA1,9,0.080695
73,1,CA1-DG,cued,CA1,10,0.002733
73,1,CA1-DG,cued,CA1,11,1.708692
73,1,CA1-DG,cued,CA1,12,1.840307
73,1,CA1-DG,cued,CA1,13,0.015204
73,1,CA1-DG,cued,CA1,14,0.039447
73,1,CA1-DG,cued,CA1,15,1.064427
73,1,CA1-DG,cued,CA1,16,1.071861
73,1,CA1-DG,cued,CA1,17,1.307091
73,1,CA1-DG,cued,CA1,18,0.874495
73,1,CA1-DG,cued,CA1,19,1.601884
73,1,CA1-DG,cued,CA1,20,1.263605
73,1,CA1-DG,cued,CA1,21,1.485099
73,1,CA1-DG,cued,DG,0,1.013019
73,1,CA1-DG,cued,DG,1,0.164375
73,1,CA1-DG,cued,DG,2,0.004097
73,1,CA1-DG,cued,DG,3,0.008082
73,1,CA1-DG,cued,DG,4,0.008229
73,1,CA1-DG,cued,DG,5,0.006671
73,1,CA1-DG,cued,DG,6,0.713394
73,1,CA1-DG,cued,DG,7,0.016682
73,1,CA1-DG,cued,DG,8,0.057463
73,1,CA1-DG,cued,DG,9,0.660671
73,1,CA1-DG,cued,DG,10,1.006433
73,1,CA1-DG,cued,DG,11,1.074393
73,1,CA1-DG,cued,DG,12,0.021726
73,1,CA1-DG,cued,DG,13,0.960473
73,1,CA1-DG,cued,DG,14,0.370015
73,1,CA1-DG,cued,DG,15,0.949202
73,1,CA1-DG,cued,DG,16,0.962766
73,1,CA1-DG,cued,DG,17,0.762895
73,1,CA1-DG,cued,DG,18,1.086575
73,1,CA1-DG,cued,DG,19,0.557108
73,1,CA1-DG,cued,DG,20,0.035403
73,1,CA1-DG,cued,DG,21,0.711603
73,1,CA1-DG,cued,DG,22,0.019474
73,1,CA1-DG,cued,DG,23,0.005627
73,1,CA1-DG,cued,DG,24,0.739469
73,1,CA1-DG,cued,DG,25,0.793585
73,1,CA1-DG,cued,DG,26,0.010536
73,1,CA1-DG,cued,DG,27,0.221064
73,1,CA1-DG,cued,DG,28,1.096796
73,1,CA1-V1,uncued,CA1,0,0.000821
73,1,CA1-V1,uncued,CA1,1,2.184721
73,1,CA1-V1,uncued,CA1,2,0.002357
73,1,CA1-V1,uncued,CA1,3,0.912532
73,1,CA1-V1,uncued,CA1,4,1.798362
73,1,CA1-V1,uncued,CA1,5,0.103205
73,1,CA1-V1,uncued,CA1,6,0.933922
73,1,CA1-V1,uncued,CA1,7,0.73019
73,1,CA1-V1,uncued,CA1,8,1.39364
73,1,CA1-V1,uncued,CA1,9,0.020622
73,1,CA1-V1,uncued,CA1,10,0.006362
73,1,CA1-V1,uncued,CA1,11,1.507475
73,1,CA1-V1,uncued,CA1,12,0.015763
73,1,CA1-V1,uncued,CA1,13,0.014822
73,1,CA1-V1,uncued,CA1,14,1.370648
73,1,CA1-V1,uncued,CA1,15,1.149762
73,1,CA1-V1,uncued,CA1,16,0.96131
73,1,CA1-V1,uncued,CA1,17,1.352382
73,1,CA1-V1,uncued,CA1,18,0.758164
73,1,CA1-V1,uncued,CA1,19,0.942201
73,1,CA1-V1,uncued,CA1,20,1.75375
73,1,CA1-V1,uncued,CA1,21,0.648825
73,1,CA1-V1,uncued,V1,0,1.078531
73,1,CA1-V1,uncued,V1,1,0.726893
73,1,CA1-V1,uncued,V1,2,0.099446
73,1,CA1-V1,uncued,V1,3,0.010559
73,1,CA1-V1,uncued,V1,4,1.932842
73,1,CA1-V1,uncued,V1,5,1.277772
73,1,CA1-V1,uncued,V1,6,0.543152
73,1,CA1-V1,uncued,V1,7,1.817877
73,1,CA1-V1,uncued,V1,8,1.257493
73,1,CA1-V1,uncued,V1,9,0.967621
73,1,CA1-V1,uncued,V1,10,1.118953
73,1,CA1-V1,uncued,V1,11,1.231454
73,1,CA1-V1,uncued,V1,12,1.734929
73,1,CA1-V1,uncued,V1,13,1.135008
73,1,CA1-V1,uncued,V1,14,1.631894
73,1,CA1-V1,uncued,V1,15,1.180369
73,1,CA1-V1,uncued,V1,16,0.142991
73,1,CA1-V1,uncued,V1,17,0.267971
73,1,CA1-V1,cued,CA1,0,0.0
73,1,CA1-V1,cued,CA1,1,1.64166
73,1,CA1-V1,cued,CA1,2,0.054029
73,1,CA1-V1,cued,CA1,3,0.978977
73,1,CA1-V1,cued,CA1,4,0.982301
73,1,CA1-V1,cued,CA1,5,0.33162
73,1,CA1-V1,cued,CA1,6,0.948996
73,1,CA1-V1,cued,CA1,7,0.654241
73,1,CA1-V1,cued,CA1,8,1.134458
73,1,CA1-V1,cued,CA1,9,0.080506
73,1,CA1-V1,cued,CA1,10,0.002783
73,1,CA1-V1,cued,CA1,11,1.709121
73,1,CA1-V1,cued,CA1,12,1.841581
73,1,CA1-V1,cued,CA1,13,0.015386
73,1,CA1-V1,cued,CA1,14,0.038006
73,1,CA1-V1,cued,CA1,15,1.065617
73,1,CA1-V1,cued,CA1,16,1.072666
73,1,CA1-V1,cued,CA1,17,1.30799
73,1,CA1-V1,cued,CA1,18,0.875066
73,1,CA1-V1,cued,CA1,19,1.602948
73,1,CA1-V1,cued,CA1,20,1.263024
73,1,CA1-V1,cued,CA1,21,1.485144
73,1,CA1-V1,cued,V1,0,1.040328
73,1,CA1-V1,cued,V1,1,0.65716
73,1,CA1-V1,cued,V1,2,0.0587
73,1,CA1-V1,cued,V1,3,0.001939
73,1,CA1-V1,cued,V1,4,1.522989
73,1,CA1-V1,cued,V1,5,0.942458
73,1,CA1-V1,cued,V1,6,0.777272
73,1,CA1-V1,cued,V1,7,1.563692
73,1,CA1-V1,cued,V1,8,1.148132
73,1,CA1-V1,cued,V1,9,1.224711
73,1,CA1-V1,cued,V1,10,0.008749
73,1,CA1-V1,cued,V1,11,0.830083
73,1,CA1-V1,cued,V1,12,1.207643
73,1,CA1-V1,cued,V1,13,1.053807
73,1,CA1-V1,cued,V1,14,0.705965
73,1,CA1-V1,cued,V1,15,0.912796
73,1,CA1-V1,cued,V1,16,0.761506
73,1,CA1-V1,cued,V1,17,0.450968
73,1,CA1-SUB,uncued,CA1,0,0.000932
73,1,CA1-SUB,uncued,CA1,1,2.185419
73,1,CA1-SUB,uncued,CA1,2,0.0023
73,1,CA1-SUB,uncued,CA1,3,0.91147
73,1,CA1-SUB,uncued,CA1,4,1.798693
73,1,CA1-SUB,uncued,CA1,5,0.101414
73,1,CA1-SUB,uncued,CA1,6,0.933587
73,1,CA1-SUB,uncued,CA1,7,0.729882
73,1,CA1-SUB,uncued,CA1,8,1.393195
73,1,CA1-SUB,uncued,CA1,9,0.020253
73,1,CA1-SUB,uncued,CA1,10,0.005909
73,1,CA1-SUB,uncued,CA1,11,1.507237
73,1,CA1-SUB,uncued,CA1,12,0.015267
73,1,CA1-SUB,uncued,CA1,13,0.014967
73,1,CA1-SUB,uncued,CA1,14,1.370634
73,1,CA1-SUB,uncued,CA1,15,1.149278
73,1,CA1-SUB,uncued,CA1,16,0.959817
73,1,CA1-SUB,uncued,CA1,17,1.351314
73,1,CA1-SUB,uncued,CA1,18,0.758143
73,1,CA1-SUB,uncued,CA1,19,0.941785
73,1,CA1-SUB,uncued,CA1,20,1.752103
73,1,CA1-SUB,uncued,CA1,21,0.648597
73,1,CA1-SUB,uncued,SUB,0,0.122108
73,1,CA1-SUB,uncued,SUB,1,0.055724
73,1,CA1-SUB,uncued,SUB,2,0.24456
73,1,CA1-SUB,uncued,SUB,3,0.612284
73,1,CA1-SUB,uncued,SUB,4,0.199937
73,1,CA1-SUB,uncued,SUB,5,0.772486
73,1,CA1-SUB,uncued,SUB,6,0.772036
73,1,CA1-SUB,uncued,SUB,7,0.877159
73,1,CA1-SUB,uncued,SUB,8,0.328227
73,1,CA1-SUB,uncued,SUB,9,0.799349
73,1,CA1-SUB,uncued,SUB,10,0.906613
73,1,CA1-SUB,uncued,SUB,11,0.965586
73,1,CA1-SUB,uncued,SUB,12,0.903387
73,1,CA1-SUB,uncued,SUB,13,0.900137
73,1,CA1-SUB,uncued,SUB,14,0.912265
73,1,CA1-SUB,uncued,SUB,15,0.897978
73,1,CA1-SUB,uncued,SUB,16,0.561611
73,1,CA1-SUB,uncued,SUB,17,0.876653
73,1,CA1-SUB,uncued,SUB,18,0.783976
73,1,CA1-SUB,uncued,SUB,19,0.041367
73,1,CA1-SUB,uncued,SUB,20,0.061555
73,1,CA1-SUB,uncued,SUB,21,0.657631
73,1,CA1-SUB,uncued,SUB,22,0.916594
73,1,CA1-SUB,uncued,SUB,23,0.939863
73,1,CA1-SUB,uncued,SUB,24,0.908119
73,1,CA1-SUB,uncued,SUB,25,0.012252
73,1,CA1-SUB,uncued,SUB,26,0.036265
73,1,CA1-SUB,cued,CA1,0,0.0
73,1,CA1-SUB,cued,CA1,1,1.639986
73,1,CA1-SUB,cued,CA1,2,0.054962
73,1,CA1-SUB,cued,CA1,3,0.978822
73,1,CA1-SUB,cued,CA1,4,0.981067
73,1,CA1-SUB,cued,CA1,5,0.338445
73,1,CA1-SUB,cued,CA1,6,0.947991
73,1,CA1-SUB,cued,CA1,7,0.653703
73,1,CA1-SUB,cued,CA1,8,1.132955
73,1,CA1-SUB,cued,CA1,9,0.081737
73,1,CA1-SUB,cued,CA1,10,0.002732
73,1,CA1-SUB,cued,CA1,11,1.708033
73,1,CA1-SUB,cued,CA1,12,1.838554
73,1,CA1-SUB,cued,CA1,13,0.015089
73,1,CA1-SUB,cued,CA1,14,0.040046
73,1,CA1-SUB,cued,CA1,15,1.063338
73,1,CA1-SUB,cued,CA1,16,1.071778
73,1,CA1-SUB,cued,CA1,17,1.307473
73,1,CA1-SUB,cued,CA1,18,0.87453
73,1,CA1-SUB,cued,CA1,19,1.601525
73,1,CA1-SUB,cued,CA1,20,1.262905
73,1,CA1-SUB,cued,CA1,21,1.483053
73,1,CA1-SUB,cued,SUB,0,0.128544
73,1,CA1-SUB,cued,SUB,1,0.058927
73,1,CA1-SUB,cued,SUB,2,0.83894
73,1,CA1-SUB,cued,SUB,3,0.894877
73,1,CA1-SUB,cued,SUB,4,0.33633
73,1,CA1-SUB,cued,SUB,5,0.892463
73,1,CA1-SUB,cued,SUB,6,0.834637
73,1,CA1-SUB,cued,SUB,7,0.825754
73,1,CA1-SUB,cued,SUB,8,0.245571
73,1,CA1-SUB,cued,SUB,9,0.782545
73,1,CA1-SUB,cued,SUB,10,0.909659
73,1,CA1-SUB,cued,SUB,11,0.890074
73,1,CA1-SUB,cued,SUB,12,0.886737
73,1,CA1-SUB,cued,SUB,13,0.470586
73,1,CA1-SUB,cued,SUB,14,0.88171
73,1,CA1-SUB,cued,SUB,15,0.462078
73,1,CA1-SUB,cued,SUB,16,0.401005
73,1,CA1-SUB,cued,SUB,17,0.67821
73,1,CA1-SUB,cued,SUB,18,0.342677
73,1,CA1-SUB,cued,SUB,19,0.626341
73,1,CA1-SUB,cued,SUB,20,0.031327
73,1,CA1-SUB,cued,SUB,21,0.268761
73,1,CA1-SUB,cued,SUB,22,0.908848
73,1,CA1-SUB,cued,SUB,23,0.577378
73,1,CA1-SUB,cued,SUB,24,0.879458
73,1,CA1-SUB,cued,SUB,25,0.013418
73,1,CA1-SUB,cued,SUB,26,0.815491
73,1,RSC-SUB,uncued,RSC,0,0.09355
73,1,RSC-SUB,uncued,RSC,1,0.10093
73,1,RSC-SUB,uncued,RSC,2,0.740081
73,1,RSC-SUB,uncued,RSC,3,0.073042
73,1,RSC-SUB,uncued,RSC,4,0.076747
73,1,RSC-SUB,uncued,RSC,5,0.765456
73,1,RSC-SUB,uncued,RSC,6,0.020617
73,1,RSC-SUB,uncued,RSC,7,0.020574
73,1,RSC-SUB,uncued,RSC,8,0.027682
73,1,RSC-SUB,uncued,RSC,9,0.013592
73,1,RSC-SUB,uncued,RSC,10,0.022476
73,1,RSC-SUB,uncued,RSC,11,0.005383
73,1,RSC-SUB,uncued,RSC,12,0.023219
73,1,RSC-SUB,uncued,RSC,13,0.654423
73,1,RSC-SUB,uncued,RSC,14,0.798914
73,1,RSC-SUB,uncued,RSC,15,0.031145
73,1,RSC-SUB,uncued,RSC,16,0.061379
73,1,RSC-SUB,uncued,RSC,17,0.006794
73,1,RSC-SUB,uncued,RSC,18,0.01214
73,1,RSC-SUB,uncued,RSC,19,0.009131
73,1,RSC-SUB,uncued,RSC,20,0.109239
73,1,RSC-SUB,uncued,RSC,21,0.008771
73,1,RSC-SUB,uncued,RSC,22,0.060801
73,1,RSC-SUB,uncued,RSC,23,0.024362
73,1,RSC-SUB,uncued,RSC,24,0.005348
73,1,RSC-SUB,uncued,RSC,25,0.000811
73,1,RSC-SUB,uncued,RSC,26,0.017845
73,1,RSC-SUB,uncued,RSC,27,0.040481
73,1,RSC-SUB,uncued,RSC,28,0.779498
73,1,RSC-SUB,uncued,RSC,29,0.04937
73,1,RSC-SUB,uncued,RSC,30,0.013264
73,1,RSC-SUB,uncued,RSC,31,0.083888
73,1,RSC-SUB,uncued,RSC,32,0.814708
73,1,RSC-SUB,uncued,RSC,33,0.804501
73,1,RSC-SUB,uncued,RSC,34,0.033658
73,1,RSC-SUB,uncued,RSC,35,0.799385
73,1,RSC-SUB,uncued,RSC,36,0.020892
73,1,RSC-SUB,uncued,RSC,37,0.012398
73,1,RSC-SUB,uncued,RSC,38,0.57652
73,1,RSC-SUB,uncued,RSC,39,0.648633
73,1,RSC-SUB,uncued,RSC,40,0.622836
73,1,RSC-SUB,uncued,RSC,41,0.01966
73,1,RSC-SUB,uncued,RSC,42,0.690133
73,1,RSC-SUB,uncued,RSC,43,0.000257
73,1,RSC-SUB,uncued,RSC,44,9.4e-05
73,1,RSC-SUB,uncued,RSC,45,0.753577
73,1,RSC-SUB,uncued,RSC,46,0.632872
73,1,RSC-SUB,uncued,RSC,47,0.032858
73,1,RSC-SUB,uncued,RSC,48,0.121541
73,1,RSC-SUB,uncued,RSC,49,0.196516
73,1,RSC-SUB,uncued,RSC,50,0.025426
73,1,RSC-SUB,uncued,RSC,51,0.080989
73,1,RSC-SUB,uncued,RSC,52,0.056994
73,1,RSC-SUB,uncued,RSC,53,0.755537
73,1,RSC-SUB,uncued,RSC,54,0.03078
73,1,RSC-SUB,uncued,RSC,55,0.760154
73,1,RSC-SUB,uncued,SUB,0,0.12224
73,1,RSC-SUB,uncued,SUB,1,0.054448
73,1,RSC-SUB,uncued,SUB,2,0.277808
73,1,RSC-SUB,uncued,SUB,3,0.615288
73,1,RSC-SUB,uncued,SUB,4,0.200656
73,1,RSC-SUB,uncued,SUB,5,0.770683
73,1,RSC-SUB,uncued,SUB,6,0.752575
73,1,RSC-SUB,uncued,SUB,7,0.874736
73,1,RSC-SUB,uncued,SUB,8,0.329852
73,1,RSC-SUB,uncued,SUB,9,0.796916
73,1,RSC-SUB,uncued,SUB,10,0.905811
73,1,RSC-SUB,uncued,SUB,11,0.96271
73,1,RSC-SUB,uncued,SUB,12,0.901229
73,1,RSC-SUB,uncued,SUB,13,0.897134
73,1,RSC-SUB,uncued,SUB,14,0.911523
73,1,RSC-SUB,uncued,SUB,15,0.8927
73,1,RSC-SUB,uncued,SUB,16,0.575399
73,1,RSC-SUB,uncued,SUB,17,0.861785
73,1,RSC-SUB,uncued,SUB,18,0.771432
73,1,RSC-SUB,uncued,SUB,19,0.040327
73,1,RSC-SUB,uncued,SUB,20,0.061943
73,1,RSC-SUB,uncued,SUB,21,0.696878
73,1,RSC-SUB,uncued,SUB,22,0.914127
73,1,RSC-SUB,uncued,SUB,23,0.938779
73,1,RSC-SUB,uncued,SUB,24,0.904222
73,1,RSC-SUB,uncued,SUB,25,0.011885
73,1,RSC-SUB,uncued,SUB,26,0.035956
73,1,RSC-SUB,cued,RSC,0,0.058082
73,1,RSC-SUB,cued,RSC,1,0.009922
73,1,RSC-SUB,cued,RSC,2,0.104787
73,1,RSC-SUB,cued,RSC,3,0.099435
73,1,RSC-SUB,cued,RSC,4,0.826454
73,1,RSC-SUB,cued,RSC,5,0.640489
73,1,RSC-SUB,cued,RSC,6,0.016212
73,1,RSC-SUB,cued,RSC,7,0.013439
73,1,RSC-SUB,cued,RSC,8,0.024904
73,1,RSC-SUB,cued,RSC,9,0.01928
73,1,RSC-SUB,cued,RSC,10,0.843536
73,1,RSC-SUB,cued,RSC,11,0.004347
73,1,RSC-SUB,cued,RSC,12,0.01981
73,1,RSC-SUB,cued,RSC,13,0.535575
73,1,RSC-SUB,cued,RSC,14,0.838032
73,1,RSC-SUB,cued,RSC,15,0.06306
73,1,RSC-SUB,cued,RSC,16,0.829784
73,1,RSC-SUB,cued,RSC,17,0.016486
73,1,RSC-SUB,cued,RSC,18,0.008304
73,1,RSC-SUB,cued,RSC,19,0.01089
73,1,RSC-SUB,cued,RSC,20,0.015108
73,1,RSC-SUB,cued,RSC,21,0.003619
73,1,RSC-SUB,cued,RSC,22,0.031409
73,1,RSC-SUB,cued,RSC,23,0.039527
73,1,RSC-SUB,cued,RSC,24,0.824667
73,1,RSC-SUB,cued,RSC,25,0.0
73,1,RSC-SUB,cued,RSC,26,0.064404
73,1,RSC-SUB,cued,RSC,27,0.074572
73,1,RSC-SUB,cued,RSC,28,0.745597
73,1,RSC-SUB,cued,RSC,29,0.047417
73,1,RSC-SUB,cued,RSC,30,0.0171
73,1,RSC-SUB,cued,RSC,31,0.053636
73,1,RSC-SUB,cued,RSC,32,0.077837
73,1,RSC-SUB,cued,RSC,33,0.041868
73,1,RSC-SUB,cued,RSC,34,0.017138
73,1,RSC-SUB,cued,RSC,35,0.03949
73,1,RSC-SUB,cued,RSC,36,0.034815
73,1,RSC-SUB,cued,RSC,37,0.0917
73,1,RSC-SUB,cued,RSC,38,0.04927
73,1,RSC-SUB,cued,RSC,39,0.075133
73,1,RSC-SUB,cued,RSC,40,0.173931
73,1,RSC-SUB,cued,RSC,41,0.035026
73,1,RSC-SUB,cued,RSC,42,0.020459
73,1,RSC-SUB,cued,RSC,43,0.0
73,1,RSC-SUB,cued,RSC,44,0.0
73,1,RSC-SUB,cued,RSC,45,0.703708
73,1,RSC-SUB,cued,RSC,46,0.749368
73,1,RSC-SUB,cued,RSC,47,0.041714
73,1,RSC-SUB,cued,RSC,48,0.046202
73,1,RSC-SUB,cued,RSC,49,0.774975
73,1,RSC-SUB,cued,RSC,50,0.021536
73,1,RSC-SUB,cued,RSC,51,0.684157
73,1,RSC-SUB,cued,RSC,52,0.218502
73,1,RSC-SUB,cued,RSC,53,0.576397
73,1,RSC-SUB,cued,RSC,54,0.760164
73,1,RSC-SUB,cued,RSC,55,0.533977
73,1,RSC-SUB,cued,SUB,0,0.126098
73,1,RSC-SUB,cued,SUB,1,0.060252
73,1,RSC-SUB,cued,SUB,2,0.82987
73,1,RSC-SUB,cued,SUB,3,0.893613
73,1,RSC-SUB,cued,SUB,4,0.333668
73,1,RSC-SUB,cued,SUB,5,0.890577
73,1,RSC-SUB,cued,SUB,6,0.832175
73,1,RSC-SUB,cued,SUB,7,0.826339
73,1,RSC-SUB,cued,SUB,8,0.247706
73,1,RSC-SUB,cued,SUB,9,0.781173
73,1,RSC-SUB,cued,SUB,10,0.908311
73,1,RSC-SUB,cued,SUB,11,0.871858
73,1,RSC-SUB,cued,SUB,12,0.886126
73,1,RSC-SUB,cued,SUB,13,0.468186
73,1,RSC-SUB,cued,SUB,14,0.881451
73,1,RSC-SUB,cued,SUB,15,0.464377
73,1,RSC-SUB,cued,SUB,16,0.407197
73,1,RSC-SUB,cued,SUB,17,0.686902
73,1,RSC-SUB,cued,SUB,18,0.340677
73,1,RSC-SUB,cued,SUB,19,0.625662
73,1,RSC-SUB,cued,SUB,20,0.030338
73,1,RSC-SUB,cued,SUB,21,0.271496
73,1,RSC-SUB,cued,SUB,22,0.909638
73,1,RSC-SUB,cued,SUB,23,0.59451
73,1,RSC-SUB,cued,SUB,24,0.87932
73,1,RSC-SUB,cued,SUB,25,0.01343
73,1,RSC-SUB,cued,SUB,26,0.814321
73,1,V1-RSC,uncued,V1,0,1.077273
73,1,V1-RSC,uncued,V1,1,0.725153
73,1,V1-RSC,uncued,V1,2,0.107824
73,1,V1-RSC,uncued,V1,3,0.011205
73,1,V1-RSC,uncued,V1,4,1.930807
73,1,V1-RSC,uncued,V1,5,1.273106
73,1,V1-RSC,uncued,V1,6,0.542553
73,1,V1-RSC,uncued,V1,7,1.813519
73,1,V1-RSC,uncued,V1,8,1.252041
73,1,V1-RSC,uncued,V1,9,0.962963
73,1,V1-RSC,uncued,V1,10,1.118627
73,1,V1-RSC,uncued,V1,11,1.23013
73,1,V1-RSC,uncued,V1,12,1.725345
73,1,V1-RSC,uncued,V1,13,1.132111
73,1,V1-RSC,uncued,V1,14,1.627664
73,1,V1-RSC,uncued,V1,15,1.179023
73,1,V1-RSC,uncued,V1,16,0.158635
73,1,V1-RSC,uncued,V1,17,0.267408
73,1,V1-RSC,uncued,RSC,0,0.090489
73,1,V1-RSC,uncued,RSC,1,0.097708
73,1,V1-RSC,uncued,RSC,2,0.740566
73,1,V1-RSC,uncued,RSC,3,0.071106
73,1,V1-RSC,uncued,RSC,4,0.081253
73,1,V1-RSC,uncued,RSC,5,0.76596
73,1,V1-RSC,uncued,RSC,6,0.019669
73,1,V1-RSC,uncued,RSC,7,0.020113
73,1,V1-RSC,uncued,RSC,8,0.027834
73,1,V1-RSC,uncued,RSC,9,0.013662
73,1,V1-RSC,uncued,RSC,10,0.023142
73,1,V1-RSC,uncued,RSC,11,0.005555
73,1,V1-RSC,uncued,RSC,12,0.022922
73,1,V1-RSC,uncued,RSC,13,0.653753
73,1,V1-RSC,uncued,RSC,14,0.798053
73,1,V1-RSC,uncued,RSC,15,0.030862
73,1,V1-RSC,uncued,RSC,16,0.060514
73,1,V1-RSC,uncued,RSC,17,0.006737
73,1,V1-RSC,uncued,RSC,18,0.01215
73,1,V1-RSC,uncued,RSC,19,0.00902
73,1,V1-RSC,uncued,RSC,20,0.111097
73,1,V1-RSC,uncued,RSC,21,0.009115
73,1,V1-RSC,uncued,RSC,22,0.059437
73,1,V1-RSC,uncued,RSC,23,0.025324
73,1,V1-RSC,uncued,RSC,24,0.004928
73,1,V1-RSC,uncued,RSC,25,0.000829
73,1,V1-RSC,uncued,RSC,26,0.017496
73,1,V1-RSC,uncued,RSC,27,0.040084
73,1,V1-RSC,uncued,RSC,28,0.779337
73,1,V1-RSC,uncued,RSC,29,0.047392
73,1,V1-RSC,uncued,RSC,30,0.013059
73,1,V1-RSC,uncued,RSC,31,0.083234
73,1,V1-RSC,uncued,RSC,32,0.818084
73,1,V1-RSC,uncued,RSC,33,0.804367
73,1,V1-RSC,uncued,RSC,34,0.035066
73,1,V1-RSC,uncued,RSC,35,0.800206
73,1,V1-RSC,uncued,RSC,36,0.020089
73,1,V1-RSC,uncued,RSC,37,0.0125
73,1,V1-RSC,uncued,RSC,38,0.5808
73,1,V1-RSC,uncued,RSC,39,0.637851
73,1,V1-RSC,uncued,RSC,40,0.623243
73,1,V1-RSC,uncued,RSC,41,0.019774
73,1,V1-RSC,uncued,RSC,42,0.690261
73,1,V1-RSC,uncued,RSC,43,0.000263
73,1,V1-RSC,uncued,RSC,44,9.6e-05
73,1,V1-RSC,uncued,RSC,45,0.753016
73,1,V1-RSC,uncued,RSC,46,0.632799
73,1,V1-RSC,uncued,RSC,47,0.032714
73,1,V1-RSC,uncued,RSC,48,0.123549
73,1,V1-RSC,uncued,RSC,49,0.204907
73,1,V1-RSC,uncued,RSC,50,0.025842
73,1,V1-RSC,uncued,RSC,51,0.083942
73,1,V1-RSC,uncued,RSC,52,0.056519
73,1,V1-RSC,uncued,RSC,53,0.755661
73,1,V1-RSC,uncued,RSC,54,0.029544
73,1,V1-RSC,uncued,RSC,55,0.760582
73,1,V1-RSC,cued,V1,0,1.039161
73,1,V1-RSC,cued,V1,1,0.655883
73,1,V1-RSC,cued,V1,2,0.058623
73,1,V1-RSC,cued,V1,3,0.001851
73,1,V1-RSC,cued,V1,4,1.52087
73,1,V1-RSC,cued,V1,5,0.940701
73,1,V1-RSC,cued,V1,6,0.776854
73,1,V1-RSC,cued,V1,7,1.559831
73,1,V1-RSC,cued,V1,8,1.147072
73,1,V1-RSC,cued,V1,9,1.221891
73,1,V1-RSC,cued,V1,10,0.009332
73,1,V1-RSC,cued,V1,11,0.827802
73,1,V1-RSC,cued,V1,12,1.203178
73,1,V1-RSC,cued,V1,13,1.051302
73,1,V1-RSC,cued,V1,14,0.704123
73,1,V1-RSC,cued,V1,15,0.910412
73,1,V1-RSC,cued,V1,16,0.760672
73,1,V1-RSC,cued,V1,17,0.449606
73,1,V1-RSC,cued,RSC,0,0.057623
73,1,V1-RSC,cued,RSC,1,0.009657
73,1,V1-RSC,cued,RSC,2,0.10383
73,1,V1-RSC,cued,RSC,3,0.102549
73,1,V1-RSC,cued,RSC,4,0.826193
73,1,V1-RSC,cued,RSC,5,0.640384
73,1,V1-RSC,cued,RSC,6,0.01599
73,1,V1-RSC,cued,RSC,7,0.01395
73,1,V1-RSC,cued,RSC,8,0.025262
73,1,V1-RSC,cued,RSC,9,0.018956
73,1,V1-RSC,cued,RSC,10,0.84431
73,1,V1-RSC,cued,RSC,11,0.004317
73,1,V1-RSC,cued,RSC,12,0.019844
73,1,V1-RSC,cued,RSC,13,0.536079
73,1,V1-RSC,cued,RSC,14,0.83876
73,1,V1-RSC,cued,RSC,15,0.06306
73,1,V1-RSC,cued,RSC,16,0.827493
73,1,V1-RSC,cued,RSC,17,0.016313
73,1,V1-RSC,cued,RSC,18,0.008314
73,1,V1-RSC,cued,RSC,19,0.010493
73,1,V1-RSC,cued,RSC,20,0.014868
73,1,V1-RSC,cued,RSC,21,0.003653
73,1,V1-RSC,cued,RSC,22,0.031995
73,1,V1-RSC,cued,RSC,23,0.038581
73,1,V1-RSC,cued,RSC,24,0.824816
73,1,V1-RSC,cued,RSC,25,0.0
73,1,V1-RSC,cued,RSC,26,0.064075
73,1,V1-RSC,cued,RSC,27,0.07332
73,1,V1-RSC,cued,RSC,28,0.746865
73,1,V1-RSC,cued,RSC,29,0.048567
73,1,V1-RSC,cued,RSC,30,0.017677
73,1,V1-RSC,cued,RSC,31,0.05358
73,1,V1-RSC,cued,RSC,32,0.079158
73,1,V1-RSC,cued,RSC,33,0.042405
73,1,V1-RSC,cued,RSC,34,0.017285
73,1,V1-RSC,cued,RSC,35,0.039151
73,1,V1-RSC,cued,RSC,36,0.034852
73,1,V1-RSC,cued,RSC,37,0.091274
73,1,V1-RSC,cued,RSC,38,0.04834
73,1,V1-RSC,cued,RSC,39,0.074014
73,1,V1-RSC,cued,RSC,40,0.171698
73,1,V1-RSC,cued,RSC,41,0.035817
73,1,V1-RSC,cued,RSC,42,0.01992
73,1,V1-RSC,cued,RSC,43,0.0
73,1,V1-RSC,cued,RSC,44,0.0
73,1,V1-RSC,cued,RSC,45,0.703766
73,1,V1-RSC,cued,RSC,46,0.749354
73,1,V1-RSC,cued,RSC,47,0.043468
73,1,V1-RSC,cued,RSC,48,0.046705
73,1,V1-RSC,cued,RSC,49,0.77374
73,1,V1-RSC,cued,RSC,50,0.021874
73,1,V1-RSC,cued,RSC,51,0.684466
73,1,V1-RSC,cued,RSC,52,0.227187
73,1,V1-RSC,cued,RSC,53,0.576568
73,1,V1-RSC,cued,RSC,54,0.760322
73,1,V1-RSC,cued,RSC,55,0.534049
75,1,CA1-RSC,uncued,CA1,0,1.086598
75,1,CA1-RSC,uncued,CA1,1,1.348779
75,1,CA1-RSC,uncued,CA1,2,1.105561
75,1,CA1-RSC,uncued,CA1,3,0.027057
75,1,CA1-RSC,uncued,CA1,4,0.083328
75,1,CA1-RSC,uncued,CA1,5,0.977543
75,1,CA1-RSC,uncued,CA1,6,1.244612
75,1,CA1-RSC,uncued,CA1,7,1.117537
75,1,CA1-RSC,uncued,CA1,8,1.057625
75,1,CA1-RSC,uncued,CA1,9,1.218242
75,1,CA1-RSC,uncued,CA1,10,0.0
75,1,CA1-RSC,uncued,CA1,11,0.0
75,1,CA1-RSC,uncued,CA1,12,1.012709
75,1,CA1-RSC,uncued,CA1,13,0.036126
75,1,CA1-RSC,uncued,CA1,14,1.213727
75,1,CA1-RSC,uncued,CA1,15,0.038254
75,1,CA1-RSC,uncued,CA1,16,1.25214
75,1,CA1-RSC,uncued,CA1,17,1.062572
75,1,CA1-RSC,uncued,CA1,18,1.262275
75,1,CA1-RSC,uncued,CA1,19,1.221096
75,1,CA1-RSC,uncued,CA1,20,0.90245
75,1,CA1-RSC,uncued,RSC,0,0.006918
75,1,CA1-RSC,uncued,RSC,1,0.040276
75,1,CA1-RSC,uncued,RSC,2,0.008622
75,1,CA1-RSC,uncued,RSC,3,0.046521
75,1,CA1-RSC,uncued,RSC,4,0.102033
75,1,CA1-RSC,uncued,RSC,5,0.112608
75,1,CA1-RSC,uncued,RSC,6,0.006126
75,1,CA1-RSC,uncued,RSC,7,0.009375
75,1,CA1-RSC,uncued,RSC,8,0.003286
75,1,CA1-RSC,uncued,RSC,9,0.043939
75,1,CA1-RSC,uncued,RSC,10,0.623889
75,1,CA1-RSC,uncued,RSC,11,0.006427
75,1,CA1-RSC,uncued,RSC,12,0.520596
75,1,CA1-RSC,uncued,RSC,13,0.0
75,1,CA1-RSC,uncued,RSC,14,0.096656
75,1,CA1-RSC,uncued,RSC,15,0.013642
75,1,CA1-RSC,uncued,RSC,16,0.05544
75,1,CA1-RSC,uncued,RSC,17,0.006995
75,1,CA1-RSC,uncued,RSC,18,0.059376
75,1,CA1-RSC,uncued,RSC,19,0.162616
75,1,CA1-RSC,uncued,RSC,20,0.012049
75,1,CA1-RSC,uncued,RSC,21,0.005399
75,1,CA1-RSC,uncued,RSC,22,0.020898
75,1,CA1-RSC,uncued,RSC,23,0.768774
75,1,CA1-RSC,uncued,RSC,24,0.0
75,1,CA1-RSC,uncued,RSC,25,0.017822
75,1,CA1-RSC,uncued,RSC,26,0.021942
75,1,CA1-RSC,uncued,RSC,27,0.016748
75,1,CA1-RSC,uncued,RSC,28,0.018448
75,1,CA1-RSC,uncued,RSC,29,0.793204
75,1,CA1-RSC,uncued,RSC,30,0.034789
75,1,CA1-RSC,uncued,RSC,31,0.007538
75,1,CA1-RSC,uncued,RSC,32,0.004297
75,1,CA1-RSC,uncued,RSC,33,0.010237
75,1,CA1-RSC,uncued,RSC,34,0.0
75,1,CA1-RSC,uncued,RSC,35,0.005673
75,1,CA1-RSC,uncued,RSC,36,0.437602
75,1,CA1-RSC,uncued,RSC,37,0.002416
75,1,CA1-RSC,uncued,RSC,38,0.027606
75,1,CA1-RSC,uncued,RSC,39,0.008816
75,1,CA1-RSC,uncued,RSC,40,0.0
75,1,CA1-RSC,uncued,RSC,41,0.0
75,1,CA1-RSC,uncued,RSC,42,0.524722
75,1,CA1-RSC,uncued,RSC,43,0.005275
75,1,CA1-RSC,uncued,RSC,44,0.0
75,1,CA1-RSC,uncued,RSC,45,0.055198
75,1,CA1-RSC,uncued,RSC,46,0.015203
75,1,CA1-RSC,uncued,RSC,47,0.112477
75,1,CA1-RSC,uncued,RSC,48,0.0
75,1,CA1-RSC,uncued,RSC,49,0.051232
75,1,CA1-RSC,uncued,RSC,50,0.016463
75,1,CA1-RSC,uncued,RSC,51,0.0
75,1,CA1-RSC,uncued,RSC,52,0.812844
75,1,CA1-RSC,uncued,RSC,53,0.000601
75,1,CA1-RSC,uncued,RSC,54,0.006705
75,1,CA1-RSC,uncued,RSC,55,0.002126
75,1,CA1-RSC,uncued,RSC,56,0.015857
75,1,CA1-RSC,uncued,RSC,57,0.304194
75,1,CA1-RSC,uncued,RSC,58,0.000881
75,1,CA1-RSC,uncued,RSC,59,0.004679
75,1,CA1-RSC,uncued,RSC,60,0.004583
75,1,CA1-RSC,uncued,RSC,61,0.002315
75,1,CA1-RSC,uncued,RSC,62,0.055619
75,1,CA1-RSC,uncued,RSC,63,0.008132
75,1,CA1-RSC,uncued,RSC,64,0.0
75,1,CA1-RSC,uncued,RSC,65,0.0
75,1,CA1-RSC,uncued,RSC,66,0.002756
75,1,CA1-RSC,uncued,RSC,67,0.005416
75,1,CA1-RSC,uncued,RSC,68,0.00194
75,1,CA1-RSC,uncued,RSC,69,0.052503
75,1,CA1-RSC,uncued,RSC,70,0.018117
75,1,CA1-RSC,uncued,RSC,71,0.003365
75,1,CA1-RSC,uncued,RSC,72,0.021776
75,1,CA1-RSC,uncued,RSC,73,0.0
75,1,CA1-RSC,uncued,RSC,74,0.037258
75,1,CA1-RSC,uncued,RSC,75,0.048714
75,1,CA1-RSC,uncued,RSC,76,0.789026
75,1,CA1-RSC,uncued,RSC,77,0.043075
75,1,CA1-RSC,uncued,RSC,78,0.108862
75,1,CA1-RSC,uncued,RSC,79,0.017071
75,1,CA1-RSC,uncued,RSC,80,0.049007
75,1,CA1-RSC,uncued,RSC,81,0.025147
75,1,CA1-RSC,uncued,RSC,82,0.017289
75,1,CA1-RSC,uncued,RSC,83,0.046689
75,1,CA1-RSC,uncued,RSC,84,0.017545
75,1,CA1-RSC,uncued,RSC,85,0.806368
75,1,CA1-RSC,uncued,RSC,86,0.707599
75,1,CA1-RSC,uncued,RSC,87,0.094177
75,1,CA1-RSC,uncued,RSC,88,0.019004
75,1,CA1-RSC,uncued,RSC,89,0.024727
75,1,CA1-RSC,uncued,RSC,90,0.0
75,1,CA1-RSC,uncued,RSC,91,0.036955
75,1,CA1-RSC,uncued,RSC,92,0.003897
75,1,CA1-RSC,uncued,RSC,93,0.758613
75,1,CA1-RSC,uncued,RSC,94,0.0
75,1,CA1-RSC,uncued,RSC,95,0.0
75,1,CA1-RSC,uncued,RSC,96,0.01917
75,1,CA1-RSC,uncued,RSC,97,0.181887
75,1,CA1-RSC,uncued,RSC,98,0.025229
75,1,CA1-RSC,uncued,RSC,99,0.085241
75,1,CA1-RSC,uncued,RSC,100,0.0
75,1,CA1-RSC,uncued,RSC,101,0.198208
75,1,CA1-RSC,uncued,RSC,102,0.027682
75,1,CA1-RSC,uncued,RSC,103,0.219583
75,1,CA1-RSC,uncued,RSC,104,0.053471
75,1,CA1-RSC,uncued,RSC,105,0.02664
75,1,CA1-RSC,uncued,RSC,106,0.03383
75,1,CA1-RSC,uncued,RSC,107,0.009152
75,1,CA1-RSC,uncued,RSC,108,0.0
75,1,CA1-RSC,uncued,RSC,109,0.018135
75,1,CA1-RSC,uncued,RSC,110,0.020259
75,1,CA1-RSC,uncued,RSC,111,0.008021
75,1,CA1-RSC,uncued,RSC,112,0.0
75,1,CA1-RSC,uncued,RSC,113,0.001584
75,1,CA1-RSC,uncued,RSC,114,0.0
75,1,CA1-RSC,uncued,RSC,115,0.009795
75,1,CA1-RSC,uncued,RSC,116,0.013857
75,1,CA1-RSC,uncued,RSC,117,0.0
75,1,CA1-RSC,uncued,RSC,118,0.011148
75,1,CA1-RSC,uncued,RSC,119,0.016314
75,1,CA1-RSC,uncued,RSC,120,0.001509
75,1,CA1-RSC,uncued,RSC,121,0.032614
75,1,CA1-RSC,uncued,RSC,122,0.002542
75,1,CA1-RSC,uncued,RSC,123,0.001372
75,1,CA1-RSC,uncued,RSC,124,0.008796
75,1,CA1-RSC,uncued,RSC,125,0.022353
75,1,CA1-RSC,uncued,RSC,126,0.081755
75,1,CA1-RSC,uncued,RSC,127,0.043259
75,1,CA1-RSC,uncued,RSC,128,0.062498
75,1,CA1-RSC,uncued,RSC,129,0.040618
75,1,CA1-RSC,uncued,RSC,130,0.064059
75,1,CA1-RSC,uncued,RSC,131,0.025471
75,1,CA1-RSC,uncued,RSC,132,0.0
75,1,CA1-RSC,uncued,RSC,133,0.005771
75,1,CA1-RSC,uncued,RSC,134,0.019329
75,1,CA1-RSC,uncued,RSC,135,0.005715
75,1,CA1-RSC,uncued,RSC,136,0.002279
75,1,CA1-RSC,uncued,RSC,137,0.009451
75,1,CA1-RSC,uncued,RSC,138,0.025921
75,1,CA1-RSC,uncued,RSC,139,0.0
75,1,CA1-RSC,uncued,RSC,140,0.004702
75,1,CA1-RSC,uncued,RSC,141,0.0
75,1,CA1-RSC,uncued,RSC,142,0.0
75,1,CA1-RSC,uncued,RSC,143,0.007841
75,1,CA1-RSC,uncued,RSC,144,0.0
75,1,CA1-RSC,uncued,RSC,145,0.0
75,1,CA1-RSC,uncued,RSC,146,0.004294
75,1,CA1-RSC,uncued,RSC,147,0.001082
75,1,CA1-RSC,uncued,RSC,148,0.013391
75,1,CA1-RSC,uncued,RSC,149,0.065546
75,1,CA1-RSC,uncued,RSC,150,0.748858
75,1,CA1-RSC,uncued,RSC,151,0.068045
75,1,CA1-RSC,uncued,RSC,152,0.133964
75,1,CA1-RSC,uncued,RSC,153,0.010055
75,1,CA1-RSC,uncued,RSC,154,0.788838
75,1,CA1-RSC,uncued,RSC,155,0.011621
75,1,CA1-RSC,uncued,RSC,156,0.067998
75,1,CA1-RSC,uncued,RSC,157,0.028677
75,1,CA1-RSC,uncued,RSC,158,0.003122
75,1,CA1-RSC,uncued,RSC,159,0.047592
75,1,CA1-RSC,uncued,RSC,160,0.006297
75,1,CA1-RSC,uncued,RSC,161,0.019156
75,1,CA1-RSC,uncued,RSC,162,0.008106
75,1,CA1-RSC,uncued,RSC,163,0.781413
75,1,CA1-RSC,uncued,RSC,164,0.001447
75,1,CA1-RSC,uncued,RSC,165,0.011041
75,1,CA1-RSC,uncued,RSC,166,0.028565
75,1,CA1-RSC,uncued,RSC,167,0.007509
75,1,CA1-RSC,uncued,RSC,168,0.039389
75,1,CA1-RSC,uncued,RSC,169,0.00761
75,1,CA1-RSC,uncued,RSC,170,0.000657
75,1,CA1-RSC,uncued,RSC,171,0.004373
75,1,CA1-RSC,uncued,RSC,172,0.021059
75,1,CA1-RSC,uncued,RSC,173,0.010593
75,1,CA1-RSC,uncued,RSC,174,0.002109
75,1,CA1-RSC,uncued,RSC,175,0.002869
75,1,CA1-RSC,uncued,RSC,176,0.007413
75,1,CA1-RSC,uncued,RSC,177,0.0
75,1,CA1-RSC,cued,CA1,0,1.030323
75,1,CA1-RSC,cued,CA1,1,0.081481
75,1,CA1-RSC,cued,CA1,2,1.08448
75,1,CA1-RSC,cued,CA1,3,0.015993
75,1,CA1-RSC,cued,CA1,4,1.257728
75,1,CA1-RSC,cued,CA1,5,1.282328
75,1,CA1-RSC,cued,CA1,6,1.040795
75,1,CA1-RSC,cued,CA1,7,0.919398
75,1,CA1-RSC,cued,CA1,8,0.935076
75,1,CA1-RSC,cued,CA1,9,0.025713
75,1,CA1-RSC,cued,CA1,10,1.262231
75,1,CA1-RSC,cued,CA1,11,0.010487
75,1,CA1-RSC,cued,CA1,12,1.060559
75,1,CA1-RSC,cued,CA1,13,0.037543
75,1,CA1-RSC,cued,CA1,14,0.944965
75,1,CA1-RSC,cued,CA1,15,1.127865
75,1,CA1-RSC,cued,CA1,16,0.926396
75,1,CA1-RSC,cued,CA1,17,0.982293
75,1,CA1-RSC,cued,CA1,18,1.240501
75,1,CA1-RSC,cued,CA1,19,1.001639
75,1,CA1-RSC,cued,CA1,20,0.016133
75,1,CA1-RSC,cued,RSC,0,0.011152
75,1,CA1-RSC,cued,RSC,1,0.018751
75,1,CA1-RSC,cued,RSC,2,0.025567
75,1,CA1-RSC,cued,RSC,3,0.014977
75,1,CA1-RSC,cued,RSC,4,0.044542
75,1,CA1-RSC,cued,RSC,5,0.024192
75,1,CA1-RSC,cued,RSC,6,0.028505
75,1,CA1-RSC,cued,RSC,7,0.026012
75,1,CA1-RSC,cued,RSC,8,0.348657
75,1,CA1-RSC,cued,RSC,9,0.017397
75,1,CA1-RSC,cued,RSC,10,0.001735
75,1,CA1-RSC,cued,RSC,11,0.003803
75,1,CA1-RSC,cued,RSC,12,0.025176
75,1,CA1-RSC,cued,RSC,13,0.0
75,1,CA1-RSC,cued,RSC,14,0.017338
75,1,CA1-RSC,cued,RSC,15,0.015311
75,1,CA1-RSC,cued,RSC,16,0.019765
75,1,CA1-RSC,cued,RSC,17,0.034373
75,1,CA1-RSC,cued,RSC,18,0.082445
75,1,CA1-RSC,cued,RSC,19,0.003377
75,1,CA1-RSC,cued,RSC,20,0.010426
75,1,CA1-RSC,cued,RSC,21,0.015116
75,1,CA1-RSC,cued,RSC,22,0.00171
75,1,CA1-RSC,cued,RSC,23,0.021582
75,1,CA1-RSC,cued,RSC,24,0.07006
75,1,CA1-RSC,cued,RSC,25,0.012688
75,1,CA1-RSC,cued,RSC,26,0.049075
75,1,CA1-RSC,cued,RSC,27,0.006656
75,1,CA1-RSC,cued,RSC,28,0.039239
75,1,CA1-RSC,cued,RSC,29,0.007358
75,1,CA1-RSC,cued,RSC,30,0.012551
75,1,CA1-RSC,cued,RSC,31,0.00218
75,1,CA1-RSC,cued,RSC,32,0.298447
75,1,CA1-RSC,cued,RSC,33,0.003609
75,1,CA1-RSC,cued,RSC,34,0.598773
75,1,CA1-RSC,cued,RSC,35,0.013015
75,1,CA1-RSC,cued,RSC,36,0.0
75,1,CA1-RSC,cued,RSC,37,0.532251
75,1,CA1-RSC,cued,RSC,38,0.618288
75,1,CA1-RSC,cued,RSC,39,0.054459
75,1,CA1-RSC,cued,RSC,40,0.002755
75,1,CA1-RSC,cued,RSC,41,0.005143
75,1,CA1-RSC,cued,RSC,42,0.010451
75,1,CA1-RSC,cued,RSC,43,0.018986
75,1,CA1-RSC,cued,RSC,44,0.011048
75,1,CA1-RSC,cued,RSC,45,0.058568
75,1,CA1-RSC,cued,RSC,46,0.01336
75,1,CA1-RSC,cued,RSC,47,0.072835
75,1,CA1-RSC,cued,RSC,48,0.031092
75,1,CA1-RSC,cued,RSC,49,0.025641
75,1,CA1-RSC,cued,RSC,50,0.002716
75,1,CA1-RSC,cued,RSC,51,0.008096
75,1,CA1-RSC,cued,RSC,52,0.012026
75,1,CA1-RSC,cued,RSC,53,0.003182
75,1,CA1-RSC,cued,RSC,54,0.0031
75,1,CA1-RSC,cued,RSC,55,0.006681
75,1,CA1-RSC,cued,RSC,56,0.077752
75,1,CA1-RSC,cued,RSC,57,0.024526
75,1,CA1-RSC,cued,RSC,58,0.160064
75,1,CA1-RSC,cued,RSC,59,0.01209
75,1,CA1-RSC,cued,RSC,60,0.018371
75,1,CA1-RSC,cued,RSC,61,0.003027
75,1,CA1-RSC,cued,RSC,62,0.337978
75,1,CA1-RSC,cued,RSC,63,0.022094
75,1,CA1-RSC,cued,RSC,64,0.418312
75,1,CA1-RSC,cued,RSC,65,0.628633
75,1,CA1-RSC,cued,RSC,66,0.013234
75,1,CA1-RSC,cued,RSC,67,0.019584
75,1,CA1-RSC,cued,RSC,68,0.008499
75,1,CA1-RSC,cued,RSC,69,0.534801
75,1,CA1-RSC,cued,RSC,70,0.056189
75,1,CA1-RSC,cued,RSC,71,0.630334
75,1,CA1-RSC,cued,RSC,72,0.014272
75,1,CA1-RSC,cued,RSC,73,0.0
75,1,CA1-RSC,cued,RSC,74,0.029948
75,1,CA1-RSC,cued,RSC,75,0.039187
75,1,CA1-RSC,cued,RSC,76,0.030549
75,1,CA1-RSC,cued,RSC,77,0.032739
75,1,CA1-RSC,cued,RSC,78,0.040341
75,1,CA1-RSC,cued,RSC,79,0.036499
75,1,CA1-RSC,cued,RSC,80,0.017126
75,1,CA1-RSC,cued,RSC,81,0.022054
75,1,CA1-RSC,cued,RSC,82,0.031555
75,1,CA1-RSC,cued,RSC,83,0.023329
75,1,CA1-RSC,cued,RSC,84,0.005831
75,1,CA1-RSC,cued,RSC,85,0.037755
75,1,CA1-RSC,cued,RSC,86,0.002681
75,1,CA1-RSC,cued,RSC,87,0.02959
75,1,CA1-RSC,cued,RSC,88,0.004727
75,1,CA1-RSC,cued,RSC,89,0.012838
75,1,CA1-RSC,cued,RSC,90,0.00743
75,1,CA1-RSC,cued,RSC,91,0.026597
75,1,CA1-RSC,cued,RSC,92,0.113791
75,1,CA1-RSC,cued,RSC,93,0.032889
75,1,CA1-RSC,cued,RSC,94,0.003921
75,1,CA1-RSC,cued,RSC,95,0.268158
75,1,CA1-RSC,cued,RSC,96,0.006548
75,1,CA1-RSC,cued,RSC,97,0.013902
75,1,CA1-RSC,cued,RSC,98,0.03683
75,1,CA1-RSC,cued,RSC,99,0.040623
75,1,CA1-RSC,cued,RSC,100,0.0
75,1,CA1-RSC,cued,RSC,101,0.059085
75,1,CA1-RSC,cued,RSC,102,0.542585
75,1,CA1-RSC,cued,RSC,103,0.0
75,1,CA1-RSC,cued,RSC,104,0.012996
75,1,CA1-RSC,cued,RSC,105,0.019326
75,1,CA1-RSC,cued,RSC,106,0.016242
75,1,CA1-RSC,cued,RSC,107,0.095917
75,1,CA1-RSC,cued,RSC,108,0.0
75,1,CA1-RSC,cued,RSC,109,0.019716
75,1,CA1-RSC,cued,RSC,110,0.031845
75,1,CA1-RSC,cued,RSC,111,0.040712
75,1,CA1-RSC,cued,RSC,112,0.335802
75,1,CA1-RSC,cued,RSC,113,0.006464
75,1,CA1-RSC,cued,RSC,114,0.001048
75,1,CA1-RSC,cued,RSC,115,0.227145
75,1,CA1-RSC,cued,RSC,116,0.018098
75,1,CA1-RSC,cued,RSC,117,0.488123
75,1,CA1-RSC,cued,RSC,118,0.039096
75,1,CA1-RSC,cued,RSC,119,0.061504
75,1,CA1-RSC,cued,RSC,120,0.525656
75,1,CA1-RSC,cued,RSC,121,0.01739
75,1,CA1-RSC,cued,RSC,122,0.030025
75,1,CA1-RSC,cued,RSC,123,0.101889
75,1,CA1-RSC,cued,RSC,124,0.023367
75,1,CA1-RSC,cued,RSC,125,0.030952
75,1,CA1-RSC,cued,RSC,126,0.019543
75,1,CA1-RSC,cued,RSC,127,0.032443
75,1,CA1-RSC,cued,RSC,128,0.048782
75,1,CA1-RSC,cued,RSC,129,0.032029
75,1,CA1-RSC,cued,RSC,130,0.016578
75,1,CA1-RSC,cued,RSC,131,0.066718
75,1,CA1-RSC,cued,RSC,132,0.488459
75,1,CA1-RSC,cued,RSC,133,0.53046
75,1,CA1-RSC,cued,RSC,134,0.006484
75,1,CA1-RSC,cued,RSC,135,0.034878
75,1,CA1-RSC,cued,RSC,136,0.001784
75,1,CA1-RSC,cued,RSC,137,0.043887
75,1,CA1-RSC,cued,RSC,138,0.075592
75,1,CA1-RSC,cued,RSC,139,0.020104
75,1,CA1-RSC,cued,RSC,140,0.020055
75,1,CA1-RSC,cued,RSC,141,0.020453
75,1,CA1-RSC,cued,RSC,142,0.019421
75,1,CA1-RSC,cued,RSC,143,0.013288
75,1,CA1-RSC,cued,RSC,144,0.0
75,1,CA1-RSC,cued,RSC,145,0.045329
75,1,CA1-RSC,cued,RSC,146,0.01016
75,1,CA1-RSC,cued,RSC,147,0.01283
75,1,CA1-RSC,cued,RSC,148,0.035617
75,1,CA1-RSC,cued,RSC,149,0.025208
75,1,CA1-RSC,cued,RSC,150,0.026727
75,1,CA1-RSC,cued,RSC,151,0.024738
75,1,CA1-RSC,cued,RSC,152,0.06461
75,1,CA1-RSC,cued,RSC,153,0.038119
75,1,CA1-RSC,cued,RSC,154,0.015965
75,1,CA1-RSC,cued,RSC,155,0.002018
75,1,CA1-RSC,cued,RSC,156,0.015292
75,1,CA1-RSC,cued,RSC,157,0.031349
75,1,CA1-RSC,cued,RSC,158,0.025012
75,1,CA1-RSC,cued,RSC,159,0.021957
75,1,CA1-RSC,cued,RSC,160,0.114288
75,1,CA1-RSC,cued,RSC,161,0.111681
75,1,CA1-RSC,cued,RSC,162,0.066526
75,1,CA1-RSC,cued,RSC,163,0.036173
75,1,CA1-RSC,cued,RSC,164,0.017009
75,1,CA1-RSC,cued,RSC,165,0.008173
75,1,CA1-RSC,cued,RSC,166,0.025925
75,1,CA1-RSC,cued,RSC,167,0.155216
75,1,CA1-RSC,cued,RSC,168,0.051088
75,1,CA1-RSC,cued,RSC,169,0.005802
75,1,CA1-RSC,cued,RSC,170,0.00468
75,1,CA1-RSC,cued,RSC,171,0.026415
75,1,CA1-RSC,cued,RSC,172,0.012858
75,1,CA1-RSC,cued,RSC,173,0.018017
75,1,CA1-RSC,cued,RSC,174,0.001804
75,1,CA1-RSC,cued,RSC,175,0.565842
75,1,CA1-RSC,cued,RSC,176,0.023379
75,1,CA1-RSC,cued,RSC,177,0.546985
75,1,CA1-DG,uncued,CA1,0,1.08846
75,1,CA1-DG,uncued,CA1,1,1.350807
75,1,CA1-DG,uncued,CA1,2,1.106533
75,1,CA1-DG,uncued,CA1,3,0.027183
75,1,CA1-DG,uncued,CA1,4,0.086961
75,1,CA1-DG,uncued,CA1,5,0.983713
75,1,CA1-DG,uncued,CA1,6,1.247475
75,1,CA1-DG,uncued,CA1,7,1.11931
75,1,CA1-DG,uncued,CA1,8,1.060522
75,1,CA1-DG,uncued,CA1,9,1.223295
75,1,CA1-DG,uncued,CA1,10,0.0
75,1,CA1-DG,uncued,CA1,11,0.0
75,1,CA1-DG,uncued,CA1,12,1.013361
75,1,CA1-DG,uncued,CA1,13,0.034333
75,1,CA1-DG,uncued,CA1,14,1.216271
75,1,CA1-DG,uncued,CA1,15,0.037118
75,1,CA1-DG,uncued,CA1,16,1.254551
75,1,CA1-DG,uncued,CA1,17,1.069007
75,1,CA1-DG,uncued,CA1,18,1.268506
75,1,CA1-DG,uncued,CA1,19,1.22437
75,1,CA1-DG,uncued,CA1,20,0.903096
75,1,CA1-DG,uncued,DG,0,0.052828
75,1,CA1-DG,uncued,DG,1,0.22968
75,1,CA1-DG,uncued,DG,2,0.025874
75,1,CA1-DG,uncued,DG,3,0.883206
75,1,CA1-DG,uncued,DG,4,0.247648
75,1,CA1-DG,uncued,DG,5,0.641644
75,1,CA1-DG,uncued,DG,6,0.478965
75,1,CA1-DG,uncued,DG,7,0.046903
75,1,CA1-DG,uncued,DG,8,0.820812
75,1,CA1-DG,uncued,DG,9,0.770498
75,1,CA1-DG,uncued,DG,10,0.012359
75,1,CA1-DG,uncued,DG,11,0.011505
75,1,CA1-DG,uncued,DG,12,0.662816
75,1,CA1-DG,uncued,DG,13,0.753641
75,1,CA1-DG,uncued,DG,14,0.00805
75,1,CA1-DG,uncued,DG,15,0.066002
75,1,CA1-DG,uncued,DG,16,0.569034
75,1,CA1-DG,uncued,DG,17,0.661214
75,1,CA1-DG,uncued,DG,18,0.837881
75,1,CA1-DG,uncued,DG,19,0.739986
75,1,CA1-DG,uncued,DG,20,0.099937
75,1,CA1-DG,uncued,DG,21,0.299338
75,1,CA1-DG,uncued,DG,22,0.00465
75,1,CA1-DG,uncued,DG,23,0.004007
75,1,CA1-DG,uncued,DG,24,0.106092
75,1,CA1-DG,uncued,DG,25,0.185553
75,1,CA1-DG,uncued,DG,26,0.0
75,1,CA1-DG,uncued,DG,27,0.0
75,1,CA1-DG,uncued,DG,28,0.0
75,1,CA1-DG,uncued,DG,29,0.797244
75,1,CA1-DG,uncued,DG,30,0.826877
75,1,CA1-DG,uncued,DG,31,0.003642
75,1,CA1-DG,uncued,DG,32,0.064705
75,1,CA1-DG,uncued,DG,33,0.826998
75,1,CA1-DG,uncued,DG,34,0.049302
75,1,CA1-DG,uncued,DG,35,0.0
75,1,CA1-DG,uncued,DG,36,0.014949
75,1,CA1-DG,uncued,DG,37,0.186259
75,1,CA1-DG,uncued,DG,38,0.0
75,1,CA1-DG,uncued,DG,39,0.018825
75,1,CA1-DG,uncued,DG,40,0.313551
75,1,CA1-DG,uncued,DG,41,0.001286
75,1,CA1-DG,uncued,DG,42,0.004405
75,1,CA1-DG,uncued,DG,43,0.0
75,1,CA1-DG,uncued,DG,44,0.0
75,1,CA1-DG,uncued,DG,45,0.026359
75,1,CA1-DG,uncued,DG,46,0.0
75,1,CA1-DG,uncued,DG,47,0.0
75,1,CA1-DG,uncued,DG,48,0.290202
75,1,CA1-DG,uncued,DG,49,0.0
75,1,CA1-DG,uncued,DG,50,0.0
75,1,CA1-DG,uncued,DG,51,0.314113
75,1,CA1-DG,uncued,DG,52,0.122802
75,1,CA1-DG,uncued,DG,53,0.0
75,1,CA1-DG,uncued,DG,54,0.0
75,1,CA1-DG,uncued,DG,55,0.0
75,1,CA1-DG,uncued,DG,56,0.0
75,1,CA1-DG,uncued,DG,57,0.314038
75,1,CA1-DG,uncued,DG,58,0.140774
75,1,CA1-DG,uncued,DG,59,0.005829
75,1,CA1-DG,uncued,DG,60,0.855695
75,1,CA1-DG,uncued,DG,61,0.0
75,1,CA1-DG,cued,CA1,0,1.031921
75,1,CA1-DG,cued,CA1,1,0.089086
75,1,CA1-DG,cued,CA1,2,1.087154
75,1,CA1-DG,cued,CA1,3,0.016161
75,1,CA1-DG,cued,CA1,4,1.263393
75,1,CA1-DG,cued,CA1,5,1.287229
75,1,CA1-DG,cued,CA1,6,1.047331
75,1,CA1-DG,cued,CA1,7,0.919497
75,1,CA1-DG,cued,CA1,8,0.935263
75,1,CA1-DG,cued,CA1,9,0.026636
75,1,CA1-DG,cued,CA1,10,1.26453
75,1,CA1-DG,cued,CA1,11,0.010762
75,1,CA1-DG,cued,CA1,12,1.06862
75,1,CA1-DG,cued,CA1,13,0.035746
75,1,CA1-DG,cued,CA1,14,0.948948
75,1,CA1-DG,cued,CA1,15,1.136684
75,1,CA1-DG,cued,CA1,16,0.929556
75,1,CA1-DG,cued,CA1,17,0.986003
75,1,CA1-DG,cued,CA1,18,1.246612
75,1,CA1-DG,cued,CA1,19,1.004488
75,1,CA1-DG,cued,CA1,20,0.015915
75,1,CA1-DG,cued,DG,0,0.35292
75,1,CA1-DG,cued,DG,1,0.166609
75,1,CA1-DG,cued,DG,2,0.031853
75,1,CA1-DG,cued,DG,3,0.326378
75,1,CA1-DG,cued,DG,4,0.210729
75,1,CA1-DG,cued,DG,5,0.355615
75,1,CA1-DG,cued,DG,6,0.677491
75,1,CA1-DG,cued,DG,7,0.007687
75,1,CA1-DG,cued,DG,8,0.311813
75,1,CA1-DG,cued,DG,9,0.121166
75,1,CA1-DG,cued,DG,10,0.017601
75,1,CA1-DG,cued,DG,11,0.027469
75,1,CA1-DG,cued,DG,12,0.371619
75,1,CA1-DG,cued,DG,13,0.696091
75,1,CA1-DG,cued,DG,14,0.034347
75,1,CA1-DG,cued,DG,15,0.186692
75,1,CA1-DG,cued,DG,16,0.350266
75,1,CA1-DG,cued,DG,17,0.648206
75,1,CA1-DG,cued,DG,18,0.756934
75,1,CA1-DG,cued,DG,19,0.66875
75,1,CA1-DG,cued,DG,20,0.100418
75,1,CA1-DG,cued,DG,21,0.286866
75,1,CA1-DG,cued,DG,22,0.020053
75,1,CA1-DG,cued,DG,23,0.12216
75,1,CA1-DG,cued,DG,24,0.050744
75,1,CA1-DG,cued,DG,25,0.052895
75,1,CA1-DG,cued,DG,26,0.8052
75,1,CA1-DG,cued,DG,27,0.0
75,1,CA1-DG,cued,DG,28,0.0
75,1,CA1-DG,cued,DG,29,0.011349
75,1,CA1-DG,cued,DG,30,0.550422
75,1,CA1-DG,cued,DG,31,0.010142
75,1,CA1-DG,cued,DG,32,0.602718
75,1,CA1-DG,cued,DG,33,0.755022
75,1,CA1-DG,cued,DG,34,0.34769
75,1,CA1-DG,cued,DG,35,0.0
75,1,CA1-DG,cued,DG,36,0.564486
75,1,CA1-DG,cued,DG,37,0.064686
75,1,CA1-DG,cued,DG,38,0.017087
75,1,CA1-DG,cued,DG,39,0.010455
75,1,CA1-DG,cued,DG,40,0.013481
75,1,CA1-DG,cued,DG,41,0.016941
75,1,CA1-DG,cued,DG,42,0.0
75,1,CA1-DG,cued,DG,43,0.0
75,1,CA1-DG,cued,DG,44,0.572159
75,1,CA1-DG,cued,DG,45,0.006036
75,1,CA1-DG,cued,DG,46,0.0
75,1,CA1-DG,cued,DG,47,0.0
75,1,CA1-DG,cued,DG,48,0.259121
75,1,CA1-DG,cued,DG,49,0.64725
75,1,CA1-DG,cued,DG,50,0.007269
75,1,CA1-DG,cued,DG,51,0.274149
75,1,CA1-DG,cued,DG,52,0.163497
75,1,CA1-DG,cued,DG,53,0.512688
75,1,CA1-DG,cued,DG,54,0.0
75,1,CA1-DG,cued,DG,55,0.0
75,1,CA1-DG,cued,DG,56,0.45007
75,1,CA1-DG,cued,DG,57,0.244821
75,1,CA1-DG,cued,DG,58,0.203953
75,1,CA1-DG,cued,DG,59,0.023811
75,1,CA1-DG,cued,DG,60,0.029403
75,1,CA1-DG,cued,DG,61,0.0
75,1,CA1-V1,uncued,CA1,0,1.091703
75,1,CA1-V1,uncued,CA1,1,1.352033
75,1,CA1-V1,uncued,CA1,2,1.108424
75,1,CA1-V1,uncued,CA1,3,0.027336
75,1,CA1-V1,uncued,CA1,4,0.091524
75,1,CA1-V1,uncued,CA1,5,0.98343
75,1,CA1-V1,uncued,CA1,6,1.24619
75,1,CA1-V1,uncued,CA1,7,1.122291
75,1,CA1-V1,uncued,CA1,8,1.063471
75,1,CA1-V1,uncued,CA1,9,1.221557
75,1,CA1-V1,uncued,CA1,10,0.0
75,1,CA1-V1,uncued,CA1,11,0.0
75,1,CA1-V1,uncued,CA1,12,1.014633
75,1,CA1-V1,uncued,CA1,13,0.034701
75,1,CA1-V1,uncued,CA1,14,1.218927
75,1,CA1-V1,uncued,CA1,15,0.040384
75,1,CA1-V1,uncued,CA1,16,1.255124
75,1,CA1-V1,uncued,CA1,17,1.068764
75,1,CA1-V1,uncued,CA1,18,1.268846
75,1,CA1-V1,uncued,CA1,19,1.225392
75,1,CA1-V1,uncued,CA1,20,0.902352
75,1,CA1-V1,uncued,V1,0,0.425392
75,1,CA1-V1,uncued,V1,1,0.00396
75,1,CA1-V1,uncued,V1,2,0.001807
75,1,CA1-V1,uncued,V1,3,0.823762
75,1,CA1-V1,uncued,V1,4,0.008803
75,1,CA1-V1,uncued,V1,5,0.098828
75,1,CA1-V1,uncued,V1,6,0.041201
75,1,CA1-V1,uncued,V1,7,0.69109
75,1,CA1-V1,uncued,V1,8,0.70757
75,1,CA1-V1,uncued,V1,9,0.83305
75,1,CA1-V1,uncued,V1,10,0.521012
75,1,CA1-V1,uncued,V1,11,0.923246
75,1,CA1-V1,uncued,V1,12,0.801862
75,1,CA1-V1,uncued,V1,13,1.00655
75,1,CA1-V1,uncued,V1,14,0.281035
75,1,CA1-V1,uncued,V1,15,0.837344
75,1,CA1-V1,uncued,V1,16,0.017392
75,1,CA1-V1,uncued,V1,17,0.994201
75,1,CA1-V1,uncued,V1,18,0.024627
75,1,CA1-V1,uncued,V1,19,0.008705
75,1,CA1-V1,uncued,V1,20,0.088333
75,1,CA1-V1,uncued,V1,21,0.013626
75,1,CA1-V1,uncued,V1,22,0.006799
75,1,CA1-V1,uncued,V1,23,0.018253
75,1,CA1-V1,uncued,V1,24,0.093687
75,1,CA1-V1,uncued,V1,25,0.96947
75,1,CA1-V1,uncued,V1,26,0.002713
75,1,CA1-V1,uncued,V1,27,0.75611
75,1,CA1-V1,uncued,V1,28,0.004891
75,1,CA1-V1,uncued,V1,29,0.009723
75,1,CA1-V1,uncued,V1,30,0.016344
75,1,CA1-V1,uncued,V1,31,0.016472
75,1,CA1-V1,uncued,V1,32,0.019134
75,1,CA1-V1,uncued,V1,33,0.358272
75,1,CA1-V1,uncued,V1,34,0.911916
75,1,CA1-V1,uncued,V1,35,0.962105
75,1,CA1-V1,uncued,V1,36,0.939989
75,1,CA1-V1,uncued,V1,37,1.000413
75,1,CA1-V1,uncued,V1,38,0.065888
75,1,CA1-V1,uncued,V1,39,0.372632
75,1,CA1-V1,uncued,V1,40,0.683883
75,1,CA1-V1,uncued,V1,41,0.009165
75,1,CA1-V1,uncued,V1,42,0.016688
75,1,CA1-V1,uncued,V1,43,0.048618
75,1,CA1-V1,uncued,V1,44,0.025221
75,1,CA1-V1,uncued,V1,45,0.014716
75,1,CA1-V1,uncued,V1,46,0.00674
75,1,CA1-V1,uncued,V1,47,0.012719
75,1,CA1-V1,uncued,V1,48,0.0303
75,1,CA1-V1,uncued,V1,49,0.019281
75,1,CA1-V1,uncued,V1,50,0.012444
75,1,CA1-V1,uncued,V1,51,0.033674
75,1,CA1-V1,uncued,V1,52,0.0
75,1,CA1-V1,uncued,V1,53,0.019532
75,1,CA1-V1,uncued,V1,54,0.343313
75,1,CA1-V1,uncued,V1,55,0.804667
75,1,CA1-V1,uncued,V1,56,0.569847
75,1,CA1-V1,cued,CA1,0,1.034483
75,1,CA1-V1,cued,CA1,1,0.081085
75,1,CA1-V1,cued,CA1,2,1.089919
75,1,CA1-V1,cued,CA1,3,0.016117
75,1,CA1-V1,cued,CA1,4,1.263361
75,1,CA1-V1,cued,CA1,5,1.286699
75,1,CA1-V1,cued,CA1,6,1.045249
75,1,CA1-V1,cued,CA1,7,0.922161
75,1,CA1-V1,cued,CA1,8,0.942249
75,1,CA1-V1,cued,CA1,9,0.028321
75,1,CA1-V1,cued,CA1,10,1.266999
75,1,CA1-V1,cued,CA1,11,0.010738
75,1,CA1-V1,cued,CA1,12,1.068776
75,1,CA1-V1,cued,CA1,13,0.03582
75,1,CA1-V1,cued,CA1,14,0.950476
75,1,CA1-V1,cued,CA1,15,1.137079
75,1,CA1-V1,cued,CA1,16,0.928265
75,1,CA1-V1,cued,CA1,17,0.986061
75,1,CA1-V1,cued,CA1,18,1.245798
75,1,CA1-V1,cued,CA1,19,1.006321
75,1,CA1-V1,cued,CA1,20,0.014175
75,1,CA1-V1,cued,V1,0,0.084515
75,1,CA1-V1,cued,V1,1,0.104891
75,1,CA1-V1,cued,V1,2,0.169763
75,1,CA1-V1,cued,V1,3,0.060336
75,1,CA1-V1,cued,V1,4,0.084853
75,1,CA1-V1,cued,V1,5,0.299248
75,1,CA1-V1,cued,V1,6,0.251975
75,1,CA1-V1,cued,V1,7,0.032042
75,1,CA1-V1,cued,V1,8,0.30191
75,1,CA1-V1,cued,V1,9,0.529376
75,1,CA1-V1,cued,V1,10,0.207999
75,1,CA1-V1,cued,V1,11,0.164415
75,1,CA1-V1,cued,V1,12,0.180639
75,1,CA1-V1,cued,V1,13,0.093768
75,1,CA1-V1,cued,V1,14,0.183242
75,1,CA1-V1,cued,V1,15,0.756885
75,1,CA1-V1,cued,V1,16,0.035982
75,1,CA1-V1,cued,V1,17,0.109834
75,1,CA1-V1,cued,V1,18,0.055993
75,1,CA1-V1,cued,V1,19,0.026128
75,1,CA1-V1,cued,V1,20,0.124707
75,1,CA1-V1,cued,V1,21,0.74007
75,1,CA1-V1,cued,V1,22,0.372184
75,1,CA1-V1,cued,V1,23,0.754565
75,1,CA1-V1,cued,V1,24,0.663269
75,1,CA1-V1,cued,V1,25,0.030831
75,1,CA1-V1,cued,V1,26,0.197622
75,1,CA1-V1,cued,V1,27,0.120172
75,1,CA1-V1,cued,V1,28,0.369308
75,1,CA1-V1,cued,V1,29,0.016923
75,1,CA1-V1,cued,V1,30,0.673949
75,1,CA1-V1,cued,V1,31,0.195741
75,1,CA1-V1,cued,V1,32,0.179449
75,1,CA1-V1,cued,V1,33,0.133145
75,1,CA1-V1,cued,V1,34,0.74249
75,1,CA1-V1,cued,V1,35,0.286824
75,1,CA1-V1,cued,V1,36,0.105091
75,1,CA1-V1,cued,V1,37,0.223624
75,1,CA1-V1,cued,V1,38,0.093684
75,1,CA1-V1,cued,V1,39,0.020322
75,1,CA1-V1,cued,V1,40,0.24018
75,1,CA1-V1,cued,V1,41,0.026235
75,1,CA1-V1,cued,V1,42,0.118047
75,1,CA1-V1,cued,V1,43,0.745484
75,1,CA1-V1,cued,V1,44,0.698117
75,1,CA1-V1,cued,V1,45,0.132527
75,1,CA1-V1,cued,V1,46,0.133434
75,1,CA1-V1,cued,V1,47,0.760902
75,1,CA1-V1,cued,V1,48,0.107485
75,1,CA1-V1,cued,V1,49,0.453255
75,1,CA1-V1,cued,V1,50,0.690228
75,1,CA1-V1,cued,V1,51,0.620296
75,1,CA1-V1,cued,V1,52,0.561717
75,1,CA1-V1,cued,V1,53,0.279079
75,1,CA1-V1,cued,V1,54,0.058552
75,1,CA1-V1,cued,V1,55,0.026647
75,1,CA1-V1,cued,V1,56,0.116959
75,1,CA1-SUB,uncued,CA1,0,1.090386
75,1,CA1-SUB,uncued,CA1,1,1.352539
75,1,CA1-SUB,uncued,CA1,2,1.108647
75,1,CA1-SUB,uncued,CA1,3,0.026462
75,1,CA1-SUB,uncued,CA1,4,0.087915
75,1,CA1-SUB,uncued,CA1,5,0.981572
75,1,CA1-SUB,uncued,CA1,6,1.247384
75,1,CA1-SUB,uncued,CA1,7,1.121857
75,1,CA1-SUB,uncued,CA1,8,1.058408
75,1,CA1-SUB,uncued,CA1,9,1.222303
75,1,CA1-SUB,uncued,CA1,10,0.0
75,1,CA1-SUB,uncued,CA1,11,0.0
75,1,CA1-SUB,uncued,CA1,12,1.015174
75,1,CA1-SUB,uncued,CA1,13,0.034963
75,1,CA1-SUB,uncued,CA1,14,1.219348
75,1,CA1-SUB,uncued,CA1,15,0.038445
75,1,CA1-SUB,uncued,CA1,16,1.254845
75,1,CA1-SUB,uncued,CA1,17,1.068683
75,1,CA1-SUB,uncued,CA1,18,1.270727
75,1,CA1-SUB,uncued,CA1,19,1.225679
75,1,CA1-SUB,uncued,CA1,20,0.902203
75,1,CA1-SUB,uncued,SUB,0,0.163829
75,1,CA1-SUB,uncued,SUB,1,0.973442
75,1,CA1-SUB,uncued,SUB,2,0.088518
75,1,CA1-SUB,uncued,SUB,3,0.383699
75,1,CA1-SUB,uncued,SUB,4,0.988504
75,1,CA1-SUB,uncued,SUB,5,0.857094
75,1,CA1-SUB,uncued,SUB,6,0.250939
75,1,CA1-SUB,uncued,SUB,7,0.17682
75,1,CA1-SUB,uncued,SUB,8,0.179768
75,1,CA1-SUB,uncued,SUB,9,0.214743
75,1,CA1-SUB,uncued,SUB,10,0.894821
75,1,CA1-SUB,uncued,SUB,11,0.391228
75,1,CA1-SUB,uncued,SUB,12,0.383897
75,1,CA1-SUB,uncued,SUB,13,0.73495
75,1,CA1-SUB,uncued,SUB,14,0.143068
75,1,CA1-SUB,uncued,SUB,15,0.411747
75,1,CA1-SUB,uncued,SUB,16,0.458673
75,1,CA1-SUB,uncued,SUB,17,0.312499
75,1,CA1-SUB,uncued,SUB,18,0.412781
75,1,CA1-SUB,uncued,SUB,19,0.459189
75,1,CA1-SUB,uncued,SUB,20,0.492347
75,1,CA1-SUB,uncued,SUB,21,0.852349
75,1,CA1-SUB,uncued,SUB,22,0.248073
75,1,CA1-SUB,uncued,SUB,23,0.318071
75,1,CA1-SUB,uncued,SUB,24,0.903106
75,1,CA1-SUB,uncued,SUB,25,0.502411
75,1,CA1-SUB,uncued,SUB,26,0.435441
75,1,CA1-SUB,uncued,SUB,27,0.039625
75,1,CA1-SUB,uncued,SUB,28,0.684322
75,1,CA1-SUB,uncued,SUB,29,0.05084
75,1,CA1-SUB,uncued,SUB,30,0.87852
75,1,CA1-SUB,uncued,SUB,31,0.535884
75,1,CA1-SUB,uncued,SUB,32,0.908029
75,1,CA1-SUB,uncued,SUB,33,0.283981
75,1,CA1-SUB,uncued,SUB,34,0.959598
75,1,CA1-SUB,uncued,SUB,35,0.833844
75,1,CA1-SUB,uncued,SUB,36,0.03315
75,1,CA1-SUB,uncued,SUB,37,0.72142
75,1,CA1-SUB,cued,CA1,0,1.034679
75,1,CA1-SUB,cued,CA1,1,0.082505
75,1,CA1-SUB,cued,CA1,2,1.089582
75,1,CA1-SUB,cued,CA1,3,0.016517
75,1,CA1-SUB,cued,CA1,4,1.264876
75,1,CA1-SUB,cued,CA1,5,1.287003
75,1,CA1-SUB,cued,CA1,6,1.046068
75,1,CA1-SUB,cued,CA1,7,0.92235
75,1,CA1-SUB,cued,CA1,8,0.935507
75,1,CA1-SUB,cued,CA1,9,0.026485
75,1,CA1-SUB,cued,CA1,10,1.266402
75,1,CA1-SUB,cued,CA1,11,0.010835
75,1,CA1-SUB,cued,CA1,12,1.067557
75,1,CA1-SUB,cued,CA1,13,0.035722
75,1,CA1-SUB,cued,CA1,14,0.950174
75,1,CA1-SUB,cued,CA1,15,1.13768
75,1,CA1-SUB,cued,CA1,16,0.929836
75,1,CA1-SUB,cued,CA1,17,0.987354
75,1,CA1-SUB,cued,CA1,18,1.24621
75,1,CA1-SUB,cued,CA1,19,1.006207
75,1,CA1-SUB,cued,CA1,20,0.015127
75,1,CA1-SUB,cued,SUB,0,0.864164
75,1,CA1-SUB,cued,SUB,1,0.880984
75,1,CA1-SUB,cued,SUB,2,0.21637
75,1,CA1-SUB,cued,SUB,3,0.120953
75,1,CA1-SUB,cued,SUB,4,0.884086
75,1,CA1-SUB,cued,SUB,5,0.167636
75,1,CA1-SUB,cued,SUB,6,0.258515
75,1,CA1-SUB,cued,SUB,7,0.831492
75,1,CA1-SUB,cued,SUB,8,0.331766
75,1,CA1-SUB,cued,SUB,9,0.259257
75,1,CA1-SUB,cued,SUB,10,0.483651
75,1,CA1-SUB,cued,SUB,11,0.291832
75,1,CA1-SUB,cued,SUB,12,0.314268
75,1,CA1-SUB,cued,SUB,13,0.713583
75,1,CA1-SUB,cued,SUB,14,0.856043
75,1,CA1-SUB,cued,SUB,15,0.386854
75,1,CA1-SUB,cued,SUB,16,0.234113
75,1,CA1-SUB,cued,SUB,17,0.753559
75,1,CA1-SUB,cued,SUB,18,0.484498
75,1,CA1-SUB,cued,SUB,19,0.516545
75,1,CA1-SUB,cued,SUB,20,0.592995
75,1,CA1-SUB,cued,SUB,21,0.54969
75,1,CA1-SUB,cued,SUB,22,0.862135
75,1,CA1-SUB,cued,SUB,23,0.547254
75,1,CA1-SUB,cued,SUB,24,0.575322
75,1,CA1-SUB,cued,SUB,25,0.517502
75,1,CA1-SUB,cued,SUB,26,0.419632
75,1,CA1-SUB,cued,SUB,27,0.020293
75,1,CA1-SUB,cued,SUB,28,0.608299
75,1,CA1-SUB,cued,SUB,29,0.112006
75,1,CA1-SUB,cued,SUB,30,0.638798
75,1,CA1-SUB,cued,SUB,31,0.519735
75,1,CA1-SUB,cued,SUB,32,0.544831
75,1,CA1-SUB,cued,SUB,33,0.400658
75,1,CA1-SUB,cued,SUB,34,0.80554
75,1,CA1-SUB,cued,SUB,35,0.230192
75,1,CA1-SUB,cued,SUB,36,0.170389
75,1,CA1-SUB,cued,SUB,37,0.769341
75,1,RSC-SUB,uncued,RSC,0,0.007089
75,1,RSC-SUB,uncued,RSC,1,0.038934
75,1,RSC-SUB,uncued,RSC,2,0.008471
75,1,RSC-SUB,uncued,RSC,3,0.048333
75,1,RSC-SUB,uncued,RSC,4,0.101232
75,1,RSC-SUB,uncued,RSC,5,0.112902
75,1,RSC-SUB,uncued,RSC,6,0.005746
75,1,RSC-SUB,uncued,RSC,7,0.009204
75,1,RSC-SUB,uncued,RSC,8,0.003303
75,1,RSC-SUB,uncued,RSC,9,0.043158
75,1,RSC-SUB,uncued,RSC,10,0.622781
75,1,RSC-SUB,uncued,RSC,11,0.006375
75,1,RSC-SUB,uncued,RSC,12,0.519381
75,1,RSC-SUB,uncued,RSC,13,0.0
75,1,RSC-SUB,uncued,RSC,14,0.094334
75,1,RSC-SUB,uncued,RSC,15,0.013637
75,1,RSC-SUB,uncued,RSC,16,0.051702
75,1,RSC-SUB,uncued,RSC,17,0.007153
75,1,RSC-SUB,uncued,RSC,18,0.060588
75,1,RSC-SUB,uncued,RSC,19,0.162832
75,1,RSC-SUB,uncued,RSC,20,0.012722
75,1,RSC-SUB,uncued,RSC,21,0.005606
75,1,RSC-SUB,uncued,RSC,22,0.020492
75,1,RSC-SUB,uncued,RSC,23,0.767898
75,1,RSC-SUB,uncued,RSC,24,0.0
75,1,RSC-SUB,uncued,RSC,25,0.017714
75,1,RSC-SUB,uncued,RSC,26,0.023143
75,1,RSC-SUB,uncued,RSC,27,0.016373
75,1,RSC-SUB,uncued,RSC,28,0.018726
75,1,RSC-SUB,uncued,RSC,29,0.78773
75,1,RSC-SUB,uncued,RSC,30,0.034899
75,1,RSC-SUB,uncued,RSC,31,0.007547
75,1,RSC-SUB,uncued,RSC,32,0.004363
75,1,RSC-SUB,uncued,RSC,33,0.009959
75,1,RSC-SUB,uncued,RSC,34,0.0
75,1,RSC-SUB,uncued,RSC,35,0.005687
75,1,RSC-SUB,uncued,RSC,36,0.436737
75,1,RSC-SUB,uncued,RSC,37,0.002459
75,1,RSC-SUB,uncued,RSC,38,0.027336
75,1,RSC-SUB,uncued,RSC,39,0.009326
75,1,RSC-SUB,uncued,RSC,40,0.0
75,1,RSC-SUB,uncued,RSC,41,0.0
75,1,RSC-SUB,uncued,RSC,42,0.523883
75,1,RSC-SUB,uncued,RSC,43,0.005187
75,1,RSC-SUB,uncued,RSC,44,0.0
75,1,RSC-SUB,uncued,RSC,45,0.056757
75,1,RSC-SUB,uncued,RSC,46,0.014681
75,1,RSC-SUB,uncued,RSC,47,0.101419
75,1,RSC-SUB,uncued,RSC,48,0.0
75,1,RSC-SUB,uncued,RSC,49,0.05162
75,1,RSC-SUB,uncued,RSC,50,0.018141
75,1,RSC-SUB,uncued,RSC,51,0.0
75,1,RSC-SUB,uncued,RSC,52,0.810763
75,1,RSC-SUB,uncued,RSC,53,0.000568
75,1,RSC-SUB,uncued,RSC,54,0.006814
75,1,RSC-SUB,uncued,RSC,55,0.002114
75,1,RSC-SUB,uncued,RSC,56,0.016025
75,1,RSC-SUB,uncued,RSC,57,0.285979
75,1,RSC-SUB,uncued,RSC,58,0.000837
75,1,RSC-SUB,uncued,RSC,59,0.004617
75,1,RSC-SUB,uncued,RSC,60,0.004943
75,1,RSC-SUB,uncued,RSC,61,0.002285
75,1,RSC-SUB,uncued,RSC,62,0.056344
75,1,RSC-SUB,uncued,RSC,63,0.008081
75,1,RSC-SUB,uncued,RSC,64,0.0
75,1,RSC-SUB,uncued,RSC,65,0.0
75,1,RSC-SUB,uncued,RSC,66,0.002835
75,1,RSC-SUB,uncued,RSC,67,0.005454
75,1,RSC-SUB,uncued,RSC,68,0.001979
75,1,RSC-SUB,uncued,RSC,69,0.052943
75,1,RSC-SUB,uncued,RSC,70,0.019248
75,1,RSC-SUB,uncued,RSC,71,0.003373
75,1,RSC-SUB,uncued,RSC,72,0.021761
75,1,RSC-SUB,uncued,RSC,73,0.0
75,1,RSC-SUB,uncued,RSC,74,0.038479
75,1,RSC-SUB,uncued,RSC,75,0.048833
75,1,RSC-SUB,uncued,RSC,76,0.792703
75,1,RSC-SUB,uncued,RSC,77,0.04321
75,1,RSC-SUB,uncued,RSC,78,0.106249
75,1,RSC-SUB,uncued,RSC,79,0.017376
75,1,RSC-SUB,uncued,RSC,80,0.054339
75,1,RSC-SUB,uncued,RSC,81,0.022874
75,1,RSC-SUB,uncued,RSC,82,0.018168
75,1,RSC-SUB,uncued,RSC,83,0.046627
75,1,RSC-SUB,uncued,RSC,84,0.017785
75,1,RSC-SUB,uncued,RSC,85,0.801384
75,1,RSC-SUB,uncued,RSC,86,0.705508
75,1,RSC-SUB,uncued,RSC,87,0.092245
75,1,RSC-SUB,uncued,RSC,88,0.019649
75,1,RSC-SUB,uncued,RSC,89,0.024492
75,1,RSC-SUB,uncued,RSC,90,0.0
75,1,RSC-SUB,uncued,RSC,91,0.039182
75,1,RSC-SUB,uncued,RSC,92,0.00399
75,1,RSC-SUB,uncued,RSC,93,0.758818
75,1,RSC-SUB,uncued,RSC,94,0.0
75,1,RSC-SUB,uncued,RSC,95,0.0
75,1,RSC-SUB,uncued,RSC,96,0.019116
75,1,RSC-SUB,uncued,RSC,97,0.139149
75,1,RSC-SUB,uncued,RSC,98,0.02546
75,1,RSC-SUB,uncued,RSC,99,0.075987
75,1,RSC-SUB,uncued,RSC,100,0.0
75,1,RSC-SUB,uncued,RSC,101,0.210599
75,1,RSC-SUB,uncued,RSC,102,0.029234
75,1,RSC-SUB,uncued,RSC,103,0.219405
75,1,RSC-SUB,uncued,RSC,104,0.054503
75,1,RSC-SUB,uncued,RSC,105,0.026726
75,1,RSC-SUB,uncued,RSC,106,0.034384
75,1,RSC-SUB,uncued,RSC,107,0.009052
75,1,RSC-SUB,uncued,RSC,108,0.0
75,1,RSC-SUB,uncued,RSC,109,0.018614
75,1,RSC-SUB,uncued,RSC,110,0.020989
75,1,RSC-SUB,uncued,RSC,111,0.008401
75,1,RSC-SUB,uncued,RSC,112,0.0
75,1,RSC-SUB,uncued,RSC,113,0.001585
75,1,RSC-SUB,uncued,RSC,114,0.0
75,1,RSC-SUB,uncued,RSC,115,0.010529
75,1,RSC-SUB,uncued,RSC,116,0.014033
75,1,RSC-SUB,uncued,RSC,117,0.0
75,1,RSC-SUB,uncued,RSC,118,0.010518
75,1,RSC-SUB,uncued,RSC,119,0.016277
75,1,RSC-SUB,uncued,RSC,120,0.001512
75,1,RSC-SUB,uncued,RSC,121,0.034851
75,1,RSC-SUB,uncued,RSC,122,0.002523
75,1,RSC-SUB,uncued,RSC,123,0.001322
75,1,RSC-SUB,uncued,RSC,124,0.009078
75,1,RSC-SUB,uncued,RSC,125,0.022711
75,1,RSC-SUB,uncued,RSC,126,0.084877
75,1,RSC-SUB,uncued,RSC,127,0.043725
75,1,RSC-SUB,uncued,RSC,128,0.063249
75,1,RSC-SUB,uncued,RSC,129,0.039018
75,1,RSC-SUB,uncued,RSC,130,0.069599
75,1,RSC-SUB,uncued,RSC,131,0.025458
75,1,RSC-SUB,uncued,RSC,132,0.0
75,1,RSC-SUB,uncued,RSC,133,0.005428
75,1,RSC-SUB,uncued,RSC,134,0.019309
75,1,RSC-SUB,uncued,RSC,135,0.005982
75,1,RSC-SUB,uncued,RSC,136,0.002001
75,1,RSC-SUB,uncued,RSC,137,0.009045
75,1,RSC-SUB,uncued,RSC,138,0.025659
75,1,RSC-SUB,uncued,RSC,139,0.0
75,1,RSC-SUB,uncued,RSC,140,0.004758
75,1,RSC-SUB,uncued,RSC,141,0.0
75,1,RSC-SUB,uncued,RSC,142,0.0
75,1,RSC-SUB,uncued,RSC,143,0.007912
75,1,RSC-SUB,uncued,RSC,144,0.0
75,1,RSC-SUB,uncued,RSC,145,0.0
75,1,RSC-SUB,uncued,RSC,146,0.004208
75,1,RSC-SUB,uncued,RSC,147,0.001083
75,1,RSC-SUB,uncued,RSC,148,0.013702
75,1,RSC-SUB,uncued,RSC,149,0.065792
75,1,RSC-SUB,uncued,RSC,150,0.748343
75,1,RSC-SUB,uncued,RSC,151,0.066351
75,1,RSC-SUB,uncued,RSC,152,0.128129
75,1,RSC-SUB,uncued,RSC,153,0.010623
75,1,RSC-SUB,uncued,RSC,154,0.788199
75,1,RSC-SUB,uncued,RSC,155,0.011525
75,1,RSC-SUB,uncued,RSC,156,0.0661
75,1,RSC-SUB,uncued,RSC,157,0.030723
75,1,RSC-SUB,uncued,RSC,158,0.00307
75,1,RSC-SUB,uncued,RSC,159,0.045321
75,1,RSC-SUB,uncued,RSC,160,0.006292
75,1,RSC-SUB,uncued,RSC,161,0.018483
75,1,RSC-SUB,uncued,RSC,162,0.008032
75,1,RSC-SUB,uncued,RSC,163,0.801306
75,1,RSC-SUB,uncued,RSC,164,0.001461
75,1,RSC-SUB,uncued,RSC,165,0.011005
75,1,RSC-SUB,uncued,RSC,166,0.02845
75,1,RSC-SUB,uncued,RSC,167,0.007651
75,1,RSC-SUB,uncued,RSC,168,0.038717
75,1,RSC-SUB,uncued,RSC,169,0.008145
75,1,RSC-SUB,uncued,RSC,170,0.000643
75,1,RSC-SUB,uncued,RSC,171,0.004435
75,1,RSC-SUB,uncued,RSC,172,0.022044
75,1,RSC-SUB,uncued,RSC,173,0.010829
75,1,RSC-SUB,uncued,RSC,174,0.002128
75,1,RSC-SUB,uncued,RSC,175,0.002848
75,1,RSC-SUB,uncued,RSC,176,0.007122
75,1,RSC-SUB,uncued,RSC,177,0.0
75,1,RSC-SUB,uncued,SUB,0,0.164363
75,1,RSC-SUB,uncued,SUB,1,0.966646
75,1,RSC-SUB,uncued,SUB,2,0.089142
75,1,RSC-SUB,uncued,SUB,3,0.388676
75,1,RSC-SUB,uncued,SUB,4,0.982514
75,1,RSC-SUB,uncued,SUB,5,0.850087
75,1,RSC-SUB,uncued,SUB,6,0.251909
75,1,RSC-SUB,uncued,SUB,7,0.175534
75,1,RSC-SUB,uncued,SUB,8,0.179292
75,1,RSC-SUB,uncued,SUB,9,0.195827
75,1,RSC-SUB,uncued,SUB,10,0.886443
75,1,RSC-SUB,uncued,SUB,11,0.395729
75,1,RSC-SUB,uncued,SUB,12,0.373265
75,1,RSC-SUB,uncued,SUB,13,0.726945
75,1,RSC-SUB,uncued,SUB,14,0.141786
75,1,RSC-SUB,uncued,SUB,15,0.410779
75,1,RSC-SUB,uncued,SUB,16,0.445572
75,1,RSC-SUB,uncued,SUB,17,0.32906
75,1,RSC-SUB,uncued,SUB,18,0.41282
75,1,RSC-SUB,uncued,SUB,19,0.458458
75,1,RSC-SUB,uncued,SUB,20,0.486499
75,1,RSC-SUB,uncued,SUB,21,0.848375
75,1,RSC-SUB,uncued,SUB,22,0.246218
75,1,RSC-SUB,uncued,SUB,23,0.321464
75,1,RSC-SUB,uncued,SUB,24,0.895596
75,1,RSC-SUB,uncued,SUB,25,0.500162
75,1,RSC-SUB,uncued,SUB,26,0.448813
75,1,RSC-SUB,uncued,SUB,27,0.038445
75,1,RSC-SUB,uncued,SUB,28,0.676773
75,1,RSC-SUB,uncued,SUB,29,0.050602
75,1,RSC-SUB,uncued,SUB,30,0.874495
75,1,RSC-SUB,uncued,SUB,31,0.535012
75,1,RSC-SUB,uncued,SUB,32,0.902371
75,1,RSC-SUB,uncued,SUB,33,0.278068
75,1,RSC-SUB,uncued,SUB,34,0.954512
75,1,RSC-SUB,uncued,SUB,35,0.828478
75,1,RSC-SUB,uncued,SUB,36,0.031877
75,1,RSC-SUB,uncued,SUB,37,0.714868
75,1,RSC-SUB,cued,RSC,0,0.012322
75,1,RSC-SUB,cued,RSC,1,0.018227
75,1,RSC-SUB,cued,RSC,2,0.026613
75,1,RSC-SUB,cued,RSC,3,0.015238
75,1,RSC-SUB,cued,RSC,4,0.044777
75,1,RSC-SUB,cued,RSC,5,0.023903
75,1,RSC-SUB,cued,RSC,6,0.028996
75,1,RSC-SUB,cued,RSC,7,0.028746
75,1,RSC-SUB,cued,RSC,8,0.348232
75,1,RSC-SUB,cued,RSC,9,0.019864
75,1,RSC-SUB,cued,RSC,10,0.001949
75,1,RSC-SUB,cued,RSC,11,0.003903
75,1,RSC-SUB,cued,RSC,12,0.026117
75,1,RSC-SUB,cued,RSC,13,0.0
75,1,RSC-SUB,cued,RSC,14,0.017341
75,1,RSC-SUB,cued,RSC,15,0.015323
75,1,RSC-SUB,cued,RSC,16,0.020828
75,1,RSC-SUB,cued,RSC,17,0.033663
75,1,RSC-SUB,cued,RSC,18,0.085386
75,1,RSC-SUB,cued,RSC,19,0.00315
75,1,RSC-SUB,cued,RSC,20,0.010983
75,1,RSC-SUB,cued,RSC,21,0.014044
75,1,RSC-SUB,cued,RSC,22,0.001966
75,1,RSC-SUB,cued,RSC,23,0.019108
75,1,RSC-SUB,cued,RSC,24,0.068608
75,1,RSC-SUB,cued,RSC,25,0.012933
75,1,RSC-SUB,cued,RSC,26,0.049798
75,1,RSC-SUB,cued,RSC,27,0.006346
75,1,RSC-SUB,cued,RSC,28,0.038165
75,1,RSC-SUB,cued,RSC,29,0.007581
75,1,RSC-SUB,cued,RSC,30,0.012704
75,1,RSC-SUB,cued,RSC,31,0.002513
75,1,RSC-SUB,cued,RSC,32,0.292218
75,1,RSC-SUB,cued,RSC,33,0.00435
75,1,RSC-SUB,cued,RSC,34,0.599293
75,1,RSC-SUB,cued,RSC,35,0.013416
75,1,RSC-SUB,cued,RSC,36,0.0
75,1,RSC-SUB,cued,RSC,37,0.532062
75,1,RSC-SUB,cued,RSC,38,0.614837
75,1,RSC-SUB,cued,RSC,39,0.054487
75,1,RSC-SUB,cued,RSC,40,0.003595
75,1,RSC-SUB,cued,RSC,41,0.005292
75,1,RSC-SUB,cued,RSC,42,0.010081
75,1,RSC-SUB,cued,RSC,43,0.020321
75,1,RSC-SUB,cued,RSC,44,0.011356
75,1,RSC-SUB,cued,RSC,45,0.060065
75,1,RSC-SUB,cued,RSC,46,0.01318
75,1,RSC-SUB,cued,RSC,47,0.075823
75,1,RSC-SUB,cued,RSC,48,0.031853
75,1,RSC-SUB,cued,RSC,49,0.029231
75,1,RSC-SUB,cued,RSC,50,0.002772
75,1,RSC-SUB,cued,RSC,51,0.007752
75,1,RSC-SUB,cued,RSC,52,0.01212
75,1,RSC-SUB,cued,RSC,53,0.003168
75,1,RSC-SUB,cued,RSC,54,0.003015
75,1,RSC-SUB,cued,RSC,55,0.007207
75,1,RSC-SUB,cued,RSC,56,0.079742
75,1,RSC-SUB,cued,RSC,57,0.026232
75,1,RSC-SUB,cued,RSC,58,0.160427
75,1,RSC-SUB,cued,RSC,59,0.012347
75,1,RSC-SUB,cued,RSC,60,0.017881
75,1,RSC-SUB,cued,RSC,61,0.002997
75,1,RSC-SUB,cued,RSC,62,0.331881
75,1,RSC-SUB,cued,RSC,63,0.022254
75,1,RSC-SUB,cued,RSC,64,0.413316
75,1,RSC-SUB,cued,RSC,65,0.628109
75,1,RSC-SUB,cued,RSC,66,0.013864
75,1,RSC-SUB,cued,RSC,67,0.019536
75,1,RSC-SUB,cued,RSC,68,0.008747
75,1,RSC-SUB,cued,RSC,69,0.53433
75,1,RSC-SUB,cued,RSC,70,0.056438
75,1,RSC-SUB,cued,RSC,71,0.628451
75,1,RSC-SUB,cued,RSC,72,0.013729
75,1,RSC-SUB,cued,RSC,73,0.0
75,1,RSC-SUB,cued,RSC,74,0.031427
75,1,RSC-SUB,cued,RSC,75,0.042995
75,1,RSC-SUB,cued,RSC,76,0.031984
75,1,RSC-SUB,cued,RSC,77,0.033782
75,1,RSC-SUB,cued,RSC,78,0.040374
75,1,RSC-SUB,cued,RSC,79,0.039154
75,1,RSC-SUB,cued,RSC,80,0.017486
75,1,RSC-SUB,cued,RSC,81,0.023742
75,1,RSC-SUB,cued,RSC,82,0.031724
75,1,RSC-SUB,cued,RSC,83,0.024142
75,1,RSC-SUB,cued,RSC,84,0.005541
75,1,RSC-SUB,cued,RSC,85,0.042977
75,1,RSC-SUB,cued,RSC,86,0.002474
75,1,RSC-SUB,cued,RSC,87,0.029268
75,1,RSC-SUB,cued,RSC,88,0.005199
75,1,RSC-SUB,cued,RSC,89,0.013021
75,1,RSC-SUB,cued,RSC,90,0.007479
75,1,RSC-SUB,cued,RSC,91,0.027626
75,1,RSC-SUB,cued,RSC,92,0.115433
75,1,RSC-SUB,cued,RSC,93,0.032507
75,1,RSC-SUB,cued,RSC,94,0.004069
75,1,RSC-SUB,cued,RSC,95,0.224698
75,1,RSC-SUB,cued,RSC,96,0.0069
75,1,RSC-SUB,cued,RSC,97,0.014589
75,1,RSC-SUB,cued,RSC,98,0.032955
75,1,RSC-SUB,cued,RSC,99,0.040255
75,1,RSC-SUB,cued,RSC,100,0.0
75,1,RSC-SUB,cued,RSC,101,0.058765
75,1,RSC-SUB,cued,RSC,102,0.5419
75,1,RSC-SUB,cued,RSC,103,0.0
75,1,RSC-SUB,cued,RSC,104,0.014135
75,1,RSC-SUB,cued,RSC,105,0.019435
75,1,RSC-SUB,cued,RSC,106,0.015885
75,1,RSC-SUB,cued,RSC,107,0.100984
75,1,RSC-SUB,cued,RSC,108,0.0
75,1,RSC-SUB,cued,RSC,109,0.019911
75,1,RSC-SUB,cued,RSC,110,0.031688
75,1,RSC-SUB,cued,RSC,111,0.043616
75,1,RSC-SUB,cued,RSC,112,0.307294
75,1,RSC-SUB,cued,RSC,113,0.006366
75,1,RSC-SUB,cued,RSC,114,0.001013
75,1,RSC-SUB,cued,RSC,115,0.231264
75,1,RSC-SUB,cued,RSC,116,0.018734
75,1,RSC-SUB,cued,RSC,117,0.487146
75,1,RSC-SUB,cued,RSC,118,0.041396
75,1,RSC-SUB,cued,RSC,119,0.065668
75,1,RSC-SUB,cued,RSC,120,0.528396
75,1,RSC-SUB,cued,RSC,121,0.01945
75,1,RSC-SUB,cued,RSC,122,0.029444
75,1,RSC-SUB,cued,RSC,123,0.110776
75,1,RSC-SUB,cued,RSC,124,0.024888
75,1,RSC-SUB,cued,RSC,125,0.033674
75,1,RSC-SUB,cued,RSC,126,0.020638
75,1,RSC-SUB,cued,RSC,127,0.035543
75,1,RSC-SUB,cued,RSC,128,0.049892
75,1,RSC-SUB,cued,RSC,129,0.033612
75,1,RSC-SUB,cued,RSC,130,0.015856
75,1,RSC-SUB,cued,RSC,131,0.068798
75,1,RSC-SUB,cued,RSC,132,0.488219
75,1,RSC-SUB,cued,RSC,133,0.553133
75,1,RSC-SUB,cued,RSC,134,0.006239
75,1,RSC-SUB,cued,RSC,135,0.034966
75,1,RSC-SUB,cued,RSC,136,0.001856
75,1,RSC-SUB,cued,RSC,137,0.043929
75,1,RSC-SUB,cued,RSC,138,0.073706
75,1,RSC-SUB,cued,RSC,139,0.020173
75,1,RSC-SUB,cued,RSC,140,0.020519
75,1,RSC-SUB,cued,RSC,141,0.020747
75,1,RSC-SUB,cued,RSC,142,0.016624
75,1,RSC-SUB,cued,RSC,143,0.012938
75,1,RSC-SUB,cued,RSC,144,0.0
75,1,RSC-SUB,cued,RSC,145,0.046502
75,1,RSC-SUB,cued,RSC,146,0.01126
75,1,RSC-SUB,cued,RSC,147,0.012916
75,1,RSC-SUB,cued,RSC,148,0.035663
75,1,RSC-SUB,cued,RSC,149,0.025968
75,1,RSC-SUB,cued,RSC,150,0.026956
75,1,RSC-SUB,cued,RSC,151,0.025106
75,1,RSC-SUB,cued,RSC,152,0.068912
75,1,RSC-SUB,cued,RSC,153,0.040085
75,1,RSC-SUB,cued,RSC,154,0.018061
75,1,RSC-SUB,cued,RSC,155,0.00182
75,1,RSC-SUB,cued,RSC,156,0.01609
75,1,RSC-SUB,cued,RSC,157,0.032125
75,1,RSC-SUB,cued,RSC,158,0.025795
75,1,RSC-SUB,cued,RSC,159,0.025448
75,1,RSC-SUB,cued,RSC,160,0.114082
75,1,RSC-SUB,cued,RSC,161,0.107976
75,1,RSC-SUB,cued,RSC,162,0.06712
75,1,RSC-SUB,cued,RSC,163,0.037871
75,1,RSC-SUB,cued,RSC,164,0.019578
75,1,RSC-SUB,cued,RSC,165,0.00871
75,1,RSC-SUB,cued,RSC,166,0.025852
75,1,RSC-SUB,cued,RSC,167,0.161906
75,1,RSC-SUB,cued,RSC,168,0.05083
75,1,RSC-SUB,cued,RSC,169,0.005628
75,1,RSC-SUB,cued,RSC,170,0.004915
75,1,RSC-SUB,cued,RSC,171,0.02671
75,1,RSC-SUB,cued,RSC,172,0.012954
75,1,RSC-SUB,cued,RSC,173,0.017969
75,1,RSC-SUB,cued,RSC,174,0.002049
75,1,RSC-SUB,cued,RSC,175,0.564921
75,1,RSC-SUB,cued,RSC,176,0.022986
75,1,RSC-SUB,cued,RSC,177,0.545677
75,1,RSC-SUB,cued,SUB,0,0.857509
75,1,RSC-SUB,cued,SUB,1,0.880598
75,1,RSC-SUB,cued,SUB,2,0.225196
75,1,RSC-SUB,cued,SUB,3,0.109336
75,1,RSC-SUB,cued,SUB,4,0.875646
75,1,RSC-SUB,cued,SUB,5,0.182994
75,1,RSC-SUB,cued,SUB,6,0.257931
75,1,RSC-SUB,cued,SUB,7,0.821872
75,1,RSC-SUB,cued,SUB,8,0.363973
75,1,RSC-SUB,cued,SUB,9,0.260364
75,1,RSC-SUB,cued,SUB,10,0.494685
75,1,RSC-SUB,cued,SUB,11,0.283126
75,1,RSC-SUB,cued,SUB,12,0.300477
75,1,RSC-SUB,cued,SUB,13,0.691511
75,1,RSC-SUB,cued,SUB,14,0.851176
75,1,RSC-SUB,cued,SUB,15,0.381919
75,1,RSC-SUB,cued,SUB,16,0.224946
75,1,RSC-SUB,cued,SUB,17,0.758364
75,1,RSC-SUB,cued,SUB,18,0.465259
75,1,RSC-SUB,cued,SUB,19,0.4821
75,1,RSC-SUB,cued,SUB,20,0.598252
75,1,RSC-SUB,cued,SUB,21,0.535968
75,1,RSC-SUB,cued,SUB,22,0.856695
75,1,RSC-SUB,cued,SUB,23,0.550748
75,1,RSC-SUB,cued,SUB,24,0.533084
75,1,RSC-SUB,cued,SUB,25,0.515407
75,1,RSC-SUB,cued,SUB,26,0.377614
75,1,RSC-SUB,cued,SUB,27,0.018893
75,1,RSC-SUB,cued,SUB,28,0.643566
75,1,RSC-SUB,cued,SUB,29,0.108342
75,1,RSC-SUB,cued,SUB,30,0.618928
75,1,RSC-SUB,cued,SUB,31,0.515799
75,1,RSC-SUB,cued,SUB,32,0.579815
75,1,RSC-SUB,cued,SUB,33,0.396765
75,1,RSC-SUB,cued,SUB,34,0.781367
75,1,RSC-SUB,cued,SUB,35,0.221829
75,1,RSC-SUB,cued,SUB,36,0.195097
75,1,RSC-SUB,cued,SUB,37,0.764656
75,1,V1-RSC,uncued,V1,0,0.431873
75,1,V1-RSC,uncued,V1,1,0.003952
75,1,V1-RSC,uncued,V1,2,0.001782
75,1,V1-RSC,uncued,V1,3,0.82025
75,1,V1-RSC,uncued,V1,4,0.008664
75,1,V1-RSC,uncued,V1,5,0.117515
75,1,V1-RSC,uncued,V1,6,0.042445
75,1,V1-RSC,uncued,V1,7,0.713041
75,1,V1-RSC,uncued,V1,8,0.714441
75,1,V1-RSC,uncued,V1,9,0.832014
75,1,V1-RSC,uncued,V1,10,0.522594
75,1,V1-RSC,uncued,V1,11,0.907111
75,1,V1-RSC,uncued,V1,12,0.782303
75,1,V1-RSC,uncued,V1,13,1.000405
75,1,V1-RSC,uncued,V1,14,0.269774
75,1,V1-RSC,uncued,V1,15,0.832896
75,1,V1-RSC,uncued,V1,16,0.017724
75,1,V1-RSC,uncued,V1,17,0.981888
75,1,V1-RSC,uncued,V1,18,0.024364
75,1,V1-RSC,uncued,V1,19,0.008771
75,1,V1-RSC,uncued,V1,20,0.088718
75,1,V1-RSC,uncued,V1,21,0.013599
75,1,V1-RSC,uncued,V1,22,0.007461
75,1,V1-RSC,uncued,V1,23,0.018228
75,1,V1-RSC,uncued,V1,24,0.09473
75,1,V1-RSC,uncued,V1,25,0.962008
75,1,V1-RSC,uncued,V1,26,0.002672
75,1,V1-RSC,uncued,V1,27,0.751189
75,1,V1-RSC,uncued,V1,28,0.004984
75,1,V1-RSC,uncued,V1,29,0.009461
75,1,V1-RSC,uncued,V1,30,0.01739
75,1,V1-RSC,uncued,V1,31,0.017439
75,1,V1-RSC,uncued,V1,32,0.020212
75,1,V1-RSC,uncued,V1,33,0.367733
75,1,V1-RSC,uncued,V1,34,0.905951
75,1,V1-RSC,uncued,V1,35,0.957428
75,1,V1-RSC,uncued,V1,36,0.93151
75,1,V1-RSC,uncued,V1,37,0.996982
75,1,V1-RSC,uncued,V1,38,0.065624
75,1,V1-RSC,uncued,V1,39,0.387939
75,1,V1-RSC,uncued,V1,40,0.680809
75,1,V1-RSC,uncued,V1,41,0.009306
75,1,V1-RSC,uncued,V1,42,0.020104
75,1,V1-RSC,uncued,V1,43,0.052322
75,1,V1-RSC,uncued,V1,44,0.023931
75,1,V1-RSC,uncued,V1,45,0.015372
75,1,V1-RSC,uncued,V1,46,0.006676
75,1,V1-RSC,uncued,V1,47,0.012229
75,1,V1-RSC,uncued,V1,48,0.032512
75,1,V1-RSC,uncued,V1,49,0.018551
75,1,V1-RSC,uncued,V1,50,0.012893
75,1,V1-RSC,uncued,V1,51,0.03407
75,1,V1-RSC,uncued,V1,52,0.004756
75,1,V1-RSC,uncued,V1,53,0.022003
75,1,V1-RSC,uncued,V1,54,0.346305
75,1,V1-RSC,uncued,V1,55,0.769658
75,1,V1-RSC,uncued,V1,56,0.566786
75,1,V1-RSC,uncued,RSC,0,0.007563
75,1,V1-RSC,uncued,RSC,1,0.040189
75,1,V1-RSC,uncued,RSC,2,0.008456
75,1,V1-RSC,uncued,RSC,3,0.046928
75,1,V1-RSC,uncued,RSC,4,0.09888
75,1,V1-RSC,uncued,RSC,5,0.107866
75,1,V1-RSC,uncued,RSC,6,0.006283
75,1,V1-RSC,uncued,RSC,7,0.008703
75,1,V1-RSC,uncued,RSC,8,0.003234
75,1,V1-RSC,uncued,RSC,9,0.043028
75,1,V1-RSC,uncued,RSC,10,0.623422
75,1,V1-RSC,uncued,RSC,11,0.006417
75,1,V1-RSC,uncued,RSC,12,0.519656
75,1,V1-RSC,uncued,RSC,13,0.0
75,1,V1-RSC,uncued,RSC,14,0.091235
75,1,V1-RSC,uncued,RSC,15,0.013512
75,1,V1-RSC,uncued,RSC,16,0.051402
75,1,V1-RSC,uncued,RSC,17,0.006807
75,1,V1-RSC,uncued,RSC,18,0.058786
75,1,V1-RSC,uncued,RSC,19,0.157592
75,1,V1-RSC,uncued,RSC,20,0.01246
75,1,V1-RSC,uncued,RSC,21,0.005426
75,1,V1-RSC,uncued,RSC,22,0.020983
75,1,V1-RSC,uncued,RSC,23,0.766717
75,1,V1-RSC,uncued,RSC,24,0.0
75,1,V1-RSC,uncued,RSC,25,0.019846
75,1,V1-RSC,uncued,RSC,26,0.021549
75,1,V1-RSC,uncued,RSC,27,0.016446
75,1,V1-RSC,uncued,RSC,28,0.018828
75,1,V1-RSC,uncued,RSC,29,0.792287
75,1,V1-RSC,uncued,RSC,30,0.034071
75,1,V1-RSC,uncued,RSC,31,0.007614
75,1,V1-RSC,uncued,RSC,32,0.004119
75,1,V1-RSC,uncued,RSC,33,0.01
75,1,V1-RSC,uncued,RSC,34,0.0
75,1,V1-RSC,uncued,RSC,35,0.005514
75,1,V1-RSC,uncued,RSC,36,0.437421
75,1,V1-RSC,uncued,RSC,37,0.002419
75,1,V1-RSC,uncued,RSC,38,0.027672
75,1,V1-RSC,uncued,RSC,39,0.008976
75,1,V1-RSC,uncued,RSC,40,0.0
75,1,V1-RSC,uncued,RSC,41,0.0
75,1,V1-RSC,uncued,RSC,42,0.524384
75,1,V1-RSC,uncued,RSC,43,0.005315
75,1,V1-RSC,uncued,RSC,44,0.0
75,1,V1-RSC,uncued,RSC,45,0.054917
75,1,V1-RSC,uncued,RSC,46,0.015351
75,1,V1-RSC,uncued,RSC,47,0.11848
75,1,V1-RSC,uncued,RSC,48,0.0
75,1,V1-RSC,uncued,RSC,49,0.051034
75,1,V1-RSC,uncued,RSC,50,0.017256
75,1,V1-RSC,uncued,RSC,51,0.0
75,1,V1-RSC,uncued,RSC,52,0.811686
75,1,V1-RSC,uncued,RSC,53,0.000533
75,1,V1-RSC,uncued,RSC,54,0.006924
75,1,V1-RSC,uncued,RSC,55,0.002125
75,1,V1-RSC,uncued,RSC,56,0.015579
75,1,V1-RSC,uncued,RSC,57,0.288535
75,1,V1-RSC,uncued,RSC,58,0.000887
75,1,V1-RSC,uncued,RSC,59,0.004752
75,1,V1-RSC,uncued,RSC,60,0.004651
75,1,V1-RSC,uncued,RSC,61,0.002291
75,1,V1-RSC,uncued,RSC,62,0.064887
75,1,V1-RSC,uncued,RSC,63,0.007867
75,1,V1-RSC,uncued,RSC,64,0.0
75,1,V1-RSC,uncued,RSC,65,0.0
75,1,V1-RSC,uncued,RSC,66,0.002794
75,1,V1-RSC,uncued,RSC,67,0.005278
75,1,V1-RSC,uncued,RSC,68,0.001926
75,1,V1-RSC,uncued,RSC,69,0.053073
75,1,V1-RSC,uncued,RSC,70,0.017367
75,1,V1-RSC,uncued,RSC,71,0.003203
75,1,V1-RSC,uncued,RSC,72,0.023405
75,1,V1-RSC,uncued,RSC,73,0.0
75,1,V1-RSC,uncued,RSC,74,0.036742
75,1,V1-RSC,uncued,RSC,75,0.049126
75,1,V1-RSC,uncued,RSC,76,0.789486
75,1,V1-RSC,uncued,RSC,77,0.041637
75,1,V1-RSC,uncued,RSC,78,0.10867
75,1,V1-RSC,uncued,RSC,79,0.017406
75,1,V1-RSC,uncued,RSC,80,0.047457
75,1,V1-RSC,uncued,RSC,81,0.024552
75,1,V1-RSC,uncued,RSC,82,0.017595
75,1,V1-RSC,uncued,RSC,83,0.046745
75,1,V1-RSC,uncued,RSC,84,0.017272
75,1,V1-RSC,uncued,RSC,85,0.805065
75,1,V1-RSC,uncued,RSC,86,0.70522
75,1,V1-RSC,uncued,RSC,87,0.093487
75,1,V1-RSC,uncued,RSC,88,0.025266
75,1,V1-RSC,uncued,RSC,89,0.025316
75,1,V1-RSC,uncued,RSC,90,0.0
75,1,V1-RSC,uncued,RSC,91,0.03618
75,1,V1-RSC,uncued,RSC,92,0.003748
75,1,V1-RSC,uncued,RSC,93,0.757627
75,1,V1-RSC,uncued,RSC,94,0.0
75,1,V1-RSC,uncued,RSC,95,0.0
75,1,V1-RSC,uncued,RSC,96,0.018688
75,1,V1-RSC,uncued,RSC,97,0.136912
75,1,V1-RSC,uncued,RSC,98,0.024308
75,1,V1-RSC,uncued,RSC,99,0.084103
75,1,V1-RSC,uncued,RSC,100,0.0
75,1,V1-RSC,uncued,RSC,101,0.197853
75,1,V1-RSC,uncued,RSC,102,0.029201
75,1,V1-RSC,uncued,RSC,103,0.219443
75,1,V1-RSC,uncued,RSC,104,0.05069
75,1,V1-RSC,uncued,RSC,105,0.027078
75,1,V1-RSC,uncued,RSC,106,0.035386
75,1,V1-RSC,uncued,RSC,107,0.009355
75,1,V1-RSC,uncued,RSC,108,0.0
75,1,V1-RSC,uncued,RSC,109,0.01938
75,1,V1-RSC,uncued,RSC,110,0.020239
75,1,V1-RSC,uncued,RSC,111,0.008053
75,1,V1-RSC,uncued,RSC,112,0.0
75,1,V1-RSC,uncued,RSC,113,0.001684
75,1,V1-RSC,uncued,RSC,114,0.0
75,1,V1-RSC,uncued,RSC,115,0.011023
75,1,V1-RSC,uncued,RSC,116,0.014148
75,1,V1-RSC,uncued,RSC,117,0.0
75,1,V1-RSC,uncued,RSC,118,0.010819
75,1,V1-RSC,uncued,RSC,119,0.016791
75,1,V1-RSC,uncued,RSC,120,0.001572
75,1,V1-RSC,uncued,RSC,121,0.034286
75,1,V1-RSC,uncued,RSC,122,0.002594
75,1,V1-RSC,uncued,RSC,123,0.0013
75,1,V1-RSC,uncued,RSC,124,0.008576
75,1,V1-RSC,uncued,RSC,125,0.022228
75,1,V1-RSC,uncued,RSC,126,0.079938
75,1,V1-RSC,uncued,RSC,127,0.042708
75,1,V1-RSC,uncued,RSC,128,0.063738
75,1,V1-RSC,uncued,RSC,129,0.040352
75,1,V1-RSC,uncued,RSC,130,0.065205
75,1,V1-RSC,uncued,RSC,131,0.025406
75,1,V1-RSC,uncued,RSC,132,0.0
75,1,V1-RSC,uncued,RSC,133,0.005298
75,1,V1-RSC,uncued,RSC,134,0.018808
75,1,V1-RSC,uncued,RSC,135,0.005632
75,1,V1-RSC,uncued,RSC,136,0.00191
75,1,V1-RSC,uncued,RSC,137,0.008715
75,1,V1-RSC,uncued,RSC,138,0.032826
75,1,V1-RSC,uncued,RSC,139,0.0
75,1,V1-RSC,uncued,RSC,140,0.004471
75,1,V1-RSC,uncued,RSC,141,0.004207
75,1,V1-RSC,uncued,RSC,142,0.0
75,1,V1-RSC,uncued,RSC,143,0.007618
75,1,V1-RSC,uncued,RSC,144,0.0
75,1,V1-RSC,uncued,RSC,145,0.0
75,1,V1-RSC,uncued,RSC,146,0.004487
75,1,V1-RSC,uncued,RSC,147,0.001063
75,1,V1-RSC,uncued,RSC,148,0.013221
75,1,V1-RSC,uncued,RSC,149,0.066096
75,1,V1-RSC,uncued,RSC,150,0.748115
75,1,V1-RSC,uncued,RSC,151,0.062312
75,1,V1-RSC,uncued,RSC,152,0.135106
75,1,V1-RSC,uncued,RSC,153,0.010304
75,1,V1-RSC,uncued,RSC,154,0.786491
75,1,V1-RSC,uncued,RSC,155,0.011498
75,1,V1-RSC,uncued,RSC,156,0.069649
75,1,V1-RSC,uncued,RSC,157,0.029591
75,1,V1-RSC,uncued,RSC,158,0.002929
75,1,V1-RSC,uncued,RSC,159,0.044802
75,1,V1-RSC,uncued,RSC,160,0.006259
75,1,V1-RSC,uncued,RSC,161,0.019689
75,1,V1-RSC,uncued,RSC,162,0.007801
75,1,V1-RSC,uncued,RSC,163,0.793501
75,1,V1-RSC,uncued,RSC,164,0.00143
75,1,V1-RSC,uncued,RSC,165,0.011188
75,1,V1-RSC,uncued,RSC,166,0.02807
75,1,V1-RSC,uncued,RSC,167,0.007095
75,1,V1-RSC,uncued,RSC,168,0.039198
75,1,V1-RSC,uncued,RSC,169,0.007717
75,1,V1-RSC,uncued,RSC,170,0.0007
75,1,V1-RSC,uncued,RSC,171,0.00426
75,1,V1-RSC,uncued,RSC,172,0.020389
75,1,V1-RSC,uncued,RSC,173,0.010992
75,1,V1-RSC,uncued,RSC,174,0.002098
75,1,V1-RSC,uncued,RSC,175,0.002838
75,1,V1-RSC,uncued,RSC,176,0.007323
75,1,V1-RSC,uncued,RSC,177,0.0
75,1,V1-RSC,cued,V1,0,0.095739
75,1,V1-RSC,cued,V1,1,0.107498
75,1,V1-RSC,cued,V1,2,0.185223
75,1,V1-RSC,cued,V1,3,0.058247
75,1,V1-RSC,cued,V1,4,0.115523
75,1,V1-RSC,cued,V1,5,0.295438
75,1,V1-RSC,cued,V1,6,0.248151
75,1,V1-RSC,cued,V1,7,0.028947
75,1,V1-RSC,cued,V1,8,0.284024
75,1,V1-RSC,cued,V1,9,0.468082
75,1,V1-RSC,cued,V1,10,0.204165
75,1,V1-RSC,cued,V1,11,0.179608
75,1,V1-RSC,cued,V1,12,0.181286
75,1,V1-RSC,cued,V1,13,0.092037
75,1,V1-RSC,cued,V1,14,0.17854
75,1,V1-RSC,cued,V1,15,0.736787
75,1,V1-RSC,cued,V1,16,0.03676
75,1,V1-RSC,cued,V1,17,0.10991
75,1,V1-RSC,cued,V1,18,0.059709
75,1,V1-RSC,cued,V1,19,0.026632
75,1,V1-RSC,cued,V1,20,0.118297
75,1,V1-RSC,cued,V1,21,0.72476
75,1,V1-RSC,cued,V1,22,0.348124
75,1,V1-RSC,cued,V1,23,0.73972
75,1,V1-RSC,cued,V1,24,0.65106
75,1,V1-RSC,cued,V1,25,0.029225
75,1,V1-RSC,cued,V1,26,0.215575
75,1,V1-RSC,cued,V1,27,0.127465
75,1,V1-RSC,cued,V1,28,0.353124
75,1,V1-RSC,cued,V1,29,0.015722
75,1,V1-RSC,cued,V1,30,0.666282
75,1,V1-RSC,cued,V1,31,0.222505
75,1,V1-RSC,cued,V1,32,0.253243
75,1,V1-RSC,cued,V1,33,0.131639
75,1,V1-RSC,cued,V1,34,0.725188
75,1,V1-RSC,cued,V1,35,0.304969
75,1,V1-RSC,cued,V1,36,0.121106
75,1,V1-RSC,cued,V1,37,0.200392
75,1,V1-RSC,cued,V1,38,0.095027
75,1,V1-RSC,cued,V1,39,0.019723
75,1,V1-RSC,cued,V1,40,0.250449
75,1,V1-RSC,cued,V1,41,0.024302
75,1,V1-RSC,cued,V1,42,0.119772
75,1,V1-RSC,cued,V1,43,0.736135
75,1,V1-RSC,cued,V1,44,0.692606
75,1,V1-RSC,cued,V1,45,0.167791
75,1,V1-RSC,cued,V1,46,0.183635
75,1,V1-RSC,cued,V1,47,0.754066
75,1,V1-RSC,cued,V1,48,0.106319
75,1,V1-RSC,cued,V1,49,0.450037
75,1,V1-RSC,cued,V1,50,0.683692
75,1,V1-RSC,cued,V1,51,0.614381
75,1,V1-RSC,cued,V1,52,0.558305
75,1,V1-RSC,cued,V1,53,0.271661
75,1,V1-RSC,cued,V1,54,0.059901
75,1,V1-RSC,cued,V1,55,0.028909
75,1,V1-RSC,cued,V1,56,0.12646
75,1,V1-RSC,cued,RSC,0,0.011306
75,1,V1-RSC,cued,RSC,1,0.016401
75,1,V1-RSC,cued,RSC,2,0.029406
75,1,V1-RSC,cued,RSC,3,0.014303
75,1,V1-RSC,cued,RSC,4,0.045425
75,1,V1-RSC,cued,RSC,5,0.023693
75,1,V1-RSC,cued,RSC,6,0.028724
75,1,V1-RSC,cued,RSC,7,0.025034
75,1,V1-RSC,cued,RSC,8,0.348068
75,1,V1-RSC,cued,RSC,9,0.01669
75,1,V1-RSC,cued,RSC,10,0.002178
75,1,V1-RSC,cued,RSC,11,0.003395
75,1,V1-RSC,cued,RSC,12,0.026591
75,1,V1-RSC,cued,RSC,13,0.0
75,1,V1-RSC,cued,RSC,14,0.019543
75,1,V1-RSC,cued,RSC,15,0.015214
75,1,V1-RSC,cued,RSC,16,0.021452
75,1,V1-RSC,cued,RSC,17,0.034713
75,1,V1-RSC,cued,RSC,18,0.087535
75,1,V1-RSC,cued,RSC,19,0.004104
75,1,V1-RSC,cued,RSC,20,0.010036
75,1,V1-RSC,cued,RSC,21,0.012891
75,1,V1-RSC,cued,RSC,22,0.001886
75,1,V1-RSC,cued,RSC,23,0.019635
75,1,V1-RSC,cued,RSC,24,0.061802
75,1,V1-RSC,cued,RSC,25,0.012455
75,1,V1-RSC,cued,RSC,26,0.053554
75,1,V1-RSC,cued,RSC,27,0.006593
75,1,V1-RSC,cued,RSC,28,0.040449
75,1,V1-RSC,cued,RSC,29,0.008245
75,1,V1-RSC,cued,RSC,30,0.012788
75,1,V1-RSC,cued,RSC,31,0.002444
75,1,V1-RSC,cued,RSC,32,0.280416
75,1,V1-RSC,cued,RSC,33,0.003005
75,1,V1-RSC,cued,RSC,34,0.598853
75,1,V1-RSC,cued,RSC,35,0.013479
75,1,V1-RSC,cued,RSC,36,0.0
75,1,V1-RSC,cued,RSC,37,0.530316
75,1,V1-RSC,cued,RSC,38,0.612863
75,1,V1-RSC,cued,RSC,39,0.054216
75,1,V1-RSC,cued,RSC,40,0.002661
75,1,V1-RSC,cued,RSC,41,0.006075
75,1,V1-RSC,cued,RSC,42,0.009196
75,1,V1-RSC,cued,RSC,43,0.024218
75,1,V1-RSC,cued,RSC,44,0.013181
75,1,V1-RSC,cued,RSC,45,0.060484
75,1,V1-RSC,cued,RSC,46,0.013918
75,1,V1-RSC,cued,RSC,47,0.076051
75,1,V1-RSC,cued,RSC,48,0.029133
75,1,V1-RSC,cued,RSC,49,0.032258
75,1,V1-RSC,cued,RSC,50,0.002404
75,1,V1-RSC,cued,RSC,51,0.007345
75,1,V1-RSC,cued,RSC,52,0.011808
75,1,V1-RSC,cued,RSC,53,0.0031
75,1,V1-RSC,cued,RSC,54,0.003174
75,1,V1-RSC,cued,RSC,55,0.009281
75,1,V1-RSC,cued,RSC,56,0.079572
75,1,V1-RSC,cued,RSC,57,0.026147
75,1,V1-RSC,cued,RSC,58,0.158523
75,1,V1-RSC,cued,RSC,59,0.012744
75,1,V1-RSC,cued,RSC,60,0.018482
75,1,V1-RSC,cued,RSC,61,0.002986
75,1,V1-RSC,cued,RSC,62,0.348096
75,1,V1-RSC,cued,RSC,63,0.022113
75,1,V1-RSC,cued,RSC,64,0.41247
75,1,V1-RSC,cued,RSC,65,0.627355
75,1,V1-RSC,cued,RSC,66,0.014786
75,1,V1-RSC,cued,RSC,67,0.019992
75,1,V1-RSC,cued,RSC,68,0.011134
75,1,V1-RSC,cued,RSC,69,0.533073
75,1,V1-RSC,cued,RSC,70,0.053132
75,1,V1-RSC,cued,RSC,71,0.630055
75,1,V1-RSC,cued,RSC,72,0.012469
75,1,V1-RSC,cued,RSC,73,0.0
75,1,V1-RSC,cued,RSC,74,0.032766
75,1,V1-RSC,cued,RSC,75,0.046536
75,1,V1-RSC,cued,RSC,76,0.035054
75,1,V1-RSC,cued,RSC,77,0.036651
75,1,V1-RSC,cued,RSC,78,0.037811
75,1,V1-RSC,cued,RSC,79,0.037597
75,1,V1-RSC,cued,RSC,80,0.018614
75,1,V1-RSC,cued,RSC,81,0.023332
75,1,V1-RSC,cued,RSC,82,0.031467
75,1,V1-RSC,cued,RSC,83,0.025271
75,1,V1-RSC,cued,RSC,84,0.00576
75,1,V1-RSC,cued,RSC,85,0.038341
75,1,V1-RSC,cued,RSC,86,0.003079
75,1,V1-RSC,cued,RSC,87,0.029315
75,1,V1-RSC,cued,RSC,88,0.003886
75,1,V1-RSC,cued,RSC,89,0.012716
75,1,V1-RSC,cued,RSC,90,0.006376
75,1,V1-RSC,cued,RSC,91,0.022738
75,1,V1-RSC,cued,RSC,92,0.123272
75,1,V1-RSC,cued,RSC,93,0.03442
75,1,V1-RSC,cued,RSC,94,0.004082
75,1,V1-RSC,cued,RSC,95,0.183202
75,1,V1-RSC,cued,RSC,96,0.006917
75,1,V1-RSC,cued,RSC,97,0.016082
75,1,V1-RSC,cued,RSC,98,0.03287
75,1,V1-RSC,cued,RSC,99,0.045639
75,1,V1-RSC,cued,RSC,100,0.0
75,1,V1-RSC,cued,RSC,101,0.064275
75,1,V1-RSC,cued,RSC,102,0.541167
75,1,V1-RSC,cued,RSC,103,0.0
75,1,V1-RSC,cued,RSC,104,0.014803
75,1,V1-RSC,cued,RSC,105,0.01918
75,1,V1-RSC,cued,RSC,106,0.014701
75,1,V1-RSC,cued,RSC,107,0.103602
75,1,V1-RSC,cued,RSC,108,0.0
75,1,V1-RSC,cued,RSC,109,0.020253
75,1,V1-RSC,cued,RSC,110,0.031185
75,1,V1-RSC,cued,RSC,111,0.047188
75,1,V1-RSC,cued,RSC,112,0.284337
75,1,V1-RSC,cued,RSC,113,0.006554
75,1,V1-RSC,cued,RSC,114,0.00092
75,1,V1-RSC,cued,RSC,115,0.224641
75,1,V1-RSC,cued,RSC,116,0.019442
75,1,V1-RSC,cued,RSC,117,0.487123
75,1,V1-RSC,cued,RSC,118,0.040867
75,1,V1-RSC,cued,RSC,119,0.071203
75,1,V1-RSC,cued,RSC,120,0.516916
75,1,V1-RSC,cued,RSC,121,0.02057
75,1,V1-RSC,cued,RSC,122,0.030239
75,1,V1-RSC,cued,RSC,123,0.106324
75,1,V1-RSC,cued,RSC,124,0.02513
75,1,V1-RSC,cued,RSC,125,0.034237
75,1,V1-RSC,cued,RSC,126,0.022268
75,1,V1-RSC,cued,RSC,127,0.036677
75,1,V1-RSC,cued,RSC,128,0.057419
75,1,V1-RSC,cued,RSC,129,0.038826
75,1,V1-RSC,cued,RSC,130,0.017503
75,1,V1-RSC,cued,RSC,131,0.067227
75,1,V1-RSC,cued,RSC,132,0.488016
75,1,V1-RSC,cued,RSC,133,0.552026
75,1,V1-RSC,cued,RSC,134,0.006327
75,1,V1-RSC,cued,RSC,135,0.035142
75,1,V1-RSC,cued,RSC,136,0.002041
75,1,V1-RSC,cued,RSC,137,0.043637
75,1,V1-RSC,cued,RSC,138,0.084007
75,1,V1-RSC,cued,RSC,139,0.020093
75,1,V1-RSC,cued,RSC,140,0.019636
75,1,V1-RSC,cued,RSC,141,0.020284
75,1,V1-RSC,cued,RSC,142,0.019543
75,1,V1-RSC,cued,RSC,143,0.014671
75,1,V1-RSC,cued,RSC,144,0.0
75,1,V1-RSC,cued,RSC,145,0.046041
75,1,V1-RSC,cued,RSC,146,0.011061
75,1,V1-RSC,cued,RSC,147,0.013034
75,1,V1-RSC,cued,RSC,148,0.035403
75,1,V1-RSC,cued,RSC,149,0.02564
75,1,V1-RSC,cued,RSC,150,0.02871
75,1,V1-RSC,cued,RSC,151,0.025966
75,1,V1-RSC,cued,RSC,152,0.069102
75,1,V1-RSC,cued,RSC,153,0.041934
75,1,V1-RSC,cued,RSC,154,0.019698
75,1,V1-RSC,cued,RSC,155,0.001964
75,1,V1-RSC,cued,RSC,156,0.016189
75,1,V1-RSC,cued,RSC,157,0.036178
75,1,V1-RSC,cued,RSC,158,0.02889
75,1,V1-RSC,cued,RSC,159,0.033197
75,1,V1-RSC,cued,RSC,160,0.121331
75,1,V1-RSC,cued,RSC,161,0.115542
75,1,V1-RSC,cued,RSC,162,0.074368
75,1,V1-RSC,cued,RSC,163,0.036554
75,1,V1-RSC,cued,RSC,164,0.023038
75,1,V1-RSC,cued,RSC,165,0.008545
75,1,V1-RSC,cued,RSC,166,0.034792
75,1,V1-RSC,cued,RSC,167,0.164823
75,1,V1-RSC,cued,RSC,168,0.053491
75,1,V1-RSC,cued,RSC,169,0.006144
75,1,V1-RSC,cued,RSC,170,0.004785
75,1,V1-RSC,cued,RSC,171,0.030238
75,1,V1-RSC,cued,RSC,172,0.013148
75,1,V1-RSC,cued,RSC,173,0.018864
75,1,V1-RSC,cued,RSC,174,0.002077
75,1,V1-RSC,cued,RSC,175,0.564438
75,1,V1-RSC,cued,RSC,176,0.025157
75,1,V1-RSC,cued,RSC,177,0.544359
77,1,CA1-RSC,uncued,CA1,0,1.455576
77,1,CA1-RSC,uncued,CA1,1,0.902595
77,1,CA1-RSC,uncued,CA1,2,1.008797
77,1,CA1-RSC,uncued,CA1,3,1.543164
77,1,CA1-RSC,uncued,CA1,4,3.141039
77,1,CA1-RSC,uncued,CA1,5,0.95585
77,1,CA1-RSC,uncued,CA1,6,1.153027
77,1,CA1-RSC,uncued,CA1,7,1.334174
77,1,CA1-RSC,uncued,RSC,0,0.019619
77,1,CA1-RSC,uncued,RSC,1,0.03679
77,1,CA1-RSC,uncued,RSC,2,0.01321
77,1,CA1-RSC,uncued,RSC,3,0.006695
77,1,CA1-RSC,uncued,RSC,4,0.01516
77,1,CA1-RSC,uncued,RSC,5,0.021352
77,1,CA1-RSC,uncued,RSC,6,0.034172
77,1,CA1-RSC,uncued,RSC,7,0.004075
77,1,CA1-RSC,uncued,RSC,8,0.020017
77,1,CA1-RSC,uncued,RSC,9,0.203858
77,1,CA1-RSC,uncued,RSC,10,0.00938
77,1,CA1-RSC,uncued,RSC,11,0.02053
77,1,CA1-RSC,uncued,RSC,12,0.02397
77,1,CA1-RSC,uncued,RSC,13,0.016619
77,1,CA1-RSC,uncued,RSC,14,0.022948
77,1,CA1-RSC,uncued,RSC,15,0.067698
77,1,CA1-RSC,uncued,RSC,16,0.01259
77,1,CA1-RSC,uncued,RSC,17,0.017692
77,1,CA1-RSC,uncued,RSC,18,0.037769
77,1,CA1-RSC,uncued,RSC,19,0.366432
77,1,CA1-RSC,uncued,RSC,20,0.00319
77,1,CA1-RSC,uncued,RSC,21,0.009335
77,1,CA1-RSC,uncued,RSC,22,0.022442
77,1,CA1-RSC,uncued,RSC,23,0.018275
77,1,CA1-RSC,uncued,RSC,24,0.024945
77,1,CA1-RSC,uncued,RSC,25,0.016656
77,1,CA1-RSC,uncued,RSC,26,0.006853
77,1,CA1-RSC,uncued,RSC,27,0.009166
77,1,CA1-RSC,uncued,RSC,28,0.007644
77,1,CA1-RSC,uncued,RSC,29,0.107773
77,1,CA1-RSC,uncued,RSC,30,0.012026
77,1,CA1-RSC,uncued,RSC,31,0.012988
77,1,CA1-RSC,uncued,RSC,32,0.012073
77,1,CA1-RSC,uncued,RSC,33,0.045119
77,1,CA1-RSC,uncued,RSC,34,0.019764
77,1,CA1-RSC,uncued,RSC,35,0.007054
77,1,CA1-RSC,uncued,RSC,36,0.045735
77,1,CA1-RSC,uncued,RSC,37,0.053929
77,1,CA1-RSC,uncued,RSC,38,0.064573
77,1,CA1-RSC,uncued,RSC,39,0.025792
77,1,CA1-RSC,uncued,RSC,40,0.180254
77,1,CA1-RSC,uncued,RSC,41,0.100614
77,1,CA1-RSC,uncued,RSC,42,0.144004
77,1,CA1-RSC,uncued,RSC,43,0.035238
77,1,CA1-RSC,uncued,RSC,44,0.010149
77,1,CA1-RSC,uncued,RSC,45,0.023851
77,1,CA1-RSC,uncued,RSC,46,0.021518
77,1,CA1-RSC,uncued,RSC,47,0.015211
77,1,CA1-RSC,uncued,RSC,48,0.025368
77,1,CA1-RSC,uncued,RSC,49,0.036483
77,1,CA1-RSC,uncued,RSC,50,0.01744
77,1,CA1-RSC,uncued,RSC,51,0.023811
77,1,CA1-RSC,uncued,RSC,52,0.007598
77,1,CA1-RSC,uncued,RSC,53,0.049565
77,1,CA1-RSC,uncued,RSC,54,0.022026
77,1,CA1-RSC,uncued,RSC,55,0.019704
77,1,CA1-RSC,uncued,RSC,56,0.023151
77,1,CA1-RSC,uncued,RSC,57,0.015357
77,1,CA1-RSC,uncued,RSC,58,0.056434
77,1,CA1-RSC,uncued,RSC,59,0.028931
77,1,CA1-RSC,uncued,RSC,60,0.02533
77,1,CA1-RSC,uncued,RSC,61,0.016832
77,1,CA1-RSC,uncued,RSC,62,0.027173
77,1,CA1-RSC,uncued,RSC,63,0.02159
77,1,CA1-RSC,uncued,RSC,64,0.008265
77,1,CA1-RSC,uncued,RSC,65,0.022955
77,1,CA1-RSC,uncued,RSC,66,0.030905
77,1,CA1-RSC,uncued,RSC,67,0.033443
77,1,CA1-RSC,uncued,RSC,68,0.014102
77,1,CA1-RSC,uncued,RSC,69,0.044763
77,1,CA1-RSC,uncued,RSC,70,0.014299
77,1,CA1-RSC,uncued,RSC,71,0.10284
77,1,CA1-RSC,uncued,RSC,72,0.011445
77,1,CA1-RSC,uncued,RSC,73,0.044839
77,1,CA1-RSC,uncued,RSC,74,0.388662
77,1,CA1-RSC,uncued,RSC,75,0.014464
77,1,CA1-RSC,uncued,RSC,76,0.144339
77,1,CA1-RSC,uncued,RSC,77,0.018043
77,1,CA1-RSC,uncued,RSC,78,0.022059
77,1,CA1-RSC,uncued,RSC,79,0.008567
77,1,CA1-RSC,uncued,RSC,80,0.048834
77,1,CA1-RSC,uncued,RSC,81,0.0259
77,1,CA1-RSC,uncued,RSC,82,0.016456
77,1,CA1-RSC,uncued,RSC,83,0.00682
77,1,CA1-RSC,uncued,RSC,84,0.049763
77,1,CA1-RSC,uncued,RSC,85,0.011725
77,1,CA1-RSC,uncued,RSC,86,0.015291
77,1,CA1-RSC,uncued,RSC,87,0.004323
77,1,CA1-RSC,uncued,RSC,88,0.018641
77,1,CA1-RSC,uncued,RSC,89,0.004958
77,1,CA1-RSC,uncued,RSC,90,0.018932
77,1,CA1-RSC,uncued,RSC,91,0.079687
77,1,CA1-RSC,uncued,RSC,92,0.006868
77,1,CA1-RSC,uncued,RSC,93,0.01265
77,1,CA1-RSC,uncued,RSC,94,0.033512
77,1,CA1-RSC,uncued,RSC,95,0.331162
77,1,CA1-RSC,uncued,RSC,96,0.164085
77,1,CA1-RSC,uncued,RSC,97,0.005751
77,1,CA1-RSC,uncued,RSC,98,0.298561
77,1,CA1-RSC,uncued,RSC,99,0.016133
77,1,CA1-RSC,uncued,RSC,100,0.032793
77,1,CA1-RSC,uncued,RSC,101,0.01988
77,1,CA1-RSC,uncued,RSC,102,0.030731
77,1,CA1-RSC,uncued,RSC,103,0.017599
77,1,CA1-RSC,uncued,RSC,104,0.0183
77,1,CA1-RSC,uncued,RSC,105,0.029031
77,1,CA1-RSC,uncued,RSC,106,0.029138
77,1,CA1-RSC,uncued,RSC,107,0.026749
77,1,CA1-RSC,uncued,RSC,108,0.018866
77,1,CA1-RSC,uncued,RSC,109,0.014365
77,1,CA1-RSC,uncued,RSC,110,0.003046
77,1,CA1-RSC,uncued,RSC,111,0.011268
77,1,CA1-RSC,uncued,RSC,112,0.009161
77,1,CA1-RSC,uncued,RSC,113,0.012588
77,1,CA1-RSC,uncued,RSC,114,0.281381
77,1,CA1-RSC,uncued,RSC,115,0.009714
77,1,CA1-RSC,uncued,RSC,116,0.223446
77,1,CA1-RSC,uncued,RSC,117,0.388757
77,1,CA1-RSC,uncued,RSC,118,0.066841
77,1,CA1-RSC,uncued,RSC,119,0.540439
77,1,CA1-RSC,uncued,RSC,120,0.037992
77,1,CA1-RSC,uncued,RSC,121,0.04038
77,1,CA1-RSC,uncued,RSC,122,0.07547
77,1,CA1-RSC,uncued,RSC,123,0.015542
77,1,CA1-RSC,uncued,RSC,124,0.008331
77,1,CA1-RSC,uncued,RSC,125,0.021527
77,1,CA1-RSC,uncued,RSC,126,0.083758
77,1,CA1-RSC,uncued,RSC,127,0.012518
77,1,CA1-RSC,uncued,RSC,128,0.020958
77,1,CA1-RSC,uncued,RSC,129,0.0106
77,1,CA1-RSC,uncued,RSC,130,0.037947
77,1,CA1-RSC,uncued,RSC,131,0.060265
77,1,CA1-RSC,uncued,RSC,132,0.006079
77,1,CA1-RSC,uncued,RSC,133,0.091407
77,1,CA1-RSC,uncued,RSC,134,0.011662
77,1,CA1-RSC,uncued,RSC,135,0.476781
77,1,CA1-RSC,uncued,RSC,136,0.021987
77,1,CA1-RSC,uncued,RSC,137,0.046742
77,1,CA1-RSC,uncued,RSC,138,0.014391
77,1,CA1-RSC,uncued,RSC,139,0.007233
77,1,CA1-RSC,uncued,RSC,140,0.014265
77,1,CA1-RSC,uncued,RSC,141,0.03056
77,1,CA1-RSC,uncued,RSC,142,0.015258
77,1,CA1-RSC,uncued,RSC,143,0.01464
77,1,CA1-RSC,uncued,RSC,144,0.360058
77,1,CA1-RSC,uncued,RSC,145,0.487006
77,1,CA1-RSC,uncued,RSC,146,0.010652
77,1,CA1-RSC,uncued,RSC,147,0.033433
77,1,CA1-RSC,uncued,RSC,148,0.008461
77,1,CA1-RSC,uncued,RSC,149,0.353423
77,1,CA1-RSC,uncued,RSC,150,0.007058
77,1,CA1-RSC,uncued,RSC,151,0.005661
77,1,CA1-RSC,uncued,RSC,152,0.012714
77,1,CA1-RSC,uncued,RSC,153,0.009023
77,1,CA1-RSC,uncued,RSC,154,0.011697
77,1,CA1-RSC,uncued,RSC,155,0.065421
77,1,CA1-RSC,uncued,RSC,156,0.009298
77,1,CA1-RSC,uncued,RSC,157,0.061576
77,1,CA1-RSC,uncued,RSC,158,0.100665
77,1,CA1-RSC,uncued,RSC,159,0.00688
77,1,CA1-RSC,uncued,RSC,160,0.029085
77,1,CA1-RSC,uncued,RSC,161,0.014838
77,1,CA1-RSC,uncued,RSC,162,0.008442
77,1,CA1-RSC,uncued,RSC,163,0.018397
77,1,CA1-RSC,uncued,RSC,164,0.012684
77,1,CA1-RSC,uncued,RSC,165,0.203919
77,1,CA1-RSC,uncued,RSC,166,0.01613
77,1,CA1-RSC,uncued,RSC,167,0.013927
77,1,CA1-RSC,uncued,RSC,168,0.634978
77,1,CA1-RSC,uncued,RSC,169,0.150633
77,1,CA1-RSC,uncued,RSC,170,0.005081
77,1,CA1-RSC,uncued,RSC,171,0.047597
77,1,CA1-RSC,uncued,RSC,172,0.038012
77,1,CA1-RSC,uncued,RSC,173,0.524411
77,1,CA1-RSC,uncued,RSC,174,0.037046
77,1,CA1-RSC,uncued,RSC,175,0.067094
77,1,CA1-RSC,uncued,RSC,176,0.504407
77,1,CA1-RSC,uncued,RSC,177,0.048473
77,1,CA1-RSC,uncued,RSC,178,0.053367
77,1,CA1-RSC,uncued,RSC,179,0.010199
77,1,CA1-RSC,uncued,RSC,180,0.018302
77,1,CA1-RSC,uncued,RSC,181,0.029451
77,1,CA1-RSC,uncued,RSC,182,0.284327
77,1,CA1-RSC,uncued,RSC,183,0.030491
77,1,CA1-RSC,uncued,RSC,184,0.047928
77,1,CA1-RSC,uncued,RSC,185,0.015794
77,1,CA1-RSC,uncued,RSC,186,0.010826
77,1,CA1-RSC,uncued,RSC,187,0.033386
77,1,CA1-RSC,uncued,RSC,188,0.094189
77,1,CA1-RSC,uncued,RSC,189,0.013626
77,1,CA1-RSC,uncued,RSC,190,0.019749
77,1,CA1-RSC,uncued,RSC,191,0.019456
77,1,CA1-RSC,uncued,RSC,192,0.011358
77,1,CA1-RSC,uncued,RSC,193,0.01143
77,1,CA1-RSC,uncued,RSC,194,0.029366
77,1,CA1-RSC,uncued,RSC,195,0.009733
77,1,CA1-RSC,uncued,RSC,196,0.007157
77,1,CA1-RSC,uncued,RSC,197,0.010672
77,1,CA1-RSC,uncued,RSC,198,0.066533
77,1,CA1-RSC,uncued,RSC,199,0.019893
77,1,CA1-RSC,uncued,RSC,200,0.000486
77,1,CA1-RSC,uncued,RSC,201,0.036564
77,1,CA1-RSC,uncued,RSC,202,0.01595
77,1,CA1-RSC,cued,CA1,0,1.189189
77,1,CA1-RSC,cued,CA1,1,0.925168
77,1,CA1-RSC,cued,CA1,2,0.990772
77,1,CA1-RSC,cued,CA1,3,1.850816
77,1,CA1-RSC,cued,CA1,4,1.799627
77,1,CA1-RSC,cued,CA1,5,0.884107
77,1,CA1-RSC,cued,CA1,6,1.117331
77,1,CA1-RSC,cued,CA1,7,1.28906
77,1,CA1-RSC,cued,RSC,0,0.013457
77,1,CA1-RSC,cued,RSC,1,0.031456
77,1,CA1-RSC,cued,RSC,2,0.020051
77,1,CA1-RSC,cued,RSC,3,0.009314
77,1,CA1-RSC,cued,RSC,4,0.018948
77,1,CA1-RSC,cued,RSC,5,0.008188
77,1,CA1-RSC,cued,RSC,6,0.003769
77,1,CA1-RSC,cued,RSC,7,0.001322
77,1,CA1-RSC,cued,RSC,8,0.015842
77,1,CA1-RSC,cued,RSC,9,0.00635
77,1,CA1-RSC,cued,RSC,10,0.006989
77,1,CA1-RSC,cued,RSC,11,0.010846
77,1,CA1-RSC,cued,RSC,12,0.015151
77,1,CA1-RSC,cued,RSC,13,0.011475
77,1,CA1-RSC,cued,RSC,14,0.044339
77,1,CA1-RSC,cued,RSC,15,0.012471
77,1,CA1-RSC,cued,RSC,16,0.018315
77,1,CA1-RSC,cued,RSC,17,0.03905
77,1,CA1-RSC,cued,RSC,18,0.031724
77,1,CA1-RSC,cued,RSC,19,0.00897
77,1,CA1-RSC,cued,RSC,20,0.003827
77,1,CA1-RSC,cued,RSC,21,0.005799
77,1,CA1-RSC,cued,RSC,22,0.014122
77,1,CA1-RSC,cued,RSC,23,0.016892
77,1,CA1-RSC,cued,RSC,24,0.029971
77,1,CA1-RSC,cued,RSC,25,0.01564
77,1,CA1-RSC,cued,RSC,26,0.013299
77,1,CA1-RSC,cued,RSC,27,0.011397
77,1,CA1-RSC,cued,RSC,28,0.008227
77,1,CA1-RSC,cued,RSC,29,0.048297
77,1,CA1-RSC,cued,RSC,30,0.014211
77,1,CA1-RSC,cued,RSC,31,0.010253
77,1,CA1-RSC,cued,RSC,32,0.009026
77,1,CA1-RSC,cued,RSC,33,0.020385
77,1,CA1-RSC,cued,RSC,34,0.014529
77,1,CA1-RSC,cued,RSC,35,0.420346
77,1,CA1-RSC,cued,RSC,36,0.01143
77,1,CA1-RSC,cued,RSC,37,0.015849
77,1,CA1-RSC,cued,RSC,38,0.010579
77,1,CA1-RSC,cued,RSC,39,0.044912
77,1,CA1-RSC,cued,RSC,40,0.087008
77,1,CA1-RSC,cued,RSC,41,0.032297
77,1,CA1-RSC,cued,RSC,42,0.037387
77,1,CA1-RSC,cued,RSC,43,0.032816
77,1,CA1-RSC,cued,RSC,44,0.501266
77,1,CA1-RSC,cued,RSC,45,0.037922
77,1,CA1-RSC,cued,RSC,46,0.018758
77,1,CA1-RSC,cued,RSC,47,0.016804
77,1,CA1-RSC,cued,RSC,48,0.025105
77,1,CA1-RSC,cued,RSC,49,0.034624
77,1,CA1-RSC,cued,RSC,50,0.008753
77,1,CA1-RSC,cued,RSC,51,0.023549
77,1,CA1-RSC,cued,RSC,52,0.342627
77,1,CA1-RSC,cued,RSC,53,0.059378
77,1,CA1-RSC,cued,RSC,54,0.029312
77,1,CA1-RSC,cued,RSC,55,0.023659
77,1,CA1-RSC,cued,RSC,56,0.01983
77,1,CA1-RSC,cued,RSC,57,0.018878
77,1,CA1-RSC,cued,RSC,58,0.014132
77,1,CA1-RSC,cued,RSC,59,0.047511
77,1,CA1-RSC,cued,RSC,60,0.022603
77,1,CA1-RSC,cued,RSC,61,0.016931
77,1,CA1-RSC,cued,RSC,62,0.018915
77,1,CA1-RSC,cued,RSC,63,0.028762
77,1,CA1-RSC,cued,RSC,64,0.007774
77,1,CA1-RSC,cued,RSC,65,0.019373
77,1,CA1-RSC,cued,RSC,66,0.026103
77,1,CA1-RSC,cued,RSC,67,0.024982
77,1,CA1-RSC,cued,RSC,68,0.010718
77,1,CA1-RSC,cued,RSC,69,0.018919
77,1,CA1-RSC,cued,RSC,70,0.006288
77,1,CA1-RSC,cued,RSC,71,0.072479
77,1,CA1-RSC,cued,RSC,72,0.001833
77,1,CA1-RSC,cued,RSC,73,0.028306
77,1,CA1-RSC,cued,RSC,74,0.012053
77,1,CA1-RSC,cued,RSC,75,0.009335
77,1,CA1-RSC,cued,RSC,76,0.105929
77,1,CA1-RSC,cued,RSC,77,0.001183
77,1,CA1-RSC,cued,RSC,78,0.024461
77,1,CA1-RSC,cued,RSC,79,0.019432
77,1,CA1-RSC,cued,RSC,80,0.015514
77,1,CA1-RSC,cued,RSC,81,0.018555
77,1,CA1-RSC,cued,RSC,82,0.007351
77,1,CA1-RSC,cued,RSC,83,0.012545
77,1,CA1-RSC,cued,RSC,84,0.037212
77,1,CA1-RSC,cued,RSC,85,0.015518
77,1,CA1-RSC,cued,RSC,86,0.006117
77,1,CA1-RSC,cued,RSC,87,0.020581
77,1,CA1-RSC,cued,RSC,88,0.006911
77,1,CA1-RSC,cued,RSC,89,0.001749
77,1,CA1-RSC,cued,RSC,90,0.04568
77,1,CA1-RSC,cued,RSC,91,0.409725
77,1,CA1-RSC,cued,RSC,92,0.01031
77,1,CA1-RSC,cued,RSC,93,0.016857
77,1,CA1-RSC,cued,RSC,94,0.012943
77,1,CA1-RSC,cued,RSC,95,0.052504
77,1,CA1-RSC,cued,RSC,96,0.378706
77,1,CA1-RSC,cued,RSC,97,0.005051
77,1,CA1-RSC,cued,RSC,98,0.206923
77,1,CA1-RSC,cued,RSC,99,0.015075
77,1,CA1-RSC,cued,RSC,100,0.019187
77,1,CA1-RSC,cued,RSC,101,0.033999
77,1,CA1-RSC,cued,RSC,102,0.021292
77,1,CA1-RSC,cued,RSC,103,0.013572
77,1,CA1-RSC,cued,RSC,104,0.0055
77,1,CA1-RSC,cued,RSC,105,0.008143
77,1,CA1-RSC,cued,RSC,106,0.012051
77,1,CA1-RSC,cued,RSC,107,0.023051
77,1,CA1-RSC,cued,RSC,108,0.01173
77,1,CA1-RSC,cued,RSC,109,0.021703
77,1,CA1-RSC,cued,RSC,110,0.081075
77,1,CA1-RSC,cued,RSC,111,0.007069
77,1,CA1-RSC,cued,RSC,112,0.007345
77,1,CA1-RSC,cued,RSC,113,0.0126
77,1,CA1-RSC,cued,RSC,114,0.010116
77,1,CA1-RSC,cued,RSC,115,0.014985
77,1,CA1-RSC,cued,RSC,116,0.325379
77,1,CA1-RSC,cued,RSC,117,0.040941
77,1,CA1-RSC,cued,RSC,118,0.02433
77,1,CA1-RSC,cued,RSC,119,0.009184
77,1,CA1-RSC,cued,RSC,120,0.013962
77,1,CA1-RSC,cued,RSC,121,0.012854
77,1,CA1-RSC,cued,RSC,122,0.025492
77,1,CA1-RSC,cued,RSC,123,0.009235
77,1,CA1-RSC,cued,RSC,124,0.009835
77,1,CA1-RSC,cued,RSC,125,0.016087
77,1,CA1-RSC,cued,RSC,126,0.024242
77,1,CA1-RSC,cued,RSC,127,0.006547
77,1,CA1-RSC,cued,RSC,128,0.008874
77,1,CA1-RSC,cued,RSC,129,0.049039
77,1,CA1-RSC,cued,RSC,130,0.030433
77,1,CA1-RSC,cued,RSC,131,0.022954
77,1,CA1-RSC,cued,RSC,132,0.284001
77,1,CA1-RSC,cued,RSC,133,0.064321
77,1,CA1-RSC,cued,RSC,134,0.027541
77,1,CA1-RSC,cued,RSC,135,0.044239
77,1,CA1-RSC,cued,RSC,136,0.012802
77,1,CA1-RSC,cued,RSC,137,0.056027
77,1,CA1-RSC,cued,RSC,138,0.017386
77,1,CA1-RSC,cued,RSC,139,0.019455
77,1,CA1-RSC,cued,RSC,140,0.019059
77,1,CA1-RSC,cued,RSC,141,0.527941
77,1,CA1-RSC,cued,RSC,142,0.026161
77,1,CA1-RSC,cued,RSC,143,0.011825
77,1,CA1-RSC,cued,RSC,144,0.008071
77,1,CA1-RSC,cued,RSC,145,0.028551
77,1,CA1-RSC,cued,RSC,146,0.132923
77,1,CA1-RSC,cued,RSC,147,0.01701
77,1,CA1-RSC,cued,RSC,148,0.009681
77,1,CA1-RSC,cued,RSC,149,0.05434
77,1,CA1-RSC,cued,RSC,150,0.011186
77,1,CA1-RSC,cued,RSC,151,0.003682
77,1,CA1-RSC,cued,RSC,152,0.010308
77,1,CA1-RSC,cued,RSC,153,0.012016
77,1,CA1-RSC,cued,RSC,154,0.011609
77,1,CA1-RSC,cued,RSC,155,0.045466
77,1,CA1-RSC,cued,RSC,156,0.005509
77,1,CA1-RSC,cued,RSC,157,0.014704
77,1,CA1-RSC,cued,RSC,158,0.109761
77,1,CA1-RSC,cued,RSC,159,0.005669
77,1,CA1-RSC,cued,RSC,160,0.028381
77,1,CA1-RSC,cued,RSC,161,0.010373
77,1,CA1-RSC,cued,RSC,162,0.009655
77,1,CA1-RSC,cued,RSC,163,0.011722
77,1,CA1-RSC,cued,RSC,164,0.015214
77,1,CA1-RSC,cued,RSC,165,0.463653
77,1,CA1-RSC,cued,RSC,166,0.041083
77,1,CA1-RSC,cued,RSC,167,0.023729
77,1,CA1-RSC,cued,RSC,168,0.387873
77,1,CA1-RSC,cued,RSC,169,0.017449
77,1,CA1-RSC,cued,RSC,170,0.004991
77,1,CA1-RSC,cued,RSC,171,0.375754
77,1,CA1-RSC,cued,RSC,172,0.017147
77,1,CA1-RSC,cued,RSC,173,0.066423
77,1,CA1-RSC,cued,RSC,174,0.019131
77,1,CA1-RSC,cued,RSC,175,0.016391
77,1,CA1-RSC,cued,RSC,176,0.046517
77,1,CA1-RSC,cued,RSC,177,0.016572
77,1,CA1-RSC,cued,RSC,178,0.014696
77,1,CA1-RSC,cued,RSC,179,0.007378
77,1,CA1-RSC,cued,RSC,180,0.01991
77,1,CA1-RSC,cued,RSC,181,0.031994
77,1,CA1-RSC,cued,RSC,182,0.046081
77,1,CA1-RSC,cued,RSC,183,0.03329
77,1,CA1-RSC,cued,RSC,184,0.019794
77,1,CA1-RSC,cued,RSC,185,0.014565
77,1,CA1-RSC,cued,RSC,186,0.025424
77,1,CA1-RSC,cued,RSC,187,0.018124
77,1,CA1-RSC,cued,RSC,188,0.013506
77,1,CA1-RSC,cued,RSC,189,0.058553
77,1,CA1-RSC,cued,RSC,190,0.00666
77,1,CA1-RSC,cued,RSC,191,0.01781
77,1,CA1-RSC,cued,RSC,192,0.005045
77,1,CA1-RSC,cued,RSC,193,0.010887
77,1,CA1-RSC,cued,RSC,194,0.429867
77,1,CA1-RSC,cued,RSC,195,0.051788
77,1,CA1-RSC,cued,RSC,196,0.011079
77,1,CA1-RSC,cued,RSC,197,0.624288
77,1,CA1-RSC,cued,RSC,198,0.004794
77,1,CA1-RSC,cued,RSC,199,0.007799
77,1,CA1-RSC,cued,RSC,200,0.000213
77,1,CA1-RSC,cued,RSC,201,0.341278
77,1,CA1-RSC,cued,RSC,202,0.252044
77,1,CA1-DG,uncued,CA1,0,1.335438
77,1,CA1-DG,uncued,CA1,1,0.868246
77,1,CA1-DG,uncued,CA1,2,0.732188
77,1,CA1-DG,uncued,CA1,3,1.099224
77,1,CA1-DG,uncued,CA1,4,2.171444
77,1,CA1-DG,uncued,CA1,5,0.923127
77,1,CA1-DG,uncued,CA1,6,0.533947
77,1,CA1-DG,uncued,CA1,7,1.162175
77,1,CA1-DG,uncued,DG,0,1.155264
77,1,CA1-DG,uncued,DG,1,0.967799
77,1,CA1-DG,uncued,DG,2,0.882877
77,1,CA1-DG,uncued,DG,3,3.239396
77,1,CA1-DG,uncued,DG,4,2.021067
77,1,CA1-DG,cued,CA1,0,0.919417
77,1,CA1-DG,cued,CA1,1,0.92014
77,1,CA1-DG,cued,CA1,2,0.892737
77,1,CA1-DG,cued,CA1,3,1.489434
77,1,CA1-DG,cued,CA1,4,1.10842
77,1,CA1-DG,cued,CA1,5,0.747592
77,1,CA1-DG,cued,CA1,6,0.659215
77,1,CA1-DG,cued,CA1,7,0.96067
77,1,CA1-DG,cued,DG,0,0.995457
77,1,CA1-DG,cued,DG,1,0.926253
77,1,CA1-DG,cued,DG,2,1.11013
77,1,CA1-DG,cued,DG,3,0.962604
77,1,CA1-DG,cued,DG,4,7.40729
77,1,CA1-V1,uncued,CA1,0,1.468122
77,1,CA1-V1,uncued,CA1,1,0.909186
77,1,CA1-V1,uncued,CA1,2,1.017287
77,1,CA1-V1,uncued,CA1,3,1.560429
77,1,CA1-V1,uncued,CA1,4,3.414667
77,1,CA1-V1,uncued,CA1,5,0.962919
77,1,CA1-V1,uncued,CA1,6,1.16581
77,1,CA1-V1,uncued,CA1,7,1.345242
77,1,CA1-V1,uncued,V1,0,2.125793
77,1,CA1-V1,uncued,V1,1,1.053802
77,1,CA1-V1,uncued,V1,2,0.847276
77,1,CA1-V1,uncued,V1,3,1.592179
77,1,CA1-V1,uncued,V1,4,1.691593
77,1,CA1-V1,uncued,V1,5,2.148288
77,1,CA1-V1,uncued,V1,6,0.882518
77,1,CA1-V1,uncued,V1,7,0.697082
77,1,CA1-V1,uncued,V1,8,0.803667
77,1,CA1-V1,uncued,V1,9,6.094428
77,1,CA1-V1,uncued,V1,10,0.332235
77,1,CA1-V1,uncued,V1,11,0.874321
77,1,CA1-V1,cued,CA1,0,1.196978
77,1,CA1-V1,cued,CA1,1,0.933228
77,1,CA1-V1,cued,CA1,2,1.001969
77,1,CA1-V1,cued,CA1,3,1.877875
77,1,CA1-V1,cued,CA1,4,1.84666
77,1,CA1-V1,cued,CA1,5,0.892986
77,1,CA1-V1,cued,CA1,6,1.125486
77,1,CA1-V1,cued,CA1,7,1.300573
77,1,CA1-V1,cued,V1,0,0.684214
77,1,CA1-V1,cued,V1,1,0.89723
77,1,CA1-V1,cued,V1,2,0.744296
77,1,CA1-V1,cued,V1,3,1.767947
77,1,CA1-V1,cued,V1,4,0.90027
77,1,CA1-V1,cued,V1,5,0.84437
77,1,CA1-V1,cued,V1,6,0.851974
77,1,CA1-V1,cued,V1,7,0.767243
77,1,CA1-V1,cued,V1,8,0.49219
77,1,CA1-V1,cued,V1,9,0.609651
77,1,CA1-V1,cued,V1,10,0.546601
77,1,CA1-V1,cued,V1,11,1.06897
77,1,CA1-SUB,uncued,CA1,0,1.337883
77,1,CA1-SUB,uncued,CA1,1,0.809516
77,1,CA1-SUB,uncued,CA1,2,0.991331
77,1,CA1-SUB,uncued,CA1,3,1.480448
77,1,CA1-SUB,uncued,CA1,4,2.098361
77,1,CA1-SUB,uncued,CA1,5,0.787082
77,1,CA1-SUB,uncued,CA1,6,0.910684
77,1,CA1-SUB,uncued,CA1,7,1.250036
77,1,CA1-SUB,uncued,SUB,0,0.751929
77,1,CA1-SUB,uncued,SUB,1,0.902771
77,1,CA1-SUB,uncued,SUB,2,3.062387
77,1,CA1-SUB,uncued,SUB,3,0.575606
77,1,CA1-SUB,uncued,SUB,4,1.098966
77,1,CA1-SUB,uncued,SUB,5,0.954149
77,1,CA1-SUB,cued,CA1,0,1.196953
77,1,CA1-SUB,cued,CA1,1,0.574384
77,1,CA1-SUB,cued,CA1,2,0.966417
77,1,CA1-SUB,cued,CA1,3,1.559652
77,1,CA1-SUB,cued,CA1,4,1.834732
77,1,CA1-SUB,cued,CA1,5,0.887082
77,1,CA1-SUB,cued,CA1,6,0.963578
77,1,CA1-SUB,cued,CA1,7,0.694298
77,1,CA1-SUB,cued,SUB,0,1.15512
77,1,CA1-SUB,cued,SUB,1,0.919077
77,1,CA1-SUB,cued,SUB,2,3.143749
77,1,CA1-SUB,cued,SUB,3,1.170761
77,1,CA1-SUB,cued,SUB,4,0.627106
77,1,CA1-SUB,cued,SUB,5,0.796943
77,1,RSC-SUB,uncued,RSC,0,0.020842
77,1,RSC-SUB,uncued,RSC,1,0.027584
77,1,RSC-SUB,uncued,RSC,2,0.013744
77,1,RSC-SUB,uncued,RSC,3,0.00642
77,1,RSC-SUB,uncued,RSC,4,0.018075
77,1,RSC-SUB,uncued,RSC,5,0.014883
77,1,RSC-SUB,uncued,RSC,6,0.037417
77,1,RSC-SUB,uncued,RSC,7,0.003522
77,1,RSC-SUB,uncued,RSC,8,0.012814
77,1,RSC-SUB,uncued,RSC,9,0.137123
77,1,RSC-SUB,uncued,RSC,10,0.005923
77,1,RSC-SUB,uncued,RSC,11,0.017988
77,1,RSC-SUB,uncued,RSC,12,0.020473
77,1,RSC-SUB,uncued,RSC,13,0.00825
77,1,RSC-SUB,uncued,RSC,14,0.019251
77,1,RSC-SUB,uncued,RSC,15,0.068661
77,1,RSC-SUB,uncued,RSC,16,0.009665
77,1,RSC-SUB,uncued,RSC,17,0.016685
77,1,RSC-SUB,uncued,RSC,18,0.032644
77,1,RSC-SUB,uncued,RSC,19,0.271339
77,1,RSC-SUB,uncued,RSC,20,0.002519
77,1,RSC-SUB,uncued,RSC,21,0.007883
77,1,RSC-SUB,uncued,RSC,22,0.017093
77,1,RSC-SUB,uncued,RSC,23,0.009789
77,1,RSC-SUB,uncued,RSC,24,0.026738
77,1,RSC-SUB,uncued,RSC,25,0.01951
77,1,RSC-SUB,uncued,RSC,26,0.006458
77,1,RSC-SUB,uncued,RSC,27,0.010363
77,1,RSC-SUB,uncued,RSC,28,0.0065
77,1,RSC-SUB,uncued,RSC,29,0.091932
77,1,RSC-SUB,uncued,RSC,30,0.01806
77,1,RSC-SUB,uncued,RSC,31,0.013096
77,1,RSC-SUB,uncued,RSC,32,0.010038
77,1,RSC-SUB,uncued,RSC,33,0.032271
77,1,RSC-SUB,uncued,RSC,34,0.01215
77,1,RSC-SUB,uncued,RSC,35,0.005906
77,1,RSC-SUB,uncued,RSC,36,0.042243
77,1,RSC-SUB,uncued,RSC,37,0.036931
77,1,RSC-SUB,uncued,RSC,38,0.054487
77,1,RSC-SUB,uncued,RSC,39,0.016713
77,1,RSC-SUB,uncued,RSC,40,0.146741
77,1,RSC-SUB,uncued,RSC,41,0.063287
77,1,RSC-SUB,uncued,RSC,42,0.126313
77,1,RSC-SUB,uncued,RSC,43,0.018845
77,1,RSC-SUB,uncued,RSC,44,0.007407
77,1,RSC-SUB,uncued,RSC,45,0.024845
77,1,RSC-SUB,uncued,RSC,46,0.024917
77,1,RSC-SUB,uncued,RSC,47,0.014029
77,1,RSC-SUB,uncued,RSC,48,0.027529
77,1,RSC-SUB,uncued,RSC,49,0.028665
77,1,RSC-SUB,uncued,RSC,50,0.014653
77,1,RSC-SUB,uncued,RSC,51,0.017161
77,1,RSC-SUB,uncued,RSC,52,0.007835
77,1,RSC-SUB,uncued,RSC,53,0.04198
77,1,RSC-SUB,uncued,RSC,54,0.01907
77,1,RSC-SUB,uncued,RSC,55,0.030475
77,1,RSC-SUB,uncued,RSC,56,0.020644
77,1,RSC-SUB,uncued,RSC,57,0.015037
77,1,RSC-SUB,uncued,RSC,58,0.038135
77,1,RSC-SUB,uncued,RSC,59,0.023731
77,1,RSC-SUB,uncued,RSC,60,0.016029
77,1,RSC-SUB,uncued,RSC,61,0.013691
77,1,RSC-SUB,uncued,RSC,62,0.026271
77,1,RSC-SUB,uncued,RSC,63,0.018914
77,1,RSC-SUB,uncued,RSC,64,0.007743
77,1,RSC-SUB,uncued,RSC,65,0.016258
77,1,RSC-SUB,uncued,RSC,66,0.019304
77,1,RSC-SUB,uncued,RSC,67,0.03575
77,1,RSC-SUB,uncued,RSC,68,0.012902
77,1,RSC-SUB,uncued,RSC,69,0.044011
77,1,RSC-SUB,uncued,RSC,70,0.010467
77,1,RSC-SUB,uncued,RSC,71,0.094883
77,1,RSC-SUB,uncued,RSC,72,0.009972
77,1,RSC-SUB,uncued,RSC,73,0.040107
77,1,RSC-SUB,uncued,RSC,74,0.372753
77,1,RSC-SUB,uncued,RSC,75,0.01144
77,1,RSC-SUB,uncued,RSC,76,0.161944
77,1,RSC-SUB,uncued,RSC,77,0.015569
77,1,RSC-SUB,uncued,RSC,78,0.016975
77,1,RSC-SUB,uncued,RSC,79,0.007322
77,1,RSC-SUB,uncued,RSC,80,0.038857
77,1,RSC-SUB,uncued,RSC,81,0.019778
77,1,RSC-SUB,uncued,RSC,82,0.021318
77,1,RSC-SUB,uncued,RSC,83,0.005574
77,1,RSC-SUB,uncued,RSC,84,0.034571
77,1,RSC-SUB,uncued,RSC,85,0.008948
77,1,RSC-SUB,uncued,RSC,86,0.012195
77,1,RSC-SUB,uncued,RSC,87,0.00405
77,1,RSC-SUB,uncued,RSC,88,0.011631
77,1,RSC-SUB,uncued,RSC,89,0.003494
77,1,RSC-SUB,uncued,RSC,90,0.015276
77,1,RSC-SUB,uncued,RSC,91,0.050671
77,1,RSC-SUB,uncued,RSC,92,0.008438
77,1,RSC-SUB,uncued,RSC,93,0.010631
77,1,RSC-SUB,uncued,RSC,94,0.025534
77,1,RSC-SUB,uncued,RSC,95,0.189758
77,1,RSC-SUB,uncued,RSC,96,0.069888
77,1,RSC-SUB,uncued,RSC,97,0.004334
77,1,RSC-SUB,uncued,RSC,98,0.405943
77,1,RSC-SUB,uncued,RSC,99,0.006231
77,1,RSC-SUB,uncued,RSC,100,0.023588
77,1,RSC-SUB,uncued,RSC,101,0.018968
77,1,RSC-SUB,uncued,RSC,102,0.017168
77,1,RSC-SUB,uncued,RSC,103,0.0138
77,1,RSC-SUB,uncued,RSC,104,0.021055
77,1,RSC-SUB,uncued,RSC,105,0.0178
77,1,RSC-SUB,uncued,RSC,106,0.0234
77,1,RSC-SUB,uncued,RSC,107,0.01127
77,1,RSC-SUB,uncued,RSC,108,0.017833
77,1,RSC-SUB,uncued,RSC,109,0.008586
77,1,RSC-SUB,uncued,RSC,110,0.002405
77,1,RSC-SUB,uncued,RSC,111,0.007737
77,1,RSC-SUB,uncued,RSC,112,0.007109
77,1,RSC-SUB,uncued,RSC,113,0.011009
77,1,RSC-SUB,uncued,RSC,114,0.214306
77,1,RSC-SUB,uncued,RSC,115,0.011168
77,1,RSC-SUB,uncued,RSC,116,0.12275
77,1,RSC-SUB,uncued,RSC,117,0.531974
77,1,RSC-SUB,uncued,RSC,118,0.061064
77,1,RSC-SUB,uncued,RSC,119,0.484304
77,1,RSC-SUB,uncued,RSC,120,0.03207
77,1,RSC-SUB,uncued,RSC,121,0.0339
77,1,RSC-SUB,uncued,RSC,122,0.049453
77,1,RSC-SUB,uncued,RSC,123,0.023252
77,1,RSC-SUB,uncued,RSC,124,0.007883
77,1,RSC-SUB,uncued,RSC,125,0.018353
77,1,RSC-SUB,uncued,RSC,126,0.060194
77,1,RSC-SUB,uncued,RSC,127,0.01409
77,1,RSC-SUB,uncued,RSC,128,0.014107
77,1,RSC-SUB,uncued,RSC,129,0.008451
77,1,RSC-SUB,uncued,RSC,130,0.023
77,1,RSC-SUB,uncued,RSC,131,0.06495
77,1,RSC-SUB,uncued,RSC,132,0.004956
77,1,RSC-SUB,uncued,RSC,133,0.085973
77,1,RSC-SUB,uncued,RSC,134,0.014941
77,1,RSC-SUB,uncued,RSC,135,0.287083
77,1,RSC-SUB,uncued,RSC,136,0.018039
77,1,RSC-SUB,uncued,RSC,137,0.037753
77,1,RSC-SUB,uncued,RSC,138,0.014153
77,1,RSC-SUB,uncued,RSC,139,0.005106
77,1,RSC-SUB,uncued,RSC,140,0.02141
77,1,RSC-SUB,uncued,RSC,141,0.016231
77,1,RSC-SUB,uncued,RSC,142,0.012016
77,1,RSC-SUB,uncued,RSC,143,0.020088
77,1,RSC-SUB,uncued,RSC,144,0.39756
77,1,RSC-SUB,uncued,RSC,145,0.42442
77,1,RSC-SUB,uncued,RSC,146,0.008953
77,1,RSC-SUB,uncued,RSC,147,0.01791
77,1,RSC-SUB,uncued,RSC,148,0.007586
77,1,RSC-SUB,uncued,RSC,149,0.257941
77,1,RSC-SUB,uncued,RSC,150,0.005649
77,1,RSC-SUB,uncued,RSC,151,0.005356
77,1,RSC-SUB,uncued,RSC,152,0.015395
77,1,RSC-SUB,uncued,RSC,153,0.00642
77,1,RSC-SUB,uncued,RSC,154,0.009649
77,1,RSC-SUB,uncued,RSC,155,0.047832
77,1,RSC-SUB,uncued,RSC,156,0.006158
77,1,RSC-SUB,uncued,RSC,157,0.052397
77,1,RSC-SUB,uncued,RSC,158,0.099915
77,1,RSC-SUB,uncued,RSC,159,0.005941
77,1,RSC-SUB,uncued,RSC,160,0.023537
77,1,RSC-SUB,uncued,RSC,161,0.011918
77,1,RSC-SUB,uncued,RSC,162,0.006208
77,1,RSC-SUB,uncued,RSC,163,0.026562
77,1,RSC-SUB,uncued,RSC,164,0.010894
77,1,RSC-SUB,uncued,RSC,165,0.225208
77,1,RSC-SUB,uncued,RSC,166,0.006725
77,1,RSC-SUB,uncued,RSC,167,0.012445
77,1,RSC-SUB,uncued,RSC,168,0.302343
77,1,RSC-SUB,uncued,RSC,169,0.143219
77,1,RSC-SUB,uncued,RSC,170,0.004538
77,1,RSC-SUB,uncued,RSC,171,0.045501
77,1,RSC-SUB,uncued,RSC,172,0.030454
77,1,RSC-SUB,uncued,RSC,173,0.433896
77,1,RSC-SUB,uncued,RSC,174,0.027984
77,1,RSC-SUB,uncued,RSC,175,0.054957
77,1,RSC-SUB,uncued,RSC,176,0.519205
77,1,RSC-SUB,uncued,RSC,177,0.025099
77,1,RSC-SUB,uncued,RSC,178,0.034139
77,1,RSC-SUB,uncued,RSC,179,0.011761
77,1,RSC-SUB,uncued,RSC,180,0.008848
77,1,RSC-SUB,uncued,RSC,181,0.025192
77,1,RSC-SUB,uncued,RSC,182,0.247
77,1,RSC-SUB,uncued,RSC,183,0.023775
77,1,RSC-SUB,uncued,RSC,184,0.043996
77,1,RSC-SUB,uncued,RSC,185,0.012931
77,1,RSC-SUB,uncued,RSC,186,0.009357
77,1,RSC-SUB,uncued,RSC,187,0.03164
77,1,RSC-SUB,uncued,RSC,188,0.086653
77,1,RSC-SUB,uncued,RSC,189,0.009456
77,1,RSC-SUB,uncued,RSC,190,0.016457
77,1,RSC-SUB,uncued,RSC,191,0.016102
77,1,RSC-SUB,uncued,RSC,192,0.008886
77,1,RSC-SUB,uncued,RSC,193,0.008494
77,1,RSC-SUB,uncued,RSC,194,0.016186
77,1,RSC-SUB,uncued,RSC,195,0.006058
77,1,RSC-SUB,uncued,RSC,196,0.004692
77,1,RSC-SUB,uncued,RSC,197,0.011697
77,1,RSC-SUB,uncued,RSC,198,0.05948
77,1,RSC-SUB,uncued,RSC,199,0.017107
77,1,RSC-SUB,uncued,RSC,200,0.000384
77,1,RSC-SUB,uncued,RSC,201,0.040744
77,1,RSC-SUB,uncued,RSC,202,0.014649
77,1,RSC-SUB,uncued,SUB,0,0.7421
77,1,RSC-SUB,uncued,SUB,1,0.894586
77,1,RSC-SUB,uncued,SUB,2,3.007464
77,1,RSC-SUB,uncued,SUB,3,0.571646
77,1,RSC-SUB,uncued,SUB,4,1.083341
77,1,RSC-SUB,uncued,SUB,5,0.942414
77,1,RSC-SUB,cued,RSC,0,0.012743
77,1,RSC-SUB,cued,RSC,1,0.021149
77,1,RSC-SUB,cued,RSC,2,0.010409
77,1,RSC-SUB,cued,RSC,3,0.007565
77,1,RSC-SUB,cued,RSC,4,0.010013
77,1,RSC-SUB,cued,RSC,5,0.007565
77,1,RSC-SUB,cued,RSC,6,0.002983
77,1,RSC-SUB,cued,RSC,7,0.000737
77,1,RSC-SUB,cued,RSC,8,0.013601
77,1,RSC-SUB,cued,RSC,9,0.003674
77,1,RSC-SUB,cued,RSC,10,0.008956
77,1,RSC-SUB,cued,RSC,11,0.011022
77,1,RSC-SUB,cued,RSC,12,0.013188
77,1,RSC-SUB,cued,RSC,13,0.012213
77,1,RSC-SUB,cued,RSC,14,0.026503
77,1,RSC-SUB,cued,RSC,15,0.009078
77,1,RSC-SUB,cued,RSC,16,0.011886
77,1,RSC-SUB,cued,RSC,17,0.026233
77,1,RSC-SUB,cued,RSC,18,0.025192
77,1,RSC-SUB,cued,RSC,19,0.015751
77,1,RSC-SUB,cued,RSC,20,0.002912
77,1,RSC-SUB,cued,RSC,21,0.005159
77,1,RSC-SUB,cued,RSC,22,0.013132
77,1,RSC-SUB,cued,RSC,23,0.012886
77,1,RSC-SUB,cued,RSC,24,0.02365
77,1,RSC-SUB,cued,RSC,25,0.019174
77,1,RSC-SUB,cued,RSC,26,0.007556
77,1,RSC-SUB,cued,RSC,27,0.011096
77,1,RSC-SUB,cued,RSC,28,0.009354
77,1,RSC-SUB,cued,RSC,29,0.039964
77,1,RSC-SUB,cued,RSC,30,0.010826
77,1,RSC-SUB,cued,RSC,31,0.00873
77,1,RSC-SUB,cued,RSC,32,0.006492
77,1,RSC-SUB,cued,RSC,33,0.016618
77,1,RSC-SUB,cued,RSC,34,0.009252
77,1,RSC-SUB,cued,RSC,35,0.355056
77,1,RSC-SUB,cued,RSC,36,0.005399
77,1,RSC-SUB,cued,RSC,37,0.01306
77,1,RSC-SUB,cued,RSC,38,0.010735
77,1,RSC-SUB,cued,RSC,39,0.033006
77,1,RSC-SUB,cued,RSC,40,0.06507
77,1,RSC-SUB,cued,RSC,41,0.033688
77,1,RSC-SUB,cued,RSC,42,0.020309
77,1,RSC-SUB,cued,RSC,43,0.019635
77,1,RSC-SUB,cued,RSC,44,0.493437
77,1,RSC-SUB,cued,RSC,45,0.0205
77,1,RSC-SUB,cued,RSC,46,0.019316
77,1,RSC-SUB,cued,RSC,47,0.009914
77,1,RSC-SUB,cued,RSC,48,0.017385
77,1,RSC-SUB,cued,RSC,49,0.020298
77,1,RSC-SUB,cued,RSC,50,0.005667
77,1,RSC-SUB,cued,RSC,51,0.010434
77,1,RSC-SUB,cued,RSC,52,0.375509
77,1,RSC-SUB,cued,RSC,53,0.023664
77,1,RSC-SUB,cued,RSC,54,0.031311
77,1,RSC-SUB,cued,RSC,55,0.01454
77,1,RSC-SUB,cued,RSC,56,0.019578
77,1,RSC-SUB,cued,RSC,57,0.017996
77,1,RSC-SUB,cued,RSC,58,0.013157
77,1,RSC-SUB,cued,RSC,59,0.024999
77,1,RSC-SUB,cued,RSC,60,0.017749
77,1,RSC-SUB,cued,RSC,61,0.016265
77,1,RSC-SUB,cued,RSC,62,0.008467
77,1,RSC-SUB,cued,RSC,63,0.018181
77,1,RSC-SUB,cued,RSC,64,0.003735
77,1,RSC-SUB,cued,RSC,65,0.007914
77,1,RSC-SUB,cued,RSC,66,0.022642
77,1,RSC-SUB,cued,RSC,67,0.018695
77,1,RSC-SUB,cued,RSC,68,0.009426
77,1,RSC-SUB,cued,RSC,69,0.013201
77,1,RSC-SUB,cued,RSC,70,0.003172
77,1,RSC-SUB,cued,RSC,71,0.047029
77,1,RSC-SUB,cued,RSC,72,0.000993
77,1,RSC-SUB,cued,RSC,73,0.020503
77,1,RSC-SUB,cued,RSC,74,0.007111
77,1,RSC-SUB,cued,RSC,75,0.00442
77,1,RSC-SUB,cued,RSC,76,0.057392
77,1,RSC-SUB,cued,RSC,77,0.000963
77,1,RSC-SUB,cued,RSC,78,0.015874
77,1,RSC-SUB,cued,RSC,79,0.011297
77,1,RSC-SUB,cued,RSC,80,0.020073
77,1,RSC-SUB,cued,RSC,81,0.011029
77,1,RSC-SUB,cued,RSC,82,0.005596
77,1,RSC-SUB,cued,RSC,83,0.011014
77,1,RSC-SUB,cued,RSC,84,0.022746
77,1,RSC-SUB,cued,RSC,85,0.014596
77,1,RSC-SUB,cued,RSC,86,0.005937
77,1,RSC-SUB,cued,RSC,87,0.019565
77,1,RSC-SUB,cued,RSC,88,0.006726
77,1,RSC-SUB,cued,RSC,89,0.002347
77,1,RSC-SUB,cued,RSC,90,0.040738
77,1,RSC-SUB,cued,RSC,91,0.101705
77,1,RSC-SUB,cued,RSC,92,0.00841
77,1,RSC-SUB,cued,RSC,93,0.017951
77,1,RSC-SUB,cued,RSC,94,0.005932
77,1,RSC-SUB,cued,RSC,95,0.049778
77,1,RSC-SUB,cued,RSC,96,0.197072
77,1,RSC-SUB,cued,RSC,97,0.003317
77,1,RSC-SUB,cued,RSC,98,0.297002
77,1,RSC-SUB,cued,RSC,99,0.007294
77,1,RSC-SUB,cued,RSC,100,0.009512
77,1,RSC-SUB,cued,RSC,101,0.023799
77,1,RSC-SUB,cued,RSC,102,0.012381
77,1,RSC-SUB,cued,RSC,103,0.015727
77,1,RSC-SUB,cued,RSC,104,0.002731
77,1,RSC-SUB,cued,RSC,105,0.007038
77,1,RSC-SUB,cued,RSC,106,0.005541
77,1,RSC-SUB,cued,RSC,107,0.011533
77,1,RSC-SUB,cued,RSC,108,0.011879
77,1,RSC-SUB,cued,RSC,109,0.021898
77,1,RSC-SUB,cued,RSC,110,0.050995
77,1,RSC-SUB,cued,RSC,111,0.009493
77,1,RSC-SUB,cued,RSC,112,0.004483
77,1,RSC-SUB,cued,RSC,113,0.007775
77,1,RSC-SUB,cued,RSC,114,0.009863
77,1,RSC-SUB,cued,RSC,115,0.011636
77,1,RSC-SUB,cued,RSC,116,0.316869
77,1,RSC-SUB,cued,RSC,117,0.019787
77,1,RSC-SUB,cued,RSC,118,0.017369
77,1,RSC-SUB,cued,RSC,119,0.010616
77,1,RSC-SUB,cued,RSC,120,0.00466
77,1,RSC-SUB,cued,RSC,121,0.012118
77,1,RSC-SUB,cued,RSC,122,0.015278
77,1,RSC-SUB,cued,RSC,123,0.00645
77,1,RSC-SUB,cued,RSC,124,0.005003
77,1,RSC-SUB,cued,RSC,125,0.005802
77,1,RSC-SUB,cued,RSC,126,0.026696
77,1,RSC-SUB,cued,RSC,127,0.00505
77,1,RSC-SUB,cued,RSC,128,0.003708
77,1,RSC-SUB,cued,RSC,129,0.033243
77,1,RSC-SUB,cued,RSC,130,0.027016
77,1,RSC-SUB,cued,RSC,131,0.016576
77,1,RSC-SUB,cued,RSC,132,0.142745
77,1,RSC-SUB,cued,RSC,133,0.072458
77,1,RSC-SUB,cued,RSC,134,0.023118
77,1,RSC-SUB,cued,RSC,135,0.027978
77,1,RSC-SUB,cued,RSC,136,0.008545
77,1,RSC-SUB,cued,RSC,137,0.038738
77,1,RSC-SUB,cued,RSC,138,0.008607
77,1,RSC-SUB,cued,RSC,139,0.01382
77,1,RSC-SUB,cued,RSC,140,0.014461
77,1,RSC-SUB,cued,RSC,141,0.591387
77,1,RSC-SUB,cued,RSC,142,0.015411
77,1,RSC-SUB,cued,RSC,143,0.010149
77,1,RSC-SUB,cued,RSC,144,0.005943
77,1,RSC-SUB,cued,RSC,145,0.021852
77,1,RSC-SUB,cued,RSC,146,0.098002
77,1,RSC-SUB,cued,RSC,147,0.01023
77,1,RSC-SUB,cued,RSC,148,0.010977
77,1,RSC-SUB,cued,RSC,149,0.031364
77,1,RSC-SUB,cued,RSC,150,0.013615
77,1,RSC-SUB,cued,RSC,151,0.00282
77,1,RSC-SUB,cued,RSC,152,0.00912
77,1,RSC-SUB,cued,RSC,153,0.013745
77,1,RSC-SUB,cued,RSC,154,0.009545
77,1,RSC-SUB,cued,RSC,155,0.035693
77,1,RSC-SUB,cued,RSC,156,0.003183
77,1,RSC-SUB,cued,RSC,157,0.012729
77,1,RSC-SUB,cued,RSC,158,0.05829
77,1,RSC-SUB,cued,RSC,159,0.004834
77,1,RSC-SUB,cued,RSC,160,0.021031
77,1,RSC-SUB,cued,RSC,161,0.006719
77,1,RSC-SUB,cued,RSC,162,0.005206
77,1,RSC-SUB,cued,RSC,163,0.009442
77,1,RSC-SUB,cued,RSC,164,0.010196
77,1,RSC-SUB,cued,RSC,165,0.299859
77,1,RSC-SUB,cued,RSC,166,0.033145
77,1,RSC-SUB,cued,RSC,167,0.014187
77,1,RSC-SUB,cued,RSC,168,0.271955
77,1,RSC-SUB,cued,RSC,169,0.012106
77,1,RSC-SUB,cued,RSC,170,0.007389
77,1,RSC-SUB,cued,RSC,171,0.289849
77,1,RSC-SUB,cued,RSC,172,0.013879
77,1,RSC-SUB,cued,RSC,173,0.042294
77,1,RSC-SUB,cued,RSC,174,0.021108
77,1,RSC-SUB,cued,RSC,175,0.013818
77,1,RSC-SUB,cued,RSC,176,0.057702
77,1,RSC-SUB,cued,RSC,177,0.016078
77,1,RSC-SUB,cued,RSC,178,0.012978
77,1,RSC-SUB,cued,RSC,179,0.006991
77,1,RSC-SUB,cued,RSC,180,0.015617
77,1,RSC-SUB,cued,RSC,181,0.029524
77,1,RSC-SUB,cued,RSC,182,0.045935
77,1,RSC-SUB,cued,RSC,183,0.02767
77,1,RSC-SUB,cued,RSC,184,0.015031
77,1,RSC-SUB,cued,RSC,185,0.007611
77,1,RSC-SUB,cued,RSC,186,0.015825
77,1,RSC-SUB,cued,RSC,187,0.014604
77,1,RSC-SUB,cued,RSC,188,0.009352
77,1,RSC-SUB,cued,RSC,189,0.053539
77,1,RSC-SUB,cued,RSC,190,0.013961
77,1,RSC-SUB,cued,RSC,191,0.016525
77,1,RSC-SUB,cued,RSC,192,0.003513
77,1,RSC-SUB,cued,RSC,193,0.010078
77,1,RSC-SUB,cued,RSC,194,0.36461
77,1,RSC-SUB,cued,RSC,195,0.036735
77,1,RSC-SUB,cued,RSC,196,0.007636
77,1,RSC-SUB,cued,RSC,197,0.390138
77,1,RSC-SUB,cued,RSC,198,0.005963
77,1,RSC-SUB,cued,RSC,199,0.008496
77,1,RSC-SUB,cued,RSC,200,0.000119
77,1,RSC-SUB,cued,RSC,201,0.410403
77,1,RSC-SUB,cued,RSC,202,0.086006
77,1,RSC-SUB,cued,SUB,0,1.142772
77,1,RSC-SUB,cued,SUB,1,0.909262
77,1,RSC-SUB,cued,SUB,2,3.0605
77,1,RSC-SUB,cued,SUB,3,1.159799
77,1,RSC-SUB,cued,SUB,4,0.625387
77,1,RSC-SUB,cued,SUB,5,0.785447
77,1,V1-RSC,uncued,V1,0,2.474369
77,1,V1-RSC,uncued,V1,1,1.029185
77,1,V1-RSC,uncued,V1,2,0.920965
77,1,V1-RSC,uncued,V1,3,4.930523
77,1,V1-RSC,uncued,V1,4,1.757838
77,1,V1-RSC,uncued,V1,5,4.504745
77,1,V1-RSC,uncued,V1,6,0.987949
77,1,V1-RSC,uncued,V1,7,0.907278
77,1,V1-RSC,uncued,V1,8,0.865564
77,1,V1-RSC,uncued,V1,9,6.023571
77,1,V1-RSC,uncued,V1,10,0.404542
77,1,V1-RSC,uncued,V1,11,1.136042
77,1,V1-RSC,uncued,RSC,0,0.026947
77,1,V1-RSC,uncued,RSC,1,0.04388
77,1,V1-RSC,uncued,RSC,2,0.017238
77,1,V1-RSC,uncued,RSC,3,0.007789
77,1,V1-RSC,uncued,RSC,4,0.022743
77,1,V1-RSC,uncued,RSC,5,0.024234
77,1,V1-RSC,uncued,RSC,6,0.057861
77,1,V1-RSC,uncued,RSC,7,0.004874
77,1,V1-RSC,uncued,RSC,8,0.026928
77,1,V1-RSC,uncued,RSC,9,0.230163
77,1,V1-RSC,uncued,RSC,10,0.010401
77,1,V1-RSC,uncued,RSC,11,0.029098
77,1,V1-RSC,uncued,RSC,12,0.024876
77,1,V1-RSC,uncued,RSC,13,0.015418
77,1,V1-RSC,uncued,RSC,14,0.024188
77,1,V1-RSC,uncued,RSC,15,0.097748
77,1,V1-RSC,uncued,RSC,16,0.014317
77,1,V1-RSC,uncued,RSC,17,0.021686
77,1,V1-RSC,uncued,RSC,18,0.036544
77,1,V1-RSC,uncued,RSC,19,0.446406
77,1,V1-RSC,uncued,RSC,20,0.003474
77,1,V1-RSC,uncued,RSC,21,0.012436
77,1,V1-RSC,uncued,RSC,22,0.026986
77,1,V1-RSC,uncued,RSC,23,0.021104
77,1,V1-RSC,uncued,RSC,24,0.032377
77,1,V1-RSC,uncued,RSC,25,0.022359
77,1,V1-RSC,uncued,RSC,26,0.007265
77,1,V1-RSC,uncued,RSC,27,0.012453
77,1,V1-RSC,uncued,RSC,28,0.009207
77,1,V1-RSC,uncued,RSC,29,0.138714
77,1,V1-RSC,uncued,RSC,30,0.024701
77,1,V1-RSC,uncued,RSC,31,0.017422
77,1,V1-RSC,uncued,RSC,32,0.015528
77,1,V1-RSC,uncued,RSC,33,0.058449
77,1,V1-RSC,uncued,RSC,34,0.023789
77,1,V1-RSC,uncued,RSC,35,0.007397
77,1,V1-RSC,uncued,RSC,36,0.043086
77,1,V1-RSC,uncued,RSC,37,0.0687
77,1,V1-RSC,uncued,RSC,38,0.075983
77,1,V1-RSC,uncued,RSC,39,0.031491
77,1,V1-RSC,uncued,RSC,40,0.230482
77,1,V1-RSC,uncued,RSC,41,0.12153
77,1,V1-RSC,uncued,RSC,42,0.176939
77,1,V1-RSC,uncued,RSC,43,0.041385
77,1,V1-RSC,uncued,RSC,44,0.011199
77,1,V1-RSC,uncued,RSC,45,0.030954
77,1,V1-RSC,uncued,RSC,46,0.040271
77,1,V1-RSC,uncued,RSC,47,0.017647
77,1,V1-RSC,uncued,RSC,48,0.031462
77,1,V1-RSC,uncued,RSC,49,0.059984
77,1,V1-RSC,uncued,RSC,50,0.021599
77,1,V1-RSC,uncued,RSC,51,0.028282
77,1,V1-RSC,uncued,RSC,52,0.009879
77,1,V1-RSC,uncued,RSC,53,0.056405
77,1,V1-RSC,uncued,RSC,54,0.034503
77,1,V1-RSC,uncued,RSC,55,0.034989
77,1,V1-RSC,uncued,RSC,56,0.030455
77,1,V1-RSC,uncued,RSC,57,0.019499
77,1,V1-RSC,uncued,RSC,58,0.073842
77,1,V1-RSC,uncued,RSC,59,0.042945
77,1,V1-RSC,uncued,RSC,60,0.028612
77,1,V1-RSC,uncued,RSC,61,0.020622
77,1,V1-RSC,uncued,RSC,62,0.033387
77,1,V1-RSC,uncued,RSC,63,0.026473
77,1,V1-RSC,uncued,RSC,64,0.01101
77,1,V1-RSC,uncued,RSC,65,0.026223
77,1,V1-RSC,uncued,RSC,66,0.037822
77,1,V1-RSC,uncued,RSC,67,0.045144
77,1,V1-RSC,uncued,RSC,68,0.01797
77,1,V1-RSC,uncued,RSC,69,0.058607
77,1,V1-RSC,uncued,RSC,70,0.015063
77,1,V1-RSC,uncued,RSC,71,0.135149
77,1,V1-RSC,uncued,RSC,72,0.014106
77,1,V1-RSC,uncued,RSC,73,0.060796
77,1,V1-RSC,uncued,RSC,74,0.504588
77,1,V1-RSC,uncued,RSC,75,0.015887
77,1,V1-RSC,uncued,RSC,76,0.189765
77,1,V1-RSC,uncued,RSC,77,0.016584
77,1,V1-RSC,uncued,RSC,78,0.024
77,1,V1-RSC,uncued,RSC,79,0.010706
77,1,V1-RSC,uncued,RSC,80,0.061378
77,1,V1-RSC,uncued,RSC,81,0.035378
77,1,V1-RSC,uncued,RSC,82,0.029412
77,1,V1-RSC,uncued,RSC,83,0.009769
77,1,V1-RSC,uncued,RSC,84,0.053551
77,1,V1-RSC,uncued,RSC,85,0.011764
77,1,V1-RSC,uncued,RSC,86,0.016669
77,1,V1-RSC,uncued,RSC,87,0.004823
77,1,V1-RSC,uncued,RSC,88,0.020741
77,1,V1-RSC,uncued,RSC,89,0.005634
77,1,V1-RSC,uncued,RSC,90,0.026375
77,1,V1-RSC,uncued,RSC,91,0.085049
77,1,V1-RSC,uncued,RSC,92,0.010014
77,1,V1-RSC,uncued,RSC,93,0.015116
77,1,V1-RSC,uncued,RSC,94,0.041238
77,1,V1-RSC,uncued,RSC,95,0.500889
77,1,V1-RSC,uncued,RSC,96,0.157702
77,1,V1-RSC,uncued,RSC,97,0.007399
77,1,V1-RSC,uncued,RSC,98,0.423404
77,1,V1-RSC,uncued,RSC,99,0.019546
77,1,V1-RSC,uncued,RSC,100,0.038315
77,1,V1-RSC,uncued,RSC,101,0.027131
77,1,V1-RSC,uncued,RSC,102,0.037247
77,1,V1-RSC,uncued,RSC,103,0.020257
77,1,V1-RSC,uncued,RSC,104,0.025365
77,1,V1-RSC,uncued,RSC,105,0.035971
77,1,V1-RSC,uncued,RSC,106,0.031901
77,1,V1-RSC,uncued,RSC,107,0.028627
77,1,V1-RSC,uncued,RSC,108,0.021727
77,1,V1-RSC,uncued,RSC,109,0.018381
77,1,V1-RSC,uncued,RSC,110,0.003318
77,1,V1-RSC,uncued,RSC,111,0.012731
77,1,V1-RSC,uncued,RSC,112,0.009917
77,1,V1-RSC,uncued,RSC,113,0.013646
77,1,V1-RSC,uncued,RSC,114,0.327303
77,1,V1-RSC,uncued,RSC,115,0.018634
77,1,V1-RSC,uncued,RSC,116,0.347643
77,1,V1-RSC,uncued,RSC,117,0.483018
77,1,V1-RSC,uncued,RSC,118,0.085679
77,1,V1-RSC,uncued,RSC,119,0.660292
77,1,V1-RSC,uncued,RSC,120,0.042105
77,1,V1-RSC,uncued,RSC,121,0.047926
77,1,V1-RSC,uncued,RSC,122,0.07252
77,1,V1-RSC,uncued,RSC,123,0.025798
77,1,V1-RSC,uncued,RSC,124,0.00954
77,1,V1-RSC,uncued,RSC,125,0.033011
77,1,V1-RSC,uncued,RSC,126,0.103366
77,1,V1-RSC,uncued,RSC,127,0.018908
77,1,V1-RSC,uncued,RSC,128,0.022001
77,1,V1-RSC,uncued,RSC,129,0.01119
77,1,V1-RSC,uncued,RSC,130,0.037349
77,1,V1-RSC,uncued,RSC,131,0.073653
77,1,V1-RSC,uncued,RSC,132,0.006072
77,1,V1-RSC,uncued,RSC,133,0.099679
77,1,V1-RSC,uncued,RSC,134,0.01902
77,1,V1-RSC,uncued,RSC,135,0.612311
77,1,V1-RSC,uncued,RSC,136,0.02402
77,1,V1-RSC,uncued,RSC,137,0.036083
77,1,V1-RSC,uncued,RSC,138,0.020358
77,1,V1-RSC,uncued,RSC,139,0.007944
77,1,V1-RSC,uncued,RSC,140,0.023435
77,1,V1-RSC,uncued,RSC,141,0.031965
77,1,V1-RSC,uncued,RSC,142,0.017614
77,1,V1-RSC,uncued,RSC,143,0.022368
77,1,V1-RSC,uncued,RSC,144,0.357429
77,1,V1-RSC,uncued,RSC,145,0.539222
77,1,V1-RSC,uncued,RSC,146,0.013773
77,1,V1-RSC,uncued,RSC,147,0.03876
77,1,V1-RSC,uncued,RSC,148,0.009708
77,1,V1-RSC,uncued,RSC,149,0.392637
77,1,V1-RSC,uncued,RSC,150,0.009016
77,1,V1-RSC,uncued,RSC,151,0.00688
77,1,V1-RSC,uncued,RSC,152,0.015002
77,1,V1-RSC,uncued,RSC,153,0.010646
77,1,V1-RSC,uncued,RSC,154,0.017003
77,1,V1-RSC,uncued,RSC,155,0.073556
77,1,V1-RSC,uncued,RSC,156,0.010218
77,1,V1-RSC,uncued,RSC,157,0.079183
77,1,V1-RSC,uncued,RSC,158,0.126432
77,1,V1-RSC,uncued,RSC,159,0.008842
77,1,V1-RSC,uncued,RSC,160,0.032365
77,1,V1-RSC,uncued,RSC,161,0.015823
77,1,V1-RSC,uncued,RSC,162,0.013261
77,1,V1-RSC,uncued,RSC,163,0.027596
77,1,V1-RSC,uncued,RSC,164,0.015815
77,1,V1-RSC,uncued,RSC,165,0.300048
77,1,V1-RSC,uncued,RSC,166,0.01567
77,1,V1-RSC,uncued,RSC,167,0.0211
77,1,V1-RSC,uncued,RSC,168,0.645001
77,1,V1-RSC,uncued,RSC,169,0.162343
77,1,V1-RSC,uncued,RSC,170,0.005814
77,1,V1-RSC,uncued,RSC,171,0.070637
77,1,V1-RSC,uncued,RSC,172,0.049253
77,1,V1-RSC,uncued,RSC,173,0.600175
77,1,V1-RSC,uncued,RSC,174,0.045804
77,1,V1-RSC,uncued,RSC,175,0.077337
77,1,V1-RSC,uncued,RSC,176,0.671079
77,1,V1-RSC,uncued,RSC,177,0.047836
77,1,V1-RSC,uncued,RSC,178,0.05282
77,1,V1-RSC,uncued,RSC,179,0.014604
77,1,V1-RSC,uncued,RSC,180,0.01896
77,1,V1-RSC,uncued,RSC,181,0.042341
77,1,V1-RSC,uncued,RSC,182,0.415467
77,1,V1-RSC,uncued,RSC,183,0.029653
77,1,V1-RSC,uncued,RSC,184,0.049018
77,1,V1-RSC,uncued,RSC,185,0.020513
77,1,V1-RSC,uncued,RSC,186,0.014252
77,1,V1-RSC,uncued,RSC,187,0.031739
77,1,V1-RSC,uncued,RSC,188,0.110722
77,1,V1-RSC,uncued,RSC,189,0.01538
77,1,V1-RSC,uncued,RSC,190,0.021442
77,1,V1-RSC,uncued,RSC,191,0.021531
77,1,V1-RSC,uncued,RSC,192,0.012527
77,1,V1-RSC,uncued,RSC,193,0.010875
77,1,V1-RSC,uncued,RSC,194,0.038187
77,1,V1-RSC,uncued,RSC,195,0.014271
77,1,V1-RSC,uncued,RSC,196,0.008176
77,1,V1-RSC,uncued,RSC,197,0.014686
77,1,V1-RSC,uncued,RSC,198,0.091621
77,1,V1-RSC,uncued,RSC,199,0.024806
77,1,V1-RSC,uncued,RSC,200,0.00053
77,1,V1-RSC,uncued,RSC,201,0.051167
77,1,V1-RSC,uncued,RSC,202,0.017146
77,1,V1-RSC,cued,V1,0,0.80929
77,1,V1-RSC,cued,V1,1,0.994354
77,1,V1-RSC,cued,V1,2,1.004585
77,1,V1-RSC,cued,V1,3,2.095167
77,1,V1-RSC,cued,V1,4,0.928272
77,1,V1-RSC,cued,V1,5,0.996371
77,1,V1-RSC,cued,V1,6,0.953269
77,1,V1-RSC,cued,V1,7,0.938619
77,1,V1-RSC,cued,V1,8,0.911156
77,1,V1-RSC,cued,V1,9,1.189401
77,1,V1-RSC,cued,V1,10,0.577206
77,1,V1-RSC,cued,V1,11,1.17073
77,1,V1-RSC,cued,RSC,0,0.014873
77,1,V1-RSC,cued,RSC,1,0.035847
77,1,V1-RSC,cued,RSC,2,0.019596
77,1,V1-RSC,cued,RSC,3,0.010847
77,1,V1-RSC,cued,RSC,4,0.022356
77,1,V1-RSC,cued,RSC,5,0.008108
77,1,V1-RSC,cued,RSC,6,0.003981
77,1,V1-RSC,cued,RSC,7,0.00116
77,1,V1-RSC,cued,RSC,8,0.014994
77,1,V1-RSC,cued,RSC,9,0.005754
77,1,V1-RSC,cued,RSC,10,0.00967
77,1,V1-RSC,cued,RSC,11,0.014573
77,1,V1-RSC,cued,RSC,12,0.017341
77,1,V1-RSC,cued,RSC,13,0.012465
77,1,V1-RSC,cued,RSC,14,0.035061
77,1,V1-RSC,cued,RSC,15,0.013137
77,1,V1-RSC,cued,RSC,16,0.020469
77,1,V1-RSC,cued,RSC,17,0.031197
77,1,V1-RSC,cued,RSC,18,0.022322
77,1,V1-RSC,cued,RSC,19,0.013239
77,1,V1-RSC,cued,RSC,20,0.003442
77,1,V1-RSC,cued,RSC,21,0.006852
77,1,V1-RSC,cued,RSC,22,0.020365
77,1,V1-RSC,cued,RSC,23,0.017205
77,1,V1-RSC,cued,RSC,24,0.029973
77,1,V1-RSC,cued,RSC,25,0.019832
77,1,V1-RSC,cued,RSC,26,0.016566
77,1,V1-RSC,cued,RSC,27,0.010984
77,1,V1-RSC,cued,RSC,28,0.010967
77,1,V1-RSC,cued,RSC,29,0.045879
77,1,V1-RSC,cued,RSC,30,0.014812
77,1,V1-RSC,cued,RSC,31,0.009664
77,1,V1-RSC,cued,RSC,32,0.013708
77,1,V1-RSC,cued,RSC,33,0.018433
77,1,V1-RSC,cued,RSC,34,0.015047
77,1,V1-RSC,cued,RSC,35,0.494784
77,1,V1-RSC,cued,RSC,36,0.01415
77,1,V1-RSC,cued,RSC,37,0.014128
77,1,V1-RSC,cued,RSC,38,0.010207
77,1,V1-RSC,cued,RSC,39,0.064184
77,1,V1-RSC,cued,RSC,40,0.079264
77,1,V1-RSC,cued,RSC,41,0.040914
77,1,V1-RSC,cued,RSC,42,0.037811
77,1,V1-RSC,cued,RSC,43,0.025067
77,1,V1-RSC,cued,RSC,44,0.439828
77,1,V1-RSC,cued,RSC,45,0.03867
77,1,V1-RSC,cued,RSC,46,0.025673
77,1,V1-RSC,cued,RSC,47,0.015573
77,1,V1-RSC,cued,RSC,48,0.034314
77,1,V1-RSC,cued,RSC,49,0.041547
77,1,V1-RSC,cued,RSC,50,0.010281
77,1,V1-RSC,cued,RSC,51,0.028348
77,1,V1-RSC,cued,RSC,52,0.500323
77,1,V1-RSC,cued,RSC,53,0.079437
77,1,V1-RSC,cued,RSC,54,0.028121
77,1,V1-RSC,cued,RSC,55,0.018411
77,1,V1-RSC,cued,RSC,56,0.035975
77,1,V1-RSC,cued,RSC,57,0.026267
77,1,V1-RSC,cued,RSC,58,0.015478
77,1,V1-RSC,cued,RSC,59,0.048096
77,1,V1-RSC,cued,RSC,60,0.025998
77,1,V1-RSC,cued,RSC,61,0.01903
77,1,V1-RSC,cued,RSC,62,0.021621
77,1,V1-RSC,cued,RSC,63,0.03395
77,1,V1-RSC,cued,RSC,64,0.0105
77,1,V1-RSC,cued,RSC,65,0.021008
77,1,V1-RSC,cued,RSC,66,0.038813
77,1,V1-RSC,cued,RSC,67,0.027824
77,1,V1-RSC,cued,RSC,68,0.018286
77,1,V1-RSC,cued,RSC,69,0.022189
77,1,V1-RSC,cued,RSC,70,0.005478
77,1,V1-RSC,cued,RSC,71,0.086671
77,1,V1-RSC,cued,RSC,72,0.001446
77,1,V1-RSC,cued,RSC,73,0.044214
77,1,V1-RSC,cued,RSC,74,0.013528
77,1,V1-RSC,cued,RSC,75,0.009962
77,1,V1-RSC,cued,RSC,76,0.106073
77,1,V1-RSC,cued,RSC,77,0.001446
77,1,V1-RSC,cued,RSC,78,0.028315
77,1,V1-RSC,cued,RSC,79,0.01893
77,1,V1-RSC,cued,RSC,80,0.029883
77,1,V1-RSC,cued,RSC,81,0.019259
77,1,V1-RSC,cued,RSC,82,0.006461
77,1,V1-RSC,cued,RSC,83,0.013717
77,1,V1-RSC,cued,RSC,84,0.033712
77,1,V1-RSC,cued,RSC,85,0.012377
77,1,V1-RSC,cued,RSC,86,0.005352
77,1,V1-RSC,cued,RSC,87,0.019031
77,1,V1-RSC,cued,RSC,88,0.019424
77,1,V1-RSC,cued,RSC,89,0.002058
77,1,V1-RSC,cued,RSC,90,0.052955
77,1,V1-RSC,cued,RSC,91,0.590814
77,1,V1-RSC,cued,RSC,92,0.009869
77,1,V1-RSC,cued,RSC,93,0.02394
77,1,V1-RSC,cued,RSC,94,0.01523
77,1,V1-RSC,cued,RSC,95,0.062175
77,1,V1-RSC,cued,RSC,96,0.498321
77,1,V1-RSC,cued,RSC,97,0.004326
77,1,V1-RSC,cued,RSC,98,0.290342
77,1,V1-RSC,cued,RSC,99,0.020528
77,1,V1-RSC,cued,RSC,100,0.025366
77,1,V1-RSC,cued,RSC,101,0.026208
77,1,V1-RSC,cued,RSC,102,0.0242
77,1,V1-RSC,cued,RSC,103,0.024612
77,1,V1-RSC,cued,RSC,104,0.007576
77,1,V1-RSC,cued,RSC,105,0.012906
77,1,V1-RSC,cued,RSC,106,0.014077
77,1,V1-RSC,cued,RSC,107,0.029545
77,1,V1-RSC,cued,RSC,108,0.01131
77,1,V1-RSC,cued,RSC,109,0.015468
77,1,V1-RSC,cued,RSC,110,0.045106
77,1,V1-RSC,cued,RSC,111,0.012737
77,1,V1-RSC,cued,RSC,112,0.006656
77,1,V1-RSC,cued,RSC,113,0.013744
77,1,V1-RSC,cued,RSC,114,0.009875
77,1,V1-RSC,cued,RSC,115,0.014027
77,1,V1-RSC,cued,RSC,116,0.52981
77,1,V1-RSC,cued,RSC,117,0.060598
77,1,V1-RSC,cued,RSC,118,0.024976
77,1,V1-RSC,cued,RSC,119,0.010422
77,1,V1-RSC,cued,RSC,120,0.017167
77,1,V1-RSC,cued,RSC,121,0.020318
77,1,V1-RSC,cued,RSC,122,0.027213
77,1,V1-RSC,cued,RSC,123,0.009629
77,1,V1-RSC,cued,RSC,124,0.012631
77,1,V1-RSC,cued,RSC,125,0.018693
77,1,V1-RSC,cued,RSC,126,0.02486
77,1,V1-RSC,cued,RSC,127,0.008031
77,1,V1-RSC,cued,RSC,128,0.007809
77,1,V1-RSC,cued,RSC,129,0.045711
77,1,V1-RSC,cued,RSC,130,0.026437
77,1,V1-RSC,cued,RSC,131,0.025136
77,1,V1-RSC,cued,RSC,132,0.239546
77,1,V1-RSC,cued,RSC,133,0.064537
77,1,V1-RSC,cued,RSC,134,0.034467
77,1,V1-RSC,cued,RSC,135,0.0418
77,1,V1-RSC,cued,RSC,136,0.014659
77,1,V1-RSC,cued,RSC,137,0.044274
77,1,V1-RSC,cued,RSC,138,0.031546
77,1,V1-RSC,cued,RSC,139,0.017493
77,1,V1-RSC,cued,RSC,140,0.032021
77,1,V1-RSC,cued,RSC,141,0.42326
77,1,V1-RSC,cued,RSC,142,0.024831
77,1,V1-RSC,cued,RSC,143,0.012458
77,1,V1-RSC,cued,RSC,144,0.007507
77,1,V1-RSC,cued,RSC,145,0.033726
77,1,V1-RSC,cued,RSC,146,0.104707
77,1,V1-RSC,cued,RSC,147,0.018902
77,1,V1-RSC,cued,RSC,148,0.014164
77,1,V1-RSC,cued,RSC,149,0.054554
77,1,V1-RSC,cued,RSC,150,0.01515
77,1,V1-RSC,cued,RSC,151,0.002673
77,1,V1-RSC,cued,RSC,152,0.009733
77,1,V1-RSC,cued,RSC,153,0.019579
77,1,V1-RSC,cued,RSC,154,0.018139
77,1,V1-RSC,cued,RSC,155,0.045121
77,1,V1-RSC,cued,RSC,156,0.00844
77,1,V1-RSC,cued,RSC,157,0.017655
77,1,V1-RSC,cued,RSC,158,0.10891
77,1,V1-RSC,cued,RSC,159,0.006064
77,1,V1-RSC,cued,RSC,160,0.030217
77,1,V1-RSC,cued,RSC,161,0.011349
77,1,V1-RSC,cued,RSC,162,0.008531
77,1,V1-RSC,cued,RSC,163,0.010493
77,1,V1-RSC,cued,RSC,164,0.01816
77,1,V1-RSC,cued,RSC,165,0.498417
77,1,V1-RSC,cued,RSC,166,0.040104
77,1,V1-RSC,cued,RSC,167,0.025628
77,1,V1-RSC,cued,RSC,168,0.560036
77,1,V1-RSC,cued,RSC,169,0.018378
77,1,V1-RSC,cued,RSC,170,0.010965
77,1,V1-RSC,cued,RSC,171,0.422335
77,1,V1-RSC,cued,RSC,172,0.023243
77,1,V1-RSC,cued,RSC,173,0.069423
77,1,V1-RSC,cued,RSC,174,0.030357
77,1,V1-RSC,cued,RSC,175,0.016948
77,1,V1-RSC,cued,RSC,176,0.064559
77,1,V1-RSC,cued,RSC,177,0.018637
77,1,V1-RSC,cued,RSC,178,0.013619
77,1,V1-RSC,cued,RSC,179,0.01328
77,1,V1-RSC,cued,RSC,180,0.017425
77,1,V1-RSC,cued,RSC,181,0.032844
77,1,V1-RSC,cued,RSC,182,0.029527
77,1,V1-RSC,cued,RSC,183,0.03076
77,1,V1-RSC,cued,RSC,184,0.020626
77,1,V1-RSC,cued,RSC,185,0.011893
77,1,V1-RSC,cued,RSC,186,0.025605
77,1,V1-RSC,cued,RSC,187,0.021445
77,1,V1-RSC,cued,RSC,188,0.016089
77,1,V1-RSC,cued,RSC,189,0.090528
77,1,V1-RSC,cued,RSC,190,0.013394
77,1,V1-RSC,cued,RSC,191,0.021921
77,1,V1-RSC,cued,RSC,192,0.004032
77,1,V1-RSC,cued,RSC,193,0.013705
77,1,V1-RSC,cued,RSC,194,0.498755
77,1,V1-RSC,cued,RSC,195,0.049729
77,1,V1-RSC,cued,RSC,196,0.015143
77,1,V1-RSC,cued,RSC,197,0.578981
77,1,V1-RSC,cued,RSC,198,0.005526
77,1,V1-RSC,cued,RSC,199,0.008955
77,1,V1-RSC,cued,RSC,200,0.000187
77,1,V1-RSC,cued,RSC,201,0.546772
77,1,V1-RSC,cued,RSC,202,0.545635
98,0,CA1-RSC,uncued,CA1,0,1.078924
98,0,CA1-RSC,uncued,CA1,1,1.037959
98,0,CA1-RSC,uncued,CA1,2,1.610628
98,0,CA1-RSC,uncued,CA1,3,0.001757
98,0,CA1-RSC,uncued,CA1,4,1.53404
98,0,CA1-RSC,uncued,CA1,5,0.006733
98,0,CA1-RSC,uncued,CA1,6,1.596392
98,0,CA1-RSC,uncued,CA1,7,0.971566
98,0,CA1-RSC,uncued,CA1,8,0.939164
98,0,CA1-RSC,uncued,CA1,9,0.984135
98,0,CA1-RSC,uncued,CA1,10,1.382747
98,0,CA1-RSC,uncued,CA1,11,3.05374
98,0,CA1-RSC,uncued,CA1,12,0.902448
98,0,CA1-RSC,uncued,CA1,13,0.0089
98,0,CA1-RSC,uncued,CA1,14,1.898142
98,0,CA1-RSC,uncued,CA1,15,1.001859
98,0,CA1-RSC,uncued,CA1,16,0.689175
98,0,CA1-RSC,uncued,CA1,17,0.937109
98,0,CA1-RSC,uncued,RSC,0,0.945377
98,0,CA1-RSC,uncued,RSC,1,0.0117
98,0,CA1-RSC,uncued,RSC,2,0.130731
98,0,CA1-RSC,uncued,RSC,3,0.11951
98,0,CA1-RSC,uncued,RSC,4,0.147723
98,0,CA1-RSC,uncued,RSC,5,0.117087
98,0,CA1-RSC,uncued,RSC,6,0.077282
98,0,CA1-RSC,uncued,RSC,7,0.014562
98,0,CA1-RSC,uncued,RSC,8,0.02538
98,0,CA1-RSC,uncued,RSC,9,0.275858
98,0,CA1-RSC,uncued,RSC,10,1.041744
98,0,CA1-RSC,uncued,RSC,11,0.021672
98,0,CA1-RSC,uncued,RSC,12,1.083605
98,0,CA1-RSC,uncued,RSC,13,0.018218
98,0,CA1-RSC,uncued,RSC,14,0.061291
98,0,CA1-RSC,uncued,RSC,15,0.216975
98,0,CA1-RSC,uncued,RSC,16,0.863638
98,0,CA1-RSC,uncued,RSC,17,1.035909
98,0,CA1-RSC,uncued,RSC,18,1.003646
98,0,CA1-RSC,uncued,RSC,19,0.939224
98,0,CA1-RSC,uncued,RSC,20,1.06146
98,0,CA1-RSC,uncued,RSC,21,0.819879
98,0,CA1-RSC,uncued,RSC,22,0.095838
98,0,CA1-RSC,uncued,RSC,23,1.059084
98,0,CA1-RSC,uncued,RSC,24,0.270464
98,0,CA1-RSC,uncued,RSC,25,1.037072
98,0,CA1-RSC,uncued,RSC,26,0.091002
98,0,CA1-RSC,uncued,RSC,27,0.781919
98,0,CA1-RSC,uncued,RSC,28,0.940945
98,0,CA1-RSC,uncued,RSC,29,0.967271
98,0,CA1-RSC,uncued,RSC,30,0.04999
98,0,CA1-RSC,uncued,RSC,31,0.606306
98,0,CA1-RSC,cued,CA1,0,1.150492
98,0,CA1-RSC,cued,CA1,1,1.103629
98,0,CA1-RSC,cued,CA1,2,1.526034
98,0,CA1-RSC,cued,CA1,3,0.02071
98,0,CA1-RSC,cued,CA1,4,0.647181
98,0,CA1-RSC,cued,CA1,5,0.785413
98,0,CA1-RSC,cued,CA1,6,1.352567
98,0,CA1-RSC,cued,CA1,7,0.947415
98,0,CA1-RSC,cued,CA1,8,0.943779
98,0,CA1-RSC,cued,CA1,9,0.955035
98,0,CA1-RSC,cued,CA1,10,1.304221
98,0,CA1-RSC,cued,CA1,11,0.032212
98,0,CA1-RSC,cued,CA1,12,1.072712
98,0,CA1-RSC,cued,CA1,13,0.006569
98,0,CA1-RSC,cued,CA1,14,2.092588
98,0,CA1-RSC,cued,CA1,15,1.381941
98,0,CA1-RSC,cued,CA1,16,0.577785
98,0,CA1-RSC,cued,CA1,17,0.845379
98,0,CA1-RSC,cued,RSC,0,0.976354
98,0,CA1-RSC,cued,RSC,1,0.046178
98,0,CA1-RSC,cued,RSC,2,0.039531
98,0,CA1-RSC,cued,RSC,3,0.81989
98,0,CA1-RSC,cued,RSC,4,0.190038
98,0,CA1-RSC,cued,RSC,5,0.841795
98,0,CA1-RSC,cued,RSC,6,0.074604
98,0,CA1-RSC,cued,RSC,7,0.005397
98,0,CA1-RSC,cued,RSC,8,0.044649
98,0,CA1-RSC,cued,RSC,9,0.994139
98,0,CA1-RSC,cued,RSC,10,0.999562
98,0,CA1-RSC,cued,RSC,11,0.057227
98,0,CA1-RSC,cued,RSC,12,0.976338
98,0,CA1-RSC,cued,RSC,13,0.035314
98,0,CA1-RSC,cued,RSC,14,0.734704
98,0,CA1-RSC,cued,RSC,15,0.173904
98,0,CA1-RSC,cued,RSC,16,0.809054
98,0,CA1-RSC,cued,RSC,17,0.413469
98,0,CA1-RSC,cued,RSC,18,0.971572
98,0,CA1-RSC,cued,RSC,19,0.934596
98,0,CA1-RSC,cued,RSC,20,0.955803
98,0,CA1-RSC,cued,RSC,21,0.84713
98,0,CA1-RSC,cued,RSC,22,0.120334
98,0,CA1-RSC,cued,RSC,23,0.994954
98,0,CA1-RSC,cued,RSC,24,0.009588
98,0,CA1-RSC,cued,RSC,25,0.057226
98,0,CA1-RSC,cued,RSC,26,0.123286
98,0,CA1-RSC,cued,RSC,27,0.018825
98,0,CA1-RSC,cued,RSC,28,0.069965
98,0,CA1-RSC,cued,RSC,29,0.836062
98,0,CA1-RSC,cued,RSC,30,0.037162
98,0,CA1-RSC,cued,RSC,31,0.670519
100,0,CA1-RSC,uncued,CA1,0,0.059982
100,0,CA1-RSC,uncued,CA1,1,0.037901
100,0,CA1-RSC,uncued,CA1,2,0.661195
100,0,CA1-RSC,uncued,CA1,3,0.751694
100,0,CA1-RSC,uncued,CA1,4,0.150413
100,0,CA1-RSC,uncued,CA1,5,0.054897
100,0,CA1-RSC,uncued,CA1,6,0.021439
100,0,CA1-RSC,uncued,CA1,7,0.072164
100,0,CA1-RSC,uncued,CA1,8,0.025981
100,0,CA1-RSC,uncued,CA1,9,0.710309
100,0,CA1-RSC,uncued,CA1,10,0.601339
100,0,CA1-RSC,uncued,CA1,11,0.219883
100,0,CA1-RSC,uncued,CA1,12,0.015722
100,0,CA1-RSC,uncued,CA1,13,0.04682
100,0,CA1-RSC,uncued,CA1,14,0.140487
100,0,CA1-RSC,uncued,CA1,15,0.04091
100,0,CA1-RSC,uncued,CA1,16,0.023755
100,0,CA1-RSC,uncued,CA1,17,0.023575
100,0,CA1-RSC,uncued,CA1,18,0.075858
100,0,CA1-RSC,uncued,CA1,19,0.034783
100,0,CA1-RSC,uncued,CA1,20,0.084699
100,0,CA1-RSC,uncued,CA1,21,0.721426
100,0,CA1-RSC,uncued,CA1,22,0.111585
100,0,CA1-RSC,uncued,CA1,23,0.018573
100,0,CA1-RSC,uncued,CA1,24,0.618619
100,0,CA1-RSC,uncued,CA1,25,0.678467
100,0,CA1-RSC,uncued,CA1,26,0.037577
100,0,CA1-RSC,uncued,CA1,27,0.043184
100,0,CA1-RSC,uncued,CA1,28,0.027585
100,0,CA1-RSC,uncued,CA1,29,0.071379
100,0,CA1-RSC,uncued,CA1,30,0.026212
100,0,CA1-RSC,uncued,CA1,31,0.107512
100,0,CA1-RSC,uncued,CA1,32,0.032121
100,0,CA1-RSC,uncued,CA1,33,0.719105
100,0,CA1-RSC,uncued,CA1,34,0.049436
100,0,CA1-RSC,uncued,CA1,35,0.024539
100,0,CA1-RSC,uncued,CA1,36,0.03516
100,0,CA1-RSC,uncued,CA1,37,0.045399
100,0,CA1-RSC,uncued,CA1,38,0.730388
100,0,CA1-RSC,uncued,CA1,39,0.033575
100,0,CA1-RSC,uncued,CA1,40,0.725441
100,0,CA1-RSC,uncued,CA1,41,0.696578
100,0,CA1-RSC,uncued,CA1,42,0.741885
100,0,CA1-RSC,uncued,CA1,43,0.069847
100,0,CA1-RSC,uncued,CA1,44,0.046804
100,0,CA1-RSC,uncued,CA1,45,0.015406
100,0,CA1-RSC,uncued,CA1,46,0.029873
100,0,CA1-RSC,uncued,CA1,47,0.071749
100,0,CA1-RSC,uncued,CA1,48,0.040518
100,0,CA1-RSC,uncued,CA1,49,0.028193
100,0,CA1-RSC,uncued,CA1,50,0.060236
100,0,CA1-RSC,uncued,CA1,51,0.040531
100,0,CA1-RSC,uncued,CA1,52,0.058154
100,0,CA1-RSC,uncued,CA1,53,0.133259
100,0,CA1-RSC,uncued,CA1,54,0.088952
100,0,CA1-RSC,uncued,CA1,55,0.132833
100,0,CA1-RSC,uncued,CA1,56,0.069882
100,0,CA1-RSC,uncued,CA1,57,0.053697
100,0,CA1-RSC,uncued,CA1,58,0.052893
100,0,CA1-RSC,uncued,CA1,59,0.013747
100,0,CA1-RSC,uncued,CA1,60,0.143879
100,0,CA1-RSC,uncued,CA1,61,0.053972
100,0,CA1-RSC,uncued,CA1,62,0.005173
100,0,CA1-RSC,uncued,CA1,63,0.085233
100,0,CA1-RSC,uncued,CA1,64,0.056813
100,0,CA1-RSC,uncued,CA1,65,0.759572
100,0,CA1-RSC,uncued,CA1,66,0.471442
100,0,CA1-RSC,uncued,CA1,67,0.469795
100,0,CA1-RSC,uncued,RSC,0,0.721247
100,0,CA1-RSC,uncued,RSC,1,0.017208
100,0,CA1-RSC,uncued,RSC,2,0.044718
100,0,CA1-RSC,uncued,RSC,3,0.027185
100,0,CA1-RSC,uncued,RSC,4,0.08575
100,0,CA1-RSC,uncued,RSC,5,0.0681
100,0,CA1-RSC,uncued,RSC,6,0.10004
100,0,CA1-RSC,uncued,RSC,7,0.085434
100,0,CA1-RSC,uncued,RSC,8,0.031024
100,0,CA1-RSC,uncued,RSC,9,0.113479
100,0,CA1-RSC,uncued,RSC,10,0.734705
100,0,CA1-RSC,uncued,RSC,11,0.582637
100,0,CA1-RSC,uncued,RSC,12,0.021353
100,0,CA1-RSC,uncued,RSC,13,0.005231
100,0,CA1-RSC,uncued,RSC,14,0.027379
100,0,CA1-RSC,uncued,RSC,15,0.019268
100,0,CA1-RSC,uncued,RSC,16,0.356329
100,0,CA1-RSC,uncued,RSC,17,0.077795
100,0,CA1-RSC,uncued,RSC,18,0.044958
100,0,CA1-RSC,uncued,RSC,19,0.024725
100,0,CA1-RSC,uncued,RSC,20,0.358505
100,0,CA1-RSC,uncued,RSC,21,0.018308
100,0,CA1-RSC,uncued,RSC,22,0.087851
100,0,CA1-RSC,uncued,RSC,23,0.131427
100,0,CA1-RSC,uncued,RSC,24,0.046743
100,0,CA1-RSC,uncued,RSC,25,0.119666
100,0,CA1-RSC,uncued,RSC,26,0.191489
100,0,CA1-RSC,uncued,RSC,27,0.757786
100,0,CA1-RSC,uncued,RSC,28,0.058325
100,0,CA1-RSC,uncued,RSC,29,0.614156
100,0,CA1-RSC,uncued,RSC,30,0.0
100,0,CA1-RSC,uncued,RSC,31,0.052027
100,0,CA1-RSC,uncued,RSC,32,0.036929
100,0,CA1-RSC,uncued,RSC,33,0.784539
100,0,CA1-RSC,uncued,RSC,34,0.019727
100,0,CA1-RSC,uncued,RSC,35,0.043377
100,0,CA1-RSC,uncued,RSC,36,0.044142
100,0,CA1-RSC,uncued,RSC,37,0.010382
100,0,CA1-RSC,uncued,RSC,38,0.033032
100,0,CA1-RSC,uncued,RSC,39,0.151142
100,0,CA1-RSC,uncued,RSC,40,0.08655
100,0,CA1-RSC,uncued,RSC,41,0.067038
100,0,CA1-RSC,uncued,RSC,42,0.067494
100,0,CA1-RSC,uncued,RSC,43,0.059429
100,0,CA1-RSC,uncued,RSC,44,0.004984
100,0,CA1-RSC,uncued,RSC,45,0.301716
100,0,CA1-RSC,uncued,RSC,46,0.041104
100,0,CA1-RSC,uncued,RSC,47,0.226147
100,0,CA1-RSC,uncued,RSC,48,0.01274
100,0,CA1-RSC,uncued,RSC,49,0.153379
100,0,CA1-RSC,uncued,RSC,50,0.038665
100,0,CA1-RSC,uncued,RSC,51,0.031916
100,0,CA1-RSC,uncued,RSC,52,0.071353
100,0,CA1-RSC,uncued,RSC,53,0.693836
100,0,CA1-RSC,uncued,RSC,54,0.044036
100,0,CA1-RSC,uncued,RSC,55,0.00407
100,0,CA1-RSC,uncued,RSC,56,0.754417
100,0,CA1-RSC,uncued,RSC,57,0.79709
100,0,CA1-RSC,uncued,RSC,58,0.012571
100,0,CA1-RSC,uncued,RSC,59,0.229865
100,0,CA1-RSC,uncued,RSC,60,0.018014
100,0,CA1-RSC,uncued,RSC,61,0.204157
100,0,CA1-RSC,uncued,RSC,62,0.030526
100,0,CA1-RSC,uncued,RSC,63,0.025288
100,0,CA1-RSC,uncued,RSC,64,0.028322
100,0,CA1-RSC,uncued,RSC,65,0.011353
100,0,CA1-RSC,uncued,RSC,66,0.089755
100,0,CA1-RSC,uncued,RSC,67,0.794581
100,0,CA1-RSC,uncued,RSC,68,0.717316
100,0,CA1-RSC,uncued,RSC,69,0.09077
100,0,CA1-RSC,uncued,RSC,70,0.492056
100,0,CA1-RSC,uncued,RSC,71,0.03651
100,0,CA1-RSC,uncued,RSC,72,0.663864
100,0,CA1-RSC,uncued,RSC,73,0.726734
100,0,CA1-RSC,cued,CA1,0,0.015208
100,0,CA1-RSC,cued,CA1,1,0.034026
100,0,CA1-RSC,cued,CA1,2,0.473343
100,0,CA1-RSC,cued,CA1,3,0.013673
100,0,CA1-RSC,cued,CA1,4,0.114572
100,0,CA1-RSC,cued,CA1,5,0.029968
100,0,CA1-RSC,cued,CA1,6,0.008822
100,0,CA1-RSC,cued,CA1,7,0.05678
100,0,CA1-RSC,cued,CA1,8,0.011369
100,0,CA1-RSC,cued,CA1,9,0.738213
100,0,CA1-RSC,cued,CA1,10,0.707017
100,0,CA1-RSC,cued,CA1,11,0.095128
100,0,CA1-RSC,cued,CA1,12,0.008845
100,0,CA1-RSC,cued,CA1,13,0.029927
100,0,CA1-RSC,cued,CA1,14,0.06647
100,0,CA1-RSC,cued,CA1,15,0.029937
100,0,CA1-RSC,cued,CA1,16,0.033321
100,0,CA1-RSC,cued,CA1,17,0.024335
100,0,CA1-RSC,cued,CA1,18,0.040852
100,0,CA1-RSC,cued,CA1,19,0.065947
100,0,CA1-RSC,cued,CA1,20,0.051005
100,0,CA1-RSC,cued,CA1,21,0.641936
100,0,CA1-RSC,cued,CA1,22,0.034902
100,0,CA1-RSC,cued,CA1,23,0.011156
100,0,CA1-RSC,cued,CA1,24,0.61147
100,0,CA1-RSC,cued,CA1,25,0.678372
100,0,CA1-RSC,cued,CA1,26,0.061819
100,0,CA1-RSC,cued,CA1,27,0.039217
100,0,CA1-RSC,cued,CA1,28,0.076615
100,0,CA1-RSC,cued,CA1,29,0.749531
100,0,CA1-RSC,cued,CA1,30,0.032866
100,0,CA1-RSC,cued,CA1,31,0.044092
100,0,CA1-RSC,cued,CA1,32,0.033705
100,0,CA1-RSC,cued,CA1,33,0.702546
100,0,CA1-RSC,cued,CA1,34,0.049749
100,0,CA1-RSC,cued,CA1,35,0.102483
100,0,CA1-RSC,cued,CA1,36,0.08565
100,0,CA1-RSC,cued,CA1,37,0.044223
100,0,CA1-RSC,cued,CA1,38,0.542276
100,0,CA1-RSC,cued,CA1,39,0.053404
100,0,CA1-RSC,cued,CA1,40,0.012243
100,0,CA1-RSC,cued,CA1,41,0.681216
100,0,CA1-RSC,cued,CA1,42,0.075693
100,0,CA1-RSC,cued,CA1,43,0.055461
100,0,CA1-RSC,cued,CA1,44,0.022597
100,0,CA1-RSC,cued,CA1,45,0.049031
100,0,CA1-RSC,cued,CA1,46,0.059832
100,0,CA1-RSC,cued,CA1,47,0.083583
100,0,CA1-RSC,cued,CA1,48,0.07265
100,0,CA1-RSC,cued,CA1,49,0.028727
100,0,CA1-RSC,cued,CA1,50,0.036636
100,0,CA1-RSC,cued,CA1,51,0.038684
100,0,CA1-RSC,cued,CA1,52,0.017981
100,0,CA1-RSC,cued,CA1,53,0.710537
100,0,CA1-RSC,cued,CA1,54,0.064604
100,0,CA1-RSC,cued,CA1,55,0.104547
100,0,CA1-RSC,cued,CA1,56,0.060047
100,0,CA1-RSC,cued,CA1,57,0.033245
100,0,CA1-RSC,cued,CA1,58,0.021049
100,0,CA1-RSC,cued,CA1,59,0.031516
100,0,CA1-RSC,cued,CA1,60,0.084773
100,0,CA1-RSC,cued,CA1,61,0.531413
100,0,CA1-RSC,cued,CA1,62,0.611918
100,0,CA1-RSC,cued,CA1,63,0.192334
100,0,CA1-RSC,cued,CA1,64,0.039451
100,0,CA1-RSC,cued,CA1,65,0.69639
100,0,CA1-RSC,cued,CA1,66,0.460379
100,0,CA1-RSC,cued,CA1,67,0.044186
100,0,CA1-RSC,cued,RSC,0,0.725511
100,0,CA1-RSC,cued,RSC,1,0.005331
100,0,CA1-RSC,cued,RSC,2,0.048924
100,0,CA1-RSC,cued,RSC,3,0.012446
100,0,CA1-RSC,cued,RSC,4,0.044113
100,0,CA1-RSC,cued,RSC,5,0.043394
100,0,CA1-RSC,cued,RSC,6,0.079413
100,0,CA1-RSC,cued,RSC,7,0.043602
100,0,CA1-RSC,cued,RSC,8,0.051219
100,0,CA1-RSC,cued,RSC,9,0.038615
100,0,CA1-RSC,cued,RSC,10,0.084544
100,0,CA1-RSC,cued,RSC,11,0.500997
100,0,CA1-RSC,cued,RSC,12,0.032492
100,0,CA1-RSC,cued,RSC,13,0.010215
100,0,CA1-RSC,cued,RSC,14,0.035045
100,0,CA1-RSC,cued,RSC,15,0.013915
100,0,CA1-RSC,cued,RSC,16,0.68313
100,0,CA1-RSC,cued,RSC,17,0.025411
100,0,CA1-RSC,cued,RSC,18,0.037455
100,0,CA1-RSC,cued,RSC,19,0.014194
100,0,CA1-RSC,cued,RSC,20,0.342312
100,0,CA1-RSC,cued,RSC,21,0.036268
100,0,CA1-RSC,cued,RSC,22,0.061518
100,0,CA1-RSC,cued,RSC,23,0.092554
100,0,CA1-RSC,cued,RSC,24,0.026642
100,0,CA1-RSC,cued,RSC,25,0.041483
100,0,CA1-RSC,cued,RSC,26,0.03399
100,0,CA1-RSC,cued,RSC,27,0.647169
100,0,CA1-RSC,cued,RSC,28,0.030527
100,0,CA1-RSC,cued,RSC,29,0.517764
100,0,CA1-RSC,cued,RSC,30,0.023958
100,0,CA1-RSC,cued,RSC,31,0.031323
100,0,CA1-RSC,cued,RSC,32,0.018812
100,0,CA1-RSC,cued,RSC,33,0.427551
100,0,CA1-RSC,cued,RSC,34,0.665708
100,0,CA1-RSC,cued,RSC,35,0.735687
100,0,CA1-RSC,cued,RSC,36,0.065246
100,0,CA1-RSC,cued,RSC,37,0.014509
100,0,CA1-RSC,cued,RSC,38,0.031835
100,0,CA1-RSC,cued,RSC,39,0.105894
100,0,CA1-RSC,cued,RSC,40,0.039355
100,0,CA1-RSC,cued,RSC,41,0.0531
100,0,CA1-RSC,cued,RSC,42,0.054502
100,0,CA1-RSC,cued,RSC,43,0.017048
100,0,CA1-RSC,cued,RSC,44,0.016404
100,0,CA1-RSC,cued,RSC,45,0.102118
100,0,CA1-RSC,cued,RSC,46,0.67756
100,0,CA1-RSC,cued,RSC,47,0.74398
100,0,CA1-RSC,cued,RSC,48,0.069022
100,0,CA1-RSC,cued,RSC,49,0.050716
100,0,CA1-RSC,cued,RSC,50,0.0728
100,0,CA1-RSC,cued,RSC,51,0.020954
100,0,CA1-RSC,cued,RSC,52,0.153631
100,0,CA1-RSC,cued,RSC,53,0.164373
100,0,CA1-RSC,cued,RSC,54,0.017442
100,0,CA1-RSC,cued,RSC,55,0.068143
100,0,CA1-RSC,cued,RSC,56,0.68546
100,0,CA1-RSC,cued,RSC,57,0.208331
100,0,CA1-RSC,cued,RSC,58,0.019333
100,0,CA1-RSC,cued,RSC,59,0.519995
100,0,CA1-RSC,cued,RSC,60,0.0486
100,0,CA1-RSC,cued,RSC,61,0.01699
100,0,CA1-RSC,cued,RSC,62,0.044513
100,0,CA1-RSC,cued,RSC,63,0.017105
100,0,CA1-RSC,cued,RSC,64,0.259898
100,0,CA1-RSC,cued,RSC,65,0.028472
100,0,CA1-RSC,cued,RSC,66,0.035991
100,0,CA1-RSC,cued,RSC,67,0.049074
100,0,CA1-RSC,cued,RSC,68,0.025565
100,0,CA1-RSC,cued,RSC,69,0.037847
100,0,CA1-RSC,cued,RSC,70,0.500798
100,0,CA1-RSC,cued,RSC,71,0.713372
100,0,CA1-RSC,cued,RSC,72,0.513926
100,0,CA1-RSC,cued,RSC,73,0.08093
100,0,CA1-DG,uncued,CA1,0,0.044748
100,0,CA1-DG,uncued,CA1,1,0.039353
100,0,CA1-DG,uncued,CA1,2,0.660302
100,0,CA1-DG,uncued,CA1,3,0.747078
100,0,CA1-DG,uncued,CA1,4,0.130638
100,0,CA1-DG,uncued,CA1,5,0.053046
100,0,CA1-DG,uncued,CA1,6,0.021592
100,0,CA1-DG,uncued,CA1,7,0.073521
100,0,CA1-DG,uncued,CA1,8,0.026713
100,0,CA1-DG,uncued,CA1,9,0.708697
100,0,CA1-DG,uncued,CA1,10,0.599891
100,0,CA1-DG,uncued,CA1,11,0.261193
100,0,CA1-DG,uncued,CA1,12,0.013854
100,0,CA1-DG,uncued,CA1,13,0.059549
100,0,CA1-DG,uncued,CA1,14,0.162035
100,0,CA1-DG,uncued,CA1,15,0.052191
100,0,CA1-DG,uncued,CA1,16,0.030525
100,0,CA1-DG,uncued,CA1,17,0.026442
100,0,CA1-DG,uncued,CA1,18,0.08781
100,0,CA1-DG,uncued,CA1,19,0.038579
100,0,CA1-DG,uncued,CA1,20,0.10112
100,0,CA1-DG,uncued,CA1,21,0.721667
100,0,CA1-DG,uncued,CA1,22,0.092974
100,0,CA1-DG,uncued,CA1,23,0.016843
100,0,CA1-DG,uncued,CA1,24,0.617819
100,0,CA1-DG,uncued,CA1,25,0.67536
100,0,CA1-DG,uncued,CA1,26,0.038636
100,0,CA1-DG,uncued,CA1,27,0.045747
100,0,CA1-DG,uncued,CA1,28,0.030983
100,0,CA1-DG,uncued,CA1,29,0.075164
100,0,CA1-DG,uncued,CA1,30,0.026841
100,0,CA1-DG,uncued,CA1,31,0.100204
100,0,CA1-DG,uncued,CA1,32,0.033057
100,0,CA1-DG,uncued,CA1,33,0.711337
100,0,CA1-DG,uncued,CA1,34,0.050768
100,0,CA1-DG,uncued,CA1,35,0.025311
100,0,CA1-DG,uncued,CA1,36,0.040047
100,0,CA1-DG,uncued,CA1,37,0.049659
100,0,CA1-DG,uncued,CA1,38,0.729425
100,0,CA1-DG,uncued,CA1,39,0.048541
100,0,CA1-DG,uncued,CA1,40,0.725312
100,0,CA1-DG,uncued,CA1,41,0.694682
100,0,CA1-DG,uncued,CA1,42,0.695709
100,0,CA1-DG,uncued,CA1,43,0.088293
100,0,CA1-DG,uncued,CA1,44,0.045291
100,0,CA1-DG,uncued,CA1,45,0.013096
100,0,CA1-DG,uncued,CA1,46,0.04085
100,0,CA1-DG,uncued,CA1,47,0.069042
100,0,CA1-DG,uncued,CA1,48,0.037487
100,0,CA1-DG,uncued,CA1,49,0.030032
100,0,CA1-DG,uncued,CA1,50,0.067887
100,0,CA1-DG,uncued,CA1,51,0.03813
100,0,CA1-DG,uncued,CA1,52,0.06021
100,0,CA1-DG,uncued,CA1,53,0.135344
100,0,CA1-DG,uncued,CA1,54,0.152937
100,0,CA1-DG,uncued,CA1,55,0.150027
100,0,CA1-DG,uncued,CA1,56,0.105137
100,0,CA1-DG,uncued,CA1,57,0.056858
100,0,CA1-DG,uncued,CA1,58,0.050676
100,0,CA1-DG,uncued,CA1,59,0.012827
100,0,CA1-DG,uncued,CA1,60,0.154258
100,0,CA1-DG,uncued,CA1,61,0.056547
100,0,CA1-DG,uncued,CA1,62,0.005196
100,0,CA1-DG,uncued,CA1,63,0.149312
100,0,CA1-DG,uncued,CA1,64,0.05239
100,0,CA1-DG,uncued,CA1,65,0.757571
100,0,CA1-DG,uncued,CA1,66,0.470107
100,0,CA1-DG,uncued,CA1,67,0.468625
100,0,CA1-DG,uncued,DG,0,0.283548
100,0,CA1-DG,uncued,DG,1,0.129844
100,0,CA1-DG,uncued,DG,2,0.103947
100,0,CA1-DG,uncued,DG,3,0.134218
100,0,CA1-DG,uncued,DG,4,0.029181
100,0,CA1-DG,uncued,DG,5,0.121635
100,0,CA1-DG,uncued,DG,6,0.27768
100,0,CA1-DG,uncued,DG,7,0.160363
100,0,CA1-DG,uncued,DG,8,0.211538
100,0,CA1-DG,uncued,DG,9,0.171898
100,0,CA1-DG,uncued,DG,10,0.148552
100,0,CA1-DG,uncued,DG,11,0.249861
100,0,CA1-DG,uncued,DG,12,0.684114
100,0,CA1-DG,uncued,DG,13,0.192176
100,0,CA1-DG,uncued,DG,14,0.126336
100,0,CA1-DG,uncued,DG,15,0.190652
100,0,CA1-DG,uncued,DG,16,0.106619
100,0,CA1-DG,uncued,DG,17,0.200125
100,0,CA1-DG,uncued,DG,18,0.037504
100,0,CA1-DG,uncued,DG,19,0.083143
100,0,CA1-DG,uncued,DG,20,0.095261
100,0,CA1-DG,uncued,DG,21,0.10549
100,0,CA1-DG,uncued,DG,22,0.121689
100,0,CA1-DG,uncued,DG,23,0.012812
100,0,CA1-DG,uncued,DG,24,0.312655
100,0,CA1-DG,uncued,DG,25,0.123653
100,0,CA1-DG,uncued,DG,26,0.182199
100,0,CA1-DG,uncued,DG,27,0.023599
100,0,CA1-DG,uncued,DG,28,0.140207
100,0,CA1-DG,uncued,DG,29,0.094569
100,0,CA1-DG,uncued,DG,30,0.14061
100,0,CA1-DG,uncued,DG,31,0.16086
100,0,CA1-DG,uncued,DG,32,0.115102
100,0,CA1-DG,uncued,DG,33,0.141096
100,0,CA1-DG,uncued,DG,34,0.139441
100,0,CA1-DG,uncued,DG,35,0.181135
100,0,CA1-DG,uncued,DG,36,0.021339
100,0,CA1-DG,uncued,DG,37,0.023474
100,0,CA1-DG,uncued,DG,38,0.017419
100,0,CA1-DG,uncued,DG,39,0.003119
100,0,CA1-DG,uncued,DG,40,0.086249
100,0,CA1-DG,uncued,DG,41,0.063532
100,0,CA1-DG,uncued,DG,42,0.011691
100,0,CA1-DG,uncued,DG,43,0.74474
100,0,CA1-DG,uncued,DG,44,0.015524
100,0,CA1-DG,uncued,DG,45,0.004349
100,0,CA1-DG,uncued,DG,46,0.173062
100,0,CA1-DG,uncued,DG,47,0.131288
100,0,CA1-DG,uncued,DG,48,0.217219
100,0,CA1-DG,uncued,DG,49,0.199573
100,0,CA1-DG,uncued,DG,50,0.160738
100,0,CA1-DG,uncued,DG,51,0.116057
100,0,CA1-DG,uncued,DG,52,0.17149
100,0,CA1-DG,uncued,DG,53,0.164095
100,0,CA1-DG,uncued,DG,54,0.131436
100,0,CA1-DG,uncued,DG,55,0.0475
100,0,CA1-DG,uncued,DG,56,0.064121
100,0,CA1-DG,uncued,DG,57,0.089008
100,0,CA1-DG,uncued,DG,58,0.085663
100,0,CA1-DG,uncued,DG,59,0.078509
100,0,CA1-DG,uncued,DG,60,0.126818
100,0,CA1-DG,uncued,DG,61,0.084551
100,0,CA1-DG,uncued,DG,62,0.031185
100,0,CA1-DG,uncued,DG,63,0.587806
100,0,CA1-DG,uncued,DG,64,0.632422
100,0,CA1-DG,uncued,DG,65,0.637071
100,0,CA1-DG,uncued,DG,66,0.77494
100,0,CA1-DG,uncued,DG,67,0.065758
100,0,CA1-DG,uncued,DG,68,0.060372
100,0,CA1-DG,uncued,DG,69,0.721139
100,0,CA1-DG,uncued,DG,70,0.627501
100,0,CA1-DG,uncued,DG,71,0.721479
100,0,CA1-DG,uncued,DG,72,0.016355
100,0,CA1-DG,uncued,DG,73,0.762231
100,0,CA1-DG,uncued,DG,74,0.080665
100,0,CA1-DG,uncued,DG,75,0.030077
100,0,CA1-DG,uncued,DG,76,0.0
100,0,CA1-DG,uncued,DG,77,0.006392
100,0,CA1-DG,uncued,DG,78,0.337591
100,0,CA1-DG,uncued,DG,79,0.056599
100,0,CA1-DG,uncued,DG,80,0.0
100,0,CA1-DG,uncued,DG,81,0.113464
100,0,CA1-DG,uncued,DG,82,0.088072
100,0,CA1-DG,uncued,DG,83,0.017348
100,0,CA1-DG,uncued,DG,84,0.066907
100,0,CA1-DG,uncued,DG,85,0.0
100,0,CA1-DG,uncued,DG,86,0.189583
100,0,CA1-DG,uncued,DG,87,0.200052
100,0,CA1-DG,uncued,DG,88,0.158918
100,0,CA1-DG,uncued,DG,89,0.076707
100,0,CA1-DG,uncued,DG,90,0.002165
100,0,CA1-DG,uncued,DG,91,0.045634
100,0,CA1-DG,uncued,DG,92,0.052856
100,0,CA1-DG,uncued,DG,93,0.023392
100,0,CA1-DG,uncued,DG,94,0.051115
100,0,CA1-DG,uncued,DG,95,0.021609
100,0,CA1-DG,uncued,DG,96,0.019729
100,0,CA1-DG,uncued,DG,97,0.639542
100,0,CA1-DG,cued,CA1,0,0.014993
100,0,CA1-DG,cued,CA1,1,0.027423
100,0,CA1-DG,cued,CA1,2,0.472224
100,0,CA1-DG,cued,CA1,3,0.014189
100,0,CA1-DG,cued,CA1,4,0.109982
100,0,CA1-DG,cued,CA1,5,0.031769
100,0,CA1-DG,cued,CA1,6,0.008228
100,0,CA1-DG,cued,CA1,7,0.059041
100,0,CA1-DG,cued,CA1,8,0.01098
100,0,CA1-DG,cued,CA1,9,0.735521
100,0,CA1-DG,cued,CA1,10,0.708215
100,0,CA1-DG,cued,CA1,11,0.136276
100,0,CA1-DG,cued,CA1,12,0.009601
100,0,CA1-DG,cued,CA1,13,0.034379
100,0,CA1-DG,cued,CA1,14,0.088959
100,0,CA1-DG,cued,CA1,15,0.035098
100,0,CA1-DG,cued,CA1,16,0.040948
100,0,CA1-DG,cued,CA1,17,0.021721
100,0,CA1-DG,cued,CA1,18,0.043893
100,0,CA1-DG,cued,CA1,19,0.072301
100,0,CA1-DG,cued,CA1,20,0.045446
100,0,CA1-DG,cued,CA1,21,0.641165
100,0,CA1-DG,cued,CA1,22,0.036082
100,0,CA1-DG,cued,CA1,23,0.012029
100,0,CA1-DG,cued,CA1,24,0.610413
100,0,CA1-DG,cued,CA1,25,0.671886
100,0,CA1-DG,cued,CA1,26,0.057693
100,0,CA1-DG,cued,CA1,27,0.036705
100,0,CA1-DG,cued,CA1,28,0.055492
100,0,CA1-DG,cued,CA1,29,0.740057
100,0,CA1-DG,cued,CA1,30,0.032644
100,0,CA1-DG,cued,CA1,31,0.044566
100,0,CA1-DG,cued,CA1,32,0.031879
100,0,CA1-DG,cued,CA1,33,0.696703
100,0,CA1-DG,cued,CA1,34,0.050691
100,0,CA1-DG,cued,CA1,35,0.092689
100,0,CA1-DG,cued,CA1,36,0.079703
100,0,CA1-DG,cued,CA1,37,0.042894
100,0,CA1-DG,cued,CA1,38,0.539766
100,0,CA1-DG,cued,CA1,39,0.076182
100,0,CA1-DG,cued,CA1,40,0.011697
100,0,CA1-DG,cued,CA1,41,0.677819
100,0,CA1-DG,cued,CA1,42,0.100992
100,0,CA1-DG,cued,CA1,43,0.065356
100,0,CA1-DG,cued,CA1,44,0.024116
100,0,CA1-DG,cued,CA1,45,0.055934
100,0,CA1-DG,cued,CA1,46,0.07826
100,0,CA1-DG,cued,CA1,47,0.085078
100,0,CA1-DG,cued,CA1,48,0.082838
100,0,CA1-DG,cued,CA1,49,0.029312
100,0,CA1-DG,cued,CA1,50,0.036575
100,0,CA1-DG,cued,CA1,51,0.038222
100,0,CA1-DG,cued,CA1,52,0.017377
100,0,CA1-DG,cued,CA1,53,0.711155
100,0,CA1-DG,cued,CA1,54,0.117599
100,0,CA1-DG,cued,CA1,55,0.118586
100,0,CA1-DG,cued,CA1,56,0.064607
100,0,CA1-DG,cued,CA1,57,0.031746
100,0,CA1-DG,cued,CA1,58,0.020189
100,0,CA1-DG,cued,CA1,59,0.031213
100,0,CA1-DG,cued,CA1,60,0.09044
100,0,CA1-DG,cued,CA1,61,0.53055
100,0,CA1-DG,cued,CA1,62,0.612155
100,0,CA1-DG,cued,CA1,63,0.140705
100,0,CA1-DG,cued,CA1,64,0.040852
100,0,CA1-DG,cued,CA1,65,0.695246
100,0,CA1-DG,cued,CA1,66,0.459557
100,0,CA1-DG,cued,CA1,67,0.050918
100,0,CA1-DG,cued,DG,0,0.245826
100,0,CA1-DG,cued,DG,1,0.188648
100,0,CA1-DG,cued,DG,2,0.096409
100,0,CA1-DG,cued,DG,3,0.216985
100,0,CA1-DG,cued,DG,4,0.028033
100,0,CA1-DG,cued,DG,5,0.146228
100,0,CA1-DG,cued,DG,6,0.254955
100,0,CA1-DG,cued,DG,7,0.335186
100,0,CA1-DG,cued,DG,8,0.717287
100,0,CA1-DG,cued,DG,9,0.111767
100,0,CA1-DG,cued,DG,10,0.205834
100,0,CA1-DG,cued,DG,11,0.316675
100,0,CA1-DG,cued,DG,12,0.73814
100,0,CA1-DG,cued,DG,13,0.212722
100,0,CA1-DG,cued,DG,14,0.209742
100,0,CA1-DG,cued,DG,15,0.041123
100,0,CA1-DG,cued,DG,16,0.209113
100,0,CA1-DG,cued,DG,17,0.215572
100,0,CA1-DG,cued,DG,18,0.045082
100,0,CA1-DG,cued,DG,19,0.129016
100,0,CA1-DG,cued,DG,20,0.141448
100,0,CA1-DG,cued,DG,21,0.104886
100,0,CA1-DG,cued,DG,22,0.139338
100,0,CA1-DG,cued,DG,23,0.007849
100,0,CA1-DG,cued,DG,24,0.160318
100,0,CA1-DG,cued,DG,25,0.144632
100,0,CA1-DG,cued,DG,26,0.234686
100,0,CA1-DG,cued,DG,27,0.037178
100,0,CA1-DG,cued,DG,28,0.140652
100,0,CA1-DG,cued,DG,29,0.126447
100,0,CA1-DG,cued,DG,30,0.102336
100,0,CA1-DG,cued,DG,31,0.228028
100,0,CA1-DG,cued,DG,32,0.248142
100,0,CA1-DG,cued,DG,33,0.170252
100,0,CA1-DG,cued,DG,34,0.144071
100,0,CA1-DG,cued,DG,35,0.19875
100,0,CA1-DG,cued,DG,36,0.003073
100,0,CA1-DG,cued,DG,37,0.026643
100,0,CA1-DG,cued,DG,38,0.014052
100,0,CA1-DG,cued,DG,39,0.007246
100,0,CA1-DG,cued,DG,40,0.367819
100,0,CA1-DG,cued,DG,41,0.013576
100,0,CA1-DG,cued,DG,42,0.042251
100,0,CA1-DG,cued,DG,43,0.036902
100,0,CA1-DG,cued,DG,44,0.446716
100,0,CA1-DG,cued,DG,45,0.075429
100,0,CA1-DG,cued,DG,46,0.240679
100,0,CA1-DG,cued,DG,47,0.214258
100,0,CA1-DG,cued,DG,48,0.2468
100,0,CA1-DG,cued,DG,49,0.220955
100,0,CA1-DG,cued,DG,50,0.176119
100,0,CA1-DG,cued,DG,51,0.171274
100,0,CA1-DG,cued,DG,52,0.16853
100,0,CA1-DG,cued,DG,53,0.166184
100,0,CA1-DG,cued,DG,54,0.077639
100,0,CA1-DG,cued,DG,55,0.025569
100,0,CA1-DG,cued,DG,56,0.024653
100,0,CA1-DG,cued,DG,57,0.249067
100,0,CA1-DG,cued,DG,58,0.163969
100,0,CA1-DG,cued,DG,59,0.697338
100,0,CA1-DG,cued,DG,60,0.787619
100,0,CA1-DG,cued,DG,61,0.029471
100,0,CA1-DG,cued,DG,62,0.073762
100,0,CA1-DG,cued,DG,63,0.583271
100,0,CA1-DG,cued,DG,64,0.290165
100,0,CA1-DG,cued,DG,65,0.695564
100,0,CA1-DG,cued,DG,66,0.149391
100,0,CA1-DG,cued,DG,67,0.700061
100,0,CA1-DG,cued,DG,68,0.736155
100,0,CA1-DG,cued,DG,69,0.606785
100,0,CA1-DG,cued,DG,70,0.050742
100,0,CA1-DG,cued,DG,71,0.021914
100,0,CA1-DG,cued,DG,72,0.011475
100,0,CA1-DG,cued,DG,73,0.61049
100,0,CA1-DG,cued,DG,74,0.064636
100,0,CA1-DG,cued,DG,75,0.045899
100,0,CA1-DG,cued,DG,76,0.021253
100,0,CA1-DG,cued,DG,77,0.085897
100,0,CA1-DG,cued,DG,78,0.674426
100,0,CA1-DG,cued,DG,79,0.042521
100,0,CA1-DG,cued,DG,80,0.068291
100,0,CA1-DG,cued,DG,81,0.172885
100,0,CA1-DG,cued,DG,82,0.036919
100,0,CA1-DG,cued,DG,83,0.026168
100,0,CA1-DG,cued,DG,84,0.085818
100,0,CA1-DG,cued,DG,85,0.021867
100,0,CA1-DG,cued,DG,86,0.234895
100,0,CA1-DG,cued,DG,87,0.222271
100,0,CA1-DG,cued,DG,88,0.175246
100,0,CA1-DG,cued,DG,89,0.081561
100,0,CA1-DG,cued,DG,90,0.011689
100,0,CA1-DG,cued,DG,91,0.015475
100,0,CA1-DG,cued,DG,92,0.022479
100,0,CA1-DG,cued,DG,93,0.027074
100,0,CA1-DG,cued,DG,94,0.041185
100,0,CA1-DG,cued,DG,95,0.017521
100,0,CA1-DG,cued,DG,96,0.036028
100,0,CA1-DG,cued,DG,97,0.240219
100,0,CA1-V1,uncued,CA1,0,0.0594
100,0,CA1-V1,uncued,CA1,1,0.036579
100,0,CA1-V1,uncued,CA1,2,0.658284
100,0,CA1-V1,uncued,CA1,3,0.747719
100,0,CA1-V1,uncued,CA1,4,0.151359
100,0,CA1-V1,uncued,CA1,5,0.051847
100,0,CA1-V1,uncued,CA1,6,0.022084
100,0,CA1-V1,uncued,CA1,7,0.072831
100,0,CA1-V1,uncued,CA1,8,0.025943
100,0,CA1-V1,uncued,CA1,9,0.709186
100,0,CA1-V1,uncued,CA1,10,0.598887
100,0,CA1-V1,uncued,CA1,11,0.208338
100,0,CA1-V1,uncued,CA1,12,0.014658
100,0,CA1-V1,uncued,CA1,13,0.048107
100,0,CA1-V1,uncued,CA1,14,0.134666
100,0,CA1-V1,uncued,CA1,15,0.042615
100,0,CA1-V1,uncued,CA1,16,0.02659
100,0,CA1-V1,uncued,CA1,17,0.023948
100,0,CA1-V1,uncued,CA1,18,0.071273
100,0,CA1-V1,uncued,CA1,19,0.038692
100,0,CA1-V1,uncued,CA1,20,0.082635
100,0,CA1-V1,uncued,CA1,21,0.719787
100,0,CA1-V1,uncued,CA1,22,0.111858
100,0,CA1-V1,uncued,CA1,23,0.018669
100,0,CA1-V1,uncued,CA1,24,0.6171
100,0,CA1-V1,uncued,CA1,25,0.675549
100,0,CA1-V1,uncued,CA1,26,0.038464
100,0,CA1-V1,uncued,CA1,27,0.042985
100,0,CA1-V1,uncued,CA1,28,0.028551
100,0,CA1-V1,uncued,CA1,29,0.068965
100,0,CA1-V1,uncued,CA1,30,0.024235
100,0,CA1-V1,uncued,CA1,31,0.0992
100,0,CA1-V1,uncued,CA1,32,0.032798
100,0,CA1-V1,uncued,CA1,33,0.718775
100,0,CA1-V1,uncued,CA1,34,0.048707
100,0,CA1-V1,uncued,CA1,35,0.026214
100,0,CA1-V1,uncued,CA1,36,0.031537
100,0,CA1-V1,uncued,CA1,37,0.043079
100,0,CA1-V1,uncued,CA1,38,0.72681
100,0,CA1-V1,uncued,CA1,39,0.031913
100,0,CA1-V1,uncued,CA1,40,0.7251
100,0,CA1-V1,uncued,CA1,41,0.692998
100,0,CA1-V1,uncued,CA1,42,0.744492
100,0,CA1-V1,uncued,CA1,43,0.065569
100,0,CA1-V1,uncued,CA1,44,0.043059
100,0,CA1-V1,uncued,CA1,45,0.01475
100,0,CA1-V1,uncued,CA1,46,0.030133
100,0,CA1-V1,uncued,CA1,47,0.068361
100,0,CA1-V1,uncued,CA1,48,0.039695
100,0,CA1-V1,uncued,CA1,49,0.02947
100,0,CA1-V1,uncued,CA1,50,0.061967
100,0,CA1-V1,uncued,CA1,51,0.03842
100,0,CA1-V1,uncued,CA1,52,0.057708
100,0,CA1-V1,uncued,CA1,53,0.127667
100,0,CA1-V1,uncued,CA1,54,0.085122
100,0,CA1-V1,uncued,CA1,55,0.127653
100,0,CA1-V1,uncued,CA1,56,0.077277
100,0,CA1-V1,uncued,CA1,57,0.052354
100,0,CA1-V1,uncued,CA1,58,0.052188
100,0,CA1-V1,uncued,CA1,59,0.014523
100,0,CA1-V1,uncued,CA1,60,0.143715
100,0,CA1-V1,uncued,CA1,61,0.053453
100,0,CA1-V1,uncued,CA1,62,0.004818
100,0,CA1-V1,uncued,CA1,63,0.098974
100,0,CA1-V1,uncued,CA1,64,0.054524
100,0,CA1-V1,uncued,CA1,65,0.757026
100,0,CA1-V1,uncued,CA1,66,0.470588
100,0,CA1-V1,uncued,CA1,67,0.468932
100,0,CA1-V1,uncued,V1,0,0.012023
100,0,CA1-V1,uncued,V1,1,0.112264
100,0,CA1-V1,uncued,V1,2,0.694078
100,0,CA1-V1,uncued,V1,3,0.240741
100,0,CA1-V1,uncued,V1,4,0.100378
100,0,CA1-V1,uncued,V1,5,0.013351
100,0,CA1-V1,uncued,V1,6,0.011216
100,0,CA1-V1,uncued,V1,7,0.017753
100,0,CA1-V1,uncued,V1,8,0.642395
100,0,CA1-V1,uncued,V1,9,0.060362
100,0,CA1-V1,uncued,V1,10,0.058236
100,0,CA1-V1,uncued,V1,11,0.00504
100,0,CA1-V1,uncued,V1,12,0.0
100,0,CA1-V1,uncued,V1,13,0.209635
100,0,CA1-V1,uncued,V1,14,0.028708
100,0,CA1-V1,uncued,V1,15,0.041329
100,0,CA1-V1,uncued,V1,16,0.039272
100,0,CA1-V1,uncued,V1,17,0.056832
100,0,CA1-V1,uncued,V1,18,0.006148
100,0,CA1-V1,uncued,V1,19,0.096899
100,0,CA1-V1,uncued,V1,20,0.080027
100,0,CA1-V1,uncued,V1,21,0.082237
100,0,CA1-V1,uncued,V1,22,0.015855
100,0,CA1-V1,uncued,V1,23,0.043784
100,0,CA1-V1,uncued,V1,24,0.16351
100,0,CA1-V1,uncued,V1,25,0.027707
100,0,CA1-V1,uncued,V1,26,0.162396
100,0,CA1-V1,uncued,V1,27,0.065933
100,0,CA1-V1,uncued,V1,28,0.079768
100,0,CA1-V1,uncued,V1,29,0.125338
100,0,CA1-V1,uncued,V1,30,0.096638
100,0,CA1-V1,uncued,V1,31,0.055886
100,0,CA1-V1,uncued,V1,32,0.623962
100,0,CA1-V1,uncued,V1,33,0.07008
100,0,CA1-V1,uncued,V1,34,0.123531
100,0,CA1-V1,uncued,V1,35,0.211875
100,0,CA1-V1,uncued,V1,36,0.658072
100,0,CA1-V1,uncued,V1,37,0.032558
100,0,CA1-V1,uncued,V1,38,0.022435
100,0,CA1-V1,uncued,V1,39,0.057646
100,0,CA1-V1,uncued,V1,40,0.192046
100,0,CA1-V1,uncued,V1,41,0.085329
100,0,CA1-V1,uncued,V1,42,0.485356
100,0,CA1-V1,uncued,V1,43,0.108841
100,0,CA1-V1,uncued,V1,44,0.087617
100,0,CA1-V1,uncued,V1,45,0.039479
100,0,CA1-V1,uncued,V1,46,0.078955
100,0,CA1-V1,uncued,V1,47,0.066824
100,0,CA1-V1,uncued,V1,48,0.081632
100,0,CA1-V1,uncued,V1,49,0.049548
100,0,CA1-V1,uncued,V1,50,0.039786
100,0,CA1-V1,uncued,V1,51,0.171246
100,0,CA1-V1,uncued,V1,52,0.079249
100,0,CA1-V1,uncued,V1,53,0.717354
100,0,CA1-V1,uncued,V1,54,0.694789
100,0,CA1-V1,uncued,V1,55,0.627252
100,0,CA1-V1,uncued,V1,56,0.176861
100,0,CA1-V1,uncued,V1,57,0.063221
100,0,CA1-V1,uncued,V1,58,0.044216
100,0,CA1-V1,uncued,V1,59,0.022613
100,0,CA1-V1,uncued,V1,60,0.021546
100,0,CA1-V1,uncued,V1,61,0.071511
100,0,CA1-V1,uncued,V1,62,0.031292
100,0,CA1-V1,uncued,V1,63,0.05884
100,0,CA1-V1,uncued,V1,64,0.0412
100,0,CA1-V1,uncued,V1,65,0.044711
100,0,CA1-V1,uncued,V1,66,0.028803
100,0,CA1-V1,uncued,V1,67,0.031632
100,0,CA1-V1,uncued,V1,68,0.014362
100,0,CA1-V1,uncued,V1,69,0.088633
100,0,CA1-V1,uncued,V1,70,0.004113
100,0,CA1-V1,uncued,V1,71,0.059043
100,0,CA1-V1,uncued,V1,72,0.038779
100,0,CA1-V1,uncued,V1,73,0.012528
100,0,CA1-V1,uncued,V1,74,0.0
100,0,CA1-V1,uncued,V1,75,0.006553
100,0,CA1-V1,uncued,V1,76,0.035374
100,0,CA1-V1,uncued,V1,77,0.0
100,0,CA1-V1,uncued,V1,78,0.006869
100,0,CA1-V1,uncued,V1,79,0.02498
100,0,CA1-V1,uncued,V1,80,0.047609
100,0,CA1-V1,uncued,V1,81,0.019701
100,0,CA1-V1,uncued,V1,82,0.054392
100,0,CA1-V1,uncued,V1,83,0.00426
100,0,CA1-V1,uncued,V1,84,0.737371
100,0,CA1-V1,uncued,V1,85,0.68852
100,0,CA1-V1,uncued,V1,86,0.436068
100,0,CA1-V1,uncued,V1,87,0.116875
100,0,CA1-V1,uncued,V1,88,0.015755
100,0,CA1-V1,uncued,V1,89,0.032421
100,0,CA1-V1,uncued,V1,90,0.022112
100,0,CA1-V1,uncued,V1,91,0.268179
100,0,CA1-V1,uncued,V1,92,0.059242
100,0,CA1-V1,uncued,V1,93,0.086336
100,0,CA1-V1,uncued,V1,94,0.096033
100,0,CA1-V1,uncued,V1,95,0.008597
100,0,CA1-V1,uncued,V1,96,0.121842
100,0,CA1-V1,uncued,V1,97,0.027574
100,0,CA1-V1,uncued,V1,98,0.094405
100,0,CA1-V1,uncued,V1,99,0.740487
100,0,CA1-V1,uncued,V1,100,0.019173
100,0,CA1-V1,uncued,V1,101,0.156415
100,0,CA1-V1,uncued,V1,102,0.051879
100,0,CA1-V1,uncued,V1,103,0.020844
100,0,CA1-V1,uncued,V1,104,0.055234
100,0,CA1-V1,uncued,V1,105,0.018432
100,0,CA1-V1,uncued,V1,106,0.032242
100,0,CA1-V1,uncued,V1,107,0.020646
100,0,CA1-V1,uncued,V1,108,0.017533
100,0,CA1-V1,uncued,V1,109,0.028727
100,0,CA1-V1,uncued,V1,110,0.018733
100,0,CA1-V1,uncued,V1,111,0.654505
100,0,CA1-V1,uncued,V1,112,0.021254
100,0,CA1-V1,uncued,V1,113,0.007543
100,0,CA1-V1,uncued,V1,114,0.029178
100,0,CA1-V1,uncued,V1,115,0.131019
100,0,CA1-V1,uncued,V1,116,0.0
100,0,CA1-V1,uncued,V1,117,0.046309
100,0,CA1-V1,uncued,V1,118,0.032762
100,0,CA1-V1,uncued,V1,119,0.077953
100,0,CA1-V1,uncued,V1,120,0.162272
100,0,CA1-V1,uncued,V1,121,0.138768
100,0,CA1-V1,uncued,V1,122,0.053612
100,0,CA1-V1,uncued,V1,123,0.110172
100,0,CA1-V1,uncued,V1,124,0.722641
100,0,CA1-V1,uncued,V1,125,0.110312
100,0,CA1-V1,uncued,V1,126,0.033006
100,0,CA1-V1,uncued,V1,127,0.020623
100,0,CA1-V1,uncued,V1,128,0.149421
100,0,CA1-V1,uncued,V1,129,0.012753
100,0,CA1-V1,uncued,V1,130,0.194254
100,0,CA1-V1,uncued,V1,131,0.622676
100,0,CA1-V1,uncued,V1,132,0.015694
100,0,CA1-V1,uncued,V1,133,0.027009
100,0,CA1-V1,uncued,V1,134,0.025026
100,0,CA1-V1,uncued,V1,135,0.006045
100,0,CA1-V1,uncued,V1,136,0.035729
100,0,CA1-V1,uncued,V1,137,0.002076
100,0,CA1-V1,uncued,V1,138,0.012056
100,0,CA1-V1,uncued,V1,139,0.016279
100,0,CA1-V1,uncued,V1,140,0.196607
100,0,CA1-V1,uncued,V1,141,0.02747
100,0,CA1-V1,uncued,V1,142,0.072001
100,0,CA1-V1,uncued,V1,143,0.0
100,0,CA1-V1,uncued,V1,144,0.015083
100,0,CA1-V1,uncued,V1,145,0.058988
100,0,CA1-V1,uncued,V1,146,0.009665
100,0,CA1-V1,uncued,V1,147,0.0
100,0,CA1-V1,cued,CA1,0,0.015519
100,0,CA1-V1,cued,CA1,1,0.032079
100,0,CA1-V1,cued,CA1,2,0.470204
100,0,CA1-V1,cued,CA1,3,0.012743
100,0,CA1-V1,cued,CA1,4,0.117687
100,0,CA1-V1,cued,CA1,5,0.029424
100,0,CA1-V1,cued,CA1,6,0.00819
100,0,CA1-V1,cued,CA1,7,0.059553
100,0,CA1-V1,cued,CA1,8,0.010633
100,0,CA1-V1,cued,CA1,9,0.734342
100,0,CA1-V1,cued,CA1,10,0.704395
100,0,CA1-V1,cued,CA1,11,0.09433
100,0,CA1-V1,cued,CA1,12,0.009462
100,0,CA1-V1,cued,CA1,13,0.030389
100,0,CA1-V1,cued,CA1,14,0.071983
100,0,CA1-V1,cued,CA1,15,0.028408
100,0,CA1-V1,cued,CA1,16,0.034527
100,0,CA1-V1,cued,CA1,17,0.021672
100,0,CA1-V1,cued,CA1,18,0.04168
100,0,CA1-V1,cued,CA1,19,0.07004
100,0,CA1-V1,cued,CA1,20,0.047353
100,0,CA1-V1,cued,CA1,21,0.638549
100,0,CA1-V1,cued,CA1,22,0.037365
100,0,CA1-V1,cued,CA1,23,0.010598
100,0,CA1-V1,cued,CA1,24,0.608053
100,0,CA1-V1,cued,CA1,25,0.67454
100,0,CA1-V1,cued,CA1,26,0.057813
100,0,CA1-V1,cued,CA1,27,0.038315
100,0,CA1-V1,cued,CA1,28,0.070376
100,0,CA1-V1,cued,CA1,29,0.749162
100,0,CA1-V1,cued,CA1,30,0.032284
100,0,CA1-V1,cued,CA1,31,0.047742
100,0,CA1-V1,cued,CA1,32,0.034448
100,0,CA1-V1,cued,CA1,33,0.700176
100,0,CA1-V1,cued,CA1,34,0.048876
100,0,CA1-V1,cued,CA1,35,0.102775
100,0,CA1-V1,cued,CA1,36,0.082797
100,0,CA1-V1,cued,CA1,37,0.048142
100,0,CA1-V1,cued,CA1,38,0.539247
100,0,CA1-V1,cued,CA1,39,0.055302
100,0,CA1-V1,cued,CA1,40,0.011383
100,0,CA1-V1,cued,CA1,41,0.678656
100,0,CA1-V1,cued,CA1,42,0.086557
100,0,CA1-V1,cued,CA1,43,0.05488
100,0,CA1-V1,cued,CA1,44,0.020553
100,0,CA1-V1,cued,CA1,45,0.048186
100,0,CA1-V1,cued,CA1,46,0.058284
100,0,CA1-V1,cued,CA1,47,0.086958
100,0,CA1-V1,cued,CA1,48,0.073093
100,0,CA1-V1,cued,CA1,49,0.028873
100,0,CA1-V1,cued,CA1,50,0.039044
100,0,CA1-V1,cued,CA1,51,0.039226
100,0,CA1-V1,cued,CA1,52,0.018635
100,0,CA1-V1,cued,CA1,53,0.708695
100,0,CA1-V1,cued,CA1,54,0.065732
100,0,CA1-V1,cued,CA1,55,0.106971
100,0,CA1-V1,cued,CA1,56,0.060697
100,0,CA1-V1,cued,CA1,57,0.032054
100,0,CA1-V1,cued,CA1,58,0.019196
100,0,CA1-V1,cued,CA1,59,0.0342
100,0,CA1-V1,cued,CA1,60,0.088291
100,0,CA1-V1,cued,CA1,61,0.52586
100,0,CA1-V1,cued,CA1,62,0.602135
100,0,CA1-V1,cued,CA1,63,0.166438
100,0,CA1-V1,cued,CA1,64,0.039908
100,0,CA1-V1,cued,CA1,65,0.692932
100,0,CA1-V1,cued,CA1,66,0.457441
100,0,CA1-V1,cued,CA1,67,0.04444
100,0,CA1-V1,cued,V1,0,0.007735
100,0,CA1-V1,cued,V1,1,0.086726
100,0,CA1-V1,cued,V1,2,0.529442
100,0,CA1-V1,cued,V1,3,0.137136
100,0,CA1-V1,cued,V1,4,0.054204
100,0,CA1-V1,cued,V1,5,0.020205
100,0,CA1-V1,cued,V1,6,0.017164
100,0,CA1-V1,cued,V1,7,0.023297
100,0,CA1-V1,cued,V1,8,0.570252
100,0,CA1-V1,cued,V1,9,0.22339
100,0,CA1-V1,cued,V1,10,0.049328
100,0,CA1-V1,cued,V1,11,0.010489
100,0,CA1-V1,cued,V1,12,0.00418
100,0,CA1-V1,cued,V1,13,0.24876
100,0,CA1-V1,cued,V1,14,0.017899
100,0,CA1-V1,cued,V1,15,0.038552
100,0,CA1-V1,cued,V1,16,0.015014
100,0,CA1-V1,cued,V1,17,0.035079
100,0,CA1-V1,cued,V1,18,0.015022
100,0,CA1-V1,cued,V1,19,0.0647
100,0,CA1-V1,cued,V1,20,0.036499
100,0,CA1-V1,cued,V1,21,0.101904
100,0,CA1-V1,cued,V1,22,0.049089
100,0,CA1-V1,cued,V1,23,0.032192
100,0,CA1-V1,cued,V1,24,0.101453
100,0,CA1-V1,cued,V1,25,0.030714
100,0,CA1-V1,cued,V1,26,0.094634
100,0,CA1-V1,cued,V1,27,0.028248
100,0,CA1-V1,cued,V1,28,0.065551
100,0,CA1-V1,cued,V1,29,0.097243
100,0,CA1-V1,cued,V1,30,0.073945
100,0,CA1-V1,cued,V1,31,0.058665
100,0,CA1-V1,cued,V1,32,0.243512
100,0,CA1-V1,cued,V1,33,0.063551
100,0,CA1-V1,cued,V1,34,0.104323
100,0,CA1-V1,cued,V1,35,0.278714
100,0,CA1-V1,cued,V1,36,0.14106
100,0,CA1-V1,cued,V1,37,0.063825
100,0,CA1-V1,cued,V1,38,0.085923
100,0,CA1-V1,cued,V1,39,0.064226
100,0,CA1-V1,cued,V1,40,0.08501
100,0,CA1-V1,cued,V1,41,0.114497
100,0,CA1-V1,cued,V1,42,0.100959
100,0,CA1-V1,cued,V1,43,0.072742
100,0,CA1-V1,cued,V1,44,0.145546
100,0,CA1-V1,cued,V1,45,0.062954
100,0,CA1-V1,cued,V1,46,0.086225
100,0,CA1-V1,cued,V1,47,0.245687
100,0,CA1-V1,cued,V1,48,0.086726
100,0,CA1-V1,cued,V1,49,0.030303
100,0,CA1-V1,cued,V1,50,0.103322
100,0,CA1-V1,cued,V1,51,0.123376
100,0,CA1-V1,cued,V1,52,0.063198
100,0,CA1-V1,cued,V1,53,0.139467
100,0,CA1-V1,cued,V1,54,0.063897
100,0,CA1-V1,cued,V1,55,0.081419
100,0,CA1-V1,cued,V1,56,0.026119
100,0,CA1-V1,cued,V1,57,0.112152
100,0,CA1-V1,cued,V1,58,0.182842
100,0,CA1-V1,cued,V1,59,0.051519
100,0,CA1-V1,cued,V1,60,0.100898
100,0,CA1-V1,cued,V1,61,0.151017
100,0,CA1-V1,cued,V1,62,0.081387
100,0,CA1-V1,cued,V1,63,0.10719
100,0,CA1-V1,cued,V1,64,0.225782
100,0,CA1-V1,cued,V1,65,0.076381
100,0,CA1-V1,cued,V1,66,0.388878
100,0,CA1-V1,cued,V1,67,0.079671
100,0,CA1-V1,cued,V1,68,0.552599
100,0,CA1-V1,cued,V1,69,0.156994
100,0,CA1-V1,cued,V1,70,0.152612
100,0,CA1-V1,cued,V1,71,0.195677
100,0,CA1-V1,cued,V1,72,0.158877
100,0,CA1-V1,cued,V1,73,0.093559
100,0,CA1-V1,cued,V1,74,0.058205
100,0,CA1-V1,cued,V1,75,0.039674
100,0,CA1-V1,cued,V1,76,0.061434
100,0,CA1-V1,cued,V1,77,0.115957
100,0,CA1-V1,cued,V1,78,0.072955
100,0,CA1-V1,cued,V1,79,0.028515
100,0,CA1-V1,cued,V1,80,0.184056
100,0,CA1-V1,cued,V1,81,0.01391
100,0,CA1-V1,cued,V1,82,0.039746
100,0,CA1-V1,cued,V1,83,0.011191
100,0,CA1-V1,cued,V1,84,0.562455
100,0,CA1-V1,cued,V1,85,0.23155
100,0,CA1-V1,cued,V1,86,0.491383
100,0,CA1-V1,cued,V1,87,0.566507
100,0,CA1-V1,cued,V1,88,0.076197
100,0,CA1-V1,cued,V1,89,0.025522
100,0,CA1-V1,cued,V1,90,0.012585
100,0,CA1-V1,cued,V1,91,0.261058
100,0,CA1-V1,cued,V1,92,0.091319
100,0,CA1-V1,cued,V1,93,0.09069
100,0,CA1-V1,cued,V1,94,0.049891
100,0,CA1-V1,cued,V1,95,0.007232
100,0,CA1-V1,cued,V1,96,0.049425
100,0,CA1-V1,cued,V1,97,0.023786
100,0,CA1-V1,cued,V1,98,0.043229
100,0,CA1-V1,cued,V1,99,0.085487
100,0,CA1-V1,cued,V1,100,0.030782
100,0,CA1-V1,cued,V1,101,0.085396
100,0,CA1-V1,cued,V1,102,0.116246
100,0,CA1-V1,cued,V1,103,0.212095
100,0,CA1-V1,cued,V1,104,0.040785
100,0,CA1-V1,cued,V1,105,0.17495
100,0,CA1-V1,cued,V1,106,0.089402
100,0,CA1-V1,cued,V1,107,0.035379
100,0,CA1-V1,cued,V1,108,0.166859
100,0,CA1-V1,cued,V1,109,0.099816
100,0,CA1-V1,cued,V1,110,0.122181
100,0,CA1-V1,cued,V1,111,0.552395
100,0,CA1-V1,cued,V1,112,0.569117
100,0,CA1-V1,cued,V1,113,0.475585
100,0,CA1-V1,cued,V1,114,0.104401
100,0,CA1-V1,cued,V1,115,0.028934
100,0,CA1-V1,cued,V1,116,0.551228
100,0,CA1-V1,cued,V1,117,0.052184
100,0,CA1-V1,cued,V1,118,0.039947
100,0,CA1-V1,cued,V1,119,0.07552
100,0,CA1-V1,cued,V1,120,0.068939
100,0,CA1-V1,cued,V1,121,0.138342
100,0,CA1-V1,cued,V1,122,0.144628
100,0,CA1-V1,cued,V1,123,0.201765
100,0,CA1-V1,cued,V1,124,0.097295
100,0,CA1-V1,cued,V1,125,0.099366
100,0,CA1-V1,cued,V1,126,0.084628
100,0,CA1-V1,cued,V1,127,0.050588
100,0,CA1-V1,cued,V1,128,0.13203
100,0,CA1-V1,cued,V1,129,0.118782
100,0,CA1-V1,cued,V1,130,0.030628
100,0,CA1-V1,cued,V1,131,0.139482
100,0,CA1-V1,cued,V1,132,0.120469
100,0,CA1-V1,cued,V1,133,0.135496
100,0,CA1-V1,cued,V1,134,0.078582
100,0,CA1-V1,cued,V1,135,0.014455
100,0,CA1-V1,cued,V1,136,0.135904
100,0,CA1-V1,cued,V1,137,0.053854
100,0,CA1-V1,cued,V1,138,0.091519
100,0,CA1-V1,cued,V1,139,0.015605
100,0,CA1-V1,cued,V1,140,0.279091
100,0,CA1-V1,cued,V1,141,0.599794
100,0,CA1-V1,cued,V1,142,0.056898
100,0,CA1-V1,cued,V1,143,0.113708
100,0,CA1-V1,cued,V1,144,0.08931
100,0,CA1-V1,cued,V1,145,0.040502
100,0,CA1-V1,cued,V1,146,0.563928
100,0,CA1-V1,cued,V1,147,0.011958
100,0,CA1-SUB,uncued,CA1,0,0.056214
100,0,CA1-SUB,uncued,CA1,1,0.038284
100,0,CA1-SUB,uncued,CA1,2,0.662219
100,0,CA1-SUB,uncued,CA1,3,0.75229
100,0,CA1-SUB,uncued,CA1,4,0.134526
100,0,CA1-SUB,uncued,CA1,5,0.054467
100,0,CA1-SUB,uncued,CA1,6,0.021558
100,0,CA1-SUB,uncued,CA1,7,0.07074
100,0,CA1-SUB,uncued,CA1,8,0.026138
100,0,CA1-SUB,uncued,CA1,9,0.711364
100,0,CA1-SUB,uncued,CA1,10,0.601236
100,0,CA1-SUB,uncued,CA1,11,0.218552
100,0,CA1-SUB,uncued,CA1,12,0.013575
100,0,CA1-SUB,uncued,CA1,13,0.04606
100,0,CA1-SUB,uncued,CA1,14,0.142015
100,0,CA1-SUB,uncued,CA1,15,0.041845
100,0,CA1-SUB,uncued,CA1,16,0.02499
100,0,CA1-SUB,uncued,CA1,17,0.024186
100,0,CA1-SUB,uncued,CA1,18,0.079951
100,0,CA1-SUB,uncued,CA1,19,0.036671
100,0,CA1-SUB,uncued,CA1,20,0.08627
100,0,CA1-SUB,uncued,CA1,21,0.722051
100,0,CA1-SUB,uncued,CA1,22,0.105008
100,0,CA1-SUB,uncued,CA1,23,0.01744
100,0,CA1-SUB,uncued,CA1,24,0.618924
100,0,CA1-SUB,uncued,CA1,25,0.678833
100,0,CA1-SUB,uncued,CA1,26,0.037003
100,0,CA1-SUB,uncued,CA1,27,0.043514
100,0,CA1-SUB,uncued,CA1,28,0.029294
100,0,CA1-SUB,uncued,CA1,29,0.069109
100,0,CA1-SUB,uncued,CA1,30,0.025682
100,0,CA1-SUB,uncued,CA1,31,0.101599
100,0,CA1-SUB,uncued,CA1,32,0.032526
100,0,CA1-SUB,uncued,CA1,33,0.719051
100,0,CA1-SUB,uncued,CA1,34,0.047939
100,0,CA1-SUB,uncued,CA1,35,0.025253
100,0,CA1-SUB,uncued,CA1,36,0.034547
100,0,CA1-SUB,uncued,CA1,37,0.04652
100,0,CA1-SUB,uncued,CA1,38,0.731947
100,0,CA1-SUB,uncued,CA1,39,0.033763
100,0,CA1-SUB,uncued,CA1,40,0.724441
100,0,CA1-SUB,uncued,CA1,41,0.697405
100,0,CA1-SUB,uncued,CA1,42,0.74391
100,0,CA1-SUB,uncued,CA1,43,0.071892
100,0,CA1-SUB,uncued,CA1,44,0.043717
100,0,CA1-SUB,uncued,CA1,45,0.014185
100,0,CA1-SUB,uncued,CA1,46,0.032306
100,0,CA1-SUB,uncued,CA1,47,0.067948
100,0,CA1-SUB,uncued,CA1,48,0.03968
100,0,CA1-SUB,uncued,CA1,49,0.0276
100,0,CA1-SUB,uncued,CA1,50,0.060469
100,0,CA1-SUB,uncued,CA1,51,0.041213
100,0,CA1-SUB,uncued,CA1,52,0.059602
100,0,CA1-SUB,uncued,CA1,53,0.139446
100,0,CA1-SUB,uncued,CA1,54,0.092347
100,0,CA1-SUB,uncued,CA1,55,0.131198
100,0,CA1-SUB,uncued,CA1,56,0.093438
100,0,CA1-SUB,uncued,CA1,57,0.053459
100,0,CA1-SUB,uncued,CA1,58,0.051407
100,0,CA1-SUB,uncued,CA1,59,0.014157
100,0,CA1-SUB,uncued,CA1,60,0.151757
100,0,CA1-SUB,uncued,CA1,61,0.055483
100,0,CA1-SUB,uncued,CA1,62,0.004807
100,0,CA1-SUB,uncued,CA1,63,0.078969
100,0,CA1-SUB,uncued,CA1,64,0.056938
100,0,CA1-SUB,uncued,CA1,65,0.760515
100,0,CA1-SUB,uncued,CA1,66,0.472648
100,0,CA1-SUB,uncued,CA1,67,0.470268
100,0,CA1-SUB,uncued,SUB,0,0.115483
100,0,CA1-SUB,uncued,SUB,1,0.020984
100,0,CA1-SUB,uncued,SUB,2,0.033866
100,0,CA1-SUB,uncued,SUB,3,0.502082
100,0,CA1-SUB,uncued,SUB,4,0.023849
100,0,CA1-SUB,uncued,SUB,5,0.12416
100,0,CA1-SUB,uncued,SUB,6,0.014726
100,0,CA1-SUB,uncued,SUB,7,0.091813
100,0,CA1-SUB,uncued,SUB,8,0.03372
100,0,CA1-SUB,uncued,SUB,9,0.015077
100,0,CA1-SUB,uncued,SUB,10,0.300932
100,0,CA1-SUB,uncued,SUB,11,0.042972
100,0,CA1-SUB,uncued,SUB,12,0.729226
100,0,CA1-SUB,uncued,SUB,13,0.171129
100,0,CA1-SUB,uncued,SUB,14,0.229879
100,0,CA1-SUB,uncued,SUB,15,0.690935
100,0,CA1-SUB,uncued,SUB,16,0.022821
100,0,CA1-SUB,uncued,SUB,17,0.174703
100,0,CA1-SUB,uncued,SUB,18,0.038162
100,0,CA1-SUB,uncued,SUB,19,0.392999
100,0,CA1-SUB,uncued,SUB,20,0.091923
100,0,CA1-SUB,uncued,SUB,21,0.009675
100,0,CA1-SUB,uncued,SUB,22,0.073678
100,0,CA1-SUB,uncued,SUB,23,0.029257
100,0,CA1-SUB,uncued,SUB,24,0.655067
100,0,CA1-SUB,uncued,SUB,25,0.743832
100,0,CA1-SUB,uncued,SUB,26,0.297207
100,0,CA1-SUB,uncued,SUB,27,0.793392
100,0,CA1-SUB,uncued,SUB,28,0.051157
100,0,CA1-SUB,uncued,SUB,29,0.50171
100,0,CA1-SUB,uncued,SUB,30,0.10022
100,0,CA1-SUB,uncued,SUB,31,0.785317
100,0,CA1-SUB,uncued,SUB,32,0.019719
100,0,CA1-SUB,uncued,SUB,33,0.465082
100,0,CA1-SUB,uncued,SUB,34,0.196536
100,0,CA1-SUB,uncued,SUB,35,0.083764
100,0,CA1-SUB,uncued,SUB,36,0.24912
100,0,CA1-SUB,uncued,SUB,37,0.079378
100,0,CA1-SUB,uncued,SUB,38,0.768299
100,0,CA1-SUB,uncued,SUB,39,0.121573
100,0,CA1-SUB,uncued,SUB,40,0.802629
100,0,CA1-SUB,uncued,SUB,41,0.134213
100,0,CA1-SUB,uncued,SUB,42,0.16017
100,0,CA1-SUB,uncued,SUB,43,0.017059
100,0,CA1-SUB,uncued,SUB,44,0.138156
100,0,CA1-SUB,uncued,SUB,45,0.19304
100,0,CA1-SUB,uncued,SUB,46,0.813125
100,0,CA1-SUB,uncued,SUB,47,0.713454
100,0,CA1-SUB,uncued,SUB,48,0.684084
100,0,CA1-SUB,uncued,SUB,49,0.023208
100,0,CA1-SUB,uncued,SUB,50,0.200891
100,0,CA1-SUB,uncued,SUB,51,0.0139
100,0,CA1-SUB,uncued,SUB,52,0.78672
100,0,CA1-SUB,uncued,SUB,53,0.050386
100,0,CA1-SUB,uncued,SUB,54,0.623827
100,0,CA1-SUB,cued,CA1,0,0.015375
100,0,CA1-SUB,cued,CA1,1,0.032434
100,0,CA1-SUB,cued,CA1,2,0.474027
100,0,CA1-SUB,cued,CA1,3,0.012848
100,0,CA1-SUB,cued,CA1,4,0.113125
100,0,CA1-SUB,cued,CA1,5,0.029563
100,0,CA1-SUB,cued,CA1,6,0.008769
100,0,CA1-SUB,cued,CA1,7,0.059285
100,0,CA1-SUB,cued,CA1,8,0.011243
100,0,CA1-SUB,cued,CA1,9,0.738358
100,0,CA1-SUB,cued,CA1,10,0.708721
100,0,CA1-SUB,cued,CA1,11,0.099006
100,0,CA1-SUB,cued,CA1,12,0.008924
100,0,CA1-SUB,cued,CA1,13,0.030496
100,0,CA1-SUB,cued,CA1,14,0.068123
100,0,CA1-SUB,cued,CA1,15,0.031496
100,0,CA1-SUB,cued,CA1,16,0.033978
100,0,CA1-SUB,cued,CA1,17,0.023635
100,0,CA1-SUB,cued,CA1,18,0.038866
100,0,CA1-SUB,cued,CA1,19,0.066349
100,0,CA1-SUB,cued,CA1,20,0.05089
100,0,CA1-SUB,cued,CA1,21,0.642692
100,0,CA1-SUB,cued,CA1,22,0.036595
100,0,CA1-SUB,cued,CA1,23,0.011324
100,0,CA1-SUB,cued,CA1,24,0.612069
100,0,CA1-SUB,cued,CA1,25,0.679362
100,0,CA1-SUB,cued,CA1,26,0.062789
100,0,CA1-SUB,cued,CA1,27,0.037586
100,0,CA1-SUB,cued,CA1,28,0.074279
100,0,CA1-SUB,cued,CA1,29,0.752795
100,0,CA1-SUB,cued,CA1,30,0.032929
100,0,CA1-SUB,cued,CA1,31,0.045706
100,0,CA1-SUB,cued,CA1,32,0.033845
100,0,CA1-SUB,cued,CA1,33,0.702435
100,0,CA1-SUB,cued,CA1,34,0.048624
100,0,CA1-SUB,cued,CA1,35,0.100452
100,0,CA1-SUB,cued,CA1,36,0.082084
100,0,CA1-SUB,cued,CA1,37,0.043252
100,0,CA1-SUB,cued,CA1,38,0.543049
100,0,CA1-SUB,cued,CA1,39,0.057159
100,0,CA1-SUB,cued,CA1,40,0.012099
100,0,CA1-SUB,cued,CA1,41,0.681508
100,0,CA1-SUB,cued,CA1,42,0.079601
100,0,CA1-SUB,cued,CA1,43,0.056964
100,0,CA1-SUB,cued,CA1,44,0.021865
100,0,CA1-SUB,cued,CA1,45,0.049554
100,0,CA1-SUB,cued,CA1,46,0.059189
100,0,CA1-SUB,cued,CA1,47,0.082114
100,0,CA1-SUB,cued,CA1,48,0.074005
100,0,CA1-SUB,cued,CA1,49,0.026041
100,0,CA1-SUB,cued,CA1,50,0.036731
100,0,CA1-SUB,cued,CA1,51,0.038755
100,0,CA1-SUB,cued,CA1,52,0.01841
100,0,CA1-SUB,cued,CA1,53,0.711733
100,0,CA1-SUB,cued,CA1,54,0.065341
100,0,CA1-SUB,cued,CA1,55,0.10549
100,0,CA1-SUB,cued,CA1,56,0.064165
100,0,CA1-SUB,cued,CA1,57,0.033649
100,0,CA1-SUB,cued,CA1,58,0.02047
100,0,CA1-SUB,cued,CA1,59,0.030582
100,0,CA1-SUB,cued,CA1,60,0.0849
100,0,CA1-SUB,cued,CA1,61,0.532739
100,0,CA1-SUB,cued,CA1,62,0.615475
100,0,CA1-SUB,cued,CA1,63,0.180064
100,0,CA1-SUB,cued,CA1,64,0.039006
100,0,CA1-SUB,cued,CA1,65,0.696665
100,0,CA1-SUB,cued,CA1,66,0.460973
100,0,CA1-SUB,cued,CA1,67,0.044019
100,0,CA1-SUB,cued,SUB,0,0.143978
100,0,CA1-SUB,cued,SUB,1,0.022489
100,0,CA1-SUB,cued,SUB,2,0.025454
100,0,CA1-SUB,cued,SUB,3,0.361816
100,0,CA1-SUB,cued,SUB,4,0.053154
100,0,CA1-SUB,cued,SUB,5,0.179567
100,0,CA1-SUB,cued,SUB,6,0.011368
100,0,CA1-SUB,cued,SUB,7,0.084879
100,0,CA1-SUB,cued,SUB,8,0.032366
100,0,CA1-SUB,cued,SUB,9,0.036757
100,0,CA1-SUB,cued,SUB,10,0.48254
100,0,CA1-SUB,cued,SUB,11,0.017695
100,0,CA1-SUB,cued,SUB,12,0.667247
100,0,CA1-SUB,cued,SUB,13,0.388942
100,0,CA1-SUB,cued,SUB,14,0.318385
100,0,CA1-SUB,cued,SUB,15,0.721601
100,0,CA1-SUB,cued,SUB,16,0.005885
100,0,CA1-SUB,cued,SUB,17,0.225556
100,0,CA1-SUB,cued,SUB,18,0.056084
100,0,CA1-SUB,cued,SUB,19,0.44924
100,0,CA1-SUB,cued,SUB,20,0.075349
100,0,CA1-SUB,cued,SUB,21,0.022709
100,0,CA1-SUB,cued,SUB,22,0.070502
100,0,CA1-SUB,cued,SUB,23,0.641958
100,0,CA1-SUB,cued,SUB,24,0.621116
100,0,CA1-SUB,cued,SUB,25,0.050177
100,0,CA1-SUB,cued,SUB,26,0.242293
100,0,CA1-SUB,cued,SUB,27,0.020523
100,0,CA1-SUB,cued,SUB,28,0.755615
100,0,CA1-SUB,cued,SUB,29,0.719048
100,0,CA1-SUB,cued,SUB,30,0.366778
100,0,CA1-SUB,cued,SUB,31,0.643555
100,0,CA1-SUB,cued,SUB,32,0.006531
100,0,CA1-SUB,cued,SUB,33,0.527069
100,0,CA1-SUB,cued,SUB,34,0.136361
100,0,CA1-SUB,cued,SUB,35,0.18843
100,0,CA1-SUB,cued,SUB,36,0.347088
100,0,CA1-SUB,cued,SUB,37,0.089404
100,0,CA1-SUB,cued,SUB,38,0.475193
100,0,CA1-SUB,cued,SUB,39,0.135815
100,0,CA1-SUB,cued,SUB,40,0.059909
100,0,CA1-SUB,cued,SUB,41,0.574181
100,0,CA1-SUB,cued,SUB,42,0.2306
100,0,CA1-SUB,cued,SUB,43,0.00914
100,0,CA1-SUB,cued,SUB,44,0.093826
100,0,CA1-SUB,cued,SUB,45,0.071774
100,0,CA1-SUB,cued,SUB,46,0.819754
100,0,CA1-SUB,cued,SUB,47,0.820379
100,0,CA1-SUB,cued,SUB,48,0.091462
100,0,CA1-SUB,cued,SUB,49,0.018364
100,0,CA1-SUB,cued,SUB,50,0.039996
100,0,CA1-SUB,cued,SUB,51,0.020531
100,0,CA1-SUB,cued,SUB,52,0.701459
100,0,CA1-SUB,cued,SUB,53,0.713178
100,0,CA1-SUB,cued,SUB,54,0.680551
100,0,RSC-SUB,uncued,RSC,0,0.607263
100,0,RSC-SUB,uncued,RSC,1,0.017584
100,0,RSC-SUB,uncued,RSC,2,0.044373
100,0,RSC-SUB,uncued,RSC,3,0.030857
100,0,RSC-SUB,uncued,RSC,4,0.08483
100,0,RSC-SUB,uncued,RSC,5,0.0661
100,0,RSC-SUB,uncued,RSC,6,0.104248
100,0,RSC-SUB,uncued,RSC,7,0.088085
100,0,RSC-SUB,uncued,RSC,8,0.030298
100,0,RSC-SUB,uncued,RSC,9,0.112885
100,0,RSC-SUB,uncued,RSC,10,0.7351
100,0,RSC-SUB,uncued,RSC,11,0.583346
100,0,RSC-SUB,uncued,RSC,12,0.020959
100,0,RSC-SUB,uncued,RSC,13,0.004278
100,0,RSC-SUB,uncued,RSC,14,0.027997
100,0,RSC-SUB,uncued,RSC,15,0.017136
100,0,RSC-SUB,uncued,RSC,16,0.525487
100,0,RSC-SUB,uncued,RSC,17,0.078239
100,0,RSC-SUB,uncued,RSC,18,0.043537
100,0,RSC-SUB,uncued,RSC,19,0.029828
100,0,RSC-SUB,uncued,RSC,20,0.358607
100,0,RSC-SUB,uncued,RSC,21,0.018543
100,0,RSC-SUB,uncued,RSC,22,0.088843
100,0,RSC-SUB,uncued,RSC,23,0.136352
100,0,RSC-SUB,uncued,RSC,24,0.048002
100,0,RSC-SUB,uncued,RSC,25,0.119709
100,0,RSC-SUB,uncued,RSC,26,0.197417
100,0,RSC-SUB,uncued,RSC,27,0.757192
100,0,RSC-SUB,uncued,RSC,28,0.058314
100,0,RSC-SUB,uncued,RSC,29,0.613925
100,0,RSC-SUB,uncued,RSC,30,0.0
100,0,RSC-SUB,uncued,RSC,31,0.051725
100,0,RSC-SUB,uncued,RSC,32,0.039457
100,0,RSC-SUB,uncued,RSC,33,0.78114
100,0,RSC-SUB,uncued,RSC,34,0.020181
100,0,RSC-SUB,uncued,RSC,35,0.044302
100,0,RSC-SUB,uncued,RSC,36,0.046238
100,0,RSC-SUB,uncued,RSC,37,0.011949
100,0,RSC-SUB,uncued,RSC,38,0.033507
100,0,RSC-SUB,uncued,RSC,39,0.158585
100,0,RSC-SUB,uncued,RSC,40,0.087175
100,0,RSC-SUB,uncued,RSC,41,0.055684
100,0,RSC-SUB,uncued,RSC,42,0.065645
100,0,RSC-SUB,uncued,RSC,43,0.060565
100,0,RSC-SUB,uncued,RSC,44,0.005117
100,0,RSC-SUB,uncued,RSC,45,0.305805
100,0,RSC-SUB,uncued,RSC,46,0.038014
100,0,RSC-SUB,uncued,RSC,47,0.274748
100,0,RSC-SUB,uncued,RSC,48,0.01243
100,0,RSC-SUB,uncued,RSC,49,0.143671
100,0,RSC-SUB,uncued,RSC,50,0.040383
100,0,RSC-SUB,uncued,RSC,51,0.030957
100,0,RSC-SUB,uncued,RSC,52,0.068416
100,0,RSC-SUB,uncued,RSC,53,0.693742
100,0,RSC-SUB,uncued,RSC,54,0.046473
100,0,RSC-SUB,uncued,RSC,55,0.004305
100,0,RSC-SUB,uncued,RSC,56,0.756029
100,0,RSC-SUB,uncued,RSC,57,0.796684
100,0,RSC-SUB,uncued,RSC,58,0.012546
100,0,RSC-SUB,uncued,RSC,59,0.199555
100,0,RSC-SUB,uncued,RSC,60,0.017796
100,0,RSC-SUB,uncued,RSC,61,0.220049
100,0,RSC-SUB,uncued,RSC,62,0.030204
100,0,RSC-SUB,uncued,RSC,63,0.025822
100,0,RSC-SUB,uncued,RSC,64,0.032142
100,0,RSC-SUB,uncued,RSC,65,0.012422
100,0,RSC-SUB,uncued,RSC,66,0.091349
100,0,RSC-SUB,uncued,RSC,67,0.792665
100,0,RSC-SUB,uncued,RSC,68,0.719203
100,0,RSC-SUB,uncued,RSC,69,0.084258
100,0,RSC-SUB,uncued,RSC,70,0.492305
100,0,RSC-SUB,uncued,RSC,71,0.033623
100,0,RSC-SUB,uncued,RSC,72,0.663829
100,0,RSC-SUB,uncued,RSC,73,0.722112
100,0,RSC-SUB,uncued,SUB,0,0.108743
100,0,RSC-SUB,uncued,SUB,1,0.019811
100,0,RSC-SUB,uncued,SUB,2,0.031197
100,0,RSC-SUB,uncued,SUB,3,0.463537
100,0,RSC-SUB,uncued,SUB,4,0.021871
100,0,RSC-SUB,uncued,SUB,5,0.115958
100,0,RSC-SUB,uncued,SUB,6,0.013108
100,0,RSC-SUB,uncued,SUB,7,0.09371
100,0,RSC-SUB,uncued,SUB,8,0.033019
100,0,RSC-SUB,uncued,SUB,9,0.014284
100,0,RSC-SUB,uncued,SUB,10,0.300844
100,0,RSC-SUB,uncued,SUB,11,0.040508
100,0,RSC-SUB,uncued,SUB,12,0.729851
100,0,RSC-SUB,uncued,SUB,13,0.174719
100,0,RSC-SUB,uncued,SUB,14,0.236038
100,0,RSC-SUB,uncued,SUB,15,0.690391
100,0,RSC-SUB,uncued,SUB,16,0.023268
100,0,RSC-SUB,uncued,SUB,17,0.178487
100,0,RSC-SUB,uncued,SUB,18,0.039002
100,0,RSC-SUB,uncued,SUB,19,0.390617
100,0,RSC-SUB,uncued,SUB,20,0.095687
100,0,RSC-SUB,uncued,SUB,21,0.009606
100,0,RSC-SUB,uncued,SUB,22,0.073284
100,0,RSC-SUB,uncued,SUB,23,0.030374
100,0,RSC-SUB,uncued,SUB,24,0.654465
100,0,RSC-SUB,uncued,SUB,25,0.742549
100,0,RSC-SUB,uncued,SUB,26,0.316943
100,0,RSC-SUB,uncued,SUB,27,0.797447
100,0,RSC-SUB,uncued,SUB,28,0.051283
100,0,RSC-SUB,uncued,SUB,29,0.502359
100,0,RSC-SUB,uncued,SUB,30,0.102031
100,0,RSC-SUB,uncued,SUB,31,0.78532
100,0,RSC-SUB,uncued,SUB,32,0.019695
100,0,RSC-SUB,uncued,SUB,33,0.464738
100,0,RSC-SUB,uncued,SUB,34,0.19207
100,0,RSC-SUB,uncued,SUB,35,0.089655
100,0,RSC-SUB,uncued,SUB,36,0.271093
100,0,RSC-SUB,uncued,SUB,37,0.079117
100,0,RSC-SUB,uncued,SUB,38,0.76745
100,0,RSC-SUB,uncued,SUB,39,0.121411
100,0,RSC-SUB,uncued,SUB,40,0.804816
100,0,RSC-SUB,uncued,SUB,41,0.136619
100,0,RSC-SUB,uncued,SUB,42,0.162398
100,0,RSC-SUB,uncued,SUB,43,0.016371
100,0,RSC-SUB,uncued,SUB,44,0.123948
100,0,RSC-SUB,uncued,SUB,45,0.175859
100,0,RSC-SUB,uncued,SUB,46,0.812672
100,0,RSC-SUB,uncued,SUB,47,0.70808
100,0,RSC-SUB,uncued,SUB,48,0.683753
100,0,RSC-SUB,uncued,SUB,49,0.023071
100,0,RSC-SUB,uncued,SUB,50,0.201564
100,0,RSC-SUB,uncued,SUB,51,0.014232
100,0,RSC-SUB,uncued,SUB,52,0.78614
100,0,RSC-SUB,uncued,SUB,53,0.054916
100,0,RSC-SUB,uncued,SUB,54,0.637883
100,0,RSC-SUB,cued,RSC,0,0.724402
100,0,RSC-SUB,cued,RSC,1,0.005216
100,0,RSC-SUB,cued,RSC,2,0.050776
100,0,RSC-SUB,cued,RSC,3,0.012508
100,0,RSC-SUB,cued,RSC,4,0.045061
100,0,RSC-SUB,cued,RSC,5,0.045173
100,0,RSC-SUB,cued,RSC,6,0.081734
100,0,RSC-SUB,cued,RSC,7,0.04334
100,0,RSC-SUB,cued,RSC,8,0.052435
100,0,RSC-SUB,cued,RSC,9,0.037027
100,0,RSC-SUB,cued,RSC,10,0.084799
100,0,RSC-SUB,cued,RSC,11,0.501779
100,0,RSC-SUB,cued,RSC,12,0.033424
100,0,RSC-SUB,cued,RSC,13,0.010779
100,0,RSC-SUB,cued,RSC,14,0.035142
100,0,RSC-SUB,cued,RSC,15,0.014393
100,0,RSC-SUB,cued,RSC,16,0.684198
100,0,RSC-SUB,cued,RSC,17,0.023511
100,0,RSC-SUB,cued,RSC,18,0.041065
100,0,RSC-SUB,cued,RSC,19,0.014713
100,0,RSC-SUB,cued,RSC,20,0.342303
100,0,RSC-SUB,cued,RSC,21,0.036769
100,0,RSC-SUB,cued,RSC,22,0.062485
100,0,RSC-SUB,cued,RSC,23,0.092923
100,0,RSC-SUB,cued,RSC,24,0.026337
100,0,RSC-SUB,cued,RSC,25,0.041285
100,0,RSC-SUB,cued,RSC,26,0.035516
100,0,RSC-SUB,cued,RSC,27,0.646955
100,0,RSC-SUB,cued,RSC,28,0.031708
100,0,RSC-SUB,cued,RSC,29,0.517746
100,0,RSC-SUB,cued,RSC,30,0.024854
100,0,RSC-SUB,cued,RSC,31,0.032478
100,0,RSC-SUB,cued,RSC,32,0.017925
100,0,RSC-SUB,cued,RSC,33,0.427737
100,0,RSC-SUB,cued,RSC,34,0.66664
100,0,RSC-SUB,cued,RSC,35,0.736487
100,0,RSC-SUB,cued,RSC,36,0.064671
100,0,RSC-SUB,cued,RSC,37,0.015184
100,0,RSC-SUB,cued,RSC,38,0.031259
100,0,RSC-SUB,cued,RSC,39,0.105587
100,0,RSC-SUB,cued,RSC,40,0.039039
100,0,RSC-SUB,cued,RSC,41,0.053106
100,0,RSC-SUB,cued,RSC,42,0.05457
100,0,RSC-SUB,cued,RSC,43,0.01691
100,0,RSC-SUB,cued,RSC,44,0.016337
100,0,RSC-SUB,cued,RSC,45,0.099339
100,0,RSC-SUB,cued,RSC,46,0.677205
100,0,RSC-SUB,cued,RSC,47,0.743356
100,0,RSC-SUB,cued,RSC,48,0.069229
100,0,RSC-SUB,cued,RSC,49,0.053576
100,0,RSC-SUB,cued,RSC,50,0.072537
100,0,RSC-SUB,cued,RSC,51,0.023866
100,0,RSC-SUB,cued,RSC,52,0.158918
100,0,RSC-SUB,cued,RSC,53,0.164387
100,0,RSC-SUB,cued,RSC,54,0.016427
100,0,RSC-SUB,cued,RSC,55,0.069032
100,0,RSC-SUB,cued,RSC,56,0.684579
100,0,RSC-SUB,cued,RSC,57,0.202006
100,0,RSC-SUB,cued,RSC,58,0.018909
100,0,RSC-SUB,cued,RSC,59,0.509358
100,0,RSC-SUB,cued,RSC,60,0.051229
100,0,RSC-SUB,cued,RSC,61,0.018377
100,0,RSC-SUB,cued,RSC,62,0.045534
100,0,RSC-SUB,cued,RSC,63,0.017705
100,0,RSC-SUB,cued,RSC,64,0.261634
100,0,RSC-SUB,cued,RSC,65,0.028385
100,0,RSC-SUB,cued,RSC,66,0.037695
100,0,RSC-SUB,cued,RSC,67,0.05183
100,0,RSC-SUB,cued,RSC,68,0.026765
100,0,RSC-SUB,cued,RSC,69,0.038271
100,0,RSC-SUB,cued,RSC,70,0.501859
100,0,RSC-SUB,cued,RSC,71,0.713465
100,0,RSC-SUB,cued,RSC,72,0.526563
100,0,RSC-SUB,cued,RSC,73,0.087985
100,0,RSC-SUB,cued,SUB,0,0.140823
100,0,RSC-SUB,cued,SUB,1,0.023426
100,0,RSC-SUB,cued,SUB,2,0.026335
100,0,RSC-SUB,cued,SUB,3,0.347939
100,0,RSC-SUB,cued,SUB,4,0.052763
100,0,RSC-SUB,cued,SUB,5,0.186973
100,0,RSC-SUB,cued,SUB,6,0.012551
100,0,RSC-SUB,cued,SUB,7,0.088911
100,0,RSC-SUB,cued,SUB,8,0.030686
100,0,RSC-SUB,cued,SUB,9,0.037822
100,0,RSC-SUB,cued,SUB,10,0.482801
100,0,RSC-SUB,cued,SUB,11,0.01746
100,0,RSC-SUB,cued,SUB,12,0.672563
100,0,RSC-SUB,cued,SUB,13,0.391214
100,0,RSC-SUB,cued,SUB,14,0.326727
100,0,RSC-SUB,cued,SUB,15,0.721509
100,0,RSC-SUB,cued,SUB,16,0.006001
100,0,RSC-SUB,cued,SUB,17,0.233717
100,0,RSC-SUB,cued,SUB,18,0.054669
100,0,RSC-SUB,cued,SUB,19,0.449331
100,0,RSC-SUB,cued,SUB,20,0.070125
100,0,RSC-SUB,cued,SUB,21,0.023912
100,0,RSC-SUB,cued,SUB,22,0.074488
100,0,RSC-SUB,cued,SUB,23,0.641512
100,0,RSC-SUB,cued,SUB,24,0.61994
100,0,RSC-SUB,cued,SUB,25,0.049591
100,0,RSC-SUB,cued,SUB,26,0.248484
100,0,RSC-SUB,cued,SUB,27,0.021995
100,0,RSC-SUB,cued,SUB,28,0.737091
100,0,RSC-SUB,cued,SUB,29,0.7179
100,0,RSC-SUB,cued,SUB,30,0.381217
100,0,RSC-SUB,cued,SUB,31,0.643897
100,0,RSC-SUB,cued,SUB,32,0.00636
100,0,RSC-SUB,cued,SUB,33,0.52654
100,0,RSC-SUB,cued,SUB,34,0.110004
100,0,RSC-SUB,cued,SUB,35,0.187379
100,0,RSC-SUB,cued,SUB,36,0.362661
100,0,RSC-SUB,cued,SUB,37,0.087479
100,0,RSC-SUB,cued,SUB,38,0.466334
100,0,RSC-SUB,cued,SUB,39,0.138973
100,0,RSC-SUB,cued,SUB,40,0.058804
100,0,RSC-SUB,cued,SUB,41,0.570648
100,0,RSC-SUB,cued,SUB,42,0.231719
100,0,RSC-SUB,cued,SUB,43,0.009631
100,0,RSC-SUB,cued,SUB,44,0.0965
100,0,RSC-SUB,cued,SUB,45,0.07349
100,0,RSC-SUB,cued,SUB,46,0.819719
100,0,RSC-SUB,cued,SUB,47,0.818984
100,0,RSC-SUB,cued,SUB,48,0.090784
100,0,RSC-SUB,cued,SUB,49,0.01849
100,0,RSC-SUB,cued,SUB,50,0.03669
100,0,RSC-SUB,cued,SUB,51,0.020226
100,0,RSC-SUB,cued,SUB,52,0.701308
100,0,RSC-SUB,cued,SUB,53,0.712704
100,0,RSC-SUB,cued,SUB,54,0.679673
100,0,V1-RSC,uncued,V1,0,0.013758
100,0,V1-RSC,uncued,V1,1,0.109673
100,0,V1-RSC,uncued,V1,2,0.690002
100,0,V1-RSC,uncued,V1,3,0.245715
100,0,V1-RSC,uncued,V1,4,0.101059
100,0,V1-RSC,uncued,V1,5,0.013749
100,0,V1-RSC,uncued,V1,6,0.011606
100,0,V1-RSC,uncued,V1,7,0.017928
100,0,V1-RSC,uncued,V1,8,0.636715
100,0,V1-RSC,uncued,V1,9,0.060651
100,0,V1-RSC,uncued,V1,10,0.057567
100,0,V1-RSC,uncued,V1,11,0.005132
100,0,V1-RSC,uncued,V1,12,0.0
100,0,V1-RSC,uncued,V1,13,0.203172
100,0,V1-RSC,uncued,V1,14,0.032061
100,0,V1-RSC,uncued,V1,15,0.043995
100,0,V1-RSC,uncued,V1,16,0.041259
100,0,V1-RSC,uncued,V1,17,0.062584
100,0,V1-RSC,uncued,V1,18,0.007175
100,0,V1-RSC,uncued,V1,19,0.097883
100,0,V1-RSC,uncued,V1,20,0.077437
100,0,V1-RSC,uncued,V1,21,0.084407
100,0,V1-RSC,uncued,V1,22,0.016515
100,0,V1-RSC,uncued,V1,23,0.043959
100,0,V1-RSC,uncued,V1,24,0.15619
100,0,V1-RSC,uncued,V1,25,0.026945
100,0,V1-RSC,uncued,V1,26,0.152832
100,0,V1-RSC,uncued,V1,27,0.061272
100,0,V1-RSC,uncued,V1,28,0.080308
100,0,V1-RSC,uncued,V1,29,0.131403
100,0,V1-RSC,uncued,V1,30,0.096334
100,0,V1-RSC,uncued,V1,31,0.059617
100,0,V1-RSC,uncued,V1,32,0.623676
100,0,V1-RSC,uncued,V1,33,0.074005
100,0,V1-RSC,uncued,V1,34,0.109488
100,0,V1-RSC,uncued,V1,35,0.216115
100,0,V1-RSC,uncued,V1,36,0.660254
100,0,V1-RSC,uncued,V1,37,0.033843
100,0,V1-RSC,uncued,V1,38,0.022686
100,0,V1-RSC,uncued,V1,39,0.058914
100,0,V1-RSC,uncued,V1,40,0.191265
100,0,V1-RSC,uncued,V1,41,0.087628
100,0,V1-RSC,uncued,V1,42,0.464555
100,0,V1-RSC,uncued,V1,43,0.110762
100,0,V1-RSC,uncued,V1,44,0.091955
100,0,V1-RSC,uncued,V1,45,0.040079
100,0,V1-RSC,uncued,V1,46,0.080106
100,0,V1-RSC,uncued,V1,47,0.065547
100,0,V1-RSC,uncued,V1,48,0.083568
100,0,V1-RSC,uncued,V1,49,0.050625
100,0,V1-RSC,uncued,V1,50,0.039864
100,0,V1-RSC,uncued,V1,51,0.176313
100,0,V1-RSC,uncued,V1,52,0.081379
100,0,V1-RSC,uncued,V1,53,0.717064
100,0,V1-RSC,uncued,V1,54,0.689588
100,0,V1-RSC,uncued,V1,55,0.62743
100,0,V1-RSC,uncued,V1,56,0.186204
100,0,V1-RSC,uncued,V1,57,0.064249
100,0,V1-RSC,uncued,V1,58,0.045253
100,0,V1-RSC,uncued,V1,59,0.0218
100,0,V1-RSC,uncued,V1,60,0.023041
100,0,V1-RSC,uncued,V1,61,0.074665
100,0,V1-RSC,uncued,V1,62,0.033053
100,0,V1-RSC,uncued,V1,63,0.062598
100,0,V1-RSC,uncued,V1,64,0.042078
100,0,V1-RSC,uncued,V1,65,0.045779
100,0,V1-RSC,uncued,V1,66,0.02912
100,0,V1-RSC,uncued,V1,67,0.034154
100,0,V1-RSC,uncued,V1,68,0.014207
100,0,V1-RSC,uncued,V1,69,0.089789
100,0,V1-RSC,uncued,V1,70,0.004282
100,0,V1-RSC,uncued,V1,71,0.060706
100,0,V1-RSC,uncued,V1,72,0.038762
100,0,V1-RSC,uncued,V1,73,0.01146
100,0,V1-RSC,uncued,V1,74,0.0
100,0,V1-RSC,uncued,V1,75,0.006377
100,0,V1-RSC,uncued,V1,76,0.03626
100,0,V1-RSC,uncued,V1,77,0.0
100,0,V1-RSC,uncued,V1,78,0.006816
100,0,V1-RSC,uncued,V1,79,0.024271
100,0,V1-RSC,uncued,V1,80,0.05135
100,0,V1-RSC,uncued,V1,81,0.023749
100,0,V1-RSC,uncued,V1,82,0.057756
100,0,V1-RSC,uncued,V1,83,0.00437
100,0,V1-RSC,uncued,V1,84,0.731027
100,0,V1-RSC,uncued,V1,85,0.679278
100,0,V1-RSC,uncued,V1,86,0.436151
100,0,V1-RSC,uncued,V1,87,0.120636
100,0,V1-RSC,uncued,V1,88,0.016498
100,0,V1-RSC,uncued,V1,89,0.034809
100,0,V1-RSC,uncued,V1,90,0.022664
100,0,V1-RSC,uncued,V1,91,0.2659
100,0,V1-RSC,uncued,V1,92,0.063661
100,0,V1-RSC,uncued,V1,93,0.087834
100,0,V1-RSC,uncued,V1,94,0.091014
100,0,V1-RSC,uncued,V1,95,0.007927
100,0,V1-RSC,uncued,V1,96,0.129952
100,0,V1-RSC,uncued,V1,97,0.02783
100,0,V1-RSC,uncued,V1,98,0.103681
100,0,V1-RSC,uncued,V1,99,0.736903
100,0,V1-RSC,uncued,V1,100,0.019085
100,0,V1-RSC,uncued,V1,101,0.166529
100,0,V1-RSC,uncued,V1,102,0.052087
100,0,V1-RSC,uncued,V1,103,0.022649
100,0,V1-RSC,uncued,V1,104,0.059963
100,0,V1-RSC,uncued,V1,105,0.01742
100,0,V1-RSC,uncued,V1,106,0.034886
100,0,V1-RSC,uncued,V1,107,0.020968
100,0,V1-RSC,uncued,V1,108,0.017295
100,0,V1-RSC,uncued,V1,109,0.030328
100,0,V1-RSC,uncued,V1,110,0.018325
100,0,V1-RSC,uncued,V1,111,0.652397
100,0,V1-RSC,uncued,V1,112,0.024303
100,0,V1-RSC,uncued,V1,113,0.009435
100,0,V1-RSC,uncued,V1,114,0.028185
100,0,V1-RSC,uncued,V1,115,0.137865
100,0,V1-RSC,uncued,V1,116,0.0
100,0,V1-RSC,uncued,V1,117,0.04949
100,0,V1-RSC,uncued,V1,118,0.033258
100,0,V1-RSC,uncued,V1,119,0.086504
100,0,V1-RSC,uncued,V1,120,0.165934
100,0,V1-RSC,uncued,V1,121,0.138865
100,0,V1-RSC,uncued,V1,122,0.058335
100,0,V1-RSC,uncued,V1,123,0.113344
100,0,V1-RSC,uncued,V1,124,0.7105
100,0,V1-RSC,uncued,V1,125,0.117962
100,0,V1-RSC,uncued,V1,126,0.035798
100,0,V1-RSC,uncued,V1,127,0.020168
100,0,V1-RSC,uncued,V1,128,0.148633
100,0,V1-RSC,uncued,V1,129,0.013627
100,0,V1-RSC,uncued,V1,130,0.198569
100,0,V1-RSC,uncued,V1,131,0.620684
100,0,V1-RSC,uncued,V1,132,0.014546
100,0,V1-RSC,uncued,V1,133,0.030016
100,0,V1-RSC,uncued,V1,134,0.028142
100,0,V1-RSC,uncued,V1,135,0.006141
100,0,V1-RSC,uncued,V1,136,0.035935
100,0,V1-RSC,uncued,V1,137,0.002244
100,0,V1-RSC,uncued,V1,138,0.012061
100,0,V1-RSC,uncued,V1,139,0.015981
100,0,V1-RSC,uncued,V1,140,0.197184
100,0,V1-RSC,uncued,V1,141,0.027235
100,0,V1-RSC,uncued,V1,142,0.069241
100,0,V1-RSC,uncued,V1,143,0.0
100,0,V1-RSC,uncued,V1,144,0.014945
100,0,V1-RSC,uncued,V1,145,0.060715
100,0,V1-RSC,uncued,V1,146,0.009968
100,0,V1-RSC,uncued,V1,147,0.0
100,0,V1-RSC,uncued,RSC,0,0.684492
100,0,V1-RSC,uncued,RSC,1,0.017608
100,0,V1-RSC,uncued,RSC,2,0.040698
100,0,V1-RSC,uncued,RSC,3,0.028252
100,0,V1-RSC,uncued,RSC,4,0.089529
100,0,V1-RSC,uncued,RSC,5,0.060871
100,0,V1-RSC,uncued,RSC,6,0.105718
100,0,V1-RSC,uncued,RSC,7,0.093713
100,0,V1-RSC,uncued,RSC,8,0.037157
100,0,V1-RSC,uncued,RSC,9,0.10922
100,0,V1-RSC,uncued,RSC,10,0.732828
100,0,V1-RSC,uncued,RSC,11,0.580885
100,0,V1-RSC,uncued,RSC,12,0.01985
100,0,V1-RSC,uncued,RSC,13,0.004276
100,0,V1-RSC,uncued,RSC,14,0.032079
100,0,V1-RSC,uncued,RSC,15,0.018243
100,0,V1-RSC,uncued,RSC,16,0.401741
100,0,V1-RSC,uncued,RSC,17,0.079083
100,0,V1-RSC,uncued,RSC,18,0.035254
100,0,V1-RSC,uncued,RSC,19,0.028384
100,0,V1-RSC,uncued,RSC,20,0.356894
100,0,V1-RSC,uncued,RSC,21,0.017712
100,0,V1-RSC,uncued,RSC,22,0.095721
100,0,V1-RSC,uncued,RSC,23,0.131851
100,0,V1-RSC,uncued,RSC,24,0.048432
100,0,V1-RSC,uncued,RSC,25,0.123893
100,0,V1-RSC,uncued,RSC,26,0.198164
100,0,V1-RSC,uncued,RSC,27,0.754703
100,0,V1-RSC,uncued,RSC,28,0.054362
100,0,V1-RSC,uncued,RSC,29,0.611428
100,0,V1-RSC,uncued,RSC,30,0.0
100,0,V1-RSC,uncued,RSC,31,0.055266
100,0,V1-RSC,uncued,RSC,32,0.037607
100,0,V1-RSC,uncued,RSC,33,0.778518
100,0,V1-RSC,uncued,RSC,34,0.019237
100,0,V1-RSC,uncued,RSC,35,0.04631
100,0,V1-RSC,uncued,RSC,36,0.045144
100,0,V1-RSC,uncued,RSC,37,0.013144
100,0,V1-RSC,uncued,RSC,38,0.032719
100,0,V1-RSC,uncued,RSC,39,0.156385
100,0,V1-RSC,uncued,RSC,40,0.08633
100,0,V1-RSC,uncued,RSC,41,0.062274
100,0,V1-RSC,uncued,RSC,42,0.059338
100,0,V1-RSC,uncued,RSC,43,0.057282
100,0,V1-RSC,uncued,RSC,44,0.005694
100,0,V1-RSC,uncued,RSC,45,0.292692
100,0,V1-RSC,uncued,RSC,46,0.05011
100,0,V1-RSC,uncued,RSC,47,0.245307
100,0,V1-RSC,uncued,RSC,48,0.01194
100,0,V1-RSC,uncued,RSC,49,0.142829
100,0,V1-RSC,uncued,RSC,50,0.045274
100,0,V1-RSC,uncued,RSC,51,0.036395
100,0,V1-RSC,uncued,RSC,52,0.118695
100,0,V1-RSC,uncued,RSC,53,0.690794
100,0,V1-RSC,uncued,RSC,54,0.045056
100,0,V1-RSC,uncued,RSC,55,0.003967
100,0,V1-RSC,uncued,RSC,56,0.729763
100,0,V1-RSC,uncued,RSC,57,0.783757
100,0,V1-RSC,uncued,RSC,58,0.011389
100,0,V1-RSC,uncued,RSC,59,0.218848
100,0,V1-RSC,uncued,RSC,60,0.01886
100,0,V1-RSC,uncued,RSC,61,0.220982
100,0,V1-RSC,uncued,RSC,62,0.031341
100,0,V1-RSC,uncued,RSC,63,0.024671
100,0,V1-RSC,uncued,RSC,64,0.034835
100,0,V1-RSC,uncued,RSC,65,0.014045
100,0,V1-RSC,uncued,RSC,66,0.10183
100,0,V1-RSC,uncued,RSC,67,0.785002
100,0,V1-RSC,uncued,RSC,68,0.715446
100,0,V1-RSC,uncued,RSC,69,0.08236
100,0,V1-RSC,uncued,RSC,70,0.490287
100,0,V1-RSC,uncued,RSC,71,0.036163
100,0,V1-RSC,uncued,RSC,72,0.654304
100,0,V1-RSC,uncued,RSC,73,0.695458
100,0,V1-RSC,cued,V1,0,0.007923
100,0,V1-RSC,cued,V1,1,0.090769
100,0,V1-RSC,cued,V1,2,0.502891
100,0,V1-RSC,cued,V1,3,0.146231
100,0,V1-RSC,cued,V1,4,0.054584
100,0,V1-RSC,cued,V1,5,0.022665
100,0,V1-RSC,cued,V1,6,0.015421
100,0,V1-RSC,cued,V1,7,0.023913
100,0,V1-RSC,cued,V1,8,0.595568
100,0,V1-RSC,cued,V1,9,0.261558
100,0,V1-RSC,cued,V1,10,0.060535
100,0,V1-RSC,cued,V1,11,0.010988
100,0,V1-RSC,cued,V1,12,0.004007
100,0,V1-RSC,cued,V1,13,0.246933
100,0,V1-RSC,cued,V1,14,0.025593
100,0,V1-RSC,cued,V1,15,0.04774
100,0,V1-RSC,cued,V1,16,0.014777
100,0,V1-RSC,cued,V1,17,0.056779
100,0,V1-RSC,cued,V1,18,0.019713
100,0,V1-RSC,cued,V1,19,0.076437
100,0,V1-RSC,cued,V1,20,0.035777
100,0,V1-RSC,cued,V1,21,0.113758
100,0,V1-RSC,cued,V1,22,0.04991
100,0,V1-RSC,cued,V1,23,0.047456
100,0,V1-RSC,cued,V1,24,0.103847
100,0,V1-RSC,cued,V1,25,0.035402
100,0,V1-RSC,cued,V1,26,0.093953
100,0,V1-RSC,cued,V1,27,0.029318
100,0,V1-RSC,cued,V1,28,0.067319
100,0,V1-RSC,cued,V1,29,0.112439
100,0,V1-RSC,cued,V1,30,0.074984
100,0,V1-RSC,cued,V1,31,0.058559
100,0,V1-RSC,cued,V1,32,0.27406
100,0,V1-RSC,cued,V1,33,0.056414
100,0,V1-RSC,cued,V1,34,0.102743
100,0,V1-RSC,cued,V1,35,0.274519
100,0,V1-RSC,cued,V1,36,0.124827
100,0,V1-RSC,cued,V1,37,0.071336
100,0,V1-RSC,cued,V1,38,0.087696
100,0,V1-RSC,cued,V1,39,0.060173
100,0,V1-RSC,cued,V1,40,0.093346
100,0,V1-RSC,cued,V1,41,0.115753
100,0,V1-RSC,cued,V1,42,0.102626
100,0,V1-RSC,cued,V1,43,0.047106
100,0,V1-RSC,cued,V1,44,0.136646
100,0,V1-RSC,cued,V1,45,0.060329
100,0,V1-RSC,cued,V1,46,0.078616
100,0,V1-RSC,cued,V1,47,0.214202
100,0,V1-RSC,cued,V1,48,0.087852
100,0,V1-RSC,cued,V1,49,0.035236
100,0,V1-RSC,cued,V1,50,0.102903
100,0,V1-RSC,cued,V1,51,0.115109
100,0,V1-RSC,cued,V1,52,0.062326
100,0,V1-RSC,cued,V1,53,0.129889
100,0,V1-RSC,cued,V1,54,0.086717
100,0,V1-RSC,cued,V1,55,0.085722
100,0,V1-RSC,cued,V1,56,0.034521
100,0,V1-RSC,cued,V1,57,0.13488
100,0,V1-RSC,cued,V1,58,0.171281
100,0,V1-RSC,cued,V1,59,0.053558
100,0,V1-RSC,cued,V1,60,0.104738
100,0,V1-RSC,cued,V1,61,0.167098
100,0,V1-RSC,cued,V1,62,0.067333
100,0,V1-RSC,cued,V1,63,0.115338
100,0,V1-RSC,cued,V1,64,0.214808
100,0,V1-RSC,cued,V1,65,0.07684
100,0,V1-RSC,cued,V1,66,0.386842
100,0,V1-RSC,cued,V1,67,0.088411
100,0,V1-RSC,cued,V1,68,0.550133
100,0,V1-RSC,cued,V1,69,0.151949
100,0,V1-RSC,cued,V1,70,0.159367
100,0,V1-RSC,cued,V1,71,0.19171
100,0,V1-RSC,cued,V1,72,0.158787
100,0,V1-RSC,cued,V1,73,0.093615
100,0,V1-RSC,cued,V1,74,0.057895
100,0,V1-RSC,cued,V1,75,0.035658
100,0,V1-RSC,cued,V1,76,0.0607
100,0,V1-RSC,cued,V1,77,0.120875
100,0,V1-RSC,cued,V1,78,0.065698
100,0,V1-RSC,cued,V1,79,0.027733
100,0,V1-RSC,cued,V1,80,0.183295
100,0,V1-RSC,cued,V1,81,0.013881
100,0,V1-RSC,cued,V1,82,0.042439
100,0,V1-RSC,cued,V1,83,0.013
100,0,V1-RSC,cued,V1,84,0.570955
100,0,V1-RSC,cued,V1,85,0.306388
100,0,V1-RSC,cued,V1,86,0.49265
100,0,V1-RSC,cued,V1,87,0.477401
100,0,V1-RSC,cued,V1,88,0.074808
100,0,V1-RSC,cued,V1,89,0.026959
100,0,V1-RSC,cued,V1,90,0.011343
100,0,V1-RSC,cued,V1,91,0.260354
100,0,V1-RSC,cued,V1,92,0.102584
100,0,V1-RSC,cued,V1,93,0.093552
100,0,V1-RSC,cued,V1,94,0.052591
100,0,V1-RSC,cued,V1,95,0.007002
100,0,V1-RSC,cued,V1,96,0.048728
100,0,V1-RSC,cued,V1,97,0.027807
100,0,V1-RSC,cued,V1,98,0.044246
100,0,V1-RSC,cued,V1,99,0.068521
100,0,V1-RSC,cued,V1,100,0.031557
100,0,V1-RSC,cued,V1,101,0.088501
100,0,V1-RSC,cued,V1,102,0.1176
100,0,V1-RSC,cued,V1,103,0.223373
100,0,V1-RSC,cued,V1,104,0.036356
100,0,V1-RSC,cued,V1,105,0.142142
100,0,V1-RSC,cued,V1,106,0.0957
100,0,V1-RSC,cued,V1,107,0.046991
100,0,V1-RSC,cued,V1,108,0.161593
100,0,V1-RSC,cued,V1,109,0.107853
100,0,V1-RSC,cued,V1,110,0.120164
100,0,V1-RSC,cued,V1,111,0.551355
100,0,V1-RSC,cued,V1,112,0.577524
100,0,V1-RSC,cued,V1,113,0.472759
100,0,V1-RSC,cued,V1,114,0.118723
100,0,V1-RSC,cued,V1,115,0.029128
100,0,V1-RSC,cued,V1,116,0.549264
100,0,V1-RSC,cued,V1,117,0.062449
100,0,V1-RSC,cued,V1,118,0.033301
100,0,V1-RSC,cued,V1,119,0.119173
100,0,V1-RSC,cued,V1,120,0.077502
100,0,V1-RSC,cued,V1,121,0.143375
100,0,V1-RSC,cued,V1,122,0.133114
100,0,V1-RSC,cued,V1,123,0.237876
100,0,V1-RSC,cued,V1,124,0.102166
100,0,V1-RSC,cued,V1,125,0.106983
100,0,V1-RSC,cued,V1,126,0.084959
100,0,V1-RSC,cued,V1,127,0.046756
100,0,V1-RSC,cued,V1,128,0.130443
100,0,V1-RSC,cued,V1,129,0.122378
100,0,V1-RSC,cued,V1,130,0.034239
100,0,V1-RSC,cued,V1,131,0.160454
100,0,V1-RSC,cued,V1,132,0.111408
100,0,V1-RSC,cued,V1,133,0.145458
100,0,V1-RSC,cued,V1,134,0.089675
100,0,V1-RSC,cued,V1,135,0.017577
100,0,V1-RSC,cued,V1,136,0.142135
100,0,V1-RSC,cued,V1,137,0.054713
100,0,V1-RSC,cued,V1,138,0.09243
100,0,V1-RSC,cued,V1,139,0.015163
100,0,V1-RSC,cued,V1,140,0.274119
100,0,V1-RSC,cued,V1,141,0.546312
100,0,V1-RSC,cued,V1,142,0.051581
100,0,V1-RSC,cued,V1,143,0.102973
100,0,V1-RSC,cued,V1,144,0.094546
100,0,V1-RSC,cued,V1,145,0.04038
100,0,V1-RSC,cued,V1,146,0.563814
100,0,V1-RSC,cued,V1,147,0.011285
100,0,V1-RSC,cued,RSC,0,0.716111
100,0,V1-RSC,cued,RSC,1,0.006525
100,0,V1-RSC,cued,RSC,2,0.048185
100,0,V1-RSC,cued,RSC,3,0.010231
100,0,V1-RSC,cued,RSC,4,0.046872
100,0,V1-RSC,cued,RSC,5,0.041899
100,0,V1-RSC,cued,RSC,6,0.09014
100,0,V1-RSC,cued,RSC,7,0.048718
100,0,V1-RSC,cued,RSC,8,0.051073
100,0,V1-RSC,cued,RSC,9,0.03769
100,0,V1-RSC,cued,RSC,10,0.083329
100,0,V1-RSC,cued,RSC,11,0.497546
100,0,V1-RSC,cued,RSC,12,0.041689
100,0,V1-RSC,cued,RSC,13,0.012292
100,0,V1-RSC,cued,RSC,14,0.039895
100,0,V1-RSC,cued,RSC,15,0.017911
100,0,V1-RSC,cued,RSC,16,0.676946
100,0,V1-RSC,cued,RSC,17,0.026263
100,0,V1-RSC,cued,RSC,18,0.046791
100,0,V1-RSC,cued,RSC,19,0.017802
100,0,V1-RSC,cued,RSC,20,0.338837
100,0,V1-RSC,cued,RSC,21,0.037093
100,0,V1-RSC,cued,RSC,22,0.065516
100,0,V1-RSC,cued,RSC,23,0.096186
100,0,V1-RSC,cued,RSC,24,0.024361
100,0,V1-RSC,cued,RSC,25,0.038837
100,0,V1-RSC,cued,RSC,26,0.036462
100,0,V1-RSC,cued,RSC,27,0.641786
100,0,V1-RSC,cued,RSC,28,0.029077
100,0,V1-RSC,cued,RSC,29,0.513451
100,0,V1-RSC,cued,RSC,30,0.025019
100,0,V1-RSC,cued,RSC,31,0.039061
100,0,V1-RSC,cued,RSC,32,0.022307
100,0,V1-RSC,cued,RSC,33,0.421887
100,0,V1-RSC,cued,RSC,34,0.661886
100,0,V1-RSC,cued,RSC,35,0.714497
100,0,V1-RSC,cued,RSC,36,0.067284
100,0,V1-RSC,cued,RSC,37,0.01634
100,0,V1-RSC,cued,RSC,38,0.036021
100,0,V1-RSC,cued,RSC,39,0.104911
100,0,V1-RSC,cued,RSC,40,0.039347
100,0,V1-RSC,cued,RSC,41,0.050072
100,0,V1-RSC,cued,RSC,42,0.059563
100,0,V1-RSC,cued,RSC,43,0.018238
100,0,V1-RSC,cued,RSC,44,0.015228
100,0,V1-RSC,cued,RSC,45,0.103226
100,0,V1-RSC,cued,RSC,46,0.630835
100,0,V1-RSC,cued,RSC,47,0.735987
100,0,V1-RSC,cued,RSC,48,0.072856
100,0,V1-RSC,cued,RSC,49,0.056105
100,0,V1-RSC,cued,RSC,50,0.07543
100,0,V1-RSC,cued,RSC,51,0.026865
100,0,V1-RSC,cued,RSC,52,0.216664
100,0,V1-RSC,cued,RSC,53,0.173885
100,0,V1-RSC,cued,RSC,54,0.016925
100,0,V1-RSC,cued,RSC,55,0.064426
100,0,V1-RSC,cued,RSC,56,0.670415
100,0,V1-RSC,cued,RSC,57,0.226071
100,0,V1-RSC,cued,RSC,58,0.01928
100,0,V1-RSC,cued,RSC,59,0.489169
100,0,V1-RSC,cued,RSC,60,0.048882
100,0,V1-RSC,cued,RSC,61,0.018279
100,0,V1-RSC,cued,RSC,62,0.047219
100,0,V1-RSC,cued,RSC,63,0.018875
100,0,V1-RSC,cued,RSC,64,0.295441
100,0,V1-RSC,cued,RSC,65,0.029411
100,0,V1-RSC,cued,RSC,66,0.04094
100,0,V1-RSC,cued,RSC,67,0.05859
100,0,V1-RSC,cued,RSC,68,0.026302
100,0,V1-RSC,cued,RSC,69,0.037303
100,0,V1-RSC,cued,RSC,70,0.499856
100,0,V1-RSC,cued,RSC,71,0.708909
100,0,V1-RSC,cued,RSC,72,0.517363
100,0,V1-RSC,cued,RSC,73,0.082754
